# 1Hz Kbps trace generated by import_real_world_traces.py
983.36
589.47
918.57
91.22
1189.19
1456.21
1456.21
490.95
490.95
490.95
490.95
490.95
999.74
999.74
341.02
1593.54
701.27
701.27
906.70
906.70
1442.84
1442.84
523.80
523.80
833.28
833.28
304.13
304.13
304.13
304.13
1292.85
1642.19
1377.88
1377.88
1515.65
1515.65
1118.55
1118.55
16.46
16.46
1365.02
1365.02
1367.81
1367.81
491.58
491.58
1384.16
1384.16
737.80
737.80
268.22
268.22
301.03
301.03
1749.03
1749.03
106.01
106.01
921.43
921.43
64.54
64.54
1493.49
1493.49
144.40
144.40
812.03
812.03
1836.14
1836.14
661.51
661.51
606.51
606.51
268.99
268.99
1052.54
1052.54
1992.83
1992.83
1683.33
1683.33
496.81
496.81
15.74
15.74
988.53
988.53
1764.51
1764.51
679.17
679.17
1621.13
1621.13
1164.58
1164.58
793.66
793.66
1168.17
1168.17
1368.03
1368.03
773.36
773.36
277.27
277.27
974.92
974.92
812.59
812.59
209.73
209.73
1558.25
1558.25
1204.73
1204.73
844.24
844.24
1282.60
1282.60
1749.36
1749.36
269.36
269.36
1071.77
1071.77
497.02
497.02
1583.68
1583.68
764.35
764.35
1308.53
1308.53
888.54
888.54
588.51
588.51
1571.16
1571.16
1563.25
1563.25
1162.62
1162.62
1071.82
1071.82
1515.33
1515.33
567.76
567.76
1644.22
1644.22
588.20
588.20
1100.33
1100.33
1492.75
1492.75
99.25
99.25
1469.58
1469.58
681.66
681.66
216.33
216.33
549.67
549.67
506.92
506.92
45.82
45.82
1333.80
1333.80
1250.16
1250.16
1207.61
1207.61
1283.18
1283.18
321.24
321.24
1595.76
1595.76
1708.66
1708.66
1832.69
1832.69
1985.60
1985.60
641.78
641.78
1067.23
1067.23
1810.59
1810.59
747.70
747.70
1313.58
1313.58
11.72
11.72
1440.71
1440.71
570.34
570.34
395.38
395.38
1594.04
1594.04
251.85
251.85
1812.48
1812.48
789.67
789.67
1869.91
1869.91
1122.69
1122.69
1380.74
1380.74
1391.51
1391.51
1760.72
1760.72
1097.16
1097.16
581.54
581.54
75.52
75.52
35.35
35.35
766.79
766.79
11.17
11.17
912.47
912.47
816.17
816.17
1405.04
1405.04
1131.03
1131.03
895.26
895.26
1898.70
1898.70
153.38
153.38
1769.94
1769.94
1868.53
1868.53
148.16
148.16
21.02
21.02
1521.05
1521.05
1138.22
1138.22
692.56
692.56
1451.91
1451.91
610.99
610.99
215.41
215.41
1345.39
1345.39
615.26
615.26
560.75
560.75
1029.05
1029.05
1784.84
1784.84
1216.53
1216.53
738.01
738.01
96.99
96.99
1285.90
1285.90
760.25
760.25
866.44
866.44
398.89
398.89
435.67
435.67
1508.31
1508.31
1399.12
1399.12
1568.67
1568.67
1163.53
1163.53
61.53
61.53
1510.48
1510.48
584.16
584.16
584.16
1413.67
1413.67
1413.67
563.01
563.01
1039.18
1427.73
523.81
523.81
1002.60
1002.60
1431.60
1431.60
1467.86
1467.86
1085.37
1085.37
176.72
176.72
497.33
497.33
1382.27
1382.27
460.92
460.92
1106.92
1106.92
751.06
751.06
1462.14
1462.14
414.39
414.39
890.30
890.30
303.97
303.97
1017.93
1017.93
900.87
900.87
655.41
655.41
1560.70
1560.70
1503.10
1503.10
995.47
995.47
605.03
605.03
97.68
97.68
445.05
445.05
445.05
774.98
774.98
202.88
30.13
30.13
1321.04
1321.04
317.91
317.91
58.29
58.29
1217.29
1217.29
299.17
299.17
1220.24
1220.24
1497.76
1497.76
1497.76
1497.76
717.97
717.97
36.18
36.18
856.32
856.32
63.96
63.96
1749.88
1749.88
858.38
858.38
801.16
801.16
715.43
715.43
861.82
861.82
1444.31
1444.31
793.16
793.16
793.16
793.16
1599.11
1599.11
61.44
61.44
52.09
52.09
1469.71
1469.71
1219.31
1219.31
16.84
16.84
490.30
490.30
1161.25
1161.25
373.98
373.98
1297.83
1297.83
1233.94
1233.94
664.46
664.46
1092.09
1092.09
1092.09
1092.09
377.21
377.21
377.21
377.21
1210.79
1210.79
837.68
837.68
1126.55
1126.55
10.00
10.00
509.36
509.36
1465.13
1465.13
1465.13
1465.13
21.18
21.18
1141.98
1141.98
1582.85
1582.85
42.85
42.85
1601.42
1601.42
900.62
900.62
1747.56
1747.56
1077.74
1077.74
876.92
876.92
1574.28
1574.28
1084.51
1084.51
1335.84
1335.84
1358.44
1358.44
1324.64
1324.64
1438.79
1438.79
767.09
767.09
1693.79
1693.79
1620.96
1620.96
1071.69
1071.69
536.16
536.16
185.33
185.33
1375.71
1375.71
1597.27
1597.27
667.20
667.20
83.37
83.37
10.00
10.00
10.00
40.40
40.40
836.65
836.65
1475.08
1475.08
1213.33
1213.33
13.38
13.38
570.42
570.42
458.75
458.75
458.75
458.75
893.89
893.89
135.20
135.20
135.20
21.95
18.02
18.02
751.33
751.33
831.19
831.19
1327.36
16.21
16.21
14.97
14.97
707.75
707.75
694.17
694.17
206.57
206.57
1088.73
1088.73
1088.73
984.78
1521.88
1521.88
1521.88
114.08
114.08
1176.72
1176.72
459.95
459.95
1004.23
1004.23
509.23
956.01
956.01
527.92
527.92
1129.25
1129.25
321.38
321.38
321.38
106.20
106.20
106.20
771.79
771.79
1560.82
1560.82
233.01
233.01
1042.77
1085.23
1085.23
493.83
493.83
642.32
642.32
128.67
128.67
128.67
528.23
528.23
313.48
313.48
22.22
802.39
802.39
426.69
426.69
910.91
910.91
893.94
893.94
585.24
585.24
857.94
857.94
1311.73
1311.73
1005.15
1005.15
1005.15
423.35
423.35
185.28
185.28
1609.71
1304.99
1304.99
1105.16
1105.16
1025.47
1025.47
511.21
511.21
660.88
660.88
1069.44
1069.44
1069.44
879.37
813.74
813.74
631.14
631.14
238.47
238.47
475.44
475.44
612.53
612.53
611.59
611.59
591.62
591.62
917.15
917.15
482.01
482.01
275.38
275.38
73.59
73.59
17.25
17.25
17.25
1038.52
1038.52
1706.25
1706.25
281.61
281.61
687.82
1885.53
1885.53
648.76
648.76
648.76
625.30
1184.83
1184.83
1146.63
1146.63
487.89
487.89
1804.16
1804.16
1698.21
1698.21
1698.21
1200.74
1200.74
1240.56
1240.56
1112.05
1112.05
1283.19
1283.19
645.74
645.74
886.81
886.81
65.55
65.55
1139.37
1139.37
122.52
122.52
1219.47
1219.47
1231.59
1231.59
342.80
342.80
703.90
703.90
925.63
925.63
10.00
10.00
10.00
591.40
1052.48
1052.48
1052.48
1069.96
1069.96
1475.04
1475.04
191.21
191.21
1412.54
1412.54
392.67
392.67
392.67
392.67
577.42
577.42
577.42
877.59
877.59
877.59
864.52
12.88
12.88
1036.98
1036.98
919.39
286.25
286.25
286.25
1551.79
1551.79
29.52
29.52
29.52
311.10
686.34
686.34
678.90
678.90
678.90
1118.88
1118.88
27.96
27.96
1267.15
1267.15
1267.15
233.02
233.02
233.02
390.69
390.69
390.69
376.08
376.08
434.18
26.25
26.25
88.10
88.10
923.26
923.26
1522.25
1522.25
318.29
318.29
1180.52
1180.52
140.99
140.99
1791.91
1791.91
1424.10
1424.10
1424.10
22.00
22.00
1460.39
1717.62
1717.62
427.36
427.36
1449.65
1449.65
1179.10
1179.10
487.81
487.81
13.93
13.93
108.50
108.50
1037.54
1037.54
1252.17
1252.17
1225.05
1225.05
192.52
192.52
192.52
970.54
970.54
970.54
945.41
945.41
485.21
851.68
851.68
343.42
343.42
343.42
26.49
22.43
22.43
144.09
144.09
37.37
37.37
37.37
240.71
240.71
609.99
609.99
153.79
153.79
153.79
153.79
932.51
932.51
1515.96
1515.96
1015.63
142.41
142.41
1028.67
1522.62
114.17
114.17
1548.40
1548.40
248.83
248.83
10.00
10.00
1629.99
1629.99
1629.99
668.43
668.43
668.43
1145.88
1145.88
1174.41
1174.41
218.31
892.12
892.12
971.94
971.94
971.94
418.02
418.02
377.30
377.30
154.46
154.46
154.46
154.46
534.95
534.95
534.95
260.66
260.66
58.08
58.08
1095.42
1199.61
1199.61
11.76
11.76
413.46
413.46
687.87
687.87
687.87
655.63
655.63
655.63
705.57
705.57
1014.10
727.57
978.06
196.97
957.24
957.24
28.91
28.91
1419.23
1419.23
1393.09
1393.09
879.54
879.54
1327.63
1327.63
11.24
11.24
1397.55
1397.55
1397.55
1397.55
933.90
933.90
1405.50
1405.50
1092.58
900.58
781.09
781.09
562.77
562.77
1103.52
1103.52
1747.99
1747.99
1122.32
1122.32
1054.97
1054.97
1840.18
1840.18
1086.67
1086.67
942.66
942.66
440.38
440.38
1391.03
1391.03
768.13
768.13
1423.69
1423.69
966.82
966.82
1520.28
1520.28
662.76
662.76
1519.10
1519.10
925.97
925.97
995.45
995.45
15.98
15.98
1113.09
1113.09
1304.97
1304.97
974.82
974.82
24.69
24.69
1566.24
1566.24
1590.08
1590.08
596.79
596.79
121.62
121.62
583.97
583.97
1223.21
1223.21
563.57
563.57
469.64
469.64
367.26
367.26
572.58
572.58
114.32
114.32
256.39
256.39
256.39
256.39
746.87
746.87
746.87
1149.78
601.61
1181.14
1015.55
1015.55
64.12
64.12
938.24
938.24
698.91
698.91
1372.04
1372.04
1234.27
1234.27
801.23
801.23
346.72
346.72
517.73
517.73
378.07
378.07
1669.16
1669.16
1400.64
1400.64
1035.28
1035.28
1785.98
1785.98
1485.57
1485.57
1009.74
1009.74
1043.40
1043.40
121.45
121.45
121.45
121.45
221.66
221.66
221.66
541.90
541.90
352.93
352.93
16.27
16.27
566.48
566.48
1215.51
1215.51
620.21
620.21
620.21
620.21
1499.43
1499.43
1499.43
869.10
2191.13
2191.13
2191.13
12.68
12.68
1185.11
907.10
907.10
907.10
583.83
583.83
873.45
873.45
873.45
711.61
711.61
944.61
853.44
853.44
1492.25
1492.25
823.99
823.99
408.25
408.25
592.99
592.99
615.30
615.30
974.55
974.55
887.42
887.42
1749.56
1749.56
1096.22
1096.22
478.77
478.77
499.16
499.16
1300.37
1300.37
1720.28
1720.28
1720.28
1372.37
1372.37
902.38
902.38
1797.62
1797.62
12.81
12.81
529.25
529.25
1325.32
1325.32
1154.46
1154.46
255.66
255.66
32.21
32.21
14.56
14.56
185.34
185.34
15.57
15.57
1037.36
1037.36
1267.34
1267.34
1519.32
1519.32
1383.47
1383.47
1617.48
1617.48
1424.85
1424.85
976.59
976.59
998.50
998.50
1065.02
1065.02
1065.02
1292.31
1292.31
939.87
939.87
612.13
1579.37
1579.37
1332.70
1332.70
1080.58
1080.58
691.14
691.14
1451.96
1451.96
951.65
951.65
589.55
589.55
1075.03
1075.03
928.70
928.70
638.62
638.62
60.85
60.85
1372.49
1372.49
776.60
776.60
58.96
58.96
1290.05
1290.05
1275.98
1275.98
868.26
868.26
741.56
741.56
1016.47
1016.47
1285.79
1285.79
648.67
648.67
1243.20
1243.20
481.13
481.13
703.46
703.46
1571.82
1571.82
1077.85
1077.85
1227.11
1227.11
213.23
213.23
997.76
997.76
381.84
381.84
543.02
543.02
1432.59
1432.59
1432.59
578.12
937.42
937.42
1255.19
1255.19
620.77
620.77
40.76
40.76
40.76
911.94
911.94
1296.55
1296.55
1296.55
1296.55
473.20
473.20
106.65
106.65
1512.82
248.33
10.00
10.00
152.06
328.78
328.78
328.78
848.39
848.39
66.34
66.34
279.86
279.86
91.11
91.11
128.06
1081.29
1081.29
1081.29
10.00
37.62
37.62
556.76
556.76
974.93
974.93
974.93
1265.91
852.43
852.43
1458.53
1458.53
89.73
89.73
1152.31
1152.31
1093.14
1093.14
1243.49
1243.49
1309.10
1309.10
1309.10
1461.47
1461.47
1461.47
856.40
856.40
688.56
688.56
616.20
616.20
207.51
207.51
207.51
926.12
926.12
1163.96
1163.96
516.75
516.75
1515.93
1515.93
1317.65
1317.65
1397.52
1397.52
635.53
635.53
647.19
647.19
118.74
118.74
611.69
611.69
537.21
537.21
81.04
81.04
790.81
790.81
565.93
565.93
640.89
640.89
535.53
535.53
1324.66
1324.66
738.43
738.43
1066.68
1066.68
1066.68
1066.68
171.08
171.08
645.26
645.26
645.26
2033.30
2033.30
2033.30
26.35
26.35
218.58
218.58
218.58
322.32
322.32
322.32
322.32
1407.57
1407.57
982.76
87.09
87.09
1222.73
1222.73
710.38
710.38
710.38
1178.17
1178.17
48.94
48.94
48.94
571.79
571.79
720.08
720.08
720.08
720.08
1453.68
1453.68
1275.91
443.96
443.96
75.89
75.89
75.89
1154.35
1154.35
944.71
944.71
944.71
951.48
951.48
1125.65
1125.65
1154.51
1154.51
599.04
599.04
886.56
886.56
1148.49
1148.49
1401.71
1401.71
1401.71
1401.71
1089.62
931.60
931.60
702.49
702.49
178.98
178.98
312.01
312.01
897.14
897.14
1025.37
1025.37
570.41
570.41
305.44
305.44
280.52
280.52
280.52
1141.79
1141.79
580.07
580.07
200.41
200.41
906.86
906.86
686.74
686.74
775.71
775.71
528.16
528.16
26.15
26.15
68.26
68.26
73.77
73.77
233.42
233.42
48.58
48.58
442.97
442.97
442.97
321.96
986.86
986.86
628.32
628.32
888.98
888.98
670.87
670.87
745.52
745.52
745.52
935.08
935.08
1024.02
645.54
645.54
1527.19
1527.19
1312.46
1312.46
89.67
89.67
1193.30
1193.30
1718.29
1718.29
1067.54
1067.54
732.29
732.29
514.70
514.70
500.97
500.97
1160.16
1160.16
821.34
821.34
1299.68
1299.68
979.90
979.90
520.60
520.60
616.51
616.51
616.51
619.18
603.81
603.81
715.78
715.78
310.11
310.11
310.11
55.90
55.90
1358.70
1377.59
1377.59
601.27
601.27
10.00
10.00
10.00
10.00
185.40
185.40
690.94
690.94
336.09
336.09
336.09
526.18
526.18
1215.36
98.91
98.91
34.40
34.40
171.89
171.89
407.55
407.55
83.74
83.74
251.83
251.83
60.17
60.17
591.93
591.93
1350.63
1350.63
1281.87
1281.87
515.89
515.89
1688.05
1688.05
695.77
695.77
1073.46
1073.46
11.69
11.69
1416.62
1416.62
1180.44
1180.44
1155.96
1155.96
739.59
739.59
1662.20
1662.20
440.64
440.64
428.81
428.81
521.09
521.09
521.09
1080.41
527.32
527.32
445.10
445.10
445.10
1501.57
1501.57
643.49
36.56
36.56
1319.34
1319.34
1319.34
424.52
288.33
288.33
616.24
616.24
616.24
616.24
675.78
675.78
675.78
543.05
879.58
964.01
964.01
1032.95
1032.95
884.73
884.73
1045.23
869.93
869.93
1250.83
1250.83
1250.83
983.56
983.56
983.56
325.74
325.74
900.48
900.48
1097.68
1097.68
478.35
478.35
478.35
1064.85
1064.85
1225.90
1225.90
1225.90
143.58
143.58
556.58
47.95
47.95
839.08
839.08
417.34
417.34
736.98
736.98
740.05
827.23
827.23
827.23
119.92
119.92
465.20
465.20
987.14
987.14
859.90
859.90
859.90
168.70
168.70
264.24
264.24
264.24
838.15
1062.61
1062.61
1184.36
1184.36
87.70
87.70
87.70
464.25
464.25
53.32
53.32
184.06
184.06
184.06
249.42
249.42
249.42
249.42
588.53
588.53
588.53
866.66
1189.63
29.17
29.17
656.49
1055.10
1055.10
806.51
806.51
806.51
714.94
714.94
714.94
1310.37
1310.37
1070.38
1070.38
1119.99
1119.99
1119.99
562.84
562.84
10.00
10.00
10.00
10.00
502.77
502.77
502.77
123.20
123.20
123.20
374.70
374.70
717.71
717.71
681.68
681.68
681.68
889.61
889.61
95.99
50.22
50.22
384.30
384.30
102.99
1074.49
1074.49
962.92
962.92
29.67
29.67
1228.10
1228.10
896.44
896.44
896.44
19.12
19.12
19.12
31.72
31.72
1110.87
1110.87
1110.87
502.96
502.96
502.96
252.76
971.91
971.91
602.99
14.48
14.48
1582.03
1582.03
1613.17
1613.17
1453.88
1453.88
451.03
451.03
1004.49
1004.49
49.08
49.08
90.72
90.72
90.72
919.89
919.89
563.68
563.68
563.68
558.95
379.20
379.20
379.20
629.80
629.80
629.80
446.25
446.25
108.50
108.50
611.01
611.01
388.75
616.05
616.05
1131.42
1131.42
883.64
883.64
1407.49
1407.49
447.12
447.12
1062.93
1062.93
315.66
315.66
695.69
695.69
1227.65
1227.65
1109.70
1109.70
762.42
762.42
984.01
984.01
654.45
654.45
277.66
277.66
939.94
939.94
1053.10
1053.10
1540.59
1540.59
277.27
277.27
1161.04
1161.04
325.11
325.11
863.65
863.65
77.86
77.86
18.75
18.75
497.39
497.39
1360.54
1360.54
38.28
38.28
1237.78
1237.78
216.08
216.08
17.28
17.28
1271.37
1271.37
381.31
381.31
715.13
715.13
1202.80
1202.80
1507.10
1507.10
772.60
772.60
1489.37
1489.37
883.52
883.52
768.85
768.85
606.53
606.53
178.94
178.94
1075.28
1075.28
1243.53
1243.53
1388.60
1388.60
1370.16
1370.16
670.94
670.94
1629.30
1629.30
1037.95
1037.95
1068.68
1068.68
1342.11
1342.11
30.93
30.93
1188.83
1188.83
1048.15
1048.15
19.53
19.53
1124.38
1124.38
1612.96
1612.96
791.10
791.10
11.00
11.00
854.36
854.36
845.63
845.63
1012.55
1012.55
651.70
651.70
1221.94
1221.94
1406.21
1406.21
639.55
639.55
1616.37
1616.37
933.26
933.26
911.94
911.94
1258.58
1258.58
1297.78
1297.78
25.94
25.94
818.09
818.09
1505.37
1505.37
1692.32
1692.32
1746.74
1746.74
1171.80
1171.80
1185.60
1185.60
1542.57
1542.57
1066.38
1066.38
1562.66
1562.66
878.50
878.50
1253.77
1253.77
1281.06
1281.06
104.54
104.54
1667.87
1667.87
1393.86
1393.86
1211.12
1211.12
1965.11
1965.11
1310.88
1310.88
1028.26
1028.26
1190.17
1190.17
719.84
719.84
1219.78
1219.78
1388.79
1388.79
630.84
630.84
1161.08
1161.08
1501.41
1501.41
1138.99
1138.99
303.53
303.53
303.53
303.53
1432.01
1636.84
1636.84
695.18
695.18
624.14
624.14
725.61
725.61
994.62
994.62
634.53
634.53
634.53
661.86
661.86
661.86
661.86
661.86
661.86
661.86
1083.73
1397.81
1397.81
1523.98
1280.43
1280.43
1628.91
1628.91
738.24
738.24
738.24
1222.05
1222.05
1007.61
1007.61
1007.61
1007.61
18.44
18.44
18.44
1230.45
1230.45
1230.45
1230.45
10.57
10.57
10.57
49.69
49.69
49.69
1010.70
1010.70
1686.47
1686.47
516.55
516.55
516.55
1016.11
1016.11
1016.11
143.42
143.42
143.42
143.42
181.66
181.66
1298.25
1298.25
1298.25
15.44
15.44
15.44
77.93
77.93
1043.00
1043.00
1645.79
1645.79
1645.79
354.90
354.90
1006.61
1006.61
17.58
17.58
1116.06
1116.06
1116.06
1446.32
1446.32
1446.32
592.45
203.18
203.18
452.32
452.32
679.77
679.77
34.67
34.67
833.11
833.11
833.11
553.63
553.63
1184.09
1184.09
1372.20
1372.20
61.87
61.87
61.87
957.98
957.98
798.24
798.24
579.84
579.84
579.84
10.00
694.43
252.14
252.14
1334.38
1334.38
812.19
812.19
529.77
529.77
559.02
559.02
955.44
955.44
905.94
905.94
1422.56
1422.56
450.58
450.58
744.61
744.61
903.97
903.97
1536.65
1536.65
291.49
291.49
1102.18
1102.18
926.53
926.53
1576.22
1576.22
461.16
461.16
1055.92
1055.92
889.55
889.55
554.70
554.70
832.21
832.21
765.62
765.62
1430.02
1430.02
985.79
985.79
320.85
320.85
839.63
839.63
36.91
36.91
606.38
606.38
1025.80
1025.80
25.20
25.20
1031.13
1031.13
899.37
899.37
525.67
525.67
405.42
405.42
193.92
193.92
238.17
238.17
1319.15
1319.15
1146.96
1146.96
713.19
713.19
794.25
794.25
79.33
79.33
1409.26
1409.26
886.77
886.77
19.37
19.37
466.13
466.13
783.89
783.89
1139.84
1139.84
469.29
469.29
10.00
10.00
1415.64
1415.64
673.36
673.36
80.75
80.75
1583.19
1583.19
1734.39
1734.39
1734.39
677.38
677.38
33.59
33.59
1254.78
1254.78
965.49
1500.44
1500.44
915.00
915.00
1511.16
1511.16
1511.16
890.29
890.29
176.38
176.38
1324.22
547.01
547.01
1958.63
1958.63
1164.04
1164.04
1552.26
1552.26
780.28
780.28
15.52
15.52
1350.13
1350.13
139.70
139.70
1087.53
1087.53
1125.76
1125.76
1679.88
1679.88
1308.26
1308.26
637.13
637.13
1123.76
1123.76
131.19
131.19
1197.95
1197.95
417.05
417.05
18.77
18.77
1077.80
1077.80
1255.88
1255.88
1461.73
1461.73
1279.06
1279.06
1269.71
1269.71
1453.46
1453.46
1067.07
1067.07
1048.79
1048.79
560.73
560.73
1169.36
1169.36
1542.19
1542.19
1274.97
1274.97
1362.20
1362.20
588.45
588.45
1812.56
1812.56
10.00
10.00
677.10
677.10
258.25
258.25
340.97
340.97
597.81
597.81
690.60
690.60
1092.24
1092.24
1096.00
1096.00
20.48
20.48
1028.41
1028.41
1028.41
1028.41
1164.40
1164.40
1164.40
16.62
16.62
980.47
1067.17
1067.17
1067.17
1067.17
917.26
917.26
377.01
377.01
377.01
377.01
377.01
940.74
940.74
30.52
30.52
30.52
750.38
750.38
1211.45
1211.45
1211.45
1211.45
1211.45
1307.39
1076.81
1076.81
1076.81
1076.81
566.49
566.49
1229.05
1229.05
1229.05
1229.05
120.30
120.30
17.54
17.54
1740.21
1740.21
1107.64
1107.64
1367.76
1367.76
649.80
649.80
841.19
841.19
634.33
634.33
730.20
730.20
41.80
41.80
877.91
877.91
877.91
75.90
201.96
201.96
915.43
915.43
428.03
428.03
20.65
20.65
350.31
350.31
700.89
700.89
1379.36
1379.36
938.09
938.09
24.87
24.87
24.87
571.38
571.38
930.76
1784.85
1784.85
1217.80
1217.80
686.50
686.50
1026.86
1026.86
28.39
28.39
1143.62
1143.62
1290.96
1290.96
144.77
144.77
51.75
51.75
28.24
28.24
773.12
773.12
1124.63
1124.63
383.99
383.99
17.76
17.76
631.61
631.61
1156.83
1156.83
776.51
776.51
1373.90
1373.90
1554.60
1554.60
27.16
27.16
938.27
938.27
817.19
817.19
840.09
840.09
912.22
912.22
340.91
340.91
1275.98
1275.98
979.62
979.62
1574.10
1574.10
936.55
936.55
588.73
588.73
367.14
367.14
1368.10
1368.10
29.84
29.84
45.08
45.08
36.72
36.72
36.72
10.00
10.00
1021.52
1116.60
1116.60
1183.62
1183.62
10.00
10.00
57.96
57.96
1416.84
1416.84
1144.63
1144.63
1177.64
1177.64
1339.30
1339.30
447.91
447.91
765.49
765.49
1015.81
1015.81
1087.28
1087.28
920.05
920.05
181.64
181.64
459.52
459.52
1675.32
1675.32
281.89
281.89
1339.91
1339.91
1373.19
1373.19
651.02
651.02
969.19
969.19
113.87
113.87
659.79
659.79
28.31
28.31
950.48
950.48
983.04
983.04
1337.22
1337.22
1578.69
1578.69
1390.60
1390.60
1090.37
1090.37
1407.56
1407.56
987.77
987.77
1156.19
1156.19
1393.01
1393.01
859.62
859.62
1444.65
1444.65
1232.38
1232.38
764.84
764.84
1189.63
1189.63
927.41
927.41
806.18
806.18
1020.88
1020.88
826.16
826.16
744.11
744.11
811.55
811.55
1247.74
1247.74
965.11
965.11
411.71
411.71
623.23
623.23
1063.81
1063.81
259.45
259.45
657.16
657.16
657.16
388.39
1233.71
1233.71
1245.95
1245.95
60.76
60.76
884.94
884.94
1640.98
1640.98
1614.07
1614.07
31.46
31.46
255.26
255.26
983.24
983.24
983.24
190.51
865.15
865.15
1331.79
1331.79
1682.48
1682.48
1199.04
1199.04
524.68
524.68
524.68
14.05
205.08
205.08
679.53
679.53
679.53
857.95
1154.67
1154.67
301.37
301.37
1292.59
1292.59
880.22
880.22
36.77
36.77
777.76
777.76
860.64
860.64
1192.38
1192.38
835.68
835.68
1279.67
1279.67
1279.67
1013.49
1013.49
1013.49
337.67
1255.50
1255.50
1255.50
1068.11
308.82
308.82
450.93
450.93
1019.85
1019.85
410.35
410.35
1660.38
1660.38
1092.46
1092.46
1164.53
1164.53
547.32
547.32
1225.09
1225.09
263.99
263.99
240.70
240.70
759.21
759.21
990.77
990.77
990.86
990.86
299.07
299.07
849.29
849.29
956.76
956.76
370.68
370.68
935.01
935.01
1128.64
1128.64
317.61
317.61
28.16
28.16
1210.65
1210.65
738.73
738.73
244.38
244.38
1184.82
1184.82
1009.91
1009.91
1031.10
1031.10
510.18
510.18
1319.21
1319.21
958.27
958.27
1349.44
1349.44
1258.96
1258.96
119.40
119.40
1573.87
1573.87
1202.83
1202.83
1202.83
1233.16
1233.16
461.02
261.82
261.82
261.82
1217.81
1217.81
10.00
10.00
1524.84
1524.84
1456.13
1456.13
625.63
625.63
478.19
478.19
1719.37
1719.37
1323.59
1323.59
893.42
893.42
1453.00
1453.00
493.64
493.64
516.89
516.89
1160.81
1160.81
1140.66
1140.66
985.88
985.88
1397.16
1397.16
903.42
903.42
253.74
253.74
1089.41
1089.41
1218.29
1218.29
294.87
294.87
32.73
32.73
718.18
718.18
542.65
542.65
1222.72
1222.72
607.69
607.69
607.69
1028.20
1028.20
1028.20
1133.46
1133.46
632.06
310.50
310.50
310.50
993.36
971.58
971.58
971.58
984.33
984.33
1062.51
1062.51
381.05
381.05
41.17
41.17
283.56
283.56
35.40
35.40
1579.31
1579.31
1611.97
1611.97
1194.57
1194.57
528.98
528.98
754.58
754.58
383.54
383.54
48.40
48.40
1130.05
1130.05
662.69
662.69
16.73
16.73
1022.59
1022.59
1022.59
134.19
134.19
1215.19
1215.19
269.19
269.19
954.70
954.70
1173.91
1173.91
831.75
831.75
36.42
36.42
36.42
1041.96
1041.96
921.47
921.47
921.47
977.21
977.21
963.53
963.53
1095.33
1095.33
1330.18
1330.18
11.80
11.80
1143.39
1143.39
431.05
431.05
431.05
50.47
50.47
383.98
383.98
893.96
893.96
893.96
1206.54
783.29
1004.47
1004.47
195.33
195.33
766.42
766.42
151.90
151.90
1059.83
1059.83
449.92
449.92
449.92
448.96
448.96
448.96
459.23
679.15
679.15
342.81
342.81
1261.92
452.12
452.12
971.45
971.45
1534.40
1534.40
706.47
706.47
885.82
885.82
1326.83
1326.83
217.51
217.51
400.54
400.54
1199.80
1199.80
1354.03
1354.03
840.98
840.98
10.00
10.00
473.59
473.59
1317.27
1317.27
10.00
10.00
1307.18
1307.18
1464.42
1464.42
31.96
31.96
365.80
365.80
39.62
39.62
222.02
222.02
11.69
11.69
20.47
20.47
1146.11
1146.11
1147.79
1147.79
1269.33
1269.33
1219.79
1219.79
38.62
38.62
38.62
934.27
934.27
934.27
934.27
10.00
10.00
10.00
706.72
706.72
658.88
92.54
92.54
629.25
629.25
607.18
607.18
934.39
934.39
1184.44
1184.44
1082.53
1082.53
964.46
964.46
360.36
360.36
360.36
360.36
59.34
59.34
59.34
1663.49
1663.49
1180.37
1180.37
857.11
857.11
1452.99
1452.99
1670.52
1670.52
882.27
882.27
33.12
33.12
28.27
28.27
1424.23
1424.23
112.31
112.31
831.74
831.74
1021.16
1021.16
528.11
528.11
1202.28
1202.28
969.93
969.93
215.39
215.39
459.83
459.83
22.85
22.85
22.45
22.45
22.45
412.23
412.23
412.23
238.35
238.35
1111.30
1111.30
657.85
657.85
119.09
119.09
1044.86
1044.86
639.92
639.92
951.79
951.79
951.79
1439.11
1439.11
1730.64
1598.89
1598.89
127.50
127.50
537.45
537.45
1328.78
1328.78
463.90
463.90
1331.24
1331.24
816.54
816.54
58.73
58.73
887.93
887.93
583.56
583.56
1630.30
1630.30
1296.87
1296.87
1296.87
1296.87
25.73
25.73
25.73
871.36
511.94
511.94
625.42
1163.73
1163.73
827.12
827.12
1519.64
1519.64
636.10
636.10
14.75
14.75
1207.22
1207.22
592.50
592.50
592.50
1349.88
391.05
391.05
487.83
487.83
1305.49
1305.49
20.70
20.70
1413.53
1413.53
1413.53
705.87
705.87
705.87
79.38
79.38
79.38
1274.38
1274.38
1274.70
1274.70
1206.88
1206.88
1340.13
1340.13
1340.13
576.82
576.82
576.82
860.15
860.15
860.15
890.47
890.47
890.47
1158.49
1158.49
719.55
719.55
719.55
2032.31
2032.31
1408.66
1408.66
962.05
962.05
933.53
719.98
719.98
867.18
867.18
1186.44
1186.44
96.71
96.71
1218.30
1218.30
1304.51
1304.51
1304.51
1296.64
1296.64
1081.96
1081.96
1081.96
1081.96
1681.67
1681.67
933.17
933.17
222.38
222.38
521.70
521.70
979.34
979.34
141.29
141.29
917.85
917.85
1182.25
1182.25
1177.18
1177.18
571.46
571.46
489.44
489.44
892.42
892.42
1065.19
1065.19
838.18
838.18
53.29
53.29
550.71
550.71
1906.87
1906.87
912.10
912.10
912.10
657.48
657.48
830.01
830.01
15.95
703.10
703.10
1052.08
1052.08
1052.08
31.06
31.06
217.37
217.37
217.37
647.92
647.92
647.92
887.82
1805.63
1805.63
1397.80
1397.80
1133.08
1133.08
471.85
471.85
471.85
1390.43
169.99
169.99
1551.24
1551.24
252.25
252.25
1570.20
1570.20
53.89
53.89
570.78
570.78
553.37
553.37
839.88
839.88
430.90
430.90
1298.24
1298.24
1189.36
1189.36
1105.45
1105.45
1562.94
1562.94
1015.22
1015.22
1032.61
1032.61
1255.24
1255.24
886.89
886.89
863.89
863.89
449.00
449.00
449.00
743.21
1446.45
1446.45
1446.45
1172.96
1172.96
750.86
750.86
568.63
568.63
1105.81
1105.81
584.59
584.59
1783.11
1783.11
1783.11
981.69
1520.64
1520.64
1520.64
331.10
331.10
746.65
1042.15
1042.15
1042.15
749.03
749.03
749.03
280.60
280.60
552.68
552.68
34.93
34.93
924.63
924.63
77.86
77.86
77.86
1386.51
329.84
329.84
329.84
967.50
967.50
644.82
644.82
1402.70
1402.70
108.48
108.48
580.77
580.77
866.23
866.23
615.87
615.87
756.18
756.18
279.24
279.24
36.12
36.12
1070.15
1070.15
262.39
262.39
1327.05
1327.05
511.87
511.87
17.25
17.25
770.49
770.49
300.94
300.94
397.56
397.56
261.78
261.78
560.31
560.31
622.88
622.88
475.29
475.29
877.96
877.96
690.28
690.28
498.38
498.38
1515.65
1515.65
1515.65
1313.35
1313.35
677.17
677.17
677.17
661.87
661.87
497.77
497.77
1280.99
1280.99
1205.04
1205.04
1184.38
1184.38
1200.85
1200.85
117.91
117.91
404.11
404.11
1186.27
1186.27
215.62
215.62
502.33
502.33
464.80
464.80
611.96
611.96
977.57
977.57
654.85
654.85
1588.62
1588.62
132.47
132.47
895.33
895.33
756.44
756.44
12.22
12.22
10.00
10.00
14.79
14.79
101.78
101.78
1024.79
1024.79
920.08
920.08
1429.05
1429.05
1034.09
1034.09
1121.02
1121.02
1245.12
1245.12
1003.65
1003.65
262.09
262.09
862.11
862.11
1121.19
1121.19
1582.14
1582.14
298.79
298.79
1353.52
1353.52
361.82
361.82
1245.39
1245.39
728.64
728.64
1008.31
1008.31
1590.23
1590.23
1746.98
1746.98
1797.95
1797.95
1404.96
1404.96
727.20
727.20
125.13
125.13
1009.11
1009.11
1434.21
1434.21
581.37
581.37
1178.15
1178.15
698.44
698.44
1554.70
1554.70
1153.22
1153.22
702.91
702.91
923.83
923.83
1178.05
1178.05
1601.79
1601.79
598.20
598.20
1450.27
1450.27
127.09
127.09
935.29
935.29
1570.25
1570.25
593.05
593.05
621.75
621.75
144.26
144.26
583.77
583.77
1745.95
1745.95
1385.15
1385.15
1569.08
1569.08
1648.32
1648.32
363.05
363.05
882.26
882.26
650.45
650.45
1019.65
1019.65
1437.05
1437.05
953.86
953.86
953.86
1237.17
1237.17
1237.17
1320.33
1284.10
1284.10
1284.10
209.37
209.37
487.38
487.38
1338.19
1068.32
1068.32
403.26
403.26
403.26
1283.07
1283.07
195.28
195.28
10.00
10.00
613.67
613.67
37.73
37.73
414.50
414.50
620.40
620.40
834.14
834.14
696.20
696.20
661.71
661.71
1462.45
1462.45
1619.98
1619.98
1179.52
1179.52
1635.81
1635.81
693.55
693.55
655.36
655.36
1134.33
1134.33
1134.33
1432.66
1432.66
1070.01
1184.34
1184.34
1104.06
1104.06
945.61
945.61
202.28
202.28
31.10
31.10
1369.90
1369.90
1573.92
1573.92
29.94
29.94
326.49
326.49
995.26
995.26
858.33
858.33
169.67
169.67
414.93
414.93
1372.09
1372.09
1595.63
1595.63
96.82
96.82
866.72
866.72
342.47
342.47
16.08
16.08
1483.07
1483.07
33.26
33.26
850.11
850.11
700.59
700.59
976.07
976.07
1083.90
1083.90
249.44
249.44
820.31
820.31
516.23
516.23
544.95
544.95
786.98
786.98
1176.65
1176.65
1221.08
1221.08
11.94
11.94
1351.74
1351.74
1025.78
1025.78
1025.78
1025.78
1030.91
1030.91
698.21
698.21
483.11
483.11
734.73
734.73
1226.26
1226.26
642.20
642.20
1026.27
1026.27
1142.58
1142.58
1142.58
1142.58
566.07
566.07
1201.88
1201.88
426.34
426.34
1222.97
1222.97
228.54
228.54
66.13
66.13
331.73
331.73
110.62
110.62
627.73
627.73
733.72
733.72
243.79
243.79
861.31
861.31
417.38
417.38
35.39
35.39
733.27
733.27
702.40
702.40
702.40
856.30
605.66
605.66
364.12
364.12
1519.69
1519.69
1519.69
1537.84
1537.84
258.89
258.89
1088.90
1088.90
10.00
10.00
16.62
16.62
14.49
14.49
1488.18
1488.18
1019.50
1019.50
816.44
816.44
1297.05
1297.05
1000.14
1000.14
228.35
228.35
1166.28
1166.28
278.08
278.08
1503.84
1503.84
571.30
571.30
28.01
28.01
1085.64
1085.64
791.15
791.15
575.14
575.14
1420.98
1420.98
497.47
497.47
1324.39
1324.39
1055.43
1055.43
780.36
780.36
853.07
853.07
14.61
14.61
14.61
10.00
10.00
10.53
10.53
270.23
270.23
107.59
219.57
219.57
808.14
808.14
691.75
691.75
1014.20
1014.20
1014.20
1019.67
1019.67
660.62
660.62
660.62
704.96
704.96
704.96
704.96
1226.24
1226.24
1226.24
859.36
859.36
907.58
819.39
819.39
731.51
731.51
1183.14
1183.14
25.92
1103.61
62.30
1077.85
1077.85
83.32
83.32
871.25
871.25
401.91
401.91
384.65
384.65
384.65
683.61
683.61
683.61
97.70
97.70
97.70
368.50
368.50
368.50
929.93
929.93
1248.05
1248.05
68.18
68.18
26.87
26.87
26.87
306.12
306.12
846.72
846.72
1177.91
1177.91
396.27
396.27
126.80
126.80
510.91
510.91
763.23
1187.06
1187.06
1187.06
310.09
310.09
440.03
440.03
648.51
648.51
1168.32
1168.32
61.25
61.25
890.53
890.53
740.24
740.24
980.41
980.41
1471.15
1471.15
806.16
806.16
999.42
999.42
60.89
60.89
1194.33
1194.33
1145.84
1145.84
557.65
557.65
478.24
478.24
75.97
75.97
645.94
645.94
221.30
221.30
120.20
120.20
1448.18
1448.18
1448.18
911.33
788.33
788.33
303.70
303.70
78.59
78.59
943.33
943.33
943.33
812.55
812.55
11.89
11.89
11.89
973.52
973.52
973.52
19.72
19.72
1011.16
1011.16
1011.16
1211.80
1281.67
79.44
79.44
850.68
850.68
1067.28
1067.28
1484.73
1484.73
1484.73
83.27
607.81
607.81
17.78
17.78
11.58
11.58
78.78
78.78
654.19
654.19
951.93
951.93
1550.74
1550.74
191.67
191.67
744.95
744.95
425.93
425.93
983.02
983.02
1273.56
1273.56
1111.84
1111.84
1000.18
1000.18
786.29
786.29
979.38
979.38
1249.06
1249.06
1398.77
1398.77
146.69
146.69
146.69
327.33
327.33
479.88
27.97
27.97
16.67
16.67
936.38
936.38
835.72
835.72
1057.58
1057.58
1082.47
1082.47
560.01
560.01
391.48
391.48
1086.62
1086.62
1086.62
10.00
10.00
538.57
1319.39
1319.39
1166.21
1166.21
1166.21
43.96
43.96
679.22
679.22
1551.96
1551.96
1276.39
1276.39
646.41
646.41
646.41
31.41
31.41
31.41
806.12
806.12
806.12
601.96
601.96
1079.35
1273.83
1273.83
563.23
827.73
827.73
826.84
15.86
15.86
659.83
659.83
449.05
449.05
596.39
596.39
963.55
963.55
963.55
625.40
625.40
807.20
1293.65
1293.65
1101.23
1101.23
93.08
93.08
746.19
746.19
260.37
260.37
63.05
63.05
555.74
555.74
1581.46
1581.46
1581.46
1115.88
1115.88
829.53
829.53
829.53
1008.60
768.01
768.01
108.00
108.00
108.00
1346.47
1052.43
1079.85
1079.85
34.21
34.21
972.71
972.71
1296.94
1296.94
810.27
810.27
1584.78
1584.78
400.33
400.33
400.33
1547.35
1547.35
1547.35
404.29
404.29
635.81
635.81
510.36
510.36
107.71
107.71
67.39
67.39
625.89
625.89
625.89
1287.15
1287.15
1287.15
1287.15
563.38
563.38
690.14
690.14
1178.20
1178.20
367.69
367.69
1266.72
1266.72
1266.72
575.04
575.04
575.04
601.68
601.68
1016.22
1016.22
724.34
724.34
926.41
926.41
110.58
110.58
110.58
395.50
395.50
19.32
19.32
19.32
1241.05
1241.05
651.33
651.33
1022.61
1022.61
1022.61
958.19
958.19
1269.42
1269.42
16.51
16.51
16.51
749.55
749.55
749.55
1158.23
1158.23
1158.23
474.40
474.40
474.40
1425.09
1425.09
688.12
688.12
989.83
989.83
1549.81
1109.39
1109.39
1503.03
1206.70
1206.70
777.49
777.49
790.61
790.61
12.53
12.53
884.00
884.00
1173.24
1173.24
1051.78
1051.78
510.23
510.23
1178.06
1178.06
1105.09
1105.09
372.02
372.02
1307.55
1307.55
798.15
798.15
729.88
729.88
1208.74
1208.74
1208.74
1004.33
1004.33
1157.35
407.20
407.20
1301.45
1301.45
1301.45
831.70
464.47
464.47
1569.25
1569.25
977.66
977.66
1289.40
1289.40
1289.40
1289.40
1354.09
1354.09
1354.09
320.96
320.96
87.41
87.41
87.41
718.35
718.35
188.10
188.10
39.02
39.02
1339.39
1339.39
55.54
55.54
1145.23
1145.23
1145.23
73.25
10.00
10.00
1056.28
760.39
760.39
760.39
958.44
958.44
1383.50
1383.50
889.21
889.21
1764.95
1764.95
282.80
282.80
756.78
756.78
756.78
53.28
968.58
1244.73
1244.73
761.64
761.64
1640.01
1640.01
1429.67
1429.67
71.36
71.36
821.71
821.71
1201.28
1201.28
451.60
451.60
1418.77
1418.77
608.96
608.96
918.17
918.17
1023.58
1023.58
220.45
220.45
438.38
438.38
703.53
703.53
828.68
828.68
1262.52
1262.52
1602.78
1602.78
1736.38
1736.38
1129.19
1129.19
102.84
102.84
805.10
805.10
884.30
884.30
19.73
19.73
619.97
619.97
1035.85
1035.85
152.31
152.31
1294.73
1294.73
966.56
966.56
440.31
440.31
671.35
671.35
127.52
127.52
633.88
633.88
387.57
387.57
387.57
348.02
348.02
151.32
151.32
365.55
365.55
583.17
1205.67
1205.67
73.57
73.57
824.37
824.37
531.77
531.77
18.42
18.42
491.66
491.66
345.02
345.02
910.71
910.71
879.25
879.25
879.25
19.89
19.89
19.89
137.18
137.18
227.00
227.00
1030.32
1030.32
24.81
159.70
159.70
1348.67
1348.67
737.37
737.37
29.84
29.84
140.84
140.84
492.12
492.12
1028.62
1028.62
1197.98
1197.98
157.07
157.07
19.20
19.20
1002.05
1002.05
1227.42
1227.42
2033.86
2033.86
1262.26
1262.26
1274.40
1274.40
1274.40
846.18
1211.00
1211.00
141.27
141.27
761.31
761.31
1184.51
1184.51
1356.07
1356.07
314.77
314.77
1445.29
1445.29
1074.54
1074.54
782.85
782.85
754.21
754.21
902.60
902.60
1017.48
1017.48
638.03
638.03
1353.76
1353.76
1162.18
1162.18
882.57
882.57
934.71
934.71
418.96
418.96
1246.55
1246.55
1344.67
1344.67
984.77
984.77
771.49
771.49
26.51
26.51
1047.64
1047.64
1238.76
1238.76
16.58
16.58
965.97
965.97
892.40
892.40
844.25
844.25
551.62
551.62
824.62
824.62
169.13
169.13
12.39
12.39
1456.50
1456.50
169.17
169.17
169.17
842.53
842.53
102.80
102.80
102.80
835.45
835.45
835.45
835.45
500.57
500.57
500.57
955.52
955.52
815.91
460.68
460.68
29.88
29.88
29.88
531.37
531.37
531.37
1264.79
945.84
945.84
340.49
340.49
244.59
244.59
291.83
291.83
1608.51
1608.51
1023.99
1023.99
1023.99
1023.99
874.90
874.90
874.90
1045.13
1045.13
750.59
750.59
851.56
851.56
1371.66
1371.66
1371.66
917.41
917.41
917.41
495.50
495.50
760.80
990.74
990.74
990.74
34.93
34.93
1594.11
1594.11
1240.28
1240.28
1240.28
77.17
77.17
77.17
77.17
1306.77
1306.77
1068.79
1068.79
1068.79
789.78
789.78
1399.77
1399.77
1399.77
513.12
513.12
1764.49
1764.49
1764.49
794.53
794.53
794.53
1075.49
1075.49
1171.06
1171.06
1258.67
1258.67
441.56
441.56
1649.59
1649.59
1308.91
1308.91
117.19
117.19
21.94
21.94
317.96
317.96
2089.95
2089.95
1108.29
1108.29
1109.90
1109.90
409.95
409.95
782.30
16.23
16.23
16.23
1467.98
1467.98
16.36
16.36
1387.32
1387.32
264.85
264.85
325.73
325.73
325.73
704.12
704.12
91.69
91.69
21.14
172.64
172.64
630.49
630.49
1402.83
1402.83
1648.03
1648.03
897.49
897.49
143.41
143.41
1634.44
1634.44
239.53
239.53
851.13
851.13
1284.79
1284.79
69.22
69.22
1441.75
1441.75
976.74
976.74
1131.90
1131.90
165.71
165.71
165.71
29.55
29.55
126.40
126.40
126.40
21.97
512.25
512.25
268.73
268.73
302.36
640.75
640.75
49.10
49.10
1194.03
1194.03
1076.05
1076.05
1727.29
1727.29
350.91
350.91
1478.77
1478.77
505.75
505.75
715.38
715.38
946.90
946.90
1352.93
1352.93
1763.13
1763.13
183.38
183.38
868.37
868.37
456.54
456.54
972.13
972.13
257.96
257.96
1214.13
1214.13
53.23
53.23
1002.52
1002.52
634.99
634.99
259.88
259.88
937.45
937.45
30.33
30.33
1141.32
1141.32
320.25
320.25
653.32
653.32
1856.23
1856.23
811.06
811.06
1266.32
1266.32
13.85
13.85
604.18
604.18
248.56
248.56
499.58
499.58
832.01
832.01
188.45
188.45
1694.22
1694.22
635.08
635.08
308.55
308.55
746.57
746.57
30.70
30.70
944.20
944.20
1288.11
1288.11
961.34
961.34
22.24
22.24
1002.26
1002.26
867.58
867.58
13.45
13.45
134.98
134.98
920.09
920.09
541.76
541.76
1063.25
1063.25
1018.10
1018.10
1056.82
1056.82
887.18
887.18
1455.14
1455.14
549.39
549.39
1219.90
1219.90
17.84
17.84
861.16
861.16
677.56
677.56
23.87
23.87
1033.91
1033.91
1506.08
1506.08
870.16
870.16
1235.07
1235.07
1155.66
1155.66
1098.62
1098.62
1678.76
1678.76
25.87
25.87
433.35
433.35
820.89
820.89
1552.50
1552.50
116.55
116.55
509.23
509.23
1366.40
1366.40
1202.62
1202.62
1343.81
1343.81
1116.99
1116.99
1004.02
1004.02
940.00
940.00
539.23
539.23
1191.52
1191.52
177.44
177.44
389.34
389.34
850.01
850.01
1465.24
1465.24
1834.81
1834.81
1385.32
1385.32
16.31
16.31
537.04
537.04
1455.37
1455.37
1117.68
1117.68
600.32
600.32
278.46
278.46
806.19
806.19
806.19
680.44
257.29
257.29
194.67
194.67
699.26
699.26
1191.39
1191.39
1221.23
1221.23
1221.23
205.20
205.20
1018.76
1018.76
1018.76
1018.76
850.82
850.82
664.74
664.74
664.74
958.89
958.89
73.31
73.31
73.31
873.27
873.27
873.27
873.27
811.49
811.49
811.49
811.49
2037.67
2037.67
2037.67
591.31
591.31
591.31
591.31
591.31
810.54
810.54
810.54
1294.66
18.69
18.69
18.69
18.69
551.67
551.67
1004.86
1004.86
1004.86
194.46
194.46
832.77
832.77
832.77
650.84
650.84
650.84
130.47
130.47
1649.46
1649.46
1428.16
1428.16
1565.64
1565.64
859.29
859.29
774.57
774.57
15.86
15.86
982.07
982.07
824.62
824.62
1644.07
1644.07
1141.33
1141.33
1045.73
1045.73
17.60
17.60
17.60
943.73
943.73
10.00
10.00
1832.35
1832.35
1208.71
1208.71
514.15
514.15
1240.42
1240.42
597.92
597.92
774.02
774.02
769.33
769.33
769.33
979.81
979.81
500.03
500.03
1679.44
1679.44
718.96
718.96
1691.37
1691.37
1102.71
1102.71
627.23
627.23
753.26
1322.74
1322.74
1322.74
1333.63
1333.63
1680.97
1680.97
421.53
421.53
753.77
753.77
1249.74
1249.74
643.11
643.11
840.11
840.11
52.76
52.76
1600.19
1600.19
613.60
613.60
1252.19
1252.19
714.87
714.87
659.04
659.04
826.56
826.56
1986.80
1986.80
2255.61
2255.61
1694.23
1694.23
1177.94
1177.94
1386.13
1386.13
1186.77
1186.77
1186.77
1186.77
1277.50
1277.50
1318.10
1318.10
1016.75
1016.75
812.95
812.95
992.55
992.55
980.10
980.10
316.38
316.38
117.59
117.59
1589.24
1589.24
1631.73
1631.73
1631.73
841.77
841.77
1326.87
1326.87
1444.54
1444.54
16.76
16.76
60.90
60.90
1440.75
1440.75
603.21
603.21
1407.00
1407.00
970.92
970.92
1164.55
1164.55
356.27
356.27
743.44
743.44
895.57
895.57
715.37
715.37
1271.40
1271.40
1167.40
1167.40
1591.91
1591.91
1057.06
1057.06
62.79
62.79
573.71
573.71
1124.72
1124.72
843.73
843.73
715.17
715.17
1424.23
1424.23
1320.55
1320.55
850.30
850.30
850.30
1234.85
923.80
923.80
518.19
518.19
518.19
1039.36
29.85
29.85
727.66
727.66
44.30
44.30
700.78
700.78
710.14
710.14
752.09
752.09
50.51
50.51
30.95
30.95
597.82
597.82
355.73
355.73
11.55
11.55
631.71
631.71
927.20
927.20
156.68
156.68
1138.26
1138.26
1402.90
1402.90
840.74
840.74
28.49
28.49
369.93
369.93
689.22
689.22
855.73
855.73
772.94
772.94
686.65
686.65
208.75
208.75
482.09
482.09
1365.64
1365.64
72.45
72.45
1151.27
1151.27
117.47
117.47
873.38
873.38
773.82
773.82
1279.37
1279.37
748.29
748.29
603.05
603.05
213.22
213.22
408.99
408.99
377.40
377.40
1388.47
1388.47
560.41
560.41
1296.71
1296.71
169.59
169.59
1013.26
1013.26
827.58
827.58
991.55
991.55
1023.80
1023.80
11.19
11.19
830.36
830.36
1107.31
1107.31
1329.29
1329.29
1329.29
1501.78
1501.78
178.80
178.80
1533.30
1533.30
1533.30
304.72
304.72
304.72
1584.12
1584.12
1584.12
1328.89
1328.89
1574.57
1574.57
847.65
847.65
847.65
501.37
501.37
976.92
976.92
976.92
31.84
31.84
647.15
647.15
647.15
1060.01
1060.01
877.69
877.69
877.69
895.93
895.93
176.98
176.98
1587.50
1587.50
985.28
985.28
1095.84
1095.84
667.67
667.67
991.85
991.85
1548.93
1548.93
261.33
261.33
930.37
930.37
930.37
818.70
765.62
765.62
1313.34
1313.34
906.91
906.91
978.84
978.84
248.62
248.62
1439.12
1439.12
199.16
199.16
1493.62
1493.62
101.14
101.14
1186.69
1186.69
927.18
927.18
1500.41
1500.41
85.98
85.98
574.24
574.24
338.14
338.14
1189.46
1189.46
919.57
919.57
1314.17
1314.17
796.77
796.77
660.68
660.68
91.87
91.87
967.88
967.88
1143.37
1143.37
922.64
922.64
718.63
718.63
55.26
55.26
689.47
689.47
1087.42
1087.42
1205.65
1205.65
516.72
516.72
491.27
491.27
855.80
855.80
417.46
417.46
60.67
60.67
328.45
328.45
95.03
95.03
498.04
498.04
1005.00
1005.00
821.11
821.11
878.03
878.03
1380.85
1380.85
1298.79
1298.79
1223.86
1223.86
170.14
170.14
136.59
136.59
1265.65
1265.65
1101.70
1101.70
1348.70
1348.70
1371.07
1371.07
17.59
17.59
453.92
453.92
1285.38
1285.38
460.96
460.96
1471.34
1471.34
466.44
466.44
1244.05
1244.05
672.00
672.00
1424.35
1424.35
338.03
338.03
967.72
967.72
659.30
659.30
1163.86
1163.86
768.63
768.63
1092.71
1092.71
1265.85
1265.85
1470.45
1470.45
549.89
549.89
1363.44
1363.44
865.70
865.70
1372.06
1372.06
703.73
703.73
597.15
597.15
315.53
315.53
431.16
431.16
433.11
433.11
752.76
752.76
1007.09
1007.09
966.42
966.42
966.42
1512.77
1512.77
1615.27
1615.27
1615.27
1615.27
1008.45
1008.45
832.16
832.16
1211.16
1211.16
646.36
323.84
45.31
45.31
290.22
290.22
1403.88
1605.88
1605.88
1316.59
1316.59
1195.05
1195.05
566.62
566.62
1864.57
1864.57
1223.27
1223.27
1223.27
1223.27
1899.11
1899.11
1899.11
1899.11
1332.59
1332.59
465.16
465.16
1470.64
1470.64
399.87
399.87
340.54
340.54
840.15
840.15
1182.66
1182.66
1030.50
1030.50
1431.90
1431.90
1021.32
1021.32
434.39
434.39
753.99
753.99
753.99
764.31
96.07
96.07
96.07
622.25
622.25
1071.38
1071.38
1334.31
1334.31
550.95
550.95
1553.56
1553.56
1553.56
1560.64
1560.64
1560.64
862.63
862.63
998.19
998.19
1420.83
1420.83
848.79
848.79
1138.15
1138.15
1074.57
1074.57
332.73
332.73
970.52
970.52
970.52
391.88
1146.88
1146.88
197.09
197.09
1173.07
1173.07
1380.61
1380.61
1167.82
1167.82
1396.27
1396.27
1293.69
1293.69
1766.55
1766.55
48.09
48.09
48.09
19.59
761.59
761.59
294.62
294.62
1135.21
1135.21
611.83
611.83
1185.39
1185.39
1256.49
1256.49
601.51
601.51
694.12
694.12
841.93
841.93
1278.53
1278.53
1589.32
1589.32
943.95
943.95
1362.25
1362.25
885.26
885.26
842.97
842.97
1269.41
1269.41
555.05
555.05
1096.92
1096.92
1076.80
1076.80
121.01
121.01
121.01
1084.20
1561.65
1561.65
810.15
810.15
1684.46
1684.46
1298.23
1298.23
980.45
980.45
1513.97
1513.97
231.57
231.57
231.57
1021.68
1021.68
1021.68
1007.44
1007.44
1621.78
1621.78
1332.63
1332.63
1013.82
1013.82
826.74
826.74
1447.99
1447.99
902.00
902.00
512.03
512.03
697.58
697.58
85.05
85.05
1331.62
1331.62
1603.81
1603.81
1379.86
1379.86
771.81
771.81
929.98
929.98
1227.82
1227.82
12.36
12.36
1717.36
1717.36
1598.54
1598.54
1107.53
1107.53
811.31
811.31
647.66
647.66
993.08
993.08
938.70
938.70
884.30
884.30
1501.18
1501.18
1087.58
1087.58
1657.35
1657.35
1056.42
1056.42
1151.96
1151.96
173.61
173.61
694.89
694.89
1397.81
1397.81
1397.81
490.42
490.42
1758.50
1191.41
1191.41
829.64
829.64
324.93
324.93
39.51
39.51
327.72
327.72
1295.91
1295.91
1400.81
1400.81
990.79
990.79
273.75
273.75
590.96
590.96
137.21
137.21
236.99
236.99
443.86
443.86
17.14
17.14
776.48
776.48
564.62
564.62
274.43
274.43
464.62
464.62
409.95
409.95
1361.98
1361.98
675.53
675.53
1426.29
1426.29
411.15
411.15
1277.42
1277.42
920.01
920.01
348.05
348.05
1365.79
1365.79
675.65
675.65
19.45
19.45
429.68
429.68
1143.49
1143.49
1143.49
678.96
770.82
770.82
835.98
835.98
1019.86
1019.86
27.23
27.23
508.13
508.13
1122.64
1122.64
58.21
58.21
13.39
13.39
487.40
487.40
397.05
397.05
415.71
415.71
415.71
997.97
19.17
19.17
852.68
852.68
1240.37
1240.37
1189.11
1189.11
1486.65
1486.65
420.34
420.34
1248.78
1248.78
847.16
847.16
109.16
109.16
1501.04
1501.04
1219.45
1219.45
568.80
568.80
937.07
937.07
443.29
443.29
443.29
111.12
1261.64
1261.64
938.34
938.34
526.91
526.91
1091.79
1091.79
1319.62
1319.62
1276.29
1276.29
153.52
153.52
71.17
71.17
838.65
838.65
986.26
986.26
524.21
524.21
247.92
247.92
1380.71
1380.71
1380.71
1346.78
1346.78
354.56
354.56
451.44
451.44
311.34
311.34
311.34
306.41
306.41
306.41
1388.01
1388.01
1049.15
1049.15
672.57
672.57
672.57
1401.90
1401.90
1401.90
1128.42
1128.42
11.46
11.46
11.46
633.58
633.58
1104.90
1104.90
1104.90
1104.90
1104.90
614.74
614.74
384.59
384.59
247.37
247.37
288.82
288.82
288.82
463.45
463.45
315.26
315.26
427.27
427.27
427.27
1264.43
1264.43
1264.43
832.76
832.76
577.04
577.04
469.28
469.28
469.28
1009.45
1009.45
11.41
11.41
1423.24
1423.24
631.67
631.67
1220.59
1220.59
1947.96
1947.96
1306.52
1306.52
914.90
914.90
17.89
17.89
406.90
406.90
37.48
37.48
797.47
797.47
938.75
938.75
1377.44
1377.44
1604.13
1604.13
1088.93
1088.93
1649.34
1649.34
32.51
32.51
1285.87
1285.87
695.57
695.57
1442.62
1442.62
758.57
758.57
126.28
126.28
15.76
15.76
1088.76
1088.76
266.64
266.64
1270.64
1270.64
813.73
813.73
814.52
814.52
13.84
13.84
2166.97
2166.97
145.50
145.50
1191.29
1191.29
814.74
814.74
94.95
94.95
1323.25
1323.25
1231.37
1231.37
78.84
78.84
239.69
239.69
952.15
952.15
580.74
580.74
580.74
1135.37
1135.37
233.69
233.69
233.69
987.15
987.15
987.15
356.65
356.65
246.75
246.75
894.17
894.17
436.10
436.10
653.80
653.80
13.72
13.72
707.50
707.50
1359.82
1359.82
30.90
30.90
1393.45
1393.45
1130.37
1130.37
1052.06
1052.06
646.38
646.38
414.87
414.87
743.42
743.42
272.80
272.80
676.26
676.26
924.80
924.80
1127.80
1127.80
1422.07
1422.07
1203.68
1203.68
855.33
855.33
1253.90
1253.90
1055.88
1055.88
1473.10
1473.10
1191.03
1191.03
656.08
656.08
523.11
523.11
1120.20
1120.20
992.99
992.99
1183.86
1183.86
822.96
822.96
202.17
202.17
65.84
65.84
948.08
948.08
791.73
791.73
830.03
830.03
1271.31
1271.31
28.65
28.65
1303.41
1303.41
264.56
264.56
1082.95
1082.95
897.60
897.60
1501.01
1501.01
1072.47
1072.47
1470.33
1470.33
1483.10
1483.10
805.28
805.28
743.20
743.20
1077.61
1077.61
1386.79
1386.79
1197.73
1197.73
1476.42
1476.42
1020.56
1020.56
168.28
168.28
1095.25
1095.25
1343.15
1343.15
1185.67
1185.67
628.54
628.54
1377.22
1377.22
810.09
810.09
984.93
984.93
773.33
773.33
1089.71
1089.71
1190.67
1190.67
1156.56
1156.56
985.86
985.86
638.52
638.52
1003.01
1003.01
1240.00
1240.00
869.25
869.25
830.21
830.21
1026.75
1026.75
1062.79
1062.79
1140.07
1140.07
621.70
621.70
1239.58
1239.58
805.17
805.17
454.41
454.41
243.23
243.23
296.75
296.75
10.00
10.00
275.13
275.13
1077.94
1077.94
1374.88
1374.88
477.76
477.76
911.99
911.99
1316.84
1316.84
1415.32
1415.32
787.46
787.46
1382.30
1382.30
1382.30
16.75
16.75
317.99
317.99
317.99
1028.85
1028.85
33.55
33.55
1013.40
1013.40
1274.20
1274.20
176.08
176.08
789.46
789.46
789.46
427.79
427.79
641.38
641.38
641.38
641.38
483.79
815.46
815.46
279.77
279.77
72.10
72.10
427.08
427.08
427.08
1671.81
1671.81
797.55
797.55
385.60
385.60
483.30
483.30
1109.25
1109.25
211.94
211.94
46.64
46.64
528.61
528.61
193.24
193.24
193.24
972.98
972.98
71.23
71.23
71.23
310.59
310.59
310.59
971.08
971.08
925.38
925.38
334.52
334.52
265.43
265.43
1248.85
1248.85
1246.74
1246.74
1246.74
1246.74
630.45
630.45
85.88
85.88
790.24
790.24
34.49
34.49
932.60
932.60
977.79
977.79
1197.30
1197.30
864.03
864.03
10.00
10.00
896.77
896.77
708.78
708.78
552.90
552.90
552.90
1063.28
1063.28
1616.15
12.86
12.86
1559.53
1559.53
1221.70
1221.70
725.83
725.83
1784.87
1784.87
1204.00
1204.00
1525.37
1525.37
1076.66
1076.66
118.72
118.72
180.82
180.82
685.31
685.31
1962.26
1962.26
1207.42
1207.42
1133.05
1133.05
1904.50
1904.50
66.28
66.28
17.52
17.52
1336.34
1336.34
1873.38
1873.38
754.45
754.45
1893.87
1893.87
1276.97
1276.97
1284.28
1284.28
17.38
17.38
344.43
344.43
1036.77
1036.77
1277.51
1277.51
503.83
503.83
1521.76
1521.76
852.28
852.28
14.91
14.91
293.11
293.11
1254.75
1254.75
975.81
975.81
192.64
192.64
528.75
528.75
626.12
626.12
1552.71
1552.71
1355.72
1355.72
1192.50
1192.50
1705.88
1705.88
31.47
31.47
1761.10
1761.10
1302.00
1302.00
314.91
314.91
1755.38
1755.38
20.69
20.69
726.50
726.50
18.92
18.92
94.32
94.32
652.34
652.34
572.28
572.28
1089.33
1089.33
1435.77
1435.77
716.81
716.81
14.23
14.23
14.23
10.00
10.00
1734.64
1734.64
1151.26
1151.26
337.02
337.02
337.02
337.02
661.36
60.59
60.59
132.78
132.78
95.27
95.27
95.27
1723.12
1723.12
813.95
813.95
251.56
251.56
925.21
925.21
1155.04
1155.04
640.76
640.76
150.93
150.93
857.97
857.97
1137.96
1137.96
1413.55
1413.55
1179.77
1179.77
1079.13
1079.13
723.13
723.13
614.61
614.61
361.24
361.24
1451.39
1451.39
1231.30
1231.30
532.99
532.99
399.20
399.20
1534.31
1534.31
822.43
822.43
902.62
902.62
800.76
800.76
1687.77
1687.77
1507.36
1507.36
1120.95
1120.95
29.97
29.97
154.10
154.10
1668.93
1668.93
620.81
620.81
1322.97
1322.97
1113.77
1113.77
602.87
602.87
34.81
34.81
1095.93
1095.93
875.49
875.49
573.34
573.34
1606.12
1606.12
485.05
485.05
1378.63
1378.63
1517.06
1517.06
1812.10
1812.10
1291.05
1291.05
17.25
17.25
986.77
986.77
502.98
502.98
133.71
133.71
1302.73
1302.73
1345.11
1345.11
307.58
307.58
1915.33
1915.33
1562.87
1562.87
1573.23
1573.23
774.79
774.79
1073.11
1073.11
47.17
47.17
627.74
627.74
806.36
806.36
97.84
97.84
51.54
51.54
1249.70
1249.70
34.32
34.32
1023.42
1023.42
681.34
681.34
1113.33
1113.33
1493.88
1493.88
723.96
723.96
777.61
777.61
1292.37
1292.37
1233.54
1233.54
1260.12
1260.12
1393.64
1393.64
1187.19
1187.19
1447.23
1447.23
514.46
514.46
1499.47
1499.47
1513.74
1513.74
1513.74
610.23
610.23
1240.60
1240.60
1689.01
1782.78
1782.78
1117.22
1117.22
1163.71
1163.71
1234.71
1234.71
391.42
391.42
1400.86
1400.86
441.89
441.89
1331.57
1331.57
1425.32
1425.32
1025.47
1025.47
39.30
39.30
999.65
999.65
1013.95
1013.95
1104.64
1104.64
824.22
824.22
1529.03
1529.03
1297.45
1297.45
15.92
15.92
902.50
902.50
861.26
861.26
522.03
522.03
1239.95
1239.95
1275.21
1275.21
1275.21
1626.92
1626.92
113.40
389.95
389.95
682.97
682.97
1351.79
1351.79
384.83
384.83
339.02
339.02
47.12
47.12
842.19
842.19
1744.96
1744.96
16.31
16.31
1420.63
1420.63
1696.00
1696.00
1375.88
1375.88
711.08
711.08
818.82
818.82
1073.15
1073.15
17.27
17.27
254.84
254.84
1490.64
1490.64
36.46
36.46
1084.81
1084.81
907.95
907.95
72.80
72.80
1042.24
1042.24
1303.48
1303.48
593.90
593.90
1266.90
1266.90
1288.71
1288.71
1382.08
1382.08
1340.27
1340.27
76.12
76.12
1357.62
1357.62
1674.60
1674.60
52.99
52.99
1169.25
1169.25
1474.41
1474.41
1374.49
1374.49
480.86
480.86
1034.47
1034.47
357.95
357.95
690.18
690.18
195.20
195.20
17.78
17.78
796.54
796.54
834.20
834.20
34.80
34.80
111.36
111.36
184.16
184.16
454.47
454.47
647.13
647.13
786.45
786.45
1507.89
1507.89
1036.10
1036.10
621.79
621.79
548.91
548.91
883.89
883.89
1150.29
1150.29
483.76
483.76
1588.16
1588.16
1633.04
1633.04
862.68
862.68
889.27
889.27
1002.22
1002.22
981.87
981.87
1479.54
1479.54
1598.58
1598.58
535.59
535.59
901.47
901.47
531.89
531.89
808.34
808.34
285.54
285.54
162.24
162.24
1197.26
1197.26
10.00
10.00
220.90
220.90
59.52
59.52
50.99
50.99
1276.10
1276.10
1014.05
1014.05
1194.14
1194.14
1340.36
1340.36
1535.40
1535.40
1289.16
1289.16
1467.22
1467.22
75.91
75.91
16.25
16.25
301.96
301.96
29.35
29.35
1253.70
1253.70
241.34
241.34
112.04
112.04
1142.77
1142.77
1176.35
1176.35
1227.35
1227.35
383.16
383.16
918.44
918.44
562.18
562.18
196.99
196.99
21.90
21.90
333.52
333.52
221.30
221.30
994.30
994.30
985.22
985.22
1375.61
1375.61
1434.72
1434.72
23.80
23.80
145.08
145.08
566.43
566.43
787.34
787.34
1337.63
1337.63
1438.40
1438.40
238.68
238.68
513.95
513.95
513.95
1873.71
1873.71
23.31
23.31
23.31
1145.99
1145.99
1626.51
1626.51
1626.51
497.46
497.46
1200.50
1200.50
17.03
17.03
1056.37
1056.37
1056.37
423.76
132.43
132.43
1050.04
1050.04
825.75
825.75
400.10
400.10
52.83
52.83
1849.94
1849.94
1849.94
212.15
212.15
1154.06
207.50
207.50
532.38
532.38
285.87
285.87
1426.19
1426.19
773.22
773.22
1530.25
1530.25
1525.95
1525.95
1061.49
1061.49
42.23
42.23
324.61
324.61
324.61
493.99
374.52
374.52
938.47
938.47
476.48
476.48
1013.86
1013.86
806.36
806.36
737.23
737.23
1101.31
1101.31
1145.27
1145.27
920.31
920.31
1185.20
1185.20
1185.20
1354.58
1354.58
1354.58
1012.98
1012.98
158.47
158.47
968.95
968.95
1014.28
1014.28
1272.26
1272.26
811.74
811.74
892.77
854.21
854.21
1469.06
1122.54
1122.54
16.96
16.96
1014.90
1014.90
1014.90
274.64
875.11
875.11
93.26
93.26
93.26
617.28
805.90
805.90
492.97
492.97
1114.55
1114.55
1177.12
1177.12
1177.12
366.43
366.43
296.76
296.76
1335.66
1280.85
1280.85
1238.75
1238.75
626.17
626.17
265.47
265.47
265.47
153.59
153.59
45.83
45.83
1373.37
168.71
168.71
1453.25
1453.25
1563.52
1563.52
551.80
551.80
1376.25
1376.25
632.53
632.53
409.08
409.08
1624.57
1624.57
435.57
435.57
952.70
952.70
399.88
399.88
15.59
15.59
687.58
687.58
802.81
802.81
36.79
36.79
258.81
258.81
1640.41
1640.41
445.24
445.24
1202.86
1202.86
510.41
510.41
1178.60
1178.60
91.78
91.78
91.78
250.99
250.99
250.99
548.70
548.70
548.70
908.98
908.98
757.71
1157.56
55.91
1552.04
1552.04
1008.67
1008.67
1008.67
1162.58
957.73
957.73
1103.37
1103.37
1103.37
212.77
212.77
923.48
17.19
17.19
17.19
1086.21
1086.21
1032.45
1032.45
814.27
814.27
175.33
175.33
40.91
40.91
174.09
174.09
1297.26
1297.26
1729.60
1729.60
1098.69
1098.69
140.38
140.38
263.02
263.02
263.02
1069.74
1069.74
1138.24
493.04
493.04
1278.88
1278.88
1278.88
1774.14
1178.02
1178.02
1158.09
1158.09
812.58
812.58
1100.53
1100.53
239.27
239.27
31.83
31.83
1236.84
1236.84
856.46
856.46
1768.29
1768.29
10.00
10.00
2121.34
2121.34
18.59
18.59
1144.26
1144.26
589.91
589.91
305.35
305.35
1274.36
1274.36
1328.51
1328.51
855.51
855.51
1130.49
1130.49
1391.31
1391.31
1391.31
1610.29
1458.32
1458.32
33.38
33.38
1158.77
1158.77
761.77
761.77
1589.69
1589.69
1660.69
1660.69
1660.69
24.07
24.07
946.66
1764.65
1764.65
702.82
702.82
565.14
565.14
1008.15
1008.15
1293.90
1293.90
21.74
21.74
59.50
59.50
1439.86
1439.86
1214.71
1214.71
711.60
711.60
1456.61
1456.61
312.60
312.60
1625.87
1625.87
1625.87
84.79
84.79
251.57
251.57
1680.57
29.94
29.94
1010.22
1010.22
1655.14
1655.14
265.04
265.04
1489.26
1489.26
497.96
497.96
1197.35
1197.35
16.99
16.99
1302.34
1302.34
1729.09
1729.09
589.43
589.43
1180.07
1180.07
19.50
19.50
19.50
538.34
538.34
921.84
502.59
502.59
1494.82
1494.82
2057.58
2057.58
862.87
862.87
217.37
217.37
1671.70
1671.70
1324.66
1324.66
542.61
542.61
839.68
839.68
839.68
210.28
566.12
566.12
1393.06
1393.06
1393.06
54.82
1674.89
1674.89
660.26
660.26
660.26
778.00
778.00
1058.98
1058.98
971.83
988.82
988.82
1613.43
1613.43
1613.43
1000.83
1000.83
448.55
448.55
931.00
1090.74
1090.74
1367.44
1367.44
1367.44
773.89
200.19
200.19
830.73
830.73
830.73
11.48
11.48
1167.99
420.32
420.32
420.32
563.75
563.75
581.15
581.15
581.15
123.61
123.61
31.12
31.12
908.78
908.78
735.32
735.32
178.93
1472.14
1472.14
818.73
818.73
15.79
15.79
1062.62
1062.62
1062.62
898.11
898.11
652.89
652.89
93.69
93.69
31.44
31.44
31.44
1249.58
57.36
57.36
57.36
935.40
979.18
979.18
804.55
804.55
1616.50
1616.50
1162.28
1162.28
1162.28
581.90
581.90
581.90
840.57
134.51
134.51
598.73
156.41
156.41
459.41
459.41
459.41
956.22
956.22
377.38
377.38
377.38
1209.10
1518.92
807.10
807.10
240.88
240.88
102.79
102.79
939.51
939.51
1467.35
1467.35
264.82
264.82
897.01
897.01
1647.67
1647.67
1639.90
1639.90
1639.91
1639.91
112.11
112.11
1557.09
1557.09
1678.73
1678.73
38.85
38.85
1554.24
1554.24
1554.24
1165.79
1165.79
832.57
832.57
1352.02
1352.02
838.98
838.98
19.68
19.68
1213.69
1213.69
275.63
275.63
18.69
18.69
856.71
856.71
393.96
393.96
762.15
762.15
908.25
908.25
1408.13
1408.13
625.22
625.22
1500.70
1500.70
1327.57
1327.57
1303.70
1303.70
1501.81
1501.81
1773.50
1773.50
1382.44
1382.44
122.76
122.76
897.73
897.73
771.61
771.61
315.07
315.07
1417.95
1417.95
920.87
920.87
918.71
918.71
594.74
594.74
1095.12
1095.12
974.32
974.32
1164.60
1164.60
415.08
415.08
15.00
15.00
1266.10
1266.10
849.18
849.18
1432.96
1432.96
1050.53
1050.53
1231.90
1231.90
966.36
966.36
1335.93
1335.93
848.96
848.96
812.11
812.11
797.40
797.40
793.68
793.68
1027.07
1027.07
10.00
10.00
530.46
530.46
19.27
19.27
19.27
743.69
44.65
44.65
55.87
55.87
55.87
652.50
653.46
653.46
934.11
934.11
11.37
11.37
57.76
57.76
937.87
937.87
439.64
439.64
1668.18
1668.18
1187.47
1187.47
1225.03
1225.03
1630.75
1630.75
1650.08
1650.08
607.72
607.72
1589.70
1589.70
265.70
265.70
265.70
1498.26
584.98
584.98
822.87
822.87
593.43
593.43
107.45
107.45
453.92
453.92
315.61
315.61
315.61
198.14
26.29
26.29
26.29
672.89
672.89
74.23
74.23
1372.17
1372.17
305.71
305.71
31.62
31.62
1441.24
1441.24
1354.26
1354.26
1272.44
1272.44
1010.89
1010.89
1256.36
1256.36
783.49
783.49
783.49
1016.83
1016.83
19.73
19.73
297.37
1165.88
1165.88
492.29
492.29
22.64
22.64
858.61
858.61
1238.12
1238.12
33.25
33.25
668.34
668.34
165.24
165.24
10.00
10.00
1301.12
1301.12
1301.12
124.27
1438.40
1438.40
581.30
581.30
443.90
443.90
863.59
863.59
424.65
424.65
667.06
667.06
1323.84
1323.84
1014.16
1014.16
1014.16
41.26
41.26
1023.52
1593.31
1593.31
1688.86
1688.86
1700.94
1700.94
68.13
68.13
93.41
93.41
1058.43
1058.43
1617.73
1617.73
340.68
340.68
751.39
751.39
1549.26
1549.26
1075.92
1075.92
1647.75
1647.75
30.60
30.60
996.05
996.05
453.38
453.38
1748.08
1748.08
90.68
90.68
906.01
906.01
46.16
46.16
381.76
381.76
493.40
493.40
1830.84
1830.84
12.27
12.27
1070.16
1070.16
339.17
339.17
436.69
436.69
1268.69
1268.69
76.94
76.94
61.29
61.29
840.09
840.09
682.26
682.26
636.91
636.91
56.33
56.33
934.57
934.57
678.33
678.33
170.35
170.35
1418.97
1418.97
1445.06
1445.06
1317.10
1317.10
1220.78
1220.78
995.08
995.08
389.53
389.53
1148.52
1148.52
964.91
964.91
268.51
268.51
1744.97
1744.97
1659.18
1659.18
1296.24
1296.24
1208.72
1208.72
884.91
884.91
773.55
773.55
36.12
36.12
1182.71
1182.71
1184.30
1184.30
1695.07
1695.07
560.85
560.85
732.86
732.86
384.46
384.46
59.59
59.59
1365.35
1365.35
996.48
996.48
1163.51
1163.51
1253.55
1253.55
1165.96
1165.96
212.35
212.35
246.80
246.80
1150.31
1150.31
940.26
940.26
210.80
210.80
582.28
582.28
1156.78
1156.78
1156.78
1375.74
1375.74
827.81
827.81
1147.11
1147.11
424.20
424.20
1214.72
1214.72
1518.22
1518.22
1444.23
1172.06
1172.06
1581.30
1581.30
1215.57
1215.57
10.00
10.00
1280.90
1280.90
701.26
701.26
161.87
161.87
1513.34
1513.34
362.85
362.85
714.57
714.57
360.29
360.29
1069.73
1069.73
1069.73
10.00
10.00
18.28
18.28
18.28
18.28
789.70
789.70
14.64
14.64
733.51
733.51
1091.37
1091.37
1166.86
1166.86
1132.83
1132.83
571.95
571.95
1298.78
1298.78
339.74
339.74
1004.97
1004.97
1316.21
1316.21
1442.90
1442.90
32.40
32.40
2034.23
2034.23
519.17
519.17
404.08
404.08
748.08
748.08
564.37
564.37
621.41
621.41
929.92
929.92
687.73
687.73
496.56
496.56
1420.67
1420.67
52.07
52.07
835.20
835.20
1225.89
1225.89
1625.89
1625.89
1120.82
1120.82
893.48
893.48
1644.50
1644.50
1684.93
1684.93
1056.05
1056.05
661.22
661.22
1054.10
1054.10
1113.15
1113.15
121.56
121.56
931.30
931.30
29.86
29.86
317.80
317.80
803.96
803.96
329.25
329.25
1154.68
1154.68
51.58
51.58
52.02
52.02
52.02
1317.47
1580.08
1580.08
1479.75
1479.75
134.75
134.75
290.36
290.36
804.59
804.59
1383.34
1383.34
31.85
31.85
1234.16
1234.16
134.54
134.54
677.95
677.95
1514.37
1514.37
1111.95
1111.95
1265.14
1265.14
908.14
908.14
1489.14
1489.14
1094.00
1094.00
1094.00
1304.12
1709.96
1709.96
615.90
615.90
1637.07
1637.07
780.21
780.21
370.22
370.22
20.44
20.44
777.21
777.21
10.00
10.00
1513.55
1513.55
1665.96
1665.96
482.35
482.35
338.61
338.61
1695.07
1695.07
1286.96
1286.96
1405.85
1405.85
568.65
568.65
661.49
661.49
661.49
55.63
179.76
179.76
729.41
729.41
717.99
717.99
732.89
732.89
1567.89
1567.89
1605.64
1605.64
1047.83
1047.83
1098.20
1098.20
111.51
111.51
988.67
988.67
1202.93
1202.93
1336.78
1336.78
2040.67
2040.67
752.31
752.31
522.68
522.68
31.35
31.35
224.08
224.08
1225.12
1225.12
1336.71
1336.71
1566.74
1566.74
294.59
294.59
1544.36
1544.36
1481.92
1481.92
1422.32
1422.32
89.25
89.25
29.43
29.43
1372.60
1372.60
1498.10
1498.10
14.96
14.96
810.87
810.87
1781.68
1781.68
1156.41
1156.41
589.65
589.65
30.89
30.89
770.50
770.50
1880.82
1880.82
1509.21
1509.21
998.81
998.81
616.92
616.92
13.15
13.15
1280.42
1280.42
362.60
362.60
1733.17
1733.17
588.03
588.03
1353.19
1353.19
562.29
562.29
1434.45
1434.45
1192.06
1192.06
231.69
231.69
1366.38
1366.38
374.80
374.80
1281.47
1281.47
1368.33
1368.33
1281.84
1281.84
1817.92
1817.92
413.27
413.27
1471.35
1471.35
853.47
853.47
687.47
687.47
723.91
723.91
871.18
871.18
1196.21
1196.21
759.81
759.81
877.57
877.57
1685.32
1685.32
295.41
295.41
1508.84
1508.84
1193.94
1193.94
344.26
344.26
1620.88
1620.88
1807.54
1807.54
1161.92
1161.92
1731.02
1731.02
180.43
180.43
1174.66
1174.66
1745.33
1745.33
861.80
861.80
1444.31
1444.31
1771.58
1771.58
1729.64
1729.64
1671.91
1671.91
1325.07
1325.07
1052.20
1052.20
905.61
905.61
1202.72
1202.72
611.39
611.39
929.74
929.74
929.74
951.58
809.65
809.65
1724.95
1724.95
992.70
992.70
34.31
34.31
882.66
882.66
1212.53
1212.53
1328.35
1328.35
1084.64
1084.64
1438.80
1438.80
1633.25
1633.25
205.97
205.97
205.97
1415.53
1415.53
304.81
304.81
1127.99
1357.71
1357.71
1951.37
1951.37
1255.11
1255.11
992.31
992.31
1073.02
1073.02
1667.93
1667.93
727.66
727.66
519.12
519.12
87.98
87.98
1004.55
1004.55
1591.52
1591.52
1367.34
1367.34
24.57
24.57
1438.87
1438.87
68.02
68.02
852.99
852.99
1523.02
1523.02
1521.51
1521.51
1304.38
1304.38
15.92
15.92
13.77
13.77
1015.64
1015.64
65.65
65.65
990.21
990.21
675.10
675.10
17.23
17.23
17.23
1569.35
1569.35
656.67
656.67
1561.88
1561.88
489.87
489.87
912.64
912.64
818.03
818.03
375.19
375.19
1087.22
1087.22
1057.14
1057.14
800.81
800.81
767.87
767.87
1450.68
1450.68
1283.33
1283.33
640.52
640.52
1617.97
1617.97
760.38
760.38
1304.80
1304.80
949.93
949.93
959.51
959.51
647.52
647.52
522.39
522.39
81.98
81.98
999.32
999.32
599.24
599.24
518.20
518.20
129.85
129.85
266.63
266.63
951.79
951.79
1102.02
1102.02
1412.53
1412.53
465.41
465.41
632.78
632.78
643.20
643.20
631.94
631.94
1461.74
1461.74
462.60
462.60
1327.33
1327.33
876.93
876.93
1797.62
1797.62
14.38
14.38
1266.98
1266.98
1456.81
1456.81
1579.38
1579.38
662.99
662.99
1171.07
1171.07
1142.62
1142.62
242.33
242.33
152.03
152.03
1638.72
1638.72
664.26
664.26
632.09
632.09
820.05
820.05
764.55
764.55
156.09
156.09
1287.45
1287.45
1134.64
1134.64
1331.48
1331.48
376.15
376.15
203.54
203.54
842.80
842.80
21.41
21.41
1646.62
1646.62
1046.79
1046.79
1208.39
1208.39
923.61
923.61
1523.56
1523.56
996.83
996.83
858.04
858.04
772.07
772.07
1614.01
1614.01
522.77
522.77
1475.42
1475.42
409.92
409.92
409.92
20.55
20.55
20.55
10.00
179.50
179.50
1308.96
425.28
425.28
1429.08
1429.08
909.46
909.46
2348.32
2348.32
290.69
290.69
440.18
440.18
794.87
794.87
1388.47
1388.47
984.83
984.83
1110.82
1110.82
1320.55
1320.55
1098.01
1098.01
617.23
617.23
974.22
974.22
1481.08
1481.08
934.97
934.97
1226.10
1226.10
981.98
981.98
20.18
20.18
776.66
776.66
768.97
768.97
232.43
232.43
195.01
195.01
1312.63
1312.63
878.07
878.07
1518.50
1518.50
45.63
45.63
1243.07
1243.07
235.62
235.62
1496.07
1496.07
1507.25
1507.25
1644.25
1644.25
106.72
106.72
293.38
293.38
1394.74
1394.74
662.30
662.30
1283.53
1283.53
260.83
260.83
528.51
528.51
58.01
58.01
1578.92
1578.92
1112.51
1112.51
1091.03
1091.03
694.09
694.09
74.35
74.35
58.34
58.34
1333.56
1333.56
1079.26
1079.26
1710.70
1710.70
912.65
912.65
27.72
27.72
1064.15
1064.15
880.60
880.60
289.30
289.30
100.08
100.08
1058.66
1058.66
1111.57
1111.57
586.21
586.21
428.58
428.58
626.53
626.53
75.58
75.58
943.43
943.43
1340.58
1340.58
1413.61
1413.61
1591.02
1591.02
1075.84
1075.84
20.47
20.47
1729.54
1729.54
950.55
950.55
525.36
525.36
1310.87
1310.87
496.81
496.81
1393.78
1393.78
647.84
647.84
1312.96
1312.96
1426.91
1426.91
51.54
51.54
1185.10
1185.10
846.99
846.99
1124.96
1124.96
1300.05
1300.05
869.95
869.95
756.22
756.22
1245.90
1245.90
252.63
252.63
904.86
904.86
1474.37
1474.37
542.74
542.74
16.41
16.41
562.85
562.85
571.71
571.71
605.21
605.21
605.21
308.78
1369.25
1369.25
1369.25
788.80
788.80
1280.60
1280.60
764.22
764.22
819.09
819.09
1487.83
1487.83
1212.51
1212.51
1246.31
1246.31
1030.36
1030.36
1661.27
1661.27
1409.79
1409.79
1461.46
1461.46
17.75
17.75
775.82
775.82
1365.40
1365.40
345.31
345.31
23.10
23.10
661.45
661.45
998.64
998.64
1309.32
1309.32
1331.78
1331.78
1116.67
1116.67
36.30
36.30
1138.44
1138.44
720.14
720.14
1132.02
1132.02
243.26
243.26
1444.86
1444.86
692.83
692.83
1452.43
1452.43
1357.49
1357.49
124.06
124.06
1555.91
1555.91
71.75
71.75
1647.31
1647.31
1485.87
1485.87
31.04
31.04
1385.15
1385.15
1054.74
1054.74
994.12
994.12
660.55
660.55
729.13
729.13
562.76
562.76
169.51
169.51
1370.06
1370.06
10.00
10.00
995.42
995.42
289.52
289.52
335.02
335.02
783.06
783.06
973.58
973.58
500.67
500.67
1325.77
1325.77
25.55
25.55
1466.02
1466.02
525.24
525.24
30.45
30.45
524.41
524.41
442.92
442.92
56.60
56.60
720.72
720.72
652.26
652.26
419.20
419.20
1008.82
1008.82
1603.48
1603.48
1349.28
1349.28
1472.21
1472.21
74.50
74.50
1193.64
1193.64
130.30
130.30
688.62
688.62
1423.05
1423.05
341.24
341.24
1156.89
1156.89
1587.92
1587.92
1472.30
1472.30
1472.30
614.60
614.60
614.60
614.60
832.34
832.34
996.72
1058.65
1058.65
14.31
887.91
887.91
30.32
30.32
30.32
776.21
776.21
667.78
667.78
667.78
16.64
16.64
361.10
361.10
1170.78
1170.78
94.70
94.70
94.70
982.13
982.13
37.84
16.20
16.20
601.18
601.18
24.85
513.65
513.65
1304.29
424.10
424.10
1234.68
1234.68
1694.49
1694.49
1672.80
1672.80
1762.12
1762.12
573.38
573.38
573.38
1178.13
1178.13
1178.13
746.33
746.33
346.99
346.99
848.83
255.12
1262.98
1262.98
816.00
816.00
144.07
144.07
1303.04
1303.04
1427.24
1427.24
1044.01
1044.01
830.86
830.86
364.51
364.51
1308.78
1308.78
1011.38
1011.38
1011.38
457.95
457.95
457.95
60.25
537.14
419.35
419.35
647.03
647.03
933.85
933.85
1461.77
1461.77
639.98
639.98
845.15
845.15
845.15
980.89
980.89
1581.72
1581.72
1288.79
1288.79
45.91
45.91
212.53
212.53
933.58
1027.50
1027.50
1145.11
1145.11
144.39
144.39
1670.63
1670.63
1662.52
1662.52
1662.52
120.59
842.75
842.75
1655.55
1655.55
13.31
13.31
1376.84
1376.84
180.14
180.14
1305.71
1305.71
27.28
27.28
492.15
492.15
686.54
686.54
1377.25
1377.25
947.08
947.08
439.50
439.50
1384.99
1384.99
1429.51
1429.51
1215.98
1215.98
1160.09
1160.09
784.30
784.30
1655.78
1655.78
1476.77
1476.77
1476.77
1266.85
1266.85
1315.15
1315.15
1432.76
1432.76
1408.04
1408.04
1440.12
1440.12
1049.35
1169.11
1169.11
920.04
920.04
995.33
995.33
16.16
16.16
1308.90
1308.90
1184.46
1184.46
1194.10
1194.10
647.25
647.25
647.25
1127.14
1127.14
1127.14
555.36
555.36
1364.21
1231.51
764.34
764.34
788.09
788.09
788.09
1167.89
521.00
521.00
1406.49
1406.49
1406.49
1197.26
1197.26
260.62
260.62
260.62
20.78
20.78
20.78
354.44
354.44
32.42
32.42
1310.51
1636.93
258.43
258.43
258.43
51.56
553.04
553.04
125.12
25.89
25.89
431.95
431.95
776.59
776.59
219.63
219.63
1437.77
1437.77
1243.79
1243.79
331.99
331.99
1123.34
1123.34
1597.16
1597.16
1497.12
1497.12
1497.12
1497.12
361.14
831.52
1145.33
1145.33
1139.41
1139.41
1139.41
1533.86
1533.86
1533.86
716.78
716.78
1268.15
1232.37
1232.37
1327.03
1327.03
1340.56
1340.56
1044.38
1044.38
1305.25
1305.25
1369.11
1369.11
363.05
363.05
1475.08
1475.08
1149.16
1149.16
837.98
837.98
1164.22
1164.22
857.20
857.20
12.87
12.87
1893.80
1893.80
712.50
712.50
1330.18
1330.18
994.00
994.00
110.71
110.71
1064.25
1064.25
903.32
903.32
693.30
693.30
1430.71
1430.71
1078.79
1078.79
1438.63
1438.63
935.49
935.49
1506.97
1506.97
11.64
11.64
1213.28
1213.28
360.82
360.82
10.00
10.00
623.99
623.99
557.73
557.73
1135.85
1135.85
1030.13
1030.13
907.76
907.76
29.83
29.83
1372.02
1372.02
1340.58
1340.58
1517.68
1517.68
795.23
795.23
788.83
788.83
187.64
187.64
948.47
948.47
638.56
638.56
810.11
810.11
1518.66
1518.66
502.86
502.86
995.69
995.69
1468.06
1468.06
76.53
76.53
662.08
662.08
957.76
957.76
1194.05
1194.05
1167.63
1167.63
718.62
718.62
1455.57
1455.57
63.86
63.86
1063.97
1063.97
347.99
347.99
825.29
825.29
140.00
140.00
10.00
10.00
1028.37
1028.37
704.73
704.73
714.56
714.56
16.12
16.12
1551.13
1551.13
80.52
80.52
1087.10
1087.10
18.19
18.19
60.12
60.12
1304.19
1304.19
1039.88
1039.88
10.00
10.00
1107.96
1107.96
1422.42
1422.42
217.94
217.94
13.96
13.96
1592.13
1592.13
244.16
244.16
464.06
464.06
447.65
447.65
1545.41
1545.41
828.04
828.04
25.91
25.91
992.74
992.74
722.33
722.33
606.29
606.29
158.64
158.64
582.99
582.99
1077.46
1077.46
1918.95
1918.95
983.30
983.30
1053.26
1053.26
916.31
916.31
30.89
30.89
403.28
403.28
1416.12
1416.12
750.59
750.59
819.66
819.66
497.89
497.89
1296.57
1296.57
555.63
555.63
103.94
103.94
1611.30
1611.30
888.94
888.94
765.91
765.91
1812.86
1812.86
1106.28
1106.28
1521.46
1521.46
897.79
897.79
161.48
161.48
1087.11
1087.11
1147.49
1147.49
1635.56
1635.56
1211.03
1211.03
591.29
591.29
624.33
624.33
940.00
940.00
155.32
155.32
1797.80
1797.80
131.62
131.62
1074.18
1074.18
96.09
96.09
1571.43
1571.43
1029.78
1029.78
1904.44
1904.44
1578.52
1578.52
636.92
636.92
257.77
257.77
1192.79
1192.79
318.46
318.46
1281.94
1281.94
1401.87
1401.87
1262.04
1262.04
366.54
366.54
55.52
55.52
1155.77
1155.77
632.73
632.73
1247.98
1247.98
185.99
185.99
442.02
442.02
1598.08
1598.08
234.81
234.81
1426.07
1426.07
753.90
753.90
1173.15
1173.15
34.69
34.69
1591.47
1591.47
1396.83
1396.83
74.88
74.88
284.78
284.78
1438.51
1438.51
91.78
91.78
188.25
188.25
450.64
450.64
433.50
433.50
926.37
926.37
1233.09
1233.09
1401.72
1401.72
379.69
379.69
1242.47
1242.47
304.95
304.95
505.84
505.84
712.17
712.17
1346.32
1346.32
416.71
416.71
807.19
807.19
1375.81
1375.81
623.13
623.13
1152.53
1152.53
1152.53
52.36
52.36
115.55
1131.31
1131.31
689.81
689.81
1024.36
1024.36
347.49
347.49
209.41
209.41
1133.67
1133.67
1133.67
653.18
653.18
653.18
182.40
182.40
182.40
328.74
328.74
22.08
823.79
823.79
1080.18
1080.18
1080.18
1275.21
1275.21
629.00
629.00
1136.82
10.12
1575.70
1575.70
455.34
455.34
797.53
797.53
12.97
12.97
80.48
80.48
11.10
11.10
10.00
10.00
179.91
179.91
1244.07
1244.07
118.18
118.18
310.48
310.48
423.84
423.84
204.84
204.84
204.84
179.14
179.14
299.40
784.85
784.85
87.25
87.25
919.96
919.96
849.52
849.52
184.62
184.62
606.50
606.50
1463.13
1463.13
829.45
829.45
1090.05
1090.05
1032.97
1032.97
492.13
492.13
378.02
378.02
128.44
128.44
832.91
832.91
1216.27
1216.27
1392.22
1392.22
41.92
41.92
1105.76
1105.76
1073.14
1073.14
609.33
609.33
1424.18
1424.18
1719.04
1719.04
1112.56
1112.56
840.40
840.40
38.65
38.65
1431.04
1431.04
1359.55
1359.55
1655.36
1655.36
1756.10
1756.10
266.54
266.54
978.48
978.48
883.23
883.23
699.79
699.79
1656.30
1656.30
1238.14
1238.14
421.23
421.23
960.68
960.68
1235.72
1235.72
1186.46
1186.46
1380.34
1380.34
973.04
973.04
1016.60
1016.60
1237.09
1237.09
1336.20
1336.20
1331.72
1331.72
1331.72
287.69
287.69
605.41
1130.97
1130.97
668.28
668.28
1613.56
1613.56
1749.12
1749.12
1270.04
1270.04
10.61
10.61
1259.56
1259.56
53.66
53.66
10.00
10.00
1570.07
1570.07
251.73
251.73
1501.70
1501.70
1501.70
1321.25
1321.25
1021.44
1650.98
1650.98
1197.38
1197.38
1528.19
1528.19
738.38
738.38
1255.19
1255.19
371.39
371.39
100.86
100.86
1267.28
1267.28
1307.79
1307.79
1031.74
1031.74
1031.74
375.95
375.95
421.10
421.10
70.20
1925.94
1925.94
16.21
16.21
1162.11
1162.11
1510.18
1510.18
1060.45
1060.45
1023.11
1023.11
1208.81
1208.81
806.12
806.12
806.12
448.63
890.35
890.35
1615.01
1615.01
1202.96
1202.96
133.60
133.60
745.05
745.05
1423.71
1423.71
1400.80
1400.80
1115.27
1115.27
1594.22
1594.22
1000.03
1000.03
937.60
937.60
937.60
133.01
133.01
1149.99
1149.99
575.62
575.62
575.62
1350.14
1350.14
919.14
919.14
1061.20
1061.20
35.41
1075.31
1075.31
1075.31
591.50
591.50
402.69
402.69
238.24
238.24
238.24
10.00
10.00
198.26
325.89
325.89
782.19
782.19
1212.63
1212.63
116.02
116.02
248.00
248.00
376.41
376.41
933.61
933.61
1111.95
1111.95
976.58
976.58
752.17
752.17
1203.30
1203.30
873.75
873.75
1106.36
1106.36
1141.62
1141.62
69.84
69.84
860.66
860.66
1063.16
1063.16
1047.94
1047.94
14.01
14.01
14.01
621.47
621.47
343.90
343.90
376.92
376.92
1191.20
1323.73
1323.73
1323.73
380.75
380.75
723.83
723.83
1459.74
1459.74
81.64
81.64
81.64
1205.65
1205.65
837.31
1307.27
1307.27
1038.37
1038.37
947.05
947.05
494.90
494.90
267.52
267.52
1146.66
1146.66
441.63
441.63
581.84
581.84
1233.53
1233.53
11.65
11.65
150.60
150.60
1645.73
1645.73
15.11
15.11
656.64
656.64
828.02
828.02
248.35
248.35
61.36
61.36
34.23
34.23
420.94
420.94
952.37
952.37
136.42
136.42
648.64
648.64
809.31
809.31
1635.44
1635.44
1047.16
1047.16
1101.19
1101.19
529.92
529.92
1455.74
1455.74
1574.18
1574.18
182.10
182.10
28.41
28.41
1037.77
1037.77
113.83
113.83
311.64
311.64
1338.38
1338.38
726.30
726.30
1269.04
1269.04
1549.71
1549.71
1339.69
1339.69
370.78
370.78
1577.44
1577.44
370.87
370.87
731.61
731.61
1541.74
1541.74
1709.80
1709.80
1473.49
1473.49
125.08
125.08
1197.81
1197.81
314.26
314.26
620.17
620.17
670.49
670.49
95.90
95.90
1053.20
1053.20
20.37
20.37
11.11
11.11
430.67
430.67
10.00
10.00
73.71
73.71
353.96
353.96
773.99
773.99
34.13
34.13
459.05
459.05
248.27
248.27
677.56
677.56
241.13
241.13
143.61
143.61
258.05
258.05
824.34
824.34
1159.09
1159.09
1159.09
1163.66
1163.66
1156.57
1156.57
18.04
18.04
1409.87
1409.87
496.70
496.70
562.19
562.19
1458.93
1458.93
653.03
1609.83
1609.83
1190.30
1190.30
1190.30
1161.66
1161.66
1161.66
471.52
471.52
1501.69
1501.69
936.17
1078.64
1078.64
1413.12
1413.12
330.33
1339.73
1339.73
52.27
52.27
287.19
287.19
1129.83
1129.83
787.07
787.07
1610.15
1610.15
594.11
594.11
1378.24
1378.24
661.27
661.27
555.24
555.24
826.63
826.63
1694.61
1694.61
297.09
297.09
1425.31
1425.31
625.36
625.36
1323.74
1323.74
806.53
806.53
101.41
101.41
1546.19
1546.19
1393.24
1393.24
1572.18
1572.18
466.92
466.92
22.46
22.46
1306.51
1306.51
1096.14
1096.14
843.67
843.67
14.55
14.55
504.04
504.04
1261.68
1261.68
516.27
516.27
458.60
458.60
1100.33
1100.33
1364.95
1364.95
545.33
545.33
1569.93
1569.93
1054.24
1054.24
70.19
70.19
10.00
10.00
31.50
31.50
1227.65
1227.65
1567.74
1567.74
760.71
760.71
1202.29
1202.29
312.23
312.23
1199.69
1199.69
961.06
961.06
448.89
448.89
1377.00
1377.00
219.75
219.75
932.93
932.93
1385.34
1385.34
846.84
846.84
116.00
116.00
1397.13
1397.13
16.86
16.86
15.60
15.60
1284.37
1284.37
1318.32
1318.32
1092.65
1092.65
267.08
267.08
267.08
509.31
86.73
86.73
86.73
86.73
571.52
1215.22
887.58
887.58
887.58
887.58
899.35
899.35
30.66
30.66
30.66
30.66
1172.19
1172.19
1386.88
1386.88
1079.59
1079.59
1079.59
839.53
1773.57
1773.57
95.48
375.84
375.84
1023.75
1023.75
455.88
455.88
261.90
261.90
308.18
308.18
1217.23
1217.23
937.97
937.97
937.97
806.00
1443.15
1443.15
1059.93
1059.93
706.87
706.87
631.27
631.27
1155.26
1155.26
684.30
684.30
1137.42
1137.42
1700.23
1700.23
1083.14
1083.14
624.10
624.10
1713.65
1713.65
1098.45
1098.45
1281.24
1281.24
1826.44
1826.44
1029.61
1029.61
547.19
547.19
1297.65
1297.65
1451.04
1451.04
181.93
181.93
1305.08
1305.08
1516.94
1516.94
1446.32
1446.32
1226.48
1226.48
769.95
769.95
1039.87
1039.87
1039.87
324.14
324.14
1390.80
1390.80
1218.94
1218.94
1056.99
1056.99
561.43
561.43
1248.63
1350.98
1350.98
772.03
772.03
1148.90
1148.90
412.88
412.88
1785.45
1785.45
1041.90
1041.90
1336.24
1336.24
232.17
232.17
232.17
215.51
869.04
869.04
1763.41
1763.41
1304.38
1304.38
1656.98
1656.98
99.60
99.60
1302.01
1302.01
705.62
705.62
1776.31
1776.31
1792.31
1792.31
239.76
239.76
1259.18
1259.18
1436.91
1436.91
1023.63
1023.63
1386.43
1386.43
988.36
988.36
1327.54
1327.54
1275.19
1275.19
51.23
51.23
10.99
10.99
17.54
17.54
354.38
354.38
354.38
1248.11
1248.11
854.37
1278.51
1278.51
1278.51
441.01
441.01
1132.65
1132.65
1751.37
1751.37
214.12
214.12
486.40
486.40
555.31
555.31
43.89
43.89
1545.16
1545.16
1177.60
1177.60
1236.09
1236.09
635.65
635.65
283.53
283.53
469.01
469.01
901.89
901.89
1493.10
1493.10
1326.94
1326.94
889.13
889.13
633.41
633.41
1130.66
1130.66
501.69
501.69
1237.06
1237.06
158.36
158.36
61.91
61.91
55.89
55.89
1148.27
1148.27
60.24
60.24
44.05
44.05
1800.13
1800.13
383.21
383.21
383.21
383.21
1112.70
1112.70
1597.36
478.27
1182.34
1182.34
959.39
959.39
157.58
157.58
697.70
697.70
575.53
575.53
569.00
569.00
972.01
972.01
961.64
961.64
1063.95
1063.95
359.65
359.65
1360.62
1360.62
945.70
945.70
695.47
695.47
37.52
37.52
10.00
10.00
315.63
315.63
1162.14
1162.14
1222.78
1222.78
850.89
850.89
234.51
234.51
30.69
30.69
1624.05
1624.05
368.32
368.32
1500.38
1500.38
27.52
27.52
1691.60
1691.60
1269.12
1269.12
861.12
861.12
718.22
718.22
153.76
153.76
1257.14
1257.14
1646.84
1646.84
11.76
11.76
1298.62
1298.62
233.84
233.84
1227.59
1227.59
613.39
613.39
1411.45
1411.45
112.98
112.98
1224.97
1224.97
1224.97
1224.97
325.38
325.38
557.21
557.21
1242.92
1242.92
1455.86
1455.86
1338.52
1338.52
1559.72
1559.72
413.84
413.84
110.63
110.63
1500.68
1500.68
1378.61
1378.61
121.16
121.16
123.26
123.26
168.11
168.11
1259.03
1259.03
1673.49
1673.49
995.60
995.60
23.53
23.53
420.09
420.09
812.01
812.01
19.76
19.76
486.59
486.59
41.22
41.22
1324.51
1324.51
825.07
825.07
1110.93
1110.93
1278.69
1278.69
194.51
194.51
1402.88
1402.88
379.65
379.65
702.85
702.85
683.72
683.72
1692.86
1692.86
805.27
805.27
1413.63
1413.63
19.29
19.29
995.88
995.88
1416.74
1416.74
831.65
831.65
15.97
15.97
590.49
590.49
147.06
147.06
356.36
356.36
1012.70
1012.70
1015.63
1015.63
1078.99
1078.99
1126.24
1126.24
803.81
803.81
793.70
793.70
408.11
408.11
1735.57
1735.57
1723.88
1723.88
25.99
25.99
36.70
36.70
1071.28
1071.28
263.14
263.14
1814.62
1814.62
1160.08
1160.08
1090.52
1090.52
1367.76
1367.76
945.11
945.11
1263.08
1263.08
1721.05
1721.05
1449.85
1449.85
1394.93
1394.93
684.98
684.98
1025.04
1025.04
1265.37
1265.37
72.63
72.63
620.79
620.79
990.61
990.61
32.36
32.36
579.62
579.62
1686.10
1686.10
1735.72
1735.72
1388.66
1388.66
1302.53
1302.53
131.21
131.21
1285.89
1285.89
1608.86
1608.86
1264.57
1264.57
1122.92
1122.92
1122.92
516.76
516.76
516.76
463.96
463.96
463.96
503.93
503.93
1009.60
1009.60
497.23
962.74
962.74
763.55
763.55
474.16
474.16
113.27
113.27
1601.90
1601.90
1267.53
1267.53
1314.24
1314.24
497.88
497.88
1345.15
1345.15
1317.77
1317.77
1089.02
1089.02
40.05
40.05
1650.11
1650.11
256.73
256.73
1261.29
1261.29
1195.60
1195.60
826.62
826.62
1404.49
1404.49
1407.98
1407.98
1209.82
1209.82
1539.22
1539.22
370.20
370.20
1090.92
1090.92
1684.73
1684.73
1276.08
1276.08
543.73
543.73
984.85
984.85
968.86
968.86
1365.94
1365.94
970.43
970.43
978.54
978.54
943.36
943.36
154.55
154.55
1190.58
1190.58
511.17
511.17
178.49
178.49
178.49
1163.96
1163.96
1169.09
1169.09
660.38
755.80
755.80
922.00
922.00
606.89
606.89
922.85
922.85
55.06
55.06
259.33
259.33
892.16
892.16
498.39
498.39
987.57
987.57
1314.76
1314.76
1465.95
1465.95
1586.41
1586.41
1424.64
1424.64
36.34
36.34
281.82
281.82
866.25
866.25
1068.64
1068.64
28.96
28.96
640.40
640.40
408.23
408.23
1554.34
1554.34
759.52
759.52
749.47
749.47
1419.33
1419.33
530.17
530.17
1351.97
1351.97
989.77
989.77
10.00
10.00
10.54
10.54
1405.01
1405.01
20.26
20.26
179.15
179.15
544.19
544.19
993.28
993.28
228.81
228.81
29.81
29.81
721.73
721.73
281.87
281.87
601.62
601.62
1014.52
1014.52
819.81
819.81
1606.98
1606.98
831.13
831.13
227.40
227.40
1057.22
1057.22
807.48
807.48
18.81
18.81
1458.26
1458.26
1223.65
1223.65
987.45
987.45
636.38
636.38
1624.81
1624.81
776.87
776.87
1273.67
1273.67
924.31
924.31
1703.52
1703.52
1171.01
1171.01
1086.32
1086.32
1750.56
1750.56
1244.34
1244.34
1190.82
1190.82
57.22
57.22
1654.49
1654.49
1175.92
1175.92
986.90
986.90
195.56
195.56
844.94
844.94
620.52
620.52
1152.18
1152.18
1152.18
317.87
317.87
185.74
185.74
866.66
866.66
1166.93
1166.93
650.60
650.60
729.82
729.82
50.90
50.90
1037.23
1037.23
734.88
734.88
1765.14
1765.14
377.87
377.87
39.42
39.42
17.84
17.84
379.88
379.88
36.28
36.28
1291.52
1291.52
1369.83
1369.83
1277.86
1277.86
597.42
597.42
852.55
852.55
50.83
50.83
1292.80
1292.80
1509.99
1509.99
1754.24
1754.24
1754.24
1033.04
1033.04
1138.70
1197.49
1197.49
690.35
690.35
1179.76
1179.76
10.00
10.00
252.33
252.33
1776.22
1776.22
416.78
416.78
1269.88
1269.88
79.24
79.24
476.08
476.08
476.08
1373.42
1021.71
1021.71
1525.62
1525.62
1630.66
1630.66
1630.66
1017.03
1017.03
1148.40
1199.71
1199.71
642.67
642.67
1186.67
1186.67
1918.33
1918.33
762.80
762.80
1776.27
1776.27
1009.91
1009.91
877.58
877.58
1345.90
1345.90
526.86
526.86
1288.57
1288.57
104.94
104.94
621.12
621.12
1305.79
1305.79
1559.12
1559.12
1190.08
1190.08
1268.70
1268.70
1195.40
1195.40
244.95
244.95
166.07
166.07
1204.55
1204.55
1794.60
1794.60
1260.49
1260.49
1262.76
1262.76
1176.46
1176.46
1412.46
1412.46
1331.75
1331.75
1083.67
1083.67
1285.62
1285.62
60.72
60.72
343.72
343.72
1235.59
1235.59
12.59
12.59
1277.22
1277.22
1277.22
724.83
1080.50
1080.50
1618.74
1618.74
1595.48
1595.48
141.17
141.17
786.16
786.16
1735.69
1735.69
568.35
568.35
1084.44
1084.44
1441.79
1441.79
1709.90
1709.90
776.58
776.58
776.58
64.14
64.14
118.58
251.57
251.57
980.22
980.22
405.33
405.33
1134.52
1134.52
488.00
488.00
1065.47
1065.47
1065.47
25.73
1326.04
1326.04
1451.46
1451.46
83.11
83.11
58.62
58.62
625.39
625.39
625.39
1182.12
861.63
861.63
1006.16
1006.16
597.93
597.93
1268.27
1268.27
275.97
275.97
136.18
136.18
1138.96
1138.96
846.54
846.54
1117.58
1117.58
1117.58
1117.58
1117.58
1117.58
1117.58
1596.21
1596.21
187.63
187.63
187.63
1017.59
1017.59
1251.75
1251.75
1889.24
1889.24
179.16
1236.82
1236.82
734.52
734.52
654.13
654.13
826.13
826.13
819.40
819.40
610.15
79.22
79.22
736.68
736.68
145.75
145.75
1038.36
1038.36
45.14
45.14
45.14
57.08
57.08
580.03
580.03
14.25
207.38
54.68
54.68
1099.12
766.13
766.13
737.32
737.32
12.01
12.01
12.01
812.25
812.25
608.35
608.35
1199.76
1199.76
1199.76
235.66
235.66
637.26
639.38
639.38
207.08
207.08
62.21
62.21
204.58
1641.93
1641.93
92.37
92.37
756.18
756.18
1113.85
1113.85
881.01
881.01
472.11
472.11
1455.15
1455.15
1403.07
1403.07
434.69
434.69
1501.83
1501.83
1342.04
1342.04
1355.06
1355.06
1868.37
1868.37
71.69
71.69
17.43
17.43
1425.71
1425.71
536.16
536.16
1351.93
1351.93
1110.44
1110.44
910.52
910.52
1646.76
1646.76
906.65
906.65
399.42
399.42
1052.28
1052.28
1052.28
1052.28
495.32
495.32
10.00
10.00
1324.18
1324.18
885.04
885.04
1219.21
1219.21
1436.30
1436.30
1537.06
1537.06
1298.12
1298.12
1635.79
1635.79
1478.32
1478.32
1478.32
1662.74
1662.74
10.00
10.00
10.00
1215.57
1215.57
1331.38
430.87
430.87
1325.54
1388.64
1388.64
701.41
701.41
337.24
337.24
1126.71
1126.71
900.89
900.89
1340.93
1340.93
1181.29
1181.29
1825.36
1825.36
1289.24
1289.24
1184.08
1184.08
1325.13
1325.13
380.28
380.28
1414.95
1414.95
898.35
898.35
246.72
246.72
1070.79
1070.79
18.16
18.16
940.55
940.55
30.86
30.86
1202.23
1202.23
1398.33
1398.33
317.96
317.96
1239.70
1239.70
1334.22
1334.22
504.36
504.36
1251.38
1251.38
1812.25
1812.25
513.31
513.31
1450.78
1450.78
1063.25
1063.25
708.69
708.69
764.52
764.52
858.65
858.65
376.72
376.72
463.17
463.17
1602.83
1602.83
1741.90
1741.90
1334.17
1334.17
946.95
946.95
418.96
418.96
137.88
137.88
774.95
774.95
587.82
587.82
1223.35
1223.35
1549.04
1549.04
1077.53
1077.53
1769.78
1769.78
1828.41
1828.41
67.14
67.14
42.62
42.62
825.52
825.52
1346.93
1346.93
29.35
29.35
29.35
40.72
40.72
40.72
40.72
119.29
119.29
1725.90
1725.90
205.91
673.94
673.94
149.47
149.47
149.47
30.90
30.90
1342.94
1342.94
871.10
794.12
794.12
1449.22
1346.14
1346.14
1586.03
1586.03
16.05
16.05
1491.85
1491.85
219.22
219.22
743.09
743.09
743.09
550.38
550.38
1144.94
1144.94
706.06
706.06
91.03
91.03
119.51
119.51
285.97
285.97
1337.15
1337.15
1003.55
1003.55
1247.61
1247.61
1247.61
1222.34
1222.34
1498.45
1498.45
1498.45
604.13
604.13
160.22
160.22
160.22
10.00
10.00
1081.73
1081.73
1036.78
1036.78
505.68
505.68
430.88
430.88
1355.09
1355.09
958.41
958.41
1417.79
1417.79
1614.48
1614.48
300.17
300.17
690.87
690.87
491.30
491.30
491.30
61.14
61.14
1195.57
1195.57
1034.36
442.55
442.55
819.75
819.75
30.79
30.79
64.36
64.36
22.37
22.37
154.64
154.64
20.13
20.13
88.97
88.97
214.72
214.72
945.66
945.66
850.81
850.81
1382.53
1382.53
180.18
180.18
403.70
403.70
63.95
63.95
435.90
435.90
824.35
824.35
319.80
319.80
57.18
57.18
59.17
59.17
34.22
34.22
1034.94
1034.94
145.82
145.82
560.02
560.02
147.98
147.98
870.49
870.49
50.66
50.66
242.71
242.71
123.76
123.76
29.26
29.26
196.62
196.62
1502.73
1502.73
243.09
243.09
35.99
35.99
1147.10
1147.10
30.32
30.32
1395.16
1395.16
199.89
199.89
175.46
175.46
175.46
150.93
150.93
173.06
173.06
936.39
936.39
181.14
636.98
636.98
792.12
792.12
1076.61
1076.61
940.20
940.20
41.05
41.05
41.05
114.93
84.90
84.90
298.84
298.84
135.23
135.23
531.99
531.99
444.42
444.42
63.93
63.93
1251.00
1251.00
543.86
543.86
494.06
494.06
196.36
196.36
196.36
1258.66
36.98
36.98
1101.87
1101.87
110.73
110.73
46.77
46.77
46.77
31.25
31.25
492.61
1478.11
1478.11
39.08
39.08
997.57
997.57
896.93
896.93
1644.86
1644.86
1265.56
1265.56
1151.17
1151.17
1115.38
1115.38
1048.43
1048.43
580.71
580.71
123.14
123.14
1055.09
1055.09
522.70
522.70
759.55
759.55
802.53
802.53
931.32
931.32
1344.51
1344.51
563.63
563.63
563.63
1145.90
1145.90
438.98
1151.08
1151.08
784.12
784.12
39.40
39.40
699.61
699.61
29.17
29.17
1467.70
1467.70
52.60
52.60
1007.43
1007.43
1444.13
1444.13
837.44
837.44
10.00
10.00
823.68
823.68
921.54
921.54
1455.44
1455.44
28.72
28.72
310.83
310.83
1211.23
1211.23
244.24
244.24
60.35
60.35
1535.20
1535.20
1161.52
1161.52
859.48
859.48
1069.12
1069.12
532.78
532.78
390.58
390.58
1136.56
1136.56
1286.22
1286.22
891.41
891.41
1407.90
1407.90
1539.29
1539.29
279.96
279.96
878.05
878.05
563.01
563.01
1568.21
1568.21
1075.70
1075.70
124.06
124.06
183.64
183.64
1374.35
1374.35
887.59
887.59
1038.93
1038.93
1395.05
1395.05
561.44
561.44
1137.46
1137.46
445.81
445.81
1359.84
1359.84
1569.51
1569.51
1136.45
1136.45
17.25
17.25
728.61
728.61
1146.65
1146.65
738.14
738.14
632.62
632.62
666.52
666.52
978.21
978.21
978.21
978.21
281.05
281.05
822.54
822.54
1598.49
1364.12
1364.12
1476.92
1476.92
30.50
30.50
771.72
771.72
1122.55
1122.55
1129.56
888.01
888.01
1128.64
1128.64
1183.24
1183.24
1488.00
1488.00
1382.81
1382.81
1382.81
1059.40
1059.40
1572.97
1572.97
1572.97
1151.28
1151.28
1120.68
1120.68
808.38
1767.54
1037.79
1037.79
1063.16
1063.16
1192.11
1192.11
746.81
746.81
1494.10
1494.10
89.13
89.13
1668.48
1668.48
15.30
15.30
1562.15
1562.15
1321.07
1321.07
1215.72
1215.72
361.19
361.19
1199.01
1199.01
1119.05
1119.05
1251.92
1251.92
1458.72
1458.72
1111.21
1111.21
1068.44
1068.44
476.45
476.45
842.59
842.59
1083.96
1083.96
1590.90
1590.90
294.16
294.16
859.68
859.68
85.01
85.01
1374.43
1374.43
1374.43
27.29
27.29
50.81
50.81
890.01
890.01
953.83
953.83
763.03
763.03
233.16
233.16
678.42
1222.38
1222.38
1222.38
371.98
371.98
1365.98
1365.98
90.17
90.17
856.26
856.26
549.10
549.10
30.59
30.59
1226.40
1226.40
706.99
706.99
1375.85
1375.85
11.07
11.07
675.21
675.21
1387.09
1387.09
717.60
717.60
895.41
895.41
481.54
481.54
1310.02
1310.02
400.27
400.27
1049.53
1049.53
190.20
190.20
299.27
299.27
1336.56
1336.56
750.32
750.32
1214.12
1214.12
1195.79
1195.79
1570.10
1570.10
850.92
850.92
988.98
988.98
151.09
151.09
715.35
715.35
688.45
688.45
37.88
37.88
801.75
801.75
111.27
111.27
244.32
244.32
925.22
925.22
1087.56
1087.56
173.21
173.21
407.89
407.89
25.50
25.50
529.17
529.17
1159.97
1159.97
1064.54
1064.54
1913.66
1913.66
646.71
646.71
85.39
85.39
152.31
152.31
469.21
469.21
469.21
10.00
10.00
450.95
1085.73
1085.73
1727.90
1727.90
122.77
122.77
568.79
568.79
365.13
365.13
662.93
662.93
29.72
29.72
358.50
358.50
1282.78
1282.78
1590.85
1590.85
1410.44
1410.44
171.36
171.36
115.84
115.84
678.95
678.95
131.76
131.76
925.89
925.89
758.13
758.13
1370.76
1370.76
61.42
61.42
435.84
435.84
1456.75
1456.75
968.35
968.35
1461.92
1461.92
1398.84
1398.84
105.14
105.14
745.11
745.11
1533.14
1533.14
1490.25
1490.25
17.87
17.87
1113.23
1113.23
358.22
358.22
13.52
13.52
224.12
224.12
1564.70
1564.70
1477.89
1477.89
1378.44
1378.44
1487.59
1487.59
196.59
196.59
740.39
740.39
1207.33
1207.33
1597.10
1597.10
1336.94
1336.94
241.70
241.70
128.53
128.53
551.65
551.65
26.31
26.31
1505.94
1505.94
1505.94
674.11
674.11
674.11
10.00
928.56
928.56
213.28
213.28
1301.46
1301.46
15.69
15.69
102.47
102.47
797.87
797.87
1229.61
1229.61
1229.61
814.46
814.46
894.47
894.47
784.22
665.99
665.99
1164.32
1164.32
1113.84
1113.84
1089.26
1089.26
1338.37
1338.37
1588.80
1588.80
1452.40
1452.40
1214.72
1214.72
1415.12
1415.12
958.32
958.32
1361.03
1361.03
1807.54
1807.54
1306.44
1306.44
1212.30
1212.30
1352.03
1352.03
911.41
911.41
680.11
680.11
547.62
547.62
1293.26
1293.26
1099.39
1099.39
1373.08
1373.08
1635.61
1635.61
1029.71
1029.71
1029.71
271.21
271.21
1491.53
397.74
397.74
1710.23
1710.23
1710.23
10.00
10.00
1039.14
1039.14
1039.14
1025.49
1025.49
826.86
826.86
1030.45
1030.45
1532.62
1532.62
1541.23
1541.23
1423.69
1423.69
1438.92
1438.92
219.18
219.18
1502.44
1502.44
1502.44
891.95
891.95
832.30
832.30
832.30
1452.28
1452.28
1488.24
1713.51
1128.07
1128.07
1264.32
1264.32
1401.36
1401.36
1212.02
1212.02
361.69
361.69
1387.05
1387.05
271.64
271.64
1488.66
1488.66
643.02
643.02
365.07
365.07
477.12
477.12
1225.40
1225.40
1117.92
1117.92
1142.27
1142.27
1392.88
1392.88
1250.47
1250.47
1360.37
1360.37
602.79
602.79
355.76
355.76
321.96
321.96
321.96
643.17
643.17
643.17
1380.54
1075.67
896.29
896.29
1389.88
1389.88
972.66
972.66
1519.61
1519.61
1395.48
1395.48
1391.58
1391.58
1213.87
1213.87
1188.17
1188.17
969.89
969.89
1111.96
1111.96
1000.47
1000.47
1117.80
1117.80
1425.95
1425.95
1213.07
1213.07
91.27
91.27
91.27
267.62
600.33
600.33
12.07
12.07
631.24
631.24
631.24
256.73
256.73
706.50
44.05
44.05
44.05
10.00
10.00
1029.83
1029.83
16.84
848.47
848.47
1203.51
1203.51
143.42
143.42
1010.71
1010.71
1144.37
1144.37
57.92
57.92
278.13
278.13
302.06
302.06
844.74
844.74
16.88
16.88
188.98
188.98
970.34
970.34
1216.54
1216.54
201.16
201.16
1523.85
1523.85
17.34
17.34
1089.99
1089.99
1376.68
1376.68
1219.85
1219.85
71.39
71.39
578.79
578.79
422.18
422.18
18.45
18.45
18.45
123.03
123.03
1138.20
1138.20
1138.20
231.98
238.11
400.10
400.10
517.55
517.55
608.48
608.48
1135.85
1135.85
1347.20
1347.20
62.91
62.91
1013.09
1013.09
959.69
959.69
631.91
631.91
1292.09
1292.09
746.84
746.84
561.70
561.70
62.12
62.12
1041.64
1041.64
19.19
19.19
1206.30
1206.30
1475.63
1475.63
1378.74
1378.74
1378.74
907.02
907.02
892.01
892.01
498.01
498.01
47.84
47.84
583.94
583.94
626.46
626.46
498.49
498.49
938.51
938.51
47.61
47.61
129.05
129.05
358.76
358.76
358.76
822.33
822.33
822.33
15.72
15.72
737.23
737.23
737.23
925.91
925.91
1329.92
1329.92
1263.10
1073.16
1073.16
142.93
590.33
1565.92
1565.92
823.01
823.01
1552.92
1552.92
847.21
847.21
151.48
151.48
838.62
838.62
1454.43
1454.43
336.84
336.84
525.57
525.57
1222.04
1222.04
335.43
335.43
1163.18
1163.18
1216.55
1216.55
1222.93
1222.93
1812.00
1812.00
726.18
726.18
1395.60
1395.60
18.41
18.41
980.90
980.90
1147.94
1147.94
921.43
921.43
54.08
54.08
19.85
19.85
358.73
358.73
376.97
376.97
1774.36
1774.36
913.33
913.33
511.84
511.84
44.71
44.71
732.42
732.42
750.79
750.79
450.15
450.15
908.31
908.31
1166.06
1166.06
956.35
956.35
563.93
563.93
349.37
349.37
764.33
764.33
883.48
883.48
919.20
919.20
528.48
528.48
916.36
916.36
335.03
335.03
1170.50
1170.50
45.77
45.77
520.07
520.07
409.78
409.78
126.77
126.77
39.55
39.55
740.24
740.24
768.43
768.43
59.62
59.62
800.72
800.72
1356.64
1356.64
191.23
191.23
17.93
17.93
179.36
179.36
1359.49
1359.49
1099.53
1099.53
1200.20
1200.20
68.79
68.79
1324.14
1324.14
816.70
816.70
66.33
66.33
27.22
27.22
607.46
607.46
1327.70
1327.70
14.14
14.14
532.38
532.38
374.92
374.92
1558.61
1558.61
1284.68
1284.68
1064.59
1064.59
1064.59
55.67
55.67
878.96
1002.98
1002.98
466.50
466.50
374.17
374.17
918.44
918.44
918.44
863.78
863.78
1594.35
1594.35
1594.35
880.89
1420.81
788.72
788.72
1432.66
1432.66
1051.56
1051.56
1268.98
1268.98
917.47
917.47
198.13
198.13
121.43
121.43
207.71
207.71
578.35
578.35
39.09
39.09
757.82
757.82
182.15
182.15
207.47
207.47
30.42
30.42
30.42
1208.19
420.08
420.08
411.70
411.70
697.29
697.29
1005.81
1005.81
1448.02
1448.02
368.33
368.33
1126.53
1126.53
1122.17
1122.17
1159.97
1159.97
489.11
489.11
1274.67
1274.67
1609.84
1609.84
844.32
844.32
1442.49
1442.49
409.32
409.32
876.11
876.11
1566.19
1566.19
1222.85
1222.85
175.34
175.34
1223.02
1223.02
1672.74
1672.74
1513.86
1513.86
1121.53
1121.53
1121.53
306.43
1219.26
1219.26
1339.02
1339.02
1343.24
1343.24
1174.09
1174.09
1365.81
1365.81
1365.81
1234.76
1234.76
777.97
777.97
10.00
1215.05
1215.05
1367.59
1367.59
776.41
776.41
33.34
33.34
1201.96
1201.96
1371.35
1371.35
1070.13
1070.13
1062.51
1062.51
1062.51
1159.24
1159.24
1159.24
1683.32
1683.32
142.91
142.91
15.79
15.79
1517.56
1517.56
407.49
407.49
811.86
811.86
1079.53
1079.53
1246.42
1246.42
1246.42
1370.11
1370.11
1370.11
1628.47
1118.29
1118.29
1118.29
955.37
463.90
1082.17
1082.17
1580.52
1580.52
1325.81
1325.81
15.53
15.53
876.15
876.15
712.14
712.14
1231.62
1231.62
1239.89
1239.89
1419.92
1419.92
1457.26
1457.26
265.87
265.87
954.74
954.74
709.04
709.04
525.87
525.87
1437.14
1437.14
1437.14
1773.60
1773.60
1580.10
1580.10
1387.96
1218.89
1218.89
1735.25
1735.25
1158.83
1158.83
995.44
995.44
891.59
891.59
10.00
10.00
10.00
991.90
824.39
824.39
916.87
916.87
198.35
198.35
808.27
808.27
14.62
14.62
697.87
697.87
697.87
16.61
16.61
112.85
112.85
1330.36
1330.36
229.21
119.61
119.61
298.10
298.10
84.38
84.38
19.36
19.36
118.43
118.43
808.92
808.92
1860.08
1860.08
1700.81
1700.81
1254.07
1254.07
10.00
10.00
1437.97
1437.97
875.16
875.16
1428.74
1428.74
25.80
25.80
71.61
71.61
1298.74
1298.74
558.71
558.71
1410.12
1410.12
1023.61
1023.61
120.75
120.75
887.01
887.01
714.91
714.91
175.63
175.63
993.32
993.32
282.27
282.27
1814.84
1814.84
843.64
843.64
843.64
1307.73
1307.73
231.02
231.02
86.64
86.64
870.77
870.77
1471.62
1471.62
165.69
165.69
19.53
19.53
866.03
866.03
898.10
898.10
391.67
391.67
1680.40
1680.40
433.30
433.30
1152.40
1152.40
719.62
719.62
1001.42
1001.42
987.66
987.66
1552.61
1552.61
23.18
23.18
378.10
378.10
95.74
95.74
95.74
509.23
48.39
48.39
113.99
113.99
251.98
251.98
413.42
413.42
754.59
754.59
1443.90
1443.90
935.01
935.01
15.66
15.66
1003.58
1003.58
1350.46
1350.46
792.21
792.21
379.04
379.04
1011.81
1011.81
1181.64
1181.64
1181.64
181.85
1084.36
1084.36
28.28
28.28
1062.13
1062.13
1237.60
1237.60
871.56
871.56
954.74
954.74
982.67
982.67
1086.88
1086.88
1735.85
1735.85
812.46
812.46
264.44
264.44
167.54
167.54
92.84
92.84
1097.97
1097.97
1225.41
1225.41
1284.57
1284.57
996.42
996.42
868.43
868.43
915.03
915.03
1281.00
1281.00
1025.34
1025.34
1085.43
1085.43
956.64
956.64
143.78
143.78
805.28
805.28
686.57
686.57
46.56
46.56
161.17
161.17
909.76
909.76
542.04
542.04
122.89
122.89
586.67
586.67
781.61
781.61
1280.35
1280.35
647.47
647.47
1392.87
1392.87
428.36
428.36
832.79
832.79
1144.63
1144.63
1144.63
1144.63
1144.63
1282.70
1692.39
1692.39
1016.67
1016.67
440.93
440.93
561.93
561.93
561.93
212.25
212.25
212.25
324.36
324.36
1241.41
1241.41
1585.02
1585.02
1585.02
1298.14
1298.14
1298.14
919.84
919.84
622.57
622.57
10.00
10.00
1060.88
1060.88
1060.88
331.33
331.33
702.50
145.15
145.15
145.15
1846.23
1059.99
1059.99
17.43
17.43
17.43
1740.64
1740.64
1089.96
1089.96
692.79
692.79
1120.38
1120.38
1190.49
452.78
452.78
171.36
171.36
1200.40
1200.40
192.88
192.88
817.22
817.22
449.43
449.43
955.74
955.74
10.00
10.00
1043.23
1043.23
207.98
207.98
17.59
17.59
80.96
80.96
1392.38
1392.38
803.32
803.32
758.28
758.28
1252.13
1252.13
468.33
468.33
1659.56
1659.56
826.80
826.80
59.80
59.80
827.44
827.44
962.02
962.02
1398.27
1398.27
913.83
913.83
58.99
58.99
1288.36
1288.36
816.65
816.65
57.72
57.72
1622.32
1622.32
66.20
66.20
636.68
636.68
305.26
305.26
192.39
192.39
15.48
15.48
881.47
881.47
77.86
77.86
1328.64
1328.64
18.32
18.32
491.72
491.72
768.23
768.23
86.32
86.32
811.99
811.99
622.81
622.81
1124.56
1124.56
38.09
38.09
304.74
304.74
28.14
28.14
642.07
642.07
1387.96
1387.96
1033.60
1033.60
1312.60
1312.60
890.46
890.46
16.89
16.89
1201.41
1201.41
1275.31
1275.31
1494.04
1494.04
160.22
160.22
652.43
652.43
1503.45
1503.45
1609.24
1609.24
1139.05
1139.05
292.23
292.23
471.47
471.47
978.75
978.75
1414.37
1414.37
1166.15
1166.15
1011.77
1011.77
448.07
448.07
992.30
992.30
385.66
385.66
723.03
723.03
897.21
897.21
80.91
80.91
358.41
358.41
375.15
375.15
221.64
221.64
595.50
595.50
1521.77
1521.77
1521.77
10.00
1298.50
1298.50
287.87
287.87
828.31
828.31
93.93
93.93
1437.54
1437.54
455.84
455.84
163.21
163.21
1455.86
1455.86
1134.63
1134.63
358.40
358.40
88.64
88.64
231.67
231.67
178.41
178.41
1481.71
1481.71
1011.59
1011.59
537.43
537.43
950.62
950.62
248.67
248.67
1749.19
1749.19
1230.09
1230.09
1221.21
1221.21
451.26
451.26
1390.20
1390.20
800.23
800.23
407.11
407.11
992.90
992.90
42.11
42.11
1102.76
1102.76
77.48
77.48
581.17
581.17
881.38
881.38
1235.10
1235.10
1636.68
1636.68
1426.31
1426.31
945.21
945.21
1205.48
1205.48
224.52
224.52
904.44
904.44
1543.03
1543.03
874.38
874.38
1655.85
1655.85
1877.89
1877.89
50.95
50.95
1923.68
1923.68
1006.82
1006.82
633.09
633.09
707.67
707.67
1228.20
1228.20
1693.49
1693.49
123.10
123.10
890.42
890.42
847.32
847.32
1517.92
1517.92
748.16
748.16
1118.99
1118.99
594.79
594.79
1239.01
1239.01
445.50
445.50
1127.12
1127.12
1288.06
1288.06
157.02
157.02
171.29
171.29
501.20
501.20
1056.12
1056.12
1056.12
1139.41
1139.41
156.01
156.01
797.65
797.65
1713.83
1713.83
57.35
486.83
486.83
792.21
792.21
660.99
660.99
1415.62
1415.62
1092.97
1092.97
1320.36
1320.36
689.08
689.08
1577.21
1577.21
42.17
42.17
673.39
673.39
1025.57
1025.57
960.54
960.54
1392.58
1392.58
712.74
712.74
22.16
22.16
22.16
120.05
120.05
406.03
406.03
813.09
813.09
796.07
796.07
443.00
443.00
587.69
587.69
777.69
777.69
1257.14
1257.14
30.68
30.68
637.12
637.12
1065.17
1065.17
1331.06
1331.06
944.22
944.22
58.67
58.67
1564.45
1564.45
1264.35
1264.35
894.85
894.85
1076.38
1076.38
782.54
782.54
1477.81
1477.81
1433.67
1433.67
1024.07
1024.07
905.01
905.01
1003.35
1003.35
1634.69
1634.69
1039.87
1039.87
476.08
476.08
1092.52
1092.52
527.58
527.58
456.78
456.78
634.91
634.91
1023.99
1023.99
840.22
840.22
1002.13
1002.13
423.46
423.46
1269.74
1269.74
1114.83
1114.83
1194.06
1194.06
1318.47
1318.47
1199.27
1199.27
53.93
53.93
746.45
746.45
1304.16
1304.16
1305.20
1305.20
35.92
35.92
422.65
422.65
1282.28
1282.28
1283.23
1283.23
143.11
143.11
866.75
866.75
336.66
336.66
889.43
889.43
1692.36
1692.36
876.59
876.59
271.85
271.85
722.47
722.47
1667.34
1667.34
1161.99
1161.99
1072.38
1072.38
923.09
923.09
949.86
949.86
107.95
107.95
41.06
41.06
466.76
466.76
1247.79
1247.79
490.51
490.51
1051.50
1051.50
915.29
915.29
10.00
10.00
1496.70
1496.70
1515.15
1515.15
1213.63
1213.63
996.93
996.93
319.21
319.21
1138.09
1138.09
760.41
760.41
1158.98
1158.98
781.46
781.46
1010.58
1010.58
1042.06
1042.06
1133.53
1133.53
1126.04
1126.04
979.79
979.79
1382.91
1382.91
1362.18
1362.18
1209.33
1209.33
1017.83
1017.83
1632.23
1632.23
326.45
326.45
1207.81
1207.81
1100.97
1100.97
688.42
688.42
647.18
647.18
38.97
38.97
225.65
225.65
584.70
584.70
584.70
80.74
80.74
1117.88
740.71
740.71
389.09
389.09
1341.86
1341.86
18.14
18.14
1119.88
1119.88
186.99
186.99
857.48
857.48
1542.69
1542.69
1520.98
1520.98
1235.01
1235.01
875.05
875.05
663.95
663.95
1551.94
1551.94
10.00
10.00
689.38
689.38
1071.80
1071.80
1567.84
1567.84
32.02
32.02
543.59
543.59
36.98
36.98
1475.10
1475.10
567.10
567.10
567.10
587.87
587.87
587.67
587.67
740.58
740.58
95.94
95.94
632.02
165.67
165.67
1370.23
1370.23
1362.26
1362.26
887.20
887.20
1927.41
1927.41
881.08
881.08
148.59
148.59
983.64
983.64
706.43
706.43
229.66
229.66
1465.51
1465.51
702.34
702.34
1294.99
1294.99
991.31
991.31
700.92
700.92
1001.21
1001.21
1087.13
1087.13
992.14
992.14
1489.19
1489.19
462.04
462.04
74.46
74.46
19.15
19.15
1115.14
1115.14
722.86
722.86
752.75
752.75
1072.10
1072.10
1375.47
1375.47
912.71
912.71
1121.19
1121.19
121.63
121.63
121.63
40.94
40.94
1119.70
676.85
676.85
1043.47
1043.47
1043.47
1655.31
1655.31
601.75
1397.42
1397.42
984.44
984.44
1562.60
1562.60
74.38
74.38
1294.21
1294.21
1575.24
1575.24
1143.52
1143.52
1359.89
1359.89
1658.54
1658.54
1234.84
1234.84
1274.82
1274.82
604.16
604.16
604.16
989.12
643.11
643.11
525.00
525.00
763.10
763.10
642.40
642.40
733.33
733.33
746.09
746.09
18.69
18.69
202.19
202.19
30.22
30.22
754.08
754.08
59.75
59.75
15.65
15.65
679.94
679.94
620.03
620.03
291.80
291.80
720.68
720.68
1031.46
1031.46
1685.61
1685.61
1214.88
1214.88
121.84
121.84
1231.50
1231.50
70.81
70.81
1294.58
1294.58
1537.74
1537.74
408.41
408.41
916.36
916.36
478.48
478.48
621.24
621.24
1370.83
1370.83
57.04
57.04
368.15
368.15
1034.12
1034.12
745.44
745.44
37.80
37.80
72.67
72.67
17.08
17.08
155.49
155.49
1433.64
1433.64
1159.01
1159.01
977.09
977.09
907.67
907.67
1171.97
1171.97
1171.97
699.95
699.95
1611.27
1611.27
42.27
42.27
635.08
635.08
295.86
295.86
1273.20
1273.20
845.86
845.86
642.21
642.21
1089.17
1089.17
1649.88
1649.88
317.44
317.44
1700.86
1700.86
1124.05
1124.05
1171.88
1171.88
1109.04
1109.04
1793.82
1793.82
141.31
141.31
986.46
986.46
1551.19
1551.19
1308.59
1308.59
1763.51
1763.51
1034.21
1034.21
746.90
746.90
735.90
735.90
820.68
820.68
1604.56
1604.56
1409.55
1409.55
20.36
20.36
306.90
306.90
1368.13
1368.13
1219.37
1219.37
1035.05
1035.05
71.10
71.10
1499.70
1499.70
1516.95
1516.95
1122.22
972.77
972.77
972.77
1566.21
1566.21
839.32
839.32
1205.34
1205.34
1472.44
1472.44
684.64
684.64
1339.49
1339.49
747.51
747.51
1293.33
1293.33
1165.52
1165.52
1554.91
1554.91
964.61
964.61
1345.16
1345.16
1160.87
1160.87
1621.62
1621.62
1538.12
1538.12
492.03
492.03
55.51
55.51
873.13
873.13
1306.69
1306.69
1059.74
1059.74
1039.01
1039.01
1256.53
1256.53
1256.53
16.82
1465.50
1465.50
1404.22
1404.22
10.00
10.00
774.97
774.97
1472.93
1472.93
1440.18
1440.18
1565.08
1565.08
920.18
920.18
1369.43
1369.43
1139.35
1139.35
934.79
934.79
1962.22
1962.22
1518.53
1518.53
30.80
30.80
926.61
926.61
805.42
805.42
87.42
87.42
821.08
821.08
1247.03
1247.03
1203.44
1203.44
718.49
718.49
140.22
140.22
1208.33
1208.33
10.00
10.00
782.09
782.09
862.94
862.94
957.38
957.38
2010.94
2010.94
207.97
207.97
771.88
771.88
795.54
795.54
91.16
91.16
1672.08
1672.08
1190.82
1190.82
113.70
113.70
1668.69
1668.69
1289.66
1289.66
1443.21
1443.21
1428.08
1428.08
934.85
934.85
66.43
66.43
1471.15
1471.15
1560.10
1560.10
84.49
84.49
213.49
213.49
125.05
125.05
51.72
51.72
160.29
160.29
740.01
740.01
43.02
43.02
264.30
264.30
1177.18
1177.18
1134.03
1134.03
1208.72
1208.72
1510.50
1510.50
98.10
98.10
126.08
126.08
1445.43
1445.43
476.96
476.96
716.40
716.40
725.17
725.17
275.74
275.74
260.22
260.22
319.92
319.92
380.65
380.65
1229.81
1229.81
537.92
537.92
1220.99
1220.99
1296.28
1296.28
1233.16
1233.16
233.53
233.53
74.84
74.84
780.12
780.12
1174.00
1174.00
1522.83
1522.83
1017.09
1017.09
1092.02
1092.02
1333.97
1333.97
13.26
13.26
1115.02
1115.02
1257.57
1257.57
1915.72
1915.72
1089.70
1089.70
1510.51
1510.51
1490.30
1490.30
596.23
596.23
867.41
867.41
178.37
178.37
1909.26
1909.26
1359.28
1359.28
390.65
390.65
817.08
817.08
16.59
16.59
1388.25
1388.25
904.83
904.83
782.07
782.07
55.20
55.20
17.84
17.84
1183.41
1183.41
45.24
45.24
33.54
33.54
1080.15
1080.15
937.67
937.67
314.75
314.75
10.00
10.00
1121.10
1121.10
169.35
169.35
31.90
31.90
755.71
755.71
14.00
14.00
42.64
42.64
1119.42
1119.42
1394.64
1394.64
1406.49
1406.49
259.16
259.16
1331.15
1331.15
809.66
809.66
1197.06
1197.06
682.12
682.12
833.93
833.93
1416.12
1416.12
483.70
483.70
456.48
456.48
30.65
30.65
1524.99
1524.99
663.76
663.76
357.07
357.07
86.50
86.50
339.86
339.86
552.72
552.72
480.53
480.53
1341.77
1341.77
31.27
31.27
848.78
848.78
43.09
43.09
1652.94
1652.94
1776.55
1776.55
476.96
476.96
362.29
362.29
807.93
807.93
1062.34
1062.34
1358.64
1358.64
1699.90
1699.90
1028.15
1028.15
1392.09
1392.09
1686.48
1686.48
508.27
508.27
1406.21
1406.21
491.70
491.70
1128.20
1128.20
1537.22
1537.22
876.55
876.55
975.73
975.73
1195.42
1195.42
1250.38
1250.38
333.30
333.30
1139.33
1139.33
792.74
792.74
1002.14
1002.14
1046.36
1046.36
36.57
36.57
1775.29
1775.29
135.31
135.31
1654.40
1654.40
962.90
962.90
1332.25
1332.25
1776.02
1776.02
1151.81
1151.81
657.12
657.12
1427.45
1427.45
344.61
344.61
1688.64
1688.64
1755.20
1755.20
1275.69
1275.69
1390.80
1390.80
1216.65
1216.65
1167.01
1167.01
1266.58
1266.58
273.39
273.39
468.18
468.18
834.19
834.19
1106.17
1106.17
1773.62
1773.62
1205.26
1205.26
1452.18
1452.18
1159.47
1159.47
1617.71
1617.71
1663.48
1663.48
1385.74
1385.74
1680.13
1680.13
942.69
942.69
989.59
989.59
361.82
361.82
719.26
719.26
1469.74
1469.74
1469.74
1258.60
1228.91
1228.91
1665.56
1665.56
1683.12
1683.12
1355.04
1355.04
1598.39
1598.39
1243.57
1243.57
1024.45
1024.45
844.92
844.92
1297.31
1297.31
1629.12
1629.12
1695.56
1695.56
1786.89
1786.89
1761.19
1761.19
911.91
911.91
59.70
59.70
1179.51
1179.51
1111.16
1111.16
889.26
889.26
707.61
707.61
1533.34
1533.34
1559.42
1559.42
824.75
824.75
364.94
364.94
1387.31
1387.31
1518.26
1518.26
69.81
69.81
44.48
44.48
74.33
74.33
17.57
17.57
1057.28
1057.28
1403.31
1403.31
488.78
488.78
488.78
52.02
52.02
993.82
993.82
1675.77
1675.77
1340.73
72.59
72.59
60.95
60.95
88.24
88.24
88.24
87.99
154.69
154.69
154.69
931.07
1192.87
1192.87
459.57
459.57
51.30
51.30
85.63
85.63
1178.76
1178.76
162.11
162.11
96.02
96.02
1263.19
1263.19
474.62
474.62
1159.05
1159.05
31.12
31.12
1504.05
1504.05
16.52
16.52
1028.19
1028.19
1028.19
631.59
533.08
533.08
745.53
745.53
479.03
479.03
540.29
540.29
1061.82
1061.82
642.69
642.69
1114.41
1114.41
1264.48
1264.48
1206.47
1206.47
32.31
32.31
1595.37
1595.37
16.75
16.75
16.75
1054.82
499.11
499.11
499.11
1664.97
1664.97
1777.83
1777.83
1080.69
1080.69
1079.63
1079.63
247.33
247.33
1760.54
1760.54
25.36
25.36
41.59
41.59
657.39
657.39
863.65
863.65
54.03
1271.43
1271.43
1271.43
514.68
514.68
942.78
942.78
1727.59
1727.59
1080.12
1080.12
11.75
11.75
945.76
945.76
74.59
74.59
1229.54
1229.54
1077.49
1077.49
647.14
647.14
614.88
614.88
723.67
723.67
189.12
189.12
577.22
577.22
645.70
645.70
1283.90
1283.90
721.21
721.21
1082.42
1082.42
725.20
725.20
1345.12
1345.12
419.02
419.02
1559.50
1559.50
735.94
1601.49
1601.49
1601.49
1291.06
1291.06
1291.06
1291.06
1291.06
1291.06
1315.36
1315.36
1339.88
1339.88
781.35
781.35
1462.96
1462.96
1520.88
1520.88
160.82
160.82
10.00
10.00
1305.63
1230.89
1230.89
1230.89
21.43
21.43
13.24
13.24
1783.08
1783.08
26.30
26.30
988.65
988.65
1313.08
1313.08
14.33
14.33
1347.26
1347.26
1543.26
1543.26
875.12
875.12
1473.60
1473.60
1506.60
1506.60
1428.30
1428.30
506.21
506.21
57.75
57.75
648.48
648.48
862.39
862.39
57.10
57.10
36.94
36.94
735.18
735.18
963.54
963.54
629.07
629.07
740.33
740.33
20.68
20.68
53.47
53.47
515.19
515.19
385.88
385.88
1584.89
1584.89
1265.51
1265.51
1700.71
1700.71
1352.85
1352.85
930.50
930.50
1057.44
1057.44
990.31
990.31
836.41
836.41
17.41
17.41
15.96
15.96
320.43
320.43
788.68
788.68
1443.13
1443.13
238.42
238.42
610.44
610.44
19.37
19.37
178.33
178.33
136.45
136.45
265.55
265.55
1420.05
1420.05
61.88
61.88
520.38
520.38
611.79
611.79
894.88
894.88
1283.24
1283.24
1372.60
1372.60
1539.88
1539.88
765.43
765.43
1077.89
1077.89
345.23
345.23
649.54
649.54
761.28
761.28
489.34
489.34
56.75
56.75
432.52
432.52
182.72
182.72
370.70
370.70
92.74
92.74
17.57
17.57
10.00
10.00
376.15
376.15
67.72
67.72
93.96
93.96
445.77
445.77
488.02
488.02
36.44
36.44
95.38
95.38
792.99
792.99
631.68
631.68
1120.85
1120.85
1615.09
1615.09
996.89
996.89
1224.29
1224.29
1264.21
1264.21
814.61
814.61
1074.41
1074.41
830.05
830.05
44.65
44.65
307.81
307.81
1053.86
1053.86
65.54
65.54
30.88
30.88
582.28
582.28
88.07
88.07
509.37
509.37
350.96
350.96
570.37
570.37
10.00
10.00
263.66
263.66
178.96
178.96
538.06
538.06
786.96
786.96
257.80
257.80
258.64
258.64
276.75
276.75
123.68
123.68
10.26
10.26
33.15
33.15
59.67
59.67
689.75
689.75
358.23
358.23
1462.57
1462.57
487.76
487.76
735.65
735.65
1662.11
1662.11
1253.80
1253.80
835.83
835.83
945.04
945.04
21.09
21.09
554.51
554.51
1309.19
1309.19
1177.54
1177.54
795.84
795.84
557.45
557.45
1418.60
1418.60
163.72
163.72
94.45
94.45
813.53
813.53
422.19
422.19
1333.26
1333.26
1020.03
1020.03
427.40
427.40
427.40
50.56
50.56
765.92
765.92
765.92
758.57
814.39
814.39
824.14
824.14
1594.69
1594.69
990.22
990.22
1240.04
1240.04
934.86
934.86
493.41
493.41
493.41
17.73
698.35
698.35
1398.48
1398.48
1402.94
1402.94
1034.79
1034.79
1454.57
1454.57
598.41
598.41
952.12
952.12
61.74
61.74
945.60
945.60
254.42
254.42
1420.17
1420.17
1377.94
1377.94
85.64
85.64
241.99
241.99
676.50
676.50
892.74
892.74
1900.89
1900.89
1356.28
1356.28
981.64
981.64
1256.45
1256.45
790.53
790.53
1015.56
1015.56
1272.17
1272.17
717.44
717.44
717.44
1472.13
598.40
598.40
1041.93
1041.93
1220.41
1220.41
1229.58
1229.58
20.33
20.33
358.23
358.23
1585.15
1585.15
1129.33
1129.33
1433.91
1433.91
1473.24
1473.24
2220.97
2220.97
1426.57
1426.57
1734.37
1734.37
1100.63
1100.63
795.74
795.74
155.09
155.09
857.93
857.93
823.20
823.20
1236.80
1236.80
769.86
769.86
1105.79
1105.79
550.34
550.34
958.14
958.14
958.14
1327.03
1327.03
1391.58
1391.58
1029.85
1029.85
200.18
200.18
483.08
483.08
232.83
232.83
120.28
120.28
367.93
367.93
941.85
941.85
360.61
360.61
726.72
726.72
863.95
863.95
749.48
749.48
943.76
943.76
722.99
722.99
980.07
980.07
825.59
825.59
647.77
647.77
1343.68
1343.68
761.93
761.93
838.48
838.48
416.43
416.43
518.95
518.95
157.21
157.21
222.03
222.03
486.42
486.42
1510.27
1510.27
505.85
505.85
391.28
391.28
313.56
313.56
313.56
274.55
274.55
947.14
947.14
583.56
583.56
583.56
772.28
1841.04
1841.04
1085.62
1085.62
1085.62
1576.58
1576.58
1576.58
1690.97
1690.97
1690.97
16.32
1661.11
462.50
1263.52
1263.52
1126.74
1126.74
694.26
694.26
1204.94
288.96
288.96
454.52
454.52
1343.09
1343.09
332.52
332.52
476.88
476.88
1083.54
1083.54
335.26
335.26
886.23
886.23
447.33
447.33
431.82
431.82
441.38
441.38
20.47
20.47
1345.39
1345.39
1234.11
1234.11
1022.77
1022.77
653.18
653.18
399.44
399.44
20.84
20.84
1683.42
1683.42
1457.82
1457.82
1219.81
1219.81
733.22
733.22
44.62
44.62
16.73
16.73
10.00
10.00
69.27
69.27
378.92
378.92
1365.71
1365.71
1671.20
1671.20
213.73
213.73
1363.80
1363.80
1157.84
1157.84
1258.67
1258.67
1874.70
1874.70
629.45
629.45
1419.43
1419.43
309.28
309.28
10.00
10.00
1350.70
1350.70
785.90
785.90
230.56
230.56
1408.14
1408.14
578.80
578.80
569.43
569.43
280.19
280.19
968.29
968.29
277.92
277.92
277.92
1016.41
1016.41
1052.06
1052.06
1052.06
1764.95
1764.95
1764.95
264.77
883.21
883.21
298.06
298.06
466.61
466.61
1369.82
1369.82
1264.35
1264.35
1071.04
1071.04
1545.65
1545.65
879.72
879.72
1362.67
1362.67
935.86
935.86
1074.60
1074.60
545.32
545.32
451.13
451.13
961.76
961.76
1119.58
1119.58
1165.08
1165.08
1596.12
1596.12
763.05
763.05
1767.96
1767.96
1742.69
1742.69
1150.18
1150.18
899.29
899.29
245.32
245.32
616.70
616.70
1111.98
1111.98
1220.44
1220.44
16.23
16.23
1250.18
1250.18
720.94
720.94
1087.67
1087.67
1738.76
1738.76
1324.57
1324.57
23.74
23.74
1246.02
1246.02
768.09
768.09
1325.41
1325.41
1372.26
1372.26
1783.48
1783.48
1399.06
1399.06
1541.93
1541.93
1220.79
1220.79
1470.46
1470.46
1027.50
1027.50
582.48
582.48
1456.95
1456.95
31.28
31.28
1386.80
1386.80
31.30
31.30
233.24
233.24
193.56
193.56
32.77
32.77
1294.89
1294.89
292.28
292.28
1466.05
1466.05
1010.88
1010.88
1269.46
1269.46
1030.70
1030.70
88.61
88.61
120.08
120.08
15.49
15.49
895.88
895.88
560.84
560.84
625.60
625.60
170.23
170.23
238.19
238.19
238.19
859.77
859.77
34.41
34.41
44.64
44.64
70.05
70.05
70.05
672.12
128.22
128.22
1294.22
1173.18
1173.18
939.00
939.00
1255.82
1255.82
1435.99
1435.99
90.81
90.81
1515.12
1515.12
1189.29
1189.29
24.71
24.71
939.88
939.88
431.68
431.68
376.52
376.52
1107.35
1107.35
519.23
519.23
392.05
392.05
10.59
10.59
22.24
22.24
1061.99
1061.99
1311.97
1311.97
14.81
14.81
1675.18
1675.18
1272.82
1272.82
1353.97
1353.97
933.26
933.26
737.03
737.03
258.90
258.90
394.18
394.18
453.27
453.27
1313.52
1313.52
97.95
97.95
465.97
465.97
1137.13
1137.13
16.31
16.31
10.60
10.60
1139.69
1139.69
1382.84
1382.84
1382.84
643.34
643.34
45.15
1242.91
1242.91
1367.86
1367.86
486.68
486.68
1077.36
1077.36
725.80
725.80
17.53
17.53
1496.65
1496.65
1496.65
76.92
76.92
10.00
476.04
476.04
43.00
43.00
20.15
20.15
1268.44
1268.44
605.56
605.56
808.76
808.76
1604.15
1604.15
993.53
993.53
1334.30
1334.30
230.71
230.71
796.42
796.42
522.15
522.15
1558.93
1558.93
1106.43
1106.43
1172.68
1172.68
1174.55
1174.55
734.56
734.56
734.56
166.23
1606.73
1606.73
1374.23
1374.23
572.25
572.25
625.75
625.75
1116.62
1116.62
1624.56
1624.56
655.41
655.41
749.74
749.74
751.60
751.60
1389.80
1389.80
1570.01
1570.01
1091.76
1091.76
1170.63
1170.63
885.34
885.34
859.50
859.50
663.59
663.59
1412.80
1412.80
1451.86
1451.86
35.72
35.72
135.18
135.18
831.18
831.18
1346.32
1346.32
1189.95
1189.95
1579.13
1579.13
1304.88
1304.88
1136.83
1136.83
657.01
657.01
1150.75
1150.75
1150.75
111.99
813.82
813.82
889.32
889.32
370.57
370.57
992.41
992.41
1383.82
1383.82
929.29
929.29
233.01
233.01
1534.49
1534.49
673.39
673.39
1113.77
1113.77
1417.09
1417.09
1125.09
1125.09
316.84
316.84
365.80
365.80
1481.13
1481.13
1199.12
1199.12
16.81
16.81
448.98
448.98
1634.20
1634.20
1336.96
1336.96
769.46
769.46
1285.99
1285.99
775.42
775.42
756.79
756.79
756.79
1193.37
852.37
852.37
1760.64
1760.64
1773.58
1773.58
534.37
534.37
1368.42
1368.42
208.89
208.89
1422.32
1422.32
1275.29
1275.29
10.00
10.00
1518.95
1518.95
16.30
16.30
1133.48
1133.48
1658.90
1658.90
1002.95
1002.95
1278.09
1278.09
1032.54
1032.54
1564.01
1564.01
1123.73
1123.73
12.76
12.76
516.05
516.05
516.05
147.24
147.24
1759.88
1759.88
812.61
812.61
1466.69
1466.69
252.42
252.42
580.84
580.84
29.27
29.27
1107.36
1107.36
39.18
39.18
627.08
627.08
392.60
392.60
580.43
580.43
380.75
380.75
1055.87
1055.87
237.17
237.17
431.39
431.39
22.88
22.88
77.10
77.10
12.85
12.85
78.86
78.86
727.18
727.18
1068.48
1068.48
1602.88
1602.88
337.73
337.73
62.86
62.86
1000.49
1000.49
528.36
528.36
10.80
10.80
788.63
788.63
287.56
287.56
416.69
416.69
1145.79
1145.79
402.51
402.51
39.77
39.77
805.34
805.34
1528.95
1528.95
20.16
20.16
495.80
495.80
194.46
194.46
146.90
146.90
724.48
724.48
328.61
328.61
28.95
28.95
240.35
240.35
575.26
575.26
1201.54
1201.54
1176.23
1176.23
362.16
362.16
101.05
101.05
1252.66
1252.66
87.03
87.03
514.55
514.55
369.74
369.74
61.19
61.19
859.30
859.30
1709.46
1709.46
186.18
186.18
523.86
523.86
356.65
356.65
756.15
756.15
742.53
742.53
761.88
761.88
126.01
126.01
673.04
673.04
1238.49
1238.49
1051.24
1051.24
1054.99
1054.99
131.20
131.20
10.00
10.00
20.85
20.85
10.00
10.00
815.21
815.21
464.26
464.26
1108.03
1108.03
85.27
85.27
1255.70
1255.70
37.17
37.17
147.19
147.19
79.84
79.84
79.84
188.39
328.71
328.71
179.44
179.44
13.49
13.49
1219.02
1219.02
62.88
62.88
52.87
52.87
326.00
326.00
162.80
162.80
181.36
181.36
1279.84
1279.84
31.56
31.56
571.53
571.53
1692.77
1692.77
156.59
156.59
1312.56
1312.56
1334.13
1334.13
1003.81
1003.81
1403.54
1403.54
1336.68
1336.68
469.77
469.77
37.49
37.49
103.31
103.31
1569.46
1569.46
180.84
180.84
731.54
731.54
301.66
301.66
707.05
707.05
254.25
254.25
877.35
877.35
10.00
10.00
31.35
31.35
315.44
315.44
63.26
63.26
50.86
50.86
23.28
23.28
740.23
740.23
1209.99
1209.99
792.72
792.72
1112.13
1112.13
862.11
862.11
539.91
539.91
10.00
10.00
40.71
40.71
403.95
403.95
518.09
518.09
363.89
363.89
903.00
903.00
1046.10
1046.10
10.00
10.00
56.08
56.08
77.03
77.03
583.96
583.96
16.51
16.51
16.51
946.87
946.87
946.87
137.89
137.89
177.91
177.91
662.57
83.00
83.00
1367.77
1367.77
385.41
385.41
117.47
117.47
20.76
20.76
1843.21
1843.21
1483.64
1483.64
1333.57
1333.57
125.46
125.46
20.63
20.63
74.84
74.84
293.84
293.84
380.87
380.87
17.07
17.07
30.77
30.77
72.73
72.73
61.13
61.13
52.24
52.24
151.81
151.81
133.43
133.43
1326.12
1326.12
34.45
34.45
837.40
837.40
803.74
803.74
16.10
16.10
1591.81
1591.81
817.98
817.98
1009.10
1009.10
1431.19
1431.19
1199.66
1199.66
1038.47
1038.47
595.86
595.86
288.12
288.12
1011.37
1011.37
731.17
731.17
1032.43
1032.43
972.17
972.17
1130.32
1130.32
11.11
11.11
236.43
236.43
60.78
60.78
294.28
294.28
115.94
115.94
38.28
38.28
187.06
187.06
206.53
206.53
150.51
150.51
1283.92
1283.92
902.76
902.76
339.63
339.63
32.27
32.27
277.18
277.18
1610.46
1610.46
1065.15
1065.15
98.50
98.50
117.64
117.64
139.56
139.56
119.97
119.97
1585.02
1585.02
894.60
894.60
118.52
118.52
118.52
554.15
183.53
183.53
30.54
30.54
663.90
663.90
1176.01
1176.01
10.00
10.00
454.27
454.27
1594.98
1594.98
406.75
406.75
682.32
682.32
1632.24
1632.24
54.71
54.71
1244.26
1244.26
54.30
54.30
166.11
166.11
1055.56
1055.56
1055.56
122.49
122.49
747.57
747.57
670.71
670.71
584.71
755.36
755.36
958.83
958.83
1063.52
1063.52
643.88
643.88
910.00
910.00
45.86
45.86
844.88
844.88
542.65
542.65
1324.39
1324.39
1584.45
1584.45
983.94
983.94
200.12
200.12
1302.82
1302.82
777.01
777.01
1129.76
1129.76
1052.33
1052.33
1539.19
1539.19
472.78
472.78
1299.63
1299.63
1238.22
1238.22
1586.28
1586.28
1078.39
1078.39
637.92
637.92
1403.28
1403.28
1786.41
1786.41
1768.53
1768.53
1768.53
1156.64
1156.64
1156.64
507.30
1002.69
659.15
659.15
918.54
918.54
1588.44
1588.44
1535.29
1535.29
500.25
500.25
620.64
620.64
798.27
798.27
953.33
953.33
1074.96
1074.96
1620.35
1620.35
1062.15
1062.15
1627.76
1627.76
406.10
406.10
180.67
180.67
1016.69
1016.69
1358.13
1358.13
976.45
976.45
709.74
709.74
709.74
1218.50
1218.50
1672.71
1204.23
1204.23
1645.87
1645.87
893.48
893.48
1182.47
1182.47
644.09
644.09
152.78
152.78
1325.89
1325.89
247.63
247.63
1089.49
1089.49
16.97
16.97
1611.95
1611.95
1017.40
1017.40
1017.40
954.84
954.84
954.84
27.49
27.49
1070.73
1137.74
1137.74
171.82
171.82
1614.73
1614.73
152.68
152.68
900.09
900.09
1169.66
1169.66
1540.98
1540.98
637.65
637.65
1567.53
1567.53
929.30
929.30
460.83
460.83
1117.72
1117.72
365.50
365.50
958.94
958.94
1327.96
1327.96
37.15
37.15
233.31
233.31
734.60
734.60
107.92
107.92
1556.96
1556.96
962.04
962.04
778.06
778.06
1460.82
1460.82
1278.84
1278.84
1249.97
1249.97
708.03
708.03
503.09
503.09
904.94
904.94
39.28
39.28
107.34
107.34
15.80
15.80
863.94
863.94
519.32
519.32
33.91
33.91
164.07
164.07
1028.02
1028.02
712.05
712.05
90.23
90.23
206.20
206.20
81.50
81.50
20.82
20.82
1291.97
1291.97
1272.38
1272.38
554.05
554.05
33.12
33.12
89.94
89.94
952.87
952.87
15.30
15.30
271.26
271.26
1100.45
1100.45
872.98
872.98
1382.85
1382.85
866.68
866.68
1123.15
1123.15
659.15
659.15
278.90
278.90
68.43
68.43
379.83
379.83
1275.50
1275.50
118.98
118.98
97.80
97.80
569.90
569.90
115.83
115.83
874.46
874.46
1114.15
1114.15
783.22
783.22
22.97
22.97
1597.41
1597.41
115.57
115.57
366.77
366.77
591.37
591.37
1413.72
1413.72
1123.86
1123.86
1427.03
1427.03
800.80
800.80
165.04
165.04
850.93
850.93
601.57
601.57
914.85
914.85
435.52
435.52
740.42
740.42
1208.09
1208.09
899.54
899.54
1166.03
1166.03
1627.83
1627.83
10.00
10.00
794.38
794.38
10.00
10.00
1614.22
1614.22
848.48
848.48
37.66
37.66
37.66
206.81
206.81
52.12
52.12
305.02
305.02
305.02
290.75
290.75
324.83
614.09
825.71
825.71
752.85
752.85
70.29
70.29
505.22
505.22
505.22
470.12
470.12
847.00
925.21
925.21
10.00
10.00
10.26
10.26
39.51
39.51
39.51
78.53
78.53
218.60
218.60
118.08
118.08
118.08
29.91
29.91
466.06
466.06
466.06
52.07
52.07
52.07
52.07
456.79
456.79
342.75
342.75
332.53
332.53
1567.54
1567.54
418.03
418.03
457.97
457.97
457.97
457.97
406.57
406.57
438.60
438.60
300.17
300.17
146.51
146.51
42.73
42.73
42.73
49.04
600.46
600.46
557.96
557.96
305.28
305.28
793.82
793.82
539.02
539.02
820.73
820.73
518.19
518.19
1532.40
1532.40
902.58
902.58
932.09
932.09
1426.99
1426.99
1356.48
1356.48
154.84
154.84
755.34
755.34
1426.07
1426.07
54.66
54.66
786.63
786.63
880.57
880.57
880.57
193.32
651.68
651.68
434.50
434.50
434.50
1204.24
1204.24
862.68
862.68
20.00
686.19
686.19
282.13
282.13
1503.62
1503.62
1169.51
1169.51
296.08
296.08
586.83
586.83
39.78
39.78
605.60
605.60
992.41
992.41
17.14
17.14
59.74
59.74
53.08
53.08
538.11
538.11
348.20
348.20
348.20
24.71
501.22
501.22
1113.36
1113.36
1476.11
1476.11
1125.56
1125.56
68.07
68.07
1004.54
1004.54
10.00
10.00
214.61
214.61
1531.78
1531.78
956.96
956.96
646.59
646.59
374.31
374.31
1754.44
1754.44
191.63
191.63
319.39
319.39
442.92
442.92
564.16
564.16
109.07
109.07
1110.61
1110.61
1022.30
1022.30
10.00
10.00
395.36
395.36
1523.24
1523.24
1044.75
1044.75
1420.93
1420.93
603.66
603.66
1061.58
1061.58
1023.53
1023.53
19.90
19.90
1583.79
1583.79
10.00
10.00
644.44
644.44
60.79
60.79
1026.14
1026.14
755.03
755.03
536.33
536.33
244.84
244.84
333.81
333.81
365.21
365.21
815.24
815.24
153.20
153.20
20.62
20.62
858.78
858.78
1610.34
1610.34
930.64
930.64
1215.61
1215.61
386.06
386.06
1615.32
1615.32
1453.06
1453.06
909.97
909.97
1379.98
1379.98
17.74
17.74
1044.90
1044.90
1430.18
1430.18
1648.43
1648.43
49.44
49.44
1133.68
1133.68
1007.65
1007.65
753.60
753.60
39.03
39.03
1288.19
1288.19
1083.63
1083.63
1188.76
1188.76
1595.81
1595.81
1345.83
1345.83
1851.69
1851.69
204.85
204.85
1350.48
1350.48
1050.13
1050.13
1248.44
1248.44
1115.42
1115.42
757.20
757.20
1474.62
1474.62
1905.33
1905.33
230.46
230.46
1151.88
1151.88
327.59
327.59
299.93
299.93
1702.83
1702.83
1433.23
1433.23
1545.00
1545.00
802.80
802.80
758.55
758.55
420.96
420.96
420.96
1260.74
266.54
266.54
284.70
284.70
988.08
988.08
977.37
977.37
1898.79
1898.79
1332.22
1332.22
1332.22
1482.52
1482.52
1482.52
1482.52
1387.03
1387.03
1320.79
1320.79
1631.80
1631.80
1670.00
1670.00
14.44
14.44
1202.21
1202.21
1098.66
1098.66
1642.80
1642.80
57.53
57.53
1607.59
1607.59
45.41
45.41
497.64
497.64
1403.59
1403.59
1702.89
1702.89
1602.66
1602.66
57.17
57.17
801.59
801.59
1428.92
1428.92
573.92
573.92
339.22
339.22
92.88
92.88
16.09
16.09
10.00
10.00
112.15
112.15
189.23
189.23
102.92
102.92
22.10
22.10
352.26
352.26
166.60
166.60
20.74
20.74
1102.58
1102.58
269.82
269.82
112.19
112.19
147.47
147.47
607.81
607.81
15.52
15.52
57.48
57.48
169.48
169.48
779.93
779.93
1136.00
1136.00
586.18
586.18
27.98
27.98
16.48
16.48
1299.59
1299.59
1299.59
227.97
227.97
215.31
215.31
365.47
365.47
1084.67
1084.67
971.02
971.02
484.04
727.36
727.36
531.67
531.67
205.43
205.43
1561.09
1561.09
988.88
988.88
879.32
879.32
136.19
136.19
18.51
18.51
114.47
114.47
1378.16
1378.16
495.87
495.87
741.74
741.74
1423.64
1423.64
165.94
165.94
753.55
753.55
235.91
235.91
860.94
860.94
527.77
527.77
48.72
48.72
1613.02
1613.02
236.88
236.88
1325.16
1325.16
1263.62
1263.62
36.88
36.88
715.44
715.44
949.99
949.99
18.08
18.08
1323.17
1323.17
86.58
86.58
256.67
256.67
122.26
122.26
319.95
319.95
1008.94
1008.94
1353.13
1353.13
1443.44
1443.44
561.92
561.92
381.36
381.36
230.42
230.42
963.75
963.75
388.62
388.62
832.84
832.84
124.17
124.17
1245.79
1245.79
343.51
343.51
998.58
998.58
1287.75
1287.75
1087.73
1087.73
1585.43
1585.43
1401.47
1401.47
597.22
597.22
535.61
535.61
1020.85
1020.85
1076.52
1076.52
1121.49
1121.49
16.90
16.90
10.00
10.00
19.09
19.09
19.76
19.76
239.26
239.26
290.64
290.64
1492.04
1492.04
617.51
617.51
693.38
693.38
1063.59
1063.59
255.18
255.18
574.92
574.92
1233.18
1233.18
538.92
538.92
1085.00
1085.00
478.40
478.40
1006.46
1006.46
1506.56
1506.56
611.43
611.43
992.90
992.90
811.92
811.92
1497.86
1497.86
1280.25
1280.25
1678.05
1678.05
1595.98
1595.98
734.06
734.06
20.85
20.85
555.92
555.92
24.66
24.66
400.41
400.41
50.63
50.63
88.39
88.39
20.25
20.25
10.00
10.00
713.13
713.13
285.83
285.83
885.73
885.73
871.86
871.86
1301.80
1301.80
671.67
671.67
914.55
914.55
828.81
828.81
31.19
31.19
407.37
407.37
576.61
576.61
180.80
180.80
128.92
128.92
18.00
18.00
927.04
927.04
325.22
325.22
1079.94
1079.94
668.66
668.66
852.18
852.18
1133.85
1133.85
314.15
314.15
78.56
78.56
565.66
565.66
56.59
56.59
28.24
28.24
865.32
865.32
34.62
34.62
1306.46
1306.46
285.12
285.12
187.94
187.94
17.57
17.57
765.80
765.80
948.83
948.83
1057.76
1057.76
55.79
55.79
1253.11
1253.11
1108.39
1108.39
717.59
717.59
672.13
672.13
216.88
216.88
209.01
209.01
1302.19
1302.19
310.27
310.27
1241.42
1241.42
1358.32
1358.32
689.99
689.99
291.82
291.82
99.73
99.73
207.02
207.02
75.28
75.28
1335.98
1335.98
1218.75
1218.75
182.58
182.58
217.04
217.04
10.00
10.00
30.99
30.99
35.10
35.10
646.31
646.31
360.51
360.51
617.18
617.18
171.29
171.29
62.15
62.15
149.09
149.09
19.23
19.23
329.28
329.28
1194.18
1194.18
1106.57
1106.57
16.82
16.82
87.32
87.32
1410.12
1410.12
934.38
934.38
306.80
306.80
901.63
901.63
853.37
853.37
20.84
20.84
629.78
629.78
343.64
343.64
343.64
826.63
89.30
89.30
88.76
88.76
109.56
109.56
1257.53
1257.53
1382.40
1382.40
1549.18
1549.18
1304.57
1304.57
1525.46
1525.46
1572.01
1572.01
140.27
140.27
852.67
852.67
919.28
919.28
81.38
81.38
1758.58
1758.58
1780.98
1780.98
857.90
857.90
540.38
540.38
493.73
493.73
438.68
438.68
1499.42
1499.42
900.89
900.89
12.34
12.34
699.67
699.67
1794.99
1794.99
1561.04
1561.04
16.51
16.51
297.20
297.20
1441.71
1441.71
29.93
29.93
373.72
373.72
25.12
25.12
266.10
266.10
82.45
82.45
79.02
79.02
903.35
903.35
1252.84
1252.84
1131.91
1131.91
36.26
36.26
678.71
678.71
791.72
791.72
217.16
217.16
358.80
358.80
1350.78
1350.78
1350.78
1350.78
955.13
955.13
1263.73
1263.73
45.18
45.18
776.75
776.75
1612.07
1612.07
1223.10
1223.10
541.94
541.94
1933.63
1933.63
1644.35
1644.35
1413.12
1413.12
1321.95
1321.95
943.70
943.70
993.21
993.21
283.72
283.72
872.34
872.34
2002.25
2002.25
21.74
21.74
891.27
891.27
1151.87
1151.87
945.34
945.34
1283.00
1283.00
196.92
196.92
751.00
751.00
1722.05
1722.05
762.34
762.34
920.04
920.04
24.87
24.87
1068.23
1068.23
1128.36
1128.36
1128.36
1128.36
35.76
35.76
1236.91
1236.91
1032.94
1032.94
20.35
20.35
1532.26
1532.26
10.00
10.00
1276.23
1276.23
219.50
219.50
233.82
233.82
637.11
637.11
216.93
216.93
48.39
48.39
200.66
200.66
1392.58
1392.58
988.07
988.07
100.80
100.80
1172.17
1172.17
918.47
918.47
18.62
18.62
15.67
15.67
15.85
15.85
282.67
282.67
364.39
364.39
93.41
93.41
80.45
80.45
282.52
282.52
552.49
552.49
113.55
113.55
187.66
187.66
59.07
59.07
1041.37
1041.37
823.77
823.77
86.55
86.55
375.58
375.58
1023.80
1023.80
693.01
693.01
1001.78
1001.78
101.80
101.80
164.67
164.67
731.41
731.41
623.50
623.50
396.23
396.23
396.23
61.47
61.47
648.02
648.02
1530.74
1530.74
74.07
74.07
361.69
361.69
899.12
899.12
168.76
168.76
1196.12
1196.12
13.62
13.62
1392.22
1392.22
1429.31
1429.31
1383.73
1383.73
1187.82
1187.82
283.03
846.43
846.43
846.43
211.63
211.63
453.27
453.27
1278.82
1278.82
1337.52
1337.52
809.75
809.75
27.17
27.17
739.97
739.97
1548.53
1548.53
1432.03
1432.03
170.06
170.06
889.77
760.57
760.57
760.57
1622.36
1622.36
33.12
33.12
1035.45
1035.45
125.20
125.20
1325.91
1325.91
1564.94
1564.94
599.58
599.58
62.03
62.03
1583.18
1583.18
481.55
481.55
144.08
144.08
18.12
18.12
78.68
78.68
351.09
351.09
1558.38
1558.38
1312.00
1312.00
1130.59
1130.59
67.09
67.09
67.09
233.27
233.27
1102.97
474.79
474.79
31.92
31.92
1291.78
1291.78
635.29
635.29
1194.43
1194.43
19.34
19.34
428.98
428.98
784.20
784.20
1164.23
1164.23
1065.49
1065.49
38.38
38.38
642.84
642.84
603.85
603.85
37.79
37.79
37.79
682.10
19.24
19.24
900.87
900.87
900.87
857.60
857.60
71.31
71.31
22.00
22.00
12.86
12.86
10.00
10.00
1192.72
1192.72
701.39
701.39
121.87
121.87
635.59
635.59
891.08
891.08
1017.69
828.04
828.04
828.04
496.18
496.18
151.08
151.08
218.06
218.06
163.37
163.37
18.89
18.89
403.72
403.72
686.42
686.42
686.42
1359.65
1359.65
424.91
424.91
305.52
305.52
1011.22
883.84
883.84
791.53
791.53
1078.57
1078.57
786.62
786.62
840.09
840.09
1063.29
1063.29
1550.34
1550.34
1021.99
1021.99
119.69
119.69
962.69
962.69
1065.01
1065.01
853.22
853.22
1038.35
1038.35
712.08
712.08
666.86
666.86
1619.51
1619.51
484.22
484.22
932.13
932.13
64.12
64.12
1466.65
1466.65
732.20
732.20
1283.67
1283.67
836.62
836.62
1075.47
1075.47
1251.08
1251.08
360.82
360.82
519.26
519.26
519.26
582.38
884.33
884.33
521.50
521.50
924.37
924.37
924.37
13.45
13.45
222.19
222.19
222.19
1228.15
1228.15
1375.11
1640.61
1572.26
1572.26
1031.09
1031.09
1756.10
1756.10
681.74
681.74
843.49
843.49
1547.90
1547.90
1239.78
1239.78
23.56
23.56
1103.96
1103.96
684.32
684.32
1056.78
1056.78
890.72
890.72
601.34
601.34
844.91
844.91
844.91
1050.45
1050.45
1050.45
883.24
883.24
858.08
858.08
858.08
1445.59
1232.71
1232.71
1232.71
1232.71
1588.83
1588.83
1588.83
673.46
673.46
969.59
969.59
969.59
1000.13
1000.13
237.33
237.33
237.33
310.12
310.12
1348.34
1348.34
1692.19
1692.19
1436.42
1436.42
1436.42
1436.42
1639.99
1639.99
767.88
767.88
767.88
722.96
722.96
722.96
849.37
849.37
1058.67
308.23
308.23
1112.91
1112.91
547.57
547.57
547.57
625.24
625.24
247.51
247.51
612.76
612.76
908.14
908.14
481.62
481.62
904.72
904.72
959.23
959.23
1424.06
1424.06
305.62
305.62
838.67
838.67
838.67
838.67
720.26
158.48
158.48
127.90
127.90
1004.53
1004.53
1004.53
149.37
149.37
1487.19
1487.19
773.58
773.58
959.07
959.07
26.17
26.17
302.65
302.65
58.35
58.35
10.00
10.00
223.79
223.79
644.88
644.88
708.49
708.49
65.33
65.33
886.36
886.36
967.23
967.23
913.48
913.48
621.41
621.41
1090.24
1090.24
16.33
16.33
845.15
845.15
1399.00
1399.00
872.58
872.58
837.51
837.51
958.48
958.48
1103.33
1103.33
1647.97
1647.97
1066.58
1066.58
895.86
895.86
813.62
813.62
1427.41
1427.41
1345.30
1345.30
1279.17
1279.17
651.67
651.67
76.05
76.05
634.28
634.28
1838.64
1838.64
1556.93
1556.93
55.07
55.07
129.46
129.46
1012.45
1012.45
1012.45
78.70
24.17
24.17
1339.83
1339.83
12.38
12.38
731.98
731.98
1394.50
1394.50
858.56
858.56
956.47
956.47
745.71
745.71
95.17
95.17
1198.57
1198.57
18.26
18.26
183.81
183.81
569.31
569.31
839.56
839.56
853.10
853.10
795.14
795.14
1159.02
1159.02
655.71
655.71
930.27
930.27
767.31
767.31
535.42
535.42
63.49
63.49
63.49
1294.30
940.48
940.48
664.50
664.50
326.41
326.41
547.41
547.41
753.81
753.81
1178.06
1178.06
643.19
643.19
904.50
904.50
590.87
590.87
249.21
249.21
109.87
109.87
354.03
354.03
148.77
148.77
825.16
825.16
68.47
68.47
12.09
12.09
150.89
150.89
1091.88
1091.88
748.13
748.13
248.58
248.58
1448.49
1448.49
765.04
765.04
1039.88
1039.88
10.00
10.00
10.67
10.67
218.49
218.49
250.21
250.21
44.99
44.99
30.84
30.84
743.15
743.15
793.87
793.87
135.81
135.81
10.00
10.00
262.11
262.11
788.52
788.52
855.50
855.50
1071.32
1071.32
1071.32
1367.97
1380.47
1380.47
1380.47
496.85
496.85
604.22
604.22
633.67
633.67
792.55
792.55
1202.97
1202.97
71.31
71.31
141.23
141.23
1221.87
1221.87
17.17
17.17
1174.07
1174.07
771.09
771.09
278.81
278.81
81.17
81.17
81.17
1437.38
1437.38
1028.95
1028.95
1028.95
212.69
212.69
653.26
653.26
1088.69
1088.69
1554.62
1554.62
1554.62
348.19
348.19
348.19
610.39
610.39
610.39
731.25
731.25
731.25
1351.60
1351.60
1351.60
1283.25
1283.25
92.39
92.39
92.39
1531.11
1531.11
1315.85
1315.85
347.32
347.32
836.80
836.80
1022.66
1022.66
1022.66
731.42
731.42
731.42
731.42
41.47
41.47
41.47
652.06
652.06
1421.14
1421.14
1758.20
1758.20
1228.96
1228.96
1228.96
1653.17
1653.17
1107.67
1107.67
1503.29
1503.29
26.32
26.32
10.00
10.00
1585.83
1585.83
803.71
803.71
1215.59
1215.59
846.36
846.36
248.45
248.45
662.27
662.27
702.64
702.64
1081.99
1081.99
777.56
777.56
761.35
761.35
13.21
13.21
955.66
955.66
1425.07
1425.07
1153.25
1153.25
1641.52
1641.52
134.27
134.27
754.19
754.19
1439.40
1439.40
1439.40
416.19
1477.81
1477.81
263.17
263.17
1285.71
1285.71
634.85
634.85
18.10
18.10
849.36
849.36
719.93
719.93
797.89
797.89
1114.66
1114.66
1134.94
1134.94
1225.67
1225.67
1030.46
1030.46
1030.46
1416.54
1416.54
546.84
546.84
546.84
1167.52
1167.52
1167.52
1167.52
1167.52
22.17
22.17
22.17
734.57
520.19
1190.18
1190.18
1190.18
30.27
30.27
518.09
518.09
518.09
73.84
73.84
1462.75
1462.75
1462.75
464.49
464.49
90.33
90.33
1079.92
1079.92
958.53
958.53
1605.94
1605.94
997.73
997.73
437.09
437.09
335.47
335.47
1649.51
1649.51
1649.51
25.16
25.16
2018.57
2018.57
2018.57
685.07
685.07
1202.01
1202.01
1202.01
1202.01
84.97
84.97
493.60
493.60
493.60
1069.47
1069.47
31.13
31.13
1488.18
1488.18
1488.18
1561.30
1561.30
1561.30
983.83
983.83
24.03
24.03
136.10
136.10
136.10
1252.66
1252.66
106.61
106.61
1562.25
1562.25
1574.72
1574.72
1339.77
1339.77
1339.77
524.89
524.89
801.14
801.14
801.14
998.89
998.89
838.71
838.71
1151.83
1151.83
1151.83
1665.92
1665.92
1665.92
753.69
753.69
1533.81
1533.81
1533.81
1410.05
1410.05
1272.23
1272.23
1495.96
1495.96
250.87
250.87
1770.49
1770.49
922.52
922.52
474.69
471.99
471.99
471.99
800.62
800.62
1052.95
1052.95
48.41
48.41
2107.06
2107.06
1832.94
1832.94
1057.44
1057.44
1542.71
1542.71
916.03
916.03
1483.78
1483.78
1425.17
1425.17
1300.23
1300.23
1473.79
1473.79
1291.71
1291.71
29.23
29.23
1287.64
1287.64
955.08
955.08
970.74
970.74
1083.51
1083.51
185.92
185.92
20.40
20.40
1240.47
1240.47
1583.13
1583.13
836.58
836.58
1244.36
1244.36
1244.36
952.06
952.06
858.30
858.30
858.30
1037.12
1037.12
1206.28
1206.28
1206.28
946.10
946.10
449.50
449.50
1606.28
1606.28
1462.43
1462.43
1411.02
1411.02
1411.02
507.32
507.32
1423.97
1423.97
1859.10
1859.10
1859.10
1163.27
1163.27
1163.27
1163.27
569.29
569.29
624.61
