# 1Hz Kbps trace generated by import_real_world_traces.py
954.13
1285.12
1080.07
13.53
2112.26
1728.51
3981.18
3981.18
6341.07
6341.07
2544.88
2544.88
6507.82
6507.82
4476.16
4476.16
3160.42
3160.42
725.47
725.47
3832.59
3832.59
17.68
17.68
583.31
583.31
5688.20
5688.20
861.17
861.17
1311.76
1311.76
4962.45
4962.45
1626.32
1626.32
6637.16
6637.16
2010.05
2010.05
932.92
932.92
67.70
67.70
4316.23
4316.23
1816.39
1816.39
4468.31
4468.31
3764.92
3764.92
3869.79
3869.79
796.10
796.10
52.00
52.00
359.44
359.44
3050.32
3050.32
1619.38
1619.38
908.41
908.41
2423.20
2423.20
3864.75
3864.75
2564.50
2564.50
414.69
414.69
4131.22
4131.22
13.21
13.21
3985.38
3985.38
3543.32
3543.32
583.03
583.03
276.16
276.16
13.07
13.07
1796.35
1796.35
3416.40
3416.40
4241.95
4241.95
2212.08
2212.08
13.73
13.73
4517.45
4517.45
5509.36
5509.36
1333.89
1333.89
13.67
13.67
41.87
41.87
4034.04
4034.04
1089.14
1089.14
392.08
392.08
557.77
557.77
1145.22
1145.22
4610.74
4610.74
5317.44
5317.44
879.36
879.36
149.94
149.94
924.73
924.73
1334.28
1334.28
74.93
74.93
4482.16
4482.16
2548.83
2548.83
4990.06
4990.06
1132.90
1132.90
4397.05
4397.05
479.63
479.63
1330.67
1330.67
4094.08
4094.08
4423.03
4423.03
4010.60
4010.60
78.13
78.13
525.42
525.42
3300.20
3300.20
3031.45
3031.45
2870.51
2870.51
1215.02
1215.02
284.49
284.49
3430.19
3430.19
3430.19
3430.19
2697.19
2697.19
6532.05
6532.05
897.57
897.57
2060.44
2060.44
94.30
94.30
2268.38
2268.38
2726.26
2726.26
2031.79
2031.79
253.97
253.97
2682.78
2682.78
374.21
374.21
4610.12
4610.12
922.74
922.74
2849.54
2849.54
899.83
899.83
104.87
104.87
37.96
37.96
17.74
17.74
12.73
12.73
901.24
901.24
1837.36
1837.36
2698.99
2698.99
76.12
76.12
214.58
214.58
1295.63
1295.63
5355.98
5355.98
256.26
256.26
38.94
38.94
2171.92
2171.92
4267.14
4267.14
1207.59
1207.59
967.41
967.41
268.60
268.60
2106.62
2106.62
440.57
440.57
2172.19
2172.19
40.21
40.21
2355.51
2355.51
930.96
930.96
3499.13
3499.13
3195.36
3195.36
3369.05
3369.05
3369.05
3369.05
3369.05
3369.05
1201.64
1201.64
727.84
727.84
3138.66
3138.66
3138.66
3138.66
1468.60
1468.60
6184.38
6184.38
1672.79
1672.79
15.11
15.11
6533.93
6533.93
6533.93
6533.93
294.16
294.16
887.56
887.56
1193.69
1193.69
3737.34
3737.34
1935.47
1935.47
384.23
384.23
6532.64
6532.64
6532.64
6532.64
1762.97
1762.97
3807.00
3807.00
534.89
534.89
1514.94
1514.94
6066.63
6066.63
937.67
937.67
4363.27
4363.27
4363.27
4363.27
4363.27
4363.27
4363.27
4363.27
4363.27
4363.27
4363.27
4363.27
908.08
908.08
998.14
998.14
3429.14
3429.14
3953.06
3953.06
386.38
386.38
887.68
887.68
3000.60
3000.60
862.15
862.15
1214.32
1214.32
15.13
15.13
876.62
876.62
1633.45
1633.45
2202.07
2202.07
2263.07
2263.07
5381.79
5381.79
347.83
347.83
3243.17
3243.17
3243.17
3243.17
2346.47
2346.47
891.09
891.09
2205.64
2205.64
18.67
18.67
1780.83
1780.83
6031.48
6031.48
38.00
38.00
6542.50
6542.50
6034.55
6034.55
2573.20
2573.20
2573.20
2573.20
886.91
886.91
6128.02
6128.02
1926.27
1926.27
655.45
655.45
1103.24
1103.24
2775.62
2775.62
4371.95
4371.95
1940.37
1940.37
2748.48
2748.48
13.40
13.40
105.89
105.89
39.93
39.93
6438.72
6438.72
56.19
56.19
2492.51
2492.51
6181.16
6181.16
2801.33
2801.33
1177.42
1177.42
3332.53
3332.53
3332.53
3332.53
13.80
13.80
6024.09
6024.09
3005.84
3005.84
2696.71
2696.71
551.39
551.39
3204.81
3204.81
2651.32
2651.32
253.78
253.78
219.32
219.32
540.02
540.02
98.04
98.04
1381.44
1381.44
24.12
24.12
5583.12
5583.12
4407.62
4407.62
1318.64
1318.64
955.16
955.16
5977.01
5977.01
930.36
930.36
5620.71
5620.71
1791.90
1791.90
3393.52
3393.52
4145.29
4145.29
928.36
928.36
2387.65
2387.65
1266.39
1266.39
5931.80
5931.80
2050.24
2050.24
1905.70
1905.70
1408.38
1408.38
4153.83
4153.83
3509.78
3509.78
246.95
246.95
288.78
288.78
1846.23
1846.23
3658.48
3658.48
4261.89
4261.89
6251.90
6251.90
2406.49
2406.49
122.17
122.17
946.68
946.68
6255.61
6255.61
56.54
56.54
904.85
904.85
12.68
12.68
6065.19
6065.19
6110.47
6110.47
3247.86
3247.86
1108.66
1108.66
2390.89
2390.89
5455.64
5455.64
5152.24
5152.24
1146.32
1146.32
412.45
412.45
358.31
358.31
419.20
419.20
4374.68
4374.68
5311.70
5311.70
5311.70
5311.70
5311.70
5311.70
3440.06
3440.06
13.58
13.58
2267.19
2267.19
12.64
12.64
3360.80
3360.80
2116.21
2116.21
2352.24
2352.24
1477.51
1477.51
12.76
12.76
6360.82
6360.82
2818.72
2818.72
1700.40
1700.40
613.96
613.96
4832.58
4832.58
3679.98
3679.98
12.93
12.93
5533.36
5533.36
667.29
667.29
944.26
944.26
1658.82
1658.82
300.34
300.34
4482.85
4482.85
2674.46
2674.46
924.08
924.08
925.17
925.17
4262.86
4262.86
4901.52
4901.52
5017.64
5017.64
5658.15
5658.15
12.97
12.97
662.10
662.10
3316.38
3316.38
6027.13
6027.13
1058.27
1058.27
979.13
979.13
50.37
50.37
2806.45
2806.45
25.10
25.10
1999.77
1999.77
3323.79
3323.79
684.62
684.62
2644.04
2644.04
908.21
908.21
1952.86
1952.86
4186.74
4186.74
4186.74
4186.74
4186.74
4186.74
4186.74
4186.74
2410.13
2410.13
396.77
396.77
2565.72
2565.72
2689.27
2689.27
211.67
211.67
2732.88
2732.88
899.38
899.38
4605.57
4605.57
14.05
14.05
3312.23
3312.23
2338.02
2338.02
748.95
748.95
2013.29
2013.29
12.97
12.97
4264.96
4264.96
5708.76
5708.76
1657.61
1657.61
5447.56
5447.56
1140.43
1140.43
13.37
13.37
4300.11
4300.11
1410.77
1410.77
2834.50
2834.50
4503.67
4503.67
616.53
616.53
3992.89
3992.89
2867.25
2867.25
924.58
924.58
1556.40
1556.40
3235.58
3235.58
6314.16
6314.16
1537.51
1537.51
165.63
165.63
2955.90
2955.90
3234.49
3234.49
2930.30
2930.30
369.37
369.37
533.43
533.43
6553.97
6553.97
19.02
19.02
6232.30
6232.30
6192.94
6192.94
2347.72
2347.72
2347.72
6402.99
14.61
14.61
4893.09
4893.09
938.56
938.56
938.56
938.56
938.56
938.56
4355.61
4355.61
3271.76
3271.76
3276.08
3276.08
951.92
951.92
6182.40
6182.40
2207.60
2207.60
3279.23
3279.23
128.24
128.24
550.24
550.24
3399.89
3399.89
6099.81
6099.81
3663.57
3663.57
6201.09
6201.09
5910.20
5910.20
12.99
12.99
902.76
902.76
97.03
97.03
2053.65
2053.65
2053.65
1631.39
1631.39
4111.35
5936.77
5936.77
5936.77
5936.77
5936.77
5936.77
623.49
623.49
1941.81
1941.81
3803.59
3803.59
3803.59
2591.97
2591.97
3108.76
3108.76
14.43
14.43
909.43
909.43
113.78
113.78
1951.77
1951.77
979.86
979.86
2854.77
2854.77
1741.04
1741.04
153.36
3740.40
3740.40
3740.40
3740.40
3740.40
15.37
15.37
2475.53
2475.53
14.13
14.13
616.79
616.79
14.44
14.44
1182.45
1182.45
4454.92
4454.92
6152.56
6152.56
53.35
53.35
6339.22
916.52
916.52
916.52
1118.10
1118.10
3316.16
3316.16
3421.12
3421.12
589.50
589.50
1592.58
1592.58
2586.81
2586.81
2418.64
2418.64
5775.83
5775.83
3268.16
3268.16
13.44
13.44
2735.80
5539.83
5539.83
5539.83
6566.80
6566.80
2050.91
2050.91
17.49
17.49
526.82
526.82
883.99
883.99
5332.53
5332.53
14.12
14.12
2803.48
2803.48
2803.48
2803.48
2803.48
2803.48
2803.48
71.68
71.68
71.68
3294.48
3294.48
3294.48
3294.48
3830.72
3830.72
1245.28
1245.28
733.70
733.70
2310.55
2310.55
69.35
69.35
127.01
127.01
872.50
872.50
159.65
159.65
882.62
558.27
558.27
558.27
680.21
680.21
693.91
693.91
344.68
344.68
6186.87
6186.87
1810.19
1810.19
1915.41
1915.41
2646.94
2646.94
3319.45
3319.45
1286.69
1286.69
4477.20
4477.20
3030.38
3030.38
6435.90
6435.90
365.47
365.47
6102.48
6102.48
112.40
112.40
609.37
609.37
917.69
917.69
40.97
40.97
163.34
163.34
287.09
287.09
707.91
707.91
545.96
545.96
63.86
63.86
2060.11
2060.11
3745.21
3745.21
2529.97
2529.97
6223.28
6223.28
6196.18
6196.18
931.53
931.53
4704.38
4704.38
115.48
115.48
12.63
12.63
2260.79
2260.79
941.13
941.13
392.01
392.01
327.09
327.09
1760.57
1760.57
1464.97
1464.97
6201.48
6201.48
1130.81
1130.81
3947.62
3947.62
2002.98
2002.98
4482.85
4482.85
3179.86
3179.86
1958.68
1958.68
4506.31
4506.31
3210.15
3210.15
922.68
922.68
651.54
651.54
2459.32
2459.32
52.66
52.66
3467.68
3467.68
1196.39
1196.39
4245.25
4245.25
3044.75
3044.75
12.93
12.93
2366.72
2366.72
3395.55
3395.55
3735.91
3735.91
631.12
631.12
137.13
137.13
3365.72
3365.72
387.87
387.87
1628.98
1628.98
1979.83
1979.83
2093.39
2093.39
883.80
883.80
3100.29
3100.29
191.40
191.40
133.98
133.98
120.62
120.62
76.21
76.21
93.41
93.41
610.15
610.15
67.91
67.91
2074.05
2074.05
2582.24
2582.24
4761.72
4761.72
76.16
76.16
18.74
18.74
1447.67
1447.67
3962.13
3962.13
6182.33
6182.33
4163.56
4163.56
3536.56
3536.56
3513.82
3513.82
1063.92
1063.92
1424.26
1424.26
2907.96
2907.96
6394.58
6394.58
6173.37
6173.37
2714.04
2714.04
1720.30
1720.30
869.42
869.42
12.95
12.95
2338.30
2338.30
6429.99
6429.99
2298.41
2298.41
299.02
299.02
4224.99
4224.99
6115.34
6115.34
1381.84
1381.84
911.48
911.48
6398.23
6398.23
13.66
13.66
953.22
953.22
2809.35
2809.35
919.65
919.65
6672.04
6672.04
4781.94
4781.94
1755.17
1755.17
38.09
38.09
880.84
880.84
762.99
762.99
74.66
74.66
468.30
468.30
13.37
13.37
4781.63
4781.63
2747.69
2747.69
901.66
901.66
1310.47
1310.47
678.03
678.03
18.22
18.22
5729.43
5729.43
876.16
876.16
3433.69
3433.69
733.29
733.29
261.23
261.23
37.24
37.24
951.35
951.35
3067.07
3067.07
932.09
932.09
753.71
753.71
2531.63
2531.63
1949.67
1949.67
1383.48
1383.48
924.82
924.82
2556.53
2556.53
6019.28
6019.28
2291.75
2291.75
3766.59
3766.59
4157.34
4157.34
2789.58
2789.58
932.49
932.49
1748.42
1748.42
875.91
875.91
2335.52
2335.52
70.63
70.63
3102.65
3102.65
2482.32
2482.32
915.93
915.93
3003.22
3003.22
2857.20
2857.20
971.35
971.35
1210.43
1210.43
595.24
595.24
624.10
624.10
4795.58
4795.58
4825.91
4825.91
358.47
358.47
2543.25
2543.25
6392.97
6392.97
898.82
898.82
6326.50
6326.50
1683.31
1683.31
924.71
924.71
1011.79
1011.79
6406.17
6406.17
2562.38
2562.38
119.65
119.65
231.47
231.47
749.76
749.76
2510.47
2510.47
4294.54
4294.54
951.58
951.58
1883.09
1883.09
365.02
365.02
904.82
904.82
2476.53
2476.53
5534.17
5534.17
1323.59
1323.59
713.21
713.21
331.13
331.13
14.44
14.44
6159.61
6159.61
3814.95
3814.95
2714.19
2714.19
593.79
593.79
3311.06
3311.06
901.56
901.56
2233.30
2233.30
878.03
878.03
2521.72
2521.72
2521.72
2521.72
839.95
839.95
955.49
955.49
855.72
855.72
2238.62
2238.62
1403.93
1403.93
6139.12
6139.12
6139.12
6139.12
4372.79
4372.79
146.20
146.20
516.54
516.54
675.07
675.07
390.98
390.98
1758.23
1758.23
6822.74
6822.74
1896.98
1896.98
561.80
561.80
1295.17
1295.17
622.70
622.70
761.01
761.01
6395.40
6395.40
6395.40
6395.40
2348.09
2348.09
1804.01
1804.01
6298.83
6298.83
6298.83
6298.83
4973.01
4973.01
1740.36
1740.36
957.95
957.95
1268.80
1268.80
2729.70
2729.70
2729.70
2729.70
6300.80
6300.80
14.59
14.59
115.74
115.74
2288.57
2288.57
3177.71
3177.71
3177.71
3177.71
610.08
610.08
3521.36
3521.36
1349.95
1349.95
3072.78
3072.78
6674.20
6674.20
6674.20
6674.20
6674.20
6674.20
6674.20
6674.20
928.34
928.34
6110.18
6110.18
2754.51
2754.51
2754.51
2754.51
6121.25
6121.25
6121.25
6121.25
182.82
182.82
1829.41
1829.41
1284.02
1284.02
1284.02
1284.02
3229.11
3229.11
954.61
954.61
5608.00
5608.00
3069.33
3069.33
4637.97
4637.97
2231.41
2231.41
1343.34
1343.34
2948.29
2948.29
5898.66
5898.66
1213.03
1213.03
841.40
841.40
58.83
58.83
4643.32
4643.32
3171.56
3171.56
3171.56
3171.56
3171.56
3171.56
3171.56
3171.56
3171.56
3171.56
3171.56
3171.56
3171.56
3171.56
3171.56
3171.56
3171.56
3171.56
3171.56
3171.56
180.58
6415.41
2351.43
2007.47
4288.55
5216.48
545.85
545.85
981.81
981.81
5529.17
5529.17
6656.88
6656.88
1041.98
1041.98
1435.16
1435.16
1136.02
1136.02
4588.00
4588.00
3310.22
3310.22
3326.39
3326.39
2788.52
2788.52
37.57
37.57
4115.96
4115.96
604.02
604.02
6286.07
6286.07
1282.15
1282.15
266.06
266.06
3283.73
3283.73
630.33
630.33
3583.37
3583.37
1182.04
1182.04
878.39
878.39
5520.80
5520.80
313.71
313.71
4488.76
4488.76
13.69
13.69
5919.01
5919.01
547.08
547.08
2246.78
2246.78
1713.21
1713.21
401.42
401.42
254.01
254.01
2787.43
2787.43
6509.24
6509.24
12.95
12.95
371.99
371.99
3488.52
3488.52
657.38
657.38
898.81
898.81
73.29
73.29
12.74
12.74
3050.05
3050.05
250.21
250.21
1256.79
1256.79
1807.90
1807.90
2107.12
2107.12
1835.16
1835.16
3267.87
3267.87
3275.00
3275.00
4712.66
4712.66
2234.51
2234.51
850.20
850.20
12.39
12.39
40.09
40.09
975.36
975.36
975.36
18.01
18.01
108.36
2451.86
2451.86
2451.86
51.41
17.53
17.53
17.53
195.45
195.45
218.48
50.22
50.22
50.22
93.25
4891.30
4891.30
4891.30
1636.22
1636.22
5510.47
5510.47
6014.59
6014.59
6014.59
6014.59
6014.59
6014.59
2832.64
2832.64
14.76
14.76
2744.20
2744.20
2744.20
2744.20
53.66
53.66
2614.69
5525.38
5525.38
5525.38
5525.38
5525.38
5525.38
5525.38
5525.38
5525.38
5525.38
5525.38
3824.09
3824.09
6612.04
6612.04
3454.12
3454.12
3454.12
3454.12
3454.12
3454.12
918.04
918.04
2900.05
6494.66
6494.66
6494.66
220.58
220.58
2677.29
2677.29
1614.81
1614.81
3686.33
3686.33
3686.33
3686.33
110.20
110.20
3556.27
3556.27
3556.27
3556.27
3556.27
3556.27
5844.11
5844.11
1431.54
4441.27
4441.27
4441.27
1634.18
1634.18
6393.14
6393.14
2930.84
2930.84
2930.84
2930.84
1364.78
1364.78
1879.96
1879.96
1261.60
1261.60
3734.38
3734.38
13.56
13.56
1135.00
1135.00
1272.01
1272.01
1272.01
1272.01
14.16
14.16
878.56
878.56
874.82
874.82
1353.79
1353.79
2491.19
2491.19
1035.28
1035.28
1859.68
1859.68
1653.45
1653.45
5334.60
5334.60
4429.91
4429.91
2665.28
2665.28
6369.92
6369.92
2415.51
2415.51
14.42
14.42
803.62
803.62
2808.09
2808.09
2808.09
2808.09
3092.53
3092.53
3277.49
3277.49
1986.02
1986.02
935.16
935.16
19.52
19.52
5532.30
1921.70
1921.70
1921.70
6146.70
6146.70
2636.94
2636.94
4095.27
4095.27
289.48
289.48
962.21
962.21
2562.98
2562.98
19.02
19.02
5952.31
5952.31
2360.40
2360.40
676.11
676.11
115.12
863.65
863.65
863.65
773.84
773.84
6675.45
6675.45
4730.34
4730.34
295.95
295.95
889.28
889.28
676.59
676.59
2282.98
2282.98
3116.08
3116.08
3036.40
3036.40
2745.37
2745.37
5854.42
5854.42
5855.30
5855.30
1570.66
1570.66
3481.19
3481.19
6376.86
6376.86
12.54
12.54
272.12
272.12
2213.37
2213.37
6314.75
6314.75
1296.56
1296.56
13.43
13.43
248.79
248.79
77.35
77.35
2341.13
2341.13
1175.97
1175.97
493.87
493.87
2149.52
2149.52
2260.47
2260.47
897.52
897.52
666.71
666.71
149.19
149.19
435.00
435.00
215.28
215.28
6252.68
6252.68
4529.44
4529.44
2219.14
2219.14
572.02
572.02
6178.39
6178.39
6142.82
6142.82
378.51
378.51
6339.31
6339.31
12.45
12.45
1571.84
1571.84
3401.93
3401.93
6669.62
6669.62
4443.68
4443.68
18.22
18.22
947.78
947.78
112.21
112.21
116.77
116.77
2227.75
2227.75
5409.92
5409.92
10.00
10.00
1171.24
1171.24
1708.34
1708.34
1277.98
1277.98
5054.76
5054.76
3121.63
3121.63
4391.62
4391.62
3455.62
3455.62
4236.82
4236.82
190.33
190.33
487.40
487.40
188.47
188.47
283.88
283.88
1543.99
1543.99
925.50
925.50
12.59
12.59
456.84
456.84
339.62
339.62
2560.73
2560.73
4193.80
4193.80
350.25
350.25
763.34
763.34
609.61
609.61
5418.67
5418.67
2073.23
2073.23
2360.29
2360.29
5999.55
5999.55
71.36
71.36
4017.09
4017.09
701.11
701.11
5318.80
5318.80
1844.99
1844.99
4361.24
4361.24
2355.27
2355.27
2446.88
2446.88
6168.58
6168.58
1127.38
1127.38
1929.69
1929.69
57.57
57.57
2092.44
2092.44
1966.31
1966.31
5219.07
5219.07
980.68
980.68
5883.19
5883.19
1369.14
1369.14
6277.46
6277.46
915.20
915.20
734.54
734.54
875.68
875.68
4300.86
4300.86
872.49
872.49
956.40
956.40
6427.51
6427.51
1624.93
1624.93
661.32
661.32
27.72
27.72
1947.69
1947.69
1369.98
1369.98
554.18
554.18
2320.86
2320.86
2298.45
2298.45
13.25
13.25
1186.00
1186.00
14.98
14.98
965.06
965.06
6105.87
6105.87
5200.41
5200.41
1623.38
1623.38
4135.00
4135.00
259.14
259.14
4881.35
4881.35
1369.19
1369.19
1198.15
1198.15
1018.72
1018.72
3153.92
3153.92
5901.98
5901.98
5870.52
5870.52
58.18
58.18
1156.24
1156.24
2809.60
2809.60
623.69
623.69
6391.76
6391.76
156.71
156.71
13.21
13.21
5106.92
5106.92
13.53
13.53
1382.20
1382.20
3401.05
3401.05
2791.35
2791.35
3563.40
3563.40
6080.58
6080.58
1211.42
1211.42
3044.91
3044.91
141.75
141.75
1402.96
1402.96
4249.20
4249.20
2484.58
2484.58
4027.61
4027.61
2526.50
2526.50
4962.70
4962.70
13.31
13.31
3080.58
3080.58
1975.86
1975.86
3841.05
3841.05
2906.68
2906.68
2439.45
2439.45
1494.74
1494.74
1004.47
1004.47
1489.44
1489.44
1477.24
1477.24
1187.16
1187.16
2975.00
2975.00
39.50
39.50
4847.86
4847.86
6238.14
6238.14
604.78
604.78
6292.44
6292.44
4036.25
4036.25
4714.88
4714.88
6459.63
6459.63
4040.41
4040.41
1144.75
1144.75
930.06
930.06
534.01
534.01
3493.85
3493.85
1872.95
1872.95
4229.76
4229.76
1072.41
1072.41
6086.74
6086.74
90.16
90.16
3420.35
3420.35
1275.71
1275.71
943.45
943.45
13.50
13.50
4253.53
4253.53
6593.27
6593.27
431.53
431.53
2337.13
2337.13
6318.49
6318.49
4409.33
4409.33
6397.84
6397.84
666.92
666.92
312.92
312.92
3032.86
3032.86
940.78
940.78
268.50
268.50
958.94
958.94
53.69
53.69
19.24
19.24
918.57
918.57
6782.78
6782.78
963.56
963.56
56.21
56.21
68.47
68.47
2200.09
2200.09
1710.62
1710.62
54.96
54.96
2787.35
2787.35
38.74
38.74
257.90
257.90
146.30
146.30
562.15
562.15
751.77
751.77
937.34
937.34
418.99
418.99
1624.82
1624.82
478.72
478.72
6062.86
6062.86
899.15
899.15
2347.66
2347.66
4443.27
4443.27
5676.69
5676.69
5986.17
5986.17
521.61
521.61
1188.68
1188.68
2931.39
2931.39
5902.10
5902.10
6019.97
6019.97
6371.63
6371.63
3518.33
3518.33
6097.63
6097.63
313.62
313.62
1971.58
1971.58
6331.29
6331.29
4594.26
4594.26
1346.72
1346.72
419.18
419.18
944.81
944.81
13.42
13.42
1804.52
1804.52
2158.54
2158.54
4051.11
4051.11
4595.95
4595.95
1719.03
1719.03
1781.83
1781.83
6151.42
6151.42
73.13
73.13
324.82
324.82
6014.80
6014.80
6385.35
6385.35
6610.86
6610.86
6105.68
6105.68
546.31
546.31
1217.16
1217.16
3105.97
3105.97
3105.97
3105.97
3105.97
3105.97
13.21
13.21
5926.52
5926.52
5380.18
5380.18
6310.34
6310.34
1602.15
1602.15
1652.47
1652.47
1652.47
1652.47
104.88
104.88
306.95
306.95
5930.30
5930.30
147.78
147.78
3052.74
3052.74
2986.74
2986.74
2465.11
2465.11
2867.42
2867.42
6350.03
6350.03
1559.84
1559.84
5508.72
5508.72
2160.97
2160.97
5835.80
5835.80
3158.52
3158.52
3158.52
3158.52
3158.52
3158.52
844.53
844.53
5858.87
5858.87
7006.29
7006.29
4761.19
4761.19
190.10
190.10
4370.96
4370.96
3013.75
3013.75
2433.71
2433.71
1747.52
1747.52
2147.51
2147.51
3141.27
3141.27
1680.19
1680.19
6019.96
6019.96
6019.96
6019.96
6019.96
6019.96
4239.60
4239.60
38.35
38.35
6065.56
6065.56
6065.56
6065.56
4652.26
4652.26
2891.29
2891.29
5147.64
5147.64
5147.64
5147.64
5147.64
5147.64
5147.64
5147.64
5147.64
5147.64
5147.64
5147.64
109.69
109.69
561.36
561.36
5809.50
5809.50
5995.11
5995.11
909.65
909.65
5632.20
5632.20
649.16
649.16
5411.25
5411.25
1673.00
1673.00
2412.67
2412.67
4218.03
4218.03
6209.68
6209.68
2363.19
2363.19
19.51
19.51
2739.57
2739.57
2652.56
2652.56
891.89
891.89
421.45
421.45
274.44
274.44
3323.46
3323.46
6126.61
6126.61
3879.89
3879.89
5963.18
5963.18
2938.25
2938.25
4510.65
4510.65
4669.57
4669.57
4763.46
4763.46
5689.24
5689.24
6201.95
6201.95
1604.89
1604.89
13.93
13.93
1074.31
1074.31
1221.40
1221.40
1857.67
1857.67
2066.61
2066.61
5981.70
5981.70
4420.15
4420.15
4313.72
4313.72
4712.03
4712.03
1834.76
1834.76
4514.96
4514.96
4274.42
4274.42
6004.59
6004.59
290.62
290.62
77.17
77.17
6186.07
6186.07
2522.49
2522.49
38.03
38.03
16.12
16.12
359.70
359.70
1044.03
1044.03
352.44
352.44
934.00
934.00
572.07
572.07
567.93
567.93
4533.63
4533.63
4502.26
4502.26
4365.92
4365.92
92.20
92.20
847.47
847.47
4197.41
4197.41
6376.13
6376.13
3274.10
3274.10
374.18
374.18
3781.76
3781.76
456.00
456.00
6443.98
6443.98
5256.71
5256.71
2824.13
2824.13
897.68
897.68
72.50
72.50
3177.27
3177.27
2069.95
2069.95
4647.34
4647.34
865.86
865.86
575.50
575.50
898.51
898.51
19.56
19.56
49.86
49.86
891.00
891.00
6290.00
6290.00
483.85
483.85
12.66
12.66
112.92
112.92
5957.90
5957.90
2910.21
2910.21
1711.47
1711.47
2991.24
2991.24
5333.26
5333.26
2837.11
2837.11
2259.06
2259.06
1528.14
1528.14
5703.05
5703.05
4464.67
4464.67
4464.67
4464.67
2954.41
2954.41
1350.58
1350.58
2241.58
2241.58
2241.58
3291.98
619.63
619.63
1177.99
1177.99
1177.99
2868.73
254.25
254.25
254.25
6541.67
4132.60
4132.60
6288.51
6288.51
6288.51
5479.01
918.05
918.05
918.05
1821.12
1821.12
6038.92
6038.92
6002.51
6002.51
2658.37
2658.37
877.26
877.26
5748.66
5748.66
4546.62
4546.62
3648.84
3648.84
6793.96
6793.96
4037.61
4037.61
2233.62
2233.62
2278.75
2278.75
1069.35
1069.35
3145.99
3145.99
17.89
17.89
1189.26
1189.26
984.10
984.10
417.17
417.17
6657.81
6657.81
1090.48
1090.48
4460.71
4460.71
898.98
898.98
438.35
935.42
935.42
935.42
49.98
49.98
6021.02
6021.02
3090.52
3090.52
1964.48
1964.48
3252.37
3252.37
1351.13
1351.13
1236.23
1236.23
283.51
283.51
331.40
331.40
615.52
615.52
114.90
114.90
689.64
689.64
4274.30
4274.30
1190.28
1190.28
2972.76
2972.76
3094.29
3094.29
1771.34
1771.34
3457.96
3457.96
19.63
19.63
458.46
458.46
254.48
254.48
5615.75
5615.75
6051.87
2386.33
2386.33
2386.33
13.80
13.80
326.26
326.26
2543.66
2543.66
1967.17
1967.17
920.67
920.67
1568.24
1568.24
4566.17
4566.17
1101.88
1101.88
10.00
10.00
918.87
918.87
13.21
13.21
1215.93
1215.93
2585.67
2585.67
787.41
787.41
473.78
473.78
3903.00
3903.00
1429.43
1429.43
1420.09
1420.09
3219.88
3219.88
246.88
246.88
319.36
319.36
3726.08
3726.08
6467.07
6467.07
6092.98
6092.98
2465.98
2465.98
2067.00
2067.00
901.98
901.98
1925.51
1925.51
899.32
899.32
12.94
12.94
19.41
19.41
657.19
657.19
2155.22
2155.22
1205.79
1205.79
6604.03
6604.03
189.04
189.04
10.00
10.00
1740.74
1740.74
4593.26
4593.26
2879.11
2879.11
4164.20
4164.20
2957.31
2957.31
2507.86
2507.86
6266.77
6266.77
1762.90
1762.90
4769.14
4769.14
3832.06
3832.06
913.93
913.93
695.49
695.49
2758.49
2758.49
317.11
317.11
2995.71
2995.71
5864.64
5864.64
465.44
465.44
1617.73
1617.73
47.33
47.33
6457.42
6457.42
913.07
913.07
2403.18
2403.18
5216.76
5216.76
4292.49
4292.49
196.69
196.69
136.82
136.82
2040.19
2040.19
5392.43
5392.43
361.72
361.72
4472.85
4472.85
2762.24
2762.24
3428.38
3428.38
926.62
926.62
78.59
78.59
959.42
959.42
5861.54
5861.54
2262.44
2262.44
6349.14
6349.14
2183.69
2183.69
902.76
902.76
729.77
729.77
1714.05
1714.05
2636.30
2636.30
13.80
13.80
3506.85
3506.85
212.26
212.26
18.75
18.75
17.86
17.86
766.31
766.31
131.26
131.26
402.91
402.91
1234.27
1234.27
37.83
37.83
192.65
192.65
3640.44
3640.44
1172.64
1172.64
1015.45
1015.45
995.25
995.25
3603.76
3603.76
1146.49
1146.49
1307.17
1307.17
73.05
73.05
40.77
40.77
856.63
856.63
2934.78
2934.78
3498.10
3498.10
2415.88
2415.88
54.18
54.18
1005.45
1005.45
3287.93
3287.93
5880.90
5880.90
4608.66
4608.66
6421.17
6421.17
1398.35
1398.35
2071.74
2071.74
883.21
883.21
545.82
545.82
1003.17
1003.17
326.09
326.09
111.82
111.82
910.96
910.96
5090.12
5090.12
2659.89
2659.89
38.02
38.02
3124.59
3124.59
4550.14
4550.14
91.18
91.18
3830.98
3830.98
134.57
134.57
3197.69
3197.69
713.09
713.09
4406.26
4406.26
1456.16
1456.16
41.19
41.19
198.53
198.53
13.17
13.17
169.22
169.22
2421.78
2421.78
2837.48
2837.48
476.49
476.49
10.00
10.00
2525.71
2525.71
91.84
91.84
6168.79
6168.79
1805.88
1805.88
109.28
109.28
848.45
848.45
2605.21
2605.21
3718.47
3718.47
265.01
265.01
1721.22
1721.22
937.50
937.50
5283.39
5283.39
814.71
814.71
515.70
515.70
999.38
999.38
3459.25
3459.25
19.82
19.82
1457.22
1457.22
1423.63
1423.63
4540.74
4540.74
665.59
665.59
1763.21
1763.21
3219.97
3219.97
678.13
678.13
919.05
919.05
30.40
30.40
620.64
620.64
6213.13
6213.13
6385.60
6385.60
1436.24
1436.24
898.67
898.67
6216.72
6216.72
5048.57
5048.57
2333.52
2333.52
871.50
871.50
3225.61
3225.61
3225.61
3225.61
6567.68
6567.68
6567.68
6567.68
6567.68
6567.68
6567.68
6567.68
6567.68
6567.68
2364.19
2364.19
6014.76
6014.76
6014.76
6014.76
857.32
857.32
940.52
940.52
3469.31
3469.31
3469.31
3469.31
5391.80
5391.80
4002.91
4002.91
1089.12
1089.12
6440.19
6440.19
6607.03
6607.03
6607.03
6607.03
6565.05
6565.05
6565.05
6565.05
6565.05
6565.05
910.82
910.82
15.24
15.24
1316.04
1316.04
15.72
15.72
5706.01
5706.01
5706.01
5706.01
366.89
366.89
2494.61
2494.61
2433.81
2433.81
75.97
75.97
3278.95
3278.95
4977.10
4977.10
5355.33
5355.33
4401.97
4401.97
905.19
905.19
6684.80
6684.80
4590.67
4590.67
4590.67
4590.67
4327.81
4327.81
142.74
142.74
2988.73
2988.73
2988.73
2988.73
198.88
198.88
13.17
13.17
916.89
916.89
974.33
974.33
6586.21
6586.21
3391.97
3391.97
3642.67
3642.67
2312.47
2312.47
1478.20
1478.20
3382.59
3382.59
3291.76
3291.76
2339.42
2339.42
5234.15
5234.15
76.46
76.46
937.97
937.97
952.39
952.39
932.11
932.11
26.49
26.49
850.09
850.09
1986.67
1986.67
3320.95
3320.95
3320.95
3320.95
3320.95
3320.95
1835.34
1835.34
6603.02
6603.02
4656.03
4656.03
4422.92
4422.92
5825.56
5825.56
4346.95
4346.95
14.55
14.55
13.63
13.63
186.16
186.16
2130.80
2130.80
958.94
958.94
4039.82
4039.82
38.12
38.12
3882.72
3882.72
4074.62
4074.62
4074.62
4074.62
4074.62
4074.62
4074.62
4074.62
4074.62
4074.62
4074.62
4074.62
6142.64
6142.64
3021.44
3021.44
3021.44
3021.44
3021.44
3021.44
180.91
180.91
6331.61
6331.61
2489.65
2489.65
2399.83
2399.83
1250.87
1250.87
4998.50
4998.50
1117.25
1117.25
55.44
55.44
17.03
17.03
17.86
17.86
5373.85
5373.85
6120.64
6120.64
4283.00
4283.00
4376.17
4376.17
187.17
187.17
851.22
851.22
2263.64
2263.64
920.14
920.14
3960.10
3960.10
4868.04
4868.04
3892.01
3892.01
1869.05
1869.05
6216.84
6216.84
503.59
503.59
1484.31
1484.31
104.71
104.71
575.51
575.51
4734.34
4734.34
5172.73
5172.73
3166.91
3166.91
1183.58
1183.58
4497.38
4497.38
6463.13
6463.13
91.56
91.56
5968.61
5968.61
996.03
996.03
3159.67
3159.67
4964.92
4964.92
967.28
967.28
2803.51
2803.51
4005.86
4005.86
6150.46
6150.46
5909.39
5909.39
2764.22
2764.22
897.10
897.10
1113.90
1113.90
473.38
473.38
1268.26
1268.26
6204.82
6204.82
2776.80
2776.80
3254.47
3254.47
515.92
515.92
4077.13
4077.13
3831.96
3831.96
1390.07
1390.07
3081.32
3081.32
54.78
54.78
5980.46
5980.46
911.82
911.82
121.92
121.92
2382.50
2382.50
17.43
17.43
1879.71
1879.71
876.27
876.27
6599.02
6599.02
2462.67
2462.67
6123.54
6123.54
12.50
12.50
17.53
17.53
6081.54
6081.54
963.19
963.19
662.40
662.40
1059.73
1059.73
747.74
747.74
380.75
380.75
1677.13
1677.13
4522.75
4522.75
5402.70
5402.70
2986.71
2986.71
4854.62
4854.62
566.17
566.17
3809.51
3809.51
6296.51
6296.51
6301.23
6301.23
5915.32
5915.32
1937.50
1937.50
2455.77
2455.77
2652.27
2652.27
6509.72
6509.72
3750.18
3750.18
4165.32
4165.32
6500.90
6500.90
2076.78
2076.78
4183.63
4183.63
4282.60
4282.60
5662.05
5662.05
14.85
14.85
5542.06
5542.06
6623.40
6623.40
78.33
78.33
356.78
356.78
865.53
865.53
95.59
95.59
2188.57
2188.57
902.52
902.52
6205.18
6205.18
3240.44
3240.44
3580.34
3580.34
1025.59
1025.59
5323.67
5323.67
1811.54
1811.54
2282.77
2282.77
3208.19
3208.19
901.82
901.82
14.54
14.54
2437.77
2437.77
4021.37
4021.37
6588.25
6588.25
6459.99
6459.99
1465.74
1465.74
18.07
18.07
6305.91
6305.91
380.30
380.30
919.80
919.80
2981.63
2981.63
978.46
978.46
874.96
874.96
2464.82
2464.82
17.16
17.16
5699.53
5699.53
5957.64
5957.64
4589.51
4589.51
352.05
352.05
66.63
66.63
3240.67
3240.67
646.04
646.04
77.22
77.22
938.27
938.27
18.58
18.58
12.70
12.70
4261.91
4261.91
117.01
117.01
5969.85
5969.85
2605.33
2605.33
1248.95
1248.95
3962.32
3962.32
600.93
600.93
6518.65
6518.65
635.72
635.72
1550.45
1550.45
1647.16
1647.16
1647.16
952.07
2055.15
2055.15
3636.81
3636.81
537.67
537.67
3255.36
3255.36
6337.84
6337.84
37.80
37.80
202.40
202.40
619.92
619.92
1617.65
1617.65
4932.57
4932.57
14.80
14.80
2597.62
2597.62
3646.98
3646.98
3060.80
3060.80
1925.48
1925.48
14.87
14.87
1881.55
1881.55
14.64
14.64
6345.22
6345.22
6262.36
6262.36
1451.64
1451.64
6346.40
6346.40
6346.40
6346.40
6406.59
6406.59
3309.41
3309.41
15.34
15.34
2197.45
2197.45
3521.09
3521.09
75.78
75.78
75.78
3236.04
161.90
161.90
161.90
961.65
961.65
134.16
134.16
128.66
128.66
1441.30
1441.30
5653.77
5653.77
3964.54
3964.54
186.50
186.50
4574.00
4574.00
1214.97
916.96
916.96
916.96
864.98
864.98
130.87
130.87
425.55
425.55
5887.44
5887.44
1669.21
1669.21
3025.29
3025.29
1371.72
1371.72
612.20
612.20
13.16
13.16
911.13
911.13
6275.88
919.00
919.00
919.00
1589.75
1589.75
1597.12
1597.12
2112.31
2112.31
2848.92
2848.92
4407.89
4407.89
5580.84
5580.84
3296.78
3296.78
69.58
69.58
167.79
167.79
407.49
407.49
2473.88
1956.92
1956.92
1956.92
3015.40
3015.40
71.66
71.66
914.34
914.34
794.63
794.63
903.08
903.08
6004.60
6004.60
4643.02
4643.02
5687.91
5687.91
2752.78
2752.78
2350.40
2350.40
4669.22
4669.22
873.45
873.45
5965.72
5965.72
4513.09
4513.09
2942.66
2942.66
1026.22
1026.22
575.72
575.72
3206.14
3206.14
781.73
781.73
2024.63
2024.63
4444.53
4444.53
907.22
907.22
3631.02
1188.46
1188.46
1188.46
6020.36
6020.36
3714.95
3714.95
5115.14
5115.14
6149.43
6149.43
3729.96
3729.96
4469.54
4469.54
325.63
325.63
2805.36
2805.36
4373.08
4373.08
5066.65
5066.65
193.70
2222.68
2222.68
2222.68
4071.37
4071.37
1939.12
1939.12
1187.34
1187.34
2549.91
2549.91
911.27
911.27
5495.46
5495.46
2090.53
2090.53
5290.74
5290.74
2127.19
2127.19
109.98
109.98
299.76
299.76
6104.80
6104.80
416.52
416.52
13.46
13.46
348.60
348.60
429.44
429.44
1987.90
1987.90
2128.24
2128.24
1594.84
1594.84
3867.28
3867.28
2232.67
2232.67
901.45
901.45
13.28
13.28
766.42
766.42
2826.40
2826.40
6245.20
6245.20
5245.36
5245.36
17.93
17.93
935.75
935.75
3352.96
3352.96
3376.40
3376.40
6233.88
6233.88
1241.00
1241.00
894.69
894.69
19.18
19.18
924.95
924.95
1208.48
1208.48
818.88
818.88
4266.48
4266.48
2205.57
2205.57
1839.28
1839.28
5522.07
5522.07
810.17
810.17
1307.57
1307.57
689.34
689.34
2881.45
2881.45
302.77
302.77
872.29
872.29
114.95
114.95
510.73
510.73
1265.25
1265.25
1850.00
1850.00
17.48
17.48
163.15
163.15
5859.85
5859.85
1868.35
1868.35
214.30
214.30
4289.73
4289.73
4585.69
4585.69
1288.52
1288.52
41.32
41.32
4359.55
4359.55
1332.92
1332.92
3115.19
3115.19
2867.35
2867.35
289.53
289.53
856.90
856.90
3893.68
3893.68
3101.51
3101.51
6102.26
6102.26
3395.29
3395.29
6101.20
6101.20
524.67
524.67
2057.33
2057.33
2334.81
2334.81
4650.24
4650.24
1338.01
1338.01
4852.15
4852.15
894.06
894.06
2161.05
2161.05
6265.15
6265.15
5427.13
5427.13
6066.23
6066.23
3009.07
3009.07
294.91
294.91
2296.66
2296.66
36.42
36.42
126.81
126.81
56.18
56.18
89.43
89.43
1941.42
1941.42
1065.92
1065.92
5059.84
5059.84
1901.01
1901.01
6349.28
6349.28
468.38
468.38
1885.63
1885.63
1137.85
1137.85
1290.69
1290.69
663.38
663.38
856.09
856.09
1621.72
1621.72
2002.77
2002.77
38.02
38.02
181.96
181.96
845.36
845.36
72.85
72.85
3670.59
3670.59
3731.89
3731.89
13.20
13.20
4922.15
4922.15
463.33
463.33
2420.34
2420.34
616.07
616.07
3972.30
3972.30
5983.18
5983.18
3028.97
3028.97
18.55
18.55
241.15
241.15
894.31
894.31
194.58
194.58
4116.63
4116.63
198.87
198.87
208.05
208.05
1703.69
1703.69
12.63
12.63
2810.40
2810.40
273.43
273.43
1728.03
1728.03
2453.77
2453.77
268.87
268.87
2008.30
2008.30
2391.76
2391.76
209.10
209.10
5861.44
5861.44
3362.39
3362.39
906.11
906.11
879.17
879.17
881.90
881.90
4842.50
4842.50
24.24
24.24
1150.73
1150.73
1118.11
1118.11
2581.37
2581.37
385.29
385.29
1169.01
1169.01
17.49
17.49
1154.55
1154.55
4472.21
4472.21
1538.96
1538.96
591.29
591.29
1323.91
1323.91
668.01
668.01
2120.09
2120.09
1863.82
1863.82
6050.09
6050.09
2585.98
2585.98
3032.80
3032.80
1544.07
1544.07
6065.70
6065.70
6341.27
6341.27
14.01
14.01
5142.73
5142.73
4109.85
4109.85
144.94
144.94
5734.20
5734.20
511.29
511.29
2493.94
2493.94
2807.45
2807.45
13.56
13.56
123.49
123.49
1875.70
1875.70
899.98
899.98
109.59
109.59
384.43
384.43
1599.80
1599.80
1599.80
1599.80
1599.80
1599.80
1599.80
1599.80
1599.80
1599.80
1599.80
1599.80
1599.80
1599.80
1599.80
1599.80
1599.80
1599.80
1599.80
1599.80
2175.80
2258.18
2508.91
2457.39
3731.07
894.11
1358.17
1358.17
28.75
28.75
6118.16
6118.16
447.17
447.17
13.16
13.16
853.80
853.80
953.86
953.86
3874.89
3874.89
1917.58
1917.58
353.70
353.70
945.18
945.18
2564.00
2564.00
945.09
945.09
6322.73
6322.73
2337.15
2337.15
3518.56
3518.56
4267.39
4267.39
938.68
938.68
1853.85
1853.85
4418.62
4418.62
6482.56
6482.56
6707.49
6707.49
863.23
863.23
250.99
250.99
1724.55
1724.55
1011.27
1011.27
121.99
121.99
17.87
17.87
11.76
11.76
1603.54
1603.54
3571.14
3571.14
100.05
100.05
144.82
144.82
37.41
37.41
53.91
53.91
19.43
19.43
910.14
910.14
14.40
14.40
3923.42
3923.42
78.55
78.55
3426.87
3426.87
915.27
915.27
4702.40
4702.40
3396.57
3396.57
1824.14
1824.14
3419.44
3419.44
5235.67
5235.67
13.34
13.34
5174.44
5174.44
171.42
171.42
4527.17
4527.17
1237.05
1237.05
1724.61
1724.61
4258.33
4258.33
13.27
13.27
6380.05
6380.05
1205.12
1205.12
5225.33
5225.33
992.34
992.34
71.06
71.06
2378.20
2378.20
14.15
14.15
3354.54
3354.54
6531.09
6531.09
194.96
194.96
5875.70
5875.70
4984.69
4984.69
4984.69
4984.69
4229.80
4229.80
592.15
592.15
6527.93
6527.93
12.64
12.64
895.40
895.40
3508.96
3508.96
957.11
957.11
16.80
16.80
461.13
461.13
1317.47
1317.47
2980.09
2980.09
6643.05
6643.05
6643.05
6643.05
6643.05
6643.05
6643.05
6643.05
5444.07
5444.07
884.88
884.88
2426.89
2426.89
636.56
636.56
6295.26
6295.26
2886.37
2886.37
4330.02
4330.02
1501.38
1501.38
6085.28
6085.28
6085.28
6085.28
45.36
45.36
2142.86
2142.86
6256.52
6256.52
2025.64
2025.64
1936.57
1936.57
85.65
85.65
899.05
899.05
2045.03
2045.03
4480.39
4480.39
1809.55
1809.55
5918.59
5918.59
2401.27
2401.27
2881.07
2881.07
1455.60
1455.60
1143.66
1143.66
3208.26
3208.26
3469.96
3469.96
5947.17
5947.17
4710.49
4710.49
4303.43
4303.43
44.88
44.88
6003.99
6003.99
932.69
932.69
43.36
43.36
2414.43
2414.43
2197.07
2197.07
229.20
229.20
6098.89
6098.89
2391.67
2391.67
6597.55
6597.55
39.50
39.50
6320.47
6320.47
1174.30
1174.30
4309.99
4309.99
860.51
860.51
1815.61
1815.61
6589.57
6589.57
921.35
921.35
137.87
137.87
6416.97
6416.97
36.66
36.66
2173.90
2173.90
4262.80
4262.80
6814.75
6814.75
14.05
14.05
406.25
406.25
903.21
903.21
15.65
15.65
4087.31
4087.31
1322.19
1322.19
171.01
171.01
922.02
922.02
496.56
496.56
5749.26
5749.26
2920.25
2920.25
6118.10
6118.10
5848.06
5848.06
2238.72
2238.72
6208.03
6208.03
754.15
754.15
3799.58
3799.58
3947.96
3947.96
2762.54
2762.54
901.13
901.13
14.69
14.69
13.98
13.98
73.05
73.05
145.06
145.06
5910.71
5910.71
794.89
794.89
1346.47
1346.47
29.00
29.00
1289.71
1289.71
955.65
955.65
331.69
331.69
331.69
931.06
4844.96
4844.96
6273.25
6273.25
6273.25
17.38
17.38
4427.25
4371.33
4371.33
44.93
44.93
902.07
902.07
902.07
1474.39
1474.39
61.87
61.87
1337.97
1337.97
388.15
388.15
1210.25
1210.25
797.10
797.10
1573.46
1573.46
651.57
651.57
6040.81
6040.81
4703.19
4703.19
732.79
732.79
904.22
904.22
143.24
143.24
5371.85
5371.85
611.40
611.40
12.86
12.86
932.81
932.81
13.22
13.22
13.18
13.18
32.24
32.24
248.05
248.05
2680.91
2680.91
3563.56
3563.56
3152.45
3152.45
15.51
15.51
2565.73
2565.73
1533.86
1533.86
13.19
13.19
53.12
53.12
13.02
13.02
2504.29
2504.29
2493.83
2493.83
18.60
18.60
18.74
18.74
13.42
13.42
2349.42
2349.42
5956.08
5956.08
2230.57
2230.57
188.69
188.69
5341.45
5341.45
943.09
943.09
6452.59
6452.59
4259.11
4259.11
71.72
71.72
435.42
435.42
2715.92
2715.92
13.88
13.88
906.19
906.19
12.91
12.91
3052.94
3052.94
950.87
950.87
6266.65
6266.65
6367.84
6367.84
4327.74
4327.74
2911.47
2911.47
998.85
998.85
599.59
599.59
4587.23
4587.23
1174.35
1174.35
1720.09
1720.09
62.90
62.90
75.66
75.66
2151.93
2151.93
1415.73
1415.73
2581.14
2581.14
2753.81
2753.81
30.10
30.10
585.85
585.85
1056.83
1056.83
659.15
659.15
1055.38
1055.38
3511.31
3511.31
1043.39
1043.39
4331.97
4331.97
2925.76
2925.76
3511.22
3511.22
6258.40
6258.40
6322.82
6322.82
6444.33
6444.33
5900.75
5900.75
2564.54
2564.54
4256.08
4256.08
3322.72
3322.72
878.12
878.12
1829.77
1829.77
13.24
13.24
4921.28
4921.28
747.71
747.71
909.36
909.36
6039.26
6039.26
13.40
13.40
327.72
327.72
533.22
533.22
4871.54
4871.54
524.20
524.20
6202.29
6202.29
1148.72
1148.72
4566.72
4566.72
1395.84
1395.84
839.72
839.72
124.76
124.76
764.24
764.24
398.01
398.01
5957.78
5957.78
54.62
54.62
2690.55
2690.55
1970.65
1970.65
925.56
925.56
607.04
607.04
6564.54
6564.54
117.02
117.02
3976.10
3976.10
6216.85
6216.85
696.74
696.74
181.62
181.62
3578.31
3578.31
1692.19
1692.19
5791.23
5791.23
4401.90
4401.90
6015.58
6015.58
4404.79
4404.79
1329.42
1329.42
2088.62
2088.62
968.60
968.60
4477.41
4477.41
13.37
13.37
902.54
902.54
6656.16
6656.16
6313.19
6313.19
2313.49
2313.49
6339.55
6339.55
6391.41
6391.41
1830.69
1830.69
2453.44
2453.44
16.81
16.81
13.15
13.15
2234.14
2234.14
3108.47
3108.47
870.24
870.24
96.58
96.58
67.98
67.98
3465.38
3465.38
229.46
229.46
1009.07
1009.07
41.12
41.12
306.24
306.24
34.31
34.31
13.14
13.14
31.19
31.19
173.75
173.75
947.72
947.72
4122.02
4122.02
3869.35
3869.35
6088.21
6088.21
13.21
13.21
916.59
916.59
5032.58
5032.58
6164.89
6164.89
6040.99
6040.99
44.34
44.34
2570.30
2570.30
81.73
81.73
893.52
893.52
2674.35
2674.35
43.31
43.31
357.98
357.98
6163.84
6163.84
892.21
892.21
1659.57
1659.57
1737.99
1737.99
4941.12
4941.12
2089.20
2089.20
882.30
882.30
4074.45
4074.45
897.90
897.90
1165.81
1165.81
6150.22
6150.22
2190.82
2190.82
3546.73
3546.73
942.93
942.93
4191.20
4191.20
6137.90
6137.90
5112.41
5112.41
6447.20
6447.20
2005.72
2005.72
2686.39
2686.39
6484.99
6484.99
4414.51
4414.51
2023.11
2023.11
640.56
640.56
4128.96
4128.96
4894.65
4894.65
4894.65
4894.65
977.88
977.88
1336.56
1336.56
3812.49
3812.49
5853.58
5853.58
5228.41
5228.41
1215.24
1215.24
1215.24
1215.24
3444.25
3444.25
3444.25
3444.25
3444.25
3444.25
863.08
863.08
3321.32
3321.32
13.94
13.94
4351.63
4351.63
15.14
15.14
3481.17
3481.17
3481.17
3481.17
3481.17
3481.17
3481.17
3481.17
3481.17
3481.17
4976.26
4976.26
5141.27
5141.27
5141.27
5141.27
5141.27
5141.27
5141.27
5141.27
5141.27
5141.27
5141.27
5141.27
5141.27
5141.27
5141.27
5141.27
5141.27
5141.27
5141.27
5141.27
5141.27
5141.27
5141.27
5141.27
641.88
641.88
745.91
745.91
1197.89
1197.89
731.85
731.85
1808.51
1808.51
1682.60
1682.60
1852.69
1852.69
2160.13
2160.13
2160.13
2160.13
2284.00
2284.00
2023.72
2023.72
2023.72
2023.72
1038.32
1038.32
3065.37
3065.37
2941.25
2941.25
4367.27
4367.27
4053.23
4053.23
4053.23
4053.23
4053.23
4053.23
4508.70
4508.70
857.02
857.02
2902.68
2902.68
4639.57
4639.57
5667.57
5667.57
5667.57
5667.57
5667.57
5667.57
5667.57
5667.57
1332.67
1332.67
5076.10
5076.10
1588.78
1588.78
5626.20
5626.20
5427.60
5427.60
1792.91
1792.91
805.68
805.68
5745.44
5745.44
3481.96
3481.96
13.95
13.95
5450.94
5450.94
1580.49
1580.49
687.38
687.38
909.38
909.38
10.00
10.00
2662.46
2662.46
399.49
399.49
3889.04
3889.04
6435.08
6435.08
6657.72
6657.72
1617.05
1617.05
25.04
25.04
3244.09
3244.09
6209.62
6209.62
73.05
73.05
1336.28
1336.28
2202.97
2202.97
871.56
871.56
1422.75
1422.75
4236.82
4236.82
4284.53
4284.53
6432.57
6432.57
5624.66
5624.66
54.19
54.19
887.14
887.14
12.81
12.81
588.83
588.83
6251.01
6251.01
5660.69
5660.69
1398.07
1398.07
6575.79
6575.79
2402.03
2402.03
12.28
12.28
1246.36
1246.36
2046.21
2046.21
6238.83
6238.83
1235.12
1235.12
2527.44
2527.44
259.21
259.21
1557.56
1557.56
2984.15
2984.15
877.52
877.52
1632.16
1632.16
896.41
896.41
35.25
35.25
113.94
113.94
3648.11
3648.11
218.66
218.66
916.47
916.47
3647.24
3647.24
4703.83
4703.83
12.95
12.95
3338.34
3338.34
935.42
935.42
4531.19
4531.19
880.82
880.82
6287.71
6287.71
3029.43
3029.43
884.02
884.02
37.78
37.78
4824.66
4824.66
1290.36
1290.36
499.83
499.83
3096.67
3096.67
1589.22
1589.22
6280.46
6280.46
6280.46
6280.46
6280.46
6280.46
6244.70
6244.70
6244.70
6244.70
26.38
26.38
6541.97
6541.97
899.10
899.10
12.74
12.74
15.20
15.20
13.79
13.79
224.69
224.69
10.00
10.00
12.68
12.68
913.82
913.82
73.33
73.33
410.60
410.60
481.11
481.11
27.34
27.34
123.67
123.67
56.35
56.35
12.71
12.71
19.29
19.29
5601.72
5601.72
17.67
17.67
3044.40
3044.40
6461.22
6461.22
109.12
109.12
43.38
43.38
227.87
227.87
25.81
25.81
2294.49
2294.49
135.53
135.53
3626.82
3626.82
29.14
29.14
13.28
13.28
1776.64
1776.64
1198.28
1198.28
4497.09
4497.09
81.85
81.85
1068.19
1068.19
17.33
17.33
4285.55
4285.55
4285.55
4285.55
5107.53
5107.53
2350.68
2350.68
4381.30
4381.30
1572.85
1572.85
1725.20
1725.20
3053.95
3053.95
905.51
905.51
2635.48
2635.48
3287.30
3287.30
3643.92
3643.92
2790.65
2790.65
2790.65
2790.65
2790.65
2790.65
3245.13
3245.13
3250.80
3250.80
2020.50
2020.50
2601.39
2601.39
3083.02
3083.02
4110.01
4110.01
4110.01
4110.01
232.73
232.73
6588.10
6588.10
6588.10
6588.10
6588.10
6588.10
6588.10
6588.10
6588.10
6588.10
6588.10
6588.10
6588.10
6588.10
6287.85
6287.85
280.26
280.26
4100.95
4100.95
4832.90
4832.90
4832.90
4832.90
4832.90
4832.90
14.07
14.07
6147.09
6147.09
6147.09
6147.09
884.72
884.72
5175.15
5175.15
12.81
12.81
4318.68
4318.68
3854.30
3854.30
880.59
880.59
1618.67
1618.67
14.43
14.43
2609.17
2609.17
2609.17
2609.17
2609.17
2609.17
3049.95
3049.95
5489.53
5489.53
4390.17
4390.17
1437.13
1437.13
2262.84
2262.84
2586.58
2586.58
4743.36
4743.36
2864.39
2864.39
4898.81
4898.81
39.83
39.83
13.86
13.86
1219.14
1219.14
10.00
10.00
1179.29
1179.29
1839.83
1839.83
61.80
61.80
722.67
722.67
722.67
3455.93
3634.70
3634.70
4640.32
4640.32
1120.16
1120.16
5003.38
5003.38
384.33
384.33
891.10
891.10
2833.48
2833.48
888.58
888.58
2805.05
2805.05
2805.05
2805.05
2805.05
2805.05
1480.34
1480.34
4711.96
4711.96
1582.39
1582.39
1335.35
1335.35
2588.47
2588.47
12.86
12.86
891.59
891.59
102.95
102.95
39.94
39.94
18.98
18.98
13.31
13.31
160.04
160.04
12.79
12.79
2074.33
2074.33
12.66
12.66
3270.19
3270.19
4022.32
4022.32
1840.79
1840.79
1840.79
2626.02
3662.92
3662.92
865.93
865.93
137.26
137.26
3208.57
3208.57
4436.65
4436.65
5373.34
5373.34
947.46
947.46
74.59
74.59
3042.31
3042.31
43.57
43.57
3941.32
3941.32
2405.04
2405.04
2421.47
2421.47
1024.80
1024.80
1653.45
1653.45
4929.28
4929.28
1026.60
1026.60
93.03
93.03
2583.54
2583.54
4254.78
4254.78
77.96
77.96
6209.37
6209.37
5490.61
5490.61
19.11
19.11
584.42
584.42
1118.84
1118.84
12.42
12.42
624.09
624.09
961.39
961.39
1337.15
1337.15
1337.15
864.01
55.24
55.24
859.06
859.06
859.06
935.05
935.05
3743.53
3743.53
87.37
87.37
20.25
13.24
13.24
13.24
329.27
329.27
64.51
64.51
36.16
36.16
403.74
403.74
28.90
28.90
57.75
903.16
903.16
903.16
1190.87
1190.87
18.66
18.66
872.89
872.89
246.70
246.70
2428.31
2428.31
2011.29
2011.29
1889.26
1889.26
13.42
13.42
10.00
10.00
919.53
919.53
1305.04
850.92
850.92
850.92
211.73
211.73
132.18
132.18
37.26
37.26
166.61
166.61
3880.74
3880.74
55.35
55.35
38.67
38.67
893.72
893.72
237.91
237.91
83.90
83.90
847.42
4744.40
4744.40
4744.40
733.73
733.73
1032.31
1032.31
897.20
897.20
19.11
19.11
844.26
844.26
550.70
550.70
174.56
174.56
17.30
17.30
75.75
75.75
1132.49
1132.49
2809.04
2809.04
784.93
784.93
152.92
152.92
32.25
32.25
838.90
838.90
127.18
127.18
14.04
14.04
1448.97
1448.97
70.08
70.08
1142.36
1142.36
65.91
65.91
865.01
865.01
53.50
53.50
867.97
867.97
5798.86
5798.86
192.80
192.80
39.82
39.82
165.99
165.99
918.99
918.99
986.68
986.68
4180.98
4180.98
110.31
110.31
481.82
481.82
892.62
892.62
14.29
14.29
1411.48
1411.48
3281.70
3281.70
85.96
85.96
29.08
29.08
2406.60
2406.60
893.75
893.75
236.27
236.27
2603.31
2603.31
680.71
680.71
54.23
54.23
917.00
917.00
54.65
54.65
935.40
935.40
1646.01
1646.01
3918.50
3918.50
63.17
63.17
6626.13
6626.13
895.33
895.33
418.67
418.67
63.62
63.62
5526.48
5526.48
2460.23
2460.23
5225.68
5225.68
2892.72
2892.72
933.95
933.95
32.44
32.44
1790.39
1790.39
2733.12
2733.12
61.54
61.54
1107.04
1107.04
505.83
505.83
2571.97
2571.97
6455.53
6455.53
1528.97
1528.97
1221.03
1221.03
13.58
13.58
1272.86
1272.86
13.42
13.42
310.00
310.00
105.75
105.75
137.13
137.13
927.29
927.29
4343.51
4343.51
1734.17
1734.17
3399.74
3399.74
56.52
56.52
888.73
888.73
5623.30
5623.30
6027.54
6027.54
1155.56
1155.56
4914.97
4914.97
415.40
415.40
4437.15
4437.15
3633.58
3633.58
151.14
151.14
19.05
19.05
1331.41
1331.41
3963.17
3963.17
906.94
906.94
6454.57
6454.57
6075.33
6075.33
1794.73
1794.73
472.83
472.83
907.50
907.50
5025.65
5025.65
2484.11
2484.11
92.52
92.52
937.78
937.78
2296.55
2296.55
2111.87
2111.87
6305.45
6305.45
53.94
53.94
1587.90
1587.90
1546.76
1546.76
1576.48
1576.48
1620.39
1620.39
2025.07
2025.07
1428.76
1428.76
12.77
12.77
204.02
204.02
5868.94
5868.94
6364.06
6364.06
1241.87
1241.87
1039.29
1039.29
5812.43
5812.43
5812.43
5812.43
5812.43
5812.43
6661.09
6661.09
74.01
74.01
6112.28
6112.28
6514.38
6514.38
6805.72
6805.72
6556.01
6556.01
5822.48
5822.48
1470.24
1470.24
6508.59
6508.59
5465.30
5465.30
4804.09
4804.09
6126.38
6126.38
1002.78
1002.78
6345.31
6345.31
13.51
13.51
3462.80
3462.80
117.07
117.07
2644.96
2644.96
3235.93
3235.93
1796.35
1796.35
3777.29
3777.29
1732.14
1732.14
746.47
746.47
570.79
570.79
1400.86
1400.86
20.64
20.64
53.15
53.15
4473.33
4473.33
6099.25
6099.25
3274.16
3274.16
4390.69
4390.69
6173.64
6173.64
12.74
12.74
4016.23
4016.23
1226.94
1226.94
268.44
268.44
1251.93
1251.93
3700.25
3700.25
6076.38
6076.38
1416.46
1416.46
1403.40
1403.40
1163.69
1163.69
1181.42
1181.42
813.39
813.39
4457.79
4457.79
52.78
52.78
653.76
653.76
4507.17
4507.17
6156.66
6156.66
4007.08
4007.08
890.37
890.37
6145.35
6145.35
3727.89
3727.89
537.36
537.36
75.18
75.18
2467.43
2467.43
158.36
158.36
913.07
913.07
12.81
12.81
3669.04
3669.04
4159.61
4159.61
1389.78
1389.78
1914.55
1914.55
366.30
366.30
1456.62
1456.62
1460.44
1460.44
5003.80
5003.80
1562.24
1562.24
5987.03
5987.03
81.51
81.51
100.17
100.17
95.53
95.53
75.35
75.35
385.03
385.03
79.29
79.29
13.72
13.72
760.52
760.52
4087.66
4087.66
6284.72
6284.72
4125.72
4125.72
4053.08
4053.08
29.05
29.05
127.33
127.33
62.43
62.43
396.88
396.88
39.52
39.52
936.16
936.16
1789.13
1789.13
2914.22
2914.22
3803.36
3803.36
37.60
37.60
132.29
132.29
39.55
39.55
96.70
96.70
4451.49
4451.49
205.25
205.25
501.86
501.86
13.33
13.33
877.18
877.18
2348.89
2348.89
55.45
55.45
3000.12
3000.12
224.79
224.79
3071.53
3071.53
496.36
496.36
5915.65
5915.65
961.85
961.85
6031.41
6031.41
2245.14
2245.14
2749.53
2749.53
934.73
934.73
1047.63
1047.63
4126.15
4126.15
5676.32
5676.32
6593.58
6593.58
2099.62
2099.62
5322.75
5322.75
6275.88
6275.88
1897.93
1897.93
4163.02
4163.02
2587.93
2587.93
650.24
650.24
5869.54
5869.54
5869.54
5869.54
2736.38
2736.38
3250.21
3250.21
5646.51
5646.51
2919.32
2919.32
3733.48
3733.48
4300.28
4300.28
1944.92
1944.92
2787.77
2787.77
2787.77
2787.77
1307.69
1307.69
3364.19
3364.19
3364.19
3364.19
3364.19
3364.19
3364.19
3364.19
3364.19
3364.19
867.62
867.62
4631.16
4631.16
5662.14
5662.14
41.11
41.11
6012.55
6012.55
6012.55
6012.55
3489.20
3489.20
5040.88
5040.88
712.21
712.21
5985.62
5985.62
2709.90
2709.90
43.34
43.34
4556.35
4556.35
2370.86
2370.86
831.99
831.99
6314.00
6314.00
28.84
28.84
10.00
10.00
843.45
843.45
6122.04
6122.04
595.09
595.09
2773.64
2773.64
76.80
76.80
13.30
13.30
28.44
28.44
236.91
236.91
3335.42
3335.42
2514.59
2514.59
565.21
565.21
122.52
122.52
6368.27
6368.27
19.05
19.05
242.48
242.48
6149.90
6149.90
915.03
915.03
2362.12
2362.12
868.04
868.04
5569.04
5569.04
6391.65
6391.65
428.39
428.39
15.56
15.56
6579.26
6579.26
14.09
14.09
6340.50
6340.50
115.84
115.84
870.27
870.27
1113.44
1113.44
1606.60
1606.60
1515.63
1515.63
316.50
316.50
848.84
848.84
6420.27
6420.27
2578.24
2578.24
2414.74
2414.74
5972.96
5972.96
870.43
870.43
870.43
1487.82
2512.82
2512.82
2687.25
2687.25
4042.26
4042.26
894.85
894.85
1145.94
1145.94
1136.99
1136.99
6565.83
6565.83
14.71
14.71
2572.10
2572.10
1155.45
1155.45
2166.12
2166.12
524.55
524.55
874.84
874.84
15.48
15.48
76.18
76.18
1087.05
1087.05
1463.16
1463.16
6185.20
6185.20
12.60
12.60
5285.01
5285.01
491.79
491.79
1501.54
1501.54
2687.97
2687.97
96.21
96.21
1103.59
1103.59
3411.11
3411.11
19.70
19.70
5194.22
5194.22
5186.21
5186.21
704.16
704.16
69.95
69.95
5706.24
5706.24
3827.79
3827.79
192.76
192.76
1566.58
1566.58
4510.17
4510.17
3198.47
3198.47
13.44
13.44
1611.41
1611.41
2409.37
2409.37
879.82
879.82
921.23
921.23
75.18
75.18
885.85
885.85
790.68
790.68
27.01
27.01
665.85
665.85
341.69
341.69
3032.25
3032.25
42.04
42.04
504.70
504.70
139.75
139.75
3233.59
3233.59
13.46
13.46
333.36
333.36
6002.50
6002.50
1259.28
1259.28
605.17
605.17
98.08
98.08
65.30
65.30
546.10
546.10
546.10
10.00
934.93
934.93
4208.18
4208.18
5878.44
5878.44
28.91
28.91
1360.37
1360.37
17.03
17.03
1993.94
1993.94
105.81
105.81
51.71
51.71
4437.86
4437.86
2203.55
2203.55
3531.83
3531.83
76.22
76.22
2425.81
2425.81
93.21
93.21
925.75
925.75
477.00
477.00
929.49
929.49
183.82
183.82
1015.19
1015.19
74.29
74.29
13.36
13.36
16.78
16.78
3079.19
3079.19
84.93
84.93
125.84
125.84
10.00
10.00
79.23
79.23
741.84
741.84
13.58
13.58
3233.69
3233.69
1976.33
1976.33
87.31
87.31
194.51
194.51
3649.18
3649.18
27.76
27.76
18.93
18.93
1631.71
1631.71
6440.64
6440.64
5903.97
5903.97
18.91
18.91
1441.89
1441.89
25.48
25.48
1902.48
1902.48
18.02
18.02
3280.85
3280.85
3562.86
3562.86
5710.22
5710.22
967.32
967.32
56.31
56.31
2038.00
2038.00
17.87
17.87
6218.60
6218.60
4050.33
4050.33
51.54
51.54
1058.00
1058.00
571.13
571.13
2703.95
2703.95
891.67
891.67
4586.08
4586.08
412.95
412.95
6292.49
6292.49
994.77
994.77
2650.26
2650.26
10.00
10.00
55.10
55.10
939.56
939.56
269.78
269.78
862.52
862.52
37.79
37.79
889.95
889.95
961.88
961.88
4416.83
4416.83
5669.52
5669.52
29.32
29.32
113.02
113.02
906.04
906.04
2527.98
2527.98
10.00
10.00
10.00
1338.35
3290.07
3290.07
3290.07
535.01
535.01
2438.28
2438.28
1290.86
1290.86
5038.76
5038.76
297.60
297.60
2991.46
2991.46
4479.89
4479.89
110.86
110.86
2606.24
2606.24
235.06
235.06
75.13
75.13
899.90
899.90
12.70
12.70
17.72
17.72
395.85
395.85
13.00
13.00
67.64
67.64
16.41
16.41
1447.79
1447.79
12.53
12.53
896.29
896.29
769.61
769.61
6462.04
6462.04
5856.74
5856.74
6082.16
6082.16
880.34
880.34
13.34
13.34
2724.45
2724.45
670.44
670.44
1578.77
1578.77
1634.87
1634.87
2706.10
2706.10
903.94
903.94
2156.47
2156.47
1489.76
1489.76
368.01
368.01
3666.39
3666.39
4346.45
4346.45
799.83
799.83
124.88
124.88
18.28
18.28
6351.19
6351.19
78.39
78.39
30.50
30.50
4279.00
4279.00
3528.57
3528.57
43.17
43.17
103.46
103.46
13.00
13.00
937.50
937.50
71.67
71.67
19.09
19.09
55.01
55.01
2226.60
2226.60
1861.28
1861.28
4271.84
4271.84
82.91
82.91
449.93
449.93
276.26
276.26
27.37
27.37
173.05
173.05
173.05
169.13
169.13
13.56
13.56
3786.20
30.05
30.05
1084.59
1084.59
16.98
16.98
6219.74
6219.74
949.76
949.76
5908.19
5908.19
6035.17
6035.17
1142.43
1142.43
3366.28
3366.28
3366.28
3366.28
3366.28
3366.28
3366.28
3366.28
3369.49
3369.49
3369.49
3369.49
856.63
856.63
6146.58
6146.58
6146.58
6146.58
6146.58
6146.58
6146.58
6146.58
6146.58
6146.58
6146.58
6146.58
6146.58
6146.58
6146.58
6146.58
6146.58
6146.58
6146.58
6146.58
378.00
378.00
5103.34
5103.34
38.34
38.34
3356.61
3356.61
1272.68
1272.68
3196.79
3196.79
949.46
949.46
13.31
13.31
835.09
835.09
835.09
835.09
5437.41
5437.41
120.14
120.14
1019.84
1019.84
2865.57
2865.57
725.47
725.47
3092.82
3092.82
1435.49
1435.49
73.40
73.40
862.03
862.03
437.40
437.40
4346.11
4346.11
2751.53
2751.53
4561.15
4561.15
247.65
247.65
271.21
271.21
3793.47
3793.47
1069.82
1069.82
6071.63
6071.63
6020.11
6020.11
4611.52
4611.52
2304.28
2304.28
2304.28
2304.28
1725.46
1725.46
561.38
561.38
561.38
561.38
4812.25
4812.25
962.57
962.57
904.00
904.00
1148.74
1148.74
5395.60
5395.60
1933.76
1933.76
60.36
60.36
6591.42
6591.42
1966.24
1966.24
2343.33
2343.33
445.83
445.83
1479.29
1479.29
3311.85
3311.85
5845.56
5845.56
3984.08
3984.08
467.50
467.50
71.74
71.74
1386.78
1386.78
1386.78
1386.78
57.27
57.27
234.68
234.68
883.35
883.35
35.47
35.47
65.26
65.26
3396.63
3396.63
3986.80
3986.80
4716.86
4716.86
80.86
80.86
25.92
25.92
92.06
92.06
115.77
115.77
68.38
68.38
132.59
132.59
1013.06
1013.06
12.48
12.48
900.04
900.04
4162.89
4162.89
4028.91
4028.91
4028.91
4028.91
4028.91
4028.91
4028.91
4028.91
3448.67
3448.67
1251.98
1251.98
17.91
17.91
3221.25
3221.25
4776.39
4776.39
3303.61
3303.61
3465.86
3465.86
374.65
374.65
398.02
398.02
2174.25
2174.25
1774.98
1774.98
862.66
862.66
1886.69
1886.69
1409.19
1409.19
17.35
17.35
4270.97
4270.97
18.30
18.30
571.25
571.25
1217.46
1217.46
4660.01
4660.01
12.41
12.41
6112.98
6112.98
1884.79
1884.79
50.23
50.23
28.29
28.29
180.41
180.41
68.65
68.65
54.73
54.73
6517.22
6517.22
65.96
65.96
847.87
847.87
3700.97
3700.97
78.33
78.33
13.92
13.92
25.69
25.69
36.38
36.38
134.57
134.57
75.75
75.75
94.81
94.81
5988.44
5988.44
2439.15
2439.15
900.69
900.69
905.45
905.45
2431.13
2431.13
4429.22
4429.22
162.10
162.10
13.43
13.43
936.49
936.49
2309.03
2309.03
446.07
446.07
90.28
90.28
5680.49
5680.49
1674.34
1674.34
1502.93
1502.93
964.17
964.17
13.67
13.67
1543.83
1543.83
984.84
984.84
4642.17
4642.17
2607.38
2607.38
50.27
50.27
68.39
68.39
1755.58
1755.58
37.36
37.36
532.40
532.40
2833.89
2833.89
27.94
27.94
2828.56
2828.56
411.59
411.59
3903.93
3903.93
653.97
653.97
4329.59
4329.59
2605.14
2605.14
56.80
56.80
17.64
17.64
4038.42
4038.42
38.41
38.41
448.77
448.77
828.62
828.62
150.96
150.96
54.50
54.50
4266.13
4266.13
4081.54
4081.54
5052.89
5052.89
3501.77
3501.77
1080.95
1080.95
2719.60
2719.60
4731.39
4731.39
922.68
922.68
5383.18
5383.18
928.77
928.77
3234.96
3234.96
3179.09
3179.09
2128.79
2128.79
294.74
294.74
882.73
882.73
4020.48
4020.48
503.16
503.16
4622.94
4622.94
13.59
13.59
885.77
885.77
471.29
471.29
6555.16
6555.16
3834.36
3834.36
623.19
623.19
3304.31
3304.31
116.64
116.64
910.89
910.89
88.56
88.56
2659.81
2659.81
6664.22
6664.22
2809.89
2809.89
2760.21
2760.21
38.45
38.45
25.38
25.38
57.30
57.30
49.96
49.96
4414.79
4414.79
4692.13
4692.13
45.06
45.06
2580.17
2580.17
40.65
40.65
5956.10
5956.10
47.61
47.61
2989.90
2989.90
46.23
46.23
945.55
945.55
366.94
366.94
4271.12
4271.12
520.11
520.11
1257.31
1257.31
16.54
16.54
5269.91
5269.91
82.91
82.91
59.94
59.94
2130.84
2130.84
1377.14
1377.14
1855.06
1855.06
134.97
134.97
13.52
13.52
165.01
165.01
1679.10
1679.10
220.64
220.64
950.66
950.66
18.90
18.90
824.63
824.63
26.53
26.53
368.59
368.59
223.33
223.33
435.85
435.85
39.50
39.50
66.74
66.74
71.87
71.87
82.63
82.63
4393.13
4393.13
6383.31
6383.31
72.04
72.04
110.41
110.41
66.63
66.63
53.25
53.25
4744.60
4744.60
113.55
113.55
52.55
52.55
65.38
65.38
215.66
215.66
90.49
90.49
6110.89
6110.89
93.92
93.92
39.22
39.22
59.16
59.16
6124.32
6124.32
4880.41
4880.41
852.28
852.28
6012.24
6012.24
6343.23
6343.23
3749.57
3749.57
2032.78
2032.78
3672.84
3672.84
1051.02
1051.02
944.71
944.71
1396.46
1396.46
77.02
77.02
1279.24
1279.24
531.51
531.51
215.69
215.69
1298.43
1298.43
42.35
42.35
14.01
14.01
2151.19
2151.19
16.84
16.84
882.83
882.83
60.32
60.32
193.65
193.65
1117.21
1117.21
3978.47
3978.47
92.63
92.63
251.65
251.65
5846.35
5846.35
5977.90
5977.90
12.71
12.71
441.74
441.74
16.78
16.78
13.47
13.47
123.62
123.62
3082.28
3082.28
1496.73
1496.73
1496.73
81.58
81.58
81.58
777.47
182.15
6090.23
6090.23
997.47
997.47
18.96
18.96
6240.54
6240.54
2543.19
2543.19
5854.31
5854.31
1854.31
1854.31
363.78
363.78
2718.87
2718.87
2718.87
2718.87
13.35
13.35
879.66
879.66
2893.36
2893.36
3001.51
3001.51
54.16
54.16
3821.97
3821.97
3821.97
3821.97
3821.97
3821.97
3821.97
3821.97
203.30
203.30
2837.20
2837.20
5362.09
5362.09
6580.55
6580.55
6580.55
6580.55
6580.55
6580.55
4999.19
4999.19
6538.49
6538.49
6538.49
6538.49
18.13
18.13
4563.09
4563.09
4563.09
4563.09
4563.09
4563.09
4563.09
4563.09
14.55
14.55
2656.63
2656.63
3237.32
3237.32
3237.32
3237.32
3237.32
3237.32
692.51
692.51
2871.51
2871.51
2871.51
2871.51
5087.67
5087.67
917.77
917.77
1466.36
1466.36
1466.36
1466.36
18.73
18.73
6304.28
6304.28
6304.28
6304.28
1626.32
1626.32
25.18
25.18
6075.97
6075.97
2672.91
2672.91
3446.03
3446.03
6218.94
6218.94
4387.99
4387.99
813.23
813.23
1005.07
1005.07
15.30
15.30
122.95
122.95
794.44
794.44
6394.20
6394.20
10.00
10.00
3132.31
3132.31
3132.31
3132.31
3132.31
3132.31
3132.31
3132.31
3132.31
3132.31
4302.16
4302.16
1509.09
1509.09
186.31
186.31
13.33
13.33
2321.52
2321.52
370.65
370.65
4718.65
4718.65
29.82
29.82
5332.85
5332.85
1526.05
1526.05
150.86
150.86
6010.58
6010.58
637.52
637.52
3952.35
3952.35
40.18
40.18
3474.98
3474.98
4776.77
4776.77
746.00
746.00
2764.38
2764.38
37.59
37.59
13.39
13.39
787.13
787.13
1023.49
1023.49
639.64
639.64
1776.57
1776.57
1696.53
1696.53
88.19
88.19
3559.28
3559.28
200.82
200.82
13.20
13.20
945.02
945.02
44.20
44.20
698.91
698.91
283.69
283.69
10.00
10.00
1832.40
1832.40
12.70
12.70
1725.74
1725.74
2225.76
2225.76
13.36
13.36
4074.93
4074.93
1523.10
1523.10
2299.78
2299.78
2781.29
2781.29
502.65
502.65
2145.24
2145.24
4115.88
4115.88
3852.61
3852.61
26.79
26.79
4647.40
4647.40
479.91
479.91
3491.74
3491.74
17.54
17.54
4938.74
4938.74
71.78
71.78
1944.88
1944.88
2805.95
2805.95
695.73
695.73
5791.76
5791.76
6541.06
6541.06
6541.06
1871.22
1871.22
1169.67
1169.67
30.68
30.68
1421.46
1421.46
86.57
86.57
110.64
110.64
843.30
843.30
1389.99
893.36
893.36
893.36
407.12
407.12
1547.74
3995.68
3995.68
3995.68
668.56
668.56
2565.60
2565.60
3219.68
3219.68
6256.87
6256.87
2069.91
2069.91
250.09
250.09
935.71
935.71
717.75
1087.27
1087.27
1087.27
26.20
26.20
2683.79
2683.79
205.53
205.53
3607.78
3607.78
6041.06
6041.06
510.64
510.64
1016.19
1016.19
1437.80
1437.80
12.98
12.98
30.19
30.19
6224.39
3128.58
3128.58
3128.58
3760.71
3760.71
555.53
555.53
2870.64
2870.64
879.10
879.10
2241.75
2241.75
13.68
13.68
3880.59
3880.59
17.74
17.74
236.25
236.25
912.93
912.93
53.17
2654.15
2654.15
2654.15
4993.29
4993.29
14.40
284.97
284.97
284.97
3818.73
3818.73
23.76
23.76
2286.63
664.39
664.39
664.39
16.79
16.79
54.91
54.91
1637.54
1637.54
678.25
678.25
1317.98
1317.98
219.72
215.11
215.11
215.11
17.28
17.28
260.04
260.04
5680.63
5680.63
3009.65
3009.65
161.60
161.60
3008.22
3008.22
1934.17
1934.17
17.69
17.69
13.45
13.45
939.88
939.88
56.72
56.72
2163.21
2163.21
39.95
39.95
2699.04
2699.04
869.58
869.58
45.43
45.43
1920.98
1920.98
6239.74
6239.74
12.78
12.78
907.85
907.85
1394.00
1394.00
1957.01
1957.01
10.00
10.00
6259.29
6259.29
37.50
37.50
5954.01
5954.01
2565.53
2565.53
23.85
23.85
198.68
198.68
47.59
47.59
38.15
38.15
3013.78
3013.78
128.65
128.65
279.23
279.23
56.41
56.41
13.76
13.76
4657.69
4657.69
26.31
26.31
6220.94
6220.94
2713.90
2713.90
12.19
12.19
2681.48
2681.48
1528.02
1528.02
919.30
919.30
441.46
441.46
2896.69
2896.69
121.21
121.21
12.97
12.97
1033.32
1033.32
3645.39
3645.39
3080.97
3080.97
1836.05
1836.05
2069.66
2069.66
6347.44
6347.44
3211.22
3211.22
3809.05
3809.05
3034.68
3034.68
2925.79
2925.79
764.59
764.59
2494.20
2494.20
2006.46
2006.46
2428.12
2428.12
1329.33
1329.33
179.17
179.17
1095.04
1095.04
6362.94
6362.94
12.64
12.64
311.21
311.21
45.06
45.06
4208.64
4208.64
63.46
63.46
168.00
168.00
54.26
54.26
6001.22
6001.22
916.42
916.42
2314.48
2314.48
144.21
144.21
4921.18
4921.18
1631.52
1631.52
897.46
897.46
897.46
897.46
897.46
897.46
897.46
897.46
897.46
897.46
897.46
897.46
897.46
897.46
897.46
897.46
897.46
897.46
897.46
3059.55
1369.33
27.07
13.42
191.30
10.00
127.60
127.60
13.26
13.26
13.83
13.83
60.44
4524.47
101.77
101.77
29.08
2040.80
2040.80
333.85
549.52
4313.81
4313.81
1352.14
4528.14
4528.14
54.88
54.88
2694.66
2694.66
951.10
951.10
6239.08
6239.08
6355.44
6355.44
6107.33
6107.33
6107.33
6107.33
6107.33
6107.33
2372.96
2372.96
2949.54
2949.54
928.70
928.70
170.20
170.20
2371.88
2371.88
5987.48
5987.48
221.86
221.86
26.45
26.45
2502.22
2502.22
3249.07
3249.07
3249.07
3249.07
3163.78
3163.78
5034.42
5034.42
234.65
234.65
6081.86
6081.86
2010.35
2010.35
40.79
40.79
26.97
26.97
14.55
14.55
6322.99
6322.99
3316.09
3316.09
29.68
29.68
2538.22
2538.22
3482.15
3482.15
66.64
66.64
654.87
654.87
891.66
891.66
2386.93
2386.93
3888.83
3888.83
56.34
56.34
6466.62
6466.62
893.06
893.06
2444.26
2444.26
867.21
867.21
1267.75
1267.75
2969.41
2969.41
2111.56
2111.56
3651.94
3651.94
971.54
971.54
2010.72
2010.72
666.62
666.62
2755.32
2755.32
1173.74
1173.74
902.22
902.22
2664.43
2664.43
922.94
922.94
14.03
14.03
589.25
589.25
894.11
894.11
6213.26
6213.26
54.28
54.28
6309.24
6309.24
6308.50
6308.50
4021.71
4021.71
4988.61
4988.61
4988.61
4988.61
36.61
36.61
3819.63
3819.63
2095.91
2095.91
3651.91
3651.91
4396.65
4396.65
4396.65
4396.65
6501.64
6501.64
2054.36
2054.36
1551.94
1551.94
1551.94
1551.94
1828.82
1828.82
57.32
57.32
2610.95
2610.95
912.92
912.92
110.27
110.27
71.23
71.23
2127.69
2127.69
3648.24
3648.24
1883.83
1883.83
1186.11
1186.11
914.68
914.68
607.30
607.30
3746.51
3746.51
1290.79
1290.79
12.56
12.56
1351.10
1351.10
27.40
27.40
4287.10
4287.10
1452.62
1452.62
52.61
52.61
29.03
29.03
3385.92
3385.92
3041.72
3041.72
13.14
13.14
2017.49
2017.49
5988.32
5988.32
5792.57
5792.57
41.52
41.52
2124.82
2124.82
160.29
160.29
90.21
90.21
57.46
57.46
876.04
876.04
4710.66
4710.66
939.75
939.75
13.72
13.72
5491.42
5491.42
4671.49
4671.49
2595.14
2595.14
53.58
53.58
26.77
26.77
620.06
620.06
149.98
149.98
2135.28
2135.28
12.69
12.69
76.49
76.49
1238.00
1238.00
86.61
86.61
1033.74
1033.74
19.69
19.69
155.61
155.61
41.30
41.30
2086.80
2086.80
1037.11
1037.11
42.34
42.34
13.81
13.81
10.00
10.00
2828.64
2828.64
840.39
840.39
1149.84
1149.84
117.11
117.11
4331.26
4331.26
3997.63
3997.63
2992.13
2992.13
129.87
129.87
638.60
638.60
1619.73
1619.73
421.85
421.85
6109.93
6109.93
1799.60
1799.60
6351.28
6351.28
2610.77
2610.77
4666.63
4666.63
2788.02
2788.02
1782.38
1782.38
6541.35
6541.35
43.08
43.08
5876.53
5876.53
27.37
27.37
174.58
174.58
2725.43
2725.43
26.63
26.63
915.90
915.90
12.88
12.88
891.08
891.08
3902.39
3902.39
5612.59
5612.59
583.65
583.65
3524.36
3524.36
1418.06
1418.06
3858.45
3858.45
107.73
107.73
82.28
82.28
36.11
36.11
930.77
930.77
3709.79
3709.79
3130.28
3130.28
4200.86
4200.86
41.51
41.51
386.46
386.46
1059.54
1059.54
5479.09
5479.09
219.27
219.27
2291.48
2291.48
5931.57
5931.57
2662.36
2662.36
933.37
933.37
313.32
313.32
134.22
134.22
884.35
884.35
2346.14
2346.14
6091.67
6091.67
3267.80
3267.80
145.35
145.35
3406.44
3406.44
13.01
13.01
1977.37
1977.37
349.58
349.58
951.92
951.92
5878.02
5878.02
4610.67
4610.67
4422.94
4422.94
5665.61
5665.61
940.47
940.47
175.58
175.58
5869.96
5869.96
17.60
17.60
4474.07
4474.07
884.26
884.26
3094.36
3094.36
29.36
29.36
739.52
739.52
3035.22
3035.22
6278.59
6278.59
1562.91
1562.91
2701.45
2701.45
2342.60
2342.60
5337.19
5337.19
6518.90
6518.90
6518.90
6518.90
880.60
880.60
45.92
45.92
4370.11
4370.11
4370.11
4370.11
6442.59
6442.59
2196.72
2196.72
2738.88
2738.88
6319.44
6319.44
514.40
514.40
6536.77
6536.77
6536.77
6536.77
185.32
185.32
912.15
912.15
6526.42
6526.42
893.25
893.25
5592.58
5592.58
2207.07
2207.07
827.03
827.03
3145.11
3145.11
4572.50
4572.50
141.13
141.13
3930.84
3930.84
6057.13
6057.13
6014.64
6014.64
4184.26
4184.26
2489.27
2489.27
3394.94
3394.94
5382.83
5382.83
1935.46
1935.46
17.64
17.64
4148.77
4148.77
4261.02
4261.02
6308.82
6308.82
6308.82
6308.82
6262.68
6262.68
129.08
129.08
3626.21
3626.21
2968.91
2968.91
4962.69
4962.69
42.11
42.11
3141.67
3141.67
1092.04
1092.04
1085.81
1085.81
1287.30
1287.30
13.14
13.14
446.72
446.72
5990.12
5990.12
1665.15
1665.15
1665.15
1665.15
73.37
73.37
26.86
26.86
6687.65
6687.65
6687.65
6687.65
18.03
18.03
3549.02
3549.02
1349.07
1349.07
1313.45
1313.45
1141.24
1141.24
177.86
177.86
2082.10
2082.10
1195.23
1195.23
77.33
77.33
4334.55
4334.55
27.34
27.34
3810.53
3810.53
81.72
81.72
4115.82
4115.82
946.26
946.26
166.51
166.51
4161.03
4161.03
195.90
195.90
2039.34
2039.34
1316.92
1316.92
4844.96
4844.96
3202.25
3202.25
6698.80
6698.80
995.22
995.22
230.72
230.72
13.29
13.29
941.25
941.25
362.18
362.18
222.18
222.18
166.14
166.14
4323.44
4323.44
1480.34
1480.34
27.42
27.42
5888.39
5888.39
679.12
679.12
95.50
95.50
170.53
170.53
211.84
211.84
4834.24
4834.24
146.22
146.22
4327.05
4327.05
385.89
385.89
5194.35
5194.35
933.85
933.85
136.16
136.16
867.39
867.39
13.84
13.84
1258.20
1258.20
40.21
40.21
2239.20
2239.20
3918.59
3918.59
5329.18
5329.18
6117.97
6117.97
6396.52
6396.52
6216.15
6216.15
3223.32
3223.32
3142.40
3142.40
5721.06
5721.06
6056.07
6056.07
6056.07
6056.07
6056.07
6056.07
1480.28
1480.28
1480.28
940.29
3149.51
3149.51
3149.51
3149.51
3149.51
3149.51
3149.51
3149.51
3478.15
3478.15
3478.15
3478.15
3478.15
3478.15
955.41
955.41
2725.36
2725.36
6218.63
6218.63
13.45
13.45
2178.68
2178.68
323.55
323.55
6570.67
6570.67
711.26
711.26
3327.99
3327.99
938.93
938.93
938.93
938.93
3981.02
3981.02
4498.25
4498.25
1456.72
1456.72
3248.62
3248.62
4461.83
4461.83
897.85
897.85
1047.89
1047.89
1497.92
1497.92
3957.24
3957.24
6446.39
6446.39
1803.42
1803.42
2173.63
2173.63
3330.75
3330.75
4298.48
4298.48
19.51
19.51
17.18
17.18
6353.93
6353.93
917.28
917.28
1466.85
1466.85
3199.60
3199.60
1695.89
1695.89
1428.40
1428.40
2051.08
2051.08
1049.98
1049.98
3249.08
3249.08
1782.34
1782.34
2261.00
2261.00
6642.37
6642.37
1277.87
1277.87
4313.74
4313.74
91.03
91.03
2627.41
2627.41
1898.31
1898.31
6670.72
6670.72
57.08
57.08
2073.44
2073.44
3146.97
3146.97
3146.97
3146.97
2801.31
2801.31
1981.39
1981.39
124.83
124.83
6310.57
6310.57
5964.93
5964.93
819.29
819.29
160.94
160.94
857.17
857.17
876.22
876.22
13.98
13.98
818.79
818.79
1105.43
1105.43
1105.43
10.00
10.00
1790.21
1790.21
2369.82
372.08
372.08
3295.13
3295.13
4779.76
4779.76
4134.45
4134.45
5038.75
5038.75
4042.65
4042.65
2918.03
2918.03
951.52
951.52
6038.52
6038.52
1928.12
1928.12
1177.06
1177.06
6486.44
6486.44
906.10
906.10
1607.33
1607.33
60.24
60.24
288.97
288.97
30.73
30.73
19.10
19.10
297.19
297.19
949.32
949.32
254.36
254.36
3512.14
3512.14
13.23
13.23
6559.09
6559.09
90.81
90.81
5032.86
5032.86
1114.73
1114.73
6253.78
6253.78
4248.16
4248.16
4404.91
4404.91
5574.10
5574.10
3945.08
3945.08
4520.92
4520.92
159.59
159.59
277.65
277.65
757.47
757.47
948.17
948.17
1333.04
1333.04
904.18
904.18
218.50
218.50
26.23
26.23
29.22
29.22
29.22
25.64
14.19
14.19
14.19
1878.83
932.24
932.24
932.24
4459.01
18.73
18.73
18.73
3636.62
3636.62
864.03
42.53
42.53
42.53
4984.51
4984.51
2624.93
2624.93
3181.71
3181.71
5268.91
5268.91
54.35
54.35
2513.43
882.68
882.68
882.68
145.13
145.13
12.36
12.36
1300.71
1300.71
130.25
130.25
924.19
924.19
157.14
157.14
2040.77
2040.77
2403.73
2403.73
174.00
174.00
279.22
279.22
41.52
875.34
875.34
875.34
3549.65
3549.65
24.19
24.19
998.00
998.00
114.57
114.57
114.57
93.05
93.05
460.19
460.19
15.13
15.13
15.13
369.60
369.60
18.62
18.62
140.83
140.83
3654.22
3654.22
3654.22
4400.07
4400.07
557.34
1883.71
1883.71
5713.72
5713.72
921.59
921.59
2306.05
2306.05
747.98
747.98
3123.35
3123.35
3444.87
3444.87
1263.00
1263.00
4649.79
1669.27
1669.27
1669.27
3201.24
3201.24
3201.24
3201.24
6352.78
6352.78
6334.50
6334.50
906.49
906.49
531.81
531.81
6467.49
6467.49
5571.13
5571.13
5149.05
5149.05
866.85
866.85
5105.83
5105.83
5105.83
5105.83
3172.64
3172.64
13.30
13.30
2686.86
2686.86
3118.54
3118.54
44.02
44.02
14.81
14.81
5076.64
5076.64
5076.64
5076.64
747.51
747.51
867.85
867.85
1112.25
1112.25
1375.93
1375.93
6063.04
6063.04
6063.04
6063.04
929.78
929.78
646.19
646.19
3137.67
3137.67
78.24
78.24
6248.21
6248.21
6248.21
6248.21
4871.57
4871.57
914.71
914.71
1074.60
1074.60
916.97
916.97
619.08
619.08
2612.84
2612.84
908.92
908.92
1152.92
1152.92
4947.89
4947.89
379.82
379.82
536.52
536.52
6055.16
6055.16
6520.14
6520.14
3866.39
3866.39
38.93
38.93
834.31
834.31
834.31
834.31
6352.34
6352.34
4911.82
4911.82
222.51
222.51
880.35
880.35
4851.57
4851.57
4851.57
4851.57
4851.57
4851.57
6399.73
6399.73
6400.31
6400.31
6400.31
6400.31
6400.65
6400.65
234.98
234.98
3340.79
3340.79
3340.79
3340.79
3391.53
3391.53
3391.53
3391.53
684.46
684.46
1554.29
1554.29
2556.21
2556.21
241.08
241.08
2576.17
2576.17
46.77
46.77
1794.91
1794.91
5018.90
5018.90
379.57
379.57
166.31
166.31
72.63
72.63
2240.40
2240.40
1047.32
1047.32
3173.12
3173.12
5951.41
5951.41
1172.39
1172.39
104.27
104.27
1587.64
1587.64
898.49
898.49
6286.73
6286.73
6286.73
6286.73
6286.73
6286.73
16.19
16.19
6008.07
6008.07
6008.07
6008.07
6008.07
6008.07
52.67
52.67
946.85
946.85
658.77
658.77
103.17
103.17
12.71
12.71
72.66
72.66
214.94
214.94
106.41
106.41
171.06
171.06
131.43
131.43
791.73
791.73
2545.78
2545.78
1357.20
1357.20
6359.06
6359.06
688.57
688.57
75.65
75.65
1179.98
1179.98
1272.38
1272.38
388.42
388.42
2370.52
2370.52
6354.60
6354.60
960.97
960.97
40.39
40.39
2602.34
2602.34
908.71
908.71
3561.93
3561.93
16.33
16.33
4373.16
4373.16
53.45
53.45
29.02
29.02
5710.71
5710.71
58.11
58.11
130.97
130.97
41.27
41.27
1444.81
1444.81
29.27
29.27
2167.98
2167.98
550.95
550.95
789.09
789.09
2123.46
2123.46
104.25
104.25
2002.28
2002.28
6305.43
6305.43
366.06
366.06
13.55
13.55
141.20
141.20
19.64
19.64
206.07
206.07
111.62
111.62
734.49
734.49
167.61
167.61
2219.26
2219.26
908.88
908.88
2152.46
2152.46
1612.85
1612.85
196.34
196.34
6452.12
6452.12
3547.83
3547.83
675.02
675.02
105.32
105.32
3163.84
3163.84
3979.12
3979.12
3700.96
3700.96
17.57
17.57
2543.66
2543.66
4258.52
4258.52
6469.60
6469.60
4313.58
4313.58
3706.47
3706.47
3706.47
3706.47
6776.70
6776.70
468.89
468.89
1370.37
1370.37
2267.86
2267.86
983.34
983.34
3672.75
3672.75
3938.01
3938.01
3715.19
3715.19
4691.52
4691.52
1516.75
1516.75
260.30
260.30
882.81
882.81
3056.81
3056.81
231.14
231.14
6553.64
6553.64
13.79
13.79
2178.24
2178.24
6231.35
6231.35
899.23
899.23
6001.44
6001.44
5706.35
5706.35
27.25
27.25
2496.74
2496.74
2496.74
2496.74
2574.93
2574.93
29.71
29.71
551.97
551.97
4354.95
4354.95
2900.22
2900.22
2900.22
2900.22
3293.55
3293.55
37.31
37.31
735.34
735.34
3280.17
3280.17
493.27
493.27
2080.87
2080.87
6581.90
6581.90
6581.90
6581.90
6581.90
6581.90
6581.90
6581.90
2560.18
2560.18
3747.51
3747.51
4356.93
4356.93
5583.16
5583.16
5583.16
5583.16
5583.16
5583.16
5583.16
5583.16
824.46
824.46
2030.76
2030.76
2030.76
2030.76
2030.76
2030.76
2933.93
2933.93
6380.98
6380.98
6581.48
6581.48
3632.83
3632.83
778.55
778.55
87.31
87.31
107.36
107.36
58.04
58.04
458.31
458.31
4344.66
4344.66
880.96
880.96
44.45
44.45
71.60
71.60
17.13
17.13
2953.34
2953.34
77.80
77.80
98.99
98.99
37.75
37.75
38.64
38.64
38.64
201.57
1275.09
1275.09
37.76
37.76
112.09
112.09
112.09
3568.91
3568.91
3568.91
63.45
17.03
17.03
1567.14
1567.14
6030.10
6030.10
46.96
46.96
6797.24
6797.24
2485.04
301.06
301.06
772.13
772.13
137.28
137.28
892.41
892.41
12.79
12.79
12.77
12.77
188.47
188.47
496.20
496.20
13.08
13.08
304.82
304.82
14.28
14.28
133.59
133.59
3558.90
3558.90
52.88
52.88
6272.03
6272.03
6349.09
6349.09
6019.11
6019.11
4548.03
4548.03
4742.68
4742.68
1155.77
1155.77
13.40
13.40
172.46
172.46
15.49
15.49
1402.87
1402.87
18.91
18.91
59.64
59.64
23.16
23.16
682.38
682.38
159.59
159.59
152.33
152.33
893.90
893.90
1477.28
1477.28
2535.62
2535.62
43.43
43.43
4336.60
4336.60
533.08
533.08
3713.34
3713.34
4376.84
4376.84
144.59
144.59
14.80
14.80
40.04
40.04
213.45
213.45
57.69
57.69
170.26
170.26
13.59
13.59
15.23
15.23
2801.10
2801.10
14.57
14.57
5307.20
5307.20
932.00
932.00
6291.20
6291.20
931.19
931.19
880.73
880.73
4411.06
4411.06
4771.66
4771.66
3541.73
3541.73
62.82
62.82
45.78
45.78
5946.19
5946.19
3923.87
3923.87
450.40
450.40
923.55
923.55
30.30
30.30
3512.78
3512.78
4025.33
4025.33
2775.14
2775.14
1127.89
1127.89
1164.11
1164.11
881.95
881.95
2719.54
2719.54
413.64
413.64
5861.45
5861.45
1196.36
1196.36
920.92
920.92
1553.89
1553.89
897.72
897.72
2827.12
2827.12
5313.98
5313.98
4185.52
4185.52
1311.35
1311.35
932.31
932.31
3000.08
3000.08
836.73
836.73
3395.93
3395.93
3262.56
3262.56
939.38
939.38
2235.67
2235.67
2235.67
2235.67
3365.49
3365.49
489.42
489.42
6405.43
6405.43
967.75
967.75
1082.36
1082.36
18.58
18.58
5598.58
5598.58
5598.58
5598.58
13.27
13.27
1840.40
1840.40
12.82
12.82
909.78
909.78
2754.67
2754.67
4891.44
4891.44
2107.35
2107.35
410.02
410.02
1264.74
1264.74
2213.05
2213.05
2213.05
2213.05
1661.30
1661.30
5935.02
5935.02
5935.02
5935.02
5935.02
5935.02
54.03
54.03
1877.94
1877.94
1862.73
1862.73
6107.46
6107.46
12.98
12.98
5902.17
5902.17
1724.01
1724.01
5659.38
5659.38
282.97
282.97
2052.04
2052.04
5571.35
5571.35
4755.09
4755.09
6557.64
6557.64
6465.28
6465.28
1931.26
1931.26
6401.30
6401.30
5383.94
5383.94
5242.54
5242.54
3227.32
3227.32
3227.32
3227.32
3227.32
3227.32
3227.32
3227.32
893.88
893.88
6159.60
6159.60
6159.60
6159.60
2566.31
2566.31
109.16
109.16
1607.63
1607.63
106.60
106.60
5448.77
5448.77
29.13
29.13
3138.22
3138.22
116.42
116.42
89.64
89.64
89.64
17.96
94.31
94.31
1237.25
1237.25
247.89
247.89
293.57
293.57
293.57
73.39
73.39
3411.24
3411.24
31.37
2679.01
2679.01
807.62
807.62
3347.73
3347.73
3959.52
3959.52
5267.85
5267.85
4234.79
4234.79
1267.42
1267.42
78.14
78.14
288.12
288.12
53.92
53.92
4912.81
4912.81
945.42
945.42
356.61
356.61
949.99
949.99
30.86
30.86
14.69
14.69
518.74
518.74
518.74
10.00
1209.15
1209.15
149.33
149.33
4079.84
4079.84
17.77
17.77
14.51
14.51
15.37
15.37
5925.42
5925.42
1369.24
1369.24
26.88
26.88
1081.93
1081.93
900.00
900.00
1220.84
1220.84
13.20
13.20
13.57
13.57
152.00
152.00
81.56
81.56
51.99
51.99
3332.07
3332.07
2676.77
2676.77
25.82
25.82
12.53
12.53
111.46
111.46
2678.29
2678.29
63.00
63.00
6101.27
6101.27
25.45
25.45
176.85
176.85
5258.84
5258.84
2901.45
2901.45
37.48
37.48
149.74
149.74
89.10
89.10
89.10
6488.26
1118.17
1118.17
1118.17
4107.83
6276.42
6276.42
6276.42
122.28
122.28
13.16
13.16
1336.15
1336.15
10.00
10.00
108.90
108.90
644.63
644.63
644.63
460.01
2214.76
2214.76
28.42
28.42
207.23
207.23
207.23
462.10
462.10
462.10
13.72
13.72
2034.61
2034.61
23.45
23.45
2568.63
2568.63
780.15
780.15
98.52
98.52
248.27
248.27
4782.17
4782.17
4178.11
4178.11
4784.30
4784.30
853.66
853.66
2421.12
2421.12
3311.02
3311.02
163.85
163.85
1315.91
1315.91
16.64
16.64
1363.53
1363.53
149.75
149.75
245.47
245.47
113.88
113.88
84.33
84.33
189.43
189.43
13.39
13.39
56.71
56.71
38.18
38.18
14.08
14.08
174.99
174.99
47.23
47.23
1869.70
1869.70
69.72
69.72
6299.54
6299.54
14.44
14.44
1182.35
1182.35
53.80
53.80
4824.95
4824.95
124.76
124.76
5329.37
5329.37
28.38
28.38
790.67
790.67
28.42
28.42
15.79
15.79
966.91
966.91
38.51
38.51
28.14
28.14
294.05
294.05
64.76
64.76
18.95
18.95
1399.75
1399.75
183.85
183.85
109.52
37.01
37.01
37.01
309.56
309.56
95.88
95.88
4092.99
4092.99
2140.61
2140.61
899.84
899.84
1181.08
1181.08
5017.39
5017.39
84.41
84.41
105.40
105.40
26.31
26.31
2204.85
2204.85
155.95
155.95
5568.84
5568.84
68.99
68.99
53.38
53.38
331.41
331.41
14.07
14.07
27.50
27.50
37.81
37.81
81.96
81.96
19.23
19.23
1885.62
1885.62
1286.05
1286.05
94.09
94.09
2857.94
2857.94
1650.72
1650.72
6215.71
6215.71
65.51
65.51
41.72
41.72
2183.03
2183.03
2048.46
2048.46
935.18
935.18
104.29
104.29
914.19
914.19
44.76
44.76
2316.42
2316.42
13.55
13.55
50.76
50.76
333.95
333.95
57.05
57.05
43.08
43.08
18.84
18.84
310.91
310.91
57.36
57.36
19.06
19.06
76.43
76.43
13.36
13.36
2116.57
2116.57
3855.18
3855.18
4726.06
4726.06
55.81
55.81
1623.69
1623.69
948.31
948.31
2524.66
2524.66
267.24
267.24
2844.54
2844.54
31.56
31.56
888.87
888.87
1652.03
1652.03
921.34
921.34
37.11
37.11
1416.00
1416.00
84.86
84.86
1578.95
1578.95
909.37
909.37
3070.04
3070.04
1402.16
1402.16
103.50
103.50
12.49
12.49
10.00
10.00
672.20
672.20
3076.57
3076.57
2014.17
2014.17
1198.67
1198.67
2448.85
2448.85
77.72
77.72
28.10
28.10
204.39
204.39
1826.67
1826.67
19.58
19.58
73.61
73.61
86.06
86.06
118.01
118.01
39.85
39.85
2173.07
2173.07
2582.08
2582.08
4075.28
4075.28
4329.80
4329.80
26.75
26.75
1612.96
1612.96
5836.05
5836.05
6328.91
6328.91
3226.42
3226.42
4389.24
4389.24
6545.54
6545.54
5782.75
5782.75
584.50
584.50
6203.66
6203.66
943.77
943.77
6477.44
6477.44
45.29
45.29
494.70
494.70
2649.40
2649.40
6236.96
6236.96
6236.96
6236.96
853.25
853.25
2618.59
2618.59
2012.09
2012.09
1489.92
1489.92
3310.90
3310.90
950.05
950.05
4325.74
4325.74
4013.96
4013.96
2475.44
2475.44
2155.16
2155.16
3005.32
3005.32
5899.42
5899.42
918.82
918.82
2781.77
2781.77
2922.44
2922.44
2371.29
2371.29
930.54
930.54
6388.87
6388.87
699.63
699.63
2840.07
2840.07
1046.66
1046.66
1081.39
1081.39
6244.57
6244.57
2396.39
2396.39
42.86
42.86
39.11
39.11
2712.71
2712.71
2847.83
2847.83
2214.76
2214.76
93.67
93.67
157.02
157.02
2653.90
2653.90
597.74
597.74
5058.77
5058.77
18.16
18.16
5521.90
5521.90
6370.63
6370.63
13.55
13.55
1665.05
1665.05
511.13
511.13
3995.50
3995.50
3762.21
3762.21
868.38
868.38
899.27
899.27
19.37
19.37
41.61
41.61
167.64
167.64
13.64
13.64
859.63
859.63
1017.77
1017.77
842.69
842.69
4674.32
4674.32
1695.92
1695.92
3657.35
3657.35
3657.35
3657.35
41.54
41.54
14.21
14.21
18.80
18.80
3154.71
3154.71
72.31
72.31
806.32
806.32
890.28
890.28
29.79
29.79
13.62
13.62
1151.42
1151.42
40.53
40.53
2542.11
2542.11
1081.56
1081.56
262.21
262.21
231.00
231.00
35.97
35.97
27.16
27.16
2416.33
2416.33
3801.16
3801.16
2836.89
2836.89
36.24
36.24
197.58
197.58
197.58
130.28
130.28
130.28
232.20
232.20
681.29
681.29
367.24
367.24
214.50
214.50
77.41
77.41
77.41
60.95
60.95
60.95
434.35
434.35
29.46
29.46
12.80
3092.51
1854.84
1854.84
108.48
108.48
1660.44
1660.44
6024.70
6024.70
1523.91
1523.91
2993.05
2993.05
616.75
616.75
4490.35
4490.35
3229.21
3229.21
3241.56
3241.56
1013.27
1013.27
94.29
94.29
99.36
99.36
93.65
93.65
26.77
26.77
229.16
229.16
14.58
14.58
5558.51
5558.51
6511.95
6511.95
3536.71
3536.71
45.50
45.50
1522.76
1522.76
182.02
182.02
4564.95
4564.95
3401.79
3401.79
3378.42
3378.42
5774.96
5774.96
39.95
39.95
652.69
652.69
3035.98
3035.98
68.40
68.40
889.01
889.01
2037.39
2037.39
888.93
888.93
68.31
68.31
4836.16
4836.16
4515.87
4515.87
81.66
81.66
3975.23
3975.23
5856.69
5856.69
92.66
92.66
2308.05
2308.05
1550.38
1550.38
11.69
11.69
11.69
10.00
77.29
77.29
91.34
91.34
12.78
12.78
1645.54
1645.54
10.00
10.00
4525.55
4525.55
2470.11
2470.11
252.06
252.06
12.21
12.21
193.07
193.07
931.60
931.60
59.14
59.14
896.79
896.79
39.16
39.16
13.47
13.47
314.80
314.80
13.37
13.37
186.54
186.54
172.54
172.54
74.51
74.51
257.67
257.67
2322.65
2322.65
66.06
66.06
3124.62
3124.62
13.28
13.28
3032.49
3032.49
1046.96
1046.96
6216.21
6216.21
39.82
39.82
53.02
53.02
14.13
14.13
126.89
126.89
18.43
18.43
332.61
332.61
18.91
18.91
68.15
68.15
2314.89
2314.89
182.25
182.25
999.90
999.90
17.59
17.59
1958.83
1958.83
1690.11
1690.11
6208.49
6208.49
6378.78
6378.78
85.67
85.67
6381.88
6381.88
6509.69
6509.69
3016.26
3016.26
1740.31
1740.31
1972.45
1972.45
3325.93
3325.93
5499.29
5499.29
3442.43
3442.43
889.70
889.70
435.08
435.08
13.68
13.68
13.97
13.97
1025.56
1025.56
4365.89
4365.89
4795.04
4795.04
2570.20
2570.20
118.64
118.64
100.31
100.31
1618.44
1618.44
13.59
13.59
1830.48
1830.48
13.15
13.15
284.99
284.99
19.05
19.05
426.49
426.49
258.05
258.05
12.65
12.65
2903.52
2903.52
5096.62
5096.62
2247.50
2247.50
51.71
51.71
62.94
62.94
3052.76
3052.76
2128.92
2128.92
913.23
913.23
19.06
19.06
5104.63
5104.63
6007.46
6007.46
2319.15
2319.15
935.39
935.39
4685.27
4685.27
4817.83
4817.83
137.01
137.01
483.71
483.71
154.09
154.09
2349.66
2349.66
3688.14
3688.14
1729.70
1729.70
80.12
80.12
106.23
106.23
48.65
48.65
890.49
890.49
1688.83
1688.83
508.24
508.24
97.46
97.46
6161.63
6161.63
6203.32
6203.32
6091.02
6091.02
917.70
917.70
1832.50
1832.50
4726.62
4726.62
1809.64
1809.64
2411.13
2411.13
2411.13
2411.13
2718.48
2718.48
2735.27
2735.27
521.66
521.66
5887.63
5887.63
6447.51
6447.51
1457.42
1457.42
2472.61
2472.61
2472.61
2472.61
1766.90
1766.90
3094.29
3094.29
400.27
400.27
2339.05
2339.05
6588.75
6588.75
3770.69
3770.69
5857.31
5857.31
6548.76
6548.76
845.03
845.03
2802.82
2802.82
2732.79
2732.79
2870.77
2870.77
2870.77
2870.77
883.28
883.28
2857.29
2857.29
6449.51
6449.51
6449.51
6449.51
6449.51
6449.51
6449.51
6449.51
6449.51
6449.51
882.62
882.62
6367.38
6367.38
1926.04
1926.04
566.20
566.20
4514.79
4514.79
4514.79
4514.79
4514.79
4514.79
4514.79
4514.79
4514.79
4514.79
2401.64
2401.64
6063.41
6063.41
13.57
13.57
4443.21
4443.21
1870.27
1870.27
891.49
891.49
206.64
206.64
1833.23
1833.23
60.60
60.60
5856.28
5856.28
1435.16
1435.16
12.83
12.83
6135.13
6135.13
4419.53
4419.53
1090.36
1090.36
908.64
908.64
2539.93
2539.93
915.34
915.34
5968.76
5968.76
1851.24
1851.24
2383.90
2383.90
1689.73
1689.73
892.91
892.91
4918.26
4918.26
2420.44
2420.44
6194.43
6194.43
4365.44
4365.44
4365.44
4365.44
1295.06
1295.06
1716.13
1716.13
939.94
939.94
38.65
38.65
6068.08
6068.08
2703.10
2703.10
27.78
27.78
13.00
13.00
13.00
179.14
12.94
12.94
140.09
140.09
42.03
42.03
1916.32
1916.32
66.92
66.92
66.92
191.73
191.73
191.73
75.35
75.35
19.01
13.40
13.40
13.40
37.97
37.97
37.97
42.57
42.57
365.90
365.90
2483.29
2483.29
510.96
510.96
510.96
16.54
16.54
16.54
13.43
13.43
375.39
375.39
62.21
62.21
71.73
267.85
43.62
71.82
172.09
172.09
4567.99
4567.99
4750.24
4750.24
401.89
401.89
41.65
41.65
72.17
72.17
17.80
17.80
382.81
382.81
246.16
246.16
2282.92
2282.92
128.69
128.69
5860.95
5860.95
39.44
915.05
915.05
915.05
2296.41
2296.41
823.20
823.20
18.31
18.31
80.47
80.47
902.74
902.74
328.16
328.16
1586.96
1586.96
13.57
13.57
5698.56
5698.56
3710.53
3710.53
1795.37
2996.03
2996.03
2996.03
89.75
89.75
270.66
270.66
76.30
76.30
178.66
178.66
2609.85
2609.85
1040.14
1040.14
6507.66
6507.66
67.91
67.91
84.33
84.33
943.69
943.69
577.67
2498.86
2498.86
2498.86
505.73
505.73
6415.64
6415.64
293.23
293.23
288.99
288.99
78.04
78.04
105.77
105.77
849.87
849.87
5035.69
5035.69
563.47
563.47
6157.02
6157.02
53.53
53.53
167.40
167.40
3855.34
3855.34
4881.16
4881.16
647.74
647.74
5620.83
5620.83
937.94
937.94
247.96
247.96
72.75
72.75
6332.34
6332.34
244.68
244.68
13.29
13.29
5029.69
5029.69
892.28
892.28
1078.28
1078.28
53.76
53.76
2746.85
2746.85
1450.56
1450.56
907.52
907.52
153.48
153.48
305.66
305.66
169.69
169.69
10.00
10.00
37.34
37.34
230.23
230.23
838.77
838.77
1442.48
1442.48
4677.20
4677.20
80.83
80.83
10.00
10.00
94.07
94.07
30.99
30.99
4679.68
4679.68
5815.62
5815.62
668.50
668.50
928.39
928.39
40.46
40.46
911.63
911.63
13.58
13.58
2637.92
2637.92
41.46
41.46
3979.37
3979.37
13.39
13.39
121.10
121.10
1535.89
1535.89
4680.60
4680.60
6400.19
6400.19
890.44
890.44
133.55
133.55
3366.55
3366.55
25.15
25.15
107.74
107.74
13.28
13.28
702.25
702.25
894.59
894.59
3118.28
3118.28
4256.88
4256.88
143.68
143.68
2672.06
2672.06
904.24
904.24
1517.49
1517.49
51.16
51.16
55.03
55.03
934.29
934.29
53.76
53.76
221.01
221.01
907.61
907.61
55.25
55.25
1156.31
1156.31
125.88
125.88
166.81
166.81
129.90
129.90
1295.05
1295.05
889.26
889.26
6233.20
6233.20
88.56
88.56
42.78
42.78
48.52
48.52
873.89
873.89
13.30
13.30
121.66
121.66
259.77
259.77
449.05
449.05
2238.36
2238.36
109.07
109.07
101.61
101.61
142.16
142.16
2302.21
2302.21
4074.02
4074.02
13.46
13.46
885.70
885.70
394.63
394.63
39.78
39.78
37.16
37.16
334.68
334.68
893.10
893.10
5595.86
5595.86
193.63
193.63
12.99
12.99
100.61
100.61
2275.35
2275.35
738.02
738.02
923.94
923.94
2121.58
2121.58
78.16
78.16
153.02
153.02
878.37
878.37
41.08
41.08
241.46
241.46
42.53
42.53
12.88
12.88
1646.12
1646.12
57.08
57.08
13.37
13.37
209.36
209.36
19.29
19.29
1205.54
1205.54
3573.52
3573.52
2771.13
2771.13
4804.22
4804.22
13.91
13.91
15.19
15.19
5802.54
5802.54
3481.93
3481.93
4376.36
4376.36
1324.79
1324.79
93.14
93.14
257.07
257.07
71.55
71.55
78.33
78.33
160.40
160.40
2392.74
2392.74
415.95
415.95
916.99
916.99
362.27
362.27
2739.42
2739.42
5881.99
5881.99
41.47
41.47
41.50
41.50
6486.35
6486.35
41.04
41.04
2927.44
2927.44
4525.41
4525.41
5968.55
5968.55
4259.72
4259.72
5665.38
5665.38
3152.00
3152.00
13.38
13.38
838.18
838.18
54.76
54.76
901.21
901.21
6478.48
6478.48
82.25
82.25
3181.31
3181.31
2047.82
2047.82
6227.58
6227.58
2039.57
2039.57
28.08
28.08
1207.82
1207.82
3804.07
3804.07
664.75
664.75
100.26
100.26
923.65
923.65
230.18
230.18
812.27
812.27
2680.10
2680.10
1000.44
1000.44
30.23
30.23
1489.58
1489.58
936.25
936.25
50.94
50.94
253.85
253.85
1761.24
1761.24
1511.16
1511.16
17.59
17.59
1895.24
1895.24
1525.85
1525.85
12.40
12.40
6049.01
6049.01
1043.95
1043.95
309.58
309.58
2076.90
2076.90
13.06
13.06
6656.53
6656.53
1627.16
1627.16
25.77
25.77
4342.32
4342.32
149.15
149.15
53.29
53.29
2420.06
2420.06
1168.95
1168.95
4839.49
4839.49
13.90
13.90
1006.25
1006.25
553.82
553.82
29.34
29.34
3701.40
3701.40
3701.40
3701.40
1917.56
1917.56
35.26
35.26
14.43
14.43
60.20
60.20
924.16
924.16
17.83
17.83
151.95
151.95
886.80
886.80
5520.45
5520.45
2837.79
2837.79
1231.02
1231.02
43.99
43.99
4338.94
4338.94
58.39
58.39
886.93
886.93
186.79
186.79
1212.74
1212.74
16.10
16.10
440.19
440.19
867.02
867.02
803.76
803.76
177.06
177.06
2454.18
2454.18
2840.61
2840.61
57.33
57.33
10.00
10.00
40.75
40.75
12.95
12.95
524.68
524.68
265.60
265.60
10.00
10.00
97.10
97.10
263.12
263.12
3194.27
3194.27
105.41
105.41
3502.11
3502.11
3502.11
225.72
63.18
63.18
6071.06
6071.06
234.89
234.89
75.52
75.52
164.44
164.44
355.78
355.78
910.89
910.89
334.69
334.69
41.85
41.85
27.16
27.16
244.74
244.74
55.59
55.59
2044.53
2044.53
860.62
860.62
1849.55
1849.55
1849.55
3326.33
2065.01
2065.01
4693.91
4693.91
883.43
883.43
2226.64
2226.64
5715.84
5715.84
48.72
48.72
2671.59
2671.59
3888.43
3888.43
3449.52
3449.52
6169.77
6169.77
6065.95
6065.95
6065.95
6065.95
6065.95
6065.95
6065.95
6065.95
6065.95
6065.95
6065.95
6065.95
14.04
14.04
1602.34
1602.34
198.34
198.34
1855.47
1855.47
945.59
945.59
883.88
883.88
94.13
94.13
13.48
13.48
13.92
13.92
5911.32
5911.32
1206.80
1206.80
1795.17
1795.17
1224.84
1224.84
5294.50
5294.50
1218.29
1218.29
81.01
81.01
51.03
51.03
30.61
30.61
1856.44
1856.44
13.67
13.67
104.09
104.09
1552.02
1552.02
6198.60
6198.60
2220.80
2220.80
2632.05
2632.05
187.08
187.08
566.72
566.72
909.98
909.98
3808.95
3808.95
797.56
797.56
13.57
13.57
234.14
234.14
2355.79
2355.79
1528.72
1528.72
5150.38
5150.38
2412.98
2412.98
4648.76
4648.76
5998.61
5998.61
1306.70
1306.70
937.00
937.00
1204.78
1204.78
2787.45
2787.45
79.42
79.42
26.54
26.54
112.00
112.00
19.02
19.02
89.08
89.08
14.11
14.11
2015.81
2015.81
620.97
620.97
418.88
418.88
28.45
28.45
13.14
13.14
816.36
816.36
346.05
346.05
772.94
772.94
1185.58
1185.58
13.87
13.87
37.66
37.66
674.22
674.22
58.68
58.68
271.35
271.35
36.94
36.94
15.00
15.00
4550.95
4550.95
6228.55
6228.55
4487.68
4487.68
6194.08
6194.08
4201.41
4201.41
1801.81
1801.81
40.92
40.92
1977.52
1977.52
910.78
910.78
18.43
18.43
734.92
734.92
812.21
812.21
3439.72
3439.72
857.71
857.71
517.00
517.00
6349.84
6349.84
1498.35
1498.35
1004.59
1004.59
1226.41
1226.41
1399.06
1399.06
1399.06
1399.06
6471.63
6471.63
4180.88
4180.88
1708.80
1708.80
2819.58
2819.58
2819.58
2819.58
3723.74
3723.74
1294.62
1294.62
1160.59
1160.59
14.17
14.17
932.61
932.61
69.09
69.09
2716.92
2716.92
2289.46
2289.46
5723.39
5723.39
933.60
933.60
103.89
103.89
3831.68
3831.68
4230.66
4230.66
12.62
12.62
2615.37
2615.37
2615.37
2615.37
6703.36
6703.36
6703.36
6703.36
6703.36
6703.36
6703.36
6703.36
2581.17
2581.17
3317.59
3317.59
2925.65
2925.65
900.40
900.40
3640.40
3640.40
1679.66
1679.66
435.31
435.31
3290.93
3290.93
3290.93
3290.93
3290.93
3290.93
3290.93
3290.93
3372.10
3372.10
3372.10
3372.10
910.60
910.60
2225.41
2225.41
870.55
870.55
4354.44
4354.44
314.66
314.66
2461.36
2461.36
6336.86
6336.86
6006.96
6006.96
868.27
868.27
2039.42
2039.42
2039.42
2039.42
2039.42
2039.42
3270.32
3270.32
6155.54
6155.54
6390.05
6390.05
6390.05
6390.05
6390.05
6390.05
6708.92
6708.92
2961.11
2961.11
2019.58
2019.58
5058.33
5058.33
853.92
853.92
3019.07
3019.07
3019.07
3019.07
3019.07
3019.07
3019.07
3019.07
6652.78
6652.78
6652.78
6652.78
231.89
231.89
15.72
15.72
2566.38
2566.38
3662.44
3662.44
69.28
69.28
1023.17
1023.17
177.47
177.47
2986.84
2986.84
1280.43
1280.43
13.55
13.55
929.67
929.67
5258.37
5258.37
15.01
15.01
1126.10
1126.10
139.75
139.75
13.66
13.66
250.14
250.14
929.09
929.09
4333.45
4333.45
36.15
36.15
3313.08
3313.08
3313.08
98.16
917.33
917.33
27.75
27.75
27.75
5706.83
5706.83
4410.50
4410.50
6319.00
6319.00
4370.36
4370.36
6367.10
6367.10
6367.10
6367.10
6367.10
6367.10
6096.47
6096.47
6096.47
6096.47
3346.13
3346.13
3449.33
3449.33
41.63
41.63
5390.18
5390.18
5390.18
5390.18
14.90
14.90
3054.01
3054.01
3054.01
3054.01
1792.96
1792.96
2531.99
2531.99
2531.99
2531.99
5504.07
5504.07
1951.91
1951.91
6299.93
6299.93
13.11
13.11
45.14
45.14
883.01
883.01
2885.55
2885.55
2885.55
2885.55
6150.69
6150.69
6084.81
6084.81
3470.84
3470.84
3143.50
3143.50
4147.71
4147.71
6558.44
6558.44
6558.44
6558.44
6558.44
6558.44
6558.44
6558.44
6558.44
6558.44
1627.40
1627.40
2945.00
2945.00
4188.28
4188.28
3010.95
3010.95
6372.52
6372.52
5276.57
5276.57
3649.08
3649.08
3649.08
3649.08
4546.17
4546.17
14.64
14.64
3503.48
3503.48
257.53
257.53
2693.37
2693.37
1012.53
1012.53
13.54
13.54
3111.74
3111.74
5172.80
5172.80
496.20
496.20
961.00
961.00
844.01
844.01
878.11
878.11
5481.66
5481.66
5481.66
5481.66
1138.05
1138.05
14.18
14.18
6372.62
6372.62
6327.23
6327.23
5249.31
5249.31
6287.26
6287.26
3388.57
3388.57
933.79
933.79
6295.81
6295.81
921.32
921.32
1009.60
1009.60
45.42
45.42
2865.57
2865.57
2865.57
2865.57
2865.57
2865.57
4728.02
4728.02
4410.96
4410.96
2088.82
2088.82
4003.56
4003.56
4237.06
4237.06
39.03
39.03
53.67
53.67
3883.75
3883.75
3883.75
3883.75
3883.75
3883.75
3883.75
3883.75
3709.33
3709.33
6603.95
6603.95
933.68
933.68
13.56
13.56
27.57
27.57
6155.29
6155.29
6155.29
6155.29
57.86
57.86
3055.52
3055.52
4264.49
4264.49
4317.00
4317.00
51.46
51.46
3399.28
3399.28
6213.14
6213.14
6557.62
6557.62
6557.62
6557.62
6557.62
6557.62
6557.62
6557.62
6557.62
6557.62
6557.62
6557.62
6557.62
6557.62
6557.62
6557.62
6557.62
6557.62
6557.62
6557.62
6557.62
6557.62
6557.62
6557.62
6557.62
6557.62
6557.62
6557.62
6557.62
6557.62
2485.01
2485.01
163.73
163.73
915.20
915.20
29.40
29.40
13.40
13.40
2705.97
2705.97
6406.60
6406.60
2812.77
2812.77
12.89
12.89
1310.29
1310.29
14.62
14.62
1674.23
1674.23
55.14
55.14
51.36
51.36
922.38
922.38
3713.29
3713.29
851.52
851.52
319.66
319.66
64.03
64.03
1934.82
1934.82
2739.40
2739.40
1357.04
1357.04
6714.58
6714.58
4342.23
4342.23
3575.73
3575.73
2601.64
2601.64
897.87
897.87
6091.92
6091.92
893.35
893.35
2668.30
2668.30
3394.73
3394.73
4547.05
4547.05
2431.88
2431.88
1390.45
1390.45
596.89
596.89
470.84
470.84
4834.75
4834.75
369.60
369.60
1850.49
1850.49
561.02
561.02
2589.85
2589.85
2583.29
2583.29
30.90
30.90
69.69
69.69
6583.37
6583.37
6084.18
6084.18
6348.94
6348.94
948.35
948.35
1784.72
1784.72
356.60
356.60
1675.34
1675.34
5201.01
5201.01
4357.24
4357.24
6755.60
6755.60
13.13
13.13
3020.93
3020.93
2542.87
2542.87
925.47
925.47
19.47
19.47
6544.22
6544.22
2034.39
2034.39
2651.52
2651.52
893.57
893.57
2791.88
2791.88
2022.02
2022.02
2381.52
2381.52
55.48
55.48
4772.77
4772.77
2886.26
2886.26
4430.13
4430.13
3713.16
3713.16
3840.85
3840.85
28.78
28.78
2596.40
2596.40
2768.99
2768.99
3243.78
3243.78
3243.78
3243.78
5466.99
5466.99
1978.82
1978.82
885.95
885.95
1398.78
1398.78
900.29
900.29
1895.55
1895.55
5745.53
5745.53
6418.54
6418.54
4799.65
4799.65
2721.41
2721.41
4783.83
4783.83
6399.48
6399.48
1743.19
1743.19
192.68
192.68
882.12
882.12
752.05
752.05
4579.54
4579.54
3233.35
3233.35
2712.77
2712.77
3353.58
3353.58
440.64
440.64
917.57
917.57
917.57
917.57
917.57
917.57
3123.80
3123.80
358.06
358.06
2814.07
2814.07
4560.78
4560.78
2824.45
2824.45
3535.68
3535.68
3535.68
3535.68
3535.68
3535.68
6616.84
6616.84
5018.80
5018.80
5018.80
5018.80
5018.80
5018.80
5018.80
5018.80
5018.80
5018.80
5018.80
5018.80
218.64
218.64
1446.87
1446.87
2950.83
2950.83
6009.34
6009.34
3668.82
3668.82
6370.65
6370.65
6299.24
6299.24
287.46
287.46
1374.44
1374.44
1671.81
1671.81
6647.17
6647.17
3488.96
3488.96
112.89
112.89
878.51
878.51
878.51
878.51
878.51
878.51
878.51
878.51
595.20
595.20
5664.11
5664.11
1018.47
1018.47
932.65
932.65
1888.59
1888.59
6010.83
6010.83
6350.08
6350.08
3004.68
3004.68
3004.68
3004.68
3004.68
3004.68
3284.59
3284.59
3777.45
3777.45
6514.69
6514.69
882.53
882.53
5684.74
5684.74
5684.74
5684.74
5684.74
5684.74
5684.74
5684.74
5684.74
5684.74
1107.81
1107.81
891.70
891.70
5674.37
5674.37
15.22
15.22
100.78
100.78
135.03
135.03
39.75
39.75
18.87
18.87
64.17
64.17
200.11
200.11
13.44
13.44
1619.25
1619.25
4457.50
4457.50
5061.74
5061.74
6062.46
6062.46
1250.90
1250.90
1241.62
1241.62
14.75
14.75
884.52
884.52
6867.98
6867.98
872.51
872.51
218.21
218.21
2653.36
2653.36
4768.57
4768.57
5801.13
5801.13
907.09
907.09
453.83
453.83
3272.83
3272.83
663.24
663.24
12.99
12.99
1059.30
1059.30
54.54
54.54
44.70
44.70
13.55
13.55
2921.54
2921.54
3823.09
3823.09
377.64
377.64
2677.93
2677.93
3673.94
3673.94
3659.16
3659.16
1971.35
1971.35
18.42
18.42
1179.25
1179.25
6117.77
6117.77
1518.94
1518.94
1171.77
1171.77
6486.46
6486.46
414.68
414.68
2296.92
2296.92
877.09
877.09
3236.69
3236.69
12.86
12.86
894.58
894.58
36.51
36.51
72.66
72.66
4625.98
4625.98
892.62
892.62
1094.49
1094.49
4576.74
4576.74
2804.99
2804.99
115.97
115.97
1817.97
1817.97
4679.48
4679.48
60.52
60.52
90.78
90.78
18.08
18.08
17.00
17.00
253.28
253.28
933.19
933.19
27.63
27.63
323.62
323.62
4851.85
4851.85
5633.03
5633.03
4128.14
4128.14
378.35
378.35
1421.22
1421.22
13.09
13.09
56.61
56.61
915.73
915.73
3121.18
3121.18
25.81
25.81
6023.64
6023.64
53.25
53.25
19.19
19.19
13.10
13.10
2196.51
2196.51
3812.91
3812.91
5869.37
5869.37
6214.35
6214.35
2573.61
2573.61
908.92
908.92
5667.79
5667.79
4309.47
4309.47
5907.51
5907.51
321.69
321.69
15.65
15.65
6701.31
6701.31
58.70
58.70
3881.49
3881.49
1457.08
1457.08
68.86
68.86
127.77
127.77
935.24
935.24
3269.63
3269.63
6051.53
6051.53
886.89
886.89
12.90
12.90
126.13
126.13
37.92
37.92
1652.98
1652.98
79.15
79.15
3248.70
3248.70
2166.52
2166.52
1996.13
1996.13
1996.13
4657.96
1503.62
1503.62
3801.47
3801.47
791.83
791.83
131.67
131.67
4532.76
4532.76
4532.76
4532.76
3467.32
3467.32
60.22
60.22
4550.37
4550.37
4091.05
4091.05
422.11
422.11
6218.73
6218.73
2257.13
2257.13
1530.33
1530.33
13.85
13.85
5725.81
5725.81
5255.14
5255.14
2895.66
2895.66
2673.99
2673.99
5934.85
5934.85
910.80
910.80
349.89
349.89
1081.57
1081.57
2762.37
2762.37
91.87
91.87
1670.48
1670.48
2028.73
2028.73
3411.23
3411.23
5792.35
5792.35
6029.93
6029.93
927.80
927.80
3622.31
3622.31
892.07
892.07
4474.15
4474.15
1850.46
1850.46
6343.44
6343.44
4979.88
4979.88
53.28
53.28
1921.43
1921.43
173.72
173.72
16.84
16.84
4624.69
4624.69
2682.62
2682.62
2311.74
2311.74
3113.61
3113.61
291.83
291.83
14.17
14.17
25.63
25.63
13.36
13.36
915.94
915.94
1022.68
1022.68
4423.43
4423.43
16.42
16.42
4218.41
4218.41
874.25
874.25
5828.59
5828.59
1777.37
1777.37
359.94
359.94
89.11
89.11
306.74
306.74
2469.97
2469.97
930.76
930.76
13.49
13.49
460.55
460.55
3435.26
3435.26
3118.94
3118.94
4649.58
4649.58
6670.34
6670.34
13.70
13.70
5596.44
5596.44
842.40
842.40
2578.81
2578.81
3311.04
3311.04
4623.20
4623.20
4246.49
4246.49
4246.49
4246.49
5925.95
5925.95
711.28
711.28
2438.71
2438.71
4564.71
4564.71
833.72
833.72
1562.62
1562.62
36.82
36.82
2221.27
2221.27
2221.27
2221.27
3268.88
3268.88
3302.18
3302.18
14.11
14.11
5698.60
5698.60
6561.10
6561.10
6561.10
6561.10
6561.10
6561.10
877.05
877.05
55.16
55.16
1598.32
1598.32
857.34
857.34
3074.58
3074.58
4973.75
4973.75
6202.35
6202.35
6202.35
6202.35
1948.96
1948.96
6133.58
6133.58
6133.58
6133.58
6133.58
6133.58
6176.77
6176.77
2167.56
2167.56
306.16
306.16
906.97
906.97
446.63
446.63
2304.34
2304.34
234.42
234.42
4260.55
4260.55
2093.35
2093.35
2299.05
2299.05
3203.52
3203.52
3203.52
3203.52
3203.52
3203.52
3203.52
3203.52
3203.52
3203.52
3203.52
14.58
14.58
14.58
687.53
835.40
835.40
712.76
1544.32
1544.32
1544.32
1759.55
1759.55
1447.65
1447.65
1725.30
1725.30
1725.30
1725.30
1725.30
1725.30
1725.30
1725.30
2271.85
2271.85
2419.73
2419.73
2120.76
2120.76
2172.94
2172.94
2172.94
833.02
833.02
833.02
3217.93
3217.93
74.38
74.38
2700.03
2700.03
2188.27
2188.27
2188.27
2188.27
3658.97
3658.97
3062.56
3062.56
4863.44
4863.44
1223.97
1223.97
1632.09
1632.09
13.07
3083.38
3083.38
3083.38
13.46
13.46
252.25
252.25
45.92
45.92
14.25
14.25
920.59
920.59
873.48
873.48
2333.57
2333.57
4238.80
4238.80
687.49
687.49
1967.18
1967.18
4103.78
2895.71
2895.71
2895.71
3011.72
3011.72
3098.16
3098.16
4362.87
4362.87
6429.74
6429.74
4514.54
4514.54
642.32
642.32
60.27
60.27
1687.58
1687.58
4601.98
4601.98
2590.30
2590.30
14.43
14.43
28.40
28.40
475.22
475.22
952.14
952.14
10.00
10.00
12.96
12.96
922.62
922.62
149.27
149.27
13.19
13.19
10.00
10.00
57.40
57.40
1067.71
1067.71
1671.83
1671.83
43.73
43.73
189.63
189.63
1270.98
1270.98
1734.22
1734.22
2778.85
2778.85
950.30
950.30
155.87
155.87
3223.44
3223.44
2202.97
2202.97
601.32
601.32
929.09
929.09
3556.70
3556.70
3763.73
3763.73
6963.21
6963.21
222.39
222.39
6600.70
6600.70
6136.13
6136.13
1364.10
1364.10
1569.75
1569.75
4818.40
4818.40
6262.75
6262.75
6474.35
6474.35
918.04
918.04
1627.62
1627.62
2217.17
2217.17
69.43
69.43
2595.90
2595.90
921.47
921.47
2568.80
2568.80
891.30
891.30
108.95
108.95
291.27
291.27
10.00
10.00
638.25
638.25
930.66
930.66
3694.18
3694.18
66.90
66.90
231.78
231.78
231.78
10.00
10.00
10.00
10.00
41.37
41.37
41.37
2990.43
109.36
1493.89
55.51
55.51
19.10
19.10
19.10
1086.15
1086.15
3196.64
3196.64
3620.55
3620.55
4008.78
4008.78
4446.35
4446.35
6378.94
6378.94
5154.86
5154.86
915.73
915.73
1507.74
1507.74
2403.98
2403.98
2980.20
2980.20
3530.66
3530.66
2474.93
2474.93
6355.59
6355.59
1327.14
1327.14
3260.30
3260.30
3260.30
3260.30
3260.30
3260.30
3260.30
3260.30
932.92
932.92
2600.76
2600.76
873.27
873.27
592.13
592.13
3354.05
3354.05
4683.87
4683.87
5243.34
5243.34
911.57
911.57
4281.77
4281.77
2509.96
2509.96
1837.83
1837.83
5567.14
5567.14
1941.96
1941.96
4858.60
4858.60
6496.65
6496.65
5308.20
5308.20
6164.93
6164.93
6164.93
6164.93
370.42
370.42
1904.04
1904.04
3725.41
3725.41
5805.36
5805.36
5068.25
5068.25
1418.27
1418.27
894.12
894.12
1056.14
1056.14
6658.53
6658.53
41.92
41.92
2915.49
2915.49
6655.91
6655.91
5331.09
5331.09
4493.59
4493.59
2487.58
2487.58
1678.84
1678.84
18.10
18.10
3968.69
3968.69
882.91
882.91
4270.48
4270.48
4947.52
4947.52
4947.52
4947.52
4947.52
4947.52
6555.16
6555.16
707.49
707.49
891.37
891.37
354.92
354.92
3621.41
3621.41
587.05
587.05
6163.99
6163.99
2041.95
2041.95
2705.61
2705.61
10.00
10.00
264.34
264.34
18.60
18.60
4244.09
4244.09
38.38
38.38
1118.79
1118.79
15.28
15.28
39.23
39.23
55.25
55.25
13.55
13.55
898.12
898.12
296.80
296.80
196.39
196.39
83.46
83.46
3568.23
3568.23
30.16
30.16
27.12
27.12
14.95
14.95
1410.10
1410.10
73.19
73.19
162.96
162.96
41.48
41.48
70.34
70.34
6427.57
6427.57
6045.75
6045.75
2723.73
2723.73
2898.17
2898.17
6165.70
6165.70
2241.90
2241.90
5749.11
5749.11
5981.83
5981.83
5981.83
5981.83
5981.83
5981.83
5981.83
5981.83
5981.83
5981.83
929.00
929.00
418.26
418.26
75.06
75.06
1485.13
1485.13
2291.69
2291.69
3158.62
3158.62
4079.80
4079.80
82.36
82.36
551.13
551.13
4524.82
4524.82
40.45
40.45
904.58
904.58
4057.13
4057.13
1140.67
1140.67
2246.80
2246.80
58.78
58.78
4337.04
4337.04
3243.82
3243.82
5317.26
5317.26
4496.57
4496.57
1387.85
1387.85
3513.98
3513.98
5865.22
5865.22
917.99
917.99
4224.18
4224.18
6364.52
6364.52
5854.23
5854.23
3863.90
3863.90
629.59
629.59
1231.34
1231.34
68.97
68.97
26.91
26.91
1381.60
1381.60
119.74
119.74
1491.40
1491.40
28.21
28.21
2176.92
2176.92
3079.07
3079.07
40.14
40.14
12.67
12.67
16.57
16.57
4314.42
4314.42
2374.11
2374.11
2228.17
2228.17
1976.34
1976.34
17.35
17.35
12.99
12.99
1830.16
1830.16
13.90
13.90
841.81
841.81
208.49
208.49
12.47
12.47
2786.32
2786.32
2956.64
2956.64
4059.02
4059.02
3608.48
3608.48
2278.84
2278.84
5877.74
5877.74
3982.15
3982.15
2423.20
2423.20
334.10
334.10
5160.48
5160.48
13.67
13.67
163.69
163.69
4537.87
4537.87
13.14
13.14
3283.07
3283.07
2267.24
2267.24
1844.49
1844.49
5816.15
5816.15
617.13
617.13
1661.10
1661.10
13.88
13.88
14.58
14.58
10.00
10.00
38.39
38.39
16.78
16.78
439.54
439.54
55.72
55.72
847.76
847.76
138.26
138.26
1336.22
1336.22
1811.62
1811.62
17.20
17.20
2983.40
2983.40
29.47
29.47
37.92
37.92
199.71
199.71
152.42
152.42
115.70
115.70
430.44
430.44
224.39
224.39
1963.60
1963.60
5542.57
5542.57
3613.63
3613.63
4042.96
4042.96
2765.24
2765.24
925.33
925.33
13.07
13.07
135.61
135.61
28.82
28.82
98.42
98.42
910.19
910.19
378.86
378.86
74.01
74.01
229.31
229.31
4229.68
4229.68
2207.43
2207.43
6045.07
6045.07
1679.93
1679.93
1615.66
1615.66
1239.16
1239.16
6071.01
6071.01
6361.15
6361.15
925.36
925.36
748.73
748.73
1633.75
1633.75
73.67
73.67
13.09
13.09
884.34
884.34
1787.09
1787.09
799.61
799.61
13.38
13.38
124.45
124.45
94.86
94.86
1623.46
1623.46
1484.76
1484.76
798.87
798.87
895.44
895.44
309.60
309.60
231.42
231.42
2941.63
2941.63
1541.00
1541.00
2839.47
2839.47
6474.70
6474.70
4126.55
4126.55
273.80
273.80
13.14
13.14
19.35
19.35
25.89
25.89
55.71
55.71
2574.14
2574.14
2177.01
2177.01
4165.81
4165.81
803.93
803.93
803.93
13.48
13.48
40.02
150.53
150.53
94.27
94.27
74.56
74.56
1438.06
1438.06
3820.77
3820.77
1294.07
1294.07
6026.93
6026.93
45.15
45.15
87.11
87.11
64.99
64.99
2416.49
2416.49
995.52
995.52
13.51
13.51
5189.10
5189.10
65.66
65.66
921.60
921.60
575.06
575.06
29.79
29.79
3728.08
3728.08
68.31
68.31
3921.58
3921.58
841.24
841.24
51.64
51.64
2570.92
2570.92
4770.18
4770.18
4770.18
4770.18
13.48
13.48
2347.96
2347.96
1900.10
1900.10
1439.04
1439.04
75.16
75.16
1500.04
1500.04
1005.62
1005.62
5904.50
5904.50
6221.53
6221.53
18.29
18.29
621.14
621.14
103.86
103.86
37.08
37.08
5896.78
5896.78
919.49
919.49
4952.55
4952.55
1167.37
1167.37
143.56
143.56
5812.67
5812.67
4461.31
4461.31
4489.56
4489.56
334.94
334.94
4113.93
4113.93
1950.48
1950.48
997.96
997.96
910.34
910.34
5936.27
5936.27
864.24
864.24
2105.59
2105.59
4732.65
4732.65
5018.27
5018.27
322.55
322.55
13.46
13.46
3606.95
3606.95
1901.17
1901.17
236.40
236.40
265.39
265.39
934.58
934.58
27.30
27.30
41.08
41.08
910.33
910.33
661.77
661.77
29.09
29.09
538.64
538.64
95.99
95.99
170.81
170.81
2412.21
2412.21
124.19
124.19
4039.58
4039.58
4398.56
4398.56
3882.04
3882.04
5855.12
5855.12
4160.42
4160.42
2098.24
2098.24
1578.29
1578.29
1713.24
1713.24
4730.44
4730.44
3520.08
3520.08
2333.66
2333.66
4767.84
4767.84
586.88
586.88
2557.28
2557.28
3702.22
3702.22
6153.94
6153.94
6199.64
6199.64
1169.75
1169.75
900.82
900.82
82.82
82.82
3927.31
3927.31
2652.57
2652.57
3327.89
3327.89
2013.82
2013.82
4792.36
4792.36
978.16
978.16
191.29
191.29
859.86
859.86
3095.51
3095.51
776.62
776.62
6476.39
6476.39
85.31
85.31
3306.60
3306.60
2307.28
2307.28
5753.69
5753.69
4232.70
4232.70
4236.42
4236.42
4236.42
4236.42
5260.85
5260.85
6173.26
6173.26
144.93
144.93
1070.84
1070.84
2716.96
2716.96
518.35
518.35
893.19
893.19
893.19
893.19
6123.51
6123.51
6598.79
6598.79
221.11
221.11
3628.42
3628.42
206.62
206.62
850.83
850.83
575.72
575.72
887.01
887.01
4088.84
4088.84
153.12
153.12
2646.50
2646.50
2646.50
1242.51
14.08
14.08
18.56
18.56
23.12
23.12
6082.37
6082.37
44.68
44.68
44.68
27.01
3128.74
3128.74
3128.74
1794.69
1794.69
1253.05
1253.05
346.25
346.25
2171.02
2171.02
2331.03
2331.03
4602.23
4602.23
1049.02
1049.02
14.87
14.87
6492.45
6492.45
879.12
879.12
882.79
882.79
2491.94
2491.94
6342.48
6342.48
917.02
917.02
4581.98
4581.98
2194.88
2194.88
167.17
167.17
6422.97
6422.97
6422.97
6422.97
2321.77
2321.77
915.17
915.17
151.21
151.21
898.44
898.44
6439.87
6439.87
38.27
38.27
922.71
922.71
209.39
209.39
965.83
965.83
78.87
78.87
226.92
226.92
963.05
963.05
10.00
10.00
1026.69
1026.69
6058.12
6058.12
14.12
14.12
13.03
13.03
207.33
207.33
194.87
194.87
96.20
96.20
923.53
923.53
211.48
55.60
55.60
55.60
1764.65
1764.65
110.73
110.73
4636.48
4636.48
28.21
28.21
3387.55
3387.55
40.50
40.50
6373.49
6373.49
747.99
747.99
6219.29
6219.29
916.83
916.83
12.61
12.61
193.82
193.82
2222.15
2222.15
2337.92
2337.92
2437.19
2437.19
13.14
13.14
13.08
13.08
121.88
121.88
334.32
334.32
5056.83
5056.83
314.15
314.15
26.00
26.00
107.95
107.95
293.62
293.62
25.51
25.51
324.37
324.37
869.20
869.20
130.11
130.11
908.19
908.19
3594.13
3594.13
13.37
13.37
310.66
310.66
5716.29
5716.29
2376.01
2376.01
58.83
58.83
130.67
130.67
77.79
77.79
13.57
13.57
66.54
66.54
5276.57
5276.57
5579.23
5579.23
4036.97
4036.97
78.58
78.58
6013.39
6013.39
173.63
173.63
6136.32
6136.32
48.54
48.54
659.40
659.40
552.84
552.84
813.24
813.24
80.84
80.84
3714.97
3714.97
916.37
916.37
289.06
289.06
13.33
13.33
5375.50
5375.50
2704.64
2704.64
42.37
42.37
1948.73
1948.73
3911.16
3911.16
569.69
569.69
31.97
31.97
1139.91
1139.91
1834.91
1834.91
4663.13
4663.13
13.62
13.62
1267.29
1267.29
16.68
16.68
1560.46
1560.46
40.91
40.91
10.00
10.00
92.38
92.38
14.00
14.00
294.24
294.24
150.43
150.43
177.02
177.02
15.85
15.85
15.85
62.39
62.39
208.45
208.45
87.20
26.47
26.47
350.40
350.40
26.78
26.78
3063.63
3063.63
3939.40
3939.40
2544.69
2544.69
202.30
202.30
1389.60
1389.60
4388.27
4388.27
6178.14
6178.14
84.56
84.56
76.93
76.93
122.97
122.97
27.85
27.85
10.00
10.00
3558.92
3558.92
225.77
225.77
330.35
330.35
1298.47
1298.47
137.43
137.43
900.62
900.62
947.58
947.58
72.46
72.46
4412.34
4412.34
343.82
343.82
42.82
42.82
1460.52
1460.52
40.45
40.45
855.96
855.96
5051.92
5051.92
1036.95
1036.95
2695.42
2695.42
4923.96
4923.96
348.26
348.26
887.33
887.33
5969.21
5969.21
5938.11
5938.11
2456.78
2456.78
3994.68
3994.68
3994.68
3994.68
2379.29
2379.29
671.56
671.56
1385.67
1385.67
2260.27
2260.27
4959.99
4959.99
1224.26
1224.26
623.79
623.79
970.18
970.18
188.90
188.90
6299.30
6299.30
43.22
43.22
2843.33
2843.33
1314.11
1314.11
121.69
121.69
2513.41
2513.41
1680.79
1680.79
1048.58
1048.58
467.77
467.77
6594.92
6594.92
6594.92
6594.92
6594.92
6594.92
997.75
997.75
4962.91
4962.91
855.81
855.81
981.71
981.71
2439.75
2439.75
87.92
87.92
2369.95
2369.95
2369.95
2369.95
1489.42
1489.42
5342.84
5342.84
6260.88
6260.88
6260.88
6260.88
1577.05
1577.05
235.89
235.89
3268.33
3268.33
3268.33
3268.33
2041.70
2041.70
1100.92
1100.92
72.97
72.97
1229.71
1229.71
501.78
501.78
37.93
37.93
3471.01
3471.01
6083.45
6083.45
905.95
905.95
984.54
984.54
870.88
870.88
3007.18
3007.18
3007.18
3007.18
3007.18
3007.18
6576.99
6576.99
3827.91
3827.91
3298.23
3298.23
1299.22
1299.22
4420.03
4420.03
3899.60
3899.60
2437.86
2437.86
1278.25
1278.25
1868.03
1868.03
1927.32
1927.32
2635.64
2635.64
887.09
887.09
3078.33
3078.33
27.88
27.88
64.77
64.77
39.81
39.81
10.00
10.00
2097.06
2097.06
848.54
848.54
753.26
753.26
1111.42
1111.42
5023.70
5023.70
453.92
453.92
1451.16
1451.16
3784.94
3784.94
14.53
14.53
366.89
366.89
307.56
307.56
19.51
19.51
174.92
174.92
45.73
45.73
842.58
842.58
3552.69
3552.69
5962.30
5962.30
2151.42
2151.42
55.83
55.83
75.80
75.80
915.33
915.33
2819.39
2819.39
1723.39
1723.39
817.97
817.97
1936.09
1936.09
1979.24
1979.24
2602.97
2602.97
4185.08
4185.08
1516.73
1516.73
13.89
13.89
3866.84
3866.84
13.83
13.83
1368.85
1368.85
2372.61
2372.61
12.97
12.97
4168.05
4168.05
38.84
38.84
12.64
12.64
535.00
535.00
4360.82
4360.82
4743.56
4743.56
1605.12
1605.12
14.69
14.69
43.68
43.68
954.59
954.59
6367.46
6367.46
3527.57
3527.57
899.43
899.43
5263.68
5263.68
597.40
597.40
76.48
76.48
39.94
39.94
175.72
175.72
2558.89
2558.89
2578.48
2578.48
2888.32
2888.32
19.61
19.61
481.58
481.58
481.58
74.40
52.16
52.16
113.84
113.84
904.11
904.11
12.88
12.88
3853.55
3853.55
431.25
431.25
394.32
394.32
133.00
133.00
3297.45
3297.45
2112.87
2112.87
2045.63
2045.63
2057.40
2057.40
43.85
43.85
2432.71
2432.71
4453.25
4453.25
2194.95
2194.95
2771.68
2771.68
17.60
17.60
729.15
729.15
2479.20
2479.20
3048.08
3048.08
903.40
903.40
478.21
478.21
2642.41
2642.41
1514.80
1514.80
1365.64
1365.64
267.13
267.13
246.84
246.84
42.14
42.14
25.23
25.23
1308.83
1308.83
4600.36
4600.36
4819.05
4819.05
14.15
14.15
57.62
57.62
1949.78
1949.78
13.67
13.67
36.88
36.88
40.76
40.76
69.80
69.80
12.65
12.65
3576.71
3576.71
959.93
959.93
2055.40
2055.40
116.98
116.98
496.96
496.96
2081.26
2081.26
803.70
803.70
2093.57
2093.57
6468.07
6468.07
984.63
984.63
3071.05
3071.05
906.50
906.50
2988.89
2988.89
2086.80
2086.80
2533.85
2533.85
79.02
79.02
27.06
27.06
43.85
43.85
137.00
137.00
2415.98
2415.98
72.00
72.00
113.71
113.71
766.62
766.62
821.31
821.31
151.07
151.07
39.55
39.55
172.22
172.22
1084.27
1084.27
839.26
839.26
3009.20
3009.20
6155.13
6155.13
18.26
18.26
704.11
704.11
2696.14
2696.14
2188.73
2188.73
879.41
879.41
1794.74
1794.74
5916.59
5916.59
37.85
37.85
318.83
318.83
13.75
13.75
656.81
656.81
1187.99
1187.99
40.37
40.37
4363.43
4363.43
14.39
14.39
12.73
12.73
4116.95
4116.95
1144.74
1144.74
14.13
14.13
38.74
38.74
510.54
510.54
858.90
858.90
323.18
323.18
148.11
148.11
228.51
228.51
1137.31
1137.31
173.60
173.60
173.60
91.19
91.19
318.81
69.98
69.98
32.05
32.05
3551.58
3551.58
13.16
13.16
4385.11
4385.11
101.89
101.89
918.35
918.35
35.36
35.36
27.56
27.56
89.50
89.50
127.88
127.88
934.13
934.13
27.74
27.74
96.93
96.93
2244.04
2244.04
2884.27
2884.27
565.98
565.98
2273.60
2273.60
907.03
907.03
38.92
38.92
94.88
94.88
1572.46
1572.46
2295.74
2295.74
4088.28
4088.28
69.75
69.75
2617.39
2617.39
2156.19
2156.19
620.42
620.42
4446.40
4446.40
880.61
880.61
938.22
938.22
6245.07
6245.07
2718.95
2718.95
150.00
150.00
13.70
13.70
914.18
914.18
3241.29
3241.29
958.67
958.67
395.06
395.06
13.03
13.03
133.65
133.65
41.12
41.12
2735.17
2735.17
13.74
13.74
26.92
26.92
85.89
85.89
1091.78
1091.78
888.46
888.46
14.65
14.65
50.90
50.90
19.40
19.40
1166.01
1166.01
1645.31
1645.31
12.80
12.80
856.20
856.20
268.00
268.00
19.35
19.35
2421.02
2421.02
5652.80
5652.80
901.09
901.09
6199.78
6199.78
2237.50
2237.50
6500.66
6500.66
106.16
106.16
18.99
18.99
75.90
75.90
44.58
44.58
44.58
226.68
3373.21
3373.21
4811.15
4811.15
879.87
879.87
1944.65
1944.65
12.97
12.97
439.85
439.85
167.98
167.98
10.00
10.00
149.20
149.20
92.23
92.23
29.07
29.07
2106.17
2106.17
147.88
147.88
5964.85
5964.85
5998.94
5998.94
262.95
262.95
121.42
121.42
15.52
15.52
93.04
93.04
4891.94
4891.94
963.98
963.98
4476.04
4476.04
1894.95
1894.95
4055.93
4055.93
12.73
12.73
86.09
86.09
10.00
10.00
860.95
860.95
670.49
670.49
889.53
889.53
2498.18
2498.18
4271.19
4271.19
4457.46
4457.46
271.23
271.23
43.65
43.65
43.65
2266.48
2266.48
13.63
17.62
17.62
17.62
4696.84
960.47
960.47
960.47
2563.53
906.90
906.90
119.55
119.55
119.55
141.76
141.76
114.25
114.25
188.72
188.72
10.00
10.00
244.25
244.25
6397.96
6397.96
287.26
287.26
327.07
327.07
976.78
976.78
408.32
892.30
892.30
892.30
42.62
42.62
343.87
343.87
14.42
14.42
430.20
430.20
859.99
859.99
944.39
944.39
52.61
52.61
1037.20
1037.20
964.52
964.52
6278.80
6278.80
54.68
4262.37
4262.37
4262.37
2930.08
2930.08
5252.03
5252.03
1974.78
1974.78
133.40
133.40
1539.68
1539.68
2212.68
2212.68
756.69
756.69
3081.45
3081.45
3914.97
3914.97
877.91
877.91
13.18
888.29
888.29
888.29
140.68
140.68
4254.98
4254.98
3442.41
3442.41
191.13
191.13
41.72
41.72
3083.09
3083.09
152.10
152.10
2508.40
2508.40
89.13
89.13
1048.96
1048.96
304.34
1166.68
1166.68
1166.68
1604.36
1604.36
1994.38
1994.38
31.11
31.11
437.12
437.12
30.89
30.89
3518.59
3518.59
2559.46
2559.46
4574.92
4574.92
12.61
12.61
2052.91
2052.91
2601.34
2601.34
4050.02
4050.02
6021.08
6021.08
503.84
503.84
18.29
18.29
3991.29
3991.29
5932.16
5932.16
2821.56
2821.56
2312.78
2312.78
114.56
114.56
894.67
894.67
261.94
261.94
274.34
274.34
15.20
15.20
421.11
421.11
109.44
109.44
36.92
36.92
10.00
10.00
120.04
120.04
2321.41
2321.41
90.90
90.90
37.28
37.28
13.88
13.88
55.59
55.59
55.59
642.24
642.24
642.24
19.15
232.79
6054.59
6054.59
1382.78
1382.78
1382.78
38.21
38.21
155.54
155.54
51.12
5416.37
5416.37
13.12
13.12
50.59
50.59
91.06
91.06
105.81
105.81
1734.56
1734.56
1922.97
1922.97
1311.10
1311.10
1620.34
1620.34
3621.77
3621.77
44.18
44.18
35.33
35.33
298.82
298.82
111.49
111.49
878.83
878.83
42.88
42.88
356.19
356.19
1987.87
1987.87
1426.94
1426.94
394.70
394.70
2220.51
2220.51
154.47
154.47
6203.45
6203.45
637.65
637.65
6399.05
6399.05
1466.12
1466.12
1470.68
1470.68
929.84
929.84
3680.53
3680.53
25.76
25.76
1299.48
1299.48
64.95
64.95
19.16
19.16
68.67
68.67
872.58
872.58
3758.34
3758.34
2551.00
2551.00
6287.44
6287.44
72.88
72.88
6055.22
6055.22
5802.88
5802.88
954.10
954.10
138.51
138.51
18.84
18.84
2102.45
2102.45
229.03
229.03
4130.13
4130.13
13.59
13.59
42.64
42.64
4454.25
4454.25
804.11
804.11
2501.88
2501.88
13.19
13.19
25.87
25.87
116.56
116.56
261.94
261.94
211.02
211.02
489.05
489.05
57.37
57.37
54.13
54.13
140.54
140.54
4424.35
4424.35
2942.07
2942.07
895.92
895.92
5777.95
5777.95
4266.14
4266.14
5075.13
5075.13
4184.18
4184.18
3955.88
3955.88
345.93
345.93
6134.32
6134.32
1175.98
1175.98
3311.90
3311.90
3052.72
3052.72
1602.63
1602.63
3016.00
3016.00
3145.36
3145.36
3145.36
3145.36
5775.94
5775.94
445.28
445.28
824.95
824.95
2070.02
2070.02
2070.02
2070.02
227.07
227.07
4913.27
4913.27
14.22
14.22
56.98
56.98
72.04
72.04
2242.57
2242.57
3129.96
3129.96
3129.96
3129.96
18.76
18.76
3272.91
3272.91
1508.21
1508.21
3643.82
3643.82
69.14
69.14
145.53
145.53
2317.03
2317.03
1642.37
1642.37
4500.38
4500.38
928.70
928.70
82.22
82.22
913.96
913.96
426.98
426.98
2793.97
2793.97
2793.97
2793.97
2793.97
2793.97
3914.33
3914.33
3914.33
3914.33
3914.33
3914.33
3914.33
3914.33
3914.33
3914.33
1525.01
1525.01
950.18
950.18
2721.48
2721.48
4277.61
4277.61
944.88
944.88
1346.28
1346.28
1455.90
1455.90
1455.90
1455.90
1455.90
1455.90
4507.81
4507.81
1011.74
1011.74
6173.93
6173.93
2114.59
2114.59
850.02
850.02
72.26
72.26
14.81
14.81
1988.30
1988.30
3929.22
3929.22
2706.41
2706.41
3777.12
3777.12
28.18
28.18
421.31
421.31
1346.25
1346.25
55.72
55.72
10.00
10.00
30.62
30.62
979.87
979.87
28.13
28.13
143.38
143.38
13.13
13.13
1345.13
1345.13
767.59
767.59
2324.77
2324.77
69.67
69.67
3621.68
3621.68
5791.59
5791.59
6358.09
6358.09
6125.71
6125.71
673.87
673.87
1778.39
1778.39
3906.99
3906.99
19.37
19.37
40.34
40.34
13.66
13.66
832.57
832.57
161.70
161.70
4451.27
4451.27
4418.73
4418.73
41.01
41.01
27.75
27.75
3505.10
3505.10
5912.80
5912.80
2348.64
2348.64
484.48
484.48
3412.63
3412.63
2228.70
2228.70
138.63
138.63
111.89
111.89
94.11
94.11
658.33
658.33
12.77
12.77
950.42
950.42
638.74
638.74
58.23
58.23
1593.26
1593.26
3894.13
3894.13
4254.80
4254.80
3219.14
3219.14
891.50
891.50
213.12
213.12
42.67
42.67
188.17
188.17
329.45
329.45
857.23
857.23
282.64
282.64
12.92
12.92
73.91
73.91
2556.89
2556.89
6180.89
6180.89
1344.07
1344.07
14.90
14.90
19.15
19.15
1866.13
1866.13
380.26
380.26
166.08
166.08
825.13
825.13
196.92
196.92
13.61
13.61
10.00
10.00
2403.03
2403.03
2018.02
2018.02
2459.21
2459.21
5648.96
5648.96
1743.74
1743.74
3911.58
3911.58
85.79
85.79
2939.84
2939.84
868.40
868.40
304.95
304.95
94.44
94.44
18.09
18.09
687.84
687.84
888.07
888.07
2777.76
2777.76
14.02
14.02
12.01
12.01
14.20
14.20
3398.48
3398.48
3647.26
3647.26
2292.88
2292.88
171.12
171.12
1087.89
1087.89
5183.10
5183.10
12.99
12.99
1435.14
1435.14
2220.38
2220.38
42.19
42.19
12.60
12.60
1143.29
1143.29
13.15
13.15
772.09
772.09
1432.45
1432.45
4898.41
4898.41
78.55
78.55
13.06
13.06
4358.84
4358.84
2254.54
2254.54
97.61
97.61
915.81
915.81
13.06
13.06
6173.57
6173.57
257.72
257.72
10.00
10.00
901.63
901.63
338.28
338.28
268.91
268.91
54.43
54.43
10.00
10.00
10.00
10.00
163.20
163.20
163.20
38.23
38.23
190.34
190.34
1886.54
79.70
3165.96
3165.96
2016.17
2016.17
2149.33
29.58
29.58
5988.46
5988.46
6239.11
6239.11
923.97
923.97
929.62
929.62
3468.49
3468.49
6644.99
6644.99
26.15
26.15
761.46
761.46
111.97
111.97
2602.12
2602.12
2216.47
2216.47
4274.44
4274.44
4045.88
4045.88
6492.95
6492.95
26.27
26.27
127.16
127.16
12.49
12.49
916.31
916.31
4354.99
4354.99
1592.92
1592.92
31.69
31.69
12.86
12.86
162.13
162.13
254.47
254.47
18.75
18.75
970.00
970.00
282.48
282.48
60.66
60.66
10.00
10.00
13.55
13.55
2075.26
2075.26
2112.38
2112.38
3986.56
3986.56
1138.00
1138.00
155.96
155.96
120.35
120.35
922.11
922.11
1407.05
1407.05
1618.71
1618.71
43.09
43.09
1225.87
1225.87
13.77
13.77
486.64
486.64
29.00
29.00
37.33
37.33
3607.88
3607.88
958.54
958.54
6421.61
6421.61
947.57
947.57
116.85
116.85
2367.28
2367.28
3238.32
3238.32
6019.95
6019.95
6019.95
6019.95
448.69
448.69
4176.87
4176.87
4681.64
4681.64
4866.35
4866.35
4345.98
4345.98
4345.98
4345.98
907.90
907.90
224.15
224.15
5201.46
5201.46
5201.46
5201.46
3667.39
3667.39
973.34
973.34
14.10
14.10
1202.10
1202.10
2676.28
2676.28
2904.01
2904.01
2904.01
2904.01
2904.01
2904.01
880.51
880.51
2678.94
2678.94
3706.18
3706.18
3706.18
3706.18
3706.18
3706.18
1934.42
1934.42
996.74
996.74
2031.75
2031.75
2986.27
2986.27
3773.60
3773.60
2026.72
2026.72
113.62
113.62
3590.07
3590.07
6179.78
6179.78
6179.78
6179.78
866.35
866.35
1377.98
1377.98
924.30
924.30
1824.49
1824.49
6447.75
6447.75
2224.41
2224.41
1996.98
1996.98
783.34
783.34
2297.62
2297.62
2297.62
2297.62
359.56
359.56
3208.23
3208.23
4939.85
4939.85
4741.06
4741.06
2181.45
2181.45
3086.78
3086.78
4586.40
4586.40
4459.32
4459.32
4573.24
4573.24
3057.09
3057.09
6571.02
6571.02
3128.21
3128.21
2537.75
2537.75
5991.65
5991.65
5991.65
5991.65
5522.34
5522.34
5522.34
5522.34
5522.34
5522.34
3151.34
3151.34
6044.46
6044.46
6044.46
6044.46
6044.46
6044.46
6044.46
6044.46
6044.46
6044.46
4365.17
4365.17
90.64
90.64
6284.57
6284.57
3199.28
3199.28
178.25
178.25
10.00
10.00
27.09
27.09
337.13
337.13
94.16
94.16
891.13
891.13
581.50
581.50
4446.54
4446.54
4556.71
4556.71
6138.01
6138.01
4611.21
4611.21
250.07
250.07
38.77
38.77
700.83
700.83
6428.47
6428.47
3533.71
3533.71
80.28
80.28
80.28
4665.28
4665.28
41.77
2214.94
2214.94
2214.94
358.47
4272.77
4272.77
971.87
971.87
971.87
1438.52
885.53
885.53
885.53
2561.88
2561.88
4783.72
6327.88
6327.88
6327.88
4657.26
4657.26
4595.76
4595.76
30.03
30.03
15.60
15.60
18.91
18.91
13.28
13.28
1078.13
1078.13
18.89
18.89
886.64
886.64
659.67
659.67
41.39
41.39
113.84
113.84
12.81
12.81
208.91
208.91
3022.62
3022.62
860.90
860.90
5427.36
5427.36
6625.61
6625.61
18.47
18.47
1336.53
1336.53
5196.95
5196.95
12.24
12.24
897.22
897.22
10.00
10.00
4577.23
4577.23
917.24
917.24
13.43
13.43
42.48
42.48
29.17
29.17
490.64
490.64
404.84
404.84
12.81
12.81
17.62
17.62
93.26
93.26
617.97
617.97
631.87
631.87
56.43
56.43
6330.28
6330.28
6330.28
6330.28
131.23
131.23
171.95
171.95
14.12
14.12
78.60
232.52
1075.67
210.96
210.96
210.96
735.85
735.85
118.05
118.05
941.19
941.19
941.19
941.19
13.75
13.75
13.75
16.39
63.29
2844.17
5277.67
5277.67
13.71
13.71
5102.15
5102.15
1358.31
1358.31
1500.26
1500.26
6215.26
6215.26
36.81
36.81
1513.54
1513.54
1031.43
1031.43
2508.86
2508.86
13.27
13.27
28.08
28.08
220.39
220.39
158.53
158.53
6265.31
6265.31
1925.77
1925.77
3624.23
3624.23
13.64
13.64
64.12
64.12
113.39
113.39
5948.72
5948.72
911.76
911.76
13.51
13.51
878.84
878.84
4395.39
4395.39
5399.80
5399.80
6748.15
6748.15
5223.95
5223.95
887.97
887.97
3881.80
3881.80
1586.30
1586.30
54.25
54.25
1326.88
1326.88
3797.97
3797.97
1291.64
1291.64
4548.13
4548.13
3891.39
3891.39
656.87
656.87
5333.44
5333.44
4099.34
4099.34
895.93
895.93
13.02
13.02
396.75
396.75
13.34
13.34
40.92
40.92
1943.21
1943.21
12.72
12.72
4795.56
4795.56
1901.55
1901.55
4367.66
4367.66
271.31
271.31
425.26
425.26
1621.36
1621.36
2169.44
2169.44
80.21
80.21
1688.60
1688.60
2951.79
2951.79
3318.01
3318.01
158.79
158.79
76.77
76.77
174.58
174.58
127.82
127.82
54.50
54.50
47.67
47.67
871.83
871.83
303.93
303.93
17.08
17.08
1173.05
1173.05
295.20
295.20
110.96
110.96
194.56
194.56
16.16
16.16
91.90
91.90
130.42
130.42
74.22
74.22
74.80
74.80
1293.42
1293.42
1293.42
13.50
13.50
435.00
435.00
45.91
1116.86
1116.86
35.41
35.41
680.34
680.34
934.78
934.78
92.88
92.88
1956.51
1956.51
1495.63
1495.63
485.78
485.78
81.56
81.56
1038.10
1038.10
163.16
163.16
696.04
696.04
950.01
950.01
523.65
523.65
968.30
968.30
2332.80
2332.80
2176.47
2176.47
5142.37
5142.37
51.49
51.49
18.77
18.77
966.27
966.27
13.18
13.18
855.92
855.92
295.64
295.64
36.03
36.03
295.51
295.51
5975.29
5975.29
29.86
29.86
619.55
619.55
12.96
12.96
55.33
55.33
26.15
26.15
1849.03
1849.03
1584.36
1584.36
842.02
842.02
12.83
12.83
12.96
12.96
4558.18
4558.18
607.82
607.82
1737.29
1737.29
6047.14
6047.14
3927.57
3927.57
66.37
66.37
55.29
55.29
898.53
898.53
883.66
883.66
41.38
41.38
12.75
12.75
25.37
25.37
225.22
225.22
77.86
77.86
841.27
841.27
227.95
227.95
812.32
812.32
203.49
203.49
42.97
42.97
126.77
126.77
5526.99
5526.99
947.64
947.64
13.36
13.36
603.58
603.58
18.73
18.73
14.32
14.32
855.41
855.41
60.38
60.38
13.62
13.62
121.70
121.70
12.50
12.50
12.50
12.50
17.63
17.63
17.63
58.10
199.36
71.50
219.95
219.95
122.63
122.63
1626.68
1626.68
4321.18
4321.18
618.09
618.09
2215.57
2215.57
1528.39
1528.39
1307.85
1307.85
3050.91
3050.91
269.87
269.87
4839.06
4839.06
5805.73
5805.73
6491.10
6491.10
508.72
508.72
12.53
12.53
6371.90
6371.90
2105.76
2105.76
6512.41
6512.41
2103.04
2103.04
12.85
12.85
171.46
171.46
192.28
192.28
916.28
916.28
5613.11
5613.11
1152.56
1152.56
5895.55
5895.55
18.30
18.30
1020.09
1020.09
13.30
13.30
197.28
197.28
1020.29
1020.29
1493.27
1493.27
954.25
954.25
892.35
892.35
863.97
863.97
566.17
566.17
1387.72
1387.72
4340.63
4340.63
2983.39
2983.39
937.16
937.16
662.22
662.22
4325.85
4325.85
86.70
86.70
199.37
199.37
1062.90
1062.90
661.28
661.28
13.44
13.44
3568.41
3568.41
91.80
91.80
1491.43
1491.43
127.49
127.49
37.33
37.33
38.25
38.25
27.79
27.79
26.87
26.87
27.68
27.68
144.24
144.24
34.03
34.03
18.39
18.39
75.17
75.17
4666.29
4666.29
114.03
114.03
38.87
38.87
173.28
173.28
55.84
55.84
5155.83
5155.83
1545.52
1545.52
12.76
12.76
277.19
277.19
17.49
17.49
4166.97
4166.97
653.82
653.82
2204.28
2204.28
2289.41
2289.41
3554.07
3554.07
889.12
889.12
5779.67
5779.67
48.63
48.63
5277.28
5277.28
39.86
39.86
2794.36
2794.36
1266.31
1266.31
1010.35
1010.35
6194.42
6194.42
13.20
13.20
5262.86
5262.86
5262.86
5262.86
5262.86
5262.86
5030.13
5030.13
1502.10
1502.10
5274.48
5274.48
538.71
538.71
885.26
885.26
14.39
14.39
3914.24
3914.24
342.91
342.91
2853.37
2853.37
18.03
18.03
318.34
318.34
886.22
886.22
5510.66
5510.66
5510.66
5510.66
4441.89
4441.89
478.07
478.07
4587.33
4587.33
2159.17
2159.17
894.38
894.38
6391.39
6391.39
73.01
73.01
2188.94
2188.94
2890.09
2890.09
2032.69
2032.69
2385.80
2385.80
2532.25
2532.25
4636.28
4636.28
6555.25
6555.25
911.87
911.87
6117.06
6117.06
2805.34
2805.34
3226.05
3226.05
3226.05
3226.05
6454.95
6454.95
4124.51
4124.51
55.56
55.56
2112.61
2112.61
18.76
18.76
4012.58
4012.58
2949.22
2949.22
2885.46
2885.46
4189.88
4189.88
4856.21
4856.21
37.70
37.70
183.95
183.95
25.59
25.59
75.43
75.43
888.69
888.69
733.16
733.16
13.12
13.12
13.01
13.01
722.34
722.34
46.30
46.30
64.13
64.13
1228.66
1228.66
13.33
13.33
70.58
70.58
162.43
162.43
570.43
570.43
13.59
13.59
165.31
165.31
89.68
89.68
4854.23
4854.23
617.28
617.28
113.36
113.36
5792.84
5792.84
4606.00
4606.00
6021.75
6021.75
771.96
771.96
2395.34
2395.34
5922.33
5922.33
1192.89
1192.89
3304.18
3304.18
5176.71
5176.71
5176.71
5176.71
5176.71
5176.71
5176.71
5176.71
5176.71
5176.71
5176.71
5176.71
6101.59
6101.59
6377.26
6377.26
134.10
134.10
10.00
10.00
42.09
42.09
4888.98
4888.98
28.98
28.98
4438.20
4438.20
2578.86
2578.86
250.57
250.57
412.27
412.27
2797.46
2797.46
1385.74
1385.74
4490.92
4490.92
396.02
396.02
39.44
39.44
36.52
36.52
51.80
51.80
890.20
890.20
701.72
701.72
5583.25
5583.25
2275.34
2275.34
1718.85
1718.85
5270.18
5270.18
2075.28
2075.28
3419.64
3419.64
4517.23
4517.23
2029.18
2029.18
2643.63
2643.63
14.24
14.24
2890.19
2890.19
2538.25
2538.25
781.56
781.56
6135.37
6135.37
821.08
821.08
937.08
937.08
1844.09
1844.09
4032.02
4032.02
4509.75
4509.75
2551.83
2551.83
2189.64
2189.64
93.98
93.98
2295.57
2295.57
473.05
473.05
576.06
576.06
879.93
879.93
6263.92
6263.92
941.78
941.78
5601.70
5601.70
608.06
608.06
17.84
17.84
10.00
10.00
240.03
240.03
59.67
59.67
925.89
925.89
448.08
448.08
139.35
139.35
1530.29
1530.29
12.91
12.91
3843.37
3843.37
319.86
319.86
17.70
17.70
16.38
16.38
2381.45
2381.45
901.64
901.64
3583.53
3583.53
27.87
27.87
319.24
319.24
55.01
55.01
1032.95
1032.95
12.66
12.66
19.24
19.24
67.65
67.65
13.53
13.53
202.03
202.03
24.82
24.82
3657.39
3657.39
2012.43
2012.43
2149.57
2149.57
35.55
35.55
56.76
56.76
3910.41
3910.41
4189.73
4189.73
51.41
51.41
1952.38
1952.38
2740.36
2740.36
5096.99
5096.99
420.40
420.40
3232.11
3232.11
2648.28
2648.28
3731.41
3731.41
1563.26
1563.26
27.27
27.27
1179.17
1179.17
36.84
36.84
3995.55
3995.55
4641.38
4641.38
1171.13
1171.13
3909.82
3909.82
171.28
171.28
19.26
19.26
116.69
116.69
57.36
57.36
137.25
137.25
12.70
12.70
187.43
187.43
603.99
603.99
2113.42
2113.42
13.15
13.15
2401.35
2401.35
2861.10
2861.10
30.24
30.24
1717.85
1717.85
4808.42
4808.42
6095.84
6095.84
6207.22
6207.22
1067.82
1067.82
87.66
87.66
52.41
52.41
52.41
4869.29
1389.78
1389.78
6603.60
6603.60
6603.60
3498.99
12.35
12.35
12.35
17.39
97.81
97.81
152.29
152.29
152.29
220.09
220.09
272.10
56.40
56.40
56.40
37.61
37.61
948.24
948.24
901.22
901.22
56.62
56.62
157.53
157.53
1900.96
1900.96
1120.79
1120.79
5496.25
5496.25
902.15
902.15
2271.94
2271.94
2593.39
2593.39
614.68
614.68
4292.00
4292.00
926.03
926.03
2542.13
2270.80
2270.80
2270.80
6011.64
6011.64
1610.69
1610.69
17.47
17.47
14.12
14.12
904.55
904.55
3908.57
3908.57
5555.55
5555.55
1288.19
1288.19
6080.71
6080.71
31.99
31.99
13.46
1663.58
1663.58
1663.58
4214.83
4214.83
87.87
87.87
1245.84
1245.84
13.31
13.31
1425.48
1425.48
2010.21
2010.21
6596.64
6596.64
6044.35
6044.35
5993.84
5993.84
1039.80
1039.80
3391.02
834.59
834.59
834.59
814.59
814.59
37.06
37.06
27.76
27.76
13.71
13.71
878.80
878.80
3956.59
3956.59
29.74
29.74
6563.45
6563.45
2197.16
2197.16
4113.37
4113.37
1826.08
1826.08
901.46
901.46
1584.22
1584.22
2126.74
2126.74
3411.15
3411.15
348.04
348.04
1913.78
1913.78
1788.86
1788.86
2217.71
2217.71
3550.15
3550.15
6523.17
6523.17
1705.06
1705.06
12.76
854.28
854.28
854.28
2530.60
2530.60
1606.46
1606.46
6174.33
6174.33
3632.66
3632.66
2200.61
2200.61
4063.35
4063.35
281.46
281.46
3953.87
3953.87
57.56
57.56
1033.44
1033.44
13.67
13.67
6309.86
6309.86
39.01
39.01
6060.57
6060.57
1053.57
1053.57
1934.38
1934.38
918.06
918.06
3152.99
3152.99
6530.35
6530.35
2386.75
2386.75
5830.14
5830.14
1118.11
1118.11
6519.59
6519.59
899.95
899.95
103.03
103.03
920.32
920.32
26.49
26.49
1755.20
1755.20
873.91
873.91
58.03
58.03
13.16
13.16
17.72
17.72
973.23
973.23
1212.87
1212.87
3737.53
3737.53
919.29
919.29
1228.72
1228.72
6163.88
6163.88
728.68
728.68
2448.84
2448.84
900.06
900.06
125.78
125.78
6360.33
6360.33
2996.09
2996.09
13.63
13.63
1086.45
1086.45
13.35
13.35
5837.41
5837.41
920.91
920.91
43.13
43.13
16.50
16.50
13.01
13.01
913.16
913.16
3380.70
3380.70
4054.05
4054.05
453.49
453.49
2172.80
2172.80
1025.05
1025.05
37.87
37.87
899.55
899.55
2052.88
2052.88
1718.04
1718.04
1499.35
1499.35
6138.64
6138.64
929.13
929.13
71.45
71.45
63.81
63.81
2971.23
2971.23
2097.51
2097.51
1501.56
1501.56
5302.65
5302.65
1919.49
1919.49
34.87
34.87
3285.69
3285.69
98.54
98.54
1400.50
1400.50
41.01
41.01
91.36
91.36
1897.55
1897.55
236.18
236.18
13.02
13.02
910.67
910.67
4108.32
4108.32
6131.49
6131.49
337.49
337.49
12.92
12.92
18.78
18.78
540.97
540.97
2441.95
2441.95
3844.16
3844.16
149.48
149.48
4339.34
4339.34
3928.51
3928.51
6286.76
6286.76
6621.11
6621.11
55.58
55.58
744.46
744.46
40.43
40.43
934.89
934.89
72.50
72.50
3969.95
3969.95
849.33
849.33
263.03
263.03
2305.18
2305.18
6236.52
6236.52
4619.51
4619.51
6087.43
6087.43
38.88
38.88
2730.29
2730.29
6495.58
6495.58
916.03
916.03
802.22
802.22
2943.93
2943.93
556.88
556.88
14.55
14.55
72.07
72.07
880.99
880.99
4655.73
4655.73
4815.30
4815.30
1948.86
1948.86
2515.54
2515.54
951.20
951.20
1714.62
1714.62
4044.21
4044.21
985.50
985.50
2157.99
2157.99
278.37
278.37
12.14
12.14
720.63
720.63
38.21
38.21
1252.78
1252.78
3187.54
3187.54
13.29
13.29
248.97
248.97
1805.04
1805.04
5715.65
5715.65
1544.80
1544.80
5391.69
5391.69
6112.88
6112.88
4947.04
4947.04
2711.80
2711.80
6418.36
6418.36
98.52
98.52
853.10
853.10
1693.88
1693.88
2836.17
2836.17
6400.54
6400.54
6400.54
6400.54
2936.29
2936.29
498.22
498.22
14.59
14.59
1136.03
1136.03
217.01
217.01
2408.69
2408.69
1978.07
1978.07
2133.23
2133.23
273.07
273.07
3078.53
3078.53
3078.53
3078.53
3078.53
3078.53
3078.53
3078.53
144.95
144.95
5126.27
5126.27
5126.27
5126.27
5424.52
5424.52
6404.33
6404.33
6404.33
6404.33
879.34
879.34
2321.02
2321.02
3123.72
3123.72
28.93
28.93
1653.95
1653.95
5349.49
5349.49
5349.49
5349.49
5349.49
5349.49
5349.49
5349.49
4661.55
4661.55
4661.55
4661.55
1218.74
1218.74
879.50
879.50
5409.71
5409.71
43.03
43.03
850.48
850.48
2157.26
2157.26
3244.71
3244.71
2395.46
2395.46
6383.49
6383.49
6304.97
6304.97
6304.97
6304.97
5858.30
5858.30
530.50
530.50
2365.65
2365.65
2365.65
2365.65
2972.10
2972.10
2972.10
2972.10
2972.10
2972.10
843.07
843.07
1002.92
1002.92
6503.91
6503.91
151.18
151.18
6208.33
6208.33
2256.51
2256.51
1803.24
1803.24
901.41
901.41
32.00
32.00
5814.54
5814.54
3992.35
3992.35
12.58
12.58
5619.71
5619.71
6677.43
6677.43
3968.10
3968.10
2143.50
2143.50
3690.98
3690.98
162.64
162.64
56.14
56.14
2299.51
2299.51
5966.76
5966.76
1779.63
1779.63
3038.71
3038.71
1626.13
1626.13
957.91
957.91
77.95
77.95
920.72
920.72
849.62
849.62
1183.62
1183.62
1856.99
1856.99
19.06
19.06
29.02
29.02
12.97
12.97
5163.52
5163.52
6271.32
6271.32
5719.13
5719.13
1299.15
1299.15
12.62
12.62
28.12
28.12
35.92
35.92
13.41
13.41
27.49
27.49
1313.39
1313.39
877.44
877.44
69.70
69.70
1086.02
1086.02
4568.57
4568.57
19.50
19.50
2330.78
2330.78
12.30
12.30
891.52
891.52
173.38
173.38
1457.87
1457.87
92.31
92.31
1025.07
1025.07
2794.36
2794.36
107.39
107.39
1083.01
1083.01
151.71
151.71
49.93
49.93
909.02
909.02
2337.28
2337.28
923.41
923.41
91.78
91.78
1947.03
1947.03
5872.70
5872.70
6404.59
6404.59
3646.07
3646.07
6035.78
6035.78
1232.09
1232.09
2887.89
2887.89
3394.56
3394.56
3394.56
3394.56
3394.56
3394.56
3394.56
3394.56
3394.56
3394.56
3394.56
3394.56
3394.56
3394.56
1035.67
1035.67
4037.83
4037.83
2705.77
2705.77
46.79
46.79
4132.56
4132.56
3641.14
3641.14
42.78
42.78
2816.02
2816.02
5332.00
5332.00
4203.57
4203.57
1855.31
1855.31
1518.39
1518.39
4329.64
4329.64
896.47
896.47
1051.21
1051.21
4914.63
4914.63
1363.96
1363.96
5035.58
5035.58
2199.99
2199.99
2563.62
2563.62
1787.40
1787.40
475.31
475.31
16.71
16.71
15.50
15.50
121.45
121.45
37.17
37.17
470.23
470.23
146.84
146.84
72.97
72.97
1085.62
1085.62
3576.16
3576.16
862.91
862.91
882.04
882.04
36.76
36.76
59.62
59.62
166.36
166.36
427.54
427.54
28.47
28.47
2134.25
2134.25
30.45
30.45
140.72
140.72
27.87
27.87
58.03
58.03
134.91
134.91
40.16
40.16
5328.78
5328.78
47.80
47.80
4064.00
4064.00
3623.20
3623.20
151.12
151.12
1497.28
1497.28
914.60
914.60
1637.70
1637.70
2613.99
2613.99
923.53
923.53
3381.76
3381.76
881.18
881.18
3653.31
3653.31
3845.11
3845.11
4130.25
4130.25
306.99
306.99
2440.60
2440.60
863.66
863.66
6525.25
6525.25
1839.03
1839.03
12.96
12.96
4154.60
4154.60
1972.86
1972.86
41.58
41.58
249.26
249.26
168.04
168.04
17.96
17.96
138.33
138.33
2944.77
2944.77
1216.44
1216.44
2721.60
2721.60
232.74
232.74
54.64
54.64
255.34
255.34
175.96
175.96
68.52
68.52
107.43
107.43
222.38
222.38
10.00
10.00
2619.72
2619.72
737.41
737.41
162.12
162.12
915.75
915.75
761.18
761.18
5936.85
5936.85
2501.70
2501.70
36.45
36.45
842.39
842.39
4214.64
4214.64
2762.34
2762.34
341.03
341.03
74.55
74.55
3978.61
3978.61
2987.70
2987.70
1351.08
1351.08
2978.40
2978.40
3598.98
3598.98
4963.89
4963.89
126.02
126.02
14.02
14.02
109.00
109.00
78.46
78.46
508.90
508.90
177.27
177.27
3419.26
3419.26
3738.84
3738.84
4718.26
4718.26
4789.23
4789.23
3018.46
3018.46
899.25
899.25
11.91
11.91
2999.54
2999.54
12.75
12.75
5835.08
5835.08
263.23
263.23
15.49
15.49
895.26
895.26
237.63
237.63
42.76
42.76
13.73
13.73
13.73
12.42
12.42
12.42
12.42
1258.69
1258.69
1258.69
24.72
24.72
2754.05
2754.05
318.42
318.42
19.14
19.14
112.14
112.14
507.65
507.65
81.34
81.34
81.34
1011.98
3529.39
6239.75
5952.48
669.74
669.74
1241.05
2910.20
2910.20
4186.35
4186.35
75.96
75.96
26.98
26.98
164.27
164.27
924.41
924.41
173.66
173.66
930.83
930.83
223.49
223.49
223.49
1890.34
5738.63
5738.63
13.24
13.24
6451.80
6451.80
5960.08
5960.08
6186.96
6186.96
6186.96
2170.28
60.22
60.22
60.22
847.77
847.77
255.26
54.50
54.50
54.50
115.66
115.66
2079.14
2079.14
79.91
79.91
2962.32
913.93
913.93
913.93
68.47
68.47
56.30
56.30
2486.54
2486.54
1938.32
1938.32
90.04
90.04
424.69
424.69
903.14
903.14
36.58
36.58
34.80
34.80
2892.59
2892.59
5199.06
5199.06
5823.21
5823.21
12.44
12.44
13.56
13.56
2877.78
2877.78
1324.32
1324.32
27.73
27.73
129.43
129.43
2136.73
2136.73
2299.66
2299.66
1674.70
1674.70
73.05
73.05
1746.66
1746.66
909.79
909.79
679.17
679.17
395.54
395.54
3758.38
3758.38
4045.77
4045.77
4373.20
4373.20
2465.05
2465.05
781.67
781.67
3653.76
3653.76
25.79
25.79
17.15
17.15
26.00
26.00
52.87
52.87
39.89
39.89
27.20
27.20
104.94
104.94
12.78
12.78
10.00
10.00
67.70
67.70
855.57
855.57
3756.30
3756.30
1289.93
1289.93
151.13
151.13
5889.77
5889.77
5351.76
5351.76
4790.92
4790.92
1155.44
1155.44
2492.13
2492.13
1297.32
1297.32
926.04
926.04
6641.52
6641.52
3060.57
3060.57
39.77
39.77
1686.30
1686.30
52.48
52.48
11.64
11.64
40.95
40.95
2363.34
2363.34
12.69
12.69
13.57
13.57
12.26
12.26
2795.37
2795.37
235.00
235.00
62.02
62.02
1170.51
1170.51
5973.89
5973.89
52.96
52.96
6477.88
6477.88
3970.46
3970.46
3203.70
3203.70
2922.01
2922.01
3287.00
3287.00
1659.94
1659.94
897.72
897.72
2542.76
2542.76
5270.54
5270.54
26.58
26.58
2443.63
2443.63
854.32
854.32
1086.21
1086.21
854.33
854.33
59.08
59.08
4041.86
4041.86
4858.47
4858.47
4858.47
4858.47
4858.47
4858.47
4703.65
4703.65
4703.65
4703.65
13.34
13.34
3069.76
3069.76
5896.50
5896.50
1081.70
1081.70
2018.09
2018.09
2062.86
2062.86
3389.79
3389.79
5303.39
5303.39
1821.09
1821.09
2374.92
2374.92
193.76
193.76
6016.90
6016.90
6016.90
6016.90
6016.90
6016.90
6016.90
6016.90
6016.90
6016.90
6016.90
6016.90
6016.90
6016.90
27.47
27.47
29.49
29.49
592.28
592.28
24.63
24.63
761.57
761.57
1334.82
1334.82
1666.12
1666.12
1505.98
1505.98
1668.64
1668.64
4025.22
4025.22
3876.82
3876.82
25.70
25.70
4810.77
4810.77
13.39
13.39
1483.59
1483.59
5859.76
5859.76
1553.71
1553.71
2880.34
2880.34
2924.67
2924.67
3424.06
3424.06
3424.06
3424.06
3290.91
3290.91
3290.91
3290.91
3290.91
3290.91
3290.91
3290.91
46.56
46.56
57.16
57.16
2518.59
2518.59
1284.35
1284.35
3082.47
3082.47
3219.88
3219.88
13.83
13.83
4283.11
4283.11
19.53
19.53
44.55
44.55
5909.26
5909.26
893.20
893.20
13.28
13.28
532.27
532.27
2636.68
2636.68
3579.01
3579.01
4837.26
4837.26
2931.81
2931.81
38.12
38.12
456.17
456.17
45.42
45.42
44.33
44.33
2241.40
2241.40
2715.62
2715.62
348.15
348.15
1009.41
1009.41
44.84
44.84
127.55
127.55
13.54
13.54
328.26
328.26
236.58
236.58
124.61
124.61
81.93
81.93
1948.02
1948.02
1041.47
1041.47
3100.41
3100.41
3751.66
3751.66
6220.08
6220.08
3667.68
3667.68
4787.78
4787.78
3873.22
3873.22
594.99
594.99
4519.20
4519.20
24.61
24.61
1436.86
1436.86
59.63
59.63
5803.61
5803.61
13.33
13.33
1038.44
1038.44
1479.15
1479.15
17.43
17.43
4118.60
4118.60
5815.26
5815.26
6190.44
6190.44
214.01
214.01
144.06
144.06
148.78
148.78
2688.15
2688.15
201.46
201.46
38.62
38.62
1851.22
1851.22
40.22
40.22
5859.01
5859.01
39.42
39.42
6054.53
6054.53
6178.91
6178.91
6447.79
6447.79
43.04
43.04
1991.85
1991.85
904.66
904.66
681.90
681.90
29.20
29.20
6287.91
6287.91
539.59
539.59
2227.81
2227.81
86.43
86.43
884.21
884.21
15.25
15.25
42.00
42.00
71.16
71.16
147.07
147.07
13.81
13.81
54.60
54.60
58.59
58.59
4860.32
4860.32
128.55
128.55
2177.73
2177.73
87.61
87.61
5207.35
5207.35
194.91
194.91
2751.66
2751.66
2233.32
2233.32
1553.29
1553.29
2013.82
2013.82
706.90
706.90
6128.68
6128.68
13.46
13.46
103.00
103.00
3038.59
3038.59
6056.91
6056.91
59.71
59.71
932.68
932.68
5497.13
5497.13
17.15
17.15
18.59
18.59
451.65
451.65
2509.27
2509.27
102.88
102.88
6387.70
6387.70
3054.37
3054.37
53.68
53.68
12.69
12.69
868.96
868.96
338.07
338.07
4165.31
4165.31
52.59
52.59
60.38
60.38
308.56
308.56
4169.03
4169.03
13.55
13.55
86.28
86.28
1153.13
1153.13
113.60
113.60
1563.73
1563.73
40.88
40.88
39.82
39.82
131.87
131.87
13.11
13.11
2776.09
2776.09
87.69
87.69
4767.32
4767.32
177.77
177.77
88.89
88.89
88.89
51.60
51.60
287.62
201.82
201.82
877.24
877.24
2097.04
2097.04
139.41
139.41
13.79
13.79
427.85
427.85
2372.53
2372.53
1874.46
1874.46
4020.04
4020.04
6307.44
6307.44
2356.85
2356.85
776.82
776.82
2048.67
2048.67
5791.06
5791.06
978.02
978.02
4931.07
4931.07
45.90
45.90
1302.90
1302.90
905.14
905.14
66.16
66.16
77.03
77.03
1358.36
1358.36
26.71
26.71
687.10
687.10
661.46
661.46
207.18
207.18
4249.32
4249.32
41.24
41.24
696.27
696.27
43.84
43.84
104.20
104.20
347.35
347.35
921.43
921.43
3770.69
3770.69
6054.39
6054.39
1620.32
1620.32
2356.21
2356.21
875.46
875.46
4486.02
4486.02
468.28
468.28
27.41
27.41
4446.24
4446.24
909.82
909.82
2744.42
2744.42
54.12
54.12
3652.14
3652.14
4115.23
4115.23
3031.43
3031.43
3190.14
3190.14
954.79
954.79
5376.79
5376.79
16.12
16.12
419.22
419.22
6168.09
6168.09
6501.11
6501.11
2383.89
2383.89
4551.58
4551.58
550.56
550.56
550.56
550.56
550.56
550.56
550.56
550.56
550.56
550.56
550.56
550.56
550.56
550.56
550.56
550.56
550.56
550.56
550.56
550.56
1559.57
1274.86
89.98
19.52
2943.53
6686.14
6117.94
6117.94
5747.14
5747.14
1175.02
1175.02
5976.38
5976.38
74.15
74.15
4339.01
4339.01
2588.70
2588.70
2297.91
2297.91
2117.74
2117.74
1981.01
1981.01
903.68
903.68
466.48
466.48
4206.58
4206.58
2924.54
2924.54
107.52
107.52
3082.60
3082.60
3881.13
3881.13
902.67
902.67
2167.04
2167.04
141.36
141.36
1457.33
1457.33
493.13
493.13
41.68
41.68
238.26
238.26
67.36
67.36
3372.18
3372.18
12.63
12.63
6230.65
6230.65
2609.42
2609.42
1519.49
1519.49
6084.86
6084.86
41.30
41.30
19.17
19.17
27.72
27.72
2334.11
2334.11
1019.99
1019.99
890.61
890.61
29.49
29.49
64.56
64.56
4489.33
4489.33
2413.07
2413.07
5436.77
5436.77
1690.44
1690.44
2186.30
2186.30
12.96
12.96
13.21
13.21
1700.88
1700.88
2190.29
2190.29
884.32
884.32
2597.86
2597.86
1842.46
1842.46
118.50
118.50
408.97
408.97
29.70
29.70
2434.03
2434.03
3777.79
3777.79
2366.22
2366.22
1605.34
1605.34
1122.39
1122.39
2283.54
2283.54
4636.88
4636.88
382.21
382.21
1593.79
1593.79
417.87
417.87
3245.67
3245.67
4873.29
4873.29
4219.04
4219.04
6134.19
6134.19
13.65
13.65
6285.71
6285.71
5962.29
5962.29
220.03
220.03
886.62
886.62
12.89
12.89
362.66
362.66
5229.12
5229.12
666.34
666.34
877.26
877.26
2525.94
2525.94
6119.79
6119.79
18.87
18.87
2585.88
2585.88
3916.20
3916.20
6544.90
6544.90
6052.63
6052.63
152.68
152.68
179.91
179.91
18.08
18.08
126.75
126.75
60.86
60.86
4703.74
4703.74
941.56
941.56
1035.71
1035.71
13.10
13.10
170.89
170.89
39.03
39.03
1079.63
1079.63
225.45
225.45
26.03
26.03
3991.30
3991.30
2755.80
2755.80
59.31
59.31
892.89
892.89
100.34
100.34
5252.95
5252.95
3790.15
3790.15
4712.36
4712.36
1700.12
1700.12
52.75
52.75
12.98
12.98
26.62
26.62
17.60
17.60
2678.75
2678.75
908.23
908.23
6343.76
6343.76
873.42
873.42
5138.95
5138.95
28.03
28.03
58.60
58.60
12.69
12.69
10.00
10.00
3999.82
3999.82
3758.92
3758.92
3243.25
3243.25
40.57
40.57
98.18
98.18
71.93
71.93
41.87
41.87
6003.21
6003.21
149.70
149.70
3692.52
3692.52
5837.34
5837.34
69.58
69.58
2079.67
2079.67
511.65
511.65
6752.45
6752.45
6350.22
6350.22
6366.91
6366.91
778.19
778.19
3867.98
3867.98
3591.75
3591.75
27.35
27.35
5896.09
5896.09
775.19
775.19
2847.99
2847.99
2847.99
2847.99
3025.81
3025.81
3025.81
3025.81
3109.37
3109.37
3109.37
3109.37
3313.07
3313.07
3266.79
3266.79
3019.23
3019.23
15.46
15.46
827.38
827.38
43.40
43.40
3667.11
3667.11
36.72
36.72
94.94
94.94
3474.66
3474.66
5311.78
5311.78
2639.79
2639.79
1180.49
1180.49
6076.52
6076.52
305.37
305.37
4339.25
4339.25
6072.03
6072.03
2894.25
2894.25
3502.69
3502.69
13.12
13.12
6075.90
6075.90
16.14
16.14
3251.81
3251.81
3251.81
3251.81
6051.35
6051.35
1346.22
1346.22
6377.24
6377.24
5989.52
5989.52
297.27
297.27
6023.49
6023.49
2097.13
2097.13
2692.34
2692.34
891.74
891.74
2507.12
2507.12
4295.29
4295.29
3160.75
3160.75
628.91
628.91
898.54
898.54
55.41
55.41
4670.34
4670.34
4670.34
4670.34
978.39
978.39
3082.71
3082.71
3082.71
3082.71
1958.93
1958.93
66.09
66.09
5779.18
5779.18
1457.81
1457.81
5182.92
5182.92
913.10
913.10
801.00
801.00
14.00
14.00
1730.05
1730.05
6351.97
6351.97
866.74
866.74
1435.51
1435.51
2129.69
2129.69
1716.76
1716.76
3394.41
3394.41
914.97
914.97
1552.88
1552.88
1552.88
1552.88
206.81
206.81
99.85
99.85
1043.17
1043.17
2615.37
2615.37
900.02
900.02
2103.39
2103.39
2280.99
2280.99
3225.87
3225.87
4587.24
4587.24
2144.91
2144.91
2333.78
2333.78
6089.34
6089.34
4412.18
4412.18
4412.18
4412.18
27.61
27.61
19.21
19.21
907.79
907.79
1351.81
1351.81
1723.56
1723.56
2647.35
2647.35
5896.50
5896.50
871.88
871.88
985.82
985.82
4759.54
4759.54
902.00
902.00
132.91
132.91
4840.85
4840.85
4840.85
4840.85
875.08
875.08
3216.16
3216.16
4191.28
4191.28
519.16
519.16
6493.11
6493.11
883.10
883.10
246.74
246.74
1045.25
1045.25
1075.85
1075.85
2504.93
2504.93
6307.81
6307.81
5839.22
5839.22
6879.27
6879.27
3836.67
3836.67
898.71
898.71
1524.07
1524.07
1524.07
1524.07
1320.88
1320.88
5824.44
5824.44
5824.44
5824.44
67.98
67.98
38.25
38.25
6622.63
6622.63
1446.80
1446.80
1446.80
1446.80
4808.46
4808.46
4808.46
4808.46
4808.46
4808.46
4243.43
4243.43
864.59
864.59
14.37
14.37
3161.04
3161.04
1997.82
1997.82
29.14
29.14
3112.39
3112.39
3163.71
3163.71
881.46
881.46
3091.63
3091.63
6301.55
6301.55
6438.75
6438.75
29.84
29.84
93.10
93.10
363.25
363.25
60.25
60.25
68.76
68.76
3371.17
3371.17
252.40
252.40
14.64
14.64
27.38
27.38
97.61
97.61
4108.31
4108.31
1350.97
1350.97
6208.22
6208.22
1886.00
1886.00
3192.94
3192.94
982.87
982.87
3574.03
3574.03
304.80
304.80
2082.38
2082.38
572.81
572.81
5488.07
5488.07
5488.07
5488.07
5488.07
5488.07
637.11
637.11
208.63
208.63
913.06
913.06
416.80
416.80
5673.26
5673.26
6630.04
6630.04
3403.29
3403.29
6431.48
6431.48
6248.15
6248.15
6248.15
6248.15
6248.15
6248.15
2757.78
2757.78
757.79
757.79
559.19
559.19
3085.26
3085.26
6488.52
6488.52
6035.55
6035.55
612.93
612.93
1411.33
1411.33
3612.38
3612.38
3612.38
3612.38
3612.38
3612.38
61.91
61.91
928.22
928.22
235.67
235.67
59.76
59.76
2862.30
2862.30
2862.30
2862.30
41.98
41.98
423.60
423.60
3536.65
3536.65
4319.76
4319.76
4611.29
4611.29
4227.44
4227.44
4227.44
4227.44
4227.44
4227.44
4227.44
4227.44
5558.81
5558.81
1104.27
1104.27
1971.61
1971.61
2001.51
2001.51
13.73
13.73
6278.13
6278.13
3349.04
3349.04
3795.62
3795.62
3795.62
3795.62
3795.62
3795.62
4217.32
4217.32
3380.70
3380.70
1803.45
1803.45
4176.96
4176.96
43.98
43.98
808.83
808.83
1063.82
1063.82
2389.76
2389.76
78.13
78.13
1866.79
1866.79
1841.24
1841.24
1332.30
1332.30
924.38
924.38
2586.20
2586.20
1715.58
1715.58
68.61
68.61
53.98
53.98
3250.78
3250.78
3250.78
3250.78
3250.78
3250.78
3250.78
3250.78
14.10
14.10
4303.99
4303.99
2832.44
2832.44
1728.03
1728.03
1740.53
1740.53
13.51
13.51
2298.43
2298.43
17.98
17.98
4662.12
4662.12
6219.68
6219.68
4626.63
4626.63
3688.92
3688.92
6270.22
6270.22
5086.18
5086.18
2872.96
2872.96
3430.46
3430.46
1099.37
1099.37
4512.79
4512.79
652.01
652.01
6499.38
6499.38
1205.73
1205.73
2548.07
2548.07
3893.25
3893.25
2350.43
2350.43
3234.94
3234.94
3234.94
3234.94
3234.94
3234.94
3234.94
3234.94
3253.28
3253.28
40.74
40.74
277.82
277.82
3285.15
3285.15
3285.15
3285.15
3285.15
3285.15
3285.15
3285.15
4400.37
4400.37
1281.64
1281.64
2386.16
2386.16
392.58
392.58
392.58
2610.62
1492.21
1492.21
473.37
473.37
2321.94
2321.94
1476.63
1476.63
1476.63
920.91
920.91
13.28
2626.68
2626.68
2626.68
2720.28
2720.28
3126.30
3126.30
2318.45
2318.45
6055.67
6055.67
5030.11
5030.11
1011.97
1011.97
290.57
290.57
36.95
36.95
625.49
625.49
3943.93
3943.93
1753.45
894.03
894.03
894.03
948.80
948.80
74.23
74.23
3280.28
3280.28
3288.47
3288.47
3288.47
3288.47
3288.47
3288.47
3402.04
3402.04
18.22
18.22
6529.88
6529.88
6022.18
6022.18
6022.18
6022.18
6022.18
6022.18
6022.18
6022.18
6022.18
6022.18
889.15
889.15
328.50
328.50
6385.30
6385.30
14.59
14.59
5957.27
5957.27
3401.51
3401.51
1317.13
1317.13
6577.53
6577.53
1819.18
892.10
892.10
892.10
3241.89
3241.89
4359.97
4359.97
2060.36
2060.36
6158.00
6158.00
1183.48
1183.48
13.46
13.46
2454.71
2454.71
4824.99
4824.99
2586.96
2586.96
895.40
895.40
3541.85
3782.45
3782.45
3782.45
622.67
622.67
389.60
389.60
3537.27
3537.27
6381.50
6381.50
906.19
906.19
14.76
14.76
2292.05
2292.05
57.52
57.52
5635.44
5635.44
2680.99
2680.99
2871.80
2871.80
886.68
886.68
2834.91
2834.91
317.69
317.69
6059.80
6059.80
5253.67
5253.67
788.71
788.71
19.60
19.60
1540.12
1540.12
2517.71
2517.71
1225.46
1225.46
896.21
896.21
38.10
38.10
858.32
858.32
857.11
857.11
4874.23
4874.23
17.51
17.51
102.15
102.15
4652.71
4652.71
2525.09
2525.09
2762.32
2762.32
75.19
75.19
14.32
14.32
941.21
941.21
53.68
53.68
862.63
862.63
5700.92
5700.92
41.27
41.27
2525.19
2525.19
139.77
139.77
911.45
911.45
18.71
18.71
5760.56
5760.56
4936.75
4936.75
4624.59
4624.59
15.38
15.38
4958.53
4958.53
857.63
857.63
763.61
763.61
587.41
587.41
3733.19
3733.19
1490.66
1490.66
915.21
915.21
112.86
112.86
12.57
12.57
42.67
42.67
3757.25
3757.25
893.48
893.48
146.27
146.27
1820.17
1820.17
6485.66
6485.66
3341.18
3341.18
1446.05
1446.05
157.15
157.15
3874.62
3874.62
1962.08
1962.08
14.10
14.10
3054.58
3054.58
13.73
13.73
3660.21
3660.21
2151.00
2151.00
862.87
862.87
5186.93
5186.93
1720.26
1720.26
896.47
896.47
154.61
154.61
15.09
15.09
6465.41
6465.41
892.09
892.09
1422.06
1422.06
5849.82
5849.82
4697.73
4697.73
970.23
970.23
6837.93
6837.93
2835.78
2835.78
67.47
67.47
2960.49
2960.49
5616.86
5616.86
5266.03
5266.03
5968.90
5968.90
2408.41
2408.41
811.44
811.44
1050.10
1050.10
6312.26
6312.26
5086.42
5086.42
848.99
848.99
3089.52
3089.52
3089.52
3089.52
3089.52
3089.52
3092.13
3092.13
966.27
966.27
995.04
995.04
14.01
14.01
467.70
467.70
1914.03
1914.03
870.35
870.35
2857.53
2857.53
2857.53
2857.53
116.94
116.94
1795.86
1795.86
28.91
28.91
1217.81
1217.81
26.23
26.23
1493.40
1493.40
1464.14
1464.14
1768.94
1768.94
1311.80
1311.80
1020.33
1020.33
45.25
45.25
656.61
656.61
1440.87
1440.87
1038.41
1038.41
2243.85
2243.85
51.68
51.68
300.79
300.79
14.62
14.62
768.83
768.83
2260.44
2260.44
3528.12
3528.12
3448.83
3448.83
37.89
37.89
2893.65
2893.65
5487.72
5487.72
5586.83
5586.83
83.58
83.58
14.36
14.36
1640.78
1640.78
219.65
219.65
885.23
885.23
14.99
14.99
522.63
522.63
56.37
56.37
2110.40
2110.40
870.65
870.65
3016.45
3016.45
3471.23
3471.23
3471.23
3471.23
3471.23
3471.23
818.61
818.61
2784.48
2784.48
3587.58
3587.58
1751.31
1751.31
51.85
51.85
836.88
836.88
33.50
33.50
852.52
852.52
6022.22
6022.22
13.67
13.67
5970.09
5970.09
6060.10
6060.10
6394.42
6394.42
1084.90
1084.90
873.47
873.47
225.76
225.76
3278.10
3278.10
3278.10
3278.10
3278.10
3278.10
875.50
875.50
2712.93
2712.93
3192.38
3192.38
909.09
909.09
3129.82
3129.82
5620.62
5620.62
5620.62
5620.62
6254.51
6254.51
6254.51
6254.51
6254.51
6254.51
857.40
857.40
4153.00
4153.00
2344.14
2344.14
3313.67
3313.67
13.83
13.83
2739.97
2739.97
594.64
594.64
5773.48
5773.48
15.41
15.41
1820.37
1820.37
6180.94
6180.94
3474.14
3474.14
6508.07
6508.07
3885.37
3885.37
6504.62
6504.62
14.16
14.16
5201.76
5201.76
3534.09
3534.09
3589.14
3589.14
1012.96
1012.96
48.82
48.82
2401.54
2401.54
1346.29
1346.29
2788.59
2788.59
2271.28
2271.28
3721.27
3721.27
6228.39
6228.39
2214.36
2214.36
3217.64
3217.64
4568.38
4568.38
5120.97
5120.97
3146.70
3146.70
3293.89
3293.89
3293.89
3293.89
3293.89
3293.89
3293.89
3293.89
3293.89
3293.89
2360.31
2360.31
5036.09
5036.09
3220.91
3220.91
2777.35
2777.35
4537.25
4537.25
4537.25
4537.25
923.22
923.22
5822.15
5822.15
3856.94
3856.94
4422.85
4422.85
3556.98
3556.98
3206.54
3206.54
165.79
165.79
1068.57
1068.57
6298.32
6298.32
6317.39
6317.39
2395.42
2395.42
2189.74
2189.74
877.50
877.50
13.65
13.65
882.54
882.54
6058.95
6058.95
14.57
14.57
2412.29
2412.29
2412.29
2412.29
15.57
15.57
118.28
118.28
18.67
18.67
77.57
77.57
1452.56
1452.56
6301.77
6301.77
5916.52
5916.52
2512.81
2512.81
38.57
38.57
6850.78
6850.78
2565.91
2565.91
6189.58
6189.58
6189.58
6189.58
1720.89
1720.89
189.70
189.70
4559.64
4559.64
4042.58
4042.58
4042.58
4042.58
4042.58
4042.58
1535.66
1535.66
3255.65
3255.65
3255.65
3255.65
3255.65
3255.65
3255.65
3255.65
13.19
13.19
2478.89
2478.89
2489.79
2489.79
24.90
24.90
64.53
64.53
102.48
102.48
742.97
742.97
781.62
781.62
966.29
966.29
1357.20
1357.20
1873.52
1873.52
1731.93
1731.93
1953.52
1953.52
2321.07
2321.07
2370.99
2370.99
2164.64
2164.64
2164.64
2164.64
2164.64
2164.64
3088.77
3088.77
2752.72
2752.72
267.46
267.46
3948.58
3948.58
4486.03
4486.03
3560.09
3560.09
3560.09
3560.09
3560.09
3560.09
4075.40
4075.40
414.66
414.66
2805.15
2805.15
6049.15
6049.15
698.50
698.50
6435.29
6435.29
119.02
119.02
123.18
123.18
3051.83
3051.83
2344.05
2344.05
883.10
883.10
4789.88
4789.88
4086.95
4086.95
1911.66
1911.66
40.26
40.26
14.16
14.16
1485.13
1485.13
4647.18
4647.18
70.01
70.01
13.22
13.22
5893.56
5893.56
4482.47
4482.47
1216.82
1216.82
2168.81
2168.81
6598.03
6598.03
14.22
14.22
518.63
518.63
6244.94
6244.94
12.45
12.45
890.72
890.72
5974.88
5974.88
5974.88
5974.88
72.72
72.72
95.14
95.14
6132.39
6132.39
1426.38
1426.38
905.25
905.25
292.93
292.93
14.61
14.61
923.73
923.73
115.61
115.61
28.86
28.86
181.37
181.37
1553.89
1553.89
68.17
68.17
1364.80
1364.80
2796.24
2796.24
4444.76
4444.76
914.21
914.21
1410.43
1410.43
1335.69
1335.69
2440.36
2440.36
4160.96
4160.96
887.85
887.85
317.04
317.04
4025.76
4025.76
2271.14
2271.14
82.78
82.78
872.97
872.97
4247.99
4247.99
895.27
895.27
4265.41
4265.41
1424.36
1424.36
1893.53
1893.53
5768.58
5768.58
4550.08
4550.08
1876.98
1876.98
2194.14
2194.14
526.10
526.10
65.08
65.08
884.31
884.31
1374.00
1374.00
893.23
893.23
4433.05
4433.05
2482.46
2482.46
2442.40
2442.40
2772.28
2772.28
42.19
42.19
58.28
58.28
284.08
284.08
13.82
13.82
652.86
652.86
861.97
861.97
1705.16
1705.16
3396.24
3396.24
4566.70
4566.70
6035.47
6035.47
1057.94
1057.94
63.75
63.75
920.33
920.33
4582.23
4582.23
4582.23
4582.23
6582.24
6582.24
5510.76
5510.76
888.12
888.12
944.04
944.04
5883.07
5883.07
5883.07
5883.07
1180.76
1180.76
952.75
952.75
661.96
661.96
921.93
921.93
225.13
225.13
3103.80
3103.80
1716.61
1716.61
4814.68
4814.68
2308.64
2308.64
6272.40
6272.40
2137.52
2137.52
4244.17
4244.17
38.45
38.45
1003.81
1003.81
2004.28
2004.28
3613.99
3613.99
607.91
607.91
1634.39
1634.39
2452.70
2452.70
6175.18
6175.18
5709.53
5709.53
2434.25
2434.25
855.66
855.66
2914.69
2914.69
4318.47
4318.47
1765.47
1765.47
1721.03
1721.03
5980.13
5980.13
1306.43
1306.43
6060.09
6060.09
3539.31
3539.31
1800.61
1800.61
885.85
885.85
3049.93
3049.93
3049.93
3049.93
3049.93
3049.93
487.66
487.66
830.26
830.26
3308.41
3308.41
6434.32
6434.32
5034.95
5034.95
4883.90
4883.90
1869.33
1869.33
2706.21
2706.21
2808.71
2808.71
3014.72
3014.72
3324.36
3324.36
3324.36
3324.36
3324.36
3324.36
881.30
881.30
5936.35
5936.35
1661.24
1661.24
13.96
13.96
6469.65
6469.65
3738.55
3738.55
3738.55
285.56
2136.75
2136.75
12.58
12.58
6162.02
6162.02
6162.02
1849.42
255.18
255.18
255.18
2119.08
1091.01
1091.01
1091.01
5996.91
5996.91
2206.70
115.84
115.84
115.84
6199.18
6199.18
455.09
3862.44
3862.44
3862.44
2710.35
2710.35
899.35
899.35
6111.67
6111.67
6111.67
6111.67
3057.90
3057.90
1176.23
1176.23
2217.90
2217.90
3220.84
3220.84
4114.19
4114.19
444.54
444.54
95.45
95.45
2391.84
2391.84
5662.41
5662.41
890.19
890.19
1887.43
1887.43
3073.34
3073.34
3239.37
3239.37
38.05
38.05
1736.21
1736.21
77.04
851.74
851.74
851.74
3835.32
3835.32
4892.82
4892.82
670.38
670.38
13.76
13.76
3649.05
3649.05
3879.07
3879.07
5491.72
5491.72
1704.77
1704.77
4782.37
4782.37
4782.37
4782.37
5919.62
5919.62
6493.69
6493.69
802.44
802.44
69.44
69.44
843.65
843.65
2709.66
2709.66
6016.11
6016.11
13.69
13.69
1419.74
1419.74
3102.70
3102.70
4685.91
4685.91
4052.15
4052.15
1472.41
6279.45
6279.45
6279.45
4970.99
4970.99
71.51
71.51
4773.30
4773.30
1701.38
1701.38
2032.44
2032.44
2472.16
2472.16
2472.16
2472.16
2472.16
2472.16
2472.16
2472.16
885.09
885.09
2123.78
2123.78
3639.25
3639.25
3639.25
3639.25
28.39
28.39
888.75
888.75
31.70
31.70
2754.42
2754.42
2396.01
2396.01
2292.41
2292.41
2292.41
2292.41
2292.41
2292.41
2292.41
2292.41
2292.41
2292.41
2292.41
2292.41
2292.41
2292.41
2292.41
2292.41
2292.41
2292.41
410.58
1494.08
3545.75
1899.72
3493.63
3493.63
4616.70
4616.70
19.20
19.20
40.83
40.83
4682.07
4682.07
4065.17
4065.17
2063.62
2063.62
2588.60
2588.60
2588.60
2588.60
4910.50
4910.50
975.33
975.33
1548.21
1548.21
1697.59
1697.59
2998.63
2998.63
6338.53
6338.53
1931.49
1931.49
1931.49
1931.49
4303.18
4303.18
6052.59
6052.59
6052.59
6052.59
385.19
385.19
927.08
927.08
6102.09
6102.09
922.76
922.76
57.43
57.43
5815.99
5815.99
17.26
17.26
193.17
193.17
2355.69
2355.69
5406.23
5406.23
14.22
14.22
1813.53
1813.53
2424.50
2424.50
22.70
22.70
735.40
735.40
6120.39
6120.39
6331.64
6331.64
6331.64
6331.64
6331.64
6331.64
6331.64
6331.64
6331.64
6331.64
6331.64
6331.64
6331.64
6331.64
6331.64
6331.64
40.64
40.64
315.93
315.93
617.41
617.41
16.08
16.08
1096.21
1096.21
1089.87
1089.87
413.38
413.38
674.62
674.62
81.91
81.91
812.30
812.30
559.92
559.92
1120.62
1120.62
1120.62
1120.62
1120.62
1120.62
56.70
56.70
547.67
547.67
562.60
562.60
562.60
562.60
1318.81
1318.81
1091.19
1091.19
1774.88
1774.88
946.78
946.78
721.22
721.22
80.25
80.25
43.52
43.52
592.80
592.80
1029.82
1029.82
10.00
10.00
77.91
77.91
15.10
15.10
15.10
95.36
95.36
699.93
632.60
632.60
632.60
3639.04
3639.04
181.68
701.97
701.97
701.97
14.18
254.45
254.45
254.45
2895.74
2895.74
42.39
42.39
724.27
724.27
99.20
99.20
18.11
18.11
1245.63
1245.63
33.64
33.64
2696.33
2696.33
14.22
14.22
2207.11
2207.11
1209.06
1209.06
10.00
10.00
924.38
924.38
2138.67
2138.67
2365.76
2365.76
3919.69
3919.69
5170.53
5170.53
69.90
69.90
927.35
927.35
307.94
307.94
5627.96
5627.96
76.13
76.13
3742.44
3742.44
19.34
19.34
4461.61
4461.61
2000.07
2000.07
1701.43
1701.43
1003.88
1003.88
557.22
557.22
547.97
547.97
216.62
216.62
147.59
147.59
915.78
915.78
4014.34
4014.34
78.72
78.72
319.30
319.30
3314.69
3314.69
869.05
869.05
3120.45
3120.45
3120.45
3120.45
3142.14
3142.14
3142.14
3142.14
3142.14
3142.14
3142.14
3142.14
886.02
886.02
2897.61
2897.61
1458.64
1458.64
466.30
466.30
44.85
44.85
3513.40
3513.40
2257.81
2257.81
296.82
296.82
13.23
13.23
55.03
55.03
609.56
609.56
1038.51
1038.51
954.47
954.47
90.83
90.83
2667.29
2667.29
3422.16
3422.16
2071.98
2071.98
56.87
56.87
1107.32
1107.32
209.25
209.25
157.06
157.06
14.39
14.39
968.84
968.84
1628.29
1628.29
39.04
39.04
2141.29
2141.29
2059.20
2059.20
3280.89
3280.89
52.09
52.09
29.57
29.57
75.66
75.66
180.78
180.78
158.38
158.38
325.98
325.98
604.24
604.24
38.30
38.30
1847.58
1847.58
467.58
467.58
126.70
126.70
113.02
113.02
109.21
109.21
19.25
19.25
192.29
192.29
127.65
127.65
3905.88
3905.88
6473.66
6473.66
54.63
54.63
6540.52
6540.52
1592.00
1592.00
73.92
73.92
46.66
46.66
1316.21
1316.21
13.48
13.48
44.15
44.15
87.35
87.35
77.52
77.52
46.86
46.86
1174.94
1174.94
308.81
308.81
67.61
67.61
863.95
863.95
44.77
44.77
97.25
97.25
2833.75
2833.75
3381.57
3381.57
485.82
485.82
2271.47
2271.47
6579.75
6579.75
1883.19
1883.19
25.45
25.45
1726.86
1726.86
5992.87
5992.87
6753.33
6753.33
3923.07
3923.07
1255.83
1255.83
12.21
12.21
12.94
12.94
866.40
866.40
53.97
53.97
2866.37
2866.37
69.65
69.65
70.28
70.28
81.13
81.13
40.83
40.83
2384.42
2384.42
5228.37
5228.37
4185.12
4185.12
2942.63
2942.63
1367.74
1367.74
2899.78
2899.78
3561.80
3561.80
1672.67
1672.67
6068.30
6068.30
2735.11
2735.11
6045.78
6045.78
315.48
315.48
42.96
42.96
444.65
444.65
4829.63
4829.63
4829.63
4829.63
4829.63
4829.63
884.47
884.47
15.02
15.02
867.67
867.67
1669.97
1669.97
2528.93
2528.93
15.57
15.57
3035.16
3035.16
36.60
36.60
3816.36
3816.36
3493.42
3493.42
3834.31
3834.31
4800.72
4800.72
4800.72
4800.72
4800.72
4800.72
892.90
892.90
3656.12
3656.12
261.96
261.96
10.81
10.81
1343.08
1343.08
1524.26
1524.26
2262.00
2262.00
2262.00
2262.00
2262.00
2262.00
2262.00
2262.00
2262.00
2262.00
2262.00
2262.00
2262.00
2262.00
4491.47
4491.47
3670.20
3670.20
3670.20
3670.20
5184.33
5184.33
5184.33
5184.33
5184.33
5184.33
4974.43
4974.43
16.64
16.64
2469.28
2469.28
2469.28
2469.28
2469.28
2469.28
5111.62
5111.62
3296.09
3296.09
1411.57
1411.57
88.21
88.21
29.86
29.86
32.24
32.24
2092.01
2092.01
2309.70
2309.70
2559.14
2559.14
3005.38
3005.38
3005.38
3005.38
1066.06
1066.06
40.29
40.29
1307.18
1307.18
1307.18
1307.18
115.44
115.44
2160.64
2160.64
1949.35
1949.35
1979.05
1979.05
1979.05
1979.05
290.37
290.37
1870.97
1870.97
867.30
867.30
13.21
13.21
15.03
15.03
283.03
283.03
39.78
39.78
97.53
97.53
342.18
342.18
787.57
787.57
2766.01
2766.01
3809.43
3809.43
465.83
465.83
4038.40
4038.40
4592.95
4592.95
4592.95
4592.95
834.26
834.26
403.79
403.79
66.33
66.33
25.86
25.86
391.48
391.48
884.79
884.79
467.12
467.12
386.92
386.92
85.81
85.81
13.74
13.74
1453.82
1453.82
546.44
546.44
953.18
953.18
4341.52
4341.52
4341.52
4341.52
890.19
890.19
613.43
613.43
45.13
45.13
66.65
66.65
1140.73
1140.73
442.46
442.46
142.57
142.57
14.86
14.86
12.82
12.82
1228.65
1228.65
87.66
87.66
89.12
89.12
50.48
50.48
4942.18
4942.18
4942.18
4942.18
159.20
159.20
2516.13
2516.13
1596.15
1596.15
424.67
424.67
896.61
896.61
2043.73
2043.73
2063.34
2063.34
2116.35
2116.35
3100.19
3100.19
3100.19
3100.19
3133.43
3133.43
3133.43
3133.43
5042.07
5042.07
697.62
697.62
2051.67
2051.67
179.16
179.16
896.23
896.23
40.38
40.38
3104.68
3104.68
3104.68
3104.68
4330.73
4330.73
4094.93
4094.93
45.01
45.01
909.57
909.57
1617.22
1617.22
1754.72
1754.72
1760.27
1760.27
2906.05
2906.05
3828.13
3828.13
3828.13
3828.13
3828.13
3828.13
3463.99
3463.99
6031.87
6031.87
331.00
331.00
6421.12
6421.12
5715.21
5715.21
5055.93
5055.93
898.85
898.85
6479.87
6479.87
544.21
544.21
4282.09
4282.09
1513.71
1513.71
900.58
900.58
6343.71
6343.71
4952.89
4952.89
4952.89
4952.89
4952.89
4952.89
905.87
905.87
3159.63
3159.63
6037.29
6037.29
175.86
175.86
1894.64
1894.64
4758.82
4758.82
59.95
59.95
852.78
852.78
1417.54
1417.54
1807.81
1807.81
17.22
17.22
110.94
110.94
1536.19
1536.19
1043.14
1043.14
902.18
902.18
2279.50
2279.50
6393.69
6393.69
2987.14
2987.14
6246.51
6246.51
6815.36
6815.36
4085.74
4085.74
60.85
60.85
6269.46
6269.46
1432.57
1432.57
4124.82
4124.82
5526.43
5526.43
884.90
884.90
5912.69
5912.69
6457.56
6457.56
1000.93
1000.93
90.13
90.13
2153.90
2153.90
2353.46
2353.46
103.95
103.95
3373.80
3373.80
1127.63
1127.63
4064.82
4064.82
5306.79
5306.79
1447.25
1447.25
239.04
239.04
281.37
281.37
5072.49
5072.49
4448.66
4448.66
880.55
880.55
3197.36
3197.36
3200.15
3200.15
2248.24
2248.24
2729.49
2729.49
3626.47
3626.47
3791.51
3791.51
3407.72
3407.72
4682.15
4682.15
3603.00
3603.00
4433.91
4433.91
30.29
30.29
79.31
79.31
26.50
26.50
393.54
393.54
2974.15
2974.15
1724.45
1724.45
5538.09
5538.09
382.37
382.37
3937.65
3937.65
4335.26
4335.26
5326.58
5326.58
4563.01
4563.01
332.79
332.79
36.26
36.26
54.01
54.01
348.05
348.05
17.20
17.20
5698.62
5698.62
5698.62
5698.62
236.46
236.46
3513.46
3513.46
3980.84
3980.84
13.45
13.45
15.54
15.54
2794.11
2794.11
53.05
53.05
2860.41
2860.41
1928.62
1928.62
17.00
17.00
90.08
90.08
897.85
897.85
2825.25
2825.25
866.13
866.13
33.09
33.09
650.92
650.92
866.88
866.88
175.62
175.62
28.91
28.91
1989.47
1989.47
784.09
784.09
612.56
612.56
807.33
807.33
3422.97
3422.97
4069.96
4069.96
809.67
809.67
901.20
901.20
6059.35
6059.35
5929.22
5929.22
107.59
107.59
2997.97
2997.97
42.62
42.62
89.89
89.89
1327.43
1327.43
2703.50
2703.50
1050.15
1050.15
3705.24
3705.24
782.51
782.51
5898.33
5898.33
707.14
707.14
2639.40
2639.40
6309.79
6309.79
13.80
13.80
1561.00
1561.00
1615.16
1615.16
1557.15
1557.15
4396.63
4396.63
4845.19
4845.19
4314.31
4314.31
839.64
839.64
5409.30
5409.30
1788.97
1788.97
904.92
904.92
453.63
453.63
890.61
890.61
1539.34
1539.34
92.94
92.94
17.09
17.09
14.08
14.08
4378.26
4378.26
1732.03
1732.03
2735.64
2735.64
88.82
88.82
14.51
14.51
2741.38
2741.38
4407.41
4407.41
4053.46
4053.46
5470.15
5470.15
99.56
99.56
4207.40
4207.40
3534.39
3534.39
13.19
13.19
628.39
628.39
42.11
42.11
71.82
71.82
1084.46
1084.46
2234.16
2234.16
2531.12
2531.12
771.41
771.41
37.47
37.47
4817.13
4817.13
694.99
694.99
4222.86
4222.86
4222.86
4222.86
80.79
80.79
5485.31
5485.31
2522.27
2522.27
6328.47
6328.47
850.14
850.14
3145.32
3145.32
5905.10
5905.10
47.21
47.21
13.25
13.25
3303.51
3303.51
3303.51
3303.51
3303.51
3303.51
2229.85
2229.85
5354.19
5354.19
24.85
24.85
873.63
873.63
5533.57
5533.57
5851.77
5851.77
3163.89
3163.89
4579.21
4579.21
1306.54
1306.54
2847.39
2847.39
2450.11
2450.11
6619.34
6619.34
6619.34
6619.34
6619.34
6619.34
6619.34
6619.34
6030.99
6030.99
58.42
58.42
6487.67
6487.67
783.52
783.52
243.27
243.27
428.42
428.42
1991.25
1991.25
2292.20
2292.20
2443.41
2443.41
2754.61
2754.61
73.82
73.82
3775.94
3775.94
3775.94
3775.94
3775.94
3775.94
4331.66
4331.66
4383.92
4383.92
4383.92
4835.25
5305.97
5305.97
4734.34
4734.34
4734.34
4734.34
3320.26
3320.26
3320.26
6331.56
6331.56
4949.73
4949.73
4353.54
4353.54
4353.54
4353.54
4353.54
4353.54
950.64
950.64
1113.17
1113.17
1984.13
4539.12
4539.12
4539.12
1400.06
1400.06
1199.94
1199.94
14.65
14.65
1924.87
1924.87
5210.54
5210.54
4001.66
4001.66
4473.90
4473.90
4865.82
4865.82
5117.12
5117.12
5117.12
5117.12
4373.68
5288.57
5288.57
5288.57
4983.19
4983.19
5690.72
5690.72
892.85
892.85
13.80
13.80
2499.82
2499.82
53.49
53.49
1681.08
1681.08
4673.44
4673.44
5747.40
5747.40
904.51
904.51
2196.04
2124.65
2124.65
2124.65
769.16
769.16
19.89
19.89
69.98
69.98
97.42
97.42
5011.30
5011.30
90.55
90.55
163.56
163.56
5480.80
5480.80
13.04
13.04
879.17
879.17
172.19
172.19
39.06
39.06
19.12
19.12
676.54
676.54
5223.68
5223.68
4324.82
4324.82
5083.67
5083.67
5931.44
5931.44
5160.25
5160.25
5893.07
5893.07
92.66
92.66
4142.99
4142.99
222.85
222.85
850.77
850.77
30.35
30.35
55.25
55.25
6096.84
6096.84
6096.84
6096.84
914.37
914.37
4160.18
4160.18
26.43
26.43
73.35
73.35
666.62
666.62
22.20
22.20
74.37
74.37
891.50
891.50
5213.81
5213.81
227.13
227.13
4001.64
4001.64
641.05
641.05
6683.93
6683.93
3729.73
3729.73
3630.95
3630.95
3866.99
3866.99
3866.99
3866.99
929.22
929.22
1216.73
1216.73
920.65
920.65
3966.38
3966.38
34.74
34.74
6167.94
6167.94
750.02
750.02
10.00
10.00
14.49
14.49
14.48
14.48
36.32
36.32
5425.46
5425.46
3213.13
3213.13
668.55
668.55
4251.53
4251.53
2647.54
2647.54
6121.90
6121.90
1823.47
1823.47
4741.26
4741.26
58.54
58.54
68.80
68.80
824.07
824.07
1904.86
1904.86
37.44
37.44
6158.61
6158.61
1056.18
1056.18
953.07
953.07
145.29
145.29
5932.59
5932.59
4477.48
4477.48
54.74
54.74
29.58
29.58
904.39
904.39
2185.88
2185.88
1049.70
1049.70
2227.00
2227.00
35.79
35.79
642.34
642.34
2348.72
2348.72
5353.27
5353.27
6136.26
6136.26
171.97
171.97
10.00
10.00
80.04
80.04
1838.01
1838.01
1490.16
1490.16
40.19
40.19
10.00
10.00
37.22
37.22
1342.46
1342.46
15.18
15.18
2817.45
2817.45
59.26
59.26
64.70
64.70
18.45
18.45
183.19
183.19
124.14
124.14
669.77
669.77
42.82
42.82
107.83
107.83
2754.35
2754.35
40.56
40.56
83.48
83.48
493.89
493.89
55.37
55.37
16.88
16.88
2753.61
2753.61
3016.62
3016.62
821.47
821.47
2797.07
2797.07
4806.54
4806.54
475.22
475.22
52.03
52.03
95.78
95.78
887.29
887.29
69.75
69.75
5613.44
5613.44
6058.94
6058.94
5010.07
5010.07
4799.55
4799.55
4618.59
4618.59
80.41
80.41
36.49
36.49
74.72
74.72
91.69
91.69
12.61
12.61
52.84
52.84
387.36
387.36
1710.96
1710.96
3624.84
3624.84
3715.98
3715.98
5083.50
5083.50
5210.50
5210.50
85.76
85.76
66.81
66.81
43.24
43.24
888.22
888.22
13.85
13.85
1476.42
1476.42
249.22
249.22
6448.19
6448.19
6486.00
6486.00
18.60
18.60
905.34
905.34
613.97
613.97
3185.20
3185.20
15.86
15.86
27.57
27.57
51.16
51.16
135.68
135.68
26.22
26.22
77.54
77.54
3009.55
3009.55
6253.93
6253.93
13.43
13.43
25.69
25.69
13.48
13.48
250.50
250.50
2260.84
2260.84
1557.68
1557.68
13.61
13.61
1838.69
1838.69
2944.40
2944.40
2944.40
2944.40
3138.52
3138.52
3138.52
3138.52
6177.71
6177.71
5744.62
5744.62
1479.83
1479.83
672.27
672.27
1755.28
1755.28
40.95
40.95
699.42
699.42
81.39
81.39
11.25
11.25
383.21
383.21
13.23
13.23
2858.40
2858.40
1192.58
1192.58
43.91
43.91
741.63
741.63
10.00
10.00
1633.77
1633.77
2216.91
2216.91
825.44
825.44
10.00
10.00
3019.74
3019.74
3019.74
3019.74
3907.11
3907.11
4329.46
4329.46
3585.68
3585.68
897.07
897.07
2361.98
2361.98
85.88
85.88
2147.84
2147.84
2468.19
2468.19
859.12
859.12
28.15
28.15
2371.60
2371.60
30.29
30.29
421.55
421.55
57.56
57.56
3196.84
3196.84
3928.41
3928.41
3928.41
3928.41
13.94
13.94
15.84
15.84
942.88
942.88
10.65
10.65
774.40
774.40
2435.10
2435.10
3668.61
3668.61
1362.47
1362.47
2897.10
2897.10
4390.99
4390.99
4781.18
4781.18
2677.90
2677.90
2677.90
2677.90
5156.71
5156.71
43.23
43.23
811.68
811.68
4496.10
4496.10
4681.31
4681.31
4681.31
4681.31
4681.31
4681.31
17.24
17.24
1058.17
1058.17
3702.66
3702.66
1212.76
1212.76
1815.42
1815.42
1815.42
1815.42
1815.42
1815.42
2710.35
2710.35
4490.36
4490.36
5614.27
5614.27
2879.84
2879.84
2945.08
2945.08
3845.60
3845.60
42.63
42.63
6206.74
6206.74
5761.00
5761.00
2036.07
2036.07
2370.47
2370.47
6089.49
6089.49
871.02
871.02
2114.31
2114.31
960.94
960.94
1368.77
1368.77
399.18
399.18
2897.28
2897.28
5993.28
5993.28
962.66
962.66
90.69
90.69
4746.08
4746.08
4561.83
4561.83
1567.00
1567.00
1157.72
1157.72
6508.60
6508.60
1194.37
1194.37
3020.02
3020.02
3211.39
3211.39
4695.27
4695.27
4695.27
4695.27
2851.66
2851.66
54.81
54.81
884.07
884.07
3670.70
3670.70
1569.15
1569.15
5133.99
5133.99
3253.87
3253.87
900.11
900.11
1124.38
1124.38
3335.50
3335.50
3460.67
3460.67
2083.45
2083.45
3204.90
3204.90
3279.38
3279.38
6099.54
6099.54
1392.91
1392.91
5948.85
5948.85
840.01
840.01
840.01
840.01
840.01
840.01
840.01
840.01
840.01
840.01
840.01
840.01
840.01
840.01
840.01
840.01
840.01
840.01
840.01
840.01
5897.69
108.62
25.26
64.24
1095.28
113.63
13.31
16.71
16.71
6131.46
6131.46
1400.77
1400.77
1966.47
1966.47
1328.49
1328.49
1210.73
1210.73
1733.20
1733.20
931.78
931.78
2952.06
2952.06
44.10
44.10
6319.26
6319.26
6251.00
6251.00
6251.00
6251.00
1164.49
1164.49
45.55
45.55
2345.50
2345.50
13.78
13.78
13.78
161.06
1642.87
1642.87
56.83
56.83
632.13
632.13
852.84
852.84
25.57
25.57
733.99
733.99
81.07
81.07
136.39
136.39
958.21
958.21
110.69
110.69
27.87
27.87
27.05
27.05
261.56
261.56
5791.00
5791.00
69.65
69.65
1924.99
1924.99
579.22
579.22
1692.46
1692.46
964.73
964.73
68.69
68.69
949.25
949.25
40.69
40.69
3091.20
3091.20
1028.01
1028.01
307.70
307.70
842.51
842.51
395.44
395.44
917.93
917.93
271.50
271.50
20.07
20.07
1406.42
1406.42
13.49
13.49
905.06
905.06
12.99
12.99
13.48
13.48
206.76
206.76
1724.39
1724.39
900.81
900.81
4363.25
4363.25
628.89
628.89
2132.23
2132.23
662.12
662.12
205.37
205.37
18.89
18.89
18.89
13.55
20.18
20.18
93.41
93.41
4241.12
4241.12
4241.12
3495.82
3495.82
4361.72
4361.72
1306.52
1306.52
1509.24
1509.24
4608.70
4608.70
28.62
28.62
232.41
232.41
458.78
458.78
2101.96
2101.96
224.69
791.54
791.54
791.54
642.53
642.53
18.68
18.68
18.82
18.82
350.58
350.58
846.45
846.45
198.03
198.03
221.83
221.83
325.87
325.87
144.09
144.09
812.25
812.25
4306.61
3615.20
3615.20
3615.20
3615.20
3615.20
57.22
57.22
2926.07
2926.07
14.80
14.80
58.01
58.01
13.87
13.87
288.93
288.93
210.87
210.87
38.57
38.57
799.50
799.50
56.61
56.61
2034.27
2034.27
61.55
61.55
14.52
14.52
18.18
18.18
35.98
35.98
873.51
873.51
90.36
90.36
55.24
55.24
720.66
720.66
1650.13
1650.13
3187.33
3187.33
3618.03
848.13
848.13
848.13
137.12
137.12
345.67
345.67
823.08
823.08
108.54
108.54
15.34
15.34
158.29
158.29
13.77
13.77
230.12
230.12
2289.42
2289.42
880.35
880.35
413.94
867.06
867.06
867.06
867.06
867.06
4832.02
4832.02
913.83
913.83
843.23
843.23
56.35
56.35
120.12
120.12
283.59
283.59
2930.40
2930.40
13.20
13.20
1164.27
1164.27
96.92
96.92
4664.98
4664.98
3308.91
3308.91
67.34
67.34
339.11
339.11
610.44
610.44
40.22
40.22
286.12
286.12
120.20
120.20
3637.54
3637.54
5149.89
5149.89
6230.53
6230.53
2482.09
873.48
873.48
873.48
409.52
409.52
13.54
13.54
36.19
36.19
38.11
38.11
2458.81
2458.81
111.85
111.85
14.68
14.68
17.42
17.42
45.45
45.45
38.39
38.39
457.83
457.83
41.45
41.45
148.48
148.48
14.17
14.17
16.80
16.80
95.75
95.75
55.07
55.07
2353.33
2353.33
14.80
14.80
1736.96
1736.96
13.07
13.07
5735.06
5735.06
2607.40
2607.40
3759.23
3759.23
5022.17
5022.17
6382.96
6382.96
5318.30
5318.30
2386.99
2386.99
1297.43
1297.43
6463.70
6463.70
1488.99
1488.99
16.77
16.77
5783.15
5783.15
5445.85
5445.85
5068.21
5068.21
5068.21
5068.21
5068.21
5068.21
5068.21
5068.21
4094.45
4094.45
13.06
13.06
4087.71
4087.71
2792.39
2792.39
6415.67
6415.67
18.34
18.34
5481.64
5481.64
914.50
914.50
4569.22
4569.22
4569.22
4569.22
5570.59
5570.59
6074.76
6074.76
139.82
139.82
1539.64
1539.64
1526.16
1526.16
768.47
768.47
3388.86
3388.86
4236.44
4236.44
59.35
59.35
899.23
899.23
1085.91
1085.91
876.94
876.94
73.14
73.14
43.32
43.32
141.94
141.94
18.25
18.25
1949.56
1949.56
3888.63
3888.63
2666.63
2666.63
6459.30
6459.30
270.60
270.60
1407.65
1407.65
917.57
917.57
853.16
853.16
6386.78
6386.78
28.93
28.93
921.10
921.10
2534.84
2534.84
948.31
948.31
5438.43
5438.43
1330.54
1330.54
3077.27
3077.27
13.88
13.88
873.63
873.63
14.19
14.19
2525.56
2525.56
715.61
715.61
14.18
14.18
943.67
943.67
54.73
54.73
688.48
688.48
2397.37
2397.37
13.46
13.46
12.95
12.95
19.10
19.10
42.75
42.75
310.82
310.82
27.98
27.98
615.92
615.92
1888.90
1888.90
13.10
13.10
3057.43
3057.43
1378.16
1378.16
414.50
414.50
192.69
192.69
80.64
80.64
413.78
413.78
916.29
916.29
1953.68
1953.68
27.29
27.29
12.98
12.98
1753.69
1753.69
948.52
948.52
3000.68
3000.68
3048.55
3048.55
3048.55
3048.55
88.30
88.30
14.97
14.97
6331.82
6331.82
1179.55
1179.55
13.06
13.06
870.03
870.03
867.32
867.32
10.00
10.00
83.55
83.55
1325.29
1325.29
921.56
921.56
18.61
18.61
110.78
110.78
4099.54
4099.54
460.30
460.30
893.54
893.54
35.97
35.97
879.82
879.82
57.15
57.15
1769.77
1769.77
2828.88
2828.88
188.21
188.21
41.30
41.30
55.81
55.81
4507.62
4507.62
1700.75
1700.75
2761.60
2761.60
2761.60
2761.60
2761.60
2761.60
2767.28
2767.28
2767.28
2767.28
1398.70
1398.70
2520.74
2520.74
2561.37
2561.37
2592.18
2592.18
91.21
91.21
2585.71
2585.71
5056.08
5056.08
25.01
25.01
2741.55
2741.55
2741.55
2741.55
2741.55
2741.55
2741.55
2741.55
2741.55
2741.55
2741.55
2741.55
2741.55
2741.55
2944.63
2944.63
5760.56
5760.56
5760.56
5760.56
5153.02
5153.02
5153.02
5153.02
5153.02
5153.02
4981.81
4981.81
4981.81
4981.81
4981.81
4981.81
4981.81
4981.81
4981.81
4981.81
4981.81
4981.81
1243.78
1243.78
1958.02
1958.02
1853.87
1853.87
747.98
747.98
1704.50
1704.50
1704.50
1704.50
3121.16
3121.16
3121.16
3121.16
1451.96
1451.96
5514.45
5514.45
5680.77
5680.77
5680.77
5680.77
3981.45
3981.45
3981.45
3981.45
4755.51
4755.51
760.48
760.48
28.71
28.71
2712.96
2712.96
48.91
48.91
6226.84
6226.84
6211.75
6211.75
6211.75
6211.75
6211.75
6211.75
6211.75
6211.75
6211.75
6211.75
6211.75
6211.75
6211.75
6211.75
6211.75
6211.75
6211.75
6211.75
6211.75
6211.75
4544.58
6079.61
6079.61
5892.65
5892.65
890.92
890.92
6165.10
6165.10
2112.15
2112.15
2112.15
2112.15
2112.15
2112.15
910.64
910.64
62.97
62.97
864.58
864.58
828.11
828.11
3280.97
3280.97
849.99
849.99
254.69
254.69
945.28
945.28
2873.61
2873.61
706.88
706.88
10.00
10.00
2855.19
2855.19
847.44
847.44
2863.23
2863.23
2863.23
2863.23
51.61
51.61
417.97
417.97
861.78
861.78
959.83
959.83
828.00
828.00
1237.09
1237.09
1148.56
1148.56
52.69
52.69
143.16
143.16
648.98
648.98
205.96
205.96
622.85
622.85
231.86
231.86
129.94
129.94
1865.14
1865.14
1243.71
1243.71
690.19
690.19
39.72
39.72
1693.20
1693.20
55.58
55.58
1413.49
1413.49
2333.54
2333.54
1810.37
1810.37
802.90
802.90
2693.90
2693.90
3329.27
3329.27
161.31
161.31
50.10
50.10
893.48
893.48
39.99
39.99
203.84
203.84
56.06
56.06
67.92
67.92
921.86
921.86
58.63
58.63
815.19
815.19
71.71
71.71
34.50
34.50
4338.09
4338.09
2713.07
2713.07
2713.07
880.44
81.24
81.24
899.67
899.67
899.67
121.31
121.31
10.00
10.00
887.14
887.14
134.07
134.07
855.26
855.26
45.67
45.67
26.05
26.05
17.88
17.88
162.15
162.15
1563.71
1563.71
79.95
860.42
860.42
860.42
997.52
997.52
1255.48
1255.48
886.90
886.90
55.24
55.24
1106.05
1106.05
5142.47
5142.47
5680.68
5680.68
5680.68
5680.68
27.19
27.19
932.08
932.08
493.02
849.32
849.32
849.32
6385.58
6385.58
18.22
18.22
3167.83
3167.83
28.33
28.33
41.43
41.43
19.18
19.18
98.89
98.89
20.49
20.49
107.55
107.55
779.36
779.36
58.05
2932.88
2932.88
2932.88
3807.58
3807.58
3711.88
3711.88
945.92
945.92
297.85
297.85
5842.14
5842.14
2632.20
2632.20
496.56
496.56
3169.81
3169.81
1153.58
1153.58
1898.77
1898.77
11.39
11.39
781.57
781.57
281.26
281.26
140.61
140.61
29.79
29.79
174.45
174.45
34.96
34.96
35.57
35.57
2017.63
2017.63
15.73
15.73
14.40
14.40
762.76
762.76
56.36
56.36
516.50
516.50
12.88
12.88
74.75
74.75
37.58
37.58
295.12
295.12
4528.69
4528.69
1203.53
1203.53
3403.46
3403.46
3403.46
3403.46
38.69
38.69
28.76
28.76
53.76
53.76
53.76
346.55
819.23
819.23
165.59
165.59
69.25
69.25
987.81
987.81
319.59
319.59
94.87
94.87
93.73
93.73
35.33
35.33
491.97
491.97
80.65
80.65
180.90
180.90
13.75
13.75
29.31
29.31
54.21
54.21
42.97
42.97
52.63
52.63
44.57
44.57
659.54
659.54
113.39
113.39
10.00
10.00
126.15
126.15
196.71
196.71
13.92
13.92
46.84
46.84
52.62
52.62
28.05
28.05
2667.02
2667.02
2395.21
2395.21
1769.99
1769.99
1769.99
1769.99
1769.99
1769.99
1769.99
1769.99
1769.99
1769.99
1769.99
1769.99
1769.99
1769.99
1769.99
1769.99
1769.99
1769.99
1769.99
1472.38
52.75
952.28
532.36
39.13
39.13
169.67
169.67
15.09
15.09
30.30
30.30
27.56
27.56
13.47
13.47
25.68
25.68
77.39
77.39
598.65
598.65
10.00
10.00
14.03
14.03
782.36
782.36
14.32
14.32
2035.03
2035.03
2790.87
2790.87
20.64
20.64
4331.59
4331.59
243.26
243.26
839.78
839.78
14.20
14.20
75.77
75.77
72.47
72.47
140.69
140.69
30.36
30.36
140.21
140.21
43.81
43.81
873.10
873.10
34.10
34.10
2155.53
2155.53
51.47
51.47
869.51
869.51
10.34
10.34
635.42
635.42
719.89
719.89
10.00
10.00
81.34
81.34
152.56
152.56
222.96
222.96
1097.03
1097.03
184.66
184.66
1065.82
1065.82
3394.37
3394.37
899.36
899.36
1098.12
1098.12
16.03
16.03
77.26
77.26
1830.21
1830.21
53.08
53.08
284.40
284.40
833.74
833.74
1707.91
1707.91
45.12
45.12
19.11
19.11
196.76
196.76
252.71
252.71
114.95
114.95
98.87
98.87
681.76
681.76
379.33
379.33
1162.15
1162.15
4705.52
4705.52
4705.52
4705.52
3843.74
3843.74
4698.81
4698.81
17.54
17.54
115.62
115.62
46.77
46.77
3999.96
3999.96
4674.96
4674.96
3231.41
3231.41
294.13
294.13
13.12
13.12
26.02
26.02
13.61
13.61
29.20
29.20
108.14
108.14
70.94
70.94
87.95
87.95
171.20
171.20
12.01
12.01
111.30
111.30
12.87
12.87
294.94
294.94
55.63
55.63
99.54
99.54
38.68
38.68
137.50
137.50
41.70
41.70
10.00
10.00
352.28
352.28
77.80
77.80
13.67
13.67
1201.20
1201.20
115.06
115.06
162.87
162.87
4693.74
4693.74
4853.00
4853.00
13.99
13.99
255.55
255.55
40.72
40.72
35.68
35.68
511.79
511.79
15.39
15.39
4533.13
4533.13
839.46
839.46
5570.57
5570.57
12.82
12.82
6880.68
6880.68
6880.68
6880.68
1738.02
1738.02
52.75
52.75
398.48
398.48
163.84
163.84
18.30
18.30
42.34
42.34
74.24
74.24
84.68
84.68
30.05
30.05
264.40
264.40
131.30
131.30
13.86
13.86
14.86
14.86
14.91
14.91
10.00
10.00
35.90
35.90
924.56
924.56
18.72
18.72
2583.46
2583.46
2278.39
2278.39
3242.69
3242.69
2786.28
2786.28
3751.43
3751.43
3002.29
3002.29
3680.07
3680.07
4030.16
4030.16
3694.50
3694.50
4533.02
4533.02
4533.02
4533.02
30.41
30.41
2191.57
2191.57
3932.49
3932.49
3932.49
3932.49
3932.49
3932.49
3932.49
3932.49
3932.49
3932.49
3932.49
3932.49
3932.49
3932.49
3932.49
3932.49
3932.49
3932.49
3932.49
3932.49
3932.49
3932.49
4866.63
4866.63
4340.23
4340.23
5346.85
5346.85
5133.18
5133.18
64.09
64.09
2540.01
2540.01
1967.17
1967.17
2644.19
2644.19
5722.03
5722.03
4939.27
4939.27
4939.27
4939.27
4939.27
4939.27
2620.24
2620.24
3215.90
3215.90
6643.48
6643.48
5011.75
5011.75
815.78
815.78
178.34
178.34
1463.75
1463.75
6332.67
6332.67
746.77
746.77
4175.84
4175.84
2615.10
2615.10
1496.30
1496.30
4257.86
4257.86
2422.82
2422.82
2161.06
2161.06
2521.60
2521.60
2578.40
2578.40
2708.74
2708.74
2708.74
2708.74
2708.74
2708.74
2041.63
2041.63
3560.79
3560.79
434.73
434.73
2064.66
2064.66
3273.43
3273.43
891.52
891.52
121.03
121.03
12.94
12.94
6486.51
6486.51
3640.52
3640.52
6333.13
6333.13
251.95
251.95
921.62
921.62
12.79
12.79
4756.11
4756.11
2755.34
2755.34
2636.92
2636.92
3370.73
3370.73
1266.88
1266.88
3991.02
3991.02
6348.82
6348.82
6348.82
1340.50
38.55
38.55
31.87
31.87
39.91
39.91
63.24
63.24
218.12
218.12
37.80
37.80
137.08
137.08
85.30
85.30
58.55
58.55
111.90
111.90
16.01
16.01
53.89
53.89
715.34
715.34
29.50
29.50
1962.24
1962.24
69.69
69.69
1005.66
1005.66
3358.73
3358.73
4759.60
4759.60
1939.15
1939.15
26.68
26.68
36.76
36.76
5957.17
5957.17
5957.17
5957.17
5957.17
5957.17
5957.17
5957.17
5957.17
5957.17
5957.17
5957.17
5957.17
5957.17
5957.17
5957.17
5957.17
5957.17
5957.17
5957.17
3126.88
2670.99
108.49
1217.23
340.42
577.64
577.64
16.42
16.42
2550.41
2550.41
883.29
883.29
79.19
79.19
910.64
910.64
14.01
14.01
3808.29
3808.29
147.61
147.61
79.34
79.34
900.42
900.42
70.28
70.28
778.94
778.94
56.38
56.38
940.43
940.43
12.58
12.58
13.93
13.93
24.85
24.85
109.42
109.42
23.74
23.74
11.64
11.64
2172.12
2172.12
49.06
49.06
135.81
135.81
147.03
147.03
26.34
26.34
1347.43
1347.43
2480.46
2480.46
2529.70
2529.70
1203.96
1203.96
224.53
224.53
86.33
86.33
38.12
38.12
147.48
147.48
19.34
19.34
36.69
36.69
308.91
308.91
1628.73
1628.73
50.49
50.49
10.00
10.00
684.12
684.12
684.12
10.00
129.77
129.77
29.24
29.24
47.85
47.85
18.34
18.34
57.18
57.18
73.43
73.43
2515.45
2515.45
2840.56
2840.56
3023.74
3023.74
1432.00
1432.00
12.93
12.93
913.97
913.97
18.58
18.58
19.34
19.34
19.03
19.03
4740.85
4740.85
4740.85
4740.85
69.40
69.40
27.69
27.69
2229.93
2229.93
26.14
26.14
39.57
39.57
1645.57
1645.57
1297.85
1297.85
1162.02
1162.02
2810.07
2810.07
1010.13
1010.13
101.42
101.42
931.93
931.93
50.90
50.90
17.37
17.37
1049.47
1049.47
800.57
800.57
68.14
68.14
38.51
38.51
848.36
848.36
43.49
43.49
151.84
151.84
861.71
861.71
2288.50
2288.50
1675.07
1675.07
88.56
88.56
2136.53
2136.53
1397.70
1397.70
79.31
79.31
30.09
30.09
30.09
30.09
30.09
30.09
30.09
30.09
30.09
30.09
30.09
30.09
30.09
30.09
30.09
30.09
30.09
30.09
30.09
693.34
1492.85
4713.75
48.35
48.35
87.52
87.52
2257.57
2257.57
6361.31
6361.31
923.72
923.72
6580.78
6580.78
2724.54
2724.54
3093.03
3093.03
26.97
26.97
908.07
908.07
911.22
911.22
6348.58
6348.58
613.66
613.66
2744.95
2744.95
865.24
865.24
6362.02
6362.02
988.63
988.63
4905.99
4905.99
6340.86
6340.86
72.19
72.19
1299.45
1299.45
1577.71
1577.71
1577.71
1577.71
1913.35
1913.35
2176.14
2176.14
2176.14
2176.14
2176.14
2176.14
2425.12
2425.12
889.26
889.26
2655.80
2655.80
82.47
82.47
50.38
50.38
3317.45
3317.45
3317.45
3317.45
50.60
50.60
2322.70
2322.70
2322.70
2322.70
84.32
84.32
882.81
882.81
3100.94
3100.94
29.03
29.03
1078.71
1078.71
2501.90
2501.90
17.20
17.20
3606.94
3606.94
3606.94
3606.94
3606.94
3606.94
3606.94
3606.94
804.37
804.37
493.81
493.81
5371.71
5371.71
3830.46
3830.46
3830.46
3830.46
3830.46
3830.46
3830.46
3830.46
2840.85
2840.85
5300.21
5300.21
3011.66
3011.66
623.03
623.03
48.92
48.92
1937.09
1937.09
13.70
13.70
3573.34
3573.34
6242.92
6242.92
6242.92
6242.92
1251.59
1251.59
3224.28
3224.28
31.67
31.67
2539.84
2539.84
1043.99
1043.99
728.69
728.69
930.23
930.23
4814.23
4814.23
13.10
13.10
977.40
977.40
977.40
18.83
31.45
31.45
67.22
67.22
258.70
258.70
6118.57
6118.57
3076.03
3076.03
2367.56
2367.56
245.52
245.52
15.91
15.91
259.03
259.03
687.34
687.34
33.08
33.08
18.54
18.54
3133.55
3133.55
10.00
10.00
1420.21
1420.21
57.21
57.21
619.55
619.55
1479.44
1479.44
1294.96
1294.96
5825.67
5825.67
77.08
77.08
365.26
365.26
2567.34
2567.34
59.18
59.18
918.66
918.66
627.62
627.62
971.01
971.01
91.86
91.86
194.75
194.75
1235.69
1235.69
18.86
18.86
1957.97
1957.97
6564.70
6564.70
5411.31
5411.31
112.73
112.73
4744.87
4744.87
125.39
125.39
55.59
55.59
129.81
129.81
16.26
16.26
926.73
926.73
52.77
52.77
30.21
30.21
3270.07
3270.07
3270.07
3270.07
13.65
13.65
1925.16
1925.16
1292.42
1292.42
13.51
13.51
3326.71
3326.71
3326.71
12.80
12.80
154.73
154.73
146.48
453.84
453.84
94.37
94.37
919.56
919.56
3401.05
3401.05
162.59
162.59
6394.46
6394.46
1409.08
1409.08
27.54
27.54
1932.30
1932.30
387.90
387.90
744.46
744.46
744.46
77.89
5774.81
5774.81
25.93
25.93
6570.16
6570.16
76.35
76.35
1232.62
1232.62
54.31
54.31
37.20
37.20
59.37
59.37
39.16
39.16
281.40
281.40
201.41
201.41
73.22
73.22
310.17
310.17
1822.96
1822.96
29.26
29.26
169.81
169.81
2286.81
2286.81
1230.12
1230.12
13.01
13.01
4023.94
4023.94
1979.57
1979.57
4236.50
4236.50
744.70
744.70
238.16
238.16
26.49
26.49
234.99
234.99
904.39
904.39
3473.80
3473.80
205.24
205.24
681.24
681.24
61.56
61.56
1068.31
1068.31
116.11
116.11
489.10
489.10
667.61
667.61
667.61
5567.59
34.74
34.74
88.22
88.22
871.61
871.61
3607.68
3607.68
6155.67
6155.67
4824.53
4824.53
45.21
45.21
3797.72
3797.72
2626.76
2626.76
2626.76
67.78
82.20
82.20
82.20
82.80
82.80
426.40
81.26
81.26
454.69
454.69
454.69
84.30
38.30
38.30
38.30
5727.57
5727.57
10.00
10.00
18.36
18.36
35.38
35.38
115.67
115.67
1408.44
1408.44
3303.72
3303.72
2863.87
2863.87
208.40
208.40
2698.92
2698.92
71.81
71.81
2175.34
2175.34
965.62
965.62
45.35
45.35
505.71
505.71
10.00
10.00
460.54
460.54
1847.40
1847.40
15.42
15.42
2813.03
2813.03
1875.84
1875.84
88.46
88.46
345.08
345.08
123.56
123.56
10.00
10.00
403.40
403.40
71.60
71.60
127.71
127.71
35.86
35.86
329.81
329.81
483.34
483.34
483.34
10.00
10.00
10.00
229.15
229.15
18.80
18.80
76.36
76.36
205.93
205.93
13.22
13.22
827.30
827.30
16.01
16.01
38.89
38.89
3510.30
3510.30
31.64
31.64
40.69
40.69
38.60
38.60
39.59
39.59
13.21
13.21
322.26
322.26
3972.75
3972.75
4500.79
4500.79
1275.61
1275.61
2936.32
874.77
874.77
874.77
1818.10
1818.10
10.00
10.00
890.74
890.74
67.05
67.05
24.89
24.89
272.19
272.19
51.16
51.16
16.11
16.11
4250.30
4250.30
121.66
121.66
619.57
619.57
826.79
826.79
15.54
15.54
202.14
202.14
14.67
14.67
157.85
157.85
795.15
795.15
26.36
26.36
128.94
128.94
2911.21
2911.21
2278.54
2278.54
862.56
862.56
64.72
64.72
15.76
15.76
125.12
125.12
102.56
102.56
84.01
84.01
10.00
10.00
76.31
76.31
83.08
83.08
254.90
254.90
830.29
830.29
967.77
967.77
1046.13
1046.13
1211.15
1211.15
1308.17
1308.17
1749.87
1749.87
31.73
31.73
897.30
897.30
76.64
76.64
786.44
786.44
600.92
600.92
3449.55
3449.55
609.68
609.68
609.68
609.68
45.97
45.97
77.43
77.43
866.30
866.30
228.81
228.81
3548.72
3548.72
17.98
17.98
937.16
937.16
5745.21
5745.21
2125.61
2125.61
157.47
157.47
944.06
944.06
5176.94
5176.94
59.85
59.85
10.00
10.00
872.29
872.29
13.01
13.01
109.66
109.66
139.08
139.08
149.19
149.19
817.04
817.04
779.86
779.86
231.91
231.91
10.00
10.00
74.37
74.37
25.63
25.63
2091.71
2091.71
1536.46
1536.46
56.94
56.94
4356.62
4356.62
4492.66
4492.66
13.02
13.02
4344.93
4344.93
5059.45
5059.45
675.87
675.87
77.33
77.33
2592.79
2592.79
986.29
986.29
3058.35
3058.35
871.09
871.09
5728.96
5728.96
4964.86
4964.86
5940.16
5940.16
13.54
13.54
1835.76
1835.76
67.51
67.51
56.40
56.40
55.18
55.18
498.93
498.93
56.53
56.53
480.04
480.04
867.94
867.94
945.31
945.31
27.77
27.77
3299.86
3299.86
13.06
13.06
2835.15
2835.15
3042.38
3042.38
3240.01
3240.01
2233.05
2233.05
3055.28
3055.28
4990.11
4990.11
5894.23
5894.23
1321.49
1321.49
5780.16
5780.16
1015.96
1015.96
6278.52
6278.52
6335.83
6335.83
2562.15
2562.15
177.54
177.54
935.10
935.10
13.82
13.82
2482.78
2482.78
2588.78
2588.78
2972.33
2972.33
10.00
10.00
3594.85
3594.85
4404.60
4404.60
1305.76
1305.76
5545.81
5545.81
5795.15
5795.15
12.45
12.45
6112.54
6112.54
2901.55
2901.55
1294.65
1294.65
1988.50
1988.50
6367.86
6367.86
44.63
44.63
1829.49
1829.49
2454.18
2454.18
823.46
823.46
1383.60
1383.60
1126.74
1126.74
2371.26
2371.26
2252.52
2252.52
6216.46
6216.46
6216.46
6216.46
6216.46
6216.46
449.67
449.67
4157.16
4157.16
382.07
382.07
1377.63
1377.63
923.32
923.32
3669.41
3669.41
868.81
868.81
712.70
712.70
4956.27
4956.27
12.55
12.55
5370.27
5370.27
883.10
883.10
93.99
93.99
1454.10
1454.10
14.71
14.71
1224.30
1224.30
2615.30
2615.30
3314.25
3314.25
3080.62
3080.62
503.30
503.30
10.00
10.00
10.00
10.00
227.81
227.81
57.45
57.45
10.00
10.00
41.66
41.66
268.41
268.41
1806.24
1806.24
987.31
987.31
308.49
308.49
87.08
87.08
14.84
14.84
248.01
248.01
78.22
78.22
36.58
36.58
41.93
41.93
18.67
18.67
13.84
13.84
53.80
53.80
190.52
190.52
996.44
996.44
1047.26
1047.26
1330.93
1330.93
1581.75
1581.75
13.54
13.54
417.02
417.02
2010.63
2010.63
17.57
17.57
10.00
10.00
14.21
14.21
72.94
72.94
308.77
308.77
92.54
92.54
114.42
114.42
74.18
74.18
77.90
77.90
759.49
759.49
95.11
95.11
350.47
350.47
42.79
42.79
127.41
127.41
784.41
784.41
724.12
724.12
219.62
219.62
908.30
908.30
3314.69
3314.69
1791.94
1791.94
1891.12
1891.12
3872.59
3872.59
12.42
12.42
1854.32
1854.32
2722.99
2722.99
439.17
439.17
4250.68
4250.68
5260.18
5260.18
15.34
15.34
327.43
327.43
37.00
37.00
77.34
77.34
13.41
13.41
766.42
766.42
13.24
13.24
1685.40
1685.40
2455.49
2455.49
3536.33
3536.33
1074.47
1074.47
365.08
365.08
2352.36
2352.36
3320.57
3320.57
4272.99
4272.99
10.00
10.00
51.59
51.59
2829.80
2829.80
4635.12
4635.12
122.35
122.35
872.29
872.29
257.69
257.69
876.00
876.00
184.70
184.70
75.36
75.36
17.89
17.89
141.15
141.15
882.08
882.08
213.13
213.13
829.96
829.96
1241.03
1241.03
24.82
24.82
10.00
10.00
123.73
123.73
832.75
832.75
12.93
12.93
138.36
138.36
16.94
16.94
26.96
26.96
54.07
54.07
10.00
10.00
713.83
713.83
94.82
94.82
10.00
10.00
141.22
141.22
2002.87
2002.87
2525.08
2525.08
1420.61
1420.61
3395.16
3395.16
3659.74
3659.74
3838.39
3838.39
890.06
890.06
1638.82
1638.82
841.19
841.19
26.90
26.90
221.17
221.17
539.72
539.72
18.62
18.62
702.31
702.31
921.06
921.06
947.54
947.54
1237.97
1237.97
910.30
910.30
30.72
30.72
1580.66
1580.66
1061.05
1061.05
509.10
509.10
1338.86
1338.86
689.81
689.81
101.05
101.05
2194.39
2194.39
2203.62
2203.62
2138.43
2138.43
17.41
17.41
1100.10
1100.10
1266.76
1266.76
2836.63
2836.63
2836.63
2836.63
42.03
42.03
58.02
58.02
2630.95
2630.95
2630.95
2630.95
755.66
755.66
755.66
755.66
2662.85
2662.85
2324.24
2324.24
2788.93
2788.93
3830.22
3830.22
1284.07
1284.07
1284.07
1284.07
1284.07
1284.07
4391.84
4391.84
4996.00
4996.00
4505.65
4505.65
4234.71
4234.71
1141.37
1141.37
6225.86
6225.86
6225.86
6225.86
6225.86
6225.86
6225.86
6225.86
6225.86
6225.86
6225.86
6225.86
6225.86
6225.86
6225.86
6225.86
6225.86
6225.86
6225.86
1517.85
4549.35
4071.40
1937.24
4124.68
4124.68
4124.68
4124.68
1229.48
1229.48
3343.14
3343.14
860.79
860.79
5554.73
5554.73
5764.07
5764.07
5683.16
5683.16
5676.10
5676.10
1086.33
1086.33
39.45
39.45
5891.17
5891.17
80.70
80.70
5791.27
5791.27
36.52
36.52
408.00
408.00
1873.41
1873.41
644.76
644.76
894.04
894.04
563.37
563.37
234.52
234.52
26.78
26.78
2534.58
2534.58
5970.09
5970.09
6018.15
6018.15
3277.97
3277.97
12.39
12.39
2086.53
2086.53
904.15
904.15
264.10
264.10
874.71
874.71
4980.13
4980.13
4980.13
4980.13
267.18
267.18
1432.81
1432.81
886.33
886.33
6305.35
6305.35
48.45
48.45
55.41
55.41
2026.00
2026.00
651.57
651.57
11.95
11.95
1154.78
1154.78
1575.12
1575.12
1508.71
1508.71
1877.81
1877.81
1589.63
1589.63
743.88
743.88
2057.06
2057.06
166.73
166.73
753.84
753.84
3584.43
3584.43
90.42
90.42
14.99
14.99
43.32
43.32
653.52
653.52
15.10
15.10
17.41
17.41
337.16
337.16
87.10
87.10
681.12
681.12
32.67
32.67
1803.96
1803.96
2983.03
2983.03
74.29
74.29
2952.28
2952.28
2359.26
2359.26
3744.01
3744.01
2662.73
2662.73
3442.67
3442.67
1226.91
1226.91
835.77
835.77
18.41
18.41
556.59
556.59
14.65
14.65
250.14
250.14
880.39
880.39
1236.11
1236.11
28.18
28.18
679.94
679.94
55.86
55.86
57.43
57.43
211.91
211.91
15.89
15.89
143.48
143.48
41.21
41.21
27.77
27.77
424.05
424.05
649.40
649.40
79.05
79.05
107.07
107.07
4101.93
4101.93
2672.28
2672.28
49.00
49.00
595.37
595.37
77.50
77.50
77.50
41.18
286.39
286.39
237.16
237.16
3513.84
3513.84
3513.84
30.07
5683.77
5683.77
5683.77
2015.93
4327.14
4327.14
4327.14
13.97
13.97
4018.68
4018.68
119.98
119.98
89.23
89.23
162.93
162.93
895.07
895.07
3348.33
3348.33
195.02
195.02
961.24
961.24
297.18
297.18
886.52
886.52
5021.75
5021.75
451.34
451.34
5219.67
5219.67
2075.29
2075.29
5677.19
5677.19
60.33
874.54
874.54
874.54
3231.42
3231.42
3231.42
3231.42
103.79
103.79
239.49
239.49
860.72
860.72
275.05
275.05
259.12
259.12
17.38
17.38
854.39
854.39
44.21
44.21
4330.22
4330.22
45.15
45.15
86.89
86.89
45.94
45.94
882.37
882.37
882.37
882.37
14.16
14.16
2646.73
2646.73
2646.73
2646.73
82.24
82.24
44.73
44.73
1681.58
1681.58
1681.58
1681.58
16.05
16.05
42.06
42.06
453.79
453.79
145.31
145.31
241.94
241.94
699.32
699.32
1133.41
1133.41
1183.25
1183.25
1448.37
1448.37
545.01
545.01
1643.89
1643.89
2171.62
2171.62
717.73
717.73
82.89
82.89
55.20
55.20
726.44
726.44
1561.95
1561.95
730.97
730.97
67.50
67.50
276.61
276.61
874.51
874.51
1098.59
1098.59
515.09
515.09
1672.83
1672.83
342.20
342.20
2241.32
2241.32
2753.03
2753.03
3184.27
3184.27
29.92
29.92
14.15
14.15
335.96
335.96
210.03
210.03
126.09
126.09
136.75
136.75
786.17
786.17
1758.16
1758.16
13.60
13.60
87.91
87.91
610.44
610.44
786.98
786.98
77.39
77.39
777.43
777.43
208.59
208.59
568.02
568.02
1129.28
1129.28
3040.87
3040.87
3527.17
3527.17
3242.78
3242.78
25.68
25.68
2346.84
2346.84
3386.90
3386.90
113.42
113.42
17.82
17.82
837.01
837.01
12.45
12.45
12.98
12.98
13.88
13.88
2487.02
2487.02
841.51
841.51
1751.22
1751.22
794.23
794.23
3216.02
3216.02
1280.46
1280.46
1202.22
1202.22
805.57
805.57
1295.96
1295.96
98.39
98.39
1159.52
1159.52
281.98
281.98
146.40
146.40
849.32
849.32
655.96
655.96
890.35
890.35
302.49
302.49
3278.09
3278.09
6071.75
6071.75
15.10
15.10
6615.87
6615.87
6069.37
6069.37
6617.83
6617.83
3601.04
3601.04
6179.03
6179.03
902.07
902.07
70.17
70.17
859.52
859.52
399.91
399.91
618.30
618.30
351.01
351.01
2392.60
2392.60
854.65
854.65
28.02
28.02
41.43
41.43
916.44
916.44
1538.87
1538.87
561.61
561.61
264.31
264.31
28.57
28.57
54.85
54.85
24.28
24.28
229.89
229.89
41.19
41.19
89.56
89.56
62.78
62.78
2069.10
2069.10
2896.03
2896.03
86.13
86.13
86.13
86.13
86.13
86.13
86.13
86.13
86.13
86.13
86.13
86.13
86.13
86.13
86.13
86.13
86.13
86.13
86.13
764.87
347.75
1970.57
1970.57
887.17
5331.44
5331.44
4638.80
4638.80
293.93
293.93
6174.05
6174.05
30.68
30.68
42.28
42.28
773.56
773.56
4613.56
4613.56
1093.51
1093.51
4074.64
4074.64
962.98
962.98
2766.73
2766.73
5867.05
5867.05
2863.74
2863.74
39.06
39.06
2904.46
2904.46
18.89
18.89
896.71
896.71
896.71
896.71
896.71
896.71
896.71
896.71
896.71
896.71
896.71
896.71
896.71
896.71
896.71
896.71
896.71
896.71
896.71
896.71
42.70
1182.60
366.84
62.67
324.82
324.82
40.89
40.89
348.69
348.69
2265.50
2265.50
15.83
15.83
2401.78
2401.78
2365.61
2365.61
4062.77
4062.77
881.28
881.28
69.75
69.75
1327.21
1327.21
1327.05
1327.05
655.31
655.31
1647.04
1647.04
1999.59
1999.59
3117.45
3117.45
1689.81
1689.81
4570.79
4570.79
1453.00
1453.00
3013.53
3013.53
3013.53
3013.53
3013.53
29.78
2933.73
2933.73
3072.78
3072.78
3865.19
3865.19
907.99
907.99
907.99
5507.45
5507.45
3240.43
2300.64
2300.64
2300.64
2476.75
2476.75
10.00
10.00
6545.35
6545.35
857.07
857.07
844.75
844.75
2143.40
2143.40
1348.38
1348.38
10.00
10.00
54.69
54.69
1652.11
1652.11
5546.58
5546.58
17.50
17.50
3439.17
3439.17
6080.16
6080.16
13.11
53.19
53.19
53.19
427.48
427.48
38.67
38.67
1293.43
1293.43
2758.03
2758.03
81.11
81.11
26.57
26.57
2677.27
2677.27
2780.19
2780.19
2780.19
2780.19
742.37
742.37
125.81
125.81
21.45
21.45
1912.40
1912.40
766.75
766.75
4060.32
4060.32
4060.32
4060.32
4060.32
4060.32
3236.22
3236.22
2564.79
2564.79
153.29
153.29
82.88
82.88
43.97
43.97
88.33
88.33
39.12
39.12
1101.37
1101.37
57.61
57.61
922.12
922.12
91.30
91.30
90.26
90.26
966.67
966.67
106.74
106.74
947.73
947.73
41.88
41.88
14.52
14.52
2626.11
2626.11
836.61
836.61
2007.22
2007.22
85.18
85.18
31.41
31.41
923.68
923.68
15.03
15.03
41.17
41.17
1418.50
1418.50
3629.41
3629.41
2976.08
2976.08
903.12
903.12
2788.63
2788.63
2857.23
2857.23
2857.23
2857.23
2857.23
2857.23
859.54
859.54
64.55
64.55
295.01
295.01
438.97
438.97
559.34
559.34
850.38
850.38
899.81
899.81
1168.96
1168.96
200.01
200.01
23.62
23.62
313.05
313.05
16.74
16.74
91.52
91.52
195.31
195.31
24.62
24.62
194.89
194.89
1934.68
1934.68
5055.48
5055.48
3142.43
3142.43
3142.43
3142.43
5345.34
5345.34
2396.43
2396.43
43.13
43.13
2331.32
2331.32
5777.74
5777.74
12.06
12.06
55.33
55.33
12.66
12.66
2319.96
2319.96
99.63
99.63
101.08
101.08
3019.91
3019.91
3644.91
3644.91
13.04
13.04
39.38
39.38
597.58
597.58
50.16
50.16
4733.26
4733.26
27.96
27.96
1626.40
1626.40
1759.27
1759.27
22.51
22.51
902.44
902.44
2296.24
2296.24
6099.61
6099.61
922.05
922.05
14.17
14.17
116.49
116.49
3873.85
3873.85
424.87
424.87
569.95
569.95
1836.38
1836.38
1464.67
1464.67
4347.10
4347.10
6257.06
6257.06
959.72
959.72
5692.67
5692.67
5692.67
5692.67
20.45
20.45
5707.18
5707.18
2700.87
2700.87
790.84
790.84
821.05
821.05
13.50
13.50
896.59
896.59
4031.45
4031.45
726.03
726.03
6416.86
6416.86
6261.83
6261.83
901.08
901.08
4721.10
4721.10
2329.28
2329.28
4918.99
4918.99
2535.52
2535.52
3201.29
3201.29
171.26
171.26
977.15
977.15
4704.87
4704.87
4436.27
4436.27
5884.06
5884.06
4141.89
4141.89
4101.52
4101.52
2828.26
2828.26
6246.75
6246.75
2326.45
2326.45
3375.97
3375.97
3629.85
3629.85
920.45
920.45
6307.60
6307.60
5365.55
5365.55
4773.16
4773.16
920.77
920.77
2858.43
2858.43
1424.52
1424.52
5922.99
5922.99
6360.33
6360.33
18.24
18.24
134.67
134.67
914.08
914.08
130.35
130.35
1006.65
1006.65
1399.90
1399.90
918.56
918.56
5596.39
5596.39
163.65
163.65
768.11
768.11
13.07
13.07
1460.91
1460.91
201.45
201.45
2591.55
2591.55
2832.70
2832.70
2011.11
