# 1Hz Kbps trace generated by import_real_world_traces.py
1901.15
2230.72
3582.91
1403.36
4292.57
4292.57
4237.85
4237.85
3559.62
3559.62
3961.76
3961.76
3954.33
3954.33
3932.76
3932.76
4273.61
4273.61
4273.61
4273.61
3888.31
3888.31
3888.31
3888.31
3335.11
3335.11
987.63
987.63
4129.20
4129.20
4128.01
4128.01
3725.57
3725.57
3523.44
3523.44
1868.39
1868.39
851.74
851.74
851.74
851.74
851.74
851.74
3485.41
3485.41
1793.22
1793.22
1793.22
1793.22
1793.22
1587.39
4071.53
4071.53
4080.17
4080.17
816.55
816.55
816.55
816.55
4262.44
4262.44
3761.70
3761.70
3845.85
3845.85
278.48
278.48
3606.00
3606.00
1646.91
1646.91
1790.01
1790.01
3671.24
3671.24
3979.00
3979.00
1855.52
1855.52
814.95
814.95
4564.67
4564.67
3102.65
3102.65
3533.42
3533.42
1505.27
1505.27
428.92
428.92
786.96
786.96
241.20
241.20
4055.89
4055.89
4382.88
4382.88
3848.91
3848.91
1568.27
1568.27
2426.62
2426.62
53.25
53.25
3083.45
3083.45
2204.70
2204.70
1318.82
1318.82
3514.47
3514.47
4273.93
4273.93
4050.09
4050.09
3193.84
3193.84
1977.27
1977.27
1383.32
1383.32
4381.03
4381.03
4233.20
4233.20
3451.84
3451.84
4107.50
4107.50
322.71
322.71
3024.99
3024.99
3908.07
3908.07
3464.11
3464.11
4286.31
4286.31
4411.13
4411.13
3593.27
3593.27
3510.45
3510.45
3542.04
3542.04
3355.96
3355.96
4083.91
4083.91
1012.51
1012.51
2272.62
2272.62
13.11
13.11
13.11
560.24
560.24
3267.66
3267.66
3969.34
3969.34
3984.93
3984.93
801.98
801.98
3420.78
3420.78
11.46
11.46
212.68
212.68
212.68
212.68
212.68
212.68
212.68
212.68
212.68
212.68
212.68
2658.29
2658.29
4131.69
4131.69
4232.89
4232.89
3807.92
3807.92
4165.39
4165.39
4370.79
4370.79
3909.15
3909.15
1221.15
1221.15
637.65
637.65
1058.20
1058.20
397.51
397.51
4365.19
4365.19
3929.58
3929.58
3906.55
3906.55
3655.05
3655.05
2287.27
2287.27
631.51
631.51
1754.84
1754.84
3808.94
3808.94
3472.89
3472.89
3952.23
3952.23
1633.18
1633.18
4391.50
4391.50
3685.10
3685.10
3956.15
3956.15
3958.17
3958.17
4033.17
4033.17
173.70
173.70
3894.37
3894.37
3212.91
3212.91
2898.87
2898.87
4307.76
4307.76
3183.30
3183.30
3938.21
3938.21
4424.35
4424.35
4261.71
4261.71
2685.95
2685.95
377.68
377.68
1774.61
1774.61
4171.33
4171.33
530.55
530.55
3150.59
3150.59
4053.03
4053.03
393.66
393.66
3722.54
3722.54
4058.37
4058.37
3933.98
3933.98
3981.83
3981.83
2879.02
2879.02
4143.54
4143.54
4256.40
4256.40
3884.06
3884.06
3884.06
3884.06
3423.20
3423.20
4074.14
4074.14
4108.59
4108.59
3901.96
3901.96
4286.36
4286.36
4280.54
4280.54
4392.48
4392.48
3817.53
3817.53
1198.90
1198.90
3873.86
3873.86
3894.79
3894.79
2309.52
2309.52
2309.52
2309.52
3545.75
3545.75
4111.77
4111.77
1772.81
1772.81
3927.02
3927.02
1504.56
1504.56
4280.93
4280.93
10.63
10.63
865.91
865.91
2643.48
2643.48
3162.94
3162.94
4074.83
4074.83
4428.65
4428.65
3143.42
3143.42
4312.33
4312.33
3857.06
3857.06
4217.61
4217.61
3973.16
3973.16
4389.40
4389.40
2215.25
2215.25
4145.13
4145.13
4192.25
4192.25
2227.31
2227.31
4101.91
4101.91
4098.38
4098.38
4092.11
4092.11
4565.47
4565.47
4002.59
4002.59
4483.18
4483.18
3733.98
3733.98
393.94
393.94
1228.35
1228.35
1155.87
1155.87
950.44
950.44
4109.09
4109.09
1875.86
1875.86
3958.04
3958.04
4103.93
4103.93
3141.40
3141.40
4078.30
4078.30
4157.49
4157.49
3337.13
3337.13
4500.30
4500.30
3979.44
3979.44
4133.40
4133.40
3902.66
3902.66
3138.07
3138.07
3860.53
3860.53
4156.99
4156.99
4400.64
4400.64
4495.56
4495.56
4042.40
4042.40
4317.90
4317.90
3932.72
3932.72
3564.32
3564.32
3547.17
3547.17
4341.96
4341.96
3796.01
3796.01
4337.45
4337.45
530.09
530.09
4423.57
4423.57
2936.83
2936.83
3763.56
3763.56
4034.04
4034.04
4224.68
4224.68
4061.06
4061.06
3983.71
3983.71
3946.77
3946.77
3946.77
852.32
852.32
3874.81
3874.81
2965.91
2965.91
3873.30
3873.30
3849.45
3849.45
4077.89
4077.89
4077.89
4077.89
851.71
851.71
3983.49
3983.49
223.59
223.59
16.70
16.70
4021.36
4021.36
4245.99
4245.99
2000.98
2000.98
3831.54
3831.54
3765.25
3765.25
3688.91
3688.91
4003.52
4003.52
3870.87
3870.87
667.31
667.31
3915.48
3915.48
4129.45
4129.45
16.60
16.60
3852.66
3852.66
4088.04
4088.04
391.51
391.51
1662.44
1662.44
1565.40
1565.40
4213.85
4213.85
1417.28
1417.28
3997.41
3997.41
3864.33
3864.33
3740.84
3740.84
3770.16
3770.16
3956.82
3956.82
1239.90
1239.90
4272.66
4272.66
1218.93
1218.93
3834.56
3834.56
4220.21
4220.21
2650.41
2650.41
3992.84
3992.84
4125.21
4125.21
3939.27
3939.27
2266.73
2266.73
988.98
988.98
3411.21
3411.21
4163.77
4163.77
4037.50
4037.50
4255.92
4255.92
2085.84
2085.84
3898.71
3898.71
4153.05
4153.05
867.97
867.97
4201.60
4201.60
3908.39
3908.39
3652.45
3652.45
3209.10
3209.10
3971.96
3971.96
3753.98
3753.98
3959.46
3959.46
1723.38
1723.38
4218.35
4218.35
3853.54
3853.54
3671.54
3671.54
4064.71
4064.71
3928.86
3928.86
3832.26
3832.26
1144.07
1144.07
3927.49
3927.49
890.97
890.97
890.97
890.97
2022.61
2022.61
4314.77
4314.77
2968.23
2968.23
13.75
13.75
4351.62
4351.62
4254.64
4254.64
4054.71
4054.71
3970.15
3970.15
3589.08
3589.08
3589.08
3589.08
3354.63
3354.63
3444.24
3444.24
85.34
85.34
1834.14
1834.14
3856.74
3856.74
451.34
451.34
826.84
826.84
4100.77
4100.77
2395.43
2395.43
3477.50
3477.50
2861.63
2861.63
821.65
821.65
1428.64
1428.64
3039.46
3039.46
3062.23
3062.23
1654.44
1654.44
3791.06
3791.06
3313.70
3313.70
4271.20
4271.20
4044.88
4044.88
4142.66
4142.66
3276.93
3276.93
3276.93
3276.93
81.03
81.03
3534.47
3534.47
4297.88
4297.88
1929.32
1929.32
4248.58
4248.58
4393.67
4393.67
2456.39
2456.39
1278.64
1278.64
1482.07
1482.07
2462.54
2462.54
3892.19
3892.19
2909.05
2909.05
2089.01
2089.01
800.10
800.10
3902.57
3902.57
2738.87
2738.87
4056.62
4056.62
4336.77
4336.77
4068.85
4068.85
3307.68
3307.68
3969.51
3969.51
3944.56
3944.56
4243.74
4243.74
3948.98
3948.98
3948.98
161.05
161.05
2154.32
2154.32
4245.08
4245.08
4245.08
4245.08
3938.35
3938.35
3720.34
3720.34
609.86
609.86
4135.19
4135.19
4247.15
4247.15
2615.59
2615.59
783.12
783.12
4158.72
4158.72
3620.49
3620.49
4338.11
4338.11
4613.79
4613.79
4170.30
4170.30
4150.93
4150.93
567.38
567.38
1944.15
1944.15
4093.86
4093.86
2847.85
2847.85
3651.94
3651.94
3837.45
3837.45
701.39
701.39
4445.42
4445.42
3759.04
3759.04
4124.31
4124.31
3373.52
3373.52
4005.21
4005.21
4005.21
4005.21
4246.72
4246.72
1703.49
1703.49
805.29
805.29
2962.83
2962.83
4169.15
4169.15
583.62
583.62
839.41
839.41
4189.44
4189.44
4329.84
4329.84
3495.56
3495.56
2330.19
2330.19
1524.12
1524.12
1892.38
1892.38
1321.54
1321.54
3323.61
3323.61
3956.66
3956.66
2306.83
2306.83
4391.80
4391.80
433.09
433.09
15.65
15.65
3335.64
3335.64
4161.74
4161.74
4161.74
4161.74
814.18
814.18
2810.58
2810.58
4242.67
4242.67
4206.36
4206.36
3878.57
3878.57
3889.79
3889.79
3299.01
3299.01
4139.30
4139.30
3998.87
3998.87
4112.18
4112.18
4073.47
4073.47
3843.72
3843.72
4076.46
4076.46
4031.31
4031.31
4113.14
4113.14
857.37
857.37
4014.59
4014.59
3173.40
3173.40
1635.14
1635.14
3074.66
3074.66
1715.95
1715.95
4028.06
4028.06
1202.75
1202.75
4006.11
4006.11
3213.70
3213.70
2174.51
2174.51
4322.39
4322.39
4322.39
4322.39
4248.56
4248.56
4177.20
4177.20
2164.82
2164.82
3527.44
3527.44
4386.26
4386.26
4386.26
4386.26
4178.29
4178.29
3960.72
3960.72
357.85
357.85
4347.99
4347.99
4073.05
4073.05
3106.73
3106.73
2744.64
2744.64
939.34
939.34
3264.10
3264.10
3987.10
3987.10
4379.53
4379.53
285.10
285.10
4394.88
4394.88
3457.59
3457.59
4216.94
4216.94
1150.04
1150.04
3939.82
3939.82
3404.11
3404.11
4141.99
4141.99
800.33
800.33
4226.94
4226.94
4226.94
4226.94
4092.20
4092.20
1586.19
1586.19
3989.11
3989.11
1620.79
1620.79
1932.38
1932.38
1454.74
1454.74
4148.95
4148.95
4072.10
4072.10
3975.34
3975.34
3919.38
3919.38
3913.25
3913.25
4068.83
4068.83
164.99
164.99
4016.18
4016.18
3848.81
3848.81
4178.59
4178.59
4125.70
4125.70
3780.55
3780.55
4078.83
4078.83
16.77
16.77
53.41
53.41
1307.08
1307.08
3945.28
3945.28
1685.37
1685.37
3481.77
3481.77
261.18
261.18
3832.24
3832.24
3832.24
3832.24
1830.70
1830.70
2491.98
2491.98
2491.98
2491.98
709.92
709.92
2311.42
2311.42
713.05
713.05
1686.23
1686.23
2456.80
2456.80
1777.27
1777.27
2096.36
2096.36
420.79
420.79
2874.26
2874.26
2644.63
2644.63
2500.61
2500.61
2802.33
2802.33
2774.59
2774.59
434.48
434.48
3350.44
3350.44
4096.36
4096.36
3915.69
3915.69
3411.30
3411.30
3906.85
3906.85
4122.67
4122.67
4037.29
4037.29
3852.33
3852.33
3167.62
3167.62
4329.70
4329.70
3624.28
3624.28
15.95
15.95
428.43
428.43
4244.93
4244.93
1048.14
1048.14
3747.96
3747.96
3781.64
3781.64
4252.52
4252.52
4036.79
4036.79
2266.57
2266.57
4098.21
4098.21
3526.02
3526.02
641.06
641.06
3469.02
3469.02
1798.62
1798.62
1135.93
1135.93
4217.48
4217.48
58.99
58.99
4384.78
4384.78
3818.73
3818.73
3912.01
3912.01
4049.76
4049.76
4250.88
4250.88
4358.81
4358.81
3912.47
3912.47
2264.76
2264.76
3869.13
3869.13
1346.03
1346.03
4257.30
4257.30
3143.69
3143.69
3925.74
3925.74
3952.86
3952.86
3952.86
3952.86
4036.84
4036.84
3085.32
3085.32
3387.34
3387.34
3889.77
3889.77
4271.90
4271.90
825.81
825.81
4434.60
4434.60
4042.49
4042.49
4568.18
4568.18
4184.01
4184.01
4403.85
4403.85
4252.57
4252.57
2977.49
2977.49
3234.97
3234.97
4070.96
4070.96
712.57
712.57
3281.29
3281.29
4212.24
4212.24
3962.20
3962.20
4112.56
4112.56
4228.47
4228.47
3187.45
3187.45
4297.90
4297.90
4266.39
4266.39
3316.31
3316.31
3535.78
3535.78
163.02
163.02
1055.32
1055.32
4056.98
4056.98
3977.45
3977.45
4189.22
4189.22
1391.44
1391.44
3539.32
3539.32
3584.55
3584.55
4251.87
4251.87
4439.79
4439.79
4300.70
4300.70
4266.15
4266.15
3470.42
3470.42
4226.47
4226.47
4624.65
4624.65
3887.38
3887.38
4140.12
4140.12
4076.57
4076.57
3961.95
3961.95
4327.06
4327.06
4010.19
4010.19
2371.08
2371.08
529.28
529.28
4171.34
4171.34
2167.60
2167.60
3890.10
3890.10
4446.54
4446.54
3787.77
3787.77
4043.19
4043.19
34.49
34.49
4057.78
4057.78
3973.33
3973.33
1606.97
1606.97
4109.85
4109.85
675.32
675.32
4106.59
4106.59
2178.02
2178.02
4158.81
4158.81
4505.37
4505.37
2366.01
2366.01
447.98
447.98
820.95
820.95
4033.43
4033.43
2457.49
2457.49
4117.83
4117.83
4254.62
4254.62
829.94
829.94
4108.81
4108.81
2991.96
2991.96
4139.15
4139.15
3978.76
3978.76
3978.76
3978.76
4306.68
4306.68
4234.36
4234.36
214.94
214.94
3960.00
3960.00
743.81
743.81
350.27
350.27
1636.80
1636.80
3005.69
3005.69
4358.92
4358.92
3994.99
3994.99
3881.26
3881.26
4241.56
4241.56
356.77
356.77
4048.87
4048.87
4084.04
4084.04
4281.24
4281.24
15.46
15.46
4402.89
4402.89
4021.22
4021.22
4280.64
4280.64
3855.06
3855.06
3778.44
3778.44
220.38
220.38
615.08
615.08
1919.35
1919.35
813.30
813.30
1654.42
1654.42
1820.11
1820.11
4219.34
4219.34
4035.41
4035.41
4362.25
4362.25
4362.25
4362.25
4362.25
4362.25
4214.25
4214.25
1362.74
1362.74
770.12
770.12
2881.28
2881.28
1780.06
1780.06
3960.35
3960.35
4095.62
4095.62
3753.87
3753.87
4139.38
4139.38
3209.89
3209.89
4232.10
4232.10
4055.68
4055.68
4360.60
4360.60
4232.11
4232.11
3969.15
3969.15
2986.40
2986.40
3650.89
3650.89
3827.51
3827.51
718.78
718.78
2070.86
2070.86
2070.86
2070.86
1570.17
1570.17
4277.90
4277.90
3635.44
3635.44
4140.27
4140.27
4251.12
4251.12
4012.02
4012.02
2081.34
2081.34
403.71
403.71
103.60
103.60
4233.53
4233.53
4233.53
4233.53
2635.33
2635.33
4071.65
4071.65
3947.38
3947.38
3878.61
3878.61
1219.95
1219.95
1142.83
1142.83
804.92
804.92
3912.99
3912.99
3986.98
3986.98
3504.83
3504.83
4651.93
4651.93
1022.28
1022.28
1419.43
1419.43
3819.30
3819.30
2175.88
2175.88
3934.91
3934.91
157.58
157.58
17.32
17.32
51.98
51.98
2566.88
2566.88
391.98
391.98
3158.36
3158.36
223.19
223.19
4035.41
4035.41
4173.89
4173.89
3879.69
3879.69
3805.10
3805.10
517.11
517.11
4330.09
4330.09
1337.65
1337.65
1406.27
1406.27
4351.03
4351.03
2828.58
2828.58
4352.63
4352.63
2935.04
2935.04
2935.04
2935.04
850.97
850.97
4054.23
4054.23
1904.30
1904.30
3878.63
3878.63
3765.78
3765.78
362.38
362.38
4313.77
4313.77
4472.95
4472.95
3573.17
3573.17
4059.22
4059.22
4353.12
4353.12
759.76
759.76
3820.14
3820.14
2337.76
2337.76
2337.76
2337.76
4251.23
4251.23
3368.30
3368.30
2904.93
2904.93
1529.55
1529.55
237.48
237.48
2182.49
2182.49
2119.38
2119.38
35.11
35.11
2365.22
2365.22
2365.22
2365.22
2365.22
2365.22
2365.22
2365.22
2365.22
2365.22
2714.22
2714.22
299.89
299.89
3645.88
3645.88
3841.61
3841.61
4340.47
4340.47
2770.41
2770.41
1565.23
1565.23
4110.52
4110.52
4543.02
4543.02
831.79
831.79
4232.14
4232.14
4329.82
4329.82
3702.03
3702.03
4054.80
4054.80
3033.22
3033.22
2074.93
2074.93
3353.71
3353.71
2859.58
2859.58
2782.44
2782.44
4090.07
4090.07
4320.88
4320.88
3264.15
3264.15
889.84
889.84
1790.28
1790.28
3138.99
3138.99
667.18
667.18
2029.59
2029.59
3968.23
3968.23
4226.72
4226.72
4356.54
4356.54
2369.99
2369.99
16.63
16.63
4244.81
4244.81
4044.92
4044.92
4095.16
4095.16
3199.49
3199.49
3294.00
3294.00
4026.46
4026.46
4397.13
4397.13
3114.34
3114.34
4031.74
4031.74
191.22
191.22
4239.03
4239.03
16.58
16.58
3919.61
3919.61
3931.17
3931.17
4245.96
4245.96
4103.93
4103.93
3986.24
3986.24
4418.08
4418.08
524.84
524.84
4117.50
4117.50
722.76
722.76
4260.42
4260.42
3564.55
3564.55
3348.04
3348.04
4122.74
4122.74
2804.48
2804.48
2916.43
2916.43
4199.56
4199.56
4479.11
4479.11
3809.80
3809.80
432.67
432.67
1455.55
1455.55
4292.55
4292.55
1928.05
1928.05
4285.35
4285.35
4228.11
4228.11
154.89
154.89
3521.69
3521.69
4204.84
4204.84
3588.76
3588.76
3971.44
3971.44
1420.36
1420.36
4106.33
4106.33
293.74
293.74
411.18
411.18
1405.04
1405.04
4226.03
4226.03
4190.67
4190.67
3889.52
3889.52
4223.51
4223.51
4166.41
4166.41
4422.15
4422.15
3251.57
3251.57
672.13
672.13
3774.39
3774.39
4127.78
4127.78
4165.05
4165.05
3950.29
3950.29
4065.38
4065.38
4267.67
4267.67
3481.51
3481.51
3919.02
3919.02
4303.80
4303.80
1351.78
1351.78
1351.78
897.33
897.33
3999.46
3999.46
3994.66
3994.66
4218.66
4218.66
1146.00
1146.00
4466.80
4466.80
2847.45
2847.45
4139.67
4139.67
4133.90
4133.90
3888.41
3888.41
4211.67
4211.67
438.99
438.99
4401.86
4401.86
4123.21
4123.21
785.39
785.39
3047.11
3047.11
4058.44
4058.44
4218.03
4218.03
1667.73
1667.73
2046.07
2046.07
3131.33
3131.33
2771.70
2771.70
4083.40
4083.40
451.41
451.41
3622.24
3622.24
4461.55
4461.55
4215.62
4215.62
4154.50
4154.50
527.39
527.39
1061.42
1061.42
4345.95
4345.95
4365.03
4365.03
4139.28
4139.28
365.13
365.13
4313.66
4313.66
4051.78
4051.78
4054.93
4054.93
3970.32
3970.32
4044.08
4044.08
3537.27
3537.27
3556.41
3556.41
4234.18
4234.18
2766.16
2766.16
1758.99
1758.99
3659.94
3659.94
3166.53
3166.53
3097.51
3097.51
4337.53
4337.53
4262.45
4262.45
4461.70
4461.70
74.69
74.69
1411.64
1411.64
4336.12
4336.12
3920.94
3920.94
2647.51
2647.51
4137.10
4137.10
102.09
102.09
4003.86
4003.86
3285.60
3285.60
3964.19
3964.19
2546.73
2546.73
4242.94
4242.94
4265.32
4265.32
2905.61
2905.61
3383.67
3383.67
4032.83
4032.83
3921.85
3921.85
3343.44
3343.44
3249.92
3249.92
4156.36
4156.36
3253.24
3253.24
847.89
847.89
3839.11
3839.11
4552.83
4552.83
762.40
762.40
1744.97
1744.97
2426.00
2426.00
4072.79
4072.79
4002.76
4002.76
4360.10
4360.10
4195.36
4195.36
162.74
162.74
4249.59
4249.59
3428.83
3428.83
2101.06
2101.06
4213.78
4213.78
16.27
16.27
4180.50
4180.50
2419.35
2419.35
4001.11
4001.11
4154.86
4154.86
4035.05
4035.05
4519.86
4519.86
4151.95
4151.95
4338.28
4338.28
4221.08
4221.08
4016.03
4016.03
3942.50
3942.50
16.17
16.17
4162.80
4162.80
4030.61
4030.61
4235.63
4235.63
1022.16
1022.16
3997.02
3997.02
4213.67
4213.67
3838.12
3838.12
4318.01
4318.01
220.28
220.28
4183.52
4183.52
3084.46
3084.46
16.46
16.46
4254.17
4254.17
1199.63
1199.63
626.19
626.19
2668.49
2668.49
4215.03
4215.03
4042.71
4042.71
3999.48
3999.48
636.48
636.48
3535.35
3535.35
2757.23
2757.23
1792.10
1792.10
3744.68
3744.68
1024.15
1024.15
3252.34
3252.34
1910.88
1910.88
4022.13
4022.13
3172.59
3172.59
4123.13
4123.13
297.70
297.70
4339.02
4339.02
734.52
734.52
4020.43
4020.43
3976.51
3976.51
4279.04
4279.04
3328.79
3328.79
1282.36
1282.36
4216.84
4216.84
3016.41
3016.41
2509.00
2509.00
1724.93
1724.93
4149.85
4149.85
4001.00
4001.00
4368.73
4368.73
1407.29
1407.29
1407.29
1407.29
15.55
15.55
4208.38
4208.38
4188.42
4188.42
4188.42
4188.42
4339.52
4339.52
4024.21
4024.21
4220.56
4220.56
4220.56
4220.56
3202.11
3202.11
2334.19
2334.19
4245.51
4245.51
4221.27
4221.27
4441.90
4441.90
4045.25
4045.25
4015.04
4015.04
2607.36
2607.36
3891.72
3891.72
1884.12
1884.12
4282.67
4282.67
3511.18
3511.18
4291.45
4291.45
4424.40
4424.40
4435.55
4435.55
3964.87
3964.87
4260.00
4260.00
1080.44
1080.44
4212.06
4212.06
670.64
670.64
4198.90
4198.90
3372.49
3372.49
4249.90
4249.90
4122.16
4122.16
859.74
859.74
4070.59
4070.59
4022.55
4022.55
3507.21
3507.21
3187.93
3187.93
502.47
502.47
4283.46
4283.46
4284.11
4284.11
4639.97
4639.97
4169.20
4169.20
4180.05
4180.05
4243.75
4243.75
2288.78
2288.78
4462.32
4462.32
3702.10
3702.10
4138.99
4138.99
3809.64
3809.64
2383.92
2383.92
2868.37
2868.37
4133.44
4133.44
4331.87
4331.87
3498.65
3498.65
4136.54
4136.54
4022.97
4022.97
3995.52
3995.52
61.80
61.80
3986.69
3986.69
3840.28
3840.28
3928.83
3928.83
4249.98
4249.98
861.43
861.43
3471.36
3471.36
4282.19
4282.19
12.97
12.97
4403.27
4403.27
3782.91
3782.91
3921.99
3921.99
3341.99
3341.99
4227.01
4227.01
4303.98
4303.98
4225.71
4225.71
3915.13
3915.13
3769.95
3769.95
901.92
901.92
4184.20
4184.20
4184.20
4184.20
4033.21
4033.21
3862.33
3862.33
4132.70
4132.70
4153.89
4153.89
2452.05
2452.05
4555.99
4555.99
4189.41
4189.41
1727.62
1727.62
12.28
12.28
2704.88
2704.88
783.13
783.13
3988.39
3988.39
3731.88
3731.88
3731.88
3731.88
3859.94
3859.94
863.39
863.39
228.62
228.62
4250.47
4250.47
4252.14
4252.14
13.73
13.73
3490.76
3490.76
3701.10
3701.10
858.97
858.97
4082.60
4082.60
11.13
11.13
3909.23
3909.23
108.28
108.28
4217.02
4217.02
4437.75
4437.75
853.48
853.48
4098.00
4098.00
1363.81
1363.81
822.67
822.67
2263.46
2263.46
4041.40
4041.40
4041.40
4041.40
4041.40
4041.40
3758.67
3758.67
3672.60
3672.60
13.55
13.55
3485.63
3485.63
3485.63
3485.63
3485.63
3485.63
2989.28
2989.28
1270.44
1270.44
808.15
808.15
3713.49
3713.49
4124.89
4124.89
4242.44
4242.44
4335.18
4335.18
3593.84
3593.84
3926.61
3926.61
3970.55
3970.55
4067.73
4067.73
12.84
12.84
3896.50
3896.50
13.14
13.14
3821.59
3821.59
4504.67
4504.67
3939.97
3939.97
1558.65
1558.65
4047.89
4047.89
3932.99
3932.99
3393.08
3393.08
66.94
66.94
3693.19
3693.19
3281.26
3281.26
4342.93
4342.93
838.53
838.53
4233.87
4233.87
3877.26
3877.26
13.54
13.54
4140.69
4140.69
4078.99
4078.99
4132.46
4132.46
14.32
14.32
3944.38
3944.38
4240.47
4240.47
3740.03
3740.03
3994.87
3994.87
3735.39
3735.39
4042.98
4042.98
4181.00
4181.00
1970.07
1970.07
598.84
598.84
3922.91
3922.91
1461.77
1461.77
3641.33
3641.33
4312.07
4312.07
3647.36
3647.36
4226.83
4226.83
4019.90
4019.90
4336.61
4336.61
3989.95
3989.95
841.04
841.04
1005.47
1005.47
4622.53
4622.53
25.96
25.96
3146.28
3146.28
2032.57
2032.57
4084.38
4084.38
4089.72
4089.72
13.28
13.28
2484.74
2484.74
3374.07
3374.07
1993.41
1993.41
4040.02
4040.02
3966.93
3966.93
4232.08
4232.08
16.67
16.67
14.60
14.60
2601.09
2601.09
4068.11
4068.11
13.17
13.17
492.38
492.38
3936.57
3936.57
3798.92
3798.92
2909.29
2909.29
4059.57
4059.57
4115.66
4115.66
4520.14
4520.14
4003.08
4003.08
3875.91
3875.91
26.80
26.80
3073.54
3073.54
4180.53
4180.53
3181.71
3181.71
3907.89
3907.89
997.43
997.43
1407.50
1407.50
4372.51
4372.51
4372.51
4372.51
4365.38
4365.38
3876.70
3876.70
4337.33
4337.33
3969.46
3969.46
2699.88
2699.88
4428.95
4428.95
3896.02
3896.02
4138.70
4138.70
18.18
18.18
4230.56
4230.56
4080.96
4080.96
4147.32
4147.32
3561.35
3561.35
1197.25
1197.25
1029.33
1029.33
13.40
13.40
14.00
14.00
3419.51
3419.51
3260.98
3260.98
1721.22
1721.22
4470.02
4470.02
4262.32
4262.32
4094.54
4094.54
4299.15
4299.15
11.17
11.17
360.39
360.39
3862.12
3862.12
3263.66
3263.66
3865.65
3865.65
12.89
12.89
4209.25
4209.25
3779.68
3779.68
4052.64
4052.64
2257.49
2257.49
1767.65
1767.65
4013.66
4013.66
18.14
18.14
4029.22
4029.22
3679.34
3679.34
4318.58
4318.58
4228.05
4228.05
3496.52
3496.52
4154.40
4154.40
4381.19
4381.19
3812.71
3812.71
4265.80
4265.80
3487.87
3487.87
4040.99
4040.99
3880.77
3880.77
3904.14
3904.14
3940.52
3940.52
3848.21
3848.21
4271.39
4271.39
4091.88
4091.88
11.39
11.39
1115.58
1115.58
13.57
13.57
4267.21
4267.21
3628.68
3628.68
3054.51
3054.51
4165.70
4165.70
4021.98
4021.98
251.69
251.69
3228.63
3228.63
4225.43
4225.43
4320.19
4320.19
1928.79
1928.79
3835.86
3835.86
4174.95
4174.95
4419.43
4419.43
4046.17
4046.17
14.08
14.08
1051.59
1051.59
4148.72
4148.72
3933.83
3933.83
4344.64
4344.64
4250.71
4250.71
3607.72
3607.72
621.40
621.40
3783.54
3783.54
29.95
29.95
4362.73
4362.73
3785.87
3785.87
4160.03
4160.03
4088.82
4088.82
4264.11
4264.11
3870.87
3870.87
817.51
817.51
2573.43
2573.43
3873.89
3873.89
1360.12
1360.12
3274.01
3274.01
13.37
13.37
3158.68
3158.68
4219.03
4219.03
4252.74
4252.74
3968.12
3968.12
3968.12
2479.88
2479.88
4226.81
4226.81
4344.49
4344.49
4206.92
4206.92
4251.72
4251.72
4341.16
4341.16
1159.46
1159.46
3775.58
3775.58
4278.39
4278.39
13.07
13.07
439.59
439.59
4275.91
4275.91
4319.01
4319.01
3921.97
3921.97
3909.19
3909.19
3942.41
3942.41
795.99
795.99
1209.89
1209.89
2426.65
2426.65
3114.53
3114.53
29.79
29.79
4244.02
4244.02
29.78
29.78
3658.88
3658.88
4069.87
4069.87
4069.87
4069.87
4545.07
4545.07
4128.13
4128.13
4262.17
4262.17
3816.37
3816.37
4098.68
4098.68
4193.13
4193.13
4183.75
4183.75
4205.60
4205.60
4205.60
4205.60
4205.60
4205.60
3261.41
3261.41
4180.28
4180.28
1589.79
1589.79
3033.79
3033.79
3847.64
3847.64
4012.16
4012.16
779.01
779.01
3522.97
3522.97
3522.97
3522.97
3953.67
3953.67
3867.23
3867.23
3142.53
3142.53
4034.60
4034.60
4259.13
4259.13
4223.65
4223.65
3773.33
3773.33
4019.74
4019.74
2408.01
2408.01
4162.90
4162.90
28.90
28.90
3290.91
3290.91
4119.32
4119.32
29.31
29.31
4407.81
4407.81
4407.81
4407.81
3816.64
3816.64
856.30
856.30
3966.90
3966.90
4111.79
4111.79
3917.80
3917.80
3157.91
3157.91
412.74
412.74
12.87
12.87
4258.93
4258.93
4068.70
4068.70
4230.58
4230.58
3974.81
3974.81
942.17
942.17
1782.76
1782.76
2814.37
2814.37
4231.65
4231.65
4469.71
4469.71
4067.96
4067.96
3802.23
3802.23
4248.71
4248.71
4217.62
4217.62
14.25
14.25
4269.08
4269.08
4269.08
4269.08
2519.76
2519.76
2519.76
2519.76
4116.72
4116.72
853.86
853.86
4052.49
4052.49
3992.90
3992.90
3692.65
3692.65
3851.69
3851.69
4252.57
4252.57
4388.65
4388.65
4276.99
4276.99
23.39
23.39
4437.87
4437.87
3938.67
3938.67
296.02
296.02
4021.61
4021.61
4171.21
4171.21
4405.65
4405.65
4097.86
4097.86
4455.49
4455.49
4499.64
4499.64
1088.12
1088.12
12.78
12.78
4503.99
4503.99
17.98
17.98
4027.07
4027.07
4152.24
4152.24
14.47
14.47
2410.93
2410.93
763.13
763.13
3836.77
3836.77
4052.50
4052.50
4054.46
4054.46
4103.06
4103.06
777.70
777.70
23.27
23.27
3955.38
3955.38
4121.37
4121.37
3997.53
3997.53
4131.75
4131.75
3892.05
3892.05
14.10
14.10
12.57
12.57
4136.29
4136.29
773.48
773.48
3194.46
3194.46
4224.97
4224.97
807.30
807.30
2621.41
2621.41
674.38
674.38
4221.95
4221.95
802.18
802.18
3995.43
3995.43
841.75
841.75
3921.38
3921.38
29.33
29.33
803.16
803.16
3268.01
3268.01
2566.14
2566.14
4203.81
4203.81
4286.47
4286.47
16.17
16.17
14.70
14.70
4236.79
4236.79
3305.23
3305.23
3834.87
3834.87
1318.48
1318.48
4065.66
4065.66
4089.24
4089.24
2070.49
2070.49
3784.46
3784.46
3968.46
3968.46
1581.07
1581.07
4122.60
4122.60
3859.47
3859.47
4450.97
4450.97
3514.60
3514.60
4104.34
4104.34
3848.11
3848.11
2144.96
2144.96
4161.35
4161.35
3405.47
3405.47
1482.63
1482.63
2480.01
2480.01
13.44
13.44
854.16
854.16
2847.55
2847.55
825.14
825.14
4247.27
4247.27
2792.45
2792.45
3731.28
3731.28
1915.09
1915.09
2301.57
2301.57
4154.14
4154.14
2332.60
2332.60
4030.36
4030.36
1835.52
1835.52
3681.53
3681.53
4132.71
4132.71
3876.05
3876.05
3670.27
3670.27
4226.44
4226.44
4314.64
4314.64
2787.05
2787.05
814.29
814.29
1916.90
1916.90
566.91
566.91
4408.98
4408.98
2137.20
2137.20
610.76
610.76
117.07
117.07
3826.68
3826.68
11.89
11.89
607.24
607.24
4273.65
4273.65
4273.65
4273.65
4347.91
4347.91
4351.80
4351.80
2803.31
2803.31
2575.43
2575.43
4041.86
4041.86
16.72
16.72
4244.98
4244.98
4463.61
4463.61
10.53
10.53
4263.97
4263.97
3894.66
3894.66
4240.36
4240.36
882.23
882.23
4313.21
4313.21
813.47
813.47
3374.80
3374.80
3750.42
3750.42
16.20
16.20
3808.60
3808.60
3279.26
3279.26
1207.00
1207.00
3631.33
3631.33
184.80
184.80
2591.35
2591.35
2269.04
2269.04
4426.60
4426.60
2702.03
2702.03
10.00
10.00
4376.33
4376.33
4024.24
4024.24
13.15
13.15
1650.16
1650.16
12.45
12.45
14.24
14.24
3896.33
3896.33
37.93
37.93
1875.01
1875.01
3243.13
3243.13
3243.13
3243.13
3910.52
3910.52
3910.52
3910.52
3910.52
3910.52
3910.52
3910.52
3910.52
3910.52
3910.52
3910.52
3910.52
3910.52
3050.11
3050.11
4079.71
4079.71
839.91
839.91
12.91
12.91
782.79
782.79
3390.23
3390.23
2555.99
2555.99
3620.28
3620.28
66.24
66.24
3873.89
3873.89
4083.28
4083.28
3567.78
3567.78
3495.18
3495.18
3949.67
3949.67
4064.44
4064.44
1019.25
1019.25
762.68
762.68
24.14
24.14
4011.53
4011.53
4274.21
4274.21
3713.46
3713.46
3982.35
3982.35
4293.82
4293.82
834.98
834.98
13.51
13.51
2086.02
2086.02
2124.46
2124.46
4054.90
4054.90
14.37
14.37
4061.26
4061.26
4061.26
4061.26
13.29
13.29
955.26
955.26
859.95
859.95
859.95
159.45
501.46
501.46
674.52
674.52
869.25
869.25
534.05
534.05
2052.68
2052.68
721.47
721.47
449.92
449.92
2860.16
2860.16
2892.25
2892.25
3124.06
3124.06
809.50
809.50
3126.02
3126.02
3875.11
3875.11
3641.97
3641.97
3696.98
3696.98
3419.88
3419.88
3684.26
3684.26
1965.34
1965.34
4400.31
4400.31
4368.45
4368.45
1570.28
1570.28
4070.48
4070.48
14.08
14.08
13.02
13.02
4415.81
4415.81
3893.80
3893.80
1640.60
1640.60
4103.93
4103.93
3983.47
3983.47
4110.15
4110.15
1327.26
1327.26
3975.25
3975.25
2425.16
2425.16
26.95
26.95
3973.47
3973.47
3318.21
3318.21
4062.47
4062.47
3163.59
3163.59
84.91
84.91
3882.38
3882.38
4090.67
4090.67
4603.47
4603.47
4182.09
4182.09
4021.29
4021.29
4465.93
4465.93
4058.07
4058.07
3921.45
3921.45
4046.98
4046.98
3158.05
3158.05
4311.28
4311.28
4110.29
4110.29
16.30
16.30
1958.01
1958.01
4043.53
4043.53
13.75
13.75
3911.66
3911.66
23.76
23.76
4179.61
4179.61
4017.92
4017.92
4167.91
4167.91
638.65
638.65
3934.83
3934.83
1838.48
1838.48
16.83
16.83
4037.48
4037.48
3078.09
3078.09
445.22
445.22
4094.97
4094.97
3329.02
3329.02
1840.89
1840.89
1105.57
1105.57
4671.02
4671.02
800.91
800.91
4048.49
4048.49
4196.57
4196.57
3810.49
3810.49
3782.05
3782.05
4394.66
4394.66
3908.55
3908.55
4088.99
4088.99
20.98
20.98
4367.57
4367.57
3968.05
3968.05
3980.51
3980.51
4038.90
4038.90
540.80
540.80
4310.08
4310.08
3939.78
3939.78
4060.90
4060.90
1149.10
1149.10
3823.72
3823.72
816.31
816.31
1373.48
1373.48
2422.04
2422.04
12.97
12.97
4142.33
4142.33
4101.02
4101.02
1961.46
1961.46
2373.06
2373.06
3878.93
3878.93
12.30
12.30
4290.39
4290.39
4201.27
4201.27
4169.73
4169.73
4072.12
4072.12
1593.87
1593.87
4020.33
4020.33
4133.17
4133.17
4156.59
4156.59
4076.52
4076.52
13.40
13.40
4109.02
4109.02
549.50
549.50
785.65
785.65
4155.38
4155.38
1457.66
1457.66
3591.46
3591.46
3724.23
3724.23
4135.14
4135.14
4188.41
4188.41
4146.05
4146.05
14.15
14.15
4290.77
4290.77
4483.70
4483.70
3908.64
3908.64
3845.57
3845.57
3997.57
3997.57
1789.74
1789.74
3885.18
3885.18
3460.01
3460.01
3972.07
3972.07
4275.66
4275.66
4177.04
4177.04
3859.24
3859.24
4053.95
4053.95
4040.37
4040.37
3920.76
3920.76
3843.12
3843.12
4086.83
4086.83
859.63
859.63
3852.61
3852.61
3852.61
3852.61
3620.67
3620.67
14.41
14.41
15.93
15.93
4285.78
4285.78
4070.04
4070.04
724.33
724.33
4356.60
4356.60
1769.38
1769.38
844.29
844.29
4057.69
4057.69
1861.88
1861.88
4257.39
4257.39
4298.47
4298.47
4148.72
4148.72
3915.53
3915.53
3941.94
3941.94
3587.21
3587.21
3914.14
3914.14
4184.60
4184.60
2746.92
2746.92
3844.98
3844.98
3844.98
3844.98
3600.98
3600.98
4533.59
4533.59
4123.00
4123.00
4352.55
4352.55
3990.48
3990.48
4229.76
4229.76
11.98
11.98
11.98
4281.97
4281.97
1662.06
1662.06
1933.81
1933.81
2099.22
2099.22
2112.44
2112.44
4032.78
4032.78
3518.81
3518.81
3869.38
3869.38
36.74
36.74
4083.88
4083.88
3265.95
3265.95
3760.09
3760.09
12.68
12.68
4056.44
4056.44
4179.60
4179.60
4117.93
4117.93
4118.90
4118.90
3969.80
3969.80
3990.05
3990.05
4181.20
4181.20
3432.42
3432.42
4071.60
4071.60
4144.39
4144.39
4182.48
4182.48
32.46
32.46
2445.48
2445.48
3930.88
3930.88
3818.28
3818.28
4105.72
4105.72
951.68
951.68
2111.37
2111.37
4299.06
4299.06
3307.30
3307.30
3306.05
3306.05
3917.80
3917.80
2746.44
2746.44
2808.46
2808.46
4076.68
4076.68
805.05
805.05
1909.04
1909.04
3803.65
3803.65
4015.68
4015.68
12.54
12.54
4005.89
4005.89
3913.82
3913.82
3964.14
3964.14
1707.64
1707.64
3923.00
3923.00
16.83
16.83
3673.79
3673.79
3821.84
3821.84
696.58
696.58
2178.10
2178.10
2486.05
2486.05
3677.28
3677.28
3532.02
3532.02
82.61
82.61
3160.36
3160.36
804.36
804.36
14.26
14.26
2972.36
2972.36
14.21
14.21
3644.60
3644.60
3824.72
3824.72
4277.49
4277.49
2884.70
2884.70
4185.43
4185.43
4351.87
4351.87
299.41
299.41
3955.23
3955.23
4490.70
4490.70
4135.21
4135.21
4095.65
4095.65
763.88
763.88
4209.50
4209.50
1574.58
1574.58
4396.59
4396.59
3880.32
3880.32
13.97
13.97
3755.18
3755.18
348.47
348.47
3882.63
3882.63
3838.70
3838.70
2155.39
2155.39
2484.62
2484.62
4267.70
4267.70
4067.98
4067.98
4224.20
4224.20
796.85
796.85
1541.74
1541.74
4209.76
4209.76
2797.26
2797.26
655.88
655.88
14.76
14.76
4419.32
4419.32
331.90
331.90
4184.16
4184.16
4267.58
4267.58
4302.52
4302.52
4086.05
4086.05
1851.35
1851.35
2149.33
2149.33
4124.94
4124.94
3946.05
3946.05
2410.65
2410.65
775.21
775.21
1454.26
1454.26
12.98
12.98
2617.82
2617.82
3708.60
3708.60
807.87
807.87
3917.15
3917.15
1277.21
1277.21
4158.57
4158.57
4091.54
4091.54
4120.34
4120.34
2351.89
2351.89
4224.63
4224.63
4094.36
4094.36
4349.14
4349.14
2741.70
2741.70
4119.49
4119.49
4216.38
4216.38
4161.15
4161.15
3465.90
3465.90
3271.73
3271.73
3810.66
3810.66
3111.79
3111.79
4185.47
4185.47
4168.19
4168.19
3922.74
3922.74
3555.27
3555.27
4476.90
4476.90
4476.90
4476.90
4476.90
4476.90
4476.90
4476.90
2003.09
2003.09
4402.42
4402.42
1730.52
1730.52
752.54
752.54
12.19
12.19
800.28
800.28
1595.56
1595.56
3894.59
3894.59
4009.97
4009.97
11.74
11.74
4376.07
4376.07
89.39
89.39
777.90
777.90
3889.70
3889.70
3650.68
3650.68
1338.23
1338.23
4455.59
4455.59
3277.28
3277.28
384.96
384.96
1857.26
1857.26
3747.54
3747.54
4339.93
4339.93
806.58
806.58
4017.78
4017.78
4254.03
4254.03
3977.80
3977.80
1706.69
1706.69
384.82
384.82
617.47
617.47
1876.87
1876.87
3499.88
3499.88
2323.19
2323.19
3819.76
3819.76
2851.83
2851.83
14.32
14.32
4190.55
4190.55
2511.77
2511.77
4488.19
4488.19
4083.10
4083.10
4139.38
4139.38
4139.38
4139.38
4139.38
4139.38
3617.37
3617.37
12.30
12.30
1996.19
1996.19
1996.19
1996.19
800.13
800.13
2337.17
2337.17
3905.30
3905.30
4106.28
4106.28
4271.19
4271.19
4271.19
4271.19
4271.19
4271.19
4271.19
4271.19
3832.02
3832.02
4315.53
4315.53
531.25
531.25
1273.24
1273.24
4158.42
4158.42
671.02
671.02
807.95
807.95
4138.88
4138.88
12.52
12.52
1496.80
1496.80
1496.80
1496.80
4353.60
4353.60
3870.08
3870.08
3266.76
3266.76
3664.10
3664.10
3927.13
3927.13
4172.62
4172.62
1757.28
1757.28
1757.28
1757.28
603.28
603.28
3976.27
3976.27
3788.96
3788.96
13.59
13.59
674.29
674.29
4059.83
4059.83
4687.44
4687.44
4101.07
4101.07
4034.60
4034.60
4085.89
4085.89
4085.89
4085.89
811.39
811.39
308.57
308.57
510.50
510.50
469.44
469.44
484.31
484.31
656.66
656.66
1021.13
1021.13
1577.66
1577.66
1974.52
1974.52
2121.09
2121.09
1735.80
1735.80
2308.13
2308.13
1352.91
1352.91
3017.48
3017.48
3350.05
3350.05
3238.29
3238.29
12.11
12.11
911.43
911.43
1747.72
1747.72
1747.72
1747.72
4139.11
4139.11
4180.99
4180.99
4509.57
4509.57
22.47
22.47
13.72
13.72
4209.81
4209.81
4374.11
4374.11
208.81
208.81
2684.34
2684.34
3035.22
3035.22
3191.50
3191.50
2939.26
2939.26
3903.17
3903.17
4235.09
4235.09
15.62
15.62
3883.45
3883.45
4178.52
4178.52
2055.40
2055.40
4317.42
4317.42
36.17
36.17
4327.87
4327.87
4391.22
4391.22
3980.22
3980.22
4274.73
4274.73
696.08
696.08
4274.92
4274.92
2452.89
2452.89
4126.04
4126.04
24.85
24.85
2254.24
2254.24
25.91
25.91
4129.60
4129.60
3927.58
3927.58
4033.76
4033.76
4255.93
4255.93
804.32
804.32
3141.69
3141.69
4191.49
4191.49
4001.21
4001.21
4053.40
4053.40
4053.40
4053.40
4053.40
4053.40
3970.66
3970.66
4106.82
4106.82
4249.46
4249.46
4219.21
4219.21
4053.79
4053.79
494.11
494.11
717.70
717.70
4089.95
4089.95
4076.06
4076.06
4171.20
4171.20
4039.43
4039.43
4039.43
4039.43
4039.43
4039.43
4039.43
4039.43
4039.43
4039.43
791.18
791.18
913.64
913.64
913.64
913.64
921.02
921.02
921.02
921.02
921.02
921.02
921.02
921.02
230.88
230.88
978.70
978.70
1315.57
1315.57
1638.30
1638.30
1380.13
1380.13
2419.08
2419.08
2342.90
2342.90
13.38
13.38
1958.92
1958.92
3621.14
3621.14
3790.37
3790.37
3941.89
3941.89
14.11
14.11
4091.01
4091.01
1769.30
1769.30
1444.66
1444.66
3871.12
3871.12
4239.48
4239.48
128.99
128.99
2073.43
2073.43
2725.97
2725.97
13.73
13.73
2110.13
2110.13
2110.13
2110.13
2110.13
2110.13
2110.13
2110.13
4094.33
4094.33
3544.52
3544.52
4232.80
4232.80
4094.95
4094.95
4096.23
4096.23
1297.35
1297.35
3854.66
3854.66
232.89
232.89
2425.40
2425.40
12.05
12.05
1043.10
1043.10
1007.84
1007.84
4088.71
4088.71
12.27
12.27
3821.86
3821.86
3821.86
3821.86
751.44
751.44
1048.06
1048.06
1048.06
1048.06
1048.06
1048.06
1752.64
1752.64
1752.64
1752.64
3386.01
3386.01
4018.74
4018.74
12.99
12.99
4081.12
4081.12
1018.65
1018.65
4037.96
4037.96
72.18
72.18
3355.32
3355.32
4110.25
4110.25
4110.25
4110.25
4110.25
4110.25
565.38
565.38
13.77
13.77
733.66
733.66
2383.10
2383.10
3934.70
3934.70
4036.29
4036.29
4032.76
4032.76
794.25
794.25
4090.35
4090.35
4090.35
4090.35
4353.40
4353.40
29.28
29.28
12.27
12.27
3920.69
3920.69
523.74
523.74
4026.86
4026.86
4493.83
4493.83
1000.59
1000.59
4092.41
4092.41
11.10
11.10
3207.16
3207.16
2887.32
2887.32
1660.41
1660.41
3615.29
3615.29
22.83
22.83
3678.49
3678.49
1078.49
1078.49
3824.86
3824.86
1187.87
1187.87
3141.92
3141.92
12.39
12.39
3656.30
3656.30
2481.46
2481.46
2530.58
2530.58
4313.53
4313.53
3901.65
3901.65
1836.70
1836.70
2139.41
2139.41
3258.71
3258.71
4124.52
4124.52
47.23
47.23
11.29
11.29
4329.52
4329.52
4124.95
4124.95
4359.41
4359.41
3101.25
3101.25
3467.32
3467.32
611.00
611.00
641.13
641.13
4417.51
4417.51
4375.41
4375.41
3632.57
3632.57
2820.40
2820.40
3894.02
3894.02
15.05
15.05
4099.10
4099.10
781.14
781.14
2178.15
2178.15
4299.59
4299.59
4221.77
4221.77
4337.98
4337.98
3958.19
3958.19
4229.46
4229.46
3577.48
3577.48
4059.57
4059.57
3892.64
3892.64
1902.27
1902.27
4181.37
4181.37
3461.51
3461.51
2218.31
2218.31
4434.23
4434.23
802.12
802.12
3987.55
3987.55
4393.33
4393.33
12.52
12.52
2991.16
2991.16
25.06
25.06
10.00
10.00
829.40
829.40
3008.50
3008.50
865.41
865.41
4227.18
4227.18
3598.14
3598.14
2313.98
2313.98
4204.72
4204.72
14.94
14.94
754.76
754.76
4151.16
4151.16
4136.59
4136.59
4473.88
4473.88
4151.30
4151.30
4055.86
4055.86
849.98
849.98
3793.47
3793.47
4170.89
4170.89
4207.74
4207.74
3425.34
3425.34
14.21
14.21
4433.16
4433.16
3331.82
3331.82
4155.07
4155.07
3049.97
3049.97
4143.73
4143.73
4060.90
4060.90
14.29
14.29
4201.81
4201.81
4362.23
4362.23
4095.06
4095.06
367.89
367.89
4023.53
4023.53
3341.45
3341.45
4223.33
4223.33
4206.92
4206.92
4264.60
4264.60
3866.01
3866.01
165.72
165.72
3396.06
3396.06
4292.78
4292.78
4324.09
4324.09
13.04
13.04
2161.04
2161.04
2161.04
2161.04
3227.23
3227.23
3855.70
3855.70
3703.26
3703.26
1266.95
1266.95
27.78
27.78
14.38
14.38
813.87
813.87
3519.06
3519.06
4091.52
4091.52
4035.57
4035.57
3572.80
3572.80
740.85
740.85
3793.86
3793.86
1611.01
1611.01
1663.43
1663.43
1842.81
1842.81
1842.81
1931.54
1931.54
1132.30
1132.30
4182.60
4182.60
3154.90
3154.90
848.54
848.54
3821.73
3821.73
1409.70
1409.70
3406.39
3406.39
3929.78
3929.78
2810.92
2810.92
3728.77
3728.77
2977.89
2977.89
4038.92
4038.92
4010.95
4010.95
4010.95
4010.95
2038.76
2038.76
863.62
863.62
12.73
12.73
1852.85
1852.85
4502.84
4502.84
3999.82
3999.82
834.77
834.77
18.47
18.47
4109.51
4109.51
3823.38
3823.38
3823.38
3823.38
1992.70
1992.70
1631.23
1631.23
4017.95
4017.95
3993.31
3993.31
3823.32
3823.32
3823.32
3823.32
283.74
283.74
4151.14
4151.14
1072.68
1072.68
4350.09
4350.09
4143.56
4143.56
4509.03
4509.03
646.41
646.41
4209.63
4209.63
26.93
26.93
3766.22
3766.22
4232.36
4232.36
4523.81
4523.81
4055.62
4055.62
4055.62
4055.62
13.67
13.67
3788.35
3788.35
17.75
17.75
4450.63
4450.63
3939.11
3939.11
3939.11
3939.11
3939.11
3939.11
3492.15
3492.15
3841.39
3841.39
4298.88
4298.88
3303.87
3303.87
4150.37
4150.37
1609.35
1609.35
1609.35
1609.35
12.97
12.97
3341.54
3341.54
13.69
13.69
1597.93
1597.93
2420.25
2420.25
4053.83
4053.83
12.96
12.96
802.94
802.94
2079.05
2079.05
4446.60
4446.60
4114.09
4114.09
4194.75
4194.75
4040.96
4040.96
268.56
268.56
3888.23
3888.23
3888.23
3888.23
13.76
13.76
10.17
10.17
4146.21
4146.21
16.77
16.77
4322.16
4322.16
12.19
12.19
1643.08
1643.08
3898.12
3898.12
4001.12
4001.12
3843.83
3843.83
2485.03
2485.03
4364.56
4364.56
3856.65
3856.65
4470.32
4470.32
3329.45
3329.45
3361.75
3361.75
4259.30
4259.30
13.71
13.71
4224.59
4224.59
2312.01
2312.01
2539.54
2539.54
13.48
13.48
792.08
792.08
1657.27
1657.27
4241.31
4241.31
2197.12
2197.12
2197.12
2197.12
2197.12
2197.12
4221.35
4221.35
3665.78
3665.78
3703.08
3703.08
4030.67
4030.67
4030.67
4030.67
2415.74
2415.74
2415.74
2415.74
4417.61
4417.61
4132.46
4132.46
4016.57
4016.57
12.62
12.62
3523.91
3523.91
4409.31
4409.31
796.15
796.15
4108.49
4108.49
3411.40
3411.40
3071.52
3071.52
13.15
13.15
4153.96
4153.96
2968.62
2968.62
3472.19
3472.19
3365.20
3365.20
3757.00
3757.00
3054.16
3054.16
4289.96
4289.96
4312.91
4312.91
4011.33
4011.33
3136.02
3136.02
3959.48
3959.48
4074.84
4074.84
1423.00
1423.00
27.64
27.64
584.09
584.09
3926.02
3926.02
26.31
26.31
3366.74
3366.74
4365.69
4365.69
4365.69
4365.69
4365.69
4365.69
3897.74
3897.74
371.67
371.67
3351.85
3351.85
4388.10
4388.10
4101.74
4101.74
4248.48
4248.48
668.33
668.33
1841.46
1841.46
4090.46
4090.46
726.59
726.59
4280.11
4280.11
12.91
12.91
297.65
297.65
4465.08
4465.08
296.77
296.77
4222.92
4222.92
4131.69
4131.69
4084.09
4084.09
4117.09
4117.09
3069.06
3069.06
1988.77
1988.77
4133.32
4133.32
1139.08
1139.08
4542.44
4542.44
4072.32
4072.32
4072.32
4072.32
4072.32
4072.32
14.91
14.91
4158.72
4158.72
3605.68
3605.68
4163.50
4163.50
4213.03
4213.03
4279.64
4279.64
4301.18
4301.18
26.77
26.77
13.94
13.94
2162.86
2162.86
4161.67
4161.67
4053.61
4053.61
4128.67
4128.67
4255.80
4255.80
13.05
13.05
4084.34
4084.34
3017.69
3017.69
3972.35
3972.35
2040.30
2040.30
4213.57
4213.57
4332.84
4332.84
590.67
590.67
4144.93
4144.93
392.90
392.90
802.69
802.69
3874.51
3874.51
810.39
810.39
2035.29
2035.29
3692.10
3692.10
1302.98
1302.98
3273.39
3273.39
4047.24
4047.24
4437.81
4437.81
4292.19
4292.19
3818.36
3818.36
1022.76
1022.76
4126.03
4126.03
4292.97
4292.97
3196.14
3196.14
4368.23
4368.23
3406.41
3406.41
3959.94
3959.94
3188.43
3188.43
4318.58
4318.58
2804.85
2804.85
983.50
983.50
4102.88
4102.88
3807.96
3807.96
3807.96
3807.96
3348.01
3348.01
3197.44
3197.44
3599.69
3599.69
2594.25
2594.25
3206.01
3206.01
13.12
13.12
4110.60
4110.60
4228.49
4228.49
4258.44
4258.44
3034.09
3034.09
3011.88
3011.88
2766.63
2766.63
2766.63
2766.63
4139.88
4139.88
1201.97
1201.97
2421.54
2421.54
3962.21
3962.21
1704.96
1704.96
1907.69
1907.69
2170.45
2170.45
430.50
430.50
2549.85
2549.85
2549.85
2549.85
2549.85
2549.85
2549.85
2549.85
645.39
645.39
13.53
13.53
1088.64
1088.64
1664.33
1664.33
1453.19
1453.19
1652.39
1652.39
2131.58
2131.58
2617.25
2617.25
2462.95
2462.95
2910.45
2910.45
2740.43
2740.43
3795.29
3795.29
909.33
909.33
252.98
252.98
4149.94
4149.94
4190.63
4190.63
3848.92
3848.92
3406.78
3406.78
3995.31
3995.31
3228.89
3228.89
4401.51
4401.51
3851.34
3851.34
976.31
976.31
2063.80
2063.80
3814.64
3814.64
4141.63
4141.63
1147.61
1147.61
4257.38
4257.38
4121.12
4121.12
4069.09
4069.09
4415.75
4415.75
3356.57
3356.57
3927.25
3927.25
3829.96
3829.96
945.44
945.44
3731.01
3731.01
2616.82
2616.82
4478.11
4478.11
3995.53
3995.53
744.23
744.23
4145.26
4145.26
4057.82
4057.82
4275.69
4275.69
4206.79
4206.79
3309.28
3309.28
13.17
13.17
4274.32
4274.32
25.32
25.32
866.65
866.65
3973.55
3973.55
13.17
13.17
16.73
16.73
2651.12
2651.12
2651.12
2651.12
4032.03
4032.03
4008.19
4008.19
3805.77
3805.77
3673.33
3673.33
10.00
10.00
760.80
760.80
3845.64
3845.64
4276.41
4276.41
4307.46
4307.46
601.08
601.08
4214.53
4214.53
3132.38
3132.38
1310.92
1310.92
3744.32
3744.32
4160.47
4160.47
4244.13
4244.13
13.93
13.93
4256.22
4256.22
4180.15
4180.15
4023.03
4023.03
1781.36
1781.36
4095.33
4095.33
3793.64
3793.64
4149.86
4149.86
12.79
12.79
1778.58
1778.58
1778.58
1778.58
1778.58
1778.58
2083.63
2083.63
3829.04
3829.04
4378.85
4378.85
1639.94
1639.94
4129.18
4129.18
4129.18
4129.18
4129.18
4129.18
4129.18
4129.18
4106.38
4106.38
866.92
866.92
395.40
395.40
3080.73
3080.73
702.77
702.77
4245.36
4245.36
799.88
799.88
3856.80
3856.80
3881.87
3881.87
163.26
163.26
4892.18
4892.18
4396.36
4396.36
4396.36
4396.36
2389.83
2389.83
1574.96
1574.96
4408.48
4408.48
2657.76
2657.76
14.67
14.67
1716.29
1716.29
3919.46
3919.46
4177.59
4177.59
4177.59
4177.59
4315.07
4315.07
2637.65
2637.65
4057.22
4057.22
3009.48
3009.48
4309.28
4309.28
3341.74
3341.74
4370.57
4370.57
4168.45
4168.45
4420.57
4420.57
4007.31
4007.31
4179.43
4179.43
3905.02
3905.02
3275.76
3275.76
1280.06
1280.06
2839.76
2839.76
2844.61
2844.61
2423.24
2423.24
3635.68
3635.68
3070.90
3070.90
2905.37
2905.37
1329.95
1329.95
1178.94
1178.94
3846.79
3846.79
577.01
577.01
4314.23
4314.23
3816.16
3816.16
315.77
315.77
4250.95
4250.95
3862.30
3862.30
3911.13
3911.13
543.60
543.60
174.65
174.65
4128.13
4128.13
3095.58
3095.58
4291.28
4291.28
3022.01
3022.01
4285.01
4285.01
4000.22
4000.22
2849.59
2849.59
4267.67
4267.67
4371.49
4371.49
3448.60
3448.60
4378.93
4378.93
4211.24
4211.24
12.59
12.59
3946.69
3946.69
3946.69
3946.69
2198.82
2198.82
4131.10
4131.10
4131.10
4131.10
4131.10
4131.10
4131.10
14.80
14.80
2069.56
2069.56
4194.42
4194.42
3675.03
3675.03
3675.03
3675.03
3675.03
3675.03
3675.03
3675.03
863.55
863.55
4195.67
4195.67
4364.07
4364.07
4109.20
4109.20
4006.78
4006.78
4264.79
4264.79
2310.74
2310.74
1140.07
1140.07
3211.31
3211.31
197.04
197.04
15.50
15.50
2940.03
2940.03
4126.40
4126.40
4126.40
4126.40
3227.81
3227.81
3805.44
3805.44
4379.93
4379.93
907.65
907.65
3587.17
3587.17
3693.76
3693.76
1279.64
1279.64
4090.87
4090.87
4295.90
4295.90
1863.81
1863.81
3172.83
3172.83
866.39
866.39
914.08
914.08
18.00
18.00
651.89
651.89
4247.20
4247.20
3176.73
3176.73
4175.77
4175.77
4122.53
4122.53
3396.07
3396.07
1997.80
1997.80
2134.14
2134.14
4076.80
4076.80
4296.96
4296.96
4260.17
4260.17
2940.68
2940.68
2666.52
2666.52
2494.23
2494.23
4237.94
4237.94
4133.02
4133.02
3499.05
3499.05
4193.44
4193.44
4101.05
4101.05
3594.69
3594.69
25.63
25.63
3371.97
3371.97
3371.97
3371.97
12.94
12.94
1223.42
1223.42
3430.99
3430.99
1428.72
1428.72
4219.30
4219.30
4290.37
4290.37
3801.62
3801.62
14.35
14.35
3971.70
3971.70
4274.76
4274.76
4284.48
4284.48
1131.99
1131.99
3196.03
3196.03
1369.34
1369.34
4409.89
4409.89
3586.80
3586.80
811.31
811.31
3703.29
3703.29
4229.68
4229.68
4145.59
4145.59
10.00
10.00
4258.26
4258.26
2065.28
2065.28
4044.30
4044.30
3753.51
3753.51
3230.82
3230.82
800.13
800.13
4015.51
4015.51
148.43
148.43
3883.73
3883.73
377.76
377.76
4121.77
4121.77
11.91
11.91
4483.06
4483.06
4410.31
4410.31
1216.10
1216.10
4133.03
4133.03
4140.45
4140.45
832.57
832.57
4206.76
4206.76
4215.01
4215.01
4250.29
4250.29
4305.82
4305.82
2300.72
2300.72
2749.81
2749.81
3822.75
3822.75
4252.66
4252.66
1353.99
1353.99
4166.64
4166.64
3998.97
3998.97
4323.34
4323.34
424.93
424.93
3889.89
3889.89
4252.11
4252.11
703.03
703.03
824.18
824.18
1310.74
1310.74
2407.18
2407.18
1726.00
1726.00
2287.09
2287.09
1981.27
1981.27
503.12
503.12
2955.50
2955.50
3472.46
3472.46
3463.76
3463.76
24.60
24.60
4065.19
4065.19
13.04
13.04
3002.10
3002.10
4166.69
4166.69
11.05
11.05
4041.79
4041.79
117.35
117.35
632.44
632.44
4197.99
4197.99
4230.49
4230.49
3951.39
3951.39
4146.91
4146.91
4209.95
4209.95
13.31
13.31
38.17
38.17
4228.00
4228.00
1200.35
1200.35
3855.73
3855.73
16.69
16.69
4044.83
4044.83
788.22
788.22
2871.00
2871.00
3728.82
3728.82
16.57
16.57
4395.52
4395.52
14.68
14.68
1710.22
1710.22
13.39
13.39
4123.51
4123.51
10.00
10.00
3823.07
3823.07
3550.41
3550.41
3550.41
3550.41
336.92
336.92
2016.81
2016.81
4183.06
4183.06
4183.06
4183.06
4183.06
4183.06
14.09
14.09
667.18
667.18
1368.06
1368.06
3969.61
3969.61
2675.82
2675.82
4289.36
4289.36
3994.81
3994.81
331.02
331.02
4540.94
4540.94
4044.29
4044.29
3827.76
3827.76
12.85
12.85
298.42
298.42
2772.84
2772.84
3816.53
3816.53
804.43
804.43
802.49
802.49
2843.98
2843.98
2955.49
2955.49
4219.54
4219.54
2984.81
2984.81
2457.70
2457.70
4377.34
4377.34
2935.85
2935.85
4406.30
4406.30
4119.57
4119.57
3896.59
3896.59
4031.67
4031.67
4031.67
4031.67
4031.67
4031.67
3877.13
3877.13
1264.96
1264.96
2107.69
2107.69
10.87
10.87
3523.76
3523.76
4187.52
4187.52
3083.31
3083.31
3745.80
3745.80
4242.95
4242.95
2889.94
2889.94
813.03
813.03
44.26
44.26
3219.95
3219.95
1023.96
1023.96
1023.96
1023.96
3876.88
3876.88
4126.97
4126.97
12.61
12.61
4007.41
4007.41
4324.60
4324.60
35.64
35.64
610.15
610.15
3535.48
3535.48
4096.38
4096.38
4073.24
4073.24
4030.17
4030.17
4599.87
4599.87
2501.69
2501.69
861.25
861.25
2155.83
2155.83
2155.83
2155.83
1006.69
1006.69
4243.39
4243.39
4195.65
4195.65
3912.40
3912.40
4178.57
4178.57
2973.26
2973.26
3235.68
3235.68
2847.92
2847.92
4021.62
4021.62
4256.22
4256.22
3777.12
3777.12
3777.12
3777.12
3777.12
3777.12
4019.71
4019.71
3710.73
3710.73
4109.20
4109.20
1591.28
1591.28
3949.90
3949.90
3949.90
3949.90
4250.20
4250.20
2054.37
2054.37
1227.60
1227.60
2194.16
2194.16
1005.96
1005.96
4123.10
4123.10
3873.08
3873.08
3813.26
3813.26
4138.28
4138.28
1127.37
1127.37
3916.21
3916.21
1679.99
1679.99
3084.20
3084.20
4002.81
4002.81
3877.42
3877.42
3877.42
3877.42
884.84
884.84
14.44
14.44
2107.83
2107.83
4262.53
4262.53
16.79
16.79
1759.02
1759.02
2246.58
2246.58
2246.58
2246.58
4104.57
4104.57
3859.26
3859.26
3957.73
3957.73
4033.35
4033.35
4039.04
4039.04
1583.46
1583.46
4141.73
4141.73
1816.11
1816.11
682.65
682.65
3167.99
3167.99
122.49
122.49
1410.26
1410.26
836.96
836.96
1720.10
1720.10
1915.36
1915.36
4080.57
4080.57
1458.41
1458.41
4149.69
4149.69
2062.63
2062.63
796.68
796.68
813.46
813.46
3861.04
3861.04
3861.04
3861.04
2359.19
2359.19
4120.43
4120.43
12.75
12.75
3643.66
3643.66
10.00
10.00
4091.39
4091.39
4129.18
4129.18
3429.43
3429.43
1439.77
1439.77
4070.26
4070.26
3333.36
3333.36
4157.95
4157.95
3419.35
3419.35
3419.35
3419.35
1863.08
1863.08
4007.54
4007.54
3930.80
3930.80
4075.08
4075.08
1352.81
1352.81
4393.70
4393.70
541.55
541.55
3288.88
3288.88
2748.30
2748.30
4164.03
4164.03
12.37
12.37
12.37
4014.96
4014.96
635.97
635.97
3550.57
3550.57
971.39
971.39
3959.49
3959.49
4011.53
4011.53
3882.24
3882.24
4046.34
4046.34
745.41
745.41
3394.47
3394.47
4312.79
4312.79
1968.21
1968.21
716.64
716.64
4282.73
4282.73
3780.92
3780.92
3901.44
3901.44
2482.07
2482.07
3969.09
3969.09
3969.09
3969.09
262.00
262.00
18.43
18.43
25.19
25.19
3848.73
3848.73
3848.73
3848.73
2937.91
2937.91
4093.98
4093.98
4093.98
4093.98
4093.98
4093.98
4071.71
4071.71
14.36
14.36
4069.87
4069.87
13.96
13.96
2804.86
2804.86
4096.07
4096.07
18.48
18.48
4227.93
4227.93
865.41
865.41
1165.51
1165.51
2981.97
2981.97
3649.12
3649.12
91.40
91.40
4280.89
4280.89
4113.07
4113.07
15.30
15.30
2220.11
2220.11
4165.82
4165.82
3812.79
3812.79
4336.29
4336.29
3683.56
3683.56
4257.81
4257.81
4073.95
4073.95
1127.07
1127.07
4282.94
4282.94
3942.44
3942.44
3911.96
3911.96
1472.01
1472.01
3969.71
3969.71
3900.85
3900.85
4250.35
4250.35
3563.05
3563.05
4122.42
4122.42
2108.55
2108.55
3794.14
3794.14
1313.16
1313.16
4210.70
4210.70
849.28
849.28
4375.40
4375.40
4238.58
4238.58
3925.64
3925.64
3925.64
3925.64
752.71
752.71
353.63
353.63
817.21
817.21
3797.72
3797.72
4194.39
4194.39
3912.82
3912.82
726.55
726.55
1100.13
1100.13
4045.52
4045.52
4582.15
4582.15
1239.36
1239.36
3521.47
3521.47
4324.06
4324.06
4567.68
4567.68
4383.45
4383.45
4113.93
4113.93
4301.14
4301.14
34.22
34.22
4457.82
4457.82
3884.11
3884.11
3083.85
3083.85
4136.02
4136.02
2851.07
2851.07
4311.34
4311.34
1255.84
1255.84
12.72
12.72
4437.48
4437.48
1991.02
1991.02
4209.52
4209.52
703.01
703.01
2464.75
2464.75
14.43
14.43
3601.23
3601.23
201.29
201.29
2784.28
2784.28
4154.99
4154.99
2555.05
2555.05
2022.65
2022.65
3693.68
3693.68
27.68
27.68
4065.65
4065.65
16.83
16.83
3675.43
3675.43
3278.04
3278.04
4297.85
4297.85
4178.42
4178.42
4160.31
4160.31
833.13
833.13
4029.70
4029.70
24.06
24.06
3813.22
3813.22
3813.22
3813.22
4090.87
4090.87
4407.20
4407.20
4393.14
4393.14
4418.00
4418.00
25.69
25.69
830.15
830.15
4208.20
4208.20
4375.61
4375.61
3576.38
3576.38
12.38
12.38
1654.03
1654.03
381.01
381.01
4056.48
4056.48
16.81
16.81
4571.29
4571.29
3907.92
3907.92
4137.10
4137.10
4166.45
4166.45
37.18
37.18
2932.57
2932.57
1644.51
1644.51
1598.36
1598.36
4165.47
4165.47
3216.00
3216.00
4101.76
4101.76
3856.48
3856.48
4430.34
4430.34
4012.95
4012.95
3730.39
3730.39
3098.42
3098.42
4434.63
4434.63
4280.56
4280.56
4361.76
4361.76
4408.40
4408.40
14.20
14.20
3604.65
3604.65
4355.06
4355.06
307.39
307.39
3234.62
3234.62
802.37
802.37
4035.21
4035.21
4194.99
4194.99
1173.07
1173.07
18.44
18.44
4346.41
4346.41
24.99
24.99
4148.95
4148.95
4030.17
4030.17
103.50
103.50
459.82
459.82
4210.50
4210.50
800.56
800.56
4267.84
4267.84
803.66
803.66
3880.16
3880.16
56.14
56.14
1961.55
1961.55
3607.92
3607.92
3522.83
3522.83
41.55
41.55
1641.07
1641.07
3762.50
3762.50
3996.03
3996.03
4015.51
4015.51
846.21
846.21
4140.04
4140.04
3878.25
3878.25
4038.11
4038.11
4346.36
4346.36
357.99
357.99
12.12
12.12
1228.11
1228.11
4098.84
4098.84
4232.50
4232.50
4260.13
4260.13
3930.96
3930.96
4350.48
4350.48
839.44
839.44
4439.81
4439.81
3498.60
3498.60
3081.67
3081.67
3973.33
3973.33
787.16
787.16
2017.43
2017.43
2879.17
2879.17
3094.77
3094.77
891.19
891.19
847.61
847.61
4482.37
4482.37
13.62
13.62
4100.59
4100.59
1518.62
1518.62
3877.13
3877.13
2988.04
2988.04
808.15
808.15
4134.56
4134.56
2011.86
2011.86
2785.45
2785.45
1335.37
1335.37
13.74
13.74
2531.64
2531.64
4178.87
4178.87
4089.03
4089.03
4173.79
4173.79
1654.75
1654.75
577.46
577.46
4179.42
4179.42
3422.52
3422.52
4119.53
4119.53
4044.22
4044.22
3270.47
3270.47
1064.68
1064.68
3144.95
3144.95
838.39
838.39
3459.69
3459.69
676.05
676.05
3368.80
3368.80
1840.66
1840.66
14.73
14.73
4361.59
4361.59
4296.48
4296.48
4106.32
4106.32
3963.20
3963.20
4014.40
4014.40
3272.67
3272.67
978.73
978.73
12.87
12.87
3405.52
3405.52
28.79
28.79
2440.43
2440.43
4598.93
4598.93
4270.29
4270.29
2704.78
2704.78
3934.58
3934.58
4361.24
4361.24
14.74
14.74
718.88
718.88
4002.81
4002.81
12.50
12.50
1138.29
1138.29
4307.11
4307.11
2896.97
2896.97
967.57
967.57
11.23
11.23
3655.45
3655.45
25.57
25.57
4370.98
4370.98
4211.36
4211.36
3679.42
3679.42
4116.02
4116.02
1741.88
1741.88
2956.12
2956.12
4231.82
4231.82
857.37
857.37
4336.91
4336.91
13.07
13.07
2661.82
2661.82
12.65
12.65
247.00
247.00
4254.09
4254.09
3904.45
3904.45
2189.25
2189.25
4045.09
4045.09
2902.93
2902.93
4500.44
4500.44
4216.56
4216.56
4046.51
4046.51
3224.91
3224.91
4082.73
4082.73
4415.55
4415.55
1114.70
1114.70
25.43
25.43
18.11
18.11
14.66
14.66
3415.47
3415.47
4157.46
4157.46
4167.88
4167.88
4469.18
4469.18
4267.94
4267.94
2100.43
2100.43
3708.09
3708.09
2523.70
2523.70
4289.56
4289.56
4276.16
4276.16
4515.81
4515.81
14.02
14.02
3428.06
3428.06
4426.82
4426.82
915.99
915.99
4155.02
4155.02
804.35
804.35
3981.74
3981.74
13.96
13.96
2621.00
2621.00
4135.48
4135.48
4056.39
4056.39
4257.54
4257.54
10.42
10.42
2280.03
2280.03
2280.03
2280.03
3534.26
3534.26
3992.24
3992.24
4196.01
4196.01
2250.91
2250.91
3005.62
3005.62
3945.95
3945.95
4166.93
4166.93
2155.01
2155.01
4118.88
4118.88
851.59
851.59
3758.39
3758.39
3758.39
3758.39
3758.39
3758.39
12.49
12.49
804.83
804.83
1257.75
1257.75
2880.81
2880.81
3837.79
3837.79
4232.69
4232.69
3876.75
3876.75
4113.27
4113.27
13.60
13.60
4165.56
4165.56
4177.00
4177.00
3807.17
3807.17
51.22
51.22
1251.56
1251.56
28.18
28.18
804.63
804.63
2837.30
2837.30
13.56
13.56
4001.03
4001.03
4067.62
4067.62
4060.58
4060.58
4060.58
4060.58
4060.58
4060.58
4060.58
4060.58
911.79
911.79
784.37
784.37
2101.72
2101.72
838.57
838.57
1587.48
1587.48
3914.73
3914.73
4275.21
4275.21
1706.18
1706.18
4286.93
4286.93
3965.12
3965.12
12.89
12.89
16.50
16.50
2048.41
2048.41
2048.41
2048.41
2186.15
2186.15
4037.52
4037.52
3304.37
3304.37
4235.60
4235.60
1600.71
1600.71
4508.48
4508.48
857.20
857.20
4303.92
4303.92
329.40
329.40
3361.46
3361.46
4178.91
4178.91
2594.96
2594.96
2338.72
2338.72
13.11
13.11
4122.25
4122.25
4122.25
4122.25
13.53
13.53
959.82
959.82
1404.04
1404.04
2149.12
2149.12
3912.91
3912.91
4242.98
4242.98
3703.90
3703.90
818.40
818.40
4184.40
4184.40
807.02
807.02
4188.18
4188.18
3668.00
3668.00
4310.38
4310.38
4324.29
4324.29
4028.41
4028.41
13.20
13.20
408.74
408.74
12.60
12.60
1699.79
1699.79
4175.56
4175.56
565.34
565.34
4157.77
4157.77
911.61
911.61
3646.28
3646.28
3386.73
3386.73
4072.42
4072.42
802.04
802.04
12.09
12.09
4140.47
4140.47
1282.37
1282.37
4086.12
4086.12
4017.09
4017.09
4065.70
4065.70
797.71
797.71
3973.19
3973.19
34.58
34.58
3680.16
3680.16
4266.49
4266.49
3845.45
3845.45
1298.78
1298.78
2073.85
2073.85
16.61
16.61
4065.52
4065.52
4286.83
4286.83
3829.98
3829.98
4197.19
4197.19
13.65
13.65
268.04
268.04
18.48
18.48
4085.57
4085.57
1495.35
1495.35
313.56
313.56
732.17
732.17
48.26
48.26
1186.50
1186.50
4016.96
4016.96
1873.95
1873.95
3979.12
3979.12
582.24
582.24
1587.13
1587.13
2491.71
2491.71
3451.79
3451.79
4417.11
4417.11
25.04
25.04
4135.14
4135.14
23.93
23.93
4183.11
4183.11
4548.42
4548.42
1054.55
1054.55
3275.11
3275.11
4338.85
4338.85
4118.77
4118.77
4261.61
4261.61
3692.78
3692.78
4267.81
4267.81
27.40
27.40
3455.82
3455.82
4169.34
4169.34
14.52
14.52
12.77
12.77
714.55
714.55
10.00
10.00
873.10
873.10
965.03
965.03
806.12
806.12
1023.09
1023.09
1315.27
1315.27
1704.76
1704.76
1580.12
1580.12
2342.54
2342.54
1673.75
1673.75
779.10
779.10
3013.16
3013.16
2797.86
2797.86
3994.53
3994.53
3999.07
3999.07
3533.56
3533.56
4728.87
4728.87
4445.73
4445.73
2760.55
2760.55
4034.63
4034.63
4543.25
4543.25
2094.04
2094.04
4426.57
4426.57
194.37
194.37
4178.52
4178.52
3818.10
3818.10
4403.21
4403.21
4342.03
4342.03
3041.42
3041.42
3803.76
3803.76
3803.76
4392.50
4392.50
2809.72
2809.72
4125.52
4125.52
2851.82
2851.82
808.89
808.89
4310.43
4310.43
835.17
835.17
12.95
12.95
4237.94
4237.94
3816.04
3816.04
4265.33
4265.33
1490.63
1490.63
4175.75
4175.75
3715.03
3715.03
14.33
14.33
1571.29
1571.29
4257.49
4257.49
4056.26
4056.26
4196.03
4196.03
3983.58
3983.58
2519.47
2519.47
10.58
10.58
3345.05
3345.05
4181.25
4181.25
3906.05
3906.05
841.48
841.48
4122.05
4122.05
4122.05
4122.05
4122.05
4122.05
1982.40
1982.40
3558.32
3558.32
3695.04
3695.04
4130.72
4130.72
16.42
16.42
4071.82
4071.82
4081.59
4081.59
2230.51
2230.51
1282.02
1282.02
2891.67
2891.67
4139.85
4139.85
828.74
828.74
4280.66
4280.66
809.85
809.85
4369.82
4369.82
3674.45
3674.45
1685.95
1685.95
4027.20
4027.20
2671.67
2671.67
2955.73
2955.73
4147.21
4147.21
3960.81
3960.81
4393.05
4393.05
13.68
13.68
4418.52
4418.52
3224.92
3224.92
4332.87
4332.87
4232.92
4232.92
4135.92
4135.92
4269.20
4269.20
872.18
872.18
4061.97
4061.97
4103.97
4103.97
3920.31
3920.31
4156.39
4156.39
3919.91
3919.91
4071.01
4071.01
4268.33
4268.33
4280.62
4280.62
2660.86
2660.86
727.50
727.50
2516.46
2516.46
4360.47
4360.47
3934.95
3934.95
4023.20
4023.20
1328.87
1328.87
3531.44
3531.44
1861.14
1861.14
4122.67
4122.67
3907.41
3907.41
1167.60
1167.60
13.00
13.00
17.15
17.15
1962.31
1962.31
1962.31
1962.31
1962.31
1962.31
2325.82
2325.82
571.15
571.15
4151.75
4151.75
3727.33
3727.33
3906.50
3906.50
3848.77
3848.77
3217.72
3217.72
3217.72
3217.72
3217.72
3217.72
3882.56
3882.56
14.17
14.17
3994.27
3994.27
829.31
829.31
4292.86
4292.86
4059.73
4059.73
4249.38
4249.38
13.47
13.47
792.26
792.26
4257.88
4257.88
4060.17
4060.17
247.74
247.74
4341.83
4341.83
3849.93
3849.93
4080.10
4080.10
3881.64
3881.64
3825.90
3825.90
1123.33
1123.33
3791.95
3791.95
3379.82
3379.82
13.31
13.31
4056.20
4056.20
3700.57
3700.57
4107.02
4107.02
3798.48
3798.48
4342.35
4342.35
3906.55
3906.55
4383.11
4383.11
639.70
639.70
3969.67
3969.67
838.97
838.97
4449.01
4449.01
2845.44
2845.44
2845.44
2845.44
2845.44
2845.44
2845.44
2845.44
2845.44
2845.44
3053.94
3053.94
3022.10
3022.10
4283.11
4283.11
4219.23
4219.23
3979.55
3979.55
3537.80
3537.80
52.88
52.88
1626.50
1626.50
4420.36
4420.36
4066.09
4066.09
3353.65
3353.65
11.45
11.45
1759.02
1759.02
1258.52
1258.52
4314.03
4314.03
13.22
13.22
18.26
18.26
11.68
11.68
2001.81
2001.81
4101.65
4101.65
2897.88
2897.88
3395.50
3395.50
302.11
302.11
3862.71
3862.71
3839.54
3839.54
207.84
207.84
4116.58
4116.58
2434.32
2434.32
4536.65
4536.65
16.51
16.51
4149.58
4149.58
4268.03
4268.03
3948.23
3948.23
3740.75
3740.75
13.61
13.61
10.97
10.97
4570.81
4570.81
1730.61
1730.61
4071.25
4071.25
11.32
11.32
12.75
12.75
16.96
16.96
1802.21
1802.21
4283.69
4283.69
4327.09
4327.09
2440.24
2440.24
3586.28
3586.28
4395.20
4395.20
4359.18
4359.18
4278.96
4278.96
13.93
13.93
3994.91
3994.91
3794.96
3794.96
4167.88
4167.88
3442.22
3442.22
798.31
798.31
3404.56
3404.56
2667.40
2667.40
12.91
12.91
4293.17
4293.17
1781.61
1781.61
4305.05
4305.05
3886.81
3886.81
3857.02
3857.02
4333.76
4333.76
4333.76
4333.76
4053.08
4053.08
4095.46
4095.46
2675.92
2675.92
4247.94
4247.94
4331.89
4331.89
4214.69
4214.69
4360.22
4360.22
3996.61
3996.61
4399.19
4399.19
4220.57
4220.57
4220.57
4220.57
4021.44
4021.44
992.39
992.39
782.91
782.91
2230.93
2230.93
1158.71
1158.71
3953.76
3953.76
4528.14
4528.14
830.08
830.08
806.38
806.38
4247.81
4247.81
3259.18
3259.18
4271.07
4271.07
4271.07
4271.07
117.02
117.02
1071.49
1071.49
4189.60
4189.60
3944.09
3944.09
3280.61
3280.61
4243.93
4243.93
4227.33
4227.33
4227.33
4227.33
797.96
797.96
3055.99
3055.99
3953.65
3953.65
4256.02
4256.02
898.12
898.12
2192.98
2192.98
1997.07
1997.07
3903.01
3903.01
791.60
791.60
4168.23
4168.23
13.58
13.58
100.18
100.18
820.18
820.18
3710.75
3710.75
4151.40
4151.40
3879.69
3879.69
3230.50
3230.50
3186.37
3186.37
3667.44
3667.44
476.90
476.90
2752.12
2752.12
12.32
12.32
3256.55
3256.55
4051.30
4051.30
4190.98
4190.98
1523.80
1523.80
3271.84
3271.84
11.75
11.75
922.02
922.02
4083.86
4083.86
3710.28
3710.28
3695.89
3695.89
4237.10
4237.10
1702.93
1702.93
4117.70
4117.70
4300.13
4300.13
3661.01
3661.01
112.76
112.76
2760.38
2760.38
3891.03
3891.03
3121.24
3121.24
3230.25
3230.25
3877.98
3877.98
830.13
830.13
4165.67
4165.67
2828.26
2828.26
1499.12
1499.12
15.51
15.51
3889.59
3889.59
2703.58
2703.58
2212.90
2212.90
16.11
16.11
3734.11
3734.11
1423.55
1423.55
4395.46
4395.46
2824.10
2824.10
3670.73
3670.73
1228.46
1228.46
3781.47
3781.47
2397.01
2397.01
3792.01
3792.01
3880.55
3880.55
4122.09
4122.09
4452.72
4452.72
4164.85
4164.85
4253.95
4253.95
3829.22
3829.22
800.32
800.32
4043.46
4043.46
4059.31
4059.31
1674.20
1674.20
3055.43
3055.43
4050.60
4050.60
708.49
708.49
27.24
27.24
2624.93
2624.93
4305.87
4305.87
4147.01
4147.01
12.92
12.92
15.00
15.00
3708.80
3708.80
3708.80
3708.80
3439.12
3439.12
3909.25
3909.25
4303.80
4303.80
4038.60
4038.60
28.22
28.22
1214.89
1214.89
1835.33
1835.33
1019.35
1019.35
3590.57
3590.57
3246.56
3246.56
4359.37
4359.37
4095.74
4095.74
715.92
715.92
3549.18
3549.18
829.76
829.76
3996.27
3996.27
4163.74
4163.74
4163.74
4163.74
3844.55
3844.55
3968.36
3968.36
3968.36
3968.36
3968.36
3968.36
1372.20
1372.20
3716.42
3716.42
4065.51
4065.51
1297.89
1297.89
850.22
850.22
11.38
11.38
4345.64
4345.64
376.45
376.45
3857.56
3857.56
827.02
827.02
1704.37
1704.37
4465.23
4465.23
4522.14
4522.14
12.59
12.59
1457.28
1457.28
3942.85
3942.85
832.59
832.59
3495.13
3495.13
1114.58
1114.58
3923.47
3923.47
12.46
12.46
820.32
820.32
820.32
820.32
820.32
820.32
1616.81
1616.81
4041.62
4041.62
2817.34
2817.34
4085.54
4085.54
13.31
13.31
4299.69
4299.69
4190.20
4190.20
3341.09
3341.09
4058.72
4058.72
4075.39
4075.39
2778.92
2778.92
2512.14
2512.14
4089.01
4089.01
4076.80
4076.80
4503.57
4503.57
4102.80
4102.80
871.70
871.70
3948.77
3948.77
1393.14
1393.14
11.80
11.80
2272.75
2272.75
3896.25
3896.25
3385.38
3385.38
829.80
829.80
3132.94
3132.94
4007.51
4007.51
16.54
16.54
3829.12
3829.12
3706.18
3706.18
3730.59
3730.59
786.96
786.96
4064.35
4064.35
3676.77
3676.77
4237.60
4237.60
4092.79
4092.79
2047.61
2047.61
4051.94
4051.94
4187.39
4187.39
1979.66
1979.66
3960.80
3960.80
1489.85
1489.85
2799.11
2799.11
793.66
793.66
14.16
14.16
3942.26
3942.26
815.63
815.63
1583.84
1583.84
3563.88
3563.88
4278.90
4278.90
3976.89
3976.89
4088.82
4088.82
692.06
692.06
2973.61
2973.61
14.07
14.07
4398.19
4398.19
4099.26
4099.26
3914.21
3914.21
4259.81
4259.81
3636.58
3636.58
1374.39
1374.39
4330.44
4330.44
3952.84
3952.84
13.10
13.10
705.88
705.88
4177.27
4177.27
332.19
332.19
2348.56
2348.56
29.25
29.25
4271.86
4271.86
3606.47
3606.47
28.81
28.81
1651.16
1651.16
2075.16
2075.16
50.81
50.81
728.10
728.10
4010.23
4010.23
814.23
814.23
2793.01
2793.01
838.19
838.19
3701.52
3701.52
3904.80
3904.80
774.69
774.69
1805.49
1805.49
4155.36
4155.36
3572.09
3572.09
4162.44
4162.44
498.79
498.79
4156.98
4156.98
3949.33
3949.33
4306.27
4306.27
4053.83
4053.83
3503.56
3503.56
4051.25
4051.25
3874.05
3874.05
4214.98
4214.98
797.90
797.90
4190.41
4190.41
2665.75
2665.75
4018.64
4018.64
4224.64
4224.64
4302.71
4302.71
3807.78
3807.78
3875.74
3875.74
25.68
25.68
942.42
942.42
3304.31
3304.31
3256.97
3256.97
827.65
827.65
1138.68
1138.68
4382.25
4382.25
4158.33
4158.33
1791.14
1791.14
4224.41
4224.41
3948.22
3948.22
13.18
13.18
3816.98
3816.98
4253.32
4253.32
14.00
14.00
2428.89
2428.89
786.79
786.79
4106.63
4106.63
3543.97
3543.97
4121.97
4121.97
4488.68
4488.68
2502.16
2502.16
4275.41
4275.41
2964.76
2964.76
4028.70
4028.70
4357.12
4357.12
4193.41
4193.41
4139.12
4139.12
4345.13
4345.13
3704.69
3704.69
4320.27
4320.27
16.49
16.49
3852.77
3852.77
3598.02
3598.02
102.35
102.35
804.83
804.83
4271.21
4271.21
4145.55
4145.55
4028.10
4028.10
11.06
11.06
11.06
3367.67
3367.67
990.23
990.23
4373.19
4373.19
4009.66
4009.66
4149.33
4149.33
4298.68
4298.68
4066.47
4066.47
823.33
823.33
367.65
367.65
4127.93
4127.93
895.35
895.35
2096.60
2096.60
797.57
797.57
3175.18
3175.18
2551.99
2551.99
3868.86
3868.86
44.33
44.33
3724.99
3724.99
3108.46
3108.46
2828.94
2828.94
3159.59
3159.59
1174.36
1174.36
1284.71
1284.71
3624.11
3624.11
2674.21
2674.21
3724.98
3724.98
3626.15
3626.15
3000.25
3000.25
17.05
17.05
3983.22
3983.22
27.83
27.83
781.61
781.61
4133.91
4133.91
4254.39
4254.39
3480.90
3480.90
4076.06
4076.06
1049.50
1049.50
1441.46
1441.46
12.66
12.66
4212.83
4212.83
1691.40
1691.40
4157.98
4157.98
718.97
718.97
3366.53
3366.53
2854.40
2854.40
4329.17
4329.17
4310.64
4310.64
3448.41
3448.41
3961.65
3961.65
4113.73
4113.73
4082.82
4082.82
4272.34
4272.34
4570.78
4570.78
801.13
801.13
3865.37
3865.37
821.71
821.71
727.91
727.91
3847.22
3847.22
4000.09
4000.09
3966.60
3966.60
2504.52
2504.52
4193.64
4193.64
425.38
425.38
4278.27
4278.27
1636.68
1636.68
4316.31
4316.31
4343.88
4343.88
4025.34
4025.34
1245.74
1245.74
12.68
12.68
915.53
915.53
3291.69
3291.69
3991.34
3991.34
3108.28
3108.28
4163.59
4163.59
4150.96
4150.96
2211.96
2211.96
2908.56
2908.56
3924.97
3924.97
4026.68
4026.68
11.31
11.31
3729.13
3729.13
4058.63
4058.63
2097.17
2097.17
4131.27
4131.27
717.66
717.66
1611.09
1611.09
4151.21
4151.21
4204.71
4204.71
847.03
847.03
3593.57
3593.57
2046.22
2046.22
4129.62
4129.62
4129.62
4129.62
3086.71
3086.71
386.04
386.04
4207.24
4207.24
4207.24
4207.24
11.73
11.73
4037.43
4037.43
4541.42
4541.42
3020.28
3020.28
4182.45
4182.45
842.76
842.76
4188.61
4188.61
10.00
10.00
298.75
298.75
264.07
264.07
4162.80
4162.80
4226.56
4226.56
4478.99
4478.99
383.03
383.03
4151.89
4151.89
4151.89
4151.89
1984.24
1984.24
4383.31
4383.31
1494.14
1494.14
3166.25
3166.25
3994.68
3994.68
4030.03
4030.03
3934.82
3934.82
929.37
929.37
13.31
13.31
1407.35
1407.35
4041.79
4041.79
4245.33
4245.33
13.31
13.31
3895.17
3895.17
3978.76
3978.76
4046.23
4046.23
4046.23
4046.23
3374.78
3374.78
14.16
14.16
2001.81
2001.81
4042.63
4042.63
4139.17
4139.17
26.88
26.88
4096.46
4096.46
2032.80
2032.80
39.73
39.73
25.01
25.01
975.98
975.98
16.62
16.62
1677.82
1677.82
2540.87
2540.87
2769.01
2769.01
2461.58
2461.58
3012.81
3012.81
2891.61
2891.61
3911.16
3911.16
3690.45
3690.45
13.81
13.81
3933.59
3933.59
1246.68
1246.68
16.04
16.04
3452.17
3452.17
3452.17
3452.17
3452.17
3452.17
3452.17
3452.17
3452.17
3452.17
2558.45
2558.45
4033.16
4033.16
3038.23
3038.23
4426.92
4426.92
4079.91
4079.91
359.39
359.39
4456.29
4456.29
4235.77
4235.77
4230.79
4230.79
3012.29
3012.29
12.80
12.80
1935.90
1935.90
23.75
23.75
3941.03
3941.03
1928.97
1928.97
814.48
814.48
1859.38
1859.38
1959.00
1959.00
1959.00
1959.00
1959.00
1959.00
3931.35
3931.35
4483.48
4483.48
4055.14
4055.14
4138.84
4138.84
3974.53
3974.53
3030.82
3030.82
28.05
28.05
4283.33
4283.33
4325.91
4325.91
4284.23
4284.23
4403.97
4403.97
4014.05
4014.05
4014.05
4014.05
4341.30
4341.30
830.10
830.10
3800.66
3800.66
4385.18
4385.18
270.04
270.04
4363.48
4363.48
793.54
793.54
2105.95
2105.95
426.93
426.93
884.84
884.84
4316.94
4316.94
4221.70
4221.70
4150.46
4150.46
1567.24
1567.24
875.02
875.02
4123.90
4123.90
917.15
917.15
4106.69
4106.69
1817.71
1817.71
4107.67
4107.67
4301.67
4301.67
4368.59
4368.59
4042.93
4042.93
2955.10
2955.10
4270.45
4270.45
827.17
827.17
3951.73
3951.73
4412.60
4412.60
4263.63
4263.63
3330.58
3330.58
4067.75
4067.75
2458.11
2458.11
4308.05
4308.05
4023.29
4023.29
12.88
12.88
694.99
694.99
3203.34
3203.34
4510.35
4510.35
4149.38
4149.38
4143.23
4143.23
4143.23
4143.23
4172.72
4172.72
3021.65
3021.65
3971.39
3971.39
4384.78
4384.78
3604.53
3604.53
718.90
718.90
851.91
851.91
4007.69
4007.69
4214.07
4214.07
4214.07
4214.07
12.65
12.65
2065.01
2065.01
892.88
892.88
1752.77
1752.77
3375.78
3375.78
4019.25
4019.25
4055.04
4055.04
4447.47
4447.47
844.95
844.95
28.51
28.51
3808.94
3808.94
13.47
13.47
3515.77
3515.77
737.02
737.02
1206.00
1206.00
1132.12
1132.12
4289.10
4289.10
858.66
858.66
4097.54
4097.54
4239.86
4239.86
2088.18
2088.18
3221.60
3221.60
3215.70
3215.70
4326.86
4326.86
4304.05
4304.05
3847.42
3847.42
4365.90
4365.90
10.00
10.00
2330.18
2330.18
3035.24
3035.24
12.51
12.51
4309.81
4309.81
2019.07
2019.07
4147.95
4147.95
867.55
867.55
3330.46
3330.46
3933.50
3933.50
1912.54
1912.54
4198.53
4198.53
14.62
14.62
590.09
590.09
4207.34
4207.34
4166.67
4166.67
3755.45
3755.45
4136.63
4136.63
4082.64
4082.64
4583.13
4583.13
4583.13
4583.13
3802.67
3802.67
4131.24
4131.24
3098.19
3098.19
3059.38
3059.38
3574.97
3574.97
13.97
13.97
2032.30
2032.30
14.11
14.11
1819.30
1819.30
4197.28
4197.28
1392.85
1392.85
138.01
138.01
13.48
13.48
3928.98
3928.98
4303.02
4303.02
818.22
818.22
1944.51
1944.51
2905.82
2905.82
4016.75
4016.75
3352.01
3352.01
2248.98
2248.98
4198.03
4198.03
863.88
863.88
4146.54
4146.54
3671.79
3671.79
2518.29
2518.29
4539.59
4539.59
14.14
14.14
4257.72
4257.72
4251.36
4251.36
3866.57
3866.57
2278.73
2278.73
3927.20
3927.20
4097.05
4097.05
4396.93
4396.93
4218.35
4218.35
3868.99
3868.99
4170.52
4170.52
12.16
12.16
803.75
803.75
4287.32
4287.32
850.91
850.91
4340.36
4340.36
12.85
12.85
4295.67
4295.67
4392.15
4392.15
838.79
838.79
12.29
12.29
3327.11
3327.11
1328.32
1328.32
4026.80
4026.80
3930.79
3930.79
4084.43
4084.43
26.60
26.60
4165.07
4165.07
3003.59
3003.59
1477.64
1477.64
1074.44
1074.44
3035.42
3035.42
2103.87
2103.87
515.72
515.72
15.36
15.36
1082.50
1082.50
1339.76
1339.76
3505.84
3505.84
3785.32
3785.32
4050.35
4050.35
4188.21
4188.21
1185.33
1185.33
4320.47
4320.47
4452.46
4452.46
2320.02
2320.02
11.78
11.78
4243.68
4243.68
4235.01
4235.01
4220.42
4220.42
4313.80
4313.80
3806.61
3806.61
3606.34
3606.34
15.19
15.19
4015.10
4015.10
4437.97
4437.97
4319.91
4319.91
3188.48
3188.48
4168.11
4168.11
2492.28
2492.28
4260.52
4260.52
4009.53
4009.53
4329.05
4329.05
4198.52
4198.52
4395.45
4395.45
4642.13
4642.13
4314.80
4314.80
1102.26
1102.26
3953.25
3953.25
4444.48
4444.48
12.87
12.87
814.20
814.20
3350.74
3350.74
743.17
743.17
2144.20
2144.20
792.15
792.15
4214.72
4214.72
2955.86
2955.86
3925.49
3925.49
70.07
70.07
4203.43
4203.43
2854.82
2854.82
4223.42
4223.42
3794.99
3794.99
508.24
508.24
790.12
790.12
12.39
12.39
4323.99
4323.99
4158.25
4158.25
4003.58
4003.58
799.86
799.86
1754.76
1754.76
1754.76
3536.31
3536.31
1677.77
1677.77
4273.29
4273.29
345.59
345.59
3071.47
3071.47
2729.53
2729.53
1627.53
1627.53
1560.01
1560.01
295.13
295.13
4240.81
4240.81
10.00
10.00
4216.80
4216.80
14.56
14.56
4038.58
4038.58
4025.47
4025.47
15.99
15.99
2778.77
2778.77
4227.44
4227.44
188.31
188.31
4476.36
4476.36
3813.73
3813.73
4339.41
4339.41
1115.24
1115.24
1253.75
1253.75
945.22
945.22
3847.17
3847.17
3944.17
3944.17
4013.10
4013.10
18.32
18.32
4364.00
4364.00
3486.39
3486.39
2883.52
2883.52
2883.52
2883.52
588.87
588.87
3922.08
3922.08
4087.98
4087.98
4406.41
4406.41
2781.91
2781.91
4405.07
4405.07
3992.57
3992.57
4219.02
4219.02
3856.78
3856.78
4182.96
4182.96
794.86
794.86
3289.88
3289.88
4116.76
4116.76
3931.29
3931.29
4462.50
4462.50
1855.79
1855.79
4027.75
4027.75
2989.96
2989.96
3716.27
3716.27
4459.70
4459.70
4310.29
4310.29
4034.84
4034.84
3915.37
3915.37
4226.36
4226.36
3264.80
3264.80
4268.97
4268.97
2884.67
2884.67
13.77
13.77
3871.33
3871.33
4244.19
4244.19
4159.60
4159.60
4148.53
4148.53
2336.92
2336.92
984.53
984.53
1982.80
1982.80
1982.80
1982.80
960.76
960.76
2204.30
2204.30
4634.42
4634.42
1988.29
1988.29
12.39
12.39
4110.27
4110.27
2361.09
2361.09
4475.23
4475.23
803.71
803.71
12.02
12.02
3368.52
3368.52
4052.86
4052.86
3269.14
3269.14
4065.11
4065.11
4280.20
4280.20
3536.92
3536.92
4374.49
4374.49
1738.69
1738.69
3032.81
3032.81
4019.24
4019.24
4143.57
4143.57
4037.93
4037.93
926.83
926.83
13.67
13.67
2575.78
2575.78
4155.78
4155.78
4174.00
4174.00
3035.64
3035.64
3035.64
3035.64
4049.71
4049.71
4049.71
4049.71
3259.10
3259.10
3124.47
3124.47
3247.85
3247.85
919.72
919.72
1477.91
1477.91
3864.88
3864.88
3245.91
3245.91
4363.73
4363.73
829.04
829.04
4453.57
4453.57
1858.46
1858.46
990.58
990.58
21.69
21.69
2078.20
2078.20
4467.47
4467.47
4397.72
4397.72
680.37
680.37
4534.02
4534.02
3023.34
3023.34
4101.43
4101.43
3577.59
3577.59
1591.66
1591.66
4291.06
4291.06
3441.93
3441.93
2522.25
2522.25
810.53
810.53
1556.39
1556.39
558.12
558.12
3500.51
3500.51
3500.51
3500.51
1549.39
1549.39
3660.22
3660.22
2813.24
2813.24
3577.02
3577.02
13.28
13.28
4003.48
4003.48
4172.69
4172.69
3739.50
3739.50
3966.63
3966.63
4146.98
4146.98
508.94
508.94
4358.66
4358.66
4139.42
4139.42
4292.01
4292.01
4232.22
4232.22
4179.33
4179.33
2478.10
2478.10
4241.07
4241.07
2000.07
2000.07
4152.99
4152.99
13.80
13.80
4185.06
4185.06
4198.67
4198.67
4016.82
4016.82
3846.17
3846.17
2790.17
2790.17
4191.25
4191.25
4103.98
4103.98
3911.24
3911.24
4659.45
4659.45
4251.09
4251.09
1397.16
1397.16
3879.39
3879.39
805.01
805.01
2154.19
2154.19
3922.80
3922.80
4306.78
4306.78
4282.07
4282.07
3741.97
3741.97
4261.11
4261.11
4155.01
4155.01
3800.42
3800.42
3829.16
3829.16
670.44
670.44
4197.98
4197.98
4219.38
4219.38
3958.47
3958.47
4482.81
4482.81
1425.79
1425.79
749.28
749.28
3268.85
3268.85
1179.14
1179.14
3956.46
3956.46
3934.70
3934.70
4407.56
4407.56
2341.12
2341.12
3251.56
3251.56
4221.96
4221.96
4438.41
4438.41
3368.14
3368.14
1879.27
1879.27
4281.71
4281.71
2082.96
2082.96
3153.22
3153.22
4041.81
4041.81
13.82
13.82
1409.83
1409.83
14.48
14.48
18.12
18.12
4314.07
4314.07
4407.94
4407.94
4121.75
4121.75
3945.03
3945.03
3395.51
3395.51
3764.02
3764.02
2558.93
2558.93
1937.71
1937.71
4255.96
4255.96
4270.41
4270.41
4209.49
4209.49
2983.12
2983.12
2145.45
2145.45
4124.35
4124.35
4148.81
4148.81
1925.22
1925.22
11.89
11.89
14.08
14.08
714.19
714.19
4211.39
4211.39
4228.57
4228.57
3914.82
3914.82
1473.14
1473.14
4140.38
4140.38
1235.66
1235.66
2476.88
2476.88
4080.03
4080.03
512.00
512.00
3873.95
3873.95
4164.20
4164.20
3625.51
3625.51
789.96
789.96
13.79
13.79
4444.27
4444.27
13.14
13.14
4112.92
4112.92
1645.49
1645.49
2557.08
2557.08
4385.30
4385.30
4505.27
4505.27
11.82
11.82
798.67
798.67
14.38
14.38
2800.03
2800.03
3864.54
3864.54
4221.23
4221.23
4039.57
4039.57
2399.10
2399.10
2893.68
2893.68
1127.77
1127.77
3808.71
3808.71
889.69
889.69
3289.46
3289.46
4294.99
4294.99
12.43
12.43
1200.76
1200.76
1877.58
1877.58
4019.93
4019.93
4268.29
4268.29
4540.66
4540.66
3415.15
3415.15
4424.27
4424.27
2757.04
2757.04
4060.79
4060.79
4181.88
4181.88
2452.20
2452.20
2507.50
2507.50
12.72
12.72
3426.41
3426.41
1062.36
1062.36
4084.95
4084.95
4167.42
4167.42
3868.05
3868.05
4181.92
4181.92
3562.59
3562.59
4302.58
4302.58
1804.11
1804.11
12.01
12.01
3082.70
3082.70
13.40
13.40
3962.36
3962.36
3653.08
3653.08
4031.77
4031.77
4205.31
4205.31
4289.44
4289.44
2918.98
2918.98
4222.30
4222.30
4250.08
4250.08
3948.16
3948.16
829.39
829.39
707.93
707.93
4257.21
4257.21
4000.28
4000.28
726.91
726.91
4311.05
4311.05
3954.25
3954.25
658.23
658.23
734.53
734.53
4226.72
4226.72
12.49
12.49
3953.16
3953.16
3974.55
3974.55
4086.10
4086.10
3937.27
3937.27
4243.14
4243.14
3881.81
3881.81
16.72
16.72
830.73
830.73
2669.46
2669.46
3877.12
3877.12
828.61
828.61
3950.79
3950.79
3741.91
3741.91
3810.05
3810.05
3921.14
3921.14
3760.72
3760.72
3993.76
3993.76
4271.11
4271.11
1747.05
1747.05
3563.39
3563.39
1289.21
1289.21
3631.04
3631.04
4183.67
4183.67
4110.62
4110.62
3897.19
3897.19
3897.19
3897.19
3897.19
3897.19
4073.53
4073.53
3921.18
3921.18
4082.13
4082.13
27.16
27.16
2116.25
2116.25
3934.74
3934.74
3934.74
3934.74
838.10
838.10
2035.00
2035.00
2077.35
2077.35
804.72
804.72
3771.09
3771.09
3982.54
3982.54
3020.37
3020.37
2856.38
2856.38
3798.17
3798.17
3916.27
3916.27
3916.27
3916.27
12.53
12.53
3904.47
3904.47
2477.07
2477.07
12.63
12.63
544.78
544.78
2153.92
2153.92
2153.92
2153.92
4094.51
4094.51
23.05
23.05
1935.28
1935.28
1935.28
1935.28
1935.28
1935.28
253.86
253.86
3100.22
3100.22
3100.22
14.05
14.05
3772.41
3772.41
3772.41
3772.41
3772.41
3772.41
4166.78
4166.78
12.33
12.33
4386.89
4386.89
4472.30
4472.30
12.72
12.72
4076.49
4076.49
3501.08
3501.08
12.77
12.77
4047.71
4047.71
1442.53
1442.53
3877.56
3877.56
3985.76
3985.76
4181.63
4181.63
566.83
566.83
4359.28
4359.28
14.52
14.52
3006.43
3006.43
4120.65
4120.65
11.45
11.45
3986.19
3986.19
4143.06
4143.06
3777.83
3777.83
4268.51
4268.51
4221.67
4221.67
4182.78
4182.78
11.04
11.04
3645.63
3645.63
4089.29
4089.29
4016.96
4016.96
1221.42
1221.42
3596.44
3596.44
4293.39
4293.39
4208.12
4208.12
4271.90
4271.90
4383.07
4383.07
1236.12
1236.12
2101.71
2101.71
3477.97
3477.97
4259.18
4259.18
4055.04
4055.04
3704.96
3704.96
4187.01
4187.01
4141.77
4141.77
4034.96
4034.96
1062.47
1062.47
2563.69
2563.69
3971.49
3971.49
4186.07
4186.07
4281.31
4281.31
4176.38
4176.38
3946.96
3946.96
1739.59
1739.59
4279.54
4279.54
3933.55
3933.55
3988.00
3988.00
13.62
13.62
11.13
11.13
12.18
12.18
921.24
921.24
1283.36
1283.36
4045.90
4045.90
2065.86
2065.86
4387.93
4387.93
4014.25
4014.25
27.84
27.84
4578.89
4578.89
12.51
12.51
4337.55
4337.55
2689.23
2689.23
2041.20
2041.20
2310.64
2310.64
2709.53
2709.53
2995.07
2995.07
4133.70
4133.70
4001.39
4001.39
4073.58
4073.58
1780.23
1780.23
2103.11
2103.11
2246.36
2246.36
3560.11
3560.11
4197.15
4197.15
4308.41
4308.41
13.13
13.13
4148.76
4148.76
2977.78
2977.78
2210.47
2210.47
4294.44
4294.44
3318.11
3318.11
3048.88
3048.88
4516.37
4516.37
4461.35
4461.35
4260.65
4260.65
4329.64
4329.64
11.67
11.67
3304.07
3304.07
4209.81
4209.81
3985.10
3985.10
4134.54
4134.54
4178.52
4178.52
682.71
682.71
1232.70
1232.70
3221.78
3221.78
4009.58
4009.58
4143.63
4143.63
98.59
98.59
821.20
821.20
2658.87
2658.87
4226.98
4226.98
3870.08
3870.08
3789.08
3789.08
3964.80
3964.80
1551.78
1551.78
3899.25
3899.25
3526.79
3526.79
10.12
10.12
797.84
797.84
13.06
13.06
757.17
757.17
4368.97
4368.97
4133.88
4133.88
4377.34
4377.34
3902.88
3902.88
3872.47
3872.47
3271.14
3271.14
536.54
536.54
3435.12
3435.12
3080.28
3080.28
4119.54
4119.54
2400.80
2400.80
4117.29
4117.29
72.44
72.44
31.68
31.68
874.10
874.10
3749.31
3749.31
3337.78
3337.78
2114.41
2114.41
3420.17
3420.17
3791.38
3791.38
4127.01
4127.01
3982.45
3982.45
1515.58
1515.58
14.38
14.38
681.20
681.20
1240.05
1240.05
4254.57
4254.57
4230.66
4230.66
1029.58
1029.58
12.58
12.58
780.38
780.38
1836.01
1836.01
13.02
13.02
4357.41
4357.41
227.88
227.88
4384.62
4384.62
590.97
590.97
3080.70
3080.70
1123.02
1123.02
2402.01
2402.01
3200.94
3200.94
4307.66
4307.66
4213.56
4213.56
1669.77
1669.77
2937.69
2937.69
1755.44
1755.44
4293.71
4293.71
4230.32
4230.32
3560.50
3560.50
170.37
170.37
3865.50
3865.50
4221.43
4221.43
3847.55
3847.55
3960.68
3960.68
11.74
11.74
4335.82
4335.82
4305.40
4305.40
3258.94
3258.94
4229.01
4229.01
4106.85
4106.85
16.62
16.62
4206.64
4206.64
13.98
13.98
13.42
13.42
932.50
932.50
3156.05
3156.05
13.81
13.81
3907.60
3907.60
4017.99
4017.99
1092.78
1092.78
3416.76
3416.76
4204.30
4204.30
3653.23
3653.23
4267.53
4267.53
3666.93
3666.93
4185.02
4185.02
14.89
14.89
4310.89
4310.89
3848.02
3848.02
809.15
809.15
1807.66
1807.66
3935.01
3935.01
3282.09
3282.09
4217.95
4217.95
3818.64
3818.64
3972.75
3972.75
805.65
805.65
3831.24
3831.24
4422.22
4422.22
781.04
781.04
2206.74
2206.74
4211.20
4211.20
3942.87
3942.87
4071.27
4071.27
801.00
801.00
4245.95
4245.95
597.69
597.69
1151.31
1151.31
860.57
860.57
43.03
43.03
3906.45
3906.45
11.95
11.95
2226.48
2226.48
4322.54
4322.54
4184.56
4184.56
3931.26
3931.26
2542.71
2542.71
4400.92
4400.92
4212.55
4212.55
4190.67
4190.67
4355.19
4355.19
23.93
23.93
1798.30
1798.30
18.32
18.32
756.77
756.77
4088.84
4088.84
708.32
708.32
4138.70
4138.70
4207.29
4207.29
3902.46
3902.46
2955.26
2955.26
1533.32
1533.32
4411.63
4411.63
13.13
13.13
3433.42
3433.42
970.36
970.36
12.78
12.78
13.65
13.65
2528.68
2528.68
850.88
850.88
3805.97
3805.97
3205.73
3205.73
3166.31
3166.31
4114.64
4114.64
2922.78
2922.78
3955.46
3955.46
4181.91
4181.91
4043.70
4043.70
1593.24
1593.24
10.00
10.00
28.00
28.00
3644.12
3644.12
2892.33
2892.33
4169.92
4169.92
3723.52
3723.52
15.14
15.14
4420.92
4420.92
4190.05
4190.05
4082.41
4082.41
29.77
29.77
4250.56
4250.56
4276.03
4276.03
4026.31
4026.31
13.46
13.46
885.52
885.52
3892.75
3892.75
4276.85
4276.85
4077.57
4077.57
1259.71
1259.71
3715.74
3715.74
4299.55
4299.55
3844.21
3844.21
2784.20
2784.20
3723.77
3723.77
298.49
298.49
4062.71
4062.71
4121.76
4121.76
4418.83
4418.83
12.84
12.84
4069.96
4069.96
4054.77
4054.77
4267.16
4267.16
4175.00
4175.00
11.54
11.54
1546.31
1546.31
3343.48
3343.48
13.65
13.65
4045.39
4045.39
4323.92
4323.92
3296.51
3296.51
1843.74
1843.74
3918.43
3918.43
925.56
925.56
4578.97
4578.97
3942.84
3942.84
4278.15
4278.15
4265.05
4265.05
3989.10
3989.10
3978.28
3978.28
804.75
804.75
4055.40
4055.40
2086.88
2086.88
1194.28
1194.28
4357.36
4357.36
4178.99
4178.99
1330.00
1330.00
3883.30
3883.30
4174.48
4174.48
3994.32
3994.32
12.93
12.93
4037.23
4037.23
3046.14
3046.14
3046.14
3046.14
4048.30
4048.30
11.59
11.59
4274.86
4274.86
4043.69
4043.69
4271.99
4271.99
808.92
808.92
4129.44
4129.44
3380.48
3380.48
789.91
789.91
3336.06
3336.06
831.43
831.43
3978.86
3978.86
3166.86
3166.86
369.47
369.47
4130.44
4130.44
3803.72
3803.72
2828.73
2828.73
1198.11
1198.11
4328.50
4328.50
1490.02
1490.02
13.90
13.90
3151.40
3151.40
4556.57
4556.57
4315.97
4315.97
4231.53
4231.53
3525.78
3525.78
4138.15
4138.15
13.35
13.35
14.03
14.03
1691.78
1691.78
2778.34
2778.34
1132.87
1132.87
3541.44
3541.44
3469.25
3469.25
1305.63
1305.63
4233.39
4233.39
799.37
799.37
1166.23
1166.23
4135.84
4135.84
4249.87
4249.87
14.29
14.29
826.27
826.27
4083.42
4083.42
3938.22
3938.22
4010.19
4010.19
4001.69
4001.69
1125.68
1125.68
4385.92
4385.92
4191.66
4191.66
4036.91
4036.91
4146.67
4146.67
4277.58
4277.58
3721.56
3721.56
4394.24
4394.24
14.10
14.10
4432.86
4432.86
4432.86
4432.86
4432.86
4432.86
4432.86
4432.86
1249.04
1249.04
886.58
886.58
3751.12
3751.12
3324.62
3324.62
4122.97
4122.97
2119.40
2119.40
4023.16
4023.16
4311.36
4311.36
168.33
168.33
4115.14
4115.14
11.82
11.82
828.26
828.26
4386.30
4386.30
4114.57
4114.57
4484.83
4484.83
3313.36
3313.36
790.06
790.06
580.61
580.61
4022.09
4022.09
2251.06
2251.06
815.54
815.54
11.81
11.81
11.54
11.54
3147.72
3147.72
4023.47
4023.47
871.48
871.48
4120.11
4120.11
11.65
11.65
4171.76
4171.76
4171.76
4171.76
4356.96
4356.96
4356.75
4356.75
1745.94
1745.94
4115.29
4115.29
2617.65
2617.65
2766.86
2766.86
1579.68
1579.68
4058.14
4058.14
3954.63
3954.63
13.21
13.21
4162.75
4162.75
2444.39
2444.39
4101.38
4101.38
4087.40
4087.40
4189.04
4189.04
4212.99
4212.99
3364.05
3364.05
10.00
10.00
4259.51
4259.51
4270.23
4270.23
4092.94
4092.94
4261.61
4261.61
3440.45
3440.45
492.67
492.67
2591.05
2591.05
4204.03
4204.03
4067.37
4067.37
4158.93
4158.93
347.92
347.92
1253.37
1253.37
4380.60
4380.60
3347.18
3347.18
4277.77
4277.77
3149.68
3149.68
3985.76
3985.76
3992.09
3992.09
4203.87
4203.87
4027.16
4027.16
1643.34
1643.34
1643.34
393.03
393.03
4157.22
4157.22
2829.00
2829.00
1737.87
1737.87
27.92
27.92
4147.76
4147.76
4407.94
4407.94
4140.26
4140.26
3960.64
3960.64
3762.40
3762.40
4116.72
4116.72
3627.64
3627.64
1876.90
1876.90
4017.75
4017.75
4394.66
4394.66
3782.31
3782.31
3993.38
3993.38
24.96
24.96
3843.73
3843.73
3989.22
3989.22
730.76
730.76
3250.22
3250.22
222.81
222.81
4186.70
4186.70
1400.10
1400.10
4251.87
4251.87
3954.50
3954.50
3794.91
3794.91
859.61
859.61
4114.48
4114.48
135.39
135.39
814.80
814.80
365.74
365.74
4514.59
4514.59
3716.74
3716.74
1698.10
1698.10
4552.42
4552.42
404.75
404.75
4178.10
4178.10
4440.48
4440.48
4248.83
4248.83
68.18
68.18
4213.38
4213.38
3910.02
3910.02
3391.75
3391.75
2009.06
2009.06
4262.79
4262.79
4195.00
4195.00
25.59
25.59
3990.16
3990.16
4068.24
4068.24
359.88
359.88
785.25
785.25
446.08
446.08
4172.54
4172.54
3898.86
3898.86
21.76
21.76
4569.80
4569.80
4174.39
4174.39
2668.59
2668.59
4253.21
4253.21
1454.33
1454.33
4285.16
4285.16
3872.92
3872.92
27.55
27.55
4263.70
4263.70
3784.54
3784.54
3748.58
3748.58
3907.31
3907.31
795.68
795.68
4378.51
4378.51
1267.38
1267.38
2368.60
2368.60
4237.85
4237.85
833.10
833.10
4180.48
4180.48
866.73
866.73
11.74
11.74
1169.05
1169.05
594.00
594.00
1909.98
1909.98
1706.48
1706.48
1821.38
1821.38
119.82
119.82
1904.12
1904.12
13.09
13.09
3636.00
3636.00
4196.86
4196.86
4295.16
4295.16
2381.80
2381.80
3155.59
3155.59
3223.92
3223.92
4280.75
4280.75
841.40
841.40
4394.47
4394.47
4353.58
4353.58
31.97
31.97
3854.09
3854.09
3854.09
3854.09
3854.09
3854.09
3854.09
3854.09
4210.06
4210.06
4295.52
4295.52
4096.77
4096.77
3839.20
3839.20
4371.08
4371.08
4203.26
4203.26
4176.71
4176.71
4069.50
4069.50
3634.23
3634.23
4359.48
4359.48
3147.26
3147.26
4223.52
4223.52
1897.05
1897.05
4031.03
4031.03
4031.03
4031.03
3160.80
3160.80
3959.77
3959.77
2998.61
2998.61
192.57
192.57
3742.97
3742.97
4286.42
4286.42
4270.14
4270.14
3153.23
3153.23
3900.99
3900.99
3334.44
3334.44
4366.21
4366.21
3883.91
3883.91
4199.17
4199.17
3847.05
3847.05
4110.10
4110.10
3948.82
3948.82
4247.07
4247.07
2468.26
2468.26
4124.00
4124.00
3082.06
3082.06
4302.38
4302.38
4175.55
4175.55
4125.17
4125.17
4191.35
4191.35
13.24
13.24
4104.49
4104.49
4104.49
4104.49
822.46
822.46
2763.01
2763.01
2145.49
2145.49
4399.76
4399.76
4354.35
4354.35
819.91
819.91
4262.92
4262.92
4140.56
4140.56
4140.56
4140.56
1960.41
1960.41
3960.74
3960.74
3947.71
3947.71
4034.43
4034.43
880.65
880.65
1848.15
1848.15
1828.49
1828.49
4213.48
4213.48
1218.69
1218.69
4223.92
4223.92
3372.30
3372.30
3819.51
3819.51
703.34
703.34
4250.49
4250.49
3968.41
3968.41
3204.55
3204.55
3204.55
3204.55
2964.30
2964.30
3365.22
3365.22
4059.85
4059.85
3081.57
3081.57
1535.51
1535.51
4131.40
4131.40
4209.48
4209.48
2821.00
2821.00
4225.77
4225.77
3998.58
3998.58
4341.16
4341.16
4228.06
4228.06
3884.74
3884.74
2907.57
2907.57
4419.59
4419.59
4425.37
4425.37
3590.83
3590.83
4070.99
4070.99
4086.84
4086.84
12.65
12.65
4055.77
4055.77
2887.85
2887.85
2887.85
2887.85
3288.88
3288.88
3128.71
3128.71
3273.83
3273.83
1252.69
1252.69
4030.12
4030.12
13.65
13.65
541.80
541.80
3904.29
3904.29
3900.30
3900.30
3835.04
3835.04
4209.48
4209.48
4132.71
4132.71
3950.76
3950.76
3830.75
3830.75
4216.86
4216.86
1340.03
1340.03
1506.62
1506.62
2514.33
2514.33
4011.20
4011.20
3791.89
3791.89
373.00
373.00
4329.62
4329.62
3435.99
3435.99
2527.76
2527.76
849.38
849.38
22.81
22.81
3732.98
3732.98
2737.18
2737.18
4130.37
4130.37
4234.38
4234.38
25.31
25.31
3783.33
3783.33
4263.69
4263.69
4043.91
4043.91
4124.45
4124.45
4624.90
4624.90
527.28
527.28
3096.87
3096.87
4435.06
4435.06
3966.97
3966.97
787.36
787.36
4228.79
4228.79
3906.34
3906.34
3847.72
3847.72
4144.99
4144.99
4278.38
4278.38
23.11
23.11
4190.98
4190.98
4195.09
4195.09
4367.16
4367.16
3828.85
3828.85
3822.61
3822.61
1022.46
1022.46
3808.89
3808.89
4193.99
4193.99
4301.54
4301.54
3980.87
3980.87
4328.09
4328.09
3879.63
3879.63
2477.61
2477.61
3801.64
3801.64
1547.49
1547.49
12.12
12.12
4232.39
4232.39
4001.66
4001.66
4164.04
4164.04
4134.42
4134.42
4335.19
4335.19
3845.20
3845.20
1020.32
1020.32
3166.70
3166.70
3817.49
3817.49
4151.13
4151.13
4357.33
4357.33
4313.50
4313.50
943.12
943.12
14.17
14.17
2369.29
2369.29
4128.77
4128.77
1492.47
1492.47
322.76
322.76
4330.34
4330.34
3877.87
3877.87
2507.43
2507.43
3970.90
3970.90
352.23
352.23
4132.48
4132.48
4327.90
4327.90
836.71
836.71
3388.68
3388.68
3939.43
3939.43
3127.15
3127.15
2220.51
2220.51
4243.42
4243.42
2082.41
2082.41
4022.63
4022.63
4147.80
4147.80
206.65
206.65
4133.19
4133.19
4162.05
4162.05
3887.06
3887.06
11.73
11.73
4344.38
4344.38
3962.92
3962.92
4231.37
4231.37
3806.11
3806.11
4130.13
4130.13
3736.27
3736.27
4249.74
4249.74
182.64
182.64
1912.54
1912.54
3485.62
3485.62
3623.63
3623.63
4260.70
4260.70
2278.09
2278.09
4171.53
4171.53
3156.24
3156.24
13.12
13.12
4151.55
4151.55
4252.85
4252.85
3034.61
3034.61
12.22
12.22
1065.82
1065.82
59.51
59.51
4541.90
4541.90
3720.95
3720.95
3766.02
3766.02
3577.30
3577.30
4272.57
4272.57
830.85
830.85
25.96
25.96
1343.29
1343.29
2594.02
2594.02
4252.57
4252.57
2342.43
2342.43
812.68
812.68
14.25
14.25
3494.70
3494.70
2281.27
2281.27
3445.88
3445.88
1417.08
1417.08
2710.73
2710.73
4195.71
4195.71
3777.76
3777.76
4197.79
4197.79
4452.42
4452.42
3767.85
3767.85
4199.55
4199.55
1018.76
1018.76
2416.85
2416.85
4232.09
4232.09
4002.42
4002.42
571.42
571.42
4211.28
4211.28
3755.28
3755.28
823.37
823.37
2547.20
2547.20
4216.36
4216.36
4253.36
4253.36
4008.44
4008.44
1115.53
1115.53
50.30
50.30
3164.22
3164.22
41.03
41.03
4049.10
4049.10
863.42
863.42
4276.22
4276.22
1933.11
1933.11
4033.29
4033.29
4011.21
4011.21
3837.48
3837.48
3872.57
3872.57
4474.01
4474.01
12.51
12.51
2913.30
2913.30
1499.63
1499.63
13.53
13.53
4072.55
4072.55
3897.67
3897.67
1030.45
1030.45
1679.91
1679.91
3995.74
3995.74
2457.35
2457.35
1182.27
1182.27
4325.74
4325.74
4010.67
4010.67
4379.50
4379.50
2187.07
2187.07
3835.36
3835.36
33.90
33.90
4456.28
4456.28
1706.94
1706.94
73.17
73.17
12.96
12.96
3791.33
3791.33
846.76
846.76
3506.16
3506.16
4178.85
4178.85
844.74
844.74
2286.54
2286.54
4327.85
4327.85
3596.95
3596.95
4253.31
4253.31
1335.29
1335.29
3848.33
3848.33
1894.78
1894.78
3803.74
3803.74
12.04
12.04
3262.73
3262.73
4307.42
4307.42
3495.51
3495.51
4185.46
4185.46
4115.80
4115.80
16.75
16.75
4209.21
4209.21
4264.94
4264.94
2898.97
2898.97
973.85
973.85
3681.18
3681.18
2002.19
2002.19
809.82
809.82
2832.28
2832.28
4493.85
4493.85
1193.76
1193.76
1281.71
1281.71
1019.73
1019.73
3937.99
3937.99
2249.21
2249.21
15.60
15.60
4016.47
4016.47
4016.47
4184.61
4184.61
4200.84
4200.84
3992.33
3992.33
2041.13
2041.13
1208.23
1208.23
3917.83
3917.83
422.85
422.85
10.52
10.52
3873.90
3873.90
4214.09
4214.09
811.15
811.15
4013.25
4013.25
3928.22
3928.22
1938.02
1938.02
3405.89
3405.89
3546.78
3546.78
4045.05
4045.05
513.72
513.72
4217.37
4217.37
3438.03
3438.03
4472.46
4472.46
4299.84
4299.84
2622.18
2622.18
876.69
876.69
4590.26
4590.26
4145.58
4145.58
4221.71
4221.71
3684.66
3684.66
4372.06
4372.06
4081.16
4081.16
13.59
13.59
1793.34
1793.34
2032.76
2032.76
841.50
841.50
2709.26
2709.26
4126.37
4126.37
24.31
24.31
1589.32
1589.32
3335.31
3335.31
1620.73
1620.73
4618.85
4618.85
3296.31
3296.31
4202.78
4202.78
18.51
18.51
3868.30
3868.30
4086.12
4086.12
3997.77
3997.77
3514.38
3514.38
3599.56
3599.56
3756.48
3756.48
2644.86
2644.86
3762.09
3762.09
803.32
803.32
2322.99
2322.99
4215.45
4215.45
16.47
16.47
215.42
215.42
27.23
27.23
12.07
12.07
4416.91
4416.91
4258.96
4258.96
4243.62
4243.62
4592.37
4592.37
4270.05
4270.05
4450.72
4450.72
4357.87
4357.87
3946.92
3946.92
4225.14
4225.14
3035.39
3035.39
3198.97
3198.97
4156.27
4156.27
4344.98
4344.98
3813.92
3813.92
4113.01
4113.01
4264.02
4264.02
3875.39
3875.39
803.02
803.02
1555.84
1555.84
3172.82
3172.82
3864.63
3864.63
4330.02
4330.02
3136.72
3136.72
2911.59
2911.59
4023.68
4023.68
4430.04
4430.04
25.60
25.60
1450.34
1450.34
733.77
733.77
4099.85
4099.85
3546.30
3546.30
4294.29
4294.29
3961.65
3961.65
4142.11
4142.11
4410.39
4410.39
4360.08
4360.08
4234.38
4234.38
3040.70
3040.70
4002.22
4002.22
2150.26
2150.26
809.02
809.02
3686.82
3686.82
4230.51
4230.51
4193.76
4193.76
3902.73
3902.73
4292.41
4292.41
4440.28
4440.28
14.17
14.17
4260.49
4260.49
3949.17
3949.17
4253.35
4253.35
4219.03
4219.03
4138.82
4138.82
4307.01
4307.01
3836.81
3836.81
3836.81
3836.81
4310.18
4310.18
3892.47
3892.47
4286.72
4286.72
4380.89
4380.89
832.34
832.34
25.16
25.16
4051.25
4051.25
15.46
15.46
3287.58
3287.58
4390.41
4390.41
4035.60
4035.60
4095.95
4095.95
4065.06
4065.06
4301.61
4301.61
4301.61
4301.61
4237.29
4237.29
3170.32
3170.32
4107.76
4107.76
2807.49
2807.49
3963.01
3963.01
4296.28
4296.28
1804.01
1804.01
3680.74
3680.74
3063.88
3063.88
4092.36
4092.36
4309.44
4309.44
806.60
806.60
3938.17
3938.17
13.23
13.23
1851.78
1851.78
4448.97
4448.97
4399.13
4399.13
3543.59
3543.59
4040.13
4040.13
2380.28
2380.28
4136.43
4136.43
683.96
683.96
2011.83
2011.83
1437.13
1437.13
4225.20
4225.20
3737.56
3737.56
12.38
12.38
3967.21
3967.21
793.80
793.80
4255.05
4255.05
3201.03
3201.03
1889.89
1889.89
46.84
46.84
3954.56
3954.56
3985.70
3985.70
1573.96
1573.96
3782.37
3782.37
13.18
13.18
3562.93
3562.93
4294.93
4294.93
852.12
852.12
3996.42
3996.42
2169.61
2169.61
3107.63
3107.63
1166.46
1166.46
4234.74
4234.74
1773.06
1773.06
4314.00
4314.00
4161.61
4161.61
4267.86
4267.86
3853.67
3853.67
3024.95
3024.95
296.58
296.58
3290.91
3290.91
1408.72
1408.72
4147.53
4147.53
3995.52
3995.52
626.40
626.40
1909.83
1909.83
1909.83
1909.83
344.70
344.70
1696.47
1696.47
2046.61
2046.61
2046.61
2046.61
2046.61
2046.61
2083.04
2083.04
2083.04
2083.04
2083.04
2083.04
2083.04
2083.04
2083.04
2083.04
2083.04
2083.04
2083.04
2083.04
2083.04
2083.04
2083.04
2083.04
2083.04
2083.04
4241.43
4241.43
17.91
17.91
4043.54
4043.54
1086.59
1086.59
1086.59
1086.59
1576.59
1576.59
45.03
45.03
3971.93
3971.93
789.80
789.80
3179.28
3179.28
3772.14
3772.14
13.27
13.27
405.27
405.27
843.69
843.69
1393.48
1393.48
1393.48
1393.48
4330.76
4330.76
4199.31
4199.31
4100.19
4100.19
3503.07
3503.07
799.30
799.30
898.09
898.09
1036.73
1036.73
2077.12
2077.12
1477.85
1477.85
3208.01
3208.01
4023.13
4023.13
4142.13
4142.13
3283.90
3283.90
3944.63
3944.63
3377.18
3377.18
3988.03
3988.03
3988.03
3988.03
3988.03
3988.03
855.05
855.05
3871.57
3871.57
3871.57
3871.57
3871.57
3871.57
3984.96
3984.96
4450.24
4450.24
4240.72
4240.72
12.49
12.49
1726.33
1726.33
3440.78
3440.78
4239.48
4239.48
3006.93
3006.93
827.15
827.15
1929.82
1929.82
4099.99
4099.99
4248.45
4248.45
13.92
13.92
2371.04
2371.04
154.81
154.81
3812.40
3812.40
3271.80
3271.80
4135.04
4135.04
3962.94
3962.94
3774.96
3774.96
3865.79
3865.79
355.48
355.48
4127.27
4127.27
28.26
28.26
3933.08
3933.08
4359.40
4359.40
4422.78
4422.78
4037.64
4037.64
4425.98
4425.98
4297.86
4297.86
852.92
852.92
11.48
11.48
840.97
840.97
3172.85
3172.85
3931.02
3931.02
4263.95
4263.95
26.92
26.92
4160.13
4160.13
4092.63
4092.63
4267.26
4267.26
2686.48
2686.48
4441.51
4441.51
4167.65
4167.65
2544.38
2544.38
4141.21
4141.21
479.26
479.26
235.98
235.98
3586.70
3586.70
4193.06
4193.06
2916.57
2916.57
4431.56
4431.56
4038.95
4038.95
4372.57
4372.57
3908.10
3908.10
4308.90
4308.90
3910.55
3910.55
3618.12
3618.12
4246.07
4246.07
3510.38
3510.38
884.64
884.64
4215.72
4215.72
1517.59
1517.59
12.42
12.42
868.73
868.73
25.22
25.22
4331.56
4331.56
4346.85
4346.85
4285.88
4285.88
4122.89
4122.89
4066.41
4066.41
14.43
14.43
85.89
85.89
2336.45
2336.45
4186.73
4186.73
4149.09
4149.09
869.55
869.55
3597.32
3597.32
4333.70
4333.70
4377.33
4377.33
2588.41
2588.41
4074.61
4074.61
63.67
63.67
2942.59
2942.59
4296.00
4296.00
4259.82
4259.82
4290.95
4290.95
3880.87
3880.87
4333.29
4333.29
4253.39
4253.39
3965.39
3965.39
4238.14
4238.14
4209.77
4209.77
1770.40
1770.40
10.54
10.54
3971.26
3971.26
4546.77
4546.77
4160.87
4160.87
821.36
821.36
4132.06
4132.06
4275.87
4275.87
3233.35
3233.35
3345.85
3345.85
4094.88
4094.88
4103.71
4103.71
4242.94
4242.94
328.93
328.93
3543.83
3543.83
4367.57
4367.57
3976.18
3976.18
4422.30
4422.30
645.71
645.71
1160.20
1160.20
602.26
602.26
4179.42
4179.42
762.15
762.15
4111.12
4111.12
13.87
13.87
4441.14
4441.14
1345.82
1345.82
2772.20
2772.20
3755.51
3755.51
4224.51
4224.51
4536.43
4536.43
2245.17
2245.17
3013.07
3013.07
3806.33
3806.33
4117.70
4117.70
4260.96
4260.96
2728.58
2728.58
1714.40
1714.40
753.89
753.89
714.08
714.08
2636.24
2636.24
799.94
799.94
3965.86
3965.86
3196.11
3196.11
4266.78
4266.78
4281.02
4281.02
4527.86
4527.86
3144.29
3144.29
4160.30
4160.30
3854.95
3854.95
4189.65
4189.65
4116.24
4116.24
867.20
867.20
3987.91
3987.91
3055.24
3055.24
4557.42
4557.42
4147.60
4147.60
4441.87
4441.87
3843.26
3843.26
1540.73
1540.73
3858.20
3858.20
13.96
13.96
4173.96
4173.96
12.55
12.55
3977.84
3977.84
4112.67
4112.67
1583.02
1583.02
4299.70
4299.70
3994.93
3994.93
10.91
10.91
4367.67
4367.67
25.07
25.07
794.99
794.99
11.37
11.37
4169.72
4169.72
470.34
470.34
4183.84
4183.84
4233.33
4233.33
3803.03
3803.03
4259.34
4259.34
4171.42
4171.42
4059.61
4059.61
3502.50
3502.50
4356.54
4356.54
3895.94
3895.94
4034.25
4034.25
4607.73
4607.73
3965.40
3965.40
4137.45
4137.45
4190.34
4190.34
4207.98
4207.98
4157.20
4157.20
3848.16
3848.16
3848.16
3848.16
307.36
307.36
4067.89
4067.89
1821.33
1821.33
13.51
13.51
4217.20
4217.20
1553.69
1553.69
4309.15
4309.15
4309.15
4309.15
3918.81
3918.81
13.94
13.94
4123.28
4123.28
4098.91
4098.91
4257.93
4257.93
4276.92
4276.92
4458.18
4458.18
4194.11
4194.11
12.73
12.73
4331.03
4331.03
4142.70
4142.70
3802.46
3802.46
4016.77
4016.77
14.04
14.04
3988.71
3988.71
3716.71
3716.71
31.71
31.71
4117.95
4117.95
4198.37
4198.37
1094.58
1094.58
4000.09
4000.09
4134.31
4134.31
4235.59
4235.59
4200.61
4200.61
4282.53
4282.53
4340.29
4340.29
4197.38
4197.38
279.26
279.26
4024.56
4024.56
4448.08
4448.08
3988.16
3988.16
12.14
12.14
3228.74
3228.74
4137.97
4137.97
3378.76
3378.76
14.87
14.87
4447.56
4447.56
900.18
900.18
4257.42
4257.42
4251.92
4251.92
1452.08
1452.08
4343.93
4343.93
4189.44
4189.44
3867.56
3867.56
2911.32
2911.32
4408.61
4408.61
3962.68
3962.68
3685.33
3685.33
3685.33
10.00
10.00
4527.40
4527.40
4378.44
4378.44
4020.27
4020.27
4043.30
4043.30
1392.69
1392.69
956.77
956.77
13.72
13.72
1294.39
1294.39
2183.28
2183.28
13.45
13.45
1562.57
1562.57
3310.10
3310.10
4177.35
4177.35
4045.98
4045.98
1304.22
1304.22
4081.24
4081.24
466.30
466.30
13.23
13.23
564.29
564.29
781.34
781.34
1976.74
1976.74
3910.19
3910.19
4048.33
4048.33
3692.42
3692.42
4138.56
4138.56
4204.11
4204.11
4287.10
4287.10
4300.77
4300.77
3876.50
3876.50
1191.59
1191.59
216.70
216.70
3792.31
3792.31
4089.68
4089.68
3462.76
3462.76
4228.74
4228.74
20.54
20.54
4191.83
4191.83
2114.87
2114.87
405.50
405.50
4024.35
4024.35
1970.17
1970.17
4152.90
4152.90
4176.19
4176.19
785.53
785.53
12.64
12.64
12.01
12.01
4112.80
4112.80
384.13
384.13
3538.63
3538.63
2224.50
2224.50
4317.56
4317.56
3772.35
3772.35
648.08
648.08
13.56
13.56
4233.39
4233.39
26.80
26.80
4015.25
4015.25
3083.66
3083.66
4339.91
4339.91
3644.68
3644.68
4432.43
4432.43
4255.34
4255.34
4198.40
4198.40
16.10
16.10
1694.43
1694.43
4431.81
4431.81
3953.98
3953.98
2279.75
2279.75
3747.72
3747.72
4269.57
4269.57
3945.77
3945.77
12.48
12.48
4418.24
4418.24
4418.24
4418.24
11.09
11.09
3933.60
3933.60
3401.05
3401.05
4171.81
4171.81
268.56
268.56
4449.33
4449.33
3915.69
3915.69
4079.17
4079.17
3510.88
3510.88
608.13
608.13
15.09
15.09
4182.64
4182.64
14.09
14.09
16.36
16.36
4066.54
4066.54
845.03
845.03
3913.95
3913.95
3727.34
3727.34
4316.20
4316.20
4472.78
4472.78
13.91
13.91
4549.08
4549.08
13.11
13.11
2398.56
2398.56
37.21
37.21
3517.17
3517.17
12.51
12.51
13.62
13.62
13.62
623.11
1536.81
1536.81
1332.53
1332.53
2041.40
2041.40
2242.53
2242.53
2832.84
2832.84
811.45
811.45
14.50
14.50
3391.58
3391.58
3866.73
3866.73
3042.55
3042.55
13.23
13.23
659.91
659.91
4155.96
4155.96
3977.39
3977.39
4106.94
4106.94
2607.53
2607.53
4126.63
4126.63
3870.01
3870.01
1093.46
1093.46
2655.62
2655.62
4417.28
4417.28
570.24
570.24
838.38
838.38
2228.21
2228.21
4341.93
4341.93
3413.11
3413.11
3948.80
3948.80
3575.66
3575.66
4266.62
4266.62
14.41
14.41
2151.17
2151.17
4003.59
4003.59
3041.10
3041.10
10.00
10.00
802.90
802.90
43.40
43.40
2599.49
2599.49
4168.77
4168.77
4326.72
4326.72
876.55
876.55
2584.33
2584.33
13.26
13.26
1583.83
1583.83
4166.66
4166.66
3784.73
3784.73
23.21
23.21
3941.65
3941.65
4574.72
4574.72
3060.76
3060.76
3358.69
3358.69
3939.17
3939.17
695.87
695.87
3859.65
3859.65
4351.94
4351.94
3972.86
3972.86
882.20
882.20
1093.69
1093.69
2484.37
2484.37
4375.70
4375.70
3159.73
3159.73
4148.95
4148.95
3582.50
3582.50
4200.57
4200.57
13.72
13.72
4217.03
4217.03
2865.29
2865.29
4234.53
4234.53
14.37
14.37
4076.11
4076.11
4259.74
4259.74
4455.67
4455.67
4380.78
4380.78
3256.73
3256.73
4045.59
4045.59
13.16
13.16
1726.59
1726.59
4459.81
4459.81
3990.38
3990.38
3552.01
3552.01
3827.73
3827.73
4363.98
4363.98
783.86
783.86
4083.52
4083.52
4155.78
4155.78
4266.82
4266.82
3776.22
3776.22
4184.07
4184.07
16.04
16.04
4311.68
4311.68
3249.02
3249.02
4152.07
4152.07
1346.51
1346.51
367.55
367.55
804.21
804.21
4006.02
4006.02
3077.09
3077.09
3906.34
3906.34
3906.34
3906.34
3835.95
3835.95
3903.76
3903.76
4274.50
4274.50
4447.94
4447.94
2326.31
2326.31
12.98
12.98
3812.39
3812.39
1275.84
1275.84
4369.81
4369.81
2083.65
2083.65
843.52
843.52
4112.06
4112.06
3679.47
3679.47
2248.68
2248.68
4135.30
4135.30
2299.93
2299.93
4315.88
4315.88
12.84
12.84
1431.70
1431.70
2317.52
2317.52
1222.54
1222.54
1222.54
1222.54
3959.10
3959.10
3712.67
3712.67
3982.03
3982.03
4193.11
4193.11
4316.06
4316.06
4316.06
4316.06
2153.38
2153.38
3916.66
3916.66
3904.98
3904.98
3806.71
3806.71
2178.00
2178.00
4110.66
4110.66
4074.47
4074.47
4259.51
4259.51
1235.38
1235.38
3977.98
3977.98
1344.71
1344.71
3838.03
3838.03
353.20
353.20
1488.59
1488.59
13.55
13.55
1904.25
1904.25
1780.69
1780.69
792.90
792.90
815.57
815.57
4331.17
4331.17
530.16
530.16
615.69
615.69
13.29
13.29
18.40
18.40
4108.22
4108.22
4063.55
4063.55
4340.25
4340.25
4396.70
4396.70
3845.24
3845.24
4476.19
4476.19
1428.01
1428.01
1564.96
1564.96
4085.16
4085.16
3642.00
3642.00
1868.39
1868.39
4317.07
4317.07
1557.38
1557.38
4131.41
4131.41
4565.90
4565.90
4285.30
4285.30
3903.71
3903.71
4070.92
4070.92
912.00
912.00
2090.46
2090.46
2481.87
2481.87
4174.40
4174.40
11.29
11.29
4188.87
4188.87
4431.67
4431.67
3108.43
3108.43
12.47
12.47
12.52
12.52
4319.25
4319.25
4307.67
4307.67
798.30
798.30
3511.37
3511.37
11.91
11.91
1032.74
1032.74
4054.82
4054.82
14.15
14.15
4206.59
4206.59
4235.45
4235.45
4231.05
4231.05
4014.17
4014.17
250.60
250.60
3942.51
3942.51
3102.26
3102.26
1460.33
1460.33
4099.65
4099.65
3535.88
3535.88
3878.81
3878.81
2441.74
2441.74
4215.94
4215.94
3945.38
3945.38
4052.93
4052.93
2939.64
2939.64
4184.66
4184.66
4043.24
4043.24
4053.49
4053.49
3999.26
3999.26
4289.70
4289.70
16.64
16.64
4147.76
4147.76
4098.74
4098.74
4175.91
4175.91
3465.16
3465.16
4399.41
4399.41
796.84
796.84
4081.13
4081.13
4352.98
4352.98
4200.49
4200.49
3638.90
3638.90
39.09
39.09
4337.02
4337.02
4137.05
4137.05
3766.24
3766.24
4223.10
4223.10
4178.11
4178.11
12.53
12.53
3500.41
3500.41
4501.52
4501.52
4068.55
4068.55
779.49
779.49
11.51
11.51
4342.93
4342.93
10.40
10.40
1317.94
1317.94
4164.62
4164.62
32.35
32.35
4075.58
4075.58
3325.16
3325.16
4137.79
4137.79
1465.57
1465.57
1093.85
1093.85
24.17
24.17
3994.73
3994.73
214.80
214.80
4150.61
4150.61
4101.94
4101.94
4344.95
4344.95
4300.45
4300.45
844.01
844.01
3938.90
3938.90
4007.83
4007.83
3420.16
3420.16
1989.99
1989.99
3816.34
3816.34
4234.80
4234.80
4170.55
4170.55
4667.02
4667.02
3959.01
3959.01
1819.34
1819.34
4332.46
4332.46
4448.54
4448.54
3422.20
3422.20
3643.80
3643.80
2957.12
2957.12
3307.71
3307.71
4294.48
4294.48
4240.67
4240.67
4104.22
4104.22
4091.93
4091.93
4291.39
4291.39
792.21
792.21
2224.04
2224.04
14.22
14.22
4131.96
4131.96
2120.12
2120.12
3580.80
3580.80
441.57
441.57
3667.80
3667.80
4124.03
4124.03
813.18
813.18
3565.38
3565.38
681.30
681.30
4285.23
4285.23
4331.20
4331.20
4175.61
4175.61
36.80
36.80
4324.86
4324.86
4377.77
4377.77
364.40
364.40
2667.38
2667.38
4018.03
4018.03
803.96
803.96
4228.72
4228.72
4417.55
4417.55
13.39
13.39
4119.68
4119.68
864.30
864.30
2764.12
2764.12
4434.04
4434.04
156.04
156.04
4173.60
4173.60
3917.00
3917.00
4337.56
4337.56
4371.71
4371.71
34.36
34.36
902.77
902.77
1391.25
1391.25
3204.22
3204.22
3444.91
3444.91
3255.45
3255.45
4129.32
4129.32
764.32
764.32
4292.64
4292.64
4092.86
4092.86
25.40
25.40
847.07
847.07
3821.31
3821.31
4183.92
4183.92
4183.92
4183.92
4050.64
4050.64
3763.20
3763.20
12.91
12.91
1489.54
1489.54
4288.27
4288.27
4288.27
4288.27
4288.27
4288.27
909.73
909.73
4186.73
4186.73
3536.33
3536.33
4341.76
4341.76
3288.91
3288.91
3487.25
3487.25
4243.80
4243.80
15.57
15.57
4047.44
4047.44
4047.44
4047.44
4324.83
4324.83
3910.65
3910.65
2485.43
2485.43
14.39
14.39
667.11
667.11
4033.80
4033.80
4033.80
4033.80
14.01
14.01
1453.90
1453.90
2102.02
2102.02
3967.08
3967.08
3888.56
3888.56
2860.91
2860.91
3958.25
3958.25
307.80
307.80
4033.29
4033.29
4066.95
4066.95
4066.95
4066.95
1786.27
1786.27
2544.73
2544.73
3237.37
3237.37
3924.67
3924.67
41.17
41.17
1723.07
1723.07
3595.41
3595.41
2248.61
2248.61
24.76
24.76
1500.87
1500.87
1624.25
1624.25
2018.71
2018.71
3063.67
3063.67
1248.32
1248.32
2409.11
2409.11
4236.78
4236.78
2390.66
2390.66
4246.96
4246.96
3852.30
3852.30
4340.39
4340.39
4227.90
4227.90
4044.29
4044.29
4504.80
4504.80
2972.96
2972.96
4286.26
4286.26
65.48
65.48
4013.30
4013.30
3925.18
3925.18
3945.05
3945.05
4189.75
4189.75
1329.08
1329.08
816.50
816.50
10.00
10.00
4289.19
4289.19
18.14
18.14
4087.57
4087.57
2704.51
2704.51
12.74
12.74
2502.50
2502.50
3596.74
3596.74
14.83
14.83
25.40
25.40
4456.38
4456.38
778.44
778.44
778.44
3820.50
3820.50
4191.49
4191.49
3412.68
3412.68
4063.62
4063.62
1786.05
1786.05
3306.56
3306.56
3378.76
3378.76
3673.42
3673.42
4652.25
4652.25
11.43
11.43
483.26
483.26
3998.52
3998.52
4368.23
4368.23
813.99
813.99
3044.24
3044.24
4157.29
4157.29
11.06
11.06
4000.36
4000.36
1316.05
1316.05
3966.00
3966.00
4086.80
4086.80
4037.16
4037.16
3927.77
3927.77
1180.41
1180.41
4538.92
4538.92
3635.01
3635.01
4072.97
4072.97
1026.57
1026.57
4024.28
4024.28
4619.47
4619.47
3931.61
3931.61
726.84
726.84
4199.72
4199.72
4083.63
4083.63
4083.63
4083.63
10.00
10.00
1561.45
1561.45
1561.45
1561.45
26.14
26.14
11.20
11.20
4365.78
4365.78
4387.43
4387.43
1597.85
1597.85
4151.54
4151.54
4347.44
4347.44
4081.31
4081.31
4168.21
4168.21
864.84
864.84
3114.47
3114.47
972.05
972.05
789.67
789.67
3765.65
3765.65
4059.38
4059.38
4217.95
4217.95
2605.47
2605.47
10.67
10.67
4077.47
4077.47
4436.96
4436.96
4331.66
4331.66
10.00
10.00
3742.72
3742.72
3155.16
3155.16
2229.10
2229.10
4019.03
4019.03
3898.61
3898.61
4271.71
4271.71
866.25
866.25
4246.77
4246.77
2728.41
2728.41
4365.06
4365.06
4214.71
4214.71
4338.28
4338.28
706.94
706.94
784.98
784.98
3542.28
3542.28
534.48
534.48
2882.20
2882.20
3969.51
3969.51
10.00
10.00
4192.61
4192.61
4061.68
4061.68
4268.20
4268.20
730.38
730.38
620.89
620.89
14.88
14.88
12.80
12.80
3138.11
3138.11
4315.59
4315.59
4183.17
4183.17
4119.33
4119.33
4173.38
4173.38
4190.58
4190.58
1489.30
1489.30
4404.92
4404.92
1407.40
1407.40
859.38
859.38
1501.57
1501.57
871.29
871.29
2902.62
2902.62
4164.00
4164.00
4278.56
4278.56
4435.81
4435.81
4014.11
4014.11
4189.36
4189.36
4288.60
4288.60
3117.94
3117.94
3971.33
3971.33
4249.26
4249.26
4033.46
4033.46
1406.55
1406.55
2800.77
2800.77
2752.17
2752.17
4451.77
4451.77
4385.48
4385.48
4004.38
4004.38
3195.01
3195.01
13.49
13.49
3731.18
3731.18
3697.32
3697.32
820.17
820.17
531.34
531.34
804.79
804.79
13.58
13.58
4322.34
4322.34
4090.67
4090.67
4288.59
4288.59
3761.07
3761.07
4242.86
4242.86
2353.21
2353.21
4337.84
4337.84
4489.23
4489.23
3694.66
3694.66
4171.14
4171.14
750.30
750.30
4171.94
4171.94
1878.64
1878.64
4013.29
4013.29
4064.27
4064.27
3578.13
3578.13
4186.03
4186.03
12.75
12.75
1907.68
1907.68
4425.89
4425.89
4129.85
4129.85
4188.30
4188.30
4300.13
4300.13
4134.47
4134.47
2329.11
2329.11
3355.19
3355.19
4169.54
4169.54
805.31
805.31
4308.65
4308.65
863.95
863.95
3180.27
3180.27
4366.73
4366.73
558.22
558.22
3205.68
3205.68
4297.86
4297.86
3521.98
3521.98
3755.05
3755.05
2303.95
2303.95
456.64
456.64
3740.69
3740.69
1654.29
1654.29
3840.66
3840.66
3597.36
3597.36
3052.49
3052.49
4233.52
4233.52
4548.98
4548.98
4144.88
4144.88
4262.39
4262.39
4409.06
4409.06
1215.24
1215.24
4251.51
4251.51
29.76
29.76
4441.47
4441.47
4268.01
4268.01
3969.24
3969.24
4172.87
4172.87
4279.69
4279.69
3672.93
3672.93
3394.30
3394.30
163.10
163.10
13.07
13.07
4354.93
4354.93
4426.56
4426.56
2943.32
2943.32
4484.07
4484.07
3975.00
3975.00
11.60
11.60
4027.19
4027.19
3820.98
3820.98
4014.37
4014.37
4195.03
4195.03
2083.39
2083.39
1358.18
1358.18
964.43
964.43
937.39
937.39
13.36
13.36
3631.70
3631.70
4105.43
4105.43
4294.79
4294.79
3833.67
3833.67
4306.89
4306.89
4324.90
4324.90
4260.59
4260.59
4183.10
4183.10
4181.65
4181.65
711.17
711.17
1059.40
1059.40
13.24
13.24
3997.68
3997.68
4211.37
4211.37
13.05
13.05
2909.99
2909.99
2604.78
2604.78
13.13
13.13
4175.86
4175.86
2296.57
2296.57
3229.46
3229.46
4360.94
4360.94
16.33
16.33
3784.88
3784.88
14.84
14.84
3571.91
3571.91
12.06
12.06
1820.41
1820.41
1373.86
1373.86
13.49
13.49
3093.42
3093.42
12.69
12.69
3812.35
3812.35
4357.05
4357.05
4229.16
4229.16
1559.49
1559.49
4419.22
4419.22
13.17
13.17
2820.40
2820.40
2138.15
2138.15
4154.27
4154.27
10.00
10.00
3720.84
3720.84
979.43
979.43
4324.21
4324.21
2109.27
2109.27
801.39
801.39
3909.45
3909.45
2274.12
2274.12
2738.95
2738.95
3802.86
3802.86
4408.23
4408.23
2787.40
2787.40
3809.22
3809.22
3684.18
3684.18
3856.90
3856.90
3029.10
3029.10
3906.07
3906.07
13.41
13.41
4391.17
4391.17
474.39
474.39
4124.29
4124.29
2465.94
2465.94
4176.58
4176.58
3593.41
3593.41
4005.75
4005.75
1480.04
1480.04
3980.06
3980.06
4164.56
4164.56
2820.89
2820.89
3464.77
3464.77
4106.21
4106.21
12.54
12.54
807.48
807.48
4306.56
4306.56
187.02
187.02
3908.01
3908.01
1003.24
1003.24
4182.97
4182.97
3725.33
3725.33
13.42
13.42
4276.87
4276.87
1652.77
1652.77
793.50
793.50
3926.90
3926.90
3329.24
3329.24
3793.49
3793.49
4389.18
4389.18
351.03
351.03
2736.35
2736.35
4437.98
4437.98
1139.44
1139.44
4031.62
4031.62
154.98
154.98
4261.83
4261.83
3741.90
3741.90
1259.47
1259.47
13.76
13.76
318.68
318.68
3132.22
3132.22
3850.85
3850.85
3070.12
3070.12
4276.44
4276.44
3933.33
3933.33
4006.59
4006.59
3967.68
3967.68
4411.72
4411.72
3857.38
3857.38
856.79
856.79
804.48
804.48
4264.70
4264.70
4432.21
4432.21
3855.17
3855.17
534.65
534.65
1667.45
1667.45
3977.02
3977.02
12.95
12.95
4217.40
4217.40
4210.79
4210.79
4388.20
4388.20
65.15
65.15
4190.58
4190.58
856.62
856.62
2736.50
2736.50
1562.66
1562.66
3961.56
3961.56
34.92
34.92
4363.21
4363.21
4104.36
4104.36
13.64
13.64
1690.07
1690.07
3976.70
3976.70
2193.52
2193.52
4054.38
4054.38
2646.93
2646.93
1996.79
1996.79
3513.83
3513.83
3951.04
3951.04
804.26
804.26
3742.76
3742.76
3994.96
3994.96
4320.60
4320.60
3113.01
3113.01
827.23
827.23
4391.13
4391.13
4119.13
4119.13
4545.27
4545.27
4043.76
4043.76
2512.55
2512.55
3308.61
3308.61
4114.59
4114.59
2464.99
2464.99
1793.09
1793.09
10.88
10.88
2991.10
2991.10
4313.33
4313.33
1024.22
1024.22
24.62
24.62
3829.26
3829.26
3847.79
3847.79
3754.93
3754.93
3762.05
3762.05
3987.31
3987.31
327.72
327.72
867.28
867.28
3671.10
3671.10
32.23
32.23
4341.88
4341.88
3257.58
3257.58
4457.78
4457.78
3709.96
3709.96
3955.73
3955.73
1670.29
1670.29
3447.86
3447.86
1372.67
1372.67
3623.64
3623.64
810.86
810.86
4398.52
4398.52
4238.33
4238.33
822.32
822.32
181.91
181.91
3797.84
3797.84
4243.13
4243.13
4265.99
4265.99
3917.20
3917.20
14.07
14.07
4590.49
4590.49
3649.69
3649.69
860.53
860.53
4268.77
4268.77
1706.15
1706.15
974.37
974.37
2634.42
2634.42
3870.53
3870.53
4465.65
4465.65
3679.14
3679.14
3848.95
3848.95
1966.54
1966.54
4272.29
4272.29
3180.20
3180.20
4466.70
4466.70
1785.71
1785.71
4108.65
4108.65
877.21
877.21
4266.49
4266.49
13.67
13.67
12.14
12.14
2655.36
2655.36
4231.26
4231.26
3094.76
3094.76
3996.86
3996.86
4089.67
4089.67
867.71
867.71
1990.00
1990.00
28.50
28.50
4176.74
4176.74
3862.72
3862.72
2089.15
2089.15
3908.34
3908.34
13.71
13.71
1807.74
1807.74
4106.07
4106.07
845.15
845.15
4122.07
4122.07
4110.58
4110.58
3055.78
3055.78
3547.90
3547.90
17.95
17.95
4113.72
4113.72
4424.73
4424.73
1726.24
1726.24
4350.97
4350.97
4374.05
4374.05
4304.78
4304.78
4249.78
4249.78
3725.52
3725.52
821.39
821.39
3765.99
3765.99
3372.21
3372.21
4131.43
4131.43
3722.75
3722.75
790.29
790.29
12.35
12.35
4151.02
4151.02
4534.84
4534.84
4131.78
4131.78
844.30
844.30
4168.16
4168.16
1643.05
1643.05
3667.27
3667.27
3862.67
3862.67
18.36
18.36
92.87
92.87
4046.32
4046.32
4186.41
4186.41
12.42
12.42
4420.34
4420.34
3940.72
3940.72
827.82
827.82
4508.03
4508.03
4239.92
4239.92
3662.06
3662.06
4278.14
4278.14
12.33
12.33
3170.69
3170.69
4235.44
4235.44
1613.07
1613.07
4094.13
4094.13
1208.47
1208.47
4197.32
4197.32
849.63
849.63
4130.93
4130.93
798.89
798.89
3946.64
3946.64
2131.86
2131.86
3814.68
3814.68
4250.99
4250.99
834.23
834.23
1392.33
1392.33
12.32
12.32
4390.89
4390.89
4170.00
4170.00
4170.00
3807.98
3807.98
12.02
12.02
4236.04
4236.04
2699.56
2699.56
2903.05
2903.05
4034.42
4034.42
432.68
432.68
2032.10
2032.10
4045.36
4045.36
868.91
868.91
1928.88
1928.88
4376.39
4376.39
1884.86
1884.86
11.10
11.10
3742.19
3742.19
24.59
24.59
3870.40
3870.40
4134.49
4134.49
13.98
13.98
1839.68
1839.68
853.93
853.93
808.03
808.03
3993.03
3993.03
4088.19
4088.19
2719.21
2719.21
3891.92
3891.92
4037.16
4037.16
3691.62
3691.62
2991.73
2991.73
3925.76
3925.76
237.35
237.35
3757.23
3757.23
2128.61
2128.61
4288.81
4288.81
4048.36
4048.36
3579.51
3579.51
4151.52
4151.52
4261.23
4261.23
4227.36
4227.36
4306.55
4306.55
1500.85
1500.85
12.80
12.80
3502.76
3502.76
2102.02
2102.02
3684.98
3684.98
4166.00
4166.00
4003.64
4003.64
10.00
10.00
4403.36
4403.36
3341.54
3341.54
803.26
803.26
998.50
998.50
11.12
11.12
4026.26
4026.26
4124.87
4124.87
843.43
843.43
4174.50
4174.50
3960.34
3960.34
4546.69
4546.69
2162.49
2162.49
4190.71
4190.71
3941.30
3941.30
13.14
13.14
12.30
12.30
11.33
11.33
215.63
215.63
24.75
24.75
857.98
857.98
4072.80
4072.80
4392.89
4392.89
2950.90
2950.90
4203.92
4203.92
833.11
833.11
4224.87
4224.87
14.80
14.80
12.34
12.34
4301.82
4301.82
4391.07
4391.07
4124.81
4124.81
4408.89
4408.89
4207.40
4207.40
4343.54
4343.54
4471.61
4471.61
946.42
946.42
844.61
844.61
4251.94
4251.94
4487.14
4487.14
3921.90
3921.90
4039.05
4039.05
3640.26
3640.26
4330.21
4330.21
805.10
805.10
4057.29
4057.29
3735.65
3735.65
2203.89
2203.89
3138.26
3138.26
360.16
360.16
4195.01
4195.01
3571.81
3571.81
4233.23
4233.23
3949.22
3949.22
3718.98
3718.98
13.50
13.50
4052.14
4052.14
12.71
12.71
3052.98
3052.98
4301.49
4301.49
3154.94
3154.94
3833.42
3833.42
4260.97
4260.97
4208.06
4208.06
4129.23
4129.23
4407.05
4407.05
4045.65
4045.65
4425.67
4425.67
970.06
970.06
2059.99
2059.99
4095.35
4095.35
4033.66
4033.66
4476.56
4476.56
13.16
13.16
3890.49
3890.49
3658.23
3658.23
4024.99
4024.99
4379.50
4379.50
4178.44
4178.44
1218.97
1218.97
4009.54
4009.54
4251.16
4251.16
3838.16
3838.16
3995.57
3995.57
3388.69
3388.69
4207.86
4207.86
2237.09
2237.09
832.66
832.66
4438.52
4438.52
4267.19
4267.19
2150.56
2150.56
4303.04
4303.04
2988.60
2988.60
3910.68
3910.68
13.96
13.96
10.00
10.00
4406.03
4406.03
15.13
15.13
4117.18
4117.18
782.76
782.76
4105.74
4105.74
4018.17
4018.17
4483.12
4483.12
1285.26
1285.26
13.60
13.60
4009.77
4009.77
3841.01
3841.01
4073.28
4073.28
23.26
23.26
3937.38
3937.38
2339.58
2339.58
29.37
29.37
3888.72
3888.72
1672.86
1672.86
4315.10
4315.10
4123.99
4123.99
4439.14
4439.14
3958.32
3958.32
3992.50
3992.50
3629.21
3629.21
2928.44
2928.44
2110.69
2110.69
4361.15
4361.15
4123.79
4123.79
3947.09
3947.09
1960.26
1960.26
3381.25
3381.25
4166.75
4166.75
3913.12
3913.12
949.74
949.74
4058.39
4058.39
3515.75
3515.75
4159.30
4159.30
3605.97
3605.97
4104.16
4104.16
13.14
13.14
58.74
58.74
3848.21
3848.21
3589.31
3589.31
4210.02
4210.02
817.17
817.17
27.77
27.77
3963.00
3963.00
3213.42
3213.42
2430.60
2430.60
4303.05
4303.05
4117.66
4117.66
1997.93
1997.93
3770.21
3770.21
1717.26
1717.26
4413.81
4413.81
3391.35
3391.35
1835.19
1835.19
4294.40
4294.40
3806.01
3806.01
4163.37
4163.37
4052.46
4052.46
4122.86
4122.86
1460.60
1460.60
4153.19
4153.19
636.99
636.99
3770.20
3770.20
2305.18
2305.18
1971.82
1971.82
4112.19
4112.19
3072.79
3072.79
4009.25
4009.25
1256.15
1256.15
4372.74
4372.74
3966.31
3966.31
2311.39
2311.39
4306.40
4306.40
4033.43
4033.43
3808.72
3808.72
4486.54
4486.54
3931.64
3931.64
1023.06
1023.06
4216.88
4216.88
4487.43
4487.43
2100.94
2100.94
2701.94
2701.94
3974.61
3974.61
13.10
13.10
1764.04
1764.04
3058.44
3058.44
1082.31
1082.31
4375.87
4375.87
2018.33
2018.33
3866.70
3866.70
3739.37
3739.37
4236.52
4236.52
12.26
12.26
4257.34
4257.34
233.66
233.66
4151.75
4151.75
840.54
840.54
12.34
12.34
3944.76
3944.76
4113.03
4113.03
1888.81
1888.81
4188.66
4188.66
3913.13
3913.13
4430.71
4430.71
2573.95
2573.95
4080.01
4080.01
15.41
15.41
4140.69
4140.69
13.51
13.51
3912.94
3912.94
4293.33
4293.33
85.66
85.66
1201.69
1201.69
4500.66
4500.66
4167.92
4167.92
25.11
25.11
1628.45
1628.45
505.19
505.19
824.61
824.61
3960.11
3960.11
3113.41
3113.41
2503.86
2503.86
838.17
838.17
755.73
755.73
3531.83
3531.83
4114.83
4114.83
3854.29
3854.29
799.04
799.04
4179.31
4179.31
4329.35
4329.35
4259.77
4259.77
3838.33
3838.33
3694.47
3694.47
3820.69
3820.69
868.08
868.08
1124.20
1124.20
3854.96
3854.96
4013.71
4013.71
4134.07
4134.07
801.86
801.86
13.82
13.82
4359.73
4359.73
3937.64
3937.64
4215.29
4215.29
2641.29
2641.29
4272.19
4272.19
4286.21
4286.21
4222.11
4222.11
3837.91
3837.91
4088.37
4088.37
4153.59
4153.59
3625.86
3625.86
1018.28
1018.28
3694.79
3694.79
2346.27
2346.27
1384.78
1384.78
3651.57
3651.57
4297.76
4297.76
4250.67
4250.67
1537.82
1537.82
442.46
442.46
3879.95
3879.95
1704.25
1704.25
14.86
14.86
4227.61
4227.61
4483.86
4483.86
17.96
17.96
4327.98
4327.98
2814.64
2814.64
42.13
42.13
4323.98
4323.98
3704.71
3704.71
4133.69
4133.69
16.50
16.50
2722.00
2722.00
1870.15
1870.15
1185.60
1185.60
2271.42
2271.42
4176.45
4176.45
12.32
12.32
534.52
534.52
14.00
14.00
3646.33
3646.33
2921.73
2921.73
3664.38
3664.38
374.69
374.69
3699.72
3699.72
3773.92
3773.92
463.82
463.82
637.39
637.39
4210.49
4210.49
30.31
30.31
3928.93
3928.93
252.89
252.89
3644.84
3644.84
13.05
13.05
3623.82
3623.82
2457.83
2457.83
4154.88
4154.88
3654.98
3654.98
1541.24
1541.24
4098.34
4098.34
809.83
809.83
4129.42
4129.42
4158.44
4158.44
4252.79
4252.79
1131.90
1131.90
13.11
13.11
4363.18
4363.18
2157.76
2157.76
3408.99
3408.99
4215.49
4215.49
4074.00
4074.00
939.02
939.02
2821.18
2821.18
3263.15
3263.15
4224.07
4224.07
2404.44
2404.44
3934.90
3934.90
4337.63
4337.63
3910.34
3910.34
2732.62
2732.62
4232.95
4232.95
2081.66
2081.66
11.75
11.75
86.17
86.17
3085.36
3085.36
4121.56
4121.56
3669.19
3669.19
4253.77
4253.77
2924.79
2924.79
4011.85
4011.85
851.72
851.72
616.15
616.15
4476.14
4476.14
3043.48
3043.48
3196.47
3196.47
23.00
23.00
4064.52
4064.52
3773.14
3773.14
2725.74
2725.74
4314.25
4314.25
2239.29
2239.29
4373.24
4373.24
3365.98
3365.98
16.77
16.77
4196.87
4196.87
798.13
798.13
3831.84
3831.84
3867.73
3867.73
4174.40
4174.40
4500.86
4500.86
4088.05
4088.05
3983.02
3983.02
2085.87
2085.87
2478.32
2478.32
786.28
786.28
1194.85
1194.85
1847.77
1847.77
3732.36
3732.36
3616.62
3616.62
3653.09
3653.09
4315.33
4315.33
3761.04
3761.04
831.68
831.68
4224.45
4224.45
12.91
12.91
4303.75
4303.75
29.11
29.11
856.28
856.28
14.18
14.18
4288.22
4288.22
4283.19
4283.19
4622.93
4622.93
47.71
47.71
4089.03
4089.03
800.50
800.50
4202.79
4202.79
4035.12
4035.12
4240.69
4240.69
4240.69
3281.81
3281.81
3852.31
3852.31
787.49
787.49
1869.07
1869.07
4201.13
4201.13
466.92
466.92
2057.94
2057.94
13.38
13.38
403.19
403.19
717.51
717.51
4120.58
4120.58
4189.18
4189.18
4189.18
4189.18
4162.28
4162.28
4085.94
4085.94
4283.30
4283.30
487.16
487.16
3902.69
3902.69
4211.02
4211.02
2865.86
2865.86
13.11
13.11
781.47
781.47
4130.95
4130.95
3839.87
3839.87
2556.88
2556.88
2628.46
2628.46
2628.46
2628.46
2628.46
2628.46
2628.46
2628.46
4329.30
4329.30
4332.63
4332.63
4167.27
4167.27
635.94
635.94
1020.48
1020.48
4167.97
4167.97
1251.06
1251.06
12.46
12.46
4210.74
4210.74
3112.63
3112.63
3943.42
3943.42
4402.02
4402.02
3951.38
3951.38
3251.77
3251.77
3429.91
3429.91
13.70
13.70
3375.04
3375.04
3936.24
3936.24
4161.77
4161.77
575.76
575.76
4100.47
4100.47
4372.49
4372.49
4122.41
4122.41
4060.43
4060.43
4171.05
4171.05
4280.27
4280.27
2358.47
2358.47
3991.39
3991.39
3991.39
3991.39
1904.33
1904.33
1996.79
1996.79
3323.75
3323.75
4219.66
4219.66
3457.34
3457.34
4373.09
4373.09
4310.41
4310.41
4293.40
4293.40
4221.93
4221.93
3932.03
3932.03
4165.87
4165.87
4165.87
4165.87
25.59
25.59
4125.89
4125.89
3960.68
3960.68
1197.28
1197.28
4012.84
4012.84
4105.69
4105.69
360.79
360.79
13.47
13.47
2235.44
2235.44
4023.47
4023.47
4228.73
4228.73
4228.73
4228.73
10.00
10.00
970.78
970.78
970.78
970.78
509.59
509.59
824.33
824.33
914.80
914.80
959.04
959.04
838.05
838.05
838.05
838.05
838.05
838.05
838.05
838.05
1241.19
1241.19
1559.60
1559.60
1753.87
1753.87
636.48
636.48
1848.07
1848.07
1975.62
1975.62
1511.57
1511.57
2794.84
2794.84
2822.88
2822.88
4074.32
4074.32
4040.84
4040.84
4098.84
4098.84
1792.25
1792.25
3698.25
3698.25
3446.96
3446.96
3658.11
3658.11
4119.68
4119.68
3846.25
3846.25
3846.25
3846.25
3846.25
3846.25
3846.25
3846.25
3846.25
3846.25
3846.25
3846.25
3846.25
3846.25
13.55
13.55
13.55
958.04
13.66
13.66
986.23
986.23
1249.82
1249.82
1943.08
1943.08
14.76
14.76
2639.24
2639.24
3118.95
3118.95
13.09
13.09
3510.55
3510.55
2290.25
2290.25
3874.76
3874.76
3561.39
3561.39
14.51
14.51
1499.23
1499.23
2308.22
2308.22
14.02
14.02
1903.50
1903.50
1903.50
1903.50
1903.50
1903.50
14.63
14.63
984.95
984.95
279.62
279.62
581.07
581.07
1378.17
1378.17
1240.64
1240.64
2318.74
2318.74
2126.75
2126.75
3086.73
3086.73
2235.02
2235.02
3551.89
3551.89
3551.89
3551.89
3551.89
3551.89
3551.89
3551.89
3551.89
3551.89
3551.89
3551.89
3551.89
3551.89
3629.36
3629.36
70.32
70.32
14.38
14.38
1891.60
1891.60
4203.32
4203.32
3655.48
3655.48
4217.58
4217.58
3844.96
3844.96
3059.88
3059.88
13.96
13.96
15.66
15.66
3994.01
3994.01
150.57
150.57
815.47
815.47
4229.22
4229.22
4207.99
4207.99
825.93
825.93
890.05
890.05
4445.45
4445.45
4023.12
4023.12
4387.83
4387.83
3877.20
3877.20
2280.31
2280.31
3628.26
3628.26
4188.09
4188.09
4376.88
4376.88
18.28
18.28
4142.40
4142.40
4235.50
4235.50
13.12
13.12
806.37
806.37
4075.93
4075.93
2956.18
2956.18
1177.79
1177.79
4111.14
4111.14
2454.86
2454.86
4266.39
4266.39
835.05
835.05
4094.17
4094.17
2172.89
2172.89
3182.73
3182.73
4190.53
4190.53
13.57
13.57
4347.01
4347.01
4109.49
4109.49
34.27
34.27
2236.36
2236.36
4005.06
4005.06
2759.88
2759.88
3840.51
3840.51
4349.88
4349.88
4185.99
4185.99
4095.42
4095.42
3846.53
3846.53
785.40
785.40
12.13
12.13
4033.81
4033.81
3412.49
3412.49
12.77
12.77
4308.99
4308.99
2827.00
2827.00
3879.87
3879.87
4298.60
4298.60
3382.25
3382.25
4084.32
4084.32
3937.41
3937.41
4444.26
4444.26
4444.26
4444.26
3989.56
3989.56
3023.71
3023.71
276.44
276.44
4006.60
4006.60
939.43
939.43
2057.93
2057.93
4264.29
4264.29
4070.90
4070.90
992.24
992.24
2108.60
2108.60
830.91
830.91
2457.99
2457.99
3406.22
3406.22
1181.01
1181.01
3976.02
3976.02
823.35
823.35
3703.63
3703.63
1523.04
1523.04
4095.24
4095.24
12.40
12.40
4427.31
4427.31
4245.00
4245.00
3923.40
3923.40
4174.88
4174.88
1664.04
1664.04
3922.64
3922.64
4347.10
4347.10
2412.65
2412.65
4252.48
4252.48
2266.22
2266.22
4299.22
4299.22
4008.39
4008.39
867.42
867.42
921.21
921.21
3366.68
3366.68
4439.48
4439.48
2456.54
2456.54
3259.29
3259.29
4086.32
4086.32
4296.35
4296.35
4247.41
4247.41
26.46
26.46
3908.00
3908.00
4209.40
4209.40
4367.65
4367.65
1016.05
1016.05
3859.53
3859.53
4350.58
4350.58
4350.58
4350.58
921.53
921.53
4098.23
4098.23
10.00
10.00
4137.27
4137.27
4233.76
4233.76
4154.70
4154.70
4097.81
4097.81
3084.50
3084.50
4429.46
4429.46
847.77
847.77
1411.75
1411.75
3615.20
3615.20
2839.77
2839.77
12.42
12.42
12.80
12.80
4118.13
4118.13
4129.28
4129.28
3551.85
3551.85
4160.05
4160.05
3201.62
3201.62
4158.51
4158.51
4158.51
4158.51
439.52
439.52
4164.86
4164.86
3815.76
3815.76
4096.80
4096.80
3855.45
3855.45
3980.27
3980.27
4069.13
4069.13
3858.68
3858.68
1511.30
1511.30
4020.71
4020.71
1363.89
1363.89
4074.05
4074.05
3949.81
3949.81
3949.81
3949.81
1808.92
1808.92
4023.32
4023.32
4023.32
4023.32
3492.15
3492.15
4162.39
4162.39
4147.48
4147.48
31.41
31.41
939.89
939.89
1811.16
1811.16
3342.19
3342.19
4516.22
4516.22
4516.22
4516.22
1699.94
1699.94
4195.36
4195.36
4000.00
4000.00
3350.91
3350.91
4573.59
4573.59
4008.43
4008.43
4008.43
4008.43
4008.43
4008.43
2318.29
2318.29
12.96
12.96
2155.46
2155.46
1365.31
1365.31
4326.05
4326.05
3527.47
3527.47
3697.34
3697.34
4053.93
4053.93
12.83
12.83
4059.54
4059.54
4182.57
4182.57
3937.93
3937.93
4282.52
4282.52
3648.34
3648.34
4073.49
4073.49
4075.14
4075.14
1161.83
1161.83
98.46
98.46
4178.85
4178.85
13.12
13.12
4034.63
4034.63
2488.76
2488.76
4152.38
4152.38
3726.22
3726.22
3665.16
3665.16
4177.61
4177.61
4302.83
4302.83
4042.52
4042.52
3997.28
3997.28
3997.28
3997.28
823.83
823.83
3930.88
3930.88
1404.79
1404.79
2049.60
2049.60
2049.60
2049.60
4074.34
4074.34
64.70
64.70
817.05
817.05
4202.40
4202.40
4087.46
4087.46
4119.30
4119.30
4119.30
4119.30
1853.82
1853.82
21.54
21.54
3361.47
3361.47
4280.70
4280.70
3553.96
3553.96
4276.61
4276.61
13.44
13.44
4054.45
4054.45
4501.42
4501.42
3930.77
3930.77
188.74
188.74
3902.35
3902.35
4322.94
4322.94
3547.92
3547.92
4000.39
4000.39
4276.53
4276.53
4411.32
4411.32
717.26
717.26
1808.56
1808.56
4553.11
4553.11
392.83
392.83
4164.68
4164.68
4337.12
4337.12
25.08
25.08
2739.87
2739.87
594.76
594.76
2271.94
2271.94
2931.24
2931.24
4596.37
4596.37
3945.33
3945.33
3343.89
3343.89
3343.89
3343.89
4175.06
4175.06
403.24
403.24
12.97
12.97
3330.41
3330.41
3280.90
3280.90
3280.90
1695.60
1695.60
520.42
520.42
1650.75
1650.75
4277.22
4277.22
1368.48
1368.48
4048.61
4048.61
2446.46
2446.46
3863.10
3863.10
4039.13
4039.13
4200.73
4200.73
2217.65
2217.65
778.78
778.78
335.04
335.04
872.10
872.10
4336.37
4336.37
3743.69
3743.69
3708.86
3708.86
244.56
244.56
3821.40
3821.40
3618.49
3618.49
3618.49
3618.49
3618.49
3618.49
3904.96
3904.96
4045.25
4045.25
3424.65
3424.65
4158.67
4158.67
436.08
436.08
3823.64
3823.64
942.92
942.92
4268.17
4268.17
4288.17
4288.17
1287.80
1287.80
791.97
791.97
4149.95
4149.95
4098.13
4098.13
4265.77
4265.77
2500.81
2500.81
3916.78
3916.78
3086.32
3086.32
4165.43
4165.43
369.27
369.27
270.89
270.89
4042.95
4042.95
4422.97
4422.97
4220.01
4220.01
2530.72
2530.72
4352.57
4352.57
4112.33
4112.33
3088.93
3088.93
4440.97
4440.97
4400.55
4400.55
3833.65
3833.65
602.15
602.15
12.85
12.85
4344.74
4344.74
4223.35
4223.35
819.51
819.51
4184.71
4184.71
4250.89
4250.89
4376.56
4376.56
767.89
767.89
773.72
773.72
3429.58
3429.58
4441.97
4441.97
3194.42
3194.42
4057.46
4057.46
4009.94
4009.94
845.68
845.68
4404.15
4404.15
3012.50
3012.50
3862.98
3862.98
1151.81
1151.81
2164.97
2164.97
2152.32
2152.32
4036.15
4036.15
4438.30
4438.30
4736.32
4736.32
4135.98
4135.98
4026.12
4026.12
488.03
488.03
2120.01
2120.01
4091.27
4091.27
11.43
11.43
2500.83
2500.83
3904.92
3904.92
800.62
800.62
3860.06
3860.06
1917.82
1917.82
1853.70
1853.70
1893.76
1893.76
2062.38
2062.38
122.62
122.62
1863.36
1863.36
1863.36
1863.36
1154.04
1154.04
1822.86
1822.86
2191.86
2191.86
1797.51
1797.51
2575.34
2575.34
436.35
436.35
3127.64
3127.64
2125.14
2125.14
768.10
768.10
3097.29
3097.29
3564.04
3564.04
2947.15
2947.15
3596.13
3596.13
2941.70
2941.70
4234.02
4234.02
1020.82
1020.82
3955.09
3955.09
3056.30
3056.30
13.07
13.07
11.58
11.58
1512.83
1512.83
4097.59
4097.59
860.90
860.90
4066.15
4066.15
201.56
201.56
4186.95
4186.95
2500.30
2500.30
12.96
12.96
4232.09
4232.09
4030.97
4030.97
1587.79
1587.79
4567.35
4567.35
1084.19
1084.19
4192.90
4192.90
796.04
796.04
3160.57
3160.57
1163.67
1163.67
612.74
612.74
265.36
265.36
791.64
791.64
3882.20
3882.20
4474.27
4474.27
3307.83
3307.83
2274.02
2274.02
3926.41
3926.41
1132.80
1132.80
906.80
906.80
3970.40
3970.40
4243.55
4243.55
286.69
286.69
4212.54
4212.54
3348.10
3348.10
4175.42
4175.42
4143.66
4143.66
11.86
11.86
3939.58
3939.58
1884.28
1884.28
4096.46
4096.46
3887.18
3887.18
3962.22
3962.22
4289.60
4289.60
3292.86
3292.86
3942.10
3942.10
4025.05
4025.05
4046.85
4046.85
4057.55
4057.55
2857.00
2857.00
875.08
875.08
4300.21
4300.21
4240.53
4240.53
3922.52
3922.52
2751.27
2751.27
3033.22
3033.22
4153.99
4153.99
2750.34
2750.34
1275.19
1275.19
4487.73
4487.73
3858.30
3858.30
4511.54
4511.54
4089.92
4089.92
2500.36
2500.36
2500.36
2500.36
2500.36
2500.36
2500.36
2500.36
2500.36
2500.36
3969.93
3969.93
1756.28
1756.28
1995.20
1995.20
2261.97
2261.97
4214.63
4214.63
979.01
979.01
561.96
561.96
574.20
574.20
1040.71
1040.71
632.70
632.70
1963.14
1963.14
2581.81
2581.81
2530.42
2530.42
3277.75
3277.75
3998.81
3998.81
3886.23
3886.23
3984.41
3984.41
3922.90
3922.90
2574.54
2574.54
4239.61
4239.61
3981.09
3981.09
4613.49
4613.49
4335.19
4335.19
21.29
21.29
11.15
11.15
4167.54
4167.54
4275.23
4275.23
4576.50
4576.50
808.85
808.85
1893.78
1893.78
1893.78
1893.78
1289.07
1289.07
13.66
13.66
2072.12
2072.12
385.09
385.09
4014.79
4014.79
562.71
562.71
1996.49
1996.49
4398.53
4398.53
3286.14
3286.14
13.20
13.20
1320.00
1320.00
26.43
26.43
4075.05
4075.05
3232.80
3232.80
808.29
808.29
4045.78
4045.78
4328.41
4328.41
4089.01
4089.01
1055.55
1055.55
1055.55
1055.55
1370.48
1370.48
3760.91
3760.91
1585.19
1585.19
4108.04
4108.04
4075.71
4075.71
3882.76
3882.76
3252.66
3252.66
37.68
37.68
4061.40
4061.40
3748.89
3748.89
4050.39
4050.39
3856.83
3856.83
2176.82
2176.82
1872.43
1872.43
4177.21
4177.21
13.38
13.38
4010.62
4010.62
4377.52
4377.52
4110.48
4110.48
3926.19
3926.19
4031.47
4031.47
3524.08
3524.08
3100.36
3100.36
29.47
29.47
4453.17
4453.17
804.79
804.79
388.31
388.31
3893.72
3893.72
3828.18
3828.18
1952.84
1952.84
2710.20
2710.20
4481.35
4481.35
4148.24
4148.24
3753.53
3753.53
4178.56
4178.56
4217.70
4217.70
3371.88
3371.88
3371.88
3371.88
3371.88
3371.88
4005.47
4005.47
3459.22
3459.22
2954.19
2954.19
3765.85
3765.85
13.03
13.03
3674.20
3674.20
4263.84
4263.84
4171.37
4171.37
2153.59
2153.59
1022.48
1022.48
4361.25
4361.25
4397.00
4397.00
4369.15
4369.15
4111.83
4111.83
2855.41
2855.41
1776.37
1776.37
3977.59
3977.59
86.03
86.03
3626.77
3626.77
4228.71
4228.71
4318.12
4318.12
618.00
618.00
3855.33
3855.33
4087.23
4087.23
3879.26
3879.26
2460.40
2460.40
1085.66
1085.66
1483.47
1483.47
4358.15
4358.15
4303.68
4303.68
4384.79
4384.79
4081.76
4081.76
1731.80
1731.80
4123.01
4123.01
4161.05
4161.05
4384.17
4384.17
16.42
16.42
3545.99
3545.99
3418.89
3418.89
856.18
856.18
3856.13
3856.13
3647.11
3647.11
4212.99
4212.99
1818.04
1818.04
1114.91
1114.91
4276.68
4276.68
4294.44
4294.44
2958.67
2958.67
4007.07
4007.07
3892.55
3892.55
3570.25
3570.25
3951.29
3951.29
3951.29
3951.29
14.42
14.42
4019.72
4019.72
4019.72
4019.72
4019.72
4019.72
4019.72
4019.72
4019.72
4019.72
3040.33
3040.33
3953.02
3953.02
16.65
16.65
4280.73
4280.73
832.11
832.11
3238.66
3238.66
13.14
13.14
2942.61
2942.61
3975.85
3975.85
1209.30
1209.30
3942.58
3942.58
4377.06
4377.06
3502.23
3502.23
4268.35
4268.35
4099.90
4099.90
3880.12
3880.12
4089.88
4089.88
4089.88
4089.88
4089.88
4089.88
4089.88
4089.88
4089.88
4089.88
3724.59
3724.59
3472.01
3472.01
1668.80
1668.80
3953.30
3953.30
25.89
25.89
1280.34
1280.34
1280.34
1280.34
1280.34
1280.34
4278.11
4278.11
3907.22
3907.22
3970.40
3970.40
3912.47
3912.47
828.97
828.97
3954.82
3954.82
4128.42
4128.42
4142.17
4142.17
4142.17
4142.17
4142.17
4142.17
3642.83
3642.83
14.72
14.72
4024.64
4024.64
4024.64
4024.64
4251.56
4251.56
4244.51
4244.51
860.23
860.23
4142.90
4142.90
4233.84
4233.84
4380.58
4380.58
4082.20
4082.20
4096.79
4096.79
4096.79
4096.79
3815.76
3815.76
2686.68
2686.68
13.87
13.87
2236.18
2236.18
4489.24
4489.24
818.47
818.47
2729.47
2729.47
1895.53
1895.53
4381.64
4381.64
738.86
738.86
3906.53
3906.53
12.50
12.50
4273.79
4273.79
4274.88
4274.88
3922.52
3922.52
4180.81
4180.81
3369.29
3369.29
4187.43
4187.43
561.73
561.73
2429.25
2429.25
3950.63
3950.63
4194.74
4194.74
3039.92
3039.92
267.48
267.48
1834.68
1834.68
2101.55
2101.55
2121.53
2121.53
3155.42
3155.42
4057.59
4057.59
4336.10
4336.10
4013.16
4013.16
3299.10
3299.10
587.15
587.15
3981.23
3981.23
3981.23
3981.23
3981.23
3981.23
4354.69
4354.69
4091.45
4091.45
812.49
812.49
4164.51
4164.51
904.61
904.61
4371.77
4371.77
3254.64
3254.64
26.34
26.34
1550.93
1550.93
4289.43
4289.43
16.36
16.36
3230.97
3230.97
3919.81
3919.81
3919.81
3919.81
3919.81
3919.81
3919.81
3919.81
3919.81
3919.81
12.67
12.67
12.67
12.67
779.29
1598.90
1598.90
2067.38
1973.26
1973.26
3164.18
3164.18
3985.48
3985.48
13.03
13.03
4172.91
4172.91
4133.97
4133.97
4483.66
4483.66
4560.75
4560.75
4229.57
4229.57
3854.27
3854.27
1422.93
1422.93
201.80
201.80
4208.60
4208.60
353.66
353.66
3468.16
3468.16
809.16
809.16
437.21
437.21
1962.11
1962.11
3915.18
3915.18
3983.78
3983.78
4130.94
4130.94
3851.59
3851.59
335.93
335.93
14.50
14.50
1491.34
1491.34
1491.34
1491.34
1491.34
1491.34
1705.28
1705.28
263.49
263.49
2465.44
2465.44
2764.29
2764.29
2746.79
2746.79
1413.14
1413.14
51.19
51.19
2572.44
2572.44
14.39
14.39
4039.64
4039.64
3427.25
3427.25
4117.68
4117.68
4117.68
4117.68
4117.68
4117.68
3772.31
3772.31
4302.31
4302.31
4019.30
4019.30
4388.63
4388.63
2691.34
2691.34
1701.37
1701.37
4063.64
4063.64
4160.52
4160.52
2454.34
2454.34
4343.52
4343.52
3694.42
3694.42
3673.83
3673.83
3813.86
3813.86
618.92
618.92
3859.42
3859.42
1087.34
1087.34
2918.30
2918.30
4394.63
4394.63
3605.64
3605.64
3986.14
3986.14
3186.59
3186.59
3941.77
3941.77
3941.77
3455.32
3455.32
4097.24
4097.24
23.15
23.15
3940.27
3940.27
4237.29
4237.29
4171.33
4171.33
4110.73
4110.73
568.51
568.51
568.10
568.10
3955.90
3955.90
4350.28
4350.28
2595.65
2595.65
4162.53
4162.53
3685.20
3685.20
3850.82
3850.82
4541.04
4541.04
4444.79
4444.79
25.52
25.52
4074.51
4074.51
4025.27
4025.27
897.22
897.22
4081.92
4081.92
4271.72
4271.72
825.58
825.58
3885.80
3885.80
38.00
38.00
4021.04
4021.04
4021.97
4021.97
2432.47
2432.47
11.69
11.69
3920.57
3920.57
4160.88
4160.88
3974.18
3974.18
831.78
831.78
1429.98
1429.98
3118.23
3118.23
36.61
36.61
4231.79
4231.79
3228.90
3228.90
3228.90
3228.90
25.09
25.09
4265.19
4265.19
4002.66
4002.66
3719.69
3719.69
4317.93
4317.93
4317.93
4317.93
4317.93
4317.93
3979.28
3979.28
3979.28
3979.28
4222.16
4222.16
4235.23
4235.23
3893.01
3893.01
4043.29
4043.29
16.63
16.63
3415.49
3415.49
1104.25
1104.25
3625.45
3625.45
3625.45
3625.45
4076.91
4076.91
17.30
17.30
12.97
12.97
4236.98
4236.98
3872.12
3872.12
2720.61
2720.61
3693.33
3693.33
4164.61
4164.61
4327.41
4327.41
4519.18
4519.18
4222.68
4222.68
4347.01
4347.01
1193.52
1193.52
4122.05
4122.05
4381.26
4381.26
2479.87
2479.87
836.99
836.99
4157.57
4157.57
460.14
460.14
4054.03
4054.03
3304.15
3304.15
837.68
837.68
3640.22
3640.22
4275.89
4275.89
2362.46
2362.46
3864.92
3864.92
3804.85
3804.85
4000.05
4000.05
2122.58
2122.58
1091.86
1091.86
3940.41
3940.41
33.33
33.33
1398.25
1398.25
13.84
13.84
24.25
24.25
13.54
13.54
4057.90
4057.90
4004.43
4004.43
4158.40
4158.40
4284.02
4284.02
4235.58
4235.58
4349.48
4349.48
3213.61
3213.61
3519.66
3519.66
3427.35
3427.35
4152.47
4152.47
23.80
23.80
3410.91
3410.91
4179.81
4179.81
4126.48
4126.48
4000.57
4000.57
3036.70
3036.70
3953.40
3953.40
12.70
12.70
27.58
27.58
25.44
25.44
3997.98
3997.98
2118.46
2118.46
4196.52
4196.52
4214.74
4214.74
13.08
13.08
4162.24
4162.24
3233.89
3233.89
1039.71
1039.71
1397.81
1397.81
1669.11
1669.11
4158.51
4158.51
4330.53
4330.53
4331.30
4331.30
4144.60
4144.60
13.86
13.86
1493.83
1493.83
3972.59
3972.59
3621.75
3621.75
14.98
14.98
3690.43
3690.43
3670.67
3670.67
132.65
132.65
4170.89
4170.89
1745.96
1745.96
4246.38
4246.38
3244.19
3244.19
3403.74
3403.74
3704.06
3704.06
4084.41
4084.41
4237.23
4237.23
3808.30
3808.30
296.88
296.88
3959.13
3959.13
4400.47
4400.47
3392.29
3392.29
3349.34
3349.34
4402.49
4402.49
3976.72
3976.72
4255.68
4255.68
947.08
947.08
3829.52
3829.52
3887.62
3887.62
3889.03
3889.03
4205.89
4205.89
4441.29
4441.29
4195.46
4195.46
4389.50
4389.50
44.49
44.49
3124.56
3124.56
863.55
863.55
3026.26
3026.26
4192.72
4192.72
4192.72
4192.72
539.23
539.23
1623.79
1623.79
1623.79
1623.79
1623.79
1623.79
1906.84
1906.84
3825.16
3825.16
4217.92
4217.92
3496.75
3496.75
13.55
13.55
3090.03
3090.03
3258.47
3258.47
1745.98
1745.98
3322.88
3322.88
3911.04
3911.04
4278.81
4278.81
4109.96
4109.96
4186.49
4186.49
3477.02
3477.02
3531.08
3531.08
1813.41
1813.41
4013.70
4013.70
4369.89
4369.89
2183.62
2183.62
1239.50
1239.50
3126.91
3126.91
4116.01
4116.01
469.37
469.37
4488.83
4488.83
3930.39
3930.39
4240.85
4240.85
4239.86
4239.86
4046.94
4046.94
3808.89
3808.89
604.71
604.71
4376.96
4376.96
3985.41
3985.41
3963.50
3963.50
3830.47
3830.47
4164.78
4164.78
1293.55
1293.55
4123.62
4123.62
3865.54
3865.54
146.73
146.73
4196.45
4196.45
3563.53
3563.53
3932.94
3932.94
4371.74
4371.74
2687.60
2687.60
3878.29
3878.29
4139.34
4139.34
1856.04
1856.04
808.46
808.46
3885.72
3885.72
4422.65
4422.65
4330.28
4330.28
3877.92
3877.92
1022.37
1022.37
4063.72
4063.72
3668.64
3668.64
3769.96
3769.96
3633.76
3633.76
1258.36
1258.36
4071.32
4071.32
836.69
836.69
3143.62
3143.62
3858.03
3858.03
3005.58
3005.58
2429.09
2429.09
4047.62
4047.62
4488.09
4488.09
4217.90
4217.90
4018.25
4018.25
3991.14
3991.14
3886.09
3886.09
2004.79
2004.79
4245.06
4245.06
23.74
23.74
4373.42
4373.42
3853.51
3853.51
3977.68
3977.68
3896.26
3896.26
3725.78
3725.78
3870.31
3870.31
22.31
22.31
3667.20
3667.20
310.34
310.34
3435.54
3435.54
1791.22
1791.22
2848.79
2848.79
4335.59
4335.59
72.40
72.40
4018.13
4018.13
4248.80
4248.80
4098.06
4098.06
40.39
40.39
2917.57
2917.57
3864.26
3864.26
2968.41
2968.41
4068.59
4068.59
3778.91
3778.91
2885.01
2885.01
4035.76
4035.76
2397.95
2397.95
4137.00
4137.00
3058.62
3058.62
3870.78
3870.78
1183.95
1183.95
4399.28
4399.28
3830.02
3830.02
4065.98
4065.98
329.34
329.34
4075.64
4075.64
3005.32
3005.32
4527.97
4527.97
3902.71
3902.71
64.21
64.21
4423.87
4423.87
4144.47
4144.47
2420.98
2420.98
3972.67
3972.67
3813.18
3813.18
4142.31
4142.31
4555.04
4555.04
3738.89
3738.89
4211.30
4211.30
4163.07
4163.07
4287.63
4287.63
3886.50
3886.50
810.25
810.25
3757.10
3757.10
4348.03
4348.03
4419.37
4419.37
60.26
60.26
3864.93
3864.93
4539.68
4539.68
861.31
861.31
11.77
11.77
4010.25
4010.25
2654.19
2654.19
3168.38
3168.38
4161.60
4161.60
4147.94
4147.94
4091.86
4091.86
4379.00
4379.00
3986.43
3986.43
3013.51
3013.51
3615.24
3615.24
12.88
12.88
3990.26
3990.26
829.38
829.38
4497.44
4497.44
3931.16
3931.16
2628.55
2628.55
2115.78
2115.78
4207.71
4207.71
4281.16
4281.16
3919.52
3919.52
4124.52
4124.52
1309.55
1309.55
4322.54
4322.54
3958.10
3958.10
3804.55
3804.55
4328.28
4328.28
2652.13
2652.13
4117.97
4117.97
4038.98
4038.98
14.03
14.03
2406.21
2406.21
945.61
945.61
2369.81
2369.81
3990.32
3990.32
3310.25
3310.25
3870.35
3870.35
4306.15
4306.15
4131.22
4131.22
4079.81
4079.81
3596.41
3596.41
12.13
12.13
824.69
824.69
4093.32
4093.32
783.41
783.41
13.71
13.71
863.88
863.88
4316.77
4316.77
4275.67
4275.67
860.31
860.31
3891.61
3891.61
4083.71
4083.71
13.65
13.65
3273.17
3273.17
12.52
12.52
13.50
13.50
2554.72
2554.72
2554.72
3858.91
3858.91
4060.07
4060.07
4237.20
4237.20
2357.98
2357.98
3524.92
3524.92
4269.63
4269.63
4044.41
4044.41
758.83
758.83
3834.84
3834.84
4224.12
4224.12
1858.13
1858.13
4321.06
4321.06
1567.84
1567.84
4137.23
4137.23
3254.82
3254.82
4223.08
4223.08
4179.47
4179.47
4011.99
4011.99
3823.68
3823.68
2539.96
2539.96
806.70
806.70
4409.61
4409.61
4223.02
4223.02
347.60
347.60
4253.87
4253.87
4253.87
4253.87
4253.87
4253.87
4253.87
4253.87
4253.87
4253.87
2738.53
2738.53
13.18
13.18
3865.19
3865.19
4037.67
4037.67
835.43
835.43
4328.57
4328.57
4249.28
4249.28
1397.59
1397.59
344.80
344.80
29.05
29.05
430.02
430.02
4245.35
4245.35
4245.35
4245.35
4272.67
4272.67
3354.72
3354.72
1306.81
1306.81
3671.22
3671.22
1829.83
1829.83
442.79
442.79
23.02
23.02
17.37
17.37
4001.14
4001.14
3121.88
3121.88
4352.75
4352.75
4041.10
4041.10
4118.07
4118.07
4100.67
4100.67
11.80
11.80
10.00
10.00
3995.34
3995.34
3146.06
3146.06
4345.60
4345.60
4036.34
4036.34
4581.45
4581.45
34.74
34.74
4149.62
4149.62
3654.02
3654.02
3948.07
3948.07
2445.46
2445.46
4354.03
4354.03
4131.40
4131.40
4241.66
4241.66
3020.87
3020.87
2138.89
2138.89
3500.42
3500.42
3893.10
3893.10
135.08
135.08
14.44
14.44
3827.89
3827.89
4075.06
4075.06
13.23
13.23
3129.28
3129.28
4110.85
4110.85
4140.66
4140.66
4021.68
4021.68
4067.54
4067.54
1054.98
1054.98
3387.78
3387.78
1882.00
1882.00
4171.78
4171.78
13.44
13.44
3801.42
3801.42
2292.03
2292.03
4110.04
4110.04
14.57
14.57
12.95
12.95
1080.60
1080.60
3911.54
3911.54
3888.34
3888.34
3852.00
3852.00
3142.61
3142.61
1798.30
1798.30
4207.12
4207.12
530.28
530.28
1238.07
1238.07
2578.43
2578.43
2578.43
2578.43
128.32
128.32
2480.05
2480.05
11.74
11.74
4225.14
4225.14
4225.14
4225.14
3932.86
3932.86
806.48
806.48
2157.33
2157.33
1861.74
1861.74
4140.39
4140.39
3164.56
3164.56
2446.40
2446.40
3513.53
3513.53
3763.05
3763.05
3874.31
3874.31
1168.87
1168.87
805.75
805.75
993.03
993.03
2568.16
2568.16
4137.38
4137.38
4010.82
4010.82
2131.39
2131.39
1862.08
1862.08
844.96
844.96
12.16
12.16
4276.16
4276.16
3518.35
3518.35
2537.19
2537.19
4357.86
4357.86
3698.35
3698.35
4077.57
4077.57
3789.21
3789.21
4029.88
4029.88
4089.75
4089.75
4193.16
4193.16
844.22
844.22
12.04
12.04
4280.30
4280.30
48.86
48.86
12.18
12.18
4019.58
4019.58
3789.38
3789.38
4307.27
4307.27
4248.64
4248.64
4272.53
4272.53
3988.67
3988.67
661.60
661.60
2980.60
2980.60
3948.00
3948.00
4433.08
4433.08
4224.86
4224.86
746.63
746.63
2221.04
2221.04
3067.49
3067.49
3911.80
3911.80
4320.67
4320.67
4157.87
4157.87
308.07
308.07
4374.32
