# 1Hz Kbps trace generated by import_real_world_traces.py
686.27
2102.50
2526.41
1324.03
1324.03
2666.37
2666.37
2479.44
2479.44
2944.01
2944.01
2710.54
2710.54
2822.32
2822.32
2604.65
2604.65
41.95
41.95
2341.19
2341.19
520.10
520.10
2650.55
2650.55
173.77
173.77
2567.61
2567.61
2059.12
2059.12
1957.76
1957.76
2187.15
2187.15
2545.59
2545.59
2772.70
2772.70
2688.02
2688.02
2608.51
2608.51
2873.48
2873.48
806.71
806.71
2611.69
2611.69
2725.59
2725.59
3090.05
3090.05
2671.34
2671.34
2735.46
2735.46
2777.56
2777.56
2632.07
2632.07
2431.75
2431.75
1963.28
1963.28
2526.01
2526.01
2935.57
2935.57
2829.21
2829.21
1734.42
1734.42
2207.03
2207.03
2766.48
2766.48
2632.52
2632.52
1963.32
1963.32
2180.16
2180.16
1368.95
1368.95
2309.01
2309.01
2550.79
2550.79
2704.38
2704.38
2837.70
2837.70
2123.64
2123.64
2562.01
2562.01
2183.05
2183.05
756.84
756.84
2601.71
2601.71
2530.46
2530.46
2625.83
2625.83
2782.86
2782.86
2721.01
2721.01
2825.51
2825.51
2371.43
2371.43
2794.56
2794.56
787.94
787.94
128.79
128.79
574.32
574.32
2317.52
2317.52
2441.28
2441.28
2711.77
2711.77
2011.23
2011.23
1657.26
1657.26
2565.78
2565.78
2138.47
2138.47
2649.82
2649.82
2702.22
2702.22
2230.33
2230.33
2843.83
2843.83
1955.38
1955.38
2345.04
2345.04
2651.07
2651.07
2712.54
2712.54
1801.88
1801.88
1542.18
1542.18
1472.32
1472.32
1158.91
1158.91
964.65
964.65
1236.60
1236.60
876.10
876.10
1129.93
1129.93
2903.68
2903.68
2092.59
2092.59
2674.19
2674.19
2792.64
2792.64
2636.46
2636.46
2587.83
2587.83
73.61
73.61
2252.36
2252.36
2329.18
2329.18
1077.33
1077.33
2155.41
2155.41
411.68
411.68
2496.99
2496.99
859.46
859.46
1153.87
1153.87
1252.59
1252.59
322.06
322.06
1505.88
1505.88
12.40
12.40
2172.40
2172.40
1918.12
1918.12
2587.19
2587.19
2161.83
2161.83
2488.21
2488.21
975.24
975.24
1474.46
1474.46
2527.44
2527.44
2813.26
2813.26
1815.92
1815.92
2978.55
2978.55
2029.56
2029.56
2023.56
2023.56
2838.06
2838.06
2939.83
2939.83
2673.95
2673.95
2844.95
2844.95
2773.79
2773.79
1998.26
1998.26
2740.67
2740.67
2623.39
2623.39
2134.52
2134.52
2872.76
2872.76
2257.21
2257.21
1810.56
1810.56
2817.55
2817.55
2628.49
2628.49
2428.05
2428.05
2668.19
2668.19
2745.04
2745.04
72.27
72.27
2715.31
2715.31
1262.51
1262.51
2804.63
2804.63
2533.31
2533.31
1376.07
1376.07
10.00
10.00
1688.93
1688.93
489.19
489.19
2125.39
2125.39
2738.13
2738.13
2710.28
2710.28
1867.64
1867.64
2644.77
2644.77
553.26
553.26
2553.33
2553.33
2691.76
2691.76
2593.17
2593.17
2617.90
2617.90
2828.51
2828.51
2885.71
2885.71
2069.59
2069.59
2659.86
2659.86
2261.71
2261.71
1034.18
1034.18
2728.91
2728.91
2661.74
2661.74
2054.31
2054.31
1187.07
1187.07
2725.85
2725.85
2473.19
2473.19
2892.53
2892.53
2652.42
2652.42
2055.61
2055.61
2688.68
2688.68
2740.24
2740.24
2734.41
2734.41
2569.34
2569.34
2842.43
2842.43
1951.79
1951.79
2686.19
2686.19
2561.39
2561.39
449.57
449.57
2712.69
2712.69
2608.77
2608.77
17.92
17.92
46.75
46.75
2823.23
2823.23
2005.33
2005.33
2808.34
2808.34
2593.00
2593.00
352.72
352.72
2448.42
2448.42
1737.37
1737.37
2066.20
2066.20
2759.11
2759.11
2458.66
2458.66
397.72
397.72
889.18
889.18
2943.56
2943.56
333.94
333.94
267.00
267.00
1108.93
1108.93
449.89
449.89
1412.79
1412.79
2607.76
2607.76
2270.42
2270.42
736.17
736.17
972.54
972.54
408.46
408.46
2734.81
2734.81
2792.91
2792.91
1972.06
1972.06
2829.79
2829.79
2795.40
2795.40
2011.78
2011.78
24.75
24.75
2535.69
2535.69
1253.32
1253.32
2626.06
2626.06
718.20
718.20
718.20
777.08
150.66
150.66
1244.90
1244.90
1210.40
1210.40
1377.37
1377.37
2688.47
2688.47
1151.03
1151.03
2414.37
2414.37
2611.32
2611.32
2611.32
986.56
1389.51
1389.51
1409.38
1409.38
18.65
18.65
1639.29
1639.29
61.33
61.33
735.76
735.76
10.00
10.00
1381.59
1381.59
1381.59
507.96
507.96
39.90
39.90
173.71
173.71
1149.16
1334.97
1334.97
1124.82
1124.82
471.01
471.01
728.82
728.82
10.00
10.00
966.46
966.46
966.46
2375.74
2375.74
657.70
657.70
2091.61
2091.61
2594.91
2594.91
2841.79
2841.79
2059.36
2059.36
1511.58
1511.58
1964.74
1964.74
683.73
683.73
973.12
973.12
22.22
22.22
1903.13
1903.13
2743.68
2743.68
2634.97
2634.97
1903.41
1903.41
2764.58
2764.58
886.72
886.72
2819.46
2819.46
2734.70
2734.70
2458.61
2458.61
1938.92
1938.92
2477.58
2477.58
2615.80
2615.80
600.30
600.30
2723.93
2723.93
2538.88
2538.88
2072.23
2072.23
2795.81
2795.81
25.58
25.58
371.20
371.20
2548.89
2548.89
233.97
233.97
1225.84
1225.84
2912.61
2912.61
2417.76
2417.76
2005.84
2005.84
13.83
13.83
1422.60
1422.60
191.14
191.14
33.41
33.41
321.22
321.22
1236.66
1236.66
2529.51
2529.51
2511.13
2511.13
401.36
401.36
1280.54
1280.54
2275.60
2275.60
43.50
43.50
834.43
834.43
2597.90
2597.90
580.22
580.22
2409.90
2409.90
58.99
58.99
18.30
18.30
2780.92
2780.92
2120.92
2120.92
1221.84
1221.84
2767.49
2767.49
2698.73
2698.73
2795.65
2795.65
2719.05
2719.05
10.51
10.51
2642.97
2642.97
2559.42
2559.42
2691.86
2691.86
2094.96
2094.96
2744.21
2744.21
2649.11
2649.11
1928.17
1928.17
2636.37
2636.37
2549.47
2549.47
875.11
875.11
2775.87
2775.87
20.94
20.94
1861.15
1861.15
15.90
15.90
491.63
491.63
19.08
19.08
923.19
923.19
1003.04
1003.04
13.06
13.06
54.35
54.35
1197.73
1197.73
1069.10
1069.10
2210.55
2210.55
2135.95
2135.95
2091.39
2091.39
101.38
101.38
55.08
55.08
13.62
13.62
49.08
49.08
2821.61
2821.61
529.81
529.81
2666.46
2666.46
2783.48
2783.48
245.04
245.04
612.37
612.37
718.73
718.73
831.44
831.44
15.68
15.68
2638.93
2638.93
1753.25
1753.25
2770.68
2770.68
2188.37
2188.37
566.76
566.76
1961.47
1961.47
2735.93
2735.93
1855.31
1855.31
23.36
23.36
2830.03
2830.03
1441.95
1441.95
801.38
801.38
2843.64
2843.64
1960.41
1960.41
2825.35
2825.35
2646.03
2646.03
2025.56
2025.56
2606.50
2606.50
2687.67
2687.67
1859.11
1859.11
2659.44
2659.44
2678.03
2678.03
2532.23
2532.23
2699.71
2699.71
2782.56
2782.56
1818.58
1818.58
2793.46
2793.46
2286.53
2286.53
1525.34
1525.34
2557.18
2557.18
2619.52
2619.52
814.80
814.80
2755.11
2755.11
2652.46
2652.46
2786.10
2786.10
2767.09
2767.09
2518.88
2518.88
2092.64
2092.64
2778.45
2778.45
2594.03
2594.03
2149.88
2149.88
2632.44
2632.44
2739.61
2739.61
2337.45
2337.45
2816.30
2816.30
2753.16
2753.16
1901.59
1901.59
2777.21
2777.21
2592.39
2592.39
1743.98
1743.98
2780.71
2780.71
2804.69
2804.69
1983.48
1983.48
2721.20
2721.20
2673.20
2673.20
81.04
81.04
2555.03
2555.03
2880.60
2880.60
1981.22
1981.22
2665.75
2665.75
2249.28
2249.28
2197.34
2197.34
2728.33
2728.33
2783.87
2783.87
1094.02
1094.02
2791.98
2791.98
2641.64
2641.64
1884.72
1884.72
2627.05
2627.05
2751.32
2751.32
2003.73
2003.73
2753.05
2753.05
847.85
847.85
2749.43
2749.43
2891.98
2891.98
1625.80
1625.80
566.62
566.62
2703.29
2703.29
2817.59
2817.59
337.01
337.01
790.69
790.69
2585.12
2585.12
2073.64
2073.64
185.06
185.06
1667.66
1667.66
2596.35
2596.35
2599.75
2599.75
1149.57
1149.57
779.18
779.18
2478.04
2478.04
351.72
351.72
1076.95
1076.95
2659.97
2659.97
925.68
925.68
1256.13
1256.13
2825.79
2825.79
2749.75
2749.75
2019.85
2019.85
908.81
908.81
2740.96
2740.96
2741.57
2741.57
66.21
66.21
2499.08
2499.08
1130.36
1130.36
2837.61
2837.61
16.96
16.96
2768.26
2768.26
15.39
15.39
1467.53
1467.53
2028.41
2028.41
1473.33
1473.33
92.18
92.18
2621.06
2621.06
2808.11
2808.11
2789.26
2789.26
2076.16
2076.16
2600.81
2600.81
2647.04
2647.04
912.17
912.17
54.91
54.91
2768.99
2768.99
869.05
869.05
241.61
241.61
1543.52
1543.52
11.58
11.58
2595.61
2595.61
799.29
799.29
2933.78
2933.78
1410.69
1410.69
2916.68
2916.68
1841.92
1841.92
18.73
18.73
1131.80
1131.80
1445.66
1445.66
1568.00
1568.00
2643.72
2643.72
2571.74
2571.74
2762.70
2762.70
2717.40
2717.40
2155.85
2155.85
14.07
14.07
2674.05
2674.05
1942.36
1942.36
2663.76
2663.76
2693.45
2693.45
1954.97
1954.97
2922.92
2922.92
2613.51
2613.51
1176.78
1176.78
807.56
807.56
2759.66
2759.66
2233.45
2233.45
2845.30
2845.30
2739.17
2739.17
2606.77
2606.77
2574.84
2574.84
2827.79
2827.79
2572.95
2572.95
2175.61
2175.61
2601.58
2601.58
2694.52
2694.52
1653.75
1653.75
2772.68
2772.68
2514.26
2514.26
2657.21
2657.21
2716.11
2716.11
2543.83
2543.83
2794.54
2794.54
2584.22
2584.22
2722.41
2722.41
2719.96
2719.96
2803.18
2803.18
2596.14
2596.14
2740.75
2740.75
2612.55
2612.55
2499.95
2499.95
2799.94
2799.94
2568.92
2568.92
2623.60
2623.60
2491.16
2491.16
2789.03
2789.03
2759.28
2759.28
2937.53
2937.53
27.92
27.92
2642.17
2642.17
2800.65
2800.65
2558.94
2558.94
2598.38
2598.38
2595.03
2595.03
2802.90
2802.90
2163.62
2163.62
2753.37
2753.37
2793.38
2793.38
2076.46
2076.46
1665.26
1665.26
370.15
370.15
2506.35
2506.35
1904.37
1904.37
787.31
787.31
2561.19
2561.19
2729.80
2729.80
2661.07
2661.07
2812.25
2812.25
2809.89
2809.89
2757.90
2757.90
1539.84
1539.84
2898.12
2898.12
2496.28
2496.28
2470.77
2470.77
2622.49
2622.49
2593.24
2593.24
2787.59
2787.59
2787.59
2787.59
2787.59
2787.59
1742.91
1742.91
2650.88
2650.88
1136.35
1136.35
2774.46
2774.46
2438.58
2438.58
2458.73
2458.73
593.86
593.86
199.39
199.39
2641.30
2641.30
2498.74
2498.74
1403.95
1403.95
232.57
232.57
191.74
191.74
2611.35
2611.35
2182.50
2182.50
2648.71
2648.71
2771.89
2771.89
2577.31
2577.31
2729.85
2729.85
2748.36
2748.36
2685.30
2685.30
2337.76
2337.76
918.22
918.22
2792.71
2792.71
2668.50
2668.50
2814.54
2814.54
1511.38
1511.38
809.34
809.34
1036.33
1036.33
2498.39
2498.39
2792.68
2792.68
2652.27
2652.27
2653.57
2653.57
1010.57
1010.57
2070.09
2070.09
18.84
18.84
74.75
74.75
455.75
455.75
991.58
991.58
1294.76
1294.76
166.06
166.06
1817.70
1817.70
2022.87
2022.87
2448.83
2448.83
482.20
482.20
2924.97
2924.97
1743.35
1743.35
622.27
622.27
2074.25
2074.25
36.42
36.42
1051.83
1051.83
790.80
790.80
766.19
766.19
1974.97
1974.97
1757.95
1757.95
2765.29
2765.29
492.97
492.97
10.00
10.00
34.19
34.19
494.29
494.29
2515.62
2515.62
788.34
788.34
1788.36
1788.36
50.71
50.71
2591.63
2591.63
471.85
471.85
458.78
458.78
2284.17
2284.17
500.53
500.53
289.37
289.37
91.02
91.02
110.68
110.68
73.72
73.72
496.13
496.13
45.42
45.42
51.03
51.03
605.84
605.84
77.22
77.22
588.05
588.05
113.45
113.45
343.47
343.47
1372.53
1372.53
981.46
981.46
800.74
800.74
201.92
201.92
864.17
864.17
521.90
521.90
34.44
34.44
29.30
29.30
1638.28
1638.28
1401.90
1401.90
99.48
99.48
10.00
10.00
23.62
23.62
1484.92
1484.92
1526.91
1526.91
36.26
36.26
712.90
712.90
2570.78
2570.78
2623.25
2623.25
2772.80
2772.80
2692.24
2692.24
330.83
330.83
2640.89
2640.89
2939.45
2939.45
11.50
11.50
2735.98
2735.98
1405.61
1405.61
2679.11
2679.11
1577.16
1577.16
416.64
416.64
10.00
10.00
53.76
53.76
186.92
186.92
56.77
56.77
2463.03
2463.03
659.71
659.71
2753.62
2753.62
225.09
225.09
1606.52
1606.52
20.54
20.54
2609.51
2609.51
68.23
68.23
868.63
868.63
2640.49
2640.49
161.69
161.69
1107.39
1107.39
1294.77
1294.77
2774.97
2774.97
890.19
890.19
53.29
53.29
1022.04
1022.04
2501.45
2501.45
626.93
626.93
2521.98
2521.98
2506.80
2506.80
1645.17
1645.17
2661.58
2661.58
2465.54
2465.54
2792.66
2792.66
2679.51
2679.51
2929.12
2929.12
2678.71
2678.71
2829.38
2829.38
1637.08
1637.08
109.41
109.41
1729.53
1729.53
1391.38
1391.38
386.61
386.61
1736.14
1736.14
1215.70
1215.70
2576.36
2576.36
2706.97
2706.97
2449.34
2449.34
2429.55
2429.55
2529.99
2529.99
2666.15
2666.15
2567.20
2567.20
2532.06
2532.06
534.46
534.46
2657.54
2657.54
2723.28
2723.28
2761.73
2761.73
2242.69
2242.69
2848.79
2848.79
1673.24
1673.24
2638.68
2638.68
2749.64
2749.64
2822.86
2822.86
2547.46
2547.46
2634.02
2634.02
795.48
795.48
2868.72
2868.72
2770.27
2770.27
2652.71
2652.71
2315.83
2315.83
968.56
968.56
2634.84
2634.84
2556.06
2556.06
1715.65
1715.65
2817.98
2817.98
2600.86
2600.86
2332.05
2332.05
2332.05
492.33
2676.88
2676.88
2623.17
2623.17
2623.17
2707.45
607.84
607.84
607.84
2720.64
2720.64
2694.59
2694.59
13.51
13.51
2832.31
2832.31
2570.16
2570.16
2735.65
2735.65
2690.46
2690.46
10.00
10.00
11.39
11.39
2564.56
2564.56
2723.95
2723.95
2695.45
2695.45
961.94
961.94
1513.60
1513.60
1006.24
1006.24
2772.44
2772.44
2618.88
2618.88
819.59
819.59
2793.23
2793.23
2702.41
2702.41
2783.98
2783.98
2748.15
2748.15
2769.24
2769.24
2778.13
2778.13
782.04
782.04
2665.86
2606.11
2606.11
2606.11
2600.02
2600.02
1175.47
1175.47
2591.95
2591.95
2588.30
2588.30
2710.92
2710.92
2847.67
2847.67
2670.56
2670.56
2777.42
2777.42
2758.82
2758.82
2777.25
2777.25
2578.33
2585.89
2585.89
2585.89
11.73
11.73
2761.97
2761.97
57.91
57.91
2854.87
2854.87
10.00
10.00
2670.86
2670.86
2529.97
2529.97
2653.85
2653.85
2779.31
2779.31
2725.46
2725.46
1747.64
1747.64
808.47
808.47
2843.43
2843.43
2663.23
2663.23
1662.96
1662.96
2599.07
2599.07
1518.91
1518.91
2725.79
2725.79
2177.40
2177.40
1364.64
1364.64
2550.04
2550.04
792.04
792.04
2200.35
2200.35
802.75
802.75
2488.99
2488.99
2556.99
2556.99
25.10
25.10
2817.18
2817.18
2298.06
2298.06
955.56
955.56
2238.06
2238.06
617.86
617.86
1510.09
1510.09
2687.54
2687.54
1558.75
1558.75
33.97
33.97
598.13
598.13
233.25
233.25
10.00
10.00
144.06
144.06
16.06
16.06
137.31
137.31
528.01
528.01
17.40
17.40
2176.28
2176.28
77.76
77.76
1696.92
1696.92
557.47
557.47
60.95
60.95
145.72
145.72
26.34
26.34
378.96
378.96
557.54
557.54
444.52
444.52
1284.56
1284.56
2106.81
2106.81
1250.11
1250.11
544.64
544.64
2113.55
2113.55
2799.92
2799.92
188.21
188.21
2577.98
2577.98
37.42
37.42
1421.29
1421.29
1001.66
1001.66
863.26
863.26
84.90
84.90
1897.33
1897.33
2653.55
2653.55
2597.09
2597.09
1886.67
1886.67
2575.25
2575.25
2661.72
2661.72
2565.68
2565.68
1332.59
1332.59
2813.13
2813.13
2649.60
2649.60
2732.03
2732.03
2711.91
2711.91
2805.16
2805.16
2621.08
2621.08
2593.56
2593.56
194.66
194.66
130.37
130.37
2829.65
2829.65
2334.20
2334.20
18.71
18.71
13.47
13.47
43.30
43.30
2616.68
2616.68
2655.81
2655.81
2750.07
2750.07
130.89
130.89
2625.79
2625.79
321.61
321.61
2869.35
2869.35
2565.47
2565.47
724.56
724.56
17.26
17.26
2837.41
2837.41
2714.66
2714.66
16.49
16.49
2157.72
2157.72
11.00
11.00
2710.12
2710.12
2595.44
2595.44
2700.66
2700.66
2864.22
2864.22
2691.57
2691.57
871.02
871.02
2761.96
2761.96
2662.62
2662.62
2775.40
2775.40
2723.63
2723.63
2172.81
2172.81
2773.77
2773.77
2368.75
2368.75
2768.64
2768.64
2807.01
2807.01
788.45
788.45
2604.17
2604.17
18.38
18.38
1057.56
1057.56
2289.28
2289.28
2661.36
2661.36
2835.78
2835.78
12.96
12.96
2659.12
2659.12
2789.78
2789.78
2698.97
2698.97
2680.71
2680.71
2588.57
2588.57
2511.61
2511.61
2623.95
2623.95
2569.93
2569.93
2616.24
2616.24
1691.42
1691.42
1968.59
1968.59
2624.29
2624.29
2924.70
2924.70
765.14
765.14
2679.38
2679.38
268.88
268.88
2637.91
2637.91
2764.64
2764.64
2617.71
2617.71
2694.67
2694.67
2225.24
2225.24
2615.52
2615.52
2688.01
2688.01
2796.20
2796.20
2655.90
2655.90
2684.52
2684.52
2644.74
2644.74
2648.32
2648.32
2826.40
2826.40
10.77
10.77
2721.79
2721.79
2701.18
2701.18
2695.78
2695.78
2760.91
2760.91
2851.59
2851.59
130.44
130.44
2599.01
2599.01
2849.41
2849.41
2725.84
2725.84
2736.57
2736.57
2630.12
2630.12
2741.92
2741.92
2545.06
2545.06
1822.96
1822.96
2580.44
2580.44
2679.89
2679.89
2665.74
2665.74
2697.19
2697.19
2609.49
2609.49
2660.92
2660.92
235.89
235.89
2592.17
2592.17
2807.14
2807.14
2739.48
2739.48
2702.22
2702.22
942.86
942.86
2751.36
2751.36
2784.92
2784.92
2555.06
2555.06
2774.78
2774.78
2669.34
2669.34
2548.11
2548.11
2772.83
2772.83
2530.15
2530.15
2684.90
2684.90
1651.95
1651.95
2815.85
2815.85
2820.26
2820.26
2566.11
2566.11
2802.06
2802.06
2666.70
2666.70
2573.42
2573.42
2783.38
2783.38
2389.15
2389.15
14.41
14.41
1879.97
1879.97
19.16
19.16
15.06
15.06
2258.71
2258.71
2632.10
2632.10
1695.82
1695.82
1799.95
1799.95
2745.04
2745.04
2799.05
2799.05
902.32
902.32
2737.85
2737.85
2861.92
2861.92
2570.97
2570.97
2598.42
2598.42
2339.51
2339.51
2577.17
2577.17
438.04
438.04
2662.11
2662.11
177.25
177.25
1580.44
1580.44
2722.47
2722.47
1715.96
1715.96
10.01
10.01
1977.37
1977.37
2590.70
2590.70
2084.38
2084.38
67.41
67.41
905.97
905.97
2779.21
2779.21
1615.28
1615.28
2810.59
2810.59
1855.57
1855.57
2553.32
2553.32
2725.27
2725.27
2730.47
2730.47
2809.90
2809.90
2617.01
2617.01
14.18
14.18
2737.93
2737.93
2795.85
2795.85
2238.44
2238.44
2637.83
2637.83
2682.96
2682.96
2653.41
2653.41
2699.74
2699.74
24.00
24.00
2822.89
2822.89
2747.87
2747.87
2310.21
2310.21
2599.42
2599.42
2878.39
2878.39
2555.81
2555.81
2896.85
2896.85
1529.98
1529.98
2695.50
2695.50
2460.10
2460.10
2578.96
2578.96
2334.16
2334.16
2912.72
2912.72
2729.25
2729.25
2137.89
2137.89
2726.42
2726.42
1064.36
1064.36
2716.86
2716.86
3010.47
3010.47
2239.89
2239.89
2797.83
2797.83
2795.24
2795.24
2552.06
2552.06
2794.20
2794.20
2878.41
2878.41
2675.74
2675.74
2614.08
2614.08
1478.23
1478.23
2871.17
2871.17
2743.51
2743.51
2681.22
2681.22
2231.66
2231.66
2906.50
2906.50
2475.24
2475.24
2121.37
2121.37
2364.33
2364.33
735.68
735.68
2844.81
2844.81
2419.17
2419.17
532.65
532.65
2634.02
2634.02
2522.36
2522.36
2489.00
2489.00
2570.12
2570.12
2284.21
2284.21
2817.90
2817.90
2951.84
2951.84
2816.29
2816.29
2707.23
2707.23
2722.88
2722.88
2764.86
2764.86
2702.39
2702.39
2669.73
2669.73
2955.76
2955.76
2955.76
2955.76
2348.47
2348.47
2597.20
2597.20
2927.94
2927.94
2927.94
2927.94
2927.94
2927.94
2777.84
2777.84
2649.35
2649.35
2068.53
2068.53
2483.53
2483.53
2565.90
2565.90
2663.81
2663.81
2710.34
2710.34
2128.03
2128.03
2666.05
2666.05
2677.26
2677.26
2855.46
2855.46
2738.01
2738.01
2687.69
2687.69
2858.92
2858.92
2640.62
2640.62
2689.31
2689.31
2722.24
2722.24
2586.71
2586.71
2766.42
2766.42
2150.31
2150.31
2150.31
2150.31
2623.20
2623.20
2787.34
2787.34
2360.57
2360.57
2757.88
2757.88
2758.61
2758.61
2559.84
2559.84
2896.90
2896.90
2704.82
2704.82
2704.82
2704.82
2821.00
2821.00
2705.61
2705.61
2380.57
2380.57
2785.81
2785.81
2763.70
2763.70
2674.50
2674.50
2889.85
2889.85
2823.51
2823.51
2750.93
2750.93
2659.23
2659.23
2730.56
2730.56
2854.75
2854.75
2929.69
2929.69
17.68
17.68
799.29
799.29
2797.57
2797.57
2888.77
2888.77
2725.15
2725.15
550.50
550.50
2718.51
2718.51
73.34
73.34
458.17
458.17
1624.39
1624.39
454.75
454.75
1507.34
1507.34
1374.08
1374.08
1374.08
1374.08
2791.88
2791.88
2898.70
2898.70
2898.70
2898.70
2897.44
2897.44
2880.16
2880.16
2205.81
2205.81
29.39
29.39
2543.32
2543.32
2634.50
2634.50
2631.25
2631.25
2557.76
2557.76
2685.21
2685.21
2488.65
2488.65
2556.63
2556.63
2727.99
2727.99
2650.69
2650.69
2741.69
2741.69
2645.11
2645.11
2710.72
2710.72
2694.01
2694.01
2616.59
2616.59
1721.36
1721.36
2746.08
2746.08
2819.00
2819.00
2792.75
2792.75
2594.57
2594.57
2628.74
2628.74
2626.30
2626.30
2870.18
2870.18
2870.18
2870.18
2870.18
2870.18
2870.18
2870.18
2636.22
2636.22
2877.83
2877.83
2707.49
2707.49
28.05
28.05
2100.59
2100.59
2457.19
2457.19
2829.22
2829.22
2643.10
2643.10
2829.34
2829.34
2727.72
2727.72
2673.21
2673.21
2741.50
2741.50
822.41
822.41
2747.12
2747.12
2645.13
2645.13
2690.30
2690.30
2685.42
2685.42
382.51
382.51
2559.76
2559.76
2624.35
2624.35
2775.71
2775.71
1359.05
1359.05
510.75
510.75
2756.51
2756.51
2586.64
2586.64
2513.14
2513.14
1596.67
1596.67
2752.84
2752.84
2207.50
2207.50
2563.88
2563.88
2721.05
2721.05
1224.45
1224.45
20.72
20.72
2670.93
2670.93
1811.40
1811.40
1137.93
1137.93
726.15
726.15
25.20
25.20
2806.97
2806.97
1101.36
1101.36
2602.85
2602.85
497.66
497.66
663.61
663.61
663.61
663.61
20.76
20.76
1119.43
921.35
955.16
955.16
773.28
773.28
10.63
10.63
564.83
564.83
577.69
577.69
1148.17
1148.17
147.26
147.26
71.56
71.56
19.43
19.43
1441.54
1441.54
1034.09
1034.09
2114.72
2114.72
13.87
13.87
157.96
157.96
804.88
804.88
2601.83
2601.83
2807.49
2807.49
2601.68
2601.68
700.78
700.78
700.78
28.66
28.66
1017.74
1017.74
1462.91
1462.91
2708.20
2708.20
880.30
880.30
566.38
566.38
1125.08
1125.08
343.42
343.42
343.42
274.28
274.28
274.28
719.77
719.77
258.63
29.76
2041.53
2041.53
2209.50
2209.50
232.85
232.85
95.00
95.00
157.47
157.47
40.65
40.65
670.23
670.23
1903.08
1903.08
1517.53
1517.53
1552.54
1552.54
19.23
19.23
579.57
579.57
27.44
27.44
886.46
886.46
102.43
102.43
502.58
502.58
396.93
396.93
1567.53
1567.53
2062.71
2062.71
872.01
872.01
1261.74
1261.74
1248.31
1248.31
2575.93
2575.93
2535.57
2535.57
2111.52
2111.52
2088.66
2088.66
2374.35
2374.35
2116.68
2116.68
125.02
125.02
323.08
323.08
79.56
79.56
773.70
773.70
420.87
420.87
309.97
309.97
578.40
578.40
203.03
203.03
752.55
752.55
113.59
113.59
29.95
29.95
570.76
570.76
2665.15
2665.15
25.69
25.69
181.62
181.62
155.81
155.81
910.06
910.06
284.11
284.11
1628.76
1628.76
973.66
973.66
53.20
53.20
10.00
10.00
2206.81
2206.81
841.67
841.67
81.07
81.07
60.28
60.28
10.00
10.00
53.49
53.49
202.50
202.50
26.00
26.00
55.04
55.04
804.17
804.17
2416.08
2416.08
2246.60
2246.60
2664.72
2664.72
289.83
289.83
53.90
53.90
2289.35
2289.35
58.89
58.89
766.36
766.36
578.25
578.25
265.77
265.77
28.69
28.69
2296.17
2296.17
14.40
14.40
1468.06
1468.06
582.78
582.78
356.39
356.39
89.18
89.18
362.50
362.50
503.35
503.35
2167.48
2167.48
2177.69
2177.69
10.00
10.00
2280.83
2280.83
98.67
98.67
746.88
746.88
2364.53
2364.53
1422.29
1422.29
1747.33
1747.33
2186.45
2186.45
1357.64
1357.64
1421.09
1421.09
1266.08
1266.08
10.00
10.00
19.46
19.46
30.26
30.26
603.99
603.99
806.38
806.38
109.16
109.16
531.62
531.62
2327.81
2327.81
83.83
83.83
2699.96
2699.96
2200.69
2200.69
2496.28
2496.28
2427.52
2427.52
397.83
397.83
2482.47
2482.47
791.21
791.21
1129.57
1129.57
2332.02
2332.02
2290.78
2290.78
2101.44
2101.44
2496.39
2496.39
2920.18
2920.18
2804.34
2804.34
2404.99
2404.99
2619.91
2619.91
2302.83
2302.83
2455.05
2455.05
2032.13
2032.13
772.13
772.13
2582.87
2582.87
2376.57
2376.57
91.69
91.69
1403.38
1403.38
2437.69
2437.69
613.14
613.14
802.57
802.57
1662.94
1662.94
2529.51
2529.51
1757.42
1757.42
2636.62
2636.62
781.28
781.28
2754.49
2754.49
2426.03
2426.03
800.73
800.73
2011.91
2011.91
2448.20
2448.20
2591.94
2591.94
2648.80
2648.80
2386.21
2386.21
2683.29
2683.29
2493.76
2493.76
2764.27
2764.27
15.02
15.02
2596.44
2596.44
2616.26
2616.26
2247.25
2247.25
2768.28
2768.28
1856.80
1856.80
12.06
12.06
780.21
780.21
2686.82
2686.82
2396.37
2396.37
2612.57
2612.57
2354.10
2354.10
2657.39
2657.39
2204.67
2204.67
28.48
28.48
2587.18
2587.18
2270.02
2270.02
804.87
804.87
2508.96
2508.96
13.88
13.88
2415.09
2415.09
126.37
126.37
23.49
23.49
1737.49
1737.49
1423.17
1423.17
1471.85
1471.85
2065.58
2065.58
1282.81
1282.81
2167.86
2167.86
2436.53
2436.53
2149.26
2149.26
754.87
754.87
2479.67
2479.67
10.00
10.00
2091.32
2091.32
1941.64
1941.64
2253.97
2253.97
10.00
10.00
744.42
744.42
1131.16
1131.16
66.24
66.24
1906.10
1906.10
845.62
845.62
1244.15
1244.15
1423.43
1423.43
259.76
259.76
2826.25
2826.25
1211.94
1211.94
1758.69
1758.69
2463.68
2463.68
2416.03
2416.03
2230.71
2230.71
1522.66
1522.66
254.72
254.72
35.07
35.07
2016.35
2016.35
2080.90
2080.90
2633.88
2633.88
2300.33
2300.33
352.14
352.14
2092.66
2092.66
2409.51
2409.51
2506.67
2506.67
1658.62
1658.62
2184.24
2184.24
1412.22
1412.22
2540.33
2540.33
27.94
27.94
2599.79
2599.79
2297.77
2297.77
326.46
326.46
1784.53
1784.53
2391.51
2391.51
2129.81
2129.81
781.95
781.95
1804.09
1804.09
2167.93
2167.93
2416.87
2416.87
2136.88
2136.88
2144.67
2144.67
218.37
218.37
1541.38
1541.38
449.60
449.60
1811.81
1811.81
495.03
495.03
2467.01
2467.01
2113.28
2113.28
2329.75
2329.75
1690.11
1690.11
41.27
41.27
1749.99
1749.99
771.94
771.94
2195.07
2195.07
2707.79
2707.79
309.71
309.71
1204.59
1204.59
1968.07
1968.07
2062.46
2062.46
1890.24
1890.24
273.73
273.73
721.54
721.54
1118.37
1118.37
1780.57
1780.57
1723.14
1723.14
39.07
39.07
785.84
785.84
928.27
928.27
1480.21
1480.21
318.87
318.87
2120.73
2120.73
693.32
693.32
32.09
32.09
28.91
28.91
87.99
87.99
2473.39
2473.39
2495.27
2495.27
2764.46
2764.46
754.69
754.69
2675.74
2675.74
2031.30
2031.30
1419.32
1419.32
1874.75
1874.75
579.51
579.51
25.59
25.59
314.28
314.28
40.61
40.61
646.60
646.60
800.62
800.62
2646.53
2646.53
11.85
11.85
1627.93
1627.93
29.22
29.22
2080.76
2080.76
1904.31
1904.31
1937.14
1937.14
1712.88
1712.88
728.64
728.64
462.98
462.98
639.75
639.75
681.58
681.58
681.58
681.58
692.99
692.99
2224.39
2224.39
375.26
375.26
17.53
17.53
70.35
70.35
36.17
36.17
488.86
488.86
2774.95
2774.95
613.69
613.69
741.21
741.21
631.07
631.07
176.52
176.52
2209.69
2209.69
2721.25
2721.25
80.38
80.38
2492.96
2492.96
1963.81
1963.81
2522.88
2522.88
2196.48
2196.48
1376.03
1376.03
1371.07
1371.07
2748.18
2748.18
2496.93
2496.93
2575.73
2575.73
1188.45
1188.45
2719.27
2719.27
2268.36
2268.36
15.36
15.36
2374.26
2374.26
31.22
31.22
1364.92
1364.92
1127.68
1127.68
867.13
867.13
71.68
71.68
14.13
14.13
1909.30
1909.30
27.00
27.00
319.42
319.42
1911.20
1911.20
2046.88
2046.88
146.05
146.05
17.62
17.62
300.11
300.11
154.72
154.72
1961.08
1961.08
417.92
417.92
1298.21
1298.21
37.34
37.34
785.10
785.10
2474.62
2474.62
2574.34
2574.34
1253.39
1253.39
306.72
306.72
789.56
789.56
1489.29
1489.29
912.73
912.73
19.06
19.06
2134.42
2134.42
2014.31
2014.31
2030.56
2030.56
784.99
784.99
1721.78
1721.78
2427.11
2427.11
2354.23
2354.23
957.57
957.57
1352.19
1352.19
1964.20
1964.20
1566.30
1566.30
1610.39
1610.39
1956.96
1956.96
38.43
38.43
1404.70
1404.70
2484.33
2484.33
2573.65
2573.65
2124.50
2124.50
126.93
126.93
2438.09
2438.09
1386.87
1386.87
2096.05
2096.05
2549.42
2549.42
2358.38
2358.38
2354.66
2354.66
2190.27
2190.27
1859.46
1859.46
2062.42
2062.42
2430.40
2430.40
2577.65
2577.65
1944.24
1944.24
1926.70
1926.70
2256.50
2256.50
1880.05
1880.05
1638.59
1638.59
1329.64
1329.64
1070.21
1070.21
1195.43
1195.43
1693.08
1693.08
1856.25
1856.25
2681.07
2681.07
1714.88
1714.88
2491.66
2491.66
2101.09
2101.09
1306.16
1306.16
32.50
32.50
1544.29
1544.29
2442.36
2442.36
2745.47
2745.47
181.65
181.65
2660.96
2660.96
14.80
14.80
2813.27
2813.27
2103.20
2103.20
2697.74
2697.74
2206.72
2206.72
2533.96
2533.96
2107.19
2107.19
1455.38
1455.38
2285.00
2285.00
2524.75
2524.75
445.00
445.00
2730.58
2730.58
1955.49
1955.49
2695.28
2695.28
2032.51
2032.51
2677.58
2677.58
2127.72
2127.72
2492.74
2492.74
2223.51
2223.51
2729.66
2729.66
2090.71
2090.71
11.37
11.37
1912.88
1912.88
1907.07
1907.07
1698.64
1698.64
2735.90
2735.90
1480.83
1480.83
1484.55
1484.55
1349.00
1349.00
1569.43
1569.43
1426.19
1426.19
1106.01
1106.01
241.00
241.00
2463.33
2463.33
2170.58
2170.58
1185.89
1185.89
2007.89
2007.89
2507.50
2507.50
2046.37
2046.37
1672.71
1672.71
1590.40
1590.40
1549.03
1549.03
2441.38
2441.38
282.78
282.78
1927.07
1927.07
2704.58
2704.58
1060.52
1060.52
2710.43
2710.43
856.28
856.28
1161.78
1161.78
32.81
32.81
2645.98
2645.98
2089.22
2089.22
2709.78
2709.78
2513.40
2513.40
35.94
35.94
42.84
42.84
10.00
10.00
2213.06
2213.06
77.39
77.39
791.32
791.32
40.22
40.22
419.60
419.60
788.16
788.16
166.16
166.16
964.62
964.62
412.88
412.88
1128.06
1128.06
1515.66
1515.66
1677.57
1677.57
1685.60
1685.60
1777.85
1777.85
1996.94
1996.94
884.96
884.96
786.03
786.03
1522.11
1522.11
1328.85
1328.85
26.97
26.97
26.48
26.48
10.00
10.00
2450.53
2450.53
27.74
27.74
2674.20
2674.20
2550.81
2550.81
771.02
771.02
10.00
10.00
937.22
937.22
395.14
395.14
52.51
52.51
10.00
10.00
12.51
12.51
2343.57
2343.57
11.29
11.29
51.79
51.79
51.79
2100.99
2100.99
1992.44
1824.64
1824.64
2003.04
2003.04
2003.04
2374.73
2374.73
2712.10
2712.10
2402.46
2402.46
2474.45
2474.45
165.60
165.60
49.11
49.11
1062.80
1062.80
2637.36
2637.36
2684.28
2684.28
2194.01
2194.01
2533.76
2533.76
2652.73
2652.73
57.29
57.29
2689.52
2689.52
2378.07
2378.07
2522.70
2522.70
1261.79
1261.79
14.13
14.13
1671.34
1671.34
23.05
23.05
31.62
31.62
1270.40
1270.40
1053.96
1053.96
543.30
543.30
1513.12
1513.12
1541.62
1541.62
757.95
757.95
27.95
27.95
10.00
10.00
1061.74
1061.74
882.38
882.38
1811.24
1811.24
2237.65
2237.65
2438.28
2438.28
2456.68
2456.68
2373.69
2373.69
2200.46
2200.46
2728.59
2728.59
2344.46
2344.46
2974.00
2974.00
2524.37
2524.37
2590.60
2590.60
2570.24
2570.24
2546.30
2546.30
2537.11
2537.11
478.15
478.15
2564.06
2564.06
2549.07
2549.07
2197.72
2197.72
2713.63
2713.63
2713.63
2713.63
2713.63
2713.63
2713.63
2713.63
1434.18
1434.18
390.49
390.49
219.26
219.26
726.39
726.39
1827.20
1827.20
14.50
14.50
402.26
402.26
668.38
668.38
20.78
20.78
1103.47
1103.47
2599.52
2599.52
446.94
446.94
2614.81
2614.81
2165.51
2165.51
2278.26
2278.26
2011.29
2011.29
333.65
333.65
1802.87
1802.87
2565.99
2565.99
2125.91
2125.91
25.91
25.91
1797.44
1797.44
237.51
237.51
168.99
168.99
874.74
874.74
82.93
82.93
1414.39
1414.39
17.80
17.80
2584.07
2584.07
2673.24
2673.24
2537.18
2537.18
2644.38
2644.38
2838.66
2838.66
2357.75
2357.75
2327.90
2327.90
2262.38
2262.38
1915.77
1915.77
2583.60
2583.60
2446.73
2446.73
2742.71
2742.71
1462.53
1462.53
2108.73
2108.73
45.97
45.97
1967.92
1967.92
2637.26
2637.26
2423.26
2423.26
1032.48
1032.48
1160.66
1160.66
611.53
611.53
1278.39
1278.39
24.63
24.63
14.08
14.08
131.27
131.27
2144.68
2144.68
1944.76
1944.76
870.71
870.71
2158.01
2158.01
1378.94
1378.94
209.16
209.16
93.44
93.44
23.44
23.44
35.80
35.80
2296.81
2296.81
1757.52
1757.52
1958.07
1958.07
14.05
14.05
2580.11
2580.11
2424.66
2424.66
2560.92
2560.92
149.58
149.58
185.59
185.59
1162.75
1162.75
2464.73
2464.73
2622.95
2622.95
2125.72
2125.72
2677.78
2677.78
2722.09
2722.09
2007.70
2007.70
2376.26
2376.26
2210.08
2210.08
832.92
832.92
2567.44
2567.44
2339.39
2339.39
994.37
994.37
2903.28
2903.28
2718.81
2718.81
2788.49
2788.49
2244.87
2244.87
2549.61
2549.61
2496.29
2496.29
999.92
999.92
2437.96
2437.96
1893.34
1893.34
2773.18
2773.18
1892.47
1892.47
1944.81
1944.81
1508.85
1508.85
1592.13
1592.13
1771.02
1771.02
2214.24
2214.24
2131.88
2131.88
1789.08
1789.08
1658.71
1658.71
2021.59
2021.59
2696.18
2696.18
2504.64
2504.64
2810.35
2810.35
1773.24
1773.24
2504.59
2504.59
2459.64
2459.64
2369.11
2369.11
2142.44
2142.44
2240.95
2240.95
18.47
18.47
2545.10
2545.10
790.71
790.71
2220.02
2220.02
2592.72
2592.72
2564.50
2564.50
2552.27
2552.27
2746.02
2746.02
2421.76
2421.76
2289.52
2289.52
391.19
391.19
2575.09
2575.09
922.88
922.88
2641.33
2641.33
621.83
621.83
2448.55
2448.55
1454.38
1454.38
2499.91
2499.91
1937.01
1937.01
2342.16
2342.16
2393.13
2393.13
559.22
559.22
949.22
949.22
36.21
36.21
1192.19
1192.19
2108.72
2108.72
742.53
742.53
1910.82
1910.82
2356.94
2356.94
1964.06
1964.06
1477.67
1477.67
1821.18
1821.18
1182.58
1182.58
2652.88
2652.88
2604.88
2604.88
10.43
10.43
443.51
443.51
1224.77
1224.77
2372.28
2372.28
2585.72
2585.72
1286.66
1286.66
159.95
159.95
10.79
10.79
732.29
732.29
108.25
108.25
28.11
28.11
87.27
87.27
2643.65
2643.65
731.24
731.24
2500.45
2500.45
1263.87
1263.87
2764.30
2764.30
2600.36
2600.36
2637.61
2637.61
2931.90
2931.90
2609.28
2609.28
2565.84
2565.84
1032.01
1032.01
2589.64
2589.64
2681.36
2681.36
1902.68
1902.68
628.56
628.56
1258.59
1258.59
233.77
233.77
1955.00
1955.00
752.87
752.87
1621.39
1621.39
1658.12
1658.12
1572.77
1572.77
1735.18
1735.18
401.12
401.12
594.35
594.35
928.84
928.84
2031.54
2031.54
1266.40
1266.40
743.70
743.70
2025.17
2025.17
15.54
15.54
1954.60
1954.60
13.12
13.12
338.63
338.63
1009.52
1009.52
2775.65
2775.65
2747.87
2747.87
342.84
342.84
1854.65
1854.65
822.44
822.44
72.38
72.38
1740.66
1740.66
1701.58
1701.58
2331.33
2331.33
2593.05
2593.05
2475.93
2475.93
2635.01
2635.01
400.72
400.72
2425.95
2425.95
2417.76
2417.76
1887.18
1887.18
2462.83
2462.83
2508.64
2508.64
2362.27
2362.27
2351.30
2351.30
2615.22
2615.22
1439.75
1439.75
2335.63
2335.63
12.99
12.99
32.34
32.34
30.18
30.18
2374.85
2374.85
2419.85
2419.85
2389.68
2389.68
2455.45
2455.45
1392.51
1392.51
1832.36
1832.36
1633.15
1633.15
1332.45
1332.45
1196.34
1196.34
1034.01
1034.01
2011.95
2011.95
331.23
331.23
1484.08
1484.08
1509.32
1509.32
1133.91
1133.91
350.05
350.05
2720.66
2720.66
1549.49
1549.49
1897.22
1897.22
1669.08
1669.08
1226.23
1226.23
2501.59
2501.59
2675.62
2675.62
2632.06
2632.06
2204.10
2204.10
2773.86
2773.86
2478.16
2478.16
2148.46
2148.46
2474.69
2474.69
2107.94
2107.94
2489.20
2489.20
2532.86
2532.86
2466.54
2466.54
2898.98
2898.98
3054.03
3054.03
2469.97
2469.97
2789.40
2789.40
2598.30
2598.30
2554.66
2554.66
2473.66
2473.66
2299.80
2299.80
2340.60
2340.60
2669.44
2669.44
1951.26
1951.26
132.31
132.31
1913.55
1913.55
1878.87
1878.87
1878.87
1878.87
1878.87
1878.87
1198.39
1198.39
1351.30
1351.30
1477.55
1477.55
1646.92
1646.92
1368.58
1368.58
938.59
938.59
2115.01
2115.01
2409.83
2409.83
2248.32
2248.32
2647.36
2647.36
2717.27
2717.27
1667.01
1667.01
1395.39
1395.39
15.24
15.24
1933.69
1933.69
2077.76
2077.76
2639.26
2639.26
2241.80
2241.80
796.98
796.98
1089.93
1089.93
235.13
235.13
1212.61
1212.61
2239.37
2239.37
89.75
89.75
102.98
102.98
113.67
113.67
202.67
202.67
39.53
39.53
1395.05
1395.05
109.83
109.83
2047.62
2047.62
2547.96
2547.96
2659.51
2659.51
2351.91
2351.91
13.49
13.49
17.45
17.45
416.02
416.02
924.68
924.68
988.90
988.90
270.51
270.51
2284.83
2284.83
2463.78
2463.78
804.50
804.50
10.00
10.00
55.05
55.05
456.95
456.95
20.43
20.43
802.73
802.73
66.62
66.62
903.83
903.83
851.86
851.86
1850.99
1850.99
77.27
77.27
2030.58
2030.58
782.10
782.10
1596.57
1596.57
13.62
13.62
1757.01
1757.01
1390.99
1390.99
2375.48
2375.48
2534.87
2534.87
2429.37
2429.37
2743.89
2743.89
1632.60
1632.60
18.75
18.75
2077.55
2077.55
2335.70
2335.70
1566.50
1566.50
359.81
359.81
1729.35
1729.35
2638.59
2638.59
10.00
10.00
2302.76
2302.76
18.24
18.24
1642.28
1642.28
2155.58
2155.58
1344.64
1344.64
2325.50
2325.50
37.00
37.00
359.61
359.61
475.39
475.39
2202.67
2202.67
1216.64
1216.64
2857.74
2857.74
2592.70
2592.70
1190.20
1190.20
2212.79
2212.79
450.74
450.74
2688.77
2688.77
10.00
10.00
113.23
113.23
71.09
71.09
36.06
36.06
219.53
219.53
1883.86
1883.86
1730.36
1730.36
1730.36
1127.54
785.17
785.17
2759.26
2759.26
2821.04
2821.04
1209.40
1209.40
233.28
233.28
989.17
989.17
1353.88
1353.88
55.18
55.18
1597.28
1597.28
352.36
352.36
2136.52
2136.52
12.29
12.29
967.48
967.48
505.60
505.60
1654.82
1654.82
1654.82
887.68
11.23
11.23
2133.15
2133.15
2443.56
2443.56
803.73
803.73
2546.51
2546.51
22.68
22.68
2239.45
2239.45
2357.22
2357.22
2599.22
2599.22
1156.78
1156.78
121.34
121.34
952.77
952.77
952.77
60.57
159.76
159.76
25.84
25.84
2565.15
2565.15
1922.40
1922.40
1530.45
1530.45
1920.77
1920.77
74.09
74.09
1679.92
1679.92
252.81
252.81
223.67
223.67
364.33
364.33
1358.34
1358.34
781.23
781.23
493.60
493.60
589.78
589.78
14.59
14.59
15.09
15.09
26.68
26.68
341.49
341.49
651.71
651.71
10.89
10.89
1716.65
1716.65
776.98
776.98
2183.21
2183.21
2721.42
2721.42
413.45
413.45
2317.54
2317.54
2592.97
2592.97
1798.78
1798.78
18.14
18.14
75.03
75.03
655.79
655.79
37.98
37.98
1429.66
1429.66
2068.16
2068.16
2187.44
2187.44
2534.21
2534.21
2386.12
2386.12
738.52
738.52
1469.36
1469.36
2297.60
2297.60
2297.60
775.35
1527.08
1527.08
411.78
411.78
411.78
1363.79
344.74
344.74
344.74
2045.49
2045.49
1301.60
1426.55
1426.55
1426.55
1176.47
830.05
830.05
830.05
24.89
24.89
2024.14
2024.14
696.09
696.09
10.00
10.00
151.16
151.16
579.75
579.75
1259.26
1259.26
650.47
650.47
1064.73
1064.73
967.53
967.53
884.11
884.11
1317.47
1317.47
847.82
847.82
1919.83
1919.83
736.79
736.79
1703.69
1703.69
1656.26
1656.26
2598.47
2598.47
2478.22
2478.22
2761.46
2761.46
2590.50
2590.50
1755.72
1755.72
2287.28
2287.28
2122.54
2122.54
722.15
722.15
2730.56
2730.56
1136.23
1136.23
2441.15
2441.15
1477.33
1477.33
2579.50
2579.50
2596.07
2596.07
2471.34
2471.34
2641.87
2641.87
2839.15
2839.15
2708.27
2708.27
2544.26
2544.26
2249.55
2249.55
2226.74
2226.74
2600.45
2600.45
2539.55
2539.55
2670.76
2670.76
2672.89
2672.89
2672.89
2672.89
1807.86
1807.86
2173.86
2173.86
1858.45
1858.45
1858.45
1858.45
1858.45
1858.45
1631.74
1631.74
1380.11
1380.11
963.80
963.80
1316.30
1316.30
2062.50
2062.50
1450.50
1450.50
1867.44
1867.44
2565.00
2565.00
10.00
10.00
1456.52
1456.52
1665.03
1665.03
1995.65
1995.65
2225.38
2225.38
1843.89
1843.89
2501.77
2501.77
2350.52
2350.52
2858.25
2858.25
2734.76
2734.76
1571.78
1571.78
1417.38
1417.38
2650.10
2650.10
2136.41
2136.41
2569.21
2569.21
2322.10
2322.10
2819.97
2819.97
2142.49
2142.49
10.00
10.00
2639.26
2639.26
2158.89
2158.89
250.01
250.01
368.25
368.25
2147.90
2147.90
2556.95
2556.95
783.28
783.28
2510.71
2510.71
195.29
195.29
107.77
107.77
1939.64
1939.64
1772.39
1772.39
2035.88
2035.88
1980.24
1980.24
1162.12
1162.12
1809.98
1809.98
902.43
902.43
335.52
335.52
425.53
425.53
2317.66
2317.66
13.48
13.48
450.12
450.12
898.29
898.29
2491.49
2491.49
1649.22
1649.22
2748.65
2748.65
93.89
93.89
13.51
13.51
80.51
80.51
411.38
411.38
44.59
44.59
2572.69
2572.69
2428.04
2428.04
1384.17
1384.17
41.47
41.47
2439.84
2439.84
2356.14
2356.14
780.81
780.81
2356.19
2356.19
2598.50
2598.50
81.56
81.56
79.88
79.88
56.16
56.16
2526.85
2526.85
10.00
10.00
239.37
239.37
63.63
63.63
86.04
86.04
42.56
42.56
1781.66
1781.66
255.22
255.22
1396.91
1396.91
52.12
52.12
1908.14
1908.14
22.65
22.65
2899.49
2899.49
87.86
87.86
1817.69
1817.69
40.00
40.00
20.07
20.07
989.86
989.86
510.50
510.50
1415.62
1415.62
692.95
692.95
10.00
10.00
1493.09
1493.09
590.60
590.60
1684.63
1684.63
780.74
780.74
1400.22
1400.22
1633.05
1633.05
133.68
133.68
2339.23
2339.23
2512.08
2512.08
430.10
430.10
754.36
754.36
1186.70
1186.70
839.75
839.75
1391.86
1391.86
269.75
269.75
18.76
18.76
1629.22
1629.22
1901.65
1901.65
103.73
103.73
587.88
587.88
230.45
230.45
92.92
92.92
766.48
766.48
69.84
69.84
298.58
298.58
46.32
46.32
300.95
300.95
26.29
26.29
1266.85
1266.85
2332.17
2332.17
2656.45
2656.45
437.89
437.89
2437.79
2437.79
2547.57
2547.57
1092.78
1092.78
414.06
414.06
2310.73
2310.73
71.80
71.80
1838.11
1838.11
2244.01
2244.01
893.53
893.53
32.49
32.49
1536.05
1536.05
1126.28
1126.28
783.21
783.21
18.87
18.87
1315.24
1315.24
10.00
10.00
271.54
271.54
1359.35
1359.35
1754.21
1754.21
2604.00
2604.00
2053.76
2053.76
2596.09
2596.09
1310.30
1310.30
476.39
476.39
11.46
11.46
613.18
613.18
2436.68
2436.68
2415.11
2415.11
2430.84
2430.84
41.16
41.16
21.82
21.82
2538.04
2538.04
737.24
737.24
234.09
234.09
1669.33
1669.33
72.18
72.18
2505.26
2505.26
2415.46
2415.46
948.32
948.32
2357.01
2357.01
1170.21
1170.21
997.16
997.16
2791.91
2791.91
2249.08
2249.08
2645.61
2645.61
2562.89
2562.89
204.17
204.17
1829.53
1829.53
16.70
16.70
2330.58
2330.58
2222.43
2222.43
1841.35
1841.35
1600.42
1600.42
1327.88
1327.88
1352.91
1352.91
1384.04
1384.04
1272.32
1272.32
1830.56
1830.56
2095.47
2095.47
1458.81
1458.81
2690.63
2690.63
2697.25
2697.25
2585.95
2585.95
1919.76
1919.76
1465.99
1465.99
1465.99
1465.99
2382.29
2382.29
2635.38
2635.38
21.36
21.36
2092.63
2092.63
296.95
296.95
1570.40
1570.40
2497.27
2497.27
1801.30
1801.30
2643.30
2643.30
2417.76
2417.76
17.85
17.85
92.51
92.51
38.09
38.09
43.15
43.15
2634.23
2634.23
778.07
778.07
2517.27
2517.27
2397.26
2397.26
2412.31
2412.31
2542.09
2542.09
1493.06
1493.06
2306.41
2306.41
86.53
86.53
56.63
56.63
72.60
72.60
776.88
776.88
2701.19
2701.19
484.65
484.65
1866.88
1866.88
1435.44
1435.44
745.68
745.68
1547.98
1547.98
637.53
637.53
636.47
636.47
107.37
107.37
1643.09
1643.09
263.26
263.26
70.11
70.11
41.08
41.08
17.20
17.20
49.43
49.43
10.00
10.00
1722.36
1722.36
1520.28
1520.28
31.16
31.16
99.44
99.44
2346.43
2346.43
2126.20
2126.20
2376.00
2376.00
510.56
510.56
2109.24
2109.24
2608.43
2608.43
18.29
18.29
1836.62
1836.62
2407.20
2407.20
1942.73
1942.73
2876.48
2876.48
460.62
460.62
2416.57
2416.57
1686.30
1686.30
479.17
479.17
723.62
723.62
953.24
953.24
1449.62
1449.62
2566.99
2566.99
2521.18
2521.18
2664.19
2664.19
2602.96
2602.96
730.71
730.71
115.88
115.88
56.26
56.26
1790.99
1790.99
2663.30
2663.30
55.14
55.14
2576.29
2576.29
377.05
377.05
60.75
60.75
1276.52
1276.52
1222.83
1222.83
78.38
78.38
53.39
53.39
18.66
18.66
944.85
944.85
1713.82
1713.82
211.01
211.01
743.53
743.53
308.41
308.41
800.52
800.52
2774.11
2774.11
2553.27
2553.27
1063.84
1063.84
934.14
934.14
2213.48
2213.48
1029.51
1029.51
2142.81
2142.81
2032.47
2032.47
1937.66
1937.66
2613.25
2613.25
2668.30
2668.30
763.27
763.27
482.92
482.92
1464.36
1464.36
1161.62
1161.62
2606.22
2606.22
477.88
477.88
2686.30
2686.30
19.25
19.25
525.27
525.27
2269.10
2269.10
2194.51
2194.51
2729.87
2729.87
2079.88
2079.88
1047.43
1047.43
2282.66
2282.66
18.94
18.94
249.95
249.95
1554.58
1554.58
25.32
25.32
14.43
14.43
1239.66
1239.66
10.00
10.00
870.74
870.74
860.43
860.43
531.66
531.66
1264.97
1264.97
2035.75
2035.75
2044.75
2044.75
921.35
921.35
2543.12
2543.12
1800.98
1800.98
1271.57
1271.57
2801.33
2801.33
2767.27
2767.27
2648.32
2648.32
2732.21
2732.21
2461.33
2461.33
2581.29
2581.29
2488.85
2488.85
1996.93
1996.93
498.22
498.22
2516.88
2516.88
2660.99
2660.99
2262.63
2262.63
10.00
10.00
2779.36
2779.36
850.99
850.99
54.29
54.29
805.41
805.41
2752.62
2752.62
2671.30
2671.30
2427.81
2427.81
2085.92
2085.92
2606.06
2606.06
2273.99
2273.99
447.09
447.09
17.60
17.60
1041.81
1041.81
1919.49
1919.49
2454.47
2454.47
654.73
654.73
1432.34
1432.34
1017.79
1017.79
2603.61
2603.61
2645.61
2645.61
2137.87
2137.87
1774.45
1774.45
1098.18
1098.18
10.00
10.00
240.86
240.86
1380.38
1380.38
1255.66
1255.66
1690.01
1690.01
2263.60
2263.60
1905.99
1905.99
2032.63
2032.63
229.89
229.89
1427.08
1427.08
13.28
13.28
1641.20
1641.20
2523.18
2523.18
2675.95
2675.95
2035.61
2035.61
2740.19
2740.19
2598.46
2598.46
2597.43
2597.43
2259.94
2259.94
798.06
798.06
1404.15
1404.15
1404.15
1404.15
2733.86
2733.86
2733.86
2733.86
2534.73
2534.73
2668.65
2668.65
2048.64
2048.64
353.22
353.22
2094.97
2094.97
1291.86
1291.86
2251.96
2251.96
2683.07
2683.07
2344.98
2344.98
2731.61
2731.61
429.27
429.27
39.14
39.14
2508.27
2508.27
2642.35
2642.35
2415.59
2415.59
2730.72
2730.72
2035.53
2035.53
2104.86
2104.86
1808.30
1808.30
2023.54
2023.54
2011.19
2011.19
1879.64
1879.64
1671.18
1671.18
1889.28
1889.28
10.53
10.53
15.64
15.64
1570.86
1570.86
671.52
671.52
1828.35
1828.35
2298.26
2298.26
649.47
649.47
2676.68
2676.68
1698.85
1698.85
2334.55
2334.55
1597.63
1597.63
23.20
23.20
2639.76
2639.76
2661.55
2661.55
2031.33
2031.33
1597.52
1597.52
779.59
779.59
43.02
43.02
10.00
10.00
1730.12
1730.12
45.86
45.86
45.51
45.51
17.96
17.96
2772.36
2772.36
1729.75
1729.75
1486.59
1486.59
332.56
332.56
2134.86
2134.86
756.45
756.45
2076.97
2076.97
41.17
41.17
1627.56
1627.56
751.20
751.20
801.81
801.81
465.31
465.31
1443.18
1443.18
760.99
760.99
2131.88
2131.88
816.63
816.63
582.23
582.23
705.52
705.52
534.70
534.70
1250.76
1250.76
572.28
572.28
614.60
614.60
614.60
1509.45
1509.45
1449.50
1449.50
217.42
1794.28
1794.28
123.99
123.99
123.99
13.08
13.08
512.72
512.72
1804.19
1804.19
1955.90
1955.90
2130.11
2130.11
2348.49
2348.49
2178.18
2178.18
915.65
915.65
2718.44
2718.44
2460.53
2460.53
929.75
929.75
2794.75
2794.75
2159.20
2159.20
2505.17
2505.17
441.52
441.52
630.59
630.59
2252.38
2252.38
2467.68
2467.68
287.45
287.45
1587.62
1587.62
519.55
519.55
2566.11
2566.11
2346.56
2346.56
57.22
57.22
42.74
42.74
523.27
523.27
1964.59
1964.59
2218.72
2218.72
10.00
10.00
10.00
10.00
1819.93
1819.93
1685.08
1685.08
1984.31
1984.31
708.59
708.59
1802.61
1802.61
1038.75
1038.75
1680.30
1680.30
871.72
871.72
757.53
757.53
972.71
972.71
738.31
738.31
1846.04
1846.04
822.74
822.74
1515.46
1515.46
1821.75
1821.75
13.98
13.98
501.15
501.15
228.02
228.02
19.76
19.76
158.78
158.78
810.60
810.60
1904.36
1904.36
2139.88
2139.88
1402.71
1402.71
2386.67
2386.67
2391.32
2391.32
2003.37
2003.37
2618.95
2618.95
2138.61
2138.61
979.01
979.01
1615.09
1615.09
1061.12
1061.12
1102.73
1102.73
1877.03
1877.03
30.81
30.81
112.53
112.53
747.05
747.05
19.28
19.28
2231.26
2231.26
2677.01
2677.01
157.79
157.79
2717.21
2717.21
107.21
107.21
1034.36
1034.36
753.64
753.64
10.00
10.00
1928.63
1928.63
18.58
18.58
1941.96
1941.96
1412.78
1412.78
10.00
10.00
1593.52
1593.52
1464.73
1464.73
1632.05
1632.05
636.96
636.96
308.45
308.45
2438.07
2438.07
383.37
383.37
790.44
790.44
134.02
134.02
883.05
883.05
18.75
18.75
532.91
532.91
779.19
779.19
2349.47
2349.47
1666.60
1666.60
1507.82
1507.82
15.45
15.45
10.62
10.62
2238.75
2238.75
1875.02
1875.02
1183.15
1183.15
2397.13
2397.13
2073.00
2073.00
2208.38
2208.38
831.23
831.23
2116.52
2116.52
1036.81
1036.81
11.76
11.76
10.00
10.00
1699.65
1699.65
2152.55
2152.55
507.38
507.38
827.07
827.07
961.66
961.66
1031.05
1031.05
2414.88
2414.88
2346.41
2346.41
1668.78
1668.78
1749.14
1749.14
1356.14
1356.14
2591.85
2591.85
1830.98
1830.98
1961.85
1961.85
1693.30
1693.30
654.78
654.78
557.44
557.44
1395.83
1395.83
1724.60
1724.60
692.22
692.22
735.77
735.77
1964.58
1964.58
662.36
662.36
1445.69
1445.69
1656.74
1656.74
1201.88
1201.88
2255.50
2255.50
2754.28
2754.28
2758.55
2758.55
2680.37
2680.37
389.06
389.06
20.67
20.67
11.45
11.45
2126.06
2126.06
215.83
215.83
2307.42
2307.42
2092.67
2092.67
1551.39
1551.39
35.78
35.78
13.71
13.71
2199.63
2199.63
798.87
798.87
2000.32
2000.32
2048.81
2048.81
2474.17
2474.17
2526.20
2526.20
2409.19
2409.19
2911.12
2911.12
2034.26
2034.26
2772.39
2772.39
2175.96
2175.96
2349.86
2349.86
2566.33
2566.33
22.40
22.40
1509.82
1509.82
2343.16
2343.16
1112.00
1112.00
2018.09
2018.09
75.80
75.80
21.59
21.59
734.31
734.31
1582.74
1582.74
36.24
36.24
2757.16
2757.16
2294.85
2294.85
2720.48
2720.48
1016.83
1016.83
805.81
805.81
2141.08
2141.08
2141.08
2141.08
500.76
500.76
788.43
788.43
2581.31
2581.31
25.35
25.35
2469.96
2469.96
2819.07
2819.07
1373.32
1373.32
2906.39
2906.39
2362.89
2362.89
2639.68
2639.68
2214.15
2214.15
2758.08
2758.08
745.91
745.91
2764.05
2764.05
1678.48
1678.48
1827.77
1827.77
2180.86
2180.86
2414.70
2414.70
2722.02
2722.02
2440.13
2440.13
2569.21
2569.21
2736.02
2736.02
2242.74
2242.74
2662.69
2662.69
2141.23
2141.23
814.01
814.01
2322.63
2322.63
1978.53
1978.53
1380.38
1380.38
1941.87
1941.87
2024.38
2024.38
2058.20
2058.20
2380.05
2380.05
737.25
737.25
1408.44
1408.44
1539.99
1539.99
33.06
33.06
811.22
811.22
2483.40
2483.40
1137.73
1137.73
699.13
699.13
848.89
848.89
184.15
184.15
791.02
791.02
2326.59
2326.59
2339.03
2339.03
2531.09
2531.09
2573.77
2573.77
2694.55
2694.55
2603.86
2603.86
20.77
20.77
2582.46
2582.46
54.52
54.52
934.33
934.33
501.73
501.73
2803.74
2803.74
1730.46
1730.46
20.69
20.69
12.79
12.79
2708.11
2708.11
2060.01
2060.01
681.89
681.89
18.83
18.83
108.04
108.04
10.00
10.00
17.17
17.17
30.83
30.83
106.35
106.35
1895.52
1895.52
18.29
18.29
2665.68
2665.68
245.93
245.93
2688.19
2688.19
1421.09
1421.09
1249.48
1249.48
14.95
14.95
664.90
664.90
2101.71
2101.71
24.47
24.47
2561.29
2561.29
307.76
307.76
33.87
33.87
157.35
157.35
204.06
204.06
1280.90
1280.90
1374.62
1374.62
16.70
16.70
217.26
217.26
1220.56
1220.56
1523.99
1523.99
320.03
320.03
524.45
524.45
20.06
20.06
471.56
471.56
52.73
52.73
10.00
10.00
18.23
18.23
1388.62
1388.62
2718.24
2718.24
2538.86
2538.86
2733.04
2733.04
2230.12
2230.12
1722.78
1722.78
1171.87
1171.87
12.14
12.14
17.13
17.13
1905.62
1905.62
2451.66
2451.66
897.95
897.95
2746.50
2746.50
2538.40
2538.40
1213.44
1213.44
2540.97
2540.97
2503.61
2503.61
2422.96
2422.96
1085.99
1085.99
10.00
10.00
2170.96
2170.96
1740.93
1740.93
10.13
10.13
335.13
335.13
2177.85
2177.85
1585.74
1585.74
1396.51
1396.51
2632.18
2632.18
139.73
139.73
1264.55
1264.55
17.76
17.76
254.04
254.04
1952.10
1952.10
2197.19
2197.19
910.47
910.47
2066.01
2066.01
2573.04
2573.04
323.48
323.48
71.52
71.52
689.73
689.73
2018.16
2018.16
426.33
426.33
2154.78
2154.78
2109.55
2109.55
816.06
816.06
951.33
951.33
2333.44
2333.44
35.28
35.28
1527.62
1527.62
1309.40
1309.40
2238.95
2238.95
13.48
13.48
604.07
604.07
2705.39
2705.39
2705.39
2705.39
2015.75
2015.75
2305.04
2305.04
742.59
742.59
1015.24
1015.24
2278.95
2278.95
1552.24
1552.24
1552.24
1552.24
1552.24
1552.24
1552.24
1552.24
1552.24
1552.24
35.37
35.37
1119.66
1119.66
838.54
838.54
558.64
558.64
558.64
558.64
1487.58
1487.58
1605.63
1605.63
320.15
320.15
1102.55
1102.55
483.29
483.29
793.52
793.52
2458.10
2458.10
599.44
599.44
10.96
10.96
658.60
658.60
1800.29
1800.29
2208.71
2208.71
2208.71
2208.71
2062.92
2062.92
1123.91
1123.91
2574.93
2574.93
2574.93
2574.93
2574.93
2574.93
1302.21
1302.21
1302.21
1302.21
1302.21
1302.21
1302.21
1302.21
2831.97
2831.97
2167.06
2167.06
2642.88
2642.88
1723.55
1723.55
224.79
224.79
784.50
784.50
1520.59
1520.59
2132.93
2132.93
1993.24
1993.24
2411.88
2411.88
1761.50
1761.50
2200.70
2200.70
2867.55
2867.55
2115.00
2115.00
2538.92
2538.92
2538.92
15.43
538.02
538.02
2173.52
2173.52
2173.52
1667.13
1667.13
2709.15
14.83
14.83
1682.45
1682.45
1682.45
1856.06
705.29
705.29
1335.35
1335.35
1614.03
1614.03
12.55
12.55
2449.50
2449.50
894.80
894.80
2227.79
2227.79
638.33
638.33
1374.20
1374.20
1512.05
1512.05
217.96
217.96
11.80
11.80
11.80
1535.02
654.55
654.55
591.83
591.83
591.83
2108.66
14.22
14.22
277.87
277.87
1852.30
1852.30
397.34
397.34
517.18
517.18
10.00
10.00
1533.52
1533.52
391.37
391.37
385.64
385.64
213.29
213.29
240.74
240.74
42.74
42.74
52.53
52.53
32.75
32.75
92.29
92.29
92.29
1733.18
1733.18
787.96
17.34
17.34
17.34
16.78
16.92
16.92
124.12
124.12
18.93
18.93
125.20
125.20
2023.21
2023.21
1793.08
1793.08
795.87
795.87
795.87
348.66
16.44
16.44
703.26
703.26
1807.73
1807.73
16.02
16.02
19.73
19.73
19.73
19.51
19.51
13.51
981.80
981.80
1466.15
1466.15
1449.92
1449.92
1298.82
1298.82
1639.68
1639.68
1293.09
1293.09
1230.07
1230.07
1230.07
2343.51
309.33
309.33
309.33
15.22
416.75
416.75
416.75
586.63
200.59
200.59
1338.79
1338.79
1621.22
1621.22
1866.74
1866.74
14.23
14.23
28.60
28.60
2698.94
2698.94
1566.65
1566.65
15.65
15.65
18.08
18.08
16.71
16.71
16.71
17.02
2131.32
2131.32
512.45
512.45
719.39
719.39
872.55
872.55
315.50
315.50
1217.06
1217.06
67.56
67.56
67.56
389.25
1064.72
1064.72
12.48
12.48
661.17
661.17
760.97
760.97
1894.77
1894.77
2288.26
2288.26
1247.47
1247.47
165.35
165.35
298.45
298.45
1182.33
1182.33
786.88
786.88
202.01
202.01
1462.87
1462.87
18.63
18.63
1554.17
1554.17
11.64
11.64
56.11
56.11
56.11
2522.32
26.03
26.03
100.28
100.28
64.46
64.46
168.29
168.29
46.62
46.62
46.62
2187.67
2187.67
69.45
816.29
816.29
816.29
1400.71
1026.72
1026.72
1026.72
568.22
568.22
575.08
575.08
1475.25
1475.25
1874.50
1874.50
1729.43
1729.43
817.37
817.37
702.12
702.12
13.40
13.40
11.36
11.36
18.77
18.77
1714.19
1714.19
13.19
13.19
74.20
74.20
1454.96
1454.96
15.90
15.90
2420.54
2420.54
13.18
13.18
10.00
10.00
44.90
44.90
284.86
284.86
1256.14
1256.14
129.93
129.93
963.44
963.44
108.75
108.75
13.90
13.90
1826.84
1826.84
542.02
542.02
1225.83
1225.83
752.00
752.00
76.47
76.47
33.19
33.19
1702.79
1702.79
15.11
15.11
105.40
105.40
431.06
431.06
2190.36
2190.36
387.63
387.63
1918.64
1918.64
13.78
13.78
510.29
510.29
671.72
671.72
419.90
419.90
962.24
962.24
10.00
10.00
304.67
304.67
44.43
44.43
222.09
222.09
393.53
393.53
13.00
13.00
746.14
746.14
29.77
29.77
1705.91
1705.91
369.34
369.34
1699.01
1699.01
963.64
963.64
190.36
190.36
1682.33
1682.33
15.17
15.17
1452.60
1452.60
264.92
264.92
12.59
12.59
55.63
55.63
2515.16
2515.16
1535.81
1535.81
976.63
976.63
353.10
353.10
810.90
810.90
2245.84
2245.84
11.82
11.82
2430.66
2430.66
175.90
175.90
162.54
162.54
1347.29
1347.29
1099.93
1099.93
100.72
100.72
11.39
11.39
17.37
17.37
1336.78
1336.78
699.63
699.63
48.44
48.44
19.34
19.34
235.85
235.85
1914.55
1914.55
850.97
850.97
1584.36
1584.36
1504.76
1504.76
24.43
24.43
124.63
124.63
858.84
858.84
1217.98
1217.98
781.85
781.85
270.41
270.41
2217.23
2217.23
613.16
613.16
2017.34
2017.34
2592.81
2592.81
741.29
741.29
524.53
524.53
2397.67
2397.67
296.26
296.26
212.98
212.98
130.77
130.77
730.06
730.06
1986.17
1986.17
830.44
830.44
1436.38
1436.38
2172.57
2172.57
19.32
19.32
1667.10
1667.10
676.50
676.50
2219.85
2219.85
1644.79
1644.79
372.16
372.16
1804.18
1804.18
1914.06
1914.06
125.42
125.42
27.78
27.78
1912.04
1912.04
1918.10
1918.10
522.06
522.06
33.27
33.27
36.83
36.83
1826.85
1826.85
1517.96
1517.96
1839.69
1839.69
2239.47
2239.47
118.67
118.67
118.43
118.43
44.55
44.55
1534.73
1534.73
79.80
79.80
61.34
61.34
1701.65
1701.65
194.66
194.66
10.13
10.13
984.49
984.49
2445.32
2445.32
336.13
336.13
2498.15
2498.15
1151.87
1151.87
2515.24
2515.24
1182.04
1182.04
1581.77
1581.77
2582.08
2582.08
505.25
505.25
2621.73
2621.73
2154.29
2154.29
155.44
155.44
318.49
318.49
2272.36
2272.36
1590.21
1590.21
1856.24
1856.24
735.77
735.77
1230.02
1230.02
1309.78
1309.78
336.97
336.97
1215.34
1215.34
1201.79
1201.79
699.95
699.95
1001.10
1001.10
1327.39
1327.39
1028.71
1028.71
1504.66
1504.66
26.32
26.32
447.08
447.08
1493.32
1493.32
1644.09
1644.09
2385.53
2385.53
2400.20
2400.20
1049.59
1049.59
1505.87
1505.87
912.55
912.55
2519.43
2519.43
2738.50
2738.50
2570.17
2570.17
2183.61
2183.61
942.27
942.27
2400.51
2400.51
1009.47
1009.47
10.00
10.00
2412.95
2412.95
2448.94
2448.94
17.55
17.55
2299.74
2299.74
1434.33
1434.33
342.91
342.91
18.84
18.84
1670.98
1670.98
2269.45
2269.45
2168.37
2168.37
61.03
61.03
520.55
520.55
2280.90
2280.90
71.64
71.64
933.31
933.31
17.13
17.13
2063.21
2063.21
1474.52
1474.52
1668.83
1668.83
2065.19
2065.19
1437.88
1437.88
1696.78
1696.78
679.94
679.94
2591.96
2591.96
241.91
241.91
2315.63
2315.63
10.00
10.00
13.31
13.31
1102.49
1102.49
1187.64
1187.64
1218.85
1218.85
2343.96
2343.96
2500.90
2500.90
2095.89
2095.89
18.17
18.17
1829.82
1829.82
2267.15
2267.15
2514.37
2514.37
2468.37
2468.37
2786.82
2786.82
26.66
26.66
2264.49
2264.49
2337.72
2337.72
1726.56
1726.56
733.79
733.79
2624.37
2624.37
2618.86
2618.86
2606.60
2606.60
2370.88
2370.88
2708.41
2708.41
2434.84
2434.84
2479.15
2479.15
2367.71
2367.71
120.52
120.52
2609.84
2609.84
2726.11
2726.11
770.86
770.86
1993.13
1993.13
2480.01
2480.01
2298.54
2298.54
1077.68
1077.68
1452.31
1452.31
156.53
156.53
211.50
211.50
2011.29
2011.29
1938.80
1938.80
768.60
768.60
1199.03
1199.03
1772.09
1772.09
1537.61
1537.61
1785.19
1785.19
525.35
525.35
72.85
72.85
128.82
128.82
12.99
12.99
53.56
53.56
393.69
393.69
1775.53
1775.53
2549.18
2549.18
1671.03
1671.03
1025.88
1025.88
77.91
77.91
18.86
18.86
276.61
276.61
1321.24
1321.24
91.54
91.54
1903.40
1903.40
2623.37
2623.37
1764.48
1764.48
2761.21
2761.21
2024.30
2024.30
2523.51
2523.51
2199.95
2199.95
1176.97
1176.97
2770.40
2770.40
2686.25
2686.25
2787.18
2787.18
1716.29
1716.29
2326.85
2326.85
2575.09
2575.09
2129.60
2129.60
2259.79
2259.79
2710.66
2710.66
2525.54
2525.54
2366.50
2366.50
2540.38
2540.38
2596.15
2596.15
1346.22
1346.22
1427.08
1427.08
2065.27
2065.27
1563.23
1563.23
796.54
796.54
1454.30
1454.30
15.09
15.09
1980.45
1980.45
427.57
427.57
757.59
757.59
2069.08
2069.08
1685.78
1685.78
1356.49
1356.49
1980.88
1980.88
486.07
486.07
1664.75
1664.75
825.42
825.42
2601.89
2601.89
1500.34
1500.34
2937.02
2937.02
2198.33
2198.33
2651.49
2651.49
2635.23
2635.23
2479.54
2479.54
2117.58
2117.58
2409.64
2409.64
14.77
14.77
2756.65
2756.65
92.28
92.28
908.09
908.09
832.73
832.73
2610.29
2610.29
2362.77
2362.77
2183.93
2183.93
2607.36
2607.36
2185.31
2185.31
2214.47
2214.47
2162.03
2162.03
779.68
779.68
2584.79
2584.79
1777.38
1777.38
2146.78
2146.78
2785.85
2785.85
1377.85
1377.85
1541.40
1541.40
1606.63
1606.63
1447.39
1447.39
1039.50
1039.50
1438.75
1438.75
1429.97
1429.97
1111.28
1111.28
2401.35
2401.35
1883.97
1883.97
1511.21
1511.21
2554.96
2554.96
2531.43
2531.43
265.28
265.28
2394.95
2394.95
2083.49
2083.49
2050.60
2050.60
2633.38
2633.38
74.59
74.59
1194.73
1194.73
2020.83
2020.83
2302.79
2302.79
2320.11
2320.11
2927.21
2927.21
2446.44
2446.44
2609.55
2609.55
2609.55
2609.55
15.92
15.92
2383.16
2383.16
2930.93
2930.93
2551.43
2551.43
831.15
831.15
895.51
895.51
895.51
895.51
240.04
240.04
2572.78
2572.78
2225.38
2225.38
2150.31
2150.31
789.57
789.57
24.68
24.68
1330.51
1330.51
588.83
588.83
1866.29
1866.29
2081.30
2081.30
1666.69
1666.69
625.56
625.56
2228.07
2228.07
1995.28
1995.28
19.40
19.40
19.40
417.37
330.41
330.41
2277.60
2277.60
1758.16
1758.16
1836.10
1836.10
1836.10
286.00
1293.48
1293.48
43.38
43.38
13.12
13.12
643.09
643.09
2017.87
2017.87
107.87
107.87
1401.01
1401.01
28.71
28.71
428.76
428.76
428.76
25.61
110.62
110.62
1258.74
1258.74
2080.31
2080.31
139.46
139.46
800.64
800.64
10.00
10.00
2275.47
2275.47
947.22
947.22
2101.11
2101.11
2582.09
2582.09
256.83
256.83
623.85
623.85
357.65
357.65
13.70
13.70
18.13
18.13
343.85
343.85
2418.42
2418.42
2721.13
2721.13
1045.52
1045.52
2328.78
2328.78
2328.78
881.77
55.63
55.63
55.63
203.94
104.84
104.84
1084.89
1084.89
2044.62
2044.62
1175.41
1175.41
1377.47
1377.47
1609.33
1609.33
1920.69
1920.69
1947.19
1947.19
2542.57
2542.57
2732.26
2732.26
1843.18
1843.18
16.82
16.82
1989.70
1989.70
1755.58
1755.58
22.18
22.18
2546.30
2546.30
2362.42
2362.42
2289.25
2289.25
2103.66
2103.66
2103.66
491.76
375.52
375.52
122.32
122.32
94.08
94.08
46.32
46.32
205.91
205.91
2111.93
2111.93
2794.66
2794.66
927.19
927.19
1286.54
1286.54
1746.16
1746.16
77.07
77.07
10.00
10.00
2652.89
2652.89
2329.60
2329.60
2329.60
814.66
210.79
210.79
210.79
2730.82
294.09
294.09
19.18
19.18
504.43
504.43
504.43
256.85
37.15
37.15
1602.47
1602.47
13.73
13.73
136.96
136.96
1073.05
1073.05
752.87
752.87
1536.65
1536.65
1640.82
1640.82
1658.94
1658.94
1793.92
1793.92
766.75
766.75
22.59
22.59
72.81
72.81
771.13
771.13
953.15
953.15
953.15
15.93
2617.20
2617.20
787.94
787.94
19.67
19.67
1449.67
1449.67
587.44
587.44
1423.18
1423.18
1893.80
1893.80
2438.04
2438.04
2019.77
2019.77
2475.77
2475.77
2150.23
2150.23
2564.74
2564.74
1432.53
1432.53
2048.87
2048.87
2011.27
2011.27
2692.09
2692.09
1497.13
1497.13
2542.74
2542.74
18.74
18.74
2540.21
2540.21
1464.68
1464.68
2869.90
2869.90
2125.18
2125.18
2125.18
283.56
283.56
211.75
211.75
1692.71
1692.71
1210.20
1210.20
1939.71
1939.71
1996.48
1996.48
2544.10
2544.10
2481.89
2481.89
1888.32
1888.32
784.82
784.82
451.35
451.35
365.11
365.11
1956.13
1956.13
1730.82
1730.82
1590.50
1590.50
1619.89
1619.89
1852.66
1852.66
1087.66
1087.66
2133.95
2133.95
931.00
931.00
50.82
50.82
13.62
13.62
2623.09
2623.09
1129.29
1129.29
2764.56
2764.56
1263.81
1263.81
2637.23
2637.23
2327.43
2327.43
830.88
830.88
2231.93
2231.93
2844.70
2844.70
86.83
86.83
373.83
373.83
87.79
87.79
2803.30
2803.30
1998.63
1998.63
23.43
23.43
1604.37
1604.37
1866.05
1866.05
1877.80
1877.80
1152.59
1152.59
1611.99
1611.99
1896.15
1896.15
1289.17
1289.17
1468.31
1468.31
1153.47
1153.47
1747.84
1747.84
1747.84
1747.84
1973.12
1973.12
1848.17
1848.17
2273.44
2273.44
1816.85
1816.85
2658.14
2658.14
10.00
10.00
1204.23
1204.23
1772.64
1772.64
1551.30
1551.30
26.07
26.07
871.27
871.27
1748.86
1748.86
1048.73
1048.73
1177.28
1177.28
1131.53
1131.53
235.72
235.72
1733.11
1733.11
470.08
470.08
2343.27
2343.27
979.55
979.55
23.81
23.81
1368.07
1368.07
1800.67
1800.67
50.80
50.80
266.01
266.01
1502.04
1502.04
2004.24
2004.24
1824.78
1824.78
762.36
762.36
1484.60
1484.60
2544.52
2544.52
1414.36
1414.36
1806.83
1806.83
1817.41
1817.41
1923.72
1923.72
2618.02
2618.02
2582.13
2582.13
109.89
109.89
1529.17
1529.17
2381.65
2381.65
22.91
22.91
905.19
905.19
2031.72
2031.72
813.41
813.41
50.89
50.89
1308.14
1308.14
1279.80
1279.80
2500.78
2500.78
2742.48
2742.48
529.18
529.18
1528.30
1528.30
1378.09
1378.09
1070.83
1070.83
11.67
11.67
1529.42
1529.42
12.40
12.40
127.19
127.19
515.56
515.56
161.03
161.03
1889.01
1889.01
1158.26
1158.26
1864.95
1864.95
2145.78
2145.78
1465.78
1465.78
856.67
856.67
37.85
37.85
2538.74
2538.74
1071.82
1071.82
484.16
484.16
402.36
402.36
2163.71
2163.71
1524.84
1524.84
587.55
587.55
378.26
378.26
10.00
10.00
387.27
387.27
427.97
427.97
18.58
18.58
1162.83
1162.83
522.89
522.89
1927.29
1927.29
711.26
711.26
1146.04
1146.04
26.76
26.76
1963.01
1963.01
2179.35
2179.35
2187.16
2187.16
702.06
702.06
2632.34
2632.34
2380.50
2380.50
2423.03
2423.03
116.53
116.53
26.43
26.43
1459.40
1459.40
2474.54
2474.54
772.76
772.76
2584.72
2584.72
10.00
10.00
2183.00
2183.00
2362.25
2362.25
687.74
687.74
16.90
16.90
291.79
291.79
54.16
54.16
1668.73
1668.73
1590.51
1590.51
1671.26
1671.26
225.29
225.29
10.00
10.00
624.89
624.89
279.58
279.58
17.27
17.27
1739.23
1739.23
998.30
998.30
2138.88
2138.88
1652.95
1652.95
2619.80
2619.80
492.57
492.57
2437.71
2437.71
2414.04
2414.04
2560.13
2560.13
1569.87
1569.87
2574.97
2574.97
2388.76
2388.76
2511.44
2511.44
2248.28
2248.28
25.63
25.63
459.38
459.38
2528.08
2528.08
735.33
735.33
2595.99
2595.99
2655.08
2655.08
1868.95
1868.95
2147.41
2147.41
1190.25
1190.25
1624.65
1624.65
243.51
243.51
412.08
412.08
2476.67
2476.67
2347.50
2347.50
628.98
628.98
2269.96
2269.96
2021.37
2021.37
775.84
775.84
75.74
75.74
284.00
284.00
17.90
17.90
558.92
558.92
1463.34
1463.34
35.53
35.53
1184.40
1184.40
2053.45
2053.45
2475.62
2475.62
2381.11
2381.11
2767.03
2767.03
2785.33
2785.33
2984.57
2984.57
586.69
586.69
2646.00
2646.00
2213.94
2213.94
302.06
302.06
2096.42
2096.42
13.58
13.58
1646.02
1646.02
238.67
238.67
778.05
778.05
2492.11
2492.11
2432.10
2432.10
2936.00
2936.00
2027.00
2027.00
2490.57
2490.57
2509.17
2509.17
2612.58
2612.58
2459.25
2459.25
1015.28
1015.28
2198.96
2198.96
2413.44
2413.44
2311.75
2311.75
160.76
160.76
2006.97
2006.97
2741.88
2741.88
2648.51
2648.51
1654.18
1654.18
2597.42
2597.42
1987.71
1987.71
2339.85
2339.85
225.32
225.32
1797.08
1797.08
1739.42
1739.42
1524.90
1524.90
750.86
750.86
746.92
746.92
1644.69
1644.69
1521.33
1521.33
1714.23
1714.23
1630.05
1630.05
2814.70
2814.70
2153.52
2153.52
10.00
10.00
2132.88
2132.88
2730.61
2730.61
2659.28
2659.28
2417.56
2417.56
2441.49
2441.49
12.14
12.14
1683.19
1683.19
2869.58
2869.58
2302.42
2302.42
2386.51
2386.51
908.91
908.91
2763.53
2763.53
295.35
295.35
2755.63
2755.63
612.01
612.01
10.00
10.00
2578.15
2578.15
2607.18
2607.18
2425.18
2425.18
2266.63
2266.63
2383.13
2383.13
2119.21
2119.21
2412.80
2412.80
349.41
349.41
463.53
463.53
2097.08
2097.08
2202.10
2202.10
2648.31
2648.31
2254.76
2254.76
2540.12
2540.12
2292.05
2292.05
2574.20
2574.20
1994.75
1994.75
876.76
876.76
1892.51
1892.51
2416.19
2416.19
1902.05
1902.05
1982.00
1982.00
1878.44
1878.44
1687.26
1687.26
1302.88
1302.88
241.37
241.37
2305.55
2305.55
2515.79
2515.79
1871.46
1871.46
2628.86
2628.86
1318.15
1318.15
2519.86
2519.86
2265.19
2265.19
35.94
35.94
1136.95
1136.95
2472.38
2472.38
2755.89
2755.89
2625.68
2625.68
411.79
411.79
2649.64
2649.64
78.47
78.47
2561.84
2561.84
1785.81
1785.81
1076.99
1076.99
2223.83
2223.83
1016.83
1016.83
431.92
431.92
281.97
281.97
1634.14
1634.14
2647.19
2647.19
2764.61
2764.61
2688.74
2688.74
1637.14
1637.14
2047.67
2047.67
2053.52
2053.52
1128.73
1128.73
2202.63
2202.63
10.00
10.00
2018.73
2018.73
2027.45
2027.45
1529.61
1529.61
1634.21
1634.21
43.21
43.21
21.04
21.04
759.13
759.13
431.96
431.96
1498.15
1498.15
1152.28
1152.28
1100.51
1100.51
1322.64
1322.64
2081.23
2081.23
2659.88
2659.88
132.33
132.33
1687.53
1687.53
1664.33
1664.33
2731.76
2731.76
77.71
77.71
2466.76
2466.76
225.94
225.94
16.15
16.15
2546.65
2546.65
2782.08
2782.08
1946.57
1946.57
2606.98
2606.98
1154.63
1154.63
1542.40
1542.40
2231.06
2231.06
2231.06
2231.06
263.89
263.89
1975.16
1975.16
18.90
18.90
102.64
102.64
1683.61
1683.61
2162.79
2162.79
1954.40
1954.40
1951.71
1951.71
2415.86
2415.86
2461.57
2461.57
1144.76
1144.76
2782.15
2782.15
2782.15
2782.15
2782.15
2782.15
2782.15
2782.15
1278.04
1278.04
1501.29
1501.29
1328.56
1328.56
1394.14
1394.14
1476.71
1476.71
1637.46
1637.46
939.50
939.50
1580.09
1580.09
2725.60
2725.60
2070.85
2070.85
2560.18
2560.18
2397.85
2397.85
2715.80
2715.80
2715.80
2715.80
2165.65
2165.65
1994.08
1994.08
2582.18
2582.18
1222.75
1222.75
1595.41
1595.41
2581.89
2581.89
2655.62
2655.62
2235.21
2235.21
10.00
10.00
2472.03
2472.03
19.72
19.72
1637.34
1637.34
2560.73
2560.73
2560.73
300.95
306.26
306.26
2809.95
2809.95
2774.93
2774.93
1991.80
1991.80
2094.64
2094.64
2536.15
2536.15
2499.84
2499.84
1111.63
1111.63
2190.02
2190.02
886.28
886.28
2656.25
2656.25
1084.61
1084.61
2427.14
2427.14
1794.61
1794.61
27.13
27.13
56.41
56.41
56.41
845.48
29.40
29.40
562.79
562.79
19.26
19.26
959.71
959.71
647.24
647.24
647.24
647.24
647.24
647.24
647.24
647.24
647.24
647.24
647.24
647.24
647.24
647.24
647.24
647.24
647.24
11.48
1425.80
1557.06
2216.30
2164.27
2164.27
438.76
438.76
441.78
441.78
32.37
32.37
443.19
443.19
1393.12
1393.12
403.64
403.64
1696.43
1696.43
2076.33
2076.33
18.51
18.51
2557.36
2557.36
2065.68
2065.68
2180.67
2180.67
12.96
12.96
2195.69
2195.69
545.80
545.80
30.29
30.29
628.58
628.58
1939.67
1939.67
16.92
16.92
1727.67
1727.67
185.13
185.13
1907.34
1907.34
2530.87
2530.87
360.75
360.75
1894.71
1894.71
1331.05
1331.05
1412.35
1412.35
1412.35
1412.35
1412.35
1412.35
1435.61
1435.61
1707.59
1707.59
1544.64
1544.64
118.69
118.69
25.80
25.80
1331.14
1331.14
995.70
995.70
30.65
30.65
922.01
922.01
978.19
978.19
735.67
735.67
2241.76
2241.76
1307.85
1307.85
185.08
185.08
17.45
17.45
444.22
444.22
1358.17
1358.17
258.69
258.69
10.00
10.00
13.02
13.02
2659.80
2659.80
17.75
17.75
10.00
10.00
342.06
342.06
566.31
566.31
405.67
405.67
862.63
862.63
1638.94
1638.94
570.70
570.70
2054.53
2054.53
2070.62
2070.62
1919.38
1919.38
2163.77
2163.77
97.60
97.60
686.92
686.92
2390.29
2390.29
1304.82
1304.82
13.08
13.08
794.18
794.18
605.18
605.18
1934.96
1934.96
2282.02
2282.02
2029.07
2029.07
2578.85
2578.85
1511.89
1511.89
2202.61
2202.61
12.72
12.72
66.35
66.35
680.89
680.89
1716.72
1716.72
1685.67
1685.67
1503.61
1503.61
794.57
794.57
798.91
798.91
14.22
14.22
1335.62
1335.62
1997.43
1997.43
1790.60
1790.60
71.02
71.02
488.12
488.12
787.08
787.08
1911.65
1911.65
1519.73
1519.73
1964.43
1964.43
1797.18
1797.18
521.91
521.91
1513.04
1513.04
1224.76
1224.76
1530.27
1530.27
41.79
41.79
1364.62
1364.62
1529.76
1529.76
329.84
329.84
1462.41
1462.41
1675.62
1675.62
1525.72
1525.72
269.68
269.68
1797.77
1797.77
1839.07
1839.07
2719.80
2719.80
2807.60
2807.60
2602.23
2602.23
17.84
17.84
2794.83
2794.83
55.02
55.02
2550.76
2550.76
2532.11
2532.11
2531.42
2531.42
2254.61
2254.61
1690.58
1690.58
2337.15
2337.15
757.88
757.88
113.51
113.51
10.00
10.00
1514.25
1514.25
1721.54
1721.54
2051.11
2051.11
1009.69
1009.69
28.43
28.43
1896.20
1896.20
957.93
957.93
750.96
750.96
112.48
112.48
2590.20
2590.20
24.16
24.16
1760.02
1760.02
2739.22
2739.22
1642.86
1642.86
2746.59
2746.59
1856.14
1856.14
2628.54
2628.54
2647.20
2647.20
2519.17
2519.17
1599.40
1599.40
972.90
972.90
2025.54
2025.54
2737.45
2737.45
2737.45
2737.45
19.23
19.23
2491.08
2491.08
2816.02
2816.02
2571.35
2571.35
2724.10
2724.10
2833.88
2833.88
2575.48
2575.48
2779.86
2779.86
1451.80
1451.80
517.95
517.95
197.55
197.55
1426.43
1426.43
1575.73
1575.73
378.13
378.13
2625.20
2625.20
2383.38
2383.38
2668.17
2668.17
2089.41
2089.41
2100.60
2100.60
2100.60
2100.60
2100.60
2100.60
728.89
728.89
2011.51
2011.51
1850.65
1850.65
10.00
10.00
1087.60
1087.60
2460.74
2460.74
2653.88
2653.88
2645.63
2645.63
2795.33
2795.33
2629.51
2629.51
2743.02
2743.02
2559.09
2559.09
2625.16
2625.16
1421.51
1421.51
2563.29
2563.29
2494.63
2494.63
2411.25
2411.25
809.84
809.84
2550.95
2550.95
2413.69
2413.69
332.00
332.00
2326.69
2326.69
2633.57
2633.57
1906.02
1906.02
345.35
345.35
2032.58
2032.58
2810.18
2810.18
11.87
11.87
2332.27
2332.27
2127.82
2127.82
865.02
865.02
1593.78
1593.78
99.61
99.61
774.86
774.86
1554.34
1554.34
1553.13
1553.13
2510.25
2510.25
2196.78
2196.78
2576.25
2576.25
111.49
111.49
2513.53
2513.53
16.56
16.56
140.09
140.09
284.99
284.99
1178.20
1178.20
975.20
975.20
1750.70
1750.70
2450.59
2450.59
2488.85
2488.85
1995.82
1995.82
2254.18
2254.18
1872.89
1872.89
1938.44
1938.44
1714.21
1714.21
2031.95
2031.95
762.87
762.87
308.89
308.89
1473.90
1473.90
1478.14
1478.14
1665.14
1665.14
14.06
14.06
12.04
12.04
2302.69
2302.69
115.23
115.23
2592.24
2592.24
729.75
729.75
1795.48
1795.48
1167.62
1167.62
366.86
366.86
2202.74
2202.74
69.03
69.03
505.71
505.71
818.68
818.68
2114.56
2114.56
2624.61
2624.61
2178.92
2178.92
2660.54
2660.54
2547.73
2547.73
2586.31
2586.31
2425.65
2425.65
1609.67
1609.67
181.24
181.24
2793.01
2793.01
45.71
45.71
820.34
820.34
700.10
700.10
105.61
105.61
2540.95
2540.95
1311.70
1311.70
768.11
768.11
759.41
759.41
781.24
781.24
1131.66
1131.66
12.35
12.35
1904.90
1904.90
36.08
36.08
714.85
714.85
230.34
230.34
45.36
45.36
1179.36
1179.36
2051.76
2051.76
1864.45
1864.45
1788.78
1788.78
920.13
920.13
1830.14
1830.14
610.62
610.62
1010.28
1010.28
10.00
10.00
26.90
26.90
1706.32
1706.32
2414.01
2414.01
2215.34
2215.34
834.36
834.36
14.31
14.31
1671.46
1671.46
2201.79
2201.79
1142.29
1142.29
1067.96
1067.96
1716.39
1716.39
99.34
99.34
19.01
19.01
933.73
933.73
1778.22
1778.22
2132.45
2132.45
843.94
843.94
2051.71
2051.71
43.64
43.64
607.46
607.46
10.00
10.00
569.94
569.94
2521.58
2521.58
2464.08
2464.08
28.72
28.72
13.62
13.62
12.42
12.42
413.71
413.71
2103.39
2103.39
2201.71
2201.71
1527.81
1527.81
1297.16
1297.16
2457.08
2457.08
2583.42
2583.42
17.57
17.57
1621.96
1621.96
28.40
28.40
282.00
282.00
290.50
290.50
2790.75
2790.75
2582.15
2582.15
23.30
23.30
47.02
47.02
1925.92
1925.92
32.29
32.29
1972.38
1972.38
155.67
155.67
14.65
14.65
2649.39
2649.39
1592.00
1592.00
1600.18
1600.18
359.47
359.47
357.88
357.88
453.69
453.69
2572.23
2572.23
2171.46
2171.46
2692.19
2692.19
2164.39
2164.39
2838.34
2838.34
2353.09
2353.09
2692.43
2692.43
11.81
11.81
92.69
92.69
2565.97
2565.97
918.16
918.16
2228.91
2228.91
2306.96
2306.96
2072.24
2072.24
2579.31
2579.31
797.58
797.58
2781.82
2781.82
2372.76
2372.76
2336.15
2336.15
1335.01
1335.01
2179.81
2179.81
291.01
291.01
332.31
332.31
1718.56
1718.56
120.77
120.77
1269.42
1269.42
619.25
619.25
1188.31
1188.31
963.20
963.20
1246.76
1246.76
1063.03
1063.03
1706.70
1706.70
1970.52
1970.52
2135.30
2135.30
1252.66
1252.66
1620.48
1620.48
1589.87
1589.87
1618.68
1618.68
2674.48
2674.48
2674.48
1909.73
510.83
510.83
2679.13
2679.13
2679.13
2679.13
2679.13
2679.13
2679.13
2679.13
1701.45
1701.45
1701.45
1981.71
147.58
147.58
906.76
906.76
1064.84
1064.84
2577.77
2577.77
2256.78
2256.78
11.57
11.57
2018.56
2018.56
2018.56
1903.47
379.03
379.03
2349.32
2349.32
91.29
91.29
1554.72
1554.72
2504.89
2504.89
2504.89
2633.37
2633.37
33.20
33.20
28.73
2623.32
2623.32
2655.29
2655.29
2472.70
2472.70
2382.42
2382.42
2062.67
2062.67
1135.30
1135.30
1743.55
1743.55
668.96
668.96
2013.13
2013.13
2224.64
2224.64
2021.03
2021.03
791.29
791.29
1879.88
1879.88
1862.17
1862.17
1759.39
1759.39
15.44
15.44
1893.13
1893.13
1617.83
1617.83
2170.65
2170.65
2914.20
2914.20
1689.05
1689.05
1689.05
2516.85
800.17
800.17
2576.67
2576.67
2361.65
2361.65
2532.43
2532.43
1951.78
1951.78
2664.90
2664.90
2508.81
2508.81
14.20
14.20
2840.78
2840.78
31.85
31.85
17.80
17.80
1291.15
1291.15
677.31
677.31
2459.09
2459.09
2392.69
2392.69
2716.89
2716.89
1988.02
1988.02
826.64
826.64
19.43
19.43
2622.70
2622.70
2622.70
2244.86
17.64
17.64
2503.38
2503.38
2442.75
2442.75
2564.60
2564.60
13.17
13.17
1734.59
1734.59
2423.20
2423.20
2346.51
2346.51
1880.53
1880.53
28.69
28.69
719.93
719.93
251.45
251.45
2028.67
2028.67
40.54
40.54
1243.30
1243.30
176.36
176.36
1682.57
1682.57
2733.02
2733.02
2412.89
2412.89
1552.70
1552.70
1519.65
1519.65
1941.98
1941.98
1580.72
1580.72
2077.79
2077.79
2493.19
2493.19
2220.45
2220.45
853.14
853.14
759.50
759.50
759.50
2115.44
831.39
831.39
2407.54
2407.54
1331.10
1331.10
565.09
565.09
2044.05
2044.05
2538.60
2538.60
2493.60
2493.60
2285.48
2285.48
103.94
103.94
2432.99
2432.99
2432.99
2261.47
1732.85
1732.85
2697.70
2697.70
2697.70
1718.40
12.16
12.16
77.94
77.94
66.52
66.52
30.60
30.60
14.31
14.31
24.28
24.28
15.79
15.79
138.76
138.76
1455.70
1455.70
1681.24
1681.24
1681.24
494.73
494.73
13.55
13.55
1598.52
1598.52
54.57
54.57
40.21
40.21
1272.43
1272.43
52.45
52.45
1934.65
1934.65
1851.41
1851.41
14.28
14.28
543.12
543.12
587.63
587.63
13.62
13.62
44.92
44.92
539.12
539.12
343.45
343.45
18.26
18.26
805.21
805.21
1495.93
1495.93
553.70
553.70
461.13
461.13
19.74
19.74
1970.37
1970.37
2357.14
2357.14
26.70
26.70
2445.26
2445.26
1016.75
1016.75
2610.82
2610.82
1558.80
1558.80
11.45
11.45
16.76
16.76
81.80
81.80
1992.31
1992.31
10.00
10.00
723.39
723.39
1693.30
1693.30
1925.35
1925.35
2560.55
2560.55
1212.65
1212.65
802.79
802.79
2457.43
2457.43
2789.47
2789.47
14.23
14.23
73.42
73.42
35.33
35.33
35.33
13.32
13.32
2567.52
146.47
146.47
2104.73
2104.73
1688.08
1688.08
528.59
528.59
1203.13
1203.13
17.65
17.65
1534.74
1534.74
1133.62
1133.62
1767.75
1767.75
911.08
911.08
943.87
943.87
553.45
553.45
1094.24
1094.24
737.32
737.32
11.42
11.42
1019.49
1019.49
2588.50
2588.50
2329.16
2329.16
15.21
15.21
2012.01
2012.01
636.70
636.70
175.70
175.70
572.93
572.93
2312.96
2312.96
2340.81
2340.81
41.54
41.54
2138.71
2138.71
414.30
414.30
2593.20
2593.20
2366.66
2366.66
552.37
552.37
2467.70
2467.70
2742.42
2742.42
869.39
869.39
2248.78
2248.78
2528.34
2528.34
2343.14
2343.14
212.26
212.26
2725.93
2725.93
1999.70
1999.70
60.92
60.92
1762.57
1762.57
1779.32
1779.32
868.30
868.30
651.95
651.95
387.71
387.71
73.03
73.03
626.50
626.50
240.91
240.91
14.31
14.31
260.70
260.70
1105.39
1105.39
217.71
217.71
1449.39
1449.39
272.63
272.63
2133.97
2133.97
1377.25
1377.25
2650.62
2650.62
2319.81
2319.81
448.44
448.44
2411.47
2411.47
505.83
505.83
2068.40
2068.40
448.20
448.20
919.14
919.14
10.00
10.00
654.78
654.78
1129.89
1129.89
301.41
301.41
2270.91
2270.91
2224.32
2224.32
782.82
782.82
457.30
457.30
2728.08
2728.08
2807.20
2807.20
2461.95
2461.95
2652.73
2652.73
1361.97
1361.97
765.99
765.99
1914.79
1914.79
1973.43
1973.43
1295.08
1295.08
181.18
181.18
2264.60
2264.60
2348.57
2348.57
691.91
691.91
1292.31
1292.31
2488.96
2488.96
1823.08
1823.08
1403.00
1403.00
518.32
518.32
316.54
316.54
1512.32
1512.32
79.22
79.22
736.59
736.59
454.00
454.00
332.62
332.62
792.01
792.01
1721.41
1721.41
20.28
20.28
1367.29
1367.29
454.11
454.11
981.67
981.67
910.99
910.99
960.24
960.24
2086.71
2086.71
2829.86
2829.86
1843.89
1843.89
2388.85
2388.85
19.74
19.74
89.10
89.10
242.78
242.78
2230.37
2230.37
2483.74
2483.74
2473.17
2473.17
1744.32
1744.32
2875.24
2875.24
2205.35
2205.35
2427.69
2427.69
772.05
772.05
1276.09
1276.09
2661.61
2661.61
1701.91
1701.91
2641.27
2641.27
2611.09
2611.09
2195.32
2195.32
2583.21
2583.21
2048.01
2048.01
228.73
228.73
1442.66
1442.66
2013.86
2013.86
1554.41
1554.41
1752.16
1752.16
1963.11
1963.11
1938.35
1938.35
1732.43
1732.43
2097.22
2097.22
436.93
436.93
1731.64
1731.64
1802.14
1802.14
1669.73
1669.73
515.21
515.21
211.53
211.53
2568.39
2568.39
1535.41
1535.41
2852.95
2852.95
2782.14
2782.14
1127.68
1127.68
1050.55
1050.55
1055.56
1055.56
2641.79
2641.79
1414.15
1414.15
301.54
301.54
16.25
16.25
2776.56
2776.56
788.66
788.66
2667.62
2667.62
2811.74
2811.74
2438.58
2438.58
2744.20
2744.20
2646.36
2646.36
2607.91
2607.91
2782.98
2782.98
2801.74
2801.74
2752.17
2752.17
2699.08
2699.08
2872.16
2872.16
2830.92
2830.92
2707.28
2707.28
2735.16
2735.16
2558.41
2558.41
2748.14
2748.14
2354.16
2354.16
995.72
995.72
1895.66
1895.66
1466.31
1466.31
1914.12
1914.12
1909.52
1909.52
750.80
750.80
1659.19
1659.19
1313.95
1313.95
2950.99
2950.99
1712.96
1712.96
1712.96
1712.96
120.44
120.44
1191.45
1191.45
243.84
243.84
919.84
919.84
1707.47
1707.47
2203.29
2203.29
2313.02
2313.02
2344.86
2344.86
2520.91
2520.91
2515.94
2515.94
1309.94
1309.94
2123.14
2123.14
2449.27
2449.27
2449.27
2449.27
2864.53
2864.53
701.50
701.50
1290.10
1290.10
2292.81
2292.81
2118.93
2118.93
2355.76
2355.76
3016.49
3016.49
2189.39
2189.39
2324.47
2324.47
2469.79
2469.79
2296.17
2296.17
2808.09
2808.09
779.54
779.54
19.74
19.74
508.05
508.05
2287.73
2287.73
2537.69
2537.69
2361.08
2361.08
2385.98
2385.98
808.24
808.24
17.58
17.58
11.17
11.17
2703.37
2703.37
18.45
18.45
701.35
701.35
1711.37
1711.37
437.44
437.44
1855.69
1855.69
1529.98
1529.98
226.23
226.23
174.14
174.14
465.66
465.66
867.17
867.17
66.18
66.18
10.00
10.00
1741.48
1741.48
1741.48
1741.48
246.44
246.44
1399.82
1399.82
742.70
742.70
502.39
502.39
1471.83
1471.83
533.47
533.47
743.89
743.89
697.26
697.26
697.26
1597.68
1669.51
1669.51
1389.40
1389.40
2128.86
2128.86
1356.89
1356.89
56.36
56.36
1818.93
1818.93
159.94
159.94
624.83
624.83
22.22
22.22
884.07
884.07
51.79
51.79
83.73
83.73
451.11
451.11
1420.40
1420.40
1248.60
1248.60
17.63
17.63
408.69
408.69
117.14
117.14
39.02
39.02
2169.98
2169.98
30.67
30.67
13.70
13.70
1693.54
1693.54
1344.80
1344.80
245.40
245.40
1409.79
1409.79
1707.07
1707.07
1589.80
1589.80
2149.62
2149.62
708.59
708.59
567.64
567.64
1115.39
1115.39
1626.31
1626.31
1536.31
1536.31
1243.37
1243.37
2001.98
2001.98
12.45
12.45
1115.24
1115.24
636.70
636.70
2231.03
2231.03
2818.82
2818.82
815.92
815.92
2721.80
2721.80
2585.14
2585.14
1780.55
1780.55
1780.55
2241.88
644.07
644.07
31.75
31.75
1621.31
1621.31
1040.51
1040.51
2322.85
2322.85
2372.17
2372.17
2404.24
2404.24
2297.25
2297.25
1946.33
1946.33
559.17
559.17
1211.01
1211.01
1994.84
1994.84
2478.26
2478.26
2286.48
2286.48
461.07
461.07
2125.57
2125.57
1346.15
1346.15
492.47
492.47
786.73
786.73
2173.74
2173.74
822.37
822.37
1619.43
1619.43
1668.36
1668.36
1484.58
1484.58
405.33
405.33
1308.87
1308.87
16.02
16.02
15.25
15.25
1961.19
1961.19
14.12
14.12
615.95
615.95
1036.15
1036.15
181.64
181.64
18.09
18.09
199.42
199.42
750.36
750.36
750.36
750.36
750.36
216.90
793.63
1259.17
2228.46
2228.46
2228.46
1599.48
25.96
25.96
25.96
737.65
97.83
97.83
2268.55
2268.55
392.26
392.26
82.69
82.69
1238.22
1238.22
430.02
430.02
13.78
13.78
1872.27
1872.27
1732.71
1732.71
25.11
25.11
25.11
2055.90
511.32
511.32
511.32
739.41
97.53
97.53
97.53
243.56
243.56
22.53
685.68
685.68
685.68
11.56
574.54
574.54
17.52
17.52
280.78
280.78
280.78
2039.18
2039.18
1384.01
1384.01
631.09
13.44
13.44
1445.11
1445.11
1129.49
1129.49
17.04
17.04
17.04
1513.75
98.69
98.69
98.69
1199.94
1852.13
1852.13
10.00
10.00
804.78
804.78
2701.79
2701.79
2701.79
1701.22
1063.56
1063.56
676.23
676.23
487.27
487.27
2315.55
2315.55
2141.83
2141.83
98.34
98.34
58.77
58.77
2095.55
2095.55
362.53
362.53
53.81
53.81
71.93
71.93
92.79
92.79
1254.71
1254.71
1254.71
1400.11
18.04
18.04
15.21
15.21
15.21
790.08
97.72
97.72
16.66
16.66
12.40
12.40
167.12
167.12
50.14
50.14
50.14
1910.44
756.48
756.48
10.00
10.00
10.00
457.86
39.03
39.03
14.01
14.01
756.01
756.01
996.84
996.84
1037.71
1037.71
2481.05
2481.05
55.53
55.53
19.63
19.63
1551.04
1551.04
779.21
779.21
31.30
31.30
1013.71
1013.71
1656.39
1656.39
963.56
963.56
2344.08
2344.08
12.85
12.85
31.04
31.04
37.21
37.21
37.21
374.93
374.93
140.94
85.95
85.95
85.95
682.02
615.49
615.49
993.43
993.43
2046.55
2046.55
557.10
557.10
17.14
17.14
2469.91
2469.91
2066.80
2066.80
2758.51
2758.51
82.01
82.01
2356.05
2356.05
2356.05
2004.68
2004.68
856.83
1346.75
1346.75
2448.73
2448.73
2029.62
2029.62
550.66
550.66
2371.11
2371.11
2757.10
2757.10
2407.73
2407.73
1352.31
1352.31
342.03
342.03
786.13
786.13
2202.05
2202.05
1666.20
1666.20
16.32
16.32
1526.80
1526.80
465.22
465.22
694.85
694.85
694.85
1268.33
966.72
966.72
908.34
908.34
908.34
2072.30
14.42
14.42
2615.18
2615.18
1300.54
1300.54
690.40
690.40
690.40
1170.22
1547.53
1547.53
1768.25
1768.25
2141.99
2141.99
2141.99
2452.19
2452.19
1603.89
1603.89
2195.75
2195.75
2437.02
2437.02
1683.90
1683.90
2366.48
2366.48
2656.67
2656.67
804.60
804.60
721.67
721.67
2804.84
2804.84
27.97
27.97
2428.05
2428.05
811.35
811.35
853.61
853.61
1262.32
1262.32
16.28
16.28
1919.20
1919.20
1006.21
1006.21
60.37
60.37
2550.39
2550.39
1440.50
1440.50
2567.48
2567.48
613.17
613.17
2399.72
2399.72
2156.97
2156.97
1620.75
1620.75
2275.65
2275.65
2240.29
2240.29
1884.40
1884.40
318.97
318.97
596.19
596.19
835.17
835.17
378.50
378.50
153.65
153.65
847.21
847.21
565.37
565.37
2059.33
2059.33
1366.33
1366.33
720.66
720.66
1044.02
1044.02
1562.50
1562.50
2187.73
2187.73
654.56
654.56
913.94
913.94
731.04
731.04
1698.14
1698.14
10.34
10.34
216.47
216.47
1630.91
1630.91
852.36
852.36
2250.00
2250.00
1269.31
1269.31
744.54
744.54
2299.78
2299.78
40.94
40.94
10.00
10.00
1153.36
1153.36
665.75
665.75
43.18
43.18
2468.69
2468.69
784.14
784.14
2306.70
2306.70
2343.25
2343.25
304.44
304.44
2431.50
2431.50
2208.69
2208.69
2386.16
2386.16
803.10
803.10
2335.04
2335.04
1936.68
1936.68
1380.46
1380.46
628.67
628.67
1794.62
1794.62
2378.43
2378.43
1309.26
1309.26
42.04
42.04
622.28
622.28
984.59
984.59
1751.59
1751.59
28.95
28.95
55.32
55.32
1113.71
1113.71
36.10
36.10
208.99
208.99
183.61
183.61
12.41
12.41
749.82
749.82
1150.17
1150.17
410.85
410.85
1352.30
1352.30
10.00
10.00
29.24
29.24
2214.59
2214.59
2667.22
2667.22
229.34
229.34
709.93
709.93
1192.59
1192.59
1262.08
1262.08
1908.55
1908.55
185.70
185.70
57.93
57.93
10.65
10.65
1483.79
1483.79
758.67
758.67
1209.86
1209.86
288.14
288.14
204.50
204.50
10.00
10.00
1461.41
1461.41
1256.04
1256.04
1330.78
1330.78
1437.49
1437.49
15.62
15.62
18.18
18.18
1194.44
1194.44
2409.92
2409.92
2229.24
2229.24
2506.42
2506.42
1315.38
1315.38
13.31
13.31
337.84
337.84
13.96
13.96
2424.62
2424.62
1222.59
1222.59
77.21
77.21
17.35
17.35
1726.89
1726.89
810.33
810.33
17.91
17.91
652.40
652.40
2076.45
2076.45
15.00
15.00
766.95
766.95
17.27
17.27
633.53
633.53
157.42
157.42
2099.24
2099.24
848.91
848.91
678.94
678.94
1587.68
1587.68
2593.93
2593.93
2575.41
2575.41
1285.84
1285.84
2181.45
2181.45
12.95
12.95
2081.14
2081.14
1791.82
1791.82
2422.37
2422.37
359.92
359.92
2692.43
2692.43
2288.71
2288.71
2049.56
2049.56
2024.43
2024.43
2415.24
2415.24
13.64
13.64
2052.68
2052.68
2094.87
2094.87
2672.62
2672.62
979.73
979.73
2841.72
2841.72
1141.79
1141.79
2096.46
2096.46
464.21
464.21
10.00
10.00
14.98
14.98
120.61
120.61
1462.35
1462.35
1117.59
1117.59
818.30
818.30
1818.57
1818.57
1245.51
1245.51
2122.87
2122.87
2415.16
2415.16
2009.69
2009.69
2375.27
2375.27
1878.81
1878.81
2022.44
2022.44
1647.21
1647.21
2224.15
2224.15
1911.37
1911.37
1960.90
1960.90
2627.44
2627.44
2323.74
2323.74
2521.93
2521.93
2475.66
2475.66
299.68
299.68
2186.73
2186.73
471.45
471.45
2419.29
2419.29
2449.49
2449.49
13.43
13.43
13.94
13.94
654.12
654.12
655.89
655.89
553.58
553.58
16.81
16.81
1850.80
1850.80
2026.83
2026.83
2387.26
2387.26
2465.90
2465.90
1365.23
1365.23
835.74
835.74
13.62
13.62
10.00
10.00
2102.02
2102.02
1889.05
1889.05
1456.51
1456.51
1364.03
1364.03
1393.23
1393.23
1629.25
1629.25
1066.58
1066.58
713.42
713.42
1075.86
1075.86
1418.15
1418.15
1418.15
1418.15
1418.15
1418.15
1531.02
1531.02
1220.77
1220.77
67.07
67.07
709.27
709.27
2249.19
2249.19
2295.22
2295.22
99.00
99.00
1433.52
1433.52
1812.55
1812.55
925.90
925.90
2210.14
2210.14
686.43
686.43
2720.16
2720.16
2380.38
2380.38
1665.91
1665.91
603.28
603.28
910.99
910.99
18.87
18.87
2250.71
2250.71
1530.83
1530.83
16.71
16.71
1414.86
1414.86
2709.13
2709.13
2709.13
2709.13
2709.13
2709.13
2762.99
2762.99
776.98
776.98
1531.47
1531.47
2493.42
2493.42
46.81
46.81
2500.80
2500.80
710.95
710.95
2541.75
2541.75
2483.72
2483.72
2127.59
2127.59
2364.88
2364.88
10.00
10.00
245.70
245.70
771.23
771.23
275.77
275.77
99.54
99.54
10.00
10.00
1955.72
1955.72
2271.10
2271.10
60.31
60.31
54.53
54.53
1887.61
1887.61
1404.39
1404.39
1446.60
1446.60
10.00
10.00
1901.01
1901.01
1734.13
1734.13
31.12
31.12
602.99
602.99
571.48
571.48
1552.93
1552.93
1923.95
1923.95
1167.78
1167.78
1839.55
1839.55
2790.84
2790.84
2286.57
2286.57
175.97
175.97
16.89
16.89
133.31
133.31
776.51
776.51
146.62
146.62
2197.94
2197.94
2634.06
2634.06
304.12
304.12
2630.78
2630.78
237.11
237.11
199.99
199.99
10.00
10.00
1755.86
1755.86
1905.12
1905.12
2336.41
2336.41
1771.77
1771.77
907.33
907.33
2357.15
2357.15
2041.28
2041.28
1686.50
1686.50
759.48
759.48
2146.63
2146.63
2122.27
2122.27
2133.75
2133.75
1774.28
1774.28
755.06
755.06
53.29
53.29
326.11
326.11
41.77
41.77
1228.45
1228.45
1935.57
1935.57
19.30
19.30
1704.05
1704.05
11.10
11.10
1352.22
1352.22
483.58
483.58
22.70
22.70
2137.35
2137.35
2449.09
2449.09
821.54
821.54
1539.84
1539.84
184.51
184.51
1699.93
1699.93
1204.29
1204.29
42.26
42.26
386.38
386.38
15.04
15.04
2101.68
2101.68
2383.12
2383.12
2123.88
2123.88
1906.73
1906.73
2502.73
2502.73
11.57
11.57
296.27
296.27
10.00
10.00
223.51
223.51
1340.04
1340.04
1765.88
1765.88
2889.18
2889.18
2251.07
2251.07
2522.13
2522.13
2439.28
2439.28
13.36
13.36
2356.93
2356.93
31.94
31.94
1965.86
1965.86
2277.30
2277.30
2019.96
2019.96
778.07
778.07
1878.73
1878.73
436.20
436.20
77.60
77.60
227.84
227.84
18.43
18.43
514.26
514.26
857.87
857.87
1599.23
1599.23
1203.85
1203.85
510.30
510.30
343.47
343.47
782.65
782.65
2389.57
2389.57
1495.54
1495.54
1928.28
1928.28
2575.01
2575.01
2301.91
2301.91
2517.21
2517.21
1104.05
1104.05
76.38
76.38
10.00
10.00
2741.47
2741.47
51.81
51.81
1788.10
1788.10
1586.06
1586.06
1586.06
19.61
944.17
944.17
883.55
883.55
2024.97
2024.97
1798.30
1798.30
12.57
12.57
2114.36
2114.36
12.90
12.90
559.79
559.79
559.79
10.07
10.07
753.90
753.90
1637.33
610.96
610.96
2433.86
2433.86
2325.46
2325.46
1356.78
1356.78
1955.98
1955.98
2306.15
2306.15
34.69
34.69
1920.07
1920.07
1671.66
1671.66
698.60
698.60
1405.05
1405.05
32.49
32.49
1468.87
1468.87
1468.87
157.48
2546.18
2546.18
774.19
774.19
2613.20
2613.20
983.81
983.81
1430.20
1430.20
1430.20
108.33
409.98
409.98
2284.90
2284.90
1501.37
1501.37
14.07
14.07
11.94
11.94
11.94
1360.56
1159.73
1159.73
92.52
92.52
1072.48
1072.48
42.70
42.70
658.01
658.01
1043.20
1043.20
1224.70
1224.70
202.42
202.42
37.29
37.29
1575.48
1575.48
1342.77
1342.77
2589.17
2589.17
2348.57
2348.57
2348.57
10.00
18.70
18.70
360.69
360.69
13.54
13.54
10.00
10.00
1845.54
1845.54
789.40
789.40
1082.11
1082.11
239.62
239.62
1932.09
1932.09
1857.20
1857.20
910.16
910.16
1159.31
1159.31
1159.31
1856.45
526.79
526.79
1145.09
1145.09
1834.53
1834.53
18.25
18.25
542.84
542.84
542.84
13.75
13.84
13.84
308.87
308.87
92.19
92.19
2036.73
2036.73
90.66
90.66
358.75
358.75
53.89
53.89
351.19
351.19
10.85
10.85
976.70
976.70
976.70
1690.30
48.76
48.76
2233.83
2233.83
838.24
838.24
89.74
89.74
317.09
317.09
41.75
41.75
11.83
11.83
73.29
73.29
2633.65
2633.65
1198.38
1198.38
135.52
135.52
123.07
123.07
2504.46
2504.46
2504.46
1636.03
13.45
13.45
2259.75
2259.75
25.07
25.07
119.45
119.45
1280.24
1280.24
289.04
289.04
2249.85
2249.85
704.03
704.03
764.43
764.43
764.43
1833.89
1672.64
1672.64
174.10
174.10
1199.03
1199.03
860.49
860.49
871.31
871.31
18.47
18.47
18.47
234.95
788.45
788.45
19.44
19.44
19.44
12.74
13.28
13.28
13.28
654.81
727.59
727.59
727.59
503.42
290.03
290.03
508.80
508.80
508.80
12.31
223.72
223.72
12.32
12.32
889.08
889.08
889.08
2326.08
2063.50
2063.50
2209.70
2209.70
2209.70
2426.92
2426.92
2426.92
2426.92
2325.84
2325.84
772.04
772.04
824.11
824.11
1606.07
1606.07
1558.09
1558.09
1324.14
1324.14
513.66
513.66
1718.31
1718.31
159.50
159.50
36.71
36.71
2383.38
2383.38
2230.22
2230.22
2392.14
2392.14
2154.35
2154.35
1324.92
1324.92
2306.07
2306.07
178.66
178.66
254.90
254.90
28.75
28.75
10.00
10.00
1330.92
1330.92
55.96
55.96
1267.13
1267.13
1245.70
1245.70
1054.28
1054.28
695.58
695.58
1278.66
1278.66
1647.08
1647.08
1988.12
1988.12
2169.40
2169.40
1292.89
1292.89
1177.13
1177.13
1711.08
1711.08
2085.75
2085.75
1419.66
1419.66
1778.06
1778.06
287.92
287.92
1858.83
1858.83
2761.97
2761.97
1783.36
1783.36
2189.14
2189.14
10.00
10.00
1670.39
1670.39
2385.78
2385.78
1121.38
1121.38
1688.79
1688.79
1722.92
1722.92
2400.32
2400.32
2240.12
2240.12
2502.89
2502.89
1967.01
1967.01
1936.82
1936.82
1876.18
1876.18
1173.51
1173.51
2256.64
2256.64
1860.59
1860.59
1860.59
1860.59
553.45
553.45
2165.57
2165.57
2122.39
2122.39
2397.58
2397.58
1671.69
1671.69
1625.35
1625.35
1239.79
1239.79
1402.58
1402.58
1176.69
1176.69
1748.38
1748.38
31.23
31.23
1164.87
1164.87
1356.06
1356.06
1247.96
1247.96
1385.54
1385.54
1431.51
1431.51
1613.20
1613.20
1599.42
1599.42
26.37
26.37
2181.08
2181.08
2769.85
2769.85
2486.61
2486.61
2420.42
2420.42
2411.52
2411.52
18.64
18.64
692.93
692.93
382.92
382.92
1816.17
1816.17
2129.95
2129.95
2249.88
2249.88
21.34
21.34
721.78
721.78
1369.34
1369.34
11.99
11.99
879.84
879.84
2662.37
2662.37
280.01
280.01
1547.50
1547.50
2447.05
2447.05
16.42
16.42
2567.55
2567.55
2605.23
2605.23
31.12
31.12
29.75
29.75
2293.72
2293.72
1171.69
1171.69
677.58
677.58
1278.39
1278.39
1530.93
1530.93
10.79
10.79
2652.25
2652.25
1479.02
1479.02
1736.90
1736.90
1764.26
1764.26
1737.93
1737.93
1714.16
1714.16
1462.08
1462.08
1747.70
1747.70
1840.71
1840.71
1822.03
1822.03
2680.39
2680.39
2498.55
2498.55
2376.47
2376.47
2765.79
2765.79
2326.90
2326.90
2158.45
2158.45
2578.41
2578.41
2425.33
2425.33
2638.41
2638.41
2696.06
2696.06
137.56
137.56
2250.41
2250.41
2412.20
2412.20
1963.62
1963.62
652.27
652.27
612.29
612.29
1981.10
1981.10
136.57
136.57
2422.15
2422.15
2554.57
2554.57
2530.41
2530.41
1629.98
1629.98
2629.37
2629.37
657.11
657.11
2299.47
2299.47
2567.66
2567.66
1357.94
1357.94
2462.84
2462.84
808.88
808.88
10.00
10.00
33.04
33.04
2714.91
2714.91
2650.27
2650.27
339.70
339.70
1972.72
1972.72
761.84
761.84
1325.05
1325.05
853.44
853.44
21.75
21.75
18.22
18.22
520.33
520.33
830.46
830.46
12.92
12.92
1895.75
1895.75
1726.92
1726.92
1832.97
1832.97
1625.21
1625.21
392.27
392.27
274.99
274.99
54.86
54.86
18.24
18.24
2300.37
2300.37
13.90
13.90
2374.47
2374.47
2742.12
2742.12
2489.82
2489.82
1976.82
1976.82
26.21
26.21
1547.49
1547.49
909.21
909.21
2403.78
2403.78
135.28
135.28
206.86
206.86
52.82
52.82
439.94
439.94
2054.75
2054.75
1116.73
1116.73
1116.73
1116.73
231.73
231.73
1018.73
1018.73
2693.45
2693.45
2172.61
2172.61
2690.66
2690.66
2801.44
2801.44
698.86
698.86
2644.32
2644.32
725.33
725.33
1312.78
1312.78
10.00
10.00
746.83
746.83
980.11
980.11
1397.10
1397.10
1680.20
1680.20
1784.55
1784.55
461.94
461.94
11.79
11.79
1735.56
1735.56
2002.64
2002.64
1503.92
1503.92
1589.26
1589.26
2613.87
2613.87
829.41
829.41
1625.10
1625.10
2613.34
2613.34
74.07
74.07
2000.87
2000.87
2628.27
2628.27
472.06
472.06
2142.63
2142.63
442.03
442.03
1316.91
1316.91
23.94
23.94
2134.85
2134.85
1880.21
1880.21
1080.61
1080.61
2558.87
2558.87
1655.56
1655.56
332.58
332.58
12.86
12.86
19.29
19.29
1951.13
1951.13
2564.12
2564.12
2330.15
2330.15
2656.62
2656.62
2724.30
2724.30
2677.77
2677.77
2107.47
2107.47
2765.05
2765.05
799.08
799.08
2500.82
2500.82
2024.58
2024.58
1633.35
1633.35
1457.79
1457.79
13.84
13.84
826.16
826.16
656.21
656.21
801.05
801.05
199.48
199.48
327.73
327.73
782.69
782.69
275.96
275.96
10.00
10.00
1903.48
1903.48
1322.01
1322.01
376.38
376.38
2830.28
2830.28
801.35
801.35
61.52
61.52
2211.91
2211.91
2231.19
2231.19
89.55
89.55
13.44
13.44
84.06
84.06
895.76
895.76
2139.84
2139.84
2601.94
2601.94
2410.00
2410.00
2462.55
2462.55
579.39
579.39
1821.11
1821.11
2506.91
2506.91
2648.29
2648.29
12.66
12.66
75.82
75.82
24.48
24.48
646.59
646.59
497.06
497.06
716.76
716.76
2034.38
2034.38
136.91
136.91
1910.46
1910.46
30.88
30.88
12.89
12.89
1202.97
1202.97
481.86
481.86
2756.43
2756.43
1979.61
1979.61
2793.85
2793.85
1866.18
1866.18
938.20
938.20
1761.61
1761.61
111.23
111.23
1427.03
1427.03
716.06
716.06
1486.69
1486.69
1427.45
1427.45
109.26
109.26
1892.48
1892.48
11.58
11.58
40.00
40.00
13.27
13.27
1412.09
1412.09
1520.84
1520.84
2517.78
2517.78
13.95
13.95
649.68
649.68
35.48
35.48
150.59
150.59
677.20
677.20
13.21
13.21
1957.99
1957.99
2167.84
2167.84
2555.16
2555.16
2100.95
2100.95
2583.27
2583.27
2727.80
2727.80
1270.94
1270.94
25.00
25.00
2462.55
2462.55
102.01
102.01
163.82
163.82
614.21
614.21
1726.10
1726.10
1354.03
1354.03
2649.18
2649.18
2627.30
2627.30
2665.76
2665.76
2665.76
2665.76
1770.21
1770.21
1160.67
1160.67
1846.14
1846.14
854.48
854.48
20.68
20.68
1170.31
1170.31
1687.34
1687.34
1069.03
1069.03
27.39
27.39
26.12
26.12
1109.71
1109.71
2692.10
2692.10
42.41
42.41
2204.77
2204.77
2168.73
2168.73
2590.14
2590.14
2323.82
2323.82
2526.94
2526.94
2766.69
2766.69
36.60
36.60
15.50
15.50
2125.66
2125.66
1787.23
1787.23
2623.85
2623.85
2623.85
2623.85
2623.85
2623.85
2844.17
2844.17
2030.04
2030.04
2657.28
2657.28
835.55
835.55
1543.59
1543.59
2371.55
2371.55
2574.87
2574.87
2720.33
2720.33
728.48
728.48
2857.95
2857.95
2424.22
2424.22
2595.77
2595.77
2610.02
2610.02
18.81
18.81
567.95
567.95
1731.85
1731.85
625.25
625.25
2604.05
2604.05
283.03
283.03
2058.39
2058.39
2307.97
2307.97
2307.97
1393.51
1787.78
1787.78
2301.25
2301.25
2215.70
2215.70
744.50
744.50
10.00
10.00
1127.08
1127.08
32.00
32.00
1180.41
1180.41
1357.51
1357.51
1260.19
1260.19
1471.94
1471.94
1977.45
1977.45
1491.25
1491.25
1585.39
1585.39
1654.01
1654.01
2250.36
2250.36
2128.68
2128.68
2000.30
2000.30
2142.87
2142.87
2661.24
2661.24
1954.38
1954.38
1954.38
2213.85
1511.63
1511.63
2518.15
2518.15
2508.16
2508.16
2484.66
2484.66
2487.60
2487.60
31.12
31.12
235.54
235.54
805.58
805.58
1362.52
1362.52
10.00
10.00
659.84
659.84
1987.36
1987.36
620.12
620.12
134.88
134.88
623.01
623.01
90.29
90.29
725.56
725.56
1839.10
1839.10
1839.10
1150.30
800.48
800.48
369.35
369.35
327.03
327.03
327.03
896.70
43.72
43.72
690.15
690.15
1246.08
1246.08
1170.05
1170.05
139.48
139.48
222.22
222.22
86.99
86.99
30.04
30.04
369.47
369.47
1122.71
1122.71
1494.35
1494.35
2096.98
2096.98
1955.38
1955.38
1569.67
1569.67
2451.18
2451.18
540.37
540.37
2306.84
2306.84
469.22
469.22
2493.30
2493.30
2110.22
2110.22
2757.09
2757.09
2745.89
2745.89
12.93
12.93
730.46
730.46
2487.07
2487.07
2076.08
2076.08
2556.97
2556.97
806.72
806.72
2731.23
2731.23
2361.43
2361.43
2716.19
2716.19
899.40
899.40
41.19
41.19
22.40
22.40
257.21
257.21
2568.27
2568.27
2767.45
2767.45
661.99
661.99
1901.84
1901.84
25.32
25.32
25.32
2070.53
1732.57
1732.57
1732.57
1757.85
394.87
394.87
394.87
617.58
10.15
10.15
13.92
13.92
506.72
506.72
54.81
54.81
1665.56
1665.56
1644.22
1644.22
408.19
408.19
408.19
1269.28
10.00
10.00
1269.97
1269.97
124.87
124.87
138.50
138.50
209.69
209.69
855.94
855.94
855.94
2163.59
17.06
17.06
2446.98
2446.98
2055.78
2055.78
2619.61
2619.61
2788.06
2788.06
2867.98
2867.98
12.89
12.89
1430.05
1430.05
2164.25
2164.25
1586.63
1586.63
43.20
43.20
1186.87
1186.87
2421.47
2421.47
631.65
631.65
45.88
45.88
2377.97
2377.97
440.26
440.26
265.16
265.16
265.16
2550.07
671.91
671.91
1917.95
1917.95
1917.95
1533.93
1533.93
14.78
14.78
2607.35
2607.35
2090.38
2090.38
666.64
666.64
2587.53
2587.53
90.06
90.06
2186.67
2186.67
792.60
792.60
1810.84
1810.84
1497.45
1497.45
73.09
73.09
1829.02
1829.02
1608.08
1608.08
1619.50
1619.50
19.03
19.03
17.74
17.74
300.12
300.12
1233.68
1233.68
117.91
117.91
27.08
27.08
601.66
601.66
2095.83
2095.83
28.80
28.80
19.52
19.52
784.35
784.35
651.06
651.06
21.61
21.61
821.37
821.37
14.48
14.48
23.81
23.81
23.81
11.61
18.17
18.17
215.84
215.84
287.10
287.10
18.29
18.29
547.63
547.63
1742.76
1742.76
213.46
213.46
2133.20
2133.20
481.11
481.11
2377.33
2377.33
36.20
36.20
2573.61
2573.61
2236.96
2236.96
2784.35
2784.35
2565.84
2565.84
329.97
329.97
243.36
243.36
53.27
53.27
78.36
78.36
17.77
17.77
1349.07
1349.07
1786.69
1786.69
1614.89
1614.89
1859.14
1859.14
27.68
27.68
1074.17
1074.17
2029.55
2029.55
85.80
85.80
1454.93
1454.93
471.96
471.96
1436.98
1436.98
1423.20
1423.20
207.11
207.11
1260.12
1260.12
1422.80
1422.80
1604.25
1604.25
14.02
14.02
687.40
687.40
2443.80
2443.80
2365.74
2365.74
607.65
607.65
786.58
786.58
1060.94
1060.94
2451.55
2451.55
2075.01
2075.01
1552.49
1552.49
39.58
39.58
2392.35
2392.35
2073.81
2073.81
267.57
267.57
666.24
666.24
988.91
988.91
13.69
13.69
814.37
814.37
2127.36
2127.36
16.69
16.69
494.26
494.26
2330.86
2330.86
2211.54
2211.54
2494.34
2494.34
1991.04
1991.04
17.30
17.30
1619.55
1619.55
269.74
269.74
87.48
87.48
113.36
113.36
28.15
28.15
73.93
73.93
2183.73
2183.73
1777.01
1777.01
821.89
821.89
411.19
411.19
251.90
251.90
1013.01
1013.01
1592.53
1592.53
1394.77
1394.77
39.88
39.88
1746.49
1746.49
804.06
804.06
12.46
12.46
313.26
313.26
2392.93
2392.93
2511.36
2511.36
2457.09
2457.09
2501.32
2501.32
2852.43
2852.43
2554.94
2554.94
13.89
13.89
2535.83
2535.83
2677.73
2677.73
2285.61
2285.61
2718.46
2718.46
1919.44
1919.44
2976.40
2976.40
736.76
736.76
1779.45
1779.45
2890.94
2890.94
2854.20
2854.20
2059.43
2059.43
2758.87
2758.87
2013.29
2013.29
2896.91
2896.91
2713.46
2713.46
2899.16
2899.16
2885.45
2885.45
2740.87
2740.87
2739.72
2739.72
2229.10
2229.10
2443.42
2443.42
2443.42
2443.42
1348.24
1348.24
1381.75
1381.75
1375.02
1375.02
1462.84
1462.84
1353.00
1353.00
1482.23
1482.23
2858.88
2858.88
2586.86
2586.86
2762.76
2762.76
2744.39
2744.39
2184.79
2184.79
1579.69
1579.69
1713.20
1713.20
1713.20
1713.20
1797.56
1797.56
2234.76
2234.76
2234.76
2234.76
29.57
29.57
14.89
14.89
2536.82
2536.82
2208.78
2208.78
2745.47
2745.47
630.36
630.36
2612.83
2612.83
2305.23
2305.23
2126.63
2126.63
1711.68
1711.68
2652.37
2652.37
1871.64
1871.64
12.81
12.81
2378.33
2378.33
2606.86
2606.86
1851.16
1851.16
2677.81
2677.81
2586.33
2586.33
98.57
98.57
1705.66
1705.66
2706.98
2706.98
2631.11
2631.11
1032.03
1032.03
2446.22
2446.22
2446.22
2446.22
2446.22
2446.22
2446.22
2446.22
1343.60
1343.60
1191.74
1191.74
597.60
597.60
1284.92
1284.92
11.68
11.68
1821.13
1821.13
1933.72
1933.72
285.76
285.76
1767.01
1767.01
1348.18
1348.18
19.71
19.71
1676.26
1676.26
1837.85
1837.85
122.86
122.86
722.87
722.87
1113.54
1113.54
301.91
301.91
324.39
324.39
10.25
10.25
486.44
486.44
47.21
47.21
328.49
328.49
1980.98
1980.98
2343.09
2343.09
1955.47
1955.47
199.07
199.07
2529.08
2529.08
2343.53
2343.53
2610.45
2610.45
2455.01
2455.01
714.75
714.75
2758.68
2758.68
12.08
12.08
251.68
251.68
135.52
135.52
245.46
245.46
17.78
17.78
12.54
12.54
724.32
724.32
10.00
10.00
13.41
13.41
740.21
740.21
2127.40
2127.40
713.13
713.13
286.33
286.33
727.66
727.66
23.72
23.72
169.50
169.50
755.36
755.36
888.53
888.53
125.34
125.34
13.15
13.15
64.20
64.20
1810.20
1810.20
1497.97
1497.97
998.77
998.77
2370.83
2370.83
13.38
13.38
2227.62
2227.62
559.79
559.79
1872.74
1872.74
11.91
11.91
2682.47
2682.47
2648.03
2648.03
2654.72
2654.72
2671.17
2671.17
1932.15
1932.15
2503.09
2503.09
2724.10
2724.10
70.15
70.15
2858.94
2858.94
191.66
191.66
1053.32
1053.32
2468.99
2468.99
2800.15
2800.15
2040.56
2040.56
2596.16
2596.16
1924.10
1924.10
11.23
11.23
31.77
31.77
1045.47
1045.47
1976.72
1976.72
2765.82
2765.82
2591.30
2591.30
2387.65
2387.65
50.84
50.84
16.46
16.46
312.16
312.16
15.39
15.39
1745.44
1745.44
1549.49
1549.49
1590.22
1590.22
1072.99
1072.99
1117.55
1117.55
1262.20
1262.20
443.55
443.55
1947.24
1947.24
853.73
853.73
2289.18
2289.18
1569.90
1569.90
18.99
18.99
2066.11
2066.11
2526.88
2526.88
2526.88
2526.88
2295.91
2295.91
1702.97
1702.97
2647.90
2647.90
2571.27
2571.27
2488.01
2488.01
1722.80
1722.80
1428.63
1428.63
1428.63
1428.63
353.45
353.45
1456.44
1456.44
1739.37
1739.37
1873.80
1873.80
1268.07
1268.07
359.35
359.35
1506.66
1506.66
2236.30
2236.30
2481.75
2481.75
1447.46
1447.46
64.87
64.87
17.11
17.11
1645.13
1645.13
2289.84
2289.84
3038.43
3038.43
2239.46
2239.46
2633.21
2633.21
802.37
802.37
2288.81
2288.81
1927.74
1927.74
1793.94
1793.94
1573.73
1573.73
1907.87
1907.87
1714.95
1714.95
1490.39
1490.39
15.56
15.56
1258.01
1258.01
981.71
981.71
1281.68
1281.68
777.67
777.67
1504.96
1504.96
2026.59
2026.59
2026.59
2026.59
25.54
25.54
2535.61
2535.61
731.18
731.18
2829.09
2829.09
2301.17
2301.17
2695.92
2695.92
72.01
72.01
138.61
138.61
70.29
70.29
781.95
781.95
15.58
15.58
36.87
36.87
14.44
14.44
28.92
28.92
63.15
63.15
815.21
815.21
19.56
19.56
12.65
12.65
2208.48
2208.48
2695.05
2695.05
2115.78
2115.78
2468.41
2468.41
2468.41
545.15
314.50
314.50
510.87
510.87
1338.04
1338.04
1509.13
1509.13
1509.13
2241.05
19.52
19.52
653.03
653.03
18.57
18.57
1430.05
1430.05
643.65
643.65
1223.72
1223.72
1105.78
1105.78
1000.34
1000.34
13.49
13.49
577.75
577.75
821.51
821.51
585.94
585.94
572.29
572.29
1419.39
1419.39
560.14
560.14
1629.62
1629.62
671.98
671.98
671.98
965.00
18.30
18.30
18.30
40.40
40.40
23.17
23.17
1669.72
1669.72
620.58
620.58
410.50
30.26
30.26
30.26
44.22
44.22
420.42
420.42
21.19
21.19
18.24
18.24
1236.85
10.00
10.00
18.65
18.65
1900.86
1900.86
1901.49
1901.49
2786.09
2786.09
22.22
22.22
1008.83
1008.83
1008.83
976.97
976.97
1863.81
1863.81
1807.47
724.03
724.03
724.03
2355.18
1631.67
1631.67
1631.67
1400.80
764.33
764.33
2480.44
2480.44
2480.44
12.38
1646.76
1646.76
1646.76
870.43
870.43
1567.01
1567.01
1683.56
461.16
461.16
461.16
1868.12
46.84
46.84
248.76
248.76
74.48
74.48
236.42
236.42
1136.50
1136.50
890.37
890.37
767.06
767.06
1055.32
1055.32
2563.06
2563.06
34.39
34.39
34.39
2919.60
1911.04
1911.04
1911.04
1780.49
1780.49
10.00
19.83
19.83
19.83
11.23
11.23
1708.17
1561.60
1561.60
2739.69
2739.69
17.39
17.39
739.24
739.24
1252.36
1252.36
2327.71
2327.71
873.16
873.16
873.16
2533.58
17.37
17.37
435.84
435.84
10.00
10.00
2838.20
2838.20
2281.64
2281.64
2142.67
2142.67
2344.31
2344.31
2436.54
2436.54
18.89
18.89
2655.86
2655.86
2479.01
2479.01
2306.71
2306.71
2835.93
2835.93
1431.10
1431.10
2548.62
2548.62
149.55
149.55
2594.39
2594.39
2531.59
2531.59
2091.75
2091.75
2224.36
2224.36
2134.16
2134.16
2288.40
2288.40
819.07
819.07
87.21
87.21
1881.01
1881.01
383.73
383.73
1096.63
1096.63
1805.23
1805.23
53.87
53.87
791.74
791.74
563.27
563.27
2440.66
2440.66
1172.03
1172.03
2629.27
2629.27
2801.58
2801.58
2861.01
2861.01
2826.43
2826.43
2824.59
2824.59
980.39
980.39
2696.26
2696.26
251.79
251.79
779.09
779.09
2777.64
2777.64
2552.60
2552.60
2724.78
2724.78
2845.30
2845.30
2567.02
2567.02
2421.22
2421.22
2578.95
2578.95
2626.83
2626.83
855.56
855.56
2692.85
2692.85
2694.14
2694.14
2740.45
2740.45
1898.81
1898.81
2852.20
2852.20
2852.20
2403.19
1579.27
1579.27
36.12
36.12
379.27
379.27
1309.33
1309.33
1667.24
1667.24
1667.24
1624.23
228.98
228.98
228.98
1122.06
1268.87
1268.87
2157.46
2157.46
2157.46
2755.88
2755.88
1410.63
1410.63
1543.41
1543.41
882.99
882.99
882.99
882.99
1498.59
1498.59
1498.59
1498.59
1498.59
1498.59
806.04
806.04
933.12
933.12
1050.36
1050.36
1072.94
1072.94
1072.94
1072.94
1072.94
1072.94
416.67
416.67
1285.08
1285.08
2166.16
2166.16
754.20
754.20
2745.13
2745.13
1760.27
1760.27
19.54
19.54
2716.11
2716.11
55.34
55.34
52.18
52.18
1897.15
1897.15
2412.43
2412.43
2451.01
2451.01
2782.66
2782.66
2585.99
2585.99
2532.15
2532.15
2738.18
2738.18
2793.82
2793.82
1734.44
1734.44
2739.25
2739.25
2759.36
2759.36
2557.39
2557.39
2160.43
2160.43
475.86
