# 1Hz Kbps trace generated by import_real_world_traces.py
436.54
264.87
1226.25
32.04
32.04
32.04
658.07
658.07
512.31
475.33
1460.09
1460.09
10.00
21.65
21.65
97.25
97.25
23.11
23.11
423.14
578.63
578.63
18.61
18.61
2464.38
2464.38
1403.70
1403.70
393.39
393.39
846.74
846.74
385.20
385.20
16.42
16.42
2048.21
2048.21
523.07
523.07
997.45
997.45
2583.13
2583.13
1268.65
1268.65
2529.03
2529.03
2684.51
2684.51
83.99
83.99
10.00
10.00
2932.51
2932.51
2446.69
2446.69
2828.65
2828.65
10.78
10.78
2741.54
2741.54
2749.16
2749.16
613.46
613.46
2631.74
2631.74
1889.28
1889.28
2880.68
2880.68
2811.11
2811.11
392.89
392.89
36.86
36.86
869.94
869.94
98.97
98.97
18.78
18.78
489.48
489.48
1441.40
1441.40
1443.33
1443.33
2923.21
2923.21
2803.58
2803.58
2732.43
2732.43
2402.17
2402.17
2717.04
2717.04
2908.66
2908.66
436.84
436.84
806.90
806.90
1968.70
1968.70
2711.78
2711.78
971.37
971.37
1570.19
1570.19
2573.53
2573.53
2573.53
2573.53
24.50
24.50
75.01
75.01
2912.01
2912.01
2452.62
2452.62
2860.22
2860.22
25.20
25.20
2823.68
2823.68
2823.68
2823.68
902.88
902.88
2891.21
2891.21
2600.23
2600.23
1037.18
1037.18
32.99
32.99
388.97
388.97
10.00
10.00
2691.96
2691.96
2577.72
2577.72
1153.51
1153.51
15.01
15.01
2777.56
2777.56
2336.45
2336.45
109.01
109.01
1341.01
1341.01
2454.44
2454.44
689.61
689.61
1591.04
1591.04
285.41
285.41
507.82
507.82
1352.89
1352.89
2539.03
2539.03
1331.42
1331.42
2040.09
2040.09
2382.89
2382.89
2712.48
2712.48
2911.74
2911.74
2007.45
2007.45
709.82
709.82
20.92
20.92
1071.56
1071.56
438.69
438.69
2866.50
2866.50
2928.22
2928.22
1879.89
1879.89
1915.03
1915.03
1774.76
1774.76
89.86
89.86
2798.37
2798.37
1889.18
1889.18
33.15
33.15
48.23
48.23
12.39
12.39
2948.65
2948.65
2908.27
2908.27
324.11
324.11
2648.98
2648.98
2772.83
2772.83
2848.05
2848.05
2918.83
2918.83
2407.73
2407.73
641.92
641.92
2869.94
2869.94
2880.49
2880.49
2924.62
2924.62
2716.92
2716.92
1425.46
1425.46
2344.43
2344.43
1011.12
1011.12
244.37
244.37
10.00
10.00
1416.23
1416.23
2418.39
2418.39
517.73
517.73
1236.42
1236.42
1236.42
2216.64
2216.64
2872.72
755.21
755.21
415.07
415.07
2655.49
2655.49
39.02
39.02
2257.01
2257.01
2909.55
2909.55
929.36
929.36
2961.63
2961.63
2573.47
2573.47
2433.60
2433.60
684.26
684.26
15.96
15.96
1387.46
1387.46
705.81
705.81
2401.88
2401.88
2330.00
2330.00
690.21
690.21
666.44
666.44
2822.86
2822.86
2762.05
2762.05
373.89
373.89
2560.16
2560.16
854.67
854.67
854.67
185.63
185.63
10.00
10.00
794.53
794.53
1804.38
1804.38
375.67
375.67
375.67
369.61
369.61
31.30
40.83
40.83
79.57
79.57
290.81
27.30
27.30
27.30
14.68
184.90
184.90
10.00
10.00
741.93
741.93
1804.79
1804.79
10.00
10.00
41.61
41.61
2943.06
2943.06
1216.09
1216.09
24.58
24.58
2918.05
2918.05
2939.82
2939.82
2492.86
2492.86
2888.57
2888.57
2602.77
2602.77
2843.74
2843.74
2949.28
2949.28
1213.31
1213.31
261.51
261.51
2826.68
2826.68
51.91
51.91
2348.41
2348.41
2870.84
2870.84
339.74
339.74
162.71
162.71
1577.08
1577.08
414.18
414.18
765.16
765.16
2818.87
2818.87
2071.43
2071.43
177.26
177.26
888.20
888.20
2982.11
2982.11
1322.50
1322.50
2153.29
2153.29
2962.26
2962.26
2715.90
2715.90
1606.62
1606.62
359.40
359.40
2331.48
2331.48
1580.88
1580.88
379.22
379.22
2848.36
2848.36
2364.71
2364.71
10.00
10.00
2242.69
2242.69
2242.69
45.33
45.33
1220.97
1220.97
1918.54
13.38
13.38
2152.32
2152.32
922.71
922.71
2865.50
2865.50
2463.87
2463.87
1604.22
1604.22
2793.29
2793.29
2658.48
2658.48
2773.32
2773.32
2670.51
2670.51
1649.58
1649.58
2711.96
2711.96
1918.03
1918.03
2352.07
2352.07
1701.47
1701.47
647.26
647.26
779.26
779.26
10.00
10.00
10.00
10.00
52.90
52.90
148.26
148.26
1192.25
1192.25
1403.42
1403.42
1403.42
86.71
86.71
543.41
543.41
1703.25
2811.04
2811.04
2533.79
2533.79
375.83
375.83
259.86
259.86
374.52
374.52
2257.64
2257.64
773.13
773.13
426.43
426.43
2547.63
2547.63
2758.33
2758.33
2893.28
2893.28
811.98
811.98
1002.36
1002.36
2165.42
2165.42
2814.91
2814.91
348.33
348.33
96.64
96.64
14.98
14.98
177.59
177.59
1917.59
1917.59
1921.74
1921.74
14.89
14.89
364.65
364.65
2253.38
2253.38
2645.84
2645.84
219.49
219.49
1461.87
1461.87
1461.87
1461.87
1461.87
1461.87
1461.87
1461.87
10.00
10.00
2862.27
2862.27
2635.18
2635.18
2689.53
2689.53
2730.09
2730.09
1888.03
1888.03
175.72
175.72
2369.85
2369.85
2771.20
2771.20
952.16
952.16
1304.33
1304.33
2851.50
2851.50
2870.55
2870.55
376.33
376.33
561.37
561.37
2666.11
2666.11
1588.33
1588.33
2798.69
2798.69
2844.26
2844.26
2744.06
2744.06
2231.67
2231.67
2872.57
2872.57
2871.43
2871.43
1189.62
1189.62
454.23
454.23
469.41
469.41
98.67
98.67
2582.68
2582.68
10.00
10.00
2657.78
2657.78
2795.53
2795.53
2868.62
2868.62
2809.25
2809.25
2809.25
2809.25
2661.63
2661.63
1737.13
1737.13
1737.13
1737.13
394.36
394.36
1446.04
1446.04
2683.43
2683.43
2707.60
2707.60
1901.79
1901.79
2712.86
2712.86
2876.11
2876.11
1723.67
1723.67
1723.67
1723.67
1723.67
1723.67
1723.67
1723.67
1723.67
1723.67
1723.67
1723.67
1723.67
1723.67
1723.67
1723.67
936.51
936.51
662.34
662.34
2845.58
2845.58
2566.43
2566.43
1111.91
1111.91
2643.53
2643.53
2335.33
2335.33
777.95
777.95
1005.33
1005.33
10.00
10.00
2469.16
2469.16
2880.99
2880.99
2740.88
2740.88
2740.88
2740.88
2740.88
2740.88
1943.58
1943.58
2644.04
2644.04
160.62
160.62
10.00
10.00
10.00
10.00
2823.26
2823.26
815.03
815.03
347.65
347.65
2878.54
2878.54
2618.61
2618.61
2632.53
2632.53
2399.52
2399.52
2725.35
2725.35
2665.30
2665.30
2847.45
2847.45
10.00
10.00
1164.84
1164.84
394.21
394.21
1140.35
1140.35
2854.91
2854.91
2733.75
2733.75
2898.68
2898.68
2722.10
2722.10
767.63
767.63
2826.12
2826.12
1346.32
1346.32
2763.90
2763.90
1541.34
1541.34
14.96
14.96
1190.74
1190.74
391.17
391.17
402.50
402.50
710.59
710.59
941.12
941.12
1325.78
1325.78
1325.78
841.82
841.82
10.00
10.00
10.00
361.11
1234.28
2840.45
2840.45
356.73
356.73
354.48
354.48
354.48
386.55
386.55
386.55
283.35
1219.53
668.18
668.18
2005.70
2005.70
499.90
499.90
25.97
25.97
414.24
414.24
106.63
106.63
37.35
37.35
12.33
12.33
848.87
848.87
1347.78
1347.78
1347.78
13.31
13.31
2800.69
2773.20
2773.20
2602.45
2602.45
25.05
25.05
32.54
32.54
1725.42
1725.42
1725.42
18.09
18.09
534.15
534.15
534.15
534.15
2704.72
57.09
2078.41
1829.06
1829.06
1968.45
1968.45
254.94
254.94
2882.64
2882.64
24.43
24.43
224.62
224.62
224.62
48.48
48.48
48.48
760.32
760.32
418.20
418.20
418.20
2633.04
2633.04
246.54
2848.33
2848.33
10.00
2240.82
2240.82
2492.80
1017.10
1017.10
2863.17
2863.17
2863.17
1042.33
1042.33
55.15
55.15
711.49
711.49
176.77
176.77
1326.88
1326.88
1303.65
1808.49
1808.49
2804.79
2804.79
465.60
465.60
1986.22
1986.22
1986.22
1877.78
1877.78
2905.14
2863.80
2863.80
1937.87
1937.87
2793.61
2793.61
1027.57
1027.57
2775.57
2775.57
2789.17
2789.17
20.67
20.67
309.05
309.05
142.03
142.03
10.00
10.00
10.00
456.18
456.18
1204.33
2230.43
2230.43
10.00
10.00
10.00
740.35
584.27
584.27
584.27
468.75
468.75
468.75
292.41
292.41
2081.86
1200.16
1200.16
841.97
841.97
2927.73
2927.73
13.41
13.41
13.41
2620.21
1252.36
1252.36
464.45
464.45
1340.20
1340.20
2482.80
2482.80
2817.02
2817.02
19.61
19.61
953.49
953.49
97.84
97.84
97.84
576.32
1358.19
1358.19
206.40
206.40
1362.75
1362.75
1362.75
187.07
187.07
620.95
620.95
1838.57
2925.17
2925.17
2817.78
2817.78
127.89
127.89
1311.04
1311.04
884.03
884.03
2288.83
2288.83
148.38
148.38
2846.54
2846.54
932.51
932.51
1481.93
1481.93
1079.88
1079.88
1313.51
1313.51
13.70
13.70
2694.53
2694.53
36.88
36.88
138.02
138.02
891.46
891.46
467.36
467.36
467.36
13.76
2441.93
2441.93
2214.69
2214.69
633.64
633.64
500.30
500.30
2038.24
2038.24
2791.10
2791.10
2654.91
2654.91
415.99
415.99
2821.72
2821.72
377.78
377.78
2670.94
2670.94
1463.61
1463.61
2851.79
2851.79
2050.23
2050.23
790.52
790.52
2610.50
2610.50
124.52
124.52
1421.45
1421.45
722.01
722.01
2640.73
2640.73
2656.29
2656.29
1473.62
1473.62
2601.65
2601.65
2705.43
2705.43
2695.25
2695.25
1286.67
1286.67
536.19
536.19
1042.91
1042.91
2892.63
2892.63
976.23
976.23
1095.01
1095.01
2601.07
2601.07
10.00
10.00
2815.78
2815.78
2684.35
2684.35
2713.22
2713.22
1014.35
1014.35
1773.09
1773.09
2561.04
2561.04
1607.30
1607.30
1314.52
1314.52
2869.68
2869.68
681.07
681.07
2764.18
2764.18
10.00
10.00
2763.80
2763.80
2763.80
2763.80
2632.91
2632.91
863.15
863.15
2817.45
2817.45
666.03
666.03
390.81
390.81
2860.03
2860.03
2595.16
2595.16
2519.70
2519.70
2859.96
2859.96
20.63
20.63
1509.13
1509.13
367.26
367.26
114.30
114.30
2806.23
2806.23
2571.00
2571.00
2831.91
2831.91
2575.12
2575.12
2753.76
2753.76
311.56
311.56
649.73
649.73
1376.76
1376.76
128.85
128.85
43.90
43.90
809.86
809.86
612.11
612.11
79.99
79.99
295.99
295.99
10.00
10.00
380.62
380.62
452.96
452.96
2780.15
2780.15
110.17
110.17
2891.81
2891.81
2680.75
2680.75
418.57
418.57
1766.17
1766.17
575.97
575.97
2811.88
2811.88
13.41
13.41
1110.81
1110.81
1037.94
1037.94
1037.94
391.60
391.60
527.85
2896.18
2896.18
2522.81
2522.81
429.71
429.71
1799.38
1799.38
389.74
389.74
2601.42
2601.42
2425.51
2425.51
1312.29
1312.29
1596.82
1596.82
382.38
382.38
1522.11
1522.11
2754.39
2754.39
2667.59
2667.59
727.99
727.99
2024.64
2024.64
2682.72
2682.72
2769.63
2769.63
2769.63
2769.63
2769.63
2769.63
552.95
552.95
2740.53
2740.53
10.00
10.00
279.11
279.11
279.11
279.11
2721.95
2721.95
2414.52
2414.52
777.81
777.81
2798.20
2798.20
2798.20
2798.20
2798.20
2798.20
2798.20
2798.20
12.84
12.84
2674.35
2674.35
380.50
380.50
2664.05
2664.05
454.56
454.56
2012.67
2012.67
22.72
22.72
10.00
10.00
10.00
10.00
1959.04
1959.04
2919.49
2919.49
570.27
570.27
2852.73
2852.73
2852.73
2852.73
2852.73
2852.73
2852.73
2852.73
10.00
10.00
14.19
14.19
1017.71
1017.71
423.73
423.73
835.56
835.56
859.85
859.85
859.85
859.85
2860.26
2860.26
2737.02
2737.02
2486.61
2486.61
626.61
626.61
788.09
788.09
1352.71
1352.71
1352.71
1352.71
31.80
31.80
881.49
881.49
24.17
24.17
2535.24
2535.24
2487.91
2487.91
2671.59
2671.59
650.39
650.39
2691.35
2691.35
370.46
370.46
2564.51
2564.51
1320.65
1320.65
2508.34
2508.34
1010.15
1010.15
2859.71
2859.71
1446.30
1446.30
2878.94
2878.94
2878.94
2878.94
1362.22
1362.22
2768.18
2768.18
2536.90
2536.90
2594.11
2594.11
2068.99
2068.99
1902.23
1902.23
303.41
303.41
2900.49
2900.49
114.68
114.68
1800.87
1800.87
27.26
27.26
2432.12
2432.12
40.49
40.49
774.31
774.31
498.44
498.44
2850.83
2850.83
2850.83
40.98
352.61
352.61
2499.73
2499.73
2499.73
12.71
12.71
2775.22
2044.68
2044.68
989.08
989.08
2422.66
2422.66
853.66
853.66
853.66
10.00
10.00
10.00
1192.46
1192.46
1087.94
1769.98
1769.98
111.63
111.63
500.16
500.16
10.00
10.00
10.00
10.00
14.02
14.02
1221.73
1221.73
155.61
155.61
10.00
10.00
404.18
404.18
105.34
105.34
105.34
779.27
324.48
324.48
1047.53
1047.53
10.00
10.00
10.00
10.00
81.31
81.31
2848.06
572.44
572.44
1375.25
1375.25
1375.25
10.00
1020.35
1020.35
586.87
586.87
2904.77
2904.77
10.00
10.00
2622.23
2622.23
2622.23
2622.23
150.77
150.77
150.77
150.77
80.52
80.52
80.52
982.51
982.51
13.36
13.36
1291.46
1291.46
755.47
2790.92
10.00
2907.73
2907.73
2657.77
2657.77
2382.55
2382.55
641.19
641.19
2819.08
2819.08
2776.71
2776.71
2586.65
2586.65
2395.07
2395.07
2620.35
2620.35
699.11
699.11
601.95
601.95
2919.87
2919.87
2557.58
2557.58
10.00
10.00
2394.54
2394.54
667.16
667.16
696.86
696.86
2819.09
2819.09
461.57
461.57
1649.94
1649.94
2684.46
2684.46
1614.71
1614.71
19.53
19.53
1274.99
1274.99
2779.54
2779.54
2828.08
2828.08
2341.52
2341.52
2718.58
2718.58
2472.00
2472.00
2655.92
2655.92
2618.73
2618.73
376.36
376.36
2378.84
2378.84
12.41
12.41
2721.96
2721.96
2620.42
2620.42
2832.94
2832.94
1205.82
1205.82
373.34
373.34
2420.75
2420.75
2755.80
2755.80
873.33
873.33
10.00
10.00
10.43
10.43
2613.05
2613.05
2614.65
2614.65
2887.56
2887.56
40.14
40.14
10.00
10.00
130.11
130.11
2092.64
2092.64
461.99
461.99
2308.37
2308.37
1692.47
1692.47
1914.40
1914.40
950.74
950.74
2472.24
2472.24
941.98
941.98
418.09
418.09
12.05
12.05
327.20
327.20
2538.92
2538.92
438.27
438.27
12.33
12.33
669.63
669.63
859.40
859.40
2824.22
2824.22
374.24
374.24
2899.96
2899.96
10.00
10.00
10.00
10.00
2662.72
2662.72
2793.56
2793.56
1653.93
1653.93
2570.62
2570.62
1971.79
1971.79
2367.51
2367.51
2680.58
2680.58
10.00
10.00
1350.14
1350.14
1701.50
1701.50
2767.98
2767.98
10.00
10.00
2100.30
2100.30
2618.48
2618.48
2732.82
2732.82
2732.82
2732.82
2639.97
2639.97
2766.07
2766.07
2007.97
2007.97
2698.14
2698.14
2875.10
2875.10
656.44
656.44
2527.64
2527.64
2732.83
2732.83
2450.10
2450.10
2895.97
2895.97
198.47
198.47
2190.42
2190.42
524.49
524.49
2646.87
2646.87
335.40
335.40
167.63
167.63
2636.88
2636.88
2529.95
2529.95
2529.95
2529.95
2529.95
2529.95
769.02
769.02
2727.38
2727.38
1856.55
1856.55
916.09
916.09
2725.98
2725.98
834.62
834.62
1883.56
1883.56
1883.56
1883.56
2673.14
2673.14
2673.14
2673.14
2673.14
2673.14
1779.11
1779.11
2849.61
2849.61
2849.61
2849.61
2849.61
2849.61
1554.44
1554.44
786.55
786.55
2534.60
2534.60
2534.60
2534.60
2534.60
2534.60
2636.13
2636.13
1179.29
1179.29
1901.23
1901.23
2258.19
2258.19
1074.90
1074.90
992.84
992.84
799.97
799.97
799.97
2354.06
2369.70
2369.70
515.67
515.67
951.26
951.26
951.26
10.00
10.00
21.52
21.52
1042.35
1042.35
1659.72
2539.71
2539.71
104.97
104.97
175.96
175.96
13.49
13.49
2197.03
2197.03
1392.58
1392.58
2786.15
2786.15
2606.60
2606.60
10.00
10.00
2503.66
2503.66
2664.72
2664.72
381.53
381.53
882.71
882.71
882.71
97.26
808.30
808.30
170.20
170.20
13.57
13.57
1058.53
1058.53
916.53
916.53
2659.49
2659.49
1295.48
1295.48
2513.77
2513.77
1556.47
1556.47
413.67
413.67
726.17
726.17
2781.81
2781.81
2834.27
2834.27
2834.27
2834.27
385.68
385.68
588.71
588.71
527.09
527.09
2197.99
2197.99
2916.68
2916.68
2916.68
841.44
1398.34
1398.34
482.80
482.80
2008.82
2008.82
1195.84
1195.84
1865.09
1865.09
1865.09
1865.09
20.71
20.71
20.71
417.08
417.08
417.08
70.89
70.89
70.89
340.33
340.33
2290.50
2290.50
12.73
12.73
14.44
26.60
2751.73
158.60
13.35
2221.01
2221.01
2045.68
2045.68
10.00
10.00
2578.94
2578.94
499.76
499.76
1335.61
1335.61
2491.97
2491.97
130.99
130.99
995.56
995.56
1988.73
1988.73
1988.73
67.65
67.65
67.65
67.65
67.65
67.65
10.00
10.00
10.00
10.00
13.67
13.67
1374.47
1374.47
29.90
29.90
233.26
233.26
1253.92
2696.61
1232.34
1360.65
649.87
649.87
10.00
2723.78
469.34
469.34
469.34
275.48
275.48
10.00
2786.54
2786.54
23.84
1161.02
1161.02
1161.02
57.16
57.16
57.16
57.16
57.16
19.91
19.91
19.91
63.37
63.37
72.33
72.33
133.70
133.70
152.45
152.45
41.19
41.19
10.00
10.00
10.00
374.90
1919.52
1919.52
1919.52
20.03
2117.15
2117.15
2179.68
751.68
751.68
33.71
1311.00
2375.89
338.20
338.20
1544.08
1544.08
10.00
10.00
629.00
629.00
2080.13
2080.13
1128.27
1128.27
18.68
18.68
18.68
18.68
449.32
449.32
449.32
97.83
97.83
97.83
97.83
10.00
256.39
256.39
1022.07
1459.37
50.20
50.20
50.20
50.20
10.00
10.00
57.11
57.11
52.83
52.83
223.86
2305.11
590.57
590.57
2642.91
2642.91
608.33
608.33
965.36
965.36
334.95
334.95
32.62
32.62
27.79
27.79
10.00
10.00
1230.09
1230.09
666.30
666.30
666.30
2644.09
2481.58
2481.58
1682.61
1682.61
2877.23
2877.23
2714.78
2714.78
2871.50
2871.50
1139.08
1139.08
1459.26
1459.26
749.83
749.83
511.77
511.77
2804.06
2804.06
2911.94
2911.94
1689.22
1689.22
2651.37
2651.37
926.63
926.63
2864.58
2864.58
2512.35
2512.35
2600.59
2600.59
97.44
97.44
97.44
10.00
10.00
10.00
322.30
322.30
50.73
50.73
50.73
42.78
42.78
110.46
1334.57
2278.86
478.32
478.32
2501.25
2501.25
22.70
22.70
379.83
379.83
20.39
20.39
289.94
289.94
289.94
846.26
846.26
110.84
110.84
782.63
439.28
439.28
2361.57
2361.57
356.50
356.50
2849.57
2849.57
441.64
441.64
497.00
497.00
392.15
392.15
185.31
185.31
38.15
38.15
38.15
193.61
193.61
1207.56
1207.56
10.00
10.00
10.00
2671.63
2671.63
957.37
957.37
2649.75
2649.75
52.31
52.31
52.31
52.31
15.68
15.68
15.68
15.68
15.68
16.85
16.85
141.17
141.17
413.64
1406.53
942.05
2531.48
2531.48
2490.97
2490.97
20.98
20.98
10.00
10.00
10.00
10.00
959.12
959.12
1241.63
1241.63
1241.63
1241.63
928.07
928.07
928.07
34.18
34.18
24.00
24.00
716.51
716.51
19.16
41.59
41.59
779.44
779.44
67.91
67.91
311.26
311.26
1148.80
1148.80
25.14
25.14
291.66
39.88
2725.33
2725.33
467.14
467.14
111.19
111.19
10.00
10.00
136.34
136.34
364.71
364.71
242.78
242.78
1249.10
1249.10
2745.12
2745.12
853.57
853.57
2717.43
2717.43
2717.43
211.10
211.10
211.10
24.37
24.37
18.47
18.47
18.47
212.71
212.71
194.92
2485.46
2257.65
1573.85
1573.85
106.40
106.40
1466.80
1466.80
1583.84
1583.84
2031.04
2031.04
1996.40
1996.40
847.62
847.62
13.59
13.59
511.20
511.20
2599.07
2599.07
1188.56
1188.56
1188.56
10.00
10.00
10.00
10.00
10.00
10.00
10.00
1620.49
1620.49
1620.49
570.11
2698.34
22.60
693.95
693.95
730.84
730.84
429.05
429.05
632.65
632.65
52.34
52.34
805.82
805.82
12.48
12.48
46.37
46.37
225.68
225.68
1113.45
1113.45
1670.21
1670.21
2928.39
2928.39
628.67
628.67
2110.63
2110.63
2738.85
2738.85
19.54
19.54
43.29
43.29
384.62
384.62
899.55
899.55
455.72
455.72
14.57
14.57
2381.34
2381.34
687.98
687.98
85.89
85.89
10.00
10.00
2645.59
2645.59
24.77
24.77
822.53
822.53
1893.46
1893.46
377.22
377.22
26.48
26.48
81.98
81.98
2824.59
2824.59
2883.23
2883.23
27.44
27.44
10.00
10.00
1031.67
1031.67
1183.80
1183.80
473.74
473.74
473.74
12.98
12.98
681.77
681.77
681.77
382.40
382.40
2817.80
2078.41
11.74
11.74
10.00
10.00
388.87
388.87
29.67
29.67
29.67
26.18
26.18
26.18
12.42
12.42
24.38
1157.90
1157.90
1157.90
10.00
1919.68
1919.68
866.18
866.18
10.00
10.00
26.27
26.27
21.50
2332.43
2332.43
99.13
99.13
99.13
99.13
54.80
54.80
54.80
54.80
83.95
83.95
83.95
858.45
858.45
23.53
23.53
32.45
32.45
179.28
781.69
674.34
2662.35
2676.33
14.17
14.17
40.63
40.63
124.37
124.37
14.84
14.84
10.00
10.00
335.09
335.09
12.24
12.24
12.24
12.24
80.94
80.94
65.87
65.87
65.87
10.00
10.00
785.12
785.12
963.67
963.67
105.40
1483.92
1483.92
2727.92
2727.92
1749.03
1749.03
1749.03
23.27
23.27
23.27
23.27
23.27
23.27
38.96
38.96
21.62
21.62
2304.41
18.59
1905.59
678.71
10.00
520.22
520.22
389.42
389.42
10.00
10.00
10.00
16.39
16.39
16.39
16.39
119.28
119.28
119.28
815.31
1301.25
2656.99
935.55
2797.67
2797.67
2711.39
2711.39
2784.62
2784.62
2944.06
2944.06
2944.06
2944.06
2687.99
2687.99
2656.32
2656.32
2960.02
2960.02
2698.62
2698.62
396.74
396.74
457.57
457.57
2961.58
2961.58
2965.23
2965.23
2967.60
2967.60
10.00
10.00
1582.18
1582.18
428.22
428.22
2709.65
2709.65
2727.68
2727.68
2964.78
2964.78
138.50
138.50
2887.21
2887.21
1175.86
1175.86
2929.52
2929.52
2751.09
2751.09
2768.84
2768.84
429.89
429.89
203.46
203.46
2912.17
2912.17
946.10
946.10
2957.06
2957.06
2957.40
2957.40
2957.40
2957.40
2750.51
2750.51
2966.38
2966.38
2966.38
2966.38
2966.38
2966.38
2904.62
2904.62
385.60
385.60
2583.27
2583.27
2772.55
2772.55
2786.76
2786.76
2699.23
2699.23
429.00
429.00
429.00
429.00
1225.87
1225.87
673.10
673.10
1119.53
1119.53
2754.47
2754.47
2708.26
2708.26
326.43
326.43
671.64
671.64
2015.81
2015.81
2538.10
2538.10
1065.12
1065.12
393.30
393.30
2706.64
2706.64
1276.83
1276.83
13.07
13.07
2758.66
2758.66
2958.99
2958.99
2518.48
2518.48
2676.72
2676.72
898.80
898.80
1446.56
1446.56
527.51
527.51
2270.84
2270.84
2956.34
2956.34
2956.34
2956.34
2972.56
2972.56
2678.37
2678.37
1852.76
1852.76
2702.92
2702.92
2963.62
2963.62
2655.94
2655.94
2722.49
2722.49
2890.00
2890.00
1608.88
1608.88
12.69
12.69
2935.73
2935.73
2663.22
2663.22
364.28
364.28
131.19
131.19
1871.88
1871.88
11.69
11.69
575.59
575.59
1017.44
1017.44
257.51
257.51
386.12
386.12
717.57
717.57
347.76
347.76
2614.00
2614.00
2631.10
2631.10
378.41
378.41
1891.27
1891.27
2886.31
2886.31
2054.57
2054.57
2508.06
2508.06
1742.76
1742.76
1809.45
1809.45
1809.45
1809.45
1809.45
97.34
97.34
97.34
97.34
23.82
23.82
23.82
10.00
32.96
32.96
19.86
1137.63
213.41
1055.04
2844.55
1959.47
1959.47
268.31
268.31
37.61
37.61
779.17
779.17
330.01
330.01
10.00
10.00
193.97
193.97
166.78
166.78
2828.63
2828.63
2929.85
2929.85
925.68
925.68
113.48
113.48
10.00
10.00
276.53
276.53
2836.99
2836.99
13.44
13.44
57.06
57.06
57.06
10.00
10.00
2871.73
2871.73
2028.94
2684.00
2684.00
2627.87
2627.87
2627.87
1740.27
1740.27
1740.27
686.31
686.31
686.31
30.98
30.98
21.83
21.83
370.28
548.30
548.30
766.40
766.40
351.09
42.87
42.87
882.80
408.54
408.54
2802.01
2802.01
2623.17
2623.17
282.01
282.01
37.96
37.96
790.79
790.79
616.27
616.27
616.27
23.15
23.15
597.01
597.01
749.98
729.24
729.24
1723.18
1723.18
374.87
374.87
374.87
26.88
26.88
26.88
26.88
10.00
10.00
361.49
361.49
1424.03
376.46
478.55
478.55
1884.88
423.06
423.06
15.85
15.85
2953.46
2953.46
10.00
10.00
871.85
871.85
13.84
13.84
161.32
161.32
161.32
975.46
975.46
478.00
478.00
478.00
74.81
74.81
74.81
87.22
87.22
455.05
455.05
764.40
13.14
13.14
13.14
13.14
226.56
226.56
226.56
36.41
36.41
1543.95
1543.95
1543.95
10.00
10.00
1378.25
2961.07
2715.66
2715.66
2926.60
2926.60
689.32
689.32
89.47
89.47
1027.64
1027.64
14.51
14.51
14.51
57.54
57.54
57.54
20.69
20.69
18.79
18.79
1271.17
1271.17
1520.04
2773.40
2773.40
1037.32
1037.32
2645.66
1838.56
1838.56
2916.50
2916.50
2780.50
2780.50
2884.17
2884.17
2779.52
2779.52
733.59
733.59
980.42
980.42
2655.31
2655.31
2611.51
2611.51
2950.39
2950.39
2609.18
2609.18
10.00
10.00
1333.42
1333.42
534.44
534.44
968.72
968.72
311.60
311.60
591.25
591.25
1229.95
1229.95
10.00
10.00
2923.95
2923.95
13.10
13.10
2660.27
2660.27
2394.72
2394.72
2771.58
2771.58
2711.30
2711.30
2711.30
2711.30
459.77
459.77
2786.52
2786.52
2948.75
2948.75
1185.20
1185.20
1465.59
1465.59
2582.68
2582.68
2541.86
2541.86
2885.39
2885.39
1181.46
1181.46
2839.61
2839.61
10.00
10.00
1244.30
1244.30
1410.50
1410.50
2544.94
2544.94
1896.45
1896.45
2960.72
2960.72
349.58
349.58
465.75
465.75
2924.00
2924.00
2924.00
2907.86
2907.86
2907.86
2907.86
2661.56
2661.56
2699.05
2699.05
488.64
488.64
2404.94
2404.94
2638.16
2638.16
2927.65
2927.65
2659.00
2659.00
2901.86
2901.86
2795.95
2795.95
2758.97
2758.97
1071.91
1071.91
10.00
10.00
2839.15
2839.15
671.02
671.02
31.82
31.82
2714.15
2714.15
10.00
10.00
2819.21
2819.21
2952.07
2952.07
2952.07
2952.07
2952.07
2952.07
2683.23
2683.23
2856.02
2856.02
2230.93
2230.93
2656.77
2656.77
228.85
228.85
2337.66
2337.66
14.69
14.69
14.15
14.15
728.38
728.38
648.38
648.38
2464.05
2464.05
701.04
701.04
2626.28
2626.28
2920.86
2920.86
2495.76
2495.76
2781.45
2781.45
1350.62
1350.62
254.00
254.00
56.22
56.22
12.55
12.55
187.03
187.03
187.03
65.45
65.45
65.45
10.00
10.00
10.00
18.69
18.69
24.16
24.16
48.47
48.47
325.90
325.90
325.90
56.99
56.99
16.32
16.32
2188.77
2188.77
57.87
2484.66
2484.66
1922.53
2895.45
2895.45
1106.20
1106.20
2932.79
2932.79
463.48
463.48
269.85
269.85
269.85
557.10
557.10
362.29
362.29
49.71
49.71
1434.12
1434.12
530.49
1494.89
1494.89
2816.65
2816.65
883.44
883.44
883.44
10.00
10.00
10.00
143.65
143.65
143.65
143.65
143.65
10.00
10.00
537.28
537.28
372.45
372.45
2389.14
2739.57
13.50
2966.40
2966.40
2794.19
2794.19
739.06
739.06
2145.71
2145.71
517.82
517.82
394.83
394.83
10.00
10.00
1315.73
1315.73
19.89
19.89
1014.54
1014.54
597.17
597.17
876.22
876.22
2798.00
2798.00
2798.00
10.00
10.00
10.00
22.28
22.28
22.28
114.24
114.24
114.24
10.00
2896.88
2893.34
2905.47
909.43
909.43
16.35
16.35
10.00
10.00
288.67
288.67
2973.28
2973.28
1099.08
1099.08
773.82
773.82
1121.16
1121.16
1121.16
1121.16
19.52
128.64
128.64
2060.70
2060.70
704.03
704.03
34.28
34.28
952.94
952.94
617.76
2766.45
2766.45
2582.06
2582.06
2582.06
55.72
55.72
55.72
467.70
749.62
749.62
749.62
177.19
177.19
43.56
43.56
144.16
252.94
252.94
1287.89
503.79
503.79
10.00
10.00
30.06
30.06
30.06
104.68
104.68
104.68
104.68
31.81
31.81
31.81
661.09
661.09
63.80
63.80
63.80
10.00
10.00
10.00
46.01
46.01
39.44
39.44
58.76
13.45
13.45
32.18
32.18
32.18
99.72
99.72
10.00
10.00
44.03
44.03
251.97
251.97
103.98
103.98
19.76
19.76
114.73
114.73
1920.90
64.35
41.65
222.24
222.24
367.00
367.00
304.38
304.38
58.67
2853.04
1220.67
2639.66
2639.66
1758.56
1758.56
24.38
24.38
2770.59
2770.59
16.02
16.02
34.69
34.69
34.69
10.00
10.00
10.00
333.92
333.92
2106.79
2106.79
245.05
1071.96
2610.30
2610.30
2974.38
2974.38
2974.38
2974.38
35.60
35.60
35.60
35.60
35.60
35.60
23.99
23.99
23.99
23.99
98.35
98.35
98.35
236.79
48.93
48.93
23.61
32.78
32.78
1409.45
2195.66
2195.66
10.00
10.00
2866.25
2866.25
421.90
421.90
555.27
555.27
19.88
19.88
1394.77
1394.77
1394.77
245.16
245.16
14.98
14.98
315.97
315.97
569.77
569.77
37.62
37.62
2843.04
2642.67
2642.67
2012.53
2012.53
61.80
61.80
61.80
50.57
50.57
50.57
1909.34
128.82
128.82
508.58
508.58
579.39
246.27
246.27
1157.52
1157.52
18.72
18.72
454.71
454.71
454.71
897.98
897.98
897.98
25.94
25.94
12.52
12.52
130.72
130.72
130.72
11.82
11.82
412.19
2586.30
24.49
2667.16
2667.16
438.87
438.87
41.80
41.80
41.80
41.80
45.39
45.39
221.82
736.37
736.37
1331.36
1331.36
1331.36
455.62
1059.84
1059.84
1059.84
10.00
89.36
89.36
89.36
100.85
134.53
134.53
211.56
211.56
211.56
10.00
10.00
44.72
44.72
44.72
13.85
13.85
21.50
21.50
21.50
10.00
1618.37
1618.37
1055.11
2722.54
2858.85
600.71
600.71
25.56
25.56
26.68
26.68
192.56
192.56
1997.06
1997.06
32.69
32.69
10.00
10.00
1338.08
1338.08
2643.48
2643.48
58.09
58.09
20.04
20.04
1332.42
1332.42
10.00
10.00
716.74
716.74
87.64
87.64
14.96
14.96
193.07
193.07
437.85
437.85
437.85
57.38
57.38
2521.07
2521.07
15.19
783.05
783.05
964.32
964.32
386.82
386.82
2952.32
2952.32
2952.32
2952.32
2779.36
2779.36
10.00
10.00
1096.89
1096.89
2698.16
2698.16
20.47
20.47
2291.07
2291.07
1134.67
1134.67
424.36
424.36
502.22
502.22
2762.54
2762.54
1314.58
1314.58
23.06
23.06
23.06
60.63
60.63
60.63
60.63
60.63
435.70
435.70
1867.22
10.00
2239.78
2239.78
968.40
968.40
2246.55
2246.55
2882.72
2882.72
2209.19
2209.19
2765.29
2765.29
397.26
397.26
1254.82
1254.82
1399.39
1399.39
1399.39
1399.39
2948.30
2948.30
2628.51
2628.51
1166.60
1166.60
2742.88
2742.88
393.00
393.00
2889.18
2889.18
622.97
622.97
2630.22
2630.22
2856.04
2856.04
45.78
45.78
2833.61
2833.61
2917.80
2917.80
2711.54
2711.54
2968.87
2968.87
2803.20
2803.20
2575.97
2575.97
525.68
525.68
859.52
859.52
1151.60
1151.60
973.77
973.77
675.36
675.36
530.22
530.22
2141.73
2141.73
1126.14
1126.14
134.54
134.54
2723.05
2723.05
1665.08
1665.08
12.62
12.62
2696.01
2696.01
2649.08
2649.08
1151.90
1151.90
2232.71
2232.71
2776.99
2776.99
2539.49
2539.49
2979.10
2979.10
2979.10
2979.10
2954.59
2954.59
94.51
94.51
2672.91
2672.91
2672.91
2672.91
2672.91
2672.91
10.00
10.00
1187.28
1187.28
2633.95
2633.95
1435.20
1435.20
2368.19
2368.19
2894.76
2894.76
2894.97
2894.97
14.41
14.41
1007.34
1007.34
982.40
982.40
982.40
982.40
79.71
79.71
79.71
1315.73
1315.73
1315.73
1850.80
1850.80
2069.20
1762.29
2866.96
2866.96
2883.71
2883.71
1228.49
1228.49
2969.27
2969.27
223.13
223.13
2868.94
2868.94
73.24
73.24
10.00
10.00
482.26
482.26
399.49
399.49
1194.45
1194.45
2900.97
2900.97
26.24
26.24
961.84
961.84
28.93
28.93
28.93
16.14
16.14
16.14
911.17
371.50
371.50
371.50
40.72
40.72
2251.39
655.73
57.01
57.01
1667.54
1667.54
1667.54
1667.54
1162.76
1162.76
1162.76
327.67
327.67
39.23
2664.60
241.00
241.00
263.30
263.30
65.13
1931.46
1931.46
10.00
10.00
13.91
13.91
2100.37
2100.37
73.33
73.33
73.33
73.33
10.00
10.00
113.11
113.11
64.53
81.05
81.05
81.05
165.26
165.26
165.26
115.28
115.28
115.28
179.59
179.59
585.38
585.38
389.15
12.61
873.57
463.14
463.14
34.56
34.56
255.62
255.62
255.62
255.62
33.21
33.21
1560.49
1560.49
618.21
787.75
787.75
396.85
2867.28
2867.28
550.08
550.08
550.08
550.08
10.00
10.00
10.00
10.00
18.59
18.59
65.51
65.51
684.17
684.17
2448.42
2855.59
1591.17
2866.91
2866.91
1972.69
1972.69
10.00
10.00
2956.98
2956.98
10.00
10.00
10.00
19.57
19.57
19.57
2472.10
2472.10
84.50
84.50
84.50
452.09
452.09
21.73
21.73
516.37
10.00
2016.57
2016.57
2016.57
2016.57
2016.57
12.62
12.62
18.06
18.06
18.06
18.06
102.36
21.95
21.95
21.95
1515.92
10.00
2266.07
2897.27
2876.01
2876.01
2720.50
2720.50
10.00
10.00
10.00
10.00
10.00
10.00
10.00
20.06
20.06
20.06
20.06
73.68
73.68
73.68
56.94
56.94
2214.28
2214.28
20.23
20.23
219.75
77.24
77.24
12.51
12.51
12.51
12.51
81.32
81.32
29.43
29.43
1124.39
1124.39
1498.23
1262.02
786.95
1094.69
1094.69
2704.37
2704.37
144.35
144.35
144.35
57.25
57.25
57.25
104.07
104.07
104.07
61.65
61.65
61.65
365.30
365.30
365.30
1337.57
1337.57
410.88
10.00
10.00
13.78
13.78
1225.53
2486.02
2940.94
2940.94
1717.12
1717.12
2866.13
2866.13
2866.13
2866.13
2956.16
2956.16
2196.98
2196.98
50.88
50.88
564.51
564.51
10.00
10.00
425.58
425.58
1237.93
1237.93
2213.88
2213.88
18.78
18.78
1219.88
1219.88
1219.88
18.54
18.54
18.54
103.51
103.51
103.51
16.08
16.08
31.21
31.21
31.21
31.21
10.00
10.00
1439.71
926.29
22.10
2181.84
2181.84
2239.37
2239.37
12.93
12.93
130.62
130.62
130.62
130.62
130.62
130.62
42.62
42.62
16.01
12.69
11.67
11.67
19.93
19.93
25.34
25.34
25.34
32.25
32.25
32.25
44.59
44.59
44.59
298.17
298.17
298.17
298.17
12.26
11.99
11.99
743.97
2851.48
2779.40
2106.33
2106.33
2852.18
2852.18
97.35
97.35
2689.07
2689.07
1167.44
1167.44
2931.30
2931.30
634.65
634.65
564.05
564.05
379.30
379.30
2712.55
2712.55
2911.75
2911.75
20.46
20.46
398.70
398.70
1932.47
1932.47
2132.26
2132.26
2719.03
2719.03
2681.87
2681.87
857.57
857.57
14.87
14.87
2878.44
2878.44
2806.84
2806.84
2932.79
2932.79
2950.35
2950.35
2912.16
2912.16
2909.12
2909.12
2924.57
2924.57
81.56
81.56
2817.35
2817.35
1889.00
1889.00
20.46
20.46
2656.26
2656.26
2822.46
2822.46
24.44
24.44
10.00
10.00
385.74
385.74
2176.39
2176.39
222.75
222.75
2925.95
2925.95
861.93
861.93
1448.53
1448.53
2906.18
2906.18
338.44
338.44
2831.34
2831.34
680.61
680.61
941.34
941.34
2720.85
2720.85
1324.51
1324.51
10.00
10.00
824.10
824.10
469.85
469.85
2903.34
2903.34
2707.26
2707.26
2674.12
2674.12
183.90
183.90
1672.70
1672.70
2177.30
2177.30
1690.79
1690.79
178.39
178.39
1151.25
1151.25
1450.60
1450.60
2714.05
2714.05
10.00
10.00
1515.86
1515.86
385.84
385.84
10.00
10.00
2846.33
2846.33
2675.92
2675.92
2675.92
2675.92
1727.96
1727.96
2974.55
2974.55
955.97
955.97
24.60
24.60
13.93
13.93
92.57
92.57
92.57
25.45
25.45
25.45
25.45
25.45
25.45
268.09
268.09
2957.59
56.06
905.28
2905.53
2905.53
388.62
388.62
379.74
379.74
678.71
678.71
1404.76
1404.76
185.28
185.28
455.01
455.01
455.01
73.73
73.73
73.73
13.57
39.04
39.04
10.00
10.00
846.57
846.57
711.79
1885.10
1885.10
1562.80
1562.80
12.89
12.89
292.34
292.34
2892.05
2892.05
2550.81
2550.81
2490.80
2490.80
2193.43
2193.43
981.24
981.24
158.65
158.65
649.00
649.00
709.36
709.36
94.74
94.74
2551.76
2551.76
654.86
654.86
654.86
34.71
34.71
34.71
28.09
28.09
89.86
1568.13
1568.13
1091.99
1091.99
1091.99
10.00
10.00
956.69
10.00
10.00
2304.30
88.75
88.75
713.96
713.96
1104.86
1104.86
1104.86
616.51
616.51
616.51
22.23
22.23
228.89
988.90
1622.42
1622.42
2875.27
2875.27
2736.99
2736.99
2940.70
2940.70
2765.41
2765.41
821.60
821.60
2728.28
2728.28
1277.12
1277.12
2001.49
2001.49
40.78
40.78
2794.57
2794.57
387.81
387.81
2837.11
2837.11
392.70
392.70
2662.55
2662.55
2772.38
2772.38
12.81
12.81
1143.10
1143.10
2817.72
2817.72
2757.01
2757.01
1815.05
1815.05
2828.39
2828.39
515.94
515.94
2932.13
2932.13
2868.07
2868.07
2186.19
2186.19
2925.18
2925.18
1214.56
1214.56
2593.32
2593.32
15.16
15.16
387.25
387.25
1388.77
1388.77
35.57
35.57
54.49
54.49
385.26
385.26
13.23
13.23
1858.24
1858.24
2824.70
2824.70
2860.76
2860.76
2860.76
2860.76
417.74
417.74
498.76
498.76
398.50
398.50
48.45
48.45
1822.36
1822.36
2864.13
2864.13
2924.48
2924.48
2860.10
2860.10
736.40
736.40
383.83
383.83
2787.24
2787.24
10.00
10.00
2841.69
2841.69
2690.23
2690.23
2690.23
2690.23
2690.23
2690.23
2690.23
2690.23
2690.23
2690.23
2649.65
2649.65
2649.65
2649.65
2649.65
2649.65
2649.65
2649.65
2649.65
2649.65
690.09
690.09
945.59
945.59
1591.87
1591.87
2651.69
2651.69
2651.69
2651.69
2651.69
2651.69
198.72
198.72
1276.63
1276.63
1318.35
1318.35
2616.68
2616.68
2506.44
2506.44
2506.44
2506.44
2506.44
2506.44
2506.44
2506.44
2506.44
2506.44
2599.82
2599.82
14.89
14.89
74.04
74.04
1404.23
1404.23
2538.28
2538.28
2880.27
2880.27
10.00
10.00
2764.52
2764.52
13.88
13.88
2154.17
2154.17
2572.83
2572.83
2678.47
2678.47
10.00
10.00
885.69
885.69
2754.45
2754.45
2754.45
37.05
37.05
37.05
138.53
138.53
10.00
10.00
16.24
16.24
16.24
1385.53
14.48
14.48
1610.79
1610.79
10.00
10.00
10.00
10.00
2110.70
2110.70
237.53
204.24
1888.81
1888.81
32.69
32.69
1968.75
1968.75
2083.69
2083.69
383.32
383.32
32.50
32.50
53.05
53.05
53.05
10.00
10.00
10.00
10.00
10.00
57.67
57.67
57.67
10.00
10.00
10.00
10.00
458.98
458.98
458.98
676.32
676.32
1208.27
2686.94
15.12
2174.27
2174.27
20.41
20.41
316.31
316.31
24.50
24.50
1139.20
1139.20
1139.20
53.50
103.79
103.79
103.79
94.02
94.02
445.03
445.03
445.03
959.12
2325.61
1340.12
1340.12
25.37
25.37
29.65
129.69
129.69
28.43
28.43
28.43
22.73
22.73
20.64
32.14
32.14
411.00
411.00
1082.40
1082.40
373.10
373.10
2020.88
2020.88
13.44
13.44
1768.47
1768.47
543.08
543.08
819.84
819.84
27.88
27.88
2794.18
2794.18
2964.15
2964.15
360.26
360.26
19.05
19.05
1306.25
1306.25
1306.25
744.83
744.83
744.83
744.83
33.11
33.11
33.11
33.11
24.57
24.57
633.37
633.37
633.37
239.85
27.13
2940.67
2864.53
1681.74
1681.74
1331.47
1331.47
2929.32
2929.32
15.08
15.08
1519.97
1519.97
346.27
346.27
10.00
10.00
105.78
105.78
2582.89
2582.89
20.36
20.36
49.11
49.11
49.11
49.11
49.11
49.11
49.11
73.20
73.20
73.20
73.20
10.00
10.00
10.00
10.00
2555.93
483.09
14.51
14.51
14.25
76.39
31.10
31.10
31.10
18.76
18.76
18.76
18.76
12.64
12.64
1749.59
1749.59
36.83
994.49
37.25
19.95
810.22
23.47
440.68
440.68
313.87
313.87
2887.97
2887.97
939.13
939.13
19.09
19.09
19.09
376.94
376.94
147.05
147.05
147.05
1618.66
1618.66
2055.07
2055.07
14.65
14.65
491.42
491.42
491.42
178.78
178.78
281.76
281.76
281.76
326.95
326.95
494.54
85.84
85.84
29.46
29.46
17.38
17.38
17.38
53.34
53.34
53.34
53.34
53.34
30.60
30.60
24.70
24.70
10.00
10.00
25.92
25.92
25.92
19.32
517.00
44.89
44.89
10.00
10.00
57.20
100.23
809.98
809.98
1073.94
1073.94
1501.33
129.51
1020.10
1745.22
10.00
10.00
386.81
386.81
693.84
693.84
32.04
32.04
2303.02
2303.02
26.09
26.09
26.09
26.09
26.09
48.66
48.66
48.66
24.77
24.77
24.77
456.45
456.45
456.45
456.45
456.45
12.53
12.53
49.01
1296.31
1296.31
1296.31
10.00
10.00
10.00
12.41
12.41
389.16
389.16
10.00
10.00
162.91
162.91
39.73
824.19
824.19
1234.80
1190.24
276.51
590.17
984.21
1242.47
1242.47
1045.06
36.57
36.57
926.98
926.98
926.98
926.98
10.00
10.00
10.00
10.00
475.60
475.60
475.60
475.60
94.52
94.52
188.85
188.85
188.85
62.54
13.26
13.26
1151.95
39.73
39.73
650.35
19.28
19.28
63.79
63.79
841.43
841.43
103.06
103.06
103.06
23.70
23.70
44.36
44.36
12.40
12.40
12.40
10.00
10.00
20.87
20.87
754.57
429.38
429.38
464.65
20.96
1860.02
10.00
10.00
10.00
10.00
51.88
51.88
51.88
89.42
89.42
89.42
55.57
55.57
314.74
314.74
38.23
38.23
606.08
606.08
20.14
20.68
20.68
20.68
202.75
202.75
202.75
10.00
10.00
10.00
10.00
18.26
18.26
26.72
26.72
319.56
319.56
319.56
171.45
13.81
16.18
16.18
1100.77
2353.87
1086.37
1086.37
884.38
884.38
884.38
160.06
160.06
160.06
10.00
1116.26
1030.91
1030.91
24.04
24.04
24.04
24.04
53.84
53.84
53.84
53.84
53.84
10.00
10.00
10.00
10.00
12.45
12.45
12.45
56.40
56.40
70.95
70.95
98.41
98.41
365.38
16.10
16.10
1110.21
36.04
186.25
186.25
18.36
14.49
14.49
28.88
27.79
27.79
27.79
166.40
166.40
166.40
166.40
10.00
10.00
44.95
44.95
139.03
139.03
10.00
2530.47
2530.47
505.39
2867.62
1826.42
2643.67
2643.67
53.38
53.38
53.38
65.73
65.73
65.73
65.73
65.73
10.00
10.00
10.00
10.00
10.00
1082.12
1082.12
1082.12
1565.87
1565.87
10.00
94.34
94.34
26.72
662.94
1330.84
88.61
88.61
88.61
1439.54
675.46
675.46
1065.05
1065.05
1065.05
127.07
127.07
127.07
49.17
49.17
49.17
49.17
129.00
129.00
16.29
16.29
16.29
10.00
10.00
10.00
15.67
274.48
274.48
657.36
657.36
657.36
190.90
190.90
190.90
286.53
286.53
44.61
24.37
309.82
309.82
1714.51
1714.51
22.21
1301.55
726.70
207.94
353.25
353.25
2647.61
2647.61
2457.00
2457.00
10.00
10.00
133.96
133.96
1276.18
1276.18
756.16
756.16
2019.79
2019.79
1858.16
1858.16
802.50
802.50
2864.50
2864.50
1053.80
1053.80
2687.45
2687.45
989.72
989.72
1844.22
1844.22
1844.22
1844.22
1267.80
1267.80
2544.78
2544.78
2944.90
2944.90
2944.90
2944.90
2944.90
2944.90
2944.90
2944.90
28.53
28.53
362.78
362.78
2495.00
2495.00
606.05
606.05
2585.58
2585.58
621.19
621.19
38.95
38.95
10.00
10.00
1451.00
1451.00
2951.17
2951.17
1024.63
1024.63
38.53
38.53
2674.15
2674.15
397.62
397.62
2929.04
2929.04
2873.50
2873.50
846.98
846.98
2770.42
2770.42
385.43
385.43
2840.77
2840.77
2349.62
2349.62
2954.49
2954.49
271.45
271.45
10.00
10.00
2248.66
2248.66
881.39
881.39
2543.30
2543.30
2834.45
2834.45
2908.57
2908.57
2408.70
2408.70
2939.47
2939.47
1087.34
1087.34
383.45
383.45
2831.98
2831.98
593.17
593.17
992.58
992.58
1026.65
1026.65
2901.07
2901.07
2901.07
10.00
2433.88
2433.88
1089.38
1089.38
1445.24
1445.24
2882.39
2882.39
13.03
13.03
2927.09
2927.09
2757.00
2757.00
2856.09
2856.09
378.25
378.25
1388.70
1388.70
1398.93
1398.93
2546.13
2546.13
957.98
957.98
957.98
1605.69
1605.69
1605.69
1605.69
10.00
10.00
10.00
206.79
206.79
206.79
10.00
372.16
372.16
372.16
372.16
10.00
10.00
21.44
21.44
49.34
49.34
13.90
13.90
44.99
10.00
10.00
48.50
48.50
48.50
2850.64
29.47
1937.38
1415.20
1991.75
1991.75
213.87
213.87
1467.16
1467.16
1467.16
1467.16
1467.16
1467.16
1775.78
1775.78
1775.78
1775.78
1775.78
1775.78
2739.35
2739.35
19.24
19.24
2314.39
2314.39
1936.96
1936.96
1974.46
1974.46
2329.25
2329.25
1962.10
1962.10
1458.85
1458.85
144.53
144.53
144.53
144.53
21.29
21.29
21.29
10.00
10.00
14.46
14.46
14.46
13.09
13.09
298.98
298.98
12.77
20.40
20.40
10.00
10.00
35.43
35.43
356.65
356.65
356.65
28.07
28.07
31.24
31.24
32.79
32.79
32.79
119.30
119.30
14.33
35.21
2048.38
438.63
438.63
43.25
49.66
49.66
49.66
10.00
10.00
10.00
241.91
241.91
10.00
10.00
72.80
72.80
64.21
64.21
20.88
20.88
20.88
20.88
19.22
19.22
10.00
10.00
453.54
12.72
1484.18
1484.18
802.36
802.36
53.07
53.07
53.07
10.00
10.00
10.00
10.00
24.28
24.28
24.28
10.00
10.00
29.95
29.95
68.99
68.99
10.00
10.00
10.00
214.55
214.55
214.55
214.55
214.55
81.48
81.48
21.35
21.35
32.58
32.58
847.40
166.59
166.59
1200.83
15.17
327.97
436.01
1315.62
1315.62
911.39
911.39
10.00
10.00
36.58
36.58
1104.89
1104.89
226.54
226.54
1510.63
1510.63
360.35
360.35
10.00
10.00
2595.69
2595.69
742.66
742.66
10.00
10.00
10.00
10.00
2479.20
2479.20
588.77
588.77
33.46
33.46
284.59
284.59
1655.38
1655.38
297.45
297.45
447.61
447.61
10.00
10.00
371.99
371.99
371.99
135.67
135.67
135.67
43.17
43.17
43.17
86.38
86.38
86.38
12.42
12.42
79.02
79.02
12.54
275.84
275.84
346.85
346.85
13.18
53.39
53.39
56.62
56.62
469.43
224.85
224.85
12.56
12.56
12.56
688.30
688.30
837.16
981.98
981.98
981.98
1838.58
1058.31
667.01
667.01
667.01
32.47
32.47
32.47
349.36
349.36
1955.71
1955.71
64.62
1366.66
15.95
15.95
250.29
250.29
2272.10
2272.10
385.36
385.36
1440.11
1440.11
1479.76
1479.76
2811.52
2811.52
2756.30
2756.30
2681.92
2681.92
1574.22
1574.22
2777.87
2777.87
2704.29
2704.29
2876.95
2876.95
2700.31
2700.31
2948.99
2948.99
2787.61
2787.61
2787.61
2787.61
2787.61
2787.61
2787.61
2787.61
2889.45
2889.45
385.95
385.95
2869.77
2869.77
2894.09
2894.09
2977.13
2977.13
2859.68
2859.68
1444.04
1444.04
789.02
789.02
2843.76
2843.76
2691.53
2691.53
1181.06
1181.06
1211.13
1211.13
1039.81
1039.81
647.25
647.25
1149.86
1149.86
519.35
519.35
14.49
14.49
12.28
12.28
12.88
12.88
2882.84
2882.84
2747.43
2747.43
2720.47
2720.47
2758.71
2758.71
39.38
39.38
2857.06
2857.06
863.77
863.77
1125.50
1125.50
384.40
384.40
2650.86
2650.86
878.91
878.91
2936.63
2936.63
528.14
528.14
710.82
710.82
1173.78
1173.78
2379.36
2379.36
2900.26
2900.26
2900.26
2900.26
2938.09
2938.09
554.42
554.42
384.31
384.31
1061.68
1061.68
1061.68
38.59
38.59
2580.80
2580.80
24.12
10.00
10.00
36.17
36.17
954.51
954.51
1612.35
1612.35
25.59
25.59
304.42
304.42
528.89
528.89
1060.97
1060.97
658.87
658.87
13.91
13.91
12.65
12.65
234.12
234.12
381.45
381.45
381.45
69.77
459.09
459.09
283.37
283.37
1167.07
1167.07
2679.02
2679.02
655.92
655.92
684.73
684.73
684.73
684.73
28.89
28.89
28.89
27.29
27.29
58.84
65.01
65.01
65.01
61.26
61.26
10.00
10.00
20.74
20.74
16.34
16.34
530.80
530.80
210.64
419.86
419.86
2715.39
2715.39
78.69
78.69
972.77
972.77
18.72
18.72
2622.55
2622.55
370.32
370.32
40.84
40.84
215.30
215.30
215.30
12.33
12.33
12.33
81.51
10.00
10.00
451.33
527.91
527.91
2484.15
2484.15
1620.99
1620.99
27.83
27.83
27.83
804.85
804.85
804.85
804.85
131.10
131.10
131.10
131.10
131.10
131.10
10.00
10.00
10.00
10.00
555.20
555.20
555.20
520.27
520.27
817.62
894.52
10.00
933.96
933.96
10.00
806.28
12.93
12.93
12.93
14.21
14.21
10.00
10.00
10.00
54.98
54.98
54.98
1544.96
1544.96
10.00
10.00
49.67
49.67
2901.82
229.27
22.60
726.77
428.96
428.96
337.24
337.24
337.24
33.14
33.14
33.14
764.59
764.59
18.59
18.59
1311.36
62.88
639.44
639.44
2851.13
2851.13
14.34
14.34
276.63
276.63
760.89
760.89
760.89
760.89
760.89
760.89
10.00
10.00
10.00
10.00
146.79
146.79
146.79
146.79
41.89
41.89
32.61
766.00
390.06
390.06
10.00
871.21
871.21
1019.42
2465.52
13.03
10.00
10.00
1248.79
1248.79
14.21
14.21
1499.45
1499.45
1410.31
1410.31
1804.36
1804.36
2432.39
2432.39
46.90
46.90
46.90
46.90
10.00
10.00
10.00
1015.07
1015.07
813.35
813.35
1539.61
235.59
2397.58
956.07
956.07
45.92
45.92
45.92
790.60
790.60
790.60
14.08
31.53
31.53
31.53
31.53
339.26
339.26
13.44
13.44
54.21
54.21
1395.29
38.00
1736.90
249.74
249.74
679.41
679.41
679.41
10.00
10.00
10.00
10.00
13.30
13.30
13.30
82.10
82.10
82.10
897.05
897.05
10.00
10.00
10.00
10.00
10.00
69.11
69.11
69.11
49.44
49.44
250.75
250.75
19.76
19.76
19.76
81.31
81.31
21.50
21.50
12.76
12.76
2151.47
12.36
589.62
589.62
70.92
12.19
2338.87
989.42
2957.09
2957.09
49.96
49.96
49.96
49.96
24.50
24.50
931.88
19.56
1459.74
1459.74
254.17
254.17
254.17
34.50
34.50
106.26
106.26
106.26
106.26
12.94
12.94
12.94
12.94
30.23
30.23
296.25
296.25
50.83
50.83
96.02
478.44
478.44
10.00
10.00
10.00
83.81
83.81
83.81
83.81
31.21
31.21
31.21
12.54
12.54
144.49
144.49
144.49
144.49
227.58
837.82
837.82
881.97
881.97
881.97
890.25
897.26
731.06
695.90
565.85
565.85
163.52
163.52
163.52
88.25
88.25
88.25
151.01
151.01
10.00
10.00
37.64
1624.46
322.58
322.58
1263.25
1263.25
29.12
54.21
51.88
1099.17
1099.17
45.40
45.40
45.40
45.40
27.44
27.44
27.44
113.65
113.65
2215.48
2215.48
426.64
2000.14
10.00
31.86
31.86
31.86
155.26
155.26
155.26
10.00
10.00
51.73
51.73
51.73
373.91
373.91
373.91
23.08
17.07
19.89
19.89
97.09
700.60
30.93
30.93
394.75
394.75
883.90
883.90
883.90
847.04
847.04
1716.51
1716.51
1716.51
46.28
46.28
46.28
46.28
46.28
349.79
349.79
349.79
349.79
349.79
349.79
349.79
659.88
659.88
659.88
659.88
609.79
850.38
850.38
144.68
125.83
1164.61
1658.44
10.00
1110.35
1110.35
569.63
569.63
569.63
327.75
327.75
327.75
91.29
91.29
91.29
536.85
1184.28
1706.97
484.08
772.76
772.76
846.56
846.56
846.56
249.91
249.91
12.80
12.80
12.38
12.38
2044.02
2044.02
705.07
957.55
957.55
64.45
64.45
64.45
1072.91
1072.91
2347.45
2347.45
141.42
141.42
24.56
24.56
13.79
13.79
13.79
13.79
76.89
76.89
69.05
69.05
69.05
69.05
645.57
645.57
645.57
1155.65
1155.65
1025.45
1025.45
134.54
114.53
114.53
49.03
49.03
49.03
49.03
301.28
301.28
53.27
53.27
10.00
10.00
657.67
657.67
1273.60
2130.26
105.23
10.00
37.17
37.17
567.67
567.67
602.88
602.88
24.47
24.47
1498.59
1498.59
289.96
289.96
1598.66
1598.66
1834.72
1834.72
10.00
10.00
48.64
48.64
10.00
10.00
709.71
709.71
244.56
244.56
10.00
10.00
993.63
993.63
424.72
424.72
32.69
32.69
655.98
655.98
236.38
236.38
1388.95
1388.95
10.00
10.00
841.80
841.80
1437.71
1437.71
2405.25
2405.25
711.56
711.56
2775.99
2775.99
2775.99
2775.99
2775.99
2775.99
138.12
138.12
980.04
980.04
430.07
430.07
2683.28
2683.28
2722.53
2722.53
194.22
194.22
2746.31
2746.31
2794.16
2794.16
2717.05
2717.05
2651.06
2651.06
2877.36
2877.36
2765.72
2765.72
2598.93
2598.93
2661.13
2661.13
2953.87
2953.87
2709.35
2709.35
527.90
527.90
473.64
473.64
644.94
644.94
2719.16
2719.16
2969.56
2969.56
741.30
741.30
2754.88
2754.88
2887.79
2887.79
10.00
10.00
2822.39
2822.39
2939.80
2939.80
2916.81
2916.81
2420.21
2420.21
2420.21
2420.21
2673.97
2673.97
10.00
10.00
2921.83
2921.83
2921.83
2921.83
52.56
52.56
10.00
10.00
1410.89
1410.89
1410.89
1410.89
2746.66
2746.66
2632.35
2632.35
2838.21
2838.21
2956.40
2956.40
1773.96
1773.96
10.00
10.00
385.64
385.64
2947.19
2947.19
10.00
10.00
2344.97
2344.97
2780.81
2780.81
12.96
12.96
12.19
12.19
12.19
12.19
417.57
417.57
10.00
10.00
10.00
47.85
47.85
965.29
1781.88
328.70
719.82
719.82
719.82
32.45
32.45
32.45
32.45
20.75
20.75
20.75
59.49
59.49
59.49
59.49
89.24
89.24
251.81
1292.71
1292.71
10.00
10.00
50.17
50.17
471.12
471.12
229.45
229.45
229.45
229.45
62.83
62.83
62.83
19.85
19.85
19.85
145.50
145.50
145.50
12.40
67.82
67.82
110.11
110.11
29.27
29.27
10.00
141.31
1042.48
352.00
1506.05
14.87
14.87
434.33
434.33
434.33
419.78
419.78
419.78
419.78
62.20
62.20
62.20
62.20
73.40
73.40
73.40
73.40
73.40
73.40
24.80
24.80
32.85
32.85
32.85
16.36
16.36
12.80
12.80
10.00
10.00
81.68
81.68
72.07
72.07
203.36
625.95
16.36
39.02
39.02
14.07
1674.51
1920.27
2065.90
2090.23
2467.56
2467.56
26.64
26.64
385.79
385.79
838.64
838.64
757.71
757.71
143.05
143.05
10.00
10.00
2645.02
2645.02
2741.01
2741.01
1427.17
1427.17
106.45
106.45
10.00
10.00
10.00
10.00
10.00
12.51
12.51
12.51
12.51
32.94
32.94
1087.43
1087.43
1087.43
138.07
78.11
304.23
304.23
1991.07
1991.07
1243.04
2924.80
2812.16
2812.16
1920.37
1920.37
2816.10
2816.10
2444.34
2444.34
390.50
390.50
22.36
22.36
12.29
12.29
191.24
191.24
191.24
191.24
31.89
31.89
31.89
554.00
554.00
554.00
10.00
10.00
354.65
354.65
269.38
269.38
72.44
111.24
111.24
2933.60
2933.60
1173.37
1294.08
1294.08
10.00
10.00
10.00
10.00
10.00
356.52
356.52
356.52
852.66
852.66
852.66
36.87
36.87
36.87
36.87
10.00
10.00
135.82
135.82
135.82
54.21
54.21
285.52
285.52
13.74
13.74
346.12
139.11
1556.71
1556.71
1071.29
1987.62
487.78
1266.97
173.46
173.46
869.99
869.99
386.14
386.14
2688.98
2688.98
1404.88
1404.88
2889.97
2889.97
277.12
277.12
434.05
434.05
89.44
89.44
16.00
16.00
10.00
10.00
79.09
79.09
10.00
10.00
52.35
52.35
912.37
912.37
669.67
669.67
1986.57
1986.57
2937.26
2937.26
449.70
449.70
2036.33
2036.33
1243.31
1243.31
10.00
10.00
22.69
22.69
28.65
28.65
2645.24
2645.24
31.80
31.80
2909.20
2909.20
1735.92
1735.92
2751.54
2751.54
2912.22
2912.22
175.30
175.30
1858.23
1858.23
1010.85
1010.85
2499.37
2499.37
1087.18
1087.18
922.14
922.14
879.11
879.11
2872.89
2872.89
2959.08
2959.08
10.00
10.00
2506.30
2506.30
2801.30
2801.30
2931.05
2931.05
2840.14
2840.14
2840.14
2840.14
2658.22
2658.22
2625.37
2625.37
2932.38
2932.38
1929.48
1929.48
2697.02
2697.02
2636.11
2636.11
2715.33
2715.33
2927.67
2927.67
2940.54
2940.54
2909.29
2909.29
2952.93
2952.93
2930.03
2930.03
2656.18
2656.18
1473.37
1473.37
1473.37
1473.37
1473.37
1473.37
714.49
714.49
2366.20
2366.20
2858.70
2858.70
2718.99
2718.99
1908.48
1908.48
2453.25
2453.25
2852.88
2852.88
1951.32
1951.32
734.35
734.35
729.12
729.12
97.31
97.31
1922.74
1922.74
423.20
423.20
1079.99
1079.99
2543.61
2543.61
226.76
226.76
21.76
21.76
21.76
10.00
10.00
259.78
259.78
259.78
1505.54
1110.99
1110.99
10.00
10.00
113.54
113.08
113.08
25.58
25.58
1728.17
1728.17
2597.20
2597.20
2906.70
2906.70
747.25
747.25
2819.32
2819.32
2442.42
2442.42
106.38
106.38
10.00
10.00
2289.00
2289.00
1226.66
1226.66
2346.25
2346.25
551.35
551.35
10.00
10.00
145.22
145.22
2240.90
2240.90
1046.63
1046.63
10.00
10.00
849.41
849.41
2578.80
2578.80
397.11
397.11
684.23
684.23
382.87
382.87
61.68
61.68
637.80
637.80
118.50
118.50
1041.86
1041.86
20.28
20.28
2022.83
2022.83
19.35
19.35
19.35
165.35
165.35
165.35
165.35
165.35
165.35
165.35
19.66
19.66
839.37
839.37
1626.61
1626.61
1912.41
2405.23
1566.35
2794.52
13.96
13.96
2037.25
2037.25
12.67
12.67
2799.36
2799.36
2252.51
2252.51
1280.53
1280.53
73.57
73.57
1489.87
1489.87
464.61
464.61
464.61
56.83
56.83
56.83
56.83
635.36
1561.82
1853.61
1853.61
42.68
42.68
21.64
21.64
56.69
56.69
56.69
10.00
10.00
10.00
10.00
45.66
45.66
45.66
45.66
10.00
10.00
56.61
361.29
361.29
361.29
56.30
24.90
36.98
36.98
846.42
846.42
846.42
10.00
10.00
36.05
36.05
99.05
99.05
80.10
80.10
80.10
80.10
10.00
10.00
10.00
10.00
121.01
121.01
57.06
268.47
22.28
22.28
718.98
12.26
2217.81
2217.81
2217.81
2217.81
2217.81
2856.89
2856.89
2297.92
2297.92
2297.92
2297.92
71.45
71.45
73.72
73.72
73.72
10.00
244.30
244.30
244.30
24.30
24.30
1093.03
1093.03
1521.05
155.78
503.90
503.90
813.20
816.19
816.19
2437.03
2437.03
12.85
12.85
36.38
36.38
1168.05
1168.05
1415.88
1415.88
545.67
545.67
545.67
22.02
22.02
10.00
10.00
10.00
64.21
64.21
66.70
66.70
743.63
418.52
2660.46
2660.46
1420.30
1420.30
417.08
417.08
184.10
184.10
817.11
817.11
12.73
12.73
10.00
10.00
10.00
86.81
86.81
17.40
1046.67
1046.67
37.03
37.03
10.00
10.00
1956.57
1956.57
2873.01
2873.01
2873.01
2873.01
2873.01
2873.01
10.00
10.00
2257.10
2257.10
1828.18
1828.18
31.84
31.84
1382.51
1382.51
2038.78
2038.78
618.64
618.64
2111.68
2111.68
2752.51
2752.51
380.93
380.93
29.27
29.27
705.89
705.89
705.89
201.79
201.79
201.79
201.79
233.84
233.84
233.84
26.05
26.05
47.53
47.53
12.43
1375.17
1375.17
55.59
55.59
55.59
14.03
14.03
29.91
29.91
29.91
32.93
14.29
39.36
39.36
723.10
37.54
519.73
519.73
155.71
155.71
65.03
65.03
65.03
548.24
548.24
85.43
85.43
235.57
235.57
13.37
2705.62
409.90
409.90
1814.05
1814.05
1002.84
1002.84
1002.84
28.10
28.10
28.10
668.46
668.46
13.32
479.84
479.84
405.65
405.65
405.65
21.82
21.82
1515.97
1515.97
12.49
12.49
1350.69
1350.69
10.00
10.00
1522.35
1522.35
642.54
642.54
642.54
917.18
917.18
917.18
917.18
917.18
917.18
18.24
18.24
18.24
18.24
50.80
50.80
1972.71
1972.71
389.94
154.48
1112.92
21.35
10.00
699.79
1719.62
18.58
18.58
18.58
693.03
693.03
10.00
10.00
2052.63
944.62
944.62
14.08
14.08
192.99
192.99
192.99
13.00
2879.47
2879.47
530.29
530.29
72.72
72.72
72.72
29.62
832.65
832.65
12.67
12.67
449.23
449.23
449.23
2733.13
2733.13
370.55
370.55
2063.19
2912.89
2912.89
2912.89
1088.92
1088.92
2363.08
2363.08
10.00
10.00
292.11
292.11
14.01
14.01
80.97
80.97
1977.04
1977.04
2437.30
552.73
552.73
552.73
40.06
40.06
20.40
20.40
171.08
171.08
12.16
12.16
13.30
27.71
27.71
27.71
27.71
684.99
684.99
684.99
684.99
684.99
684.99
10.00
10.00
10.00
10.00
12.28
12.28
1927.67
2832.84
2347.33
1801.27
753.21
447.13
447.13
1198.54
1198.54
2597.57
2597.57
2447.72
2447.72
2820.81
2820.81
2750.74
2750.74
2650.47
2650.47
32.20
32.20
163.21
163.21
163.21
163.21
163.21
36.44
36.44
36.44
186.16
186.16
191.78
2879.51
2893.04
2893.04
14.00
14.00
2809.27
2809.27
2697.68
2697.68
382.93
382.93
2617.07
2617.07
381.62
381.62
738.30
738.30
19.65
19.65
34.78
34.78
789.24
789.24
938.72
938.72
151.82
151.82
1854.13
1854.13
17.80
17.80
28.54
28.54
443.08
443.08
901.84
901.84
1679.78
1679.78
22.86
22.86
2517.38
2517.38
2863.84
2863.84
16.33
16.33
10.00
10.00
642.21
642.21
2931.76
2931.76
643.19
643.19
643.19
643.19
13.87
1650.49
10.00
10.00
2657.44
2657.44
10.00
10.00
10.00
10.00
1713.24
1713.24
2544.32
2544.32
376.58
376.58
2784.36
2784.36
121.16
121.16
380.73
380.73
2953.83
2953.83
2953.83
2953.83
169.61
169.61
2566.76
2566.76
106.90
106.90
687.64
687.64
818.80
818.80
949.18
949.18
949.18
949.18
2923.20
2923.20
2046.94
2046.94
1928.57
1928.57
2829.01
2829.01
2929.91
2929.91
2736.34
2736.34
377.20
377.20
2514.35
2514.35
1729.47
1729.47
1417.79
1417.79
2794.93
2794.93
2832.89
2832.89
2746.05
2746.05
2903.92
2903.92
2837.13
2837.13
2563.03
2563.03
384.40
384.40
144.63
144.63
2955.78
2955.78
2341.12
2341.12
21.16
21.16
1895.63
1895.63
16.39
16.39
541.58
541.58
541.58
541.58
541.58
212.03
38.64
38.64
38.64
80.85
80.85
763.96
1779.57
540.94
28.97
28.97
2055.98
2055.98
407.25
407.25
750.03
750.03
214.11
214.11
214.11
1150.63
1302.18
1302.18
2826.24
2826.24
2578.72
2578.72
2718.01
2718.01
259.05
259.05
21.97
21.97
2906.65
2906.65
882.28
882.28
882.28
882.28
19.81
19.81
19.81
20.97
20.97
235.12
2841.34
2841.34
1122.35
1648.96
1648.96
18.95
1246.67
1246.67
694.10
694.10
694.10
113.78
985.17
985.17
584.68
584.68
10.00
10.00
1749.38
1749.38
31.81
31.81
45.82
45.82
1086.67
1086.67
1380.73
1380.73
702.16
702.16
2181.67
2181.67
1375.52
1375.52
45.15
45.15
1753.12
1753.12
392.40
392.40
39.05
39.05
210.11
210.11
24.23
24.23
355.12
355.12
1213.19
1213.19
10.00
10.00
27.32
27.32
198.85
198.85
1003.31
1003.31
2583.19
2583.19
555.33
555.33
32.60
32.60
18.41
18.41
89.39
89.39
2491.72
2491.72
2491.72
24.51
24.51
24.51
24.51
24.51
194.15
194.15
194.15
194.15
44.76
44.76
28.46
28.46
14.65
963.46
963.46
10.00
941.66
941.66
2497.09
2497.09
2497.09
2497.09
2497.09
2497.09
2497.09
2497.09
707.05
707.05
48.73
48.73
1216.48
1216.48
19.01
19.01
20.92
20.92
20.92
410.59
12.61
12.61
554.10
554.10
2763.81
2763.81
2501.76
2501.76
423.25
423.25
10.00
10.00
455.05
455.05
19.82
19.82
1004.24
1004.24
1343.57
1343.57
1599.32
1599.32
769.75
769.75
769.75
33.29
33.29
35.04
2039.71
2039.71
2191.94
2191.94
2385.60
2385.60
961.48
961.48
2499.50
2499.50
243.16
243.16
331.20
331.20
464.66
464.66
2858.67
2858.67
2759.72
2759.72
848.25
848.25
2849.91
2849.91
972.41
972.41
1864.17
1864.17
2861.89
2861.89
2965.10
2965.10
14.57
14.57
2169.09
2169.09
1157.97
1157.97
10.00
10.00
2728.80
2728.80
2853.34
2853.34
2720.81
2720.81
2900.05
2900.05
840.46
840.46
525.37
525.37
2812.85
2812.85
2932.04
2932.04
2874.52
2874.52
2712.00
2712.00
2637.16
2637.16
1709.12
1709.12
10.00
10.00
2401.65
2401.65
2765.33
2765.33
2744.37
2744.37
2840.01
2840.01
1023.16
1023.16
2668.40
2668.40
23.22
23.22
1314.15
1314.15
2831.14
2831.14
1365.44
1365.44
10.00
10.00
1385.46
1385.46
2726.01
2726.01
2638.85
2638.85
1885.06
1885.06
2858.36
2858.36
10.00
10.00
2924.00
2924.00
2565.33
2565.33
2879.75
2879.75
383.47
383.47
383.47
20.04
20.04
20.04
39.06
39.06
15.32
15.32
15.32
943.03
943.03
79.39
79.39
106.15
106.15
211.58
211.58
46.32
466.02
466.02
553.98
553.98
1566.84
1566.84
303.99
303.99
303.99
32.56
862.00
862.00
373.81
984.77
984.77
410.05
366.77
366.77
1501.07
1501.07
32.96
32.96
1996.22
1996.22
12.71
12.71
360.60
360.60
2842.51
2842.51
2703.49
2703.49
2351.51
2351.51
1402.31
1402.31
2510.16
2510.16
29.36
29.36
230.29
230.29
1025.47
1025.47
2664.02
2664.02
431.93
431.93
37.71
37.71
37.71
346.20
346.20
1713.22
2848.67
2848.67
24.15
24.15
2848.86
2848.86
678.21
678.21
1484.70
1484.70
1229.32
1229.32
54.79
54.79
620.88
620.88
2733.41
2733.41
2733.41
2733.41
1638.41
1638.41
212.19
212.19
10.00
10.00
1482.36
1482.36
21.50
21.50
1561.51
1561.51
452.21
452.21
1130.10
1130.10
23.96
23.96
995.77
995.77
1638.32
1638.32
10.00
10.00
1184.28
1184.28
995.09
995.09
37.63
37.63
10.00
10.00
10.00
10.00
10.00
10.00
11.38
11.38
11.38
11.38
10.00
172.61
10.00
10.00
192.56
630.70
2442.29
2442.29
2831.36
2831.36
2629.28
2629.28
2646.51
2646.51
2861.73
2861.73
2480.49
2480.49
2378.29
2378.29
2883.71
2883.71
2633.99
2633.99
559.93
559.93
610.79
610.79
1045.14
1045.14
1248.64
1248.64
2156.88
2156.88
13.86
13.86
2859.50
2859.50
2946.84
2946.84
192.54
192.54
2548.72
2548.72
2882.81
2882.81
2448.35
2448.35
2795.19
2795.19
2795.19
2795.19
2923.36
2923.36
2923.36
2923.36
2547.76
2547.76
2685.62
2685.62
2792.74
2792.74
2755.91
2755.91
2755.91
2755.91
2755.91
2755.91
2755.91
2755.91
2550.95
2550.95
2362.79
2362.79
545.94
545.94
706.92
706.92
50.84
50.84
396.51
396.51
39.84
39.84
20.30
20.30
2011.91
2011.91
24.81
24.81
439.49
439.49
439.49
19.84
19.84
2859.23
923.56
923.56
923.56
923.56
923.56
923.56
1581.03
1581.03
2706.25
2706.25
20.96
20.96
25.30
25.30
2810.01
2810.01
10.00
10.00
2948.17
2948.17
1316.58
1316.58
2859.48
2859.48
24.20
24.20
827.47
827.47
10.00
10.00
1663.30
1663.30
2592.80
2592.80
959.42
959.42
2684.22
2684.22
921.05
921.05
246.04
246.04
10.00
10.00
1575.90
1575.90
1319.49
1319.49
1066.50
1066.50
2891.61
2891.61
407.97
407.97
2694.47
2694.47
1510.38
1510.38
20.78
20.78
570.89
570.89
522.65
522.65
2907.80
2907.80
2481.41
2481.41
2607.20
2607.20
2607.20
2607.20
2798.08
2798.08
2682.43
2682.43
2682.43
2682.43
2560.57
2560.57
2560.57
2560.57
1281.70
1281.70
1281.70
1281.70
22.21
22.21
505.03
505.03
26.34
26.34
30.32
347.18
347.18
347.18
347.18
324.92
324.92
324.92
26.02
26.02
26.02
210.92
210.92
404.19
240.99
2204.84
2204.84
2486.81
2609.06
2609.06
2565.09
2565.09
410.99
410.99
1511.40
1511.40
788.83
788.83
800.51
800.51
989.63
989.63
1219.15
1219.15
615.15
615.15
2633.39
2633.39
136.33
136.33
590.24
590.24
2187.07
2187.07
2619.52
2619.52
2619.52
2619.52
2896.66
2896.66
2896.66
2896.66
2896.66
2896.66
39.93
39.93
1236.55
1236.55
1904.18
1904.18
2240.57
2240.57
2884.52
2884.52
2954.92
2954.92
2873.11
2873.11
2831.73
2831.73
324.01
324.01
2821.97
2821.97
2721.05
2721.05
350.00
350.00
2708.40
2708.40
2825.16
2825.16
2036.38
2036.38
2850.09
2850.09
10.00
10.00
2603.80
2603.80
1673.67
1673.67
2875.48
2875.48
1485.54
1485.54
683.13
683.13
2361.74
2361.74
2361.74
56.85
56.85
56.85
52.78
52.78
112.40
112.40
248.00
248.00
690.57
690.57
18.58
1540.12
32.76
32.76
29.90
29.90
29.90
105.92
105.92
105.92
10.00
10.00
390.23
962.89
1091.85
1091.85
10.00
10.00
10.00
583.13
743.59
743.59
478.15
478.15
1880.09
1880.09
27.39
27.39
24.52
24.52
2851.79
2851.79
2654.14
2654.14
1382.54
1382.54
988.37
988.37
988.37
1015.24
1015.24
235.50
235.50
235.50
235.50
519.41
519.41
519.41
78.60
78.60
78.60
237.83
237.83
237.83
41.87
1128.73
1128.73
240.15
288.27
23.85
21.74
21.74
21.74
10.00
10.00
10.00
10.00
10.00
10.00
10.00
274.91
274.91
274.91
28.09
942.92
2475.92
2761.19
349.61
675.46
2738.57
2738.57
2738.57
40.57
40.57
40.57
57.18
57.18
587.65
587.65
631.46
631.46
631.46
644.48
2957.58
2957.58
2863.21
2863.21
349.07
349.07
2676.80
2676.80
32.51
32.51
1427.66
1427.66
1941.18
1941.18
1563.59
1563.59
2561.21
2561.21
11.52
11.52
31.83
31.83
43.10
43.10
43.10
105.68
105.68
105.68
105.68
58.29
58.29
58.29
18.49
18.49
18.49
49.27
18.72
18.72
581.41
581.41
1204.85
21.27
21.27
21.27
1351.88
1902.44
182.13
182.13
2652.90
2652.90
2652.90
103.08
103.08
397.09
397.09
10.00
1346.27
1346.27
766.87
766.87
1041.72
1041.72
1041.72
75.21
75.21
75.21
75.21
47.33
47.33
47.33
534.67
534.67
121.34
121.34
121.34
425.80
425.80
86.41
20.33
20.33
335.17
335.17
28.16
28.16
325.07
325.07
877.73
1001.57
1001.57
40.52
40.52
40.95
40.95
2130.29
2130.29
40.70
642.67
55.40
55.40
40.85
40.85
1168.30
1168.30
1168.30
34.23
34.23
2606.66
2606.66
1889.31
1889.31
1889.31
1889.31
1889.31
1889.31
1889.31
1889.31
1949.38
1949.38
1949.38
1949.38
1949.38
1949.38
1949.38
1949.38
1629.27
1629.27
168.78
168.78
40.44
40.44
2812.95
2812.95
2136.76
2136.76
2808.60
2808.60
1049.52
1049.52
2736.39
2736.39
1147.52
1147.52
2285.65
2285.65
2285.65
10.39
10.39
10.39
38.71
38.71
138.12
138.12
138.12
137.80
2268.39
2268.39
2420.10
2420.10
2932.11
2932.11
2803.59
2803.59
893.01
893.01
745.68
745.68
745.68
21.85
21.85
231.42
231.42
1194.18
2784.59
2784.59
155.01
155.01
18.50
18.50
10.00
10.00
29.49
29.49
664.76
664.76
664.76
177.00
177.00
177.00
20.39
1610.82
2021.70
2021.70
2279.83
2279.83
544.89
544.89
382.27
382.27
382.27
382.27
382.27
12.90
12.90
12.90
12.90
12.90
12.90
10.00
10.00
23.28
23.28
1959.07
461.81
2498.11
2773.31
1664.18
893.68
893.68
2440.21
2440.21
406.87
406.87
643.36
643.36
156.43
156.43
564.11
564.11
564.11
564.11
10.00
10.00
21.82
21.82
21.82
26.48
26.48
26.48
33.83
33.83
33.83
10.00
10.00
18.50
18.50
207.78
207.78
126.08
126.08
146.52
146.52
152.61
152.61
10.00
10.00
10.00
73.89
192.50
192.50
10.00
10.00
14.02
10.00
10.00
10.00
10.00
102.60
388.78
388.78
57.48
57.48
400.63
2384.58
2384.58
24.72
14.48
14.48
811.56
699.07
699.07
2250.71
2250.71
646.09
646.09
252.00
252.00
876.72
876.72
1620.59
1620.59
137.17
137.17
726.82
726.82
726.82
399.37
399.37
399.37
399.37
1078.19
1078.19
1078.19
17.41
17.41
10.00
10.00
510.63
211.72
28.58
1183.68
1183.68
58.91
217.46
217.46
217.46
217.46
217.46
19.22
19.22
19.22
19.22
165.55
165.55
47.93
47.93
77.07
77.07
13.32
36.02
1668.84
1668.84
92.83
441.67
441.67
40.72
40.72
1766.07
1766.07
51.52
51.52
51.52
62.00
62.00
62.00
46.21
46.21
30.90
30.90
30.90
303.89
764.53
764.53
317.40
317.40
62.77
796.09
796.09
1276.81
1773.59
1773.59
1773.59
627.82
627.82
32.60
32.60
10.00
10.00
10.00
10.00
10.00
10.00
72.11
72.11
1289.03
1289.03
773.21
773.21
792.41
792.41
792.41
37.80
80.67
80.67
80.67
12.50
12.50
12.50
431.68
431.68
431.68
12.91
38.61
1190.51
106.22
821.03
821.03
24.51
24.51
453.25
453.25
335.37
335.37
20.00
20.00
14.91
14.91
1023.62
1023.62
477.17
477.17
155.66
155.66
382.23
382.23
2824.03
2824.03
274.89
274.89
274.89
10.00
10.00
10.00
10.00
10.00
448.38
448.38
448.38
14.43
1831.57
14.05
14.05
952.36
1649.36
633.55
557.05
557.05
451.90
451.90
1842.69
1842.69
2653.38
2653.38
470.04
470.04
809.33
809.33
731.00
731.00
1027.78
1027.78
764.61
764.61
435.14
435.14
1113.08
1113.08
16.35
16.35
40.27
40.27
12.04
12.04
1928.47
1928.47
236.49
236.49
10.00
10.00
96.43
96.43
1748.58
1748.58
994.02
994.02
303.12
303.12
18.29
18.29
2470.37
2470.37
2566.03
2566.03
2892.46
2892.46
372.76
372.76
596.25
596.25
2647.95
2647.95
2597.51
2597.51
10.00
10.00
1402.72
1402.72
1859.22
1859.22
2905.82
2905.82
2705.47
2705.47
2939.91
2939.91
2400.17
2400.17
2400.17
2400.17
2400.17
2400.17
2400.17
2400.17
2400.17
2400.17
766.30
766.30
2610.71
2610.71
521.27
521.27
2924.35
2924.35
2708.68
2708.68
2089.84
2089.84
984.70
984.70
2886.76
2886.76
736.87
736.87
1690.60
1690.60
2129.78
2129.78
616.57
616.57
1563.27
1563.27
1563.27
1563.27
385.77
385.77
2887.50
2887.50
2836.58
2836.58
2725.97
2725.97
1318.86
1318.86
2880.36
2880.36
796.32
796.32
2522.15
2522.15
20.42
20.42
20.43
20.43
20.43
64.77
64.77
64.77
67.47
67.47
53.00
53.00
67.54
67.54
1365.68
1365.68
18.53
18.53
1214.21
1214.21
78.56
78.56
21.04
33.82
33.82
15.30
15.30
1227.04
1227.04
292.40
292.40
1069.88
1069.88
82.79
82.79
1262.43
1262.43
265.86
1624.02
1624.02
987.79
987.79
955.75
955.75
955.75
64.73
1642.19
1642.19
1410.27
1410.27
2844.14
2844.14
1218.93
1218.93
2828.93
2828.93
2534.40
2534.40
1610.51
1610.51
2891.57
2891.57
2679.94
2679.94
2788.70
2788.70
2788.70
2788.70
470.31
470.31
470.31
76.19
76.19
14.51
14.51
14.51
14.51
526.39
1431.86
21.80
25.42
25.42
2952.95
2952.95
2859.88
2859.88
2655.05
2655.05
2655.05
920.62
920.62
576.37
576.37
18.79
18.79
18.79
693.41
693.41
35.76
1264.75
2464.01
2464.01
1568.10
1568.10
27.19
27.19
66.95
66.95
42.02
42.02
24.86
24.86
24.86
654.45
1646.68
1646.68
1646.68
11.96
11.96
11.96
59.95
59.95
73.09
73.09
73.09
32.44
32.44
32.44
32.44
34.30
34.30
261.55
261.55
51.38
51.38
416.97
333.87
2845.38
2838.09
2838.09
66.28
66.28
2916.42
2916.42
2711.34
2711.34
2750.18
2750.18
1722.54
1722.54
2883.21
2883.21
2765.96
2765.96
2819.27
2819.27
2966.94
2966.94
632.74
632.74
2882.75
2882.75
18.68
18.68
2858.99
2858.99
20.23
20.23
30.19
30.19
213.85
213.85
10.00
10.00
2707.01
2707.01
2731.92
2731.92
2867.94
2867.94
2867.94
2867.94
2575.42
2575.42
2881.31
2881.31
1316.69
1316.69
1316.69
1316.69
1316.69
1316.69
1316.69
1316.69
2620.96
2620.96
849.63
849.63
2835.36
2835.36
830.12
830.12
2716.94
2716.94
2904.97
2904.97
2810.14
2810.14
2859.36
2859.36
1367.68
1367.68
2735.99
2735.99
2915.24
2915.24
2734.27
2734.27
2734.27
2734.27
2734.27
2734.27
2734.27
2734.27
651.40
651.40
651.40
422.11
1404.43
1404.43
1364.22
1364.22
1330.64
1330.64
1356.85
1356.85
1356.85
1356.85
1852.47
1852.47
1852.47
13.26
13.26
558.41
558.41
585.26
585.26
57.01
57.01
57.01
64.86
64.86
64.86
13.20
13.20
13.20
103.75
103.75
10.00
27.05
27.05
2327.17
22.01
420.85
420.85
1196.94
1196.94
10.00
10.00
1062.63
62.89
62.89
457.92
457.92
2018.12
2018.12
550.74
550.74
29.25
29.25
29.25
50.99
50.99
846.56
846.56
846.56
846.56
425.95
425.95
2909.62
2909.62
562.86
562.86
1875.07
1875.07
1456.31
1456.31
1456.31
319.63
319.63
319.63
40.28
40.28
249.70
249.70
281.14
1034.31
943.48
943.48
43.25
43.25
1732.37
1732.37
1732.37
13.06
13.06
13.06
13.06
13.06
345.16
345.16
345.16
345.16
92.57
92.57
12.49
12.49
1401.72
24.11
24.11
450.63
48.15
2899.66
2138.51
2138.51
2067.09
2067.09
2960.86
2960.86
1563.49
1563.49
1055.77
1055.77
39.58
39.58
480.38
480.38
20.91
20.91
20.91
65.13
65.13
65.13
25.95
67.60
67.60
67.60
13.58
13.58
27.34
27.34
740.85
740.85
2767.16
2767.16
96.86
96.86
678.70
678.70
678.70
678.70
2115.29
2115.29
2115.29
1002.84
2640.20
38.60
2965.31
2965.31
1855.97
1855.97
1360.55
1360.55
459.85
130.16
130.16
130.16
530.72
530.72
26.70
26.70
26.70
26.48
26.48
10.00
10.00
10.00
45.68
45.68
137.16
137.16
19.33
222.62
222.62
222.62
84.24
84.24
84.24
27.11
27.11
27.11
27.11
16.29
16.29
56.27
56.27
56.27
206.07
177.94
2015.95
2893.93
1520.61
1520.61
759.67
759.67
20.19
20.19
990.32
990.32
10.00
10.00
10.00
472.14
472.14
472.14
1314.26
1155.58
1205.55
1205.55
1205.55
1205.55
48.34
503.84
503.84
503.84
10.00
10.00
10.00
46.50
46.50
1045.33
834.75
834.75
429.82
429.82
1322.12
1322.12
10.00
10.00
10.00
49.36
49.36
261.72
261.72
48.48
325.70
325.70
58.70
58.70
386.24
386.24
386.24
24.80
24.80
24.80
12.50
12.50
12.50
12.50
111.88
111.88
111.88
16.38
16.38
16.38
31.76
31.76
10.00
13.54
13.54
1191.33
2947.75
1563.98
2948.24
2948.24
590.19
590.19
24.37
24.37
2667.21
2667.21
61.18
61.18
61.18
1235.88
1235.88
1235.88
37.40
37.40
37.40
10.00
10.00
10.00
1003.57
81.04
2518.05
2518.05
2601.08
2601.08
437.09
437.09
32.69
32.69
604.91
604.91
12.61
12.61
364.57
364.57
1365.28
1365.28
104.56
104.56
104.56
10.00
10.00
23.93
23.93
14.68
21.20
21.20
649.91
649.91
1102.79
1102.79
347.68
347.68
43.98
43.98
1151.69
1151.69
1151.69
130.94
130.94
1609.00
1609.00
1609.00
125.92
34.19
34.19
13.85
13.85
323.81
323.81
753.07
753.07
121.42
121.42
19.01
19.01
1228.53
696.67
696.67
38.32
38.32
15.55
15.55
445.82
445.82
559.73
559.73
1769.25
1769.25
2376.38
2376.38
10.00
10.00
886.73
886.73
44.25
44.25
10.00
10.00
559.16
559.16
2868.75
2868.75
36.24
36.24
669.71
669.71
27.01
27.01
56.61
56.61
737.13
737.13
737.13
13.68
13.68
453.09
453.09
152.60
531.16
531.16
198.63
198.63
21.47
21.47
1823.61
1823.61
1363.47
1363.47
199.36
199.36
199.36
10.00
10.00
10.00
64.18
64.18
2014.60
2014.60
56.42
287.38
287.38
246.52
104.36
104.36
1551.92
1551.92
1551.92
1551.92
43.20
43.20
43.20
43.20
43.20
43.20
10.00
10.00
10.13
10.13
507.61
507.61
507.61
10.00
10.00
1478.51
389.35
389.35
689.74
500.60
381.57
381.57
29.41
29.41
10.00
10.00
10.00
20.85
20.85
2965.12
2965.12
870.14
1416.15
1416.15
163.07
163.07
1391.38
1391.38
2344.10
2344.10
10.00
10.00
452.35
452.35
2660.85
2660.85
2647.22
2647.22
2577.20
2577.20
2963.50
2963.50
1247.96
1247.96
2923.35
2923.35
2334.54
2334.54
2707.48
2707.48
622.18
622.18
10.00
10.00
28.03
28.03
13.51
13.51
1703.77
1703.77
769.61
769.61
73.39
73.39
820.28
820.28
2263.54
2263.54
2038.80
2038.80
2684.30
2684.30
2880.41
2880.41
2844.78
2844.78
10.00
10.00
2567.27
2567.27
2640.18
2640.18
1649.60
1649.60
153.47
153.47
980.49
980.49
1229.75
1229.75
2814.74
2814.74
1581.53
1581.53
2618.91
2618.91
1388.71
1388.71
1492.19
1492.19
2889.77
2889.77
2071.93
2071.93
2465.30
2465.30
44.07
44.07
44.07
44.07
44.07
44.07
33.81
33.81
18.72
28.28
19.26
1175.06
1449.20
1449.20
2192.24
2192.24
2892.88
2892.88
2892.88
2892.88
2892.88
2892.88
1617.50
1617.50
2403.70
2403.70
1110.35
1110.35
978.70
978.70
1465.36
1465.36
1465.36
1465.36
2568.60
2568.60
2797.40
2797.40
2797.40
2797.40
2948.55
2948.55
2948.55
2948.55
2735.30
2735.30
2973.37
2973.37
2898.68
2898.68
2490.90
2490.90
2798.66
2798.66
2926.06
2926.06
2759.74
2759.74
2629.15
2629.15
2900.86
2900.86
772.78
772.78
2292.97
2292.97
1502.59
1502.59
2794.10
2794.10
2662.00
2662.00
1536.84
1536.84
12.36
12.36
12.36
416.57
416.57
416.57
25.61
32.59
32.59
49.45
49.45
49.45
117.30
117.30
117.30
107.51
107.51
107.51
107.51
10.00
10.00
10.00
10.00
10.00
10.00
54.89
54.89
682.46
682.46
682.46
72.84
34.76
34.76
10.00
10.00
10.00
778.58
707.23
707.23
1461.83
1461.83
80.04
80.04
80.04
178.20
2751.95
362.67
362.67
382.99
382.99
382.99
770.21
12.25
12.25
1240.30
1240.30
1240.30
10.00
1751.67
1751.67
1145.17
1145.17
1130.12
1130.12
90.22
90.22
90.22
90.22
791.72
791.72
10.00
10.00
10.00
10.00
10.00
10.00
232.32
232.32
232.32
13.58
13.58
13.58
10.00
10.00
10.00
590.42
590.42
1888.95
1888.95
13.64
13.64
30.07
669.40
684.51
84.47
22.30
22.30
136.44
136.44
810.32
810.32
27.98
27.98
27.98
12.52
12.52
73.72
2120.96
2120.96
835.62
648.34
648.34
648.34
208.15
208.15
208.15
208.15
597.18
597.18
597.18
597.18
450.54
747.42
893.40
22.44
22.44
10.00
384.79
384.79
60.02
60.02
60.02
60.02
345.67
345.67
345.67
12.48
12.48
1040.00
1040.00
1573.13
25.48
1662.90
1662.90
2947.86
2947.86
1660.53
1660.53
10.00
10.00
40.50
40.50
34.06
34.06
242.35
242.35
2084.14
2084.14
1297.67
1297.67
1223.14
1223.14
2525.11
2525.11
15.34
15.34
482.98
482.98
787.30
787.30
149.06
149.06
92.19
92.19
92.19
1686.45
1686.45
20.45
20.45
20.45
10.00
10.00
40.41
40.41
40.41
72.78
72.78
72.78
31.89
21.35
21.35
28.75
28.75
28.75
274.09
274.09
274.09
274.09
246.46
246.46
10.00
41.73
41.73
1928.71
31.11
877.67
344.68
344.68
29.20
29.20
350.38
14.83
14.34
14.34
14.34
10.00
10.00
1176.16
1176.16
1176.16
1176.16
1176.16
1176.16
10.00
10.00
10.00
1065.77
1065.77
1771.19
404.72
19.61
2460.44
1428.58
1428.58
725.90
725.90
2752.45
2752.45
483.34
483.34
483.34
342.39
342.39
342.39
342.39
10.00
10.00
792.06
792.06
792.06
10.00
10.00
95.59
95.59
106.44
106.44
119.20
119.20
119.20
416.56
21.33
2746.44
2865.97
2865.97
459.02
459.02
459.02
18.23
266.46
266.46
266.46
947.46
947.46
20.49
20.49
285.50
287.61
287.61
1345.85
1345.85
57.24
57.24
10.00
10.00
10.00
10.00
65.16
65.16
65.16
65.16
49.14
49.14
20.80
20.80
20.80
18.34
18.34
18.34
18.34
16.39
16.39
16.39
24.59
154.22
154.22
154.22
1131.58
14.20
14.20
1395.76
2828.31
2058.38
857.10
857.10
89.53
89.53
37.10
37.10
480.82
480.82
10.00
10.00
500.50
500.50
732.97
732.97
2300.96
2300.96
10.00
10.00
568.38
568.38
496.61
496.61
417.22
417.22
570.90
570.90
2354.02
2354.02
522.68
522.68
2866.58
2866.58
1374.37
1374.37
2836.34
2836.34
2811.76
2811.76
2932.86
2932.86
2932.38
2932.38
779.23
779.23
1321.50
1321.50
2229.28
2229.28
2229.28
2229.28
2229.28
2229.28
2229.28
2229.28
2899.36
2899.36
318.74
318.74
963.50
963.50
2865.94
2865.94
2865.94
2865.94
770.69
770.69
959.36
959.36
2843.05
2843.05
2813.78
2813.78
636.04
636.04
10.00
10.00
1794.07
1794.07
2741.37
2741.37
695.91
695.91
2680.54
2680.54
2720.41
2720.41
2866.82
2866.82
1780.75
1780.75
13.51
13.51
10.00
10.00
14.28
14.28
482.38
482.38
168.79
168.79
110.44
110.44
960.13
960.13
698.53
698.53
716.46
716.46
553.05
553.05
2585.36
2585.36
1087.61
1087.61
1414.27
1414.27
2837.28
2837.28
127.70
127.70
127.70
501.45
1302.16
1302.16
1302.16
1215.79
1215.79
1215.79
73.81
73.81
73.81
12.14
12.14
922.17
922.17
922.17
10.00
10.00
10.00
852.87
852.87
10.00
10.00
10.00
24.27
24.27
24.27
24.27
25.17
41.13
41.13
52.77
52.77
48.38
951.61
1792.43
361.90
361.90
13.47
378.66
378.66
440.96
19.15
19.15
19.15
45.48
45.48
45.48
45.48
110.17
110.17
110.17
110.17
462.28
462.28
462.28
71.84
71.84
10.00
38.74
38.74
603.18
388.75
388.75
10.00
187.54
187.54
12.99
12.99
65.20
34.73
34.73
110.66
616.54
616.54
46.17
27.77
27.77
10.00
10.00
1276.12
2131.31
2131.31
2131.31
2131.31
2131.31
2131.31
386.83
386.83
2372.42
2372.42
202.84
202.84
2905.03
2905.03
941.19
941.19
385.81
385.81
463.41
463.41
12.40
12.40
825.74
825.74
236.22
236.22
10.00
10.00
621.14
621.14
26.60
26.60
1508.06
1508.06
2935.97
2935.97
180.41
180.41
19.06
19.06
465.91
465.91
465.91
28.11
28.11
32.51
1974.09
1974.09
35.75
35.75
1758.22
1758.22
13.56
13.56
1086.19
1086.19
22.62
22.62
10.00
10.00
10.00
1245.54
1245.54
26.28
26.28
1508.00
283.79
283.79
18.32
18.32
2741.43
2741.43
2876.28
2876.28
1759.58
1759.58
1810.72
1810.72
1344.23
1344.23
27.13
27.13
20.16
20.16
801.83
801.83
801.83
801.83
801.83
10.00
10.00
358.04
14.69
14.69
14.69
996.70
996.70
32.60
32.60
582.98
1089.37
1089.37
262.03
262.03
365.82
365.82
10.00
10.00
10.00
28.50
28.50
105.92
576.74
1070.17
749.31
749.31
10.00
10.00
14.63
14.63
13.79
13.79
13.79
13.79
13.79
16.33
16.33
16.33
16.33
16.33
10.00
10.00
527.12
527.12
14.83
1214.33
1214.33
1788.48
1229.44
1229.44
34.96
34.96
34.96
547.92
547.92
547.92
547.92
56.46
56.46
56.46
21.52
21.52
38.01
38.01
604.08
150.53
22.52
22.52
49.22
28.97
28.97
494.24
494.24
1045.92
1045.92
882.67
882.67
882.67
20.59
20.59
29.41
29.41
433.97
433.97
56.07
1107.34
1515.97
1515.97
10.00
10.00
14.65
14.65
1299.04
1299.04
416.36
416.36
178.74
178.74
420.99
420.99
1664.59
1664.59
1877.25
1877.25
2822.59
2822.59
842.46
842.46
730.79
730.79
10.00
10.00
10.00
10.00
2808.09
2808.09
10.00
10.00
2919.91
2919.91
2867.11
2867.11
954.85
954.85
1132.21
1132.21
18.79
18.79
1338.55
1338.55
333.56
333.56
386.93
386.93
19.66
19.66
1971.42
1971.42
32.30
32.30
45.05
45.05
394.18
394.18
2949.19
2949.19
385.28
385.28
51.60
51.60
1203.17
1203.17
749.68
749.68
1812.98
1812.98
486.18
486.18
1438.29
1438.29
385.68
385.68
306.42
306.42
27.91
27.91
1913.23
1913.23
640.31
640.31
834.61
834.61
840.21
840.21
502.53
502.53
435.94
435.94
375.15
375.15
13.59
13.59
670.11
670.11
1391.05
1391.05
10.00
10.00
1170.42
1170.42
367.16
367.16
103.76
103.76
371.79
371.79
2393.89
2393.89
2727.86
2727.86
2727.86
2727.86
2727.86
2727.86
2727.86
2727.86
1021.68
1021.68
669.54
669.54
1310.19
1310.19
106.37
106.37
13.12
13.12
2677.39
2677.39
2677.39
2677.39
14.67
14.67
2098.86
2098.86
1744.61
1744.61
2510.82
2510.82
2057.59
2057.59
2597.96
2597.96
739.09
739.09
1618.62
1618.62
2838.07
2838.07
488.07
488.07
44.53
44.53
2786.90
2786.90
2588.25
2588.25
506.48
506.48
482.80
482.80
641.22
641.22
370.12
370.12
16.28
16.28
2918.74
2918.74
2816.70
2816.70
2311.51
2311.51
2091.27
2091.27
1178.94
1178.94
1178.94
169.57
169.57
169.57
169.57
169.57
169.57
169.57
88.51
88.51
88.51
88.51
443.67
443.67
443.67
518.16
518.16
518.16
251.24
251.24
228.10
894.04
894.04
252.42
252.42
10.13
10.13
13.46
846.71
846.71
846.71
1401.66
1401.66
20.33
604.15
604.15
70.42
694.36
694.36
13.19
13.19
10.00
10.00
10.00
90.32
90.32
40.87
34.08
34.08
34.08
10.00
10.00
26.19
26.19
18.67
10.00
10.00
10.00
10.00
10.00
111.29
111.29
111.29
2428.32
2428.32
14.12
2752.67
12.57
707.83
2230.75
2640.52
2640.52
387.82
387.82
387.82
947.73
947.73
10.00
13.89
13.89
528.07
528.07
1105.62
1105.62
271.82
271.82
2613.05
2613.05
20.95
20.95
13.42
13.42
12.93
12.93
14.44
14.44
594.80
594.80
594.80
594.80
10.00
25.85
25.85
2303.53
10.00
10.00
383.73
383.73
338.28
338.28
920.85
920.85
1447.45
1447.45
1091.89
1091.89
1091.89
235.68
235.68
235.68
57.41
57.41
57.41
311.88
311.88
311.88
10.00
10.00
10.00
10.00
331.65
331.65
1887.45
195.50
2377.22
12.23
2684.42
2684.42
10.00
10.00
779.70
779.70
779.70
721.95
721.95
548.12
548.12
1572.58
1572.58
1572.58
900.42
305.62
14.80
14.80
14.80
259.60
259.60
259.60
454.12
454.12
454.12
20.82
299.90
299.90
2677.78
2392.78
2724.54
2724.54
1555.84
1555.84
411.05
411.05
49.03
49.03
274.69
274.69
193.91
193.91
1391.50
1391.50
14.48
14.48
2958.70
2958.70
14.04
14.04
745.48
745.48
212.52
212.52
2925.20
2925.20
2535.59
2535.59
277.36
277.36
873.12
873.12
806.93
806.93
806.93
46.51
46.51
46.51
46.51
46.51
46.51
15.36
15.36
64.91
64.91
427.69
93.01
29.04
29.04
68.83
468.56
59.44
59.44
1003.55
1003.55
82.11
82.11
82.11
1302.53
1302.53
343.57
2451.89
817.79
817.79
594.75
594.75
2744.55
2744.55
2744.55
2744.55
651.05
651.05
1734.82
1734.82
383.46
383.46
788.30
788.30
2547.52
2547.52
1493.60
1493.60
2833.54
2833.54
2833.54
2833.54
2833.54
2833.54
2833.54
2833.54
2762.43
2762.43
765.00
765.00
2539.24
2539.24
2932.01
2932.01
1956.80
1956.80
12.61
12.61
14.56
14.56
2798.01
2798.01
2891.63
2891.63
13.71
13.71
584.98
584.98
1408.23
1408.23
113.69
113.69
2566.99
2566.99
99.83
99.83
53.96
53.96
53.96
28.00
28.00
564.03
564.03
564.03
34.41
34.41
1638.04
404.14
504.34
504.34
245.04
245.04
326.75
326.75
18.79
18.79
18.79
31.57
31.57
31.57
10.00
10.00
36.83
36.83
2648.45
2648.45
2596.33
2596.33
2596.33
322.43
322.43
322.43
2222.38
2222.38
187.57
187.57
187.57
83.04
83.04
83.04
200.90
200.90
651.17
26.25
341.25
463.17
31.23
31.23
31.23
10.00
10.00
10.00
10.00
10.00
10.00
10.00
10.00
1549.96
454.29
1554.79
1582.11
1582.11
28.38
28.38
67.52
67.52
1367.88
1367.88
703.78
703.78
383.96
383.96
22.56
22.56
22.56
22.56
25.41
25.41
729.10
729.10
428.69
428.69
60.04
60.04
67.82
67.82
67.82
188.04
188.04
188.04
188.04
32.61
32.61
32.61
20.17
65.56
65.56
644.68
644.68
50.33
50.32
50.32
50.42
50.42
627.02
627.02
42.87
1444.74
1444.74
760.58
10.00
10.00
10.00
10.00
1409.55
1409.55
1409.55
10.00
10.00
10.00
10.00
198.49
198.49
198.49
198.49
72.57
72.57
72.57
72.57
360.20
360.20
2049.58
2049.58
299.22
299.22
145.39
950.78
950.78
21.52
860.52
860.52
1269.94
2472.71
2472.71
1058.15
19.99
19.99
15.24
15.24
2646.73
1685.45
1685.45
2539.30
2539.30
2836.04
2836.04
2727.53
2727.53
2897.83
2897.83
2519.24
2519.24
1536.37
1536.37
1536.37
737.46
399.85
399.85
1561.00
1561.00
219.28
219.28
1222.09
1222.09
867.92
867.92
872.52
872.52
1179.67
1179.67
2726.30
2726.30
2787.18
2787.18
2745.87
2745.87
10.00
10.00
2888.46
2888.46
385.30
385.30
13.58
13.58
870.72
870.72
1923.69
1923.69
1923.69
1923.69
1714.90
1714.90
2782.15
2782.15
288.20
288.20
2861.56
2861.56
10.00
10.00
616.20
616.20
2423.26
2423.26
2423.26
2423.26
2752.37
2752.37
2714.72
2714.72
1813.79
1813.79
836.39
836.39
836.39
836.39
1614.20
1614.20
2841.07
2841.07
2850.63
2850.63
2210.84
2210.84
2714.27
2714.27
37.75
37.75
2915.99
2915.99
302.37
302.37
125.60
125.60
1013.87
1013.87
2156.32
2156.32
1452.08
1452.08
627.60
627.60
2711.66
2711.66
10.00
10.00
797.53
797.53
1383.94
1383.94
2551.65
2551.65
826.17
826.17
1384.53
1384.53
2701.82
2701.82
433.38
433.38
1014.72
1014.72
1014.72
503.39
503.39
503.39
71.83
71.83
746.08
746.08
1064.51
1064.51
10.00
10.00
318.78
318.78
318.78
12.52
12.52
48.81
48.81
48.81
14.23
14.23
14.23
1064.94
40.62
40.62
40.62
10.00
2494.97
1930.89
1930.89
2887.06
99.98
99.98
99.98
1217.93
1217.93
98.22
98.22
455.53
455.53
1693.93
1693.93
409.45
409.45
409.45
45.82
45.82
45.82
37.65
37.65
37.65
59.91
59.91
59.91
33.61
33.61
33.61
281.42
281.42
10.00
10.00
31.43
31.43
32.93
32.93
22.93
289.76
289.76
893.58
893.58
60.82
60.82
60.82
237.79
204.86
204.86
410.62
410.62
2613.76
2893.44
724.59
84.19
2896.31
2896.31
2899.77
2899.77
10.00
10.00
10.00
10.00
10.00
55.32
55.32
55.32
10.00
10.00
211.83
211.83
347.91
347.91
1278.61
1278.61
2447.42
2447.42
2447.42
10.00
10.00
315.47
315.47
20.98
20.70
20.70
2598.47
2598.47
1126.24
1126.24
1160.59
1160.59
212.02
212.02
2858.00
2858.00
2602.09
2602.09
384.81
384.81
10.00
10.00
10.00
133.18
133.18
133.18
133.18
17.99
17.99
17.99
55.29
55.29
55.29
55.29
65.53
65.53
65.53
103.08
103.08
103.08
566.80
566.80
566.80
36.91
36.91
29.15
29.15
479.29
1504.16
2173.52
2173.52
108.33
108.33
2404.88
1467.02
33.45
33.45
835.56
1441.17
1441.17
1441.17
67.41
67.41
85.39
85.39
40.56
40.56
1211.57
1211.57
18.45
18.45
10.00
10.00
38.80
38.80
38.80
10.00
10.00
10.00
10.00
10.00
10.00
10.00
21.23
21.23
21.23
106.02
13.32
13.32
89.34
89.34
404.33
404.33
32.56
169.93
922.19
922.19
14.21
461.42
461.42
92.21
462.15
2342.55
2342.55
705.99
705.99
25.13
25.13
1692.47
1692.47
438.79
438.79
10.00
10.00
384.09
384.09
26.58
26.58
35.20
35.20
1166.83
1166.83
43.57
43.57
197.58
197.58
43.10
43.10
43.10
111.45
111.45
111.45
24.49
1989.96
1989.96
10.00
1604.42
1604.42
365.41
365.41
46.85
46.85
865.78
865.78
1151.19
1151.19
2488.46
2488.46
2835.24
2835.24
17.98
17.98
376.84
376.84
104.29
104.29
2493.33
2493.33
1061.52
1061.52
198.01
198.01
1707.91
1707.91
405.73
405.73
25.66
25.66
2660.66
2660.66
2112.59
2112.59
2809.95
2809.95
1184.73
1184.73
2682.13
2682.13
2682.13
2682.13
2795.00
2795.00
2732.02
2732.02
2666.35
2666.35
417.19
417.19
2524.56
2524.56
2801.59
2801.59
2681.35
2681.35
2681.35
2681.35
369.81
369.81
19.25
19.25
2705.07
2705.07
1930.70
1930.70
2689.33
2689.33
2698.31
2698.31
20.02
20.02
2371.70
2371.70
2769.40
2769.40
2888.39
2888.39
1511.72
1511.72
635.58
635.58
2900.96
2900.96
10.00
10.00
2712.68
2712.68
2782.97
2782.97
2782.97
2782.97
2782.97
2782.97
2782.97
2782.97
2782.97
2782.97
1973.82
1973.82
2692.71
2692.71
2743.55
2743.55
2680.10
2680.10
2611.14
2611.14
10.00
10.00
2659.23
2659.23
1331.69
1331.69
2408.22
2408.22
174.31
174.31
84.25
84.25
1382.82
1382.82
1437.12
1437.12
10.00
10.00
84.48
84.48
2315.96
2315.96
2748.14
2748.14
1816.87
1816.87
1687.42
1687.42
2765.39
2765.39
2735.37
2735.37
2826.18
2826.18
1269.24
1269.24
2544.16
2544.16
2648.54
2648.54
2653.57
2653.57
2820.81
2820.81
2719.87
2719.87
2214.95
2214.95
920.77
920.77
10.00
10.00
518.08
518.08
105.94
105.94
19.79
19.79
2051.54
2051.54
583.31
583.31
44.75
44.75
12.89
12.89
2336.56
2336.56
2580.76
2580.76
2208.91
2208.91
1847.80
1847.80
12.79
12.79
10.00
10.00
2353.11
2353.11
2831.65
2831.65
2831.65
2831.65
10.00
10.00
10.00
10.00
10.00
10.00
10.00
10.00
48.33
48.33
48.33
2253.32
2253.32
1102.34
685.23
912.05
454.28
24.23
1107.24
1107.24
33.72
33.72
997.54
997.54
2035.63
2035.63
10.00
10.00
14.02
14.02
1869.69
1869.69
2329.79
2329.79
49.89
49.89
833.79
833.79
2311.33
2311.33
348.38
348.38
2781.59
2781.59
683.74
683.74
601.46
601.46
2727.43
2727.43
2220.57
2220.57
263.28
263.28
2064.53
2064.53
18.64
18.64
110.47
110.47
26.77
26.77
26.77
46.82
46.82
46.82
73.02
73.02
39.67
39.67
106.96
106.96
1217.18
1217.18
160.25
160.25
160.25
40.86
40.86
1061.68
1721.52
1721.52
253.46
982.10
982.10
1783.91
1783.91
24.44
365.11
365.11
815.78
815.78
1820.73
1820.73
329.61
329.61
387.07
387.07
847.37
847.37
847.37
566.72
566.72
566.72
10.00
10.00
58.36
1110.31
1110.31
10.00
10.00
1029.91
1029.91
832.81
10.00
10.00
10.00
10.00
18.42
18.42
28.77
28.77
489.68
489.68
969.74
969.74
969.74
22.77
22.77
255.21
255.21
487.38
487.38
487.38
267.44
267.44
267.44
468.50
468.50
468.50
468.50
18.98
18.98
18.98
2094.58
2094.58
2094.58
1122.77
1438.89
1438.89
97.77
492.20
2434.62
2434.62
924.80
924.80
2017.50
2017.50
384.31
384.31
384.31
384.31
384.31
247.32
247.32
247.32
54.98
54.98
54.98
457.43
457.43
457.43
36.95
147.43
147.43
19.49
19.49
45.38
349.85
349.85
194.31
194.31
103.69
103.69
187.87
187.87
2540.36
102.25
55.82
22.56
2770.53
2770.53
1631.69
1631.69
1631.69
12.69
12.69
12.69
596.66
596.66
596.66
20.77
20.77
20.77
37.33
37.33
37.33
37.33
45.00
45.00
45.00
10.00
38.73
38.73
10.00
10.00
110.15
18.64
130.30
130.30
59.82
59.82
64.63
64.63
64.63
64.63
64.63
114.33
114.33
114.33
614.03
614.03
766.29
766.29
766.29
1369.68
15.21
15.21
25.50
25.50
276.30
276.30
112.72
112.72
112.72
2553.06
1238.26
176.76
2071.51
2071.51
2744.40
2744.40
21.57
21.57
81.01
81.01
42.34
42.34
42.34
14.56
14.56
1699.01
73.07
73.07
437.00
437.00
2823.56
2823.56
558.75
558.75
558.75
558.75
740.60
740.60
740.60
10.00
10.00
10.00
690.51
690.51
38.19
38.19
37.49
37.49
10.00
10.00
28.34
1683.27
10.00
254.83
254.83
111.86
111.86
111.86
307.87
307.87
307.87
10.00
10.00
10.00
42.76
42.76
1465.88
1465.88
1465.88
72.20
72.20
130.59
92.21
92.21
1160.30
1160.30
15.74
15.74
468.08
468.08
438.96
438.96
210.98
210.98
1140.68
349.68
349.68
1762.64
1762.64
1762.64
183.53
1516.86
597.98
597.98
28.68
28.68
89.61
89.61
89.61
69.59
69.59
1326.43
1326.43
23.87
23.87
975.13
975.13
10.00
39.89
39.89
1350.61
1350.61
2861.63
2861.63
428.07
428.07
85.42
85.42
1564.04
1564.04
10.00
10.00
10.00
49.32
49.32
49.32
49.32
48.82
48.82
48.82
472.55
472.55
56.37
56.37
56.37
39.37
39.37
39.37
16.34
2274.75
2274.75
21.12
21.12
379.08
379.08
35.54
1246.07
363.15
758.52
841.38
841.38
10.00
10.00
529.22
529.22
529.22
529.22
26.67
26.67
26.67
26.67
117.01
117.01
782.22
782.22
10.00
10.00
1196.07
18.63
1231.40
615.15
1676.11
1676.11
1676.11
61.82
61.82
61.82
61.82
12.29
12.29
158.28
158.28
14.46
619.27
619.27
910.38
1734.63
1734.63
2143.41
2143.41
405.65
405.65
10.00
10.00
100.66
100.66
100.66
62.99
62.99
429.30
429.30
2805.47
2805.47
795.98
10.00
10.00
1285.15
1285.15
1942.56
1942.56
1942.56
1942.56
946.65
946.65
946.65
80.53
80.53
80.53
10.00
10.00
10.00
10.00
590.52
590.52
727.16
2051.93
1351.15
1351.15
390.52
390.52
1387.24
1387.24
1387.24
21.69
21.69
21.69
21.69
21.69
67.53
67.53
67.53
67.53
33.91
33.91
33.91
18.56
18.56
10.00
10.00
1769.85
1769.85
790.38
790.38
264.71
264.71
28.87
42.96
12.69
12.69
10.00
866.05
711.23
711.23
654.64
654.64
220.21
220.21
220.21
10.00
10.00
347.70
347.70
347.70
43.68
43.68
136.20
136.20
136.20
83.85
32.73
32.73
906.57
2724.81
2724.81
403.17
403.17
403.17
12.95
12.95
12.95
12.95
10.00
10.00
10.00
33.79
33.79
33.79
10.00
10.00
10.00
10.00
1220.71
1220.71
38.39
38.39
14.26
14.26
20.12
982.73
794.83
915.59
193.14
193.14
32.45
32.45
67.50
67.50
67.50
89.65
89.65
89.65
47.17
73.97
229.26
229.26
2168.27
2168.27
2168.27
10.00
10.00
10.00
143.99
143.99
648.08
401.46
412.65
1361.76
1361.76
2821.25
2821.25
2840.66
2840.66
2163.55
2163.55
2858.71
2858.71
366.97
366.97
366.97
49.04
49.04
357.35
357.35
41.38
41.38
10.00
10.00
1112.50
1112.50
314.08
314.08
35.01
13.99
13.99
13.99
65.25
65.25
65.25
65.25
65.25
10.00
10.00
10.00
78.17
592.22
592.22
14.83
53.84
1907.11
1907.11
13.40
95.12
1057.71
1057.71
1057.71
32.58
32.58
10.00
10.00
2199.52
2199.52
113.52
113.52
113.20
113.20
59.05
1325.14
1325.14
1325.14
372.88
372.88
2488.57
2488.57
14.30
14.30
245.10
245.10
484.34
484.34
59.72
59.72
18.89
18.89
792.42
792.42
26.08
26.08
70.81
70.81
70.81
10.00
10.00
10.00
10.00
70.76
70.76
70.76
40.32
74.24
86.40
86.40
86.40
10.00
10.00
10.00
10.00
20.04
20.04
20.04
2513.04
1321.35
671.71
671.71
1385.14
1385.14
1385.14
1385.14
1403.56
1403.56
2733.46
2733.46
2733.46
2733.46
2733.46
2733.46
2733.46
2733.46
2733.46
2733.46
2733.46
2733.46
129.87
129.87
56.51
56.51
2983.23
2983.23
10.00
10.00
1252.48
1252.48
1562.48
1562.48
2020.28
2020.28
2362.81
2362.81
576.06
576.06
100.71
100.71
100.71
49.81
49.81
45.20
45.20
45.20
19.54
19.54
13.86
1036.21
778.57
778.57
80.75
80.75
2054.68
2054.68
1437.72
1437.72
1062.01
1062.01
1062.01
10.00
10.00
65.39
65.39
36.17
36.17
14.94
10.00
10.00
10.00
74.76
74.76
42.98
42.98
42.98
54.12
54.12
54.12
14.15
14.15
14.15
45.01
45.01
37.06
37.06
2807.35
2462.34
1842.43
222.78
222.78
35.99
1000.89
1000.89
14.61
14.61
1135.31
1135.31
1390.91
1390.91
1157.62
1157.62
547.22
547.22
1035.61
1035.61
748.56
748.56
2670.44
2670.44
385.07
385.07
25.40
25.40
920.68
920.68
21.36
21.36
21.36
21.36
60.90
60.90
60.90
72.96
72.96
72.96
79.98
79.98
601.56
601.56
21.71
20.07
20.07
33.16
187.13
968.44
968.44
143.27
143.27
24.78
24.78
1165.77
1165.77
10.00
10.00
296.99
296.99
178.07
178.07
1168.08
1168.08
1168.08
10.00
10.00
233.00
233.00
97.84
97.84
1312.51
1312.51
1312.51
79.21
79.21
79.21
79.21
53.88
53.88
56.83
56.83
56.83
465.65
465.65
30.94
137.03
19.81
19.81
2924.27
2924.27
876.55
876.55
226.26
226.26
440.25
440.25
2637.42
2637.42
2688.75
2688.75
2890.00
2890.00
2890.00
2890.00
2890.00
10.00
10.00
10.00
10.00
20.41
2189.25
1425.15
2643.05
1020.69
1106.90
1106.90
1910.06
1910.06
374.92
374.92
10.00
10.00
10.00
10.00
30.94
30.94
30.94
30.94
619.12
619.12
619.12
685.63
685.63
859.17
414.98
1303.99
1303.99
1239.48
10.00
2194.61
250.06
250.06
250.06
853.03
853.03
12.97
12.97
53.31
2804.02
2804.02
1336.93
1336.93
2721.54
2721.54
2707.36
2707.36
2658.74
2658.74
1168.40
1168.40
10.00
10.00
10.00
57.23
57.23
57.23
57.23
1396.20
1396.20
1396.20
10.00
892.38
892.38
2698.43
1016.99
2580.26
2907.43
2907.43
1131.18
1131.18
1255.51
1255.51
1935.57
1935.57
1935.57
18.89
18.89
18.89
74.15
74.15
1476.46
1476.46
420.27
420.27
2493.95
2493.95
2964.93
2964.93
14.91
14.91
185.84
185.84
185.84
185.84
10.00
10.00
10.00
10.00
412.46
412.46
412.46
10.00
10.00
1669.00
1669.00
1776.86
2532.86
491.33
10.00
10.00
13.08
13.08
1318.97
1318.97
1318.97
1318.97
1318.97
10.00
10.00
10.00
10.00
10.00
10.00
829.44
829.44
829.44
2863.07
744.79
561.38
1856.63
1856.63
91.57
91.57
91.57
91.57
254.81
254.81
254.81
459.34
459.34
459.34
62.75
211.10
211.10
30.46
30.46
677.16
50.99
1828.51
393.05
393.05
10.00
1307.37
1307.37
2188.32
2188.32
39.46
39.46
1037.18
1037.18
1037.18
12.73
12.73
569.02
569.02
638.58
1684.96
1684.96
872.57
872.57
73.23
73.23
725.00
725.00
22.15
22.15
1521.64
1521.64
43.07
43.07
1025.83
1025.83
12.49
12.49
90.20
90.20
90.20
1327.43
14.16
14.16
1176.05
1176.05
1176.05
10.00
10.00
1122.52
1122.52
1625.64
18.11
18.11
698.70
698.70
1064.09
1064.09
19.76
19.76
396.38
396.38
119.47
119.47
119.47
170.34
170.34
170.34
10.00
10.00
10.00
32.30
32.30
32.30
10.00
10.00
33.22
33.22
24.54
356.30
356.30
1078.43
354.49
354.49
749.07
749.07
129.50
129.50
13.40
13.40
1081.87
1081.87
405.37
405.37
405.37
10.00
10.00
26.14
26.14
26.14
576.01
35.76
35.76
620.89
1142.89
1142.89
2727.41
2727.41
808.19
808.19
235.92
235.92
401.24
401.24
27.75
27.75
1247.64
1247.64
1247.64
10.00
10.00
10.00
15.98
39.41
39.41
576.46
576.46
1429.45
1429.45
1330.32
399.26
399.26
10.00
10.00
95.39
95.39
12.66
12.66
371.23
371.23
2523.28
2523.28
2582.36
2582.36
1868.66
1868.66
678.18
678.18
2237.01
2237.01
2515.54
2515.54
13.70
13.70
315.06
315.06
914.67
914.67
2915.86
2915.86
384.28
384.28
2603.02
2603.02
511.10
511.10
2731.89
2731.89
2361.51
2361.51
1562.52
1562.52
10.00
10.00
1333.61
1333.61
2152.09
2152.09
862.81
862.81
10.00
10.00
10.00
10.00
2566.35
2566.35
2936.20
2936.20
2239.10
2239.10
2239.10
2239.10
2239.10
2239.10
12.30
12.30
19.33
19.33
2913.61
2913.61
2901.95
2901.95
2905.92
2905.92
2700.82
2700.82
666.28
666.28
2828.02
2828.02
2630.13
2630.13
2914.69
2914.69
454.50
454.50
13.22
13.22
116.65
116.65
1498.15
1498.15
1309.79
1309.79
2573.21
2573.21
2573.21
2573.21
2414.44
2414.44
10.00
10.00
1374.24
1374.24
1374.24
1374.24
1430.79
1430.79
1525.41
1525.41
2708.11
2708.11
2708.11
2708.11
2875.01
2875.01
1959.98
1959.98
2856.90
2856.90
2856.90
2856.90
2856.90
2856.90
114.55
114.55
574.47
574.47
574.47
574.47
2531.04
2531.04
35.52
35.52
909.28
909.28
1090.27
1090.27
10.00
10.00
1063.03
1063.03
1096.52
1096.52
2549.17
2549.17
2938.43
2938.43
53.39
53.39
418.40
418.40
2654.98
2654.98
898.20
898.20
138.35
138.35
138.35
35.95
35.95
605.70
605.70
605.70
10.00
10.00
894.31
894.31
10.00
28.73
28.73
18.63
2422.64
2422.64
2791.16
2791.16
2915.34
2915.34
1223.83
1223.83
1965.16
1965.16
65.38
65.38
65.38
400.96
400.96
617.81
617.81
2491.27
10.00
10.00
2443.86
2443.86
738.18
738.18
40.63
40.63
131.25
131.25
75.97
75.97
1134.37
1134.37
153.81
153.81
1086.34
1086.34
2892.63
2892.63
2916.08
2916.08
383.50
383.50
72.27
72.27
385.27
385.27
35.70
35.70
24.48
24.48
1329.51
1329.51
14.64
14.64
1480.79
1480.79
1181.11
1181.11
36.80
36.80
2664.78
2664.78
2654.42
2654.42
1669.87
1669.87
30.23
30.23
1056.95
1056.95
421.79
421.79
2842.15
2842.15
1188.49
1188.49
776.95
776.95
2581.27
2581.27
245.12
245.12
1026.22
1026.22
13.92
13.92
759.90
759.90
2681.65
2681.65
13.92
13.92
1365.02
1365.02
325.56
325.56
2133.25
2133.25
1176.57
1176.57
2636.76
2636.76
1295.75
1295.75
2108.95
2108.95
40.02
40.02
683.11
683.11
645.82
645.82
385.95
385.95
10.00
10.00
2428.72
2428.72
212.71
212.71
12.21
12.21
73.52
73.52
43.41
43.41
1411.26
1411.26
1411.26
1411.26
1411.26
1411.26
2850.58
2850.58
22.02
22.02
10.00
10.00
1257.11
1257.11
391.81
391.81
2380.43
2380.43
2799.65
2799.65
2871.17
2871.17
37.29
37.29
1356.22
1356.22
14.80
14.80
10.00
10.00
1737.19
1737.19
1737.19
1737.19
1737.19
1737.19
2545.14
2545.14
2851.64
2851.64
1095.71
1095.71
235.21
235.21
408.84
408.84
2812.88
2812.88
2681.44
2681.44
13.89
13.89
1864.29
1864.29
2703.46
2703.46
10.00
10.00
382.57
382.57
2405.09
2405.09
2405.09
2405.09
2795.40
2795.40
10.00
10.00
429.16
429.16
2530.44
2530.44
397.52
397.52
1027.89
1027.89
1967.12
1967.12
1181.06
1181.06
2157.78
2157.78
384.28
384.28
10.00
10.00
377.64
377.64
1237.20
1237.20
2869.88
2869.88
2820.59
2820.59
2899.06
2899.06
494.52
494.52
38.24
38.24
21.21
21.21
20.92
20.92
1170.50
1170.50
1170.50
1443.58
1443.58
1582.76
1582.76
1238.33
1238.33
387.31
387.31
1401.15
58.68
58.68
1629.70
1629.70
2127.85
2127.85
1144.30
1144.30
1317.43
1317.43
30.29
30.29
2628.13
2628.13
1864.47
1864.47
14.04
14.04
397.63
397.63
397.63
14.41
1167.54
1167.54
1570.25
1570.25
25.88
25.88
10.00
10.00
2291.07
2291.07
377.07
377.07
10.00
10.00
10.00
10.00
10.00
10.00
10.00
10.00
56.33
56.33
805.69
805.69
1257.88
28.70
28.70
43.40
43.40
43.40
804.69
804.69
26.90
26.90
1456.21
1456.21
1488.80
737.45
10.00
10.00
356.96
29.91
29.91
105.62
105.62
105.62
62.29
62.29
275.44
374.17
374.17
488.51
488.51
488.51
349.26
349.26
107.31
107.31
107.31
371.94
371.94
371.94
128.29
128.29
286.87
64.82
64.82
106.16
32.52
752.97
752.97
752.97
65.14
65.14
554.88
531.30
531.30
531.30
13.44
13.44
164.56
94.58
94.58
94.58
211.50
211.50
211.50
10.00
10.00
10.00
242.05
242.05
242.05
10.00
708.07
708.07
150.10
150.10
73.99
73.99
35.29
35.29
39.31
39.31
39.31
13.65
13.65
39.31
39.31
44.41
44.41
1135.56
1135.56
1135.56
18.27
18.27
10.00
10.00
137.47
137.47
32.57
250.16
250.16
250.16
41.07
41.07
1703.98
2536.52
2536.52
2536.52
10.00
10.00
10.00
40.60
40.60
40.60
40.60
33.42
33.42
10.00
10.00
1880.63
1880.63
10.00
258.49
87.67
190.52
239.33
239.33
13.74
13.74
13.74
408.46
408.46
408.46
408.46
93.57
93.57
57.35
935.67
1674.61
296.26
296.26
2678.64
2678.64
383.21
383.21
349.85
349.85
39.71
39.71
39.71
39.71
39.71
63.57
63.57
63.57
244.86
244.86
244.86
244.86
743.46
941.43
941.43
507.20
507.20
81.36
81.36
52.47
52.47
136.29
27.48
1751.76
1751.76
1305.62
1466.60
1466.60
808.00
808.00
14.09
14.09
495.21
495.21
393.14
393.14
1033.57
1033.57
2785.24
2785.24
2878.40
2878.40
2782.45
2782.45
2838.92
2838.92
2876.08
2876.08
2452.57
2452.57
10.00
10.00
2457.38
2457.38
2457.38
2457.38
2457.38
2457.38
381.54
381.54
2301.23
2301.23
103.90
103.90
1636.80
1636.80
1001.88
1001.88
384.84
384.84
1184.73
1184.73
2519.60
2519.60
330.62
330.62
61.95
61.95
1226.56
1226.56
1017.39
1017.39
2813.76
2813.76
421.30
421.30
12.23
12.23
827.99
827.99
2151.57
2151.57
503.70
503.70
39.26
39.26
20.94
20.94
2463.40
2463.40
2553.89
2553.89
10.00
10.00
10.00
10.00
183.60
183.60
183.60
183.60
183.60
10.00
10.00
2201.10
446.22
446.22
598.77
598.77
2207.51
2207.51
2839.31
2839.31
2712.99
2712.99
642.46
642.46
10.00
10.00
513.53
513.53
621.43
621.43
2370.87
2370.87
2711.34
2711.34
2711.34
2711.34
2884.97
2884.97
383.61
383.61
2750.88
2750.88
2681.02
2681.02
2899.58
2899.58
2899.58
2899.58
2465.50
2465.50
2819.34
2819.34
2957.23
2957.23
10.00
10.00
601.03
601.03
2740.56
2740.56
2956.98
2956.98
394.98
394.98
2910.61
2910.61
179.56
179.56
47.18
47.18
47.18
58.37
58.37
58.37
35.41
35.41
403.17
2943.37
852.12
852.12
1790.80
1790.80
10.00
10.00
1179.33
1179.33
2568.61
2568.61
24.75
24.75
164.20
164.20
10.00
10.00
22.79
22.79
478.87
478.87
599.33
599.33
386.26
386.26
36.23
36.23
36.23
1420.09
1420.09
771.91
771.91
258.89
258.89
10.00
10.00
10.00
14.70
14.70
14.70
355.42
1013.81
1013.81
24.94
24.94
1366.43
1366.43
38.88
1845.26
29.05
29.05
29.05
13.62
13.62
13.62
401.36
401.36
36.56
36.56
19.58
19.58
1205.34
1205.34
1205.34
72.91
72.91
72.91
41.73
41.73
41.73
16.13
16.13
1097.62
138.34
138.34
374.79
10.00
2583.31
21.77
20.28
20.28
397.39
397.39
1866.68
1866.68
2765.81
2765.81
1784.92
1784.92
21.82
21.82
608.10
608.10
48.54
48.54
528.97
528.97
1333.62
1333.62
1333.62
10.00
10.00
135.15
135.15
19.13
10.00
10.00
1134.27
1134.27
879.87
879.87
310.29
310.29
10.00
10.00
10.00
33.99
33.99
33.99
24.37
24.37
24.37
1015.04
1015.04
149.82
149.82
13.73
2091.66
2091.66
384.11
384.11
2189.24
2189.24
1166.52
1166.52
146.69
146.69
403.73
403.73
80.95
80.95
80.95
16.27
16.27
16.27
276.98
331.00
331.00
36.05
36.05
114.01
114.01
105.53
105.53
807.08
807.08
807.08
506.94
158.25
158.25
158.25
21.96
93.71
93.71
669.74
116.25
116.25
54.87
54.87
407.38
407.38
722.37
722.37
698.51
698.51
772.88
772.88
275.96
275.96
275.96
70.70
70.70
277.01
277.01
70.93
650.81
650.81
10.00
10.00
1156.32
1156.32
1224.19
1224.19
372.34
372.34
10.00
10.00
2185.20
2185.20
10.00
10.00
30.32
30.32
776.66
776.66
374.49
374.49
477.13
477.13
477.13
477.13
88.58
88.58
88.58
88.58
323.80
323.80
13.59
13.59
616.91
616.91
57.81
57.81
43.26
43.26
37.93
37.93
51.14
51.14
51.14
301.46
301.46
99.43
99.43
656.82
25.45
25.45
944.34
944.34
1602.94
1360.41
87.55
87.55
1562.45
1562.45
1234.30
1234.30
1806.99
1806.99
10.00
10.00
10.00
81.52
81.52
97.00
97.00
97.00
146.46
1412.17
1412.17
1715.27
1715.27
684.54
474.46
474.46
10.00
10.00
245.46
245.46
10.00
10.00
16.13
16.13
252.76
252.76
1530.04
1530.04
2132.19
2132.19
427.26
427.26
10.00
10.00
1409.11
1409.11
1409.11
18.62
18.62
18.62
10.00
28.67
47.65
47.65
47.65
439.04
439.04
439.04
94.45
570.12
261.96
261.96
1088.50
1088.50
2049.26
2049.26
14.48
14.48
1074.76
1074.76
1878.55
1878.55
2503.57
2503.57
2625.07
2625.07
2422.16
2422.16
10.00
10.00
1230.60
1230.60
2446.55
2446.55
592.87
592.87
2915.64
2915.64
2906.70
2906.70
2919.02
2919.02
2630.89
2630.89
741.30
741.30
16.29
16.29
13.42
13.42
13.42
13.42
10.00
10.00
704.87
704.87
30.11
30.11
21.20
21.20
48.88
48.88
14.59
14.59
14.59
736.93
977.76
977.76
14.68
10.00
10.00
73.06
73.06
73.06
30.28
30.28
10.00
10.00
10.00
10.00
547.71
547.71
2439.91
307.37
10.00
1546.34
622.47
622.47
2849.05
2849.05
168.20
168.20
10.00
10.00
926.57
926.57
35.99
35.99
35.99
35.99
19.20
19.20
19.20
219.73
219.73
318.82
318.82
20.30
37.59
2258.64
631.93
631.93
116.55
116.55
116.55
358.61
358.61
179.75
179.75
179.75
743.73
472.96
472.96
472.96
20.48
246.43
246.43
246.43
98.06
98.06
844.29
844.29
844.29
844.29
10.00
10.00
10.00
10.00
424.62
424.62
424.62
401.30
401.30
10.00
10.00
284.34
439.49
62.53
62.53
50.93
137.69
70.43
70.43
2552.22
1490.14
1490.14
443.48
443.48
619.99
619.99
644.07
644.07
2882.82
2882.82
2882.82
10.00
10.00
10.00
37.69
37.69
32.92
32.92
32.92
149.16
149.16
10.00
10.00
17.67
17.67
691.22
48.46
2847.68
100.98
100.98
819.68
819.68
702.51
702.51
702.51
10.95
10.95
10.95
30.95
30.95
42.65
42.65
399.10
399.10
399.10
10.00
10.00
10.00
44.64
44.64
43.11
43.11
10.00
10.00
45.98
45.98
45.98
45.98
10.00
66.97
22.13
22.13
18.60
18.60
18.60
10.00
534.48
534.48
28.29
65.67
65.67
80.50
604.43
604.43
10.00
10.00
153.39
153.39
105.35
105.35
13.08
95.89
95.89
621.22
621.22
621.22
621.22
81.69
81.69
81.69
81.69
149.99
149.99
149.99
121.50
121.50
420.88
420.88
420.88
121.72
121.72
171.05
171.05
10.00
10.00
10.00
10.00
10.00
10.00
10.00
48.44
48.44
48.44
89.58
89.58
89.58
10.00
742.26
742.26
10.00
1116.53
121.62
121.62
22.74
10.00
178.40
178.40
22.50
1839.91
812.73
811.25
10.00
1346.71
1346.71
1107.22
1107.22
20.26
20.26
672.36
672.36
20.42
20.42
441.89
441.89
10.00
10.00
10.00
10.00
10.00
28.62
28.62
28.62
28.62
12.96
12.96
495.67
521.72
1672.66
1672.66
1160.21
351.36
351.36
351.36
20.62
20.62
20.62
124.41
124.41
1331.05
1331.05
12.68
12.68
39.52
39.52
463.86
463.86
22.24
22.24
1306.16
521.34
398.15
398.15
1957.02
1957.02
677.79
677.79
648.67
648.67
792.14
792.14
426.34
426.34
2949.44
2949.44
2843.88
2843.88
285.82
285.82
285.82
64.56
64.56
64.56
56.57
56.57
56.57
49.04
49.04
111.60
111.60
111.60
10.00
10.00
373.93
373.93
10.00
2198.60
2198.60
12.81
1162.19
1162.19
1162.19
163.89
163.89
981.05
1931.82
1931.82
18.50
18.50
18.50
843.93
843.93
34.34
34.34
879.16
879.16
56.57
56.57
21.38
21.38
10.00
10.00
81.54
81.54
2242.50
2242.50
730.82
730.82
945.42
945.42
10.00
10.00
13.52
13.52
13.52
326.66
326.66
18.62
18.62
18.62
18.62
25.91
25.91
25.91
421.05
421.05
421.05
421.05
155.04
155.04
13.72
10.00
10.00
360.98
27.13
27.13
27.13
10.00
31.15
55.51
40.31
33.59
33.59
10.00
10.00
275.95
275.95
56.05
56.05
56.05
339.84
339.84
10.00
10.00
973.30
19.99
19.99
10.00
10.00
1031.93
1031.93
822.84
31.93
31.93
357.73
357.73
10.00
10.00
1379.51
1379.51
537.33
537.33
101.88
101.88
940.41
940.41
433.84
433.84
1956.75
1956.75
105.63
105.63
168.21
168.21
796.14
796.14
2931.77
2931.77
10.00
10.00
382.92
382.92
607.12
607.12
23.93
23.93
23.93
40.64
40.64
40.64
866.20
866.20
35.84
35.84
10.00
17.35
17.35
584.75
584.75
584.75
101.54
684.24
684.24
37.36
439.87
439.87
439.87
10.00
715.78
715.78
570.54
570.54
55.66
55.66
384.98
384.98
2785.66
2785.66
13.86
13.86
40.74
40.74
1062.37
1062.37
24.98
24.98
24.98
20.65
20.65
20.65
1361.21
1042.01
40.49
40.49
2019.19
2019.19
747.51
747.51
2481.75
2481.75
113.20
113.20
10.00
10.00
1317.90
1317.90
1167.53
1167.53
855.88
855.88
17.98
17.98
423.70
423.70
37.09
37.09
37.09
10.00
10.00
10.00
10.00
10.00
49.80
17.39
28.16
28.16
18.88
18.88
10.00
10.00
1880.80
1880.80
156.99
156.99
1066.41
1066.41
1169.44
1169.44
130.06
130.06
1171.17
1171.17
1086.68
1086.68
2422.85
2422.85
387.86
387.86
10.00
10.00
561.55
561.55
541.80
541.80
722.32
722.32
10.00
10.00
10.00
10.00
1145.44
1145.44
219.27
219.27
32.53
32.53
18.97
18.97
2652.46
2652.46
383.35
383.35
10.00
10.00
646.97
646.97
1489.21
1489.21
517.59
517.59
175.47
175.47
1925.42
1925.42
786.76
786.76
29.18
29.18
10.00
10.00
10.00
1467.42
1467.42
1467.42
32.47
32.47
19.65
19.65
535.93
535.93
2182.83
2182.83
298.99
298.99
298.99
298.99
103.96
103.96
103.96
103.96
10.00
10.00
10.00
129.52
129.52
24.38
24.38
1452.96
1452.96
20.41
1223.00
1223.00
398.85
398.85
941.06
941.06
32.38
32.38
1587.56
1587.56
1587.56
52.48
52.48
52.48
37.84
37.84
72.34
72.34
35.02
35.02
2669.24
2832.36
43.46
43.46
1884.81
1884.81
568.49
568.49
14.95
14.95
1051.05
1051.05
1051.05
12.53
12.53
12.53
52.91
52.91
52.91
268.15
268.15
268.15
44.09
44.09
57.17
57.17
57.17
35.31
35.31
35.31
15.99
15.99
421.97
421.97
20.89
650.94
21.86
1039.94
606.83
606.83
159.01
2056.12
31.79
31.79
457.15
457.15
457.15
457.15
257.72
257.72
257.72
18.84
18.84
18.84
18.84
325.53
325.53
325.53
416.72
1285.22
1285.22
89.11
34.48
545.55
995.08
2875.44
2875.44
192.89
2884.64
2884.64
1275.18
1275.18
125.56
125.56
1456.16
1456.16
13.27
13.27
13.27
583.10
73.38
73.38
2908.38
2908.38
2723.34
2723.34
2706.54
2706.54
2735.94
2735.94
1435.07
1435.07
2860.31
2860.31
2843.01
2843.01
2303.23
2303.23
441.82
441.82
2785.93
2785.93
1209.69
1209.69
2487.92
2487.92
2564.33
2564.33
10.00
10.00
579.65
579.65
474.48
474.48
474.48
403.04
403.04
10.00
10.00
10.00
644.23
31.26
530.34
530.34
43.94
43.94
913.19
913.19
1539.03
1539.03
332.16
332.16
2734.20
2734.20
2714.24
2714.24
1594.48
1594.48
2670.96
2670.96
25.13
25.13
37.14
37.14
37.14
45.82
45.82
65.81
65.81
10.00
21.84
21.84
21.84
18.41
10.00
10.00
387.04
387.04
1361.90
1361.90
426.11
426.11
2899.06
2899.06
2487.52
2487.52
2738.95
2738.95
457.07
457.07
2747.47
2747.47
954.60
954.60
2666.92
2666.92
2666.92
2666.92
2666.92
2666.92
439.86
439.86
2908.24
2908.24
1925.30
1925.30
2955.55
2955.55
2689.63
2689.63
2939.37
2939.37
2939.37
2939.37
2939.37
2939.37
10.00
10.00
2878.24
2878.24
1217.72
1217.72
2594.75
2594.75
937.12
937.12
966.50
966.50
2766.00
2766.00
14.56
14.56
2578.61
2578.61
827.66
827.66
28.60
28.60
10.00
10.00
2360.15
2360.15
2408.22
2408.22
2882.16
2882.16
2882.16
2882.16
2765.04
2765.04
2765.04
2765.04
2669.38
2669.38
2398.51
2398.51
2733.08
2733.08
1091.37
1091.37
1861.26
1861.26
2832.97
2832.97
2601.66
2601.66
1729.86
1729.86
2436.00
2436.00
2432.89
2432.89
591.86
591.86
1847.04
1847.04
2953.21
2953.21
2546.14
2546.14
77.82
77.82
1205.12
1205.12
14.01
14.01
2438.00
2438.00
2438.00
217.85
217.85
217.85
92.80
92.80
92.80
104.58
1622.86
1622.86
1622.86
10.00
10.00
10.00
855.06
855.06
855.06
65.52
65.52
1661.27
588.85
150.91
150.91
150.91
185.68
185.68
185.68
23.62
23.62
23.62
40.80
40.80
40.80
10.00
10.00
10.00
66.73
31.57
31.57
636.09
636.09
636.09
2470.18
490.27
490.27
54.99
37.00
37.00
835.91
835.91
860.72
860.72
386.34
1577.71
969.37
1784.73
2203.96
2203.96
14.48
14.48
2704.01
2704.01
28.20
28.20
28.20
51.31
51.31
51.31
10.00
10.00
10.00
10.00
10.00
128.53
128.53
128.53
10.00
10.00
10.00
10.00
10.00
32.59
32.59
125.91
67.62
10.00
10.00
10.00
10.00
10.00
28.42
28.42
28.42
10.00
10.00
1829.18
1829.18
948.46
697.17
898.72
1408.41
1408.41
356.02
356.02
1353.04
1353.04
21.47
21.47
21.47
21.47
48.66
48.66
48.90
48.90
853.08
853.08
815.36
815.36
427.23
427.23
271.69
271.69
1975.78
1975.78
1975.78
1975.78
10.00
10.00
10.00
118.71
118.71
118.71
464.68
464.68
464.68
1507.15
1722.03
27.07
37.43
1868.97
1868.97
1868.97
10.00
10.00
634.60
634.60
546.69
546.69
765.66
765.66
317.82
317.82
606.14
606.14
21.52
21.52
21.52
21.52
21.52
21.52
21.52
18.31
18.31
18.31
40.33
40.33
40.33
656.18
656.18
14.79
1568.14
2785.09
1001.25
97.64
2816.16
2816.16
10.00
10.00
12.37
12.37
2837.85
2837.85
13.83
13.83
13.83
373.39
373.39
373.39
18.59
18.59
10.00
130.53
130.53
130.53
130.53
10.00
10.00
1904.34
1904.34
1904.34
27.07
27.07
10.00
10.00
10.00
27.34
653.55
653.55
411.24
394.95
645.13
645.13
162.55
162.55
599.75
599.75
249.13
249.13
589.61
589.61
626.68
626.68
10.00
10.00
128.88
128.88
128.88
128.88
128.88
128.88
10.00
10.00
10.00
10.00
10.00
10.00
10.00
10.00
10.00
302.93
302.93
302.93
1411.20
1642.37
19.16
209.67
52.63
52.63
760.08
760.08
332.78
332.78
332.78
332.78
28.82
28.82
28.82
10.00
10.00
50.57
50.57
34.16
221.49
1017.43
1017.43
10.00
10.00
125.23
52.19
52.19
52.19
690.09
690.09
56.86
56.86
56.86
10.00
10.00
41.06
41.06
29.27
62.93
62.93
62.93
216.17
216.17
218.76
218.76
21.09
21.09
401.37
10.00
25.38
126.90
126.90
126.90
26.74
26.74
113.98
113.98
412.78
412.78
10.00
10.00
2046.48
746.37
949.43
949.43
1083.21
1083.21
2127.77
2127.77
2127.77
842.80
842.80
842.80
284.78
284.78
284.78
284.78
869.78
869.78
869.78
859.77
859.77
966.44
37.15
37.15
48.19
946.16
946.16
90.22
118.57
118.57
840.83
840.83
840.83
186.27
186.27
605.96
480.98
480.98
1701.23
194.14
2616.31
2616.31
1914.33
1914.33
1914.33
1914.33
40.32
40.32
40.32
20.52
20.52
20.52
104.93
104.93
154.52
2295.93
2295.93
1473.43
507.77
49.11
49.11
49.11
52.82
52.82
41.52
41.52
1429.61
445.21
1075.91
1075.91
1824.67
1824.67
2580.35
2580.35
12.57
12.57
2952.88
2952.88
2620.89
2620.89
928.14
928.14
398.44
398.44
836.48
836.48
836.48
26.20
26.20
118.08
118.08
10.00
10.00
10.00
10.00
119.67
119.67
119.67
211.42
211.42
211.42
211.42
2590.22
92.80
1593.02
1336.99
1336.99
101.80
101.80
101.80
101.80
13.27
53.07
53.07
193.47
193.47
193.47
193.47
11.84
11.84
653.35
653.35
24.63
24.63
24.63
10.26
11.25
550.93
550.93
80.36
815.17
1747.69
1747.69
563.69
563.69
418.69
418.69
418.69
252.54
252.54
784.67
784.67
826.00
135.36
135.36
135.36
345.30
739.28
739.28
14.01
14.01
1011.14
1011.14
1011.14
40.12
40.12
348.71
348.71
348.71
160.56
1320.28
2151.96
2151.96
444.12
444.12
2147.88
2147.88
14.01
14.01
14.01
168.36
168.36
168.36
182.35
182.35
55.72
310.83
310.83
29.13
29.13
663.94
663.94
663.94
10.00
1241.50
81.48
81.48
311.45
311.45
15.99
15.99
10.00
10.00
88.62
88.62
88.62
88.62
88.62
10.00
10.00
10.00
10.00
10.00
10.00
10.00
10.00
10.00
10.00
10.00
10.00
10.00
10.00
10.51
10.51
10.00
10.00
10.00
34.46
12.10
12.10
90.68
89.76
89.76
89.76
89.76
10.00
10.00
10.00
10.00
10.00
10.00
16.00
337.53
337.53
36.52
36.52
102.57
102.57
13.61
13.61
13.61
145.66
122.84
122.84
18.61
18.61
19.01
45.27
45.27
1320.98
1320.98
1320.98
537.35
537.35
603.23
946.48
946.48
946.48
809.23
809.23
809.23
482.53
482.53
433.29
824.23
126.13
126.13
43.08
43.08
41.00
1575.54
490.79
490.79
693.64
693.64
13.20
13.20
146.39
146.39
368.87
368.87
21.28
21.28
292.41
292.41
1832.47
1832.47
71.83
71.83
12.52
12.52
599.59
599.59
20.08
20.08
1930.23
1930.23
2607.23
2607.23
399.45
399.45
22.32
22.32
565.98
565.98
1723.31
1723.31
535.26
535.26
527.54
527.54
10.00
10.00
10.00
31.29
2941.96
2941.96
250.38
250.38
10.00
10.00
1625.41
1625.41
1172.56
1172.56
105.47
105.47
1371.95
1371.95
1300.60
1300.60
1300.60
1300.60
62.83
62.83
105.44
105.44
105.44
105.44
36.93
36.93
13.63
13.63
10.00
10.00
10.00
178.45
585.10
585.10
585.10
266.98
55.78
951.10
367.78
367.78
1619.76
1619.76
1877.23
1877.23
13.17
13.17
13.17
13.17
24.11
24.11
24.11
19.65
19.65
19.65
10.00
10.00
10.00
10.00
96.41
96.41
73.71
73.71
79.49
79.49
57.66
57.66
12.24
12.24
34.39
34.39
1471.40
1471.40
18.47
18.47
73.39
73.39
189.89
189.89
101.83
101.83
352.10
352.10
352.10
57.06
57.06
168.90
168.90
14.38
705.46
705.46
317.00
317.00
129.71
129.71
1211.89
1211.89
34.44
94.48
94.48
48.68
48.68
93.00
93.00
626.46
626.46
68.25
68.25
79.04
79.04
20.76
20.76
409.21
409.21
409.21
10.00
10.00
700.42
700.42
700.42
26.09
718.49
718.49
718.49
1423.03
259.06
153.85
1055.33
1055.33
18.64
18.64
572.91
572.91
885.06
863.93
2584.48
2584.48
2594.79
2594.79
2831.61
2831.61
264.39
264.39
2713.86
2713.86
1473.43
1473.43
1473.43
1473.43
1473.43
1473.43
32.41
32.41
2612.66
2612.66
988.00
988.00
1341.70
1341.70
2466.74
2466.74
1268.95
1268.95
1168.80
1168.80
2525.94
2525.94
2907.76
2907.76
2973.17
2973.17
2973.17
2973.17
2973.17
2973.17
12.79
12.79
2923.81
2923.81
2872.85
2872.85
2872.85
2872.85
2734.40
2734.40
2762.24
2762.24
2925.66
2925.66
2614.64
2614.64
2757.79
2757.79
2757.79
2757.79
2757.79
2757.79
2928.33
2928.33
2956.89
2956.89
2868.76
2868.76
2812.15
2812.15
2912.24
2912.24
2845.91
2845.91
681.11
681.11
858.63
858.63
458.42
458.42
1472.38
1472.38
2538.78
2538.78
2586.55
2586.55
1063.11
1063.11
1908.39
1908.39
1282.02
1282.02
2899.12
2899.12
2948.86
2948.86
2916.48
2916.48
2916.48
2916.48
2773.59
2773.59
2892.86
2892.86
663.61
663.61
13.21
13.21
309.99
309.99
2335.54
2335.54
10.00
10.00
2480.30
2480.30
1923.49
1923.49
300.70
300.70
2073.89
2073.89
2730.21
2730.21
2925.23
2925.23
2925.23
2925.23
2925.23
2925.23
2925.23
2925.23
2925.23
2925.23
2925.23
2925.23
2137.58
2137.58
2646.79
2646.79
2924.00
2924.00
2858.56
2858.56
1299.11
1299.11
352.96
352.96
2905.32
2905.32
2624.90
2624.90
2860.65
2860.65
2514.43
2514.43
2437.91
2437.91
2946.35
2946.35
1826.72
1826.72
12.46
12.46
12.48
12.48
2245.59
2245.59
675.26
675.26
2751.03
2751.03
10.00
10.00
94.63
94.63
320.41
320.41
12.98
12.98
381.56
381.56
875.17
875.17
1767.06
1767.06
2810.24
2810.24
488.39
488.39
1596.75
1596.75
18.72
18.72
2049.15
2049.15
1684.69
1684.69
44.62
44.62
2254.33
2254.33
270.80
270.80
2515.68
2515.68
1458.23
1458.23
39.32
39.32
2374.51
2374.51
528.99
528.99
1714.01
1714.01
2529.32
2529.32
1625.28
1625.28
2358.52
2358.52
167.58
167.58
2636.77
2636.77
1406.30
1406.30
2561.91
2561.91
2848.98
2848.98
2871.27
2871.27
2703.35
2703.35
2692.13
2692.13
2780.75
2780.75
2776.43
2776.43
2734.46
2734.46
759.78
759.78
2797.86
2797.86
2921.40
2921.40
2760.44
2760.44
2719.53
2719.53
2735.97
2735.97
2737.30
2737.30
2904.18
2904.18
16.02
16.02
2907.09
2907.09
1088.93
1088.93
32.66
32.66
2909.03
2909.03
2518.90
2518.90
428.39
428.39
10.00
10.00
2940.16
2940.16
1345.62
1345.62
2817.05
2817.05
2817.05
2817.05
2817.05
2817.05
2817.05
2817.05
2817.05
2817.05
2817.05
2817.05
2817.05
2817.05
2817.05
2817.05
2817.05
2817.05
2817.05
2817.05
2817.05
2817.05
2878.30
2878.30
256.08
256.08
10.00
10.00
2949.71
2949.71
2488.30
2488.30
2948.40
2948.40
2762.31
2762.31
2772.30
2772.30
2758.65
2758.65
2789.08
2789.08
2954.60
2954.60
2487.53
2487.53
2843.06
2843.06
2858.82
2858.82
2668.48
2668.48
2668.48
2668.48
2668.48
2668.48
2668.48
2668.48
2910.96
2910.96
2910.96
2910.96
2910.96
2910.96
2910.96
2910.96
10.00
10.00
2934.10
2934.10
2965.86
2965.86
2159.81
2159.81
2879.59
2879.59
2760.27
2760.27
2920.49
2920.49
2785.31
2785.31
2673.25
2673.25
1643.22
1643.22
32.32
32.32
2867.50
2867.50
791.81
791.81
1019.66
1019.66
1102.36
1102.36
2730.51
2730.51
2875.35
2875.35
2748.90
2748.90
1472.43
1472.43
785.96
785.96
884.97
884.97
1027.91
1027.91
1158.70
1158.70
33.02
33.02
2956.61
2956.61
2956.61
2956.61
2956.61
2956.61
2793.40
2793.40
2698.22
2698.22
2698.22
2698.22
2624.75
2624.75
2892.50
2892.50
1167.24
1167.24
2325.43
2325.43
989.12
989.12
2594.11
2594.11
2878.44
2878.44
1383.38
1383.38
2609.52
2609.52
2662.78
2662.78
29.11
29.11
2584.54
2584.54
2705.94
2705.94
2678.57
2678.57
2952.11
2952.11
2915.70
2915.70
2925.90
2925.90
2596.30
2596.30
2882.25
2882.25
2936.25
2936.25
2948.58
2948.58
2657.24
2657.24
2657.24
2657.24
2915.54
2915.54
2669.81
2669.81
2761.60
2761.60
2889.37
2889.37
1902.33
1902.33
717.71
717.71
382.70
382.70
2925.47
2925.47
2895.53
2895.53
2923.63
2923.63
2713.99
2713.99
2895.01
2895.01
2957.41
2957.41
666.87
666.87
2501.04
2501.04
2867.24
2867.24
2808.94
2808.94
2653.11
2653.11
2772.96
2772.96
2872.49
2872.49
2955.64
2955.64
2845.31
2845.31
2659.24
2659.24
2971.32
2971.32
2849.10
2849.10
2849.10
1560.01
2002.00
2002.00
2002.00
963.41
963.41
981.88
981.88
242.39
242.39
2690.18
2308.04
2308.04
1545.27
1545.27
1515.37
1515.37
1589.35
1589.35
843.14
843.14
911.46
911.46
2678.06
2678.06
2678.06
2513.32
2513.32
409.27
2632.07
2632.07
197.00
197.00
2450.92
2450.92
2924.39
2924.39
2924.39
2924.39
1857.26
