# 1Hz Kbps trace generated by import_real_world_traces.py
452.67
435.25
497.79
511.65
467.39
455.30
455.30
506.91
506.91
463.65
463.65
509.36
509.36
470.39
470.39
423.98
423.98
423.98
423.98
301.32
301.32
333.80
333.80
333.80
333.80
507.04
479.12
501.95
501.95
501.95
501.95
486.86
497.64
474.71
474.71
474.71
436.29
436.29
436.29
416.82
416.82
228.90
519.86
519.86
519.86
494.60
494.60
494.60
513.94
112.21
112.21
472.95
472.95
472.95
331.83
331.83
480.75
480.75
480.75
319.51
319.51
319.51
263.27
263.27
263.27
242.41
284.00
284.00
459.73
490.37
490.37
477.09
477.09
519.05
474.96
474.96
467.28
467.28
467.28
200.17
200.17
200.17
200.17
439.88
499.19
246.65
495.77
495.77
128.10
47.14
47.14
47.14
126.36
126.36
506.42
506.42
506.42
146.85
146.85
478.84
478.84
478.84
10.00
10.00
513.41
513.41
30.44
484.66
383.41
383.41
407.71
407.71
519.84
519.84
519.84
137.83
137.83
432.27
432.27
470.69
507.09
477.60
477.60
206.95
206.95
499.38
499.38
499.67
499.67
499.67
499.26
499.26
462.27
462.27
462.27
492.70
492.70
492.70
87.86
87.86
92.43
92.43
92.43
412.05
154.36
209.57
506.34
506.34
506.34
436.44
436.44
436.44
490.13
490.13
229.40
229.40
323.03
323.03
67.87
67.87
490.25
490.25
509.21
509.21
510.12
523.03
523.03
477.93
477.93
456.00
456.00
424.26
424.26
454.99
454.99
493.04
493.04
493.04
465.39
465.39
471.88
471.88
494.32
494.32
494.32
486.30
486.30
486.30
105.95
105.95
39.94
39.94
365.88
365.88
436.04
436.04
465.76
465.76
200.91
200.91
19.03
19.03
498.13
239.18
239.18
503.89
503.89
216.87
506.86
506.86
467.19
492.62
492.62
492.62
492.67
492.67
492.67
195.53
467.99
467.99
228.12
464.29
507.08
507.08
465.42
474.90
474.90
176.37
176.37
484.14
484.14
442.18
442.18
442.18
485.27
331.78
331.78
331.78
495.58
495.58
510.46
115.50
115.50
454.46
493.79
493.79
495.15
100.36
100.36
507.44
507.44
507.44
494.48
494.48
494.48
494.48
470.69
470.69
470.69
470.69
86.13
86.13
216.38
442.03
184.97
474.24
474.24
203.07
203.07
475.50
475.50
179.75
179.75
179.75
479.57
21.33
21.33
214.47
455.94
455.94
530.10
530.10
530.10
511.07
511.07
28.21
28.21
28.21
434.05
434.05
195.97
195.97
195.97
27.84
27.84
27.84
258.59
258.59
20.88
20.88
497.65
470.75
470.75
499.34
499.34
237.08
460.41
485.84
485.84
476.82
476.82
512.78
512.78
512.78
443.86
443.86
443.86
443.86
420.67
420.67
406.63
406.63
146.48
146.48
56.52
128.11
128.11
346.47
346.47
418.03
418.03
458.14
458.14
460.54
460.54
516.53
516.53
508.21
508.21
504.25
504.25
504.25
246.61
246.61
506.26
506.26
227.66
227.66
460.22
507.63
507.63
518.14
518.14
452.42
452.42
166.00
166.00
381.96
381.96
511.58
511.58
513.17
513.17
442.95
442.95
477.39
477.39
478.82
478.82
429.70
429.70
429.70
389.58
504.70
439.98
439.98
470.44
470.44
216.46
216.46
507.35
507.35
468.10
468.10
468.10
487.84
487.84
468.19
500.23
500.23
483.99
483.99
142.24
142.24
495.83
495.83
495.83
411.83
411.83
502.76
502.76
502.76
429.40
429.40
490.49
490.49
490.49
500.43
500.43
445.02
445.02
514.80
501.94
501.94
497.52
497.52
489.02
489.02
464.41
464.41
508.19
508.19
485.04
494.57
501.38
469.71
488.81
499.90
480.44
480.44
499.60
499.60
470.49
470.49
176.15
176.15
176.15
442.05
442.05
238.62
238.62
238.62
445.38
445.38
445.38
466.92
466.92
473.26
495.13
514.85
514.85
514.85
441.97
475.83
475.83
470.75
470.75
490.80
490.80
479.76
495.03
495.03
523.90
523.90
492.70
492.70
516.11
516.11
485.55
485.55
472.58
472.58
476.91
476.91
475.10
475.10
480.03
480.03
480.03
442.26
442.26
492.60
492.60
423.91
469.93
469.93
469.93
469.93
500.06
477.70
477.70
514.81
514.81
510.81
510.81
510.81
412.18
412.18
412.18
484.16
484.16
452.82
452.82
461.42
477.37
477.37
478.68
478.68
444.32
444.32
482.45
482.45
514.59
514.59
501.80
501.80
501.80
501.80
225.13
250.99
250.99
250.99
250.99
455.77
455.77
455.77
455.77
389.62
444.99
444.99
444.99
413.17
413.17
413.17
493.37
493.37
493.37
499.71
468.31
468.31
468.31
452.58
441.33
441.33
441.33
497.67
497.67
497.67
399.91
399.91
399.91
399.91
508.64
508.64
109.12
109.12
239.66
486.10
486.10
524.46
482.66
514.11
514.11
513.06
427.60
427.60
514.65
474.36
487.39
487.39
179.85
179.85
179.85
257.66
393.71
393.71
486.42
486.42
474.43
474.43
498.03
498.03
498.03
498.03
475.23
475.23
483.77
483.77
483.77
483.77
506.45
506.45
506.45
506.45
416.54
416.54
294.62
257.86
500.14
494.51
494.51
494.51
494.51
226.78
504.71
504.71
504.71
504.71
90.81
71.44
71.44
523.70
523.70
178.66
440.92
440.92
440.92
440.92
440.92
440.92
484.56
380.85
176.06
390.03
390.03
390.03
390.03
377.02
377.02
377.02
511.65
367.04
381.80
381.80
381.80
36.30
441.59
441.59
136.81
136.81
256.67
256.67
288.54
461.32
461.32
427.85
427.85
178.66
178.66
471.27
474.45
474.45
474.45
474.45
514.76
492.28
492.28
490.31
490.31
521.01
521.01
521.01
475.05
475.05
465.30
465.30
463.35
463.35
513.69
513.69
513.69
513.69
513.69
524.39
524.39
489.13
491.54
491.54
204.55
446.72
446.72
446.72
152.64
152.64
95.11
95.11
79.76
498.19
498.19
498.19
288.26
198.30
198.30
198.30
497.39
497.39
468.34
468.34
264.51
264.51
212.43
212.43
327.68
327.68
276.94
467.51
467.51
516.62
516.62
516.62
216.60
216.60
216.60
498.79
209.81
209.81
72.25
72.25
297.31
491.17
500.92
500.92
441.53
441.53
176.09
176.09
176.09
508.01
126.42
126.42
483.46
483.46
499.41
499.41
288.76
288.76
413.80
413.80
429.02
429.02
478.24
478.24
478.24
482.55
482.55
496.03
496.03
437.02
437.02
411.22
443.05
443.05
443.05
481.61
511.06
468.27
468.27
468.27
462.30
462.30
468.62
468.62
468.62
385.44
385.44
459.97
459.97
475.07
475.07
490.24
490.24
490.24
490.24
435.64
472.08
472.08
487.21
487.21
489.43
489.43
489.43
99.86
81.26
81.26
445.35
480.74
480.74
495.12
495.12
495.12
263.14
263.14
455.05
455.05
480.15
460.39
479.21
479.21
129.96
129.96
129.96
467.80
467.80
493.04
493.04
462.81
462.81
471.44
471.44
524.99
508.79
508.79
465.61
486.34
486.34
505.14
505.14
505.14
499.08
499.08
499.08
499.08
338.72
338.72
338.72
145.11
145.11
458.53
458.53
373.61
373.61
266.18
498.61
496.58
496.58
522.36
522.36
484.16
484.16
484.16
484.16
412.96
516.11
516.11
489.38
462.78
462.78
186.56
186.56
83.78
83.78
83.78
83.78
482.73
482.73
482.73
462.62
478.27
376.53
376.53
376.53
209.84
209.84
425.54
477.69
503.64
503.64
489.95
489.95
505.18
505.18
487.41
198.27
198.27
475.78
475.78
467.47
467.47
503.19
503.19
503.19
430.51
430.51
430.51
493.75
493.75
493.75
15.05
15.05
477.52
477.52
477.52
477.52
391.21
492.08
464.13
304.15
457.25
334.85
334.85
477.92
477.92
513.46
513.46
62.74
62.74
515.64
515.64
462.83
462.83
75.47
75.47
75.47
308.95
308.95
453.74
453.74
202.56
17.01
17.01
17.01
280.36
280.36
280.36
80.17
80.17
523.54
509.50
509.50
515.72
515.72
507.19
187.32
187.32
187.32
187.32
432.45
432.45
478.02
203.44
452.69
452.69
452.69
10.00
152.59
491.75
486.38
486.38
505.52
515.63
515.63
511.81
511.81
60.26
60.26
505.76
500.42
500.42
500.42
482.96
482.96
494.44
494.44
490.32
490.32
490.32
90.54
494.77
494.77
494.77
494.77
515.45
515.45
515.45
480.00
508.45
508.45
494.23
494.23
477.32
477.32
448.81
448.81
500.58
500.58
441.62
441.62
10.00
10.00
458.65
458.65
523.73
523.73
507.77
507.77
493.50
493.50
112.93
112.93
466.54
466.54
466.54
466.54
466.54
264.31
264.31
491.54
457.08
457.08
457.08
457.08
456.19
480.84
480.84
487.69
487.69
509.10
509.10
511.02
511.02
511.02
511.02
491.55
491.55
516.66
516.66
508.57
490.23
490.23
490.23
490.23
265.38
497.00
497.00
450.68
450.68
450.68
450.68
515.89
515.89
515.89
515.89
515.89
476.42
484.09
484.09
473.89
473.89
473.89
473.89
337.26
337.26
141.25
141.25
141.25
141.25
141.25
141.25
149.68
476.04
493.25
493.25
493.27
493.27
125.72
498.54
498.54
461.37
461.37
461.37
474.05
474.05
506.23
146.83
146.83
433.92
433.92
433.92
433.92
433.92
433.92
433.92
433.92
433.92
433.92
433.92
433.92
506.54
506.54
382.24
239.55
489.84
498.62
464.19
464.19
507.74
507.74
480.23
480.23
507.41
454.43
454.43
491.60
470.34
470.34
470.34
344.90
344.90
344.90
506.26
506.26
506.26
492.36
492.36
492.36
155.91
479.54
479.54
492.02
492.02
500.49
500.49
477.02
512.82
512.82
464.13
464.13
507.84
507.84
507.84
499.98
435.58
435.58
435.58
218.63
218.63
442.76
484.35
484.35
517.25
517.25
405.90
523.23
523.23
477.97
477.97
477.97
471.91
471.91
493.72
15.86
352.27
352.27
352.27
502.47
502.47
502.47
468.15
468.15
186.34
186.34
236.24
236.24
236.24
504.82
504.82
482.04
520.41
508.71
522.77
522.77
522.77
477.93
477.93
477.93
477.12
477.12
515.37
515.37
507.87
507.87
460.44
460.44
460.44
98.64
478.17
478.35
478.35
478.35
478.35
421.62
503.19
503.19
506.42
506.42
505.52
505.52
505.52
494.89
474.79
474.79
422.14
422.14
422.14
454.22
454.22
512.06
481.83
481.83
481.83
515.37
517.53
517.53
517.53
507.33
488.41
445.32
445.32
445.32
445.32
478.71
478.71
478.71
471.97
415.90
489.59
432.88
432.88
503.14
503.14
411.79
411.79
473.81
464.99
464.99
464.99
441.09
441.09
441.09
441.09
504.95
504.95
504.95
419.36
419.36
419.36
392.10
392.10
489.49
514.78
490.24
490.24
491.71
491.71
491.71
491.71
491.71
438.72
438.72
438.72
438.72
421.53
421.53
478.64
493.80
493.80
441.05
441.05
486.58
494.95
494.95
452.08
531.92
531.92
496.87
505.00
505.00
483.97
483.97
497.98
497.98
445.98
445.98
502.28
502.28
505.66
505.66
505.66
515.23
496.87
496.87
468.72
468.72
477.43
477.43
215.22
215.22
486.49
486.49
455.70
455.70
485.11
485.11
446.27
446.27
303.10
303.10
303.10
303.10
478.05
478.05
478.05
39.97
39.97
39.97
381.91
10.03
10.03
10.03
418.69
442.66
134.87
134.87
134.87
463.09
463.09
463.09
463.09
463.09
463.09
463.09
463.09
463.09
463.09
176.44
26.69
26.69
82.02
80.15
58.15
60.32
60.32
236.80
236.80
443.09
443.09
463.00
463.00
377.60
377.60
150.01
150.01
150.01
150.01
31.92
31.92
31.92
31.92
369.05
369.05
369.05
456.08
456.08
405.29
405.29
405.29
463.31
463.31
76.15
76.15
76.15
511.12
511.12
31.39
31.39
524.50
524.50
524.50
449.99
449.99
504.96
504.96
84.27
84.27
507.35
507.35
307.60
307.60
458.30
458.30
264.37
264.37
264.37
264.37
264.37
264.37
300.28
300.28
513.49
466.96
466.96
461.47
461.47
482.35
482.35
482.35
482.35
486.98
486.98
504.59
504.59
504.59
504.59
444.82
476.50
334.79
334.79
334.79
334.79
516.09
516.09
478.23
478.23
478.23
137.97
137.97
137.97
228.78
228.78
228.78
228.78
41.87
514.61
263.82
263.82
263.82
263.82
277.45
277.45
277.45
484.83
169.78
169.78
169.78
169.78
169.78
169.78
169.78
169.78
169.78
249.77
249.77
249.77
249.77
249.77
324.86
324.86
324.86
324.86
245.03
245.03
49.97
49.97
491.66
491.66
231.94
231.94
231.94
505.76
505.76
186.01
186.01
186.01
186.01
492.08
492.08
480.61
480.61
438.95
513.76
513.76
513.76
463.76
463.76
463.76
473.50
473.50
473.50
473.50
78.25
500.53
500.53
500.53
200.09
501.30
501.30
501.30
497.68
497.68
497.68
497.68
317.90
317.90
317.90
500.66
500.66
392.34
498.05
498.05
115.48
115.48
506.56
506.56
251.95
251.95
251.95
188.77
188.77
470.73
470.73
470.73
484.32
454.44
454.44
454.44
454.44
519.66
519.66
165.11
165.11
410.22
470.70
470.70
470.70
512.57
512.57
508.30
508.30
508.30
508.30
457.19
457.19
501.82
501.82
456.22
456.22
514.72
514.72
514.72
116.03
116.03
116.03
527.44
527.44
220.83
220.83
220.83
10.00
10.00
10.00
362.88
362.88
72.18
494.04
506.08
506.08
506.08
468.53
468.53
330.25
247.52
247.52
491.56
491.56
486.12
486.12
486.12
530.65
514.12
514.12
410.57
410.57
512.27
461.06
461.06
474.80
474.80
474.80
433.50
433.50
433.50
30.40
365.93
365.93
365.93
136.91
136.91
136.91
324.66
324.66
453.52
453.52
453.52
446.77
446.77
446.77
496.79
461.79
461.79
461.79
467.36
152.03
152.03
378.30
378.30
464.30
464.30
464.30
415.75
415.75
511.98
511.98
511.98
514.81
514.81
411.96
411.96
411.96
291.99
291.99
496.88
496.88
383.63
439.21
439.21
439.21
439.21
439.21
248.24
479.97
479.97
490.44
457.23
457.23
468.09
501.51
485.85
485.85
423.02
437.23
437.23
508.16
333.81
333.81
402.25
402.25
505.93
483.92
483.92
428.88
428.88
459.88
459.88
459.88
459.88
459.88
453.47
453.47
384.01
384.01
384.01
442.31
483.29
483.29
393.97
393.97
393.97
393.97
517.92
517.92
512.79
512.79
518.03
518.03
487.92
488.84
478.09
478.09
513.61
513.61
513.61
506.56
506.56
453.67
466.92
466.92
466.92
218.40
218.40
216.52
216.52
216.52
216.52
472.26
472.26
458.01
420.38
420.38
388.19
388.19
436.14
436.14
436.14
355.69
492.12
492.12
501.21
501.21
501.21
501.21
501.21
261.11
292.01
292.01
292.01
71.69
71.69
123.51
324.98
510.66
512.37
512.37
478.47
481.79
481.79
481.79
487.95
243.47
243.47
493.88
493.88
465.36
465.36
465.36
431.31
431.31
431.31
454.99
454.99
454.99
486.69
486.69
462.81
511.44
511.44
337.18
337.18
337.18
337.18
489.95
489.95
489.95
332.10
332.10
332.10
515.84
515.84
503.54
503.54
227.41
227.41
494.30
494.30
447.73
447.73
447.73
499.53
457.65
440.87
440.87
480.66
484.11
468.61
62.95
62.95
486.99
486.99
433.67
433.67
478.46
478.46
456.63
456.63
454.04
454.04
499.25
499.25
500.32
500.32
67.26
67.26
430.05
430.05
430.05
430.05
430.05
430.05
390.04
485.46
498.36
498.36
498.36
498.36
118.70
118.70
10.00
10.00
10.00
352.17
425.75
425.75
274.71
274.71
248.35
248.35
173.22
173.22
423.86
423.86
423.86
108.59
108.59
158.18
212.81
402.81
118.37
118.37
118.37
397.98
397.98
459.35
459.35
459.35
424.43
480.33
473.80
473.80
473.80
369.06
214.43
214.43
214.43
214.43
418.43
418.43
502.37
455.30
455.30
199.57
199.57
199.57
361.63
361.63
361.63
266.59
266.59
499.76
439.27
439.27
262.94
119.48
315.54
315.54
315.54
495.86
495.86
495.86
480.00
421.69
421.69
421.69
421.69
421.69
144.35
204.90
478.50
468.86
171.64
171.64
171.64
511.91
511.91
511.91
209.68
209.68
209.68
397.37
397.37
397.37
443.23
190.00
190.00
482.76
482.76
495.48
532.12
532.12
476.68
512.79
512.79
404.75
404.75
455.98
455.98
485.39
485.39
255.69
255.69
255.69
255.69
45.11
45.11
26.79
26.79
206.05
206.05
206.05
232.78
232.78
377.72
463.10
483.96
483.96
356.21
479.80
479.80
146.24
146.24
487.85
487.85
359.34
359.34
359.34
212.36
212.36
517.95
517.95
477.81
477.81
477.81
423.82
221.32
483.40
483.40
464.96
464.96
464.96
504.00
504.00
474.46
474.46
464.58
464.58
405.97
405.97
453.31
453.31
453.31
15.65
15.65
15.65
20.37
20.37
486.86
486.86
494.71
494.71
493.25
469.40
469.40
469.40
422.93
422.93
489.51
471.45
471.45
520.96
520.96
17.11
17.11
480.41
480.41
480.41
106.81
106.81
493.51
493.51
480.83
480.83
454.20
454.20
388.32
388.32
345.26
345.26
345.26
517.70
517.70
507.01
507.01
525.35
515.05
515.05
87.48
87.48
513.39
445.98
459.48
459.48
197.79
197.79
499.59
499.59
499.59
203.84
203.84
454.80
454.80
454.80
50.80
50.80
50.80
50.80
519.28
509.11
207.27
207.27
477.88
448.54
448.54
409.85
409.85
409.85
518.49
518.49
482.29
482.29
513.95
513.95
449.14
449.14
476.27
476.27
476.27
465.98
465.98
465.98
432.64
432.64
504.21
504.21
417.57
417.57
442.93
442.93
458.16
458.16
458.16
20.75
20.75
508.99
508.99
508.99
401.54
401.54
479.56
479.56
436.69
433.88
433.88
446.56
446.56
502.89
502.89
464.13
467.14
467.14
467.14
515.62
515.62
485.28
523.58
523.58
507.37
507.37
459.28
523.33
523.33
417.53
417.53
417.53
369.21
369.21
435.54
435.54
435.54
435.54
495.78
495.78
495.78
504.40
408.28
499.65
483.53
483.53
426.60
426.60
390.00
390.00
390.00
497.00
477.16
496.39
496.39
417.90
417.90
417.90
181.59
181.59
484.77
484.77
463.48
463.48
463.48
473.74
473.74
427.42
427.42
340.82
340.82
486.53
486.53
425.63
425.63
425.63
477.93
477.93
424.90
424.90
501.52
427.74
491.61
491.61
472.80
472.80
472.80
448.34
448.34
448.34
500.38
516.31
516.31
505.57
505.57
508.68
508.68
448.71
448.71
361.22
361.22
454.10
454.10
519.28
519.28
466.75
466.75
466.75
466.75
426.25
452.60
452.60
489.61
525.20
519.40
519.40
519.40
429.72
429.72
508.21
508.21
392.60
392.60
392.60
502.02
502.02
145.52
145.52
145.52
364.77
364.77
364.77
364.77
162.02
344.30
502.68
445.39
445.39
105.62
105.62
163.21
163.21
163.21
41.88
374.75
374.75
41.69
372.66
372.66
479.37
308.39
308.39
510.26
503.59
477.45
477.45
477.45
180.14
180.14
180.14
180.14
482.22
482.22
446.64
446.64
446.64
497.98
497.98
190.30
481.92
481.92
491.38
491.38
490.40
490.40
491.97
456.78
456.78
456.78
342.21
342.21
342.21
346.83
346.83
468.62
468.62
60.13
60.13
64.20
64.20
483.79
483.79
488.93
226.25
465.80
465.80
499.27
499.27
499.27
493.16
493.16
469.63
469.63
460.27
460.27
460.27
494.59
494.59
458.79
458.79
500.48
500.48
500.48
435.93
435.93
435.93
441.71
441.71
313.24
514.24
514.24
439.79
439.79
524.01
444.23
444.23
444.23
343.93
343.93
343.93
514.66
514.66
25.97
25.97
513.71
513.71
513.71
513.71
141.03
186.60
413.52
413.52
470.71
469.26
469.26
253.47
253.47
253.47
21.94
21.94
23.69
20.97
20.97
404.20
404.20
60.26
60.26
506.22
506.22
298.77
349.36
349.36
349.36
474.72
197.84
197.84
189.63
189.63
189.63
189.63
492.75
492.75
492.75
507.67
507.67
485.97
485.97
495.77
495.77
243.07
244.01
244.01
515.08
515.08
468.76
468.76
468.76
493.30
493.30
96.92
96.92
458.92
458.92
458.92
126.75
126.75
436.73
501.22
65.12
65.12
154.98
154.98
430.44
430.44
81.72
81.72
212.60
212.60
486.70
429.91
515.60
515.60
487.55
487.55
485.32
485.32
472.45
472.45
460.10
460.10
208.58
499.16
499.16
498.13
467.28
467.28
95.18
95.18
95.18
490.68
490.68
193.16
193.16
193.16
193.16
262.99
262.99
262.99
470.44
470.44
131.72
131.72
131.72
13.10
13.10
264.02
264.02
264.02
473.98
473.98
473.98
256.03
273.17
522.72
474.64
482.72
465.57
465.57
523.34
523.34
523.34
508.32
508.32
514.02
514.02
459.13
459.13
505.25
505.25
505.25
421.56
421.56
421.56
395.14
395.14
484.23
484.23
465.16
465.16
430.45
430.45
477.54
477.54
193.41
193.41
193.41
499.10
499.10
176.47
508.76
175.93
175.93
270.41
270.41
23.52
23.52
23.52
469.51
469.51
95.31
95.31
139.84
139.84
511.50
511.50
10.00
10.00
495.03
495.03
498.87
498.87
440.91
121.39
121.39
482.45
522.22
486.88
486.88
479.30
479.30
479.30
272.16
272.16
272.16
272.16
489.41
489.41
357.02
357.02
182.08
182.08
164.53
164.53
476.38
165.21
165.21
499.04
499.04
16.90
16.90
458.18
517.18
492.63
492.63
478.16
506.09
506.09
506.09
252.57
252.57
467.81
467.81
467.81
218.44
218.44
454.97
454.97
216.41
469.32
469.32
469.32
491.08
491.08
502.92
502.92
507.07
507.07
376.79
376.79
376.79
248.59
248.59
428.11
428.11
489.31
471.18
471.18
461.76
461.76
461.76
461.76
432.79
432.79
10.00
524.70
481.44
481.44
481.44
499.27
499.27
89.23
89.23
89.23
225.47
225.47
496.89
460.45
460.45
507.47
507.47
368.56
368.56
471.67
471.67
471.67
373.15
373.15
373.15
470.12
48.38
48.38
385.96
385.96
492.43
492.43
460.65
460.65
469.27
119.25
470.13
470.13
470.13
368.87
368.87
432.84
432.84
108.54
108.54
499.70
499.70
432.20
476.13
446.01
446.01
446.01
489.43
489.43
474.44
474.44
340.90
340.90
451.43
451.43
451.43
427.79
427.79
427.79
258.15
73.20
73.20
456.02
456.02
253.11
253.11
30.06
30.06
30.06
252.23
476.21
504.78
504.78
477.91
442.81
442.81
442.81
167.52
167.52
167.52
202.58
202.58
499.80
499.80
162.43
162.43
443.27
443.27
443.27
39.75
499.00
499.00
499.95
499.95
149.66
149.66
358.32
358.32
491.19
491.19
492.89
492.89
10.00
512.40
512.40
512.40
512.40
329.98
329.98
507.46
507.46
344.72
344.72
157.26
157.26
157.26
488.66
487.55
487.55
487.55
487.55
518.61
518.61
465.85
504.90
469.72
469.72
469.72
469.72
506.63
506.63
493.27
493.27
493.27
493.27
523.47
523.47
462.11
435.40
477.83
477.83
477.83
483.77
483.77
483.77
483.77
483.77
498.69
498.69
514.46
514.46
470.18
470.18
470.18
446.18
502.77
499.67
482.38
482.38
445.95
445.95
445.95
445.95
401.70
401.70
479.89
515.86
515.86
515.86
508.75
508.75
508.75
471.29
471.29
513.22
513.22
513.22
446.17
516.24
487.52
455.82
455.82
466.41
466.41
72.25
72.25
502.88
502.88
31.52
487.01
492.32
492.32
492.32
492.32
492.32
258.28
258.28
258.28
258.28
278.02
496.34
496.34
18.84
18.84
18.84
18.84
18.84
365.32
365.32
247.48
471.00
471.00
471.00
475.26
475.26
515.70
504.55
504.55
515.72
500.64
17.99
17.99
497.95
497.95
515.30
515.30
507.02
507.02
213.48
404.63
404.63
504.25
504.25
409.38
409.38
409.38
409.38
353.71
353.71
353.71
353.71
353.71
485.41
485.41
426.14
426.14
267.16
267.16
267.16
432.79
432.79
479.92
479.92
479.92
479.92
323.88
436.78
436.78
436.78
436.78
302.44
302.44
302.44
403.79
455.19
455.19
482.80
482.80
314.43
438.69
438.69
438.69
470.97
470.97
470.97
477.24
502.75
502.75
502.75
502.75
502.75
493.78
493.78
479.64
507.73
507.73
94.01
94.01
522.48
522.48
522.48
498.61
498.61
498.61
441.58
441.58
441.58
499.37
499.37
499.37
73.46
73.46
276.80
63.70
63.70
124.04
131.80
66.77
66.77
202.91
202.91
180.64
180.64
430.02
430.02
128.58
514.18
464.00
464.00
485.11
485.11
485.11
514.77
514.77
19.37
19.37
19.37
409.53
409.53
409.53
409.53
29.08
219.89
221.88
221.88
457.63
239.46
477.77
477.77
521.47
521.47
425.98
425.98
425.98
513.61
165.95
119.70
484.34
484.34
484.34
484.34
427.55
491.48
491.48
491.48
507.98
454.82
454.82
487.05
487.05
440.09
440.09
440.09
306.61
460.25
460.25
460.25
502.65
502.65
494.50
494.50
493.47
493.47
493.47
487.23
487.23
487.23
487.23
447.17
447.17
493.75
519.36
519.36
502.78
502.78
491.12
491.12
482.86
482.86
523.91
523.91
459.71
459.71
436.20
436.20
436.20
508.52
498.24
475.11
475.11
475.11
419.78
366.31
366.31
366.31
505.05
505.05
505.05
386.31
465.51
465.12
465.12
517.03
505.41
505.41
532.12
532.12
507.63
507.63
507.63
476.53
476.53
515.54
435.51
435.51
470.87
470.87
495.11
473.26
473.26
473.26
481.94
481.94
468.25
468.25
515.74
515.74
477.02
477.02
477.02
494.30
494.30
494.32
494.32
494.32
503.41
503.41
503.41
463.51
463.51
409.90
409.90
409.90
445.58
445.58
490.97
490.97
474.49
507.00
494.94
494.94
501.73
196.64
441.16
441.16
441.16
435.81
435.81
428.02
428.02
428.02
492.61
469.92
469.92
439.21
507.06
507.06
464.02
464.02
513.32
486.47
486.47
486.47
502.33
502.33
502.33
479.83
459.03
459.03
459.03
514.73
514.73
514.73
514.73
428.49
428.49
508.00
498.14
498.14
476.82
522.77
522.77
522.79
522.79
522.79
522.79
450.39
450.39
182.84
487.61
487.61
470.70
470.70
470.70
507.21
507.21
507.21
191.94
191.94
191.94
515.01
515.01
515.01
445.73
445.73
10.66
10.66
10.66
515.07
515.07
524.19
524.19
454.69
454.69
476.18
476.18
92.57
92.57
54.15
220.37
220.37
271.60
459.30
459.30
331.65
446.58
455.32
347.89
467.97
467.97
504.57
504.57
504.57
504.57
354.53
354.53
206.39
206.39
450.49
450.49
450.49
500.05
500.05
500.05
484.00
484.00
484.00
109.95
215.59
215.59
252.09
252.09
465.02
465.02
465.02
229.83
518.04
481.65
515.57
515.57
500.18
500.18
500.18
207.87
207.87
173.56
173.56
500.82
500.82
500.82
502.16
502.16
190.80
190.80
449.78
475.32
475.32
497.39
497.39
334.07
334.07
334.07
219.42
219.42
472.88
472.88
472.88
472.88
483.83
483.83
95.47
446.33
496.02
279.06
279.06
279.06
466.11
385.19
385.19
385.19
247.43
247.43
421.82
421.82
421.82
425.31
425.31
498.03
498.03
511.79
511.79
457.98
457.98
481.34
481.34
481.34
511.77
511.77
499.09
499.09
447.06
447.06
485.25
485.25
512.31
512.31
436.81
436.81
436.81
489.66
489.66
497.05
497.05
364.12
364.12
13.11
13.11
13.11
220.23
220.23
60.68
60.68
60.68
447.60
447.60
500.01
500.01
523.23
523.23
523.23
489.89
489.89
472.27
457.11
457.11
492.62
68.92
68.92
68.92
68.92
473.61
473.61
263.78
481.63
498.02
498.02
495.96
497.74
497.74
497.74
524.59
524.59
194.14
426.66
426.66
426.66
509.72
509.72
509.72
371.89
371.89
472.99
472.99
472.99
472.99
135.11
135.11
135.11
518.80
436.60
436.60
436.60
461.44
370.31
370.31
436.83
436.83
467.42
520.91
520.91
520.91
520.91
520.91
344.90
344.90
344.90
477.09
522.95
522.95
463.77
463.77
463.77
409.49
397.87
397.87
397.87
397.87
397.87
471.98
471.98
388.65
388.65
147.50
147.50
147.50
274.83
274.83
274.83
504.90
504.90
454.91
487.56
487.56
122.18
122.18
466.97
466.97
467.01
467.01
467.01
339.79
339.79
296.20
296.20
349.31
416.15
416.15
416.15
478.19
478.19
436.78
380.97
499.49
499.49
508.00
508.00
451.90
451.90
451.90
500.47
500.47
500.47
500.47
500.47
25.80
364.61
364.61
364.61
446.90
446.90
477.50
477.50
477.50
477.50
113.97
20.75
272.59
272.59
494.83
494.83
457.57
457.57
457.57
457.57
457.57
372.75
510.25
510.25
478.69
500.13
500.13
148.41
148.41
498.44
498.44
498.44
491.11
491.11
491.11
491.11
439.79
439.79
439.79
519.19
519.19
457.14
500.18
500.18
500.18
507.82
507.82
523.97
523.97
432.95
514.60
514.60
514.60
508.80
508.80
214.97
214.97
491.69
491.69
467.61
467.61
467.61
489.18
489.18
422.72
422.72
489.63
489.63
489.63
513.01
491.51
507.25
507.25
436.68
436.68
436.68
503.66
503.66
460.38
460.38
481.03
498.78
498.78
498.78
508.48
508.48
508.48
508.18
508.18
486.30
486.30
178.26
178.26
178.26
476.05
476.05
479.43
257.08
485.27
485.27
486.78
447.70
513.01
513.01
518.28
518.28
391.48
391.48
437.77
437.77
470.49
470.49
139.88
139.88
470.09
470.09
470.09
470.09
516.23
482.29
467.91
467.91
482.24
456.64
456.64
456.64
456.64
484.92
484.92
501.70
447.08
447.08
175.35
175.35
499.12
499.12
446.31
446.31
446.31
446.31
513.80
467.03
514.31
514.31
504.15
504.15
488.48
488.48
512.47
475.29
475.29
453.61
453.61
453.61
405.81
405.81
462.12
462.12
500.24
500.24
525.98
525.98
497.47
497.47
169.28
169.28
169.28
169.28
473.53
473.53
473.53
408.67
408.67
450.81
450.81
485.06
485.06
196.41
452.76
452.76
409.18
409.18
409.18
409.18
190.93
190.93
381.57
499.55
230.36
230.36
111.75
111.25
111.25
476.77
476.77
484.23
484.23
508.98
508.98
508.98
520.22
520.22
248.45
248.45
248.45
248.45
389.89
389.89
464.26
464.26
476.19
476.19
486.51
486.51
18.31
376.39
376.39
467.92
467.92
486.16
259.95
457.38
457.38
457.38
469.27
469.27
488.44
488.44
388.53
388.53
448.24
448.24
492.06
492.06
505.90
505.90
267.43
267.43
496.39
496.39
496.39
496.39
470.73
470.73
505.26
505.26
251.06
251.06
486.68
520.15
520.15
520.15
520.15
520.15
520.15
520.15
520.15
403.83
403.83
495.00
491.78
466.03
252.18
252.18
252.18
76.38
76.38
76.38
492.44
492.44
346.97
346.97
509.01
477.86
477.86
489.11
489.11
439.16
439.16
439.16
72.17
72.17
72.17
222.43
222.43
446.29
523.27
523.27
187.39
187.39
164.78
164.78
129.93
129.93
129.93
129.93
164.88
164.88
482.50
482.50
482.50
498.94
496.82
496.82
410.53
460.64
506.42
508.52
508.52
476.95
476.95
321.68
321.68
321.68
506.82
506.82
440.74
440.74
440.74
440.74
187.50
515.60
515.60
492.53
235.68
235.68
235.68
439.07
517.72
517.72
71.31
71.31
71.31
71.31
191.53
419.98
419.98
419.98
419.98
444.23
203.85
203.85
475.25
475.25
475.25
212.70
212.70
431.67
230.30
230.30
500.00
500.00
283.40
283.40
439.38
439.38
506.97
506.97
267.79
267.79
178.64
123.42
123.42
123.42
416.06
482.74
508.20
450.38
450.38
508.33
508.33
508.33
445.14
445.14
503.50
494.12
494.12
494.12
494.12
494.12
516.64
516.64
516.64
516.64
516.64
494.31
515.50
489.71
496.57
496.57
512.77
512.77
512.77
521.66
521.66
521.66
326.65
326.65
518.84
489.40
493.86
493.86
436.55
436.55
469.25
469.25
469.25
469.25
388.16
388.16
388.16
277.04
277.04
277.04
340.87
476.56
476.56
451.81
451.81
169.46
169.46
460.90
460.90
421.94
462.02
415.24
415.24
478.46
478.46
481.17
481.17
473.90
473.90
473.90
475.88
475.88
475.88
460.79
460.79
512.65
512.65
469.79
469.79
469.79
377.04
377.04
377.04
445.70
424.40
424.40
424.40
432.81
432.81
419.85
419.85
508.15
508.15
447.84
447.84
447.84
489.08
489.08
429.34
429.34
429.34
462.45
462.45
510.74
472.76
472.76
502.69
452.36
491.08
491.08
491.08
448.83
448.83
514.74
514.74
379.61
379.61
379.61
491.95
491.95
471.64
508.58
508.58
474.66
474.66
460.39
460.39
463.13
463.13
514.37
514.37
521.29
486.37
486.37
486.37
486.37
301.84
301.84
301.84
425.36
472.48
472.48
506.23
478.03
478.03
454.22
454.22
461.13
461.13
461.13
491.04
491.04
491.04
507.25
507.25
469.14
469.14
490.14
490.14
462.97
462.97
462.97
462.97
138.44
496.81
496.81
506.18
532.28
532.28
17.82
17.82
419.28
419.28
459.54
459.54
530.77
530.77
514.44
492.85
492.85
509.93
523.38
523.38
523.38
446.78
446.78
492.33
492.33
492.33
410.20
489.30
458.06
458.06
458.06
521.64
521.64
521.64
521.76
521.76
501.10
462.09
462.09
462.09
488.51
488.51
488.51
470.75
476.68
476.68
507.92
507.92
507.92
507.92
475.55
432.61
432.61
432.61
432.61
228.61
485.28
485.28
519.52
519.52
519.52
34.60
34.60
471.10
97.80
97.80
97.80
97.80
384.61
384.61
384.61
396.35
500.10
500.10
485.94
489.43
491.10
491.10
495.83
495.83
452.10
488.56
488.56
488.56
472.71
456.91
456.91
510.76
510.76
510.76
415.85
415.85
415.85
415.85
480.46
480.46
431.44
431.44
431.44
483.89
464.45
464.45
464.45
408.12
408.12
408.12
355.61
355.61
355.61
494.32
195.88
195.88
470.34
498.63
498.63
451.39
451.39
467.20
477.53
378.53
378.53
378.53
121.16
340.53
340.53
340.53
340.53
524.02
524.02
524.02
484.89
484.89
484.89
484.89
498.79
498.79
498.79
237.39
503.67
503.67
514.18
514.18
514.18
500.75
493.45
493.45
493.45
114.14
114.14
473.26
490.82
490.82
490.82
490.82
506.57
506.57
506.57
438.65
438.65
530.77
493.52
505.34
500.12
500.12
500.12
500.12
471.94
471.94
471.94
500.17
439.94
439.94
518.39
518.39
467.41
467.41
455.06
455.06
455.06
455.06
470.78
470.78
470.78
458.03
491.08
489.67
507.16
477.31
252.02
252.02
505.06
505.06
498.00
498.00
443.43
443.43
443.43
460.19
484.03
484.03
497.22
497.22
497.22
469.13
469.13
469.13
177.44
177.44
177.44
484.54
484.54
484.54
463.75
463.75
463.75
423.40
423.40
423.40
493.26
493.26
493.26
469.87
467.34
484.85
503.34
503.34
503.34
461.45
461.45
461.45
435.31
435.31
499.41
511.65
474.98
474.98
501.89
501.89
501.89
501.89
382.92
382.92
382.92
508.77
508.77
508.77
473.90
473.90
473.90
476.49
498.96
491.98
452.52
501.11
501.11
501.11
225.82
225.82
506.02
454.20
454.20
472.76
472.76
472.76
472.76
488.51
488.51
484.57
518.52
10.00
10.00
476.56
476.56
476.56
476.56
438.12
438.12
438.12
438.12
432.73
432.73
505.89
463.14
463.14
515.18
468.21
468.21
490.90
492.71
495.51
495.51
495.51
495.51
495.51
495.51
495.51
513.58
513.58
470.88
470.88
493.38
492.56
491.41
491.41
507.97
507.97
515.52
491.48
491.48
506.99
498.93
498.93
504.47
504.47
501.53
501.53
501.53
490.93
490.93
148.16
148.16
500.55
500.55
463.95
463.95
463.95
24.36
24.36
24.36
24.36
491.14
328.50
328.50
456.50
456.50
10.00
10.00
191.71
478.04
478.04
488.40
488.40
489.67
459.47
459.47
229.87
229.87
25.88
25.88
10.00
10.00
250.74
384.36
384.36
393.86
289.55
289.55
272.48
272.48
478.25
478.25
478.25
474.07
474.07
474.07
493.13
493.13
452.36
452.36
377.22
490.59
490.59
501.46
509.39
509.39
509.39
210.49
491.64
491.64
491.64
176.17
176.17
431.41
431.41
431.41
431.41
507.15
507.15
507.15
464.16
506.17
506.17
476.75
345.71
173.59
173.59
10.00
520.14
520.14
459.11
459.11
526.28
526.28
476.19
476.19
476.19
497.81
448.03
448.03
484.89
484.89
479.73
479.73
452.66
452.66
501.64
501.64
501.64
392.49
392.49
392.49
433.47
433.47
505.30
505.30
505.30
193.27
193.27
465.74
465.74
41.21
416.15
503.48
503.48
503.48
503.48
426.05
499.87
499.87
434.31
434.31
386.49
386.49
386.49
494.06
494.06
492.28
253.28
253.28
52.46
52.46
171.10
171.10
19.69
19.69
474.91
474.91
358.84
481.43
481.43
232.19
232.19
495.10
495.10
463.57
463.57
16.52
16.52
500.17
500.17
500.17
486.98
486.98
486.98
492.15
492.15
499.85
499.85
503.05
10.00
10.00
441.53
441.53
277.86
277.86
505.48
505.48
437.82
437.82
332.74
18.06
18.06
469.89
469.89
248.36
248.36
248.36
248.36
432.71
432.71
64.58
64.58
64.58
64.58
91.38
493.35
451.17
451.17
515.68
515.68
515.68
515.68
470.28
158.54
158.54
499.50
10.00
10.00
438.10
516.24
516.24
514.75
468.53
468.53
468.53
408.34
408.34
506.83
506.83
506.83
491.93
491.93
127.85
127.85
127.85
454.08
454.08
484.16
484.16
484.16
458.54
134.00
134.00
505.63
505.63
505.63
434.57
512.23
484.10
484.10
458.56
458.56
495.91
495.91
495.91
442.25
509.20
509.20
510.74
510.74
510.74
510.74
483.63
483.63
471.57
515.45
515.45
515.45
515.21
515.21
483.86
381.47
381.47
381.47
491.02
415.31
415.31
209.47
10.00
10.00
400.48
400.48
431.96
431.96
431.96
431.96
489.85
489.85
304.32
304.32
283.31
504.43
504.43
172.87
335.92
335.92
489.82
489.82
489.82
91.52
91.52
91.52
281.43
281.43
281.43
20.46
72.39
72.39
496.59
510.11
510.11
471.14
499.97
499.97
498.29
498.29
498.29
484.51
481.38
481.38
485.22
485.22
496.57
496.57
405.90
405.90
480.31
480.31
480.31
490.79
490.79
194.25
194.25
194.25
512.26
512.26
429.78
429.78
446.90
507.12
507.12
507.12
460.61
460.61
491.78
491.78
491.78
494.90
494.90
500.99
500.99
407.75
407.75
468.20
468.20
487.52
468.18
486.17
486.17
418.58
418.58
418.58
503.43
503.43
479.19
479.19
428.79
428.79
451.33
451.33
433.33
437.80
437.80
437.80
82.98
82.98
407.01
407.01
463.77
463.77
431.33
398.47
465.19
465.19
465.19
84.17
478.93
478.93
437.50
437.50
458.79
521.81
521.81
489.11
331.80
331.80
331.80
196.68
473.30
473.30
506.81
506.81
506.81
491.04
491.04
491.04
54.14
54.14
54.14
54.14
429.54
481.73
481.73
467.45
467.45
522.45
503.31
503.31
491.59
491.59
491.59
505.22
505.22
505.22
250.17
503.48
503.48
521.38
521.38
513.16
497.85
497.85
446.85
446.85
482.05
482.05
482.05
482.05
340.02
340.02
340.02
262.11
262.11
504.45
507.29
507.29
444.59
495.81
495.81
344.11
344.11
506.77
506.77
487.84
463.50
501.58
501.58
501.58
501.58
377.45
377.45
94.16
483.10
154.39
154.39
154.39
154.39
220.14
220.14
220.14
445.91
445.91
487.39
484.81
484.81
453.48
453.48
171.74
171.74
171.74
356.15
356.15
347.73
347.73
129.96
348.71
348.71
438.60
438.60
438.60
277.97
277.97
277.97
488.42
488.42
513.93
448.63
448.63
238.30
238.30
238.30
238.30
238.30
104.67
104.67
104.67
418.22
418.22
481.34
448.35
448.35
490.45
490.45
225.81
478.09
481.44
481.44
481.44
481.44
371.22
201.51
201.51
201.51
254.12
389.34
389.34
389.34
389.34
389.34
315.22
315.22
315.22
315.22
315.22
10.00
213.17
474.64
396.80
396.80
40.56
10.00
10.00
10.00
504.41
504.41
504.41
120.39
120.39
120.39
504.58
504.58
472.63
472.63
439.72
439.72
207.04
499.68
499.68
274.49
274.49
274.49
331.28
331.28
285.09
285.09
285.09
285.09
285.09
285.09
27.46
386.01
386.01
497.98
476.81
478.80
485.37
485.37
462.92
462.92
493.64
493.64
493.64
493.64
33.86
33.86
33.86
33.86
513.65
513.65
513.65
314.20
314.20
314.20
314.20
328.15
328.15
328.15
27.73
404.29
10.00
222.63
478.41
483.37
483.37
375.64
375.64
523.89
523.89
353.35
353.35
353.35
353.35
353.35
482.30
482.30
90.58
90.58
492.25
492.25
250.80
250.80
103.22
103.22
478.62
478.62
193.53
193.53
193.53
193.53
262.18
311.30
311.30
277.45
340.46
48.48
314.92
314.92
314.92
256.88
256.88
359.91
359.91
359.91
20.79
20.79
480.65
405.80
405.80
405.80
468.49
468.49
296.38
296.38
36.53
36.53
239.30
239.30
20.56
20.56
20.56
20.56
92.46
92.46
201.41
201.41
387.88
387.88
406.60
465.46
465.46
475.26
475.26
483.64
483.64
498.94
498.94
197.69
197.69
484.63
484.63
484.63
224.97
455.72
424.64
424.64
424.64
107.54
107.54
431.37
431.37
431.37
483.18
483.18
483.18
472.26
472.26
431.55
431.55
320.71
437.66
437.66
162.06
162.06
162.06
223.22
223.22
454.07
454.07
499.09
443.11
443.11
523.21
523.21
523.21
515.63
10.00
10.00
10.00
483.18
483.18
486.48
486.48
470.87
470.87
487.73
487.73
462.47
462.47
268.64
268.64
473.42
507.71
507.71
507.71
389.25
389.25
389.25
454.82
484.35
300.34
300.34
300.34
315.39
477.07
477.07
477.07
479.38
439.75
439.75
439.75
492.23
491.33
479.49
438.94
438.94
438.94
10.00
10.00
485.48
485.48
467.10
467.10
458.61
458.61
237.17
489.11
489.11
489.11
489.11
477.24
459.35
459.35
459.35
426.67
426.67
426.67
502.21
502.21
400.35
531.14
420.88
420.88
420.88
420.88
404.70
515.40
515.40
456.10
456.10
498.08
498.08
498.08
498.08
436.68
251.93
251.93
492.82
502.94
496.75
496.75
496.75
514.46
514.46
514.46
505.41
505.41
505.41
462.16
483.05
497.10
497.10
482.36
510.27
493.51
493.51
491.10
491.10
491.10
524.92
524.92
524.92
524.92
524.92
516.10
490.29
492.39
492.39
492.39
492.39
490.12
500.23
500.23
218.90
218.90
453.67
453.67
436.43
508.11
492.13
492.13
492.13
510.38
510.38
510.38
510.38
450.19
504.65
504.65
506.25
518.63
518.63
532.79
508.60
458.48
458.48
458.48
523.54
471.19
471.19
471.19
471.19
495.95
495.95
495.95
477.33
477.33
499.79
499.58
499.58
448.07
497.09
450.09
450.09
450.09
450.09
463.33
463.33
469.52
469.52
469.52
477.52
477.52
347.44
492.19
500.32
500.32
500.32
286.29
286.29
207.98
207.98
207.98
495.54
495.54
495.54
498.18
453.82
74.11
74.11
459.95
459.95
500.84
500.84
500.84
455.02
455.02
495.63
495.63
95.88
95.88
95.88
256.01
481.66
240.93
240.93
488.94
488.94
473.83
473.83
522.65
522.65
494.22
494.22
507.24
507.24
469.51
485.51
485.51
242.17
242.17
242.17
485.92
485.92
531.20
531.20
531.20
531.20
416.46
416.46
416.46
454.74
464.27
508.57
508.57
491.47
491.47
491.47
523.76
523.76
496.41
485.26
485.26
485.41
485.41
508.55
508.55
476.35
476.35
446.19
446.19
446.19
497.64
497.64
10.00
10.00
465.03
516.54
516.54
516.54
533.14
533.14
533.14
384.91
384.91
384.91
63.29
63.29
256.09
463.32
463.32
32.14
32.14
477.01
483.91
483.91
483.91
523.53
523.53
476.96
15.33
15.33
292.43
292.43
159.80
159.80
159.80
126.74
301.33
523.57
523.57
523.57
400.91
400.91
400.91
444.40
408.74
493.44
493.44
493.44
479.74
398.82
398.82
17.96
17.96
17.96
17.96
440.05
475.42
475.42
10.12
10.12
472.32
25.56
25.56
25.56
25.56
25.56
100.16
393.97
222.69
222.69
475.46
475.46
496.73
186.37
186.37
186.37
452.54
452.54
494.13
494.13
507.24
341.07
478.37
478.37
478.37
258.76
258.76
525.33
473.40
473.40
187.53
187.53
187.53
187.53
515.59
515.59
515.59
389.99
389.99
140.64
455.82
455.82
455.82
448.89
448.89
158.72
158.72
158.72
158.72
158.72
158.72
204.10
215.56
188.71
418.69
418.69
418.69
351.36
351.36
171.98
171.98
11.41
11.41
211.27
198.42
198.42
198.42
198.42
81.02
81.02
114.23
275.95
204.01
93.18
93.18
243.08
243.08
265.97
370.32
370.32
136.79
136.79
136.79
136.79
447.45
499.95
282.97
282.97
95.13
95.13
95.13
65.72
65.72
364.55
364.55
421.29
421.29
421.29
177.38
177.38
407.81
407.81
493.43
493.43
15.44
15.44
15.44
15.44
15.44
160.23
37.77
37.77
69.35
69.35
371.85
371.85
332.09
332.09
167.73
167.73
488.49
488.49
488.49
332.43
332.43
332.43
461.96
461.96
465.82
465.82
417.06
417.06
224.23
224.23
224.23
224.23
224.23
224.23
224.23
224.23
224.23
224.23
81.23
190.59
159.73
356.41
301.59
301.59
433.86
433.86
485.30
485.30
511.45
511.45
511.45
245.37
120.89
120.89
464.02
464.02
464.02
485.79
485.79
319.81
319.81
490.10
490.10
490.10
493.21
493.21
507.54
507.54
493.48
493.48
138.75
138.75
138.75
138.75
459.36
459.36
459.36
113.34
113.34
217.78
217.78
217.78
414.37
414.37
414.37
128.68
128.68
128.68
482.91
482.91
439.67
127.98
468.40
492.24
492.24
492.24
51.83
480.05
480.05
10.00
10.00
10.00
464.15
464.15
462.06
462.06
442.46
442.46
473.71
473.71
66.56
66.56
66.56
15.78
15.78
265.33
265.33
265.33
51.38
51.38
51.38
503.38
503.38
503.38
462.60
442.78
224.78
224.78
472.35
472.35
472.35
10.00
10.00
10.00
306.43
306.43
447.70
447.70
447.70
447.70
70.21
70.21
10.00
10.00
508.19
508.19
482.79
476.28
476.28
476.28
499.43
499.43
63.49
63.49
347.58
347.58
445.35
251.10
251.10
201.74
201.74
201.74
521.49
521.49
63.25
63.25
438.19
438.19
438.19
179.33
179.33
491.09
499.17
499.17
499.17
424.74
424.74
10.27
10.27
10.27
506.87
506.87
425.23
425.23
476.93
476.93
389.04
389.04
358.13
266.24
266.24
201.16
201.16
270.93
270.93
218.56
218.56
409.34
409.34
409.34
71.61
91.68
91.68
91.68
330.42
227.68
227.68
505.62
109.51
109.51
152.43
152.43
248.25
248.25
497.44
515.73
515.73
515.73
494.25
494.25
495.03
495.03
495.03
492.23
469.79
469.79
469.79
165.46
165.46
453.60
453.60
500.59
500.59
500.59
462.86
462.86
522.79
491.88
502.31
502.31
376.88
376.88
376.88
376.88
424.88
439.47
439.47
491.46
491.46
365.64
365.64
365.64
20.27
20.27
263.61
486.79
486.79
254.90
254.90
518.70
498.93
498.93
506.88
506.88
499.31
499.31
517.86
471.17
471.17
483.81
483.81
462.13
502.10
502.10
496.45
496.45
496.45
496.45
488.40
488.40
488.40
488.40
188.85
516.32
445.81
445.81
445.81
221.11
221.11
479.84
479.84
214.10
214.10
214.10
491.91
491.91
455.86
493.25
493.25
517.86
517.86
475.11
475.11
406.53
406.53
65.84
523.48
493.70
493.70
453.65
470.63
470.63
470.63
464.39
464.39
464.39
508.02
495.89
495.89
516.69
516.69
516.69
523.38
523.38
475.04
475.04
475.04
523.85
523.85
523.85
401.30
511.65
490.31
490.31
490.31
447.76
485.45
485.45
485.45
436.52
436.52
494.30
474.99
474.99
474.99
443.01
490.35
490.35
490.35
157.54
157.54
505.76
505.76
505.76
520.79
520.79
440.06
440.06
440.06
462.76
462.76
462.76
156.53
156.53
484.90
484.90
126.40
126.40
126.40
448.43
499.11
499.11
476.49
476.49
468.33
468.33
463.66
478.58
478.58
478.58
26.25
414.15
414.15
491.82
514.01
514.01
397.83
397.83
210.37
210.37
177.80
177.80
488.25
488.25
506.36
506.36
458.71
458.71
490.21
490.21
479.58
479.58
517.68
517.68
519.95
519.95
519.95
403.99
403.99
508.39
497.95
497.95
417.80
417.80
417.80
260.88
518.01
518.01
500.53
500.53
455.43
455.43
478.18
478.18
469.04
469.04
469.04
435.50
435.50
487.23
487.23
492.62
471.81
471.81
498.62
498.62
472.39
472.39
517.66
526.09
526.09
526.09
526.09
437.28
437.28
443.26
364.64
515.82
515.82
507.84
507.84
477.28
477.28
477.28
477.28
467.78
467.78
506.36
438.74
438.74
493.07
493.07
477.68
477.68
477.68
477.68
345.93
345.93
345.93
345.93
515.90
515.90
491.08
126.55
164.77
164.77
524.26
524.26
480.90
498.13
498.13
362.56
362.56
362.56
521.25
521.25
246.79
246.79
246.79
198.71
198.71
451.15
451.15
451.15
416.74
499.53
499.53
123.46
123.46
123.46
470.35
470.35
464.02
464.02
339.99
339.99
458.79
458.79
458.79
298.81
298.81
41.76
41.76
266.33
266.33
24.07
24.07
24.07
24.07
251.30
251.30
458.81
458.81
465.69
465.69
90.65
90.65
90.65
88.36
330.31
330.31
330.31
408.66
75.70
343.97
343.97
171.36
171.36
452.85
452.85
483.18
494.10
476.81
476.81
472.11
472.11
469.02
469.02
515.25
515.25
451.25
48.49
48.49
48.49
193.81
193.81
193.81
516.08
516.08
516.08
431.26
431.26
506.88
417.26
417.26
417.26
422.74
422.74
422.74
498.94
488.73
488.73
504.81
504.81
504.81
448.22
448.22
505.99
505.99
505.99
456.18
483.74
483.74
489.27
489.27
74.18
509.56
509.56
472.98
472.98
513.28
513.28
513.28
477.24
477.24
475.29
388.38
509.25
509.25
477.11
477.11
515.50
515.96
515.96
457.61
494.56
494.56
494.56
494.56
494.56
514.63
502.58
502.58
474.42
507.87
479.56
479.56
479.56
479.56
504.42
504.42
477.21
477.21
244.46
244.46
244.46
491.05
230.96
230.96
230.96
230.96
522.09
522.09
504.23
504.23
497.43
499.70
499.70
477.68
508.45
508.45
123.54
123.54
123.54
429.15
429.15
429.15
429.15
506.99
506.99
506.99
493.03
493.03
485.00
503.25
503.25
463.75
463.75
514.43
416.84
416.84
416.84
450.44
450.44
254.23
254.23
80.83
522.15
522.15
522.15
513.46
229.67
229.67
229.67
203.95
203.95
203.95
203.95
188.79
67.85
335.27
470.86
470.86
466.39
481.77
481.77
512.60
512.60
92.77
92.77
92.77
505.27
505.27
15.50
15.50
15.50
493.61
390.29
390.29
30.90
30.90
204.63
204.63
125.38
125.38
125.38
307.80
307.80
451.80
451.80
211.00
211.00
421.17
520.01
520.01
492.51
82.39
82.39
468.97
133.08
133.08
462.71
462.71
512.65
512.65
291.75
291.75
499.43
499.43
499.43
88.33
88.33
438.10
438.10
438.10
505.21
505.21
166.16
166.16
513.45
513.45
182.42
182.42
182.42
360.65
360.65
75.25
75.25
75.25
75.25
84.47
84.47
498.24
16.14
130.90
130.90
507.31
507.31
507.31
451.58
451.58
228.42
396.66
396.66
396.66
108.23
108.23
455.87
455.87
232.79
497.88
406.34
406.34
243.99
432.04
453.17
453.17
514.96
514.96
514.96
482.12
482.12
482.12
482.12
482.12
335.15
335.15
314.86
230.43
230.43
41.95
41.95
456.76
209.11
209.11
10.00
10.00
372.50
372.50
21.01
424.18
424.18
249.50
249.50
75.77
75.77
75.77
75.77
320.70
320.70
91.38
500.33
500.33
489.09
408.50
408.50
408.50
108.37
447.65
447.65
492.51
492.51
492.51
505.66
505.66
497.90
503.86
503.86
503.86
503.86
503.86
104.85
104.85
104.85
305.20
99.24
504.81
504.81
454.72
454.72
417.48
417.48
413.79
151.07
367.20
367.20
373.98
373.98
373.98
489.88
489.88
82.73
82.73
511.84
511.84
511.84
129.97
129.97
458.05
463.07
463.07
463.07
521.65
521.65
505.71
456.27
456.27
456.27
456.27
478.57
478.57
454.47
493.02
493.02
447.06
447.06
447.06
483.64
483.64
475.08
475.08
513.44
513.44
513.44
481.54
481.54
117.60
515.12
515.12
488.44
488.44
488.44
474.70
474.70
473.33
473.33
473.33
464.35
464.35
464.35
380.08
380.08
433.20
469.53
469.53
469.53
501.16
444.55
444.55
464.04
464.04
445.83
445.83
445.83
467.60
474.66
254.40
254.40
195.59
195.59
268.60
268.60
268.60
507.54
492.31
492.31
160.59
160.59
467.54
467.54
243.51
433.09
433.09
500.79
485.44
485.44
485.44
485.44
478.24
478.24
519.85
519.85
519.85
506.79
506.79
506.29
506.29
523.89
523.89
523.89
210.27
210.27
165.15
165.15
165.15
329.70
474.90
474.90
494.26
493.19
493.19
492.23
492.23
412.81
412.81
512.50
512.50
356.55
356.55
483.62
412.43
412.43
459.28
459.28
459.28
79.69
490.87
30.98
30.98
255.42
255.42
453.34
453.34
453.34
513.79
513.79
513.79
28.74
28.74
451.03
506.08
125.12
391.70
391.70
391.70
391.70
433.45
433.45
490.67
490.67
39.32
503.92
503.92
510.76
71.02
71.02
488.67
488.67
482.18
482.18
482.18
416.54
452.51
239.37
239.37
239.37
173.24
173.24
173.24
507.95
506.85
506.85
470.43
470.43
470.43
470.43
324.82
324.82
324.82
426.97
426.97
426.97
426.97
507.21
498.36
498.36
498.36
15.43
187.31
187.31
500.68
293.26
293.26
502.72
502.72
407.93
407.93
407.93
489.29
490.33
490.33
500.33
500.33
500.33
518.41
518.41
518.41
518.41
42.50
500.33
409.55
478.06
478.06
478.06
478.06
478.06
478.06
478.06
489.72
442.37
442.37
415.22
415.22
472.16
472.16
465.10
465.10
465.10
444.94
393.71
18.08
516.63
505.92
499.32
499.32
523.71
523.71
91.98
91.98
25.99
25.99
25.99
25.99
25.99
490.84
490.84
505.26
448.53
448.53
448.53
448.53
415.38
415.38
415.38
210.07
210.07
458.48
10.00
462.21
462.21
462.21
462.21
482.77
494.07
494.07
174.86
448.88
448.88
448.88
448.88
398.04
398.04
398.04
79.93
142.58
142.58
142.58
463.71
463.71
463.71
468.27
468.27
468.27
442.75
517.00
517.00
517.00
283.38
283.38
476.70
476.70
462.82
462.82
462.82
59.78
228.14
109.92
514.07
515.40
478.92
478.92
478.92
442.99
442.99
442.99
396.15
396.15
482.85
482.85
464.76
500.66
491.40
491.40
484.08
484.08
484.08
488.18
488.18
488.18
452.27
452.27
516.26
516.26
516.26
178.47
178.47
298.67
298.67
495.50
238.89
238.89
238.89
442.86
442.86
442.86
364.93
364.93
364.93
473.54
499.28
515.05
531.99
531.99
488.40
495.42
495.42
416.29
416.29
460.85
460.85
256.36
256.36
464.97
464.97
483.39
483.39
483.39
521.69
521.69
521.69
512.06
512.06
512.06
136.76
136.76
523.03
523.03
523.03
432.85
432.85
432.85
422.67
422.67
492.27
492.27
185.93
185.93
439.17
439.17
493.01
493.01
465.21
465.21
525.40
466.18
466.18
498.87
485.06
361.35
361.35
361.35
509.24
509.24
509.24
424.89
424.89
424.89
364.88
364.88
364.88
491.23
458.55
17.10
17.10
499.54
237.70
237.70
237.70
484.93
484.93
484.93
496.48
496.48
496.48
493.91
493.91
454.81
454.81
454.81
454.81
495.66
482.25
462.80
462.80
471.68
459.35
459.35
476.17
476.17
475.43
475.43
475.43
521.70
461.20
461.20
461.20
483.87
483.87
464.50
464.50
428.88
395.68
395.68
395.68
422.51
422.51
448.98
448.98
479.19
479.19
460.68
460.68
512.50
512.50
283.00
283.00
397.27
246.28
246.28
480.49
480.49
513.13
513.13
517.00
517.00
517.00
508.01
508.01
508.01
508.01
508.01
420.20
420.20
420.20
478.87
478.87
332.92
461.47
436.06
436.06
428.94
428.94
428.94
64.36
64.36
138.04
138.04
117.77
117.77
117.77
369.84
434.93
434.93
434.93
495.53
520.22
520.22
520.22
520.22
401.91
401.91
513.12
479.34
278.74
278.74
278.74
278.74
278.74
482.58
482.58
482.58
482.58
423.96
423.96
423.96
484.17
484.17
240.76
240.76
494.66
494.66
494.66
515.43
503.62
503.62
503.62
463.57
463.57
474.94
487.72
487.72
487.72
523.71
523.71
10.00
10.00
461.69
461.69
213.42
213.42
213.42
516.20
516.20
516.20
509.03
509.03
439.35
439.35
496.42
496.42
496.42
36.60
36.60
515.32
515.32
426.39
426.39
487.19
446.19
446.19
393.97
393.97
393.97
482.09
482.09
288.58
288.58
498.06
498.06
470.75
470.75
17.04
17.04
17.04
17.04
174.73
174.73
224.48
437.86
437.86
58.06
58.06
429.27
429.27
436.16
436.16
312.40
312.40
41.70
41.70
192.86
192.86
447.35
447.35
10.00
10.00
475.52
475.52
472.75
517.23
517.23
517.23
507.66
507.66
464.53
464.53
455.72
455.72
484.75
484.75
475.39
475.39
475.39
475.39
453.99
505.53
505.53
516.21
244.66
244.66
498.97
498.97
489.51
489.51
267.31
267.31
15.64
15.64
15.64
523.03
523.03
174.23
174.23
139.74
139.74
139.74
175.82
175.82
465.59
465.59
465.59
240.87
240.87
251.45
251.45
493.04
160.41
160.41
491.09
491.09
491.09
509.61
221.57
508.04
508.04
16.69
16.69
10.00
10.00
221.45
453.15
453.15
226.58
492.67
492.67
492.67
73.17
73.17
484.64
484.64
452.79
270.68
270.68
270.68
455.75
481.41
481.41
481.41
18.56
18.56
18.56
158.29
158.29
490.30
472.85
503.04
503.04
450.21
463.19
501.93
501.93
501.93
20.69
20.69
491.35
491.35
502.92
502.92
490.87
490.87
490.87
437.05
437.05
437.05
472.09
472.09
495.82
506.73
506.73
507.36
507.36
482.33
482.33
224.26
224.26
487.32
487.32
487.32
419.17
419.17
406.79
406.79
406.79
356.56
474.99
474.99
492.59
492.59
492.59
445.07
419.51
419.51
466.88
466.88
507.47
507.47
273.32
273.32
273.32
48.63
466.17
466.17
475.41
475.41
518.98
474.56
474.56
515.84
515.84
28.71
28.71
474.36
474.36
474.36
501.24
501.24
505.09
505.09
505.09
251.83
251.83
240.26
240.26
484.26
523.74
523.74
117.08
117.08
483.87
483.87
451.03
451.03
451.03
200.18
200.18
505.78
505.78
164.42
518.20
518.20
518.20
235.78
509.08
509.08
489.92
489.92
505.22
505.22
505.22
432.61
432.61
469.89
469.89
344.15
344.15
462.00
500.63
500.63
432.71
432.71
503.86
503.86
503.86
505.40
505.40
465.27
465.27
492.57
512.78
512.78
368.40
368.40
496.70
496.70
474.06
474.06
513.31
513.31
300.77
464.34
464.34
464.34
464.34
411.99
411.99
503.60
503.60
306.28
306.28
306.28
516.71
516.71
506.37
506.37
454.38
454.38
502.78
493.67
488.40
488.40
488.21
488.21
488.21
412.55
250.43
250.43
476.32
427.38
427.38
427.38
487.61
487.61
509.73
509.73
480.37
480.37
480.37
474.31
474.31
474.31
178.58
178.58
178.58
403.08
488.99
488.99
513.33
481.39
481.39
38.37
38.37
468.45
468.45
491.17
484.22
484.22
484.22
484.22
420.68
420.68
461.62
461.62
465.94
465.94
526.12
526.12
503.11
503.11
143.28
143.28
143.28
308.35
308.35
420.50
420.50
420.50
507.84
503.98
471.17
471.17
504.24
504.24
458.24
458.24
101.73
101.73
101.73
55.05
55.05
55.05
264.57
214.32
496.08
20.22
20.22
496.98
522.68
522.68
497.05
524.09
524.09
524.09
490.06
528.68
528.68
528.68
505.25
505.25
505.25
164.00
164.00
454.77
501.35
501.35
487.31
506.08
506.08
209.21
209.21
501.62
501.62
506.95
506.95
10.00
10.00
10.00
486.35
486.35
486.35
486.35
437.19
437.19
532.85
532.85
177.80
177.80
177.80
114.79
114.79
232.38
490.22
514.39
514.39
514.39
23.51
358.16
358.16
82.76
459.09
459.09
490.03
490.03
476.34
476.34
491.72
491.72
126.42
349.91
349.91
349.91
387.13
387.13
387.13
387.13
387.13
265.68
17.24
17.24
40.98
40.98
424.44
424.44
32.81
497.70
469.44
390.62
390.62
409.94
409.94
372.61
372.61
374.87
374.87
374.87
467.54
467.54
445.63
445.63
135.00
135.00
481.67
481.67
412.68
412.68
177.22
177.22
177.22
381.13
381.13
381.13
381.13
402.30
402.30
402.30
486.76
515.97
198.19
198.19
198.19
459.89
459.89
500.82
500.82
196.78
196.78
283.64
393.40
393.40
428.83
428.83
428.83
428.83
20.23
20.23
203.45
23.78
69.10
69.10
478.46
499.76
485.61
465.77
465.77
465.77
376.46
376.46
376.46
142.21
515.82
515.82
515.82
515.82
291.89
291.89
291.89
500.33
379.40
489.56
489.56
498.41
470.87
470.87
511.03
30.86
30.86
30.86
150.67
150.67
150.67
150.67
506.89
506.89
172.65
172.65
97.78
97.78
97.78
122.74
459.10
459.10
459.10
228.41
513.06
323.98
323.98
323.98
480.85
480.85
131.77
131.77
452.18
452.18
478.52
478.52
478.52
436.50
436.50
436.50
436.50
436.50
502.19
502.19
502.19
33.52
33.52
242.00
230.98
230.98
230.98
496.09
496.09
93.02
353.38
485.22
485.22
463.78
463.78
505.63
233.34
471.36
471.36
471.36
471.36
471.36
478.42
478.42
519.08
519.08
492.54
492.54
506.21
506.21
498.28
463.99
463.99
522.15
522.15
470.44
470.44
512.38
512.38
427.61
427.61
482.08
482.08
456.59
516.73
516.73
453.88
453.88
457.18
457.18
518.01
518.01
90.25
90.25
496.00
496.00
496.00
496.00
470.73
470.73
498.57
498.57
488.20
488.20
454.89
454.89
479.27
482.75
482.75
482.75
482.75
482.75
487.50
487.50
468.38
487.22
487.22
487.22
497.16
497.16
490.23
483.55
504.13
504.13
449.55
449.55
255.97
255.97
485.72
485.72
507.98
507.98
430.46
430.46
515.61
515.61
436.29
436.29
492.12
492.12
474.34
474.34
520.60
520.60
520.60
520.60
520.60
520.60
520.60
520.60
520.60
520.60
520.60
512.91
489.54
489.54
451.49
451.49
451.49
451.49
483.27
483.27
507.50
507.50
457.28
486.85
523.30
501.97
501.97
361.88
361.88
471.36
498.28
498.28
17.09
17.09
521.16
521.16
521.16
448.32
505.34
505.34
505.34
505.34
267.78
508.31
148.00
148.00
148.00
78.72
78.72
358.72
358.72
465.41
509.44
509.44
509.44
49.72
49.72
49.72
49.72
480.76
491.66
491.66
436.41
436.41
454.32
484.13
484.13
484.13
459.13
459.13
459.13
459.13
484.29
484.29
16.69
143.15
143.15
143.15
143.15
513.25
455.14
455.14
513.57
513.57
468.40
514.70
448.45
448.45
448.45
515.70
515.70
472.00
472.00
456.60
456.60
456.60
499.04
499.04
499.04
484.50
484.50
484.50
275.10
275.10
238.72
238.72
499.88
499.88
515.77
496.46
496.46
492.85
492.85
456.42
456.42
451.85
451.85
42.56
42.56
42.56
366.77
366.77
366.77
195.12
195.12
483.21
462.15
462.15
90.78
328.96
328.96
328.96
491.14
491.14
491.14
368.95
368.95
392.44
392.44
449.95
449.95
515.39
515.39
464.09
464.09
464.09
470.36
470.36
470.36
507.23
507.23
476.14
497.70
497.70
514.59
514.59
396.71
396.71
396.71
467.99
467.94
520.93
357.01
357.01
438.70
90.18
29.58
29.58
29.58
29.58
146.65
146.65
246.92
246.92
392.10
392.10
373.21
373.21
246.03
474.79
474.79
475.09
490.64
490.64
490.64
508.55
508.55
506.98
506.98
506.98
506.98
172.45
172.45
172.45
374.68
374.68
166.45
523.46
523.46
478.09
346.97
346.97
346.97
515.41
515.41
515.41
515.57
515.57
511.51
480.89
480.89
480.89
462.35
462.35
462.35
474.93
117.54
117.54
130.01
130.01
443.00
443.00
152.64
469.87
469.87
400.49
400.49
400.49
494.01
494.01
457.48
457.48
521.84
521.84
496.95
496.95
460.38
460.38
460.38
524.78
513.32
513.32
357.85
357.85
372.07
372.07
482.21
483.09
483.09
16.23
16.23
16.23
16.23
214.35
254.94
254.94
307.63
460.93
484.35
484.35
478.49
478.49
478.49
478.49
438.95
438.95
438.95
332.51
501.12
494.00
494.00
494.00
494.00
154.47
493.94
493.94
493.94
340.27
473.01
490.06
490.06
274.15
453.48
453.48
458.52
442.73
442.73
442.73
510.20
510.20
510.20
499.56
499.56
499.56
479.06
471.03
471.03
462.84
513.56
513.56
513.56
445.31
491.03
462.33
462.33
462.33
462.33
462.33
515.73
515.73
515.73
507.67
507.26
504.59
476.09
390.30
479.57
479.57
479.57
307.13
307.13
400.87
400.87
444.69
444.69
444.69
493.23
493.23
499.21
499.21
507.81
103.32
103.32
503.62
503.62
503.62
503.62
506.47
506.47
506.47
448.70
461.78
461.78
490.42
490.42
490.42
209.44
453.86
453.86
501.85
501.85
481.30
481.30
481.30
147.07
488.24
488.24
489.04
489.04
128.27
128.27
233.02
233.02
376.74
508.18
508.18
508.18
421.32
421.32
421.32
308.52
16.43
16.43
452.77
452.77
452.77
452.77
486.53
466.81
345.11
345.11
319.45
319.45
511.67
511.67
294.63
294.63
285.95
189.31
189.31
123.89
123.89
432.29
432.29
464.96
91.31
487.09
487.09
314.04
426.46
426.46
473.96
473.96
473.96
196.34
196.34
196.34
196.34
196.34
409.63
409.63
424.56
424.56
468.67
349.47
349.47
336.08
162.26
162.26
162.26
42.67
42.67
487.28
487.28
487.28
458.12
458.12
458.12
458.12
389.86
156.90
442.34
442.34
452.24
452.24
453.25
453.25
507.77
507.77
507.77
76.15
76.15
505.56
415.60
415.60
500.12
529.49
495.74
495.74
495.74
514.96
514.96
482.86
482.86
482.86
20.68
20.68
20.68
513.40
388.89
315.75
315.75
380.59
380.59
427.83
507.69
507.69
507.69
507.69
408.42
408.42
455.68
470.77
470.77
470.77
241.12
241.12
263.08
498.22
506.87
506.87
506.87
499.86
499.86
499.86
307.00
307.00
73.34
488.40
488.40
488.40
441.59
441.59
441.59
475.82
475.82
25.99
25.99
25.99
492.82
518.87
246.52
510.75
510.75
510.75
515.64
501.06
501.06
97.89
97.89
451.62
514.24
514.24
514.24
491.50
467.40
467.40
467.40
467.40
467.40
523.34
523.34
130.70
194.18
108.84
108.84
507.76
10.00
10.00
10.00
150.38
150.38
150.38
150.38
73.97
477.44
477.44
136.41
136.41
136.41
482.35
482.35
482.35
482.35
433.56
433.56
433.56
433.56
504.53
472.56
472.56
521.36
420.50
420.50
420.50
504.44
504.90
504.90
504.90
504.90
104.30
104.30
506.10
506.10
449.93
486.45
486.45
419.35
419.35
468.04
468.04
502.06
502.06
497.52
497.52
497.52
97.43
97.43
492.87
508.52
508.52
508.52
508.52
478.61
478.61
478.61
484.44
484.44
494.54
507.56
503.04
503.04
461.45
461.45
461.45
461.45
491.59
491.59
64.41
64.41
64.41
480.68
481.51
481.51
478.07
478.07
489.45
489.45
423.81
476.96
496.31
496.31
496.31
501.34
501.34
499.67
499.67
499.67
499.67
441.50
441.50
441.50
482.49
442.12
442.12
515.86
471.21
471.21
492.08
492.08
492.08
492.08
480.96
480.96
481.23
481.23
244.22
443.48
443.48
481.17
481.17
481.17
17.11
472.01
472.01
480.83
480.83
480.83
135.04
261.08
261.08
492.32
492.32
474.89
474.89
474.89
199.75
199.75
199.75
199.75
427.66
427.66
453.82
493.78
493.78
446.39
446.39
439.61
439.61
220.91
220.91
472.09
472.09
472.09
472.09
295.91
295.91
295.91
18.54
18.54
303.36
303.36
303.36
499.09
499.09
515.48
515.48
482.14
482.14
370.53
370.53
488.14
488.14
495.27
495.27
471.38
471.38
50.85
50.85
489.35
489.35
304.89
304.89
304.89
38.59
10.00
10.00
497.61
497.61
497.61
10.00
463.44
451.57
451.57
82.59
484.26
484.26
486.36
202.34
372.38
372.38
484.00
484.00
484.00
505.34
505.34
450.38
450.38
498.82
498.82
498.82
285.81
285.81
285.81
479.14
479.14
114.42
114.42
445.86
445.86
445.86
445.86
254.03
254.03
500.04
503.74
491.61
502.80
489.17
489.17
112.79
304.24
304.24
304.24
304.24
415.75
415.75
501.92
510.14
486.03
486.03
486.03
486.03
283.43
283.43
481.56
481.56
519.77
483.90
483.90
483.90
460.92
484.11
508.14
508.14
508.14
490.82
490.82
490.82
496.64
496.64
496.64
501.36
497.23
509.27
509.27
509.27
285.52
285.52
285.52
285.52
407.45
255.56
255.56
469.08
469.08
469.08
246.23
246.23
479.32
532.82
513.79
513.79
419.18
503.58
503.58
273.57
273.57
273.57
249.05
249.05
249.05
359.03
359.03
359.03
391.61
462.93
462.93
58.61
58.61
284.35
483.92
483.92
483.92
188.49
188.49
188.49
453.41
308.43
507.98
507.98
488.96
488.96
488.96
488.96
459.21
459.21
197.17
197.17
197.17
507.87
507.87
452.81
440.85
440.85
462.67
462.67
469.69
469.69
469.69
501.08
501.08
497.31
485.32
485.32
485.32
485.32
485.32
230.98
230.98
269.62
499.86
499.86
512.45
222.88
222.88
222.88
93.24
93.24
513.18
513.18
445.54
396.17
474.78
474.78
474.78
474.78
503.11
256.82
256.82
256.82
413.43
413.43
463.99
463.99
468.52
468.52
468.52
369.85
369.85
369.85
446.69
446.69
487.70
487.70
214.46
214.46
328.91
328.91
328.91
99.05
99.05
99.05
493.13
493.13
228.74
228.74
270.06
388.30
470.06
470.06
319.54
319.54
499.53
499.53
507.15
507.15
229.06
229.06
366.03
478.59
478.59
478.59
381.28
381.28
434.29
434.29
439.10
71.06
71.06
10.00
495.04
149.86
149.86
507.57
507.57
437.41
87.96
87.96
87.96
268.75
268.75
268.75
457.48
457.48
404.06
430.16
430.16
430.16
430.16
10.00
10.00
485.47
485.47
499.99
461.27
461.27
25.29
490.97
490.97
42.18
42.18
42.18
64.96
295.26
295.26
295.26
511.21
511.21
516.57
516.57
516.57
479.44
479.44
502.66
512.18
512.18
445.69
445.69
445.69
488.28
488.28
476.97
476.97
476.97
230.55
230.55
39.52
39.52
479.80
479.80
479.80
523.85
523.85
268.51
268.51
313.05
313.05
481.55
481.55
44.46
44.46
138.45
511.59
511.59
227.21
227.21
300.98
353.19
353.19
485.40
493.79
493.79
475.94
228.80
228.80
228.80
480.75
480.75
470.05
470.05
120.22
120.22
478.84
478.84
478.84
203.47
203.47
203.47
465.39
465.39
425.30
425.30
425.30
156.14
470.17
482.67
482.67
507.85
507.85
10.00
10.00
160.26
160.26
118.74
118.74
118.74
185.21
185.21
148.01
148.01
380.90
380.90
47.14
47.14
18.27
489.29
472.82
472.82
26.20
26.20
354.92
354.92
354.92
436.06
436.06
436.06
449.94
449.94
489.06
489.06
374.53
80.04
80.04
523.56
523.56
457.75
457.75
457.75
457.75
314.22
438.57
438.57
218.34
218.34
495.09
495.09
495.09
416.11
416.11
268.33
468.74
468.74
493.73
503.24
503.24
484.79
484.79
484.79
434.79
434.79
505.70
484.90
516.59
497.09
497.09
497.09
497.09
496.54
496.54
441.61
441.61
441.61
503.91
503.91
503.91
456.18
456.18
456.18
476.52
476.52
444.68
444.68
507.72
487.21
464.77
464.77
515.07
515.07
515.07
515.07
434.67
434.67
484.73
484.73
508.24
508.24
508.24
501.69
501.69
515.59
515.59
515.59
462.76
499.08
499.08
446.26
446.26
426.43
426.43
460.84
505.91
516.80
464.54
464.54
464.54
464.54
495.47
511.89
511.89
511.89
511.89
477.15
496.79
496.79
513.95
484.91
484.91
492.42
489.38
489.38
458.84
458.84
458.84
474.56
474.56
477.94
477.94
477.94
508.24
508.24
508.24
260.12
460.23
501.28
501.28
523.31
523.31
465.26
465.26
351.79
351.79
41.65
41.65
508.29
499.65
499.65
471.84
471.84
511.94
511.94
511.94
468.13
452.40
452.40
452.40
489.35
489.35
516.00
516.00
422.99
422.99
504.23
504.23
504.49
504.49
37.67
37.67
470.07
470.07
236.66
236.66
476.88
476.88
476.88
511.64
511.64
467.19
467.19
467.19
426.46
501.12
501.12
472.97
472.97
472.97
296.54
296.54
283.87
283.87
283.87
245.86
499.56
472.58
472.58
497.74
497.74
458.81
489.30
240.17
240.17
240.17
240.17
436.59
436.59
436.59
154.87
154.87
517.25
500.59
477.04
477.04
477.04
477.04
477.04
450.14
450.14
450.14
465.86
482.97
482.97
512.29
512.29
320.32
320.32
371.23
371.23
371.23
371.23
416.84
416.84
416.84
476.93
471.00
270.53
476.49
476.49
441.65
441.65
441.65
514.41
514.41
506.51
476.75
476.75
484.85
484.85
484.85
435.93
435.93
193.15
10.00
107.65
107.65
107.65
426.40
426.40
426.40
483.67
483.67
483.67
483.67
319.57
319.57
111.61
111.61
111.61
130.50
130.50
15.55
504.38
24.36
24.36
73.55
73.55
73.55
330.19
330.19
330.19
10.00
10.00
509.65
21.05
21.05
371.81
371.81
371.81
371.81
371.81
371.81
371.81
371.81
482.48
180.13
469.49
469.49
470.12
470.12
470.12
470.12
481.49
481.49
481.49
477.56
97.15
97.15
97.15
481.67
512.14
512.14
476.10
476.10
476.10
476.10
258.99
117.12
117.12
117.12
390.97
67.02
462.85
433.48
433.48
433.48
452.37
452.37
452.37
461.86
461.86
461.86
450.13
450.13
482.75
482.75
468.70
468.70
473.80
473.80
473.80
479.58
479.58
479.58
479.58
228.50
334.12
334.12
334.12
432.94
432.94
510.34
510.34
475.67
475.67
258.10
258.10
258.10
258.10
200.18
492.11
491.85
491.85
516.68
511.35
226.63
503.67
503.67
503.67
503.67
423.84
423.84
423.84
433.26
430.93
430.93
521.96
521.96
282.71
282.71
491.12
491.12
467.19
458.93
458.93
523.51
523.51
523.51
324.69
478.26
478.26
266.36
266.36
505.64
505.64
235.93
235.93
235.93
109.55
164.55
164.55
503.58
503.58
516.02
516.02
516.02
520.75
520.75
520.75
515.68
515.68
515.68
493.43
494.88
458.01
458.01
237.80
237.80
477.92
477.92
477.92
470.30
470.30
523.09
523.09
436.34
436.34
466.78
466.78
466.78
280.40
445.96
445.96
434.86
434.86
434.86
465.79
465.79
106.95
106.95
154.85
154.85
474.05
426.22
426.22
187.51
187.51
187.51
137.94
472.67
472.67
507.00
476.71
476.71
476.71
458.88
458.88
507.36
492.00
492.00
492.00
324.07
324.07
474.46
474.46
466.09
466.09
448.97
448.97
498.79
498.79
490.81
241.29
241.29
485.88
485.88
485.88
251.84
251.84
497.50
497.50
497.50
461.32
461.32
441.78
441.78
504.50
480.86
482.58
482.58
482.58
482.58
10.00
10.00
235.15
235.15
170.82
170.82
170.82
32.06
507.91
507.91
18.84
319.91
319.91
17.32
17.32
515.78
491.85
491.85
455.28
455.28
480.32
495.26
495.26
459.98
459.98
95.38
95.38
95.38
95.38
396.48
396.48
14.73
10.00
10.00
519.91
519.91
30.12
261.37
524.18
524.18
465.78
465.78
465.78
358.31
358.31
358.31
451.38
234.09
234.09
468.58
468.58
482.01
482.01
516.10
516.10
516.10
435.45
435.45
496.05
496.05
518.89
518.89
463.01
463.01
463.01
470.62
470.62
475.96
483.60
483.60
483.60
366.08
366.08
492.37
492.37
457.76
457.76
457.76
10.00
10.00
10.00
515.07
463.03
463.03
489.79
356.79
356.79
39.84
523.83
523.83
523.83
10.00
10.00
20.33
20.33
10.00
10.00
161.78
161.78
464.59
464.59
491.63
450.52
502.14
502.14
465.25
465.25
470.78
451.24
451.24
502.31
502.31
12.65
499.88
499.88
499.88
478.25
478.25
478.25
464.96
464.96
464.96
427.72
427.72
427.72
427.72
152.56
152.56
429.59
205.04
205.04
205.04
454.31
454.31
454.31
313.26
376.08
376.08
317.93
317.93
182.61
499.58
455.17
507.62
507.62
259.82
259.82
259.82
10.00
10.00
276.94
276.94
276.94
473.63
473.63
121.80
121.80
76.52
59.89
500.60
500.60
457.53
457.53
484.21
484.21
427.05
427.05
427.05
499.58
480.38
480.38
458.94
458.94
458.94
484.06
484.06
464.60
464.60
464.60
478.26
478.26
479.95
479.95
480.30
480.30
484.13
468.98
468.98
361.64
361.64
361.64
444.91
507.99
507.99
471.35
471.35
471.35
440.10
506.48
479.52
462.28
462.28
462.28
462.28
462.28
451.12
451.12
483.35
483.35
483.35
505.04
505.04
432.85
432.85
481.90
466.21
466.21
466.21
456.44
472.47
472.47
472.47
519.31
519.31
519.31
439.00
439.00
498.44
498.44
470.45
256.89
256.89
509.49
509.49
499.87
499.87
244.01
244.01
244.01
454.50
454.50
115.33
115.33
115.33
503.21
490.00
490.00
307.63
307.63
307.63
411.77
475.59
475.59
475.59
491.64
518.07
518.07
501.79
435.28
435.28
511.76
511.76
504.17
504.17
450.51
450.51
463.72
463.72
453.77
453.77
453.77
501.16
501.16
458.52
458.52
492.35
492.35
467.81
467.81
486.71
486.71
478.81
478.81
478.81
478.81
477.76
484.24
476.45
494.81
508.24
474.02
474.02
491.20
491.20
484.61
484.61
511.66
511.66
469.99
469.99
516.88
516.88
478.11
478.11
515.29
515.29
476.91
476.91
517.18
517.18
479.25
479.25
444.56
444.56
488.78
488.78
513.55
513.55
137.42
137.42
491.69
491.69
470.29
470.29
440.54
440.54
444.47
444.47
256.54
256.54
482.47
482.47
393.64
393.64
347.51
347.51
105.73
105.73
481.36
481.36
481.36
481.36
412.34
412.34
412.34
412.34
412.34
497.96
497.96
446.30
446.30
452.81
452.81
452.81
489.56
193.17
482.49
482.49
460.00
460.00
460.00
460.00
460.00
491.91
449.73
449.73
463.93
501.57
501.57
453.01
86.10
86.10
525.23
525.23
351.63
351.63
351.63
318.69
318.69
506.81
506.81
122.75
122.75
452.17
452.17
452.17
463.07
251.97
251.97
459.74
456.93
456.93
456.93
456.93
452.06
491.82
491.82
491.82
491.82
496.89
496.89
496.89
496.89
515.01
445.34
445.34
445.34
457.29
457.29
421.83
421.83
421.83
250.80
250.80
498.61
498.61
498.61
454.15
509.24
509.24
502.12
502.12
416.65
416.65
416.65
500.64
500.64
500.64
486.43
160.08
509.95
493.96
484.12
484.12
484.12
484.28
434.11
434.11
434.11
434.11
434.11
434.11
434.11
434.11
509.02
509.02
510.62
523.34
471.13
471.13
463.60
477.85
477.85
456.83
456.83
456.83
470.71
470.71
437.39
437.39
486.62
486.62
507.00
493.02
493.02
490.52
490.52
129.88
129.88
129.88
375.73
375.73
375.73
375.73
375.73
444.57
498.46
198.76
198.76
198.76
198.76
333.41
125.28
125.28
52.48
81.14
411.70
411.70
19.13
19.13
404.09
188.87
188.87
513.88
513.88
513.88
15.64
10.00
10.00
10.00
274.43
274.43
174.05
518.79
518.79
477.63
477.63
430.63
491.04
491.04
164.20
164.20
164.20
164.20
520.70
520.70
520.70
10.00
10.00
381.06
247.12
486.04
443.58
443.58
107.85
107.85
107.85
467.46
467.46
505.28
505.28
505.28
463.26
463.26
463.26
524.08
497.27
500.07
500.07
500.07
512.06
512.06
484.20
484.20
484.20
484.20
484.24
484.24
513.40
435.37
435.37
435.37
511.95
511.95
448.23
448.23
441.74
436.05
424.28
424.28
424.28
424.28
424.28
438.73
438.73
438.73
10.00
410.77
185.45
185.45
495.88
495.88
495.81
495.81
451.43
451.43
243.78
243.78
492.21
480.58
480.58
480.58
499.18
499.18
506.72
506.72
444.73
444.73
515.09
515.09
486.74
486.74
486.74
486.74
446.49
446.49
446.49
446.49
515.01
526.74
515.91
412.95
487.35
487.35
472.18
472.18
472.18
518.02
518.02
461.56
499.29
499.29
499.29
526.74
461.69
524.01
480.46
480.46
453.53
453.53
453.53
429.75
429.75
429.75
429.75
429.75
429.75
429.75
496.89
473.59
447.42
477.27
425.82
425.82
492.47
492.47
492.47
485.37
485.37
463.69
463.69
467.58
467.58
483.85
483.85
497.12
497.12
508.12
511.25
511.25
223.90
223.90
457.82
457.82
457.82
457.82
485.53
485.53
508.48
508.48
476.92
476.92
210.08
210.08
509.20
509.20
382.10
382.10
444.82
444.82
515.01
477.53
477.53
469.07
491.77
471.75
471.75
508.21
508.21
130.06
130.06
130.06
524.51
524.51
520.29
520.29
193.52
193.52
464.55
464.55
239.06
468.01
468.01
470.59
470.59
470.59
414.45
414.45
414.45
414.45
432.58
432.58
457.87
457.87
466.54
503.40
503.40
478.88
478.88
226.88
226.88
470.13
470.13
470.13
470.13
457.51
457.51
456.95
456.95
205.58
205.58
178.13
178.13
445.32
445.32
517.04
517.04
517.04
479.38
479.38
479.38
10.00
501.51
206.01
206.01
206.01
235.75
475.02
195.86
195.86
464.71
464.71
464.71
295.38
295.38
295.38
207.11
207.11
497.62
497.62
500.91
133.36
133.36
70.91
70.91
223.62
223.62
223.62
462.01
462.01
482.15
482.15
190.06
503.17
479.86
441.45
441.45
510.68
510.68
439.02
439.02
439.02
439.02
439.02
386.56
386.56
497.23
497.23
497.23
477.95
484.41
484.41
507.64
507.64
507.64
453.64
453.64
470.74
492.71
492.71
484.25
484.25
484.25
500.62
473.41
473.41
473.41
80.57
80.57
16.15
27.29
27.29
27.29
27.29
324.00
324.00
422.68
422.68
422.68
422.68
276.41
288.80
288.80
476.13
297.29
506.04
506.04
201.66
201.66
201.66
10.00
10.00
387.59
477.90
177.72
177.72
230.45
230.45
208.83
208.83
77.71
77.71
77.71
32.50
32.50
131.38
131.38
437.01
456.99
456.99
456.99
341.97
341.97
458.54
458.54
458.54
211.38
211.38
468.43
468.43
468.43
239.62
37.33
37.33
145.34
355.75
355.75
472.87
472.87
476.91
476.91
238.14
238.14
41.35
41.35
106.08
106.08
106.08
59.58
59.58
500.93
500.93
500.93
512.57
512.57
220.63
220.63
515.54
515.54
17.79
17.79
17.79
198.19
198.19
198.19
10.00
39.81
39.81
100.90
100.90
156.32
156.32
156.32
298.97
478.10
489.04
449.39
449.39
151.65
151.65
61.83
254.48
254.48
254.48
254.48
41.96
41.96
10.00
10.00
416.15
416.15
416.15
10.00
10.00
323.64
323.64
26.06
246.87
246.87
453.38
489.72
495.63
495.63
495.63
249.59
491.57
491.57
491.57
71.67
71.67
487.09
487.09
439.45
439.45
439.45
463.70
463.70
52.34
207.09
207.09
221.12
221.12
465.20
465.20
283.24
283.24
283.24
508.76
455.81
240.92
240.92
240.92
69.28
69.28
103.03
103.03
103.03
489.23
110.72
110.72
511.97
128.38
504.45
504.45
504.45
504.45
15.86
15.86
493.25
304.22
304.22
463.85
463.85
500.01
452.23
452.23
452.23
220.71
220.71
220.71
469.06
469.06
469.06
460.17
460.17
39.18
39.18
456.65
456.65
489.86
474.98
493.33
460.73
460.73
460.73
460.73
460.73
113.86
113.86
113.86
218.66
10.00
484.94
484.94
494.05
494.05
407.72
407.72
153.09
153.09
153.09
153.09
448.56
508.16
469.96
469.96
446.90
412.40
523.69
523.69
506.69
80.05
80.05
80.05
80.05
439.06
439.06
439.06
382.44
382.44
512.94
512.94
66.42
66.42
66.42
351.05
351.05
482.28
482.28
322.93
444.06
444.06
518.80
485.39
485.39
485.39
475.55
475.55
453.07
453.07
453.07
515.52
515.52
525.70
496.42
462.13
462.13
486.96
486.96
486.96
477.69
477.69
477.69
514.57
514.57
514.57
418.08
448.62
473.37
473.37
469.42
469.42
469.42
435.80
435.80
500.78
500.78
495.27
495.27
464.44
464.44
464.44
464.44
455.64
494.50
488.75
488.75
58.54
58.54
500.85
500.85
480.02
480.02
487.13
457.94
457.94
457.94
459.01
459.01
459.01
459.34
459.34
459.34
512.60
388.74
388.74
508.51
483.78
518.91
518.91
518.91
396.55
396.55
504.74
504.74
523.68
523.68
523.68
456.71
456.71
516.06
516.06
479.74
490.53
490.53
505.28
505.28
484.92
484.92
484.92
465.47
465.47
465.47
469.52
469.52
493.57
493.57
448.90
448.90
436.10
436.10
436.10
483.00
483.00
483.00
459.95
499.75
504.91
504.91
506.33
435.98
435.98
487.18
487.18
487.18
487.18
434.19
472.86
472.86
474.69
474.69
474.69
442.45
488.26
488.26
488.26
454.17
454.17
454.17
454.17
331.90
331.90
331.90
331.90
331.90
331.90
331.90
454.77
481.84
481.84
16.79
16.79
412.15
19.09
47.70
434.29
434.29
210.19
210.19
486.82
486.82
486.82
486.82
515.93
515.93
515.93
329.75
329.75
387.19
387.19
373.15
373.15
75.80
470.32
470.32
470.32
486.85
486.85
486.85
486.85
403.09
403.09
103.62
424.05
424.05
424.05
461.10
461.10
461.10
497.38
497.38
497.38
434.13
447.71
375.89
492.72
19.98
19.98
420.74
420.74
85.20
470.52
56.46
56.46
209.47
491.01
491.01
485.64
485.64
479.59
479.59
479.59
485.27
485.27
485.27
447.64
447.64
483.94
483.94
483.94
483.94
489.24
489.24
489.24
491.72
109.63
224.17
224.17
224.17
224.17
224.17
224.17
377.46
240.95
240.95
433.42
280.88
280.88
280.88
280.88
427.30
427.30
376.99
376.99
283.41
283.41
283.41
503.51
428.70
428.70
508.63
378.76
459.67
459.67
479.34
479.34
479.34
349.86
349.86
349.86
349.86
491.07
497.93
497.93
38.89
38.89
511.85
511.85
472.32
472.32
410.03
410.03
477.97
477.97
477.97
402.79
402.79
376.50
376.50
436.28
491.84
479.89
479.89
438.18
438.18
438.18
399.31
399.31
399.31
116.61
116.61
116.61
433.00
433.00
433.00
456.45
420.53
216.49
216.49
417.56
417.56
417.56
474.29
513.83
513.83
513.83
495.14
495.14
484.91
484.91
455.47
455.47
483.96
483.96
477.77
501.44
501.44
501.44
466.91
466.91
506.94
506.94
466.93
466.93
475.66
475.66
409.67
409.67
485.63
496.06
491.81
491.81
505.23
505.23
505.23
457.58
457.58
469.48
469.48
469.48
469.48
491.57
491.57
491.57
145.78
145.78
515.12
515.12
515.12
498.80
498.80
452.40
452.40
533.51
507.29
507.29
513.57
513.57
507.56
507.56
499.11
499.11
447.94
447.94
509.84
509.84
497.06
497.06
496.98
514.46
469.65
469.65
469.65
469.65
469.65
251.53
251.53
25.17
25.17
308.17
470.29
521.42
521.42
488.29
488.29
477.33
274.10
274.10
274.10
331.91
331.91
331.91
97.16
21.28
21.28
21.28
347.00
347.00
355.71
495.44
478.66
478.66
194.80
194.80
194.80
194.80
194.80
458.45
458.45
458.45
123.33
123.33
123.33
123.33
123.33
260.24
260.24
260.24
307.49
307.49
67.33
479.94
482.55
412.99
452.48
452.48
159.30
159.30
159.30
199.19
14.19
14.19
14.19
379.98
379.98
266.59
479.45
479.45
315.56
315.56
315.56
315.56
315.56
315.56
348.54
350.97
350.97
462.73
486.78
486.78
486.78
486.78
486.78
486.78
486.78
486.78
486.78
20.42
249.85
278.69
278.69
135.95
82.85
352.64
352.64
352.64
352.64
45.21
45.21
138.51
138.51
53.35
72.09
175.75
109.05
109.05
109.05
81.65
81.65
35.89
216.50
216.50
266.28
266.28
266.28
266.28
399.20
10.00
10.00
231.13
231.13
253.32
253.32
253.32
253.32
207.79
207.79
207.79
214.83
207.49
207.49
207.49
207.49
207.49
186.89
186.89
128.03
128.03
128.03
84.25
239.01
239.01
217.73
217.73
311.98
311.98
128.45
128.45
110.09
138.95
138.95
222.40
222.40
384.58
384.58
384.58
74.69
74.69
237.77
352.06
352.06
352.06
102.31
397.42
397.42
475.08
475.08
475.08
358.86
358.86
358.86
10.00
10.00
10.00
28.92
28.92
170.42
170.42
170.42
491.59
491.59
127.55
127.55
127.55
15.68
15.68
20.00
508.75
167.29
167.29
17.25
17.25
426.10
426.10
400.67
400.67
36.11
36.11
36.11
345.32
345.32
206.64
206.64
415.74
16.68
16.68
109.73
109.73
109.73
109.73
42.56
494.06
494.06
98.63
98.63
98.63
126.46
249.38
10.00
10.00
28.24
28.24
84.73
84.73
316.99
214.45
214.45
77.47
149.74
149.74
241.44
241.44
10.51
10.51
10.51
10.51
16.48
16.48
22.62
452.03
452.03
454.43
454.43
372.55
372.55
282.35
282.35
500.49
500.49
365.17
175.62
175.62
175.62
53.56
53.56
53.56
342.78
342.78
342.78
394.40
394.40
485.53
503.26
503.26
511.63
511.63
436.43
436.43
51.61
51.61
51.61
51.61
334.00
334.00
334.00
334.00
76.84
76.84
333.89
482.71
505.58
505.58
515.08
515.08
188.91
503.73
62.62
62.62
172.80
172.80
172.80
172.80
261.00
506.26
516.01
516.01
516.01
455.39
455.39
455.39
455.39
165.19
17.32
17.32
270.12
270.12
270.12
146.94
339.57
466.54
466.54
518.13
518.13
521.64
521.64
446.46
270.95
270.95
270.95
249.18
249.18
167.47
167.47
511.87
511.87
487.33
487.33
285.08
285.08
285.08
285.08
297.66
297.66
492.01
492.01
492.01
495.99
495.99
264.00
488.04
41.30
41.30
10.00
10.00
10.00
391.21
391.21
219.74
485.54
485.54
492.89
492.89
18.50
18.50
162.08
265.25
265.25
504.26
450.90
450.90
450.90
120.42
120.42
126.65
126.65
126.65
20.74
20.74
20.74
224.22
219.76
392.80
392.80
277.10
494.33
434.76
434.76
434.76
446.15
446.15
490.63
490.63
434.68
434.68
487.61
487.61
487.61
130.93
130.93
108.26
108.26
108.26
244.36
244.36
467.35
467.35
467.35
163.87
163.87
17.91
17.91
477.74
477.74
478.45
489.88
489.88
367.22
506.43
506.43
506.43
324.52
324.52
313.08
313.08
193.66
219.81
219.81
219.81
240.81
240.81
240.81
521.36
521.36
521.36
10.00
10.00
10.00
10.00
420.85
34.73
508.45
172.79
513.70
114.12
494.72
488.81
497.32
497.32
445.22
445.22
29.40
501.84
501.84
501.84
501.84
240.64
240.64
501.88
501.88
361.24
361.24
361.24
516.93
468.37
468.37
468.37
468.37
499.86
499.86
453.06
453.06
397.82
515.48
515.48
515.48
406.92
406.92
406.92
517.30
517.30
517.30
464.80
63.95
63.95
490.15
490.15
179.90
179.90
179.90
499.41
499.41
494.45
494.45
494.45
344.62
344.62
344.62
473.82
515.32
515.32
508.94
507.35
507.35
237.14
267.46
267.46
186.16
186.16
186.16
200.11
200.11
501.77
512.18
505.76
505.76
527.39
527.39
527.39
527.39
18.22
18.22
18.22
18.22
406.16
472.79
15.49
15.49
318.35
197.41
197.41
29.93
29.93
29.93
152.69
152.69
31.43
31.43
367.90
480.83
476.01
476.01
464.05
464.05
423.60
423.60
514.62
514.62
447.12
447.12
478.65
478.65
432.78
432.78
432.78
510.27
510.27
510.27
489.69
485.43
485.43
510.43
510.43
510.43
486.33
486.33
514.96
514.96
514.96
245.54
245.54
420.46
420.46
513.84
513.84
458.71
458.71
454.46
454.46
454.46
444.15
444.15
506.56
506.56
461.44
461.44
465.14
465.14
464.68
464.68
513.11
513.11
522.55
522.55
532.65
532.65
511.04
511.04
495.67
495.67
495.67
389.62
389.62
440.66
440.66
496.02
496.02
530.04
530.04
409.26
409.26
409.26
494.45
508.42
458.93
470.96
470.96
455.67
455.67
455.67
478.54
478.54
478.54
228.22
468.27
495.51
512.00
516.57
516.57
477.26
477.26
443.72
443.72
443.72
475.51
475.51
475.51
502.54
502.54
441.98
441.98
70.12
70.12
70.12
477.12
477.12
423.32
423.32
478.82
478.82
522.72
522.72
522.72
271.75
271.75
254.81
254.81
408.25
408.25
419.33
419.33
500.33
10.00
10.00
483.68
483.68
471.73
514.23
514.23
504.41
481.93
481.93
485.46
485.46
485.46
320.42
229.05
229.05
494.17
509.54
509.54
508.03
512.64
512.64
512.64
512.64
508.37
508.37
509.72
509.72
509.72
27.29
27.29
490.50
490.50
343.45
499.60
499.60
499.60
499.60
499.60
483.46
483.46
126.02
126.02
126.02
126.02
219.76
510.97
490.32
116.79
10.00
10.00
261.86
261.86
28.27
28.27
28.27
127.84
127.84
127.84
127.84
41.36
429.35
464.12
464.12
516.08
516.08
365.90
365.90
500.13
500.13
500.13
512.91
499.68
431.00
431.00
488.09
488.09
488.09
488.09
488.09
488.09
488.09
488.09
488.09
488.09
488.09
510.16
467.92
521.09
433.13
433.13
433.13
433.13
451.81
498.19
498.19
498.19
498.19
455.99
455.99
125.87
125.87
125.87
511.64
450.51
450.51
483.38
483.38
483.38
463.95
484.14
484.14
484.14
31.42
31.06
31.06
31.06
76.83
131.97
131.97
226.59
226.59
464.30
462.65
462.65
477.02
468.03
468.03
468.03
492.36
492.36
492.36
435.08
116.63
362.13
362.13
362.13
109.15
109.15
486.47
486.47
486.47
438.83
438.83
438.83
268.13
268.13
44.28
44.28
31.41
31.41
92.51
92.51
414.03
414.03
405.68
405.68
246.58
442.59
504.88
504.88
471.35
471.35
491.55
491.55
499.68
499.68
499.68
468.96
468.96
468.96
127.87
127.87
127.87
127.87
88.08
341.41
459.78
459.78
462.71
263.42
263.42
263.42
496.15
496.15
496.15
496.15
499.39
499.39
499.39
345.64
478.24
447.11
447.11
427.32
427.32
427.32
427.32
427.32
427.32
427.32
427.32
160.40
160.40
296.48
498.19
498.19
297.76
234.72
234.72
492.52
345.35
475.34
393.26
393.26
515.18
470.01
470.01
505.11
505.11
90.31
90.31
90.31
162.11
162.11
10.00
49.16
49.16
49.16
380.72
380.72
380.72
380.72
485.69
485.69
511.56
511.56
51.48
371.33
371.33
371.33
147.93
513.98
485.97
490.61
490.61
512.59
512.59
466.09
466.09
466.09
466.09
197.76
197.76
520.55
520.55
492.92
492.92
498.68
498.68
498.68
483.88
483.88
507.84
507.84
507.84
496.76
496.76
496.76
496.76
421.09
421.09
505.91
505.91
481.53
512.89
334.57
334.57
515.33
484.62
484.62
484.62
192.57
192.57
192.57
510.91
510.91
484.84
191.75
191.75
335.33
468.66
468.66
475.24
475.24
495.00
495.00
520.86
462.15
462.15
494.17
494.17
509.20
509.20
509.20
468.88
468.88
468.88
468.88
489.43
489.43
453.26
453.26
453.26
502.17
502.17
200.49
429.20
491.69
491.69
243.89
243.89
399.77
399.77
463.92
463.92
465.84
465.84
465.84
465.84
259.15
503.15
503.15
482.71
482.71
498.17
471.02
471.02
255.48
255.48
263.31
263.31
500.15
475.75
475.75
475.75
481.82
481.82
481.82
151.61
151.61
505.10
102.63
102.63
102.63
102.63
19.61
19.61
82.17
474.35
474.35
169.91
169.91
507.01
507.01
10.00
501.57
501.57
198.92
499.12
499.12
402.86
402.86
402.86
402.86
492.73
492.73
475.65
475.65
172.22
484.31
484.31
83.47
487.33
487.33
456.30
456.30
499.02
482.30
482.30
438.68
438.68
438.68
47.22
47.22
451.34
451.34
475.02
226.28
226.28
226.28
226.28
226.28
405.58
201.12
201.12
25.00
25.00
364.73
364.73
133.88
500.44
500.44
468.08
493.40
493.40
493.40
495.63
495.63
10.00
507.34
484.79
484.79
460.61
460.61
460.61
460.61
518.12
518.12
160.50
160.50
494.07
494.07
502.71
502.71
502.71
509.28
465.17
484.77
484.77
484.77
491.54
491.54
26.76
26.76
26.76
479.60
479.60
481.96
481.96
481.96
186.54
483.51
479.64
479.64
479.64
479.64
281.36
105.65
105.65
105.65
514.43
17.27
17.27
218.66
218.66
491.69
499.83
464.07
464.07
464.07
190.43
190.43
190.43
100.66
100.66
106.09
454.66
454.66
350.13
377.51
377.51
377.51
377.51
505.94
505.94
160.04
19.87
19.87
102.12
109.78
109.78
109.78
109.78
352.83
472.08
512.42
512.42
502.91
489.07
489.07
439.61
439.61
439.61
82.81
82.81
519.81
512.27
512.27
512.27
264.67
264.67
492.85
492.85
124.84
115.04
115.04
485.48
485.48
485.48
485.48
450.53
450.53
470.36
440.19
440.19
501.49
501.49
501.49
446.47
446.47
475.77
475.77
475.77
146.90
450.56
450.56
511.13
511.13
414.53
414.53
513.37
505.51
505.51
505.51
497.47
497.47
497.47
497.47
470.84
470.84
483.24
294.53
443.59
443.59
443.59
507.54
465.95
465.95
498.68
498.68
523.18
523.18
283.25
283.25
505.48
505.48
505.48
483.93
483.93
417.51
417.51
500.68
146.94
146.94
146.94
146.94
478.36
478.36
523.55
467.04
482.04
482.04
482.04
425.06
425.06
425.06
425.06
302.36
437.67
474.63
474.63
291.66
472.86
497.90
497.90
497.90
403.66
403.66
403.66
430.05
430.05
430.05
204.17
490.34
490.34
507.53
475.50
475.50
508.20
508.20
508.20
447.30
447.30
494.15
494.15
494.15
470.14
470.14
439.17
439.17
439.17
490.35
490.35
494.35
494.35
493.98
493.98
445.75
445.75
471.94
30.47
30.47
20.97
20.97
20.97
20.97
421.09
421.09
454.80
454.80
524.49
524.49
20.90
20.90
451.65
451.65
485.07
485.07
464.45
464.45
443.00
443.00
443.00
59.98
59.98
150.45
342.56
466.77
503.09
16.57
16.57
16.57
452.75
10.00
10.00
477.67
477.67
372.52
372.52
463.75
463.75
475.33
475.33
477.27
477.27
477.27
340.43
340.43
468.05
468.05
508.65
508.65
508.65
494.92
439.37
439.37
212.23
212.23
212.23
448.07
448.07
477.14
177.63
177.63
505.82
432.77
432.77
432.77
432.77
260.99
423.33
423.33
376.22
376.22
376.22
249.24
495.29
495.29
183.24
183.24
476.67
476.67
476.67
38.73
490.45
490.45
242.85
56.51
158.78
158.78
179.46
179.46
493.96
493.96
249.11
249.11
249.11
514.52
475.75
475.75
75.55
75.55
443.03
443.03
493.73
493.73
493.73
493.73
493.73
186.72
511.66
511.66
511.66
511.66
119.05
119.05
119.05
428.94
487.55
487.55
193.55
193.55
505.29
279.18
279.18
279.18
38.15
38.15
499.90
70.20
70.20
70.20
482.20
482.20
258.68
258.68
474.74
512.03
512.03
500.07
254.71
254.71
254.71
425.86
425.86
271.64
271.64
177.07
177.07
454.96
454.96
454.96
434.27
434.27
497.89
497.89
448.46
448.46
455.26
499.40
499.40
499.40
499.40
110.73
110.73
258.82
258.82
258.82
468.70
35.11
35.11
35.11
473.67
184.56
184.56
214.98
214.98
455.14
491.39
491.39
476.57
476.57
476.57
93.12
93.12
492.45
492.45
438.59
438.59
438.59
486.76
486.76
10.00
10.00
92.88
92.88
458.31
458.31
458.31
444.49
407.62
407.62
407.62
206.55
206.55
206.55
144.64
144.64
314.15
233.30
312.71
10.53
10.53
159.69
159.69
205.81
205.81
10.00
10.00
371.71
371.71
371.71
448.61
448.61
511.58
511.58
10.00
503.44
457.39
457.39
513.70
513.70
235.54
235.54
334.44
334.44
334.44
334.44
220.41
247.97
235.98
207.54
516.23
516.23
523.48
523.48
523.48
455.69
455.69
455.69
521.94
485.82
485.82
183.80
183.80
183.80
365.20
365.20
365.20
365.20
10.58
506.12
47.87
47.87
482.48
505.27
505.27
93.42
93.42
93.42
93.42
239.76
496.42
496.42
375.30
375.30
72.52
72.52
59.98
59.98
485.08
485.08
485.08
464.12
508.82
488.20
488.20
432.40
432.40
432.40
246.27
246.27
246.27
246.27
511.95
511.95
511.95
511.95
129.60
92.73
216.41
216.41
16.82
497.64
489.41
489.41
496.79
496.79
519.09
498.84
498.84
463.21
508.19
508.19
508.19
507.58
507.58
493.30
493.30
484.00
484.00
492.24
492.24
492.24
438.97
438.97
438.97
145.18
483.35
483.35
483.35
507.80
177.09
518.87
518.87
518.87
518.87
514.95
514.95
460.50
460.50
460.50
471.16
471.16
514.73
514.73
532.79
461.06
461.06
461.06
503.97
424.63
424.63
424.63
449.22
449.22
449.22
449.22
506.97
485.53
485.53
500.37
500.37
457.75
484.47
211.80
211.80
211.80
420.19
420.19
420.19
484.69
484.69
484.69
234.34
458.77
488.07
488.07
488.07
520.88
520.88
485.84
492.10
492.10
94.68
94.68
59.45
345.47
345.47
347.06
342.03
342.03
497.55
497.55
477.82
477.82
445.88
445.88
445.88
422.58
422.58
467.34
467.34
503.38
503.38
261.87
476.88
476.88
460.68
400.58
400.58
453.01
453.01
453.01
453.01
362.17
362.17
362.17
104.29
104.29
244.96
104.71
104.71
51.52
51.52
160.69
160.69
277.87
277.87
277.87
463.42
463.42
463.42
216.51
474.60
372.61
468.93
468.93
493.20
493.20
493.20
318.30
318.30
461.45
461.45
313.16
313.16
431.68
431.68
455.26
410.72
410.72
410.72
456.48
456.48
456.48
493.68
493.68
241.65
241.65
241.65
491.28
491.28
442.72
505.19
505.19
435.87
435.87
500.52
500.52
500.52
486.16
486.16
428.43
428.43
175.02
500.31
500.31
486.35
508.48
508.48
506.01
506.01
465.01
465.01
438.86
525.20
515.63
515.63
514.62
439.23
439.23
489.10
489.10
489.10
510.00
510.00
510.00
499.72
499.72
499.72
499.72
499.72
519.34
519.34
477.21
491.99
491.99
499.01
456.38
59.12
59.12
59.12
468.27
468.27
515.21
462.45
462.45
462.45
494.36
494.36
494.36
494.36
479.58
491.52
491.52
515.02
504.99
504.99
504.99
498.20
498.20
498.20
427.20
427.20
485.49
485.49
480.26
480.26
484.38
484.38
504.23
504.23
504.23
443.07
443.07
506.10
506.10
506.10
506.10
520.14
464.96
515.72
17.06
17.06
17.06
504.51
504.51
504.51
430.24
158.86
499.65
499.65
519.65
519.65
523.32
506.25
506.25
418.17
418.17
395.40
395.40
445.47
445.47
445.47
512.41
512.41
449.03
449.03
485.77
416.11
416.11
416.11
468.44
468.44
507.88
507.88
525.81
525.81
525.81
512.15
482.65
482.65
482.65
495.10
495.10
471.93
471.59
487.44
457.46
457.46
457.46
457.46
494.87
121.28
121.28
422.33
321.62
321.62
461.97
461.97
498.45
498.45
498.45
515.90
515.90
423.33
423.33
499.27
499.27
460.35
460.35
460.35
364.07
364.07
202.48
202.48
202.48
277.91
277.91
464.72
488.83
488.83
463.03
463.03
504.86
504.86
504.86
251.57
459.39
459.39
491.82
486.87
486.87
486.87
486.87
454.01
454.01
454.01
271.43
271.43
271.43
62.59
391.87
159.04
467.13
467.13
464.97
464.97
480.87
480.47
480.47
475.67
452.77
452.77
494.07
459.38
459.38
231.76
231.76
231.76
231.76
10.44
10.44
490.21
492.51
492.51
499.49
522.84
522.84
522.84
409.84
409.84
497.93
471.25
471.25
471.25
471.25
291.30
291.30
291.30
291.30
388.45
388.45
193.34
193.34
293.80
293.80
440.30
440.30
478.37
519.80
519.80
457.48
457.48
507.13
507.13
507.13
466.00
466.00
445.97
445.97
414.96
414.96
255.98
255.98
255.98
481.93
481.93
492.22
492.22
492.22
430.66
430.66
430.66
254.00
254.00
254.00
497.27
497.27
497.27
509.67
509.67
509.67
509.67
492.74
484.09
513.76
513.76
442.83
442.83
442.83
442.83
484.14
484.14
484.23
370.39
486.68
486.68
486.68
198.97
507.01
507.01
507.01
450.37
450.37
450.37
470.51
482.93
492.98
470.35
470.35
470.35
345.41
345.41
345.41
207.17
207.17
402.93
402.93
457.99
457.99
457.99
457.99
194.72
403.55
63.77
289.41
289.41
289.41
289.41
483.69
460.31
460.31
460.31
250.32
250.32
502.74
377.36
377.36
377.36
449.13
449.13
492.29
492.29
259.16
259.16
259.16
205.55
309.06
309.06
196.78
196.78
277.77
277.77
277.77
212.50
212.50
473.45
473.45
443.90
443.90
443.90
443.90
221.59
10.00
10.00
396.43
396.43
503.92
503.92
338.21
272.35
272.35
187.34
187.34
187.34
140.80
140.80
491.01
491.01
497.43
497.43
497.43
482.04
487.11
487.11
499.93
499.93
457.76
457.76
490.50
490.50
515.44
13.69
13.69
501.01
515.48
515.48
515.48
515.48
489.93
489.93
489.93
10.00
10.00
479.41
479.41
476.77
476.77
476.77
478.08
478.08
507.86
482.02
482.02
482.56
482.56
457.90
457.90
409.80
409.80
514.01
514.01
426.63
426.63
491.62
491.62
464.56
464.56
10.34
10.34
497.50
497.50
467.72
467.72
507.22
507.22
507.22
498.85
498.85
498.85
503.13
503.13
461.20
461.20
505.24
505.24
468.26
468.26
487.74
440.06
440.06
487.54
504.60
489.51
489.51
489.51
396.82
396.82
479.27
500.23
465.25
471.86
471.86
438.81
438.81
472.34
472.34
472.34
472.34
514.90
514.90
514.90
531.10
506.62
506.62
506.62
506.62
508.90
484.93
484.93
422.49
422.49
422.49
491.49
489.25
489.25
416.96
416.96
416.96
512.23
512.23
512.23
512.23
512.23
131.97
254.22
484.24
504.84
507.36
486.93
507.12
507.12
435.17
523.26
523.26
523.26
506.44
506.44
514.73
514.73
461.16
461.16
10.00
10.00
10.00
503.28
503.28
457.07
457.07
514.16
514.16
514.16
484.50
484.50
501.80
501.80
470.43
470.43
470.43
12.48
12.48
12.48
495.60
484.92
484.92
491.82
17.11
17.11
17.11
455.31
455.31
510.99
464.78
482.14
447.17
447.17
503.31
503.31
503.31
415.50
415.50
415.50
415.50
231.00
231.00
78.73
78.73
134.47
119.97
119.97
119.97
500.87
500.87
500.87
500.87
500.36
500.36
442.99
442.99
493.61
493.61
461.29
461.29
498.33
498.33
498.33
463.51
463.51
463.51
463.51
517.41
517.41
129.00
439.35
439.35
151.97
527.41
489.72
489.72
131.87
131.87
123.91
123.91
238.39
238.39
134.95
40.89
40.89
255.93
255.93
147.99
147.99
13.49
13.49
83.16
248.08
463.08
493.02
493.02
46.27
46.27
95.42
95.42
20.19
20.19
257.80
257.80
507.85
507.85
477.09
477.09
477.09
477.09
494.45
494.45
494.45
39.10
39.10
39.10
39.10
492.57
497.86
473.02
473.02
489.94
484.74
484.74
484.74
484.74
182.04
182.04
509.01
509.01
490.79
490.79
10.00
10.00
10.00
463.80
463.80
497.33
497.33
480.69
480.69
504.97
470.87
470.87
470.87
426.65
426.65
426.65
498.49
498.49
507.21
507.21
507.21
499.87
499.87
459.99
459.99
472.12
472.12
489.73
489.73
454.33
454.33
454.33
497.69
497.69
441.32
441.32
503.80
503.80
488.44
488.44
506.91
506.91
477.46
411.16
512.69
476.20
476.20
391.63
391.63
454.61
454.61
477.87
477.87
477.87
514.39
514.39
514.39
477.32
477.32
509.69
493.74
478.38
478.38
512.17
463.10
463.10
495.21
495.21
495.21
448.63
448.63
495.60
495.60
516.40
516.40
473.08
518.49
518.49
506.88
506.88
506.88
525.99
525.99
499.04
499.04
499.04
440.37
440.37
440.37
486.11
486.11
486.11
494.56
494.56
473.25
465.69
465.69
465.69
497.26
442.79
442.79
506.93
506.93
484.93
465.11
465.11
480.60
480.60
462.82
491.24
491.24
491.30
491.30
475.66
475.66
532.18
532.18
532.18
511.50
511.50
497.78
497.78
465.21
465.21
413.56
413.56
413.56
217.69
217.69
217.69
133.06
133.06
293.27
118.94
118.94
301.81
301.81
15.56
504.50
504.50
41.95
41.95
224.52
224.52
476.65
472.11
472.11
224.66
224.66
477.61
477.61
468.03
468.03
468.03
449.93
449.93
514.36
514.36
514.36
514.36
466.76
466.76
454.06
454.06
454.06
500.27
500.27
451.12
451.12
528.05
528.05
467.91
467.91
10.00
10.00
10.00
10.00
10.00
10.00
405.25
10.00
87.43
50.73
458.59
458.59
100.01
504.97
504.97
20.84
20.84
498.87
498.87
470.87
77.38
500.47
500.47
175.28
500.33
500.33
500.33
500.33
475.53
475.53
475.53
475.53
475.53
475.53
477.97
499.84
499.84
489.67
497.95
497.95
63.28
63.28
63.28
233.37
233.37
366.38
366.38
366.38
470.61
491.73
476.48
476.48
476.48
75.58
219.84
219.84
283.88
283.88
133.20
133.20
133.20
29.57
29.57
487.19
487.19
116.84
116.84
175.34
175.34
507.61
507.61
104.51
104.51
404.26
477.73
477.73
477.73
424.64
441.91
441.91
452.28
454.81
167.28
528.70
528.70
528.70
90.67
90.67
90.67
63.93
63.93
63.93
63.93
471.28
471.28
51.81
194.50
194.50
523.22
523.22
306.49
306.49
306.49
10.00
10.00
256.32
256.32
441.86
250.59
250.59
231.00
231.00
16.48
16.48
345.61
345.61
345.61
345.61
142.15
142.15
142.15
10.00
10.00
280.24
47.14
169.77
169.77
169.77
274.34
274.34
140.81
190.01
10.00
465.43
432.23
419.63
496.53
496.53
454.35
454.35
454.35
494.21
494.21
494.21
92.35
477.77
477.77
521.83
521.83
521.83
467.34
467.34
477.68
477.68
395.18
395.18
395.18
504.81
504.81
504.81
504.81
469.29
469.29
469.29
469.29
262.71
262.71
473.05
473.05
458.23
510.75
516.27
516.27
459.42
483.24
483.24
483.24
236.25
236.25
511.56
486.79
379.34
379.34
504.96
504.96
473.55
473.55
473.55
457.23
457.23
487.81
487.81
494.74
494.74
492.24
492.24
487.39
487.39
520.35
520.35
520.35
492.54
492.54
492.54
453.19
453.19
497.18
497.18
497.18
497.17
497.17
501.46
501.46
486.97
486.97
486.97
476.47
476.47
493.78
493.78
493.78
136.51
480.01
506.05
502.13
502.13
502.13
508.69
508.69
469.48
469.48
469.48
439.85
439.85
513.78
502.25
502.25
485.14
512.22
512.22
477.84
477.84
517.10
465.05
465.05
519.30
519.30
492.01
492.01
492.01
395.53
505.61
505.61
505.57
505.57
490.02
490.02
490.02
461.70
461.70
513.90
456.94
485.07
485.07
499.71
470.50
470.50
470.50
492.95
492.95
470.60
495.19
442.59
442.59
442.59
466.09
466.09
371.14
371.14
371.14
411.16
411.16
411.16
482.40
482.40
451.39
451.39
491.07
491.07
491.07
507.01
507.01
15.41
459.70
459.70
459.70
10.00
10.00
461.42
465.13
480.81
233.58
233.58
448.73
448.73
448.73
528.95
528.95
325.10
325.10
325.10
325.10
467.80
357.53
493.03
493.03
500.33
500.33
417.31
506.79
506.79
506.79
452.73
452.73
500.47
500.47
458.26
458.26
458.26
424.86
424.86
435.94
435.94
435.94
492.41
492.41
482.38
482.38
462.94
462.94
251.79
251.79
251.79
251.79
500.35
131.33
131.33
160.49
160.49
95.78
95.78
68.75
68.75
508.82
508.82
508.82
17.27
17.27
92.81
20.33
216.82
216.82
320.43
477.94
462.61
420.03
420.03
420.03
475.12
475.12
29.15
29.15
29.15
402.15
511.77
511.77
466.97
466.97
450.86
450.86
450.86
17.79
17.79
489.05
489.05
489.05
224.99
224.99
10.00
10.00
514.81
514.81
514.81
20.32
20.32
133.43
133.43
133.43
507.66
160.81
469.53
472.15
472.15
472.18
472.18
10.00
10.00
212.48
212.48
472.79
472.79
19.94
19.94
40.04
40.04
40.04
488.74
488.74
471.35
471.35
496.55
496.55
90.39
90.39
488.56
488.56
518.82
518.82
518.82
451.30
451.30
451.30
92.93
92.93
92.93
198.16
10.00
229.99
223.34
50.04
50.04
167.88
167.88
16.38
16.38
261.20
195.20
195.20
474.91
187.43
187.43
187.43
501.39
501.39
446.14
446.14
446.14
446.14
434.89
489.04
499.50
499.50
499.50
493.42
493.42
308.87
308.87
308.87
462.36
462.36
493.16
493.16
473.58
473.58
473.58
473.58
507.34
507.34
447.56
447.56
474.53
474.53
44.80
44.80
482.94
482.94
482.94
428.41
428.41
464.03
464.03
464.03
480.18
427.03
500.25
500.25
483.91
483.91
478.03
478.03
478.03
478.03
265.87
388.26
462.78
462.78
454.89
454.89
454.89
523.89
523.89
523.89
523.89
511.79
300.71
300.71
421.22
421.22
421.22
506.16
472.41
470.24
470.24
470.24
501.28
501.28
501.28
455.86
455.86
506.42
515.96
515.96
495.55
495.55
495.55
494.94
518.10
518.10
492.14
492.14
463.32
463.32
507.22
507.22
507.22
507.22
498.47
498.47
515.57
515.57
476.65
476.65
508.17
508.17
508.17
475.38
475.38
475.38
175.22
175.22
175.22
518.95
457.33
457.33
523.42
473.57
473.57
172.37
481.68
481.68
460.52
460.52
425.24
425.24
436.03
496.19
496.19
248.18
248.18
469.27
469.27
469.27
121.19
98.23
98.23
500.15
500.15
253.64
494.67
494.67
494.67
489.38
489.38
489.38
489.38
213.67
213.67
507.54
162.90
162.90
403.61
403.61
10.00
10.00
10.00
243.25
329.03
329.03
122.65
122.65
122.65
252.00
252.00
73.22
483.96
483.96
483.57
483.57
112.97
112.97
52.25
52.25
241.22
241.22
241.22
72.76
17.66
17.66
17.66
17.66
137.57
137.57
10.00
10.00
190.27
190.27
68.43
341.37
341.37
479.81
479.81
498.55
498.55
306.73
507.97
507.97
71.66
71.66
71.66
71.66
71.66
71.66
40.84
304.13
304.13
360.35
497.95
16.58
16.58
16.58
16.58
222.62
366.96
49.91
121.00
121.00
121.00
121.00
121.00
62.88
171.14
171.14
431.73
431.73
479.10
370.70
434.19
446.54
446.54
383.83
383.83
357.99
482.48
482.48
478.31
478.31
478.31
215.95
215.95
215.95
215.95
10.00
10.00
10.00
119.12
244.45
244.45
244.45
385.17
427.28
427.28
427.28
73.32
73.32
73.32
73.32
276.30
276.30
156.83
490.97
490.97
469.45
508.31
508.31
508.31
416.40
416.40
281.15
281.15
494.43
500.31
500.31
500.31
500.31
227.18
227.18
125.90
125.90
125.90
125.90
229.56
229.56
20.33
20.33
409.58
277.22
277.22
478.86
478.86
247.18
247.18
344.55
344.55
433.56
433.56
94.71
466.50
459.65
459.65
459.65
459.65
410.16
410.16
410.16
378.55
378.55
106.76
499.92
499.92
507.61
459.93
459.93
498.42
498.42
498.42
372.07
372.07
372.07
372.07
472.57
472.57
472.57
450.74
450.74
508.53
508.53
189.36
189.36
189.36
501.96
501.96
516.93
516.93
504.56
504.56
76.53
76.53
500.60
486.40
480.63
480.63
483.38
483.38
441.61
441.61
502.27
502.27
502.27
492.62
492.62
505.90
505.90
488.93
488.93
435.51
435.51
484.77
484.77
477.97
477.97
457.59
457.59
512.03
512.03
512.64
515.35
515.35
393.82
393.82
437.44
437.44
437.44
473.65
473.65
473.65
498.78
498.78
498.78
509.48
509.48
509.48
509.48
221.44
503.58
483.57
483.57
280.92
76.39
224.06
470.56
458.93
458.93
519.93
519.93
519.93
246.29
246.29
507.55
507.55
491.08
491.08
490.40
490.40
515.12
515.12
515.12
464.56
464.56
458.31
458.31
458.31
514.27
514.27
514.27
496.69
496.69
496.69
472.93
504.66
511.81
511.81
163.78
163.78
163.78
507.75
507.75
455.50
455.50
455.50
454.51
503.55
474.56
474.56
516.36
516.36
482.49
482.49
265.45
265.45
510.75
510.75
510.75
497.30
497.30
509.75
509.75
508.50
507.03
507.03
466.06
466.06
444.05
10.00
10.00
447.00
447.00
460.98
460.98
347.89
347.89
347.89
347.89
417.74
417.74
417.74
370.56
390.98
390.98
488.40
457.35
457.35
457.35
410.35
410.35
410.35
165.07
165.07
207.52
207.52
30.57
10.00
451.89
451.89
242.95
471.18
471.18
471.18
18.30
18.30
18.30
110.78
110.78
150.00
255.00
487.83
487.83
300.71
268.09
268.09
268.09
268.09
42.41
410.48
410.48
459.36
459.36
116.79
116.79
499.23
499.23
448.41
448.41
495.40
495.40
490.93
490.93
490.93
486.31
475.02
475.02
219.86
219.86
219.86
497.01
497.01
494.03
494.03
480.74
480.74
480.74
304.61
483.44
483.44
152.47
152.47
152.47
152.47
152.47
170.05
452.01
452.01
343.14
17.57
17.57
114.45
238.37
472.65
472.65
28.93
28.93
157.62
531.10
531.10
10.00
465.83
495.19
495.19
495.19
495.19
245.55
245.55
376.21
376.21
376.21
220.60
220.60
220.60
93.72
93.72
472.13
498.63
498.63
298.05
298.05
298.05
298.05
482.21
482.21
487.46
316.95
316.95
439.87
439.87
157.53
157.53
477.25
477.25
477.25
449.51
492.21
492.21
492.21
16.77
16.77
501.60
501.60
28.50
28.50
28.50
28.50
76.06
76.06
76.06
76.06
76.06
376.00
195.06
500.64
151.30
498.91
476.83
476.83
476.83
474.74
474.74
474.74
474.74
59.28
59.28
186.31
186.31
186.31
60.75
60.75
240.67
240.67
219.88
180.82
488.19
488.19
276.01
276.01
478.11
143.50
143.50
227.74
227.74
520.17
520.17
520.17
169.55
169.55
446.72
446.72
325.32
325.32
157.02
157.02
188.66
188.66
188.66
124.61
124.61
482.70
482.70
482.70
18.49
18.49
18.49
304.34
304.34
475.80
475.80
475.80
135.31
164.37
200.44
200.44
51.72
444.75
484.59
484.59
126.89
126.89
80.15
80.15
80.15
35.41
24.63
274.73
274.73
175.19
175.19
304.32
304.32
304.32
304.32
304.32
304.32
10.00
10.00
385.65
385.65
450.62
466.38
484.49
475.40
475.40
475.40
475.40
475.40
475.40
394.99
394.99
195.14
351.64
351.64
69.59
69.59
69.59
113.12
439.57
439.57
14.21
14.21
14.21
14.21
14.21
386.13
201.23
13.89
13.89
24.73
87.46
87.46
315.50
12.17
12.17
61.29
30.43
30.43
362.17
165.48
10.00
403.56
403.56
403.56
235.39
235.39
235.39
354.02
354.02
354.02
354.02
354.02
354.02
354.02
354.02
354.02
354.02
354.02
353.40
64.84
64.84
133.96
133.96
24.41
192.71
192.71
192.71
423.05
213.66
213.66
10.00
10.00
10.00
10.00
10.00
23.58
23.58
23.58
10.00
10.00
229.45
229.45
10.00
10.00
497.88
497.88
467.90
395.36
395.36
395.36
513.01
513.01
207.80
207.80
284.61
284.61
177.86
427.88
427.88
478.83
478.83
516.45
516.45
516.45
92.73
92.73
92.73
69.86
69.86
164.22
164.22
319.19
71.27
71.27
216.95
216.95
424.43
340.50
340.50
340.50
480.75
432.54
432.54
432.54
203.25
203.25
203.25
19.90
19.90
67.15
67.15
67.15
20.75
20.75
291.32
291.32
69.08
69.08
249.65
505.32
392.82
512.42
512.42
11.59
11.59
501.51
486.37
486.37
532.92
498.46
498.46
482.16
482.16
114.00
114.00
417.03
417.03
61.79
61.79
499.28
499.28
154.51
154.51
521.91
521.91
483.20
483.20
15.99
334.25
334.25
334.25
10.00
10.00
514.80
514.80
514.80
414.90
414.90
414.90
448.80
448.80
448.80
458.01
458.01
458.01
280.48
280.48
280.48
487.20
487.20
487.20
181.57
181.57
181.57
181.57
181.57
338.30
340.10
217.61
167.93
167.93
10.00
84.69
507.77
302.25
302.25
347.48
347.48
207.19
528.15
528.15
466.30
504.38
504.38
504.38
407.99
407.99
247.51
247.51
522.25
522.25
522.25
474.95
474.95
450.15
450.15
450.15
468.02
468.02
494.48
494.48
494.48
80.40
506.03
506.03
510.93
510.93
40.59
472.50
509.74
509.74
509.74
509.74
405.81
478.99
478.99
356.97
356.97
514.75
514.75
504.77
504.77
504.77
504.77
466.61
466.61
59.87
59.87
460.15
460.15
514.94
514.94
483.90
483.90
470.98
484.38
484.38
470.44
470.44
524.37
524.37
455.56
455.56
494.33
494.33
234.78
234.78
500.03
500.03
477.49
523.10
523.10
484.62
484.62
353.15
353.15
328.65
328.65
517.23
458.16
458.16
458.16
506.87
506.87
523.04
523.04
523.04
158.23
158.23
158.23
456.33
456.33
456.33
230.36
230.36
14.93
439.35
511.03
511.03
475.49
522.07
522.07
507.71
507.71
234.30
234.30
274.77
508.18
525.29
525.29
525.29
263.23
263.23
263.23
507.03
507.03
507.03
489.34
489.34
232.42
232.42
232.42
232.42
232.42
232.42
425.97
438.16
493.56
493.56
473.43
144.16
144.16
229.14
127.99
81.28
81.28
81.28
484.71
484.71
522.11
505.23
505.23
505.23
505.23
505.23
457.94
402.89
512.49
48.70
48.70
48.70
465.66
465.66
465.66
470.49
470.49
470.49
470.49
42.44
42.44
507.38
262.28
453.19
453.19
246.19
494.79
494.79
494.79
164.91
164.91
452.01
452.01
452.01
452.01
247.92
247.92
211.38
211.38
504.38
508.61
508.61
508.61
435.73
435.73
435.73
435.73
10.00
10.00
10.00
277.47
10.00
65.92
499.75
256.83
256.83
256.83
268.43
123.63
123.63
123.63
31.92
31.92
378.33
378.33
378.33
126.24
126.24
126.24
451.44
451.44
192.10
192.10
192.10
249.04
249.04
16.28
16.28
10.61
10.61
56.49
56.49
56.49
185.68
497.76
492.68
17.38
17.38
17.38
17.38
462.03
462.03
508.67
495.84
495.84
499.58
499.58
462.31
462.31
479.70
479.70
448.06
448.06
448.06
448.06
454.59
454.59
454.59
454.59
289.08
289.08
289.08
289.08
289.08
86.91
260.22
472.59
472.59
472.59
202.20
477.73
477.73
479.37
484.82
484.82
482.79
482.79
482.79
374.49
488.24
488.24
522.27
522.27
522.27
291.99
454.65
454.65
454.65
454.65
521.58
521.58
521.58
483.95
483.95
483.95
273.23
464.26
470.18
470.18
479.33
479.33
205.44
205.44
510.50
510.50
455.74
455.74
455.74
481.59
481.59
481.59
500.08
500.08
500.08
123.94
123.94
214.45
214.45
236.16
236.16
279.65
279.65
41.07
41.07
91.36
91.36
370.23
370.23
370.23
72.10
411.17
523.16
481.47
481.47
498.46
484.82
498.65
137.60
200.47
200.47
200.47
17.55
17.55
17.55
457.50
490.98
490.98
490.98
490.98
490.98
175.89
175.89
175.89
227.78
227.78
10.00
10.00
338.15
436.72
234.26
48.68
48.68
48.68
227.75
227.75
466.75
429.27
429.27
429.27
473.15
473.15
496.54
496.54
254.19
495.63
27.11
27.11
512.08
512.08
512.08
512.08
495.71
495.71
10.00
10.00
504.48
504.48
434.92
434.92
519.43
519.43
371.36
473.60
473.60
482.84
482.84
482.84
482.84
30.84
30.84
477.44
477.44
490.77
461.04
461.04
458.06
458.06
456.70
456.70
499.25
499.25
511.77
511.77
511.77
511.77
504.95
504.95
504.95
508.16
508.16
464.97
523.53
523.53
458.84
458.84
458.84
505.29
505.29
488.78
488.78
497.96
500.13
500.13
500.13
131.46
131.46
131.46
43.63
43.63
478.02
478.02
257.77
257.77
105.13
486.67
486.47
486.47
481.72
481.72
504.02
502.01
502.01
490.77
495.31
495.31
499.22
499.22
499.22
395.72
395.72
395.72
20.96
20.96
66.87
66.87
66.87
82.56
17.84
523.66
472.17
472.17
475.71
505.29
505.29
505.29
505.29
226.55
226.55
207.77
207.77
225.56
225.56
472.53
472.53
109.41
109.41
40.72
40.72
40.72
40.72
40.72
215.65
500.28
193.71
193.71
406.67
513.75
513.75
499.92
499.92
243.98
243.98
81.44
81.44
81.44
478.66
478.66
440.12
440.12
58.23
480.07
480.07
480.07
41.01
41.01
41.01
439.61
439.61
10.66
10.66
10.66
507.55
507.55
504.16
495.00
495.00
291.06
504.38
504.38
441.15
441.15
509.22
469.58
469.58
469.58
396.98
396.98
396.98
451.46
451.46
526.76
526.76
526.76
467.70
467.70
485.27
485.27
10.00
10.00
220.32
220.32
448.12
448.12
468.48
468.48
468.48
491.71
491.71
512.81
512.81
482.14
493.84
493.84
454.93
482.13
482.13
482.13
500.16
500.16
506.18
506.18
480.41
505.79
505.79
437.22
437.22
437.22
497.64
497.64
460.71
460.71
418.49
500.54
500.54
500.54
500.54
430.50
430.50
443.62
443.62
443.62
514.24
461.35
461.35
472.50
472.50
186.67
186.67
474.88
474.88
428.46
428.46
391.71
391.71
391.71
493.77
493.77
477.00
475.02
475.02
501.95
501.95
501.95
490.84
490.84
501.51
501.51
488.84
484.07
484.07
459.62
477.66
477.66
298.72
298.72
298.72
435.03
435.03
503.75
503.75
458.81
458.81
458.81
493.37
454.39
454.39
412.34
412.34
483.68
483.68
520.75
468.26
439.44
439.44
487.91
487.91
463.89
463.89
269.50
269.50
269.50
511.09
511.09
463.78
463.78
463.78
469.55
469.55
499.57
509.58
509.58
485.43
485.43
491.84
491.84
484.82
484.82
481.20
481.20
271.76
271.76
453.94
453.94
453.94
513.53
55.98
55.98
95.32
95.32
381.15
381.15
381.15
507.35
345.65
345.65
17.12
17.12
10.00
10.00
10.00
152.41
152.41
10.00
369.23
369.23
174.60
174.60
154.48
154.48
187.18
187.18
72.84
72.84
72.84
72.84
72.84
223.52
52.82
56.97
29.16
39.59
39.59
39.59
121.42
121.42
136.22
258.88
258.88
27.88
464.80
209.95
10.00
10.00
353.28
353.28
353.28
268.49
268.49
142.25
142.25
68.78
68.78
68.78
468.20
468.20
393.70
393.70
393.70
477.57
477.57
498.28
462.26
462.26
481.28
363.46
363.46
10.00
10.00
10.00
10.00
10.00
217.16
217.16
143.41
143.41
473.50
491.52
256.18
256.18
484.12
484.12
164.98
164.98
164.98
164.98
458.02
458.02
458.08
458.08
242.49
242.49
469.64
469.64
469.64
26.77
26.77
274.23
274.23
487.29
487.29
487.29
111.03
111.03
494.55
494.55
494.55
268.27
303.08
303.08
303.08
109.51
109.51
234.86
234.86
14.50
14.50
349.27
490.34
490.34
507.71
484.12
478.82
478.82
255.26
255.26
174.44
377.56
377.56
377.56
444.79
444.79
444.79
444.79
382.54
382.54
72.41
173.14
173.14
450.43
450.43
369.98
369.98
156.94
156.94
156.94
429.31
429.31
429.31
196.84
196.84
196.84
72.69
484.52
484.52
288.71
213.31
486.43
486.43
400.53
400.53
17.33
17.33
229.07
229.07
229.07
476.19
476.19
490.96
490.96
117.37
505.11
505.11
505.11
10.00
10.00
437.12
437.12
471.36
471.36
451.50
451.50
513.80
513.80
187.84
187.84
448.54
448.54
448.54
272.46
272.46
272.46
272.46
152.01
152.01
251.86
19.21
19.21
124.76
193.00
193.00
218.86
218.86
507.77
485.10
350.71
350.71
19.72
490.47
490.47
240.87
240.87
156.04
156.04
156.04
330.62
330.62
449.47
255.86
255.86
528.84
528.84
492.84
504.94
475.59
475.59
514.04
514.04
469.28
469.28
433.33
433.33
475.07
475.07
475.07
515.06
515.06
506.25
506.25
472.44
472.44
472.44
456.58
456.58
456.58
188.85
188.85
188.85
448.40
448.40
244.99
10.00
10.00
10.00
10.00
344.00
344.00
344.00
344.00
243.60
495.78
495.78
471.35
135.24
514.07
514.07
503.90
481.93
479.24
479.24
503.39
503.39
503.39
503.39
494.40
494.40
494.40
10.45
10.45
10.45
10.45
10.45
107.06
10.00
220.64
220.08
220.08
275.97
73.38
73.38
98.17
98.17
98.17
98.17
89.05
89.05
28.42
500.09
479.42
479.42
209.51
209.51
209.51
123.76
123.76
123.76
128.52
128.52
128.52
483.10
427.27
514.55
243.69
243.69
377.08
377.08
458.29
458.29
458.29
452.06
452.06
497.32
497.32
137.33
137.33
137.33
234.94
443.02
443.02
476.09
476.09
476.09
476.09
92.46
110.81
110.81
110.81
232.55
232.55
232.55
482.05
482.05
482.05
34.82
291.27
473.38
473.38
230.93
124.74
501.88
501.88
501.88
501.88
501.88
501.88
501.88
501.88
501.88
486.35
299.59
469.37
390.84
390.84
48.58
48.58
98.39
98.39
278.68
278.68
270.31
95.57
95.57
95.57
477.38
477.38
467.98
467.98
483.95
483.95
483.95
483.95
483.95
266.77
266.77
266.77
320.87
320.87
525.57
525.57
125.21
125.21
491.10
491.10
146.85
146.85
146.85
158.61
158.61
412.54
412.54
412.54
269.10
269.10
439.45
439.45
439.45
439.45
309.35
309.35
10.00
10.00
10.00
10.00
249.20
249.20
170.88
469.97
436.42
436.42
491.10
491.10
513.26
513.26
240.05
521.21
521.21
229.16
229.16
229.16
443.18
443.18
505.08
299.51
489.95
489.95
489.95
510.49
510.49
504.09
504.09
504.09
461.42
501.33
501.33
236.17
236.17
236.17
236.17
72.18
72.18
72.18
461.13
461.13
458.82
481.54
481.54
493.90
466.19
459.74
281.81
281.81
206.44
484.15
484.15
499.58
499.58
375.53
375.53
159.96
159.96
159.96
455.34
455.34
455.34
455.34
265.51
265.51
409.99
409.99
504.83
459.07
459.07
503.76
56.92
56.92
56.92
437.79
437.79
437.79
514.71
514.71
514.71
420.54
517.92
517.92
460.25
460.25
264.24
264.24
264.24
67.35
67.35
67.35
432.12
432.12
15.28
15.28
499.95
499.95
246.59
449.48
449.48
515.42
515.42
524.38
524.38
508.46
508.46
477.80
477.80
482.98
482.98
450.00
450.00
450.00
132.12
132.12
354.73
354.73
252.66
252.66
252.66
252.66
275.93
275.93
467.83
467.83
467.83
289.64
289.64
227.43
227.43
227.43
458.86
359.75
20.64
20.64
289.24
289.24
31.65
31.65
188.16
188.16
506.60
506.60
16.01
16.01
16.01
92.97
92.97
129.56
164.92
164.92
350.65
350.65
350.65
478.52
478.52
190.86
190.86
303.96
263.60
10.00
10.00
10.00
18.22
18.22
20.26
333.77
333.77
362.55
362.55
94.15
48.23
48.23
244.21
244.21
244.21
168.16
168.16
204.97
204.97
204.97
253.13
253.13
377.39
377.39
377.39
377.39
134.37
134.37
103.62
30.55
30.55
275.09
275.09
275.09
226.69
226.69
173.97
20.67
20.67
58.15
444.42
488.29
218.85
218.85
258.11
31.47
31.47
165.77
165.77
263.48
289.41
289.41
374.28
374.28
480.42
457.62
457.62
457.62
183.45
183.45
183.45
93.20
93.20
93.20
93.20
93.20
102.85
102.85
102.85
10.00
239.33
239.33
320.68
320.68
46.85
391.83
461.45
521.82
452.34
452.34
452.34
157.05
157.05
462.75
462.75
462.75
279.31
279.31
507.50
507.50
505.09
505.09
155.11
520.74
514.52
514.52
514.52
491.63
491.63
491.63
447.54
447.54
499.60
499.60
499.60
420.84
420.84
454.57
454.57
474.49
522.78
514.64
514.64
515.95
515.95
515.95
460.73
460.73
484.83
479.35
486.63
486.63
488.54
488.54
507.32
507.32
507.32
486.71
486.71
284.75
284.75
284.75
284.75
422.48
422.48
422.48
519.37
485.74
485.74
505.23
505.23
505.23
482.29
482.29
482.29
482.29
471.94
471.94
385.64
385.64
385.64
385.64
458.55
385.65
373.45
270.63
270.63
451.38
451.38
515.36
515.36
454.64
454.64
500.12
500.12
434.90
434.90
478.93
478.93
478.93
485.22
485.22
485.22
284.02
284.02
284.02
284.02
284.02
78.47
261.50
261.50
183.63
505.34
482.76
482.76
476.93
90.61
90.61
359.81
359.81
449.87
449.87
461.51
461.51
491.44
491.44
491.44
491.44
96.87
96.87
470.99
470.99
492.28
130.18
510.37
510.37
510.37
445.81
445.81
372.97
497.34
497.34
475.15
240.92
240.92
240.92
130.80
130.80
10.00
10.00
288.47
99.94
99.94
484.79
484.79
484.79
263.37
263.37
263.37
55.50
55.50
55.50
92.84
295.18
295.18
60.07
60.07
274.01
493.71
466.07
466.07
466.07
508.23
508.23
446.92
198.22
198.22
518.58
518.58
486.52
486.52
486.52
499.56
499.56
462.42
523.31
523.31
523.31
407.49
407.49
515.40
485.39
500.52
500.52
515.82
515.82
515.82
429.46
429.46
429.46
489.60
489.60
509.38
509.38
520.61
520.61
501.55
501.55
479.77
479.77
479.77
514.94
514.94
407.41
407.41
407.41
507.09
507.09
507.09
114.22
114.22
439.31
439.31
439.31
515.41
488.35
488.35
488.35
517.68
507.81
507.81
523.33
523.33
523.33
251.60
63.39
63.39
470.01
466.44
466.44
515.64
515.64
508.17
508.17
485.24
485.24
392.30
485.37
485.37
485.37
512.79
512.79
512.79
417.77
505.69
505.69
507.96
476.15
476.15
523.38
523.38
514.49
514.49
256.96
256.96
256.96
507.76
507.76
507.76
475.27
475.27
518.89
480.15
480.15
512.50
509.39
487.84
487.84
487.84
55.66
55.66
55.66
436.25
436.25
436.25
401.07
401.07
476.81
476.81
296.79
296.79
490.71
490.71
494.46
494.46
421.65
507.66
507.66
233.17
505.43
505.43
505.43
515.41
515.41
463.46
463.46
494.32
494.32
448.91
448.91
448.91
487.96
487.96
496.55
496.55
478.04
478.04
512.81
512.81
515.55
515.55
501.01
501.01
501.01
463.79
483.33
483.33
491.76
491.76
516.83
516.83
516.83
507.69
507.69
461.18
461.18
461.18
497.42
497.42
464.06
464.06
279.80
279.80
481.24
481.24
511.56
511.56
468.59
468.59
433.97
433.97
299.09
299.09
470.23
470.23
470.23
104.00
484.63
485.67
485.67
485.67
460.19
460.19
462.80
484.22
484.22
484.22
212.49
212.49
10.00
312.34
312.34
171.46
171.46
351.48
351.48
351.48
351.48
366.81
366.81
197.43
241.04
241.04
59.99
520.99
114.07
466.82
345.36
345.36
110.19
476.47
476.47
427.14
427.14
427.14
427.14
499.19
452.19
506.09
506.09
506.09
501.43
501.43
501.43
460.56
460.56
313.96
313.96
455.58
455.58
453.04
195.48
195.48
414.20
491.98
465.15
465.15
465.15
498.41
498.41
498.41
46.52
46.52
46.52
434.29
434.29
434.29
434.29
462.22
457.31
457.31
506.84
506.84
461.47
461.47
65.69
65.69
65.69
506.08
506.08
482.62
482.62
492.78
492.78
364.09
364.09
364.09
364.09
170.83
170.83
486.65
486.65
480.53
480.53
484.90
506.60
506.60
501.46
501.46
449.43
471.03
189.86
469.69
469.69
469.69
515.45
515.45
496.18
496.18
458.33
458.33
516.23
440.42
440.42
504.40
504.40
504.40
441.06
441.06
441.06
484.69
484.69
147.93
147.93
491.70
510.45
510.45
510.45
429.86
429.86
429.86
429.86
498.28
48.89
487.63
267.59
502.94
502.94
492.06
492.06
144.55
144.55
523.98
523.98
523.98
404.19
404.19
404.19
502.71
502.71
502.71
520.30
520.30
119.18
498.18
462.57
519.07
519.07
519.07
450.68
450.68
430.66
430.66
478.52
441.11
441.11
441.11
457.23
457.23
455.84
455.84
467.43
467.43
467.43
493.84
493.84
92.92
457.76
402.90
402.90
264.60
264.60
264.60
428.43
446.17
446.17
446.17
523.26
523.26
477.78
491.70
491.70
468.23
468.23
10.00
10.00
10.00
10.00
77.38
77.38
55.63
144.01
281.87
281.87
484.37
456.98
484.17
486.98
486.98
469.56
469.56
480.37
480.37
419.40
419.40
419.40
504.40
504.40
504.40
440.03
440.03
471.72
471.72
500.80
500.80
493.03
493.03
508.40
508.40
508.40
508.40
434.68
434.68
434.68
275.58
275.58
507.82
507.82
507.82
401.54
401.54
401.54
515.62
515.62
515.62
515.45
446.25
446.25
446.25
446.25
446.25
446.25
224.91
224.91
267.70
494.33
469.31
153.18
477.40
515.38
515.38
444.27
444.27
515.29
515.29
508.11
508.11
508.11
458.10
458.10
458.10
458.10
458.10
250.26
250.26
250.26
20.54
25.95
10.00
505.82
505.82
142.08
142.08
142.08
142.08
502.22
502.22
502.22
294.32
294.32
417.45
156.35
156.35
455.03
455.03
455.03
174.32
174.32
174.32
442.40
442.40
508.39
266.31
266.31
491.98
480.25
480.25
496.13
450.16
450.16
496.85
526.14
526.14
506.70
506.70
506.70
486.42
486.42
486.42
448.25
513.89
513.89
482.57
482.57
428.45
428.45
428.45
428.45
428.09
428.09
506.12
506.33
506.33
515.66
459.37
459.37
459.37
436.18
436.18
491.31
477.70
477.70
477.70
477.70
495.45
495.45
229.69
229.69
471.19
471.19
213.20
424.78
449.40
449.40
87.28
87.28
87.28
87.28
58.41
74.41
74.41
438.82
438.82
500.31
500.31
404.65
477.65
477.65
488.97
488.97
427.88
427.88
499.54
484.07
484.07
484.07
484.07
433.45
433.45
490.38
490.38
490.38
502.43
502.43
502.43
482.19
469.02
469.02
91.79
91.79
151.80
151.80
223.33
223.33
223.33
460.56
484.66
484.66
483.54
479.15
479.15
28.37
28.37
214.44
214.44
469.33
469.33
473.30
473.30
488.48
488.48
510.24
510.24
491.07
486.43
486.43
486.43
525.77
525.77
525.77
525.77
451.66
451.66
451.66
467.86
457.27
459.09
459.09
75.76
75.76
475.83
475.83
475.83
475.83
497.99
482.02
519.05
519.05
519.05
468.16
468.16
498.25
496.85
496.85
514.22
514.22
464.26
464.26
443.12
443.12
443.12
455.69
455.69
480.52
486.87
491.97
491.97
496.35
496.35
507.18
507.18
508.16
508.16
508.16
508.16
462.81
462.81
462.81
507.25
475.97
475.97
479.79
479.79
504.46
504.46
465.21
465.21
255.08
512.24
512.24
477.24
477.24
468.24
468.24
463.27
463.27
484.36
484.36
471.29
497.54
497.54
509.99
509.99
509.99
487.56
426.13
490.24
490.24
485.76
485.76
485.76
376.63
501.75
507.99
507.99
507.99
515.70
515.70
440.79
440.79
440.79
440.79
436.42
436.42
436.42
498.48
489.35
489.35
510.51
510.51
497.19
497.19
512.64
510.84
510.84
452.44
452.44
500.44
500.44
489.68
521.80
521.80
521.80
521.80
444.46
444.46
497.82
497.82
497.82
524.75
524.75
447.55
447.55
507.39
480.64
484.47
484.47
464.13
464.13
464.13
414.50
414.50
414.50
464.98
464.98
458.14
458.14
150.89
150.89
506.58
506.58
463.60
463.60
506.57
506.57
386.97
458.70
458.70
458.70
409.40
409.40
444.44
176.47
176.47
176.47
14.06
14.06
48.44
48.44
50.00
50.00
50.00
126.60
126.60
126.60
68.05
68.05
10.00
85.12
17.56
17.56
144.18
10.00
190.98
349.71
189.47
189.47
403.23
403.23
205.42
205.42
460.28
460.28
432.10
432.10
432.10
470.41
470.41
97.93
97.93
97.93
519.16
519.16
519.16
510.73
510.73
510.73
510.73
360.39
360.39
360.39
360.39
435.82
10.00
10.00
451.55
451.55
270.42
270.42
270.42
292.41
292.41
292.41
473.44
487.64
480.71
485.79
485.79
485.79
485.79
485.79
432.83
432.83
273.98
273.98
484.15
488.51
488.51
511.71
511.71
355.41
403.76
403.76
505.84
505.84
467.45
467.45
493.64
493.64
508.20
508.20
355.36
355.36
355.36
241.52
241.52
241.52
502.50
481.96
481.96
477.43
477.43
403.07
492.67
492.67
20.86
20.86
20.86
180.81
180.81
233.90
233.90
457.17
432.44
432.44
463.47
463.47
491.87
491.87
492.67
492.67
83.24
83.24
83.24
126.52
126.52
126.52
126.52
126.52
126.52
126.52
126.52
21.18
21.18
453.41
134.14
363.94
363.94
484.84
484.84
411.00
411.00
483.77
483.77
453.59
479.63
479.63
508.38
508.38
373.86
373.86
351.84
474.75
473.74
473.74
496.97
496.97
391.44
391.44
391.44
461.37
461.37
280.92
280.92
444.21
110.78
110.78
464.67
464.67
464.67
382.12
382.12
223.20
