# 1Hz Kbps trace generated by import_real_world_traces.py
2910.93
3567.89
3680.95
2354.84
3736.93
3708.32
3708.32
208.48
208.48
2923.34
2923.34
48.33
48.33
848.18
848.18
3719.70
3719.70
3470.41
3470.41
2940.39
2940.39
323.58
323.58
42.45
42.45
32.35
32.35
10.00
10.00
326.66
326.66
50.33
50.33
1968.03
1968.03
91.68
91.68
3223.85
3223.85
3756.55
3756.55
39.09
39.09
3687.30
3687.30
1461.42
1461.42
3433.80
3433.80
3467.29
3467.29
2075.25
2075.25
2443.55
2443.55
1062.98
1062.98
3696.93
3696.93
3716.03
3716.03
3811.31
3811.31
3796.30
3796.30
391.53
391.53
1399.94
1399.94
3593.93
3593.93
2215.48
2215.48
1036.63
1036.63
1187.96
1187.96
3572.18
3572.18
24.31
24.31
340.48
340.48
3805.69
3805.69
2775.54
2775.54
1470.10
1470.10
165.28
165.28
1496.60
1496.60
3157.66
3157.66
1739.99
1739.99
43.93
43.93
27.61
27.61
2749.95
2749.95
22.97
22.97
3484.57
3484.57
3734.94
3734.94
51.62
51.62
1112.26
1112.26
84.95
84.95
1478.55
1478.55
83.85
83.85
40.98
40.98
23.61
23.61
3746.19
3746.19
3238.60
3238.60
64.76
64.76
3141.56
3141.56
3733.24
3733.24
409.66
409.66
145.00
145.00
2248.82
2248.82
3374.13
3374.13
3706.22
3706.22
1027.97
1027.97
1188.77
1188.77
3690.50
3690.50
3259.66
3259.66
3092.44
3092.44
3640.82
3640.82
1198.21
1198.21
66.94
66.94
124.68
124.68
3694.68
3694.68
42.02
42.02
3430.35
3430.35
727.38
727.38
1674.53
1674.53
3657.67
3657.67
2202.94
2202.94
112.46
112.46
56.71
56.71
460.72
460.72
3385.53
3385.53
1473.04
1473.04
3250.93
3250.93
3711.07
3711.07
3354.96
3354.96
1532.34
1532.34
213.32
213.32
3767.60
3767.60
1477.42
1477.42
3775.83
3775.83
2476.97
2476.97
2652.68
2652.68
681.34
681.34
1343.49
1343.49
918.43
918.43
1290.47
1290.47
185.37
185.37
832.46
832.46
352.12
352.12
3635.23
3635.23
1126.00
1126.00
3550.96
3550.96
3550.96
3550.96
3707.71
3707.71
3648.58
3648.58
3518.73
3518.73
3161.09
3161.09
3650.17
3650.17
3566.75
3566.75
679.36
679.36
3073.44
3073.44
592.76
592.76
1158.20
1158.20
2704.74
2704.74
1216.69
1216.69
2978.15
2978.15
325.72
325.72
1214.97
1214.97
170.26
170.26
3171.52
3171.52
3100.02
3100.02
691.82
691.82
532.78
532.78
367.13
367.13
2168.21
2168.21
230.99
230.99
3011.16
3011.16
1073.00
1073.00
3627.03
3627.03
3725.24
3725.24
1130.22
1130.22
1500.26
1500.26
1500.26
1500.26
3168.46
3168.46
3599.66
3599.66
3696.12
3696.12
1509.40
1509.40
1509.40
1509.40
3364.42
3364.42
2381.93
2381.93
3685.36
3685.36
3630.03
3630.03
3630.03
3630.03
2088.22
2088.22
3744.35
3744.35
1564.21
1564.21
1829.57
1829.57
1829.57
1829.57
33.69
33.69
420.56
420.56
1914.73
1914.73
2768.20
2768.20
3485.77
3485.77
3760.32
3760.32
3454.65
3454.65
3539.43
3539.43
3586.16
3586.16
3729.80
3729.80
126.04
126.04
3771.74
3771.74
3793.00
3793.00
3732.31
3732.31
3602.48
3602.48
2455.42
2455.42
272.83
272.83
3534.34
3534.34
3544.58
3544.58
10.00
10.00
3558.27
3558.27
3676.64
3676.64
2936.72
2936.72
2969.57
2969.57
3602.61
3602.61
882.16
882.16
1497.35
1497.35
3727.88
3727.88
3761.08
3761.08
1124.65
1124.65
10.00
10.00
1287.56
1287.56
3529.58
3529.58
3543.78
3543.78
3705.75
3705.75
22.20
22.20
1485.98
1485.98
1468.19
1468.19
1493.01
1493.01
2361.37
2361.37
3368.42
3368.42
3855.23
3855.23
3777.49
3777.49
1754.03
1754.03
3762.46
3762.46
3716.02
3716.02
693.57
693.57
2376.84
2376.84
1497.13
1497.13
53.02
53.02
3730.83
3730.83
3561.54
3561.54
47.05
47.05
3339.38
3339.38
3643.53
3643.53
740.59
740.59
3560.20
3560.20
2961.08
2961.08
2476.64
2476.64
455.43
455.43
77.15
77.15
879.36
879.36
3566.16
3566.16
86.42
86.42
3882.33
3882.33
3697.78
3697.78
3687.32
3687.32
1432.65
1432.65
3602.12
3602.12
1205.65
1205.65
3353.15
3353.15
312.93
312.93
1498.97
1498.97
3504.22
3504.22
2726.88
2726.88
936.05
936.05
3556.60
3556.60
83.35
83.35
1413.75
1413.75
2409.31
2409.31
502.55
502.55
2859.91
2859.91
1517.36
1517.36
3345.81
3345.81
3613.44
3613.44
720.97
720.97
3791.04
3791.04
3535.81
3535.81
3563.35
3563.35
3680.34
3680.34
3730.92
3730.92
3738.32
3738.32
3774.72
3774.72
3748.27
3748.27
3440.86
3440.86
3669.27
3669.27
1472.39
1472.39
3762.81
3762.81
1989.75
1989.75
2210.47
2210.47
3731.88
3731.88
3387.89
3387.89
39.49
39.49
163.82
163.82
10.00
10.00
2617.24
2617.24
1236.08
1236.08
3280.22
3280.22
462.68
462.68
492.97
492.97
2991.97
2991.97
3371.05
3371.05
3515.73
3515.73
3212.59
3212.59
3750.76
3750.76
3605.03
3605.03
3808.88
3808.88
3764.07
3764.07
533.15
533.15
533.15
346.10
346.10
3031.88
1214.39
1214.39
1214.39
3238.04
308.36
308.36
308.36
3469.18
3469.18
3771.54
3771.54
3546.81
3546.81
3595.44
3595.44
4071.74
1476.83
1476.83
1476.83
2573.78
2573.78
1862.96
1862.96
3681.00
3681.00
3767.70
3767.70
1476.97
1476.97
3201.61
3201.61
41.97
41.97
295.73
295.73
3746.22
3746.22
1501.36
1501.36
1356.70
1497.83
1497.83
1497.83
2870.16
2870.16
3726.83
3726.83
3248.30
3248.30
477.02
477.02
3398.36
3398.36
44.96
44.96
77.67
77.67
542.22
542.22
1134.95
1134.95
2373.05
2373.05
23.76
1139.56
1139.56
1139.56
437.61
437.61
3532.87
3532.87
304.84
304.84
853.89
853.89
1492.23
1492.23
41.63
41.63
43.09
43.09
2020.76
2020.76
695.15
695.15
3769.39
3769.39
3812.36
3812.36
3687.91
3687.91
29.32
29.32
3724.80
3724.80
3476.85
3476.85
661.36
661.36
3749.93
3749.93
3648.49
3648.49
3729.25
3729.25
1582.06
1582.06
3764.24
3764.24
679.31
679.31
3712.37
3712.37
1488.88
1488.88
3803.45
3803.45
817.45
817.45
62.46
62.46
3514.33
3514.33
3651.29
3651.29
2959.80
2959.80
1696.07
1696.07
686.97
686.97
2568.80
2568.80
3750.80
3750.80
3736.27
3736.27
3665.19
3665.19
560.28
560.28
3609.96
3609.96
3741.48
3741.48
3366.76
3366.76
1487.51
1487.51
3458.93
3458.93
3246.32
3246.32
3529.61
3529.61
1668.33
1668.33
303.02
303.02
3728.40
3728.40
142.98
142.98
3783.75
3783.75
3811.46
3811.46
3768.95
3768.95
3765.68
3765.68
1684.79
1684.79
3782.30
3782.30
3417.06
3417.06
3172.82
3172.82
1695.19
1695.19
1391.51
1391.51
3688.23
3688.23
72.13
72.13
401.73
401.73
130.33
130.33
387.44
387.44
1979.66
1979.66
1429.72
1429.72
3753.78
3753.78
3160.12
3160.12
58.23
58.23
3358.48
3358.48
1475.86
1475.86
499.42
499.42
182.57
182.57
379.67
379.67
3754.12
3754.12
3689.34
3689.34
1000.00
1000.00
3830.19
3830.19
3774.01
3774.01
20.95
20.95
96.34
96.34
3782.20
3782.20
2283.33
2283.33
163.62
163.62
1471.86
1471.86
110.46
110.46
2142.33
2142.33
1798.86
1798.86
472.19
472.19
1489.02
1489.02
795.16
795.16
770.88
770.88
2066.13
2066.13
161.19
161.19
3428.95
3428.95
85.94
85.94
3303.10
3303.10
3480.69
3480.69
2533.78
2533.78
3520.82
3520.82
348.05
348.05
1427.94
1427.94
2269.99
2269.99
1218.79
1218.79
3928.29
3928.29
56.30
56.30
26.02
26.02
1199.81
1199.81
61.83
61.83
3724.31
3724.31
3695.89
3695.89
3437.71
3437.71
3520.93
3520.93
3750.07
3750.07
3737.18
3737.18
42.82
42.82
3819.69
3819.69
2641.00
2641.00
3527.10
3527.10
3790.69
3790.69
1496.88
1496.88
3540.61
3540.61
3052.63
3052.63
1874.47
1874.47
3210.88
3210.88
1493.84
1493.84
3581.16
3581.16
3958.45
3958.45
388.14
388.14
38.64
38.64
2445.18
2445.18
3732.98
3732.98
1482.43
1482.43
3468.76
3468.76
41.23
41.23
1439.80
1439.80
257.04
257.04
296.32
296.32
1346.44
1346.44
170.95
170.95
447.41
447.41
73.29
73.29
1679.83
1679.83
1027.24
1027.24
3709.99
3709.99
360.67
360.67
2617.62
2617.62
3907.27
3907.27
2830.78
2830.78
2904.13
2904.13
760.83
760.83
3627.96
3627.96
799.93
799.93
232.42
232.42
3428.12
3428.12
623.85
623.85
3805.30
3805.30
3568.06
3568.06
3005.85
3005.85
49.87
49.87
147.95
147.95
3518.75
3518.75
1847.35
1847.35
85.33
85.33
115.72
115.72
835.17
835.17
456.60
456.60
456.60
26.50
26.50
3548.43
130.71
130.71
1507.68
1507.68
3169.50
3169.50
43.00
43.00
1504.76
1504.76
3817.03
3817.03
3772.35
3772.35
3741.32
3741.32
3731.43
3731.43
3731.43
3731.43
3731.43
3731.43
3693.68
3693.68
3692.77
3692.77
3670.74
3670.74
3783.18
3783.18
3511.46
3511.46
3822.90
3822.90
3428.71
3428.71
3804.24
3804.24
3831.00
3831.00
3135.07
3135.07
1454.29
1454.29
3736.24
3736.24
3426.60
3426.60
3866.73
3866.73
3834.03
3834.03
3781.61
3781.61
3358.25
3358.25
1483.16
1483.16
3706.70
3706.70
3706.70
3706.70
3824.58
3824.58
3677.43
3677.43
3712.69
3712.69
3794.11
3794.11
95.11
95.11
3839.67
3839.67
3784.12
3784.12
3608.53
3608.53
3396.57
3396.57
3476.56
3476.56
165.25
165.25
3714.04
3714.04
3845.69
3845.69
3708.93
3708.93
3772.01
3772.01
917.16
917.16
49.98
49.98
3370.95
3370.95
3640.98
3640.98
3612.93
3612.93
3788.96
3788.96
1354.36
1354.36
3666.12
3666.12
1896.89
1896.89
3597.11
3597.11
38.39
38.39
28.54
28.54
3670.99
3670.99
3400.27
3400.27
3593.95
3593.95
655.31
655.31
1454.58
1454.58
3321.83
3321.83
27.25
27.25
3718.12
3718.12
1469.92
1469.92
3398.94
3398.94
125.99
125.99
2667.71
2667.71
3643.67
3643.67
3623.17
3623.17
1211.24
1211.24
3773.66
3773.66
3548.21
3548.21
3761.95
3761.95
3621.62
3621.62
3772.28
3772.28
27.51
27.51
3851.18
3851.18
3665.83
3665.83
3456.89
3456.89
3560.18
3560.18
3583.12
3583.12
773.78
773.78
3709.86
3709.86
2768.46
2768.46
2915.59
2915.59
3772.71
3772.71
3706.25
3706.25
2016.52
2016.52
3225.09
3225.09
3558.20
3558.20
3772.81
3772.81
3452.51
3452.51
1488.28
1488.28
3262.16
3262.16
3377.08
3377.08
3892.89
3892.89
3750.58
3750.58
3420.36
3420.36
3787.15
3787.15
1479.23
1479.23
3483.17
3483.17
3396.64
3396.64
219.44
219.44
2801.48
2801.48
1521.50
1521.50
79.98
79.98
169.18
169.18
3330.00
3330.00
1534.86
1534.86
3616.56
3616.56
20.56
20.56
817.90
817.90
3318.10
3318.10
3333.19
3333.19
3971.32
3971.32
3030.65
3030.65
3498.70
3498.70
3472.17
3472.17
3572.49
3572.49
811.81
811.81
3642.64
3642.64
3487.19
3487.19
3657.74
3657.74
3811.48
3811.48
3648.31
3648.31
3812.97
3812.97
1752.23
1752.23
3756.11
3756.11
3848.11
3848.11
3929.65
3929.65
3444.34
3444.34
2832.89
2832.89
3574.48
3574.48
478.08
478.08
1322.60
1322.60
3853.17
3853.17
3815.02
3815.02
3285.12
3285.12
339.02
339.02
3810.55
3810.55
1546.22
1546.22
393.83
393.83
383.45
383.45
3560.67
3560.67
918.01
918.01
3761.84
3761.84
53.95
53.95
3727.23
3727.23
3729.81
3729.81
3465.81
3465.81
772.59
772.59
372.17
372.17
3746.03
3746.03
3359.83
3359.83
3772.61
3772.61
3709.82
3709.82
3348.43
3348.43
1483.27
1483.27
889.98
889.98
3379.91
3379.91
3732.19
3732.19
3728.92
3728.92
3821.31
3821.31
3544.52
3544.52
1515.32
1515.32
2014.64
2014.64
3522.57
3522.57
3618.27
3618.27
3644.39
3644.39
3174.18
3174.18
67.85
67.85
759.23
759.23
3488.91
3488.91
3671.96
3671.96
3873.53
3873.53
3686.78
3686.78
3405.52
3405.52
897.38
897.38
21.63
21.63
441.75
441.75
694.31
694.31
3705.24
3705.24
847.91
847.91
3810.39
3810.39
3664.42
3664.42
3741.67
3741.67
3379.71
3379.71
1603.94
1603.94
1458.62
1458.62
3272.66
3272.66
3351.59
3351.59
3407.85
3407.85
3870.18
3870.18
2685.00
2685.00
114.53
114.53
3701.08
3701.08
1712.25
1712.25
1513.96
1513.96
841.86
841.86
835.76
835.76
51.16
51.16
3811.55
3811.55
1138.46
1138.46
10.00
10.00
1749.21
1749.21
3033.47
3033.47
3685.25
3685.25
3376.63
3376.63
2958.63
2958.63
956.53
956.53
3211.67
3211.67
577.60
577.60
3692.17
3692.17
42.94
42.94
2048.11
2048.11
2871.55
2871.55
3723.72
3723.72
1471.10
1471.10
34.84
34.84
1429.32
1429.32
1702.97
1702.97
3573.39
3573.39
3803.78
3803.78
3722.41
3722.41
1895.88
1895.88
2007.23
2007.23
26.38
26.38
443.33
443.33
523.20
523.20
3217.25
3217.25
3709.14
3709.14
1282.62
1282.62
690.57
690.57
3766.20
3766.20
3490.16
3490.16
150.57
150.57
23.38
23.38
22.02
22.02
142.39
142.39
251.25
251.25
3737.48
3737.48
2335.59
2335.59
3319.55
3319.55
1334.31
1334.31
3568.85
3568.85
137.18
137.18
46.81
46.81
3782.08
3782.08
1431.30
1431.30
3373.25
3373.25
2859.34
2859.34
531.86
531.86
416.75
416.75
3054.76
3054.76
2930.45
2930.45
52.99
52.99
1646.47
1646.47
3433.87
3433.87
1762.54
1762.54
3453.51
3453.51
1513.50
1513.50
327.38
327.38
2396.57
2396.57
30.16
30.16
3799.92
3799.92
1478.84
1478.84
3335.36
3335.36
3798.84
3798.84
3442.98
3442.98
3693.96
3693.96
3397.20
3397.20
3273.20
3273.20
3682.27
3682.27
1457.90
1457.90
1166.03
1166.03
584.45
584.45
237.75
237.75
326.21
326.21
49.83
49.83
1523.65
1523.65
2511.71
2511.71
3025.71
3025.71
719.49
719.49
3617.47
3617.47
1497.77
1497.77
363.73
363.73
2427.99
2427.99
3666.58
3666.58
3523.29
3523.29
3478.43
3478.43
451.99
451.99
1465.43
1465.43
43.86
43.86
43.86
46.29
46.29
134.25
134.25
3722.75
3722.75
1432.04
1432.04
647.74
3904.55
3904.55
3904.55
205.84
205.84
3766.58
3766.58
3595.34
3595.34
3408.14
3408.14
3379.25
3379.25
310.31
310.31
3554.29
3554.29
3424.72
3424.72
631.65
631.65
3722.75
3722.75
1295.05
3517.05
3517.05
3517.05
3787.08
3787.08
455.86
455.86
3515.68
3515.68
3403.47
3403.47
3647.97
3647.97
178.03
178.03
3744.07
3744.07
3701.59
3701.59
3484.07
3484.07
1585.80
1585.80
3270.12
3270.12
3582.82
3582.82
3682.62
3682.62
173.44
173.44
405.72
405.72
3777.21
3777.21
3716.65
3716.65
3767.61
3767.61
3770.11
3770.11
3520.71
3520.71
3821.61
3821.61
3290.30
3290.30
1658.81
1658.81
3818.08
3818.08
3523.76
3523.76
10.00
10.00
525.21
525.21
225.29
225.29
225.29
920.43
920.43
920.43
920.43
920.43
920.43
196.40
457.36
196.70
25.50
25.50
181.44
181.44
297.71
445.88
445.88
445.88
445.88
66.35
54.53
54.53
397.60
397.60
79.79
79.79
79.79
113.14
113.14
2686.85
3674.92
3674.92
2524.80
2524.80
1391.10
1391.10
136.77
136.77
838.53
838.53
3633.75
3633.75
3805.25
3805.25
1683.53
1683.53
3492.60
3492.60
1492.15
1492.15
2963.46
2963.46
1968.68
1968.68
2571.46
2571.46
2651.61
2651.61
3574.94
3574.94
3641.17
3641.17
3783.40
3783.40
2735.77
2735.77
347.36
347.36
3475.69
3475.69
3702.00
3702.00
1506.76
1506.76
844.63
844.63
3839.90
3839.90
3703.54
3703.54
3685.67
3685.67
264.25
264.25
3572.77
3572.77
540.73
540.73
80.02
80.02
4124.00
4124.00
636.12
636.12
302.76
302.76
212.26
212.26
199.07
199.07
168.55
168.55
625.58
625.58
465.83
465.83
1465.54
1465.54
1350.15
1350.15
1491.87
1491.87
3323.66
3323.66
1603.20
1603.20
113.19
113.19
3782.29
3782.29
3472.71
3472.71
3756.60
3756.60
3480.95
3480.95
895.34
895.34
3696.13
3696.13
3168.07
3168.07
3668.06
3668.06
3706.61
3706.61
2116.51
2116.51
576.61
576.61
840.32
840.32
2454.81
2454.81
1343.93
1343.93
171.29
171.29
2364.06
2364.06
3150.71
3150.71
867.07
867.07
3767.98
3767.98
2456.13
2456.13
27.73
27.73
1760.48
1760.48
53.52
53.52
285.12
285.12
2506.41
2506.41
1433.31
1433.31
615.40
615.40
3713.74
3713.74
3678.80
3678.80
3215.51
3215.51
459.20
459.20
3778.10
3778.10
1483.88
1483.88
3407.39
3407.39
2217.28
2217.28
3526.29
3526.29
3587.14
3587.14
2349.77
2349.77
537.77
537.77
1469.46
1469.46
817.27
817.27
22.96
22.96
2084.55
2084.55
2084.55
551.76
3268.97
3268.97
2416.69
2416.69
212.69
212.69
3600.49
3600.49
162.02
162.02
2838.74
2838.74
3701.52
3701.52
3783.08
3783.08
2186.38
2186.38
3722.32
3722.32
3208.93
3208.93
2011.77
2011.77
537.68
537.68
2341.49
2341.49
3580.47
3580.47
3692.41
3692.41
253.66
253.66
734.19
734.19
3702.73
3702.73
1478.88
1478.88
297.16
297.16
3611.71
3611.71
118.99
118.99
3618.19
3618.19
3748.25
3748.25
1321.23
1321.23
3535.91
3535.91
2154.07
2154.07
2227.34
2227.34
43.63
43.63
28.60
28.60
3453.36
3453.36
1808.07
1808.07
742.56
742.56
2106.19
2106.19
628.92
628.92
3122.03
3122.03
2218.56
2218.56
3794.38
3794.38
3805.36
3805.36
3021.70
3021.70
43.43
43.43
3750.53
3750.53
3432.55
3432.55
3687.94
3687.94
1550.48
1550.48
3405.67
3405.67
3338.65
3338.65
2304.76
2304.76
3761.14
3761.14
2566.33
2566.33
53.71
53.71
380.25
380.25
3882.06
3882.06
3679.27
3679.27
1502.34
1502.34
2464.32
2464.32
499.39
499.39
3361.08
3361.08
377.72
377.72
537.44
537.44
3792.66
3792.66
168.92
168.92
3720.09
3720.09
3719.78
3719.78
1383.79
1383.79
3786.05
3786.05
3487.00
3487.00
3437.66
3437.66
2550.71
2550.71
2695.08
2695.08
3763.59
3763.59
3261.37
3261.37
3719.49
3719.49
3437.68
3437.68
303.60
303.60
3678.52
3678.52
29.13
29.13
21.13
21.13
3602.29
3602.29
24.25
24.25
93.14
93.14
3573.04
3573.04
3764.56
3764.56
1475.85
1475.85
3775.98
3775.98
3734.85
3734.85
3549.31
3549.31
3688.48
3688.48
3711.92
3711.92
3852.77
3852.77
3899.44
3899.44
3711.80
3711.80
3693.63
3693.63
3735.40
3735.40
3785.80
3785.80
3709.94
3709.94
3610.26
3610.26
3712.08
3712.08
20.66
20.66
396.68
396.68
3272.68
3272.68
3678.54
3678.54
1494.43
1494.43
3844.58
3844.58
3620.39
3620.39
258.44
258.44
102.75
102.75
3784.27
3784.27
3707.66
3707.66
3792.57
3792.57
3938.67
3938.67
23.86
23.86
1004.84
1004.84
3550.49
3550.49
3607.07
3607.07
2524.51
2524.51
2053.06
2053.06
1798.06
1798.06
1332.37
1332.37
644.88
644.88
1940.58
1940.58
82.88
82.88
50.33
50.33
3658.78
3658.78
61.55
61.55
361.53
361.53
507.96
507.96
534.60
534.60
829.73
829.73
27.31
27.31
439.28
439.28
40.83
40.83
1683.61
1683.61
3729.50
3729.50
3430.79
3430.79
909.30
909.30
3656.72
3656.72
24.72
24.72
2945.01
2945.01
148.79
148.79
3775.13
3775.13
1801.41
1801.41
79.30
79.30
10.00
10.00
1080.70
1080.70
128.45
128.45
1157.00
1157.00
616.70
616.70
3765.91
3765.91
3827.66
3827.66
3568.50
3568.50
3848.86
3848.86
293.85
293.85
1963.28
1963.28
3747.01
3747.01
3651.55
3651.55
96.56
96.56
3619.24
3619.24
24.60
24.60
3719.49
3719.49
3658.73
3658.73
620.80
620.80
3096.22
3096.22
3660.07
3660.07
3221.29
3221.29
2218.03
2218.03
3403.12
3403.12
3413.17
3413.17
3711.44
3711.44
3802.87
3802.87
3674.85
3674.85
3164.20
3164.20
3334.87
3334.87
3714.51
3714.51
3890.74
3890.74
3714.19
3714.19
3811.85
3811.85
3255.63
3255.63
621.00
621.00
3609.07
3609.07
487.09
487.09
2746.17
2746.17
297.59
297.59
2932.48
2932.48
3597.74
3597.74
3767.54
3767.54
3800.45
3800.45
3723.67
3723.67
3771.83
3771.83
3765.13
3765.13
3624.90
3624.90
3767.66
3767.66
3190.40
3190.40
3714.30
3714.30
3654.35
3654.35
3163.50
3163.50
3762.79
3762.79
3454.18
3454.18
3821.64
3821.64
3416.65
3416.65
751.66
751.66
749.96
749.96
3884.44
3884.44
3693.94
3693.94
3723.57
3723.57
3694.47
3694.47
2168.57
2168.57
3730.42
3730.42
39.87
39.87
3694.02
3694.02
1508.77
1508.77
1658.23
1658.23
60.70
60.70
160.76
160.76
3947.48
3947.48
137.52
137.52
3362.67
3362.67
294.24
294.24
3290.03
3290.03
40.81
40.81
171.26
171.26
85.94
85.94
24.51
24.51
258.95
258.95
299.22
299.22
1364.35
1364.35
3613.63
3613.63
1469.11
1469.11
3668.51
3668.51
3758.27
3758.27
3495.77
3495.77
1431.86
1431.86
3699.09
3699.09
3199.44
3199.44
2632.62
2632.62
3741.35
3741.35
3555.61
3555.61
98.94
98.94
124.92
124.92
2396.32
2396.32
3257.65
3257.65
1421.42
1421.42
3558.65
3558.65
2583.46
2583.46
1208.78
1208.78
3442.25
3442.25
1422.02
1422.02
3777.40
3777.40
554.49
554.49
276.26
276.26
427.85
427.85
1445.25
1445.25
1597.95
1597.95
3655.50
3655.50
3626.84
3626.84
3044.84
3044.84
56.21
56.21
44.58
44.58
23.91
23.91
43.24
43.24
3061.95
3061.95
3009.81
3009.81
1898.52
1898.52
39.87
39.87
3747.18
3747.18
2459.89
2459.89
1484.95
1484.95
3828.80
3828.80
3513.21
3513.21
77.63
77.63
1499.03
1499.03
2188.96
2188.96
580.81
580.81
3331.93
3331.93
3642.89
3642.89
248.94
248.94
10.00
10.00
3739.30
3739.30
71.88
71.88
3467.09
3467.09
3578.09
3578.09
3766.23
3766.23
3573.23
3573.23
3789.64
3789.64
3708.99
3708.99
3115.24
3115.24
2728.35
2728.35
3788.84
3788.84
3804.69
3804.69
3666.50
3666.50
3244.96
3244.96
3341.12
3341.12
3425.86
3425.86
3558.55
3558.55
3722.56
3722.56
3513.68
3513.68
450.97
450.97
3211.83
3211.83
501.06
501.06
501.06
301.94
1310.47
1310.47
1100.30
1100.30
3383.08
3383.08
3675.90
3675.90
3138.94
3138.94
870.40
870.40
3360.93
3360.93
1311.64
1311.64
3417.55
3417.55
1605.83
1605.83
2563.60
2563.60
388.98
388.98
3750.43
3750.43
3738.48
3738.48
3384.83
3384.83
3435.42
3435.42
1359.91
1359.91
3794.06
3794.06
3603.38
3603.38
3658.27
3658.27
3345.89
3345.89
3568.00
3568.00
3303.03
3303.03
1503.04
1503.04
2780.22
2780.22
3780.41
3780.41
2941.40
2941.40
3752.77
3752.77
3645.81
3645.81
3647.09
3647.09
3237.54
3237.54
3683.15
3683.15
3688.18
3688.18
1170.01
1170.01
3280.32
3280.32
1389.06
1389.06
379.57
379.57
3724.49
3724.49
3253.26
3253.26
375.67
375.67
3513.97
3513.97
1425.94
1425.94
26.18
26.18
3994.72
3994.72
705.52
705.52
3677.50
3677.50
3617.89
3617.89
3617.89
3358.72
3358.72
3678.22
3678.22
1498.94
1498.94
3635.27
3635.27
1660.85
1660.85
3691.80
3691.80
273.78
273.78
3337.33
3337.33
3560.48
3779.69
3779.69
3779.69
3795.71
3795.71
3816.99
3816.99
3575.28
3575.28
1119.38
1119.38
3704.75
3704.75
3702.45
3702.45
3687.76
3687.76
3574.68
3574.68
3645.84
3645.84
3763.25
3763.25
3744.51
3585.70
3585.70
3585.70
528.44
528.44
2978.36
2978.36
516.52
516.52
405.80
405.80
875.75
875.75
3291.22
1725.99
1725.99
1725.99
27.56
27.56
681.65
681.65
82.58
82.58
3748.13
3748.13
3446.68
3446.68
3735.26
3735.26
3541.25
3541.25
2326.05
2326.05
3533.72
3533.72
1430.91
1430.91
410.88
410.88
3515.10
3515.10
3686.39
3686.39
949.40
949.40
1481.93
1481.93
3673.06
3673.06
3711.86
3711.86
3600.93
3600.93
3639.90
3639.90
1431.47
1431.47
2999.18
2999.18
3731.97
3731.97
664.56
664.56
127.40
127.40
3424.78
3424.78
3795.94
3795.94
2433.72
2433.72
303.42
303.42
3888.24
3888.24
2977.82
2977.82
10.00
10.00
2202.47
2202.47
3794.95
3794.95
112.30
112.30
300.36
300.36
419.46
419.46
428.63
428.63
85.83
85.83
687.83
687.83
3543.86
3543.86
59.05
59.05
261.13
261.13
2585.69
2585.69
2227.78
2227.78
496.86
496.86
214.21
214.21
3029.94
3029.94
167.62
167.62
783.70
783.70
794.30
794.30
28.96
28.96
126.62
126.62
3253.33
3253.33
799.82
799.82
3427.56
3427.56
385.90
385.90
653.34
653.34
1495.26
1495.26
18.91
18.91
2985.10
2985.10
519.12
519.12
485.10
485.10
2230.40
2230.40
1409.84
1409.84
1386.06
1386.06
1181.13
1181.13
1208.93
1208.93
133.99
133.99
273.77
273.77
736.11
736.11
959.33
959.33
715.13
715.13
2337.55
2337.55
1092.86
1092.86
21.25
21.25
3013.89
3013.89
3213.54
3213.54
2315.02
2315.02
504.58
504.58
3400.73
3400.73
3349.75
3349.75
27.69
27.69
386.09
386.09
640.30
640.30
3520.39
3520.39
1411.73
1411.73
1314.39
1314.39
3217.36
3217.36
1479.94
1479.94
1731.15
1731.15
218.45
218.45
2952.78
2952.78
3761.56
3761.56
3644.28
3644.28
3754.76
3754.76
3638.12
3638.12
3710.76
3710.76
18.63
18.63
1473.98
1473.98
3377.24
3377.24
1488.63
1488.63
3261.91
3261.91
1086.35
1086.35
1393.66
1393.66
3676.95
3676.95
25.29
25.29
1663.34
1663.34
1663.34
1663.34
3152.01
3152.01
1334.65
1334.65
3654.00
3654.00
3651.29
3651.29
245.12
245.12
3230.80
3230.80
3499.73
3499.73
3213.00
3213.00
3357.07
3357.07
1498.89
1498.89
1679.61
1679.61
3029.72
3029.72
3670.15
3670.15
3353.75
3353.75
27.09
27.09
514.57
514.57
757.30
757.30
3380.78
3380.78
3749.89
3749.89
3758.45
3758.45
192.52
192.52
3809.31
3809.31
3325.22
3325.22
3347.84
3347.84
3226.89
3226.89
3710.24
3710.24
142.09
142.09
3721.58
3721.58
1651.48
1651.48
3131.52
3131.52
3196.07
3196.07
3616.61
3616.61
3616.61
3616.61
3616.61
3616.61
3225.63
3225.63
153.74
153.74
3795.89
3795.89
281.81
281.81
212.38
212.38
103.06
103.06
739.59
739.59
259.86
259.86
3680.47
3680.47
3805.98
3805.98
3442.92
3442.92
3485.83
3485.83
163.40
163.40
2911.71
2911.71
1953.07
1953.07
49.93
49.93
1505.21
1505.21
2416.62
2416.62
2243.80
2243.80
3581.44
3581.44
3700.00
3700.00
3274.92
3274.92
731.93
731.93
224.17
224.17
3377.82
3377.82
2169.39
2169.39
3797.34
3797.34
401.44
401.44
3711.97
3711.97
681.03
681.03
1477.00
1477.00
1581.72
1581.72
125.53
125.53
3637.94
3637.94
28.48
28.48
3334.52
3334.52
3543.69
3543.69
2226.20
2226.20
3655.71
3655.71
387.62
387.62
109.26
109.26
1820.19
1820.19
1463.64
1463.64
384.12
384.12
3314.15
3314.15
2032.12
2032.12
627.79
627.79
2951.68
2951.68
3237.71
3237.71
2418.91
2418.91
167.52
167.52
3735.22
3735.22
1615.68
1615.68
37.78
37.78
3536.09
3536.09
109.76
109.76
3334.08
3334.08
118.18
118.18
2640.41
2640.41
1520.20
1520.20
585.95
585.95
941.37
941.37
344.23
344.23
303.43
303.43
2309.82
2309.82
109.63
109.63
3738.44
3738.44
941.22
941.22
703.11
703.11
3658.90
3658.90
106.12
106.12
3742.29
3742.29
64.07
64.07
3515.36
3515.36
3294.46
3294.46
3396.33
3396.33
2355.48
2355.48
3496.90
3496.90
1485.42
1485.42
1403.56
1403.56
3582.63
3582.63
3273.54
3273.54
19.80
19.80
1517.99
1517.99
1293.44
1293.44
1042.00
1042.00
1593.46
1593.46
3171.84
3171.84
3129.55
3129.55
3381.63
3381.63
1482.83
1482.83
279.11
279.11
29.22
29.22
22.34
22.34
458.11
458.11
204.52
204.52
61.88
61.88
1470.35
1470.35
213.28
213.28
1072.85
1072.85
28.18
28.18
3246.44
3246.44
534.48
534.48
169.41
169.41
180.88
180.88
704.22
704.22
125.51
125.51
2762.54
2762.54
3564.69
3564.69
1500.88
1500.88
523.84
523.84
490.27
490.27
1495.00
1495.00
1681.16
1681.16
1498.83
1498.83
309.26
309.26
2802.84
2802.84
18.28
18.28
3659.51
3659.51
3232.96
3232.96
3717.73
3717.73
1488.08
1488.08
48.11
48.11
3396.86
3396.86
2874.42
2874.42
3321.49
3321.49
3220.63
3220.63
3428.56
3428.56
3331.40
3331.40
288.55
288.55
211.66
211.66
1498.50
1498.50
3402.14
3402.14
3004.41
3004.41
2360.81
2360.81
169.26
169.26
1361.63
1361.63
2665.73
2665.73
3452.11
3452.11
2664.84
2664.84
3182.43
3182.43
3533.77
3533.77
3431.18
3431.18
1193.75
1193.75
3604.94
3604.94
1155.77
1155.77
3522.70
3522.70
3394.06
3394.06
2286.36
2286.36
300.11
300.11
1388.64
1388.64
527.16
527.16
3781.29
3781.29
3653.67
3653.67
3765.31
3765.31
70.80
70.80
3659.23
3659.23
1318.51
1318.51
997.97
997.97
415.45
415.45
1353.65
1353.65
3586.37
3586.37
3328.80
3328.80
383.87
383.87
3289.99
3289.99
3457.47
3457.47
3457.47
3457.47
3412.28
3412.28
3734.97
3734.97
1469.08
1469.08
3158.35
3158.35
141.34
141.34
3400.65
3400.65
3359.55
3359.55
1482.81
1482.81
988.19
988.19
3663.26
3663.26
2910.89
2910.89
3582.32
3582.32
3407.12
3407.12
100.96
100.96
1826.35
1826.35
3192.82
3192.82
923.54
923.54
580.25
580.25
3670.27
3670.27
41.88
41.88
2894.69
2894.69
3626.45
3626.45
3733.85
3733.85
941.47
941.47
77.88
77.88
3652.95
3652.95
3312.57
3312.57
3200.97
3200.97
3302.40
3302.40
27.30
27.30
3429.04
3429.04
1453.16
1453.16
339.39
339.39
3761.04
3761.04
1296.39
1296.39
2153.44
2153.44
1473.91
1473.91
2724.74
2724.74
1435.44
1435.44
42.59
42.59
639.81
639.81
257.70
257.70
556.42
556.42
1413.16
1413.16
326.42
326.42
211.05
211.05
3448.77
3448.77
10.00
10.00
1259.65
1259.65
345.23
345.23
1451.63
1451.63
3742.76
3742.76
36.99
36.99
187.62
187.62
42.35
42.35
189.00
189.00
3594.12
3594.12
3375.65
3375.65
3382.04
3382.04
3433.90
3433.90
218.26
218.26
163.34
163.34
195.16
195.16
3690.41
3690.41
3637.76
3637.76
3357.36
3357.36
3163.80
3163.80
3794.32
3794.32
1705.12
1705.12
3733.82
3733.82
178.18
178.18
3875.83
3875.83
492.60
492.60
3464.23
3464.23
3010.80
3010.80
3838.12
3838.12
3451.97
3451.97
3735.79
3735.79
1677.33
1677.33
1462.29
1462.29
3314.91
3314.91
3721.02
3721.02
3033.13
3033.13
294.05
294.05
833.46
833.46
2482.15
2482.15
3562.10
3562.10
466.55
466.55
2920.93
2920.93
1604.08
1604.08
77.31
77.31
1499.48
1499.48
156.41
156.41
297.77
297.77
72.35
72.35
134.93
134.93
3620.04
3620.04
61.69
61.69
1478.79
1478.79
10.00
10.00
233.90
233.90
1029.89
1029.89
417.49
417.49
2428.51
2428.51
3716.66
3716.66
46.98
46.98
128.94
128.94
435.36
435.36
1401.49
1401.49
3581.00
3581.00
29.03
29.03
42.70
42.70
1039.00
1039.00
25.83
25.83
170.74
170.74
3501.66
3501.66
53.36
53.36
41.52
41.52
10.00
10.00
10.00
10.00
48.75
48.75
2564.30
2564.30
27.18
27.18
42.66
42.66
3326.59
3326.59
151.57
151.57
1950.90
1950.90
768.04
768.04
43.29
43.29
301.84
301.84
802.51
802.51
128.95
128.95
1494.68
1494.68
742.62
742.62
26.19
26.19
40.95
40.95
3345.01
3345.01
755.39
755.39
171.70
171.70
1193.95
1193.95
3402.86
3402.86
57.36
57.36
603.52
603.52
133.26
133.26
166.10
166.10
600.76
600.76
1494.43
1494.43
2640.59
2640.59
104.95
104.95
1374.95
1374.95
2939.30
2939.30
1041.98
1041.98
114.56
114.56
144.22
144.22
868.43
868.43
3167.09
3167.09
3110.45
3110.45
1735.72
1735.72
914.11
914.11
3468.02
3468.02
3468.02
2072.92
2072.92
2189.12
2189.12
951.14
951.14
30.68
30.68
2903.08
3212.82
3212.82
3212.82
1677.84
1677.84
369.97
369.97
185.74
185.74
3280.17
3280.17
1498.25
1498.25
383.22
383.22
238.91
238.91
189.65
189.65
112.92
112.92
1276.83
1276.83
1276.83
1990.55
3322.49
3322.49
3712.73
3712.73
3793.05
3793.05
3042.43
3042.43
3679.11
3679.11
1504.56
1504.56
3368.37
3368.37
3373.51
3373.51
702.99
702.99
2293.68
2293.68
58.08
58.08
3594.98
1419.69
1419.69
1419.69
2170.84
2170.84
3478.88
3478.88
3478.88
3478.88
3478.88
3478.88
3478.88
3478.88
324.53
431.14
109.31
108.50
360.84
360.84
322.70
2096.27
2096.27
2096.27
56.42
56.42
3255.57
3255.57
340.21
340.21
2427.79
2427.79
201.92
201.92
2218.36
2218.36
2719.66
2719.66
2687.60
2687.60
742.00
742.00
3218.06
3218.06
3402.58
3402.58
77.48
77.48
3399.22
3399.22
3717.94
3717.94
2503.55
2503.55
3538.34
3538.34
1478.52
1478.52
64.71
64.71
2811.94
2811.94
2113.26
2113.26
283.00
283.00
26.87
26.87
1026.16
1026.16
2489.68
2489.68
3400.09
3400.09
3782.98
3782.98
947.27
947.27
3670.27
3670.27
1474.50
1474.50
40.17
40.17
3736.62
3736.62
1696.60
1696.60
74.53
74.53
3623.15
3623.15
645.62
645.62
1485.74
1485.74
3767.32
3767.32
3780.47
3780.47
183.27
183.27
3723.93
3723.93
3544.51
3544.51
22.62
22.62
3395.28
3395.28
723.89
723.89
2990.49
2990.49
4033.22
4033.22
457.59
457.59
1466.95
1466.95
3442.04
3442.04
3828.30
3828.30
3731.44
3731.44
126.95
126.95
3730.74
3730.74
3391.06
3391.06
1403.58
1403.58
3315.22
3315.22
3491.13
3491.13
1442.69
1442.69
43.22
43.22
3179.87
3179.87
1800.08
1800.08
1506.48
1506.48
817.55
817.55
2750.67
2750.67
2527.21
2527.21
296.78
296.78
292.58
292.58
1437.78
1437.78
2802.48
2802.48
3760.06
3760.06
1141.95
1141.95
3527.13
3527.13
3690.98
3690.98
3399.45
3399.45
1595.91
1595.91
2371.18
2371.18
94.42
94.42
3651.90
3651.90
1423.30
1423.30
951.61
951.61
3433.18
3433.18
3415.55
3415.55
3475.76
3475.76
41.79
41.79
3488.45
3488.45
1394.46
1394.46
104.15
104.15
581.49
581.49
23.64
23.64
1550.61
1550.61
1420.36
1420.36
3234.78
3234.78
211.08
211.08
168.50
168.50
596.10
596.10
675.38
675.38
3486.71
3486.71
3912.13
3912.13
2749.47
2749.47
3691.33
3691.33
2387.63
2387.63
30.05
30.05
464.86
464.86
3282.20
3282.20
1273.19
1273.19
982.63
982.63
3150.46
3150.46
3791.50
3791.50
293.25
293.25
3519.08
3519.08
311.40
311.40
3680.99
3680.99
631.10
631.10
2381.83
2381.83
63.58
63.58
784.98
784.98
1293.88
1293.88
3346.07
3346.07
103.94
103.94
3809.90
3809.90
926.88
926.88
1498.72
1498.72
3427.60
3427.60
3393.73
3393.73
1342.48
1342.48
1510.84
1510.84
2662.60
2662.60
2662.60
72.14
72.14
72.14
72.14
804.79
804.79
2916.83
2916.83
326.49
581.49
896.76
665.26
665.26
594.55
594.55
508.99
508.99
22.89
22.89
3815.66
3815.66
3282.66
3282.66
1322.26
1322.26
3734.46
3734.46
3435.37
3435.37
82.49
82.49
1329.94
1329.94
3627.77
3627.77
245.93
245.93
1189.08
1189.08
3800.09
3800.09
2961.98
2961.98
363.20
363.20
2050.38
2050.38
771.98
771.98
3547.23
3547.23
2706.88
2706.88
287.02
287.02
1457.22
1457.22
3583.15
3583.15
1461.41
1461.41
3455.16
3455.16
77.86
77.86
3032.93
3032.93
1371.52
1371.52
1410.74
1410.74
3356.16
3356.16
3482.90
3482.90
2692.09
2692.09
400.62
400.62
3410.97
3410.97
2336.84
2336.84
3543.84
3543.84
100.35
100.35
413.23
413.23
1512.58
1512.58
1085.30
1085.30
1490.67
1490.67
2628.19
2628.19
2628.19
2628.19
2628.19
2628.19
3006.45
3006.45
1451.45
1451.45
774.20
774.20
3248.67
3248.67
2517.37
2517.37
3233.27
3233.27
3355.70
3355.70
1358.47
1358.47
2913.58
2913.58
3101.96
3101.96
1492.55
1492.55
3560.64
3560.64
284.37
284.37
3542.65
3542.65
848.36
848.36
3605.02
3605.02
42.67
42.67
3663.10
3663.10
205.59
205.59
87.00
87.00
473.12
473.12
1330.55
1330.55
1191.91
1191.91
2255.61
2255.61
3198.76
3198.76
3209.19
3209.19
3209.19
3209.19
3431.08
3431.08
1328.67
1328.67
2116.13
2116.13
62.23
62.23
3762.19
3762.19
864.02
864.02
1171.04
1171.04
450.26
450.26
55.49
55.49
374.05
374.05
2785.34
2785.34
2836.37
2836.37
42.05
42.05
2488.88
2488.88
3294.07
3294.07
3588.02
3588.02
3275.68
3275.68
3603.64
3603.64
3477.30
3477.30
77.40
77.40
3663.74
3663.74
3499.78
3499.78
24.66
24.66
24.32
24.32
2994.44
2994.44
2032.89
2032.89
380.76
380.76
2239.51
2239.51
3440.11
3440.11
3542.81
3542.81
3370.14
3370.14
3791.57
3791.57
47.72
47.72
3354.55
3354.55
60.83
60.83
3281.61
3281.61
1485.33
1485.33
1144.74
1144.74
858.47
858.47
885.84
885.84
3703.77
3703.77
3469.53
3469.53
3552.01
3552.01
2246.97
2246.97
2912.75
2912.75
847.00
847.00
2387.51
2387.51
1422.69
1422.69
2997.41
2997.41
2837.66
2837.66
3175.81
3175.81
3256.33
3256.33
857.96
857.96
1451.83
1451.83
2434.35
2434.35
1508.89
1508.89
1031.16
1031.16
2248.17
2248.17
54.21
54.21
3193.31
3193.31
1477.46
1477.46
212.88
212.88
2256.16
2256.16
78.13
78.13
2625.32
2625.32
3786.78
3786.78
3789.50
3789.50
38.41
38.41
3484.92
3484.92
407.88
407.88
36.69
36.69
3498.86
3498.86
1492.26
1492.26
3432.35
3432.35
2745.74
2745.74
85.04
85.04
153.76
153.76
1698.01
1698.01
548.91
548.91
269.05
269.05
845.49
845.49
410.96
410.96
28.57
28.57
3528.27
3528.27
542.76
542.76
1538.84
1538.84
2805.59
2805.59
699.31
699.31
3903.17
3903.17
169.20
169.20
180.37
180.37
2986.85
2986.85
1642.33
1642.33
930.33
930.33
3302.45
3302.45
447.30
447.30
365.02
365.02
55.64
55.64
197.89
197.89
183.35
183.35
395.73
395.73
191.58
191.58
458.00
458.00
131.14
131.14
3732.26
3732.26
298.77
298.77
3526.49
3526.49
225.75
225.75
1505.75
1505.75
609.15
609.15
3427.79
3427.79
3645.21
3645.21
304.07
304.07
439.14
439.14
127.40
127.40
1475.80
1475.80
1417.35
1417.35
3589.34
3589.34
1199.38
1199.38
3568.18
3568.18
351.33
351.33
3828.37
3828.37
3778.48
3778.48
2556.86
2556.86
1418.98
1418.98
576.12
576.12
216.39
216.39
61.00
61.00
870.05
870.05
2518.63
2518.63
568.07
568.07
568.07
10.00
3508.53
3508.53
42.63
42.63
461.16
461.16
51.82
51.82
3111.77
3111.77
792.02
792.02
334.10
334.10
1514.58
1514.58
3802.98
3802.98
885.62
885.62
3123.07
3123.07
50.92
50.92
2123.41
2123.41
717.97
717.97
1219.86
1219.86
245.45
245.45
406.53
406.53
55.85
55.85
3308.99
3308.99
3405.54
3405.54
482.49
482.49
3319.52
3319.52
3379.38
3379.38
3665.69
3665.69
213.36
213.36
3679.59
3679.59
3444.39
3444.39
2711.05
2711.05
2368.69
2368.69
20.28
20.28
387.59
387.59
39.72
39.72
111.96
111.96
331.91
331.91
563.85
563.85
130.67
130.67
3599.62
3599.62
67.36
67.36
1409.70
1409.70
2437.75
2437.75
236.08
236.08
205.12
205.12
1045.91
1045.91
3630.28
3630.28
1751.23
1751.23
2076.65
2076.65
80.80
80.80
45.60
45.60
3244.96
3244.96
197.56
197.56
1346.30
1346.30
197.80
197.80
92.11
92.11
864.21
864.21
1649.50
1649.50
896.12
896.12
2184.61
2184.61
2027.12
2027.12
27.18
27.18
44.97
44.97
1161.11
1161.11
3720.63
3720.63
2375.75
2375.75
348.35
348.35
3588.09
3588.09
85.50
85.50
3043.45
3043.45
1673.51
1673.51
116.85
116.85
1909.37
1909.37
3550.87
3550.87
2469.14
2469.14
3162.07
3162.07
3489.95
3489.95
2356.84
2356.84
751.44
751.44
674.54
674.54
42.49
42.49
391.05
391.05
1363.07
1363.07
39.49
39.49
152.40
152.40
3553.77
3553.77
3393.05
3393.05
3495.67
3495.67
70.98
70.98
412.22
412.22
3767.82
3767.82
151.97
151.97
1205.03
1205.03
3125.16
3125.16
161.27
161.27
3796.82
3796.82
101.07
101.07
41.72
41.72
1177.37
1177.37
201.24
201.24
1091.27
1091.27
3549.17
3549.17
814.82
814.82
1425.28
1425.28
153.41
153.41
3391.50
3391.50
3391.50
86.50
86.50
10.00
3704.23
3704.23
108.85
108.85
86.83
86.83
161.85
161.85
2856.72
2856.72
3217.03
3217.03
3772.43
3772.43
1995.31
1995.31
3264.98
3264.98
3784.19
3784.19
3834.47
3834.47
2267.21
2267.21
105.45
105.45
105.45
3838.25
3838.25
3750.65
3750.65
3797.93
3797.93
1480.90
1480.90
3644.20
3644.20
3644.20
3644.20
3256.41
3256.41
501.28
501.28
3447.62
3447.62
1423.62
1423.62
3769.09
3323.95
3323.95
3323.95
3458.00
3458.00
3708.67
3708.67
3281.88
3281.88
3650.25
3650.25
1931.13
1931.13
3315.92
3315.92
3790.32
3790.32
3368.20
3368.20
1502.89
1502.89
1502.89
1502.89
1502.89
1272.83
1272.83
1272.83
3477.33
3477.33
3477.33
3477.33
1427.22
1427.22
3759.93
3759.93
295.96
295.96
2799.22
2799.22
3660.48
3660.48
3625.58
3625.58
3830.18
3830.18
1238.74
1238.74
3797.89
3797.89
1437.77
1437.77
3654.78
3654.78
3377.91
3377.91
3304.17
3304.17
3426.93
3426.93
3206.49
3206.49
137.34
137.34
3482.30
3482.30
3745.07
3745.07
2664.02
2664.02
2708.13
2708.13
1066.14
1066.14
1431.42
1431.42
3578.79
3578.79
2736.03
2736.03
2274.55
2274.55
3575.76
3575.76
3377.45
3377.45
3508.80
3508.80
683.32
683.32
1029.81
1029.81
748.03
748.03
3842.31
3842.31
1570.37
42.69
42.69
42.69
3435.90
3435.90
2673.93
2673.93
1507.58
1507.58
3164.17
3164.17
55.32
55.32
3387.64
3387.64
3387.64
3387.64
2819.27
2819.27
145.86
145.86
3317.24
3317.24
2218.40
2218.40
2002.91
2002.91
10.00
10.00
172.09
172.09
80.02
80.02
123.84
123.84
342.86
342.86
2867.27
2867.27
627.84
627.84
242.33
242.33
25.06
25.06
3096.61
3096.61
69.93
69.93
206.66
206.66
38.56
38.56
1344.17
1344.17
3361.02
3361.02
3247.88
3247.88
3262.04
3262.04
3345.34
3345.34
3429.93
3429.93
3672.70
3672.70
243.43
243.43
1549.79
1549.79
3689.03
3689.03
1752.82
1752.82
3143.90
3143.90
3792.49
3792.49
3483.53
3483.53
25.18
25.18
3274.95
3274.95
813.10
813.10
3543.08
3543.08
2419.17
2419.17
3551.04
3551.04
3715.88
3715.88
1277.20
1277.20
1488.94
1488.94
1056.03
1056.03
3153.08
3153.08
515.66
515.66
190.24
190.24
416.04
416.04
683.97
683.97
539.66
539.66
3338.19
3338.19
3188.63
3188.63
3092.55
3092.55
1107.61
1107.61
3476.93
3476.93
3078.12
3078.12
42.92
42.92
2826.74
2826.74
3080.04
3080.04
10.00
10.00
112.50
112.50
124.27
124.27
1414.60
1414.60
3331.63
3331.63
731.32
731.32
85.40
85.40
129.80
129.80
44.54
44.54
3183.09
3183.09
1499.53
1499.53
3642.22
3642.22
251.33
251.33
3730.69
3730.69
1218.77
1218.77
1432.72
1432.72
3276.93
3276.93
622.31
622.31
2904.95
2904.95
761.31
761.31
334.48
334.48
203.80
203.80
3331.18
3331.18
3609.66
3609.66
2521.11
2521.11
62.00
62.00
230.42
230.42
3588.85
3588.85
1451.70
1451.70
2410.12
2410.12
216.49
216.49
1504.79
1504.79
1338.57
1338.57
3229.09
3229.09
3224.64
3224.64
3818.01
3818.01
1467.20
1467.20
1257.90
1257.90
558.79
558.79
3175.83
3175.83
3477.48
3477.48
290.80
290.80
2727.82
2727.82
56.87
56.87
55.91
55.91
194.96
194.96
42.72
42.72
128.37
128.37
311.78
311.78
127.62
127.62
26.52
26.52
257.50
257.50
1221.73
1221.73
3675.33
3675.33
1344.00
1344.00
3576.66
3576.66
336.80
336.80
884.22
884.22
707.67
707.67
405.68
405.68
3398.44
3398.44
1670.85
1670.85
2177.18
2177.18
596.93
596.93
97.35
97.35
2052.39
2052.39
2052.39
324.10
324.10
911.16
2612.55
2612.55
3709.97
3709.97
3365.35
3365.35
3166.76
3166.76
1439.97
1439.97
497.49
497.49
1642.10
1642.10
3291.37
3291.37
50.04
50.04
3327.01
3327.01
143.33
143.33
3497.29
3497.29
3285.72
3285.72
3826.36
3826.36
3076.43
3076.43
192.66
192.66
2468.16
2468.16
1472.14
1472.14
682.29
682.29
3469.24
3469.24
3708.45
3708.45
2493.35
2493.35
2139.53
2139.53
1709.93
1709.93
499.13
499.13
3504.34
3504.34
1425.74
1425.74
3051.16
3051.16
3570.76
3570.76
2908.80
2908.80
3727.39
3727.39
3410.62
3410.62
74.88
74.88
125.21
125.21
3374.85
3374.85
3638.76
3638.76
48.15
48.15
3730.46
3730.46
960.11
960.11
833.15
833.15
1417.03
1417.03
1227.64
1227.64
1404.86
1404.86
43.35
43.35
2471.87
2471.87
1498.38
1498.38
298.94
298.94
1467.36
1467.36
169.64
169.64
235.42
235.42
41.62
41.62
42.71
42.71
26.21
26.21
3367.61
3367.61
10.00
10.00
1934.04
1934.04
39.61
39.61
50.20
50.20
1532.64
1532.64
29.35
29.35
127.31
127.31
2791.30
2791.30
283.36
283.36
1796.23
1796.23
65.46
65.46
802.20
802.20
111.04
111.04
301.93
301.93
1483.70
1483.70
412.12
412.12
21.77
21.77
23.80
23.80
501.42
501.42
3705.21
3705.21
3539.12
3539.12
3751.50
3751.50
1513.44
1513.44
69.11
69.11
1491.40
1491.40
998.72
998.72
753.96
753.96
3353.14
3353.14
912.04
912.04
28.78
28.78
458.52
458.52
1774.84
1774.84
57.44
57.44
3266.06
3266.06
40.28
40.28
194.59
194.59
150.53
150.53
3559.86
3559.86
1374.62
1374.62
610.70
610.70
1304.34
1304.34
2017.81
2017.81
3807.50
3807.50
17.90
17.90
1600.23
1600.23
1641.60
1641.60
3067.07
3067.07
2230.54
2230.54
691.40
691.40
257.51
257.51
257.51
3173.15
2031.70
2031.70
315.66
315.66
948.44
948.44
948.44
948.44
938.77
938.77
938.77
42.78
85.04
3305.62
564.58
564.58
3548.52
3548.52
454.62
454.62
3576.41
3576.41
21.63
21.63
3443.68
3443.68
123.67
123.67
2756.89
2756.89
2897.97
2897.97
1586.60
1586.60
3381.77
3381.77
2471.88
2471.88
3504.49
3504.49
3529.23
3529.23
3234.93
3234.93
493.19
493.19
2902.29
2902.29
1376.26
1376.26
3080.09
3080.09
3790.85
3790.85
3645.79
3645.79
1408.13
1408.13
294.16
294.16
613.08
613.08
1870.92
1870.92
752.78
752.78
3242.87
3242.87
3763.13
3763.13
2643.62
2643.62
3612.19
3612.19
3253.15
3253.15
3253.15
3253.15
1300.14
1300.14
3250.87
3250.87
2077.65
2077.65
94.97
94.97
3296.01
3296.01
1184.48
1184.48
3712.10
3712.10
39.60
39.60
1010.17
1010.17
1606.39
1606.39
20.08
20.08
1504.48
1504.48
2971.27
2971.27
3785.32
3785.32
292.54
292.54
23.21
23.21
1505.75
1505.75
1634.06
1634.06
3198.39
3198.39
2509.22
2509.22
1540.23
1540.23
3745.76
3745.76
3272.48
3272.48
3037.42
3037.42
3525.18
3525.18
3525.18
3525.18
3799.44
3799.44
3799.44
3799.44
3799.44
3799.44
177.40
177.40
27.90
27.90
724.44
724.44
3560.22
3560.22
3620.25
3620.25
3414.99
3414.99
1396.16
1396.16
956.32
956.32
3555.64
3555.64
108.27
108.27
3715.89
3715.89
3098.47
3098.47
3323.66
3323.66
1474.55
1474.55
974.98
974.98
841.22
841.22
710.12
710.12
1681.79
1681.79
1637.39
1637.39
722.51
722.51
543.75
543.75
1164.69
1164.69
166.84
166.84
1134.77
1134.77
3240.01
3240.01
2617.70
2617.70
1751.83
1751.83
2872.19
2872.19
336.10
336.10
2203.38
2203.38
2668.10
2668.10
1838.45
1838.45
346.68
346.68
3516.85
3516.85
3363.19
3363.19
3457.36
3457.36
513.00
513.00
77.21
77.21
1562.19
1562.19
2453.65
2453.65
117.14
117.14
3676.80
3676.80
3713.78
3713.78
3528.55
3528.55
3509.80
3509.80
2493.89
2493.89
3420.42
3420.42
1500.33
1500.33
58.48
58.48
1393.95
1393.95
1879.76
1879.76
57.24
57.24
43.13
43.13
2058.16
2058.16
41.81
41.81
86.00
86.00
3363.48
3363.48
98.27
98.27
179.94
179.94
159.42
159.42
77.47
77.47
1504.87
1504.87
872.88
872.88
3471.88
3471.88
1939.13
1939.13
2060.83
2060.83
1501.27
1501.27
3513.13
3513.13
3181.87
3181.87
824.54
824.54
824.54
42.62
42.62
3207.79
3704.10
3704.10
1837.72
1837.72
3774.65
3774.65
3715.20
3715.20
2134.00
2134.00
3688.43
3688.43
3621.20
3621.20
138.79
138.79
3022.64
3022.64
3567.80
3567.80
300.77
300.77
2967.38
2967.38
3529.28
3529.28
52.76
52.76
3337.44
3337.44
247.63
247.63
3119.85
3119.85
2012.03
2012.03
2328.30
2328.30
3332.83
3332.83
3831.43
3831.43
3693.21
3693.21
40.39
40.39
245.10
245.10
262.35
262.35
3214.92
3214.92
3700.67
3700.67
3292.28
3292.28
3803.92
3803.92
46.20
46.20
3751.10
3751.10
49.15
49.15
1540.01
1540.01
1763.20
1763.20
1105.51
1105.51
3156.82
3156.82
3527.99
3527.99
108.40
108.40
161.10
161.10
556.02
556.02
3399.41
3399.41
211.79
211.79
2295.39
2295.39
3075.01
3075.01
83.23
83.23
520.13
520.13
2321.24
2321.24
1497.97
1497.97
45.78
45.78
27.47
27.47
3602.08
3602.08
1320.54
1320.54
2496.15
2496.15
51.06
51.06
3381.38
3381.38
87.06
87.06
3228.34
3228.34
3321.20
3321.20
55.23
55.23
225.97
225.97
3641.18
3641.18
3641.18
187.39
187.39
774.83
3552.40
3552.40
3552.40
70.71
70.71
3804.69
3804.69
1458.94
1458.94
2678.30
3296.69
3296.69
3296.69
2260.10
2260.10
2659.20
2659.20
107.62
107.62
287.78
287.78
38.30
38.30
3762.89
3762.89
2537.96
2537.96
3441.61
3441.61
3685.27
3685.27
1043.27
1043.27
3659.37
3659.37
149.55
149.55
149.55
10.00
10.00
709.14
1452.39
1452.39
286.71
286.71
1807.36
1807.36
2307.33
2307.33
3485.56
3485.56
3876.20
3876.20
1386.84
1386.84
1465.03
1465.03
3492.22
3492.22
1506.28
1506.28
3472.78
3472.78
2538.24
2538.24
1271.92
1271.92
75.63
75.63
3425.81
3425.81
3172.70
3172.70
426.87
426.87
213.03
213.03
263.13
263.13
3279.42
3279.42
876.18
29.17
29.17
29.17
2906.89
2906.89
3588.70
3588.70
3338.85
3338.85
1501.08
1501.08
3365.03
3365.03
3288.01
3288.01
962.34
962.34
2998.77
2998.77
3722.05
3722.05
3025.54
3025.54
270.48
270.48
85.08
85.08
746.36
746.36
497.67
497.67
3248.93
3248.93
956.20
956.20
3396.01
3396.01
605.49
605.49
3565.79
3565.79
547.61
547.61
10.00
10.00
1388.02
1388.02
3617.46
3617.46
113.31
113.31
1540.22
1540.22
2884.62
2884.62
3341.81
3341.81
3623.68
3623.68
25.30
25.30
40.09
40.09
647.90
647.90
796.73
796.73
2451.10
2451.10
961.45
961.45
55.70
55.70
55.70
2253.35
2253.35
1853.04
126.98
126.98
183.67
183.67
2365.19
2365.19
2116.92
2116.92
29.25
29.25
43.19
43.19
128.71
128.71
457.93
457.93
3154.95
3154.95
226.35
226.35
3436.53
3436.53
3039.71
3039.71
3753.46
3753.46
1737.60
1737.60
43.89
43.89
3521.68
3521.68
3782.20
3782.20
3085.24
3085.24
3779.15
3779.15
533.80
533.80
1489.49
1489.49
3537.57
3537.57
3445.31
3445.31
3768.29
3768.29
918.15
918.15
333.55
333.55
253.84
253.84
2140.26
2140.26
704.59
704.59
3451.91
3451.91
3153.61
3153.61
3377.91
3377.91
3693.47
3693.47
3249.71
3249.71
3788.74
3788.74
1174.73
1174.73
3596.34
3596.34
1443.72
1443.72
57.51
57.51
2641.93
2641.93
3208.35
3208.35
3266.50
3266.50
1056.17
1056.17
3742.06
3742.06
2491.53
2491.53
3662.03
3662.03
3684.51
3684.51
3270.43
3270.43
575.06
575.06
3444.64
3444.64
3532.00
3532.00
3784.31
3784.31
2608.63
2608.63
1484.95
1484.95
3771.87
3771.87
3572.22
3572.22
3432.74
3432.74
3528.33
3528.33
3701.32
3701.32
721.95
721.95
1118.95
1118.95
3512.33
3512.33
3397.96
3397.96
2802.21
2802.21
3233.80
3233.80
3481.53
3481.53
3689.31
3689.31
2915.19
2915.19
1457.85
1457.85
281.16
281.16
1512.04
1512.04
131.57
131.57
1797.84
1797.84
3709.99
3709.99
2496.61
2496.61
3652.54
3652.54
3563.69
3563.69
3576.69
3576.69
3576.69
3576.69
186.92
186.92
3773.12
3773.12
3292.11
3292.11
1490.74
1490.74
2376.74
2376.74
3448.33
3448.33
20.54
20.54
3512.82
3512.82
3808.26
3808.26
257.32
257.32
85.76
85.76
3425.60
3425.60
1859.13
1859.13
3236.63
3236.63
128.11
128.11
1491.97
1491.97
1145.07
1145.07
29.28
29.28
3334.73
3334.73
3424.88
3424.88
3759.63
3759.63
3719.16
3719.16
1464.45
1464.45
144.40
144.40
3587.38
3587.38
322.02
322.02
258.72
258.72
1499.23
1499.23
2500.81
2500.81
3121.84
3121.84
3329.86
3329.86
2476.88
2476.88
1653.77
1653.77
123.13
123.13
1419.88
1419.88
725.81
725.81
316.50
316.50
259.52
259.52
2105.73
2105.73
3064.48
3064.48
3722.38
3722.38
3149.72
3149.72
3095.97
3095.97
3403.12
3403.12
3064.40
3064.40
881.25
881.25
2415.78
2415.78
544.63
544.63
361.63
361.63
645.57
645.57
21.14
21.14
3751.34
3751.34
2462.86
2462.86
702.50
702.50
512.28
512.28
1313.37
1313.37
602.28
602.28
3589.48
3589.48
152.12
152.12
3271.24
3271.24
3418.99
3418.99
322.21
322.21
3579.98
3579.98
3559.07
3559.07
3418.18
3418.18
3625.62
3625.62
289.01
289.01
20.29
20.29
1479.88
1479.88
1589.02
1589.02
2296.87
2296.87
909.65
909.65
1097.26
1097.26
3568.52
3568.52
211.66
211.66
1461.81
1461.81
927.07
927.07
3728.12
3728.12
3135.61
3135.61
417.03
417.03
3313.35
3313.35
556.14
556.14
1439.12
1439.12
3712.85
3712.85
2587.02
2587.02
3505.26
3505.26
418.24
418.24
286.08
286.08
208.08
208.08
3678.92
3678.92
43.59
43.59
3718.44
3718.44
1494.40
1494.40
3283.03
3283.03
1500.46
1500.46
18.95
18.95
10.00
10.00
3413.17
3413.17
877.01
877.01
1681.18
1681.18
398.41
398.41
479.68
479.68
2617.39
2617.39
3623.68
3623.68
2833.56
2833.56
2440.30
2440.30
81.73
81.73
2079.64
2079.64
42.37
42.37
3681.59
3681.59
3555.79
3555.79
3441.71
3441.71
2484.32
2484.32
62.54
62.54
41.32
41.32
1162.42
1162.42
1927.58
1927.58
1110.00
1110.00
113.74
113.74
211.64
211.64
387.31
387.31
19.59
19.59
245.27
245.27
52.40
52.40
208.99
208.99
112.28
112.28
48.06
48.06
2958.61
2958.61
558.55
558.55
3359.11
3359.11
3027.46
3027.46
3700.36
3700.36
3319.99
3319.99
3295.02
3295.02
3337.97
3337.97
3683.90
3683.90
3505.83
3505.83
2306.89
2306.89
3395.27
3395.27
2178.06
2178.06
2464.58
2464.58
89.36
89.36
1425.53
1425.53
1425.53
1425.53
476.51
476.51
3431.91
3431.91
3431.91
3431.91
3265.10
3265.10
128.63
128.63
166.29
166.29
3586.55
3586.55
2764.66
2764.66
2896.35
2896.35
2224.60
2224.60
1394.56
1394.56
44.60
44.60
3534.17
3534.17
2161.81
2161.81
2513.14
2513.14
1403.47
1403.47
3581.52
3581.52
3379.55
3379.55
817.82
817.82
3452.32
3452.32
3835.99
3835.99
3425.98
3425.98
3420.70
3420.70
214.12
214.12
3027.32
3027.32
561.65
561.65
3394.98
3394.98
1475.67
1475.67
3794.19
3794.19
3794.19
3794.19
3710.33
3710.33
150.38
150.38
3459.30
3459.30
263.08
263.08
1991.00
1991.00
1427.95
1427.95
146.51
146.51
3262.38
3262.38
180.76
180.76
1152.50
1152.50
3847.56
3847.56
3797.36
3797.36
3767.78
3767.78
3535.62
3535.62
3535.62
3535.62
301.13
301.13
1347.27
1347.27
3856.91
3856.91
3653.15
3653.15
74.83
74.83
127.57
127.57
3450.24
3450.24
2498.93
2498.93
3760.30
3760.30
21.63
21.63
3382.52
3382.52
2079.77
2079.77
299.27
299.27
1421.69
1421.69
1163.84
1163.84
81.39
81.39
3144.31
3144.31
981.84
981.84
3735.47
3735.47
2510.13
2510.13
3722.99
3722.99
317.84
317.84
3595.44
3595.44
56.69
56.69
3588.13
3588.13
836.10
836.10
1700.45
1700.45
1210.30
1210.30
565.23
565.23
3820.53
3820.53
3468.01
3468.01
3036.66
3036.66
1488.86
1488.86
1293.24
1293.24
2546.23
2546.23
231.77
231.77
3699.17
3699.17
1335.45
1335.45
212.87
212.87
2905.44
2905.44
226.33
226.33
1500.14
1500.14
3459.72
3459.72
3224.48
3224.48
3383.80
3383.80
575.92
575.92
575.92
24.95
2181.70
2181.70
126.45
126.45
163.58
163.58
2320.28
2320.28
3514.46
3514.46
308.69
308.69
1555.00
1555.00
76.31
76.31
2675.93
2675.93
1449.17
1449.17
3293.96
3293.96
3609.43
3609.43
671.19
671.19
541.82
541.82
1475.80
1475.80
3343.76
3343.76
3529.85
3529.85
3650.66
3650.66
194.32
194.32
3385.78
3385.78
3096.46
3096.46
3304.91
3304.91
3304.91
3304.91
3598.86
3598.86
3644.07
3644.07
3432.77
3432.77
3353.08
3353.08
3417.05
3417.05
3722.80
3722.80
3138.72
3138.72
3437.83
3437.83
1500.40
1500.40
3568.16
3568.16
3318.40
3318.40
1037.69
1037.69
3772.19
3772.19
3635.14
3635.14
3635.14
3635.14
3490.39
3490.39
287.79
287.79
3609.32
3609.32
3524.51
3524.51
537.89
537.89
2819.94
2819.94
2706.95
2706.95
3704.85
3704.85
3652.04
3652.04
3241.23
3241.23
544.74
544.74
1817.26
1817.26
2867.64
2867.64
227.97
227.97
47.62
47.62
2104.64
2104.64
3742.36
3742.36
1490.10
1490.10
2512.32
2512.32
3161.78
3161.78
3430.77
3430.77
3341.11
3341.11
1484.29
1484.29
1546.38
1546.38
1478.38
1478.38
2417.66
2417.66
3299.00
3299.00
3461.31
3461.31
3763.74
3763.74
3646.37
3646.37
3490.60
3490.60
1477.79
1477.79
3201.70
3201.70
738.15
738.15
2173.26
2173.26
3298.58
3298.58
3573.41
3573.41
3839.94
3839.94
110.38
110.38
3039.99
3039.99
150.39
150.39
3496.26
3496.26
3481.44
3481.44
1492.59
1492.59
3538.49
3538.49
3215.61
3215.61
1494.62
1494.62
3078.90
3078.90
3078.90
3078.90
223.00
223.00
3545.27
3545.27
164.71
164.71
250.24
250.24
43.27
43.27
879.63
879.63
3275.87
3275.87
1838.34
1838.34
3252.97
3252.97
3680.03
3680.03
124.27
124.27
1426.26
1426.26
3419.59
3419.59
1669.86
1669.86
3838.79
3838.79
3838.79
3829.08
3829.08
3447.20
3447.20
256.41
256.41
3783.05
3783.05
3280.77
3280.77
3051.88
3051.88
173.96
173.96
10.00
10.00
1936.34
1936.34
884.40
103.59
103.59
103.59
25.61
25.61
3499.45
3499.45
1647.93
1647.93
239.61
239.61
107.14
107.14
1159.12
1159.12
1451.17
1451.17
257.09
257.09
3549.24
3549.24
3201.81
3201.81
1011.64
1476.18
1476.18
1476.18
252.47
252.47
212.34
212.34
3305.68
3305.68
3801.06
3801.06
27.82
27.82
120.39
120.39
114.66
114.66
709.15
709.15
239.08
239.08
1491.98
1491.98
78.37
78.37
2327.35
2327.35
2327.35
31.40
31.40
31.40
10.00
215.97
693.71
693.71
79.01
79.01
58.83
58.83
45.40
45.40
588.90
588.90
2576.55
2576.55
2253.20
2253.20
2991.80
2991.80
2056.88
2056.88
3498.74
3498.74
3236.65
3236.65
2416.47
2416.47
169.38
169.38
84.51
84.51
3078.48
3078.48
2142.27
2142.27
2728.45
2728.45
206.92
206.92
907.74
907.74
791.70
791.70
2384.86
2384.86
1027.13
1027.13
577.87
577.87
2724.01
2724.01
3168.12
3168.12
77.89
77.89
3709.26
3709.26
3649.63
3649.63
109.54
109.54
10.00
10.00
481.78
481.78
517.01
517.01
517.01
517.01
517.01
190.69
190.69
190.69
1175.61
1995.22
3367.72
2626.85
3627.13
3627.13
1940.45
1940.45
2045.23
2045.23
3476.99
3476.99
121.55
121.55
3025.27
3025.27
2581.12
2581.12
1471.77
1471.77
1383.03
1383.03
3394.32
3394.32
3129.62
3129.62
3038.92
3038.92
3668.43
3668.43
3746.65
3746.65
60.46
60.46
3651.52
3651.52
3290.53
3290.53
3240.47
3240.47
3546.13
3546.13
3694.52
3694.52
107.22
107.22
1860.37
1860.37
3700.09
3700.09
212.20
212.20
2961.40
2961.40
2106.87
2106.87
154.93
154.93
1677.35
1677.35
67.05
67.05
1406.26
1406.26
228.60
228.60
1467.01
1467.01
3452.93
3452.93
3452.93
3452.93
3742.50
3742.50
2825.10
2825.10
1499.14
1499.14
3479.46
3479.46
3034.67
3034.67
3624.01
3624.01
3565.88
3565.88
2925.14
2925.14
3594.73
3594.73
1361.20
1361.20
3556.38
3556.38
3662.78
3662.78
1502.39
1502.39
89.35
89.35
1366.92
1366.92
2979.45
2979.45
1545.35
1545.35
205.46
205.46
164.59
164.59
1408.77
1408.77
1972.31
1972.31
1972.31
1972.31
1972.31
1972.31
2052.38
2052.38
3258.80
3258.80
3365.66
3365.66
1311.53
1311.53
3826.29
3826.29
50.90
50.90
3823.79
3823.79
2603.86
2603.86
1492.54
1492.54
1492.54
1492.54
3807.41
3807.41
2834.34
2834.34
3576.59
3576.59
3395.35
3395.35
3769.31
3769.31
3769.31
3769.31
345.78
345.78
554.02
554.02
324.52
324.52
3734.52
3734.52
1466.37
1466.37
3710.21
3710.21
56.81
56.81
347.48
347.48
3194.68
3194.68
3148.40
3148.40
3461.96
3461.96
1332.71
1332.71
1148.53
1148.53
322.33
322.33
1722.22
1722.22
1234.70
1234.70
3273.47
3273.47
819.98
819.98
1490.68
1490.68
558.94
558.94
3634.56
3634.56
3512.73
3512.73
3161.46
3161.46
3775.76
3775.76
3419.91
3419.91
41.04
41.04
3908.40
3908.40
1069.62
1069.62
1481.36
1481.36
3638.65
3638.65
1487.31
1487.31
3313.65
3313.65
3662.77
3662.77
949.57
949.57
466.03
466.03
40.60
40.60
345.97
345.97
91.26
91.26
423.21
423.21
81.81
81.81
1523.25
1523.25
3431.96
3431.96
3339.91
3339.91
1516.39
1516.39
3582.01
3582.01
3045.50
3045.50
232.39
232.39
1487.15
1487.15
320.75
320.75
3409.76
3409.76
3096.47
3096.47
412.17
412.17
626.11
626.11
1866.34
1866.34
776.27
776.27
3316.60
3316.60
382.63
382.63
194.59
194.59
3020.60
3020.60
1480.87
1480.87
219.90
219.90
66.89
66.89
3385.44
3385.44
21.93
21.93
2218.44
2218.44
2521.59
2521.59
3681.14
3681.14
169.29
169.29
548.90
548.90
417.21
417.21
424.49
424.49
1362.43
1362.43
3286.44
3286.44
2296.43
2296.43
2963.44
2963.44
3646.99
3646.99
3563.68
3563.68
2797.97
2797.97
764.35
764.35
1355.75
1355.75
753.62
753.62
514.46
514.46
1262.58
1262.58
3761.91
3761.91
2604.26
2604.26
1150.32
1150.32
289.45
289.45
230.48
230.48
2745.48
2745.48
1221.76
1221.76
1505.30
1505.30
1070.50
1070.50
3351.59
3351.59
2846.86
2846.86
542.75
542.75
3203.96
3203.96
3226.36
3226.36
3596.90
3596.90
3520.67
3520.67
39.06
39.06
1370.07
1370.07
3003.92
3003.92
1878.34
1878.34
100.11
100.11
1338.67
1338.67
722.08
722.08
20.69
20.69
3405.36
3405.36
207.74
207.74
3622.40
3622.40
107.56
107.56
3200.76
3200.76
2888.92
2888.92
569.69
569.69
1391.29
1391.29
1955.91
1955.91
2982.37
2982.37
3414.74
3414.74
27.39
27.39
3675.73
3675.73
20.05
20.05
1466.88
1466.88
1639.80
1639.80
3718.69
3718.69
1487.86
1487.86
2885.38
2885.38
3698.56
3698.56
3781.29
3781.29
3781.29
3781.29
3441.08
3441.08
2136.71
2136.71
3594.89
3594.89
2111.49
2111.49
3748.15
3748.15
3214.86
3214.86
4014.63
4014.63
3319.12
3319.12
864.52
864.52
3656.61
3656.61
1778.32
1778.32
3628.38
3628.38
3545.64
3545.64
3697.97
3697.97
3661.32
3661.32
3685.97
3685.97
3685.97
3685.97
3685.97
3685.97
3434.97
3434.97
3692.39
3692.39
1904.90
1904.90
1415.80
1415.80
2171.44
2171.44
3466.81
3466.81
296.12
296.12
600.24
600.24
2895.94
2895.94
3790.33
3790.33
1389.78
1389.78
2691.15
2691.15
10.00
10.00
1336.20
1336.20
550.34
550.34
2705.41
2705.41
3029.11
3029.11
387.91
387.91
1757.67
1757.67
694.50
694.50
326.65
326.65
1452.77
1452.77
104.61
104.61
119.89
119.89
119.89
179.69
179.69
457.38
457.38
207.44
207.44
210.39
210.39
210.39
10.00
10.00
300.76
894.63
85.74
85.74
1409.57
1409.57
2889.66
2889.66
1442.74
1442.74
2785.64
2785.64
1140.31
1140.31
2324.21
2324.21
3250.29
3250.29
2063.18
2063.18
37.97
37.97
1251.54
1251.54
1728.75
1728.75
553.64
553.64
451.44
451.44
3024.74
3024.74
271.59
271.59
1612.78
1612.78
3415.09
3415.09
254.83
254.83
522.79
522.79
1479.50
1479.50
326.83
326.83
138.26
138.26
3303.04
3303.04
3237.53
3237.53
758.40
758.40
27.02
27.02
74.01
74.01
332.20
332.20
2240.11
2240.11
2606.38
2606.38
2023.24
2023.24
121.16
121.16
161.91
161.91
3261.22
3261.22
120.84
120.84
587.78
587.78
1477.05
1477.05
3516.36
3516.36
1494.99
1494.99
10.00
10.00
24.59
24.59
19.51
19.51
3556.22
3556.22
26.61
26.61
43.26
43.26
42.91
42.91
1246.80
1246.80
56.11
56.11
1490.36
1490.36
2503.91
2503.91
1463.33
1463.33
654.62
654.62
99.51
99.51
3062.40
3062.40
1410.77
1410.77
284.27
284.27
3342.01
3342.01
3710.60
3710.60
3070.27
3070.27
3157.60
3157.60
3573.97
3573.97
3486.18
3486.18
1375.31
1375.31
312.82
312.82
1966.43
1966.43
847.90
847.90
128.65
128.65
364.89
364.89
2829.85
2829.85
3848.65
3848.65
278.04
278.04
1279.50
1279.50
1392.65
1392.65
3508.13
3508.13
3080.17
3080.17
2770.40
2770.40
3681.00
3681.00
312.20
312.20
3685.38
3685.38
1492.15
1492.15
3368.52
3368.52
1453.13
1453.13
3273.12
3273.12
170.83
170.83
40.93
40.93
3211.49
3211.49
3211.49
3211.49
3266.92
3266.92
3529.98
3529.98
3707.23
3707.23
560.42
560.42
3273.13
3273.13
3586.36
3586.36
3504.65
3504.65
3052.93
3052.93
1311.28
1311.28
1454.00
1454.00
3721.95
3721.95
1359.70
1359.70
3063.12
3063.12
160.94
160.94
39.41
39.41
49.66
49.66
3463.62
3463.62
2850.08
2850.08
114.91
114.91
3761.66
3761.66
3678.62
3678.62
3678.62
3678.62
3771.45
3771.45
1478.30
1478.30
27.11
27.11
2565.32
2565.32
2773.65
2773.65
1878.53
1878.53
3740.81
3740.81
3119.66
3119.66
153.42
153.42
731.00
731.00
416.84
416.84
1368.79
1368.79
273.44
273.44
3463.70
3463.70
3689.45
3689.45
1038.51
1038.51
385.17
385.17
527.02
527.02
3249.00
3249.00
121.69
121.69
1537.30
1537.30
3394.26
3394.26
3394.26
3394.26
3717.61
3717.61
1829.49
1829.49
3461.21
3461.21
123.02
123.02
1073.86
1073.86
3340.05
3340.05
739.47
739.47
3411.89
3411.89
3478.30
3478.30
3123.46
3123.46
3123.46
3123.46
24.77
24.77
85.50
85.50
210.29
210.29
1485.14
1485.14
3355.51
3355.51
1105.45
1105.45
224.15
224.15
250.38
250.38
3801.74
3801.74
255.44
255.44
78.18
78.18
137.59
137.59
51.17
51.17
51.17
1206.93
1206.93
1105.03
2318.80
2318.80
2584.66
2584.66
293.73
293.73
1824.82
1824.82
959.11
959.11
1486.68
1486.68
3623.98
3623.98
3643.71
3643.71
545.72
545.72
627.69
627.69
539.94
539.94
1397.53
1397.53
1469.67
1469.67
1469.67
269.05
3757.77
3757.77
3757.77
1225.23
1225.23
2384.81
2384.81
3015.69
3015.69
525.46
1601.73
1601.73
1601.73
1176.74
1176.74
1768.05
1768.05
260.95
260.95
2937.75
2937.75
2259.34
2259.34
3851.53
3851.53
2726.92
2726.92
24.09
24.09
282.00
282.00
3668.03
3668.03
2938.76
680.47
680.47
680.47
24.47
24.47
3037.80
3037.80
2665.34
2665.34
549.17
549.17
363.27
363.27
21.74
21.74
498.26
498.26
102.92
102.92
3779.54
3779.54
389.49
389.49
85.88
42.43
42.43
42.43
1163.35
1163.35
170.38
170.38
1056.34
1056.34
424.28
424.28
211.55
211.55
49.07
49.07
245.45
245.45
72.96
72.96
955.85
955.85
3144.80
3144.80
1695.31
677.49
677.49
677.49
31.09
31.09
128.62
128.62
128.62
382.03
382.03
382.03
2192.37
2192.37
2192.37
2204.07
724.45
3212.59
3458.38
3458.38
3253.22
3253.22
1917.59
1917.59
65.53
65.53
3211.94
3211.94
2724.14
2724.14
363.53
363.53
3094.77
3094.77
732.16
732.16
414.54
414.54
54.84
54.84
29.40
29.40
2189.94
2189.94
2796.29
2796.29
3412.11
3412.11
1440.59
1440.59
143.96
143.96
314.58
314.58
1714.87
1714.87
87.62
87.62
2963.88
2963.88
88.02
88.02
763.86
763.86
186.03
186.03
1386.07
1386.07
85.83
85.83
197.43
197.43
142.32
142.32
714.02
714.02
3059.28
3059.28
162.97
162.97
2587.60
2587.60
333.82
333.82
1467.23
1467.23
648.00
648.00
3383.18
3383.18
3456.22
3456.22
750.24
750.24
3537.93
3537.93
3517.24
3517.24
1497.65
1497.65
3567.34
3567.34
819.76
819.76
765.33
765.33
207.99
207.99
3549.23
3549.23
10.00
10.00
36.68
36.68
585.72
585.72
3763.85
3763.85
562.37
562.37
685.69
685.69
1349.26
1349.26
2968.94
2968.94
216.69
216.69
120.09
120.09
910.89
910.89
70.22
70.22
2343.75
2343.75
877.84
877.84
3659.24
3659.24
127.67
127.67
3506.49
3506.49
52.67
52.67
1467.04
1467.04
55.70
55.70
164.68
164.68
2543.81
2543.81
75.77
75.77
84.25
84.25
215.98
215.98
425.80
425.80
258.74
258.74
3668.42
3668.42
430.56
430.56
57.40
57.40
1458.09
1458.09
128.08
128.08
2047.07
2047.07
2224.08
2224.08
3493.13
3493.13
3588.73
3588.73
60.99
60.99
3304.09
3304.09
84.21
84.21
221.69
221.69
3103.04
3103.04
3103.04
1498.66
67.14
67.14
664.85
664.85
1537.87
1537.87
1106.35
1106.35
969.88
969.88
2971.02
2971.02
448.14
448.14
80.08
80.08
340.56
340.56
123.95
123.95
168.00
168.00
344.75
344.75
86.56
86.56
2016.21
2016.21
179.16
179.16
2768.57
2768.57
3129.80
3129.80
1462.79
1462.79
1115.57
1115.57
167.21
167.21
3499.94
3499.94
64.95
64.95
22.59
22.59
54.35
54.35
1399.56
1399.56
2113.92
2113.92
10.00
10.00
337.54
337.54
257.59
257.59
2207.72
2207.72
48.26
48.26
1434.35
1434.35
63.01
63.01
964.43
964.43
23.79
23.79
2321.24
2321.24
1478.71
1478.71
3611.38
3611.38
3672.44
3672.44
400.63
400.63
3330.51
3330.51
91.16
91.16
874.27
874.27
648.30
648.30
3318.67
3318.67
409.15
409.15
223.95
223.95
1756.37
1756.37
3653.94
3653.94
118.39
118.39
787.07
787.07
130.02
130.02
3721.27
3721.27
1489.46
1489.46
10.00
10.00
1496.74
1496.74
3736.68
3736.68
3425.64
3425.64
1477.57
1477.57
966.05
966.05
1875.94
1875.94
3068.22
3068.22
3363.83
3363.83
1524.76
1524.76
3135.86
3135.86
3698.70
3698.70
1826.22
1826.22
3584.12
3584.12
3634.94
3634.94
3134.83
3134.83
39.40
39.40
3515.64
3515.64
3733.08
3733.08
3566.43
3566.43
1532.19
1532.19
3376.02
3376.02
19.81
19.81
3699.77
3699.77
2159.37
2159.37
2903.81
2903.81
3518.49
3518.49
2621.12
2621.12
3658.40
3658.40
3551.37
3551.37
3732.32
3732.32
3896.57
3896.57
3896.57
3896.57
3576.44
3576.44
3463.21
3463.21
1504.93
1504.93
23.22
23.22
1464.23
1464.23
281.17
281.17
1052.75
1052.75
1799.73
1799.73
48.17
48.17
3502.30
3502.30
932.26
932.26
2646.47
2646.47
3037.49
3037.49
3121.42
3121.42
3348.40
3348.40
2278.51
2278.51
3494.69
3494.69
3121.62
3121.62
3767.17
3767.17
1494.51
1494.51
1447.81
1447.81
1288.10
1288.10
3820.20
3820.20
825.93
825.93
37.37
37.37
2265.91
2265.91
1350.94
1350.94
2949.74
2949.74
55.55
55.55
3325.61
3325.61
25.84
25.84
3752.24
3752.24
3752.24
3752.24
1485.74
1485.74
2803.21
2803.21
3449.03
3449.03
116.04
116.04
1859.23
1859.23
2331.22
2331.22
172.17
172.17
1644.69
1644.69
25.95
25.95
3299.34
3299.34
24.96
24.96
2957.88
2957.88
1418.73
1418.73
20.14
20.14
2065.11
2065.11
3706.51
3706.51
3531.92
3531.92
3726.42
3726.42
162.12
162.12
29.05
29.05
85.52
85.52
987.51
987.51
1393.54
1393.54
10.00
10.00
3688.97
3688.97
2764.47
2764.47
41.42
41.42
452.60
452.60
1966.39
1966.39
1966.39
416.29
416.29
416.29
416.29
855.21
855.21
855.21
855.21
244.62
3687.62
3387.09
3387.09
1080.39
1080.39
3254.82
3254.82
3721.45
533.24
533.24
762.08
762.08
3295.57
3295.57
405.82
405.82
3414.75
3414.75
1487.01
1487.01
3217.95
3217.95
627.46
627.46
346.27
346.27
3489.91
3489.91
3808.42
3808.42
1272.26
1272.26
78.41
78.41
2903.45
2903.45
86.64
86.64
810.61
810.61
2088.03
2088.03
3694.30
3694.30
696.53
696.53
1374.57
1374.57
126.05
126.05
3770.02
3770.02
3568.33
3568.33
3430.69
3430.69
59.46
59.46
3519.59
3519.59
28.39
28.39
1492.51
1492.51
2743.29
2743.29
1489.33
1489.33
910.93
910.93
58.02
58.02
2993.64
2993.64
3420.96
3420.96
3723.71
3723.71
104.49
104.49
485.94
485.94
3767.21
3767.21
373.16
373.16
3779.61
3779.61
3469.49
3469.49
724.76
724.76
1785.84
1785.84
3382.75
3382.75
81.97
81.97
10.00
10.00
10.00
10.00
70.80
70.80
70.80
2198.86
2198.86
2198.86
159.40
159.40
1701.55
2907.94
3323.22
3323.22
1498.47
1498.47
964.40
964.40
296.54
296.54
140.84
140.84
620.45
620.45
681.34
681.34
1664.98
1664.98
126.66
126.66
554.42
554.42
2470.21
2470.21
487.12
487.12
209.41
209.41
1767.27
1767.27
3640.03
3640.03
1713.20
1713.20
1872.34
1872.34
3131.00
3131.00
110.62
110.62
3713.08
3713.08
3776.31
3776.31
2299.92
2299.92
955.18
955.18
162.46
162.46
266.56
266.56
1466.61
1466.61
3799.06
3799.06
3122.73
3122.73
3723.95
3723.95
87.50
87.50
169.08
169.08
3575.02
3575.02
3286.14
3286.14
3779.81
3779.81
2034.91
2034.91
1452.63
1452.63
3029.91
3029.91
3727.77
3727.77
406.48
406.48
226.42
226.42
3341.38
3341.38
981.70
981.70
1489.68
1489.68
166.70
166.70
3022.88
3022.88
3161.66
3161.66
3753.80
3753.80
392.69
392.69
455.86
455.86
10.00
10.00
37.19
37.19
3087.40
3087.40
778.24
778.24
43.42
43.42
3669.72
3669.72
25.85
25.85
3684.23
3684.23
185.97
185.97
43.61
43.61
43.01
43.01
44.71
44.71
2593.64
2593.64
2762.57
2762.57
414.34
414.34
414.34
102.64
102.64
2624.79
19.99
19.99
282.21
282.21
2887.09
2887.09
367.81
367.81
53.43
53.43
472.16
472.16
3795.84
3795.84
10.00
10.00
3680.33
3680.33
605.41
605.41
2962.44
2962.44
501.32
501.32
26.69
26.69
590.35
590.35
3289.26
3289.26
120.77
120.77
3605.34
3605.34
3159.88
3159.88
135.72
135.72
1443.41
1443.41
2640.79
2640.79
2878.02
2878.02
3567.66
3567.66
2588.04
2588.04
159.68
159.68
1018.15
1018.15
3703.83
3703.83
622.27
622.27
32.72
32.72
203.64
203.64
3789.12
3789.12
3667.60
3667.60
72.53
72.53
3487.93
3487.93
3769.41
3769.41
177.72
177.72
3464.79
3464.79
2274.82
2274.82
3081.21
3081.21
3289.93
3289.93
3715.11
3715.11
3785.85
3785.85
3714.01
3714.01
3181.90
3181.90
3775.21
3775.21
3758.41
3758.41
3680.32
3680.32
3314.95
3314.95
3314.95
3314.95
3490.22
3490.22
3798.01
3798.01
1848.29
1848.29
3723.66
3723.66
1680.87
1680.87
3455.29
3455.29
2280.33
2280.33
2280.33
2280.33
3286.13
3286.13
3458.80
3458.80
3458.80
3458.80
3458.80
3458.80
3838.19
3838.19
3570.32
3570.32
2312.03
2312.03
385.82
385.82
3475.70
3475.70
3432.26
3432.26
2967.42
2967.42
3628.38
3628.38
3536.82
3536.82
3764.32
3764.32
3448.11
3448.11
3606.93
3606.93
450.22
450.22
1503.89
1503.89
3759.74
3759.74
3100.19
3100.19
2751.39
2751.39
3745.46
3745.46
1499.95
1499.95
3223.66
3223.66
155.28
155.28
672.69
672.69
672.69
151.53
151.53
1470.97
1470.97
3574.24
3574.24
3438.88
3438.88
3867.94
3867.94
324.24
324.24
1474.26
1474.26
3715.26
3715.26
3301.80
3301.80
3203.26
3203.26
3724.49
3724.49
3765.88
3765.88
362.68
362.68
3627.29
3627.29
64.27
64.27
3713.43
3713.43
40.17
40.17
983.36
983.36
2160.09
2160.09
1523.42
1523.42
1473.31
1473.31
72.57
1210.53
1210.53
1210.53
167.68
167.68
2975.85
2975.85
2269.96
2269.96
3290.48
3290.48
690.63
690.63
1426.60
1426.60
426.20
426.20
86.56
86.56
520.72
520.72
177.38
10.00
10.00
76.41
76.41
76.41
171.48
380.85
380.85
380.85
120.22
120.22
120.22
120.22
120.22
24.11
24.11
24.11
3193.40
3193.40
1915.84
193.38
1076.07
1076.07
1538.01
1538.01
156.97
258.71
258.71
258.71
2885.71
2885.71
61.28
61.28
535.77
535.77
1372.75
1372.75
52.32
52.32
802.93
802.93
3358.92
3358.92
59.41
59.41
375.95
375.95
38.93
38.93
101.64
101.64
802.45
802.45
82.49
82.49
3765.91
3765.91
973.59
973.59
1909.74
1909.74
2308.42
2308.42
3707.86
3707.86
1901.43
1901.43
95.23
95.23
2698.49
2698.49
3542.26
3542.26
10.00
10.00
2408.31
2408.31
86.26
86.26
2868.14
2868.14
2987.47
2987.47
2957.74
2957.74
1150.32
1150.32
3766.03
3766.03
2556.65
2556.65
1242.67
1242.67
171.06
171.06
625.96
625.96
759.52
759.52
3740.62
3740.62
963.02
963.02
767.44
767.44
1477.87
1477.87
86.74
86.74
82.31
82.31
2136.27
2136.27
3385.20
3385.20
1618.29
1618.29
656.71
656.71
77.83
77.83
425.07
425.07
175.71
175.71
634.30
634.30
3722.72
3722.72
253.51
253.51
300.53
300.53
802.27
802.27
82.22
82.22
2620.12
2620.12
995.13
995.13
301.86
301.86
1477.03
1477.03
138.77
138.77
3045.98
3045.98
1106.41
1106.41
58.69
58.69
2951.18
2951.18
69.09
69.09
1483.71
1483.71
3211.68
3211.68
1980.85
1980.85
381.75
381.75
3744.76
3744.76
1499.51
1499.51
748.50
748.50
1860.31
1860.31
3232.32
3232.32
770.30
770.30
10.00
10.00
10.00
10.00
53.19
53.19
630.34
630.34
347.27
347.27
3393.45
3393.45
233.33
233.33
671.84
671.84
252.34
252.34
30.81
30.81
84.31
84.31
654.33
654.33
235.86
235.86
20.33
20.33
1413.09
1413.09
3487.54
3487.54
66.41
66.41
3753.56
3753.56
3795.17
3795.17
2464.96
2464.96
3894.29
3894.29
3700.82
3700.82
3039.52
3039.52
41.89
41.89
1112.25
1112.25
3060.64
3060.64
300.67
300.67
2482.64
2482.64
337.70
337.70
45.26
45.26
672.94
672.94
42.35
42.35
3607.03
3607.03
373.53
373.53
3597.01
3597.01
448.82
448.82
103.85
103.85
3505.49
3505.49
1450.24
1450.24
295.66
295.66
194.64
194.64
91.86
91.86
595.76
595.76
174.07
174.07
77.26
77.26
1473.23
1473.23
3242.58
3242.58
2906.75
2906.75
3313.45
3313.45
42.75
42.75
3830.22
3830.22
21.68
21.68
149.04
149.04
3769.14
3769.14
23.53
23.53
42.81
42.81
24.48
24.48
26.09
26.09
179.79
179.79
28.10
28.10
621.35
621.35
359.94
359.94
56.40
56.40
3603.71
3603.71
2266.17
2266.17
2622.85
2622.85
2388.35
2388.35
3174.43
3174.43
3668.96
3668.96
533.56
533.56
2925.51
2925.51
283.53
283.53
143.39
143.39
639.60
639.60
3511.66
3511.66
725.65
725.65
466.86
466.86
129.79
129.79
144.29
144.29
876.25
876.25
42.92
42.92
25.63
25.63
65.80
65.80
2749.00
2749.00
85.93
85.93
392.68
392.68
164.65
164.65
1857.18
1857.18
3918.98
3918.98
3676.42
3676.42
2981.68
2981.68
17.95
17.95
216.07
216.07
41.97
41.97
256.13
256.13
323.00
323.00
2009.76
2009.76
98.88
98.88
2060.93
2060.93
3479.80
3479.80
2547.61
2547.61
1423.86
1423.86
3116.03
3116.03
3424.20
3424.20
3622.72
3622.72
15.88
15.88
2495.73
2495.73
27.32
27.32
1090.91
1090.91
2335.79
2335.79
343.14
343.14
2805.97
2805.97
2962.68
2962.68
2832.33
2832.33
3679.43
3679.43
1497.30
1497.30
3641.64
3641.64
2274.44
2274.44
696.60
696.60
2906.04
2906.04
1843.14
1843.14
22.02
22.02
3573.79
3573.79
3343.15
3343.15
1714.17
1714.17
3282.71
3282.71
428.96
428.96
2904.63
2904.63
480.40
480.40
856.03
856.03
352.19
352.19
2093.04
2093.04
1135.91
1135.91
74.47
74.47
1833.38
1833.38
1823.81
1823.81
3275.82
3275.82
979.48
979.48
2607.20
2607.20
249.63
249.63
534.15
534.15
1838.05
1838.05
3304.00
3304.00
3497.14
3497.14
2743.26
2743.26
3320.77
3320.77
3320.77
2481.16
2481.16
26.27
1278.46
1278.46
352.20
352.20
3518.39
3518.39
37.50
37.50
3822.79
3822.79
125.90
125.90
3574.01
3574.01
3476.03
3476.03
2649.26
2649.26
21.85
21.85
1477.89
1477.89
2481.94
2481.94
1350.75
1350.75
1055.65
1055.65
3337.83
3337.83
1404.78
1404.78
761.69
761.69
1396.47
1396.47
20.60
20.60
3620.29
3620.29
3801.72
3801.72
3542.89
3542.89
19.16
19.16
1069.35
1069.35
1799.44
1799.44
2473.53
2473.53
1221.76
1221.76
3196.42
3196.42
3126.40
3126.40
3270.53
3270.53
889.28
889.28
2424.70
2424.70
3214.93
3214.93
506.62
506.62
501.29
501.29
1037.40
1037.40
1464.42
1464.42
1484.72
1484.72
219.25
219.25
1292.88
1292.88
2686.52
2686.52
71.66
71.66
71.66
71.66
392.79
392.79
392.79
1462.80
644.12
644.12
81.89
2516.04
1385.40
1385.40
1436.83
1436.83
1293.74
1293.74
1018.18
1018.18
3198.67
3198.67
244.82
244.82
2566.59
2566.59
209.49
209.49
149.55
149.55
10.00
10.00
3376.57
3376.57
3640.90
3640.90
1105.14
1105.14
1438.11
1438.11
24.26
24.26
2563.51
2563.51
207.22
207.22
207.90
207.90
84.48
84.48
3555.42
3555.42
1830.66
1830.66
684.09
684.09
118.00
118.00
2809.98
2809.98
605.14
605.14
246.81
246.81
246.81
246.81
246.81
246.81
246.81
1394.36
1394.36
1394.36
3584.44
3391.72
54.38
54.38
889.87
687.28
1984.65
1984.65
3672.38
3672.38
55.86
55.86
10.00
10.00
24.16
24.16
1507.31
1507.31
3648.21
3648.21
3169.00
3169.00
3643.57
3643.57
3394.47
3394.47
3508.02
3508.02
3219.51
3219.51
22.10
22.10
3839.18
3839.18
2723.53
2723.53
3538.19
3538.19
3352.95
3352.95
3482.55
3482.55
55.91
55.91
1925.51
1925.51
74.83
74.83
1270.92
1270.92
3636.14
3636.14
949.52
949.52
164.95
164.95
3731.80
3731.80
1709.02
1709.02
278.18
278.18
1419.96
1419.96
3087.20
3087.20
3373.41
3373.41
2388.99
2388.99
278.35
278.35
1488.33
1488.33
317.54
317.54
603.41
603.41
2084.37
2084.37
51.71
51.71
3647.94
3647.94
3615.50
3615.50
1484.59
1484.59
171.98
171.98
1665.40
1665.40
2547.57
2547.57
3289.44
3289.44
3962.67
3962.67
114.79
114.79
42.26
42.26
2854.59
2854.59
145.81
145.81
43.14
43.14
2345.93
2345.93
3763.64
3763.64
3922.19
3922.19
3747.11
3747.11
71.75
71.75
631.96
631.96
2295.60
2295.60
2496.14
2496.14
78.66
78.66
3583.25
3583.25
1464.77
1464.77
1464.77
1151.86
2901.16
2901.16
1055.03
1055.03
3711.11
3711.11
36.76
36.76
111.14
111.14
42.97
42.97
818.00
818.00
1962.73
1962.73
107.70
107.70
630.31
630.31
208.46
208.46
351.54
351.54
436.06
436.06
183.41
183.41
2478.67
2478.67
2501.02
2501.02
156.68
156.68
1307.55
1307.55
3320.99
3320.99
352.91
352.91
3267.55
3267.55
2931.45
2931.45
804.43
804.43
3629.86
3629.86
1804.87
1804.87
408.12
408.12
3330.50
3330.50
1997.26
1997.26
2832.77
2832.77
3533.22
3533.22
3533.22
3533.22
3683.56
3683.56
3683.56
3683.56
803.29
803.29
3729.72
3729.72
2082.23
2082.23
3231.80
3231.80
3545.92
3545.92
3378.39
3378.39
3069.69
3069.69
3210.10
3210.10
3704.08
3704.08
3516.64
3516.64
2125.57
2125.57
554.61
554.61
3312.97
3312.97
2713.31
2713.31
3836.44
3836.44
597.42
597.42
1941.81
1941.81
2428.89
2428.89
60.15
60.15
3741.92
3741.92
3095.58
3095.58
3770.15
3770.15
2789.66
2789.66
3373.18
3373.18
3748.29
3748.29
3765.14
3765.14
2820.49
2820.49
2895.18
2895.18
3743.95
3743.95
1824.47
1824.47
3034.53
3034.53
3782.94
3782.94
2395.41
2395.41
3718.62
3718.62
3718.62
3718.62
166.17
166.17
3671.89
3671.89
121.68
121.68
3517.06
3517.06
3356.17
3356.17
523.80
523.80
854.97
854.97
1627.68
1627.68
3625.73
3625.73
998.65
998.65
3674.22
3674.22
148.18
148.18
3106.70
3106.70
3216.32
3216.32
3261.25
3261.25
3795.55
3795.55
3795.55
3402.63
2841.19
2841.19
2841.19
3392.57
3392.57
3392.57
3392.57
3752.96
3752.96
3703.50
3703.50
3390.46
3390.46
3622.90
3729.43
3729.43
3729.43
2499.09
2499.09
2499.09
2499.09
3192.26
3192.26
3192.26
3192.26
2951.56
2951.56
2951.56
2951.56
3731.55
3731.55
341.26
341.26
768.04
768.04
3182.74
3182.74
2320.26
742.25
742.25
742.25
3772.36
3772.36
3754.69
3754.69
1493.95
1493.95
117.16
117.16
1506.59
1506.59
3575.22
3575.22
3591.10
3591.10
3563.82
3563.82
3450.05
3450.05
1512.01
1512.01
3815.06
517.32
517.32
517.32
1198.63
1198.63
3281.76
3281.76
90.36
90.36
1496.83
1496.83
28.77
28.77
274.28
274.28
3507.87
3507.87
202.68
202.68
3583.33
3583.33
3577.73
3577.73
331.83
331.83
3697.92
3697.92
3513.76
3513.76
3619.62
3619.62
3703.61
3703.61
3339.61
3339.61
1994.63
1994.63
3227.18
3227.18
726.65
726.65
3735.94
3735.94
3657.14
3657.14
3496.92
3496.92
3327.55
3327.55
3533.49
3533.49
3813.18
3813.18
3700.25
3700.25
3830.10
3830.10
3770.38
3770.38
3224.86
3224.86
85.32
85.32
3235.44
3235.44
3235.44
3235.44
673.38
673.38
3762.38
3762.38
1352.94
1352.94
1427.83
1427.83
20.24
20.24
129.37
129.37
3572.02
3572.02
1251.24
1251.24
113.57
113.57
635.24
635.24
3536.93
3536.93
3395.51
3395.51
3794.72
3794.72
1489.19
1489.19
192.76
192.76
3061.90
3061.90
222.44
222.44
3782.47
3782.47
26.76
26.76
3467.02
3467.02
3745.99
3745.99
3692.05
3692.05
70.59
70.59
3433.31
3433.31
1292.41
1292.41
27.23
27.23
299.76
299.76
3558.70
3558.70
1792.85
1792.85
887.52
887.52
3756.86
3756.86
106.77
106.77
1392.68
1392.68
58.64
58.64
3276.33
3276.33
1413.33
1413.33
1451.25
1451.25
3608.69
3608.69
3031.18
3031.18
1466.14
1466.14
3666.11
3666.11
2868.63
2868.63
1438.53
1438.53
27.37
27.37
1450.98
1450.98
3782.87
3782.87
3298.72
3298.72
3430.40
3430.40
3430.40
3430.40
3430.40
3430.40
1202.49
1202.49
2122.46
2122.46
473.90
473.90
3620.45
3620.45
3750.84
3750.84
2395.94
2395.94
250.53
250.53
3453.82
3453.82
2843.33
2843.33
3713.14
3713.14
3713.14
3713.14
3795.02
3795.02
3246.67
3246.67
1509.09
1509.09
3790.29
3790.29
3669.43
3669.43
3292.49
3292.49
3384.34
3384.34
1511.24
1511.24
3715.36
3715.36
1160.41
1160.41
1228.23
1228.23
1327.31
1327.31
2158.62
2158.62
3574.09
3574.09
3707.89
3707.89
3684.40
3684.40
1176.88
1176.88
3448.09
3448.09
3657.38
3657.38
3188.48
3188.48
3695.93
3695.93
1478.03
1478.03
3333.49
3333.49
3757.35
3757.35
3593.11
3593.11
3666.92
3666.92
3772.31
3772.31
206.83
206.83
3705.75
3705.75
3806.77
3806.77
3774.46
3774.46
3819.14
3819.14
3527.60
3527.60
3796.75
3796.75
3704.42
3704.42
3730.29
3730.29
3744.03
3744.03
894.14
894.14
3554.32
3554.32
2039.27
2039.27
3811.67
3811.67
1292.28
1292.28
80.44
80.44
3747.64
3747.64
885.22
885.22
3807.38
3807.38
1989.66
1989.66
381.74
381.74
3393.85
3393.85
283.22
283.22
3839.63
3839.63
106.52
106.52
3715.69
3715.69
1056.64
1056.64
618.47
618.47
1480.40
1480.40
492.73
492.73
3598.26
3598.26
3177.28
3177.28
3550.46
3550.46
3749.72
3749.72
1150.73
1150.73
1510.85
1510.85
3481.01
3481.01
3214.52
3214.52
20.71
20.71
3724.68
3724.68
3777.34
3777.34
3786.29
3786.29
1493.45
1493.45
2920.79
2920.79
507.93
507.93
3692.89
3692.89
256.60
256.60
3686.78
3686.78
631.67
631.67
3468.24
3468.24
3572.38
3572.38
116.67
116.67
1194.76
1194.76
3460.47
3460.47
1400.03
1400.03
3708.25
3708.25
3735.38
3735.38
3849.11
3849.11
3656.58
3656.58
3589.00
3589.00
3852.32
3852.32
3773.64
3773.64
3306.95
3306.95
3864.23
3864.23
253.97
253.97
3790.00
3790.00
1458.12
1458.12
3715.92
3715.92
3826.55
3826.55
3004.28
3004.28
3785.82
3785.82
1497.55
1497.55
3374.15
3374.15
1611.99
1611.99
1611.99
1611.99
3867.11
3867.11
3778.84
3778.84
2464.29
2464.29
2464.29
2464.29
3705.41
3705.41
3606.82
3606.82
3785.83
3785.83
3714.25
3714.25
1610.29
1610.29
3293.91
3293.91
3754.26
3754.26
3123.76
3123.76
3742.21
3742.21
1622.88
1622.88
3665.65
3665.65
3279.88
3279.88
3404.19
3404.19
3759.43
3759.43
3528.66
3528.66
1842.59
1842.59
3130.88
3130.88
3578.64
3578.64
1168.83
1168.83
3710.20
3710.20
3827.91
3827.91
3790.57
3790.57
3790.57
3790.57
3790.57
3790.57
3208.72
3208.72
3849.01
3849.01
1489.49
1489.49
3487.89
3487.89
3927.61
3927.61
1881.54
1881.54
1881.54
1881.54
3595.50
3595.50
2761.40
2761.40
1286.67
1286.67
3814.13
3814.13
3707.76
3707.76
3739.03
3739.03
25.00
25.00
3176.81
3176.81
3855.75
3855.75
3855.75
3855.75
1234.84
1234.84
3709.18
3709.18
3567.74
3567.74
3625.16
3625.16
2992.07
2992.07
3746.76
3746.76
3472.27
3472.27
3758.35
3758.35
22.08
22.08
3753.66
3753.66
3528.76
3528.76
3528.76
3528.76
3528.76
3528.76
3528.76
3528.76
3528.76
3528.76
3753.85
3753.85
3172.05
3172.05
3749.26
3749.26
54.45
54.45
3262.11
3262.11
3406.18
3406.18
3726.89
3726.89
3446.54
3446.54
3446.54
3446.54
3446.54
3446.54
3282.19
3282.19
3711.20
3711.20
3374.74
3374.74
1428.01
1428.01
3555.45
3555.45
3701.61
3701.61
3406.94
3406.94
3700.98
3700.98
3453.33
3453.33
3678.94
3678.94
3687.79
3687.79
3440.88
3440.88
3712.26
3712.26
3799.55
3799.55
3685.92
3685.92
3729.36
3729.36
3727.10
3727.10
3728.67
3728.67
145.97
145.97
942.75
942.75
942.75
28.16
415.46
415.46
79.39
79.39
501.33
501.33
242.99
242.99
3564.35
3564.35
3555.16
3555.16
3471.01
3471.01
3409.50
3409.50
3765.08
3765.08
3681.98
3681.98
3702.05
3702.05
110.39
110.39
3715.01
3715.01
3679.62
3679.62
127.87
127.87
3741.63
3741.63
3736.36
3736.36
2312.34
2312.34
3756.21
3756.21
225.38
225.38
2182.28
2182.28
3512.16
3512.16
1312.85
1312.85
3348.49
3348.49
3352.22
3352.22
3017.06
3017.06
120.68
120.68
2083.55
2083.55
3020.54
3020.54
588.74
588.74
1134.16
1134.16
3491.12
3491.12
695.39
695.39
408.87
408.87
3609.35
3609.35
35.88
35.88
3814.57
3814.57
3763.72
3763.72
21.94
21.94
3681.74
3681.74
2614.60
2614.60
1299.15
1299.15
3654.97
3654.97
1110.24
1110.24
3738.80
3738.80
1607.72
1607.72
45.79
45.79
2470.87
2470.87
406.79
406.79
25.94
25.94
3749.19
3749.19
3829.72
3829.72
3740.72
3740.72
3515.27
3515.27
156.51
156.51
326.80
326.80
3455.95
3455.95
1830.22
1830.22
2873.77
2873.77
36.25
36.25
1726.01
1726.01
1290.02
1290.02
299.71
299.71
3343.18
3343.18
420.09
420.09
88.47
88.47
3724.66
3724.66
3758.32
3758.32
3857.00
3857.00
3643.32
3643.32
3757.84
3757.84
3799.44
3799.44
3640.69
3640.69
3718.50
3718.50
3107.41
3107.41
2583.98
2583.98
213.98
213.98
3643.98
3643.98
3434.34
3434.34
167.78
167.78
3727.31
3727.31
3760.21
3760.21
3568.20
3568.20
3852.94
3852.94
4105.11
4105.11
3712.73
3712.73
3440.40
3440.40
555.78
555.78
3451.15
3451.15
2296.66
2296.66
3736.40
3736.40
3801.11
3801.11
1448.41
1448.41
534.03
534.03
3514.43
3514.43
3149.03
3149.03
141.70
141.70
3756.43
3756.43
591.36
591.36
648.01
648.01
39.19
39.19
3362.00
3362.00
3603.58
3603.58
10.00
10.00
1474.72
1474.72
85.71
85.71
526.53
526.53
3643.45
3643.45
3297.65
3297.65
2124.96
2124.96
3300.90
3300.90
3741.57
3741.57
3412.08
3412.08
2892.72
2892.72
1394.27
1394.27
3697.85
3697.85
3354.72
3354.72
3735.71
3735.71
3892.38
3892.38
346.58
346.58
1751.27
1751.27
1407.72
1407.72
3609.27
3609.27
3718.90
3718.90
1066.84
1066.84
3820.17
3820.17
3464.97
3464.97
50.45
50.45
54.23
54.23
3679.63
3679.63
1858.35
1858.35
2791.27
2791.27
128.16
128.16
3777.45
3777.45
2299.27
2299.27
3797.37
3797.37
3502.31
3502.31
3756.83
3756.83
3754.87
3754.87
164.24
164.24
3771.27
3771.27
3831.44
3831.44
3609.99
3609.99
3755.85
3755.85
3761.33
3761.33
3766.05
3766.05
114.59
114.59
1477.71
1477.71
3604.03
3604.03
3759.60
3759.60
3763.38
3763.38
2952.98
2952.98
2467.61
2467.61
3807.04
3807.04
3284.79
3284.79
516.14
516.14
67.43
67.43
115.43
115.43
85.30
85.30
1499.92
1499.92
2396.75
2396.75
1061.30
1061.30
3495.55
3495.55
3744.85
3744.85
3786.46
3786.46
401.68
401.68
767.63
767.63
3273.11
3273.11
1612.88
1612.88
2840.54
2840.54
3722.45
3722.45
1493.48
1493.48
3512.59
3512.59
3720.85
3720.85
3387.04
3387.04
3462.30
3462.30
3702.79
3702.79
2965.73
2965.73
2965.73
1638.35
3567.36
3567.36
3354.24
3354.24
3354.24
3670.42
3670.42
1718.64
1718.64
3666.62
3666.62
3854.16
3854.16
3152.33
3152.33
3808.24
3808.24
3733.69
3733.69
3529.89
3529.89
3783.71
3738.84
3738.84
3738.84
3700.81
3700.81
3939.39
3939.39
3638.83
3638.83
3638.83
3638.83
3816.95
3816.95
1073.05
1073.05
863.24
863.24
1886.44
1886.44
78.76
78.76
1281.38
1281.38
3274.48
3274.48
3511.53
3511.53
3530.87
3530.87
804.74
804.74
2658.43
2658.43
3133.49
3133.49
3453.45
3453.45
3630.37
3630.37
305.54
305.54
3514.42
3514.42
275.24
275.24
3960.35
3960.35
19.39
19.39
3529.48
3529.48
756.48
756.48
3636.88
1498.05
1498.05
1498.05
3751.56
3751.56
2355.67
2355.67
3968.00
3968.00
3565.28
3565.28
3565.28
3565.28
16.86
16.86
1504.39
1504.39
3120.58
3120.58
3978.49
3978.49
2242.56
2242.56
3713.59
3713.59
3882.69
3882.69
3752.36
3752.36
3752.36
3752.36
3752.36
3752.36
3691.77
3691.77
3580.71
3580.71
37.00
37.00
3684.00
3684.00
3684.00
3684.00
349.05
349.05
152.87
152.87
3394.35
3394.35
3203.19
3203.19
1450.14
1450.14
1450.14
1450.14
3729.76
3729.76
174.82
174.82
97.13
97.13
3258.54
3258.54
3128.10
3128.10
3241.73
3241.73
914.50
914.50
2917.44
2917.44
506.59
506.59
1400.08
1400.08
3106.17
3106.17
1462.37
1462.37
1884.37
1884.37
1231.23
1231.23
214.66
214.66
437.53
437.53
1477.03
1477.03
2551.52
2551.52
404.45
404.45
357.11
357.11
800.83
800.83
2381.63
2381.63
3618.12
3618.12
1378.07
1378.07
191.79
191.79
608.01
608.01
121.04
121.04
3718.33
3718.33
1482.23
1482.23
3063.94
3063.94
433.53
433.53
239.22
239.22
1781.11
1781.11
159.72
159.72
1093.57
1093.57
159.24
159.24
218.63
218.63
182.75
182.75
3445.11
3445.11
298.31
298.31
1778.54
1778.54
38.52
38.52
86.61
86.61
2540.94
2540.94
3608.60
3608.60
28.14
28.14
161.07
161.07
1496.57
1496.57
96.79
96.79
1723.58
1723.58
648.62
648.62
2580.23
2580.23
1435.54
1435.54
266.03
266.03
2493.57
2493.57
2700.02
2700.02
671.44
671.44
1488.28
1488.28
3609.54
3609.54
3038.07
3038.07
1795.63
1795.63
66.30
66.30
1536.43
1536.43
3140.95
3140.95
2427.65
2427.65
819.58
819.58
1334.42
1334.42
3039.43
3039.43
3594.36
3594.36
602.84
602.84
3289.23
3289.23
3330.97
3330.97
2806.23
2806.23
55.33
55.33
2320.82
2320.82
1693.14
1693.14
1470.64
1470.64
971.73
971.73
1426.26
1426.26
326.68
326.68
24.71
24.71
331.69
331.69
86.36
86.36
256.58
256.58
340.59
340.59
449.61
449.61
2581.07
2581.07
2581.07
2581.07
2581.07
2581.07
2581.07
1170.99
1170.99
831.14
10.00
10.00
722.17
29.19
29.19
29.19
532.83
532.83
860.29
860.29
2431.94
2119.93
3722.19
3722.19
2106.61
2106.61
3542.91
3542.91
3249.13
3249.13
3212.95
3212.95
1932.94
1932.94
3449.75
3449.75
3140.05
3140.05
1498.44
1498.44
3208.79
3208.79
3075.56
3075.56
3669.57
3669.57
3718.74
3718.74
1066.06
1066.06
2764.60
2764.60
1397.10
1397.10
3677.98
3677.98
1448.97
1448.97
3735.64
3735.64
3522.36
3522.36
3413.13
3413.13
3202.46
3202.46
1438.67
1438.67
3274.06
3274.06
3539.04
3539.04
3756.86
3756.86
3514.08
3514.08
3514.08
3514.08
3710.25
3710.25
1501.78
1501.78
2946.44
2946.44
272.44
272.44
1876.78
1876.78
1965.64
1965.64
1473.84
1473.84
3500.46
3500.46
3774.08
3774.08
177.12
177.12
3334.92
3334.92
3824.57
3824.57
3529.50
3529.50
1452.04
1452.04
3531.48
3531.48
121.35
121.35
3350.38
3350.38
912.26
912.26
3220.44
3220.44
3628.94
3628.94
3298.09
3298.09
3402.04
3402.04
3402.04
3402.04
29.87
29.87
94.46
94.46
1386.85
1386.85
576.33
576.33
3771.67
3771.67
3722.91
3722.91
22.62
22.62
3779.57
3779.57
1522.21
1522.21
1855.88
1855.88
717.90
717.90
3697.62
3697.62
1476.24
1476.24
723.42
723.42
2209.43
2209.43
3382.31
3382.31
130.18
130.18
1427.21
1427.21
1047.32
1047.32
2408.05
2408.05
2580.04
2580.04
3282.26
3282.26
130.26
130.26
54.41
54.41
248.90
248.90
754.33
754.33
2288.66
2288.66
27.80
27.80
3718.50
3718.50
1502.43
1502.43
10.00
10.00
1490.46
1490.46
1996.80
1996.80
501.59
501.59
351.53
351.53
638.50
638.50
2187.19
2187.19
10.00
10.00
1067.50
1067.50
83.90
83.90
3666.76
3666.76
38.68
38.68
3765.91
3765.91
1438.24
1438.24
3193.45
3193.45
70.82
70.82
649.79
649.79
488.14
488.14
3368.81
3368.81
108.90
108.90
118.65
118.65
26.66
26.66
636.68
636.68
3380.56
3380.56
2515.03
2515.03
1485.19
1485.19
3086.49
3086.49
735.08
735.08
42.49
42.49
403.90
403.90
1344.19
1344.19
240.03
240.03
3133.82
3133.82
2444.17
2444.17
869.35
869.35
3631.68
3631.68
3766.44
3766.44
20.10
20.10
1421.15
1421.15
1451.80
1451.80
1513.13
1513.13
3051.68
3051.68
3701.04
3701.04
3616.01
3616.01
3604.94
3604.94
3334.95
3334.95
32.82
32.82
307.46
307.46
363.52
363.52
3737.81
3737.81
212.43
212.43
42.67
42.67
208.92
208.92
2816.88
2816.88
2304.51
2304.51
3478.07
3478.07
591.97
591.97
10.00
10.00
525.03
525.03
1016.06
1016.06
3628.10
3628.10
1480.32
1480.32
465.82
465.82
3150.02
3150.02
3267.59
3267.59
2646.51
2646.51
1498.78
1498.78
168.47
168.47
53.68
53.68
1107.91
1107.91
427.10
427.10
202.95
202.95
2635.42
2635.42
3430.26
3430.26
1548.74
1548.74
1458.54
1458.54
384.39
384.39
3209.81
3209.81
3272.38
3272.38
2147.10
2147.10
880.63
880.63
645.37
645.37
3706.35
3706.35
1899.80
1899.80
559.34
559.34
1557.64
1557.64
2838.38
2838.38
3390.03
3390.03
3676.81
3676.81
977.61
977.61
1704.30
1704.30
264.43
264.43
1891.35
1891.35
3530.88
3530.88
1209.16
1209.16
183.71
183.71
172.79
172.79
892.81
892.81
878.31
878.31
53.94
53.94
3420.53
3420.53
40.41
40.41
1490.90
1490.90
577.23
577.23
140.30
140.30
1324.23
1324.23
440.08
440.08
1427.89
1427.89
286.80
286.80
41.52
41.52
129.78
129.78
1485.28
1485.28
379.14
379.14
1141.60
1141.60
3050.82
3050.82
190.98
190.98
90.96
90.96
3441.05
3441.05
1181.16
1181.16
3591.40
3591.40
1578.60
1578.60
1301.18
1301.18
90.83
90.83
3565.41
3565.41
387.39
387.39
603.62
603.62
2433.33
2433.33
865.06
865.06
2431.66
2431.66
2420.58
2420.58
2319.01
2319.01
2821.75
2821.75
2946.10
2946.10
3683.25
3683.25
3384.27
3384.27
1883.47
1883.47
1072.97
1072.97
3138.80
3138.80
37.54
37.54
166.67
166.67
10.00
10.00
42.50
42.50
339.95
339.95
168.54
168.54
160.97
160.97
388.39
388.39
417.94
417.94
83.53
83.53
2452.38
2452.38
1291.26
1291.26
729.98
729.98
3790.62
3790.62
1818.41
1818.41
3766.03
3766.03
320.35
320.35
908.98
908.98
1324.93
1324.93
1424.26
1424.26
1079.40
1079.40
1079.40
42.02
84.27
84.27
3067.28
3067.28
42.26
42.26
1453.76
1453.76
28.85
28.85
584.55
584.55
154.88
154.88
179.84
179.84
920.21
920.21
723.62
723.62
3094.59
3094.59
502.11
502.11
444.83
444.83
3285.92
3285.92
3463.13
3463.13
968.23
968.23
1024.10
1024.10
48.84
48.84
366.82
366.82
3813.13
3813.13
373.34
373.34
1498.14
1498.14
3721.82
3721.82
115.83
115.83
2785.22
2785.22
114.36
114.36
3688.94
3688.94
3503.05
3503.05
1385.61
1385.61
1143.73
1143.73
158.04
158.04
652.48
652.48
3176.46
3176.46
1452.74
1452.74
453.67
453.67
60.23
60.23
86.04
86.04
3731.97
3731.97
363.35
363.35
770.49
770.49
1404.44
1404.44
440.77
440.77
3761.83
3761.83
321.44
321.44
3689.22
3689.22
3239.13
3239.13
3632.11
3632.11
727.33
727.33
3764.42
3764.42
1964.62
1964.62
3614.95
3614.95
2475.47
2475.47
1433.44
1433.44
153.48
153.48
526.21
526.21
119.83
119.83
838.40
838.40
739.47
739.47
54.82
54.82
112.93
112.93
2918.65
2918.65
3880.08
3880.08
76.70
76.70
3019.02
3019.02
642.74
642.74
2515.04
2515.04
457.65
457.65
3481.04
3481.04
2118.97
2118.97
42.29
42.29
3709.41
3709.41
598.80
598.80
48.87
48.87
284.49
284.49
1558.16
1558.16
288.97
288.97
1268.56
1268.56
1550.08
1550.08
3257.76
3257.76
127.50
127.50
126.22
126.22
3684.99
3684.99
3276.54
3276.54
1260.77
1260.77
26.86
26.86
334.30
334.30
2080.08
2080.08
224.59
224.59
1736.37
1736.37
3302.74
3302.74
671.35
671.35
3702.59
3702.59
199.36
199.36
199.36
1514.12
1197.26
1197.26
1197.26
3539.91
875.26
875.26
875.26
2511.19
2511.19
3006.58
3006.58
3732.47
3732.47
1374.67
1374.67
750.54
1573.03
1573.03
1573.03
3502.89
3502.89
2346.84
2346.84
1444.62
1444.62
291.60
291.60
3655.14
3655.14
2351.11
2351.11
404.14
404.14
212.93
212.93
3376.52
3376.52
3025.19
3025.19
2276.11
2745.10
2745.10
2745.10
3237.89
3237.89
2983.22
2983.22
3419.99
3419.99
838.47
838.47
1360.28
1360.28
1360.28
1360.28
3705.04
3705.04
3015.40
3015.40
3625.27
3625.27
2046.42
2046.42
3479.11
3479.11
1400.36
1400.36
2124.98
2124.98
519.95
519.95
20.49
20.49
1203.40
1203.40
1351.11
1351.11
2997.70
2997.70
879.33
879.33
1425.54
1425.54
2341.99
2341.99
3452.05
3452.05
3359.53
3359.53
3741.90
3741.90
488.47
488.47
928.80
928.80
1586.70
1586.70
1578.71
1578.71
3446.00
3446.00
2356.55
2356.55
463.75
463.75
1171.88
1171.88
1474.67
1474.67
3731.26
3731.26
488.01
488.01
3170.34
3170.34
1734.37
1734.37
190.04
190.04
1634.61
1634.61
971.27
971.27
3814.00
3814.00
3621.95
3621.95
3732.85
3732.85
3634.39
3634.39
3121.40
3121.40
3810.41
3810.41
824.11
824.11
235.44
235.44
2948.66
2948.66
3449.55
3449.55
2347.36
2347.36
1401.23
1401.23
1579.55
1579.55
1579.55
1579.55
3441.15
3441.15
3281.17
3281.17
495.73
495.73
79.69
79.69
211.65
211.65
142.09
142.09
705.07
705.07
95.12
95.12
396.86
396.86
532.67
532.67
1391.19
1391.19
512.20
512.20
123.64
123.64
369.29
369.29
137.69
137.69
1129.25
1129.25
1535.69
1535.69
110.24
110.24
735.89
735.89
145.63
145.63
851.22
851.22
2688.38
2688.38
1483.52
1483.52
1168.21
1168.21
3770.09
3770.09
3645.26
3645.26
58.40
58.40
1463.38
1463.38
3562.46
3562.46
3118.41
3118.41
636.15
636.15
827.95
827.95
141.67
141.67
226.41
226.41
1950.91
1950.91
27.32
27.32
3791.12
3791.12
2281.91
2281.91
96.36
96.36
3189.26
3189.26
320.11
320.11
1479.39
1479.39
1353.42
1353.42
248.12
248.12
3192.70
3192.70
295.35
295.35
627.56
627.56
408.40
408.40
50.40
50.40
622.01
622.01
183.71
183.71
2458.07
2458.07
901.35
901.35
1495.15
1495.15
160.93
160.93
10.00
10.00
668.30
668.30
604.35
604.35
22.06
22.06
3282.07
3282.07
3184.93
3184.93
3690.50
3690.50
3171.61
3171.61
3190.28
3190.28
889.50
889.50
163.59
163.59
157.59
157.59
106.29
106.29
135.19
135.19
27.81
27.81
39.42
39.42
182.77
182.77
1415.60
1415.60
677.11
677.11
1871.71
1871.71
425.15
425.15
484.16
484.16
3494.38
3494.38
1910.19
1910.19
129.15
129.15
3076.25
3076.25
542.66
542.66
2631.09
2631.09
191.22
191.22
1463.70
1463.70
765.12
765.12
1943.83
1943.83
509.09
509.09
358.00
358.00
36.17
36.17
3245.47
3245.47
531.28
531.28
488.56
488.56
3785.68
3785.68
1306.34
1306.34
3026.35
3026.35
52.49
52.49
302.98
302.98
123.46
123.46
760.24
760.24
181.32
181.32
3254.76
3254.76
197.11
197.11
41.92
41.92
3403.59
3403.59
2276.76
2276.76
1477.76
1477.76
896.01
896.01
1496.74
1496.74
574.93
574.93
167.97
167.97
43.02
43.02
3280.97
3280.97
2771.17
2771.17
3171.21
3171.21
894.15
894.15
59.50
59.50
128.60
128.60
53.78
53.78
81.09
81.09
1497.63
1497.63
3055.61
3055.61
71.10
71.10
37.70
37.70
2637.06
2637.06
218.56
218.56
2927.07
2927.07
894.79
894.79
3513.76
3513.76
3264.64
3264.64
1390.29
1390.29
3016.41
3016.41
3016.41
3016.41
1923.00
1923.00
213.88
213.88
3747.57
3747.57
23.69
23.69
3789.65
3789.65
313.85
313.85
3679.94
3679.94
3378.38
3378.38
2051.78
2051.78
1494.74
1494.74
3297.28
3297.28
2544.55
2544.55
181.21
181.21
3737.58
3737.58
3443.20
3443.20
2999.65
2999.65
48.29
48.29
42.96
42.96
3349.08
3349.08
3670.46
3670.46
3643.22
3643.22
3069.35
3069.35
170.83
170.83
3900.69
3900.69
3338.73
3338.73
3774.94
3774.94
3157.57
3157.57
3469.21
3469.21
3514.18
3514.18
3580.98
3580.98
3271.46
3271.46
2028.40
2028.40
3463.23
3463.23
3804.43
3804.43
3591.25
3591.25
3427.96
3427.96
3427.96
3427.96
3267.52
3267.52
2849.37
2849.37
3602.52
3602.52
3272.20
3272.20
42.52
42.52
3688.73
3688.73
20.16
20.16
3713.17
3713.17
2342.01
2342.01
24.48
24.48
244.43
244.43
3145.54
3145.54
3684.86
3684.86
3684.86
3684.86
2951.11
2951.11
12.07
12.07
36.49
36.49
3800.04
3800.04
153.15
153.15
3374.35
3374.35
1395.53
1395.53
1538.52
1538.52
3427.41
3427.41
3750.27
3750.27
3338.14
3338.14
1411.00
1411.00
340.25
340.25
1497.35
1497.35
36.53
36.53
3484.02
3484.02
3174.99
3174.99
149.38
149.38
3018.89
3018.89
667.39
667.39
2251.93
2251.93
1073.38
1073.38
296.82
296.82
2805.37
2805.37
512.99
512.99
2570.54
2570.54
585.26
585.26
2024.37
2024.37
3135.07
3135.07
270.66
270.66
38.72
38.72
3553.92
3553.92
1484.67
1484.67
3008.65
3008.65
515.60
515.60
515.60
10.00
10.00
10.00
545.48
3476.83
746.13
746.13
10.00
10.00
1427.27
1427.27
3790.57
3790.57
640.17
640.17
120.70
120.70
1473.67
1473.67
1025.92
1025.92
606.76
606.76
769.52
769.52
3281.16
3281.16
508.48
508.48
261.96
261.96
2383.65
2383.65
2073.76
2073.76
2068.32
2068.32
769.64
769.64
18.28
18.28
1489.02
1489.02
3266.74
3266.74
3643.03
3643.03
3306.06
3306.06
38.65
38.65
81.51
81.51
1483.68
1483.68
3492.91
3492.91
85.45
85.45
951.67
951.67
1649.42
1649.42
549.51
549.51
1368.07
1368.07
1779.34
1779.34
2386.64
2386.64
159.50
159.50
315.30
315.30
199.20
199.20
607.96
607.96
227.75
227.75
3276.83
3276.83
2154.13
2154.13
1478.96
1478.96
2190.50
2190.50
50.93
50.93
42.89
42.89
48.36
48.36
3493.07
3493.07
28.93
28.93
806.16
806.16
3522.16
3522.16
3675.86
3675.86
3666.41
3666.41
3771.42
3771.42
2203.68
2203.68
3443.55
3443.55
1512.87
1512.87
68.55
68.55
142.69
142.69
3308.97
3308.97
828.52
828.52
3036.72
3036.72
87.58
87.58
1254.50
1254.50
3367.90
3367.90
3627.71
3627.71
29.01
29.01
3223.11
3223.11
62.20
62.20
479.55
479.55
3431.13
3431.13
499.51
499.51
2199.88
2199.88
275.21
275.21
286.75
286.75
272.40
272.40
220.90
220.90
254.20
254.20
52.37
52.37
266.41
266.41
85.52
85.52
1720.31
1720.31
257.96
257.96
233.57
233.57
1389.55
1389.55
45.32
45.32
222.15
222.15
140.39
140.39
85.49
85.49
1012.54
1012.54
1229.71
1229.71
3419.97
3419.97
57.27
57.27
2808.32
2808.32
2139.65
2139.65
3054.19
3054.19
164.76
164.76
1278.93
1278.93
945.07
945.07
1474.47
1474.47
3523.73
3523.73
20.62
20.62
2738.53
2738.53
1408.45
1408.45
171.03
171.03
3652.58
3652.58
3057.51
3057.51
39.51
39.51
845.60
845.60
1050.93
1050.93
103.24
103.24
1444.82
1444.82
34.64
34.64
41.64
41.64
711.04
711.04
256.96
256.96
1427.87
1427.87
26.77
26.77
247.73
247.73
1449.07
1449.07
1633.91
1633.91
2201.13
2201.13
3551.60
3551.60
1385.48
1385.48
833.08
833.08
3305.23
3305.23
1116.44
1116.44
1493.96
1493.96
119.23
119.23
97.32
97.32
2905.53
2905.53
3550.52
3550.52
2895.74
2895.74
3336.01
3336.01
3396.98
3396.98
82.06
82.06
3625.69
3625.69
2384.94
2384.94
394.41
394.41
428.67
428.67
805.48
805.48
203.55
203.55
10.00
10.00
380.21
380.21
214.33
214.33
513.31
513.31
1375.08
1375.08
1099.21
1099.21
1634.59
1634.59
297.44
297.44
242.70
242.70
248.66
248.66
1489.60
1489.60
343.29
343.29
3517.43
3517.43
3148.61
3148.61
135.06
135.06
1314.10
1314.10
709.55
709.55
38.59
38.59
3791.93
3791.93
800.77
800.77
3391.82
3391.82
362.46
362.46
80.23
80.23
501.04
501.04
3510.89
3510.89
81.19
81.19
33.35
33.35
3762.01
3762.01
3776.51
3776.51
1495.71
1495.71
201.89
201.89
3019.59
3019.59
3266.42
3266.42
3160.61
3160.61
749.47
749.47
2164.50
2164.50
2732.32
2732.32
3733.42
3733.42
2853.30
2853.30
1446.95
1446.95
590.53
590.53
1985.97
1985.97
471.52
471.52
301.89
301.89
282.29
282.29
862.81
862.81
810.06
810.06
347.15
347.15
10.00
10.00
10.00
10.00
3634.41
3634.41
1306.35
1306.35
803.62
803.62
1837.46
1837.46
452.38
452.38
167.91
167.91
3297.67
3297.67
161.04
161.04
1430.63
1430.63
221.77
221.77
221.77
50.26
42.91
42.91
21.38
21.38
21.38
1406.45
1406.45
72.32
72.32
1487.37
1487.37
1251.81
1251.81
2396.13
2396.13
3106.24
3106.24
322.87
322.87
1368.20
1368.20
96.30
96.30
404.00
404.00
706.85
706.85
1418.23
1418.23
250.87
250.87
494.98
494.98
87.89
87.89
888.44
888.44
2146.36
2146.36
24.39
24.39
950.07
950.07
126.35
126.35
820.10
820.10
21.69
21.69
821.48
821.48
135.05
135.05
2313.05
2313.05
44.51
44.51
1469.24
1469.24
3344.75
3344.75
1197.18
1197.18
262.88
262.88
542.26
542.26
3457.61
3457.61
454.36
454.36
3740.62
3740.62
720.42
720.42
1764.50
1764.50
97.43
97.43
498.12
498.12
53.83
53.83
2881.87
2881.87
424.33
424.33
608.33
608.33
1800.77
1800.77
1461.83
1461.83
599.92
599.92
1352.80
1352.80
408.77
408.77
442.17
442.17
2206.59
2206.59
3287.78
3287.78
1336.93
1336.93
1519.88
1519.88
981.38
981.38
512.27
512.27
2678.84
2678.84
1020.35
1020.35
2797.53
2797.53
469.19
469.19
1034.08
1034.08
1708.11
1708.11
611.72
611.72
923.52
923.52
1460.21
1460.21
22.10
22.10
169.94
169.94
37.21
37.21
2583.92
2583.92
1396.28
1396.28
1060.02
1060.02
21.90
21.90
2560.60
2560.60
929.80
929.80
58.34
58.34
512.99
512.99
1337.89
1337.89
258.34
258.34
384.44
384.44
1244.67
1244.67
453.74
453.74
1329.32
1329.32
2906.49
2906.49
3413.34
3413.34
3005.80
3005.80
21.89
21.89
1483.11
1483.11
620.73
620.73
1469.00
1469.00
1721.44
1721.44
68.73
68.73
291.13
291.13
3179.45
3179.45
1353.33
1353.33
645.36
645.36
184.82
184.82
790.21
790.21
1361.60
1361.60
1567.64
1567.64
558.84
558.84
126.16
126.16
744.99
744.99
590.44
590.44
2529.20
2529.20
1407.36
1407.36
1405.98
1405.98
3473.80
3473.80
1464.97
1464.97
393.00
393.00
239.06
239.06
621.22
621.22
80.39
80.39
1982.57
1982.57
2269.46
2269.46
448.45
448.45
513.03
513.03
41.57
41.57
1481.00
1481.00
1173.54
1173.54
3477.19
3477.19
195.41
195.41
294.43
294.43
411.23
411.23
813.37
813.37
1481.22
1481.22
2168.87
2168.87
94.29
94.29
1593.23
1593.23
1487.96
1487.96
599.80
599.80
599.80
134.29
134.29
3360.26
885.87
885.87
142.50
142.50
28.48
28.48
28.48
28.48
128.96
128.96
2274.10
2274.10
42.19
642.92
983.88
983.88
75.58
75.58
10.00
10.00
2222.76
2222.76
31.54
31.54
860.89
860.89
674.48
674.48
3265.22
3265.22
2361.65
2361.65
220.31
220.31
396.88
396.88
842.47
842.47
411.06
411.06
305.98
305.98
157.04
157.04
10.00
10.00
1480.05
1480.05
254.72
254.72
2529.54
2529.54
27.13
27.13
27.81
27.81
3665.81
3665.81
57.50
57.50
1750.47
1750.47
575.09
575.09
2433.37
2433.37
1273.33
1273.33
233.43
233.43
1384.72
1384.72
229.12
229.12
2287.95
2287.95
2909.31
2909.31
2972.10
2972.10
1455.82
1455.82
356.48
356.48
293.83
293.83
72.48
72.48
488.90
488.90
169.29
169.29
2184.19
2184.19
1476.75
1476.75
86.36
86.36
654.71
654.71
495.23
495.23
822.66
822.66
53.09
53.09
909.78
909.78
340.90
340.90
383.60
383.60
31.65
31.65
600.83
600.83
156.75
156.75
275.66
275.66
772.57
772.57
3276.07
3276.07
2230.44
2230.44
3683.11
3683.11
1346.39
1346.39
356.07
356.07
1285.88
1285.88
10.00
10.00
54.45
54.45
2226.04
2226.04
203.45
203.45
3535.99
3535.99
1037.41
1037.41
1016.28
1016.28
3236.02
3236.02
2532.66
2532.66
1479.97
1479.97
285.95
285.95
3444.22
3444.22
66.72
66.72
225.75
225.75
1420.59
1420.59
1284.19
1284.19
1380.03
1380.03
3319.00
3319.00
19.50
19.50
1355.27
1355.27
3362.52
3362.52
3362.52
3362.52
3335.85
3335.85
196.45
196.45
2396.35
2396.35
2850.44
2850.44
2687.47
2687.47
1944.16
1944.16
3214.81
3214.81
3214.81
3214.81
558.44
558.44
281.01
281.01
841.86
841.86
850.18
850.18
3231.40
3231.40
592.58
592.58
59.19
59.19
220.46
220.46
1326.75
1326.75
2957.33
2957.33
1461.06
1461.06
105.38
105.38
2795.21
2795.21
2782.26
2782.26
2782.26
2782.26
3642.83
3642.83
99.91
99.91
3656.25
3656.25
1188.64
1188.64
3203.34
3203.34
2785.27
2785.27
156.09
156.09
1396.84
1396.84
227.63
227.63
471.22
471.22
323.00
323.00
3042.48
3042.48
1949.52
1949.52
1949.52
1949.52
1949.52
1949.52
3009.19
3009.19
182.78
182.78
2166.09
2166.09
3354.75
3354.75
2626.48
2626.48
205.06
205.06
462.09
462.09
852.36
852.36
284.85
284.85
1494.17
1494.17
65.94
65.94
1313.66
1313.66
2618.97
2618.97
2918.91
2918.91
2918.91
2918.91
2977.20
2977.20
3237.31
3237.31
3237.31
3237.31
2364.35
2364.35
522.09
522.09
143.48
143.48
256.37
256.37
2654.40
2654.40
326.74
326.74
42.01
42.01
189.90
189.90
729.82
729.82
2836.93
2836.93
1452.97
1452.97
71.78
71.78
1075.16
1075.16
3821.03
3821.03
20.82
20.82
1361.48
1361.48
3164.99
3164.99
1403.82
1403.82
3075.05
3075.05
2940.70
2940.70
2601.02
2601.02
564.11
564.11
636.88
636.88
1882.06
1882.06
818.20
818.20
830.45
830.45
2650.45
2650.45
1476.37
1476.37
211.35
211.35
1351.53
1351.53
237.73
237.73
2678.33
2678.33
2101.30
2101.30
3654.26
3654.26
79.59
79.59
848.10
848.10
86.05
86.05
64.77
64.77
202.64
202.64
555.43
555.43
82.75
82.75
1354.98
1354.98
763.10
763.10
1252.70
1252.70
2924.55
2924.55
825.49
825.49
28.34
28.34
1253.41
1253.41
136.60
136.60
471.69
471.69
2802.86
2802.86
267.56
267.56
1021.23
1021.23
1288.87
1288.87
188.72
188.72
265.67
265.67
362.52
362.52
2273.86
2273.86
2140.72
2140.72
22.10
22.10
2090.34
2090.34
2875.07
2875.07
322.88
322.88
765.54
765.54
1618.91
1618.91
1196.44
1196.44
3050.28
3050.28
492.74
492.74
589.68
589.68
1336.13
1336.13
1407.61
1407.61
1838.44
1838.44
272.17
272.17
211.40
211.40
437.20
437.20
1916.33
1916.33
158.09
158.09
52.16
52.16
150.91
150.91
454.51
454.51
476.93
476.93
29.87
29.87
1145.78
1145.78
97.07
97.07
205.33
205.33
1400.37
1400.37
508.38
508.38
1515.61
1515.61
179.20
179.20
1330.52
1330.52
2031.39
2031.39
285.25
285.25
26.24
26.24
1604.83
1604.83
3478.68
3478.68
664.02
664.02
3155.34
3155.34
749.74
749.74
379.18
379.18
2212.64
2212.64
223.47
223.47
1410.65
1410.65
179.33
179.33
420.66
420.66
3304.12
3304.12
177.98
177.98
346.96
346.96
3377.61
3377.61
278.29
278.29
3622.56
3622.56
1928.58
1928.58
1928.58
43.26
43.26
83.91
83.91
368.37
368.37
78.14
78.14
10.00
3097.74
3097.74
333.58
333.58
333.58
510.38
85.15
85.15
75.00
75.00
3163.39
3163.39
2019.77
2019.77
1426.26
1426.26
230.03
230.03
1184.56
1184.56
74.72
74.72
128.13
128.13
3486.41
3486.41
3258.51
3258.51
1458.06
1458.06
208.08
208.08
38.52
38.52
3417.77
3417.77
430.67
430.67
41.01
41.01
10.00
10.00
1154.52
1154.52
3689.82
3689.82
480.32
480.32
40.08
40.08
1138.51
1138.51
1721.61
1721.61
111.28
111.28
3258.37
3258.37
1185.75
1185.75
1754.70
1754.70
201.52
201.52
2161.23
2161.23
24.15
24.15
1938.06
1938.06
3195.22
3195.22
169.52
169.52
42.97
42.97
1551.95
1551.95
58.78
58.78
662.00
662.00
1931.66
1931.66
1096.81
1096.81
2972.98
2972.98
3735.13
3735.13
1809.22
1809.22
973.42
973.42
454.81
454.81
372.75
372.75
1162.84
1162.84
448.35
448.35
250.71
250.71
600.28
600.28
194.33
194.33
1994.87
1994.87
453.04
453.04
216.07
216.07
2900.22
2900.22
833.10
833.10
1030.66
1030.66
195.01
195.01
241.46
241.46
2708.45
2708.45
3150.01
3150.01
2609.78
2609.78
124.59
124.59
3372.42
3372.42
3487.53
3487.53
2028.27
2028.27
2904.29
2904.29
3403.46
3403.46
3403.46
3403.46
2898.30
2898.30
3206.24
3206.24
3544.22
3544.22
3307.14
3307.14
3175.71
3175.71
2981.38
2981.38
3547.77
3547.77
1561.46
1561.46
10.00
10.00
2674.88
2674.88
669.95
669.95
3514.63
3514.63
2837.26
2837.26
2588.07
2588.07
3141.16
3141.16
1420.60
1420.60
293.61
293.61
3292.21
3292.21
1668.16
1668.16
1481.44
1481.44
740.13
740.13
1352.81
1352.81
3078.71
3078.71
1525.43
1525.43
191.83
191.83
297.24
297.24
1856.46
1856.46
557.48
557.48
187.44
187.44
2081.32
2081.32
72.67
72.67
1469.97
1469.97
1469.97
466.06
466.06
3492.23
3492.23
668.64
668.64
159.12
159.12
3091.55
3091.55
2349.55
2349.55
1804.22
1804.22
2982.11
3294.40
3294.40
3294.40
625.02
625.02
1220.98
1220.98
1502.90
1502.90
296.99
296.99
3031.89
3031.89
129.18
129.18
236.24
236.24
678.36
678.36
628.97
628.97
1388.69
1388.69
1388.69
3248.90
3248.90
3248.90
1672.91
1672.91
420.41
420.41
166.91
166.91
3171.42
3171.42
2684.86
2684.86
399.48
399.48
326.02
326.02
3013.13
3013.13
1966.61
1966.61
35.95
35.95
886.78
225.87
225.87
225.87
26.63
26.63
1253.78
1253.78
2830.66
2830.66
2961.71
2961.71
1905.93
1905.93
243.33
243.33
1558.76
1558.76
3298.94
3298.94
3171.68
3171.68
3204.14
3204.14
86.00
86.00
1342.38
1342.38
760.78
760.78
2273.23
2273.23
25.73
25.73
3574.89
3574.89
198.17
198.17
753.11
753.11
828.26
828.26
194.86
194.86
475.70
475.70
186.09
186.09
330.08
330.08
3115.88
3115.88
2988.82
2988.82
555.63
555.63
3149.14
3149.14
3367.04
3367.04
1243.79
1243.79
750.89
750.89
984.98
984.98
117.81
117.81
1033.20
1033.20
701.31
701.31
3309.94
3309.94
1880.41
1880.41
79.74
79.74
662.47
662.47
292.28
292.28
682.98
682.98
585.35
585.35
1551.33
1551.33
27.75
27.75
2189.60
2189.60
1820.97
1820.97
2809.38
2809.38
2674.60
2674.60
3326.08
3326.08
3607.54
3607.54
868.01
868.01
348.40
348.40
2872.58
2872.58
857.42
857.42
326.85
326.85
741.01
741.01
1681.87
1681.87
3205.73
3205.73
41.20
41.20
41.20
41.20
25.65
1121.38
313.32
313.32
84.63
84.63
1810.70
1810.70
2057.12
2057.12
373.06
373.06
66.78
66.78
86.06
86.06
86.06
1211.30
1211.30
238.69
238.69
2284.11
3165.79
3165.79
3009.99
3009.99
26.17
26.17
57.62
57.62
2695.25
2695.25
2695.25
2695.25
10.00
10.00
675.64
1650.96
3263.27
3263.27
405.82
405.82
87.02
87.02
2131.62
2131.62
1146.17
1146.17
1053.18
1053.18
1053.18
1053.18
3412.14
3412.14
1777.17
1777.17
2670.91
2670.91
1724.90
1724.90
2267.68
2267.68
3339.20
3339.20
737.24
737.24
1943.62
1943.62
52.35
52.35
1321.29
1321.29
1240.58
1240.58
139.57
139.57
428.78
428.78
39.31
39.31
3651.15
3651.15
3753.14
3753.14
79.34
79.34
1467.95
1467.95
763.40
763.40
210.00
210.00
1186.97
1186.97
1136.12
1136.12
3648.02
3648.02
52.98
52.98
3047.22
3047.22
476.02
476.02
1611.48
1611.48
535.34
535.34
3299.47
3299.47
1716.98
1716.98
565.92
565.92
17.50
17.50
2746.15
2746.15
84.05
84.05
129.45
129.45
62.91
62.91
265.31
265.31
57.83
57.83
2182.09
2182.09
2370.36
2370.36
510.04
510.04
1485.47
1485.47
252.43
252.43
111.27
111.27
92.78
92.78
565.94
565.94
3261.31
3261.31
1929.07
1929.07
2331.15
2331.15
205.33
205.33
1344.27
1344.27
1613.00
1613.00
2672.08
2672.08
109.84
109.84
973.64
973.64
3294.12
3294.12
603.50
603.50
1460.55
1460.55
1303.13
1303.13
1630.98
1630.98
641.06
641.06
110.77
110.77
80.75
80.75
26.56
26.56
39.74
39.74
38.24
38.24
3204.30
3204.30
651.27
651.27
415.39
415.39
299.53
299.53
1500.63
1500.63
260.90
260.90
80.37
80.37
58.20
58.20
1906.66
1906.66
3322.99
3322.99
428.94
428.94
250.68
250.68
730.68
730.68
674.82
674.82
720.26
720.26
37.49
37.49
1052.69
1052.69
442.88
442.88
30.08
30.08
23.46
23.46
128.32
128.32
1266.50
1266.50
50.23
50.23
1492.37
1492.37
2872.39
2872.39
2194.39
2194.39
275.59
275.59
598.71
598.71
155.79
155.79
3245.03
3245.03
299.78
299.78
256.20
256.20
1266.61
1266.61
2744.55
2744.55
3721.80
3721.80
1005.84
1005.84
2320.94
2320.94
1975.64
1975.64
1713.34
1713.34
1254.61
1254.61
10.00
10.00
41.62
41.62
384.25
384.25
220.84
220.84
150.41
150.41
2456.63
2456.63
1989.19
1989.19
1246.88
1246.88
990.75
990.75
2443.92
2443.92
43.94
43.94
2425.15
2425.15
1313.41
1313.41
290.38
290.38
1274.02
1274.02
817.11
817.11
678.46
678.46
1982.08
1982.08
89.70
89.70
86.22
86.22
252.17
252.17
1733.14
1733.14
2347.97
2347.97
50.57
50.57
102.53
102.53
2677.12
2677.12
3741.23
3741.23
29.69
29.69
170.37
170.37
80.92
80.92
2489.40
2489.40
60.15
60.15
257.31
257.31
3769.05
3769.05
26.20
26.20
1377.20
1377.20
334.16
334.16
429.40
429.40
82.98
82.98
42.83
42.83
474.54
474.54
85.65
85.65
184.71
184.71
3647.76
3647.76
3757.65
3757.65
3709.11
3709.11
3915.21
3915.21
512.19
512.19
3555.39
3555.39
3749.59
3749.59
3293.93
3293.93
3617.28
3617.28
2958.43
2958.43
1493.73
1493.73
2462.25
2462.25
1482.23
1482.23
3208.86
3208.86
25.27
25.27
212.95
212.95
163.71
163.71
76.46
76.46
415.22
415.22
823.84
823.84
3467.27
3467.27
3734.89
3734.89
2098.54
2098.54
1681.41
1681.41
232.85
232.85
3656.88
3656.88
486.67
486.67
431.37
431.37
3910.87
3910.87
455.71
455.71
129.04
129.04
2196.98
2196.98
3601.43
3601.43
3103.77
3103.77
42.49
42.49
1310.22
1310.22
87.32
87.32
1119.72
1119.72
2160.87
2160.87
3961.02
3961.02
3435.03
3435.03
137.17
137.17
3053.85
3053.85
28.99
28.99
134.82
134.82
3718.96
3718.96
102.28
102.28
3399.93
3399.93
1505.72
1505.72
932.66
932.66
213.00
213.00
380.16
380.16
107.01
107.01
28.41
28.41
28.41
690.84
690.84
1001.30
83.03
83.03
2999.01
2999.01
950.60
950.60
110.43
110.43
1421.84
1421.84
3688.58
3688.58
3528.36
3528.36
3606.41
3606.41
2863.74
2863.74
1427.53
1427.53
3676.71
3676.71
3561.50
3561.50
3288.29
3288.29
3670.54
3670.54
3678.89
3678.89
3855.82
3855.82
3728.31
3728.31
3515.39
3515.39
3755.86
3755.86
419.71
419.71
3002.29
3002.29
3474.51
3474.51
3486.59
3486.59
1827.55
1827.55
212.62
212.62
3774.33
3774.33
3747.95
3747.95
3662.68
3662.68
3735.80
3735.80
3780.50
3780.50
3347.48
3347.48
2385.93
2385.93
217.86
217.86
3229.64
3229.64
3573.11
3573.11
3573.11
3573.11
3852.24
3852.24
3767.22
3767.22
2110.58
2110.58
1109.94
1109.94
3472.88
3472.88
3796.42
3796.42
3828.02
3828.02
3618.77
3618.77
3499.52
3499.52
3768.67
3768.67
3445.72
3445.72
3809.32
3809.32
2919.54
2919.54
3702.80
3702.80
3783.58
3783.58
3732.34
3732.34
3427.09
3427.09
3781.76
3781.76
3736.80
3736.80
3317.04
3317.04
3550.83
3550.83
3899.76
3899.76
3725.25
3725.25
3654.89
3654.89
3759.68
3759.68
2161.72
2161.72
3757.70
3757.70
3737.04
3737.04
3714.35
3714.35
3551.46
3551.46
3798.42
3798.42
3798.42
3798.42
3761.94
3761.94
3714.74
3714.74
174.67
174.67
3152.58
3152.58
394.19
394.19
2116.57
2116.57
375.72
375.72
110.90
110.90
108.78
108.78
108.37
108.37
80.12
80.12
3664.74
3664.74
3645.36
3645.36
2120.35
2120.35
3788.06
3788.06
3663.07
3663.07
159.34
159.34
857.36
857.36
151.66
151.66
784.54
784.54
32.83
32.83
112.25
112.25
3472.37
3472.37
227.10
227.10
353.64
353.64
39.98
39.98
515.80
515.80
3671.30
3671.30
3667.74
3667.74
3667.74
3667.74
3667.74
3667.74
3667.74
3667.74
3667.74
3667.74
3678.25
3678.25
2544.45
2544.45
3825.99
3825.99
3811.08
3811.08
3733.36
3733.36
3790.10
3790.10
30.88
30.88
2051.07
2051.07
3805.03
3805.03
960.83
960.83
47.35
47.35
1505.18
1505.18
3536.95
3536.95
3314.48
3314.48
2120.53
2120.53
58.35
58.35
1109.77
1109.77
487.82
487.82
1514.72
1514.72
77.72
77.72
3787.84
3787.84
187.39
187.39
2885.38
2885.38
2784.75
2784.75
107.72
107.72
3841.06
3841.06
1711.47
1711.47
254.39
254.39
1506.20
1506.20
72.08
72.08
3766.15
3766.15
389.03
389.03
3546.54
3546.54
182.23
182.23
3709.01
3709.01
1617.94
1617.94
3630.05
3630.05
3787.38
3787.38
3547.62
3547.62
3420.54
3420.54
3715.94
3715.94
3708.14
3708.14
3400.55
3400.55
3628.92
3628.92
3762.11
3762.11
1483.82
1483.82
3499.75
3499.75
1471.97
1471.97
652.79
652.79
396.39
396.39
3558.14
3558.14
3555.07
3555.07
3105.17
3105.17
3691.34
3691.34
1412.42
1412.42
3309.57
3309.57
81.45
81.45
3400.02
3400.02
3506.87
3506.87
3356.08
3356.08
246.29
246.29
31.08
31.08
372.48
372.48
100.12
100.12
3703.63
3703.63
1440.49
1440.49
218.83
218.83
3481.27
3481.27
1006.87
1006.87
3566.67
3566.67
245.78
245.78
245.78
3445.24
3445.24
3321.02
38.51
38.51
38.51
679.05
679.05
2608.63
2608.63
2495.80
255.74
255.74
255.74
159.38
159.38
84.24
84.24
3396.29
3396.29
467.73
467.73
3674.44
3674.44
1506.11
1506.11
1420.71
1420.71
3200.15
3200.15
3539.86
3539.86
1203.70
1203.70
1724.69
1724.69
3247.40
3247.40
54.81
54.81
1125.52
1125.52
3712.45
3712.45
3718.32
3718.32
459.59
459.59
3683.82
3683.82
36.73
36.73
354.10
354.10
3660.43
3660.43
3785.38
3785.38
3709.94
3709.94
86.43
86.43
1290.30
1290.30
29.17
29.17
162.81
162.81
952.88
952.88
716.50
716.50
593.26
593.26
127.28
127.28
3086.36
3086.36
85.70
85.70
2467.94
2467.94
2304.02
2304.02
77.36
77.36
1462.34
1462.34
3794.72
3794.72
3385.41
3385.41
3723.27
3723.27
3722.12
3722.12
3781.79
3781.79
38.28
38.28
383.03
383.03
142.49
142.49
782.07
782.07
3530.91
3530.91
3697.22
3697.22
3353.31
3353.31
3885.96
3885.96
3770.99
3770.99
3782.95
3782.95
256.99
256.99
95.30
95.30
72.49
72.49
76.26
76.26
2520.03
2520.03
2863.85
2863.85
3717.08
3717.08
42.90
42.90
616.86
616.86
3619.98
3619.98
510.70
510.70
1731.79
1731.79
3767.84
3767.84
3628.81
3628.81
3798.99
3798.99
3770.12
3770.12
2840.02
2840.02
3836.68
3836.68
3452.96
3452.96
2468.53
2468.53
1310.59
1310.59
3376.30
3376.30
3198.77
3198.77
1515.44
1515.44
119.26
119.26
1577.47
1577.47
122.36
122.36
3332.24
3332.24
3817.99
3817.99
630.35
630.35
3305.85
3305.85
3347.96
3347.96
3663.38
3663.38
3553.13
3553.13
3434.18
3434.18
3284.59
3284.59
3718.91
3718.91
1421.11
1421.11
329.17
329.17
980.38
980.38
3727.26
3727.26
3806.71
3806.71
2371.67
2371.67
3826.27
3826.27
3651.54
3651.54
561.34
561.34
541.73
541.73
3674.45
3674.45
529.54
529.54
709.58
709.58
2737.86
2737.86
3750.06
3750.06
3667.29
3667.29
3317.97
3317.97
3863.72
3863.72
1474.28
1474.28
3747.89
3747.89
3726.70
3726.70
1019.74
1019.74
2327.40
2327.40
3748.26
3748.26
1619.33
1619.33
755.10
755.10
3238.33
3238.33
2396.30
2396.30
2009.86
2009.86
3387.06
3387.06
1231.63
1231.63
3981.62
3981.62
3678.86
3678.86
3514.39
3514.39
880.79
880.79
157.83
157.83
1511.70
1511.70
3706.32
3706.32
2048.84
2048.84
2642.19
2642.19
3053.86
3053.86
37.34
37.34
2450.04
2450.04
1504.99
1504.99
109.05
109.05
3741.96
3741.96
712.22
712.22
51.76
51.76
3841.12
3841.12
42.11
42.11
3735.04
3735.04
643.83
643.83
3167.29
3167.29
3421.68
3421.68
3558.38
3558.38
3571.64
3571.64
3542.62
3542.62
1850.84
1850.84
3816.31
3816.31
3844.36
3844.36
1478.55
1478.55
3361.11
3361.11
2063.92
2063.92
3691.75
3691.75
40.48
40.48
3787.15
3787.15
314.25
314.25
1566.71
1566.71
3753.61
3753.61
1926.17
1926.17
156.94
156.94
3348.69
3348.69
3834.10
3834.10
2640.75
2640.75
3434.58
3434.58
3611.87
3611.87
3226.13
3226.13
103.66
103.66
790.49
790.49
3605.95
3605.95
3520.50
3520.50
3705.29
3705.29
505.89
505.89
3667.79
3667.79
41.50
41.50
2864.47
2864.47
1195.09
1195.09
3687.30
3687.30
2900.71
2900.71
3700.72
3700.72
206.04
206.04
1482.10
1482.10
2350.91
2350.91
1182.28
1182.28
3867.39
3867.39
496.44
496.44
3688.34
3688.34
2492.27
2492.27
3828.89
3828.89
3257.15
3257.15
3421.32
3421.32
3259.01
3259.01
56.02
56.02
1517.67
1517.67
811.20
811.20
10.00
10.00
3799.61
3799.61
3675.54
3675.54
988.33
988.33
671.61
671.61
26.32
26.32
52.20
52.20
3899.82
3899.82
392.84
392.84
316.26
316.26
3301.92
3301.92
147.70
147.70
3828.39
3828.39
3429.89
3429.89
3280.74
3280.74
3202.13
3202.13
3688.54
3688.54
3632.57
3632.57
195.78
195.78
1196.26
1196.26
803.36
803.36
2972.41
2972.41
3751.54
3751.54
3262.78
3262.78
3603.22
3603.22
3823.00
3823.00
335.09
335.09
1658.12
1658.12
2921.04
2921.04
79.47
79.47
2670.50
2670.50
3739.19
3739.19
3516.19
3516.19
3711.52
3711.52
3634.27
3634.27
651.86
651.86
3674.13
3674.13
23.67
23.67
3780.25
3780.25
1774.54
1774.54
3022.54
3022.54
1501.83
1501.83
3503.37
3503.37
97.40
97.40
3880.85
3880.85
3417.93
3417.93
3955.68
3955.68
3669.68
3669.68
3695.01
3695.01
1360.81
1360.81
3370.91
3370.91
81.56
81.56
3821.90
3821.90
30.35
30.35
3716.74
3716.74
3777.49
3777.49
39.98
39.98
3502.60
3502.60
3613.09
3613.09
2631.39
2631.39
3249.84
3249.84
307.19
307.19
878.19
878.19
3377.78
3377.78
3829.35
3829.35
3670.01
3670.01
3121.73
3121.73
3872.37
3872.37
3511.65
3511.65
2775.44
2775.44
3720.77
3720.77
3406.30
3406.30
3641.73
3641.73
3730.55
3730.55
3677.36
3677.36
1450.40
1450.40
614.16
614.16
3708.67
3708.67
442.44
442.44
1752.74
1752.74
10.00
10.00
322.26
322.26
3660.10
3660.10
3732.32
3732.32
3772.36
3772.36
3751.80
3751.80
3640.26
3640.26
3762.51
3762.51
3701.32
3701.32
3258.04
3258.04
3807.68
3807.68
3637.68
3637.68
2198.00
2198.00
3757.45
3757.45
3450.52
3450.52
3817.13
3817.13
3781.33
3781.33
3781.33
3781.33
3715.37
3715.37
3719.30
3719.30
43.66
43.66
1481.17
1481.17
3810.13
3810.13
217.85
217.85
1471.34
1471.34
3727.45
3727.45
3239.53
3239.53
17.73
17.73
3455.20
3455.20
3588.52
3588.52
55.19
55.19
1500.51
1500.51
2692.15
2692.15
3511.25
3511.25
3760.34
3760.34
3500.97
3500.97
3913.09
3913.09
3815.62
3815.62
3815.62
3815.62
3815.62
3815.62
3751.21
3751.21
3753.05
3753.05
3699.05
3699.05
3464.80
3464.80
3683.91
3683.91
81.70
81.70
149.79
149.79
3757.57
3757.57
3766.51
3766.51
3812.61
3812.61
3773.24
3773.24
1190.41
1190.41
1485.96
1485.96
1668.21
1668.21
590.36
590.36
3306.39
3306.39
3688.16
3688.16
3963.69
3963.69
3708.90
3708.90
3637.64
3637.64
2519.59
2519.59
3405.19
3405.19
10.00
10.00
203.52
203.52
28.37
28.37
20.46
20.46
20.50
20.50
3780.52
3780.52
1429.87
1429.87
3818.33
3818.33
3813.25
3813.25
3167.51
3167.51
3827.28
3827.28
3700.42
3700.42
41.31
41.31
3686.87
3686.87
3232.80
3232.80
3724.90
3724.90
3819.27
3819.27
121.41
121.41
3692.72
3692.72
3750.13
3750.13
2139.32
2139.32
34.97
34.97
345.38
345.38
386.82
386.82
33.07
33.07
1161.82
1161.82
25.45
25.45
3858.09
3858.09
3305.66
3305.66
412.64
412.64
623.67
623.67
3564.10
3564.10
669.99
669.99
3843.79
3843.79
3806.80
3806.80
2667.73
2667.73
1449.25
1449.25
3721.05
3721.05
100.16
100.16
3735.29
3735.29
139.77
139.77
23.94
23.94
1454.53
1454.53
1313.31
1313.31
56.89
56.89
120.67
120.67
3615.48
3615.48
3662.96
3662.96
3804.06
3804.06
3575.35
3575.35
3575.35
3575.35
3575.35
3575.35
3575.35
3575.35
3575.35
3575.35
3817.62
3817.62
1488.83
1488.83
21.98
21.98
3291.61
3291.61
3411.35
3411.35
2335.15
2335.15
3671.14
3671.14
3785.10
3785.10
118.52
118.52
1268.02
1268.02
279.46
279.46
3424.09
3424.09
3054.93
3054.93
1091.40
1091.40
1209.11
1209.11
1715.71
1715.71
3801.24
3801.24
166.60
166.60
1950.51
1950.51
3696.65
3696.65
27.53
27.53
58.27
58.27
257.66
257.66
43.45
43.45
3686.99
3686.99
3805.02
3805.02
3810.41
3810.41
3748.88
3748.88
551.62
551.62
439.12
439.12
3613.48
3613.48
21.41
21.41
154.56
154.56
1528.72
1528.72
293.93
293.93
302.39
302.39
3471.84
3471.84
86.30
86.30
3794.55
3794.55
208.19
208.19
3843.94
3843.94
731.91
731.91
190.66
190.66
3525.43
3525.43
3671.06
3671.06
3594.77
3594.77
846.77
846.77
126.08
126.08
325.47
325.47
123.83
123.83
1057.09
1057.09
1002.72
1002.72
3753.36
3753.36
74.29
74.29
3762.19
3762.19
946.13
946.13
1465.33
1465.33
1710.60
1710.60
30.09
30.09
371.51
371.51
1040.28
1040.28
1673.75
1673.75
337.75
337.75
3557.80
3557.80
2610.70
2610.70
3704.99
3704.99
3839.19
3839.19
3519.51
3519.51
3837.93
3837.93
3775.67
3775.67
3780.59
3780.59
3807.66
3807.66
2865.84
2865.84
1527.50
1527.50
28.31
28.31
800.88
800.88
1459.57
1459.57
3616.02
3616.02
3717.16
3717.16
3569.54
3569.54
3782.88
3782.88
3822.27
3822.27
3049.09
3049.09
42.92
42.92
25.53
25.53
10.00
10.00
1158.39
1158.39
430.61
430.61
1886.41
1886.41
424.26
424.26
834.81
834.81
648.35
648.35
3458.33
3458.33
3466.78
3466.78
3726.11
3726.11
3831.87
3831.87
1995.92
1995.92
3108.33
3108.33
775.62
775.62
3864.48
3864.48
834.78
834.78
3594.12
3594.12
84.22
84.22
2056.34
2056.34
1523.08
1523.08
1523.08
42.62
42.62
674.17
674.17
3523.73
3523.73
3773.53
3773.53
3755.95
3755.95
3640.12
1796.72
1796.72
1796.72
973.24
973.24
3471.66
3471.66
183.46
183.46
3007.00
3007.00
1484.44
1484.44
87.32
87.32
3811.60
3811.60
3495.98
3495.98
3865.30
3865.30
3644.74
3644.74
3166.84
25.10
25.10
25.10
3268.53
3268.53
127.47
127.47
41.98
41.98
428.17
428.17
621.56
621.56
581.06
581.06
210.70
210.70
10.00
255.00
255.00
255.00
208.95
208.95
208.95
324.90
1172.23
1172.23
978.29
978.29
301.89
301.89
42.85
42.85
126.51
126.51
124.73
124.73
3732.76
3732.76
249.58
249.58
367.76
367.76
88.67
88.67
3793.61
3793.61
917.19
917.19
749.81
749.81
2033.20
2033.20
3717.82
3717.82
3637.80
3637.80
434.41
434.41
3825.94
3825.94
3699.26
3699.26
129.20
129.20
654.06
654.06
286.23
286.23
3666.87
3666.87
125.50
125.50
3120.82
3120.82
3551.93
3551.93
3457.44
3457.44
297.00
297.00
1313.94
1313.94
28.44
28.44
48.87
48.87
3360.87
3360.87
3105.53
3105.53
770.83
770.83
3716.04
3716.04
1860.54
1860.54
112.82
112.82
321.13
321.13
796.94
796.94
171.03
171.03
255.33
255.33
1502.87
1502.87
81.47
81.47
85.85
85.85
3816.51
3816.51
3420.30
3420.30
1482.87
1482.87
3718.58
3718.58
3528.68
3528.68
2267.95
2267.95
3656.16
3656.16
1697.86
1697.86
2399.05
2399.05
3762.58
3762.58
3459.11
3459.11
297.61
297.61
860.52
860.52
3668.41
3668.41
3810.22
3810.22
42.22
42.22
3373.60
3373.60
3593.35
3593.35
3436.39
3436.39
651.19
651.19
3736.02
3736.02
3855.03
3855.03
902.76
902.76
3574.73
3574.73
212.39
212.39
3767.04
3767.04
1491.68
1491.68
3541.52
3541.52
3722.30
3722.30
620.14
620.14
1342.10
1342.10
42.99
42.99
2307.89
2307.89
890.22
890.22
3765.63
3765.63
168.73
168.73
129.44
129.44
3418.00
3418.00
3555.05
3555.05
430.33
430.33
505.41
505.41
3711.07
3711.07
2882.24
2882.24
3675.99
3675.99
3848.56
3848.56
3694.82
3694.82
3227.87
3227.87
3205.70
3205.70
3696.91
3696.91
1489.31
1489.31
1194.41
1194.41
3723.74
3723.74
1913.28
1913.28
3733.29
3733.29
42.68
42.68
800.16
800.16
2445.25
2445.25
24.00
24.00
2666.29
2666.29
3517.64
3517.64
3781.46
3781.46
3792.99
3792.99
3742.33
3742.33
3735.71
3735.71
3504.63
3504.63
3027.96
3027.96
3760.82
3760.82
3453.34
3453.34
3568.51
3568.51
1444.22
1444.22
3473.59
3473.59
3533.08
3533.08
3813.97
3813.97
3813.97
3813.97
3813.97
3813.97
3620.84
3620.84
3349.95
3349.95
194.54
194.54
3754.15
3754.15
3677.45
3677.45
3375.00
3375.00
1423.99
1423.99
367.76
367.76
1426.28
1426.28
3676.74
3676.74
3723.27
3723.27
3771.89
3771.89
3827.34
3827.34
3877.17
3877.17
3713.68
3713.68
3713.68
3713.68
3307.18
3307.18
3755.51
3755.51
3872.59
3872.59
3735.54
3735.54
3303.94
3303.94
3553.29
3553.29
3651.96
3651.96
3819.13
3819.13
3695.03
3695.03
3673.88
3673.88
2163.18
2163.18
149.46
149.46
2500.00
2500.00
3797.40
3797.40
1285.44
1285.44
563.80
563.80
1466.26
1466.26
40.51
40.51
3712.06
3712.06
3386.26
3386.26
253.86
253.86
3681.43
3681.43
3684.13
3684.13
3489.53
3489.53
3553.37
3553.37
3362.97
3362.97
1411.99
1411.99
3218.22
3218.22
1021.37
1021.37
871.82
871.82
3784.09
3784.09
1483.38
1483.38
60.93
60.93
617.53
617.53
3781.32
3781.32
3539.65
3539.65
3644.79
3644.79
2590.90
2590.90
3258.99
3258.99
3753.31
3753.31
1486.62
1486.62
2551.70
2551.70
3531.34
3531.34
692.97
692.97
3336.98
3336.98
2942.34
2942.34
62.53
62.53
25.68
25.68
460.13
460.13
1795.28
1795.28
56.16
56.16
3430.68
3430.68
1181.26
1181.26
3704.15
3704.15
3263.02
3263.02
38.39
38.39
3675.33
3675.33
207.98
207.98
2723.27
2723.27
3739.75
3739.75
3401.22
3401.22
114.85
114.85
969.85
969.85
3734.66
3734.66
25.19
25.19
3488.48
3488.48
22.08
22.08
3764.71
3764.71
27.49
27.49
2544.36
2544.36
3204.05
3204.05
10.00
10.00
2619.10
2619.10
2985.15
2985.15
2172.92
2172.92
3748.44
3748.44
55.05
55.05
3621.00
3621.00
3836.48
3836.48
320.00
320.00
49.84
49.84
709.81
709.81
3776.19
3776.19
3025.53
3025.53
3257.49
3257.49
3576.50
3576.50
3584.67
3584.67
570.58
570.58
3736.16
3736.16
243.75
243.75
128.88
128.88
342.28
342.28
3570.59
3570.59
132.47
132.47
76.18
76.18
25.77
25.77
3420.41
3420.41
3780.59
3780.59
3704.36
3704.36
2418.37
2418.37
3799.41
3799.41
3399.01
3399.01
3719.50
3719.50
3742.52
3742.52
3667.29
3667.29
3413.61
3413.61
712.64
712.64
3728.62
3728.62
3274.28
3274.28
186.69
186.69
3716.94
3716.94
3776.26
3776.26
118.85
118.85
3295.15
3295.15
3298.86
3298.86
2221.26
2221.26
2223.98
2223.98
3755.11
3755.11
3833.34
3833.34
3637.37
3637.37
2773.00
2773.00
21.61
21.61
282.45
282.45
619.75
619.75
3579.52
3579.52
3761.53
3761.53
3753.29
3753.29
3771.55
3771.55
3748.18
3748.18
3230.02
3230.02
1127.12
1127.12
3722.59
3722.59
3077.00
3077.00
1131.28
1131.28
875.22
875.22
3570.83
3570.83
27.45
27.45
3739.29
3739.29
3601.79
3601.79
293.33
293.33
27.72
27.72
1513.24
1513.24
3556.30
3556.30
3819.79
3819.79
3819.79
3724.41
3724.41
38.83
38.83
547.98
547.98
23.58
23.58
711.00
711.00
641.76
641.76
714.81
714.81
2376.54
2376.54
273.71
273.71
3740.39
3740.39
3782.89
3782.89
1695.00
1695.00
631.92
631.92
1719.38
1719.38
852.21
852.21
937.98
937.98
272.44
272.44
255.76
255.76
3433.36
3433.36
2568.46
2568.46
1131.18
1131.18
610.45
610.45
23.07
23.07
130.40
130.40
216.97
216.97
127.86
127.86
298.68
298.68
418.30
418.30
200.80
200.80
126.71
126.71
2443.55
2443.55
1002.47
1002.47
997.46
997.46
3742.13
3742.13
3692.43
3692.43
3734.86
3734.86
3745.40
3745.40
3436.11
3436.11
444.32
444.32
2213.42
2213.42
3448.53
3448.53
177.05
177.05
418.28
418.28
3777.18
3777.18
3698.56
3698.56
1478.58
1478.58
2276.59
2276.59
205.61
205.61
3636.78
3636.78
1562.57
1562.57
379.64
379.64
55.19
55.19
126.33
126.33
322.47
322.47
3288.74
3288.74
484.59
484.59
3061.17
