# 1Hz Kbps trace generated by import_real_world_traces.py
1040.06
3629.19
3629.19
1283.73
1283.73
3735.03
3735.03
441.25
441.25
3494.80
3494.80
3567.96
3567.96
3770.11
3770.11
3731.03
3731.03
3490.20
3490.20
3739.70
3739.70
2130.65
2130.65
3189.11
3189.11
3609.80
3609.80
3710.90
3710.90
3734.15
3734.15
3756.90
3756.90
3687.58
3687.58
3670.52
3670.52
3467.01
3467.01
3486.61
3486.61
3374.11
3374.11
3739.84
3739.84
3648.08
3648.08
3744.80
3744.80
1147.35
1147.35
3660.07
3660.07
1833.62
1833.62
3723.94
3723.94
3734.94
3734.94
3769.35
3769.35
3762.42
3762.42
29.80
29.80
3726.24
3726.24
50.65
50.65
3747.80
3747.80
3541.27
3541.27
3710.32
3710.32
3563.36
3563.36
2046.39
2046.39
734.16
734.16
3453.22
3453.22
3708.34
3708.34
3610.43
3610.43
3042.75
3042.75
2361.21
2361.21
3668.59
3668.59
3587.99
3587.99
3723.13
3723.13
3560.97
3560.97
3761.71
3761.71
3744.55
3744.55
3526.80
3526.80
3509.33
3509.33
3443.63
3443.63
332.93
332.93
1764.26
1764.26
825.57
825.57
3713.77
3713.77
3769.35
3769.35
596.32
596.32
3559.60
3559.60
3705.73
3705.73
1674.16
1674.16
1164.55
1164.55
1876.87
1876.87
892.96
892.96
860.90
860.90
3634.81
3634.81
1239.20
1239.20
3475.05
3475.05
1651.03
1651.03
85.35
85.35
897.56
897.56
631.72
631.72
15.37
15.37
2854.20
2854.20
53.12
53.12
882.99
882.99
1365.98
1365.98
2650.40
2650.40
3359.01
3359.01
1580.89
1580.89
3594.99
3594.99
109.90
109.90
1151.70
1151.70
1675.22
1675.22
898.23
898.23
2205.87
2205.87
471.88
471.88
893.32
893.32
47.78
47.78
3268.33
3268.33
3703.22
3703.22
85.45
85.45
3607.95
3607.95
3228.88
3228.88
3567.62
3567.62
3746.77
3746.77
3246.62
3246.62
3789.35
3789.35
3580.03
3580.03
898.00
898.00
3750.02
3750.02
3490.24
3490.24
3586.38
3586.38
3785.69
3785.69
3733.29
3733.29
3748.53
3748.53
3697.33
3697.33
3714.40
3714.40
3706.58
3706.58
3581.99
3581.99
3733.40
3733.40
3490.53
3490.53
676.36
676.36
3417.86
3417.86
1579.31
1579.31
3733.29
3733.29
3687.59
3687.59
3740.92
3740.92
3561.07
3561.07
3692.08
3692.08
3777.81
3777.81
2902.42
2902.42
3748.39
3748.39
3776.52
3776.52
3783.60
3783.60
3745.68
3745.68
3581.80
3581.80
3766.54
3766.54
3759.22
3759.22
3629.60
3629.60
3755.55
3755.55
3560.14
3560.14
3560.14
3560.14
3561.16
3561.16
3561.16
3561.16
3761.27
3761.27
146.53
146.53
3777.69
3777.69
3563.65
3563.65
3518.13
3518.13
53.87
53.87
1591.62
1591.62
3729.99
3729.99
1870.72
1870.72
3742.59
3742.59
3415.39
3415.39
3762.86
3762.86
3578.17
3578.17
3490.29
3490.29
3558.24
3558.24
3660.01
3660.01
3785.21
3785.21
3763.35
3763.35
3555.80
3555.80
3766.89
3766.89
3766.89
3766.89
3747.20
3747.20
3747.20
3747.20
3781.97
3781.97
3630.76
3630.76
2158.84
2158.84
3569.05
3569.05
3744.14
3744.14
3758.27
3758.27
3769.23
3769.23
3566.43
3566.43
3714.40
3714.40
3684.33
3684.33
3531.94
3531.94
3604.03
3604.03
3606.46
3606.46
3549.53
3549.53
3746.61
3746.61
3560.04
3560.04
3734.05
3734.05
3558.53
3558.53
3612.54
3612.54
3745.45
3745.45
3744.48
3744.48
2040.98
2040.98
3744.39
3744.39
3744.39
3744.39
3769.19
3769.19
3766.62
3766.62
3558.82
3558.82
3733.82
3733.82
2146.44
2146.44
1255.85
1255.85
1255.85
1255.85
3821.67
3821.67
3694.81
3694.81
3530.37
3530.37
1958.62
1958.62
1958.62
1958.62
3592.16
3592.16
3738.69
3738.69
3738.69
3738.69
3767.98
3767.98
3541.03
3541.03
3580.13
3580.13
1119.12
1119.12
3559.45
3559.45
3559.45
3559.45
3559.45
3559.45
3583.50
3583.50
1336.32
1336.32
3779.64
3779.64
2960.18
2960.18
3626.42
3626.42
3611.54
3611.54
3605.78
3605.78
3757.80
3757.80
3771.15
3771.15
3745.07
3745.07
883.20
883.20
3526.56
3526.56
3736.12
3736.12
3780.53
3780.53
3726.30
3726.30
3574.25
3574.25
3704.78
3704.78
3787.06
3787.06
3768.53
3768.53
3567.86
3567.86
3758.32
3758.32
3692.50
3692.50
3629.55
3629.55
3778.17
3778.17
3539.25
3539.25
3153.61
3153.61
3607.88
3607.88
3766.48
3766.48
3760.35
3760.35
3774.07
3774.07
32.21
32.21
2539.58
2539.58
3510.85
3510.85
52.08
52.08
892.52
892.52
31.22
31.22
3560.58
3560.58
3542.19
3542.19
3519.95
3519.95
3693.34
3693.34
3466.27
3466.27
3537.87
3537.87
3741.39
3741.39
1301.76
1301.76
3587.28
3587.28
3558.58
3558.58
3757.39
3757.39
3661.14
3661.14
3585.33
3585.33
3753.62
3753.62
3507.48
3507.48
3760.13
3760.13
3540.44
3540.44
3656.92
3656.92
3597.75
3597.75
3787.99
3787.99
3789.30
3789.30
3686.53
3686.53
3758.32
3758.32
3758.32
3758.32
3129.08
3129.08
3129.08
3129.08
3656.30
3656.30
3543.50
3543.50
3627.43
3627.43
3758.94
3758.94
3660.73
3660.73
1103.59
1103.59
3729.54
3729.54
3626.29
3626.29
3626.29
892.95
892.95
3596.84
3596.84
3765.94
3765.94
3706.09
3706.09
3588.42
3588.42
951.68
951.68
3743.54
3743.54
3544.21
3544.21
3582.27
3582.27
3675.48
3675.48
3686.90
3686.90
3745.25
3745.25
3712.34
3712.34
3748.29
3748.29
3786.76
3786.76
3746.31
3746.31
3732.97
3732.97
3654.29
3654.29
3714.20
3714.20
127.89
127.89
3534.58
3534.58
3598.36
3598.36
3767.91
3767.91
3588.11
3588.11
3764.87
3764.87
3711.38
3711.38
896.19
896.19
3665.52
3665.52
3606.53
3606.53
3766.95
3766.95
3747.15
3747.15
3742.43
3742.43
3742.43
3742.43
3765.80
3765.80
3613.65
3613.65
3660.68
3660.68
3559.94
3559.94
3736.01
3736.01
3717.61
3717.61
3643.87
3643.87
3327.97
3327.97
3669.34
3669.34
3393.89
3393.89
3745.20
3745.20
3790.02
3790.02
3462.90
3462.90
3678.95
3678.95
3691.81
3691.81
3769.19
3769.19
3766.40
3766.40
1086.60
1086.60
3776.77
3776.77
3748.40
3748.40
558.63
558.63
3728.88
3728.88
3606.25
3606.25
18.14
18.14
3806.00
3806.00
563.53
563.53
3672.21
3672.21
3736.65
3736.65
3513.23
3513.23
1185.37
1185.37
445.13
445.13
3770.28
3770.28
3662.41
3662.41
3651.20
3651.20
3660.62
3660.62
3660.62
3660.62
893.21
893.21
3538.12
3538.12
3704.03
3704.03
3628.79
3628.79
3788.48
3788.48
3559.21
3559.21
3763.95
3763.95
3491.23
3491.23
3680.40
3680.40
3764.93
3764.93
3785.38
3785.38
3115.80
3115.80
3677.61
3677.61
3723.18
3723.18
3740.49
3740.49
3732.54
3732.54
3348.07
3348.07
889.72
889.72
1477.77
1477.77
3490.24
3490.24
3733.24
3733.24
3769.83
3769.83
3689.73
3689.73
3778.83
3778.83
953.85
953.85
3742.91
3742.91
1104.40
1104.40
3528.04
3528.04
3788.48
3788.48
1073.02
1073.02
3765.90
3765.90
3730.36
3730.36
3689.31
3689.31
3767.41
3767.41
3470.61
3470.61
3748.82
3748.82
3748.82
3748.82
3745.02
3745.02
3504.55
3504.55
83.95
83.95
1668.70
1668.70
3703.49
3703.49
3531.97
3531.97
3558.73
3558.73
2026.14
2026.14
3587.42
3587.42
3756.22
3756.22
3740.18
3740.18
3517.03
3517.03
3555.85
3555.85
3733.93
3733.93
3732.92
3732.92
3732.92
3732.92
3712.24
3712.24
3638.53
3638.53
3555.12
3555.12
3555.12
3555.12
3555.12
3555.12
3465.62
3465.62
3761.44
3761.44
3542.00
3542.00
3741.94
3741.94
3464.89
3464.89
3787.39
3787.39
3466.41
3466.41
3529.32
3529.32
3744.56
3744.56
3611.14
3611.14
3464.89
3464.89
3604.32
3604.32
3557.90
3557.90
3787.64
3787.64
3765.29
3765.29
3704.08
3704.08
3494.16
3494.16
3712.55
3712.55
3790.46
3790.46
3757.17
3757.17
3472.84
3472.84
3533.99
3533.99
3763.73
3763.73
3763.72
3763.72
3762.47
3762.47
3687.57
3687.57
3734.64
3734.64
3556.68
3556.68
3779.28
3779.28
3542.19
3542.19
3760.46
3760.46
3512.18
3512.18
3701.29
3701.29
3760.03
3760.03
3625.72
3625.72
3607.18
3607.18
3735.51
3735.51
46.95
46.95
882.25
882.25
1535.01
1535.01
3564.52
3564.52
3770.34
3770.34
3766.26
3766.26
3712.34
3712.34
30.59
30.59
2184.61
2184.61
954.50
954.50
3551.06
3551.06
3767.85
3767.85
3763.55
3763.55
3537.39
3537.39
3537.39
3537.39
3537.39
3537.39
3496.19
3496.19
3744.49
3744.49
3487.57
3487.57
3422.90
3422.90
3709.61
3709.61
3693.24
3693.24
3557.61
3557.61
3480.99
3480.99
3525.23
3525.23
3701.09
3701.09
3609.43
3609.43
3610.89
3610.89
3717.80
3717.80
3567.42
3567.42
3730.78
3730.78
3529.98
3529.98
3529.60
3529.60
3754.36
3754.36
3754.36
3754.36
3489.58
3489.58
3724.89
3724.89
3708.60
3708.60
3723.78
3723.78
3474.29
3474.29
3691.04
3691.04
3742.97
3742.97
3560.82
3560.82
3560.82
3560.82
3580.76
3580.76
3590.46
3590.46
3701.92
3701.92
3717.17
3717.17
3710.55
3710.55
17.09
17.09
3555.37
3555.37
1867.03
1867.03
3684.06
3684.06
3743.75
3743.75
1699.60
1699.60
3149.64
3149.64
3778.45
3778.45
3538.60
3538.60
3542.68
3542.68
892.90
892.90
3778.97
3778.97
3472.79
3472.79
3510.56
3510.56
3766.62
3766.62
3742.38
3742.38
3720.34
3720.34
3720.34
3720.34
3472.28
3472.28
3504.72
3504.72
3471.49
3471.49
3732.49
3732.49
3690.62
3690.62
3739.47
3739.47
3666.51
3666.51
3765.64
3765.64
3726.55
3726.55
3675.69
3675.69
3735.26
3735.26
3721.70
3721.70
3350.51
3350.51
117.77
117.77
3605.68
3605.68
3690.07
3690.07
3529.94
3529.94
3465.12
3465.12
3465.12
3465.12
3501.02
3501.02
2191.33
2191.33
3680.56
3680.56
3711.81
3711.81
894.33
894.33
3536.02
3536.02
3556.53
3556.53
3752.80
3752.80
3583.76
3583.76
3809.63
3809.63
3510.23
3510.23
3764.11
3764.11
3712.23
3712.23
3787.33
3787.33
3743.56
3743.56
1403.18
1403.18
3733.08
3733.08
3704.88
3704.88
3691.70
3691.70
3513.36
3513.36
3771.86
3771.86
3529.32
3529.32
3710.60
3710.60
3570.08
3570.08
3702.75
3702.75
3705.77
3705.77
3733.35
3733.35
3531.99
3531.99
3513.52
3513.52
3709.92
3709.92
3675.95
3675.95
3589.02
3589.02
3742.16
3742.16
3585.98
3585.98
3708.49
3708.49
3549.10
3549.10
3737.77
3737.77
3552.40
3552.40
3764.22
3764.22
3561.70
3561.70
3560.87
3560.87
3668.22
3668.22
3615.76
3615.76
3690.38
3690.38
3756.41
3756.41
3496.14
3496.14
3739.25
3739.25
3489.68
3489.68
3606.21
3606.21
3705.52
3705.52
3745.68
3745.68
3529.55
3529.55
3467.20
3467.20
3505.45
3505.45
3789.74
3789.74
3540.01
3540.01
3548.53
3548.53
897.72
897.72
3739.80
3739.80
3697.12
3697.12
3703.60
3703.60
3678.95
3678.95
3678.95
3678.95
3678.95
3678.95
2709.07
2709.07
3486.33
3486.33
3739.89
3739.89
3740.54
3740.54
3560.47
3560.47
3611.84
3611.84
3769.23
3769.23
3733.66
3733.66
3506.92
3506.92
3544.43
3544.43
3544.43
3544.43
3587.12
3587.12
3587.12
3587.12
3373.37
3373.37
3558.77
3558.77
3720.54
3720.54
3513.50
3513.50
3375.34
3375.34
3511.65
3511.65
3462.95
3462.95
3729.88
3729.88
2293.31
2293.31
3767.80
3767.80
3763.72
3763.72
3784.32
3784.32
3724.79
3724.79
3730.33
3730.33
3747.34
3747.34
3786.23
3786.23
3576.75
3576.75
3739.20
3739.20
3730.45
3730.45
3591.96
3591.96
3747.63
3747.63
3731.37
3731.37
3764.44
3764.44
3558.10
3558.10
3734.63
3734.63
3549.54
3549.54
556.88
556.88
1831.33
1831.33
3520.27
3520.27
3591.41
3591.41
3560.04
3560.04
3560.04
3560.04
45.66
45.66
3776.44
3776.44
549.67
549.67
3727.94
3727.94
3549.18
3549.18
3746.37
3746.37
1974.10
1974.10
3675.68
3675.68
3484.61
3484.61
3767.33
3767.33
3767.33
3767.33
3787.77
3787.77
3569.97
3569.97
3766.67
3766.67
3790.02
3790.02
3516.17
3516.17
3589.87
3589.87
3745.74
3745.74
3710.80
3710.80
3757.60
3757.60
3721.47
3721.47
3711.86
3711.86
3574.47
3574.47
3679.47
3679.47
3679.47
3679.47
797.44
797.44
3561.59
3561.59
3792.00
3792.00
3742.48
3742.48
3491.18
3491.18
3773.18
3773.18
3773.18
3773.18
3641.61
3641.61
3539.09
3539.09
3659.59
3659.59
3400.51
3400.51
3743.13
3743.13
3763.51
3763.51
3767.76
3767.76
3512.51
3512.51
3521.41
3521.41
3739.63
3739.63
3661.35
3661.35
3749.07
3749.07
3763.77
3763.77
17.02
17.02
3711.44
3711.44
3608.13
3608.13
3507.43
3507.43
3603.83
3603.83
3753.63
3753.63
3558.97
3558.97
3558.97
3558.97
3537.37
3537.37
3445.18
3445.18
16.08
16.08
3667.66
3667.66
3468.68
3468.68
3761.93
3761.93
3761.93
3761.93
3579.33
3579.33
3542.72
3542.72
3542.72
3542.72
3542.72
3542.72
3691.72
3691.72
3559.07
3559.07
3559.07
3559.07
3587.37
3587.37
3787.99
3787.99
3757.80
3757.80
3603.23
3603.23
3492.51
3492.51
3694.71
3694.71
231.49
231.49
3765.04
3765.04
3738.72
3738.72
3738.72
3738.72
3537.10
3537.10
3491.23
3491.23
3491.23
3491.23
3662.69
3662.69
3585.38
3585.38
3601.78
3601.78
3714.62
3714.62
3762.53
3762.53
3767.89
3767.89
3767.89
3767.89
893.87
893.87
3743.03
3743.03
3743.03
3743.03
3743.03
3743.03
3492.55
3492.55
3762.31
3762.31
3130.78
3130.78
3764.38
3764.38
3628.44
3628.44
3628.44
3628.44
3557.03
3557.03
3534.96
3534.96
3534.96
3534.96
3739.57
3739.57
3712.65
3712.65
3537.25
3537.25
3537.25
3537.25
3570.85
3570.85
1267.16
1267.16
3496.85
3496.85
3509.66
3509.66
3579.73
3579.73
3692.49
3692.49
3761.82
3761.82
3545.93
3545.93
3774.97
3774.97
3728.07
3728.07
3740.01
3740.01
3610.63
3610.63
3787.83
3787.83
3669.32
3669.32
3510.66
3510.66
3558.43
3558.43
877.88
877.88
3739.11
3739.11
3585.78
3585.78
3738.66
3738.66
3609.94
3609.94
3609.94
3609.94
3704.83
3704.83
3496.56
3496.56
3496.56
3496.56
3788.70
3788.70
3744.42
3744.42
3744.42
3744.42
3587.17
3587.17
3587.10
3587.10
15.68
15.68
3732.27
3732.27
3484.95
3484.95
3560.53
3560.53
3765.69
3765.69
3728.55
3728.55
2395.88
2395.88
2395.88
3548.75
3548.75
3544.54
3544.54
3741.02
3741.02
3494.54
3494.54
3485.68
3485.68
3713.72
3713.72
3448.11
3448.11
3591.96
3591.96
3685.85
3685.85
3711.11
3711.11
3492.73
3492.73
1767.95
1767.95
3717.77
3717.77
3731.46
3731.46
3482.99
3482.99
3567.62
3567.62
3747.48
3747.48
3698.86
3698.86
3757.36
3757.36
3741.62
3741.62
3741.62
3741.62
3741.62
3741.62
3719.95
3719.95
1372.06
1372.06
1471.95
1471.95
3504.68
3504.68
3697.19
3697.19
3558.68
3558.68
3678.67
3678.67
3778.19
3778.19
3716.97
3716.97
3520.31
3520.31
3766.56
3766.56
3518.45
3518.45
3770.22
3770.22
3737.45
3737.45
979.77
979.77
3558.14
3558.14
3619.53
3619.53
3591.51
3591.51
3562.04
3562.04
385.80
385.80
3541.22
3541.22
3520.66
3520.66
3742.16
3742.16
3679.53
3679.53
3418.54
3418.54
3769.39
3769.39
3787.72
3787.72
3759.60
3759.60
3567.42
3567.42
927.02
927.02
3731.73
3731.73
3525.62
3525.62
3554.71
3554.71
3628.29
3628.29
3627.28
3627.28
3779.77
3779.77
3770.94
3770.94
3568.11
3568.11
3752.64
3752.64
3681.67
3681.67
3681.67
3681.67
3559.02
3559.02
3725.55
3725.55
3556.73
3556.73
3733.08
3733.08
2488.23
2488.23
3750.31
3750.31
3712.31
3712.31
3638.84
3638.84
3529.51
3529.51
3587.62
3587.62
3732.27
3732.27
3690.80
3690.80
888.23
888.23
3723.08
3723.08
3700.54
3700.54
3287.99
3287.99
3743.25
3743.25
3511.13
3511.13
3453.55
3453.55
3740.49
3740.49
3143.78
3143.78
3540.30
3540.30
3541.03
3541.03
3474.85
3474.85
3700.58
3700.58
3588.38
3588.38
3749.92
3749.92
3749.92
3749.92
3603.67
3603.67
3537.49
3537.49
2014.34
2014.34
3403.56
3403.56
3773.36
3773.36
3745.09
3745.09
3738.88
3738.88
3723.94
3723.94
3556.98
3556.98
3493.17
3493.17
3574.35
3574.35
3578.36
3578.36
3762.09
3762.09
3463.36
3463.36
3463.36
3463.36
3463.36
3463.36
3712.29
3712.29
3712.29
3712.29
3712.29
3712.29
3390.63
3390.63
3766.89
3766.89
3774.73
3774.73
3774.73
3774.73
3559.94
3559.94
3567.52
3567.52
3541.03
3541.03
3559.65
3559.65
3557.71
3557.71
3559.80
3559.80
3743.18
3743.18
3759.22
3759.22
3630.41
3630.41
3748.16
3748.16
3776.50
3776.50
3689.57
3689.57
3585.23
3585.23
3766.62
3766.62
3767.60
3767.60
3767.60
3767.60
3559.60
3559.60
3740.54
3740.54
3789.02
3789.02
3570.21
3570.21
3723.35
3723.35
3723.35
3723.35
3672.26
3672.26
3672.26
3672.26
3542.48
3542.48
3542.48
3542.48
3542.48
3542.48
3533.66
3533.66
3533.66
3533.66
3745.50
3745.50
3735.85
3735.85
3591.41
3591.41
3540.11
3540.11
3540.11
3540.11
3540.11
3540.11
3765.42
3765.42
3613.70
3613.70
3716.69
3716.69
3490.15
3490.15
3734.79
3734.79
3734.79
3734.79
3682.64
3682.64
3536.40
3536.40
3536.40
3536.40
3713.13
3713.13
3713.13
3713.13
3713.13
3713.13
3541.99
3541.99
1083.93
1083.93
3590.96
3590.96
3718.58
3718.58
3609.00
3609.00
3686.06
3686.06
3514.60
3514.60
3750.30
3750.30
3531.46
3531.46
3446.03
3446.03
3470.61
3470.61
3706.03
3706.03
3706.03
3706.03
3676.26
3676.26
3610.18
3610.18
3607.18
3607.18
3686.99
3686.99
3637.57
3637.57
3711.11
3711.11
3711.11
3711.11
3702.50
3702.50
3510.32
3510.32
3511.58
3511.58
3733.50
3733.50
3679.90
3679.90
3604.23
3604.23
15.37
15.37
3517.78
3517.78
3716.49
3716.49
3678.38
3678.38
3587.03
3587.03
3724.26
3724.26
3767.16
3767.16
3574.45
3574.45
3577.53
3577.53
3577.53
3577.53
3738.55
3738.55
3678.43
3678.43
3714.03
3714.03
3730.67
3730.67
1720.93
1720.93
892.66
892.66
3579.83
3579.83
3579.83
3579.83
1665.41
1665.41
1665.41
1665.41
1404.02
1404.02
3558.92
3558.92
3558.92
3558.92
3626.22
3626.22
3626.22
3626.22
3626.22
3626.22
703.77
703.77
947.65
947.65
3510.59
3510.59
3510.59
3510.59
3696.73
3696.73
3758.23
3758.23
3434.97
3434.97
3519.50
3519.50
3516.79
3516.79
3660.11
3660.11
3724.36
3724.36
3445.39
3445.39
3788.03
3788.03
3785.71
3785.71
3785.60
3785.60
3588.87
3588.87
3748.29
3748.29
3587.87
3587.87
3744.11
3744.11
3692.08
3692.08
3581.70
3581.70
3578.63
3578.63
3578.63
3578.63
3739.41
3739.41
1412.96
1412.96
1475.60
1475.60
3644.15
3644.15
3540.64
3540.64
3095.99
3095.99
3731.32
3731.32
3627.18
3627.18
3510.21
3510.21
3538.91
3538.91
3702.68
3702.68
3724.86
3724.86
3658.87
3658.87
3516.89
3516.89
3532.89
3532.89
3691.16
3691.16
3747.26
3747.26
3688.73
3688.73
3582.98
3582.98
3705.66
3705.66
3772.68
3772.68
3768.42
3768.42
3730.46
3730.46
3116.07
3116.07
35.41
35.41
14.67
14.67
3578.02
3578.02
3734.51
3734.51
3484.20
3484.20
3631.56
3631.56
3748.07
3748.07
3466.83
3466.83
3543.74
3543.74
3741.35
3741.35
3767.17
3767.17
41.93
41.93
3740.53
3740.53
3761.71
3761.71
3486.57
3486.57
3779.06
3779.06
3738.77
3738.77
3581.60
3581.60
3733.50
3733.50
3572.84
3572.84
3540.49
3540.49
3568.45
3568.45
3542.71
3542.71
3770.77
3770.77
3724.21
3724.21
3543.07
3543.07
3731.80
3731.80
3557.02
3557.02
3586.73
3586.73
3587.62
3587.62
3427.63
3427.63
3729.02
3729.02
3415.62
3415.62
127.43
127.43
3512.18
3512.18
3495.91
3495.91
3471.49
3471.49
3721.96
3721.96
3742.70
3742.70
3556.63
3556.63
3560.04
3560.04
3731.16
3731.16
3464.33
3464.33
3465.03
3465.03
3774.53
3774.53
3538.89
3538.89
34.41
34.41
3529.55
3529.55
3529.55
3529.55
3571.17
3571.17
3483.17
3483.17
3538.54
3538.54
3492.18
3492.18
3620.14
3620.14
3511.84
3511.84
3743.57
3743.57
3779.76
3779.76
3537.41
3537.41
3743.08
3743.08
3574.43
3574.43
3508.48
3508.48
3508.48
3508.48
3364.92
3364.92
3509.88
3509.88
3424.62
3424.62
3589.22
3589.22
3490.67
3490.67
3767.55
3767.55
3510.45
3510.45
3371.75
3371.75
3584.79
3584.79
3416.06
3416.06
3713.08
3713.08
3687.37
3687.37
3764.87
3764.87
3609.68
3609.68
3743.46
3743.46
3589.52
3589.52
3736.14
3736.14
3728.47
3728.47
3746.55
3746.55
3636.91
3636.91
3557.45
3557.45
3538.57
3538.57
3532.99
3532.99
3690.98
3690.98
3506.11
3506.11
3554.61
3554.61
2291.27
2291.27
3510.31
3510.31
3734.19
3734.19
3774.17
3774.17
3735.05
3735.05
3637.41
3637.41
312.34
312.34
3778.49
3778.49
3421.37
3421.37
3734.52
3734.52
3463.41
3463.41
3822.18
3822.18
3401.54
3401.54
3662.58
3662.58
3487.93
3487.93
3560.82
3560.82
3744.76
3744.76
3744.76
3744.76
3682.58
3682.58
3747.99
3747.99
3608.28
3608.28
3747.99
3747.99
3745.34
3745.34
3745.34
3745.34
3552.17
3552.17
3539.68
3539.68
3539.68
3740.06
3740.06
3513.08
3513.08
3576.94
3576.94
3559.60
3559.60
3609.08
3609.08
3609.08
3609.08
3788.53
3788.53
3547.56
3547.56
3533.56
3533.56
3608.35
3608.35
3784.04
3784.04
3756.22
3756.22
3586.62
3586.62
3751.39
3751.39
861.89
861.89
3658.82
3658.82
3728.63
3728.63
3767.98
3767.98
3710.48
3710.48
3710.48
3710.48
3702.49
3702.49
3742.11
3742.11
3740.01
3740.01
3782.19
3782.19
3799.77
3799.77
3748.12
3748.12
3768.80
3768.80
3743.67
3743.67
3746.58
3746.58
3763.13
3763.13
3763.13
3763.13
3610.99
3610.99
3758.68
3758.68
3625.08
3625.08
3557.95
3557.95
3683.20
3683.20
3702.30
3702.30
3753.12
3753.12
3753.12
3753.12
3528.65
3528.65
3540.30
3540.30
3560.68
3560.68
3560.68
3560.68
3785.30
3785.30
3461.29
3461.29
3461.29
3461.29
3732.91
3732.91
3559.80
3559.80
3511.18
3511.18
3781.70
3781.70
3710.74
3710.74
3710.74
3710.74
3710.74
3710.74
3512.03
3512.03
3691.89
3691.89
3691.89
3691.89
3691.89
3691.89
3791.51
3791.51
3792.73
3792.73
3768.31
3768.31
3601.46
3601.46
3567.37
3567.37
3554.10
3554.10
1376.41
1376.41
3575.05
3575.05
3579.93
3579.93
3690.90
3690.90
3690.90
3690.90
3734.26
3734.26
3561.55
3561.55
3722.76
3722.76
3493.11
3493.11
3384.70
3384.70
3462.58
3462.58
3691.23
3691.23
3467.29
3467.29
3338.58
3338.58
3355.73
3355.73
3746.88
3746.88
3755.21
3755.21
3758.25
3758.25
3738.37
3738.37
3731.80
3731.80
3742.43
3742.43
3738.93
3738.93
896.84
896.84
3732.22
3732.22
3713.02
3713.02
3743.08
3743.08
3748.31
3748.31
3549.33
3549.33
3711.87
3711.87
3766.95
3766.95
3764.76
3764.76
3765.96
3765.96
3414.64
3414.64
3786.65
3786.65
3755.79
3755.79
3578.75
3578.75
3770.99
3770.99
3589.96
3589.96
3589.79
3589.79
3557.80
3557.80
3464.80
3464.80
3765.42
3765.42
3461.29
3461.29
3744.32
3744.32
3540.93
3540.93
3787.83
3787.83
3778.61
3778.61
3778.61
3778.61
3542.00
3542.00
3222.90
3222.90
3738.23
3738.23
3569.04
3569.04
3749.16
3749.16
3732.75
3732.75
3732.75
3732.75
3737.56
3737.56
3786.18
3786.18
2148.79
2148.79
3565.94
3565.94
3579.71
3579.71
3589.37
3589.37
3609.38
3609.38
3793.17
3793.17
3587.32
3587.32
3541.61
3541.61
882.08
882.08
3679.62
3679.62
885.21
885.21
3753.32
3753.32
3588.82
3588.82
3807.86
3807.86
3540.35
3540.35
3765.53
3765.53
3584.89
3584.89
3539.67
3539.67
3740.81
3740.81
3740.81
3740.81
3607.65
3607.65
3764.96
3764.96
3764.96
3764.96
3764.96
3764.96
3744.27
3744.27
3578.56
3578.56
3712.81
3712.81
3536.84
3536.84
3722.49
3722.49
3769.12
3769.12
3717.62
3717.62
3784.37
3784.37
3542.63
3542.63
3765.69
3765.69
957.39
957.39
1893.02
1893.02
3721.34
3721.34
3787.22
3787.22
3608.18
3608.18
3731.16
3731.16
3541.12
3541.12
3660.11
3660.11
3566.72
3566.72
3762.96
3762.96
3547.15
3547.15
3560.91
3560.91
3755.66
3755.66
3691.32
3691.32
1052.30
1052.30
3557.44
3557.44
3791.95
3791.95
3789.14
3789.14
3548.95
3548.95
3631.21
3631.21
3631.21
3631.21
3547.39
3547.39
3627.58
3627.58
3489.91
3489.91
3789.30
3789.30
3789.30
3789.30
3709.21
3709.21
3808.91
3808.91
3808.91
3808.91
3596.73
3596.73
3702.18
3702.18
3712.60
3712.60
3732.54
3732.54
3538.84
3538.84
3558.58
3558.58
3786.18
3786.18
3764.07
3764.07
3783.38
3783.38
3785.82
3785.82
3768.26
3768.26
3588.85
3588.85
3561.70
3561.70
3779.92
3779.92
3740.17
3740.17
3792.67
3792.67
3585.53
3585.53
3473.07
3473.07
3766.54
3766.54
3509.33
3509.33
3509.33
3509.33
3509.33
3509.33
3536.50
3536.50
3576.40
3576.40
3759.75
3759.75
3755.87
3755.87
3444.89
3444.89
3702.14
3702.14
3738.47
3738.47
1055.61
1055.61
3590.09
3590.09
3735.92
3735.92
3560.38
3560.38
3719.49
3719.49
3604.98
3604.98
3604.98
3604.98
3735.95
3735.95
3586.88
3586.88
3783.49
3783.49
3627.88
3627.88
3627.88
3627.88
3611.69
3611.69
3116.93
3116.93
3538.28
3538.28
3538.28
3538.28
3596.54
3596.54
3488.17
3488.17
3573.13
3573.13
3531.56
3531.56
3755.75
3755.75
3755.75
3755.75
3784.94
3784.94
3784.94
3784.94
15.41
15.41
3745.77
3745.77
3777.07
3777.07
3564.06
3564.06
3692.20
3692.20
3692.20
3692.20
3692.20
3692.20
3764.98
3764.98
3762.86
3762.86
3590.56
3590.56
3748.18
3748.18
3512.71
3512.71
3512.71
3512.71
3767.11
3767.11
3725.18
3725.18
3708.81
3708.81
3612.59
3612.59
3604.83
3604.83
3589.82
3589.82
3767.57
3767.57
3559.02
3559.02
3752.86
3752.86
3784.97
3784.97
3626.42
3626.42
3607.88
3607.88
3736.01
3736.01
3589.99
3589.99
3733.61
3733.61
3733.61
3733.61
3609.83
3609.83
3467.06
3467.06
3661.35
3661.35
3661.35
3661.35
3763.51
3763.51
3561.16
3561.16
3612.24
3612.24
903.94
903.94
3526.53
3526.53
3733.18
3733.18
3765.34
3765.34
3765.34
3765.34
3693.29
3693.29
3538.14
3538.14
3742.91
3742.91
3735.58
3735.58
3537.00
3537.00
3541.71
3541.71
3599.39
3599.39
3599.39
3599.39
3599.39
3599.39
3152.12
3152.12
3742.70
3742.70
3742.70
3742.70
3765.96
3765.96
3513.60
3513.60
3605.43
3605.43
973.06
973.06
3715.20
3715.20
3722.86
3722.86
1076.49
1076.49
3548.90
3548.90
3597.25
3597.25
3570.57
3570.57
3552.50
3552.50
3465.95
3465.95
3736.80
3736.80
3547.80
3547.80
3589.82
3589.82
3589.82
3589.82
3589.82
3589.82
3589.82
3589.82
3632.32
3632.32
3611.79
3611.79
1316.16
1316.16
903.43
903.43
998.29
998.29
3515.07
3515.07
3515.07
3515.07
3786.07
3786.07
3469.28
3469.28
3630.30
3630.30
3399.35
3399.35
3761.77
3761.77
3771.43
3771.43
3429.01
3429.01
3768.68
3768.68
3562.14
3562.14
3767.03
3767.03
3767.03
3767.03
3754.40
3754.40
3754.40
3754.40
3767.82
3767.82
3557.46
3557.46
3464.47
3464.47
3537.20
3537.20
3114.68
3114.68
3732.91
3732.91
3744.33
3744.33
3289.77
3289.77
3492.07
3492.07
3492.07
3492.07
3762.96
3762.96
3511.13
3511.13
3374.07
3374.07
3571.78
3571.78
3739.11
3739.11
3799.87
3799.87
3509.84
3509.84
3383.91
3383.91
3763.18
3763.18
3763.18
3763.18
3769.24
3769.24
3767.11
3767.11
3640.58
3640.58
3671.28
3671.28
3316.56
3316.56
3721.94
3721.94
3782.51
3782.51
3112.88
3112.88
3112.88
3112.88
3112.88
3112.88
3723.13
3723.13
3606.73
3606.73
3511.65
3511.65
3463.18
3463.18
3753.07
3753.07
3713.08
3713.08
3486.71
3486.71
3743.57
3743.57
3557.81
3557.81
3525.43
3525.43
3525.43
3525.43
3402.17
3402.17
3446.60
3446.60
3446.60
3446.60
3446.60
3446.60
3761.82
3761.82
900.66
900.66
1609.01
1609.01
1609.62
1609.62
3764.18
3764.18
3246.05
3246.05
3690.80
3690.80
3514.30
3514.30
3578.17
3578.17
3764.16
3764.16
3799.88
3799.88
3476.24
3476.24
3738.20
3738.20
20.74
20.74
3609.68
3609.68
3690.86
3690.86
1295.12
1295.12
3514.11
3514.11
3581.40
3581.40
3608.08
3608.08
3608.08
3608.08
3542.14
3542.14
3538.86
3538.86
3609.38
3609.38
3693.82
3693.82
3693.82
3693.82
3693.82
3693.82
3768.97
3768.97
3486.15
3486.15
3736.28
3736.28
3555.53
3555.53
3555.53
3555.53
3555.53
3555.53
3674.34
3674.34
3736.49
3736.49
3555.32
3555.32
3768.47
3768.47
3765.36
3765.36
3337.33
3337.33
3288.35
3288.35
3764.27
3764.27
3733.67
3733.67
3325.28
3325.28
3486.47
3486.47
3404.27
3404.27
3609.43
3609.43
3700.44
3700.44
3569.90
3569.90
3508.95
3508.95
3724.89
3724.89
3745.02
3745.02
3699.86
3699.86
3747.86
3747.86
3714.84
3714.84
3716.37
3716.37
3463.09
3463.09
3533.51
3533.51
3678.91
3678.91
3508.95
3508.95
3713.55
3713.55
3713.55
3713.55
3689.25
3689.25
3787.77
3787.77
884.26
884.26
3414.95
3414.95
3781.80
3781.80
3735.42
3735.42
3763.18
3763.18
3758.18
3758.18
3488.50
3488.50
3768.02
3768.02
3714.67
3714.67
704.78
704.78
3640.28
3640.28
3373.76
3373.76
3708.92
3708.92
3168.54
3168.54
3189.13
3189.13
3429.14
3429.14
3465.12
3465.12
3557.51
3557.51
3543.67
3543.67
3693.18
3693.18
3757.07
3757.07
3757.07
3757.07
34.36
34.36
3150.21
3150.21
3509.95
3509.95
3417.01
3417.01
3538.65
3538.65
3800.16
3800.16
3800.16
3800.16
3753.83
3753.83
3309.00
3309.00
3427.40
3427.40
3555.61
3555.61
3234.49
3234.49
3724.62
3724.62
3426.71
3426.71
3765.42
3765.42
3528.93
3528.93
3606.83
3606.83
3315.15
3315.15
3538.12
3538.12
3538.12
3538.12
3538.12
3538.12
3745.85
3745.85
3753.53
3753.53
3375.56
3375.56
3727.86
3727.86
3745.29
3745.29
3520.69
3520.69
3561.65
3561.65
3743.41
3743.41
3374.43
3374.43
3356.79
3356.79
3509.08
3509.08
3266.80
3266.80
3350.86
3350.86
3538.43
3538.43
2808.27
2808.27
3723.13
3723.13
3672.80
3672.80
3206.09
3206.09
3699.97
3699.97
3730.02
3730.02
3734.57
3734.57
3764.31
3764.31
3764.31
3722.32
3722.32
3767.71
3767.71
3463.04
3463.04
3463.04
3639.40
3639.40
3639.40
3700.20
3700.20
3152.79
3152.79
3557.02
3557.02
3559.02
3559.02
3020.32
3020.32
3092.49
3092.49
3766.45
3766.45
3766.45
3766.45
3766.45
3766.45
3373.74
3373.74
3730.12
3730.12
3730.12
3730.12
3731.00
3731.00
3731.00
3731.00
3405.87
3405.87
3509.36
3509.36
3758.34
3758.34
3757.17
3757.17
3476.14
3476.14
3746.13
3746.13
3159.80
3159.80
3735.54
3735.54
3735.47
3735.47
3735.47
3735.47
3374.90
3374.90
3766.89
3766.89
3330.02
3330.02
3668.58
3668.58
3668.58
3668.58
3748.29
3748.29
3627.83
3627.83
3747.34
3747.34
3471.30
3471.30
3730.43
3730.43
3481.78
3772.19
3772.19
3772.19
3757.39
3757.39
3722.70
3722.70
3735.17
3735.17
3329.17
3329.17
3287.60
3287.60
3092.45
3092.45
3712.55
3712.55
3744.53
3744.53
3758.25
3758.25
3758.25
3758.25
3758.25
3758.25
3758.25
3758.25
3758.25
3758.25
3419.75
3419.75
3491.42
3491.42
3716.22
3716.22
3288.93
3288.93
3790.57
3790.57
2163.53
2163.53
3597.04
3597.04
3512.03
3512.03
3508.86
3508.86
3721.36
3721.36
3629.60
3629.60
2129.38
2129.38
2129.38
2129.38
3577.71
3577.71
1475.07
1475.07
3714.37
3714.37
3714.37
3714.37
1323.45
1323.45
3800.16
3800.16
3800.16
3800.16
3790.02
3790.02
3788.65
3788.65
3485.08
3485.08
3556.05
3556.05
3720.18
3720.18
1220.61
1220.61
3564.96
3564.96
3577.38
3577.38
3509.42
3509.42
3721.48
3721.48
3721.48
3721.48
3746.23
3746.23
3709.46
3709.46
3809.97
3809.97
3749.34
3749.34
3710.79
3710.79
3514.13
3514.13
3714.40
3714.40
3779.55
3779.55
3375.56
3375.56
3692.68
3692.68
3338.23
3338.23
3559.94
3559.94
3313.63
3313.63
3370.79
3370.79
3400.38
3400.38
3510.26
3510.26
3329.76
3329.76
3564.34
3564.34
3563.12
3563.12
3720.29
3720.29
3404.43
3404.43
3590.04
3590.04
3595.70
3595.70
3784.32
3784.32
3519.86
3519.86
3604.73
3604.73
3623.31
3623.31
3334.80
3334.80
3733.77
3733.77
3438.36
3438.36
1634.80
1634.80
3743.24
3743.24
1705.95
1705.95
3738.02
3738.02
3246.78
3246.78
3632.88
3632.88
3700.81
3700.81
3402.26
3402.26
3690.28
3690.28
3662.22
3662.22
805.72
805.72
3313.33
3313.33
3709.74
3709.74
3692.14
3692.14
3710.27
3710.27
3149.94
3149.94
3764.44
3764.44
3734.90
3734.90
3509.84
3509.84
3508.19
3508.19
3746.61
3746.61
3438.63
3438.63
3423.90
3423.90
3466.09
3466.09
3706.67
3706.67
3706.67
3706.67
3754.63
3754.63
3716.79
3716.79
3734.61
3734.61
1633.93
1633.93
3693.65
3693.65
3275.73
3275.73
3785.41
3785.41
3490.15
3490.15
3767.71
3767.71
1013.06
1013.06
3733.40
3733.40
3733.40
3733.40
2645.27
2645.27
3414.22
3414.22
3736.53
3736.53
3579.00
3579.00
3764.42
3764.42
3426.30
3426.30
3669.69
3669.69
3764.38
3764.38
3722.76
3722.76
3511.65
3511.65
3708.97
3708.97
3448.42
3448.42
3712.86
3712.86
3713.18
3713.18
3713.18
3713.18
3554.78
3554.78
3512.98
3512.98
2074.44
2074.44
3458.57
3458.57
3458.57
3458.57
3764.00
3764.00
3416.11
3416.11
3629.90
3629.90
3693.29
3693.29
3748.20
3748.20
3354.43
3354.43
3733.29
3733.29
1778.05
1778.05
3709.81
3709.81
3463.04
3463.04
3421.96
3421.96
3734.35
3734.35
3743.95
3743.95
1950.07
1950.07
746.87
746.87
3726.55
3726.55
1026.42
1026.42
3606.68
3606.68
3694.08
3694.08
3768.57
3768.57
1261.70
1261.70
887.16
887.16
3510.75
3510.75
3471.12
3471.12
3419.75
3419.75
3537.30
3537.30
3510.51
3510.51
64.00
64.00
1055.00
1055.00
3726.41
3726.41
3590.81
3590.81
3533.95
3533.95
3538.70
3538.70
2374.21
2374.21
3687.82
3687.82
3572.63
3572.63
3769.35
3769.35
3753.25
3753.25
3618.70
3618.70
3744.10
3744.10
3770.50
3770.50
3761.01
3761.01
3560.04
3560.04
3533.71
3533.71
3744.82
3744.82
3744.82
3744.82
3560.87
3560.87
3611.19
3611.19
3452.82
3452.82
3717.24
3717.24
3659.34
3659.34
3513.85
3513.85
1935.52
1935.52
3689.83
3689.83
1516.82
1516.82
2655.83
2655.83
3745.88
3745.88
3588.52
3588.52
3737.97
3737.97
1715.03
1715.03
3742.00
3742.00
3414.54
3414.54
3568.60
3568.60
3433.32
3433.32
3724.70
3724.70
3763.39
3763.39
3467.34
3467.34
3745.85
3745.85
3508.71
3508.71
3735.06
3735.06
3768.47
3768.47
3476.09
3476.09
3709.23
3709.23
3734.99
3734.99
1139.36
1139.36
3671.14
3671.14
3740.28
3740.28
3578.31
3578.31
3566.58
3566.58
3566.58
3566.58
53.06
53.06
3714.45
3714.45
3533.61
3533.61
3772.47
3772.47
617.05
617.05
3571.71
3571.71
3627.98
3627.98
3791.40
3791.40
3536.02
3536.02
3727.19
3727.19
3509.90
3509.90
3558.48
3558.48
986.01
986.01
3495.45
3495.45
3355.47
3355.47
3661.63
3661.63
3745.52
3745.52
1503.42
1503.42
3598.61
3598.61
3267.82
3267.82
3690.93
3690.93
3712.29
3712.29
3753.52
3753.52
3772.36
3772.36
2839.57
2839.57
3757.67
3757.67
3700.74
3700.74
3700.74
3700.74
3354.18
3354.18
3466.78
3466.78
3658.25
3658.25
3421.10
3421.10
3720.50
3720.50
3467.20
3467.20
3722.22
3722.22
3607.38
3607.38
42.04
42.04
1830.56
1830.56
1830.56
1830.56
3557.99
3557.99
3483.50
3483.50
3483.50
3483.50
3483.50
3483.50
3737.69
3737.69
3516.60
3516.60
3516.60
3516.60
3516.60
3516.60
3136.57
3136.57
3729.38
3729.38
3729.38
3729.38
3729.38
3729.38
3168.33
3168.33
3246.55
3246.55
3370.61
3370.61
3716.10
3716.10
3716.10
3716.10
3710.59
3710.59
3561.41
3561.41
3561.41
3561.41
3443.90
3443.90
3742.43
3742.43
3509.38
3509.38
3608.13
3608.13
3554.64
3554.64
1999.31
1999.31
3714.62
3714.62
3735.42
3735.42
3583.27
3583.27
3740.75
3740.75
3767.33
3767.33
3767.22
3767.22
3765.99
3765.99
3638.89
3638.89
3474.10
3474.10
3565.65
3565.65
3765.42
3765.42
1513.31
1513.31
1857.97
1857.97
3723.39
3723.39
3731.61
3731.61
3690.59
3690.59
3508.80
3508.80
3661.41
3661.41
3137.42
3137.42
3740.37
3740.37
3659.75
3659.75
3790.52
3790.52
3791.51
3791.51
3748.42
3748.42
3712.55
3712.55
3708.04
3708.04
3712.71
3712.71
3785.52
3785.52
3785.52
3785.52
3785.52
3785.52
3785.52
3785.52
3741.41
3741.41
3586.23
3586.23
3731.16
3731.16
3589.24
3589.24
3531.56
3531.56
3589.22
3589.22
645.17
645.17
3527.92
3527.92
3626.68
3626.68
3560.03
3560.03
3753.79
3753.79
3753.79
3753.79
3753.79
3753.79
3753.79
3753.79
3753.79
3753.79
3753.79
3753.79
3760.05
3760.05
3642.07
3642.07
3733.19
3733.19
15.41
15.41
3558.04
3558.04
3709.16
3709.16
3767.08
3767.08
3587.97
3587.97
3577.77
3577.77
3509.38
3509.38
3763.93
3763.93
3571.66
3571.66
3571.66
3571.66
3571.66
3571.66
3571.66
3571.66
3472.20
3472.20
1936.91
1936.91
3696.94
3696.94
3627.83
3627.83
3096.32
3096.32
3096.32
3096.32
3734.47
3734.47
3726.33
3726.33
3764.37
3764.37
3764.37
3764.37
3713.08
3713.08
3721.10
3721.10
3767.38
3767.38
3592.46
3592.46
3747.07
3747.07
3529.98
3529.98
3745.29
3745.29
3691.79
3691.79
3658.30
3658.30
3509.93
3509.93
3509.93
3509.93
3463.18
3463.18
3727.03
3727.03
3559.85
3559.85
3741.78
3741.78
3563.51
3563.51
3727.56
3727.56
3539.10
3539.10
3470.59
3470.59
3517.22
3517.22
1120.77
1120.77
3499.94
3499.94
3798.67
3798.67
3589.99
3589.99
3800.77
3800.77
3486.80
3486.80
3486.80
3486.80
3486.80
3486.80
3486.80
3486.80
3486.80
3486.80
3486.80
3486.80
3708.76
3708.76
3515.31
3515.31
3538.91
3538.91
3607.38
3607.38
3732.27
3732.27
3775.79
3775.79
3538.26
3538.26
3575.62
3575.62
3531.61
3531.61
3774.84
3774.84
3774.84
3774.84
3746.96
3746.96
998.10
998.10
3511.89
3511.89
3586.78
3586.78
3754.68
3754.68
33.31
33.31
3765.85
3765.85
3705.69
3705.69
3598.92
3598.92
3587.62
3587.62
3592.66
3592.66
3768.00
3768.00
3565.81
3565.81
3762.42
3762.42
3702.86
3702.86
3735.32
3735.32
3692.70
3692.70
2095.05
2095.05
3471.72
3471.72
3607.18
3607.18
3748.15
3748.15
15.61
15.61
1900.35
1900.35
3494.40
3494.40
3780.86
3780.86
3585.33
3585.33
3533.48
3533.48
3561.85
3561.85
3511.84
3511.84
3708.52
3708.52
3519.76
3519.76
3581.89
3581.89
3587.37
3587.37
3584.99
3584.99
3764.44
3764.44
3447.79
3447.79
3561.65
3561.65
3625.42
3625.42
3713.55
3713.55
3558.34
3558.34
3714.40
3714.40
31.68
31.68
1187.83
1187.83
1187.83
1187.83
3299.70
3299.70
3611.64
3611.64
3611.64
3611.64
3611.64
3611.64
3592.87
3592.87
3559.51
3559.51
3567.86
3567.86
3719.70
3719.70
3719.70
3719.70
3532.89
3532.89
3149.90
3149.90
3791.40
3791.40
3768.91
3768.91
3622.26
3622.26
3624.81
3624.81
3787.99
3787.99
3787.99
3787.99
3760.06
3760.06
3586.82
3586.82
3547.13
3547.13
3547.13
3547.13
3761.93
3761.93
3609.83
3609.83
3337.84
3337.84
3337.84
3733.99
3733.99
3564.44
3564.44
3723.56
3723.56
3723.77
3723.77
3446.64
3446.64
3693.92
3693.92
3668.75
3668.75
3712.65
3712.65
3745.74
3745.74
3784.77
3784.77
3558.73
3558.73
3774.46
3774.46
3718.52
3718.52
3705.10
3705.10
3766.84
3766.84
3559.80
3559.80
3742.32
3742.32
3756.22
3756.22
3748.37
3748.37
3765.47
3765.47
3370.22
3370.22
3311.92
3311.92
3373.89
3373.89
3588.52
3588.52
3493.48
3493.48
3508.56
3508.56
3170.85
3170.85
3583.04
3583.04
3768.58
3768.58
3717.61
3717.61
3610.42
3610.42
3589.62
3589.62
3734.09
3734.09
3603.88
3603.88
3484.15
3484.15
3760.19
3760.19
3552.76
3552.76
2567.28
2567.28
3681.85
3681.85
3712.44
3712.44
3742.97
3742.97
3559.46
3559.46
2117.58
2117.58
3751.12
3751.12
3557.95
3557.95
3538.99
3538.99
3528.46
3528.46
3787.29
3787.29
3609.20
3609.20
3770.17
3770.17
3662.66
3662.66
3721.32
3721.32
3680.16
3680.16
3721.43
3721.43
2355.37
2355.37
3736.44
3736.44
3312.41
3312.41
3404.39
3404.39
3340.43
3340.43
3711.44
3711.44
1297.96
1297.96
1340.68
1340.68
3735.80
3735.80
3419.44
3419.44
3331.13
3331.13
1552.44
1552.44
3132.13
3132.13
3742.81
3742.81
3337.03
3337.03
3459.95
3459.95
3766.67
3766.67
3785.69
3785.69
3743.51
3743.51
3736.51
3736.51
2370.98
2370.98
3508.81
3508.81
3690.01
3690.01
3730.36
3730.36
3439.90
3439.90
3732.75
3732.75
3499.03
3499.03
3555.61
3555.61
3465.12
3465.12
205.68
205.68
3476.08
3476.08
3609.48
3609.48
3690.98
3690.98
3656.76
3656.76
3508.05
3508.05
3042.72
3042.72
3327.25
3327.25
3489.77
3489.77
3700.95
3700.95
3734.90
3734.90
3491.23
3491.23
3745.23
3745.23
3777.22
3777.22
3748.07
3748.07
3686.74
3686.74
3735.21
3735.21
3600.15
3600.15
3600.15
3600.15
3531.84
3531.84
3773.24
3773.24
3712.86
3712.86
3580.91
3580.91
3765.94
3765.94
3784.64
3784.64
3557.90
3557.90
3764.71
3764.71
3734.42
3734.42
3736.22
3736.22
3763.23
3763.23
3529.41
3529.41
3765.47
3765.47
3532.94
3532.94
3461.29
3461.29
3772.47
3772.47
3581.11
3581.11
3756.09
3756.09
3747.31
3747.31
3557.22
3557.22
3153.80
3153.80
3490.38
3490.38
3472.28
3472.28
3490.38
3490.38
3678.54
3678.54
3788.25
3788.25
3472.70
3472.70
3502.21
3502.21
1974.45
1974.45
3589.62
3589.62
3531.18
3531.18
3640.27
3640.27
3617.82
3617.82
3490.81
3490.81
3782.08
3782.08
3677.91
3677.91
3536.64
3536.64
3557.95
3557.95
3485.96
3485.96
3527.80
3527.80
3711.06
3711.06
3609.98
3609.98
3533.51
3533.51
3662.46
3662.46
3744.75
3744.75
3737.66
3737.66
3766.18
3766.18
3472.85
3472.85
3540.45
3540.45
3738.15
3738.15
3484.57
3484.57
3757.87
3757.87
3834.79
3834.79
3627.93
3627.93
3131.46
3131.46
3767.98
3767.98
3745.85
3745.85
3563.56
3563.56
3538.17
3538.17
3682.53
3682.53
3510.66
3510.66
3690.01
3690.01
3606.13
3606.13
3790.24
3790.24
3530.08
3530.08
3445.21
3445.21
3542.09
3542.09
3641.34
3641.34
3440.17
3440.17
3757.63
3757.63
3448.33
3448.33
3448.33
3448.33
3691.33
3691.33
3558.29
3558.29
3738.24
3738.24
3768.02
3768.02
3589.67
3589.67
1571.82
1571.82
3789.69
3789.69
3661.19
3661.19
3451.06
3451.06
1217.46
1217.46
1867.17
1867.17
3486.78
3486.78
3532.55
3532.55
3532.55
3532.55
3532.55
3532.55
1463.38
1463.38
3525.24
3525.24
3544.77
3544.77
3789.86
3789.86
3617.45
3617.45
3418.36
3418.36
3712.23
3712.23
3724.04
3724.04
3735.32
3735.32
3711.86
3711.86
3059.72
3059.72
3493.26
3493.26
3751.07
3751.07
3111.94
3111.94
3727.67
3727.67
3160.61
3160.61
3581.30
3581.30
3764.93
3764.93
3265.87
3265.87
3510.92
3510.92
3209.31
3209.31
3711.59
3711.59
3419.62
3419.62
3662.79
3662.79
3542.81
3542.81
3072.87
3072.87
35.82
35.82
3378.51
3378.51
3654.36
3654.36
3706.27
3706.27
3716.01
3716.01
3724.30
3724.30
3152.65
3152.65
3168.84
3168.84
3310.99
3310.99
3167.60
3167.60
3510.21
3510.21
3527.74
3527.74
3722.16
3722.16
3561.80
3561.80
3757.86
3757.86
3578.31
3578.31
3578.31
3578.31
3782.95
3782.95
3739.57
3739.57
3398.42
3398.42
3421.26
3421.26
3763.55
3763.55
3770.28
3770.28
3717.96
3717.96
3630.00
3630.00
1415.81
1415.81
15.59
15.59
3560.53
3560.53
3538.84
3538.84
3726.19
3726.19
3514.88
3514.88
865.47
865.47
3526.51
3526.51
3741.62
3741.62
3764.26
3764.26
893.52
893.52
3511.65
3511.65
3785.41
3785.41
611.59
611.59
1336.61
1336.61
894.19
894.19
1684.40
1684.40
3717.64
3717.64
3499.08
3499.08
3762.20
3762.20
3589.47
3589.47
3789.46
3789.46
3578.51
3578.51
3608.93
3608.93
3578.36
3578.36
3709.05
3709.05
3604.62
3604.62
3764.05
3764.05
3513.12
3513.12
3782.46
3782.46
3734.32
3734.32
3662.48
3662.48
3777.27
3777.27
3609.48
3609.48
3512.13
3512.13
3768.58
3768.58
3568.35
3568.35
3731.83
3731.83
3753.19
3753.19
3578.07
3578.07
3520.91
3520.91
3460.87
3460.87
3460.87
3460.87
3529.84
3529.84
3766.70
3766.70
3429.91
3429.91
3667.76
3667.76
3667.76
3667.76
3585.73
3585.73
3530.03
3530.03
2388.27
2388.27
3542.29
3542.29
3723.67
3723.67
3540.88
3540.88
3608.88
3608.88
3559.70
3559.70
3686.59
3686.59
3129.69
3129.69
3741.94
3741.94
3559.36
3559.36
3558.82
3558.82
3715.32
3715.32
3658.00
3658.00
3794.28
3794.28
3558.09
3558.09
3733.08
3733.08
3619.18
3619.18
3731.18
3731.18
3748.96
3748.96
3733.98
3733.98
3656.71
3656.71
3703.07
3703.07
3747.29
3747.29
3528.70
3528.70
3759.59
3759.59
3765.77
3765.77
3573.27
3573.27
3558.77
3558.77
3480.36
3480.36
3711.37
3711.37
3776.77
3776.77
3727.35
3727.35
3769.09
3769.09
14.96
14.96
3537.94
3537.94
3740.71
3740.71
3611.99
3611.99
3559.55
3559.55
3792.73
3792.73
3482.43
3482.43
3482.43
3482.43
3734.25
3734.25
1140.81
1140.81
3509.38
3509.38
3559.55
3559.55
3518.23
3518.23
3655.68
3655.68
3744.42
3744.42
3578.67
3578.67
3730.89
3730.89
3748.56
3748.56
3787.11
3787.11
858.72
858.72
3727.37
3727.37
3725.40
3725.40
3753.28
3753.28
3480.06
3480.06
3748.92
3748.92
3570.41
3570.41
3560.33
3560.33
3771.43
3771.43
3489.59
3489.59
3533.09
3533.09
3640.22
3640.22
3763.66
3763.66
3769.02
3769.02
3582.04
3582.04
3531.41
3531.41
3466.55
3466.55
3530.79
3530.79
425.87
425.87
3577.97
3577.97
1321.98
1321.98
3758.14
3758.14
3786.15
3786.15
3611.64
3611.64
3512.86
3512.86
3711.66
3711.66
3471.77
3471.77
2019.74
2019.74
3749.91
3749.91
3747.91
3747.91
3773.12
3773.12
3565.99
3565.99
3513.55
3513.55
3686.06
3686.06
3661.84
3661.84
3479.46
3479.46
3560.82
3560.82
3699.92
3699.92
3558.43
3558.43
3765.94
3765.94
3113.74
3113.74
3740.17
3740.17
3758.57
3758.57
3562.58
3562.58
31.07
31.07
3710.32
3710.32
3530.29
3530.29
3774.42
3774.42
3706.67
3706.67
3567.62
3567.62
3609.53
3609.53
1343.05
1343.05
3768.65
3768.65
3740.38
3740.38
2055.08
2055.08
3560.29
3560.29
213.06
213.06
3742.82
3742.82
3747.91
3747.91
3488.78
3488.78
232.13
232.13
3418.99
3418.99
3659.28
3659.28
3659.28
3659.28
3659.28
3659.28
3511.68
3511.68
3781.69
3781.69
3781.69
3781.69
3781.69
3781.69
3470.82
3470.82
3712.49
3712.49
3758.07
3758.07
3785.16
3785.16
3748.85
3748.85
3634.36
3634.36
2304.97
2304.97
3731.90
3731.90
617.72
617.72
3759.11
3759.11
3521.15
3521.15
3513.14
3513.14
3756.63
3756.63
3741.40
3741.40
1087.66
1087.66
1230.40
1230.40
3547.95
3547.95
3769.58
3769.58
3173.42
3173.42
3731.69
3731.69
3731.69
3731.69
3525.84
3525.84
3558.24
3558.24
3562.24
3562.24
3757.99
3757.99
3758.61
3758.61
3763.51
3763.51
3763.51
3763.51
3789.75
3789.75
3789.75
3789.75
3404.01
3404.01
3767.33
3767.33
3746.04
3746.04
3518.99
3518.99
3464.42
3464.42
3533.67
3533.67
3790.02
3790.02
3729.97
3729.97
3692.41
3692.41
3615.76
3615.76
3762.85
3762.85
42.67
42.67
3709.86
3709.86
3605.03
3605.03
3712.97
3712.97
3659.43
3659.43
3764.76
3764.76
3402.66
3402.66
3612.09
3612.09
3614.35
3614.35
3772.41
3772.41
3513.55
3513.55
3498.89
3498.89
3691.42
3691.42
3537.32
3537.32
3659.74
3659.74
3531.61
3531.61
3608.03
3608.03
34.09
34.09
3576.11
3576.11
3576.11
3576.11
2484.30
2484.30
3695.97
3695.97
3509.47
3509.47
3549.88
3549.88
3629.60
3629.60
3560.43
3560.43
30.12
30.12
3740.87
3740.87
3415.53
3415.53
3613.35
3613.35
3513.27
3513.27
30.73
30.73
3557.71
3557.71
3727.48
3727.48
3513.60
3513.60
3513.60
3513.60
213.14
213.14
3657.02
3657.02
3473.41
3473.41
3699.92
3699.92
3536.79
3536.79
3727.69
3727.69
3741.62
3741.62
17.98
17.98
3748.96
3748.96
3472.85
3472.85
3537.22
3537.22
3741.51
3741.51
3560.53
3560.53
3560.53
3577.72
3577.72
3747.91
3747.91
3745.74
3745.74
3509.98
3509.98
3587.86
3587.86
3720.20
3720.20
3658.51
3658.51
3560.82
3560.82
3745.36
3745.36
3748.73
3748.73
3735.51
3735.51
3541.32
3541.32
3764.26
3764.26
3752.37
3752.37
3440.30
3440.30
3402.66
3402.66
3426.99
3426.99
3786.23
3786.23
3761.77
3761.77
3512.51
3512.51
3747.42
3747.42
3449.30
3449.30
3538.75
3538.75
3745.56
3745.56
3745.56
3745.56
3693.81
3693.81
3393.55
3393.55
892.79
892.79
3763.56
3763.56
3423.40
3423.40
3611.39
3611.39
3744.55
3744.55
3756.22
3756.22
3791.84
3791.84
3743.29
3743.29
3305.74
3305.74
3511.80
3511.80
3347.42
3347.42
3745.23
3745.23
1402.35
1402.35
3392.66
3392.66
3714.56
3714.56
3689.67
3689.67
3540.74
3540.74
3766.40
3766.40
3767.44
3767.44
3534.78
3534.78
3516.89
3516.89
3511.84
3511.84
3487.67
3487.67
3443.14
3443.14
3766.43
3766.43
3355.47
3355.47
3734.43
3734.43
3642.04
3642.04
3415.93
3415.93
3607.88
3607.88
3684.23
3684.23
890.34
890.34
3767.53
3767.53
3712.97
3712.97
3712.97
3712.97
3443.23
3443.23
3444.56
3444.56
3702.44
3702.44
3702.44
3702.44
3720.20
3720.20
2445.95
2445.95
3750.41
3750.41
3713.34
3713.34
3751.06
3751.06
3402.74
3402.74
1848.76
1848.76
3518.24
3518.24
3130.44
3130.44
3731.36
3731.36
3743.84
3743.84
3712.55
3712.55
3716.49
3716.49
3763.84
3763.84
3637.82
3637.82
3461.93
3461.93
3764.76
3764.76
3465.90
3465.90
3445.44
3445.44
491.28
491.28
3520.91
3520.91
3660.16
3660.16
3559.89
3559.89
809.46
809.46
3530.95
3530.95
3486.15
3486.15
3767.44
3767.44
3767.44
3767.44
3767.44
3767.44
3465.30
3465.30
3790.30
3790.30
3717.23
3717.23
3743.83
3743.83
3764.60
3764.60
3530.47
3530.47
3605.08
3605.08
3559.02
3559.02
3604.13
3604.13
3565.60
3565.60
3560.37
3560.37
3733.25
3733.25
3481.78
3481.78
2968.41
2968.41
1023.17
1023.17
3463.88
3463.88
3562.36
3562.36
1559.24
1559.24
3399.44
3399.44
3734.74
3734.74
3541.32
3541.32
3662.79
3662.79
2409.60
2409.60
3797.51
3797.51
3517.46
3517.46
3591.36
3591.36
896.61
896.61
3766.34
3766.34
3657.48
3657.48
3076.82
3076.82
3206.64
3206.64
3727.94
3727.94
3690.49
3690.49
3725.74
3725.74
3729.27
3729.27
3722.65
3722.65
3005.69
3005.69
3768.37
3768.37
3784.21
3784.21
3724.04
3724.04
3671.72
3671.72
3729.91
3729.91
3747.61
3747.61
3630.86
3630.86
15.61
15.61
3763.82
3763.82
3769.91
3769.91
3576.45
3576.45
3769.51
3769.51
3465.03
3465.03
3512.22
3512.22
3749.61
3749.61
3589.42
3589.42
3589.42
3589.42
3589.42
3589.42
3735.44
3735.44
3742.64
3742.64
3711.27
3711.27
3733.62
3733.62
3491.88
3491.88
3491.28
3491.28
3796.91
3796.91
3770.50
3770.50
3625.37
3625.37
3636.54
3636.54
3550.51
3550.51
3560.73
3560.73
3590.43
3590.43
3691.40
3691.40
3747.02
3747.02
3685.70
3685.70
894.28
894.28
3492.08
3492.08
3484.89
3484.89
3737.21
3737.21
3513.31
3513.31
3167.83
3167.83
3579.39
3579.39
3682.69
3682.69
3708.55
3708.55
3786.24
3786.24
3708.81
3708.81
3609.58
3609.58
3610.84
3610.84
3610.84
3610.84
3816.53
3816.53
3715.16
3715.16
3709.62
3709.62
3531.63
3531.63
3531.63
3531.63
3531.63
3531.63
3787.83
3787.83
3514.03
3514.03
3514.03
3514.03
3567.12
3567.12
3567.12
3567.12
3567.12
3567.12
3567.12
3567.12
3567.12
3567.12
3567.12
3567.12
3567.12
3567.12
3774.81
3774.81
3811.63
3811.63
35.18
35.18
3673.30
3673.30
3490.15
3490.15
3704.55
3704.55
893.44
893.44
1730.05
1730.05
3557.07
3557.07
3742.54
3742.54
3790.08
3790.08
3789.35
3789.35
3561.51
3561.51
3556.74
3556.74
3768.80
3768.80
3791.29
3791.29
893.44
893.44
3529.65
3529.65
3529.65
3529.65
3714.78
3714.78
3461.84
3461.84
3586.43
3586.43
3754.99
3754.99
3790.29
3790.29
3072.80
3072.80
3736.24
3736.24
3395.24
3395.24
3520.29
3520.29
3577.72
3577.72
3595.26
3595.26
3489.49
3489.49
3787.44
3787.44
3749.65
3749.65
3755.52
3755.52
3743.94
3743.94
3236.15
3236.15
3210.45
3210.45
3708.52
3708.52
3267.87
3267.87
3371.05
3371.05
3450.86
3450.86
3733.52
3733.52
897.49
897.49
3297.49
3297.49
3782.73
3782.73
3607.88
3607.88
3766.54
3766.54
3560.58
3560.58
3449.86
3449.86
3711.55
3711.55
3511.80
3511.80
3762.91
3762.91
3677.40
3677.40
3587.31
3587.31
3487.86
3487.86
3532.46
3532.46
3766.18
3766.18
3616.76
3616.76
1048.84
1048.84
3405.70
3405.70
3737.99
3737.99
3763.96
3763.96
3763.96
3763.96
3765.47
3765.47
3542.38
3542.38
3520.88
3520.88
3560.43
3560.43
3767.55
3767.55
3560.43
3560.43
3639.05
3639.05
3639.05
3639.05
3521.64
3521.64
3521.64
3521.64
3517.27
3517.27
3538.75
3538.75
3689.73
3689.73
3730.49
3730.49
3778.43
3778.43
3778.43
3778.43
3778.43
3778.43
3778.43
3778.43
3736.12
3736.12
3736.12
3736.12
3736.12
3736.12
3507.06
3507.06
3580.76
3580.76
3766.95
3766.95
3766.95
3766.95
3766.95
3766.95
3465.12
3465.12
3730.92
3730.92
3611.34
3611.34
3560.63
3560.63
3767.33
3767.33
3561.02
3561.02
3586.78
3586.78
3769.46
3769.46
3762.36
3762.36
3477.94
3477.94
3705.04
3705.04
3492.12
3492.12
3208.11
3208.11
3562.43
3562.43
3735.15
3735.15
3435.24
3435.24
3508.43
3508.43
3798.01
3798.01
3761.33
3761.33
3735.62
3735.62
3793.56
3793.56
3560.38
3560.38
3563.41
3563.41
3539.15
3539.15
3812.80
3812.80
3771.04
3771.04
3712.34
3712.34
3694.45
3694.45
3723.67
3723.67
3783.00
3783.00
3690.12
3690.12
3560.24
3560.24
3538.17
3538.17
3539.18
3539.18
3589.52
3589.52
3490.34
3490.34
3605.73
3605.73
3764.38
3764.38
3711.29
3711.29
3709.71
3709.71
3676.52
3676.52
3490.86
3490.86
3583.40
3583.40
3558.63
3558.63
3528.08
3528.08
3549.83
3549.83
3692.74
3692.74
3761.17
3761.17
3520.34
3520.34
3539.96
3539.96
3515.83
3515.83
3640.64
3640.64
31.42
31.42
3808.25
3808.25
3788.16
3788.16
3329.76
3329.76
3736.26
3736.26
3508.24
3508.24
3772.96
3772.96
3549.48
3549.48
3572.50
3572.50
3530.79
3530.79
3580.49
3580.49
3463.87
3463.87
3693.92
3693.92
3463.78
3463.78
3568.36
3568.36
3540.59
3540.59
892.90
892.90
3765.09
3765.09
3691.54
3691.54
3561.21
3561.21
3735.80
3735.80
3576.01
3576.01
3793.82
3793.82
622.31
622.31
3764.73
3764.73
3733.13
3733.13
3766.62
3766.62
63.99
63.99
3712.41
3712.41
3511.89
3511.89
3759.28
3759.28
3743.93
3743.93
3707.92
3707.92
3778.35
3778.35
3745.52
3745.52
3518.10
3518.10
3527.41
3527.41
3447.09
3447.09
3500.04
3500.04
3764.65
3764.65
3766.84
3766.84
3766.84
3766.84
3766.84
3766.84
3747.37
3747.37
3691.72
3691.72
3736.43
3736.43
3038.44
3038.44
3708.73
3708.73
3517.50
3517.50
1109.84
1109.84
3684.60
3684.60
3782.30
3782.30
3186.85
3186.85
3260.07
3260.07
3313.63
3313.63
3723.88
3723.88
3224.72
3224.72
3652.37
3652.37
3254.57
3254.57
3748.53
3748.53
2961.17
2961.17
3400.60
3400.60
3741.08
3741.08
3396.14
3396.14
3685.75
3685.75
3698.22
3698.22
3768.47
3768.47
3768.47
3768.47
3768.47
3768.47
2370.89
2370.89
3519.81
3519.81
3721.68
3721.68
63.87
63.87
3738.71
3738.71
3491.60
3491.60
3734.35
3734.35
3712.76
3712.76
318.60
318.60
1862.31
1862.31
1862.31
1862.31
3603.33
3603.33
3525.10
3525.10
3562.34
3562.34
1639.69
1639.69
3698.55
3698.55
3542.43
3542.43
3531.80
3531.80
3767.71
3767.71
3742.16
3742.16
3539.49
3539.49
3427.95
3427.95
3715.04
3715.04
3731.37
3731.37
892.76
892.76
3447.42
3447.42
3394.97
3394.97
3693.97
3693.97
3041.18
3041.18
3532.32
3532.32
3722.38
3722.38
3463.91
3463.91
3772.68
3772.68
3763.61
3763.61
3637.82
3637.82
3734.99
3734.99
3778.83
3778.83
3713.82
3713.82
3765.74
3765.74
3775.13
3775.13
16.14
16.14
2305.68
2305.68
3678.77
3678.77
3534.59
3534.59
876.11
876.11
907.34
907.34
3639.61
3639.61
15.55
15.55
3741.78
3741.78
3715.78
3715.78
3763.89
3763.89
3742.00
3742.00
3749.66
3749.66
3768.90
3768.90
3777.19
3777.19
3513.69
3513.69
3767.16
3767.16
3443.13
3443.13
3708.13
3708.13
3540.64
3540.64
1031.97
1031.97
3664.11
3664.11
3732.43
3732.43
3724.15
3724.15
3529.46
3529.46
3454.92
3454.92
3449.48
3449.48
3757.58
3757.58
3814.10
3814.10
3530.08
3530.08
3589.24
3589.24
3562.29
3562.29
3562.29
3562.29
3562.29
3562.29
3693.55
3693.55
3518.07
3518.07
3586.68
3586.68
3758.91
3758.91
3758.91
3758.91
3758.91
3758.91
3764.71
3764.71
3514.64
3514.64
3630.25
3630.25
3737.93
3737.93
3537.66
3537.66
3610.59
3610.59
3588.97
3588.97
3801.82
3801.82
3589.59
3589.59
3585.09
3585.09
3612.69
3612.69
3724.69
3724.69
3607.53
3607.53
3702.61
3702.61
3702.61
3764.04
3764.04
3764.65
3764.65
3733.18
3733.18
3711.76
3711.76
3611.99
3611.99
704.49
704.49
3584.53
3584.53
3773.22
3773.22
3768.97
3768.97
3764.53
3764.53
3764.53
3764.53
3764.53
3764.53
3785.74
3785.74
3586.67
3586.67
3747.91
3747.91
3590.85
3590.85
3559.60
3559.60
3559.60
3559.60
3767.58
3767.58
3767.58
3767.58
3608.73
3608.73
3766.89
3766.89
3557.28
3557.28
3483.64
3483.64
3743.83
3743.83
51.92
51.92
3483.97
3483.97
3589.02
3589.02
3706.93
3706.93
3539.79
3539.79
3539.79
3539.79
3539.79
3539.79
3539.79
3539.79
3539.79
3539.79
3539.79
3539.79
3539.79
3539.79
3539.79
3539.79
3734.94
3734.94
3789.25
3789.25
3720.93
3720.93
3720.93
3720.93
3720.93
3720.93
3604.52
3604.52
3777.81
3777.81
3576.16
3576.16
3786.65
3786.65
35.67
35.67
1430.14
1430.14
1573.40
1573.40
1762.97
1762.97
1762.97
1762.97
877.77
877.77
878.69
878.69
1471.21
1471.21
1948.60
1948.60
2205.54
2205.54
2200.21
2200.21
2315.75
2315.75
1217.10
1217.10
3321.43
3321.43
3360.59
3360.59
3648.75
3648.75
3637.82
3637.82
1389.05
1389.05
3734.30
3734.30
3538.94
3538.94
3529.89
3529.89
3538.46
3538.46
1229.62
1229.62
3782.62
3782.62
3764.93
3764.93
3436.07
3436.07
3729.24
3729.24
279.64
279.64
3171.08
3171.08
3171.08
3171.08
3266.63
3266.63
3757.55
3757.55
3681.32
3681.32
3637.88
3637.88
3511.37
3511.37
3696.22
3696.22
3696.07
3696.07
3037.48
3037.48
3288.72
3288.72
3721.89
3721.89
15.05
15.05
3308.23
3308.23
3745.07
3745.07
3770.99
3770.99
3758.36
3758.36
3751.23
3751.23
3740.06
3740.06
3733.82
3733.82
3293.78
3293.78
1830.36
1830.36
3711.56
3711.56
2027.66
2027.66
3578.26
3578.26
3713.50
3713.50
3374.90
3374.90
3754.38
3754.38
3096.65
3096.65
1341.19
1341.19
3354.87
3354.87
3698.22
3698.22
3403.12
3403.12
3660.26
3660.26
3510.87
3510.87
3744.71
3744.71
3735.59
3735.59
2700.30
2700.30
3782.53
3782.53
3445.11
3445.11
3372.14
3372.14
3715.47
3715.47
3783.93
3783.93
3310.21
3310.21
3482.34
3482.34
3686.43
3686.43
868.20
868.20
3350.61
3350.61
3664.85
3664.85
3736.99
3736.99
3376.30
3376.30
3542.19
3542.19
3764.82
3764.82
3770.99
3770.99
3408.36
3408.36
3766.84
3766.84
3511.51
3511.51
3758.68
3758.68
3537.03
3537.03
3690.43
3690.43
1148.85
1148.85
3490.34
3490.34
3391.64
3391.64
3308.23
3308.23
3776.66
3776.66
3628.94
3628.94
3728.18
3728.18
3728.18
3728.18
3488.29
3488.29
3735.58
3735.58
3483.09
3483.09
3746.50
3746.50
3512.03
3512.03
3753.24
3753.24
3715.20
3715.20
3711.21
3711.21
2846.73
2846.73
3679.30
3679.30
3511.56
3511.56
3540.15
3540.15
3541.85
3541.85
33.75
33.75
3764.49
3764.49
3712.55
3712.55
3684.55
3684.55
3444.77
3444.77
3588.92
3588.92
3732.70
3732.70
3556.10
3556.10
3608.98
3608.98
1837.82
1837.82
3801.94
3801.94
3475.68
3475.68
3489.91
3489.91
3665.48
3665.48
3570.46
3570.46
1400.86
1400.86
3691.81
3691.81
3776.74
3776.74
3747.07
3747.07
3752.21
3752.21
3681.70
3681.70
3425.93
3425.93
3416.25
3416.25
3689.36
3689.36
3739.22
3739.22
3426.35
3426.35
3719.75
3719.75
3714.78
3714.78
3787.26
3787.26
3781.91
3781.91
3505.78
3505.78
3484.80
3484.80
3656.81
3656.81
3520.67
3520.67
3541.27
3541.27
3768.20
3768.20
3568.40
3568.40
3532.13
3532.13
1532.12
1532.12
3643.84
3643.84
3490.95
3490.95
3669.22
3669.22
3415.89
3415.89
3721.04
3721.04
3721.04
3721.04
3718.47
3718.47
3289.70
3289.70
3744.84
3744.84
893.53
893.53
3745.88
3745.88
3529.65
3529.65
3407.15
3407.15
3792.78
3792.78
1657.48
1657.48
3476.17
3476.17
3535.89
3535.89
3659.43
3659.43
3769.24
3769.24
3791.18
3791.18
3471.18
3471.18
3750.04
3750.04
3744.82
3744.82
3375.82
3375.82
3719.45
3719.45
3722.27
3722.27
3436.78
3436.78
3712.13
3712.13
3590.51
3590.51
3737.59
3737.59
3731.95
3731.95
3509.28
3509.28
3767.66
3767.66
3541.12
3541.12
3748.91
3748.91
3708.73
3708.73
3708.73
3708.73
2209.68
2209.68
3796.05
3796.05
3796.05
3796.05
3796.05
3796.05
3604.88
3604.88
3759.43
3759.43
3508.34
3508.34
3743.08
3743.08
3766.67
3766.67
3766.34
3766.34
3141.47
3141.47
3382.05
3382.05
3514.17
3514.17
3425.62
3425.62
3449.07
3449.07
3357.57
3357.57
3660.37
3660.37
3679.42
3679.42
3764.80
3764.80
3764.80
3764.80
3764.80
3764.80
3782.46
3782.46
3767.62
3767.62
1329.84
1329.84
3405.76
3405.76
3750.68
3750.68
3736.49
3736.49
3288.93
3288.93
3789.41
3789.41
3530.46
3530.46
3758.14
3758.14
3536.98
3536.98
3536.98
3536.98
3558.14
3558.14
3716.44
3716.44
3758.10
3758.10
3760.90
3760.90
3762.31
3762.31
3743.35
3743.35
3381.53
3381.53
3440.53
3440.53
3774.66
3774.66
3396.53
3396.53
3762.52
3762.52
3768.02
3768.02
3742.00
3742.00
3500.69
3500.69
3500.69
3500.69
3500.69
3500.69
3512.08
3512.08
3792.84
3792.84
3059.06
3059.06
3742.70
3742.70
3725.21
3725.21
3445.90
3445.90
3723.56
3723.56
3305.80
3305.80
3721.79
3721.79
3330.23
3330.23
3584.34
3584.34
3574.06
3574.06
3737.16
3737.16
3454.74
3454.74
3745.79
3745.79
3767.05
3767.05
3374.16
3374.16
3712.28
3712.28
3657.38
3657.38
892.22
892.22
3688.29
3688.29
3763.72
3763.72
3493.97
3493.97
3535.70
3535.70
3511.08
3511.08
3530.41
3530.41
3166.13
3166.13
3166.13
3166.13
3579.68
3579.68
3752.91
3752.91
3747.56
3747.56
3720.45
3720.45
3558.53
3558.53
3743.14
3743.14
3773.08
3773.08
3611.19
3611.19
3611.19
3611.19
3611.19
3611.19
3660.68
3660.68
3763.24
3763.24
3763.24
3763.24
3763.24
3763.24
3249.80
3249.80
3679.99
3679.99
21.35
21.35
3128.59
3128.59
3575.96
3575.96
3706.77
3706.77
3542.57
3542.57
2047.41
2047.41
3743.36
3743.36
3739.79
3739.79
3773.92
3773.92
3578.66
3578.66
3578.66
3578.66
3419.93
3419.93
3733.87
3733.87
3446.45
3446.45
3558.19
3558.19
3743.46
3743.46
3229.95
3229.95
3711.64
3711.64
3695.71
3695.71
3774.84
3774.84
2985.18
2985.18
1409.83
1409.83
3725.74
3725.74
3610.18
3610.18
3187.05
3187.05
3154.84
3154.84
3154.84
3154.84
3763.89
3763.89
3763.89
3763.89
3763.89
3763.89
3311.75
3311.75
3691.09
3691.09
1905.51
1905.51
3752.58
3752.58
3752.58
3752.58
3512.41
3512.41
3512.41
3512.41
3592.96
3592.96
3592.96
3592.96
3786.89
3786.89
3531.89
3531.89
3531.89
3531.89
3531.89
3531.89
3465.53
3465.53
3487.86
3487.86
3608.63
3608.63
3693.87
3693.87
3641.40
3641.40
3113.60
3113.60
3422.31
3422.31
3422.31
3417.82
2612.45
2612.45
2612.45
2859.37
2859.37
3686.07
3765.53
3765.53
3765.53
3728.26
3728.26
3776.22
3776.22
20.75
20.75
3765.69
3765.69
2588.08
2588.08
3684.29
3684.29
3741.67
3741.67
3606.68
3606.68
3416.42
3416.42
3419.08
3419.08
2919.33
3460.64
3460.64
3460.64
3349.95
3349.95
3658.15
3658.15
3765.25
3765.25
3741.30
3741.30
3210.14
3210.14
3711.59
3711.59
3357.49
3357.49
3616.59
3616.59
3725.05
3725.05
3209.10
3209.10
3730.78
3059.29
3059.29
3059.29
2939.07
2939.07
3186.03
3186.03
3606.11
3606.11
44.78
44.78
3722.81
3722.81
3693.08
3693.08
3763.61
3763.61
3746.53
3746.53
3416.51
3416.51
3689.20
3689.20
3746.66
3778.76
3778.76
3778.76
3745.96
3745.96
3769.19
3769.19
3381.88
3381.88
3445.39
3445.39
3705.03
3705.03
3757.66
3757.66
3520.00
3520.00
3712.49
3712.49
3739.94
3739.94
3510.09
3510.09
3352.10
3352.10
3725.59
3725.59
3746.39
3746.39
3544.38
3544.38
898.85
898.85
3772.41
3772.41
3276.45
3276.45
3787.66
3787.66
3493.15
3493.15
3733.45
3733.45
1808.88
1808.88
3681.02
3681.02
3150.82
3150.82
3193.44
3193.44
2955.45
2955.45
3748.60
3748.60
3591.36
3591.36
3248.36
3248.36
3151.71
3151.71
3158.03
3158.03
3538.75
3538.75
3633.63
3633.63
3416.69
3416.69
3510.18
3510.18
3763.02
3763.02
3439.85
3439.85
128.03
128.03
3626.88
3626.88
3632.86
3632.86
3689.31
3689.31
3304.88
3304.88
3178.74
3178.74
3743.84
3743.84
3764.44
3764.44
3708.04
3708.04
3750.91
3750.91
3682.11
3682.11
3756.63
3756.63
3438.04
3438.04
3723.50
3723.50
3762.80
3762.80
3345.49
3345.49
3271.30
3271.30
3806.97
3806.97
3806.97
3806.97
397.77
397.77
1758.61
1758.61
3786.12
3786.12
3437.55
3437.55
3558.29
3558.29
2987.10
2987.10
3771.32
3771.32
3562.51
3562.51
3760.36
3760.36
3769.45
3769.45
3771.97
3771.97
3772.42
3772.42
3735.20
3735.20
3443.97
3443.97
894.07
894.07
3426.84
3426.84
3747.88
3747.88
3744.22
3744.22
3558.04
3558.04
3772.25
3772.25
3372.23
3372.23
3740.98
3740.98
3538.75
3538.75
3520.31
3520.31
3712.59
3712.59
3747.53
3747.53
898.26
898.26
3781.69
3781.69
3359.14
3359.14
3708.52
3708.52
3743.41
3743.41
3616.03
3616.03
3768.64
3768.64
42.18
42.18
3618.97
3618.97
3620.74
3620.74
3306.40
3306.40
3732.33
3732.33
3762.15
3762.15
3787.92
3787.92
3712.71
3712.71
3397.61
3397.61
3331.81
3331.81
3734.62
3734.62
3749.88
3749.88
3560.14
3560.14
3560.14
3560.14
17.91
17.91
687.64
687.64
3370.70
3370.70
3606.78
3606.78
85.20
85.20
1215.62
1215.62
3464.79
3464.79
3706.35
3706.35
3571.00
3571.00
3637.66
3637.66
3783.22
3783.22
3755.54
3755.54
3727.11
3727.11
3447.69
3447.69
3713.82
3713.82
3690.04
3690.04
3761.60
3761.60
3400.42
3400.42
2183.46
2183.46
3436.91
3436.91
3682.73
3682.73
3724.69
3724.69
3788.16
3788.16
3744.53
3744.53
3414.94
3414.94
3746.85
3746.85
3392.52
3392.52
3771.09
3771.09
3710.16
3710.16
3759.81
3759.81
3536.09
3536.09
3071.32
3071.32
3071.32
3071.32
3570.05
3570.05
3740.81
3740.81
3700.97
3700.97
3390.06
3390.06
3747.07
3747.07
3777.29
3777.29
3784.48
3784.48
3783.38
3783.38
3775.31
3775.31
3488.70
3488.70
3212.67
3212.67
3734.10
3734.10
3693.19
3693.19
3709.05
3709.05
3789.80
3789.80
3717.77
3717.77
3511.89
3511.89
3090.61
3090.61
3707.83
3707.83
3557.46
3557.46
3388.83
3388.83
3510.23
3510.23
3374.95
3374.95
3765.42
3765.42
3674.75
3674.75
20.92
20.92
3760.90
3760.90
3652.73
3652.73
3026.20
3026.20
2780.32
2780.32
3373.54
3373.54
3683.72
3683.72
3729.61
3729.61
3692.60
3692.60
3328.40
3328.40
3576.70
3576.70
2774.41
2774.41
3411.01
3411.01
3372.10
3372.10
3671.91
3671.91
3714.46
3714.46
3717.12
3717.12
3706.39
3706.39
3557.12
3557.12
3792.78
3792.78
3580.08
3580.08
3531.56
3531.56
3641.66
3641.66
1838.90
1838.90
3516.41
3516.41
3558.68
3558.68
3427.82
3427.82
3471.07
3471.07
3564.58
3564.58
3185.30
3185.30
3536.69
3536.69
3373.52
3373.52
3497.60
3497.60
3560.09
3560.09
3769.08
3769.08
3254.70
3254.70
3790.34
3790.34
3565.35
3565.35
3399.57
3399.57
3288.81
3288.81
3607.33
3607.33
3768.31
3768.31
3678.07
3678.07
3690.28
3690.28
3739.20
3739.20
3761.82
3761.82
3755.15
3755.15
3769.35
3769.35
3419.53
3419.53
3776.11
3776.11
3059.53
3059.53
3492.60
3492.60
3349.87
3349.87
3591.14
3591.14
3785.36
3785.36
3433.48
3433.48
3743.46
3743.46
3743.46
3743.46
3638.02
3638.02
39.19
39.19
3743.62
3743.62
3353.04
3353.04
3727.88
3727.88
3712.92
3712.92
3740.73
3740.73
3681.48
3681.48
3729.03
3729.03
3511.80
3511.80
3760.57
3760.57
3733.02
3733.02
3658.10
3658.10
3658.10
3658.10
3135.16
3135.16
1217.30
1217.30
3497.69
3497.69
3765.53
3765.53
3504.63
3504.63
3502.02
3502.02
3590.71
3590.71
3502.04
3502.04
3505.41
3505.41
3511.30
3511.30
3616.41
3616.41
3759.87
3759.87
3769.19
3769.19
3486.05
3486.05
3784.35
3784.35
3436.73
3436.73
3357.16
3357.16
3631.51
3631.51
3488.09
3488.09
3531.89
3531.89
3477.82
3477.82
3477.82
3477.82
3533.37
3533.37
3725.01
3725.01
3487.82
3487.82
3746.82
3746.82
3489.87
3489.87
3757.45
3757.45
3438.40
3438.40
2908.80
2908.80
3734.83
3734.83
3558.29
3558.29
3765.58
3765.58
3545.88
3545.88
3725.59
3725.59
3765.85
3765.85
3711.16
3711.16
3711.16
3711.16
3765.53
3765.53
3404.90
3404.90
3490.66
3490.66
3729.88
3729.88
3639.45
3639.45
3740.92
3740.92
3740.92
3740.92
3726.19
3726.19
3373.93
3373.93
3704.03
3704.03
3038.11
3038.11
3575.86
3575.86
3435.38
3435.38
3435.38
3435.38
3403.56
3403.56
51.28
51.28
3797.47
3797.47
3762.91
3762.91
3285.54
3285.54
3285.54
3285.54
3576.55
3576.55
3466.83
3466.83
3512.46
3512.46
3515.17
3515.17
3736.03
3736.03
3747.10
3747.10
3714.09
3714.09
3480.25
3480.25
3540.17
3540.17
3739.64
3739.64
3484.43
3484.43
3465.67
3465.67
3766.78
3766.78
3496.24
3496.24
3810.08
3810.08
3166.56
3166.56
3731.09
3731.09
3511.68
3511.68
3373.50
3373.50
3509.00
3509.00
3482.52
3482.52
3740.28
3740.28
3726.01
3726.01
1741.22
1741.22
1870.54
1870.54
3435.01
3435.01
3468.49
3468.49
3403.39
3403.39
3691.68
3691.68
3731.47
3731.47
3792.17
3792.17
3727.96
3727.96
3727.96
3727.96
3490.29
3490.29
3763.72
3763.72
3774.86
3774.86
3706.63
3706.63
3555.76
3555.76
3735.10
3735.10
3208.58
3208.58
3208.58
3208.58
3508.14
3508.14
1602.16
1602.16
3798.55
3798.55
3513.84
3513.84
3353.82
3353.82
16.90
16.90
1269.77
1269.77
3623.56
3623.56
3540.06
3540.06
3711.70
3711.70
3711.70
3711.70
3724.10
3724.10
3745.18
3745.18
3607.43
3607.43
3669.89
3669.89
3708.28
3708.28
3539.81
3539.81
3511.80
3511.80
3587.77
3587.77
3767.44
3767.44
3561.41
3561.41
3487.31
3487.31
3564.27
3564.27
3556.24
3556.24
3537.05
3537.05
3763.02
3763.02
3658.40
3658.40
3417.46
3417.46
3417.46
3417.46
3786.43
3786.43
3416.69
3416.69
3764.71
3764.71
3402.44
3402.44
3557.85
3557.85
3693.34
3693.34
3809.35
3809.35
3790.08
3790.08
3531.56
3531.56
3531.56
3531.56
3655.89
3655.89
2147.20
2147.20
3506.02
3506.02
3506.02
3506.02
3475.82
3475.82
3531.89
3531.89
3531.65
3531.65
3738.45
3738.45
3738.45
3738.45
3766.95
3766.95
3463.09
3463.09
3641.49
3641.49
3746.06
3746.06
3397.67
3397.67
3397.67
3397.67
3724.26
3724.26
3724.26
3724.26
3576.45
3576.45
3576.45
3576.45
3581.21
3581.21
3411.88
3411.88
3766.07
3766.07
3766.07
3766.07
3709.26
3709.26
3762.04
3762.04
1693.32
1693.32
3428.76
3428.76
3772.80
3772.80
3487.73
3487.73
3523.27
3523.27
3794.00
3794.00
3442.58
3442.58
3767.11
3767.11
3774.22
3774.22
3764.60
3764.60
2309.71
2309.71
3734.72
3734.72
3268.05
3268.05
3709.71
3709.71
3745.02
3745.02
3208.82
3208.82
3247.79
3247.79
3730.89
3730.89
3536.04
3536.04
3689.43
3689.43
3484.80
3484.80
3420.92
3420.92
3779.26
3779.26
3278.45
3278.45
3640.36
3640.36
3436.10
3436.10
3789.51
3789.51
3709.00
3709.00
2104.41
2104.41
1117.93
1117.93
3687.95
3687.95
3767.38
3767.38
3713.08
3713.08
3631.82
3631.82
3626.12
3626.12
3740.76
3740.76
3466.17
3466.17
3766.56
3766.56
898.19
898.19
3621.81
3621.81
3446.03
3446.03
3737.85
3737.85
3761.28
3761.28
3620.74
3620.74
3831.86
3831.86
3725.55
3725.55
3663.82
3663.82
3377.92
3377.92
3702.01
3702.01
3761.77
3761.77
17.08
17.08
3353.26
3353.26
3766.40
3766.40
3638.84
3638.84
3609.38
3609.38
3531.72
3531.72
3683.59
3683.59
3743.56
3743.56
3717.45
3717.45
3298.32
3298.32
3717.54
3717.54
3746.88
3746.88
892.76
892.76
3750.54
3750.54
3766.89
3766.89
3766.89
3438.98
3438.98
3327.50
3327.50
3529.13
3529.13
549.59
1741.63
1741.63
1741.63
3486.71
3486.71
3722.97
3722.97
3750.80
3750.80
3400.38
3400.38
3426.34
3426.34
3372.32
3372.32
3438.54
3438.54
3587.11
3587.11
3390.76
3390.76
3712.71
3712.71
3246.17
3312.49
3312.49
3312.49
3461.15
3461.15
3114.27
3114.27
3308.61
3308.61
3567.91
3567.91
3531.99
3531.99
29.58
29.58
3657.64
3657.64
3587.67
3587.67
3587.67
3587.67
3558.82
3558.82
3731.95
3445.71
3445.71
3445.71
3628.29
3628.29
3560.73
3560.73
3279.91
3279.91
3516.65
3516.65
3718.99
3718.99
3721.04
3721.04
3636.23
3636.23
3619.38
3619.38
3023.64
3023.64
2057.05
2057.05
3741.89
3721.95
3721.95
3721.95
3747.26
3747.26
3370.00
3370.00
897.60
897.60
3562.63
3562.63
3712.81
3712.81
3657.28
3657.28
3687.91
3687.91
3668.64
3668.64
3310.76
3310.76
3208.86
3208.86
3246.09
3246.09
3730.56
3730.56
3511.80
3511.80
3400.29
3400.29
3309.00
3309.00
3746.28
3746.28
3746.28
3746.28
1556.80
1556.80
3465.72
3465.72
3465.72
3465.72
3689.41
3689.41
3464.52
3464.52
3256.21
3256.21
3740.28
3740.28
3403.87
3403.87
3763.17
3763.17
3708.36
3708.36
3328.02
3328.02
3695.50
3695.50
3416.69
3416.69
3371.00
3371.00
3753.94
3753.94
3710.87
3710.87
3691.44
3691.44
3537.58
3537.58
3537.58
3537.58
3765.36
3765.36
3768.75
3768.75
3744.38
3744.38
3514.60
3514.60
3689.31
3689.31
3787.35
3787.35
3744.00
3744.00
3744.98
3744.98
3734.25
3734.25
3736.67
3736.67
3537.05
3537.05
3689.10
3689.10
3656.81
3656.81
3560.14
3560.14
3513.36
3513.36
3656.15
3656.15
3526.27
3526.27
3716.99
3716.99
3761.66
3761.66
3760.36
3760.36
3485.45
3485.45
3757.71
3757.71
3711.22
3711.22
3426.24
3426.24
3719.33
3719.33
3793.06
3793.06
3758.45
3758.45
3537.66
3537.66
3558.34
3558.34
3719.61
3719.61
3562.07
3562.07
3780.54
3780.54
3733.39
3733.39
3767.87
3767.87
3352.91
3352.91
3766.13
3766.13
3584.94
3584.94
2974.25
2974.25
3558.58
3558.58
3558.58
3558.58
3692.50
3692.50
3678.60
3678.60
3374.95
3374.95
3374.95
3374.95
3374.95
3374.95
3699.26
3699.26
3660.62
3660.62
3507.96
3507.96
3738.82
3738.82
3361.64
3361.64
3638.74
3638.74
3638.74
3638.74
3563.02
3563.02
3519.98
3519.98
3510.32
3510.32
3687.28
3687.28
3767.82
3767.82
3735.74
3735.74
3569.30
3569.30
3351.41
3351.41
3622.60
3622.60
3399.58
3399.58
3657.53
3657.53
3397.34
3397.34
3736.78
3736.78
16.31
16.31
3742.54
3742.54
3727.97
3727.97
3328.74
3328.74
3284.32
3284.32
2133.08
2133.08
3231.57
3231.57
3386.34
3386.34
3728.92
3728.92
3664.22
3664.22
3714.08
3714.08
3714.08
3714.08
3265.16
3265.16
3393.67
3393.67
3602.23
3602.23
3712.23
3712.23
3234.54
3234.54
3712.61
3712.61
3731.85
3731.85
3468.65
3468.65
3786.84
3786.84
3631.01
3631.01
3519.18
3519.18
3672.57
3672.57
3112.58
3112.58
3057.09
3057.09
3558.10
3558.10
3128.41
3128.41
3354.44
3354.44
3714.30
3714.30
3730.30
3730.30
3730.30
3730.30
3347.35
3347.35
3526.99
3526.99
3526.99
3526.99
3670.62
3670.62
3667.50
3667.50
2195.99
2195.99
2195.99
2195.99
3712.39
3712.39
3507.53
3507.53
3507.53
3507.53
3743.14
3743.14
3760.41
3760.41
3402.07
3402.07
3528.12
3528.12
3768.31
3768.31
3526.60
3526.60
3198.47
3198.47
3666.41
3666.41
3765.31
3765.31
3727.31
3727.31
3566.83
3566.83
3490.15
3490.15
3399.45
3399.45
3764.00
3764.00
3763.84
3763.84
3579.73
3579.73
3754.39
3754.39
3657.22
3657.22
3690.49
3690.49
3502.85
3502.85
16.88
16.88
3444.22
3444.22
3094.55
3094.55
3690.98
3690.98
3556.14
3556.14
3670.96
3670.96
3784.44
3784.44
3511.56
3511.56
3511.56
3511.56
3540.01
3540.01
3465.30
3465.30
3758.20
3758.20
3766.95
3766.95
3689.60
3689.60
3737.67
3737.67
3695.45
3695.45
3487.51
3487.51
3737.45
3737.45
3787.93
3787.93
3740.06
3740.06
3576.70
3576.70
3516.46
3516.46
3744.55
3744.55
3713.29
3713.29
3609.38
3609.38
3733.18
3733.18
3569.00
3569.00
3700.05
3700.05
3709.97
3709.97
3707.84
3707.84
3420.85
3420.85
3702.35
3702.35
32.35
32.35
3672.31
3672.31
1282.78
1282.78
3136.07
3136.07
3734.15
3734.15
3743.67
3743.67
3533.80
3533.80
3253.17
3253.17
3746.01
3746.01
3562.53
3562.53
3675.90
3675.90
3562.51
3562.51
3463.96
3463.96
3355.17
3355.17
3539.34
3539.34
3353.35
3353.35
3583.94
3583.94
3742.70
3742.70
169.09
169.09
3753.39
3753.39
3408.41
3408.41
3734.85
3734.85
3530.22
3530.22
3639.71
3639.71
3056.30
3056.30
3713.29
3713.29
3745.03
3745.03
3739.79
3739.79
3739.79
3739.79
3434.60
3434.60
3745.41
3745.41
3733.18
3733.18
3732.49
3732.49
3468.07
3468.07
3511.13
3511.13
3732.22
3732.22
165.60
165.60
3757.87
3757.87
3722.81
3722.81
3723.72
3723.72
3379.22
3379.22
3715.15
3715.15
3403.92
3403.92
3403.92
3403.92
3394.02
3394.02
3418.58
3418.58
1038.34
1038.34
60.52
60.52
3412.78
3412.78
3382.16
3382.16
3418.09
3418.09
3733.23
3733.23
3762.80
3762.80
3711.49
3711.49
3510.04
3510.04
3752.75
3752.75
3712.76
3712.76
3756.41
3756.41
3245.28
3245.28
3637.92
3637.92
3074.48
3074.48
3736.89
3736.89
3411.69
3411.69
3713.02
3713.02
3707.23
3707.23
3485.26
3485.26
3767.98
3767.98
3415.93
3415.93
3568.70
3568.70
3272.99
3272.99
2973.22
2973.22
3764.87
3764.87
3705.04
3705.04
2738.64
2738.64
2738.64
2738.64
3716.65
3716.65
3720.73
3720.73
3730.94
3730.94
3266.10
3266.10
3687.22
3687.22
3689.73
3689.73
3527.51
3527.51
3759.44
3759.44
3711.38
3711.38
3763.89
3763.89
3763.89
3763.89
3713.98
3713.98
3743.89
3743.89
3292.22
3292.22
3256.05
3256.05
3737.10
3737.10
3744.92
3744.92
3494.02
3494.02
3786.32
3786.32
3737.37
3737.37
3735.69
3735.69
3715.36
3715.36
3715.36
3715.36
3759.20
3759.20
3756.52
3756.52
3734.25
3734.25
3756.25
3756.25
3742.48
3742.48
3463.01
3463.01
3790.13
3790.13
3350.51
3350.51
3332.45
3332.45
3561.05
3561.05
3694.23
3694.23
3767.71
3767.71
3739.31
3739.31
3739.31
3739.31
3676.16
3676.16
3691.66
3691.66
3532.18
3532.18
3737.02
3737.02
3351.41
3351.41
3351.41
3351.41
3351.41
3351.41
3694.50
3694.50
3582.22
3582.22
3756.58
3756.58
3581.50
3581.50
3711.96
3711.96
3688.57
3688.57
3166.64
3166.64
3715.73
3715.73
1107.28
1107.28
3285.73
3285.73
3288.64
3288.64
3266.22
3266.22
1857.15
1857.15
3398.77
3398.77
3773.28
3773.28
3763.95
3763.95
3451.56
3451.56
3664.86
3664.86
3772.20
3772.20
3559.80
3559.80
3789.64
3789.64
3422.14
3422.14
3744.00
3744.00
3766.62
3766.62
17.47
17.47
3781.31
3781.31
3688.97
3688.97
3518.71
3518.71
3631.26
3631.26
3437.55
3437.55
3769.02
3769.02
2186.65
2186.65
3488.50
3488.50
3506.44
3506.44
3715.53
3715.53
3745.68
3745.68
3462.49
3462.49
3747.72
3747.72
3537.05
3537.05
3424.71
3424.71
3707.34
3707.34
3283.41
3283.41
3760.63
3760.63
3753.56
3753.56
3440.94
3440.94
3697.46
3697.46
1067.21
1067.21
3453.08
3453.08
3715.10
3715.10
3528.89
3528.89
3681.13
3681.13
3110.24
3110.24
3753.07
3753.07
3523.99
3523.99
3536.26
3536.26
3761.22
3761.22
3740.32
3740.32
3400.78
3400.78
1623.91
1623.91
3743.19
3743.19
3746.15
3746.15
3552.69
3552.69
3716.51
3716.51
3484.85
3484.85
3512.13
3512.13
3760.09
3760.09
3373.85
3373.85
3744.96
3744.96
2244.03
2244.03
3274.60
3274.60
3188.83
3188.83
3688.73
3688.73
3436.96
3436.96
3721.36
3721.36
3737.96
3737.96
3725.37
3725.37
3724.26
3724.26
3746.04
3746.04
3391.38
3391.38
3634.52
3634.52
3379.27
3379.27
3744.48
3744.48
3256.83
3256.83
3356.03
3356.03
3730.62
3730.62
3737.21
3737.21
3419.08
3419.08
3754.38
3754.38
3760.36
3760.36
3484.99
3484.99
3484.99
3484.99
3769.37
3769.37
3318.39
3318.39
3491.19
3491.19
3763.56
3763.56
3460.78
3460.78
3325.01
3325.01
3509.99
3509.99
3774.22
3774.22
3533.96
3533.96
3780.81
3780.81
3394.07
3394.07
3745.29
3745.29
3566.82
3566.82
3764.27
3764.27
3401.22
3401.22
3448.10
3448.10
3400.15
3400.15
3692.08
3692.08
3313.45
3313.45
3530.03
3530.03
3748.96
3748.96
3190.82
3190.82
3760.73
3760.73
2152.37
2152.37
3767.11
3767.11
3380.45
3380.45
3755.66
3755.66
3560.24
3560.24
3746.31
3746.31
3406.92
3406.92
3465.35
3465.35
1970.80
1970.80
3362.51
3362.51
3764.82
3764.82
3732.32
3732.32
3769.89
3769.89
3741.13
3741.13
505.52
505.52
3539.18
3539.18
3720.66
3720.66
3713.87
3713.87
3723.24
3723.24
3419.47
3419.47
3419.30
3419.30
3245.16
3245.16
3399.67
3399.67
3443.65
3443.65
3784.46
3784.46
3693.66
3693.66
3416.69
3416.69
3399.17
3399.17
3739.79
3739.79
3650.75
3650.75
3532.94
3532.94
3532.94
3497.42
3497.42
3674.19
3674.19
3462.36
3462.36
3584.55
3584.55
3446.19
3446.19
3534.67
3534.67
3712.86
3712.86
3655.06
3655.06
3746.28
3746.28
3491.92
3787.39
3787.39
3787.39
3745.30
3745.30
3513.50
3513.50
3420.05
3420.05
3174.93
3174.93
3375.78
3375.78
3766.78
3766.78
3609.23
3609.23
3744.82
3744.82
3744.53
3744.53
3509.38
3509.38
3578.99
3710.14
3710.14
3710.14
3543.45
3543.45
3788.38
3788.38
3686.80
3686.80
3768.79
3768.79
3773.93
3773.93
3510.28
3510.28
3732.10
3732.10
3713.02
3713.02
3713.02
3713.02
3766.67
3766.67
3555.22
3749.87
3749.87
3749.87
3821.45
3821.45
772.18
772.18
3790.79
3790.79
3695.92
3695.92
893.60
893.60
1729.22
1729.22
15.71
15.71
3589.49
3589.49
3794.00
3794.00
883.38
883.38
3313.92
3313.92
3732.54
3732.54
3713.55
3713.55
3526.93
3526.93
3765.74
3765.74
35.41
35.41
3691.21
3691.21
3766.27
3766.27
3725.33
3725.33
3725.33
3725.33
3766.78
3766.78
898.71
898.71
3617.96
3617.96
3765.64
3765.64
3745.36
3745.36
3755.66
3755.66
919.99
919.99
3691.86
3691.86
3691.86
3691.86
3691.86
3691.86
1620.22
1620.22
3608.23
3608.23
3508.46
3508.46
3761.60
3761.60
3003.34
3003.34
3761.05
3761.05
3761.05
3761.05
3286.84
3286.84
3394.46
3394.46
3789.31
3789.31
3511.42
3511.42
3434.38
3434.38
3764.00
3764.00
3740.98
3740.98
3510.09
3510.09
3435.92
3435.92
3752.26
3752.26
3536.40
3536.40
3550.80
3550.80
3784.81
3784.81
3744.44
3744.44
3744.44
3744.44
3443.70
3443.70
3443.70
3443.70
3766.34
3766.34
3614.01
3614.01
3768.49
3768.49
3511.53
3511.53
3577.77
3577.77
3073.59
3073.59
3420.94
3420.94
3483.17
3483.17
3629.08
3629.08
3497.48
3497.48
3738.98
3738.98
3513.88
3513.88
3769.24
3769.24
3775.35
3775.35
3741.73
3741.73
3277.11
3277.11
3658.67
3658.67
3559.41
3559.41
3511.27
3511.27
3407.82
3407.82
3741.51
3741.51
1517.31
1517.31
127.61
127.61
3695.08
3695.08
3761.28
3761.28
3607.78
3607.78
490.76
490.76
3719.79
3719.79
3508.42
3508.42
3432.53
3432.53
3438.87
3438.87
3737.21
3737.21
3611.29
3611.29
3023.76
3023.76
3537.44
3537.44
3416.11
3416.11
3472.70
3472.70
3425.57
3425.57
3608.63
3608.63
3725.28
3725.28
3356.86
3356.86
3605.28
3605.28
3605.28
3605.28
3765.14
3765.14
611.55
611.55
3497.31
3497.31
3529.84
3529.84
3387.99
3387.99
3782.35
3782.35
3491.18
3491.18
17.72
17.72
1805.59
1805.59
3287.23
3287.23
3487.79
3487.79
3768.58
3768.58
3788.81
3788.81
3618.83
3618.83
3394.44
3394.44
3788.26
3788.26
2952.75
2952.75
3370.66
3370.66
3784.04
3784.04
3442.87
3442.87
3713.55
3713.55
3713.55
3713.55
3742.65
3742.65
3740.37
3740.37
3420.38
3420.38
3765.47
3765.47
3441.81
3441.81
3786.89
3786.89
3767.68
3767.68
3419.35
3419.35
15.19
15.19
3783.35
3783.35
3531.13
3531.13
3748.45
3748.45
3712.03
3712.03
3715.16
3715.16
3518.02
3518.02
958.88
958.88
1664.77
1664.77
3409.13
3409.13
3503.87
3503.87
3699.97
3699.97
3581.92
3581.92
3483.92
3483.92
3758.57
3758.57
3726.01
3726.01
3490.01
3490.01
1090.35
1090.35
3289.45
3289.45
3715.90
3715.90
3745.52
3745.52
3745.52
3745.52
3533.76
3533.76
3755.76
3755.76
3313.07
3313.07
3327.89
3327.89
3640.27
3640.27
3764.49
3764.49
3166.94
3166.94
3521.69
3521.69
3658.97
3658.97
3610.23
3610.23
3745.07
3745.07
3766.67
3766.67
17.59
17.59
3733.61
3733.61
3483.36
3483.36
3348.84
3348.84
3417.50
3417.50
3709.16
3709.16
3739.54
3739.54
3463.59
3463.59
3713.61
3713.61
1073.24
1073.24
3732.43
3732.43
3765.80
3765.80
234.02
234.02
3750.08
3750.08
3750.08
3750.08
3750.08
3750.08
3769.56
3769.56
3746.37
3746.37
3746.37
3746.37
3790.90
3790.90
1831.18
1831.18
3775.78
3775.78
3775.78
3775.78
3613.70
3613.70
2058.67
2058.67
3333.95
3333.95
3304.76
3304.76
3752.54
3752.54
3806.45
3806.45
3742.27
3742.27
3754.99
3754.99
3313.28
3313.28
3288.72
3288.72
3680.04
3680.04
3498.18
3498.18
3611.09
3611.09
3782.12
3782.12
3309.68
3309.68
3759.92
3759.92
1366.42
1366.42
3767.54
3767.54
3417.01
3417.01
3755.37
3755.37
3734.89
3734.89
3359.89
3359.89
3637.88
3637.88
2988.68
2988.68
3576.11
3576.11
3652.14
3652.14
3120.88
3120.88
3005.17
3005.17
2820.40
2820.40
3765.72
3765.72
3765.72
3765.72
1135.74
1135.74
3760.95
3760.95
3733.13
3733.13
3785.66
3785.66
3742.48
3742.48
3787.83
3787.83
3434.92
3434.92
3434.92
3434.92
3539.62
3539.62
3489.35
3489.35
3489.35
3489.35
3540.30
3540.30
3609.98
3609.98
3401.99
3401.99
3420.83
3420.83
3659.13
3659.13
3612.29
3612.29
3812.80
3812.80
3489.21
3489.21
3442.27
3442.27
3464.42
3464.42
3760.25
3760.25
3761.06
3761.06
3463.73
3463.73
3717.51
3717.51
3481.26
3481.26
3484.34
3484.34
3638.23
3638.23
3767.16
3767.16
3445.18
3445.18
3707.29
3707.29
3691.23
3691.23
3502.11
3502.11
3537.78
3537.78
3764.98
3764.98
3559.99
3559.99
3759.15
3759.15
3269.44
3269.44
3378.38
3378.38
3378.38
3378.38
3736.03
3736.03
3426.70
3426.70
3611.74
3611.74
3520.88
3520.88
3445.44
3445.44
3527.46
3527.46
3793.06
3793.06
3628.74
3628.74
2865.00
2865.00
3520.79
3520.79
3796.52
3796.52
3695.55
3695.55
3466.97
3466.97
2103.50
2103.50
3512.70
3512.70
3512.70
3512.70
3537.20
3537.20
3771.21
3771.21
3763.13
3763.13
3378.83
3378.83
3496.21
3496.21
3766.45
3766.45
3460.23
3460.23
3782.40
3782.40
3461.42
3461.42
3286.51
3286.51
3209.12
3209.12
3310.16
3310.16
3777.95
3777.95
3768.97
3768.97
3763.66
3763.66
3745.74
3745.74
3542.97
3542.97
3680.43
3680.43
3607.63
3607.63
3607.63
3607.63
3685.07
3685.07
3775.84
3775.84
3775.84
3775.84
3735.74
3735.74
3048.60
3048.60
3420.05
3420.05
3420.05
3420.05
3420.05
3420.05
3461.89
3461.89
3734.72
3734.72
3485.54
3485.54
3469.88
3469.88
3539.86
3539.86
3479.52
3479.52
3712.49
3712.49
3557.41
3557.41
3749.80
3749.80
3554.59
3554.59
3763.95
3763.95
3463.88
3463.88
3736.30
3736.30
3551.92
3551.92
3506.30
3506.30
3731.10
3731.10
3742.38
3742.38
3447.25
3447.25
3741.24
3741.24
3591.62
3591.62
3692.76
3692.76
3554.10
3554.10
3764.33
3764.33
3763.40
3763.40
3699.73
3699.73
3714.83
3714.83
3435.96
3435.96
3411.01
3411.01
3463.50
3463.50
3748.13
3748.13
3784.64
3784.64
1791.17
1791.17
3809.25
3809.25
3039.85
3039.85
3715.20
3715.20
2860.20
2860.20
3405.29
3405.29
3637.20
3637.20
3714.99
3714.99
3765.80
3765.80
3372.54
3372.54
3467.61
3467.61
3710.29
3710.29
3516.59
3516.59
3417.37
3417.37
3740.38
3740.38
3608.32
3608.32
1371.80
1371.80
3530.05
3530.05
3692.60
3692.60
3743.29
3743.29
3768.90
3768.90
3747.64
3747.64
3755.33
3755.33
3167.00
3167.00
3767.27
3767.27
3340.06
3340.06
3340.06
3340.06
3742.11
3742.11
3517.51
3517.51
3712.55
3712.55
3537.46
3537.46
3432.85
3432.85
3703.65
3703.65
3745.23
3745.23
3483.38
3483.38
3741.41
3741.41
3681.18
3681.18
1360.41
1360.41
3571.48
3571.48
3678.28
3678.28
3789.24
3789.24
898.81
898.81
3657.07
3657.07
3770.60
3770.60
3712.65
3712.65
218.56
218.56
3531.88
3531.88
3531.88
3531.88
3744.64
3744.64
3744.64
3744.64
3397.83
3397.83
3692.12
3692.12
3785.30
3785.30
3025.39
3025.39
3400.16
3400.16
3464.56
3464.56
3527.62
3527.62
3518.05
3518.05
3795.91
3795.91
3490.53
3490.53
3697.13
3697.13
3560.04
3560.04
3765.05
3765.05
3615.38
3615.38
3707.60
3707.60
3641.25
3641.25
3540.45
3540.45
3540.45
3540.45
3513.60
3513.60
3624.16
3624.16
3608.98
3608.98
3722.33
3722.33
3492.59
3492.59
3769.44
3769.44
3471.29
3471.29
3761.28
3761.28
3514.26
3514.26
3556.63
3556.63
1685.72
1685.72
3540.06
3540.06
3767.57
3767.57
3773.30
3773.30
3659.07
3659.07
3537.63
3537.63
3786.65
3786.65
3521.69
3521.69
3782.13
3782.13
3574.74
3574.74
3808.41
3808.41
3329.60
3329.60
3436.64
3436.64
3717.06
3717.06
3733.93
3733.93
3557.61
3557.61
3418.66
3418.66
3307.93
3307.93
3745.68
3745.68
3397.67
3397.67
3763.89
3763.89
3288.58
3288.58
3508.19
3508.19
2253.30
2253.30
2887.67
2887.67
3397.80
3397.80
3535.55
3535.55
3725.05
3725.05
3374.63
3374.63
3022.68
3022.68
3556.58
3556.58
3770.50
3770.50
3770.50
3770.50
3639.15
3639.15
3243.05
3243.05
901.30
901.30
3679.82
3679.82
3771.54
3771.54
3374.86
3374.86
3731.03
3731.03
3544.78
3544.78
3718.66
3718.66
3595.35
3595.35
34.63
34.63
3677.41
3677.41
3784.99
3784.99
3724.43
3724.43
3444.01
3444.01
918.19
918.19
3533.88
3533.88
3798.33
3798.33
3447.35
3447.35
3114.35
3114.35
3734.74
3734.74
3485.44
3485.44
789.33
789.33
3780.09
3780.09
3780.09
3740.19
3740.19
3557.99
3557.99
3742.64
3742.64
3762.91
3762.91
16.00
16.00
3510.80
3510.80
3765.64
3765.64
708.53
708.53
1270.53
1270.53
3558.24
3558.24
3507.20
3507.20
893.03
893.03
3510.44
3510.44
3810.52
3810.52
3532.56
3532.56
3490.29
3490.29
3446.60
3446.60
3723.24
3723.24
3492.40
3492.40
3734.03
3734.03
3768.91
3768.91
3769.69
3769.69
3451.51
3451.51
3714.78
3714.78
3702.26
3702.26
1025.29
1025.29
1025.29
1025.29
3731.63
3731.63
3371.62
3371.62
3490.62
3490.62
3559.21
3559.21
636.47
636.47
3374.38
3374.38
3504.83
3504.83
3328.14
3328.14
892.69
892.69
3418.31
3418.31
3492.69
3492.69
3766.07
3766.07
3742.75
3742.75
3289.47
3289.47
3768.86
3768.86
3395.29
3395.29
3626.11
3626.11
3306.76
3306.76
3657.84
3657.84
3692.29
3692.29
3787.93
3787.93
3226.47
3226.47
3286.40
3286.40
3736.22
3736.22
3740.54
3740.54
3330.19
3330.19
3330.19
3330.19
3734.07
3734.07
3617.52
3617.52
3487.04
3487.04
3726.53
3726.53
3742.49
3742.49
3607.85
3607.85
3699.47
3699.47
3228.23
3228.23
3517.74
3517.74
3289.10
3289.10
3399.93
3399.93
1070.05
1070.05
3317.92
3317.92
3608.73
3608.73
3716.63
3716.63
3744.00
3744.00
3406.59
3406.59
3783.38
3783.38
3792.67
3792.67
3782.95
3782.95
3375.83
3375.83
3149.71
3149.71
3693.40
3693.40
3462.68
3462.68
3462.68
3462.68
3462.68
3462.68
3737.83
3737.83
3727.62
3727.62
3767.16
3767.16
3765.64
3765.64
30.24
30.24
3511.23
3511.23
3451.77
3451.77
3290.75
3290.75
3537.97
3537.97
3762.75
3762.75
3762.75
3762.75
1451.13
1451.13
3787.57
3787.57
3577.92
3577.92
739.49
739.49
892.65
892.65
3758.03
3758.03
3749.22
3749.22
47.77
47.77
3473.68
3473.68
3793.42
3793.42
1316.14
1316.14
3767.05
3767.05
3767.05
3767.05
3767.05
3767.05
3767.05
3767.05
3767.05
3767.05
3767.05
3767.05
3767.05
3767.05
3767.05
3767.05
3767.05
3767.05
3767.05
3767.05
3767.05
3767.05
3767.05
3767.05
3767.05
3767.05
3767.05
3767.05
3520.99
3520.99
3520.99
3520.99
3520.99
3520.99
3520.99
3520.99
3520.99
3520.99
3520.99
3520.99
3520.99
3520.99
3520.99
3520.99
3520.99
3520.99
3520.99
3520.99
3745.00
3745.00
3745.00
3745.00
3555.56
3555.56
3719.65
3719.65
3719.65
3719.65
3741.94
3741.94
3741.94
3741.94
3596.76
3596.76
3538.04
3538.04
3538.04
3538.04
3538.04
3538.04
3538.04
3538.04
3538.04
3538.04
3789.03
3789.03
3789.03
3789.03
3789.03
3789.03
3789.03
3789.03
3789.03
3789.03
3789.03
3789.03
3789.03
3789.03
3591.38
3591.38
3758.28
3758.28
3761.00
3761.00
3761.00
3761.00
3761.00
3761.00
3761.00
3761.00
3751.45
3751.45
3751.45
3751.45
3751.45
3751.45
3751.45
3751.45
966.58
966.58
1533.96
1533.96
3699.82
3699.82
3735.58
3735.58
3735.58
3735.58
3735.58
3735.58
3735.58
3735.58
3735.58
3735.58
3371.27
3371.27
3371.27
3371.27
3371.27
3371.27
3371.27
3371.27
3371.27
3371.27
3371.27
3371.27
3371.27
3371.27
3371.27
3371.27
3371.27
3371.27
3371.27
3371.27
3371.27
3371.27
3371.27
3371.27
3371.27
3371.27
3371.27
3371.27
3371.27
3371.27
3371.27
3371.27
3371.27
3371.27
3371.27
3371.27
3371.27
3371.27
3371.27
3371.27
3522.78
3522.78
3766.43
3766.43
3766.43
3766.43
3766.43
3766.43
3766.43
3766.43
3766.43
3766.43
3766.43
3766.43
3766.43
3766.43
3766.43
3766.43
3766.43
3766.43
3766.43
3766.43
3766.43
3766.43
3579.34
3579.34
2897.99
2897.99
2779.77
2779.77
3569.82
3569.82
3740.97
3740.97
3509.52
3509.52
3739.84
3739.84
3504.44
3504.44
48.72
48.72
3431.29
3431.29
3683.62
3683.62
3421.46
3421.46
3263.82
3263.82
3715.16
3715.16
3170.00
3170.00
3712.28
3712.28
3358.26
3358.26
3532.75
3532.75
3722.11
3722.11
3722.11
3722.11
3779.61
3779.61
3488.37
3488.37
3509.90
3509.90
3769.73
3769.73
1376.30
1376.30
3751.45
3751.45
2952.26
2952.26
3785.08
3785.08
3461.79
3461.79
3147.97
3147.97
3750.81
3750.81
3701.80
3701.80
3713.18
3713.18
3440.99
3440.99
3826.06
3826.06
3444.75
3444.75
3444.75
3444.75
3444.75
3444.75
3686.69
3686.69
3531.84
3531.84
3580.32
3580.32
3471.49
3471.49
3575.08
3575.08
1638.92
1638.92
3831.75
3831.75
3703.71
3703.71
3741.46
3741.46
3764.11
3764.11
3440.85
3440.85
3464.15
3464.15
3730.20
3730.20
3793.98
3793.98
3761.82
3761.82
3735.31
3735.31
3565.50
3565.50
3536.62
3536.62
3708.68
3708.68
3684.34
3684.34
3785.57
3785.57
3785.57
3785.57
3562.36
3562.36
3755.82
3755.82
3765.64
3765.64
3745.66
3745.66
3670.73
3670.73
3558.58
3558.58
3273.51
3273.51
3585.58
3585.58
3510.09
3510.09
3510.75
3510.75
3708.07
3708.07
3789.20
3789.20
3305.13
3305.13
3738.31
3738.31
3420.70
3420.70
3715.52
3715.52
948.89
948.89
3793.32
3793.32
3710.21
3710.21
3515.40
3515.40
3098.62
3098.62
3768.80
3768.80
3713.18
3713.18
3606.51
3606.51
3536.84
3536.84
3768.80
3768.80
3448.93
3448.93
3443.46
3443.46
3493.55
3493.55
3712.02
3712.02
3515.59
3515.59
3349.78
3349.78
3736.49
3736.49
1400.23
1400.23
3773.12
3773.12
3462.62
3462.62
3371.36
3371.36
3497.80
3497.80
3766.56
3766.56
3789.97
3789.97
3397.36
3397.36
3736.49
3736.49
3721.84
3721.84
3435.96
3435.96
3665.89
3665.89
3540.78
3540.78
3573.85
3573.85
3383.96
3383.96
1352.20
1352.20
3433.72
3433.72
3746.99
3746.99
3628.79
3628.79
3558.82
3558.82
3563.41
3563.41
3464.01
3464.01
3488.98
3488.98
3441.80
3441.80
3518.96
3518.96
3712.39
3712.39
3719.56
3719.56
2192.87
2192.87
3782.12
3782.12
3682.48
3682.48
3471.85
3471.85
3585.43
3585.43
3757.28
3757.28
3745.25
3745.25
3684.64
3684.64
3561.70
3561.70
3537.94
3537.94
3715.04
3715.04
3773.75
3773.75
3439.81
3439.81
3464.01
3464.01
3760.30
3760.30
3708.68
3708.68
3561.31
3561.31
3735.15
3735.15
3611.79
3611.79
3453.49
3453.49
3460.04
3460.04
3557.99
3557.99
3742.64
3742.64
3732.54
3732.54
882.69
882.69
3522.34
3522.34
3488.55
3488.55
3729.66
3729.66
3766.37
3766.37
3756.95
3756.95
3328.06
3328.06
3075.00
3075.00
3040.19
3040.19
3692.55
3692.55
3711.27
3711.27
3439.13
3439.13
3553.60
3553.60
3722.16
3722.16
3309.23
3309.23
3713.55
3713.55
3701.64
3701.64
3447.70
3447.70
3072.15
3072.15
3545.13
3545.13
3286.36
3286.36
3730.24
3730.24
3779.45
3779.45
3415.98
3415.98
3470.53
3470.53
3722.65
3722.65
3765.85
3765.85
3329.51
3329.51
3403.83
3403.83
3761.11
3761.11
3764.22
3764.22
3442.45
3442.45
1026.36
1026.36
3731.66
3731.66
3709.16
3709.16
3727.99
3727.99
3727.56
3727.56
3490.90
3490.90
3745.47
3745.47
3492.08
3492.08
3790.29
3790.29
3605.88
3605.88
3564.21
3564.21
3667.91
3667.91
3663.41
3663.41
3530.45
3530.45
3528.51
3528.51
3491.94
3491.94
3700.58
3700.58
3540.20
3540.20
3724.58
3724.58
3670.73
3670.73
3304.59
3304.59
3721.27
3721.27
3701.95
3701.95
3537.44
3537.44
3513.31
3513.31
3405.26
3405.26
3710.64
3710.64
1771.72
1771.72
3306.30
3306.30
3722.06
3722.06
3493.86
3493.86
3485.96
3485.96
3712.65
3712.65
3737.56
3737.56
3419.82
3419.82
3750.85
3750.85
3515.79
3515.79
3710.13
3710.13
3625.69
3625.69
3451.88
3451.88
3433.57
3433.57
3758.90
3758.90
3508.05
3508.05
3511.37
3511.37
3679.88
3679.88
3594.06
3594.06
3594.06
3594.06
3674.58
3674.58
3510.97
3510.97
3679.54
3679.54
3725.14
3725.14
3605.63
3605.63
3511.80
3511.80
3764.29
3764.29
3512.27
3512.27
3463.13
3463.13
3761.55
3761.55
3714.90
3714.90
3731.36
3731.36
894.04
894.04
3788.43
3788.43
3720.24
3720.24
3696.86
3696.86
3398.86
3398.86
3337.50
3337.50
3486.94
3486.94
3714.40
3714.40
3492.65
3492.65
3358.70
3358.70
3692.35
3692.35
3735.95
3735.95
3383.82
3383.82
1355.57
1355.57
3462.15
3462.15
3659.28
3659.28
989.62
989.62
3532.50
3532.50
3700.27
3700.27
3530.17
3530.17
3708.94
3708.94
3244.39
3244.39
3578.22
3578.22
3352.61
3352.61
3462.61
3462.61
3737.82
3737.82
3731.68
3731.68
3721.41
3721.41
3609.18
3609.18
3679.05
3679.05
3335.55
3335.55
3744.11
3744.11
3419.48
3419.48
3694.55
3694.55
3607.13
3607.13
3688.47
3688.47
889.36
889.36
3721.57
3721.57
3509.76
3509.76
3329.93
3329.93
3117.37
3117.37
3786.18
3786.18
3461.19
3461.19
3456.36
3456.36
3445.64
3445.64
42.04
42.04
3725.34
3725.34
3757.55
3757.55
3689.38
3689.38
3691.88
3691.88
2304.74
2304.74
3527.70
3527.70
3763.78
3763.78
3373.94
3373.94
3769.30
3769.30
3511.23
3511.23
3490.10
3490.10
3761.49
3761.49
3614.55
3614.55
3745.56
3745.56
3614.40
3614.40
3766.15
3766.15
3719.43
3719.43
3703.23
3703.23
3762.42
3762.42
3746.75
3746.75
3758.20
3758.20
3073.94
3073.94
3690.93
3690.93
3690.93
3784.83
3784.83
3760.74
3760.74
3507.91
3507.91
3536.36
3536.36
1919.34
1919.34
3708.52
3708.52
83.81
83.81
3712.81
3712.81
3762.09
3762.09
3512.05
3512.05
3502.83
3502.83
3540.88
3540.88
3758.77
3758.77
3635.53
3635.53
3115.62
3115.62
34.13
34.13
3581.55
3581.55
3443.40
3443.40
3720.13
3720.13
3368.47
3368.47
3491.28
3491.28
3651.91
3651.91
897.32
897.32
3689.73
3689.73
3518.88
3518.88
3731.42
3731.42
3518.24
3518.24
3709.18
3709.18
3745.20
3745.20
3748.85
3748.85
3447.66
3447.66
3354.13
3354.13
3513.55
3513.55
3691.61
3691.61
3557.51
3557.51
3710.07
3710.07
3736.54
3736.54
3693.19
3693.19
3746.80
3746.80
3714.62
3714.62
3713.71
3713.71
3481.88
3481.88
3737.96
3737.96
3145.01
3145.01
3536.26
3536.26
3747.39
3747.39
2088.07
2088.07
3749.76
3749.76
126.33
126.33
3747.29
3747.29
3733.23
3733.23
3401.97
3401.97
3436.42
3436.42
3400.33
3400.33
3508.76
3508.76
3458.72
3458.72
3693.34
3693.34
3582.29
3582.29
3740.76
3740.76
3524.94
3524.94
3711.96
3711.96
3768.49
3768.49
3538.28
3538.28
3743.41
3743.41
3766.95
3766.95
3693.07
3693.07
3712.76
3712.76
3741.51
3741.51
3762.26
3762.26
3764.05
3764.05
894.53
894.53
3707.92
3707.92
2213.66
2213.66
3663.36
3663.36
3511.18
3511.18
3691.35
3691.35
3396.89
3396.89
3751.08
3751.08
3481.60
3481.60
1885.34
1885.34
3425.21
3425.21
3477.73
3477.73
3490.53
3490.53
3464.79
3464.79
3760.95
3760.95
3330.15
3330.15
3735.05
3735.05
3689.73
3689.73
3730.72
3730.72
3353.04
3353.04
2703.91
2703.91
3729.23
3729.23
3479.74
3479.74
3710.00
3710.00
3732.49
3732.49
3742.86
3742.86
3399.13
3399.13
3491.18
3491.18
3727.83
3727.83
3762.58
3762.58
3419.48
3419.48
3443.97
3443.97
3510.66
3510.66
3737.02
3737.02
3416.51
3416.51
3778.64
3778.64
3739.31
3739.31
3434.92
3434.92
3534.95
3534.95
3729.72
3729.72
3441.53
3441.53
3756.25
3756.25
3742.32
3742.32
883.46
883.46
3494.61
3494.61
1701.98
1701.98
3750.21
3750.21
3491.34
3491.34
3723.29
3723.29
3543.23
3543.23
3443.88
3443.88
3460.87
3460.87
3658.00
3658.00
3374.77
3374.77
3733.18
3733.18
883.39
883.39
3703.18
3703.18
3754.28
3754.28
3643.51
3643.51
3073.81
3073.81
3775.92
3775.92
3775.92
3775.92
3373.81
3373.81
3715.15
3715.15
3398.64
3398.64
3332.41
3332.41
3526.17
3526.17
3756.20
3756.20
3745.47
3745.47
3734.90
3734.90
3615.81
3615.81
3695.66
3695.66
3712.92
3712.92
3495.77
3495.77
3490.71
3490.71
3678.02
3678.02
3763.79
3763.79
3743.07
3743.07
3761.88
3761.88
3473.22
3473.22
3736.13
3736.13
3561.90
3561.90
3659.90
3659.90
1689.70
1689.70
3542.24
3542.24
3492.78
3492.78
3516.60
3516.60
3759.98
3759.98
3483.92
3483.92
3709.32
3709.32
3476.80
3476.80
893.18
893.18
3770.45
3770.45
3517.16
3517.16
3615.73
3615.73
3556.34
3556.34
3507.29
3507.29
3727.86
3727.86
3732.97
3732.97
3755.48
3755.48
3767.49
3767.49
3337.46
3337.46
3314.73
3314.73
3172.03
3172.03
3313.17
3313.17
3483.36
3483.36
16.62
16.62
2242.13
2242.13
3493.74
3493.74
3714.94
3714.94
3473.59
3473.59
3445.57
3445.57
3510.99
3510.99
3513.88
3513.88
3489.68
3489.68
3474.33
3474.33
3714.62
3714.62
3512.20
3512.20
3610.03
3610.03
151.01
151.01
3492.21
3492.21
3784.21
3784.21
3541.37
3541.37
3711.43
3711.43
3660.11
3660.11
3540.83
3540.83
3356.75
3356.75
3725.65
3725.65
3763.84
3763.84
3762.42
3762.42
3788.92
3788.92
3476.05
3476.05
3543.40
3543.40
3736.91
3736.91
3416.11
3416.11
3645.57
3645.57
3746.23
3746.23
3746.42
3746.42
3764.55
3764.55
3745.90
3745.90
3757.33
3757.33
3391.77
3391.77
3641.65
3641.65
3467.47
3467.47
3743.45
3743.45
1176.92
1176.92
3419.71
3419.71
3711.06
3711.06
3743.41
3743.41
861.50
861.50
3740.70
3740.70
3764.93
3764.93
3228.22
3228.22
3683.61
3683.61
3760.47
3760.47
3440.89
3440.89
3727.15
3727.15
3753.72
3753.72
3745.58
3745.58
3511.39
3511.39
3677.61
3677.61
988.88
988.88
3470.78
3470.78
3691.81
3691.81
3710.59
3710.59
3488.97
3488.97
1930.31
1930.31
3485.36
3485.36
3701.29
3701.29
3463.78
3463.78
3462.95
3462.95
3510.75
3510.75
3739.09
3739.09
3149.71
3149.71
3788.48
3788.48
2332.07
2332.07
3754.47
3754.47
1525.80
1525.80
3588.01
3588.01
3402.90
3402.90
1250.84
1250.84
3392.61
3392.61
3766.84
3766.84
3415.12
3415.12
3744.11
3744.11
3659.95
3659.95
3771.97
3771.97
3522.98
3522.98
3735.85
3735.85
3770.50
3770.50
3640.58
3640.58
1873.82
1873.82
3786.59
3786.59
3736.53
3736.53
3061.91
3061.91
2954.51
2954.51
3387.56
3387.56
3733.13
3733.13
3541.22
3541.22
3770.17
3770.17
3479.42
3479.42
3765.25
3765.25
3662.43
3662.43
3510.18
3510.18
1219.71
1219.71
3541.90
3541.90
3755.93
3755.93
2647.93
2647.93
3756.65
3756.65
3596.34
3596.34
3403.46
3403.46
3461.33
3461.33
3369.86
3369.86
3701.99
3701.99
3701.99
3701.99
3735.58
3735.58
3507.67
3507.67
3764.87
3764.87
3513.88
3513.88
3700.63
3700.63
3741.68
3741.68
3514.95
3514.95
3523.12
3523.12
884.78
884.78
3735.42
3735.42
3699.34
3699.34
3715.37
3715.37
3730.52
3730.52
884.76
884.76
3633.33
3633.33
3488.25
3488.25
3336.98
3336.98
3469.02
3469.02
3670.00
3670.00
1870.72
1870.72
3708.46
3708.46
3721.47
3721.47
3511.46
3511.46
3763.50
3763.50
3770.99
3770.99
3762.15
3762.15
3766.84
3766.84
3569.48
3569.48
1466.68
1466.68
349.68
349.68
3483.08
3483.08
3704.72
3704.72
3034.62
3034.62
3435.42
3435.42
3472.75
3472.75
2214.35
2214.35
3482.20
3482.20
3491.98
3491.98
452.92
452.92
3517.27
3517.27
3725.61
3725.61
3755.60
3755.60
3742.81
3742.81
3269.66
3269.66
3487.57
3487.57
1772.15
1772.15
3739.78
3739.78
3724.69
3724.69
3731.74
3731.74
3470.12
3470.12
2318.50
2318.50
3335.48
3335.48
3229.85
3229.85
3470.33
3470.33
16.58
16.58
3743.51
3743.51
3609.58
3609.58
3509.09
3509.09
3680.09
3680.09
3487.34
3487.34
3560.09
3560.09
3489.91
3489.91
3556.68
3556.68
3541.41
3541.41
3509.19
3509.19
3707.23
3707.23
3557.85
3557.85
3586.18
3586.18
3530.08
3530.08
3485.26
3485.26
3734.79
3734.79
2474.44
2474.44
3576.80
3576.80
3691.09
3691.09
3559.65
3559.65
3536.23
3536.23
3750.37
3750.37
3710.21
3710.21
3728.28
3728.28
15.19
15.19
3516.17
3516.17
3462.02
3462.02
3688.10
3688.10
3318.50
3318.50
3761.22
3761.22
3763.61
3763.61
3716.17
3716.17
3701.34
3701.34
3756.06
3756.06
3448.98
3448.98
3448.98
3714.24
3714.24
3785.36
3785.36
3514.31
3514.31
3743.78
3766.78
3766.78
3766.78
3691.99
3691.99
3444.75
3444.75
3426.20
3426.20
1062.50
1062.50
3444.84
3444.84
3354.43
3354.43
3397.88
3397.88
3635.46
3635.46
3512.65
3512.65
3516.41
3516.41
3441.44
3464.15
3464.15
3464.15
3566.69
3566.69
3463.68
3463.68
3555.85
3555.85
3802.28
3802.28
3441.32
3441.32
3736.28
3736.28
3529.75
3529.75
3711.01
3711.01
3792.73
3792.73
3402.18
3402.18
3761.22
1241.36
1241.36
1241.36
2353.87
2353.87
3738.93
3738.93
3760.85
3760.85
3452.73
3452.73
3766.73
3766.73
3701.43
3701.43
3758.43
3758.43
3764.75
3764.75
3719.22
3719.22
1361.34
1361.34
3496.50
1622.98
1622.98
1622.98
3711.70
3711.70
3465.81
3465.81
3594.86
3594.86
3416.47
3416.47
3758.99
3758.99
1526.45
1526.45
3795.27
3795.27
3592.67
3592.67
3756.85
3756.85
3573.86
3573.86
3784.59
3784.59
3767.53
3767.53
3555.32
3555.32
1223.19
1223.19
3722.27
3722.27
2967.03
2967.03
3722.43
3722.43
3732.11
3732.11
656.58
656.58
324.92
324.92
2923.08
2923.08
3679.57
3679.57
3738.52
3738.52
3745.61
3745.61
3527.89
3527.89
3508.52
3508.52
3689.57
3689.57
3436.64
3436.64
2018.45
2018.45
3617.32
3617.32
3773.30
3773.30
3725.26
3725.26
3293.45
3293.45
3735.87
3735.87
3024.61
3024.61
3755.79
3755.79
3446.68
3446.68
3744.75
3744.75
3714.30
3714.30
3764.33
3764.33
3733.50
3733.50
3691.07
3691.07
3487.81
3487.81
3757.04
3757.04
2341.02
2341.02
3785.13
3785.13
3329.55
3329.55
3398.51
3398.51
3574.64
3574.64
3757.55
3757.55
3715.72
3715.72
3472.94
3472.94
3766.16
3766.16
3389.39
3389.39
1966.40
1966.40
3771.26
3771.26
3783.82
3783.82
3722.92
3722.92
3733.66
3733.66
3786.18
3786.18
3760.14
3760.14
3330.79
3330.79
3676.79
3676.79
3524.91
3524.91
3738.45
3738.45
3765.25
3765.25
3698.46
3698.46
3709.95
3709.95
3463.91
3463.91
3463.91
3463.91
3508.76
3508.76
3716.37
3716.37
3446.19
3446.19
3745.63
3745.63
3765.69
3765.69
70.15
70.15
1240.63
1240.63
3208.74
3208.74
1253.00
1253.00
1237.12
1237.12
1515.21
1515.21
903.30
903.30
530.82
530.82
883.37
883.37
1901.72
1901.72
3489.39
3489.39
1293.81
1293.81
3546.01
3546.01
3352.83
3352.83
3040.46
3040.46
1728.03
1728.03
3634.97
3634.97
3476.36
3476.36
3562.24
3562.24
3719.27
3719.27
3650.52
3650.52
3659.23
3659.23
3465.30
3465.30
886.58
886.58
490.20
490.20
892.75
892.75
3490.10
3490.10
1366.50
1366.50
620.04
620.04
3710.11
3710.11
3747.47
3747.47
3709.63
3709.63
3040.89
3040.89
3557.56
3557.56
3722.75
3722.75
3716.16
3716.16
3746.06
3746.06
3527.74
3527.74
3720.83
3720.83
3765.25
3765.25
3396.80
3396.80
3737.78
3737.78
3730.18
3730.18
3711.43
3711.43
3762.80
3762.80
3712.71
3712.71
3480.95
3480.95
3713.18
3713.18
3467.10
3467.10
894.98
894.98
3422.02
3422.02
1354.05
1354.05
3469.42
3469.42
3555.71
3555.71
2866.62
2866.62
3751.83
3751.83
2221.56
2221.56
3713.50
3713.50
911.96
911.96
3667.87
3667.87
3730.46
3730.46
3495.70
3495.70
3708.47
3708.47
1820.10
1820.10
3501.91
3501.91
3758.52
3758.52
3687.84
3687.84
3735.11
3735.11
3349.52
3349.52
3734.29
3734.29
3665.99
3665.99
3656.44
3656.44
3441.77
3441.77
3787.77
3787.77
3284.86
3284.86
3419.71
3419.71
3511.46
3511.46
3738.93
3738.93
3787.17
3787.17
3784.48
3784.48
3449.68
3449.68
3491.23
3491.23
75.84
75.84
1201.43
1201.43
1708.82
1708.82
3332.15
3332.15
3513.84
3513.84
3787.00
3787.00
3686.01
3686.01
3372.45
3372.45
3464.75
3464.75
3761.55
3761.55
3509.47
3509.47
846.00
846.00
3436.11
3436.11
3657.89
3657.89
3027.12
3027.12
3425.93
3425.93
3744.86
3744.86
3542.72
3542.72
1165.49
1165.49
3513.34
3513.34
35.55
35.55
3339.93
3339.93
3759.11
3759.11
3536.79
3536.79
3530.41
3530.41
3752.16
3752.16
3755.98
3755.98
2951.22
2951.22
3474.86
3474.86
3720.97
3720.97
1544.62
1544.62
3753.14
3753.14
3432.25
3432.25
1752.19
1752.19
3556.78
3556.78
2177.07
2177.07
3402.72
3402.72
3713.24
3713.24
3747.59
3747.59
3482.85
3482.85
3691.88
3691.88
3701.02
3701.02
3431.00
3431.00
3770.44
3770.44
3752.26
3752.26
3559.70
3559.70
3609.25
3609.25
3492.13
3492.13
1896.59
1896.59
3744.15
3744.15
33.49
33.49
3796.83
3796.83
3477.00
3477.00
3510.32
3510.32
3471.04
3471.04
3787.50
3787.50
3413.96
3413.96
3792.72
3792.72
3725.64
3725.64
596.62
596.62
3508.19
3508.19
3661.14
3661.14
3449.30
3449.30
3510.50
3510.50
3754.74
3754.74
3274.91
3274.91
3360.80
3360.80
3452.73
3452.73
3378.69
3378.69
3747.45
3747.45
894.39
894.39
17.76
17.76
3742.16
3742.16
3682.01
3682.01
3752.37
3752.37
3745.63
3745.63
1917.49
1917.49
3537.94
3537.94
3539.23
3539.23
3692.33
3692.33
892.99
892.99
3743.67
3743.67
3374.86
3374.86
3687.89
3687.89
3392.26
3392.26
3720.29
3720.29
3516.36
3516.36
1124.27
1124.27
3430.92
3430.92
3449.39
3449.39
3736.03
3736.03
3466.59
3466.59
3532.94
3532.94
3739.09
3739.09
3745.25
3745.25
3508.71
3508.71
3764.33
3764.33
3607.68
3607.68
3722.81
3722.81
3567.17
3567.17
3708.86
3708.86
3679.99
3679.99
3443.19
3443.19
3755.06
3755.06
3786.32
3786.32
2763.02
2763.02
3078.81
3078.81
3759.28
3759.28
3610.68
3610.68
3659.63
3659.63
3720.45
3720.45
3788.76
3788.76
3743.18
3743.18
3436.37
3436.37
3691.04
3691.04
3757.37
3757.37
3751.34
3751.34
3741.51
3741.51
3737.56
3737.56
3790.02
3790.02
3767.16
3767.16
3459.03
3459.03
3754.63
3754.63
3374.20
3374.20
3340.16
3340.16
3217.86
3217.86
937.76
937.76
2763.13
2763.13
3634.75
3634.75
3622.76
3622.76
3331.47
3331.47
2955.49
2955.49
3688.42
3688.42
3424.80
3424.80
3491.52
3491.52
3747.10
3747.10
3735.53
3735.53
3454.65
3454.65
3249.74
3249.74
3628.44
3628.44
3487.34
3487.34
3372.76
3372.76
3740.22
3740.22
3766.56
3766.56
3785.63
3785.63
3440.15
3440.15
3551.00
3551.00
3782.40
3782.40
3712.97
3712.97
16.50
16.50
3730.57
3730.57
3738.82
3738.82
3601.17
3601.17
3394.90
3394.90
3394.90
3394.90
3780.64
3780.64
3480.62
3480.62
3611.49
3611.49
3764.11
3764.11
3709.79
3709.79
3718.50
3718.50
3499.03
3499.03
17.50
17.50
3762.69
3762.69
3754.53
3754.53
3423.81
3423.81
3689.73
3689.73
1499.25
1499.25
3356.44
3356.44
3740.53
3740.53
3761.98
3761.98
3332.84
3332.84
3485.08
3485.08
3508.00
3508.00
3462.95
3462.95
3462.35
3462.35
3662.38
3662.38
3685.02
3685.02
2267.96
2267.96
3739.63
3739.63
3402.84
3402.84
3417.73
3417.73
3757.55
3757.55
3409.93
3409.93
3767.55
3767.55
3700.42
3700.42
3689.86
3689.86
3724.43
3724.43
3630.00
3630.00
3285.40
3285.40
3441.17
3441.17
3788.47
3788.47
3768.91
3768.91
3547.38
3547.38
3745.70
3745.70
3691.45
3691.45
15.85
15.85
3508.95
3508.95
1620.07
1620.07
3764.80
3764.80
3607.28
3607.28
3537.54
3537.54
3401.90
3401.90
3465.07
3465.07
893.26
893.26
3507.81
3507.81
3724.52
3724.52
1642.53
1642.53
3571.24
3571.24
895.35
895.35
76.20
76.20
3462.09
3462.09
3755.01
3755.01
3490.20
3490.20
3510.32
3510.32
3433.53
3433.53
3668.89
3668.89
3517.81
3517.81
3757.82
3757.82
3753.77
3753.77
3808.73
3808.73
3762.80
3762.80
3765.64
3765.64
3771.37
3771.37
3718.36
3718.36
3488.97
3488.97
3728.89
3728.89
3746.10
3746.10
3759.03
3759.03
3717.75
3717.75
3568.21
3568.21
3480.76
3480.76
3722.43
3722.43
3761.98
3761.98
3435.96
3435.96
3742.65
3742.65
3597.66
3597.66
3758.68
3758.68
3462.95
3462.95
3746.23
3746.23
3489.07
3489.07
1670.33
1670.33
3746.30
3746.30
3551.67
3551.67
3536.66
3536.66
3463.04
3463.04
3173.55
3173.55
3761.05
3761.05
3766.27
3766.27
3486.83
3486.83
3420.56
3420.56
3437.59
3437.59
3737.51
3737.51
3711.59
3711.59
3510.14
3510.14
3642.07
3642.07
3713.77
3713.77
3490.06
3490.06
3463.97
3463.97
934.78
934.78
3760.72
3760.72
3492.13
3492.13
3462.02
3462.02
3766.86
3766.86
3755.19
3755.19
3538.02
3538.02
3743.03
3743.03
3465.81
3465.81
3489.77
3489.77
3718.60
3718.60
3720.52
3720.52
3731.42
3731.42
3664.70
3664.70
1971.93
1971.93
3545.00
3545.00
3116.37
3116.37
1675.31
1675.31
3308.02
3308.02
874.24
874.24
3538.81
3538.81
3537.83
3537.83
3499.08
3499.08
3559.26
3559.26
3768.15
3768.15
3723.45
3723.45
3696.24
3696.24
3708.39
3708.39
3741.29
3741.29
3786.92
3786.92
3446.37
3446.37
3414.09
3414.09
3744.86
3744.86
3558.73
3558.73
3723.24
3723.24
3396.01
3396.01
3478.29
3478.29
3769.79
3769.79
3470.14
3470.14
3444.72
3444.72
3527.61
3527.61
3765.61
3765.61
3744.65
3744.65
3744.65
3680.79
3680.79
3637.72
3637.72
3324.11
3324.11
3476.64
3476.64
3465.77
3465.77
3762.31
3762.31
3763.99
3763.99
3609.83
3609.83
3366.35
3366.35
3762.58
3762.58
3759.97
3759.97
3762.47
3762.47
3413.84
3413.84
3768.35
3768.35
3767.24
3767.24
3768.60
3768.60
3745.13
3745.13
3470.98
3470.98
3762.86
3762.86
3488.64
3488.64
3714.40
3714.40
3822.01
3822.01
3776.82
3776.82
3596.66
3596.66
3577.68
3577.68
3606.28
3606.28
1293.70
1293.70
18.08
18.08
3762.64
3762.64
3445.90
3445.90
3674.40
3674.40
3404.90
3404.90
3785.69
3785.69
3745.52
3745.52
3744.06
3744.06
3489.59
3489.59
3684.81
3684.81
2030.06
2030.06
3414.30
3414.30
3349.09
3349.09
3778.41
3778.41
3403.15
3403.15
3787.86
3787.86
3708.07
3708.07
3767.16
3767.16
3760.95
3760.95
3007.09
3007.09
3737.61
3737.61
3520.19
3520.19
3753.14
3753.14
3564.61
3564.61
3761.82
3761.82
3443.14
3443.14
341.50
341.50
3766.40
3766.40
3788.62
3788.62
3392.93
3392.93
3580.03
3580.03
3741.57
3741.57
3461.31
3461.31
15.38
15.38
3729.34
3729.34
3735.22
3735.22
3697.88
3697.88
3516.46
3516.46
3724.36
3724.36
3774.66
3774.66
3714.72
3714.72
3786.56
3786.56
3705.35
3705.35
1549.68
1549.68
3481.97
3481.97
15.47
15.47
3760.95
3760.95
3691.24
3691.24
3428.55
3428.55
3442.31
3442.31
3492.26
3492.26
3555.61
3555.61
1540.11
1540.11
3462.23
3462.23
3610.28
3610.28
3558.63
3558.63
3623.91
3623.91
1795.56
1795.56
3722.43
3722.43
3510.51
3510.51
3771.37
3771.37
3555.72
3555.72
3765.31
3765.31
3518.37
3518.37
387.57
387.57
3481.01
3481.01
3468.88
3468.88
3539.67
3539.67
3764.49
3764.49
3757.17
3757.17
3737.59
3737.59
3579.15
3579.15
3706.29
3706.29
3511.51
3511.51
3534.96
3534.96
3512.32
3512.32
3397.00
3397.00
3785.14
3785.14
3717.99
3717.99
3700.52
3700.52
3465.26
3465.26
3740.11
3740.11
3553.45
3553.45
3444.98
3444.98
898.91
898.91
3711.70
3711.70
3588.22
3588.22
3362.55
3362.55
3474.15
3474.15
3332.75
3332.75
934.29
934.29
3449.49
3449.49
3748.29
3748.29
3766.95
3766.95
3786.56
3786.56
615.55
615.55
3752.48
3752.48
3789.42
3789.42
3465.30
3465.30
3757.44
3757.44
3659.03
3659.03
3753.62
3753.62
3471.96
3471.96
3482.06
3482.06
3710.81
3710.81
3786.81
3786.81
3711.17
3711.17
3517.65
3517.65
3557.07
3557.07
3559.41
3559.41
3733.71
3733.71
3463.79
3463.79
2397.93
2397.93
3733.08
3733.08
3449.07
3449.07
3713.45
3713.45
3712.97
3712.97
3765.88
3765.88
3657.69
3657.69
3740.60
3740.60
910.50
910.50
3423.00
3423.00
3744.11
3744.11
3269.65
3269.65
3439.85
3439.85
3612.04
3612.04
3372.14
3372.14
3720.04
3720.04
3715.78
3715.78
3776.96
3776.96
3786.45
3786.45
3464.52
3464.52
3535.12
3535.12
3789.96
3789.96
3765.22
3765.22
3764.87
3764.87
3738.82
3738.82
3540.93
3540.93
3511.37
3511.37
3739.74
3739.74
3390.01
3390.01
3440.62
3440.62
3583.70
3583.70
3568.94
3568.94
3039.50
3039.50
3465.16
3465.16
3512.60
3512.60
1738.26
1738.26
3745.85
3745.85
3618.67
3618.67
3609.23
3609.23
3613.30
3613.30
3770.66
3770.66
3568.95
3568.95
2808.84
2808.84
3536.98
3536.98
3538.84
3538.84
3705.76
3705.76
3711.23
3711.23
3758.38
3758.38
3742.48
3742.48
3734.68
3734.68
1807.98
1807.98
3607.38
3607.38
3443.72
3443.72
3557.51
3557.51
3744.32
3744.32
3738.96
3738.96
3737.05
3737.05
3474.10
3474.10
3435.38
3435.38
3756.63
3756.63
3748.91
3748.91
3460.12
3460.12
3362.08
3362.08
2902.19
2902.19
3682.16
3682.16
3306.34
3306.34
3780.47
3780.47
3755.62
3755.62
3441.21
3441.21
3690.22
3690.22
3536.91
3536.91
3738.18
3738.18
3736.44
3736.44
3764.04
3764.04
3777.26
3777.26
3770.78
3770.78
3741.94
3741.94
3787.20
3787.20
3756.65
3756.65
3713.08
3713.08
3704.82
3704.82
3752.64
3752.64
1384.25
1384.25
3732.06
3732.06
3559.11
3559.11
3808.86
3808.86
3421.46
3421.46
3151.20
3151.20
3742.11
3742.11
3532.80
3532.80
3766.89
3766.89
3464.01
3464.01
3730.84
3730.84
3735.65
3735.65
943.26
943.26
3794.17
3794.17
3606.98
3606.98
3543.70
3543.70
3456.12
3456.12
893.70
893.70
2661.80
2661.80
3733.13
3733.13
3509.09
3509.09
3464.34
3464.34
3447.73
3447.73
3710.32
3710.32
3567.91
3567.91
3787.93
3787.93
3493.07
3493.07
3822.91
3822.91
3720.61
3720.61
3753.50
3753.50
3506.96
3506.96
3777.48
3777.48
3461.05
3461.05
3765.25
3765.25
3732.97
3732.97
3754.15
3754.15
3671.20
3671.20
3566.78
3566.78
3794.89
3794.89
1015.44
1015.44
3757.26
3757.26
3513.93
3513.93
32.22
32.22
3745.09
3745.09
3510.64
3510.64
3763.72
3763.72
3538.81
3538.81
3736.80
3736.80
3508.89
3508.89
3511.37
3511.37
3562.92
3562.92
3597.26
3597.26
3464.38
3464.38
3765.09
3765.09
3575.23
3575.23
3775.13
3775.13
3767.46
3767.46
3765.14
3765.14
3354.83
3354.83
3728.76
3728.76
3788.32
3788.32
3563.85
3563.85
3747.07
3747.07
3659.39
3659.39
3763.73
3763.73
3718.44
3718.44
3611.94
3611.94
3527.22
3527.22
3354.57
3354.57
3482.90
3482.90
3785.36
3785.36
3511.18
3511.18
882.04
882.04
3401.18
3401.18
3760.57
3760.57
3633.52
3633.52
3637.57
3637.57
3574.74
3574.74
3725.69
3725.69
3491.08
3491.08
3440.89
3440.89
3742.00
3742.00
3616.77
3616.77
3763.52
3763.52
3767.11
3767.11
3411.10
3411.10
17.35
17.35
3709.63
3709.63
3464.61
3464.61
3731.90
3731.90
3712.65
3712.65
3514.12
3514.12
3526.13
3526.13
3743.19
3743.19
3355.56
3355.56
3515.17
3515.17
3661.29
3661.29
3394.22
3394.22
3761.82
3761.82
3767.78
3767.78
3780.08
3780.08
3740.91
3740.91
3794.98
3794.98
3765.20
3765.20
3514.45
3514.45
3730.20
3730.20
2730.83
2730.83
3736.17
3736.17
2755.50
2755.50
3562.09
3562.09
3661.47
3661.47
3661.47
3661.47
3768.80
3768.80
3786.73
3786.73
982.48
982.48
3618.96
3618.96
3515.31
3515.31
3717.17
3717.17
3559.60
3559.60
3811.92
3811.92
3744.65
3744.65
3401.09
3401.09
3543.71
3543.71
1119.12
1119.12
3766.13
3766.13
3423.40
3423.40
3771.81
3771.81
899.38
899.38
3469.23
3469.23
3521.28
3521.28
3554.15
3554.15
442.68
442.68
3554.18
3554.18
3443.51
3443.51
3504.30
3504.30
3708.73
3708.73
3706.78
3706.78
3397.11
3397.11
1502.46
1502.46
3435.48
3435.48
3513.12
3513.12
3419.53
3419.53
3374.42
3374.42
3534.97
3534.97
3760.14
3760.14
3480.98
3480.98
3744.05
3744.05
3710.11
3710.11
3401.72
3401.72
3390.81
3390.81
3738.61
3738.61
3418.04
3418.04
3417.14
3417.14
3745.77
3745.77
3579.28
3579.28
3444.72
3444.72
3768.86
3768.86
3513.28
3513.28
3579.00
3579.00
3489.68
3489.68
3683.64
3683.64
3547.73
3547.73
3583.85
3583.85
3462.44
3462.44
3746.10
3746.10
3743.67
3743.67
3584.35
3584.35
3658.41
3658.41
3487.70
3487.70
339.64
339.64
258.24
258.24
3661.29
3661.29
3722.38
3722.38
3542.24
3542.24
3750.54
3750.54
2023.62
2023.62
3588.75
3588.75
3781.91
3781.91
3769.36
3769.36
3800.93
3800.93
3608.28
3608.28
3534.28
3534.28
3566.29
3566.29
3566.29
3566.29
3730.46
3730.46
3759.82
3759.82
3608.93
3608.93
3444.82
3444.82
3787.59
3787.59
3738.02
3738.02
3492.88
3492.88
3763.18
3763.18
3820.77
3820.77
3537.10
3537.10
3722.06
3722.06
3556.00
3556.00
206.11
206.11
3096.57
3096.57
3689.78
3689.78
3785.63
3785.63
3742.88
3742.88
3737.61
3737.61
3694.71
3694.71
3746.53
3746.53
3462.49
3462.49
3390.37
3390.37
3728.87
3728.87
3762.64
3762.64
1873.72
1873.72
3740.33
3740.33
3610.79
3610.79
3785.58
3785.58
3442.48
3442.48
647.56
647.56
3608.05
3608.05
3769.12
3769.12
3607.28
3607.28
3512.22
3512.22
3464.48
3464.48
3787.77
3787.77
3398.41
3398.41
3714.93
3714.93
3558.38
3558.38
3726.21
3726.21
3309.21
3309.21
3576.70
3576.70
3756.63
3756.63
3371.95
3371.95
3560.04
3560.04
3556.53
3556.53
3762.15
3762.15
3655.06
3655.06
3754.90
3754.90
3741.41
3741.41
3582.09
3582.09
3563.93
3563.93
3738.02
3738.02
3738.02
3738.02
3754.85
3754.85
3783.55
3783.55
3709.33
3709.33
3579.39
3579.39
801.53
801.53
3740.13
3740.13
3743.46
3743.46
3753.08
3753.08
3693.76
3693.76
3740.70
3740.70
3557.78
3557.78
3459.17
3459.17
3676.57
3676.57
3487.43
3487.43
3152.09
3152.09
3718.79
3718.79
3781.31
3781.31
3624.86
3624.86
3712.39
3712.39
3537.83
3537.83
3483.78
3483.78
3421.01
3421.01
3434.07
3434.07
3742.38
3742.38
3711.22
3711.22
3704.08
3704.08
3336.41
3336.41
3610.23
3610.23
3638.79
3638.79
3661.55
3661.55
3756.30
3756.30
3614.30
3614.30
3761.16
3761.16
3528.55
3528.55
3538.94
3538.94
3418.30
3418.30
3467.64
3467.64
3555.90
3555.90
3617.07
3617.07
3557.12
3557.12
3607.08
3607.08
3607.08
3640.27
3640.27
3748.44
3748.44
3352.35
3352.35
3756.11
3756.11
3508.24
3508.24
3690.74
3690.74
3092.38
3092.38
3638.64
3638.64
3481.78
3481.78
3723.77
3723.77
3731.10
3289.10
3289.10
3289.10
3356.16
3356.16
3722.49
3722.49
3589.82
3589.82
3577.77
3577.77
3742.91
3742.91
3742.21
3742.21
3692.86
3692.86
3588.50
3588.50
3731.32
3731.32
3154.49
3154.49
3805.19
3706.05
3706.05
3706.05
3764.87
3764.87
3531.51
3531.51
3557.37
3557.37
3688.16
3688.16
3709.47
3709.47
547.95
547.95
3529.79
3529.79
3787.97
3787.97
3764.18
3764.18
3686.64
3686.64
3731.56
3746.08
3746.08
3746.08
3717.35
3717.35
3537.83
3537.83
3789.24
3789.24
576.26
576.26
3754.62
3754.62
3538.33
3538.33
3751.39
3751.39
3708.15
3708.15
3558.24
3558.24
3486.48
3486.48
3628.79
3628.79
3714.25
3714.25
3587.01
3587.01
3813.76
3813.76
3481.83
3481.83
3609.53
3609.53
3751.94
3751.94
663.78
663.78
3757.90
3757.90
3773.08
3773.08
3535.09
3535.09
3461.72
3461.72
3742.11
3742.11
2985.87
2985.87
3771.70
3771.70
3511.80
3511.80
3766.29
3766.29
3527.30
3527.30
3485.87
3485.87
33.00
33.00
3568.65
3568.65
2204.92
2204.92
3756.03
3756.03
3782.79
3782.79
3758.83
3758.83
3422.16
3422.16
3757.42
3757.42
3790.35
3790.35
3787.39
3787.39
3665.68
3665.68
3688.59
3688.59
3589.52
3589.52
3479.19
3479.19
3611.04
3611.04
3445.34
3445.34
3559.60
3559.60
3771.26
3771.26
3768.06
3768.06
3607.63
3607.63
3742.64
3742.64
3577.28
3577.28
3551.23
3551.23
3723.08
3723.08
3772.25
3772.25
3746.15
3746.15
3765.25
3765.25
3506.02
3506.02
3506.96
3506.96
3537.68
3537.68
3467.21
3467.21
3756.93
3756.93
3744.32
3744.32
3778.38
3778.38
1614.09
1614.09
3784.13
3784.13
3724.10
3724.10
3690.17
3690.17
3530.42
3530.42
3764.75
3764.75
3782.67
3782.67
401.75
401.75
3545.15
3545.15
3590.66
3590.66
3057.46
3057.46
3762.26
3762.26
3745.58
3745.58
3609.23
3609.23
1748.11
1748.11
3518.83
3518.83
3787.99
3787.99
3509.33
3509.33
3770.16
3770.16
3528.08
3528.08
3690.01
3690.01
3562.43
3562.43
3561.25
3561.25
3442.72
3442.72
3518.66
3518.66
3577.63
3577.63
3552.44
3552.44
3556.19
3556.19
3577.63
3577.63
3764.05
3764.05
3733.39
3733.39
3445.96
3445.96
3605.78
3605.78
3608.43
3608.43
3607.10
3607.10
3560.19
3560.19
994.96
994.96
64.21
64.21
3763.56
3763.56
3561.51
3561.51
3557.61
3557.61
3707.76
3707.76
3562.43
3562.43
3739.91
