# 1Hz Kbps trace generated by import_real_world_traces.py
516.35
967.28
967.28
981.94
981.94
981.94
981.94
981.94
981.94
981.94
981.94
35.00
35.00
654.97
654.97
654.97
654.97
733.80
733.80
733.80
733.80
733.80
733.80
733.80
733.80
733.80
733.80
733.80
733.80
733.80
733.80
733.80
733.80
733.80
733.80
733.80
733.80
733.80
733.80
838.14
838.14
838.14
838.14
838.14
838.14
838.14
838.14
838.14
838.14
838.14
838.14
838.14
838.14
838.14
838.14
838.14
838.14
838.14
838.14
838.14
838.14
838.14
838.14
838.14
838.14
838.14
838.14
838.14
838.14
838.14
838.14
838.14
838.14
838.14
838.14
838.14
838.14
838.14
838.14
838.14
838.14
838.14
838.14
838.14
838.14
838.14
838.14
838.14
838.14
838.14
838.14
838.14
838.14
838.14
838.14
838.14
838.14
838.14
838.14
838.14
838.14
838.14
838.14
838.14
838.14
838.14
838.14
838.14
838.14
838.14
838.14
838.14
838.14
838.14
838.14
838.14
838.14
907.62
907.62
907.62
907.62
907.62
907.62
907.62
907.62
907.62
907.62
907.62
907.62
994.66
994.66
994.66
994.66
994.66
994.66
994.66
994.66
994.66
994.66
994.66
994.66
994.66
994.66
994.66
994.66
994.66
994.66
994.66
994.66
994.66
994.66
994.66
994.66
994.66
994.66
994.66
994.66
994.66
994.66
994.66
994.66
994.66
994.66
994.66
994.66
994.66
994.66
994.66
994.66
994.66
994.66
994.66
994.66
994.66
994.66
2791.00
2791.00
2791.00
2791.00
2878.05
2878.05
2878.05
2878.05
2878.05
2878.05
2878.05
2878.05
2878.05
2878.05
2878.05
2878.05
2878.05
2878.05
2878.05
2878.05
2878.05
2878.05
2878.05
2878.05
2878.05
2878.05
2878.05
4382.65
4382.65
4382.65
4382.65
4382.65
4382.65
4382.65
4382.65
4382.65
4382.65
4382.65
4382.65
4382.65
4382.65
4382.65
4382.65
4382.65
4382.65
4382.65
4382.65
4382.65
4382.65
4382.65
4382.65
4382.65
4382.65
4382.65
4382.65
4382.65
4382.65
4382.65
4382.65
4382.65
4382.65
4382.65
4382.65
4382.65
4382.65
4382.65
4382.65
674.15
674.15
1426.19
1426.19
1426.19
1426.19
1426.19
2118.79
2118.79
2118.79
2118.79
2118.79
2118.79
2118.79
2992.77
2992.77
2992.77
2992.77
2992.77
2992.77
2992.77
2992.77
2992.77
2992.77
2992.77
2992.77
2992.77
2992.77
2992.77
2992.77
2992.77
2992.77
2992.77
2992.77
2992.77
2992.77
2992.77
2992.77
2992.77
2992.77
2992.77
2992.77
2992.77
2992.77
2992.77
2992.77
2992.77
2992.77
2992.77
2992.77
2992.77
2992.77
2992.77
2992.77
2992.77
4554.95
4554.95
4554.95
4554.95
4554.95
4554.95
4554.95
4554.95
4554.95
4554.95
4554.95
4554.95
4554.95
4554.95
4554.95
4554.95
4554.95
5379.97
5379.97
5381.94
5381.94
5381.94
5381.94
5381.94
5381.94
5381.94
5381.94
5381.94
5381.94
5381.94
5381.94
5381.94
5381.94
5381.94
5381.94
5381.94
5381.94
5381.94
5381.94
5381.94
5381.94
5381.94
5381.94
5381.94
5381.94
5381.94
5381.94
5381.94
5381.94
5381.94
5381.94
5381.94
5381.94
5381.94
5381.94
5381.94
5381.94
5381.94
5381.94
5381.94
5381.94
5381.94
5381.94
5381.94
5381.94
5381.94
5381.94
5381.94
5381.94
5381.94
5381.94
5381.94
5381.94
5381.94
5381.94
5381.94
5381.94
5381.94
5381.94
5381.94
5381.94
5381.94
5381.94
5381.94
5381.94
5381.94
5381.94
5381.94
5381.94
680.78
680.78
724.32
724.32
1491.00
1491.00
2074.80
2074.80
2074.80
2074.80
2074.80
2074.80
2398.40
2398.40
2398.40
2398.40
2398.40
2398.40
2398.40
2398.40
2398.40
2398.40
2398.40
2398.40
2398.40
2398.40
2398.40
2398.40
693.11
693.11
1340.03
1340.03
1600.97
1600.97
1245.68
1245.68
1858.11
1858.11
1858.11
1858.11
1858.11
1858.11
1858.11
1858.11
1858.11
1858.11
1858.11
1858.11
1858.11
1858.11
12.82
12.82
771.97
771.97
771.97
771.97
68.04
68.04
549.70
549.70
918.89
918.89
918.89
918.89
918.89
918.89
993.73
993.73
1378.18
1378.18
1420.24
1420.24
1420.24
1420.24
1420.24
1420.24
1500.28
1500.28
1500.28
1500.28
1500.28
1500.28
1500.28
1500.28
1500.28
1500.28
1500.28
1500.28
1500.28
1500.28
1990.95
1990.95
1990.95
1990.95
1990.95
1990.95
1990.95
1990.95
1990.95
1990.95
1990.95
1990.95
10.00
10.00
606.37
606.37
2036.47
2036.47
79.49
79.49
2223.51
2223.51
2518.79
2518.79
2478.22
2478.22
2478.22
2478.22
2478.22
2478.22
2478.22
2478.22
2478.22
2478.22
2478.22
2478.22
2478.22
2478.22
2478.22
2478.22
2478.22
2478.22
2478.22
2478.22
2975.25
2975.25
2620.36
2620.36
2620.36
2620.36
2620.36
2620.36
2620.36
2620.36
2620.36
2620.36
2620.36
2620.36
2620.36
2620.36
2620.36
2620.36
2620.36
2620.36
2620.36
2620.36
3419.67
3419.67
3419.67
3419.67
3419.67
3419.67
3419.67
3419.67
3419.67
3419.67
3419.67
3419.67
3419.67
3419.67
3419.67
3419.67
3419.67
3419.67
3805.66
3805.66
2973.30
2973.30
3223.65
3223.65
3223.65
3223.65
1148.25
1148.25
1148.25
1148.25
1148.25
1148.25
1148.25
1148.25
1148.25
1148.25
1148.25
1148.25
1148.25
1148.25
1148.25
1148.25
1148.25
1148.25
1870.61
1870.61
1870.61
1870.61
3974.22
3974.22
3974.22
3974.22
3974.22
3974.22
3974.22
3974.22
3974.22
3974.22
3974.22
3974.22
3974.22
3974.22
3974.22
3974.22
3974.22
3974.22
3974.22
3974.22
5136.91
5136.91
5136.91
5136.91
4252.17
4252.17
4252.17
4252.17
4252.17
4252.17
4252.17
4252.17
4252.17
4252.17
4252.17
4252.17
4252.17
4252.17
4252.17
4252.17
4252.17
4252.17
4626.86
4626.86
4832.49
4832.49
4832.49
4832.49
4832.49
4832.49
4832.49
4832.49
4832.49
4832.49
4832.49
4832.49
4832.49
4832.49
4832.49
4832.49
4832.49
4832.49
4832.49
4832.49
1554.23
1554.23
3735.37
3735.37
3051.21
3051.21
10.00
10.00
1647.01
1647.01
3709.51
3709.51
3709.51
3709.51
3709.51
3709.51
3709.51
3709.51
3709.51
3709.51
3709.51
3709.51
3709.51
3709.51
3709.51
3709.51
3709.51
3709.51
3709.51
3709.51
3736.79
3736.79
216.46
216.46
2750.77
2750.77
30.82
30.82
1055.21
1055.21
1055.21
1055.21
1055.21
1055.21
1055.21
1055.21
1055.21
1055.21
1055.21
1055.21
1055.21
1055.21
1055.21
1055.21
1055.21
1055.21
1524.38
1524.38
2197.44
2197.44
2197.44
2197.44
2197.44
2197.44
2197.44
2197.44
2197.44
2197.44
2197.44
2197.44
2197.44
2197.44
2197.44
2197.44
2197.44
2197.44
2197.44
2197.44
2197.44
2197.44
2197.44
2197.44
2860.79
2860.79
15.47
15.47
15.47
15.47
270.24
560.59
565.65
565.65
605.01
605.01
643.09
643.09
647.46
647.46
792.34
792.34
875.92
875.92
924.75
924.75
924.75
924.75
1031.30
1031.30
1031.30
1031.30
1031.30
1031.30
1031.30
1031.30
1031.30
1031.30
1031.30
1031.30
1031.30
1031.30
1031.30
1031.30
1031.30
1031.30
1031.30
1031.30
1031.30
1031.30
1031.30
1031.30
1031.30
1031.30
1031.30
1031.30
1031.30
1031.30
1031.30
1031.30
1031.30
1031.30
1031.30
1031.30
1031.30
1031.30
1031.30
1031.30
1031.30
1031.30
1031.30
1031.30
1031.30
1031.30
1031.30
1031.30
1031.30
1031.30
1031.30
1031.30
1031.30
1031.30
1031.30
1031.30
1031.30
1031.30
334.50
334.50
334.50
334.50
371.57
371.57
371.57
371.57
90.33
90.33
310.29
310.29
340.05
340.05
289.57
289.57
289.57
289.57
428.76
428.76
428.76
428.76
472.76
472.76
482.22
482.22
482.22
482.22
164.04
164.04
194.00
194.00
194.00
527.18
527.18
527.18
527.18
527.18
557.48
557.48
465.94
465.94
162.19
162.19
581.66
581.66
617.21
617.21
617.21
617.21
641.63
641.63
628.31
628.31
628.31
628.31
611.76
611.76
701.39
701.39
701.39
701.39
701.39
701.39
701.39
701.39
692.20
692.20
694.31
694.31
659.73
659.73
659.73
659.73
659.73
659.73
668.72
668.72
747.22
747.22
763.37
763.37
812.07
812.07
814.71
814.71
710.06
710.06
826.85
826.85
826.85
826.85
826.85
826.85
826.85
826.85
10.64
10.64
277.25
277.25
749.23
749.23
749.23
749.23
797.89
797.89
797.89
797.89
797.89
797.89
797.89
797.89
797.89
797.89
130.52
130.52
846.98
846.98
846.98
846.98
795.68
795.68
795.68
795.68
795.68
795.68
795.68
795.68
795.68
795.68
835.28
835.28
835.28
835.28
835.28
835.28
835.28
835.28
835.28
835.28
827.53
827.53
746.12
746.12
746.12
746.12
746.12
746.12
746.12
746.12
746.12
746.12
746.12
746.12
746.12
746.12
746.12
746.12
746.12
746.12
746.12
746.12
746.12
746.12
746.12
746.12
746.12
746.12
746.12
746.12
746.12
746.12
746.12
746.12
746.12
746.12
746.12
746.12
746.12
746.12
746.12
746.12
746.12
746.12
746.12
746.12
746.12
746.12
873.11
873.11
851.58
851.58
851.58
851.58
851.58
851.58
851.58
851.58
851.58
851.58
851.58
851.58
851.58
851.58
851.58
851.58
851.58
851.58
806.85
806.85
881.11
881.11
881.11
881.11
878.38
878.38
947.01
947.01
947.01
947.01
947.01
947.01
947.01
947.01
947.01
947.01
947.01
947.01
947.01
947.01
947.01
947.01
947.01
947.01
947.01
947.01
947.01
947.01
947.01
947.01
947.01
947.01
947.01
947.01
657.76
657.76
803.82
803.82
803.82
803.82
687.50
687.50
687.50
687.50
687.50
687.50
687.50
687.50
719.76
719.76
780.98
780.98
780.98
780.98
780.98
780.98
780.98
780.98
780.98
780.98
780.98
780.98
21.95
21.95
409.28
409.28
409.28
409.28
409.28
409.28
409.28
409.28
409.28
409.28
428.16
428.16
428.16
428.16
647.74
647.74
517.30
517.30
614.08
614.08
104.04
104.04
685.32
685.32
436.06
436.06
670.86
670.86
111.18
111.18
192.79
192.79
645.97
645.97
645.97
645.97
645.97
645.97
645.97
614.77
813.01
813.01
813.01
813.01
763.19
763.19
763.19
763.19
763.19
763.19
763.19
763.19
763.19
763.19
763.19
763.19
763.19
763.19
763.19
763.19
763.19
763.19
763.19
763.19
763.19
763.19
763.19
763.19
763.19
763.19
888.65
888.65
936.66
936.66
882.36
882.36
821.18
821.18
821.18
821.18
821.18
821.18
821.18
821.18
821.18
821.18
821.18
821.18
821.18
821.18
821.18
821.18
821.18
821.18
821.18
821.18
821.18
821.18
821.18
821.18
821.18
821.18
821.18
821.18
821.18
940.85
940.85
970.82
970.82
970.82
970.82
970.82
970.82
970.82
970.82
970.82
970.82
970.82
970.82
970.82
970.82
957.48
957.48
957.48
957.48
957.48
957.48
957.48
957.48
957.48
957.48
957.48
957.48
1057.13
1057.13
1057.13
1057.13
1057.13
1057.13
1057.13
1057.13
1057.13
1057.13
1057.13
1057.13
1057.13
1057.13
1057.13
1057.13
1057.13
1057.13
1057.13
1057.13
1057.13
1057.13
1057.13
1057.13
1057.13
1057.13
1057.13
1057.13
1057.13
1057.13
1057.13
1057.13
1057.13
1057.13
1057.13
1057.13
1057.13
1057.13
1067.02
1067.02
970.96
970.96
1319.33
1319.33
1319.33
1319.33
1319.33
1319.33
1319.33
1319.33
1319.33
1319.33
1319.33
1319.33
1319.33
1319.33
1319.33
1319.33
1319.33
1319.33
1319.33
1319.33
524.48
524.48
583.79
583.79
583.79
583.79
583.79
583.79
583.79
583.79
583.79
583.79
583.79
583.79
583.79
583.79
626.36
626.36
626.36
626.36
675.83
675.83
675.83
675.83
675.83
675.83
675.83
675.83
675.83
675.83
675.83
675.83
675.83
675.83
678.77
678.77
678.77
678.77
678.77
678.77
678.77
678.77
678.77
678.77
678.77
678.77
678.77
678.77
678.77
678.77
678.77
678.77
678.77
678.77
678.77
678.77
678.77
678.77
678.77
678.77
678.77
678.77
678.77
678.77
687.21
687.21
687.21
687.21
687.21
687.21
687.21
687.21
687.21
687.21
687.21
687.21
687.21
687.21
687.21
687.21
687.21
687.21
687.21
687.21
687.21
687.21
687.21
687.21
808.21
808.21
808.21
808.21
808.21
808.21
808.21
808.21
808.21
808.21
808.21
808.21
808.21
808.21
808.21
808.21
808.21
808.21
808.21
808.21
808.21
808.21
808.21
808.21
808.21
808.21
808.21
808.21
808.21
808.21
808.21
808.21
808.21
808.21
808.21
808.21
808.21
808.21
808.21
808.21
808.21
808.21
808.21
808.21
808.21
808.21
808.21
808.21
1412.72
1412.72
1412.72
1412.72
1412.72
1412.72
1412.72
1412.72
1412.72
1412.72
1412.72
1412.72
1412.72
1412.72
516.42
516.42
516.42
516.42
516.42
516.42
516.42
516.42
548.00
548.00
614.76
614.76
661.75
661.75
661.75
661.75
661.75
661.75
661.75
661.75
661.75
661.75
663.19
663.19
751.25
751.25
765.00
765.00
765.00
765.00
765.00
765.00
765.00
765.00
765.00
765.00
765.00
765.00
765.00
765.00
765.00
765.00
765.00
765.00
765.00
765.00
765.00
765.00
765.00
765.00
765.00
765.00
765.00
765.00
765.00
765.00
765.00
765.00
765.00
765.00
765.00
765.00
765.00
765.00
765.00
765.00
765.00
765.00
765.00
765.00
765.00
765.00
765.00
765.00
765.00
765.00
765.00
765.00
765.00
765.00
780.18
780.18
780.18
780.18
780.18
780.18
780.18
780.18
780.18
780.18
780.18
780.18
780.18
780.18
780.18
780.18
780.18
780.18
780.18
780.18
780.18
780.18
780.18
780.18
780.18
780.18
780.18
780.18
780.18
780.18
780.18
780.18
780.18
780.18
780.18
780.18
780.18
780.18
780.18
780.18
780.18
780.18
780.18
780.18
780.18
780.18
780.18
780.18
780.18
780.18
437.03
437.03
392.45
392.45
469.67
469.67
502.49
502.49
557.73
557.73
650.95
650.95
578.76
578.76
556.76
556.76
556.76
556.76
581.93
581.93
581.93
581.93
626.00
626.00
626.00
626.00
626.00
626.00
636.08
636.08
636.08
636.08
714.17
714.17
531.30
531.30
531.30
531.30
531.30
531.30
531.30
531.30
531.30
531.30
531.30
531.30
531.30
531.30
707.81
707.81
750.30
750.30
750.30
581.44
581.44
581.44
581.44
581.44
581.44
581.44
581.44
581.44
691.75
691.75
691.75
691.75
625.80
625.80
625.80
625.80
620.98
620.98
645.37
645.37
672.88
672.88
683.42
683.42
683.42
683.42
654.03
654.03
656.03
656.03
685.61
685.61
669.84
669.84
706.37
706.37
708.63
708.63
708.63
708.63
670.94
670.94
670.94
670.94
716.19
716.19
683.55
683.55
498.08
498.08
499.34
499.34
499.34
499.34
499.34
499.34
499.34
499.34
499.34
499.34
499.34
499.34
785.61
785.61
785.61
785.61
785.61
785.61
675.92
675.92
809.37
809.37
809.37
809.37
809.37
809.37
809.37
809.37
809.37
809.37
809.37
809.37
809.37
809.37
809.37
809.37
809.37
809.37
751.75
751.75
546.26
546.26
546.26
546.26
546.26
546.26
546.26
546.26
546.26
546.26
546.26
546.26
546.26
546.26
861.72
861.72
861.72
861.72
861.72
861.72
861.72
861.72
861.72
861.72
861.72
861.72
861.72
861.72
861.72
861.72
874.98
874.98
801.74
801.74
923.17
923.17
923.17
811.21
923.22
923.22
923.22
923.22
923.22
923.22
923.22
923.22
923.22
923.22
923.22
923.22
923.22
923.22
923.22
923.22
923.22
923.22
923.22
923.22
923.22
923.22
923.22
923.22
979.68
979.68
979.68
979.68
979.68
979.68
10.00
10.00
458.80
458.80
458.80
458.80
458.80
458.80
458.80
458.80
458.80
458.80
955.49
955.49
962.58
962.58
962.58
962.58
1025.72
1025.72
1025.72
1025.72
1025.72
1025.72
1025.72
1025.72
1025.72
1025.72
1025.72
1025.72
1025.72
1025.72
1025.72
1025.72
1025.72
1025.72
1025.72
1025.72
1025.72
1025.72
1025.72
1025.72
1034.10
1034.10
1034.10
1034.10
1034.10
1034.10
1034.10
1034.10
1053.75
1053.75
933.68
933.68
933.68
933.68
933.68
933.68
933.68
933.68
933.68
933.68
933.68
933.68
933.68
933.68
1072.58
1072.58
1072.58
1072.58
1072.58
1072.58
1072.58
1072.58
1072.58
1072.58
1072.58
1072.58
1072.58
1072.58
1072.58
1072.58
1191.85
1191.85
1168.34
1168.34
1168.34
1168.34
1168.34
1168.34
1190.32
1190.32
1190.32
1190.32
1190.32
1190.32
1190.32
1190.32
1190.32
1190.32
1190.32
1190.32
1190.32
1190.32
1190.32
1190.32
1190.32
1190.32
1190.32
1190.32
1190.32
1190.32
1190.32
1190.32
1190.32
1190.32
1190.32
1190.32
1190.32
1190.32
1190.32
1190.32
1190.32
1190.32
1190.32
1190.32
1190.32
1190.32
1190.32
1190.32
1190.32
1190.32
1190.32
1190.32
1190.32
1190.32
1190.32
1190.32
1190.32
1190.32
1190.32
1190.32
1190.32
1190.32
1190.32
1190.32
1190.32
1190.32
1190.32
1190.32
1190.32
1190.32
1190.32
1190.32
1190.32
1190.32
1190.32
1190.32
527.66
527.66
527.66
527.66
527.66
527.66
421.61
421.61
421.61
421.61
421.61
421.61
421.61
421.61
421.61
421.61
421.61
421.61
421.61
421.61
421.61
421.61
421.61
421.61
421.61
421.61
421.61
421.61
946.39
946.39
945.62
945.62
945.62
952.19
163.82
163.82
441.06
441.06
453.68
453.68
456.99
456.99
456.99
456.99
456.99
456.99
456.99
456.99
456.99
456.99
456.99
456.99
456.99
456.99
365.63
365.63
644.15
644.15
645.76
645.76
646.86
646.86
440.37
440.37
442.04
442.04
711.37
711.37
711.37
711.37
633.67
633.67
644.98
644.98
649.22
649.22
649.22
649.22
649.22
649.22
697.10
697.10
697.10
697.10
642.51
642.51
642.51
642.51
811.92
811.92
826.31
826.31
826.31
826.31
826.31
826.31
826.67
826.67
826.67
826.67
826.67
826.67
826.67
826.67
918.30
918.30
918.30
918.30
918.30
918.30
918.30
918.30
918.30
918.30
918.30
918.30
922.12
922.12
922.12
922.12
922.12
922.12
922.12
922.12
663.59
663.59
663.59
663.59
477.97
477.97
477.97
477.97
685.57
685.57
591.70
591.70
813.31
813.31
805.25
805.25
805.25
805.25
805.25
805.25
805.25
805.25
805.25
805.25
805.25
805.25
805.25
805.25
805.25
805.25
805.25
805.25
717.17
717.17
886.73
886.73
886.73
886.73
886.73
886.73
886.73
886.73
886.73
886.73
886.73
886.73
886.73
886.73
886.73
886.73
886.73
886.73
886.73
886.73
886.73
886.73
886.73
886.73
820.35
820.35
820.35
820.35
820.35
820.35
820.35
820.35
540.53
540.53
1004.98
1004.98
847.39
847.39
980.58
980.58
980.58
980.58
980.58
980.58
980.58
980.58
980.58
980.58
980.58
980.58
980.58
980.58
1044.79
1044.79
1044.79
1044.79
1044.79
1044.79
1044.79
1044.79
1044.79
1044.79
1044.79
1044.79
1044.79
1044.79
1016.00
1016.00
1005.99
1005.99
1005.99
1005.99
1005.99
1005.99
1005.99
1005.99
942.89
942.89
942.89
942.89
942.89
942.89
942.89
942.89
942.89
942.89
942.89
942.89
942.89
942.89
942.89
942.89
942.89
942.89
942.89
1037.12
1037.12
1037.12
1037.12
1037.12
1037.12
1037.12
1037.12
1037.12
1037.12
1037.12
1037.12
1037.12
1037.12
1045.61
1045.61
1045.61
1045.61
915.28
915.28
915.28
915.28
915.28
915.28
915.28
915.28
915.28
915.28
915.28
915.28
915.28
915.28
915.28
915.28
915.28
915.28
915.28
915.28
915.28
915.28
915.28
915.28
915.28
915.28
915.28
915.28
915.28
915.28
915.28
915.28
951.80
951.80
951.80
951.80
951.80
951.80
951.80
951.80
951.80
951.80
951.80
951.80
951.80
951.80
951.80
951.80
951.80
951.80
951.80
951.80
951.80
951.80
951.80
951.80
951.80
951.80
951.80
951.80
951.80
951.80
1152.49
1152.49
1152.49
1152.49
1152.49
1152.49
1152.49
1152.49
1152.49
1152.49
1152.49
1152.49
1152.49
1152.49
1152.49
1152.49
1152.49
1152.49
1152.49
1152.49
1152.49
1152.49
1152.49
1152.49
1152.49
1152.49
1152.49
1152.49
1152.49
1152.49
1152.49
1152.49
1152.49
1152.49
1152.49
1152.49
1152.49
1152.49
1152.49
1152.49
1152.49
1152.49
1152.49
1152.49
1152.49
1152.49
1152.49
1152.49
1152.49
1152.49
1152.49
1152.49
1152.49
1152.49
1152.49
1152.49
1152.49
1152.49
1152.49
1152.49
1152.49
1152.49
1152.49
1152.49
1152.49
1152.49
1152.49
1152.49
1152.49
1152.49
1152.49
1152.49
1152.49
1152.49
1152.49
1152.49
1152.49
1152.49
1152.49
1152.49
1152.49
1152.49
1152.49
1152.49
1152.49
1152.49
1152.49
1152.49
1152.49
1152.49
1152.49
1152.49
1152.49
1152.49
1152.49
1152.49
1152.49
1152.49
1152.49
1152.49
1152.49
1152.49
1152.49
1152.49
1152.49
1152.49
1152.49
1152.49
1152.49
1152.49
1152.49
1152.49
1152.49
1152.49
1152.49
1152.49
1152.49
1152.49
1152.49
1152.49
1152.49
1152.49
1152.49
1152.49
1152.49
1152.49
1152.49
1152.49
1152.49
1152.49
1152.49
1152.49
1152.49
1152.49
1152.49
1152.49
1152.49
1152.49
1152.49
1152.49
1152.49
1152.49
1152.49
1152.49
1152.49
1152.49
1152.49
1152.49
1152.49
1152.49
1152.49
1152.49
1152.49
1152.49
1152.49
1152.49
226.48
226.48
288.51
288.51
261.44
261.44
260.63
260.63
311.92
311.92
413.15
413.15
395.90
395.90
360.94
360.94
360.94
360.94
470.78
470.78
470.78
470.78
470.78
470.78
109.94
109.94
526.49
526.49
200.51
200.51
518.56
518.56
581.22
581.22
557.69
557.69
557.69
557.69
696.79
696.79
513.10
513.10
658.65
658.65
629.55
629.55
629.55
629.55
681.84
681.84
751.02
751.02
638.95
638.95
638.95
638.95
657.34
657.34
657.34
657.34
657.34
657.34
680.78
680.78
680.78
680.78
724.55
724.55
724.55
724.55
724.55
724.55
667.38
667.38
667.38
667.38
563.74
563.74
563.74
563.74
655.39
655.39
655.39
655.39
655.39
655.39
655.39
655.39
655.39
655.39
659.89
659.89
659.89
659.89
659.89
659.89
659.89
659.89
659.89
659.89
539.95
539.95
681.73
681.73
448.01
448.01
680.79
680.79
476.72
476.72
657.77
657.77
657.77
657.77
614.12
614.12
614.12
614.12
614.12
614.12
614.12
614.12
614.12
614.12
685.80
685.80
685.80
685.80
695.90
695.90
695.90
695.90
695.90
695.90
625.36
625.36
625.36
625.36
666.15
666.15
646.76
646.76
660.64
660.64
816.33
816.33
816.33
816.33
816.33
816.33
760.19
760.19
760.19
760.19
760.19
760.19
760.19
760.19
760.19
760.19
760.19
760.19
760.19
760.19
760.19
760.19
760.19
760.19
774.68
774.68
774.68
774.68
774.68
774.68
774.68
774.68
774.68
774.68
774.68
774.68
774.68
774.68
774.68
774.68
774.68
774.68
636.40
636.40
636.40
636.40
636.40
636.40
655.31
655.31
655.31
655.31
567.42
567.42
629.55
629.55
659.91
659.91
659.91
659.91
659.91
659.91
658.80
658.80
658.80
658.80
641.36
641.36
641.36
641.36
666.18
666.18
647.34
647.34
647.34
647.34
579.89
579.89
723.24
723.24
293.55
293.55
293.55
293.55
293.55
293.55
658.57
658.57
658.57
658.57
658.57
658.57
658.57
658.57
658.57
658.57
658.57
658.57
658.57
658.57
703.65
703.65
840.84
840.84
840.84
840.84
840.84
840.84
840.84
840.84
840.84
840.84
840.84
840.84
840.84
840.84
848.24
848.24
848.24
848.24
912.21
912.21
912.21
912.21
912.21
912.21
912.21
912.21
847.86
847.86
847.86
847.86
847.86
847.86
847.86
847.86
847.86
847.86
847.86
847.86
204.39
204.39
837.84
837.84
837.84
837.84
837.84
837.84
837.84
837.84
864.33
864.33
728.26
728.26
728.26
728.26
856.49
856.49
856.49
856.49
856.49
856.49
856.49
856.49
856.49
856.49
856.49
856.49
856.49
856.49
856.49
856.49
856.49
856.49
856.49
856.49
856.49
856.49
856.49
856.49
856.49
856.49
856.49
856.49
856.49
856.49
954.38
954.38
770.50
770.50
770.50
770.50
770.50
770.50
770.50
770.50
770.50
770.50
770.50
770.50
94.68
94.68
459.07
459.07
459.07
459.07
459.07
459.07
459.07
459.07
459.07
459.07
459.07
459.07
905.94
905.94
892.02
892.02
973.41
973.41
1001.79
1001.79
1001.79
1001.79
1001.79
1001.79
1001.79
1001.79
1001.79
1001.79
1050.61
1050.61
1050.61
1050.61
1050.61
1050.61
1050.61
1050.61
1050.61
1050.61
1050.61
1050.61
1050.61
1050.61
1050.61
1050.61
1050.61
1050.61
1050.61
1050.61
1050.61
1050.61
1050.61
1050.61
1050.61
1050.61
1050.61
1050.61
764.03
764.03
693.85
693.85
693.85
693.85
693.85
693.85
693.85
693.85
693.85
693.85
693.85
693.85
693.85
693.85
693.85
693.85
693.85
693.85
693.85
693.85
693.85
693.85
697.01
697.01
697.01
697.01
555.27
555.27
555.27
555.27
555.27
555.27
660.98
660.98
660.98
660.98
699.23
699.23
699.23
699.23
699.23
699.23
679.45
679.45
679.45
679.45
648.41
648.41
648.41
648.41
698.41
698.41
698.41
698.41
698.41
698.41
698.41
698.41
698.41
698.41
682.20
682.20
682.20
682.20
682.20
682.20
633.17
633.17
633.17
633.17
633.17
633.17
633.17
633.17
684.75
684.75
684.75
684.75
684.75
684.75
644.90
644.90
644.90
644.90
634.96
634.96
634.96
634.96
634.96
634.96
634.96
634.96
751.07
751.07
694.71
694.71
694.71
694.71
694.71
694.71
694.71
694.71
712.10
712.10
712.10
712.10
712.10
712.10
652.32
652.32
652.32
652.32
694.61
694.61
694.61
694.61
694.61
694.61
686.25
686.25
686.25
686.25
686.25
686.25
686.25
686.25
686.25
686.25
730.46
730.46
730.46
730.46
727.73
727.73
727.73
727.73
727.73
727.73
727.73
727.73
727.73
727.73
727.73
727.73
727.73
727.73
727.73
722.60
722.60
722.60
722.60
722.60
732.20
732.20
732.20
732.20
732.20
732.20
732.20
732.20
732.20
732.20
732.20
732.20
732.20
732.20
732.20
732.20
732.20
732.20
732.20
741.36
741.36
741.36
741.36
741.36
725.79
725.79
725.79
725.79
828.55
828.55
828.55
828.55
828.55
828.55
828.55
828.55
807.47
807.47
807.47
807.47
813.25
813.25
813.25
813.25
813.25
813.25
813.25
813.25
772.36
772.36
772.36
772.36
772.36
772.36
772.36
772.36
772.36
772.36
772.36
772.36
772.36
772.36
819.66
819.66
811.24
811.24
811.24
811.24
811.24
811.24
811.24
811.24
811.24
811.24
811.24
811.24
811.24
811.24
811.24
811.24
811.24
811.24
811.24
811.24
811.24
811.24
811.24
811.24
811.24
811.24
811.24
811.24
811.24
811.24
811.24
811.24
918.33
918.33
918.33
918.33
918.33
918.33
918.33
918.33
918.33
918.33
918.33
918.33
918.33
918.33
918.33
918.33
918.33
918.33
918.33
918.33
918.33
918.33
918.33
918.33
918.33
918.33
918.33
918.33
918.33
841.08
841.08
841.08
841.08
841.08
841.08
841.08
841.08
841.08
841.08
841.08
841.08
841.08
948.03
948.03
923.17
923.17
923.17
923.17
923.17
923.17
858.91
858.91
1053.63
1053.63
714.11
714.11
915.06
915.06
986.47
986.47
986.47
986.47
986.47
986.47
986.47
986.47
986.47
986.47
1108.33
1108.33
1108.33
1108.33
1108.33
1108.33
1108.33
1108.33
1108.33
1108.33
1108.33
1108.33
1108.33
1108.33
1108.33
1108.33
1108.33
1108.33
1108.33
1108.33
1108.33
1108.33
1108.33
1108.33
1108.33
1108.33
1108.33
1108.33
1108.33
1108.33
1108.33
1108.33
1108.33
1108.33
1108.33
1108.33
1108.33
1108.33
1108.33
1108.33
1108.33
1108.33
1108.33
985.81
985.81
985.81
985.81
985.81
985.81
985.81
985.81
985.81
985.81
985.81
985.81
985.81
985.81
985.81
985.81
985.81
985.81
985.81
985.81
985.81
985.81
985.81
985.81
985.81
985.81
985.81
985.81
985.81
985.81
985.81
985.81
985.81
985.81
985.81
985.81
985.81
985.81
985.81
985.81
985.81
985.81
985.81
985.81
985.81
985.81
985.81
985.81
985.81
985.81
985.81
985.81
985.81
985.81
985.81
985.81
985.81
985.81
985.81
985.81
985.81
985.81
985.81
985.81
985.81
985.81
985.81
985.81
985.81
985.81
985.81
985.81
985.81
985.81
985.81
985.81
985.81
985.81
985.81
985.81
985.81
985.81
985.81
985.81
985.81
985.81
985.81
985.81
985.81
985.81
985.81
985.81
985.81
985.81
985.81
985.81
985.81
985.81
985.81
985.81
985.81
985.81
985.81
985.81
985.81
985.81
985.81
985.81
985.81
985.81
985.81
985.81
985.81
985.81
985.81
985.81
985.81
985.81
985.81
985.81
985.81
985.81
985.81
985.81
985.81
985.81
985.81
985.81
985.81
985.81
985.81
985.81
985.81
985.81
985.81
985.81
985.81
985.81
985.81
985.81
985.81
985.81
985.81
985.81
985.81
985.81
985.81
985.81
985.81
985.81
985.81
985.81
985.81
985.81
985.81
985.81
985.81
985.81
985.81
985.81
985.81
985.81
985.81
985.81
985.81
985.81
985.81
985.81
985.81
985.81
985.81
985.81
985.81
985.81
985.81
985.81
985.81
985.81
1058.06
1058.06
1058.06
1058.06
1058.06
1058.06
1058.06
1058.06
1058.06
1058.06
1058.06
1058.06
1058.06
1058.06
1058.06
1058.06
1058.06
1058.06
1058.06
1058.06
1058.06
1058.06
1058.06
1058.06
1058.06
1058.06
1058.06
1058.06
961.70
961.70
1014.61
1014.61
1018.37
1018.37
1160.60
1160.60
1160.60
1160.60
1107.36
1107.36
1107.36
1107.36
1107.36
1107.36
1107.36
1107.36
1107.36
1107.36
1107.36
1107.36
1107.36
1107.36
1107.36
1107.36
1107.36
1107.36
1107.36
1107.36
1107.36
1107.36
1107.36
1107.36
1107.36
1107.36
1107.36
1107.36
1107.36
1107.36
1107.36
1107.36
1107.36
1107.36
841.33
841.33
841.33
841.33
841.33
841.33
841.33
841.33
841.33
841.33
841.33
841.33
841.33
841.33
792.92
792.92
792.92
792.92
792.92
792.92
792.92
792.92
792.92
792.92
792.92
792.92
792.92
792.92
792.92
792.92
792.92
792.92
792.92
792.92
792.92
792.92
792.92
792.92
289.91
289.91
273.34
273.34
295.73
295.73
295.73
295.73
206.26
206.26
375.90
375.90
375.90
375.90
454.56
454.56
454.56
454.56
454.56
454.56
449.95
449.95
449.95
449.95
472.43
472.43
500.72
500.72
501.06
501.06
523.31
523.31
567.60
567.60
567.60
567.60
567.60
567.60
555.03
555.03
555.03
555.03
554.35
554.35
554.35
554.35
554.35
554.35
554.35
554.35
554.35
554.35
605.34
605.34
605.34
605.34
557.31
557.31
557.31
557.31
557.31
557.31
591.79
591.79
591.79
591.79
421.79
421.79
421.79
421.79
421.79
421.79
527.69
527.69
527.69
527.69
595.24
595.24
595.24
595.24
549.38
549.38
625.64
625.64
625.64
625.64
625.64
625.64
625.64
625.64
604.93
604.93
419.92
419.92
419.92
419.92
588.04
588.04
588.04
588.04
632.50
632.50
632.50
632.50
615.03
615.03
615.03
615.03
615.03
615.03
632.20
632.20
632.20
632.20
607.51
607.51
607.51
607.51
607.51
607.51
622.12
622.12
622.12
622.12
631.74
631.74
631.74
631.74
641.08
641.08
641.08
641.08
641.08
641.08
569.53
569.53
569.53
569.53
569.53
569.53
569.53
569.53
569.53
569.53
586.99
586.99
586.99
586.99
435.77
435.77
435.77
435.77
435.77
435.77
435.77
435.77
435.77
435.77
665.86
665.86
665.86
665.86
632.59
632.59
632.59
632.59
632.59
632.59
529.67
529.67
529.67
529.67
628.04
628.04
628.04
628.04
588.80
588.80
684.74
684.74
684.74
684.74
672.42
672.42
672.42
672.42
646.90
646.90
646.90
646.90
646.90
646.90
751.33
751.33
751.33
751.33
687.77
687.77
687.77
687.77
687.77
687.77
687.77
687.77
687.77
687.77
488.25
488.25
488.25
488.25
632.38
632.38
632.38
632.38
632.38
632.38
261.19
261.19
261.19
261.19
632.75
632.75
632.75
632.75
670.73
670.73
670.73
670.73
670.73
670.73
631.61
631.61
631.61
631.61
631.61
631.61
631.61
631.61
631.61
631.61
631.61
631.61
631.61
631.61
690.27
690.27
690.27
690.27
693.93
693.93
693.93
693.93
693.93
693.93
634.96
634.96
634.96
634.96
633.05
633.05
633.05
633.05
633.05
633.05
710.89
710.89
710.89
710.89
710.89
710.89
710.89
710.89
655.89
655.89
655.89
655.89
655.89
655.89
612.15
612.15
612.15
612.15
647.04
647.04
647.04
647.04
647.04
647.04
397.47
397.47
397.47
397.47
685.50
685.50
685.50
685.50
670.18
670.18
670.18
670.18
670.18
670.18
660.87
660.87
660.87
660.87
658.96
658.96
658.96
658.96
658.96
658.96
714.44
714.44
714.44
714.44
647.22
647.22
647.22
647.22
672.49
672.49
672.49
672.49
672.49
672.49
729.43
729.43
729.43
729.43
729.43
729.43
729.43
729.43
729.43
729.43
814.59
814.59
814.59
814.59
814.59
814.59
814.59
814.59
814.59
814.59
814.59
814.59
814.59
814.59
814.59
814.59
814.59
814.59
814.59
814.59
814.59
814.59
814.59
814.59
369.59
369.59
369.59
369.59
600.99
600.99
600.99
600.99
600.99
600.99
670.05
670.05
670.05
670.05
645.74
645.74
645.74
645.74
645.74
645.74
645.74
645.74
645.74
645.74
815.32
815.32
793.89
793.89
920.99
920.99
920.99
920.99
920.99
920.99
920.99
920.99
920.99
920.99
920.99
920.99
920.99
920.99
920.99
920.99
920.99
920.99
920.99
920.99
889.41
889.41
889.41
889.41
889.41
889.41
889.41
889.41
889.41
889.41
889.41
889.41
889.41
889.41
889.41
889.41
889.41
889.41
889.41
889.41
889.41
889.41
889.41
889.41
889.41
889.41
889.41
889.41
889.41
889.41
889.41
889.41
841.37
841.37
903.27
903.27
903.27
903.27
903.27
987.93
987.93
987.93
987.93
987.93
987.93
987.93
987.93
987.93
936.21
936.21
936.21
936.21
936.21
936.21
936.21
936.21
936.21
936.21
936.21
936.21
936.21
936.21
936.21
936.21
1060.65
1060.65
1060.65
1060.65
1060.65
1060.65
1060.65
1060.65
1060.65
1060.65
1060.65
1060.65
1060.65
1060.65
1060.65
1060.65
1060.65
1060.65
1060.65
1060.65
1060.65
1060.65
1060.65
1060.65
1060.65
1060.65
1060.65
1060.65
1063.99
1063.99
1043.94
1043.94
1043.94
1043.94
1043.94
1043.94
1043.94
1043.94
1043.94
1043.94
1043.94
1060.83
1060.83
1060.83
1060.83
1060.83
1060.83
1060.83
1060.83
1060.83
1060.83
1060.83
1060.83
1060.83
1060.83
1060.83
1060.83
1060.83
1060.83
1060.83
1060.83
1060.83
1060.83
1060.83
1060.83
1060.83
1060.83
1060.83
1060.83
1060.83
1060.83
1060.83
1060.83
1060.83
1060.83
1060.83
1227.35
1227.35
1227.35
1227.35
1227.35
1227.35
1227.35
1227.35
1227.35
1227.35
1227.35
1227.35
1227.35
1227.35
1227.35
1227.35
1227.35
1227.35
1227.35
1227.35
1227.35
1227.35
1272.58
1272.58
1272.58
1272.58
1272.58
1272.58
1272.58
1272.58
1272.58
1272.58
1272.58
1272.58
1272.58
1272.58
1272.58
1272.58
1272.58
1272.58
1272.58
1272.58
1272.58
1272.58
1272.58
1272.58
1272.58
1272.58
1272.58
1272.58
1272.58
1272.58
1272.58
1272.58
1272.58
1272.58
1272.58
1272.58
1272.58
1272.58
1272.58
1272.58
1272.58
1272.58
1272.58
1272.58
1272.58
1272.58
1272.58
1272.58
1272.58
1272.58
1272.58
1272.58
1272.58
1272.58
1272.58
1272.58
1272.58
1272.58
1272.58
1272.58
1272.58
1272.58
1272.58
1272.58
1272.58
1272.58
1272.58
1272.58
1272.58
1272.58
1272.58
1272.58
1272.58
1272.58
1272.58
1272.58
1309.83
1309.83
1309.83
1309.83
1348.72
1348.72
1370.46
1370.46
1370.46
1370.46
1370.46
1370.46
1370.46
1370.46
1370.46
1370.46
1370.46
1370.46
1370.46
1370.46
1370.46
1370.46
1370.46
1370.46
1370.46
1370.46
1370.46
1370.46
1370.46
1370.46
1212.64
1212.64
1212.64
1212.64
1212.64
1212.64
1212.64
1212.64
1212.64
1212.64
1212.64
1212.64
1212.64
1212.64
1212.64
1212.64
1212.64
1212.64
1212.64
1212.64
1212.64
1212.64
1212.64
1212.64
1212.64
1212.64
1212.64
1212.64
1212.64
1212.64
1212.64
1212.64
1212.64
1212.64
1212.64
1212.64
1212.64
1212.64
1212.64
1212.64
1212.64
1212.64
1212.64
1212.64
1212.64
1212.64
1212.64
1461.43
1461.43
1461.43
1461.43
1461.43
1461.43
1461.43
1461.43
1461.43
1461.43
1461.43
1461.43
157.70
157.70
254.76
254.76
520.23
520.23
520.23
520.23
524.35
524.35
524.35
524.35
524.35
524.35
558.03
558.03
558.03
558.03
558.03
558.03
558.03
558.03
558.03
558.03
558.03
558.03
558.03
558.03
558.03
558.03
558.03
558.03
558.03
558.03
558.03
558.03
558.03
558.03
558.03
558.03
558.03
558.03
10.00
23.91
23.91
23.91
108.68
108.68
150.72
150.72
203.54
203.54
249.15
249.15
249.15
294.13
294.13
294.13
294.13
294.13
329.29
329.29
297.68
297.68
514.87
514.87
544.51
544.51
544.51
544.51
496.88
496.88
496.88
496.88
496.88
496.88
550.05
550.05
550.05
550.05
419.53
419.53
540.36
540.36
540.36
540.36
164.86
164.86
164.86
164.86
615.37
615.37
615.37
615.37
581.62
581.62
56.51
56.51
193.56
193.56
593.76
593.76
593.76
593.76
578.10
578.10
578.10
578.10
578.10
578.10
632.09
632.09
632.09
632.09
634.82
634.82
634.82
634.82
538.78
538.78
538.78
538.78
538.78
538.78
538.78
538.78
538.78
538.78
603.82
603.82
603.82
603.82
603.82
603.82
52.32
52.32
148.42
148.42
625.70
625.70
625.70
625.70
629.28
629.28
629.28
629.28
629.28
629.28
617.33
617.33
617.33
617.33
612.11
612.11
612.11
612.11
612.11
612.11
612.11
612.11
612.11
612.11
401.70
401.70
401.70
401.70
599.74
599.74
599.74
599.74
599.74
599.74
443.97
443.97
443.97
443.97
517.93
517.93
517.93
517.93
517.93
517.93
645.02
645.02
645.02
645.02
513.99
513.99
513.99
513.99
558.89
558.89
558.89
558.89
558.89
558.89
630.66
630.66
630.66
630.66
619.09
619.09
619.09
619.09
619.09
619.09
562.44
562.44
562.44
562.44
643.98
643.98
643.98
643.98
601.72
601.72
601.72
601.72
601.72
601.72
654.41
654.41
654.41
654.41
652.49
652.49
652.49
652.49
652.49
652.49
713.24
713.24
775.37
775.37
696.89
696.89
696.89
696.89
694.43
694.43
694.43
694.43
694.43
694.43
710.55
710.55
710.55
710.55
710.55
710.55
710.55
710.55
710.55
710.55
710.55
710.55
710.55
710.55
696.94
696.94
696.94
696.94
585.83
585.83
585.83
585.83
585.83
585.83
677.60
677.60
677.60
677.60
677.60
677.60
677.60
677.60
677.60
677.60
683.50
683.50
683.50
683.50
641.46
641.46
641.46
641.46
611.97
611.97
611.97
611.97
611.97
611.97
668.67
668.67
668.67
668.67
620.12
620.12
620.12
620.12
620.12
620.12
709.05
709.05
709.05
709.05
709.05
709.05
709.05
709.05
597.74
597.74
597.74
597.74
597.74
597.74
597.74
597.74
597.74
597.74
699.05
699.05
769.75
769.75
769.75
769.75
769.75
769.75
769.75
769.75
694.18
694.18
694.18
694.18
529.18
529.18
529.18
529.18
529.18
529.18
656.98
656.98
656.98
656.98
656.98
656.98
656.98
656.98
656.98
656.98
680.76
680.76
680.76
680.76
668.40
668.40
668.40
668.40
654.05
654.05
654.05
654.05
654.05
654.05
684.62
684.62
684.62
684.62
466.26
466.26
728.98
728.98
820.37
820.37
726.35
726.35
726.35
726.35
726.35
726.35
726.35
726.35
726.35
726.35
726.35
726.35
726.35
726.35
726.35
726.35
726.35
726.35
726.35
726.35
726.35
726.35
726.35
726.35
726.35
726.35
726.35
726.35
726.35
726.35
726.35
726.35
726.35
726.35
726.35
726.35
726.35
726.35
726.35
726.35
726.35
726.35
726.35
726.35
726.35
726.35
726.35
726.35
1037.37
1037.37
1037.37
1037.37
1037.37
1037.37
1037.37
1037.37
1037.37
1037.37
1037.37
1037.37
1037.37
1037.37
1037.37
1037.37
1037.37
1037.37
1037.37
1037.37
1037.37
1037.37
1037.37
1037.37
991.37
991.37
991.37
991.37
991.37
991.37
991.37
991.37
991.37
991.37
991.37
991.37
991.37
991.37
739.12
739.12
739.12
739.12
438.06
438.06
438.06
438.06
438.06
438.06
683.71
683.71
683.71
683.71
662.97
662.97
662.97
662.97
686.40
686.40
686.40
686.40
686.40
686.40
686.40
686.40
686.40
686.40
697.46
697.46
697.46
697.46
712.45
712.45
712.45
712.45
712.45
712.45
682.09
682.09
682.09
682.09
490.15
490.15
490.15
490.15
490.15
490.15
648.15
648.15
648.15
648.15
708.55
708.55
708.55
708.55
616.04
616.04
616.04
616.04
616.04
616.04
707.64
707.64
707.64
707.64
631.68
631.68
631.68
631.68
631.68
631.68
703.09
703.09
703.09
703.09
645.88
645.88
645.88
645.88
670.45
670.45
670.45
670.45
670.45
670.45
642.70
642.70
649.14
649.14
570.05
570.05
895.52
895.52
597.92
597.92
597.92
597.92
597.92
597.92
887.34
887.34
726.96
726.96
726.96
726.96
946.03
946.03
946.03
946.03
946.03
946.03
946.03
946.03
946.03
946.03
946.03
946.03
946.03
946.03
946.03
946.03
946.03
946.03
946.03
946.03
946.03
946.03
946.03
946.03
946.03
946.03
946.03
946.03
946.03
946.03
946.03
946.03
946.03
946.03
946.03
946.03
946.03
946.03
946.03
946.03
946.03
946.03
946.03
946.03
946.03
946.03
946.03
946.03
946.03
946.03
1040.13
1040.13
1040.13
1040.13
1040.13
1040.13
1040.13
1040.13
1040.13
1040.13
1040.13
1040.13
1040.13
1040.13
1040.13
1040.13
1040.13
1040.13
1040.13
1040.13
1040.13
1040.13
1040.13
1040.13
1040.13
1040.13
1040.13
1040.13
1040.13
1040.13
1040.13
1040.13
1040.13
1040.13
1040.13
1040.13
1040.13
1040.13
1040.13
1040.13
1040.13
1040.13
1040.13
1040.13
1040.13
1040.13
1040.13
1040.13
1040.13
1040.13
1040.13
1040.13
976.50
976.50
1231.49
1231.49
1231.49
1231.49
1231.49
1231.49
1231.49
1231.49
1231.49
1231.49
1231.49
1231.49
1231.49
1231.49
1231.49
1231.49
1231.49
1231.49
1231.49
1231.49
1231.49
1231.49
1231.49
1231.49
1231.49
1231.49
1308.13
1308.13
1308.13
1308.13
1308.13
1308.13
1308.13
1308.13
1308.13
1308.13
1308.13
1308.13
1308.13
1308.13
1308.13
1308.13
1308.13
1308.13
1308.13
1308.13
1308.13
1308.13
1308.13
1308.13
1308.13
1308.13
1308.13
1308.13
1308.13
1308.13
1308.13
1308.13
1308.13
1308.13
1308.13
1308.13
1308.13
1308.13
1308.13
1308.13
1308.13
1308.13
1308.13
1308.13
1308.13
1308.13
1308.13
1308.13
1308.13
1308.13
1307.45
1307.45
656.53
656.53
656.53
656.53
656.53
656.53
656.53
656.53
656.53
656.53
656.53
656.53
656.53
656.53
656.53
656.53
656.53
656.53
656.53
656.53
656.53
656.53
656.53
656.53
656.53
656.53
656.53
656.53
656.53
656.53
656.53
656.53
656.53
656.53
656.53
656.53
656.53
656.53
656.53
656.53
656.53
656.53
1052.93
1052.93
465.27
465.27
465.27
465.27
465.27
465.27
465.27
465.27
465.27
465.27
465.27
465.27
465.27
465.27
465.27
465.27
465.27
465.27
472.32
472.32
472.32
472.32
472.32
472.32
472.32
472.32
472.32
472.32
472.32
472.32
472.32
472.32
472.32
472.32
472.32
472.32
472.32
472.32
472.32
472.32
472.32
472.32
472.32
472.32
472.32
472.32
472.32
472.32
472.32
472.32
472.32
472.32
472.32
472.32
472.32
472.32
472.32
472.32
472.32
472.32
472.32
472.32
472.32
472.32
472.32
472.32
488.56
488.56
488.56
488.56
488.56
488.56
488.56
488.56
488.56
488.56
579.48
579.48
579.48
579.48
579.48
579.48
579.48
579.48
579.48
579.48
579.48
579.48
579.48
579.48
579.48
579.48
579.48
579.48
579.48
579.48
579.48
579.48
579.48
579.48
579.48
579.48
579.48
579.48
579.48
579.48
579.48
579.48
579.48
579.48
579.48
579.48
579.48
579.48
579.48
579.48
579.48
579.48
579.48
579.48
579.48
579.48
579.48
579.48
579.48
579.48
579.48
579.48
476.86
476.86
414.11
414.11
501.43
501.43
501.43
501.43
501.43
501.43
567.32
567.32
567.32
567.32
566.75
566.75
566.75
566.75
572.36
572.36
644.44
644.44
644.44
644.44
636.42
636.42
636.42
636.42
645.52
645.52
645.52
645.52
645.52
645.52
623.58
623.58
623.58
623.58
427.18
427.18
427.18
427.18
659.88
659.88
659.88
659.88
659.88
659.88
607.18
607.18
607.18
607.18
674.50
674.50
674.50
674.50
674.50
674.50
674.50
674.50
674.50
674.50
674.50
484.07
484.07
484.07
484.07
484.07
484.07
619.76
619.76
619.76
619.76
636.25
636.25
636.25
636.25
116.84
116.84
234.05
234.05
234.05
234.05
632.97
632.97
632.97
632.97
643.75
643.75
643.75
643.75
256.51
256.51
256.51
256.51
256.51
256.51
366.49
366.49
366.49
366.49
644.12
644.12
644.12
644.12
644.12
644.12
668.48
668.48
668.48
668.48
668.48
668.48
668.48
668.48
667.52
667.52
667.52
667.52
667.52
667.52
619.76
619.76
619.76
619.76
619.76
619.76
619.76
619.76
619.76
619.76
697.10
697.10
729.18
729.18
642.68
642.68
728.66
728.66
668.20
668.20
668.20
668.20
668.20
668.20
649.70
649.70
649.70
649.70
649.70
649.70
649.70
649.70
649.70
649.70
649.70
649.70
649.70
649.70
740.02
740.02
740.02
740.02
740.02
740.02
740.02
740.02
265.50
265.50
681.56
681.56
681.56
681.56
726.66
726.66
737.29
737.29
737.29
737.29
737.29
737.29
893.33
893.33
900.93
900.93
913.07
913.07
848.66
848.66
848.66
848.66
848.66
848.66
848.66
848.66
848.66
848.66
848.66
848.66
848.66
848.66
873.31
873.31
873.31
873.31
873.31
873.31
873.31
873.31
873.31
873.31
873.31
873.31
873.31
873.31
873.31
873.31
17.92
17.92
71.70
71.70
255.89
255.89
263.58
263.58
378.94
378.94
356.91
356.91
418.15
418.15
474.00
474.00
290.25
290.25
454.43
454.43
454.43
454.43
454.43
454.43
483.57
483.57
483.57
483.57
505.60
505.60
505.60
505.60
534.16
534.16
654.10
654.10
654.10
654.10
574.40
574.40
574.40
574.40
674.36
674.36
674.36
674.36
674.36
674.36
257.42
257.42
257.42
257.42
636.84
636.84
636.84
636.84
636.84
636.84
698.56
698.56
698.56
698.56
660.62
660.62
660.62
660.62
493.22
493.22
493.22
493.22
493.22
493.22
646.34
646.34
646.34
646.34
636.75
636.75
636.75
636.75
636.75
636.75
719.96
719.96
719.96
719.96
646.45
646.45
646.45
646.45
623.63
623.63
623.63
623.63
750.70
750.70
750.70
750.70
750.70
750.70
750.70
750.70
750.70
750.70
688.10
688.10
688.10
688.10
688.10
688.10
652.20
652.20
652.20
652.20
679.69
679.69
679.69
679.69
679.69
679.69
679.69
679.69
679.69
679.69
621.78
621.78
621.78
621.78
672.76
672.76
672.76
672.76
672.76
672.76
656.93
656.93
656.93
656.93
395.71
395.71
395.71
395.71
395.71
395.71
684.08
684.08
684.08
684.08
667.55
667.55
667.55
667.55
644.29
644.29
644.29
644.29
644.29
644.29
703.03
703.03
703.03
703.03
788.06
788.06
945.47
945.47
903.55
903.55
1021.06
1021.06
1021.06
1021.06
1021.06
1021.06
1021.06
1021.06
1021.06
1021.06
1021.06
1021.06
1021.06
1021.06
890.25
890.25
890.25
890.25
890.25
890.25
890.25
890.25
890.25
890.25
890.25
890.25
890.25
890.25
890.25
890.25
890.25
890.25
890.25
890.25
890.25
890.25
890.25
890.25
890.25
890.25
890.25
890.25
890.25
890.25
890.25
890.25
890.25
890.25
831.34
831.34
837.66
837.66
837.66
837.66
837.66
837.66
837.66
837.66
837.66
837.66
903.40
903.40
903.40
903.40
903.40
903.40
903.40
903.40
903.40
903.40
996.92
996.92
1042.41
1042.41
1042.41
1042.41
1042.41
1042.41
1042.41
1042.41
1042.41
1042.41
1042.41
1042.41
1042.41
1042.41
1042.41
1042.41
1042.41
1042.41
1042.41
1042.41
1042.41
1042.41
1042.41
1042.41
1042.41
1042.41
1042.41
1042.41
1042.41
1042.41
1042.41
1042.41
1042.41
1042.41
1042.41
1042.41
1057.91
1057.91
1057.91
1057.91
1057.91
1057.91
1057.91
1057.91
1057.91
1057.91
1057.91
1057.91
1057.91
1057.91
1057.91
1057.91
1057.91
1057.91
1057.91
1057.91
1057.91
1057.91
1057.91
1057.91
1057.91
1057.91
1057.61
1057.61
1101.32
1101.32
1015.04
1015.04
1015.04
1015.04
1015.04
1015.04
1015.04
1015.04
1015.04
1015.04
1015.04
1015.04
1015.04
1015.04
1015.04
1015.04
1015.04
1015.04
1015.04
1015.04
1015.04
1015.04
1015.04
1015.04
1015.04
1015.04
1015.04
1015.04
1015.04
1015.04
1015.04
1015.04
1081.87
1081.87
1081.87
1081.87
1081.87
1081.87
1081.87
1081.87
1081.87
1081.87
1081.87
1081.87
1081.87
1081.87
1081.87
1081.87
1081.87
1081.87
1081.87
1081.87
1081.87
1081.87
1081.87
1081.87
1081.87
1081.87
1081.87
1081.87
943.54
943.54
943.54
943.54
943.54
943.54
943.54
943.54
943.54
943.54
943.54
943.54
956.24
956.24
886.77
886.77
904.10
904.10
904.10
904.10
904.10
904.10
904.10
904.10
904.10
904.10
904.10
904.10
904.10
904.10
992.59
992.59
960.90
960.90
960.90
960.90
960.90
960.90
960.90
960.90
960.90
960.90
1027.15
1027.15
1027.15
1027.15
1027.15
1027.15
1027.15
1027.15
1027.15
1027.15
1027.15
1027.15
1027.15
1027.15
1027.15
1027.15
1027.15
1027.15
1027.15
1027.15
1027.15
1027.15
1027.15
1027.15
1022.16
1022.16
1022.16
1022.16
1022.16
1022.16
1022.16
1022.16
1022.16
1022.16
1022.16
1022.16
1022.16
1022.16
1024.12
1024.12
1024.12
1024.12
1024.12
1024.12
1024.12
1024.12
1024.12
1024.12
1083.11
1083.11
1083.11
1083.11
1083.11
1083.11
1116.08
1116.08
1072.90
1072.90
1072.90
1072.90
1072.90
1072.90
1072.90
1072.90
1072.90
1072.90
1072.90
1072.90
1072.90
1072.90
930.86
930.86
930.86
930.86
930.86
930.86
930.86
930.86
930.86
930.86
930.86
930.86
930.86
930.86
930.86
930.86
930.86
930.86
930.86
930.86
930.86
930.86
930.86
930.86
930.86
930.86
948.14
948.14
948.14
948.14
948.14
948.14
948.14
948.14
948.14
948.14
948.14
948.14
948.14
948.14
948.14
948.14
948.14
948.14
948.14
948.14
948.14
948.14
948.14
948.14
988.71
988.71
988.71
988.71
988.71
988.71
988.71
988.71
988.71
988.71
988.71
988.71
988.71
988.71
988.71
988.71
988.71
988.71
988.71
988.71
988.71
988.71
988.71
988.71
1072.18
1072.18
1072.18
1072.18
1072.18
1072.18
1072.18
1072.18
1072.18
1072.18
1072.18
1072.18
1072.18
1072.18
1072.18
1072.18
1072.18
1072.18
1072.18
1072.18
1072.18
1072.18
1046.52
1046.52
1207.80
1207.80
1207.80
1207.80
1207.80
1207.80
1207.80
1207.80
1207.80
1207.80
1207.80
1207.80
1207.80
1207.80
1207.80
1207.80
1207.80
1207.80
1207.80
1207.80
1207.80
1207.80
1207.80
1207.80
1207.80
1207.80
1207.80
1207.80
1207.80
1207.80
1207.80
1207.80
1207.80
1207.80
1207.80
1207.80
1207.80
1207.80
1207.80
1207.80
1207.80
1207.80
1207.80
1207.80
1207.80
1207.80
1207.80
1207.80
1207.80
1207.80
1207.80
1207.80
1207.80
1207.80
1207.80
1207.80
1207.80
1207.80
1207.80
1207.80
1207.80
1207.80
1207.80
1207.80
1207.80
1207.80
1207.80
1207.80
1207.80
1207.80
1207.80
1207.80
1207.80
1207.80
1207.80
1207.80
1207.80
1207.80
1207.80
1207.80
1207.80
1207.80
1207.80
1207.80
1207.80
1207.80
1207.80
1207.80
1207.80
1207.80
1207.80
1207.80
1207.80
1207.80
1207.80
1207.80
1207.80
1207.80
1207.80
1207.80
1207.80
1207.80
1207.80
1207.80
1207.80
1207.80
1207.80
1207.80
1207.80
1207.80
1207.80
1207.80
1207.80
1207.80
1207.80
1207.80
1207.80
1207.80
1207.80
1207.80
1207.80
1207.80
1207.80
1207.80
1207.80
1207.80
1207.80
1207.80
1207.80
1207.80
1207.80
1207.80
1201.88
1201.88
1201.88
1201.88
1201.88
1201.88
1201.88
1201.88
1201.88
1201.88
1201.88
1201.88
1201.88
1201.88
1201.88
1201.88
1201.88
1201.88
1201.88
1201.88
1201.88
1201.88
1201.88
1201.88
1201.88
1201.88
1201.88
1201.88
1201.88
1201.88
1201.88
1201.88
1201.88
1201.88
1201.88
1201.88
1201.88
1201.88
1201.88
1201.88
1201.88
1201.88
1201.88
1201.88
1201.88
1201.88
1201.88
1201.88
1201.88
1201.88
1201.88
1201.88
1201.88
1201.88
1201.88
1201.88
1201.88
1201.88
1201.88
1201.88
1201.88
1201.88
1201.88
1201.88
1201.88
1201.88
1201.88
1201.88
1201.88
1201.88
1201.88
1201.88
1201.88
1201.88
1201.88
1201.88
1021.00
1021.00
445.47
445.47
510.27
510.27
510.27
510.27
510.27
510.27
510.27
510.27
510.27
510.27
510.27
510.27
510.27
510.27
510.27
510.27
510.27
510.27
1084.34
1084.34
1084.34
1084.34
1084.34
1084.34
1084.34
1084.34
1084.34
1084.34
1084.34
1084.34
1084.34
1084.34
1084.34
1084.34
1084.34
1084.34
1084.34
1084.34
1084.34
1084.34
1084.34
1084.34
753.79
753.79
773.69
773.69
708.18
708.18
648.85
648.85
710.62
710.62
732.89
732.89
732.89
577.67
577.67
815.51
815.51
763.97
763.97
40.35
40.35
792.10
792.10
910.27
910.27
1041.83
1041.83
1020.01
1020.01
1020.01
1020.01
1020.01
1020.01
1020.01
1020.01
1020.01
1020.01
1020.01
1020.01
1020.01
1020.01
1020.01
1020.01
1020.01
1020.01
1020.01
1020.01
1020.01
1020.01
1020.01
1020.01
1020.01
1020.01
1067.75
1067.75
1067.75
1067.75
1067.75
1067.75
1067.75
1067.75
1067.75
1067.75
1067.75
1067.75
1067.75
1067.75
1067.75
1067.75
1067.75
1067.75
1067.75
1067.75
1067.75
1067.75
1067.75
1067.75
1067.75
1067.75
1067.75
1067.75
1067.75
1067.75
1067.75
1067.75
1067.75
1067.75
1008.34
1008.34
949.68
949.68
949.68
949.68
949.68
949.68
1044.63
1044.63
1044.63
1044.63
1044.63
1044.63
1044.63
1044.63
1044.63
1044.63
1044.63
1044.63
1044.63
1044.63
1044.63
1044.63
1044.63
1044.63
1044.63
1044.63
1044.63
1044.63
1044.63
1044.63
1044.63
1044.63
1044.63
1044.63
1044.63
1044.63
1044.63
1044.63
1044.63
1044.63
1044.63
1044.63
1044.63
1044.63
974.99
974.99
974.99
974.99
1039.37
1039.37
1039.37
1039.37
1039.37
1039.37
1039.37
1039.37
1039.37
1039.37
1039.37
1039.37
948.80
948.80
1085.44
1085.44
1085.44
1085.44
1085.44
1085.44
1085.44
1085.44
1085.44
1085.44
1085.44
1085.44
1085.44
1085.44
1085.44
1085.44
1085.44
1085.44
1085.44
1085.44
1085.44
1085.44
1085.44
1085.44
1085.44
1085.44
1085.44
1085.44
1085.44
1085.44
1085.44
1085.44
741.39
741.39
741.39
741.39
694.50
694.50
694.50
694.50
634.44
634.44
634.44
634.44
634.44
634.44
634.44
634.44
634.44
634.44
688.17
688.17
688.17
688.17
688.17
688.17
688.17
688.17
688.17
688.17
688.17
688.17
767.69
767.69
813.82
813.82
813.82
813.82
813.82
813.82
799.51
799.51
723.61
723.61
723.61
723.61
841.45
841.45
921.94
921.94
848.62
848.62
1016.48
1016.48
1016.48
1016.48
1016.48
1016.48
1016.48
1016.48
1016.48
1016.48
1016.48
1016.48
1016.48
1016.48
1016.48
1016.48
1016.48
1016.48
1016.48
1016.48
1016.48
1016.48
750.31
750.31
750.31
750.31
750.31
750.31
750.31
750.31
750.31
750.31
750.31
750.31
750.31
750.31
750.31
750.31
750.31
750.31
750.31
750.31
750.31
750.31
750.31
750.31
1084.62
1084.62
1141.87
1141.87
1032.94
1032.94
1032.94
1032.94
1032.94
1032.94
1032.94
1032.94
1032.94
1032.94
1032.94
1032.94
1032.94
1032.94
1032.94
1032.94
1032.94
1032.94
1032.94
1032.94
1032.94
1032.94
1032.94
1032.94
1032.94
1032.94
1032.94
1032.94
1032.94
1032.94
1032.94
1032.94
1032.94
1032.94
1032.94
1032.94
1032.94
1032.94
1032.94
1032.94
1032.94
1032.94
1032.94
1032.94
1032.94
1032.94
1032.94
1032.94
1032.94
1032.94
1032.94
1032.94
1032.94
1032.94
1032.94
1032.94
1032.94
1032.94
1032.94
1032.94
1032.94
1032.94
1032.94
1032.94
1032.94
1032.94
1032.94
1032.94
1032.94
1032.94
1032.94
1032.94
1032.94
1032.94
1032.94
1032.94
1032.94
1032.94
1032.94
1032.94
1032.94
1032.94
1032.94
1032.94
1032.94
1032.94
1032.94
1032.94
1032.94
1032.94
1032.94
1032.94
1122.47
1122.47
1122.47
1122.47
1122.47
1122.47
1122.47
1122.47
1122.47
1122.47
1122.47
1122.47
1122.47
1122.47
10.00
10.00
44.60
44.60
239.83
239.83
302.22
302.22
343.64
343.64
120.42
120.42
408.37
408.37
385.71
385.71
441.61
441.61
514.30
514.30
514.30
514.30
493.35
493.35
556.49
556.49
551.90
551.90
416.61
416.61
416.61
416.61
606.88
606.88
529.14
529.14
529.14
529.14
615.26
615.26
615.26
615.26
637.58
637.58
637.58
637.58
710.50
710.50
664.85
664.85
722.82
722.82
681.39
681.39
681.39
681.39
681.39
681.39
863.02
863.02
866.68
866.68
866.68
866.68
866.68
866.68
866.68
866.68
870.47
870.47
870.47
870.47
870.47
870.47
870.47
870.47
837.06
837.06
505.06
505.06
505.06
505.06
1004.02
1004.02
1004.02
1004.02
1004.02
1004.02
1004.02
1004.02
1004.02
1004.02
1004.02
1004.02
1004.02
1004.02
1004.02
1004.02
1004.02
1004.02
1004.02
1004.02
1004.02
1004.02
1004.02
1004.02
1024.52
1024.52
1024.52
1024.52
1024.52
1024.52
1024.52
1024.52
1024.52
1024.52
1024.52
1024.52
1024.52
1024.52
1024.52
1024.52
1024.52
1024.52
1024.52
1024.52
1024.52
1024.52
1024.52
1024.52
1024.52
1024.52
1024.52
1024.52
1024.52
1024.52
10.00
10.00
48.61
48.61
138.76
138.76
153.66
153.66
241.81
241.81
241.81
241.81
94.57
94.57
149.10
149.10
312.28
312.28
294.95
294.95
294.95
294.95
353.21
353.21
353.21
353.21
376.12
376.12
461.48
461.48
425.42
425.42
334.31
334.31
334.31
334.31
479.95
479.95
76.27
76.27
549.51
549.51
549.51
549.51
549.51
549.51
507.96
507.96
507.96
507.96
581.63
581.63
581.63
581.63
581.63
581.63
645.63
645.63
645.63
645.63
634.75
634.75
634.75
634.75
645.54
645.54
645.54
645.54
645.54
645.54
475.80
475.80
475.80
475.80
475.80
475.80
475.80
475.80
594.39
594.39
594.39
594.39
647.04
647.04
496.93
496.93
694.76
694.76
683.50
683.50
757.28
757.28
718.71
718.71
707.86
707.86
707.86
707.86
707.86
707.86
707.86
707.86
747.92
747.92
768.31
768.31
768.31
768.31
725.74
725.74
725.74
725.74
725.74
725.74
725.74
725.74
725.74
725.74
680.88
680.88
680.88
680.88
680.88
680.88
680.88
680.88
477.91
477.91
843.68
843.68
929.32
929.32
842.75
842.75
929.23
929.23
929.23
929.23
130.25
130.25
936.98
936.98
936.98
936.98
936.98
936.98
970.26
970.26
970.26
970.26
970.26
970.26
970.26
970.26
970.26
970.26
970.26
970.26
970.26
970.26
970.26
970.26
365.99
365.99
439.13
439.13
505.87
505.87
348.12
348.12
392.24
392.24
392.24
392.24
392.24
392.24
401.08
401.08
401.08
401.08
403.49
403.49
530.41
530.41
550.26
550.26
550.26
550.26
550.26
550.26
552.55
552.55
552.55
552.55
91.19
91.19
322.42
322.42
322.42
322.42
619.62
619.62
619.62
619.62
657.04
657.04
665.31
665.31
665.31
639.41
639.41
639.41
639.41
639.41
654.77
654.77
654.77
654.77
683.02
683.02
683.02
683.02
629.97
629.97
539.86
539.86
539.86
539.86
655.22
655.22
655.22
655.22
657.91
657.91
616.00
616.00
748.76
748.76
838.29
838.29
838.29
838.29
838.29
838.29
838.29
838.29
798.33
798.33
495.56
495.56
495.56
495.56
495.56
495.56
495.56
495.56
495.56
495.56
495.56
495.56
495.56
495.56
495.56
495.56
495.56
495.56
495.56
495.56
495.56
495.56
495.56
495.56
495.56
495.56
495.56
495.56
495.56
495.56
495.56
495.56
495.56
495.56
495.56
495.56
495.56
495.56
495.56
495.56
495.56
495.56
495.56
495.56
495.56
495.56
495.56
495.56
353.52
353.52
797.24
797.24
797.24
797.24
797.24
797.24
396.75
396.75
396.75
396.75
396.75
396.75
742.77
742.77
816.56
816.56
788.82
788.82
776.05
776.05
834.03
834.03
769.11
769.11
769.11
769.11
769.11
769.11
769.11
769.11
769.11
769.11
769.11
769.11
769.11
769.11
769.11
769.11
769.11
769.11
769.11
769.11
769.11
769.11
769.11
769.11
769.11
769.11
769.11
769.11
769.11
769.11
769.11
769.11
769.11
769.11
769.11
769.11
769.11
769.11
769.11
769.11
769.11
769.11
769.11
769.11
769.11
769.11
804.56
804.56
472.33
472.33
707.16
707.16
707.16
707.16
722.29
722.29
560.98
560.98
718.35
718.35
718.35
718.35
681.48
681.48
681.48
681.48
562.63
562.63
562.63
562.63
613.17
613.17
762.87
762.87
606.08
606.08
644.47
644.47
748.65
748.65
494.55
494.55
771.16
771.16
771.16
771.16
670.13
670.13
728.68
728.68
669.59
669.59
669.59
669.59
669.59
669.59
669.59
669.59
669.59
669.59
669.59
669.59
669.59
669.59
695.88
695.88
695.88
695.88
695.88
695.88
695.88
695.88
695.88
695.88
674.69
674.69
674.69
674.69
660.89
660.89
660.89
660.89
660.89
660.89
699.36
699.36
699.36
699.36
627.86
627.86
627.86
627.86
694.47
694.47
694.47
694.47
733.17
733.17
676.56
676.56
670.68
670.68
664.47
664.47
664.47
664.47
664.47
664.47
664.47
664.47
664.47
664.47
682.76
682.76
682.76
682.76
682.76
682.76
562.89
562.89
719.40
719.40
388.72
388.72
720.58
720.58
501.75
501.75
501.75
507.42
507.42
823.97
823.97
777.10
777.10
883.19
883.19
883.19
883.19
883.19
883.19
883.19
883.19
883.19
883.19
883.19
883.19
883.19
883.19
883.19
883.19
883.19
883.19
883.19
883.19
883.19
883.19
883.19
883.19
883.19
883.19
883.19
883.19
883.19
883.19
883.19
883.19
883.19
883.19
883.19
883.19
883.19
883.19
883.19
883.19
883.19
883.19
883.19
883.19
883.19
883.19
883.19
883.19
883.19
883.19
883.19
883.19
883.19
883.19
868.25
868.25
809.96
809.96
809.96
809.96
809.96
809.96
809.96
809.96
767.01
767.01
771.91
771.91
929.13
929.13
844.41
844.41
834.88
834.88
1046.35
1046.35
1029.49
1029.49
1029.49
1029.49
1029.49
1029.49
1029.49
1029.49
1029.49
1029.49
1029.49
1029.49
1029.49
1029.49
1029.49
1029.49
1029.49
1029.49
1029.49
1029.49
1029.49
1029.49
1029.49
1029.49
1029.49
1029.49
1029.49
1029.49
1029.49
1029.49
1029.49
1029.49
1029.49
1029.49
1029.49
1029.49
1029.49
1029.49
1029.49
1029.49
1029.49
1029.49
1029.49
1029.49
1029.49
1029.49
1029.49
1029.49
1029.49
1029.49
1029.49
1029.49
1029.49
1029.49
1029.49
1029.49
1029.49
1029.49
1029.49
1029.49
1029.49
1029.49
1029.49
1029.49
1029.49
1029.49
1029.49
1029.49
1029.49
1029.49
10.00
10.00
44.11
44.11
198.74
198.74
252.48
252.48
390.73
390.73
435.48
435.48
435.48
435.48
459.89
459.89
459.89
459.89
459.89
459.89
543.82
543.82
518.06
518.06
563.18
563.18
563.18
563.18
563.18
563.18
647.79
647.79
647.79
647.79
569.16
569.16
569.16
569.16
612.33
612.33
612.33
612.33
612.33
612.33
612.33
612.33
612.33
612.33
595.15
595.15
595.15
595.15
595.15
595.15
737.20
737.20
737.20
737.20
737.20
737.20
737.20
737.20
671.30
671.30
671.30
671.30
671.30
671.30
667.88
667.88
667.88
667.88
681.07
681.07
681.07
681.07
681.07
681.07
715.21
715.21
715.21
715.21
660.32
660.32
660.32
660.32
660.32
660.32
660.32
660.32
660.32
660.32
687.67
687.67
687.67
687.67
687.67
687.67
687.67
687.67
687.67
687.67
879.91
879.91
879.91
879.91
737.73
737.73
737.73
737.73
737.73
737.73
737.73
737.73
737.73
737.73
737.73
737.73
737.73
737.73
737.73
737.73
737.73
737.73
737.73
737.73
737.73
737.73
737.73
737.73
737.73
737.73
737.73
737.73
737.73
737.73
737.73
737.73
737.73
737.73
737.73
737.73
737.73
737.73
737.73
737.73
737.73
737.73
737.73
737.73
737.73
737.73
868.06
868.06
868.06
868.06
868.06
868.06
868.06
868.06
868.06
868.06
868.06
868.06
868.06
868.06
868.06
868.06
868.06
868.06
868.06
868.06
868.06
868.06
795.78
795.78
795.78
795.78
795.78
795.78
795.78
795.78
795.78
795.78
795.78
795.78
723.15
723.15
723.15
723.15
723.15
723.15
723.15
723.15
723.15
723.15
723.15
723.15
723.15
723.15
723.15
723.15
723.15
723.15
723.15
723.15
723.15
723.15
723.15
723.15
723.15
723.15
723.15
723.15
723.15
723.15
820.36
820.36
812.59
812.59
753.67
753.67
834.40
834.40
834.40
834.40
834.40
834.40
834.40
834.40
834.40
834.40
826.98
826.98
797.52
797.52
797.52
797.52
797.52
797.52
797.52
797.52
797.52
797.52
797.52
797.52
797.52
797.52
797.52
797.52
762.63
762.63
762.63
762.63
762.63
762.63
805.15
805.15
844.06
844.06
844.06
844.06
841.15
841.15
841.15
841.15
841.15
841.15
841.15
841.15
841.15
841.15
841.15
841.15
841.15
841.15
841.15
841.15
841.15
841.15
841.15
841.15
841.15
841.15
841.15
841.15
841.15
841.15
841.15
841.15
841.15
841.15
841.15
841.15
836.36
836.36
836.36
836.36
836.36
836.36
836.36
836.36
836.36
836.36
836.36
836.36
836.36
836.36
807.65
807.65
807.65
807.65
807.65
807.65
807.65
807.65
807.65
807.65
807.65
807.65
807.65
807.65
807.65
807.65
807.65
807.65
807.65
807.65
807.65
807.65
807.65
807.65
807.65
807.65
807.65
807.65
807.65
807.65
807.65
807.65
807.65
807.65
807.65
807.65
807.65
807.65
798.35
798.35
768.31
768.31
773.04
773.04
687.13
687.13
687.13
687.13
547.10
547.10
635.95
635.95
232.33
232.33
492.50
492.50
673.01
673.01
673.01
673.01
673.01
673.01
713.00
713.00
713.00
713.00
683.07
683.07
683.07
683.07
683.07
683.07
815.29
815.29
815.29
815.29
815.29
815.29
815.29
815.29
815.29
815.29
815.29
815.29
815.29
815.29
815.29
815.29
815.29
815.29
815.29
815.29
815.29
815.29
915.40
915.40
784.24
784.24
784.24
784.24
784.24
784.24
784.24
784.24
445.38
445.38
445.38
445.38
914.49
914.49
709.95
709.95
919.70
919.70
919.70
919.70
919.70
919.70
919.70
919.70
468.85
468.85
468.85
468.85
468.85
468.85
468.85
468.85
468.85
468.85
468.85
468.85
468.85
468.85
468.85
468.85
468.85
468.85
468.85
468.85
468.85
468.85
468.85
468.85
840.77
840.77
840.77
840.77
813.73
813.73
891.87
891.87
1121.88
1121.88
1014.52
1014.52
1174.63
1174.63
1060.26
1060.26
1060.26
1060.26
1060.26
1060.26
1060.26
1060.26
1060.26
1060.26
1278.31
1278.31
1278.31
1278.31
1278.31
1278.31
1278.31
1278.31
1278.31
1278.31
1278.31
1278.31
1278.31
1278.31
1278.31
1278.31
1278.31
1278.31
1278.31
1278.31
1278.31
1278.31
1278.31
1278.31
1316.64
1316.64
1316.64
1316.64
1316.64
1316.64
1316.64
1316.64
1316.64
1316.64
1316.64
1316.64
1316.64
1316.64
1316.64
1316.64
1316.64
1316.64
1316.64
1316.64
1316.64
1316.64
1316.64
1316.64
1316.64
1316.64
1316.64
1316.64
1316.64
1316.64
1316.64
1316.64
1316.64
1316.64
1316.64
1316.64
1316.64
1316.64
1316.64
1316.64
1316.64
1316.64
1316.64
1316.64
1316.64
1316.64
1316.64
1316.64
1316.64
1316.64
1316.64
1316.64
1316.64
1316.64
1316.64
1316.64
1316.64
1316.64
1316.64
1316.64
1316.64
1316.64
1316.64
1316.64
1316.64
1316.64
1316.64
1316.64
1316.64
1316.64
1316.64
1316.64
1340.51
1340.51
1340.51
1340.51
1340.51
1340.51
1340.51
1340.51
1340.51
1340.51
1340.51
1340.51
1340.51
1340.51
1340.51
1340.51
1340.51
1340.51
1340.51
1340.51
1340.51
1340.51
1340.51
1340.51
1385.97
1385.97
1385.97
1385.97
1385.97
1385.97
1385.97
1385.97
1385.97
1385.97
1385.97
1385.97
1385.97
1385.97
1385.97
1385.97
1385.97
1385.97
1385.97
1385.97
1385.97
1385.97
1385.97
1385.97
1385.97
1385.97
1385.97
1385.97
1385.97
1385.97
1385.97
1385.97
1385.97
1385.97
1385.97
1385.97
1385.97
1385.97
1385.97
1385.97
1385.97
1385.97
1385.97
1385.97
1385.97
1385.97
1385.97
1385.97
1385.97
1385.97
1385.97
1385.97
1385.97
1385.97
1385.97
1385.97
1385.97
1385.97
1385.97
1385.97
1385.97
1385.97
1385.97
1385.97
1385.97
1385.97
1385.97
1385.97
1385.97
1385.97
1385.97
1385.97
1385.97
1385.97
1385.97
1385.97
1385.97
1385.97
1385.97
1385.97
1385.97
1385.97
1385.97
1385.97
1385.97
1385.97
1385.97
1385.97
1385.97
1385.97
1385.97
1385.97
1385.97
1385.97
1385.97
1385.97
1385.97
1385.97
1385.97
1385.97
1385.97
1385.97
1385.97
1385.97
1385.97
1385.97
1385.97
1385.97
1385.97
1385.97
1385.97
1385.97
1385.97
1385.97
1385.97
1385.97
1385.97
1385.97
1385.97
1385.97
1385.97
1385.97
1385.97
1385.97
1385.97
1385.97
1385.97
1385.97
1385.97
1385.97
1385.97
1385.97
1385.97
1385.97
1385.97
1385.97
1385.97
1385.97
1385.97
1385.97
1385.97
1385.97
1385.97
1385.97
1385.97
1385.97
1385.97
1385.97
1385.97
1385.97
1385.97
1385.97
1385.97
1385.97
1385.97
1385.97
1385.97
1385.97
1385.97
1385.97
1385.97
1385.97
1385.97
1385.97
1385.97
1385.97
1385.97
1385.97
1385.97
1385.97
1385.97
1385.97
1385.97
1385.97
1385.97
1385.97
1385.97
1385.97
1385.97
1385.97
1385.97
1385.97
1385.97
1385.97
1385.97
1385.97
1385.97
1385.97
1385.97
1385.97
1385.97
1385.97
1385.97
1385.97
1385.97
1385.97
1385.97
1385.97
1385.97
1385.97
55.69
55.69
128.44
128.44
152.57
152.57
259.50
259.50
259.50
259.50
372.41
372.41
372.41
372.41
429.41
429.41
435.56
435.56
435.56
435.56
435.56
430.28
430.28
430.28
506.45
506.45
506.45
506.45
452.49
452.49
471.09
471.09
471.09
471.09
490.93
490.93
490.93
490.93
444.91
444.91
444.91
444.91
526.17
526.17
549.38
549.38
549.38
549.38
592.89
592.89
567.28
567.28
630.83
630.83
630.83
546.42
546.42
546.42
546.42
645.36
645.36
645.36
631.57
631.57
631.57
631.57
631.57
631.57
631.57
683.30
683.30
734.88
734.88
734.88
734.88
734.88
734.88
712.93
712.93
712.93
712.93
712.93
712.93
696.28
696.28
696.28
696.28
696.28
696.28
696.28
696.28
696.28
696.28
696.28
696.28
696.28
696.28
588.11
588.11
588.11
588.11
645.39
645.39
645.39
645.39
645.39
645.39
633.79
633.79
633.79
633.79
633.79
633.79
633.79
633.79
633.79
633.79
726.62
726.62
726.62
726.62
670.85
670.85
670.85
670.85
670.85
670.85
670.85
670.85
670.85
670.85
670.85
670.85
670.85
670.85
683.26
683.26
683.26
683.26
731.43
731.43
731.43
731.43
731.43
731.43
731.43
731.43
731.43
731.43
723.03
723.03
794.25
794.25
794.25
794.25
794.25
794.25
794.25
794.25
794.25
794.25
794.25
794.25
794.25
794.25
794.25
794.25
794.25
794.25
815.52
815.52
815.52
815.52
815.52
815.52
815.52
815.52
815.52
815.52
815.52
815.52
815.52
815.52
815.52
815.52
815.52
815.52
815.52
815.52
815.52
815.52
815.52
815.52
815.52
815.52
815.52
815.52
815.52
815.52
815.52
815.52
815.52
815.52
815.52
815.52
815.52
815.52
670.70
670.70
711.16
711.16
684.35
684.35
500.68
500.68
739.03
739.03
687.53
687.53
688.44
688.44
694.74
694.74
698.16
698.16
492.83
492.83
682.99
682.99
612.64
612.64
652.94
652.94
135.28
135.28
368.09
368.09
672.83
672.83
672.83
672.83
562.41
562.41
562.41
562.41
561.64
561.64
682.06
682.06
682.06
682.06
657.54
657.54
679.06
679.06
653.47
653.47
696.73
696.73
696.31
696.31
684.80
684.80
786.31
786.31
786.31
786.31
694.82
694.82
761.63
761.63
761.63
761.63
761.63
761.63
761.63
761.63
761.63
761.63
761.63
761.63
665.46
665.46
665.46
665.46
665.46
665.46
665.46
665.46
680.61
680.61
680.61
680.61
680.61
680.61
661.46
661.46
661.46
661.46
661.46
661.46
661.46
661.46
661.46
661.46
661.46
661.46
683.47
683.47
819.59
819.59
819.59
819.59
819.59
819.59
819.59
819.59
819.59
819.59
819.59
819.59
819.59
819.59
862.99
862.99
862.99
862.99
690.50
690.50
865.98
865.98
696.97
696.97
696.97
696.97
696.97
696.97
696.97
696.97
696.97
696.97
696.97
696.97
696.97
696.97
696.97
696.97
696.97
696.97
696.97
696.97
696.97
696.97
696.97
696.97
696.97
696.97
696.97
696.97
696.97
696.97
696.97
696.97
763.86
763.86
763.86
763.86
763.86
763.86
796.92
796.92
796.92
796.92
796.92
796.92
796.92
796.92
796.92
796.92
796.92
796.92
796.92
796.92
796.92
796.92
796.92
796.92
796.92
796.92
796.92
796.92
796.92
796.92
796.92
796.92
796.92
796.92
17.56
17.56
17.56
56.61
165.02
165.02
158.48
158.48
361.01
361.01
354.25
354.25
469.22
469.22
454.15
454.15
469.49
469.49
469.49
469.49
469.49
469.49
524.49
524.49
532.98
532.98
560.22
560.22
579.09
579.09
591.81
591.81
589.66
589.66
594.58
594.58
596.68
596.68
596.68
596.68
617.34
617.34
617.34
617.34
617.34
617.34
617.34
617.34
617.34
617.34
573.15
573.15
562.80
562.80
562.80
562.80
655.22
655.22
655.22
655.22
240.74
240.74
240.74
240.74
361.89
361.89
361.89
361.89
361.89
361.89
361.89
361.89
361.89
361.89
280.24
280.24
126.82
126.82
305.79
305.79
244.68
244.68
210.91
210.91
432.24
432.24
439.99
439.99
559.44
559.44
542.04
542.04
542.04
542.04
578.30
578.30
578.30
578.30
560.63
560.63
10.00
10.00
152.19
152.19
668.04
668.04
668.04
668.04
483.29
483.29
483.29
483.29
668.27
668.27
668.27
668.27
668.27
668.27
598.24
598.24
598.24
598.24
702.80
702.80
702.80
702.80
702.80
702.80
791.33
791.33
735.52
735.52
735.52
735.52
735.52
735.52
735.52
735.52
735.52
735.52
735.52
735.52
735.52
735.52
735.52
735.52
735.52
735.52
735.52
735.52
735.52
735.52
810.57
810.57
810.57
810.57
810.57
810.57
810.57
810.57
810.57
810.57
810.57
810.57
810.57
810.57
810.57
810.57
541.19
541.19
541.19
541.19
353.74
353.74
420.43
420.43
420.43
420.43
420.43
420.43
420.43
420.43
420.43
420.43
420.43
420.43
420.43
420.43
420.43
420.43
420.43
420.43
420.43
420.43
420.43
420.43
420.43
420.43
420.43
420.43
420.43
420.43
420.43
420.43
426.49
426.49
426.49
426.49
426.49
426.49
426.49
426.49
426.49
426.49
426.49
426.49
426.49
426.49
426.49
426.49
426.49
426.49
426.49
426.49
862.66
862.66
862.66
862.66
862.66
862.66
862.66
862.66
14.96
14.96
236.27
236.27
236.27
236.27
305.44
305.44
305.44
305.44
440.57
440.57
440.57
440.57
446.47
446.47
446.47
446.47
446.47
446.47
454.46
454.46
1179.83
1179.83
1179.83
1179.83
1179.83
1179.83
1179.83
1179.83
1179.83
1179.83
1179.83
1179.83
1179.83
1179.83
1179.83
1179.83
1179.83
1179.83
1179.83
1179.83
1179.83
1179.83
1179.83
1179.83
1179.83
1179.83
1179.83
1179.83
1179.83
1179.83
1179.83
1179.83
1179.83
1179.83
1179.83
1179.83
1179.83
1179.83
1179.83
1179.83
1179.83
1179.83
1179.83
1179.83
1179.83
1179.83
1179.83
1179.83
1179.83
1179.83
1179.83
1179.83
1179.83
1179.83
1179.83
1179.83
1179.83
1179.83
1179.83
1179.83
1179.83
1179.83
1179.83
1179.83
1179.83
1179.83
1179.83
1179.83
1179.83
1179.83
1012.40
1012.40
1012.40
1012.40
1012.40
1012.40
1012.40
1012.40
1012.40
1012.40
1012.40
1012.40
1012.40
1012.40
1012.40
1012.40
1012.40
1012.40
1012.40
1012.40
1012.40
1012.40
1012.40
1012.40
1012.40
1012.40
1012.40
1012.40
1012.40
1012.40
1012.40
1012.40
1012.40
1012.40
1012.40
1012.40
1012.40
1012.40
1012.40
1012.40
1012.40
1012.40
1012.40
1012.40
1012.40
1012.40
1012.40
1012.40
1012.40
1012.40
1012.40
1012.40
1012.40
1012.40
1276.26
1276.26
1276.26
1276.26
1276.26
1276.26
1276.26
1276.26
1276.26
1276.26
1276.26
1276.26
1276.26
1276.26
1276.26
1276.26
1276.26
1276.26
1276.26
1276.26
1276.26
1276.26
1276.26
1276.26
1276.26
1276.26
1276.26
1276.26
1276.26
1276.26
1276.26
1276.26
1276.26
1276.26
1276.26
1276.26
1276.26
1276.26
1276.26
1276.26
1276.26
1276.26
1276.26
1276.26
1276.26
1276.26
1276.26
1276.26
1276.26
1276.26
1276.26
1276.26
1276.26
1276.26
1276.26
1276.26
1276.26
1276.26
1276.26
1276.26
1276.26
1276.26
1276.26
1276.26
1276.26
1276.26
1276.26
1276.26
1276.26
1276.26
1276.26
1276.26
1276.26
1276.26
1276.26
1276.26
1276.26
1276.26
1276.26
1276.26
1276.26
1276.26
1276.26
1276.26
1276.26
1276.26
971.87
971.87
971.87
971.87
971.87
971.87
971.87
971.87
971.87
971.87
971.87
971.87
971.87
971.87
971.87
971.87
971.87
971.87
971.87
971.87
971.87
971.87
971.87
971.87
971.87
971.87
971.87
971.87
971.87
971.87
971.87
971.87
971.87
971.87
971.87
971.87
971.87
971.87
971.87
971.87
971.87
971.87
971.87
971.87
971.87
971.87
971.87
971.87
971.87
971.87
971.87
971.87
971.87
971.87
971.87
971.87
971.87
971.87
971.87
971.87
971.87
971.87
971.87
971.87
971.87
971.87
971.87
971.87
971.87
971.87
971.87
971.87
971.87
971.87
971.87
971.87
971.87
971.87
971.87
971.87
971.87
971.87
971.87
971.87
971.87
971.87
971.87
971.87
971.87
971.87
971.87
971.87
971.87
971.87
971.87
971.87
971.87
971.87
971.87
971.87
971.87
971.87
971.87
971.87
971.87
971.87
971.87
971.87
971.87
971.87
971.87
971.87
971.87
971.87
971.87
971.87
971.87
971.87
1297.33
1297.33
1297.33
1297.33
1297.33
1297.33
1297.33
1297.33
1297.33
1297.33
1297.33
1297.33
1297.33
1297.33
1297.33
1297.33
1297.33
1297.33
1297.33
1297.33
1297.33
1297.33
1297.33
1297.33
1297.33
1297.33
1297.33
1297.33
1297.33
1297.33
1297.33
1297.33
1297.33
1297.33
1297.33
1297.33
1297.33
1297.33
1261.57
1261.57
1261.57
1261.57
1261.57
1261.57
1261.57
1261.57
1261.57
1261.57
1261.57
1261.57
1261.57
1261.57
1261.57
1261.57
1261.57
1261.57
1261.57
1261.57
1261.57
1261.57
1261.57
1261.57
1261.57
1261.57
1261.57
1261.57
1261.57
1261.57
1261.57
1261.57
1261.57
1261.57
1261.57
1261.57
1838.67
1838.67
1838.67
1838.67
1838.67
1838.67
1838.67
1838.67
1838.67
1838.67
1838.67
1838.67
1838.67
1838.67
1838.67
1838.67
1838.67
1838.67
1838.67
1358.82
1358.82
2019.37
2019.37
2019.37
2019.37
2019.37
2019.37
2019.37
2019.37
2019.37
2019.37
2019.37
2019.37
1466.72
1466.72
29.50
29.50
946.26
946.26
946.26
946.26
946.26
946.26
14.55
14.55
281.30
281.30
637.69
637.69
637.69
637.69
637.69
637.69
637.69
637.69
672.20
672.20
718.22
718.22
1777.76
1777.76
1777.76
1777.76
1777.76
1777.76
1777.76
1777.76
1777.76
1777.76
1777.76
1777.76
568.01
568.01
568.01
568.01
568.01
568.01
568.01
568.01
568.01
568.01
2248.30
2248.30
2283.38
2283.38
2324.38
2324.38
2324.38
2324.38
2324.38
2324.38
2324.38
2324.38
2324.38
2324.38
2324.38
2324.38
2324.38
2324.38
2324.38
2324.38
2324.38
2324.38
2324.38
2324.38
2760.09
2760.09
2527.12
2527.12
2527.12
2527.12
2527.12
2527.12
10.42
10.42
2713.61
2713.61
2491.94
2491.94
2491.94
2491.94
2491.94
2491.94
2491.94
2491.94
2491.94
2491.94
2472.32
2472.32
2472.32
2472.32
2472.32
2472.32
2472.32
2472.32
2566.98
2566.98
2407.25
2407.25
2180.98
2180.98
2558.56
2558.56
2709.06
2709.06
2709.06
2709.06
2709.06
2709.06
2709.06
2709.06
2709.06
2709.06
2709.06
2709.06
2709.06
2709.06
10.00
10.00
10.00
10.00
247.35
513.98
555.16
555.16
672.47
672.47
672.47
672.47
672.47
672.47
672.47
672.47
807.48
807.48
807.48
807.48
709.80
709.80
709.80
709.80
735.32
735.32
735.32
735.32
735.32
735.32
735.32
735.32
735.32
735.32
735.32
735.32
735.32
735.32
735.32
735.32
722.83
722.83
722.83
722.83
722.83
722.83
722.83
722.83
722.83
722.83
722.83
722.83
722.83
722.83
722.83
722.83
722.83
722.83
722.83
722.83
722.83
722.83
722.83
722.83
680.74
680.74
680.74
680.74
680.74
680.74
680.74
680.74
680.74
680.74
680.74
680.74
680.74
680.74
680.74
680.74
680.74
680.74
680.74
680.74
16.42
16.42
30.35
30.35
130.20
130.20
211.25
211.25
454.80
454.80
499.34
499.34
503.92
503.92
503.92
503.92
503.92
503.92
503.92
503.92
503.92
503.92
494.54
494.54
494.54
494.54
492.56
492.56
492.56
492.56
492.56
492.56
476.77
476.77
476.77
476.77
475.10
475.10
488.72
488.72
488.72
488.72
507.84
507.84
507.84
507.84
583.25
583.25
583.25
583.25
494.68
494.68
494.68
494.68
494.68
494.68
572.70
572.70
572.70
572.70
585.96
585.96
585.96
585.96
585.96
585.96
571.80
571.80
571.80
571.80
292.31
292.31
292.31
292.31
616.76
616.76
667.33
667.33
667.33
667.33
632.31
632.31
632.31
632.31
613.39
613.39
695.29
695.29
695.29
695.29
576.24
576.24
576.24
576.24
618.44
618.44
618.44
618.44
598.15
598.15
598.15
598.15
598.15
598.15
605.22
605.22
605.22
605.22
614.56
614.56
614.56
614.56
614.56
614.56
680.99
680.99
680.99
680.99
641.13
641.13
641.13
641.13
641.13
641.13
641.13
641.13
739.52
739.52
666.49
666.49
666.49
666.49
689.75
689.75
806.43
806.43
806.43
806.43
806.43
806.43
806.43
806.43
806.43
806.43
806.43
806.43
806.43
806.43
806.43
806.43
806.43
806.43
806.43
806.43
806.43
806.43
806.43
806.43
806.43
806.43
806.43
806.43
806.43
806.43
806.43
806.43
682.93
682.93
682.93
682.93
683.23
683.23
683.23
683.23
711.15
711.15
771.13
771.13
740.35
740.35
251.88
251.88
793.92
793.92
750.99
750.99
750.99
750.99
750.99
750.99
750.99
750.99
10.00
10.00
343.59
343.59
478.56
478.56
478.56
478.56
494.63
494.63
494.63
494.63
509.23
509.23
509.23
509.23
509.23
509.23
426.16
426.16
426.16
426.16
580.40
580.40
580.40
580.40
606.46
606.46
606.46
606.46
606.46
606.46
606.46
606.46
606.46
606.46
606.46
606.46
606.46
606.46
606.46
606.46
605.43
605.43
605.43
605.43
605.43
605.43
605.43
605.43
656.22
656.22
656.22
656.22
656.22
656.22
655.14
655.14
646.58
646.58
629.29
629.29
629.29
629.29
629.29
629.29
629.29
629.29
737.97
737.97
600.77
600.77
314.93
314.93
655.09
655.09
655.09
655.09
655.09
655.09
672.38
672.38
672.38
672.38
610.62
610.62
610.62
610.62
610.62
610.62
668.87
668.87
668.87
668.87
672.33
672.33
672.33
672.33
685.91
685.91
723.81
723.81
723.81
723.81
682.90
682.90
682.90
682.90
643.91
643.91
643.91
643.91
643.91
643.91
708.88
708.88
708.88
708.88
570.56
570.56
570.56
570.56
570.56
570.56
570.56
570.56
570.56
570.56
621.79
621.79
621.79
621.79
621.76
621.76
711.53
711.53
749.94
749.94
833.08
833.08
729.93
729.93
729.93
729.93
729.93
729.93
729.93
729.93
729.93
729.93
729.93
729.93
729.93
729.93
729.93
729.93
729.93
729.93
729.93
729.93
729.93
729.93
912.28
912.28
912.28
912.28
912.28
912.28
912.28
912.28
912.28
912.28
912.28
912.28
912.28
912.28
912.28
912.28
993.51
993.51
993.51
993.51
993.51
993.51
993.51
993.51
994.75
994.75
994.75
994.75
994.75
994.75
994.75
994.75
994.75
994.75
994.75
994.75
994.75
994.75
994.75
994.75
994.75
994.75
994.75
994.75
994.75
994.75
994.75
994.75
894.45
894.45
894.45
894.45
894.45
894.45
894.45
894.45
894.45
894.45
894.45
894.45
894.45
894.45
894.45
894.45
894.45
894.45
894.45
894.45
894.45
894.45
894.45
894.45
894.45
894.45
894.45
894.45
894.45
894.45
894.45
894.45
894.45
894.45
894.45
894.45
894.45
894.45
1061.55
1061.55
1061.55
1061.55
1061.55
1061.55
1061.55
1061.55
1061.55
1061.55
1061.55
1061.55
1061.55
1061.55
1061.55
1061.55
1061.55
1061.55
1061.55
1061.55
1061.55
1061.55
1061.55
1061.55
1092.64
1092.64
1092.64
1092.64
1092.64
1092.64
1092.64
1092.64
1092.64
1092.64
1133.79
1133.79
1047.13
1047.13
1047.13
1047.13
1047.13
1047.13
1047.13
1047.13
1047.13
1047.13
1047.13
1047.13
1047.13
1047.13
1047.13
1047.13
1047.13
1047.13
1047.13
1047.13
1047.13
1047.13
1079.97
1079.97
1079.97
1079.97
1079.97
1079.97
1079.97
1079.97
1079.97
1079.97
1079.97
1079.97
1079.97
1079.97
1079.97
1079.97
1079.97
1079.97
1079.97
1079.97
1079.97
1079.97
1079.97
1079.97
1079.97
1079.97
1079.97
1079.97
1079.97
1079.97
1079.97
1079.97
1079.97
1079.97
1079.97
1079.97
1079.97
1079.97
1079.97
1079.97
1079.97
1079.97
1079.97
1079.97
1079.97
1079.97
1079.97
1079.97
1079.97
1079.97
1079.97
1079.97
1079.97
1079.97
1079.97
1079.97
1079.97
1079.97
1079.97
1079.97
1079.97
1079.97
1079.97
1079.97
1079.97
1079.97
1079.97
1079.97
1079.97
1079.97
1079.97
1079.97
1079.97
1079.97
1079.97
1079.97
1079.97
1079.97
1079.97
1079.97
1079.97
1079.97
1079.97
1079.97
1079.97
1079.97
1079.97
1079.97
1079.97
1079.97
1079.97
1079.97
1079.97
1079.97
1079.97
1079.97
1079.97
1079.97
1079.97
1079.97
1079.97
1079.97
1079.97
1079.97
1175.52
1175.52
1175.52
1175.52
1175.52
1175.52
1175.52
1175.52
1175.52
1175.52
1175.52
1175.52
1175.52
1175.52
1175.52
1175.52
1175.52
1175.52
1175.52
1175.52
1175.52
1175.52
1457.20
1457.20
1457.20
1457.20
1264.79
1264.79
1264.79
1264.79
1264.79
1264.79
1264.79
1264.79
1264.79
1264.79
1264.79
1264.79
1264.79
1264.79
1264.79
1264.79
1264.79
1264.79
1264.79
1264.79
1264.79
1264.79
1264.79
1264.79
1264.79
1264.79
1264.79
1264.79
1264.79
1264.79
1264.79
1264.79
1264.79
1264.79
1264.79
1264.79
1264.79
1264.79
1264.79
1264.79
1264.79
1264.79
1264.79
1264.79
1264.79
1264.79
1264.79
1264.79
1264.79
1264.79
1264.79
1264.79
1264.79
1264.79
1264.79
1264.79
1264.79
1264.79
1264.79
1264.79
1264.79
1264.79
1264.79
1264.79
1264.79
1264.79
1264.79
1264.79
1264.79
1264.79
1264.79
1264.79
1264.79
1264.79
1264.79
1264.79
1264.79
1264.79
1264.79
1264.79
1264.79
1264.79
1264.79
1264.79
1264.79
1264.79
1264.79
1264.79
1264.79
1264.79
1264.79
1264.79
1264.79
1264.79
1264.79
1264.79
1264.79
1264.79
1505.79
1505.79
1505.79
1505.79
1505.79
1505.79
1505.79
1505.79
1505.79
1505.79
1505.79
1505.79
1505.79
1505.79
1505.79
1505.79
1505.79
1505.79
1505.79
1505.79
1505.79
1505.79
1505.79
1505.79
1505.79
1505.79
1133.45
1133.45
1383.08
1383.08
1383.08
1383.08
1383.08
1383.08
1383.08
1383.08
1383.08
1383.08
1383.08
1383.08
1383.08
1383.08
1383.08
1383.08
1383.08
1383.08
1383.08
1383.08
1383.08
1383.08
1383.08
1383.08
1383.08
1383.08
1383.08
1383.08
1383.08
1383.08
1383.08
1383.08
1383.08
1383.08
1383.08
1383.08
1383.08
1383.08
1383.08
1383.08
1383.08
1383.08
1383.08
1383.08
1383.08
1383.08
1383.08
1383.08
1383.08
1383.08
1383.08
1383.08
1383.08
1383.08
1383.08
1383.08
1383.08
1383.08
1383.08
1383.08
1383.08
1383.08
1383.08
1383.08
1383.08
1383.08
1383.08
1383.08
1383.08
1383.08
1383.08
1383.08
1383.08
1383.08
1383.08
1383.08
1383.08
1383.08
1383.08
1383.08
1383.08
1383.08
1383.08
1383.08
1383.08
1383.08
1383.08
1383.08
1383.08
1383.08
1383.08
1383.08
1383.08
1383.08
1383.08
1383.08
1383.08
1383.08
1383.08
1383.08
1383.08
1383.08
1383.08
1383.08
1383.08
1383.08
1383.08
1383.08
1383.08
1383.08
1383.08
1383.08
1383.08
1383.08
1383.08
1383.08
1383.08
1383.08
1383.08
1383.08
1383.08
1383.08
1383.08
1383.08
1383.08
1383.08
1383.08
1542.63
1542.63
1542.63
1542.63
1542.63
1542.63
1542.63
1542.63
1542.63
1542.63
1542.63
1542.63
1542.63
1542.63
1542.63
1542.63
368.93
368.93
376.72
376.72
442.61
442.61
695.42
695.42
645.81
645.81
645.81
645.81
645.81
645.81
672.53
672.53
672.53
672.53
645.13
645.13
645.13
645.13
619.72
619.72
619.72
619.72
619.72
619.72
644.60
644.60
644.60
644.60
645.95
645.95
729.28
729.28
338.46
338.46
821.25
821.25
821.25
821.25
821.25
821.25
793.98
793.98
879.36
879.36
879.36
879.36
879.36
879.36
879.36
879.36
879.36
879.36
879.36
879.36
879.36
879.36
879.36
879.36
879.36
879.36
879.36
879.36
879.36
879.36
879.36
879.36
879.36
879.36
879.36
879.36
879.36
879.36
879.36
879.36
879.36
879.36
772.67
772.67
772.67
772.67
800.33
800.33
908.67
908.67
564.11
564.11
564.11
564.11
564.11
564.11
564.11
564.11
944.55
944.55
944.55
944.55
944.55
944.55
944.55
944.55
944.55
944.55
944.55
944.55
944.55
944.55
944.55
944.55
944.55
944.55
944.55
944.55
944.55
944.55
944.55
944.55
944.55
944.55
944.55
944.55
944.55
944.55
918.26
918.26
642.38
642.38
390.02
390.02
817.20
817.20
741.17
741.17
741.17
741.17
741.17
741.17
741.17
741.17
741.17
741.17
741.17
741.17
741.17
741.17
741.17
741.17
741.17
741.17
741.17
741.17
741.17
741.17
967.18
967.18
967.18
967.18
967.18
967.18
967.18
967.18
967.18
967.18
967.18
967.18
967.18
967.18
967.18
967.18
967.18
967.18
967.18
967.18
967.18
967.18
967.18
967.18
967.18
967.18
967.18
967.18
967.18
967.18
967.18
967.18
967.18
967.18
967.18
967.18
967.18
967.18
967.18
967.18
967.18
967.18
967.18
967.18
967.18
967.18
849.86
849.86
849.86
849.86
537.04
537.04
537.04
537.04
537.04
537.04
537.04
537.04
537.04
537.04
537.04
537.04
537.04
537.04
537.04
537.04
537.04
537.04
537.04
537.04
537.04
537.04
537.04
537.04
862.88
862.88
862.88
862.88
862.88
862.88
862.88
862.88
862.88
862.88
862.88
862.88
862.88
862.88
862.88
862.88
862.88
862.88
862.88
862.88
862.88
862.88
862.88
862.88
899.11
899.11
899.11
899.11
899.11
899.11
899.11
899.11
899.11
899.11
899.11
899.11
899.11
899.11
899.11
899.11
899.11
899.11
899.11
899.11
899.11
899.11
899.11
899.11
961.18
961.18
961.18
961.18
961.18
961.18
961.18
961.18
961.18
961.18
961.18
961.18
961.18
961.18
961.18
961.18
961.18
961.18
961.18
961.18
961.18
961.18
961.18
961.18
996.27
996.27
996.27
996.27
996.27
996.27
996.27
996.27
996.27
996.27
996.27
996.27
996.27
996.27
996.27
996.27
996.27
996.27
996.27
996.27
996.27
996.27
964.84
964.84
915.94
915.94
915.94
915.94
915.94
915.94
915.94
915.94
915.94
915.94
915.94
915.94
915.94
915.94
915.94
915.94
915.94
915.94
915.94
915.94
915.94
915.94
915.94
915.94
920.19
920.19
920.19
920.19
604.93
604.93
604.93
604.93
604.93
604.93
604.93
604.93
604.93
604.93
858.26
858.26
858.26
858.26
858.26
858.26
858.26
858.26
858.26
858.26
858.26
858.26
858.26
858.26
858.26
858.26
858.26
858.26
858.26
858.26
858.26
858.26
858.26
858.26
858.26
858.26
858.26
858.26
858.26
858.26
858.26
858.26
858.26
858.26
242.40
242.40
230.58
230.58
353.82
353.82
359.88
359.88
405.35
405.35
405.35
405.35
405.35
405.35
986.67
986.67
1137.94
1137.94
1545.95
1545.95
186.06
186.06
1623.59
1623.59
155.95
155.95
2574.18
2574.18
3070.96
3070.96
2584.09
2584.09
2584.09
2584.09
2584.09
2584.09
2584.09
2584.09
2584.09
2584.09
2584.09
2584.09
2584.09
2584.09
2584.09
2584.09
2584.09
2584.09
2584.09
2584.09
2584.09
2584.09
2584.09
2584.09
2976.39
2976.39
2462.74
2462.74
2462.74
2462.74
2462.74
2462.74
2462.74
2462.74
2462.74
2462.74
2462.74
2462.74
2462.74
2462.74
2462.74
2462.74
2462.74
2462.74
2462.74
2462.74
2462.74
2462.74
2032.53
2032.53
1573.23
1573.23
1573.23
1573.23
1573.23
1573.23
1573.23
1573.23
1573.23
1573.23
1573.23
1573.23
1573.23
1573.23
1573.23
1573.23
1573.23
1573.23
1573.23
1573.23
1573.23
1573.23
1573.23
1573.23
1573.23
1573.23
1573.23
1573.23
1573.23
1573.23
1573.23
1573.23
1573.23
1573.23
1883.31
1883.31
2977.99
2977.99
2977.99
2977.99
2977.99
2977.99
2977.99
2977.99
2977.99
2977.99
2977.99
2977.99
2977.99
2977.99
2977.99
2977.99
2977.99
2977.99
3086.57
3086.57
3086.57
3086.57
3086.57
3379.81
2525.27
2525.27
2525.27
2525.27
3698.04
3698.04
3426.75
3426.75
3426.75
3426.75
3426.75
3426.75
3426.75
3426.75
3426.75
3426.75
3426.75
3426.75
3426.75
3426.75
3426.75
3426.75
22.85
22.85
22.85
152.47
301.49
301.49
288.09
288.09
366.52
366.52
472.73
472.73
423.48
423.48
504.71
504.71
504.71
504.71
442.41
442.41
484.82
484.82
484.82
484.82
225.26
225.26
234.87
234.87
565.43
565.43
565.43
565.43
565.43
565.43
543.60
543.60
543.60
543.60
581.49
581.49
581.49
581.49
581.49
581.49
581.49
581.49
581.49
581.49
646.73
646.73
646.73
646.73
649.09
649.09
649.09
649.09
649.09
649.09
648.56
648.56
648.56
648.56
529.35
529.35
698.30
698.30
598.07
598.07
681.15
681.15
710.46
710.46
672.79
672.79
815.60
815.60
724.32
724.32
811.78
811.78
811.78
811.78
811.78
811.78
811.78
811.78
811.78
811.78
811.78
811.78
811.78
811.78
811.78
811.78
811.78
811.78
733.67
733.67
733.67
733.67
733.67
733.67
733.67
733.67
733.67
733.67
698.62
698.62
698.62
698.62
635.47
635.47
635.47
635.47
607.31
607.31
607.31
607.31
607.31
607.31
622.89
622.89
622.89
622.89
683.10
683.10
683.10
683.10
683.10
683.10
644.52
644.52
644.52
644.52
438.38
438.38
438.38
438.38
438.38
438.38
558.86
558.86
558.86
558.86
457.39
457.39
457.39
457.39
449.91
449.91
449.91
449.91
449.91
449.91
658.07
658.07
658.07
658.07
634.03
634.03
634.03
634.03
659.76
659.76
659.76
659.76
659.76
659.76
659.76
597.36
597.36
597.36
621.03
621.03
621.03
621.03
621.03
621.03
694.75
694.75
694.75
726.97
863.14
863.14
863.14
863.14
863.14
863.14
863.14
863.14
863.14
863.14
863.14
863.14
863.14
863.14
863.14
863.14
863.14
863.14
863.14
863.14
863.14
863.14
863.14
863.14
863.14
863.14
863.14
863.14
863.14
863.14
863.14
863.14
863.14
863.14
863.14
863.14
863.14
863.14
863.14
863.14
863.14
863.14
863.14
863.14
863.14
863.14
863.14
863.14
19.25
19.25
76.33
76.33
107.07
107.07
136.45
136.45
136.45
136.45
214.27
214.27
224.34
224.34
224.34
274.74
310.24
310.24
367.56
367.56
431.39
431.39
431.39
431.39
471.07
471.07
471.07
471.07
460.10
460.10
459.36
459.36
459.36
459.36
492.04
492.04
492.04
492.04
495.23
495.23
495.23
495.23
495.23
495.23
480.64
480.64
480.64
480.64
518.82
518.82
541.92
541.92
541.92
541.92
79.89
79.89
201.20
201.20
574.15
574.15
574.15
574.15
540.49
540.49
540.49
540.49
540.49
540.49
540.49
540.49
540.49
540.49
554.30
554.30
554.30
554.30
554.30
538.20
538.20
538.20
538.20
538.20
538.20
593.36
593.36
593.36
593.36
590.88
590.88
590.88
590.88
590.88
590.88
194.23
194.23
256.75
256.75
288.03
288.03
613.32
613.32
613.32
613.32
613.32
613.32
613.32
613.32
585.41
585.41
585.41
585.41
613.96
613.96
613.96
613.96
613.96
613.96
598.28
598.28
598.28
598.28
667.97
667.97
667.97
667.97
659.39
659.39
659.39
659.39
708.46
708.46
571.39
571.39
708.83
708.83
668.67
668.67
668.67
668.67
668.67
668.67
683.24
683.24
719.42
719.42
634.90
634.90
634.90
634.90
671.09
671.09
671.09
671.09
671.09
671.09
502.85
502.85
502.85
502.85
673.42
673.42
673.42
673.42
673.42
673.42
670.42
670.42
339.60
339.60
641.16
641.16
641.16
641.16
722.35
722.35
722.35
722.35
722.35
722.35
657.75
657.75
657.75
657.75
657.75
657.75
696.38
696.38
696.38
696.38
696.38
696.38
696.38
696.38
696.38
696.38
696.38
696.38
646.08
646.08
793.30
793.30
903.14
903.14
955.03
955.03
976.47
976.47
976.47
976.47
985.02
985.02
891.71
891.71
891.71
891.71
891.71
891.71
891.71
891.71
891.71
891.71
891.71
891.71
891.71
891.71
891.71
891.71
891.71
891.71
891.71
891.71
891.71
891.71
891.71
891.71
891.71
891.71
974.84
974.84
974.84
974.84
974.84
974.84
974.84
974.84
974.84
974.84
974.84
974.84
974.84
974.84
974.84
974.84
974.84
974.84
974.84
974.84
974.84
974.84
974.84
974.84
1011.61
1011.61
1011.61
1011.61
1011.61
1011.61
1011.61
1011.61
1011.61
1011.61
1028.46
1028.46
1028.46
1028.46
1028.46
1028.46
1028.46
1028.46
1028.46
1028.46
1028.46
1028.46
1028.46
1028.46
989.12
989.12
989.12
989.12
989.12
989.12
989.12
989.12
989.12
989.12
989.12
989.12
989.12
989.12
989.12
989.12
989.12
989.12
989.12
989.12
989.12
989.12
989.12
989.12
1020.00
1020.00
1020.00
1020.00
1020.00
1020.00
1020.00
1020.00
991.77
991.77
670.19
670.19
1012.35
1012.35
938.82
938.82
938.82
938.82
938.82
938.82
938.82
938.82
938.82
938.82
938.82
938.82
938.82
938.82
938.82
938.82
938.82
938.82
938.82
938.82
938.82
938.82
938.82
938.82
938.82
938.82
938.82
938.82
938.82
938.82
938.82
938.82
938.82
938.82
938.82
938.82
938.82
938.82
938.82
938.82
938.82
938.82
938.82
938.82
938.82
938.82
938.82
938.82
938.82
938.82
938.82
938.82
938.82
938.82
938.82
938.82
938.82
938.82
938.82
938.82
938.82
938.82
938.82
938.82
938.82
938.82
938.82
938.82
938.82
938.82
938.82
938.82
94.04
94.04
127.30
127.30
189.77
189.77
208.63
208.63
256.08
256.08
412.35
412.35
394.06
394.06
432.82
432.82
432.82
432.82
362.28
362.28
362.28
362.28
362.28
362.28
477.00
477.00
477.00
477.00
508.33
508.33
508.33
508.33
441.75
441.75
441.75
441.75
441.75
441.75
521.94
521.94
521.94
521.94
534.98
534.98
534.98
534.98
534.98
534.98
485.77
485.77
555.87
555.87
593.09
593.09
608.15
608.15
580.34
580.34
580.34
580.34
580.34
580.34
595.97
595.97
353.28
353.28
620.14
620.14
464.32
464.32
478.87
478.87
622.03
622.03
267.08
267.08
595.13
595.13
595.13
595.13
610.02
610.02
610.02
610.02
610.02
610.02
564.51
564.51
564.51
564.51
638.62
638.62
638.62
638.62
638.62
638.62
607.40
607.40
607.40
607.40
281.76
281.76
281.76
281.76
281.76
281.76
159.62
159.62
241.84
241.84
518.30
518.30
518.30
518.30
510.31
510.31
510.31
510.31
510.31
510.31
41.18
41.18
117.68
117.68
637.62
637.62
637.62
637.62
569.24
569.24
569.24
569.24
569.24
569.24
621.29
621.29
621.29
621.29
409.26
409.26
409.26
409.26
409.26
409.26
621.75
621.75
668.34
668.34
709.88
709.88
692.25
692.25
524.25
524.25
701.50
701.50
672.95
672.95
508.77
508.77
508.77
508.77
508.77
508.77
508.77
508.77
508.77
508.77
646.62
646.62
646.62
646.62
646.62
646.62
694.10
694.10
694.10
694.10
694.10
694.10
694.10
694.10
657.27
657.27
657.27
657.27
619.96
619.96
619.96
619.96
619.96
619.96
645.77
645.77
645.77
645.77
617.58
617.58
617.58
617.58
657.04
657.04
657.04
657.04
657.04
657.04
670.19
670.19
670.19
670.19
427.41
427.41
427.41
427.41
427.41
427.41
710.16
710.16
710.16
710.16
713.27
713.27
713.27
713.27
713.27
713.27
713.27
713.27
713.27
713.27
713.27
713.27
713.27
713.27
713.27
713.27
713.27
713.27
713.27
713.27
792.11
792.11
792.11
792.11
792.11
792.11
798.38
798.38
863.28
863.28
742.33
742.33
796.61
796.61
796.61
796.61
796.61
796.61
728.14
728.14
728.14
728.14
728.14
728.14
850.85
850.85
850.85
850.85
850.85
850.85
850.85
850.85
850.85
850.85
850.85
850.85
850.85
850.85
850.85
850.85
850.85
850.85
850.85
850.85
850.85
850.85
850.85
850.85
820.00
820.00
820.00
820.00
820.00
820.00
820.00
820.00
820.00
820.00
820.00
820.00
792.94
792.94
792.94
792.94
792.94
792.94
792.94
792.94
792.94
792.94
792.94
792.94
716.15
716.15
716.15
716.15
716.15
716.15
716.15
716.15
716.15
716.15
716.15
716.15
716.15
716.15
716.15
716.15
716.15
716.15
716.15
716.15
716.15
716.15
716.15
716.15
899.72
899.72
899.72
899.72
899.72
899.72
899.72
899.72
899.72
899.72
899.72
899.72
899.72
899.72
899.72
899.72
899.72
899.72
899.72
899.72
899.72
899.72
899.72
899.72
845.84
845.84
845.84
845.84
845.84
845.84
845.84
845.84
845.84
845.84
845.84
845.84
845.84
845.84
845.84
845.84
845.84
845.84
845.84
845.84
845.84
845.84
845.84
845.84
896.53
896.53
1055.29
1055.29
1055.29
1055.29
1055.29
1055.29
1055.29
1055.29
1055.29
1055.29
1055.29
1055.29
1055.29
1055.29
1055.29
1055.29
1055.29
1055.29
1055.29
1055.29
1055.29
1055.29
1072.26
1072.26
1072.26
1072.26
1072.26
1072.26
1072.26
1072.26
1072.26
1072.26
1072.26
1072.26
1072.26
1072.26
1072.26
1072.26
1072.26
1072.26
1072.26
1072.26
1072.26
1072.26
1072.26
1072.26
1126.43
1126.43
1126.43
1126.43
1126.43
1126.43
1126.43
1126.43
1126.43
1126.43
1126.43
1126.43
1126.43
1126.43
1126.43
1126.43
1126.43
1126.43
1126.43
1126.43
1126.43
1126.43
1126.43
1126.43
1126.43
1126.43
1126.43
1126.43
1126.43
1126.43
1126.43
1126.43
1126.43
1126.43
1126.43
1126.43
1126.43
1126.43
1126.43
1126.43
1126.43
1126.43
1126.43
1126.43
1126.43
1126.43
1126.43
1126.43
1126.43
1126.43
1126.43
1126.43
1126.43
1126.43
1126.43
1126.43
1126.43
1126.43
1126.43
1126.43
1126.43
1126.43
1126.43
1126.43
1126.43
1126.43
1126.43
1126.43
1126.43
1126.43
1126.43
1126.43
1126.43
1126.43
1126.43
1126.43
1126.43
1126.43
1126.43
1126.43
1126.43
1126.43
1126.43
1126.43
1126.43
1126.43
1126.43
1126.43
1126.43
1126.43
1126.43
1126.43
1126.43
1126.43
1126.43
1126.43
1126.43
1126.43
1126.43
1126.43
1344.45
1344.45
1344.45
1344.45
1344.45
1344.45
1344.45
1344.45
1344.45
1344.45
1344.45
1344.45
1344.45
1344.45
1344.45
1344.45
1344.45
1344.45
1344.45
1344.45
1344.45
1344.45
1344.45
1344.45
1344.45
1344.45
1344.45
1344.45
1344.45
1344.45
1344.45
1344.45
1344.45
1344.45
1344.45
1344.45
1344.45
1344.45
1344.45
1344.45
1344.45
1344.45
1344.45
1344.45
1344.45
1344.45
1344.45
1344.45
1344.45
1344.45
1344.45
1344.45
1344.45
1344.45
1344.45
1344.45
1344.45
1344.45
1344.45
1344.45
1344.45
1344.45
1344.45
1344.45
1344.45
1344.45
1344.45
1344.45
1344.45
1344.45
1344.45
1344.45
1344.45
1344.45
1344.45
1344.45
1344.45
1344.45
1344.45
1344.45
1344.45
1344.45
1344.45
1344.45
1344.45
1344.45
1344.45
1344.45
1344.45
1344.45
1344.45
1344.45
1344.45
1344.45
1344.45
1344.45
1344.45
1344.45
1344.45
1344.45
1344.45
1505.37
1505.37
1505.37
1505.37
1505.37
1505.37
1505.37
1505.37
1505.37
1505.37
1505.37
1505.37
1505.37
1505.37
1505.37
1505.37
1505.37
1505.37
1505.37
1505.37
1505.37
1505.37
1505.37
1505.37
1505.37
1505.37
1505.37
1505.37
1505.37
1505.37
1505.37
1505.37
1505.37
1691.21
1691.21
1691.21
1691.21
1691.21
1691.21
1691.21
1691.21
1691.21
1691.21
1691.21
1691.21
1691.21
1691.21
1691.21
1691.21
1691.21
1691.21
1691.21
1691.21
1691.21
1691.21
1691.21
1840.37
1840.37
1613.83
1613.83
1660.45
1660.45
1660.45
1660.45
1660.45
1660.45
1660.45
1660.45
1660.45
1660.45
1660.45
1660.45
1660.45
1660.45
1660.45
1660.45
1660.45
1660.45
1660.45
1660.45
1660.45
1660.45
1660.45
1660.45
1660.45
1660.45
1660.45
1660.45
1660.45
1660.45
1660.45
1660.45
1660.45
1660.45
1660.45
1660.45
1660.45
1660.45
455.36
455.36
581.40
581.40
581.40
581.40
581.40
581.40
597.28
597.28
597.28
597.28
597.28
597.28
597.28
597.28
674.23
674.23
691.78
691.78
691.78
691.78
691.78
691.78
721.70
721.70
721.70
721.70
809.55
809.55
809.55
809.55
809.55
809.55
809.55
809.55
809.55
809.55
809.55
809.55
10.00
10.00
44.97
44.97
249.99
249.99
302.47
302.47
333.82
333.82
363.40
363.40
341.83
341.83
341.83
341.83
408.84
408.84
408.84
408.84
495.67
495.67
495.67
495.67
495.67
495.67
476.87
476.87
476.87
476.87
495.23
495.23
495.23
495.23
525.59
525.59
583.16
583.16
612.46
612.46
556.82
556.82
556.82
556.82
471.52
471.52
471.52
471.52
471.52
471.52
320.02
320.02
320.02
320.02
545.96
545.96
545.96
545.96
572.99
572.99
572.99
572.99
572.99
572.99
450.12
450.12
450.12
450.12
569.01
569.01
569.01
569.01
569.01
569.01
569.01
569.01
569.01
569.01
642.41
642.41
753.82
753.82
670.35
670.35
899.28
899.28
888.09
888.09
888.09
888.09
888.09
888.09
888.09
888.09
888.09
888.09
888.09
888.09
888.09
888.09
888.09
888.09
888.09
888.09
888.09
888.09
888.09
888.09
888.09
888.09
888.09
888.09
11.11
11.11
37.95
37.95
86.97
86.97
83.82
83.82
204.97
204.97
254.81
254.81
254.81
254.81
348.26
348.26
14.62
14.62
418.58
418.58
392.59
392.59
392.59
392.59
429.21
429.21
429.21
429.21
447.89
447.89
447.89
447.89
447.89
447.89
478.94
478.94
478.94
478.94
478.22
478.22
478.22
478.22
517.01
517.01
517.01
517.01
517.01
517.01
211.63
211.63
211.63
211.63
514.48
514.48
514.48
514.48
514.48
514.48
487.05
487.05
487.05
487.05
230.34
230.34
255.47
255.47
534.03
534.03
534.03
534.03
534.03
534.03
578.50
578.50
674.81
674.81
611.78
611.78
611.78
611.78
740.67
740.67
739.84
739.84
821.34
821.34
821.34
821.34
821.34
821.34
821.34
821.34
821.34
821.34
821.34
821.34
812.90
812.90
812.90
812.90
812.90
812.90
812.90
812.90
812.90
812.90
812.90
812.90
812.90
812.90
812.90
812.90
812.90
812.90
812.90
812.90
812.90
812.90
812.90
812.90
873.60
873.60
873.60
873.60
924.60
924.60
924.60
924.60
924.60
924.60
924.60
924.60
924.60
924.60
924.60
924.60
924.60
924.60
924.60
924.60
924.60
924.60
924.60
924.60
924.60
924.60
928.85
928.85
928.85
928.85
928.85
928.85
928.85
928.85
943.23
943.23
943.23
943.23
957.30
957.30
957.30
957.30
957.30
957.30
957.30
957.30
957.30
957.30
957.30
957.30
957.30
957.30
957.30
957.30
957.30
957.30
952.50
952.50
1024.94
1024.94
1106.49
1106.49
1106.49
1106.49
1106.49
1106.49
1206.54
1206.54
478.78
478.78
576.97
576.97
576.97
576.97
576.97
576.97
576.97
576.97
576.97
576.97
576.97
576.97
591.26
591.26
591.26
591.26
591.26
591.26
591.26
591.26
591.26
591.26
628.25
628.25
628.25
628.25
628.25
628.25
628.25
628.25
628.25
628.25
628.25
628.25
628.25
628.25
628.25
628.25
628.25
628.25
628.25
628.25
628.25
628.25
628.25
628.25
628.25
628.25
628.25
628.25
628.25
628.25
628.25
628.25
628.25
628.25
628.25
628.25
628.25
628.25
934.18
934.18
934.18
934.18
934.18
934.18
123.64
123.64
430.55
430.55
430.55
430.55
430.55
430.55
447.47
447.47
477.45
477.45
477.45
477.45
477.45
477.45
477.45
477.45
528.15
528.15
528.15
528.15
528.15
528.15
528.15
528.15
528.15
528.15
528.15
528.15
528.15
528.15
528.15
528.15
528.15
528.15
528.15
528.15
528.15
528.15
528.15
528.15
528.15
528.15
23.10
23.10
85.55
85.55
108.17
108.17
157.91
157.91
182.44
182.44
338.23
338.23
377.79
377.79
377.79
377.79
223.60
223.60
223.60
223.60
448.25
448.25
464.51
464.51
464.51
464.51
477.59
477.59
477.59
477.59
495.79
495.79
495.79
495.79
495.79
495.79
517.48
517.48
517.48
517.48
498.10
498.10
498.10
498.10
580.40
580.40
580.40
580.40
580.40
580.40
543.91
543.91
543.91
543.91
504.00
504.00
504.00
504.00
504.00
504.00
613.28
613.28
613.28
613.28
637.13
637.13
652.78
652.78
657.96
657.96
657.96
657.96
657.96
657.96
616.34
616.34
616.34
616.34
616.34
616.34
616.34
616.34
616.34
616.34
648.13
648.13
648.13
648.13
648.13
648.13
648.13
648.13
648.13
648.13
648.13
648.13
633.54
633.54
657.26
657.26
632.09
632.09
591.01
591.01
652.79
652.79
652.79
652.79
499.01
499.01
499.01
499.01
499.01
499.01
499.01
499.01
499.01
499.01
499.01
499.01
548.81
548.81
620.52
620.52
620.52
620.52
646.93
646.93
419.38
419.38
419.38
419.38
419.38
419.38
419.38
419.38
663.46
663.46
663.46
663.46
663.46
663.46
407.23
407.23
407.23
407.23
557.43
557.43
557.43
557.43
685.36
685.36
743.93
743.93
670.08
670.08
636.74
636.74
636.74
636.74
489.98
489.98
489.98
489.98
489.98
489.98
679.32
679.32
679.32
679.32
623.25
623.25
623.25
623.25
611.97
611.97
611.97
611.97
611.97
611.97
684.40
684.40
684.40
684.40
631.97
631.97
631.97
631.97
685.41
685.41
685.41
685.41
685.41
685.41
666.37
666.37
666.37
666.37
672.05
672.05
672.05
672.05
672.05
672.05
683.34
683.34
683.34
683.34
655.92
655.92
655.92
655.92
634.88
634.88
657.55
657.55
753.06
753.06
418.05
418.05
743.77
743.77
669.66
669.66
731.44
731.44
709.88
709.88
672.58
672.58
672.58
672.58
645.77
645.77
645.77
645.77
683.56
683.56
680.59
680.59
726.16
726.16
723.02
723.02
723.02
723.02
10.00
10.00
385.07
385.07
527.86
527.86
527.86
527.86
720.88
720.88
700.23
700.23
700.23
700.23
672.95
672.95
670.02
670.02
726.32
726.32
668.68
668.68
668.68
668.68
625.68
625.68
625.68
625.68
678.74
678.74
679.17
679.17
714.84
714.84
20.43
20.43
616.36
616.36
455.53
455.53
455.53
455.53
455.53
455.53
669.78
669.78
669.78
669.78
669.78
669.78
669.78
669.78
634.48
634.48
530.65
530.65
450.05
450.05
669.94
669.94
669.94
669.94
672.15
672.15
672.15
672.15
672.15
672.15
622.26
622.26
634.92
634.92
651.07
651.07
633.65
633.65
617.72
617.72
304.34
304.34
645.45
645.45
671.86
671.86
712.01
712.01
599.40
599.40
599.40
599.40
599.40
599.40
756.15
756.15
756.15
756.15
756.15
756.15
756.15
756.15
756.15
756.15
756.15
756.15
756.15
756.15
756.15
756.15
756.15
756.15
756.15
756.15
756.15
756.15
756.15
756.15
700.68
700.68
700.68
700.68
634.91
634.91
634.91
634.91
632.40
632.40
632.40
632.40
632.40
632.40
619.34
619.34
619.34
619.34
619.34
619.34
619.34
619.34
619.34
619.34
621.52
621.52
621.52
621.52
621.52
244.85
335.76
335.76
603.85
603.85
603.85
603.85
603.85
603.85
646.85
646.85
646.85
646.85
623.79
623.79
605.69
605.69
657.25
657.25
657.25
657.25
657.25
657.25
634.55
634.55
634.55
634.55
653.94
653.94
653.94
653.94
653.94
653.94
642.92
642.92
642.92
642.92
668.29
668.29
668.29
668.29
668.29
668.29
672.71
672.71
672.71
672.71
689.29
689.29
689.29
689.29
641.40
641.40
641.40
641.40
641.40
641.40
661.98
661.98
698.35
698.35
698.35
698.35
698.35
698.35
698.35
698.35
592.29
592.29
592.29
592.29
696.34
696.34
696.34
696.34
669.95
669.95
669.95
669.95
669.95
669.95
682.86
682.86
682.86
682.86
552.43
552.43
552.43
552.43
718.23
718.23
740.45
740.45
740.45
740.45
681.17
681.17
681.17
681.17
713.13
713.13
713.13
713.13
713.13
713.13
638.63
638.63
638.63
638.63
638.63
705.79
705.79
738.45
738.45
738.45
738.45
657.49
657.49
657.49
657.49
638.89
638.89
638.89
638.89
659.42
659.42
691.42
691.42
691.42
691.42
699.89
699.89
699.89
699.89
681.10
681.10
681.10
681.10
681.10
681.10
681.10
681.10
681.10
681.10
681.10
681.10
22.49
22.49
641.36
641.36
641.36
641.36
641.36
641.36
616.15
616.15
616.15
616.15
151.77
151.77
296.40
296.40
669.79
669.79
654.85
654.85
700.28
700.28
748.93
748.93
748.93
748.93
618.21
618.21
618.21
618.21
618.21
618.21
618.21
618.21
618.21
618.21
657.30
657.30
657.30
657.30
657.30
657.30
680.94
680.94
680.94
680.94
487.19
487.19
659.78
659.78
246.29
246.29
246.29
246.29
255.14
255.14
635.08
635.08
635.08
635.08
690.58
690.58
690.58
690.58
690.58
690.58
700.29
700.29
700.29
700.29
700.29
700.29
700.29
700.29
644.30
644.30
644.30
644.30
668.39
668.39
112.03
112.03
235.93
235.93
661.24
661.24
661.24
661.24
661.24
661.24
713.39
713.39
713.39
713.39
679.49
679.49
679.49
679.49
700.23
700.23
700.23
700.23
700.23
700.23
654.91
654.91
654.91
654.91
659.89
659.89
659.89
659.89
659.89
659.89
715.76
715.76
715.76
715.76
715.76
715.76
715.76
715.76
608.10
608.10
608.10
608.10
608.10
608.10
659.52
659.52
659.52
659.52
101.59
101.59
169.64
169.64
175.71
175.71
726.58
726.58
726.58
726.58
700.76
700.76
700.76
700.76
683.14
683.14
683.14
683.14
683.14
683.14
681.45
681.45
681.45
681.45
620.01
620.01
620.01
620.01
620.01
620.01
787.30
787.30
787.30
787.30
688.64
688.64
688.64
688.64
756.99
756.99
756.99
756.99
756.99
756.99
756.99
756.99
756.99
756.99
756.99
756.99
809.38
809.38
809.38
809.38
565.87
565.87
565.87
565.87
565.87
565.87
723.07
723.07
723.07
723.07
723.07
723.07
723.07
723.07
723.07
723.07
723.07
723.07
723.07
723.07
723.07
723.07
723.07
723.07
853.94
853.94
853.94
853.94
853.94
853.94
853.94
853.94
853.94
853.94
853.94
853.94
853.94
853.94
853.94
853.94
853.94
853.94
853.94
853.94
853.94
853.94
853.94
853.94
853.94
853.94
853.94
853.94
853.94
853.94
853.94
853.94
853.94
853.94
853.94
853.94
853.94
853.94
853.94
853.94
853.94
853.94
853.94
853.94
853.94
853.94
853.94
853.94
905.49
905.49
802.62
802.62
802.62
802.62
802.62
802.62
892.88
892.88
892.88
892.88
812.72
812.72
812.72
812.72
812.72
812.72
812.72
812.72
805.48
805.48
805.48
805.48
805.48
805.48
805.48
805.48
805.48
805.48
609.96
609.96
567.21
567.21
567.21
567.21
567.21
567.21
775.60
775.60
646.66
646.66
692.19
692.19
692.19
692.19
692.19
692.19
692.19
692.19
692.19
692.19
692.19
692.19
740.37
740.37
658.24
658.24
739.56
739.56
739.56
739.56
668.26
668.26
668.26
668.26
668.26
668.26
668.26
668.26
668.53
668.53
668.53
668.53
668.53
668.53
683.26
683.26
683.26
683.26
659.80
659.80
659.80
659.80
696.48
696.48
678.05
678.05
678.05
678.05
681.60
681.60
721.50
721.50
670.92
670.92
670.92
670.92
670.92
670.92
593.98
593.98
593.98
593.98
152.71
152.71
254.38
254.38
341.02
341.02
621.82
621.82
706.45
706.45
623.75
623.75
623.75
623.75
670.22
670.22
670.22
670.22
631.35
631.35
655.56
655.56
616.05
616.05
643.36
643.36
643.36
643.36
671.03
671.03
671.03
671.03
635.02
635.02
682.16
682.16
682.16
682.16
645.59
645.59
645.59
645.59
645.59
645.59
587.56
587.56
587.56
587.56
684.14
684.14
684.14
684.14
684.14
684.14
691.27
691.27
809.95
809.95
878.35
878.35
872.07
872.07
872.07
872.07
872.07
872.07
872.07
872.07
872.07
872.07
872.07
872.07
872.07
872.07
872.07
872.07
872.07
872.07
872.07
872.07
872.07
872.07
872.07
872.07
872.07
872.07
872.07
872.07
872.07
872.07
872.07
872.07
872.07
872.07
872.07
872.07
872.07
872.07
872.07
872.07
872.07
872.07
928.01
928.01
856.32
856.32
702.07
702.07
934.04
934.04
944.78
944.78
868.03
868.03
968.35
968.35
968.35
968.35
968.35
968.35
968.35
968.35
968.35
968.35
968.35
968.35
968.35
968.35
968.35
968.35
968.35
968.35
968.35
968.35
968.35
968.35
968.35
968.35
968.35
968.35
968.35
968.35
968.35
968.35
968.35
968.35
968.35
968.35
968.35
968.35
972.17
972.17
972.17
972.17
972.17
972.17
972.17
972.17
972.17
972.17
972.17
972.17
972.17
972.17
972.17
972.17
972.17
972.17
972.17
972.17
972.17
972.17
972.17
972.17
919.29
919.29
919.29
919.29
919.29
919.29
919.29
919.29
919.29
919.29
919.29
919.29
919.29
919.29
919.29
919.29
919.29
919.29
919.29
919.29
919.29
919.29
919.29
919.29
937.53
937.53
937.53
937.53
937.53
937.53
937.53
937.53
937.53
937.53
937.53
937.53
937.53
937.53
937.53
937.53
937.53
937.53
937.53
937.53
937.53
937.53
937.53
937.53
430.43
430.43
430.43
430.43
430.43
430.43
430.43
430.43
430.43
430.43
430.43
430.43
430.43
430.43
710.55
710.55
710.55
710.55
710.55
710.55
710.55
710.55
655.63
655.63
778.28
778.28
778.28
778.28
693.91
693.91
693.91
693.91
699.08
699.08
746.79
746.79
746.79
746.79
710.74
710.74
710.74
710.74
710.74
710.74
696.80
696.80
696.80
696.80
781.04
781.04
781.21
781.21
781.21
781.21
781.21
781.21
781.21
781.21
781.21
781.21
781.21
781.21
781.21
781.21
781.21
781.21
781.21
781.21
781.21
781.21
781.21
781.21
824.22
824.22
824.22
824.22
824.22
824.22
824.22
824.22
824.22
824.22
824.22
824.22
824.22
824.22
890.67
890.67
890.67
890.67
890.67
890.67
890.67
890.67
890.67
890.67
1015.63
1015.63
1015.63
1015.63
1015.63
1015.63
1015.63
1015.63
1015.63
1015.63
1015.63
1015.63
1015.63
1015.63
1015.63
1015.63
1015.63
1015.63
1015.63
1015.63
1015.63
1015.63
1015.63
1015.63
1015.63
1015.63
1015.63
1015.63
1015.63
1015.63
1015.63
1015.63
1015.63
1015.63
1015.63
1015.63
959.90
959.90
959.90
959.90
998.45
998.45
1002.64
1002.64
1002.64
1002.64
1002.64
1002.64
1117.01
1117.01
1117.01
1117.01
961.37
961.37
961.37
961.37
961.37
961.37
961.37
961.37
961.37
961.37
961.37
961.37
961.37
961.37
961.37
961.37
961.37
961.37
961.37
961.37
961.37
961.37
961.37
961.37
961.37
961.37
961.37
961.37
961.37
961.37
961.37
961.37
961.37
961.37
961.37
961.37
961.37
961.37
961.37
961.37
961.37
961.37
961.37
961.37
961.37
961.37
961.37
961.37
961.37
961.37
961.37
961.37
961.37
961.37
961.37
961.37
961.37
961.37
961.37
961.37
961.37
961.37
961.37
961.37
961.37
961.37
961.37
961.37
961.37
961.37
961.37
961.37
961.37
961.37
961.37
961.37
961.37
961.37
961.37
961.37
961.37
961.37
961.37
961.37
961.37
961.37
961.37
961.37
961.37
961.37
961.37
961.37
961.37
961.37
961.37
961.37
961.37
961.37
961.37
961.37
961.37
961.37
961.37
961.37
961.37
961.37
961.37
961.37
961.37
961.37
961.37
961.37
961.37
961.37
961.37
961.37
961.37
961.37
961.37
961.37
10.00
10.00
10.00
22.58
22.58
238.68
344.43
344.43
354.56
354.56
300.47
300.47
499.64
499.64
543.46
543.46
543.46
543.46
501.27
501.27
501.27
501.27
501.27
501.27
532.51
532.51
532.51
532.51
578.55
578.55
578.55
578.55
578.55
578.55
583.91
583.91
583.91
583.91
567.20
567.20
567.20
567.20
577.95
577.95
329.72
329.72
577.18
577.18
228.88
228.88
560.58
560.58
560.58
540.64
596.04
596.04
537.61
537.61
615.84
615.84
619.14
619.14
598.41
598.41
745.98
745.98
682.51
682.51
724.01
724.01
724.01
724.01
724.01
724.01
724.01
724.01
683.24
683.24
724.37
724.37
724.37
724.37
682.52
682.52
682.52
682.52
657.30
657.30
657.30
657.30
648.13
648.13
648.13
648.13
648.13
648.13
683.55
683.55
667.95
667.95
657.64
657.64
657.64
657.64
749.80
749.80
749.80
749.80
749.80
749.80
659.65
659.65
659.65
659.65
659.65
719.49
719.49
719.49
719.49
719.49
719.49
657.40
657.40
657.40
657.40
326.23
326.23
326.23
326.23
682.97
682.97
806.42
806.42
806.42
806.42
806.42
806.42
806.42
806.42
806.42
806.42
806.42
806.42
806.42
806.42
806.42
806.42
806.42
806.42
806.42
806.42
806.42
806.42
806.42
806.42
806.42
806.42
806.42
806.42
806.42
806.42
806.42
806.42
806.42
806.42
806.42
806.42
806.42
806.42
806.42
806.42
806.42
806.42
806.42
806.42
806.42
806.42
806.42
806.42
397.01
397.01
409.34
409.34
470.59
470.59
470.59
470.59
317.34
317.34
317.34
317.34
317.34
317.34
558.01
558.01
558.01
558.01
478.51
478.51
478.51
478.51
522.70
522.70
522.70
522.70
564.86
564.86
569.94
569.94
569.94
569.94
545.96
545.96
545.96
545.96
545.96
545.96
546.40
546.40
546.40
546.40
573.87
573.87
718.53
718.53
644.07
644.07
740.81
740.81
740.81
740.81
248.70
248.70
326.72
326.72
676.32
676.32
676.32
676.32
676.32
676.32
670.05
670.05
670.05
670.05
686.71
686.71
686.71
686.71
663.54
663.54
663.54
663.54
663.54
663.54
619.87
619.87
619.87
619.87
655.57
655.57
655.57
655.57
655.57
655.57
672.24
672.24
672.24
672.24
657.65
657.65
657.65
657.65
657.65
657.65
734.64
734.64
734.64
734.64
657.39
657.39
657.39
657.39
657.39
657.39
657.39
657.39
657.39
657.39
699.31
699.31
699.31
699.31
655.88
655.88
655.88
655.88
672.14
672.14
672.14
672.14
672.14
672.14
597.37
597.37
597.37
597.37
597.37
597.37
597.37
597.37
597.37
597.37
552.41
552.41
552.41
552.41
628.41
628.41
628.41
628.41
644.88
644.88
644.88
644.88
644.88
644.88
686.16
686.16
686.16
686.16
653.20
653.20
653.20
653.20
653.20
653.20
711.41
711.41
711.41
711.41
669.73
669.73
669.73
669.73
710.74
710.74
710.74
710.74
710.74
710.74
681.41
681.41
681.41
681.41
634.48
634.48
634.48
634.48
634.48
634.48
649.99
649.99
649.99
649.99
649.99
649.99
649.99
649.99
296.06
296.06
736.86
736.86
542.93
542.93
583.96
583.96
583.96
583.96
692.19
692.19
692.19
692.19
692.19
692.19
708.28
708.28
708.28
708.28
694.45
694.45
694.45
694.45
638.50
638.50
638.50
638.50
638.50
638.50
798.51
798.51
815.37
815.37
815.37
815.37
815.37
815.37
815.37
815.37
815.37
815.37
815.37
815.37
815.37
815.37
815.37
815.37
815.37
815.37
815.37
815.37
815.37
815.37
815.37
815.37
815.37
815.37
815.37
815.37
815.37
815.37
815.37
815.37
815.37
815.37
815.37
815.37
815.37
815.37
815.37
815.37
815.37
815.37
815.37
815.37
815.37
815.37
672.95
672.95
460.35
460.35
636.19
636.19
750.46
750.46
750.97
750.97
695.60
695.60
750.94
750.94
708.30
708.30
708.30
708.30
761.24
761.24
781.96
781.96
781.96
781.96
726.02
726.02
726.02
726.02
726.02
726.02
726.02
726.02
726.02
726.02
810.33
810.33
810.33
810.33
810.33
810.33
810.33
810.33
810.33
810.33
810.33
810.33
810.33
810.33
810.33
810.33
810.33
810.33
810.33
810.33
810.33
810.33
810.33
810.33
898.32
898.32
898.32
898.32
898.32
898.32
898.32
898.32
898.32
898.32
898.32
898.32
898.32
898.32
898.32
898.32
898.32
898.32
898.32
898.32
898.32
898.32
898.32
898.32
944.78
944.78
944.78
944.78
944.78
944.78
944.78
944.78
944.78
944.78
944.78
944.78
944.78
944.78
944.78
944.78
944.78
944.78
944.78
944.78
944.78
944.78
944.78
944.78
969.39
969.39
969.39
969.39
969.39
969.39
969.39
969.39
969.39
969.39
969.39
969.39
969.39
969.39
969.39
969.39
969.39
969.39
969.39
969.39
969.39
969.39
969.39
969.39
961.14
961.14
961.14
961.14
961.14
961.14
961.14
961.14
961.14
961.14
961.14
961.14
961.14
961.14
961.14
961.14
961.14
961.14
961.14
961.14
961.14
961.14
961.14
961.14
961.14
961.14
961.14
961.14
961.14
961.14
961.14
961.14
961.14
961.14
961.14
961.14
961.14
961.14
961.14
961.14
961.14
961.14
961.14
961.14
961.14
961.14
961.14
961.14
961.14
961.14
961.14
961.14
961.14
961.14
961.14
961.14
10.00
10.00
40.78
40.78
206.89
206.89
296.54
296.54
518.65
518.65
258.92
258.92
541.70
541.70
621.66
621.66
655.31
655.31
663.99
663.99
643.75
643.75
631.25
631.25
660.35
660.35
660.35
660.35
645.80
645.80
645.80
645.80
645.80
645.80
642.39
642.39
715.87
715.87
696.78
696.78
696.78
696.78
696.78
696.78
670.20
670.20
670.20
670.20
670.20
670.20
670.20
670.20
670.20
670.20
701.88
701.88
701.88
701.88
686.22
686.22
655.67
655.67
444.19
444.19
444.19
444.19
444.19
444.19
444.19
444.19
444.19
444.19
656.19
656.19
656.19
656.19
656.19
656.19
649.89
649.89
649.89
649.89
526.02
526.02
526.02
526.02
669.57
669.57
669.57
669.57
669.57
669.57
678.90
678.90
678.90
678.90
651.28
651.28
651.28
651.28
737.73
737.73
735.99
735.99
755.85
755.85
728.59
728.59
414.79
414.79
908.33
908.33
10.00
10.00
318.62
318.62
442.09
442.09
442.09
442.09
542.78
542.78
542.78
542.78
542.78
542.78
542.78
542.78
542.78
542.78
542.78
542.78
542.78
542.78
542.78
542.78
542.78
542.78
542.78
542.78
542.78
542.78
542.78
542.78
10.00
10.00
47.87
47.87
218.60
218.60
349.68
349.68
322.36
322.36
350.65
350.65
350.65
350.65
439.45
439.45
444.48
444.48
444.48
444.48
502.05
502.05
502.05
502.05
478.66
478.66
478.66
478.66
478.66
478.66
541.55
541.55
338.02
338.02
514.01
514.01
514.01
514.01
522.23
522.23
553.50
553.50
553.50
553.50
418.49
418.49
537.27
537.27
587.09
587.09
530.54
530.54
530.54
603.72
682.66
682.66
731.73
731.73
540.15
540.15
540.15
540.15
582.55
582.55
582.55
582.55
782.09
782.09
655.54
655.54
655.54
655.54
655.54
655.54
655.54
655.54
655.54
655.54
655.54
655.54
655.54
655.54
693.60
693.60
693.60
693.60
693.60
668.71
668.71
668.71
668.71
668.71
593.95
593.95
593.95
593.95
593.95
593.95
593.95
593.95
657.71
657.71
657.71
657.71
657.71
657.71
689.88
689.88
689.88
689.88
10.00
10.00
347.34
347.34
672.18
672.18
683.23
683.23
683.23
683.23
667.68
667.68
673.00
673.00
501.63
501.63
501.63
501.63
469.38
469.38
469.38
469.38
555.19
555.19
635.11
635.11
226.69
226.69
289.45
289.45
582.97
582.97
713.63
713.63
597.34
597.34
597.34
597.34
657.74
657.74
657.74
657.74
657.74
657.74
659.83
659.83
659.83
659.83
659.83
659.83
670.21
670.21
739.46
739.46
302.03
302.03
356.76
356.76
708.59
708.59
712.31
712.31
637.89
637.89
737.58
737.58
737.58
737.58
642.17
642.17
642.17
642.17
669.12
669.12
669.12
669.12
669.12
669.12
669.12
669.12
669.12
669.12
713.36
713.36
713.36
713.36
672.33
672.33
495.91
495.91
507.36
507.36
679.20
679.20
679.20
679.20
667.49
667.49
667.49
667.49
667.49
667.49
667.49
667.49
649.21
649.21
685.75
685.75
685.75
685.75
708.80
708.80
708.80
708.80
708.80
708.80
676.77
676.77
676.77
676.77
676.77
676.77
676.77
676.77
676.77
676.77
231.56
231.56
1034.33
1034.33
1681.91
1681.91
1681.91
1681.91
2322.92
2322.92
431.31
431.31
2641.97
2641.97
2658.76
2658.76
2528.12
2528.12
2528.12
2528.12
2528.12
2528.12
2528.12
2528.12
2528.12
2528.12
2528.12
2528.12
2528.12
2528.12
2528.12
2528.12
2528.12
2528.12
2452.68
2452.68
2496.62
2496.62
2666.86
2666.86
2717.60
2717.60
2739.35
2739.35
2739.35
2739.35
2739.35
2739.35
2739.35
2739.35
2739.35
2739.35
2739.35
2739.35
2739.35
2739.35
3008.31
3008.31
3008.31
3008.31
3009.94
3009.94
2694.10
2694.10
3314.63
3314.63
3238.75
3238.75
3238.75
3238.75
3238.75
3238.75
3238.75
3238.75
3238.75
3238.75
3238.75
3238.75
3238.75
3238.75
3238.75
3238.75
1800.22
1800.22
1434.50
1434.50
573.88
573.88
1680.47
1680.47
558.73
558.73
1293.95
1293.95
1743.61
1743.61
2065.82
2065.82
2065.82
2065.82
2065.82
2065.82
2065.82
2065.82
2065.82
2065.82
2065.82
2065.82
2065.82
2065.82
2065.82
2065.82
2065.82
2065.82
2065.82
2254.11
2254.11
2011.89
2011.89
2575.10
2575.10
2353.40
2353.40
2482.68
2482.68
2482.68
2482.68
2482.68
2482.68
2482.68
2482.68
2482.68
2482.68
2482.68
2482.68
2482.68
2482.68
2482.68
2482.68
2482.68
2482.68
2482.68
2482.68
1979.78
1979.78
2221.09
2221.09
2452.05
2452.05
2452.05
2452.05
2559.47
2559.47
2452.96
2452.96
2745.72
2745.72
2745.72
2745.72
2745.72
2745.72
2745.72
2745.72
2745.72
2745.72
2745.72
2745.72
2745.72
2745.72
2745.72
2745.72
2745.72
2745.72
2560.09
2560.09
265.10
265.10
1852.09
1852.09
1852.09
1852.09
1852.09
1852.09
3417.87
3417.87
3436.39
3436.39
3436.39
3436.39
3436.39
3436.39
3436.39
3436.39
3436.39
3436.39
3436.39
3436.39
3436.39
3436.39
3436.39
3436.39
1800.88
1800.88
2655.98
2655.98
2655.98
2655.98
2655.98
2655.98
2817.86
2817.86
3186.98
3186.98
3204.27
3204.27
3102.79
3102.79
2928.56
2928.56
2928.56
2928.56
2928.56
2928.56
2928.56
2928.56
2928.56
2928.56
2928.56
2928.56
2928.56
2928.56
546.88
546.88
3640.44
3640.44
674.70
674.70
674.70
674.70
901.20
901.20
901.20
901.20
901.20
901.20
901.20
901.20
901.20
901.20
901.20
901.20
901.20
901.20
1908.44
1908.44
1908.44
1908.44
1908.44
1908.44
1908.44
1908.44
1908.44
1908.44
1908.44
1908.44
1908.44
1908.44
1908.44
1908.44
1983.07
1983.07
1983.07
1983.07
1983.07
1983.07
2100.68
2100.68
2100.68
2100.68
2100.68
2100.68
2100.68
2100.68
2100.68
2100.68
2100.68
2100.68
2100.68
2100.68
4111.66
4111.66
4111.66
4111.66
4111.66
4111.66
4111.66
4111.66
4111.66
4111.66
4111.66
4111.66
4111.66
4111.66
4111.66
4111.66
4310.71
4310.71
3664.92
3664.92
3664.92
3664.92
3664.92
3664.92
3628.69
3628.69
3628.69
3628.69
3628.69
3628.69
3628.69
3628.69
3628.69
3628.69
3628.69
3628.69
3628.69
3628.69
3628.69
3628.69
5146.37
5146.37
5087.53
5087.53
5087.53
5087.53
5087.53
5087.53
5087.53
5087.53
5087.53
5087.53
5087.53
5087.53
5087.53
5087.53
5087.53
5087.53
5087.53
5087.53
4704.48
4704.48
5372.04
5372.04
6621.28
6621.28
6621.28
6621.28
6621.28
6621.28
6621.28
6621.28
6621.28
6621.28
6621.28
6621.28
6621.28
6621.28
6621.28
6621.28
6621.28
6621.28
6621.28
6621.28
6621.28
6621.28
6621.28
6621.28
6621.28
6621.28
708.53
708.53
1934.07
1934.07
4601.47
4601.47
4601.47
4601.47
4601.47
4601.47
4601.47
4601.47
4601.47
4601.47
4601.47
4601.47
4601.47
4601.47
4601.47
4601.47
4601.47
4601.47
4601.47
4601.47
4601.47
4601.47
164.81
164.81
645.84
645.84
2781.90
2781.90
2781.90
2781.90
2828.61
2828.61
2828.61
2828.61
2828.61
2828.61
2828.61
2828.61
2828.61
2828.61
2828.61
2828.61
2828.61
2828.61
2828.61
2828.61
2828.61
2828.61
2828.61
2828.61
3166.34
3166.34
3166.34
3166.34
3166.34
3166.34
3166.34
3166.34
3166.34
3166.34
3166.34
3166.34
3166.34
3166.34
3166.34
3166.34
3166.34
3166.34
3166.34
3166.34
3166.34
3166.34
3166.34
3166.34
6357.31
6357.31
6357.31
6357.31
6357.31
6357.31
6357.31
6357.31
6357.31
6357.31
6357.31
6357.31
6357.31
6357.31
6357.31
6357.31
6357.31
6357.31
6357.31
6357.31
6357.31
6357.31
5126.31
5126.31
6679.60
6679.60
5917.99
5917.99
5917.99
5917.99
5917.99
5917.99
5917.99
5917.99
10.00
10.00
2044.42
2044.42
2044.42
2044.42
2044.42
2044.42
2044.42
2044.42
2044.42
2044.42
2044.42
2044.42
2044.42
2044.42
2044.42
2044.42
2044.42
2044.42
2044.42
2044.42
5941.89
5941.89
6018.69
6018.69
6018.69
6018.69
6018.69
6018.69
6018.69
6018.69
6018.69
6018.69
6018.69
6018.69
6018.69
6018.69
6018.69
6018.69
5795.35
5795.35
671.25
671.25
2828.69
2828.69
2828.69
2828.69
3446.16
3446.16
42.27
42.27
5787.59
5787.59
5787.59
5787.59
5787.59
5787.59
5787.59
5787.59
5787.59
5787.59
5787.59
5787.59
5787.59
5787.59
5787.59
5787.59
5787.59
5787.59
5787.59
5787.59
5787.59
5787.59
5787.59
5787.59
5787.59
5787.59
5787.59
5787.59
5787.59
5787.59
5787.59
5787.59
5787.59
5787.59
5787.59
5787.59
34.90
34.90
260.11
260.11
485.30
485.30
580.32
580.32
665.69
665.69
1011.27
1011.27
1135.46
1135.46
1325.25
1325.25
1325.25
1325.25
1325.25
1325.25
1409.31
1409.31
1409.31
1409.31
1409.31
1409.31
1409.31
1409.31
1409.31
1409.31
1409.31
1409.31
1409.31
1409.31
1409.31
1409.31
1409.31
1409.31
1409.31
1409.31
1409.31
1409.31
1409.31
1409.31
1409.31
1409.31
1409.31
1409.31
1409.31
1409.31
1409.31
1409.31
1409.31
1409.31
1409.31
1409.31
1409.31
1409.31
1409.31
1409.31
1409.31
1409.31
1409.31
1409.31
1409.31
1409.31
1409.31
1409.31
1409.31
1409.31
1409.31
1409.31
1409.31
1409.31
1409.31
1409.31
1409.31
1409.31
1409.31
1409.31
1409.31
1409.31
1409.31
1409.31
1409.31
1409.31
1409.31
1409.31
1409.31
1409.31
1409.31
1409.31
1409.31
1409.31
1409.31
1409.31
1409.31
1409.31
1409.31
1409.31
1409.31
1409.31
1409.31
1409.31
1409.31
1409.31
1409.31
1409.31
1409.31
1305.57
1305.57
1305.57
1305.57
1305.57
1305.57
1305.57
1305.57
1305.57
1305.57
1305.57
1305.57
1305.57
1305.57
1305.57
1305.57
1305.57
1305.57
1305.57
1305.57
1305.57
1305.57
1305.57
1305.57
1305.57
1305.57
1305.57
1305.57
1305.57
1305.57
1305.57
1305.57
1305.57
1305.57
1305.57
1305.57
1305.57
1305.57
1305.57
1305.57
1305.57
1305.57
1305.57
1305.57
1305.57
1305.57
1305.57
1305.57
1305.57
1305.57
1305.57
1305.57
1305.57
1305.57
1305.57
1305.57
1305.57
1305.57
1074.41
1074.41
1074.41
1074.41
1074.41
1074.41
1074.41
1074.41
1398.26
1398.26
1398.26
1398.26
1398.26
1398.26
1398.26
1398.26
1398.26
1398.26
1398.26
1398.26
1398.26
1398.26
1398.26
1398.26
1398.26
1398.26
1398.26
1398.26
1398.26
1398.26
1398.26
1398.26
1398.26
1398.26
1398.26
1398.26
1398.26
1398.26
1398.26
1398.26
1398.26
1398.26
1398.26
1398.26
1398.26
1398.26
1398.26
1398.26
1398.26
1398.26
1398.26
1398.26
1398.26
1398.26
1398.26
1398.26
1398.26
1398.26
1398.26
1398.26
36.20
36.20
36.20
129.03
164.45
164.45
230.64
230.64
263.15
263.15
217.18
217.18
283.50
283.50
342.53
342.53
416.55
416.55
414.60
414.60
507.81
507.81
507.81
507.81
504.69
504.69
504.69
504.69
543.18
543.18
517.02
517.02
517.02
353.29
562.69
562.69
537.45
537.45
433.33
433.33
587.38
587.38
712.66
712.66
712.66
712.66
712.66
712.66
647.06
647.06
647.06
647.06
647.06
647.06
306.32
306.32
306.32
306.32
658.20
658.20
658.20
658.20
658.20
658.20
450.99
450.99
450.99
450.99
450.99
682.68
682.68
682.68
682.68
682.68
682.68
682.68
682.68
682.68
682.84
682.84
707.60
707.60
665.80
665.80
665.80
665.80
665.80
665.80
665.80
665.80
665.80
665.80
632.93
632.93
632.93
632.93
707.08
707.08
707.08
707.08
707.08
707.08
658.02
658.02
658.02
658.02
661.23
661.23
661.23
661.23
661.23
661.23
681.60
681.60
681.60
681.60
681.60
681.60
681.60
681.60
674.21
674.21
674.21
674.21
674.21
674.21
285.62
285.62
285.62
285.62
696.54
696.54
696.54
696.54
696.54
696.54
656.92
656.92
623.78
623.78
503.00
503.00
720.26
720.26
668.31
668.31
722.78
722.78
722.78
722.78
682.96
682.96
682.96
682.96
678.80
678.80
678.80
678.80
678.80
678.80
667.87
667.87
667.87
667.87
668.42
668.42
509.52
509.52
610.19
610.19
665.29
665.29
540.41
540.41
698.52
698.52
725.20
725.20
485.65
485.65
485.65
485.65
485.65
485.65
698.93
698.93
746.16
746.16
683.19
683.19
683.19
683.19
697.13
697.13
881.69
881.69
881.69
881.69
881.69
881.69
881.69
881.69
881.69
881.69
881.69
881.69
881.69
881.69
812.24
812.24
812.24
812.24
812.24
812.24
812.24
812.24
812.24
812.24
812.24
812.24
812.24
812.24
812.24
812.24
812.24
812.24
812.24
812.24
812.24
812.24
812.24
812.24
812.24
812.24
812.24
812.24
812.24
812.24
812.24
812.24
812.24
812.24
812.24
812.24
812.24
812.24
812.24
812.24
812.24
812.24
812.24
812.24
812.24
812.24
812.24
812.24
861.33
861.33
861.33
861.33
861.33
861.33
861.33
861.33
861.33
861.33
861.33
861.33
861.33
861.33
861.33
861.33
861.33
861.33
861.33
861.33
861.33
861.33
861.33
861.33
861.33
861.33
861.33
861.33
861.33
861.33
861.33
861.33
861.33
861.33
861.33
861.33
861.33
861.33
861.33
861.33
861.33
861.33
861.33
861.33
861.33
861.33
861.33
861.33
861.33
861.33
861.33
861.33
861.33
861.33
861.33
982.44
982.44
982.44
982.44
982.44
982.44
982.44
982.44
982.44
982.44
982.44
982.44
982.44
982.44
982.44
982.44
982.44
982.44
982.44
982.44
982.44
982.44
982.44
982.44
982.44
982.44
982.44
982.44
982.44
982.44
982.44
982.44
982.44
982.44
982.44
982.44
982.44
982.44
11.73
11.73
436.96
436.96
436.96
436.96
436.96
436.96
437.78
437.78
437.78
437.78
437.78
437.78
437.78
437.78
437.78
437.78
443.85
443.85
443.85
443.85
443.85
443.85
443.85
443.85
443.85
443.85
443.85
443.85
443.85
443.85
446.49
446.49
446.49
446.49
446.49
446.49
446.49
446.49
446.49
446.49
446.49
446.49
446.49
446.49
446.49
446.49
446.49
446.49
446.49
446.49
446.49
446.49
446.49
446.49
446.49
446.49
446.49
446.49
446.49
446.49
446.49
446.49
446.49
446.49
509.48
509.48
509.48
509.48
509.48
509.48
509.48
509.48
509.48
509.48
509.48
509.48
509.48
509.48
509.48
509.48
509.48
509.48
509.48
509.48
509.48
509.48
509.48
509.48
509.48
509.48
509.48
509.48
509.48
509.48
509.48
509.48
509.48
509.48
509.48
509.48
509.48
509.48
509.48
509.48
509.48
509.48
509.48
509.48
509.48
509.48
509.48
509.48
509.48
509.48
509.48
509.48
509.48
509.48
509.48
509.48
683.35
683.35
683.35
683.35
683.35
683.35
683.35
683.35
683.35
683.35
669.89
669.89
669.89
669.89
669.89
669.89
669.89
669.89
669.89
669.89
669.89
669.89
669.89
669.89
549.56
549.56
533.63
533.63
533.63
533.63
543.38
543.38
543.38
543.38
595.27
595.27
595.27
595.27
595.27
595.27
638.17
638.17
638.17
638.17
646.04
646.04
646.04
646.04
674.07
674.07
674.07
674.07
674.07
674.07
674.07
527.46
527.46
527.46
641.04
641.04
641.04
641.04
641.04
641.04
658.28
658.28
658.28
658.28
668.32
668.32
670.96
670.96
687.73
687.73
721.25
721.25
664.26
664.26
714.53
714.53
714.53
714.53
634.25
634.25
634.25
634.25
634.25
634.25
634.25
634.25
634.25
634.25
512.49
512.49
512.49
512.49
512.49
512.49
512.49
512.49
512.49
512.49
530.25
530.25
530.25
530.25
254.49
254.49
254.49
254.49
254.49
254.49
173.47
173.47
318.52
318.52
501.13
501.13
501.13
501.13
518.61
518.61
518.61
518.61
518.61
518.61
657.27
657.27
656.09
656.09
623.04
623.04
623.04
623.04
623.04
623.04
649.67
649.67
649.67
649.67
659.49
659.49
764.55
764.55
764.55
764.55
764.55
764.55
764.55
764.55
696.06
696.06
696.06
696.06
750.91
750.91
750.91
750.91
784.82
784.82
681.24
681.24
681.24
681.24
652.38
652.38
652.38
652.38
652.38
652.38
652.38
652.38
652.38
652.38
652.38
652.38
652.38
652.38
652.38
652.38
652.38
652.38
652.38
652.38
954.36
954.36
954.36
954.36
954.36
954.36
954.36
954.36
954.36
954.36
954.36
954.36
954.36
954.36
954.36
954.36
954.36
954.36
954.36
954.36
954.36
954.36
954.36
954.36
991.71
991.71
991.71
991.71
991.71
991.71
991.71
991.71
991.71
991.71
991.71
991.71
991.71
991.71
991.71
991.71
991.71
991.71
991.71
991.71
991.71
991.71
991.71
991.71
1176.16
1176.16
1176.16
1176.16
1176.16
1176.16
1176.16
1176.16
1176.16
1176.16
1176.16
1176.16
1176.16
1176.16
1176.16
1176.16
1176.16
1176.16
1176.16
1176.16
1176.16
1176.16
1176.16
1176.16
1038.37
1038.37
1038.37
1038.37
1038.37
1038.37
1038.37
1038.37
1038.37
1038.37
1038.37
1038.37
1038.37
1038.37
1038.37
1038.37
1038.37
1038.37
1038.37
1038.37
1038.37
1038.37
1038.37
1038.37
1068.01
1068.01
1068.01
1068.01
1068.01
1068.01
1068.01
1068.01
1068.01
1068.01
1068.01
1068.01
1068.01
1068.01
1068.01
1068.01
1068.01
1068.01
1068.01
1068.01
1068.01
1068.01
1068.01
1068.01
1068.01
1068.01
1068.01
1068.01
1068.01
1068.01
1068.01
1068.01
1068.01
1068.01
1068.01
1068.01
1068.01
1068.01
1068.01
1068.01
1068.01
1068.01
1068.01
1068.01
1068.01
1068.01
1068.01
1068.01
1068.01
1068.01
1068.01
1068.01
1068.01
1068.01
1068.01
1068.01
1068.01
1068.01
1068.01
1068.01
1068.01
1068.01
1068.01
1068.01
1068.01
1068.01
1068.01
1068.01
1068.01
1068.01
1068.01
1068.01
1068.01
1068.01
1068.01
1068.01
1068.01
1068.01
1068.01
1068.01
1068.01
1068.01
1068.01
1068.01
1068.01
1068.01
1068.01
1068.01
1068.01
1068.01
1068.01
1068.01
1068.01
1068.01
1068.01
1068.01
1068.01
1068.01
1068.01
1068.01
1068.01
1068.01
1068.01
1068.01
1068.01
1068.01
1068.01
1068.01
1068.01
1068.01
1068.01
1068.01
1068.01
1068.01
1068.01
1068.01
1068.01
1068.01
1068.01
1068.01
1068.01
1068.01
1068.01
1068.01
1068.01
1068.01
1068.01
1068.01
1068.01
1068.01
1068.01
1068.01
1068.01
1068.01
1068.01
1068.01
1068.01
1068.01
1068.01
1068.01
1068.01
1068.01
1068.01
1068.01
1068.01
1068.01
1068.01
1068.01
1068.01
1068.01
1068.01
1068.01
1068.01
1068.01
1068.01
1068.01
1068.01
1068.01
1068.01
1068.01
1068.01
1068.01
1068.01
1068.01
1068.01
1068.01
1068.01
1068.01
1068.01
1068.01
1055.32
1055.32
1214.26
1214.26
1214.26
1214.26
1214.26
1214.26
1214.26
1214.26
1214.26
1214.26
1214.26
1214.26
1214.26
1214.26
1207.91
1207.91
1207.91
1207.91
1207.91
1207.91
1207.91
1207.91
1207.91
1207.91
1207.91
1207.91
1207.91
1207.91
1207.91
1207.91
1207.91
1207.91
1207.91
1207.91
1207.91
1207.91
1207.91
1207.91
1207.91
1207.91
1207.91
1207.91
1086.84
1086.84
1086.84
1086.84
1086.84
1086.84
1086.84
1086.84
1086.84
1086.84
1123.52
1123.52
1123.52
1123.52
1123.52
1123.52
1123.52
1123.52
1123.52
1123.52
1123.52
1123.52
1123.52
1123.52
1123.52
1123.52
1123.52
1123.52
1123.52
1123.52
1123.52
1123.52
1123.52
1123.52
1123.52
1123.52
1123.52
1123.52
1123.52
1123.52
1123.52
1123.52
1123.52
1123.52
876.91
876.91
797.99
797.99
807.38
807.38
807.38
807.38
807.38
807.38
807.38
807.38
807.38
807.38
807.38
807.38
807.38
807.38
807.38
807.38
807.38
807.38
807.38
807.38
807.38
807.38
807.38
807.38
807.38
807.38
807.38
807.38
807.38
807.38
807.38
807.38
807.38
807.38
807.38
807.38
807.38
807.38
807.38
807.38
928.87
928.87
928.87
928.87
921.81
921.81
921.81
921.81
921.81
921.81
921.81
921.81
921.81
921.81
921.81
921.81
921.81
921.81
921.81
921.81
921.81
921.81
921.81
921.81
954.09
954.09
954.09
954.09
954.09
954.09
954.09
954.09
954.09
954.09
954.09
954.09
954.09
954.09
954.09
954.09
954.09
954.09
954.09
954.09
954.09
954.09
954.09
954.09
992.69
992.69
992.69
992.69
992.69
992.69
992.69
992.69
992.69
992.69
992.69
992.69
992.69
992.69
992.69
992.69
992.69
992.69
992.69
992.69
992.69
992.69
992.69
992.69
1113.62
1113.62
1113.62
1113.62
1113.62
1113.62
1113.62
1113.62
1113.62
1113.62
1113.62
1113.62
1113.62
1113.62
1113.62
1113.62
1113.62
1113.62
1113.62
1113.62
1113.62
1113.62
1113.62
1113.62
1113.62
1113.62
1113.62
1113.62
1113.62
1113.62
1113.62
1113.62
1113.62
1113.62
1113.62
1113.62
1113.62
1113.62
1113.62
1113.62
1113.62
1113.62
1113.62
1113.62
1113.62
1113.62
1113.62
1113.62
1017.79
1017.79
1017.79
1017.79
1017.79
1017.79
1017.79
1017.79
1017.79
1017.79
1017.79
1017.79
1017.79
1017.79
1017.79
1017.79
1017.79
1017.79
1017.79
1017.79
1017.79
1017.79
1017.79
1017.79
1075.14
1075.14
1075.14
1075.14
1075.14
1075.14
1075.14
1075.14
1075.14
1075.14
1075.14
1075.14
1075.14
1075.14
1075.14
1075.14
1075.14
1075.14
1075.14
1075.14
1075.14
1075.14
1075.14
1075.14
1075.14
1075.14
1075.14
1075.14
1075.14
1075.14
1075.14
1075.14
1075.14
1075.14
1075.14
1075.14
1075.14
1075.14
1075.14
1075.14
1075.14
1075.14
1075.14
1075.14
1075.14
1075.14
1075.14
1075.14
484.86
484.86
495.59
495.59
480.54
480.54
480.54
480.54
539.07
539.07
539.07
539.07
494.73
494.73
513.77
513.77
468.41
468.41
556.11
556.11
556.11
556.11
687.20
687.20
834.51
834.51
834.51
834.51
834.51
834.51
834.51
834.51
834.51
834.51
834.51
834.51
834.51
10.00
10.00
381.08
381.08
381.08
381.08
402.78
402.78
402.78
402.78
405.52
405.52
415.11
415.11
415.11
415.11
634.69
634.69
661.50
661.50
661.50
661.50
634.36
634.36
698.16
698.16
698.16
698.16
661.62
661.62
646.05
646.05
692.43
692.43
680.90
680.90
695.54
695.54
679.56
679.56
15.24
15.24
612.54
612.54
627.85
627.85
627.85
627.85
627.85
627.85
638.09
638.09
638.09
638.09
599.08
599.08
698.45
698.45
771.31
771.31
781.93
781.93
767.67
767.67
785.15
785.15
508.15
508.15
696.65
696.65
696.65
696.65
696.65
696.65
696.65
696.65
696.65
696.65
696.65
696.65
696.65
696.65
670.84
670.84
670.84
670.84
670.84
670.84
669.51
669.51
669.51
669.51
668.48
668.48
778.37
778.37
770.22
770.22
630.96
630.96
630.96
630.96
701.29
701.29
701.29
701.29
654.49
654.49
654.49
654.49
757.31
757.31
689.46
689.46
689.46
689.46
689.46
689.46
689.46
689.46
728.53
728.53
728.53
728.53
728.53
728.53
682.90
682.90
672.48
672.48
638.83
638.83
638.83
638.83
638.83
638.83
649.13
649.13
649.13
649.13
615.32
615.32
615.32
615.32
615.32
615.32
610.97
610.97
684.69
684.69
648.44
648.44
648.44
648.44
648.44
648.44
648.44
648.44
723.43
723.43
685.88
685.88
644.44
644.44
645.05
645.05
645.05
645.05
645.05
645.05
770.64
770.64
770.64
770.64
770.64
770.64
770.64
770.64
770.64
770.64
770.64
770.64
770.64
770.64
770.64
770.64
770.64
770.64
770.64
770.64
770.64
770.64
770.64
770.64
549.50
549.50
549.50
549.50
549.50
549.50
549.50
549.50
549.50
549.50
549.50
549.50
549.50
549.50
549.50
549.50
549.50
549.50
549.50
549.50
857.72
857.72
844.52
844.52
951.78
951.78
933.77
933.77
933.77
933.77
933.77
933.77
933.77
933.77
933.77
933.77
933.77
933.77
933.77
933.77
933.77
933.77
933.77
933.77
933.77
933.77
933.77
933.77
15.06
15.06
395.96
395.96
421.20
421.20
421.20
421.20
431.42
431.42
431.42
431.42
431.42
431.42
432.68
432.68
432.68
432.68
441.19
441.19
441.19
441.19
441.19
441.19
441.19
441.19
441.19
441.19
451.95
451.95
451.95
451.95
451.95
451.95
451.95
451.95
451.95
451.95
457.81
457.81
457.81
457.81
463.49
463.49
463.49
463.49
463.49
463.49
463.49
463.49
463.49
463.49
510.79
510.79
510.79
510.79
943.77
943.77
943.77
943.77
943.77
943.77
943.77
943.77
943.77
943.77
943.77
943.77
943.77
943.77
943.77
943.77
943.77
943.77
943.77
943.77
943.77
943.77
943.77
943.77
943.77
943.77
943.77
943.77
943.77
943.77
943.77
943.77
943.77
943.77
943.77
943.77
943.77
943.77
943.77
943.77
943.77
943.77
943.77
943.77
943.77
943.77
943.77
943.77
943.77
943.77
943.77
943.77
943.77
943.77
943.77
943.77
943.77
943.77
943.77
943.77
943.77
943.77
943.77
943.77
943.77
943.77
943.77
943.77
943.77
943.77
943.77
943.77
943.77
943.77
943.77
943.77
943.77
943.77
943.77
943.77
943.77
943.77
943.77
943.77
943.77
943.77
943.77
943.77
943.77
943.77
943.77
943.77
943.77
943.77
943.77
943.77
943.77
943.77
943.77
943.77
943.77
943.77
943.77
943.77
943.77
943.77
943.77
943.77
943.77
943.77
943.77
943.77
943.77
943.77
943.77
943.77
943.77
943.77
943.77
943.77
943.77
943.77
943.77
943.77
943.77
943.77
943.77
943.77
943.77
943.77
943.77
943.77
943.77
943.77
943.77
943.77
943.77
943.77
943.77
943.77
943.77
943.77
943.77
943.77
943.77
943.77
943.77
943.77
943.77
943.77
943.77
943.77
943.77
943.77
943.77
943.77
943.77
943.77
14.12
14.12
14.12
93.88
148.34
148.34
185.91
185.91
223.62
223.62
290.16
290.16
318.46
318.46
309.32
309.32
358.84
358.84
372.58
372.58
165.66
165.66
376.58
376.58
399.37
399.37
484.73
484.73
468.18
468.18
504.19
504.19
466.70
466.70
513.38
513.38
563.13
563.13
599.17
599.17
581.37
581.37
554.66
554.66
554.66
554.66
554.66
554.66
605.96
605.96
605.96
605.96
605.96
605.96
658.82
658.82
698.93
698.93
659.27
659.27
728.57
728.57
670.75
670.75
658.40
658.40
658.40
658.40
641.93
641.93
641.93
641.93
10.00
10.00
302.19
302.19
302.19
302.19
646.03
646.03
646.03
646.03
663.69
663.69
663.69
663.69
663.69
663.69
663.69
663.69
663.69
663.69
668.44
668.44
668.44
668.44
633.80
633.80
633.80
633.80
633.80
633.80
633.80
633.80
633.80
633.80
669.93
669.93
669.93
669.93
669.93
669.93
711.59
711.59
725.83
725.83
725.83
725.83
725.83
725.83
812.58
812.58
812.58
812.58
812.58
812.58
812.58
812.58
812.58
812.58
812.58
812.58
812.58
812.58
812.58
812.58
834.15
834.15
834.15
834.15
834.15
834.15
834.15
834.15
834.15
834.15
834.15
834.15
834.15
834.15
834.15
834.15
966.84
966.84
966.84
966.84
966.84
966.84
966.84
966.84
966.84
966.84
966.84
966.84
966.84
966.84
966.84
966.84
966.84
966.84
966.84
966.84
966.84
966.84
966.84
966.84
966.84
966.84
966.84
966.84
966.84
966.84
966.84
966.84
920.56
920.56
920.56
920.56
920.56
920.56
920.56
920.56
920.56
920.56
920.56
920.56
920.56
920.56
920.56
920.56
920.56
920.56
920.56
920.56
920.56
920.56
920.56
920.56
701.78
701.78
701.78
701.78
701.78
701.78
701.78
701.78
634.68
634.68
739.04
739.04
739.04
739.04
657.38
657.38
657.38
657.38
611.00
611.00
708.67
708.67
728.34
728.34
833.83
833.83
833.83
833.83
833.83
833.83
862.97
862.97
963.08
963.08
986.32
986.32
986.32
986.32
878.96
878.96
932.11
932.11
932.11
932.11
932.11
932.11
932.11
932.11
1023.37
1023.37
1023.37
1023.37
1023.37
1023.37
1023.37
1023.37
907.85
907.85
270.60
270.60
270.60
270.60
457.77
457.77
457.77
457.77
753.11
753.11
753.11
753.11
753.11
753.11
583.46
583.46
583.46
583.46
583.46
583.46
583.46
583.46
583.46
583.46
583.46
583.46
583.46
583.46
583.46
583.46
583.46
583.46
583.46
14.91
28.35
28.35
44.05
44.05
138.80
138.80
158.40
158.40
149.55
149.55
283.57
283.57
303.83
303.83
275.63
275.63
275.63
275.63
324.09
324.09
193.65
193.65
444.10
444.10
444.10
444.10
499.12
499.12
452.65
452.65
461.39
461.39
457.46
457.46
457.46
457.46
531.44
531.44
572.51
572.51
537.21
537.21
527.31
527.31
586.75
586.75
581.99
581.99
596.60
596.60
629.70
629.70
596.63
596.63
568.86
568.86
573.09
573.09
656.12
656.12
613.86
613.86
627.36
627.36
676.32
676.32
666.02
666.02
756.01
756.01
715.41
715.41
694.75
694.75
694.75
694.75
694.75
694.75
694.75
694.75
694.75
694.75
694.75
694.75
694.75
694.75
694.75
694.75
694.75
694.75
694.75
694.75
694.75
694.75
694.75
694.75
694.75
694.75
710.73
710.73
738.47
738.47
774.06
774.06
732.98
732.98
717.39
717.39
730.92
730.92
763.16
763.16
763.16
763.16
707.98
707.98
707.98
707.98
120.80
120.80
703.93
703.93
634.37
634.37
634.37
634.37
634.37
634.37
697.20
697.20
697.20
697.20
694.97
694.97
694.97
694.97
694.97
694.97
497.89
497.89
497.89
497.89
653.17
653.17
653.17
653.17
658.05
658.05
725.60
725.60
725.60
725.60
659.65
659.65
659.65
659.65
563.87
563.87
98.94
98.94
736.30
736.30
630.71
630.71
725.81
725.81
685.57
685.57
672.40
672.40
690.50
690.50
690.50
690.50
690.50
690.50
690.50
690.50
690.50
690.50
696.86
696.86
696.86
696.86
696.86
696.86
658.01
658.01
658.01
658.01
658.01
658.01
658.01
658.01
601.61
601.61
601.61
601.61
601.61
601.61
620.07
620.07
667.70
667.70
657.13
657.13
726.76
726.76
656.01
656.01
667.94
667.94
667.94
667.94
667.94
667.94
667.94
667.94
667.94
667.94
667.94
667.94
667.94
667.94
667.94
667.94
667.94
667.94
667.94
667.94
667.94
667.94
667.94
667.94
853.26
853.26
853.26
853.26
853.26
853.26
853.26
853.26
853.26
853.26
853.26
853.26
853.26
853.26
853.26
853.26
853.26
853.26
853.26
853.26
853.26
853.26
853.26
853.26
853.26
853.26
853.26
853.26
853.26
853.26
853.26
853.26
853.26
853.26
853.26
853.26
853.26
853.26
853.26
738.27
738.27
738.27
738.27
697.67
697.67
697.67
697.67
658.78
658.78
658.78
658.78
658.78
658.78
656.62
656.62
656.62
656.62
640.77
640.77
640.77
640.77
640.77
640.77
696.37
696.37
696.37
696.37
668.74
668.74
668.74
668.74
630.48
630.48
630.48
630.48
630.48
630.48
630.48
630.48
630.48
630.48
630.48
630.48
788.23
788.23
765.50
765.50
636.21
636.21
280.57
280.57
789.37
789.37
792.17
792.17
792.17
792.17
792.17
792.17
792.17
792.17
792.17
792.17
792.17
792.17
792.17
792.17
792.17
792.17
792.17
792.17
792.17
792.17
792.17
792.17
792.17
792.17
792.17
792.17
792.17
792.17
792.17
792.17
792.17
792.17
828.46
828.46
828.46
828.46
828.46
828.46
828.46
828.46
369.66
