# 1Hz Kbps trace generated by import_real_world_traces.py
287.67
18.10
240.86
496.97
496.97
575.95
575.95
106.40
106.40
659.22
659.22
1066.66
1066.66
279.80
279.80
279.80
585.12
146.55
146.55
911.50
911.50
235.86
235.86
1122.03
1122.03
674.33
674.33
663.60
663.60
935.86
935.86
474.62
474.62
504.14
504.14
480.36
480.36
651.74
651.74
1096.30
1096.30
1065.53
1065.53
1296.18
1296.18
1594.31
1594.31
1916.41
1916.41
112.46
112.46
726.23
726.23
476.00
476.00
476.00
298.39
1026.07
1026.07
578.54
578.54
338.62
338.62
1275.60
1275.60
421.99
421.99
1321.11
1321.11
1541.56
1541.56
1016.91
1016.91
1016.91
782.37
37.83
37.83
1382.39
1382.39
1255.93
1255.93
1153.45
1153.45
1094.85
1094.85
982.40
982.40
924.48
924.48
313.77
313.77
412.75
412.75
1043.63
1043.63
1086.06
1086.06
1187.70
1187.70
263.67
263.67
123.98
123.98
402.98
402.98
608.73
608.73
62.39
62.39
489.70
489.70
498.88
498.88
10.00
10.00
92.62
92.62
846.57
846.57
1166.54
1166.54
1219.33
1219.33
953.01
953.01
1631.81
1631.81
1270.51
1270.51
1586.47
1586.47
1529.48
1529.48
494.64
494.64
494.64
1649.88
1649.88
1649.88
1649.88
1649.88
1649.88
1649.88
1649.88
384.33
384.33
384.33
384.33
538.39
538.39
538.39
538.39
538.39
538.39
667.63
667.63
10.81
10.81
254.44
254.44
388.33
781.60
781.60
781.60
758.38
758.38
1010.52
1010.52
1249.14
1249.14
1789.99
1789.99
754.32
754.32
1039.49
1039.49
1157.58
1157.58
741.90
741.90
348.90
348.90
25.00
25.00
737.48
1253.62
1253.62
1253.62
1397.37
1397.37
756.80
756.80
1089.85
1089.85
1089.85
1089.85
984.58
984.58
984.58
984.58
984.58
984.58
934.60
934.60
934.60
934.60
934.60
934.60
934.60
948.03
948.03
948.03
756.63
756.63
784.88
784.88
797.58
797.58
797.58
797.58
939.14
939.14
1131.43
1131.43
1850.39
1850.39
1937.64
1937.64
1807.12
1807.12
1807.12
1807.12
1807.12
1807.12
1807.12
1807.12
1807.12
1807.12
1807.12
1807.12
31.81
31.81
43.25
43.25
112.64
112.64
221.86
221.86
222.89
222.89
177.15
177.15
356.59
356.59
558.15
558.15
558.15
558.15
558.15
558.15
37.19
37.19
272.84
272.84
560.14
560.14
560.14
560.14
706.26
706.26
674.67
674.67
604.35
604.35
801.26
801.26
801.26
801.26
14.07
14.07
249.56
249.56
194.86
194.86
333.50
333.50
333.50
333.50
849.83
849.83
849.83
849.83
733.85
733.85
733.85
733.85
733.85
733.85
946.81
946.81
946.81
946.81
765.97
765.97
765.97
555.92
555.92
555.92
555.92
555.92
1016.12
1016.12
943.74
943.74
943.74
943.74
547.28
547.28
547.28
547.28
547.28
547.28
1106.91
1106.91
1106.91
1106.91
978.61
978.61
978.61
978.61
1111.67
1111.67
1111.67
1111.67
1111.67
1111.67
1066.89
1066.89
1066.89
1066.89
941.18
941.18
941.18
941.18
941.18
941.18
1089.55
1089.55
1089.55
1089.55
1083.80
1083.80
1083.80
1083.80
1143.24
1143.24
937.44
937.44
937.44
937.44
1019.73
1019.73
1019.73
1019.73
1001.85
1001.85
1001.85
1001.85
1001.85
1001.85
1054.05
1054.05
1054.05
1054.05
1179.15
1179.15
1179.15
1179.15
656.24
656.24
656.24
656.24
656.24
656.24
1178.05
1178.05
1178.05
1178.05
608.50
608.50
608.50
608.50
608.50
608.50
147.64
147.64
386.00
386.00
794.63
794.63
650.98
650.98
95.35
95.35
210.86
210.86
777.45
777.45
609.80
609.80
609.80
609.80
841.64
841.64
841.64
841.64
841.64
841.64
915.01
915.01
915.01
915.01
888.56
888.56
888.56
888.56
819.26
819.26
819.26
819.26
819.26
819.26
891.77
891.77
891.77
891.77
914.29
914.29
914.29
914.29
914.29
914.29
231.40
231.40
264.37
264.37
953.70
953.70
953.70
953.70
953.21
953.21
953.21
953.21
953.21
953.21
580.05
580.05
580.05
580.05
1049.60
1049.60
1049.60
1049.60
1037.34
1037.34
912.99
912.99
978.63
978.63
1087.39
1087.39
1087.39
1087.39
947.18
947.18
1144.72
1144.72
1144.72
1144.72
1076.46
1076.46
1076.46
1076.46
1003.64
1003.64
1003.64
1003.64
20.44
20.44
961.82
961.82
961.82
961.82
10.00
10.00
388.36
388.36
336.67
336.67
336.67
336.67
41.96
41.96
331.59
331.59
315.10
315.10
24.33
24.33
384.72
384.72
141.76
141.76
403.84
403.84
503.89
503.89
585.14
585.14
645.65
645.65
814.25
814.25
759.20
759.20
403.69
403.69
1096.75
1096.75
1096.75
1096.75
1081.06
1081.06
1081.06
1081.06
1081.06
1081.06
1081.06
1081.06
1081.06
1081.06
47.00
47.00
188.80
188.80
1054.69
1054.69
1054.69
1054.69
10.00
10.00
228.84
228.84
271.71
271.71
527.30
527.30
98.67
98.67
98.67
98.67
677.13
677.13
677.13
677.13
10.96
10.96
300.61
300.61
384.01
384.01
872.07
872.07
115.34
115.34
420.02
420.02
426.60
426.60
1205.04
1205.04
1205.04
1205.04
10.31
10.31
207.63
207.63
829.70
829.70
835.70
835.70
835.70
835.70
835.70
835.70
10.00
10.00
89.17
89.17
294.62
294.62
129.22
129.22
516.53
516.53
764.92
764.92
764.92
764.92
127.95
127.95
127.95
127.95
127.95
127.95
127.95
127.95
127.95
864.57
918.08
918.08
918.08
918.08
1022.41
1022.41
1022.41
1022.41
1031.72
1031.72
1031.72
1031.72
1028.26
1028.26
1385.04
1385.04
1385.04
1385.04
44.91
44.91
389.02
389.02
1023.02
1023.02
1023.02
1023.02
1023.02
1023.02
1023.02
1023.02
1023.02
1023.02
1023.02
1023.02
1023.02
1023.02
1002.92
1002.92
1002.92
1002.92
682.62
682.62
942.73
942.73
542.49
542.49
134.26
134.26
28.28
28.28
12.08
12.08
368.62
368.62
452.92
452.92
75.75
75.75
186.07
186.07
607.49
607.49
654.86
654.86
539.50
539.50
20.22
20.22
531.86
531.86
26.62
26.62
545.82
545.82
535.63
535.63
179.77
179.77
581.45
581.45
530.95
530.95
649.58
649.58
835.68
835.68
835.68
835.68
835.68
835.68
275.64
275.64
449.37
449.37
974.48
974.48
801.85
801.85
801.85
801.85
194.91
194.91
440.43
440.43
1005.38
1005.38
1005.38
1005.38
469.85
469.85
23.47
23.47
482.89
482.89
482.89
482.89
482.89
482.89
1051.82
1051.82
1051.82
1051.82
1051.82
1051.82
1155.39
1155.39
10.00
10.00
331.63
331.63
331.63
331.63
964.10
964.10
964.10
964.10
964.10
964.10
274.24
274.24
333.38
333.38
405.34
405.34
22.47
22.47
201.09
201.09
193.36
193.36
925.18
925.18
954.63
954.63
954.63
459.51
261.80
261.80
52.13
52.13
10.30
10.30
1133.29
1133.29
1133.29
555.87
362.26
362.26
1102.13
1102.13
1081.66
1081.66
529.88
529.88
529.88
529.88
869.25
869.25
869.25
869.25
204.64
204.64
20.91
20.91
10.00
10.00
98.28
98.28
88.96
88.96
171.90
171.90
63.43
63.43
101.81
101.81
45.32
45.32
273.68
273.68
128.13
128.13
243.35
243.35
480.42
480.42
480.42
480.42
480.42
480.42
78.90
78.90
117.14
117.14
13.57
13.57
10.00
10.00
195.82
195.82
10.00
10.00
183.81
183.81
24.17
24.17
56.56
56.56
220.18
220.18
249.12
249.12
249.12
249.12
410.60
410.60
393.05
393.05
393.05
393.05
23.33
23.33
185.83
185.83
81.14
81.14
202.00
202.00
568.65
568.65
568.65
568.65
155.95
155.95
240.80
240.80
623.60
623.60
208.94
208.94
154.95
154.95
735.38
735.38
463.66
463.66
384.98
384.98
24.02
24.02
25.10
25.10
474.88
474.88
81.25
81.25
444.68
444.68
61.51
61.51
346.94
346.94
546.21
546.21
546.21
546.21
328.88
328.88
328.88
328.88
443.09
443.09
443.09
443.09
35.10
35.10
15.47
15.47
56.33
56.33
385.59
385.59
559.07
559.07
558.79
558.79
164.61
164.61
294.75
294.75
36.45
36.45
296.85
296.85
187.61
187.61
283.58
283.58
386.55
386.55
464.45
464.45
315.07
315.07
615.76
615.76
485.94
485.94
662.88
662.88
660.71
660.71
660.71
24.15
511.56
511.56
511.56
511.56
651.72
651.72
651.72
651.72
413.26
413.26
202.14
202.14
567.86
567.86
381.90
381.90
10.00
10.00
607.42
607.42
626.93
626.93
215.54
215.54
407.20
407.20
410.03
410.03
469.13
469.13
308.86
308.86
409.98
409.98
565.02
565.02
45.63
45.63
341.65
341.65
298.50
298.50
497.29
497.29
390.71
390.71
412.47
412.47
337.15
337.15
361.93
361.93
286.70
286.70
14.97
14.97
10.67
10.67
406.44
406.44
372.10
372.10
350.51
350.51
350.51
350.51
107.10
107.10
35.14
35.14
300.32
300.32
325.80
325.80
301.12
301.12
377.11
377.11
422.31
422.31
432.04
432.04
322.10
322.10
407.86
407.86
10.00
10.00
466.89
466.89
466.89
466.89
224.95
224.95
395.55
395.55
267.54
267.54
274.20
274.20
436.27
436.27
360.38
360.38
371.48
371.48
23.31
23.31
206.99
206.99
274.43
274.43
336.79
336.79
325.80
325.80
239.80
239.80
22.50
22.50
182.13
182.13
344.58
344.58
309.35
309.35
297.08
297.08
297.08
297.08
195.07
195.07
236.78
236.78
91.99
91.99
10.00
10.00
170.80
170.80
84.98
84.98
219.18
219.18
108.16
108.16
129.98
129.98
291.80
291.80
313.52
313.52
10.00
10.00
372.81
372.81
372.81
195.10
392.08
392.08
90.18
90.18
31.73
31.73
10.00
10.00
205.00
205.00
472.55
472.55
472.55
472.55
676.73
676.73
63.73
63.73
333.97
333.97
706.87
706.87
706.87
706.87
706.87
221.09
221.09
321.20
321.20
475.01
475.01
340.54
340.54
340.54
340.54
10.75
10.75
238.48
196.36
196.36
196.36
232.95
232.95
455.51
455.51
216.12
216.12
456.39
456.39
460.21
460.21
460.21
460.21
460.21
460.21
301.05
301.05
301.05
301.05
284.17
284.17
284.17
284.17
138.75
138.75
15.87
15.87
120.50
120.50
270.35
270.35
13.96
13.96
332.29
332.29
285.75
285.75
342.70
342.70
168.93
168.93
114.38
114.38
433.81
433.81
406.18
406.18
273.45
273.45
116.85
116.85
334.75
334.75
178.56
178.56
362.26
362.26
159.88
159.88
179.83
179.83
179.83
179.83
65.82
65.82
98.35
98.35
103.93
103.93
345.35
345.35
296.27
296.27
578.35
578.35
778.98
642.81
642.81
642.81
1013.17
1013.17
10.00
10.00
10.32
10.32
217.95
217.95
269.09
269.09
467.58
467.58
239.48
239.48
469.68
469.68
44.44
44.44
728.54
728.54
573.22
573.22
798.80
798.80
184.13
184.13
293.56
293.56
293.56
293.56
375.17
432.57
433.45
433.45
433.45
433.45
174.05
175.84
77.74
77.74
114.91
114.91
155.43
155.43
192.56
192.56
140.09
140.09
202.99
202.99
345.48
345.48
310.36
310.36
241.06
241.06
482.07
482.07
229.77
229.77
214.55
214.55
566.37
566.37
171.23
171.23
544.66
544.66
544.66
544.66
300.30
300.30
300.30
872.59
872.59
1019.86
1428.64
1428.64
900.85
900.85
26.11
26.11
44.70
44.70
470.63
470.63
470.63
470.63
168.48
168.48
335.44
335.44
10.00
10.00
369.99
369.99
368.03
368.03
282.64
282.64
282.64
282.64
163.72
163.72
206.99
206.99
170.57
170.57
397.26
397.26
119.37
119.37
118.82
118.82
435.11
435.11
731.02
731.02
387.17
387.17
644.44
644.44
65.81
65.81
698.48
698.48
48.98
48.98
690.53
690.53
654.17
654.17
654.17
217.96
217.96
757.78
757.78
375.11
282.08
282.08
420.17
420.17
628.25
628.25
791.97
791.97
329.89
329.89
234.15
234.15
234.15
140.50
619.45
619.45
750.36
750.36
157.75
157.75
73.14
73.14
207.16
207.16
642.73
642.73
263.83
263.83
101.17
101.17
440.36
440.36
10.00
10.00
220.49
220.49
569.19
569.19
177.31
177.31
996.56
996.56
47.78
47.78
401.96
401.96
401.96
401.96
215.81
215.81
299.35
299.35
340.32
340.32
40.22
40.22
40.22
40.22
40.22
40.22
40.22
255.32
32.04
32.04
438.02
438.02
647.75
647.75
888.71
888.71
1517.53
1517.53
1517.53
1517.53
232.00
232.00
232.00
232.00
1249.36
1276.99
1276.99
448.84
448.84
448.84
100.19
100.19
100.19
135.66
135.66
135.66
58.07
140.28
158.53
345.63
366.88
366.88
215.00
215.00
259.25
259.25
472.61
472.61
657.82
657.82
474.63
474.63
474.63
474.63
436.77
436.77
419.05
419.05
505.54
505.54
437.93
437.93
437.93
437.93
516.07
516.07
516.07
516.07
516.07
516.07
734.32
734.32
955.70
955.70
1035.50
1035.50
975.40
975.40
1356.31
1356.31
1095.18
1095.18
1222.99
1222.99
1768.95
1768.95
1768.95
1768.95
1768.95
1768.95
1768.95
1768.95
1768.95
1768.95
1768.95
1768.95
1768.95
1768.95
1768.95
1768.95
1768.95
1768.95
1768.95
1768.95
1768.95
1768.95
1768.95
1768.95
776.20
776.20
1247.37
1247.37
1099.94
1099.94
1209.07
1209.07
1004.69
1004.69
1136.97
1136.97
54.95
54.95
10.00
10.00
312.06
312.06
1076.75
1076.75
1076.75
1076.75
1076.75
1076.75
1210.37
1210.37
1149.24
1149.24
499.09
499.09
499.09
499.09
529.07
529.07
398.76
398.76
299.85
299.85
631.27
631.27
106.69
106.69
783.70
783.70
45.65
45.65
289.02
289.02
661.91
661.91
661.91
661.91
72.26
72.26
345.27
345.27
187.09
187.09
10.00
10.00
245.39
245.39
267.16
267.16
267.16
267.16
166.79
166.79
166.28
166.28
38.70
38.70
80.11
80.11
69.61
69.61
179.00
179.00
137.64
137.64
153.12
153.12
116.47
116.47
210.37
210.37
256.83
256.83
385.55
385.55
406.08
406.08
382.57
382.57
727.18
727.18
1194.33
1194.33
176.93
176.93
1468.42
1468.42
1493.04
1493.04
42.60
42.60
1533.56
1533.56
1173.39
1173.39
1173.39
1173.39
1173.39
1173.39
732.06
732.06
732.06
732.06
732.06
732.06
208.22
208.22
208.22
208.22
461.76
461.76
461.76
461.76
745.21
745.21
736.13
736.13
625.89
625.89
739.79
739.79
739.79
739.79
795.78
795.78
795.78
795.78
795.78
795.78
734.87
734.87
734.87
734.87
872.36
872.36
821.47
821.47
136.94
136.94
290.40
290.40
330.85
330.85
10.08
10.08
49.26
49.26
564.01
564.01
353.59
353.59
312.23
312.23
556.17
556.17
491.54
491.54
760.54
760.54
760.54
760.54
760.54
760.54
760.80
760.80
760.80
760.80
777.43
777.43
777.43
777.43
78.51
78.51
262.95
262.95
262.95
262.95
936.07
936.07
936.07
936.07
826.55
826.55
826.55
826.55
826.55
826.55
1009.55
1009.55
1009.55
1009.55
590.02
590.02
545.55
545.55
609.90
609.90
583.81
583.81
527.82
527.82
625.86
625.86
131.47
131.47
489.16
489.16
489.16
489.16
489.16
489.16
81.58
81.58
92.28
92.28
530.85
530.85
530.85
530.85
311.31
311.31
311.31
311.31
311.31
311.31
213.28
213.28
235.40
235.40
689.81
689.81
685.27
685.27
685.27
685.27
747.48
747.48
747.48
747.48
925.17
925.17
627.25
627.25
812.84
812.84
1133.30
1133.30
1317.76
1317.76
1317.76
1247.75
2001.10
2001.10
1849.07
1849.07
1849.07
1849.07
1849.07
1849.07
1446.92
1446.92
1446.92
1446.92
1446.92
1446.92
1446.92
1446.92
18.55
18.55
529.21
529.21
529.21
529.21
1099.33
1099.33
911.70
911.70
763.97
763.97
763.97
763.97
832.71
832.71
1000.67
1000.67
894.20
894.20
126.68
126.68
337.26
337.26
16.06
16.06
129.31
129.31
185.69
185.69
465.62
465.62
23.22
23.22
540.52
540.52
540.52
672.33
417.69
417.69
122.30
122.30
505.40
505.40
541.48
541.48
693.64
693.64
530.71
530.71
737.03
737.03
36.86
36.86
531.29
531.29
868.58
868.58
953.95
953.95
1238.85
1238.85
1284.67
1284.67
24.08
24.08
989.96
989.96
107.81
107.81
267.20
267.20
881.74
881.74
881.74
881.74
806.88
806.88
930.11
930.11
1035.61
1035.61
1291.60
1291.60
21.30
21.30
1484.56
1484.56
1557.45
1557.45
1557.45
1557.45
225.84
225.84
303.81
303.81
602.83
602.83
602.83
602.83
602.83
602.83
742.61
742.61
742.61
742.61
782.09
782.09
782.09
782.09
782.09
782.09
782.09
782.09
782.09
782.09
782.09
782.09
782.09
782.09
207.10
207.10
280.60
280.60
347.49
347.49
340.59
340.59
340.59
340.59
456.31
456.31
456.31
456.31
525.26
525.26
525.26
525.26
525.26
525.26
638.55
638.55
606.33
606.33
163.98
163.98
371.02
371.02
367.17
367.17
907.19
907.19
1264.05
1264.05
1169.93
1169.93
366.74
366.74
663.68
663.68
1720.59
1720.59
1200.85
1200.85
324.20
324.20
1411.39
1411.39
438.73
438.73
1424.22
1424.22
1406.38
1406.38
1775.20
1775.20
656.57
656.57
1205.13
1205.13
1619.83
1619.83
761.38
761.38
1061.61
1061.61
10.00
10.00
1470.20
1470.20
1471.71
1471.71
1427.96
1427.96
1617.52
1617.52
630.56
630.56
1273.81
1273.81
792.14
792.14
1309.21
1309.21
1556.33
1556.33
374.18
374.18
869.42
869.42
24.73
24.73
367.61
367.61
10.00
10.00
339.40
339.40
118.76
118.76
174.43
174.43
364.44
364.44
54.96
54.96
24.43
24.43
13.06
13.06
287.28
287.28
228.68
228.68
10.00
10.00
145.43
145.43
110.49
110.49
148.24
148.24
21.16
21.16
83.10
83.10
23.26
23.26
228.05
228.05
146.90
146.90
231.07
231.07
312.73
312.73
331.45
331.45
66.76
66.76
194.30
194.30
15.31
15.31
247.68
247.68
138.58
138.58
59.85
59.85
137.96
137.96
115.70
115.70
10.24
10.24
203.97
203.97
127.23
127.23
90.67
90.67
228.08
228.08
180.16
180.16
156.25
156.25
206.41
206.41
204.01
204.01
295.06
295.06
232.81
232.81
187.28
187.28
124.51
124.51
251.68
251.68
194.24
194.24
17.62
17.62
17.62
52.85
206.39
206.39
513.64
513.64
511.54
511.54
28.84
28.84
130.91
130.91
151.86
151.86
469.05
469.05
10.00
10.00
10.00
10.00
291.06
291.06
291.06
300.37
300.37
301.99
301.99
95.96
95.96
10.00
10.00
112.31
112.31
226.46
226.46
399.82
399.82
230.05
230.05
230.05
230.05
263.25
263.25
263.25
337.19
337.19
337.19
250.44
250.44
68.31
68.31
254.00
254.00
316.88
316.88
257.16
257.16
257.16
257.16
169.88
169.88
38.08
38.08
46.19
46.19
248.21
248.21
248.21
269.71
269.71
269.71
305.78
305.78
40.05
40.05
282.91
282.91
282.91
282.91
230.73
230.73
10.00
10.00
39.56
39.56
197.74
197.74
237.81
237.81
241.85
241.85
250.59
250.59
390.70
390.70
429.05
429.05
429.05
429.05
535.14
535.14
535.14
535.14
257.84
257.84
55.09
55.09
258.41
258.41
214.22
214.22
214.22
214.22
507.60
507.60
507.60
507.60
323.83
323.83
323.83
323.83
134.34
134.34
10.00
10.00
140.71
140.71
348.82
348.82
299.08
299.08
266.07
266.07
304.38
304.38
304.38
304.38
113.11
113.11
131.25
189.05
189.05
189.05
200.48
200.48
233.63
233.63
34.76
34.76
146.84
146.84
116.70
116.70
171.11
171.11
346.44
346.44
254.41
254.41
254.41
254.41
134.56
134.56
134.56
134.56
237.72
237.72
237.72
237.72
208.13
208.13
149.48
149.48
10.00
10.00
231.90
231.90
231.90
231.90
298.92
298.92
205.22
205.22
205.22
205.22
336.60
336.60
84.93
84.93
291.06
291.06
187.51
187.51
23.71
23.71
10.00
10.00
49.24
49.24
286.45
286.45
446.08
446.08
389.06
389.06
297.82
297.82
10.00
10.00
53.38
53.38
205.29
205.29
69.58
69.58
247.06
247.06
247.06
247.06
496.27
496.27
10.00
10.00
407.92
407.92
407.92
407.92
515.73
515.73
515.73
515.73
515.73
515.73
187.90
187.90
67.79
67.79
231.25
231.25
358.96
358.96
50.82
50.82
256.07
256.07
346.31
346.31
187.77
187.77
249.31
249.31
360.62
360.62
70.96
70.96
10.50
10.50
334.62
334.62
55.47
55.47
380.31
380.31
380.31
380.31
380.31
380.31
598.30
598.30
598.30
598.30
570.01
570.01
570.01
570.01
49.48
49.48
41.58
41.58
140.36
140.36
115.71
115.71
144.11
144.11
340.71
340.71
379.57
379.57
10.00
10.00
393.40
393.40
272.93
272.93
454.98
454.98
510.20
510.20
770.97
770.97
795.43
795.43
835.86
835.86
992.77
992.77
1548.20
1548.20
1148.44
1148.44
1057.33
1057.33
28.97
28.97
338.08
338.08
403.57
403.57
431.34
431.34
574.26
574.26
989.88
989.88
749.64
749.64
898.98
898.98
938.20
938.20
1098.55
1098.55
1458.72
1458.72
1533.81
1533.81
1533.81
1533.81
1533.81
1533.81
29.50
29.50
299.13
299.13
275.54
275.54
450.25
450.25
17.43
17.43
468.97
468.97
566.86
566.86
403.82
403.82
546.86
546.86
916.47
916.47
1127.69
1127.69
1075.15
1075.15
240.88
240.88
1327.46
1327.46
687.75
687.75
687.75
225.96
225.96
225.96
225.96
225.96
564.24
564.24
546.13
546.13
470.75
470.75
470.75
470.75
470.75
470.75
301.33
301.33
301.33
301.33
84.10
84.10
250.29
250.29
104.39
104.39
14.18
14.18
167.20
167.20
111.32
111.32
369.67
369.67
52.56
52.56
246.53
246.53
266.82
266.82
151.50
151.50
196.23
196.23
120.28
120.28
321.81
321.81
842.47
842.47
735.23
735.23
799.84
799.84
1076.24
1076.24
163.96
163.96
1030.73
1030.73
1411.67
1411.67
15.45
15.45
237.64
237.64
361.06
361.06
744.94
744.94
744.94
744.94
744.94
744.94
160.86
160.86
10.00
10.00
69.68
69.68
173.16
173.16
173.16
70.53
62.00
62.00
121.12
121.12
128.53
128.53
126.11
126.11
32.64
32.64
57.13
57.13
134.47
134.47
111.38
111.38
119.97
119.97
131.27
131.27
52.36
52.36
178.26
178.26
248.62
248.62
56.02
56.02
126.46
126.46
75.45
75.45
89.37
89.37
161.16
161.16
125.87
125.87
64.77
64.77
128.15
128.15
56.91
56.91
91.20
91.20
217.52
217.52
96.79
96.79
136.06
136.06
361.84
361.84
225.53
225.53
128.40
128.40
171.05
171.05
154.82
154.82
157.29
157.29
245.01
245.01
260.68
260.68
202.81
202.81
247.74
247.74
10.00
10.00
220.81
220.81
160.51
160.51
19.90
19.90
95.37
95.37
171.80
171.80
370.62
370.62
10.00
10.00
215.40
215.40
324.90
324.90
324.90
324.90
590.69
590.69
716.28
716.28
707.32
707.32
509.69
509.69
509.69
509.69
778.88
778.88
778.88
778.88
753.29
753.29
753.29
753.29
753.29
753.29
404.17
404.17
103.22
103.22
851.71
851.71
865.07
865.07
1004.85
1004.85
1596.88
1596.88
1596.88
1596.88
358.25
358.25
67.17
67.17
995.74
995.74
1190.69
1190.69
388.95
388.95
236.24
236.24
1098.99
1098.99
966.67
966.67
1098.54
1098.54
903.79
903.79
10.00
10.00
12.08
12.08
210.21
210.21
267.97
267.97
608.87
608.87
91.82
91.82
512.27
512.27
430.78
430.78
45.82
45.82
416.14
416.14
416.14
416.14
117.59
117.59
304.62
304.62
304.62
304.62
315.88
315.88
19.90
19.90
158.31
158.31
59.15
59.15
223.20
223.20
225.70
225.70
112.38
112.38
263.65
263.65
233.42
233.42
296.85
296.85
275.68
275.68
275.68
275.68
352.62
352.62
352.62
352.62
205.47
205.47
205.47
205.47
205.47
205.47
10.00
10.00
41.18
41.18
16.91
16.91
10.00
10.00
400.77
400.77
124.47
124.47
36.76
36.76
407.65
407.65
407.65
407.65
27.87
27.87
141.23
141.23
248.36
248.36
411.38
411.38
10.00
10.00
261.46
261.46
130.34
130.34
414.75
414.75
349.19
349.19
296.72
296.72
301.33
301.33
229.74
229.74
88.53
88.53
174.95
174.95
633.07
633.07
186.08
186.08
186.08
186.08
244.65
244.65
153.19
153.19
198.02
198.02
231.90
231.90
20.09
20.09
333.19
333.19
356.23
356.23
88.12
88.12
10.00
10.00
380.69
380.69
185.35
185.35
396.09
396.09
534.19
534.19
534.00
534.00
656.30
656.30
269.16
269.16
457.34
457.34
856.02
856.02
856.02
856.02
941.23
941.23
941.23
941.23
177.46
177.46
659.61
659.61
667.23
667.23
872.97
872.97
916.67
916.67
507.99
507.99
249.41
249.41
249.41
249.41
500.63
500.63
448.43
448.43
502.87
502.87
656.06
656.06
1109.63
1109.63
1250.00
1250.00
28.34
28.34
653.70
653.70
653.70
653.70
798.32
798.32
798.32
798.32
679.73
679.73
1009.91
1009.91
1009.91
1009.91
1009.91
1009.91
1009.91
32.90
182.12
366.46
16.36
16.36
123.35
123.35
413.89
413.89
197.59
197.59
197.59
133.55
507.74
507.74
57.92
57.92
81.83
81.83
250.27
250.27
130.58
130.58
287.80
287.80
183.93
183.93
146.24
146.24
284.23
284.23
350.99
350.99
333.83
333.83
220.55
220.55
221.84
221.84
377.39
377.39
174.96
174.96
174.96
45.23
298.09
298.09
356.21
356.21
431.42
431.42
213.51
213.51
602.47
602.47
471.57
471.57
884.97
884.97
1204.06
1204.06
1244.15
1244.15
1088.91
1088.91
462.18
462.18
1197.68
1197.68
1963.90
1963.90
312.69
312.69
124.13
124.13
124.13
610.50
1192.21
1192.21
1104.49
1104.49
1622.96
1622.96
1026.92
1026.92
1073.13
1073.13
1493.28
1493.28
1493.28
1493.28
1493.28
1493.28
1493.28
1493.28
1493.28
1493.28
1493.28
1493.28
1493.28
1493.28
1493.28
1493.28
1045.65
1045.65
1045.65
1045.65
945.47
945.47
945.47
945.47
945.47
945.47
777.89
777.89
777.89
777.89
1053.20
1053.20
1053.20
1053.20
1074.99
1074.99
1074.99
1074.99
1074.99
1074.99
1107.28
1107.28
1105.14
1105.14
1279.19
1279.19
1279.19
1279.19
1279.19
1279.19
1033.74
1033.74
1033.74
1033.74
1033.74
1033.74
1280.63
1280.63
949.82
949.82
1196.31
1196.31
965.75
965.75
1167.91
1167.91
1167.91
1167.91
204.19
204.19
25.27
25.27
369.90
369.90
721.76
721.76
721.76
721.76
721.76
721.76
721.76
721.76
172.64
172.64
257.09
257.09
306.07
306.07
459.25
459.25
506.14
506.14
43.24
43.24
92.81
92.81
134.32
134.32
140.73
140.73
206.27
206.27
275.10
275.10
275.10
275.10
567.91
567.91
567.91
567.91
711.34
711.34
1307.99
1307.99
1816.92
1816.92
1832.91
1832.91
1832.91
2132.60
10.00
10.00
2089.72
2089.72
1745.93
1745.93
1745.93
598.28
598.28
477.54
477.54
1301.96
1301.96
1623.07
1623.07
405.13
405.13
404.63
404.63
952.42
952.42
996.93
996.93
168.19
168.19
1157.86
1157.86
539.90
539.90
1162.02
1162.02
1255.87
1255.87
1255.87
1255.87
1191.24
1191.24
1191.24
1191.24
1191.24
1191.24
24.28
24.28
281.52
281.52
1239.86
1239.86
1239.86
1239.86
1239.86
1239.86
1004.49
1004.49
1306.77
1306.77
1247.41
1247.41
1247.41
1247.41
1225.94
1225.94
1225.94
1225.94
1225.94
1225.94
1167.56
1167.56
1167.56
1167.56
1025.20
1025.20
89.36
89.36
968.89
968.89
1040.56
1040.56
1174.33
1174.33
1214.70
50.39
50.39
50.39
202.48
202.48
133.77
133.77
200.44
200.44
392.25
392.25
735.76
735.76
880.79
880.79
965.82
965.82
720.66
720.66
1237.00
1237.00
429.40
429.40
1254.75
1254.75
1495.61
1495.61
1302.23
1302.23
1302.23
1302.23
494.97
494.97
123.47
123.47
1501.24
1501.24
170.91
170.91
971.41
971.41
1110.95
1110.95
1384.07
1384.07
1173.74
1173.74
869.47
869.47
328.46
328.46
1809.09
1809.09
1229.95
1229.95
1229.95
1229.95
1229.95
1229.95
60.96
60.96
368.41
368.41
448.01
448.01
727.23
727.23
204.49
204.49
139.60
139.60
1223.09
1223.09
1518.86
1518.86
922.60
922.60
1295.35
1295.35
1393.90
1393.90
1005.21
1005.21
1375.61
1375.61
666.70
666.70
187.85
187.85
127.53
127.53
871.60
871.60
907.13
907.13
1333.82
1333.82
1223.02
1223.02
24.10
24.10
1609.27
1609.27
771.21
771.21
1282.62
1282.62
1092.22
1092.22
1192.33
1192.33
727.68
727.68
1096.41
1096.41
1195.65
1195.65
993.31
993.31
146.26
146.26
195.02
195.02
102.95
102.95
1116.24
1116.24
1083.53
1083.53
1092.80
1092.80
770.32
770.32
1014.36
1014.36
980.37
980.37
10.00
10.00
1083.93
1083.93
329.50
329.50
1201.56
1201.56
1201.56
1201.56
173.98
173.98
10.00
10.00
10.00
10.00
1069.83
1069.83
393.37
393.37
1205.84
1205.84
1255.15
1255.15
1259.62
1259.62
1575.24
1575.24
1575.24
1575.24
996.61
996.61
996.61
996.61
1413.54
1413.54
1301.82
1301.82
1458.10
1458.10
983.26
983.26
983.26
983.26
50.79
50.79
51.77
51.77
1061.51
1061.51
1061.51
1061.51
1061.51
1061.51
1061.51
1061.51
10.00
10.00
1097.66
1097.66
1097.66
1097.66
1097.66
1097.66
10.00
10.00
291.99
291.99
1086.68
1086.68
1086.68
1086.68
1162.88
1162.88
1162.88
1162.88
1162.88
1162.88
1312.38
1312.38
32.36
32.36
277.40
277.40
348.61
348.61
348.61
348.61
647.55
647.55
647.55
647.55
1228.43
1228.43
1228.43
1228.43
904.29
904.29
904.29
904.29
904.29
904.29
136.12
136.12
264.97
264.97
127.85
127.85
255.50
255.50
443.32
443.32
300.68
300.68
18.03
18.03
471.68
471.68
491.78
491.78
456.06
456.06
497.64
497.64
497.64
497.64
641.89
641.89
641.89
641.89
537.12
537.12
537.12
537.12
537.12
537.12
20.12
20.12
314.03
314.03
628.51
628.51
628.51
628.51
602.09
602.09
602.09
602.09
681.21
681.21
1062.63
1062.63
1062.63
1062.63
1288.36
1288.36
1450.55
1450.55
1323.97
1323.97
1564.76
1564.76
1846.70
1846.70
403.99
403.99
1580.00
1580.00
1396.64
1396.64
1758.86
1758.86
932.20
932.20
932.20
932.20
932.20
932.20
420.38
420.38
1267.58
1267.58
550.64
550.64
964.23
964.23
1037.71
1037.71
1037.89
1037.89
1313.26
1313.26
1062.11
1062.11
1083.37
1083.37
1329.78
1329.78
479.45
479.45
1546.78
1546.78
275.29
275.29
592.71
592.71
1734.04
1734.04
114.81
114.81
10.00
10.00
1801.90
1801.90
1066.78
1066.78
1017.92
1017.92
1252.40
1252.40
481.22
481.22
114.66
114.66
762.33
762.33
723.08
723.08
252.36
252.36
891.63
891.63
189.02
189.02
189.02
512.32
128.18
128.18
769.20
769.20
1024.67
1024.67
1390.75
1390.75
168.79
168.79
714.03
714.03
1235.30
1235.30
1064.87
1064.87
1124.28
1124.28
515.51
515.51
833.28
833.28
1072.56
1072.56
301.61
301.61
1405.98
1405.98
769.93
769.93
1197.29
1197.29
325.16
325.16
207.23
207.23
29.55
29.55
12.21
12.21
1208.43
1208.43
1407.62
1407.62
1236.36
1236.36
788.82
788.82
1521.75
1521.75
1423.76
1423.76
103.93
103.93
502.22
502.22
323.57
323.57
118.45
118.45
484.61
484.61
857.54
857.54
138.76
138.76
497.08
497.08
94.74
94.74
578.88
578.88
79.73
79.73
45.55
45.55
691.81
691.81
1026.44
1026.44
345.02
345.02
805.37
805.37
510.90
510.90
270.10
270.10
144.33
144.33
250.39
250.39
792.55
792.55
60.69
60.69
885.44
885.44
961.56
961.56
1196.40
1196.40
1196.40
1196.40
698.27
698.27
582.23
582.23
582.28
582.28
1004.97
1004.97
1099.36
1099.36
1099.36
1099.36
1249.06
1249.06
1249.06
1249.06
1299.74
1299.74
1299.74
1299.74
1299.74
1299.74
1299.74
1299.74
1299.74
1299.74
10.12
10.12
224.52
224.52
270.32
270.32
270.32
270.32
90.28
90.28
453.30
453.30
27.34
27.34
463.50
463.50
109.34
109.34
499.30
499.30
475.82
475.82
443.63
443.63
301.99
301.99
476.98
476.98
646.00
646.00
635.18
635.18
613.73
613.73
634.31
634.31
704.92
704.92
32.48
32.48
561.70
561.70
698.50
698.50
698.50
698.50
736.48
736.48
668.00
668.00
709.89
709.89
507.42
507.42
675.73
675.73
644.62
644.62
850.19
850.19
850.19
850.19
806.00
806.00
832.02
832.02
983.22
983.22
983.22
983.22
983.22
983.22
770.98
770.98
770.98
770.98
988.44
988.44
988.44
988.44
988.44
988.44
1084.16
1084.16
1084.16
1084.16
1084.16
1084.16
1084.16
1084.16
1077.10
1077.10
1077.10
1077.10
1077.10
1077.10
791.78
791.78
791.78
791.78
791.78
791.78
791.78
791.78
791.78
791.78
843.39
843.39
843.39
843.39
843.39
843.39
843.39
843.39
1076.14
1076.14
1076.14
1076.14
1076.14
1076.14
1017.80
1017.80
1017.80
1017.80
947.49
947.49
947.49
947.49
947.49
947.49
792.55
792.55
64.42
64.42
779.04
779.04
96.45
96.45
731.53
731.53
731.53
731.53
731.53
731.53
10.00
10.00
254.14
254.14
58.12
58.12
361.75
361.75
494.29
494.29
544.71
544.71
440.54
440.54
353.75
353.75
550.44
550.44
667.06
667.06
781.95
781.95
737.49
737.49
684.19
684.19
684.19
684.19
802.20
802.20
834.31
834.31
1060.95
1060.95
1185.22
1185.22
267.37
267.37
1626.65
1626.65
1394.03
1394.03
1184.76
1184.76
1413.36
1413.36
1132.69
1132.69
1386.05
1386.05
1677.52
1677.52
732.78
732.78
732.78
732.78
740.82
740.82
740.82
740.82
740.82
740.82
740.82
740.82
740.82
740.82
798.42
798.42
798.42
798.42
215.98
215.98
1269.50
1269.50
1325.45
1325.45
732.34
732.34
732.34
732.34
83.29
83.29
10.00
10.00
596.76
596.76
917.19
917.19
980.99
980.99
893.02
893.02
1066.12
1066.12
1224.27
1224.27
67.98
67.98
1152.67
1152.67
1151.11
1151.11
1151.11
1151.11
1151.11
1151.11
1151.11
1151.11
1151.11
1151.11
1272.41
1272.41
1272.41
1272.41
1086.52
1086.52
1086.52
1086.52
1086.52
1086.52
1238.11
1238.11
1238.11
1238.11
72.26
72.26
397.83
397.83
1078.27
1078.27
153.92
153.92
944.84
944.84
1162.18
1162.18
1162.18
1162.18
1093.22
1093.22
1093.22
1093.22
1093.22
1093.22
10.00
10.00
598.55
598.55
677.26
677.26
677.26
677.26
451.56
451.56
451.56
451.56
707.27
707.27
882.28
882.28
882.28
882.28
862.71
862.71
1113.11
1113.11
1113.11
1113.11
616.45
616.45
1164.24
1164.24
1037.05
1037.05
1037.05
1037.05
1037.05
1037.05
1037.05
1037.05
1037.05
1037.05
1418.90
1418.90
1418.90
1418.90
1418.90
1418.90
1418.90
1418.90
1418.90
1418.90
1418.90
1418.90
1418.90
1418.90
1134.83
1134.83
1005.89
1005.89
1094.31
1094.31
1094.31
1094.31
1094.31
1094.31
1183.59
1183.59
978.44
978.44
833.83
833.83
833.83
833.83
833.83
833.83
933.35
933.35
1123.59
1123.59
1123.59
1123.59
1123.59
1123.59
1070.97
1070.97
1070.97
1070.97
1070.97
1070.97
1206.57
1206.57
1206.57
1206.57
1119.32
1119.32
1119.32
1119.32
1119.32
1119.32
48.13
48.13
472.04
472.04
300.09
300.09
405.58
405.58
1089.07
1089.07
1089.07
1089.07
1089.07
1089.07
1089.07
1089.07
1089.07
1089.07
759.17
759.17
759.17
759.17
759.17
759.17
1146.08
1146.08
1170.50
1170.50
1198.58
1198.58
1198.58
1198.58
1214.19
1214.19
1206.87
1206.87
291.03
291.03
765.22
765.22
765.22
765.22
765.22
1101.87
1101.87
1101.87
1101.87
1101.87
1101.87
230.67
230.67
126.54
126.54
186.47
186.47
192.58
405.43
405.43
405.43
401.64
401.64
401.64
401.64
436.05
436.05
375.42
375.42
479.20
479.20
500.44
435.82
435.82
435.82
553.96
553.96
553.96
553.96
604.13
604.13
604.13
604.13
663.98
663.98
663.98
663.98
685.12
685.12
461.16
461.16
461.16
461.16
561.74
561.74
561.74
840.17
840.17
840.17
840.17
840.17
10.00
10.00
196.75
196.75
35.09
35.09
413.35
413.35
413.35
413.35
413.35
413.35
679.21
679.21
245.65
245.65
853.06
853.06
853.06
615.99
615.99
615.99
186.84
186.84
478.00
478.00
423.01
423.01
423.01
423.01
1081.62
1081.62
652.66
652.66
1292.47
1292.47
1249.24
1249.24
1383.43
1383.43
1383.43
1383.43
1383.43
1383.43
1383.43
1383.43
1383.43
1383.43
1383.43
1383.43
10.00
10.00
402.54
402.54
458.87
458.87
458.87
458.87
458.87
458.87
606.07
606.07
606.07
606.07
615.33
615.33
892.46
892.46
1095.43
1095.43
997.62
997.62
1439.28
1439.28
1433.44
1433.44
1670.77
1670.77
456.78
456.78
291.77
291.77
1693.63
1693.63
1063.65
1063.65
1198.32
1198.32
1036.17
1036.17
924.66
924.66
736.28
736.28
1444.13
1444.13
1396.68
1396.68
1497.41
1497.41
31.02
31.02
809.55
809.55
809.55
809.55
809.55
809.55
1332.76
1332.76
1332.76
1332.76
1332.76
1332.76
1332.76
1332.76
1332.76
1332.76
1332.76
1332.76
109.25
109.25
1008.30
1008.30
1008.30
1008.30
1057.07
1057.07
813.40
813.40
813.40
813.40
1059.14
1059.14
1059.14
1059.14
1005.39
1005.39
1005.39
1005.39
1173.68
1173.68
1173.68
1173.68
990.36
990.36
1212.67
1212.67
1212.67
1212.67
1212.67
1212.67
1212.67
1212.67
1212.67
1212.67
1212.67
1212.67
1212.67
1212.67
1207.46
1207.46
1207.46
1207.46
1174.24
1174.24
138.87
138.87
503.55
503.55
934.38
934.38
934.38
934.38
1133.72
1133.72
826.09
826.09
1223.27
1223.27
1008.30
1008.30
1247.17
1247.17
14.28
14.28
430.63
430.63
1352.63
1352.63
657.48
657.48
1772.90
1772.90
1829.85
1829.85
1349.82
1349.82
653.38
653.38
1489.02
1489.02
1209.12
1209.12
1153.75
1153.75
100.39
100.39
930.28
930.28
1472.60
1472.60
984.88
984.88
1210.56
1210.56
1065.10
1065.10
1117.72
1117.72
1117.72
1117.72
152.85
152.85
353.63
353.63
417.73
417.73
1206.76
1206.76
1206.76
1206.76
877.06
877.06
877.06
877.06
1122.42
1122.42
1122.42
1122.42
1122.42
1122.42
1148.43
1148.43
1148.43
1148.43
1068.24
1068.24
1068.24
1068.24
1013.01
1013.01
1204.06
1204.06
1031.46
1031.46
1045.34
1045.34
1045.34
1045.34
1045.34
1045.34
1045.34
1045.34
1055.57
1055.57
1082.68
1082.68
1082.68
1082.68
1122.42
1122.42
1122.42
1122.42
1210.66
1210.66
1210.66
1210.66
1210.66
1210.66
1101.84
1101.84
1101.84
1101.84
1101.84
1101.84
1101.84
1101.84
1101.84
1101.84
14.63
14.63
345.09
345.09
1113.91
1113.91
1113.91
1113.91
1113.91
1113.91
1249.01
1249.01
1249.01
1249.01
1254.57
1254.57
1254.57
1254.57
1276.82
1276.82
1276.82
1276.82
1276.82
1276.82
1223.32
1223.32
1223.32
1223.32
1263.33
1263.33
1263.33
1263.33
1263.33
1263.33
1098.55
1098.55
1098.55
1098.55
115.76
115.76
286.67
286.67
1078.75
1078.75
1078.75
1078.75
1078.75
1078.75
1207.90
1207.90
1207.90
1207.90
1227.38
1227.38
1762.96
1762.96
2137.03
2137.03
807.81
807.81
807.81
807.81
842.14
842.14
1743.56
1743.56
1168.75
1168.75
1159.31
1159.31
1066.40
1066.40
1170.34
1170.34
77.74
77.74
1403.28
1403.28
1403.28
1403.28
1251.55
1251.55
1455.50
1455.50
1455.50
1455.50
1455.50
1455.50
1455.50
1455.50
805.07
805.07
805.07
805.07
805.07
805.07
805.07
805.07
805.07
805.07
805.07
805.07
805.07
805.07
805.07
805.07
1510.04
1510.04
1510.04
1510.04
1510.04
1510.04
1510.04
1510.04
1510.04
1510.04
1510.04
1510.04
1510.04
1510.04
1351.61
1351.61
1351.61
1351.61
1267.85
1267.85
1267.85
1267.85
1267.85
1267.85
1371.46
1371.46
1371.46
1371.46
1371.46
1371.46
1371.46
1371.46
1383.10
1383.10
1383.10
1383.10
67.95
67.95
475.68
475.68
615.63
615.63
1219.33
1219.33
824.76
824.76
1126.42
1126.42
1126.42
1126.42
1126.42
1126.42
1120.56
1120.56
1120.56
1120.56
26.10
26.10
283.79
283.79
450.99
450.99
1300.76
1300.76
1300.76
1300.76
1110.85
1110.85
1110.85
1110.85
1149.22
1149.22
1149.22
1149.22
1149.22
1149.22
36.12
36.12
973.62
973.62
1218.90
1218.90
1218.90
1218.90
1218.90
1218.90
1218.90
1218.90
1218.90
1218.90
126.24
126.24
336.53
336.53
754.32
754.32
754.32
754.32
754.32
754.32
1085.80
1085.80
1085.80
1085.80
905.61
905.61
905.61
905.61
905.61
905.61
952.17
952.17
952.17
952.17
1093.92
1093.92
1093.92
1093.92
1160.09
1160.09
1160.09
1160.09
1160.09
1160.09
1136.89
1136.89
1136.89
1136.89
951.62
951.62
951.62
951.62
951.62
951.62
1124.88
1124.88
1124.88
1124.88
1155.33
1155.33
1155.33
1155.33
847.26
847.26
847.26
847.26
984.71
984.71
1263.42
1263.42
1263.42
1263.42
1214.95
1214.95
1039.92
1039.92
1039.92
1039.92
586.46
586.46
671.63
671.63
1272.19
1272.19
1272.19
1272.19
1170.77
1170.77
1170.77
1170.77
1170.77
1170.77
856.36
856.36
1500.72
1500.72
1500.72
1500.72
1500.72
1500.72
1500.72
1500.72
1500.72
1500.72
1500.72
1500.72
1500.72
1500.72
1500.72
1500.72
1500.72
1500.72
1500.72
1500.72
1500.72
1500.72
1500.72
1500.72
1500.72
1500.72
23.36
23.36
85.01
85.01
128.82
128.82
419.57
419.57
384.89
384.89
534.20
534.20
515.58
515.58
658.99
658.99
711.14
711.14
587.60
587.60
23.34
23.34
1094.94
1094.94
1093.55
1093.55
1428.69
1428.69
1386.73
1386.73
145.05
145.05
1427.17
1427.17
1503.31
1503.31
10.00
10.00
1197.99
1197.99
1197.99
1197.99
1197.99
1197.99
1197.99
1197.99
1197.99
1197.99
1197.99
1197.99
1197.99
1197.99
1197.99
1197.99
1155.07
1155.07
1155.07
1155.07
1139.64
1139.64
1139.64
1139.64
1037.04
1037.04
807.87
807.87
1187.54
1187.54
1111.04
1111.04
1226.47
1226.47
1327.02
1327.02
72.86
72.86
749.60
749.60
1414.22
1414.22
1112.01
1112.01
1234.00
1234.00
1234.00
1234.00
1051.71
1051.71
1051.71
1051.71
1051.71
1051.71
1051.71
1051.71
1051.71
1051.71
1051.71
1051.71
1051.71
1051.71
49.97
49.97
100.24
100.24
153.03
153.03
403.59
403.59
160.68
160.68
175.86
175.86
640.87
640.87
1155.45
1155.45
1162.72
1162.72
429.73
429.73
1270.23
1270.23
1028.31
1028.31
412.84
412.84
1143.29
1143.29
1291.46
1291.46
1291.46
1291.46
1291.46
1291.46
1291.46
1291.46
1291.46
1291.46
1291.46
1291.46
1291.46
1291.46
42.88
42.88
171.56
171.56
203.76
203.76
423.15
423.15
468.91
468.91
503.87
503.87
689.31
689.31
632.03
632.03
811.99
811.99
508.51
508.51
1150.49
1150.49
572.69
572.69
17.95
17.95
1361.40
1361.40
1017.80
1017.80
1305.68
1305.68
1964.31
1964.31
1180.55
1180.55
937.55
937.55
937.55
937.55
1013.40
1013.40
1067.89
1067.89
1067.89
1067.89
1104.15
1104.15
1095.88
1095.88
1196.15
1196.15
1196.15
1196.15
1302.06
1302.06
1302.06
1302.06
1302.06
1302.06
1247.91
1247.91
1247.91
1247.91
1205.43
1205.43
17.80
17.80
420.94
420.94
579.63
579.63
579.63
579.63
901.11
901.11
901.11
901.11
963.23
963.23
963.23
963.23
1210.63
1210.63
995.15
995.15
995.15
995.15
1267.21
1267.21
1234.16
1234.16
1165.97
1165.97
197.53
197.53
1444.22
1444.22
2208.14
2208.14
1134.34
1134.34
1396.06
1396.06
1122.04
1122.04
1825.16
1825.16
1271.63
1271.63
1098.74
1098.74
10.00
10.00
485.82
485.82
540.91
540.91
718.67
718.67
718.67
718.67
718.67
718.67
718.67
718.67
718.67
718.67
67.37
67.37
110.52
110.52
315.46
315.46
413.13
413.13
553.51
553.51
553.51
553.51
564.21
564.21
700.41
700.41
719.75
719.75
801.92
801.92
34.09
34.09
895.09
895.09
1278.36
1278.36
1278.36
1278.36
1077.99
1077.99
259.39
259.39
1141.96
1141.96
1190.42
1190.42
279.99
279.99
1721.27
1721.27
1721.27
1721.27
734.97
734.97
1421.92
1421.92
19.88
19.88
380.29
380.29
380.29
380.29
1307.67
1307.67
1345.15
1345.15
1345.15
1345.15
1345.15
1345.15
1345.15
1345.15
10.00
10.00
323.87
323.87
597.30
597.30
597.30
597.30
1291.68
1291.68
1291.68
1291.68
1291.68
1291.68
1291.68
1384.70
1384.70
22.42
17.22
17.22
17.22
365.65
365.65
365.65
365.65
1020.37
1020.37
1020.37
1020.37
871.88
871.88
871.88
871.88
1283.91
1283.91
1367.01
1367.01
1123.93
1123.93
1787.49
1787.49
1560.90
1560.90
1649.10
1649.10
2544.01
2544.01
427.56
427.56
10.00
10.00
1296.11
1296.11
1304.23
1304.23
1247.26
1247.26
1147.38
1147.38
950.85
950.85
950.85
950.85
27.44
27.44
17.91
17.91
1063.22
1063.22
1063.22
1063.22
1063.22
1063.22
1162.15
1162.15
1162.15
1162.15
1326.84
1326.84
1556.15
1556.15
1092.10
1092.10
2037.11
2037.11
1369.38
1369.38
1020.85
1020.85
1444.97
1444.97
1030.52
1030.52
1030.52
1030.52
20.79
20.79
1095.32
1095.32
838.08
838.08
1065.99
1065.99
1065.99
1065.99
1211.59
1211.59
1211.59
1211.59
1211.59
1211.59
898.01
898.01
898.01
898.01
898.01
898.01
898.01
898.01
898.01
898.01
1007.60
1007.60
1007.60
1007.60
1056.12
1056.12
1056.12
1056.12
28.31
28.31
338.86
338.86
338.86
338.86
774.06
774.06
828.92
828.92
806.20
806.20
806.20
806.20
969.18
969.18
1079.19
1079.19
886.79
886.79
1146.86
1146.86
1191.55
1191.55
842.28
842.28
842.28
842.28
842.28
842.28
1045.14
1045.14
1147.93
1147.93
1345.36
1345.36
1055.67
1055.67
1370.26
1370.26
1008.70
1008.70
1526.83
1526.83
1262.71
1262.71
729.71
729.71
729.71
729.71
729.71
729.71
729.71
729.71
496.71
496.71
722.37
722.37
717.19
717.19
761.30
761.30
751.45
751.45
154.24
154.24
1403.05
1403.05
1572.54
1572.54
1727.23
1727.23
1231.80
1231.80
2542.36
2542.36
1312.85
1312.85
49.82
49.82
349.32
349.32
1716.64
1716.64
1171.14
1171.14
1159.26
1159.26
737.67
737.67
1051.64
1051.64
1304.78
1304.78
1599.77
1599.77
683.37
683.37
1679.73
1679.73
1679.73
1679.73
1679.73
1679.73
1679.73
1679.73
1679.73
1679.73
1127.08
1127.08
1135.02
1135.02
1201.75
1201.75
23.35
23.35
1075.22
1075.22
809.21
809.21
1057.79
1057.79
1233.39
1233.39
19.14
19.14
2715.85
2715.85
1966.08
1966.08
1900.00
1900.00
1726.84
1726.84
1508.33
1508.33
1200.00
1200.00
911.52
911.52
1085.28
1085.28
1186.67
1186.67
1245.94
1245.94
1445.79
1445.79
970.41
970.41
1162.52
1162.52
573.60
573.60
1632.32
1632.32
1214.28
1214.28
1214.28
1214.28
1138.13
1138.13
1479.01
1479.01
1479.01
1479.01
1479.01
1479.01
20.97
20.97
628.80
628.80
628.80
628.80
700.97
700.97
700.97
700.97
1286.93
1286.93
1286.93
1286.93
1118.67
1118.67
1118.67
1118.67
11.04
11.04
1203.57
1203.57
1203.57
1203.57
970.00
970.00
970.00
970.00
970.00
970.00
894.70
894.70
894.70
894.70
1051.13
1051.13
1051.13
1051.13
1253.43
1253.43
1253.43
1253.43
1128.78
1128.78
1157.03
1157.03
1177.85
1177.85
986.07
986.07
986.07
986.07
1238.67
1238.67
1221.33
1221.33
23.83
23.83
1336.61
1336.61
1336.61
1336.61
1396.32
1396.32
1396.32
1396.32
1396.32
1396.32
1396.32
1396.32
1396.32
1396.32
1396.32
1396.32
1396.32
1396.32
1396.32
1396.32
1427.45
1427.45
1427.45
1427.45
1427.45
1427.45
1427.45
1427.45
1162.33
1162.33
1162.33
1162.33
1162.33
1162.33
1240.01
1240.01
57.71
57.71
1101.28
1101.28
44.50
44.50
43.41
43.41
954.27
954.27
954.27
954.27
1309.68
1309.68
1309.68
1309.68
1192.80
1192.80
1314.51
1314.51
1314.51
1314.51
1314.51
1314.51
52.09
52.09
992.16
992.16
992.16
992.16
992.16
992.16
850.02
850.02
917.39
917.39
1030.44
1030.44
1030.44
1030.44
762.52
762.52
762.52
762.52
1103.94
1103.94
1136.72
1136.72
1058.59
1058.59
187.08
187.08
390.06
390.06
415.12
415.12
19.99
19.99
468.68
468.68
891.50
891.50
891.50
891.50
1051.08
1051.08
1051.08
1051.08
1051.08
1051.08
1018.42
1018.42
862.72
862.72
888.65
888.65
888.65
888.65
714.77
714.77
894.70
894.70
894.70
894.70
1050.82
1050.82
1114.25
1114.25
1300.19
1300.19
1195.35
1195.35
1455.59
1455.59
1201.62
1201.62
1600.74
1600.74
1759.30
1759.30
442.15
442.15
1507.91
1507.91
1090.69
1090.69
1572.98
1572.98
417.76
417.76
460.10
460.10
591.40
591.40
30.14
30.14
825.86
825.86
2177.16
2177.16
1220.12
1220.12
1218.01
1218.01
1297.87
1297.87
51.66
51.66
1599.02
1599.02
1255.78
1255.78
1060.18
1060.18
1060.18
1060.18
1402.36
1402.36
1045.29
1045.29
1366.41
1366.41
1366.41
1366.41
23.87
23.87
928.37
928.37
1339.21
1339.21
1897.58
1897.58
913.91
913.91
913.91
913.91
1318.57
1318.57
1318.57
1318.57
1318.57
1318.57
1318.57
1318.57
1318.57
1318.57
1318.57
1318.57
277.39
277.39
1225.30
1225.30
1225.30
1225.30
1225.30
1225.30
1431.52
1431.52
954.99
954.99
1276.32
1276.32
1276.32
1276.32
1084.12
1084.12
1084.12
1084.12
1084.12
1084.12
1084.12
1084.12
1084.12
1084.12
1049.25
1049.25
1049.25
1049.25
1049.25
1049.25
1065.37
1065.37
1005.40
1005.40
960.21
960.21
960.21
960.21
839.42
839.42
839.42
839.42
839.42
839.42
1115.73
1115.73
1115.73
1115.73
1148.88
1148.88
987.69
987.69
987.69
987.69
1305.63
1305.63
1305.63
1305.63
1224.51
1224.51
1224.51
1224.51
1111.93
1111.93
1111.93
1111.93
1111.93
1111.93
1026.90
1026.90
1112.74
1112.74
1243.82
1243.82
1243.82
1243.82
1243.82
1243.82
270.59
270.59
452.83
452.83
1244.26
1244.26
1244.26
1244.26
1096.77
1096.77
1096.77
1096.77
1096.77
1096.77
1096.77
1096.77
1235.88
1235.88
977.32
977.32
977.32
977.32
977.32
977.32
946.36
946.36
946.36
946.36
1149.12
1149.12
978.28
978.28
1214.85
1214.85
1202.63
1202.63
1202.63
1202.63
1013.07
1013.07
1013.07
1013.07
862.65
862.65
1072.29
1072.29
1072.29
1072.29
635.01
635.01
952.34
952.34
1184.02
1184.02
1184.02
1184.02
1004.57
1004.57
1004.57
1004.57
1004.57
1004.57
1258.03
1258.03
1258.03
1258.03
1196.08
1196.08
1110.79
1110.79
1259.25
1259.25
1017.56
1017.56
1017.56
1017.56
1119.98
1119.98
1119.98
1119.98
935.01
935.01
935.01
935.01
935.01
935.01
972.72
972.72
972.72
972.72
1096.17
1096.17
1206.59
1206.59
1285.03
1285.03
1191.07
1191.07
1423.58
1423.58
1423.58
1423.58
648.85
648.85
1722.28
1722.28
1722.28
1722.28
784.91
784.91
1457.88
1457.88
1417.49
1417.49
1659.56
1659.56
1782.23
1782.23
632.30
632.30
721.00
721.00
721.00
721.00
844.79
844.79
844.79
844.79
34.45
34.45
336.09
336.09
336.09
336.09
1030.50
1030.50
1102.27
1102.27
1131.89
1131.89
1098.89
1098.89
1399.71
1399.71
1521.40
1521.40
1452.82
1452.82
1452.82
1452.82
1452.82
1452.82
1452.82
1452.82
1452.82
1452.82
1452.82
1452.82
1452.82
1452.82
1452.82
1452.82
1276.63
1276.63
1276.63
1276.63
1192.42
1192.42
1192.42
1192.42
1192.42
1192.42
922.43
922.43
1182.27
1182.27
840.03
840.03
319.06
319.06
319.06
319.06
1281.74
1281.74
1125.42
1125.42
1219.46
1219.46
1219.46
1219.46
1001.79
1001.79
1111.28
1111.28
820.50
820.50
1012.22
1012.22
1012.22
1012.22
1049.52
1049.52
1049.52
1049.52
1049.52
1049.52
1229.13
1229.13
1229.13
1229.13
1088.84
1088.84
1088.84
1088.84
15.40
15.40
345.20
345.20
386.20
386.20
887.24
887.24
887.24
887.24
1140.75
1140.75
1140.75
1140.75
1140.75
1140.75
1042.23
1042.23
1042.23
1042.23
945.39
945.39
945.39
945.39
928.89
928.89
1167.91
1167.91
1167.91
1483.74
1826.25
1826.25
2030.93
2030.93
1192.43
1192.43
1192.43
1192.43
1192.43
1192.43
1330.65
1330.65
743.89
743.89
858.98
858.98
1492.25
1492.25
1092.75
1092.75
1278.36
1278.36
32.65
32.65
1411.00
1411.00
951.60
951.60
1159.53
1159.53
1194.35
1194.35
1227.13
1227.13
1291.41
1291.41
1358.03
1358.03
939.59
939.59
1284.13
1284.13
1356.55
1356.55
916.28
916.28
916.28
916.28
1394.64
1394.64
1167.41
1167.41
1227.86
1227.86
299.29
299.29
314.01
314.01
1158.93
1158.93
1158.93
1158.93
992.23
992.23
992.23
992.23
1195.91
1195.91
1195.91
1195.91
1195.91
1195.91
1280.58
1280.58
1280.58
1280.58
1065.13
1065.13
1065.13
1065.13
1065.13
1065.13
1170.90
1170.90
1170.90
1170.90
12.97
12.97
305.87
305.87
777.01
777.01
1181.46
1181.46
1181.46
1181.46
1002.01
1002.01
1002.01
1002.01
1212.96
1212.96
1212.96
1212.96
1212.96
1212.96
1117.76
1117.76
926.02
926.02
926.02
926.02
926.02
926.02
1117.23
1117.23
22.27
22.27
1090.84
1090.84
1166.80
1166.80
992.89
992.89
998.65
998.65
998.65
998.65
998.65
998.65
1215.02
1215.02
1215.02
1202.87
1202.87
17.16
17.16
1347.72
1347.72
1347.72
1347.72
1392.77
1392.77
189.37
189.37
1864.10
1864.10
1097.24
1097.24
990.88
990.88
995.98
995.98
995.98
995.98
995.98
995.98
1075.10
1075.10
1070.38
1070.38
1473.08
1473.08
1307.19
1307.19
260.88
260.88
423.46
423.46
1957.31
1957.31
2048.29
2048.29
1773.20
1773.20
1854.75
1397.91
1397.91
1397.91
1674.77
1674.77
1690.85
1690.85
1509.64
1509.64
1867.74
1867.74
664.77
664.77
268.98
268.98
268.98
1005.03
1005.03
1005.03
933.96
933.96
933.96
933.96
1902.30
1030.41
1030.41
1030.41
1477.67
1477.67
704.82
704.82
708.25
708.25
708.25
708.25
708.25
708.25
708.25
708.25
708.25
708.25
757.72
757.72
757.72
757.72
776.06
776.06
776.06
1295.85
1295.85
1295.85
1295.85
1295.85
1295.85
1295.85
1439.56
1439.56
1439.56
1439.56
1439.56
1439.56
1439.56
1439.56
1439.56
1439.56
145.39
145.39
145.39
145.39
284.46
284.46
271.89
271.89
334.05
334.05
10.00
10.00
702.06
702.06
759.00
759.00
759.00
759.00
757.02
757.02
757.02
757.02
568.58
568.58
906.75
906.75
906.75
906.75
955.99
955.99
955.99
955.99
954.25
954.25
1177.93
1177.93
1409.40
1409.40
1704.31
1704.31
1185.53
1185.53
1347.73
1347.73
1347.73
1347.73
1347.73
1347.73
1347.73
1347.73
16.76
16.76
43.95
43.95
362.62
362.62
1372.68
1372.68
1372.68
1372.68
1372.68
1372.68
1299.33
1299.33
1299.33
1299.33
1299.33
1299.33
1034.75
1034.75
1034.75
1034.75
1034.75
1034.75
1034.75
1034.75
1150.18
1150.18
1257.20
1257.20
655.69
655.69
655.69
655.69
128.90
128.90
1173.94
1173.94
1292.77
1292.77
1466.10
1466.10
1714.27
1714.27
1356.21
1356.21
1934.64
1934.64
1173.24
1173.24
1407.75
1407.75
1407.75
1407.75
1407.75
1407.75
1407.75
1407.75
1407.75
1407.75
1407.75
1407.75
1407.75
1407.75
1407.75
1407.75
1407.75
1407.75
1407.75
1407.75
1407.75
1407.75
1407.75
1407.75
578.00
578.00
825.59
825.59
846.78
846.78
984.25
984.25
921.22
921.22
577.97
577.97
957.52
957.52
890.46
890.46
1135.29
1135.29
1368.00
1368.00
1714.92
1714.92
1714.92
1714.92
1714.92
1714.92
1714.92
1714.92
1714.92
1714.92
1714.92
1714.92
1714.92
1714.92
1714.92
1714.92
1714.92
1714.92
1714.92
1714.92
1714.92
1714.92
1714.92
1714.92
1714.92
1714.92
1714.92
1714.92
1714.92
1714.92
1714.92
1714.92
1714.92
1714.92
24.60
24.60
98.60
98.60
281.76
281.76
330.57
330.57
421.69
421.69
414.24
414.24
414.24
414.24
294.90
294.90
13.85
13.85
1030.82
1030.82
1084.09
1084.09
934.94
934.94
1712.71
1712.71
1834.39
1834.39
881.25
881.25
1582.73
1582.73
1827.49
1827.49
1508.80
1508.80
496.22
496.22
1011.82
1011.82
1011.82
1011.82
837.17
837.17
1390.17
1390.17
789.14
789.14
1915.77
1915.77
1076.06
1076.06
2067.93
2067.93
2067.93
2067.93
715.24
715.24
226.82
226.82
592.61
592.61
1762.56
1762.56
1762.56
1762.56
12.44
12.44
320.98
320.98
567.15
567.15
616.28
616.28
850.54
850.54
1269.37
1269.37
1388.28
1388.28
817.84
817.84
2105.58
2105.58
2162.69
2162.69
1306.00
1306.00
1946.66
1946.66
1346.49
1346.49
1346.49
1346.49
1346.49
1346.49
936.15
936.15
936.15
936.15
227.39
227.39
466.42
466.42
1063.90
1063.90
1110.95
1110.95
1051.21
1051.21
1123.12
1123.12
1171.27
1171.27
1193.79
1193.79
1115.85
1115.85
1212.01
1212.01
1247.68
1247.68
1247.68
1247.68
995.24
995.24
995.24
995.24
1209.66
1209.66
1209.66
1209.66
45.18
45.18
1302.42
1302.42
1302.42
1302.42
1202.09
1202.09
1361.13
1361.13
1234.85
1234.85
1391.94
1391.94
1083.01
1083.01
318.84
318.84
461.75
461.75
226.34
226.34
519.85
519.85
1490.30
1490.30
634.84
634.84
350.71
350.71
269.31
269.31
1387.33
1387.33
1131.02
1131.02
1021.04
1021.04
320.29
320.29
26.81
26.81
636.30
636.30
498.26
498.26
1151.46
1151.46
1151.46
1151.46
716.92
716.92
716.92
716.92
1116.09
1116.09
1116.09
1116.09
1176.49
1176.49
1176.49
1176.49
25.27
25.27
1213.51
1213.51
1213.51
1213.51
1025.81
1025.81
1025.81
1025.81
1025.81
1025.81
1170.09
1170.09
1170.09
1170.09
981.07
981.07
981.07
981.07
886.37
886.37
886.37
886.37
886.37
886.37
618.00
618.00
618.00
618.00
701.22
701.22
701.22
701.22
892.02
892.02
892.02
892.02
892.02
892.02
841.88
841.88
841.88
841.88
1002.74
1002.74
1002.74
1002.74
1002.74
1002.74
944.32
944.32
944.32
944.32
997.65
997.65
997.65
997.65
847.99
847.99
847.99
847.99
847.99
847.99
928.46
928.46
928.46
928.46
508.21
508.21
508.21
508.21
508.21
508.21
964.38
964.38
497.81
497.81
1183.34
1183.34
1771.92
1771.92
1771.92
1771.92
1771.92
1771.92
1167.92
1167.92
328.38
328.38
636.43
636.43
931.69
931.69
931.69
931.69
1366.35
1366.35
1265.28
1265.28
1265.28
1265.28
609.48
609.48
715.55
715.55
1540.52
1540.52
402.29
402.29
439.94
439.94
680.77
680.77
709.03
709.03
1119.89
1119.89
1119.89
1119.89
883.32
883.32
1529.62
1529.62
1494.75
1494.75
1133.34
1133.34
1447.22
1447.22
1373.51
1373.51
1871.63
1871.63
1428.56
1428.56
1307.84
1307.84
1919.27
1919.27
1535.63
1535.63
146.15
146.15
772.39
772.39
772.39
772.39
772.39
772.39
772.39
772.39
772.39
772.39
772.39
772.39
772.39
772.39
772.39
772.39
772.39
772.39
772.39
772.39
772.39
772.39
772.39
772.39
772.39
772.39
1443.33
1443.33
1194.30
1194.30
1027.58
1027.58
1027.58
1027.58
1353.71
1353.71
1353.71
1353.71
1353.71
1353.71
1274.86
1274.86
1185.00
1185.00
1243.14
1243.14
1243.14
1243.14
1243.14
1243.14
1216.46
1216.46
14.05
14.05
1192.08
1192.08
1245.04
1245.04
717.42
717.42
1159.97
1159.97
1159.97
1159.97
1325.78
1325.78
1325.78
1325.78
1339.19
1339.19
1296.41
1296.41
1329.00
1329.00
1250.58
1250.58
1250.58
1250.58
1304.83
1304.83
1304.83
1304.83
1320.38
1320.38
1320.38
1320.38
987.86
987.86
966.01
966.01
1302.92
1302.92
103.60
103.60
16.37
16.37
391.24
391.24
455.78
455.78
1105.98
1105.98
1082.29
1082.29
799.23
799.23
1012.70
1012.70
1012.70
1012.70
1012.70
1012.70
1098.62
1098.62
1098.62
1098.62
1188.88
1188.88
28.28
28.28
264.96
264.96
1024.93
1024.93
1024.93
1024.93
1046.29
1046.29
1046.29
1046.29
631.79
631.79
631.79
631.79
631.79
631.79
1112.79
1112.79
1112.79
1112.79
1049.16
1049.16
1049.16
1049.16
958.21
958.21
958.21
958.21
958.21
958.21
979.34
979.34
1110.42
1110.42
702.42
702.42
702.42
702.42
693.53
693.53
167.17
167.17
566.62
566.62
957.73
957.73
957.73
957.73
1158.32
1158.32
1158.32
1158.32
1158.32
1158.32
1184.99
1184.99
875.01
875.01
375.26
375.26
480.72
480.72
756.93
756.93
692.94
692.94
1246.94
1246.94
23.60
23.60
610.77
610.77
921.03
921.03
65.31
65.31
87.30
87.30
219.30
219.30
1091.59
1091.59
1208.24
1208.24
1668.75
1668.75
1265.39
1265.39
688.89
688.89
1016.91
1016.91
933.92
933.92
940.24
940.24
940.24
1227.70
1642.47
1642.47
1642.47
1642.47
1642.47
1642.47
1642.47
1642.47
1642.47
1642.47
1642.47
1642.47
1642.47
1642.47
1642.47
1642.47
1642.47
1642.47
1642.47
1642.47
1642.47
1642.47
1642.47
1642.47
1642.47
1642.47
1642.47
1642.47
1642.47
1642.47
1642.47
1642.47
1642.47
131.32
131.32
540.60
499.72
499.72
719.39
719.39
719.39
69.00
1080.12
1080.12
1080.12
1080.12
1080.12
1080.12
239.20
239.20
306.12
306.12
1260.11
1260.11
1260.11
1260.11
1169.10
1169.10
1096.36
1096.36
1164.63
1164.63
1315.00
1315.00
790.14
790.14
18.61
18.61
663.75
663.75
985.92
985.92
1054.88
1054.88
75.77
75.77
46.48
46.48
415.02
415.02
1007.12
1007.12
626.63
626.63
626.63
626.63
19.59
19.59
194.24
194.24
75.16
75.16
10.00
10.00
10.00
160.41
244.88
244.88
86.42
86.42
64.26
64.26
49.21
49.21
416.78
416.78
446.25
446.25
446.25
446.25
480.51
480.51
10.00
10.00
48.35
48.35
684.99
684.99
684.99
684.99
32.49
32.49
12.37
12.37
49.37
49.37
48.94
48.94
42.35
42.35
99.97
99.97
41.95
41.95
81.59
81.59
120.10
120.10
149.81
149.81
264.42
264.42
152.99
152.99
295.71
295.71
86.85
86.85
333.83
333.83
325.82
325.82
551.33
551.33
542.50
542.50
556.16
556.16
556.16
525.01
525.01
266.42
266.42
286.64
286.64
827.03
275.53
275.53
275.53
421.49
421.49
421.49
421.49
175.47
175.47
175.47
175.47
185.96
185.96
124.47
124.47
197.45
197.45
686.25
686.25
674.30
674.30
674.30
674.30
674.30
674.30
131.88
131.88
31.62
31.62
362.26
362.26
345.78
345.78
355.35
355.35
83.23
83.23
15.33
15.33
502.18
502.18
42.96
42.96
662.71
662.71
542.22
542.22
542.22
542.22
96.92
96.92
614.74
614.74
614.74
614.74
720.69
720.69
96.84
96.84
628.19
628.19
628.19
628.19
466.20
466.20
818.45
818.45
1037.23
1037.23
1099.39
1099.39
230.25
230.25
1720.02
1720.02
314.46
314.46
1162.53
1162.53
42.29
42.29
77.92
77.92
69.63
69.63
1038.53
1038.53
253.69
253.69
1201.42
1201.42
1312.27
1312.27
1373.58
1373.58
1677.32
1677.32
1777.13
1777.13
1520.98
1520.98
1520.98
1520.98
343.45
343.45
344.96
344.96
700.78
700.78
700.78
700.78
700.78
700.78
700.78
700.78
700.78
700.78
241.81
241.81
145.73
145.73
274.48
274.48
33.49
33.49
508.83
508.83
173.86
173.86
53.30
53.30
33.08
33.08
479.90
479.90
319.73
319.73
196.20
196.20
744.73
744.73
512.24
512.24
969.91
969.91
1021.57
1021.57
1021.57
1021.57
1155.94
1155.94
999.18
999.18
571.28
571.28
1760.15
1760.15
1953.00
1953.00
1953.00
1953.00
1953.00
1953.00
1953.00
1953.00
502.88
502.88
785.60
785.60
10.05
10.05
95.16
95.16
606.87
606.87
664.42
664.42
707.87
707.87
986.42
986.42
1032.63
1032.63
1258.69
1258.69
1488.49
1488.49
1761.42
1761.42
1889.95
1889.95
1805.75
1805.75
1056.07
1056.07
1056.07
1056.07
282.46
282.46
116.58
116.58
1259.62
1259.62
20.79
20.79
27.15
27.15
46.77
46.77
1135.34
1135.34
1135.34
957.32
1368.19
1368.19
1158.01
1158.01
65.53
65.53
17.48
17.48
204.77
204.77
187.08
187.08
285.75
285.75
402.16
402.16
588.08
588.08
33.47
33.47
33.47
682.68
38.47
38.47
563.07
563.07
365.87
365.87
641.08
641.08
769.07
769.07
793.91
793.91
1244.68
1244.68
100.57
100.57
1333.34
1333.34
426.43
426.43
240.56
240.56
1403.86
1403.86
1758.94
1758.94
1143.38
1143.38
1143.38
1143.38
952.18
952.18
952.18
952.18
1603.36
1603.36
775.37
775.37
775.37
775.37
775.37
775.37
118.37
118.37
336.37
336.37
656.48
656.48
701.74
701.74
682.19
682.19
734.56
734.56
833.08
833.08
833.08
833.08
841.75
841.75
59.37
59.37
920.30
920.30
953.74
953.74
953.74
953.74
366.47
366.47
190.31
190.31
97.49
97.49
26.98
26.98
214.27
214.27
429.11
429.11
142.94
142.94
10.00
10.00
386.05
386.05
10.00
10.00
10.00
30.02
206.01
206.01
393.34
393.34
464.30
464.30
440.39
440.39
568.56
568.56
1156.04
1156.04
848.52
848.52
848.52
848.52
895.69
895.69
1191.57
1191.57
251.02
251.02
1415.40
1415.40
1415.40
913.52
518.85
518.85
783.66
783.66
28.76
28.76
28.76
28.76
11.16
36.84
662.56
662.56
234.42
234.42
1036.11
1036.11
53.29
53.29
75.18
75.18
1194.64
1194.64
1194.64
1194.64
1194.64
1194.64
1342.68
1342.68
32.44
32.44
1290.81
1290.81
13.51
13.51
1172.15
1172.15
1351.70
1351.70
1501.38
1501.38
1646.58
1646.58
856.37
856.37
827.09
827.09
1639.34
1639.34
1210.16
1210.16
1273.84
1273.84
684.99
684.99
1310.42
1310.42
1418.36
1418.36
1204.70
1204.70
1533.59
1533.59
509.50
509.50
1323.19
1323.19
1323.19
1323.19
1323.19
1323.19
1323.19
1323.19
1355.36
1355.36
1355.36
1355.36
1355.36
1355.36
1171.46
1171.46
1171.46
1171.46
1391.38
1391.38
1391.38
1391.38
1391.38
1391.38
1249.59
1249.59
1249.59
1249.59
774.03
774.03
774.03
774.03
774.03
774.03
1099.52
1099.52
1106.06
1106.06
936.69
936.69
936.69
936.69
666.16
666.16
666.16
666.16
892.14
892.14
944.63
944.63
944.63
944.63
918.04
918.04
918.04
918.04
1079.89
1079.89
1079.89
1079.89
1032.79
1032.79
668.76
668.76
668.76
668.76
1027.30
1027.30
1034.65
1034.65
1034.65
1034.65
931.38
931.38
176.03
176.03
1048.26
1048.26
33.34
33.34
1230.61
1230.61
1230.61
1230.61
1230.61
1230.61
1173.50
1173.50
1173.50
1173.50
209.49
209.49
263.41
263.41
291.23
291.23
649.61
649.61
649.61
649.61
767.77
767.77
724.38
724.38
676.49
676.49
367.11
367.11
367.11
367.11
99.78
99.78
255.93
255.93
895.33
895.33
895.33
895.33
895.33
895.33
856.60
856.60
856.60
856.60
950.89
950.89
735.28
735.28
929.00
929.00
19.62
19.62
280.23
280.23
940.25
940.25
940.25
940.25
1006.90
1006.90
1006.90
1006.90
1006.90
1006.90
1029.01
1029.01
1029.01
1029.01
1029.01
1029.01
1029.01
1029.01
1002.96
1002.96
1002.96
1002.96
1002.96
1002.96
1021.57
1021.57
1021.57
1021.57
867.90
867.90
867.90
867.90
867.90
867.90
947.22
947.22
947.22
947.22
1215.75
1215.75
1215.75
1215.75
1076.24
1076.24
1076.24
1076.24
1076.24
1076.24
1037.28
1037.28
1037.28
1037.28
1174.97
1174.97
1174.97
1174.97
1174.97
1174.97
1271.60
1271.60
1271.60
1271.60
1231.75
1231.75
109.32
109.32
1257.86
1257.86
1257.86
1257.86
1257.86
1257.86
1124.79
1124.79
1124.79
1124.79
1171.68
1171.68
1171.68
1171.68
1171.68
1171.68
1260.94
1260.94
1260.94
1260.94
1209.27
1209.27
1209.27
1209.27
1285.00
1285.00
1285.00
1285.00
1285.00
1285.00
1297.31
1297.31
1297.31
1297.31
1282.81
1282.81
1282.81
1282.81
23.64
23.64
1293.88
1293.88
1183.92
1183.92
989.77
989.77
989.77
989.77
1302.81
1302.81
37.81
37.81
1007.74
1007.74
1187.09
1187.09
1187.09
1187.09
84.15
84.15
450.81
450.81
595.10
595.10
1188.13
1188.13
52.18
52.18
1092.97
1092.97
1795.05
1795.05
1344.74
1344.74
1344.74
1344.74
1344.74
1344.74
1344.74
1344.74
1344.74
1344.74
1344.74
1344.74
1344.74
1344.74
1344.74
1344.74
884.88
884.88
985.38
985.38
1048.77
1048.77
1048.77
1048.77
1322.48
1322.48
1322.48
1322.48
1322.48
1322.48
1356.31
1356.31
1356.31
1356.31
1014.70
1014.70
1014.70
1014.70
1014.70
1014.70
1139.91
1139.91
1139.91
1139.91
1010.69
1010.69
1010.69
1010.69
1044.51
1044.51
1044.51
1044.51
1044.51
1044.51
1150.33
1150.33
24.93
24.93
1206.93
1206.93
1206.93
1206.93
831.94
831.94
831.94
831.94
831.94
831.94
180.74
180.74
351.88
351.88
1154.35
1154.35
1154.35
1154.35
1154.35
1154.35
1154.35
1154.35
1154.35
1154.35
788.40
788.40
15.60
15.60
1102.72
1102.72
1102.72
1102.72
1102.72
1102.72
1086.85
1086.85
1086.85
1086.85
1090.72
1090.72
1330.43
1330.43
1345.02
1345.02
1396.64
1396.64
1420.45
1420.45
1420.45
1420.45
1420.45
1420.45
1061.88
1061.88
13.07
13.07
831.11
831.11
831.11
831.11
831.11
831.11
831.11
831.11
831.11
831.11
831.11
831.11
831.11
831.11
831.11
831.11
831.11
831.11
937.60
937.60
1114.05
1114.05
1067.33
1067.33
1067.33
1067.33
1073.59
1073.59
1073.59
1073.59
1285.91
1285.91
1529.01
1529.01
1363.97
1363.97
1632.49
1632.49
1294.86
1294.86
539.44
539.44
1786.46
1786.46
1200.82
1200.82
1316.77
1316.77
1318.28
1318.28
23.32
23.32
1059.36
1059.36
547.11
547.11
1032.23
1032.23
10.00
10.00
1171.61
1171.61
1078.91
1078.91
1303.58
1303.58
1244.91
1244.91
1272.13
1272.13
1346.04
1346.04
1372.42
1372.42
1485.37
1485.37
1485.37
1485.37
1485.37
1485.37
1485.37
1485.37
19.16
19.16
1265.61
1265.61
1265.61
1265.61
930.92
930.92
930.92
930.92
1122.51
1122.51
1122.51
1122.51
1122.51
1122.51
868.61
868.61
868.61
868.61
1044.04
1044.04
1044.04
1044.04
1044.04
1044.04
81.77
81.77
297.67
297.67
988.18
988.18
988.18
988.18
872.47
872.47
872.47
872.47
872.47
872.47
1050.31
1050.31
1050.31
1050.31
1140.16
1140.16
1140.16
1140.16
1140.16
1140.16
1194.17
1194.17
1194.17
1194.17
1233.22
1233.22
1233.22
1233.22
1233.22
1233.22
1233.22
1233.22
1233.22
1233.22
1104.39
1104.39
1104.39
1104.39
1209.11
1209.11
1209.11
1209.11
1209.11
1209.11
1062.91
1062.91
1062.91
1062.91
1017.84
1017.84
1017.84
1017.84
1203.26
1203.26
1203.26
1203.26
1203.26
1203.26
959.26
959.26
959.26
959.26
1288.21
1288.21
1288.21
1288.21
1288.21
1288.21
591.71
591.71
591.71
591.71
1142.49
1142.49
1142.49
1142.49
947.46
947.46
947.46
947.46
947.46
947.46
947.46
1134.78
1134.78
1134.78
1134.78
1241.00
1241.00
1241.00
1206.92
1206.92
1206.92
1206.92
1206.92
1206.92
1206.92
895.77
895.77
895.77
895.77
10.55
10.55
219.00
219.00
296.00
296.00
1210.87
1210.87
1210.87
1210.87
1305.76
1305.76
1305.76
1305.76
27.54
27.54
264.81
264.81
281.31
281.31
1101.73
1101.73
1101.73
1101.73
1186.28
1186.28
1186.28
1186.28
1186.28
1186.28
1007.75
1007.75
1007.75
1007.75
1078.67
1078.67
80.42
80.42
375.51
375.51
375.51
375.51
375.51
375.51
1080.07
1080.07
1080.07
1080.07
1084.89
1084.89
1084.89
1084.89
1084.89
1084.89
1129.80
1129.80
13.80
13.80
272.44
272.44
12.56
12.56
13.64
13.64
508.07
508.07
538.38
538.38
1138.84
1138.84
1138.84
1138.84
1015.57
1015.57
1015.57
1015.57
1015.57
1015.57
38.71
38.71
215.43
215.43
986.88
986.88
986.88
1106.61
1106.61
1106.61
1106.61
1106.61
1106.61
1106.61
1174.37
1174.37
1174.37
1174.37
524.87
524.87
551.36
551.36
553.28
553.28
1294.30
1294.30
1294.30
1294.30
1114.05
1114.05
1114.05
1114.05
1153.71
1153.71
1153.71
1153.71
1153.71
1153.71
1021.01
1021.01
1021.01
1021.01
1269.00
1269.00
49.81
49.81
267.43
267.43
155.19
155.19
1112.32
1112.32
1113.18
1113.18
1113.18
1113.18
1205.29
1205.29
1059.82
1059.82
1059.82
1059.82
1217.13
1217.13
1217.13
1217.13
1237.29
1237.29
1154.14
1154.14
1256.90
1256.90
1061.62
1061.62
1061.62
1061.62
943.31
943.31
943.31
943.31
1036.89
1036.89
1036.89
1036.89
1036.89
1036.89
1170.20
1170.20
1170.20
1170.20
1170.20
1170.20
19.97
19.97
125.34
125.34
991.30
991.30
991.30
991.30
13.77
13.77
357.67
357.67
925.31
925.31
925.31
925.31
925.31
925.31
1195.87
1195.87
45.34
45.34
1168.10
1168.10
1168.10
1168.10
1168.10
1168.10
1111.18
1111.18
1111.18
1111.18
1135.77
1135.77
1135.77
1135.77
1250.64
1250.64
1250.64
1250.64
1250.64
1250.64
1208.37
1208.37
1208.37
1208.37
1208.37
1208.37
1208.37
1208.37
1208.37
1208.37
1039.07
1039.07
1104.98
1104.98
973.27
973.27
1312.11
1312.11
1066.97
1066.97
1139.43
1139.43
831.28
831.28
1325.53
1325.53
1325.53
1325.53
1211.25
1211.25
1211.25
1211.25
1211.25
1211.25
1192.01
1192.01
1192.01
1192.01
1166.04
1166.04
1166.04
1166.04
876.17
876.17
1122.39
1122.39
1099.72
1099.72
1166.86
1166.86
1166.86
1166.86
1078.21
1078.21
1018.91
1018.91
1018.91
1018.91
595.74
595.74
595.74
595.74
675.74
675.74
675.74
675.74
801.24
801.24
801.24
801.24
801.24
801.24
1018.35
1018.35
941.58
941.58
843.78
843.78
843.78
843.78
868.81
868.81
1150.29
1150.29
1150.29
1150.29
1123.88
1123.88
1123.88
1123.88
1092.20
1092.20
1092.20
1092.20
1092.20
1092.20
25.31
25.31
282.66
282.66
1248.56
1248.56
1248.56
1248.56
1248.56
1248.56
1031.75
1031.75
1014.28
1014.28
1120.14
1120.14
1120.14
1120.14
65.62
65.62
551.28
551.28
551.28
551.28
998.44
998.44
1005.07
1005.07
1270.13
1270.13
1453.96
1453.96
94.63
94.63
175.30
175.30
371.62
371.62
74.51
74.51
682.32
682.32
1045.23
1045.23
881.47
881.47
1529.32
1529.32
954.68
954.68
610.85
610.85
1500.92
1500.92
1706.28
1706.28
912.88
912.88
928.39
928.39
1189.79
1189.79
1189.79
1189.79
1189.79
1189.79
1189.79
1189.79
1189.79
1189.79
1189.79
1189.79
1364.89
1364.89
1591.00
1591.00
1317.67
1317.67
1158.42
1158.42
1442.62
1442.62
1282.75
1282.75
1282.75
1282.75
692.23
692.23
692.23
692.23
692.23
692.23
692.23
692.23
692.23
692.23
27.07
27.07
285.24
285.24
450.10
450.10
567.66
567.66
569.72
569.72
693.77
693.77
693.77
693.77
787.57
787.57
734.45
734.45
837.22
837.22
837.22
837.22
884.57
884.57
920.83
920.83
920.83
920.83
850.31
850.31
850.31
850.31
850.31
850.31
853.88
853.88
853.88
853.88
830.15
830.15
830.15
830.15
1012.52
1012.52
1012.52
1012.52
1012.52
1012.52
769.79
769.79
769.79
769.79
936.02
936.02
936.02
936.02
936.02
936.02
945.64
945.64
22.97
22.97
1230.92
1230.92
1014.06
1014.06
991.18
991.18
1051.21
1051.21
1051.21
1051.21
1197.63
1197.63
1197.63
1197.63
541.96
541.96
541.96
541.96
526.80
526.80
526.80
526.80
526.80
526.80
1130.47
1130.47
1130.47
1130.47
1130.47
1130.47
54.44
54.44
329.16
329.16
683.61
683.61
683.61
683.61
970.43
970.43
970.43
970.43
994.99
994.99
1032.48
1032.48
1073.36
1073.36
692.25
692.25
692.25
692.25
1042.99
1042.99
1042.99
1042.99
1042.99
1042.99
41.91
41.91
340.49
340.49
1154.40
1154.40
1154.40
1154.40
1135.93
1135.93
1135.93
1135.93
1135.93
1135.93
1137.97
1137.97
1014.68
1014.68
964.48
964.48
1722.23
1722.23
1365.99
1365.99
1192.53
1192.53
1192.53
1192.53
1192.53
1192.53
1192.53
1192.53
1192.53
1192.53
1192.53
1192.53
1192.53
1192.53
1192.53
1192.53
1192.53
1192.53
1192.53
1192.53
1192.53
1192.53
1192.53
1192.53
1192.53
1192.53
1192.53
1192.53
1192.53
1192.53
1192.53
1192.53
1192.53
1192.53
1192.53
1192.53
1192.53
1192.53
211.09
211.09
221.91
221.91
408.88
408.88
412.79
412.79
412.79
412.79
493.64
493.64
512.64
512.64
1655.82
1655.82
2889.18
2889.18
879.14
879.14
2340.81
2340.81
1908.78
1908.78
1208.40
1208.40
1301.24
1301.24
1252.98
1252.98
1398.70
1398.70
1313.70
1313.70
305.42
305.42
1065.88
1065.88
1278.61
1278.61
1278.61
1278.61
1278.61
1278.61
1278.61
1278.61
1278.61
1278.61
1278.61
1278.61
1278.61
1278.61
1278.61
111.54
94.86
94.86
122.13
122.13
196.61
196.61
167.25
167.25
370.35
370.35
313.50
313.50
307.49
307.49
237.42
237.42
366.29
366.29
485.27
485.27
545.38
545.38
577.86
577.86
592.95
592.95
683.12
683.12
697.60
697.60
697.60
697.60
549.29
549.29
549.29
549.29
797.70
797.70
797.70
797.70
797.70
797.70
896.88
896.88
896.88
896.88
14.41
14.41
399.99
399.99
399.99
399.99
791.01
791.01
77.22
77.22
878.15
878.15
878.15
878.15
947.98
947.98
947.98
947.98
947.98
947.98
862.73
862.73
862.73
862.73
175.81
175.81
246.67
246.67
272.69
272.69
859.61
859.61
859.61
859.61
729.65
729.65
729.65
729.65
817.43
817.43
817.43
817.43
817.43
817.43
487.92
487.92
487.92
487.92
10.00
10.00
258.55
258.55
443.85
443.85
443.85
443.85
474.01
474.01
594.74
594.74
594.74
594.74
696.51
696.51
511.79
511.79
784.89
784.89
1083.34
1083.34
880.39
880.39
12.78
12.78
1871.53
1871.53
1649.81
1649.81
2097.49
2097.49
1294.73
1294.73
1360.07
1360.07
576.17
576.17
31.80
31.80
1473.44
1473.44
1473.44
1473.44
33.57
33.57
28.88
28.88
220.05
220.05
355.26
355.26
380.55
380.55
367.73
367.73
378.34
378.34
488.11
488.11
488.11
488.11
493.38
493.38
465.59
465.59
465.59
465.59
537.86
537.86
657.51
657.51
691.81
691.81
691.81
691.81
774.45
774.45
774.45
774.45
774.45
774.45
83.35
83.35
382.16
382.16
724.53
724.53
724.53
724.53
724.53
724.53
703.79
703.79
703.79
703.79
122.82
122.82
387.63
387.63
935.55
935.55
935.55
935.55
935.55
935.55
953.98
953.98
953.98
953.98
869.97
869.97
869.97
869.97
869.97
869.97
1078.48
1078.48
1078.48
1078.48
1103.80
1103.80
1103.80
1103.80
979.16
979.16
979.16
979.16
979.16
979.16
40.82
40.82
331.07
331.07
720.77
720.77
936.23
936.23
981.00
981.00
594.09
594.09
594.09
594.09
1175.48
1175.48
10.00
10.00
553.93
553.93
11.16
11.16
287.82
287.82
415.64
415.64
69.39
69.39
144.21
144.21
254.85
254.85
43.83
43.83
252.24
252.24
216.88
216.88
150.41
150.41
259.09
259.09
54.97
54.97
47.68
47.68
119.64
119.64
180.36
180.36
242.76
242.76
77.10
77.10
72.83
72.83
601.89
601.89
802.18
802.18
802.18
802.18
808.91
808.91
808.91
808.91
564.81
564.81
564.81
564.81
564.81
564.81
990.57
990.57
513.56
513.56
135.98
135.98
429.74
429.74
44.50
44.50
394.56
394.56
394.56
394.56
939.06
939.06
1173.11
1173.11
1319.24
1319.24
1873.01
1873.01
1324.80
1324.80
445.49
445.49
2774.12
2774.12
25.87
25.87
1225.99
1225.99
90.35
90.35
10.00
10.00
377.38
377.38
1002.29
1002.29
118.26
118.26
866.76
866.76
866.76
937.71
937.71
66.33
66.33
305.81
305.81
1792.71
1792.71
197.45
197.45
888.92
888.92
1346.18
1346.18
508.59
508.59
231.28
231.28
1054.38
1054.38
1319.08
81.64
81.64
81.64
267.80
267.80
10.06
10.06
480.18
480.18
258.40
258.40
1091.53
1091.53
1093.87
1093.87
266.52
266.52
862.67
862.67
286.31
286.31
740.83
740.83
1550.15
1550.15
1459.38
1459.38
1712.48
1712.48
1292.03
1292.03
800.09
800.09
53.88
53.88
459.25
459.25
1162.92
1162.92
79.86
79.86
960.46
960.46
960.46
960.46
1172.31
1172.31
916.67
916.67
1103.34
1103.34
881.91
881.91
1420.18
1420.18
1121.73
1121.73
1475.95
1475.95
915.44
915.44
413.19
413.19
1098.22
1098.22
540.76
540.76
638.32
638.32
638.32
638.32
1352.80
1352.80
393.90
393.90
10.00
10.00
398.16
398.16
28.69
28.69
178.20
178.20
238.03
238.03
586.49
586.49
586.49
586.49
479.09
479.09
479.09
31.45
31.45
31.45
144.42
144.42
809.74
809.74
809.74
809.74
809.74
809.74
850.21
850.21
627.10
627.10
620.41
620.41
91.99
91.99
129.91
129.91
584.49
584.49
757.52
757.52
280.89
280.89
801.59
801.59
814.05
814.05
814.05
814.05
651.83
651.83
653.95
653.95
653.95
653.95
547.82
547.82
547.82
547.82
943.00
943.00
1005.34
1005.34
1005.34
1005.34
608.87
608.87
939.68
939.68
1017.00
1017.00
905.57
905.57
1676.75
1676.75
590.11
590.11
1042.31
1042.31
919.16
919.16
781.90
781.90
1146.20
1146.20
1129.60
1129.60
52.17
52.17
743.10
743.10
743.10
743.10
729.59
729.59
749.48
749.48
807.66
807.66
1127.90
1127.90
1526.67
1526.67
1676.88
1676.88
2380.53
2380.53
2166.25
2166.25
1140.22
1140.22
1140.22
1140.22
507.33
507.33
531.67
531.67
814.80
814.80
814.80
814.80
814.80
814.80
46.64
46.64
1107.86
1107.86
846.69
846.69
846.69
846.69
846.69
846.69
1138.35
1138.35
80.83
80.83
935.27
935.27
935.27
935.27
935.27
935.27
11.88
11.88
273.13
273.13
340.10
340.10
340.10
340.10
878.62
878.62
878.62
878.62
959.84
959.84
959.84
959.84
959.84
959.84
249.12
249.12
1047.27
1047.27
1006.02
1006.02
1006.02
1006.02
1006.02
1006.02
1109.22
1109.22
813.01
813.01
863.72
863.72
863.72
863.72
262.52
262.52
998.98
998.98
1006.56
1006.56
1024.46
1024.46
1024.46
1024.46
907.55
907.55
907.55
907.55
907.55
907.55
892.65
892.65
892.65
892.65
1034.78
1034.78
1034.78
1034.78
829.10
829.10
829.10
829.10
829.10
829.10
1075.22
1075.22
1075.22
1075.22
903.27
903.27
903.27
903.27
1139.63
1139.63
32.68
32.68
343.34
343.34
401.79
401.79
401.79
401.79
897.88
897.88
897.88
897.88
897.88
897.88
1063.87
1063.87
1063.87
1063.87
1068.97
1068.97
1068.97
1068.97
1068.97
1068.97
91.88
91.88
267.78
267.78
1269.25
1269.25
1269.25
1269.25
108.32
108.32
350.13
350.13
549.11
549.11
618.10
618.10
618.10
618.10
476.93
476.93
480.43
480.43
445.29
445.29
124.24
124.24
250.48
250.48
483.12
483.12
483.12
483.12
501.73
501.73
483.60
483.60
528.37
528.37
490.60
490.60
12.35
12.35
659.91
659.91
591.65
591.65
653.25
653.25
45.89
45.89
496.62
496.62
546.63
546.63
586.42
586.42
461.23
461.23
66.22
66.22
512.47
512.47
420.50
420.50
74.65
74.65
459.71
459.71
176.94
176.94
223.83
223.83
334.99
334.99
334.99
334.99
522.75
522.75
459.07
459.07
535.08
535.08
535.08
535.08
576.83
576.83
291.30
291.30
1014.19
1014.19
143.63
143.63
1125.88
1125.88
1266.41
1266.41
1083.88
1083.88
1645.70
1645.70
24.73
24.73
1614.97
1614.97
273.31
273.31
381.44
381.44
113.10
113.10
417.32
417.32
304.12
304.12
469.05
469.05
212.45
212.45
744.50
744.50
310.54
310.54
652.56
652.56
943.77
943.77
39.80
39.80
330.61
330.61
380.54
380.54
563.13
563.13
1183.61
1183.61
34.05
34.05
527.52
527.52
654.73
654.73
961.90
961.90
1296.04
1296.04
26.22
26.22
803.49
803.49
1016.91
1016.91
1324.48
1324.48
1467.68
1467.68
1465.76
1465.76
24.59
24.59
14.43
14.43
956.25
956.25
199.34
199.34
977.77
977.77
859.33
859.33
1113.29
1113.29
1113.29
1113.29
1113.29
1113.29
1113.29
1113.29
1113.29
1113.29
1113.29
1113.29
1113.29
1113.29
1113.29
1113.29
1113.29
1113.29
1113.29
1113.29
1113.29
1113.29
1113.29
1113.29
1113.29
1113.29
1113.29
1113.29
1113.29
1113.29
1113.29
1113.29
1113.29
1113.29
1113.29
1113.29
1113.29
1113.29
1113.29
1113.29
910.23
910.23
910.23
910.23
910.23
910.23
807.67
807.67
807.67
807.67
68.36
68.36
346.05
346.05
963.94
963.94
609.98
609.98
609.98
609.98
826.76
826.76
826.76
826.76
58.74
58.74
14.51
14.51
255.84
255.84
382.79
382.79
919.39
919.39
919.39
660.28
1134.48
1134.48
259.78
259.78
270.46
270.46
386.59
386.59
293.27
293.27
540.42
540.42
93.21
93.21
389.09
389.09
711.12
711.12
838.20
838.20
1373.99
1373.99
1202.76
1202.76
206.30
206.30
816.53
816.53
739.46
739.46
1360.94
1360.94
1553.12
1553.12
1553.12
1553.12
410.13
410.13
137.21
137.21
237.75
237.75
875.74
875.74
875.74
875.74
126.74
126.74
315.45
315.45
761.94
761.94
822.69
822.69
885.63
885.63
886.30
886.30
833.65
833.65
389.64
389.64
389.64
389.64
389.64
389.64
908.34
908.34
908.34
908.34
22.86
22.86
314.72
314.72
1022.03
1022.03
1022.03
1022.03
1022.03
1022.03
933.45
933.45
933.45
933.45
563.09
563.09
563.09
563.09
41.68
41.68
993.46
993.46
993.46
993.46
1026.43
1026.43
1026.43
1026.43
840.47
840.47
840.47
840.47
840.47
840.47
965.48
965.48
965.48
965.48
1247.64
1247.64
1247.64
1247.64
1247.64
1247.64
1185.99
1185.99
1185.99
1185.99
1158.98
1158.98
1158.98
1158.98
289.53
289.53
337.08
337.08
373.24
373.24
173.09
173.09
467.39
467.39
1141.97
1141.97
1045.10
1045.10
1045.10
1045.10
10.00
10.00
16.29
16.29
594.59
594.59
166.84
166.84
16.11
16.11
626.20
626.20
867.75
867.75
1141.27
1141.27
1473.95
1473.95
117.27
117.27
205.43
205.43
1775.75
1775.75
2618.17
2618.17
342.31
342.31
2489.89
2489.89
10.00
10.00
57.57
57.57
2681.06
2681.06
190.94
190.94
24.46
24.46
1550.10
1550.10
1510.69
1510.69
1523.41
1523.41
1591.61
1591.61
1809.11
1809.11
1809.11
1809.11
1131.04
1131.04
1942.13
1942.13
1942.13
1942.13
1942.13
1942.13
1942.13
1942.13
1942.13
1942.13
27.23
27.23
137.96
137.96
145.65
145.65
197.10
197.10
108.18
108.18
309.31
309.31
363.47
363.47
441.12
441.12
257.97
257.97
582.16
582.16
165.91
165.91
352.67
352.67
352.67
352.67
576.83
576.83
576.83
576.83
443.56
443.56
443.56
443.56
443.56
443.56
757.52
757.52
68.66
68.66
10.00
10.00
271.09
271.09
33.58
33.58
823.92
823.92
823.92
823.92
880.71
880.71
880.71
880.71
986.82
986.82
83.93
83.93
390.30
390.30
942.76
942.76
942.76
942.76
951.69
951.69
951.69
951.69
951.69
951.69
951.69
951.69
951.69
951.69
978.75
978.75
978.75
978.75
824.56
824.56
499.13
499.13
499.13
499.13
851.81
851.81
851.81
851.81
870.05
870.05
870.05
870.05
870.05
870.05
952.39
952.39
952.39
952.39
526.07
526.07
526.07
526.07
1135.95
1135.95
1135.95
1135.95
1135.95
1135.95
1078.21
1078.21
27.45
27.45
1013.31
1013.31
1013.31
1013.31
10.00
10.00
707.41
707.41
707.41
707.41
906.50
906.50
29.66
29.66
205.61
205.61
279.62
279.62
966.11
966.11
409.11
409.11
432.93
432.93
212.17
212.17
414.44
414.44
414.44
414.44
1024.07
1024.07
1024.07
1024.07
1072.42
1072.42
18.37
18.37
345.59
345.59
408.71
408.71
408.71
408.71
607.76
607.76
607.76
607.76
154.94
154.94
63.75
63.75
921.45
921.45
390.45
390.45
480.12
480.12
89.39
89.39
258.14
258.14
481.41
481.41
481.41
481.41
481.41
481.41
771.46
771.46
771.46
771.46
916.32
916.32
916.32
916.32
264.11
264.11
284.60
284.60
30.49
30.49
288.97
288.97
95.19
95.19
239.82
239.82
302.47
302.47
407.79
407.79
493.07
493.07
426.47
426.47
17.59
17.59
101.73
101.73
101.73
491.07
491.07
491.07
491.07
491.07
491.07
648.96
648.96
648.96
648.96
504.11
504.11
504.11
504.11
504.11
504.11
793.42
793.42
793.42
793.42
630.44
630.44
754.80
926.31
926.31
926.31
926.31
926.31
926.31
926.31
197.60
197.60
388.15
388.15
508.11
508.11
508.11
508.11
508.11
508.11
1009.11
1009.11
1009.11
1009.11
1119.34
1119.34
1119.34
1119.34
421.46
421.46
261.36
261.36
261.36
261.36
1198.17
1198.17
1198.17
1198.17
120.51
120.51
286.28
286.28
13.39
13.39
205.28
205.28
236.53
236.53
400.05
400.05
400.05
400.05
411.42
411.42
411.42
411.42
411.42
411.42
429.45
429.45
429.45
429.45
594.03
594.03
594.03
594.03
594.03
594.03
638.01
638.01
638.01
638.01
713.05
713.05
713.05
660.16
660.16
660.16
660.16
660.16
660.16
660.16
87.72
87.72
265.48
265.48
695.45
695.45
695.45
695.45
695.45
695.45
46.11
46.11
170.31
170.31
48.16
48.16
243.33
861.39
861.39
861.39
861.39
861.39
861.39
861.39
985.51
985.51
985.51
985.51
193.69
193.69
265.34
265.34
354.58
354.58
388.37
388.37
397.62
397.62
944.50
944.50
1065.09
1065.09
1134.52
1134.52
1134.52
1134.52
1134.52
1134.52
1105.58
1105.58
13.47
13.47
255.33
255.33
305.97
305.97
169.14
169.14
470.70
470.70
470.70
470.70
787.71
787.71
787.71
787.71
792.42
792.42
792.42
792.42
792.42
792.42
292.75
292.75
374.84
374.84
889.75
889.75
889.75
889.75
32.53
32.53
215.54
215.54
421.00
421.00
855.90
855.90
855.90
855.90
989.35
989.35
989.35
989.35
989.35
989.35
952.20
952.20
952.20
952.20
702.63
702.63
702.63
702.63
702.63
702.63
475.65
475.65
475.65
475.65
1041.77
1041.77
1041.77
1041.77
544.92
544.92
507.58
507.58
507.58
507.58
1142.67
1142.67
1142.67
1142.67
1286.36
1286.36
1286.36
1286.36
1286.36
1286.36
1038.83
1038.83
110.78
110.78
54.18
54.18
176.62
176.62
549.91
549.91
549.91
549.91
47.99
47.99
46.27
46.27
241.60
241.60
595.27
595.27
595.27
595.27
595.27
595.27
723.80
723.80
738.99
738.99
180.55
180.55
279.05
279.05
731.61
731.61
731.61
731.61
731.61
731.61
765.42
765.42
765.42
765.42
303.24
303.24
397.91
397.91
397.91
397.91
74.06
74.06
400.11
400.11
535.84
535.84
535.84
535.84
626.91
626.91
626.91
626.91
626.91
626.91
989.01
989.01
35.40
35.40
2315.20
2315.20
2894.74
2894.74
1410.79
1410.79
1668.63
1668.63
1668.63
1668.63
1668.63
1668.63
1668.63
1668.63
2163.78
2163.78
21.35
21.35
1410.11
1410.11
1410.11
1410.11
21.61
21.61
1015.11
1015.11
1180.28
1180.28
881.91
881.91
10.00
10.00
420.59
420.59
960.34
960.34
960.34
960.34
528.98
528.98
528.98
528.98
528.98
528.98
982.17
982.17
982.17
982.17
1075.11
1075.11
1075.11
1075.11
1075.11
1075.11
1024.19
1024.19
25.19
25.19
89.70
89.70
236.62
236.62
949.50
949.50
949.50
949.50
949.50
949.50
1210.02
1210.02
1210.02
1210.02
1210.02
1210.02
1013.86
1013.86
1013.86
1013.86
621.76
621.76
621.76
621.76
10.00
10.00
912.57
912.57
1089.40
1089.40
1089.40
1089.40
1089.40
1089.40
162.84
162.84
310.03
310.03
1101.18
1101.18
1101.18
1101.18
166.74
166.74
458.44
458.44
118.33
118.33
288.26
288.26
561.88
561.88
556.97
556.97
275.73
275.73
386.37
386.37
781.18
781.18
784.08
784.08
673.49
673.49
673.49
673.49
673.49
673.49
876.62
876.62
876.62
876.62
574.41
574.41
873.70
873.70
1181.02
1181.02
1344.70
1344.70
1409.39
1409.39
1019.38
1019.38
480.00
480.00
1272.89
1272.89
1272.89
1272.89
14.79
14.79
327.59
327.59
556.77
556.77
119.48
119.48
474.01
474.01
165.58
165.58
248.19
248.19
440.06
440.06
569.81
569.81
569.81
569.81
333.13
333.13
333.13
333.13
38.81
38.81
300.07
300.07
393.34
393.34
470.31
470.31
551.76
551.76
721.06
721.06
683.04
683.04
653.72
653.72
880.33
880.33
69.58
69.58
391.91
391.91
1102.74
1102.74
1501.21
1501.21
1099.79
1099.79
1099.79
1099.79
1318.77
1318.77
1936.82
1936.82
453.12
453.12
1675.86
1675.86
823.13
823.13
1294.37
1294.37
1294.37
1294.37
1294.37
1294.37
1294.37
1294.37
1241.85
1241.85
1327.88
1327.88
1327.88
1327.88
1114.48
1114.48
1114.48
1114.48
1114.48
1114.48
10.00
10.00
367.52
367.52
270.20
270.20
95.24
95.24
394.25
394.25
517.09
517.09
685.73
685.73
324.78
324.78
324.78
324.78
771.42
771.42
771.42
771.42
658.92
658.92
658.92
658.92
658.92
658.92
919.21
919.21
919.21
919.21
959.40
959.40
959.40
959.40
340.34
340.34
263.99
263.99
106.05
106.05
43.33
43.33
318.79
318.79
94.99
94.99
51.61
51.61
156.41
156.41
145.52
145.52
288.64
288.64
357.26
357.26
406.14
406.14
193.41
193.41
138.21
138.21
175.82
175.82
93.80
93.80
472.13
472.13
799.74
799.74
949.29
949.29
1333.11
1333.11
1897.15
1897.15
1509.86
1509.86
1831.08
1831.08
1408.39
1408.39
883.53
883.53
1340.73
1340.73
1349.53
1349.53
1303.74
1303.74
10.00
10.00
10.00
10.00
326.30
326.30
567.91
567.91
1265.58
1265.58
102.32
102.32
68.02
68.02
365.99
365.99
318.01
318.01
20.81
20.81
423.97
423.97
447.26
447.26
447.26
447.26
556.58
556.58
717.43
717.43
878.03
878.03
1062.20
1062.20
1647.13
1647.13
2016.52
2016.52
2294.67
2294.67
1430.99
1430.99
139.10
139.10
59.42
59.42
610.56
610.56
1596.05
1596.05
726.17
726.17
146.37
146.37
861.52
861.52
1230.65
1230.65
1310.70
1310.70
1567.65
1567.65
1736.46
1736.46
1748.90
1748.90
1748.90
1748.90
1748.90
1748.90
1748.90
1748.90
1748.90
1748.90
1748.90
1748.90
1748.90
1748.90
1748.90
1748.90
1748.90
1748.90
1748.90
1748.90
1748.90
1748.90
1748.90
1748.90
1748.90
1748.90
1748.90
1748.90
121.14
121.14
124.64
124.64
104.83
104.83
96.00
96.00
192.28
192.28
773.67
773.67
779.21
779.21
779.21
779.21
912.36
912.36
1052.02
1052.02
1215.97
1215.97
1285.56
1285.56
1443.21
1443.21
427.05
427.05
660.33
660.33
737.39
737.39
737.39
737.39
737.39
737.39
1575.48
1575.48
1575.48
1575.48
706.00
706.00
706.00
706.00
706.00
706.00
10.00
10.00
321.87
321.87
306.60
306.60
306.60
306.60
499.83
499.83
540.77
540.77
529.63
529.63
506.51
506.51
506.51
506.51
617.12
617.12
617.12
617.12
590.21
590.21
590.21
590.21
590.21
590.21
801.62
801.62
801.62
801.62
872.05
872.05
872.05
872.05
797.68
797.68
797.68
797.68
956.50
956.50
539.03
539.03
959.47
959.47
948.18
948.18
948.18
948.18
948.18
948.18
881.23
881.23
881.23
881.23
979.17
979.17
979.17
979.17
730.89
730.89
730.89
730.89
730.89
730.89
987.13
987.13
987.13
987.13
910.39
910.39
910.39
910.39
910.39
910.39
13.16
13.16
301.07
301.07
388.23
388.23
915.53
915.53
1286.71
1286.71
1180.45
1180.45
1646.56
1646.56
2140.77
2140.77
1983.28
1983.28
1963.13
1963.13
1963.13
1963.13
1501.18
1501.18
99.23
99.23
424.31
424.31
543.77
543.77
543.77
543.77
50.62
50.62
193.00
193.00
325.01
325.01
438.71
438.71
434.45
434.45
393.57
393.57
393.57
393.57
393.57
393.57
418.10
418.10
418.10
418.10
617.71
617.71
551.03
551.03
311.78
311.78
686.80
686.80
328.10
328.10
24.53
24.53
1411.61
1411.61
311.03
311.03
1450.81
1450.81
1298.08
1298.08
1782.03
1782.03
1051.56
1051.56
605.06
605.06
605.06
159.22
289.02
289.02
289.02
139.10
880.49
880.49
1028.66
1028.66
874.03
874.03
980.40
980.40
191.12
191.12
974.67
974.67
1222.26
1222.26
336.93
336.93
521.03
521.03
521.03
521.03
1144.86
1144.86
1144.86
1144.86
1144.86
1144.86
1108.64
1108.64
1108.64
1108.64
1091.44
1091.44
1091.44
1091.44
1091.44
1091.44
742.93
742.93
742.93
742.93
572.62
572.62
572.62
572.62
1100.72
1100.72
1100.72
1100.72
1100.72
1100.72
945.96
945.96
945.96
945.96
1086.90
1086.90
1086.90
1086.90
1086.90
1086.90
984.54
984.54
984.54
984.54
1041.87
1041.87
1041.87
1041.87
919.99
919.99
919.99
919.99
919.99
919.99
1057.75
1057.75
1057.75
1057.75
997.39
997.39
997.39
997.39
997.39
997.39
997.39
911.56
911.56
911.56
911.56
1047.41
1047.41
1047.41
1047.41
951.27
951.27
951.27
951.27
951.27
951.27
1058.00
1058.00
1058.00
1058.00
1114.41
1114.41
1114.41
1114.41
1114.41
1114.41
1136.35
1136.35
814.84
814.84
942.60
942.60
942.60
942.60
1027.60
1027.60
1098.79
1098.79
1169.54
1169.54
1281.97
1281.97
1281.97
261.12
261.12
261.12
508.29
508.29
522.30
522.30
1144.06
1144.06
1144.06
1144.06
88.84
88.84
1102.81
1102.81
1107.06
1107.06
1123.63
1123.63
1123.63
1123.63
202.43
202.43
385.92
385.92
977.20
977.20
977.20
977.20
977.20
977.20
1034.21
1034.21
1034.21
1034.21
1080.13
1080.13
1080.13
1080.13
969.42
969.42
1106.37
1106.37
1149.32
1149.32
732.45
732.45
732.45
732.45
27.86
27.86
869.50
869.50
869.50
869.50
821.18
821.18
821.18
821.18
1046.72
1046.72
1046.72
1046.72
968.76
968.76
968.76
968.76
968.76
968.76
1045.38
1045.38
25.88
25.88
1010.71
1010.71
1010.71
1010.71
1010.71
1010.71
875.60
875.60
875.60
875.60
997.51
997.51
997.51
997.51
920.19
920.19
920.19
920.19
796.98
796.98
1034.56
1034.56
916.88
916.88
1084.10
1084.10
1084.10
1084.10
1084.10
1084.10
1163.58
1163.58
1163.58
1163.58
959.10
959.10
959.10
959.10
892.21
892.21
1132.80
1132.80
1132.80
1132.80
1137.37
1137.37
1137.37
1137.37
890.16
890.16
890.16
890.16
890.16
890.16
53.61
53.61
282.29
282.29
1233.65
1233.65
1233.65
1233.65
1162.86
1162.86
1162.86
1162.86
1162.86
1162.86
1152.31
1152.31
1152.31
1152.31
1152.31
1152.31
1152.31
1152.31
1152.31
1152.31
1047.92
1047.92
1047.92
1047.92
1140.77
1140.77
1140.77
1140.77
1050.40
1050.40
1050.40
1050.40
1050.40
1050.40
1062.87
1062.87
1062.87
1062.87
1132.36
1132.36
1132.36
1132.36
1132.36
1132.36
1222.64
1222.64
1222.64
1222.64
1013.60
1013.60
1058.77
1058.77
1179.47
1179.47
1106.92
1106.92
1106.92
1106.92
1011.69
1011.69
1011.69
1011.69
182.27
182.27
411.20
411.20
95.77
95.77
1025.98
1025.98
17.36
17.36
217.49
217.49
529.24
529.24
565.10
565.10
565.10
565.10
565.10
565.10
682.71
682.71
682.71
682.71
30.98
30.98
234.41
234.41
769.95
769.95
832.58
832.58
1192.31
1192.31
17.24
17.24
1195.03
1195.03
1047.95
1047.95
1434.79
1434.79
1315.75
1315.75
1163.73
1163.73
1141.01
1141.01
1141.01
1141.01
1141.01
1141.01
1141.01
1141.01
1141.01
1141.01
10.00
10.00
74.84
74.84
45.62
45.62
295.57
295.57
147.65
147.65
130.49
130.49
289.02
289.02
310.62
310.62
409.16
409.16
136.01
136.01
263.98
263.98
44.51
44.51
494.09
494.09
816.51
816.51
804.45
804.45
724.78
724.78
1133.18
1133.18
200.60
200.60
1237.41
1237.41
1284.38
1284.38
1016.98
1016.98
1258.85
1258.85
1258.85
1258.85
1258.85
1258.85
1258.85
1258.85
62.02
62.02
506.56
506.56
594.55
594.55
594.55
594.55
594.55
594.55
1095.67
1095.67
1095.67
1095.67
1162.20
1162.20
70.52
70.52
499.33
499.33
530.86
530.86
530.86
530.86
1076.24
1076.24
1076.24
1076.24
1206.22
1206.22
37.71
37.71
196.75
196.75
560.60
560.60
600.52
600.52
1130.57
1130.57
10.00
10.00
224.78
224.78
1294.47
1294.47
23.99
23.99
1044.68
1044.68
1583.58
1583.58
1583.58
1583.58
10.00
10.00
371.30
371.30
656.58
656.58
656.58
656.58
659.54
659.54
85.41
85.41
277.96
277.96
430.85
430.85
522.13
522.13
482.32
482.32
408.84
408.84
809.54
809.54
873.34
873.34
873.34
873.34
836.13
836.13
836.13
836.13
900.17
900.17
955.20
955.20
1398.44
1398.44
1686.72
1686.72
1175.80
1175.80
1383.43
1383.43
1125.84
1125.84
1241.31
1241.31
1241.31
1241.31
1241.31
1241.31
1241.31
1241.31
1241.31
1241.31
1155.78
1155.78
1155.78
1155.78
1155.78
1155.78
10.00
10.00
577.51
577.51
469.91
469.91
469.91
469.91
770.68
770.68
770.68
770.68
770.68
770.68
923.52
923.52
923.52
923.52
213.28
213.28
118.33
118.33
606.95
606.95
606.95
606.95
606.95
606.95
291.80
291.80
634.31
634.31
832.12
832.12
832.12
832.12
800.24
800.24
942.43
942.43
942.43
942.43
932.97
932.97
15.26
15.26
253.69
253.69
297.78
297.78
297.78
297.78
81.90
81.90
116.23
116.23
13.86
13.86
15.08
15.08
116.15
116.15
347.16
347.16
110.25
110.25
44.11
44.11
586.86
586.86
741.00
741.00
949.85
949.85
933.96
933.96
1489.85
1489.85
894.26
894.26
725.17
725.17
821.18
821.18
956.61
956.61
1138.17
1138.17
10.00
10.00
10.00
457.53
561.46
561.46
729.58
729.58
669.15
669.15
1032.44
1032.44
535.62
535.62
1070.90
1070.90
527.21
527.21
527.21
527.21
527.21
527.21
1110.31
1110.31
1110.31
1110.31
60.45
60.45
334.29
334.29
1062.38
1062.38
1062.38
1062.38
1062.38
1062.38
1062.38
1062.38
1062.38
1062.38
1152.85
1152.85
1152.85
1152.85
1152.85
1152.85
25.17
25.17
130.11
130.11
804.44
804.44
61.66
61.66
505.02
505.02
432.85
432.85
723.03
723.03
771.22
771.22
711.21
711.21
864.64
864.64
265.33
265.33
25.99
25.99
10.00
10.00
427.38
427.38
10.12
10.12
47.85
47.85
671.63
671.63
671.63
671.63
712.84
712.84
609.20
609.20
609.20
609.20
745.64
745.64
745.64
745.64
14.80
14.80
198.61
198.61
630.11
630.11
791.53
791.53
235.08
235.08
573.26
573.26
573.26
573.26
573.26
573.26
610.88
610.88
682.29
682.29
92.55
92.55
287.26
287.26
10.96
10.96
129.10
129.10
385.41
385.41
433.31
433.31
433.31
433.31
576.96
576.96
508.32
508.32
508.32
508.32
603.15
603.15
600.06
600.06
13.61
13.61
294.84
294.84
10.00
10.00
488.40
488.40
488.40
488.40
202.59
202.59
99.03
99.03
259.64
259.64
65.28
65.28
240.24
240.24
440.83
440.83
426.28
426.28
547.18
547.18
561.07
561.07
572.26
572.26
146.61
146.61
632.70
632.70
638.49
638.49
638.49
638.49
631.13
631.13
631.13
631.13
631.13
631.13
729.15
729.15
729.15
729.15
886.91
886.91
886.91
886.91
886.91
886.91
34.41
34.41
10.00
10.00
602.58
602.58
602.58
602.58
654.23
654.23
22.85
22.85
283.75
283.75
613.64
613.64
754.45
754.45
891.84
891.84
891.84
891.84
789.55
789.55
19.68
19.68
184.11
184.11
787.96
787.96
787.96
787.96
903.93
903.93
903.93
903.93
903.93
903.93
471.90
471.90
471.90
471.90
402.88
402.88
10.00
10.00
357.06
357.06
510.79
510.79
13.89
13.89
10.00
10.00
237.47
237.47
567.25
567.25
567.25
567.25
10.21
10.21
601.91
601.91
601.91
601.91
727.69
727.69
713.89
713.89
344.67
344.67
720.05
720.05
720.05
720.05
663.11
663.11
663.11
663.11
310.36
310.36
10.00
10.00
321.91
321.91
664.92
664.92
664.92
664.92
109.02
109.02
314.05
314.05
72.44
72.44
654.75
654.75
588.49
588.49
417.47
417.47
52.37
52.37
655.92
655.92
655.92
655.92
549.82
549.82
594.22
594.22
24.36
24.36
431.80
431.80
431.80
431.80
703.39
703.39
703.39
703.39
809.97
809.97
24.31
24.31
245.90
245.90
322.84
322.84
640.81
640.81
640.81
640.81
947.35
947.35
947.35
947.35
769.57
769.57
769.57
769.57
949.97
949.97
949.97
949.97
949.97
949.97
1111.75
1111.75
1111.75
1111.75
44.66
44.66
362.76
362.76
362.76
362.76
1065.73
1065.73
1086.75
1086.75
1156.65
1156.65
1156.65
1156.65
1121.85
1121.85
1026.60
1026.60
1742.65
1742.65
1323.97
1323.97
1219.87
1219.87
1395.97
1395.97
1395.97
1395.97
1395.97
1395.97
573.13
573.13
1086.02
1086.02
1185.85
1185.85
74.71
74.71
389.23
389.23
24.29
24.29
401.59
401.59
1234.08
1234.08
1234.08
1234.08
1024.44
1024.44
1024.44
1024.44
1024.44
1024.44
798.78
798.78
798.78
798.78
1116.75
1116.75
1116.75
1116.75
1003.22
1003.22
1036.74
1036.74
624.21
624.21
1078.34
1078.34
220.45
220.45
946.65
946.65
984.98
984.98
1086.72
1086.72
968.41
968.41
968.41
968.41
1222.26
1222.26
1222.26
1222.26
1097.84
1097.84
10.00
10.00
1008.96
1008.96
968.68
968.68
968.68
968.68
1213.74
1213.74
1144.18
1144.18
1073.41
1073.41
1108.78
1108.78
171.33
171.33
56.41
56.41
318.66
318.66
318.66
1032.74
1032.74
1032.74
1032.74
1032.74
1032.74
1285.70
1285.70
1285.70
1285.70
1266.25
1266.25
1266.25
1241.11
1241.11
1241.11
1241.11
1241.11
1241.11
1241.11
1214.83
1214.83
1214.83
1214.83
1259.17
1259.17
1259.17
1259.17
1259.17
1259.17
1153.34
1153.34
1172.66
1172.66
939.46
939.46
939.46
1157.81
1157.81
1157.81
1157.81
1157.81
1157.81
1157.81
1195.10
1195.10
1195.10
1195.10
1157.19
1157.19
1157.19
1157.19
1157.19
1157.19
1045.05
1045.05
1045.05
1045.05
1119.34
1119.34
1119.34
1159.88
1159.88
1159.88
1159.88
1159.88
1230.54
1230.54
1253.61
1253.61
1253.61
1253.61
1253.61
1253.61
1253.61
1253.61
1253.61
1253.61
1253.61
1253.61
1253.61
1253.61
1253.61
1253.61
1253.61
1253.61
1253.61
1253.61
1253.61
1253.61
1253.61
1253.61
1253.61
1253.61
1253.61
1253.61
1110.14
1110.14
1110.14
1110.14
1110.14
1110.14
1110.14
1110.14
1110.14
1110.14
1110.14
1110.14
124.15
124.15
75.12
75.12
244.90
244.90
549.34
549.34
668.74
668.74
668.74
668.74
701.57
701.57
701.57
701.57
701.57
701.57
16.81
16.81
951.75
951.75
1194.39
1194.39
1625.98
1625.98
886.56
886.56
1116.63
1116.63
1566.89
1566.89
1678.80
1678.80
1838.12
1838.12
1563.00
1563.00
1826.87
1826.87
248.59
248.59
1613.19
1613.19
1131.42
1131.42
1339.68
1339.68
1062.33
1062.33
531.67
531.67
434.14
434.14
643.93
643.93
725.05
725.05
725.05
725.05
1262.76
1262.76
1262.76
1262.76
1262.76
1262.76
1110.16
1110.16
1110.16
1110.16
28.66
28.66
422.95
422.95
13.52
13.52
442.30
442.30
442.30
442.30
929.44
929.44
929.44
929.44
790.99
790.99
743.04
743.04
743.04
743.04
727.66
727.66
727.66
727.66
863.74
863.74
863.74
863.74
833.76
833.76
833.76
833.76
833.76
833.76
185.19
185.19
252.87
252.87
663.65
663.65
663.65
663.65
663.65
663.65
518.65
518.65
518.65
518.65
734.99
734.99
734.99
734.99
169.05
169.05
47.23
47.23
21.78
21.78
330.38
330.38
78.33
78.33
399.12
399.12
446.80
446.80
419.48
419.48
494.77
494.77
553.61
553.61
709.42
709.42
709.42
709.42
66.50
66.50
211.89
211.89
214.61
214.61
246.83
246.83
307.01
307.01
305.24
305.24
363.23
363.23
273.48
273.48
602.60
602.60
138.04
138.04
504.58
504.58
558.32
558.32
200.56
200.56
130.28
130.28
10.00
10.00
368.87
368.87
368.87
368.87
466.28
466.28
407.64
407.64
28.89
28.89
198.58
198.58
154.61
154.61
351.11
351.11
46.30
46.30
14.25
14.25
474.68
474.68
616.27
616.27
735.05
735.05
38.57
38.57
1160.76
1160.76
1236.86
1236.86
1022.04
1022.04
261.78
261.78
1207.97
1207.97
12.60
12.60
1360.98
1360.98
84.06
84.06
493.71
493.71
133.67
133.67
811.77
811.77
977.25
977.25
1154.86
1154.86
1491.36
1491.36
20.59
20.59
1206.70
1206.70
1272.47
1272.47
191.71
191.71
1289.09
1289.09
1621.13
1621.13
260.88
260.88
30.85
30.85
266.90
266.90
34.13
34.13
1268.20
1268.20
29.64
29.64
605.39
605.39
1086.99
1086.99
1180.71
1180.71
107.81
107.81
1530.68
1530.68
249.88
249.88
404.45
404.45
1477.36
1477.36
907.40
907.40
10.00
10.00
10.00
10.00
253.70
253.70
253.70
253.70
527.52
527.52
584.81
584.81
81.12
81.12
401.55
401.55
764.44
764.44
630.69
630.69
630.69
630.69
729.38
729.38
729.38
729.38
28.13
28.13
20.05
20.05
72.06
72.06
381.38
381.38
377.15
377.15
428.11
428.11
509.97
509.97
381.65
381.65
23.80
23.80
505.56
505.56
831.44
831.44
709.75
709.75
1055.89
1055.89
707.34
707.34
983.96
983.96
655.80
655.80
655.80
655.80
698.05
698.05
640.99
640.99
812.68
812.68
1395.65
1395.65
2035.13
2035.13
381.79
381.79
1503.72
1503.72
1136.10
1136.10
1136.10
1136.10
1136.10
1136.10
13.29
13.29
363.58
363.58
798.01
798.01
798.01
798.01
798.01
798.01
798.01
798.01
10.00
10.00
94.65
94.65
218.31
218.31
494.52
494.52
665.41
665.41
771.65
771.65
748.32
748.32
780.15
780.15
761.13
761.13
683.89
683.89
1458.12
1458.12
403.45
403.45
1544.25
1544.25
12.71
12.71
299.05
299.05
107.71
107.71
32.50
32.50
788.50
788.50
11.28
11.28
219.91
219.91
675.52
675.52
675.52
675.52
536.36
536.36
1030.73
1030.73
1318.67
1318.67
1148.10
1148.10
1467.44
1467.44
1467.44
1467.44
1872.95
1872.95
1376.35
1376.35
81.91
81.91
397.00
397.00
69.41
69.41
98.56
98.56
555.77
555.77
544.32
544.32
646.11
646.11
397.94
397.94
397.94
397.94
1071.55
1071.55
22.73
22.73
653.50
653.50
61.33
61.33
280.84
280.84
70.18
70.18
279.29
279.29
14.92
14.92
240.47
240.47
281.03
281.03
500.85
500.85
676.56
676.56
931.96
931.96
343.20
343.20
819.28
819.28
834.62
834.62
622.19
622.19
1288.67
1288.67
779.57
779.57
1344.88
1344.88
1496.55
1496.55
456.44
456.44
1803.89
1803.89
45.74
45.74
429.38
429.38
1321.98
1321.98
1532.46
1532.46
1517.07
1517.07
1032.93
1032.93
1210.32
1210.32
1347.56
1347.56
898.05
898.05
851.75
851.75
851.75
851.75
535.56
535.56
571.59
571.59
70.50
70.50
128.13
128.13
309.84
309.84
572.91
572.91
644.06
644.06
575.91
575.91
680.65
680.65
557.79
557.79
43.14
43.14
86.14
86.14
83.81
83.81
642.81
642.81
13.79
13.79
268.51
268.51
66.03
66.03
572.24
572.24
409.37
409.37
24.82
24.82
15.30
15.30
131.69
131.69
156.74
156.74
289.38
289.38
374.35
374.35
104.89
104.89
418.45
418.45
454.09
454.09
398.82
398.82
26.22
26.22
31.15
31.15
481.42
481.42
483.62
483.62
698.23
698.23
593.07
593.07
583.39
583.39
672.38
672.38
597.38
597.38
73.59
73.59
891.67
891.67
993.99
993.99
993.99
993.99
63.50
63.50
111.18
111.18
17.68
17.68
154.46
154.46
147.49
147.49
551.83
551.83
22.81
22.81
628.16
628.16
583.75
583.75
1011.64
1011.64
1378.30
1378.30
1660.41
1660.41
1498.45
1498.45
2013.38
2013.38
1409.32
1409.32
678.68
678.68
678.68
678.68
14.96
14.96
254.56
254.56
13.86
13.86
83.56
83.56
132.16
132.16
357.28
357.28
67.56
67.56
196.79
196.79
74.16
74.16
49.03
49.03
371.07
371.07
371.07
371.07
165.39
165.39
311.84
311.84
393.68
393.68
381.06
381.06
440.40
440.40
455.21
455.21
466.18
466.18
466.18
466.18
571.77
571.77
47.96
47.96
109.44
109.44
280.65
280.65
324.24
324.24
25.30
25.30
304.07
304.07
278.18
278.18
353.43
353.43
728.02
728.02
728.02
728.02
569.22
569.22
911.54
911.54
911.54
1326.38
2458.58
2458.58
2047.15
2047.15
1602.72
1602.72
1898.54
1898.54
1748.10
1748.10
944.37
944.37
2051.68
2051.68
1847.87
1847.87
963.91
963.91
1341.27
1341.27
914.89
914.89
1076.61
1076.61
1302.52
1302.52
1302.52
1302.52
1302.52
1302.52
427.72
427.72
448.00
448.00
620.78
620.78
586.25
586.25
469.17
469.17
469.17
469.17
469.17
469.17
651.45
651.45
651.45
651.45
260.81
260.81
314.51
314.51
80.30
80.30
433.70
433.70
587.99
587.99
631.13
631.13
631.13
631.13
873.83
873.83
873.83
873.83
873.83
873.83
101.15
101.15
10.00
10.00
269.10
269.10
269.10
269.10
611.26
611.26
803.12
803.12
495.88
495.88
214.07
214.07
957.08
957.08
923.02
923.02
1543.38
1543.38
447.23
447.23
2304.66
2304.66
3145.56
3145.56
892.67
892.67
3114.48
3114.48
1315.85
1315.85
1084.30
1084.30
1612.80
1612.80
1502.07
1502.07
1281.51
1281.51
901.36
901.36
1869.93
1869.93
1714.95
1714.95
2432.02
2432.02
997.87
997.87
91.79
91.79
64.53
64.53
402.07
402.07
967.83
967.83
688.03
688.03
1289.53
1289.53
1309.07
1309.07
1491.43
1491.43
1836.68
1836.68
1460.82
1460.82
945.68
945.68
1372.51
1372.51
1103.71
1103.71
32.30
32.30
431.07
431.07
612.93
612.93
612.93
612.93
153.32
153.32
321.84
321.84
295.09
295.09
567.15
567.15
756.04
756.04
1071.84
1071.84
1395.94
1395.94
1694.99
1694.99
2113.54
2113.54
1643.47
1643.47
2278.11
2278.11
1412.38
1412.38
1740.48
1740.48
179.27
179.27
179.27
2051.25
1929.05
1929.05
1847.41
1847.41
1530.49
1530.49
1530.49
1530.49
207.37
207.37
207.37
18.18
395.64
395.64
395.64
559.16
559.16
823.75
142.34
142.34
142.34
1255.18
1255.18
723.88
723.88
1538.16
1538.16
150.33
150.33
1875.58
1875.58
1751.69
1751.69
1751.69
1751.69
1751.69
510.18
510.18
510.18
38.16
38.16
10.29
10.29
49.86
49.86
196.04
196.04
178.46
178.46
70.40
70.40
254.61
254.61
443.98
443.98
443.98
443.98
372.68
372.68
116.06
116.06
643.52
643.52
643.52
643.52
942.98
942.98
1511.94
1511.94
143.03
143.03
1051.89
1051.89
1697.77
1697.77
33.76
33.76
78.22
78.22
340.16
340.16
219.60
219.60
244.58
20.34
20.34
20.34
311.26
311.26
48.83
48.83
253.94
253.94
740.95
740.95
1016.94
1016.94
1327.35
1327.35
24.82
24.82
10.00
10.00
351.12
351.12
761.08
761.08
734.77
734.77
1068.28
1068.28
1134.02
1134.02
1224.99
1224.99
1561.43
1561.43
842.25
842.25
1873.20
1873.20
691.91
691.91
1254.24
1254.24
1254.24
1254.24
1254.24
1254.24
166.17
166.17
359.28
359.28
726.98
726.98
726.98
726.98
63.26
63.26
220.02
220.02
372.24
372.24
677.48
677.48
725.00
725.00
725.00
754.38
500.57
500.57
500.57
500.57
500.57
500.57
500.57
500.57
832.25
832.25
832.25
832.25
832.25
832.25
874.96
874.96
928.08
928.08
44.87
44.87
92.25
92.25
1065.91
1065.91
388.62
388.62
388.62
388.62
967.86
967.86
967.86
967.86
475.71
475.71
475.71
475.71
24.77
24.77
598.50
598.50
683.14
683.14
561.17
561.17
561.17
561.17
561.17
561.17
108.39
108.39
361.00
361.00
100.14
100.14
10.00
10.00
673.69
673.69
673.69
673.69
505.69
505.69
666.89
666.89
666.89
666.89
569.90
569.90
104.39
104.39
459.64
459.64
39.20
39.20
623.24
623.24
615.24
615.24
721.55
721.55
899.20
899.20
899.20
899.20
759.83
759.83
42.02
42.02
25.73
25.73
1173.42
1173.42
1024.99
1024.99
131.12
131.12
1462.04
1462.04
1462.04
1462.04
218.15
218.15
1019.14
1019.14
1019.14
263.60
586.19
586.19
234.27
234.27
732.00
732.00
1059.56
1059.56
577.17
577.17
1442.46
1442.46
1304.31
1304.31
1372.92
1372.92
77.22
77.22
1084.94
1084.94
1192.73
1192.73
10.00
10.00
263.05
263.05
263.05
263.05
31.56
31.56
263.50
263.50
111.17
111.17
170.17
170.17
318.15
318.15
39.55
39.55
738.14
738.14
399.67
399.67
1033.74
1033.74
1584.04
1584.04
1745.84
1745.84
581.11
581.11
842.13
842.13
842.13
842.13
1093.40
1093.40
796.28
796.28
1268.97
1268.97
1361.27
1361.27
53.21
53.21
114.26
114.26
390.73
390.73
248.86
248.86
437.89
437.89
437.89
437.89
46.08
46.08
367.84
367.84
121.61
121.61
887.83
887.83
1063.73
1063.73
1279.97
1279.97
1176.49
1176.49
1568.17
1568.17
1830.73
1830.73
34.15
34.15
15.57
15.57
247.51
247.51
485.39
485.39
490.38
490.38
637.19
637.19
25.56
25.56
275.10
275.10
667.32
667.32
300.02
300.02
637.98
637.98
53.05
53.05
440.61
440.61
52.59
52.59
269.47
269.47
118.78
118.78
195.22
195.22
640.76
640.76
640.76
640.76
200.28
200.28
17.24
17.24
143.58
143.58
11.91
11.91
153.55
153.55
585.14
585.14
585.14
585.14
33.79
33.79
577.48
577.48
187.95
187.95
416.29
416.29
21.55
21.55
127.46
127.46
565.95
565.95
26.65
26.65
184.62
184.62
70.34
70.34
194.36
194.36
512.12
512.12
542.75
542.75
562.92
562.92
562.92
562.92
10.00
10.00
23.52
23.52
812.92
812.92
812.92
812.92
812.92
812.92
108.31
108.31
312.40
312.40
452.04
452.04
25.44
25.44
185.19
185.19
48.59
48.59
287.15
287.15
195.80
195.80
10.00
10.00
217.73
217.73
239.71
239.71
242.34
242.34
256.22
256.22
261.49
261.49
25.84
25.84
224.26
224.26
34.69
34.69
329.93
329.93
353.71
353.71
116.80
116.80
206.98
206.98
292.87
292.87
27.33
27.33
258.92
258.92
596.31
596.31
596.31
596.31
573.50
573.50
50.14
50.14
225.31
225.31
228.14
228.14
240.80
240.80
379.02
379.02
282.59
282.59
336.47
336.47
369.66
369.66
150.30
150.30
453.12
453.12
647.53
647.53
878.92
878.92
1191.01
1191.01
1289.33
1289.33
2100.18
2100.18
1638.56
1638.56
1800.36
1800.36
699.31
699.31
450.81
450.81
816.73
816.73
1115.51
1115.51
103.68
103.68
1718.41
1718.41
1427.65
1427.65
1680.49
1680.49
1796.34
1796.34
1931.96
1931.96
1931.96
28.30
935.04
935.04
379.13
379.13
1138.97
1138.97
816.49
816.49
25.61
25.61
819.69
819.69
1062.09
1062.09
496.39
496.39
1377.21
1377.21
1194.23
1194.23
1440.87
1440.87
929.61
929.61
1909.51
1909.51
1670.43
1670.43
1670.43
1670.43
1670.43
1670.43
89.06
89.06
235.41
235.41
418.68
418.68
574.40
574.40
195.16
195.16
541.70
541.70
665.80
665.80
701.52
701.52
829.06
829.06
1001.95
1001.95
366.30
366.30
1410.47
1410.47
717.56
717.56
2158.42
2158.42
1075.00
1075.00
1553.65
1553.65
1415.59
1415.59
1399.02
1399.02
2175.06
2175.06
2175.06
922.30
1416.84
1416.84
10.00
10.00
15.84
15.84
15.84
15.84
15.84
552.74
702.65
702.65
719.62
719.62
24.83
24.83
912.09
912.09
1128.36
1128.36
301.26
301.26
1172.47
1172.47
1306.86
1306.86
1213.91
1213.91
45.64
45.64
1851.60
1851.60
1896.45
1896.45
2220.64
2220.64
1364.26
1364.26
23.26
23.26
835.01
835.01
1369.30
1369.30
1484.68
1484.68
121.82
121.82
670.48
670.48
283.34
283.34
561.13
561.13
561.13
561.13
561.13
561.13
779.78
779.78
28.89
28.89
255.87
255.87
309.35
309.35
298.01
298.01
435.82
435.82
476.52
476.52
610.38
610.38
537.10
537.10
761.93
761.93
761.93
761.93
761.93
761.93
422.85
422.85
422.85
422.85
853.12
853.12
853.12
853.12
853.12
853.12
723.89
723.89
723.89
723.89
775.28
775.28
775.28
775.28
1046.63
1046.63
1046.63
1046.63
21.36
21.36
344.99
344.99
528.62
528.62
67.41
67.41
253.16
253.16
253.16
253.16
43.15
43.15
213.60
213.60
262.33
262.33
262.33
262.33
135.76
135.76
98.00
98.00
212.75
212.75
446.81
446.81
446.81
446.81
558.88
558.88
558.88
558.88
646.61
646.61
30.04
30.04
377.06
377.06
932.82
932.82
1337.64
1337.64
1175.52
1175.52
90.76
90.76
90.76
90.76
90.76
509.98
263.97
263.97
158.22
158.22
854.03
854.03
1031.98
1031.98
1203.69
1203.69
176.17
176.17
1137.48
1137.48
1001.77
1001.77
1282.39
1282.39
1386.53
1386.53
459.66
459.66
332.81
332.81
944.92
944.92
411.74
411.74
1539.81
1539.81
1103.95
1103.95
1137.12
1137.12
1125.39
1125.39
1302.23
1302.23
15.25
15.25
118.45
118.45
368.70
368.70
163.91
163.91
159.17
159.17
90.00
90.00
610.05
610.05
959.46
959.46
373.44
373.44
323.13
323.13
1008.21
1008.21
996.62
996.62
1220.98
1220.98
1180.06
1180.06
427.82
427.82
1398.21
1398.21
510.64
510.64
126.89
126.89
70.51
70.51
20.35
20.35
542.46
542.46
542.46
542.46
542.46
542.46
318.52
318.52
10.00
10.00
629.39
629.39
713.37
713.37
217.60
217.60
929.53
929.53
929.53
929.53
10.00
10.00
230.00
230.00
375.16
375.16
300.09
300.09
396.45
396.45
461.66
461.66
443.05
443.05
429.09
429.09
649.58
649.58
700.35
700.35
1207.57
1207.57
1111.83
1111.83
26.21
26.21
1368.95
1368.95
1063.94
1063.94
1063.94
1063.94
11.58
11.58
325.19
325.19
376.92
376.92
331.55
331.55
328.63
328.63
10.00
10.00
148.83
148.83
452.20
452.20
80.36
80.36
289.30
289.30
573.83
573.83
573.83
573.83
573.83
573.83
167.78
167.78
306.52
306.52
44.51
44.51
236.18
236.18
236.18
236.18
18.67
18.67
285.18
285.18
369.69
369.69
25.91
25.91
510.13
510.13
717.56
717.56
10.00
10.00
620.88
620.88
620.88
919.01
1351.35
1351.35
27.96
27.96
294.07
294.07
1065.25
1065.25
1536.52
1536.52
1536.52
1536.52
1536.52
1536.52
1536.52
1536.52
28.87
28.87
682.04
682.04
682.04
682.04
682.04
682.04
784.65
784.65
40.29
40.29
118.36
118.36
246.27
246.27
371.93
371.93
452.20
452.20
484.90
484.90
487.52
487.52
433.10
433.10
605.66
605.66
891.54
891.54
222.99
222.99
875.00
875.00
875.00
1119.68
1119.68
1119.68
663.25
91.21
91.21
1147.05
1147.05
1855.28
1855.28
1225.81
1225.81
1970.31
1970.31
1875.12
1875.12
1205.58
1205.58
492.26
492.26
1212.76
1212.76
1161.96
1161.96
1400.51
775.63
775.63
775.63
10.00
10.00
1536.03
1536.03
1065.22
1065.22
1549.69
1549.69
1549.69
1549.69
1549.69
1549.69
1549.69
1549.69
1549.69
1549.69
134.62
134.62
335.44
335.44
366.84
366.84
35.41
35.41
15.61
15.61
12.64
12.64
564.29
564.29
610.54
610.54
775.22
775.22
762.12
762.12
662.94
662.94
1017.65
1017.65
1297.72
1297.72
999.93
999.93
1555.87
2465.41
2465.41
2465.41
2322.26
2322.26
1366.68
1366.68
1591.22
1591.22
1239.49
1239.49
36.44
36.44
252.77
252.77
723.75
723.75
723.75
723.75
723.75
723.75
723.75
723.75
153.27
153.27
472.64
472.64
357.37
357.37
357.37
357.37
599.43
599.43
599.43
599.43
480.88
480.88
663.26
663.26
98.83
98.83
440.26
440.26
85.24
85.24
563.87
563.87
466.39
466.39
1076.66
1076.66
1130.65
1130.65
1353.74
1353.74
16.24
16.24
280.07
280.07
2045.55
2045.55
2166.12
2166.12
1945.62
1945.62
389.07
389.07
24.59
24.59
2483.72
2483.72
1851.18
1851.18
1042.82
1042.82
1414.33
1414.33
1072.46
1072.46
1176.69
1176.69
14.59
14.59
1072.32
1072.32
1302.10
1302.10
1675.47
1675.47
1592.05
1592.05
1429.04
1429.04
1429.04
1429.04
87.22
87.22
851.22
851.22
851.22
851.22
851.22
851.22
869.01
869.01
869.01
869.01
869.01
869.01
869.01
869.01
869.01
869.01
869.01
869.01
869.01
869.01
869.01
869.01
869.01
869.01
869.01
869.01
869.01
869.01
869.01
869.01
869.01
869.01
869.01
869.01
869.01
869.01
869.01
869.01
42.27
42.27
238.55
238.55
310.24
310.24
420.10
420.10
326.28
326.28
592.72
592.72
565.40
565.40
721.46
721.46
773.64
773.64
20.35
20.35
1182.60
1182.60
1430.01
1430.01
77.81
77.81
764.43
764.43
1411.51
1411.51
478.96
478.96
40.95
40.95
405.58
405.58
528.80
528.80
71.79
71.79
582.47
582.47
801.35
801.35
1131.05
1131.05
1018.40
1018.40
1944.90
1944.90
2103.06
2103.06
2103.06
2103.06
369.03
369.03
1677.24
1677.24
88.33
88.33
27.35
27.35
793.00
793.00
1485.49
1485.49
1051.95
1051.95
1127.92
1127.92
1127.92
1127.92
1127.92
1127.92
1309.88
1309.88
1309.88
1309.88
1309.88
1309.88
1309.88
1309.88
1309.88
1309.88
1309.88
1309.88
1309.88
1309.88
1341.27
1341.27
1341.27
1341.27
1387.16
1387.16
1387.16
1387.16
1387.16
1387.16
1331.46
1331.46
1331.46
1331.46
1325.44
1325.44
1325.44
1325.44
1199.77
1199.77
1199.77
1199.77
1199.77
1199.77
946.54
946.54
946.54
946.54
1124.54
1124.54
1124.54
1124.54
1124.54
1124.54
447.03
447.03
447.03
447.03
1130.50
1130.50
1130.50
1130.50
1283.02
1283.02
1283.02
1283.02
1283.02
1283.02
231.23
231.23
232.94
232.94
1161.86
1161.86
58.30
58.30
114.24
114.24
192.27
192.27
55.20
55.20
39.61
39.61
125.81
125.81
548.18
548.18
548.18
548.18
548.18
548.18
512.19
512.19
512.19
512.19
594.75
594.75
594.75
594.75
118.53
118.53
10.00
10.00
203.03
203.03
691.39
691.39
691.39
691.39
668.26
668.26
668.26
668.26
668.26
668.26
838.76
838.76
838.76
838.76
812.66
812.66
812.66
812.66
812.66
812.66
788.42
788.42
788.42
788.42
916.38
916.38
916.38
916.38
22.63
22.63
233.87
233.87
233.87
233.87
847.21
847.21
847.21
847.21
959.85
959.85
959.85
959.85
959.85
959.85
1125.89
1125.89
1125.89
1125.89
995.44
995.44
995.44
995.44
126.82
126.82
225.21
225.21
12.36
12.36
76.96
76.96
152.22
152.22
183.72
183.72
183.72
183.72
215.42
215.42
574.61
574.61
33.54
33.54
106.95
106.95
186.00
186.00
323.76
323.76
323.76
323.76
323.76
323.76
14.23
14.23
76.25
76.25
552.13
552.13
552.13
552.13
552.13
552.13
105.03
105.03
189.38
189.38
793.20
793.20
793.20
793.20
378.17
378.17
18.40
18.40
144.94
144.94
343.94
343.94
343.94
343.94
619.12
619.12
1013.43
1013.43
1007.47
1007.47
872.48
872.48
1299.14
1299.14
524.75
524.75
1862.76
1862.76
797.21
797.21
1466.91
1466.91
1466.91
1466.91
1466.91
1466.91
749.67
749.67
1632.09
1632.09
94.08
94.08
351.60
351.60
658.71
658.71
381.93
381.93
884.80
884.80
934.35
934.35
490.72
490.72
1254.65
1254.65
294.03
294.03
1601.34
1601.34
1601.34
1601.34
1601.34
1601.34
1601.34
1601.34
49.75
49.75
49.75
49.75
233.19
233.19
358.00
358.00
382.69
382.69
221.94
221.94
334.95
334.95
181.57
181.57
21.29
21.29
52.51
52.51
123.71
123.71
230.21
230.21
243.45
243.45
467.54
467.54
467.54
224.17
194.16
194.16
796.81
796.81
714.73
714.73
782.64
782.64
866.33
866.33
744.45
744.45
722.10
722.10
1049.89
1049.89
131.06
131.06
121.51
121.51
227.10
227.10
383.03
383.03
817.65
817.65
13.32
13.32
708.13
708.13
666.79
666.79
1302.17
1302.17
1197.03
1197.03
1211.01
1211.01
1344.73
1344.73
1346.05
1346.05
127.29
127.29
1162.03
1162.03
23.72
23.72
256.33
256.33
286.26
286.26
121.98
121.98
215.91
215.91
397.45
397.45
533.16
533.16
570.59
570.59
713.34
713.34
608.55
608.55
822.46
822.46
691.19
691.19
785.82
785.82
768.93
768.93
849.50
849.50
458.06
458.06
144.22
144.22
966.20
966.20
1852.64
1852.64
1472.74
1472.74
1580.67
1580.67
1535.27
1535.27
397.31
397.31
1544.04
1544.04
929.44
929.44
872.07
872.07
773.54
773.54
334.87
334.87
1265.40
1265.40
1484.18
1484.18
1994.11
1994.11
282.36
282.36
726.75
726.75
726.75
726.75
273.91
273.91
286.48
286.48
410.65
410.65
710.47
710.47
710.47
710.47
920.78
920.78
40.03
40.03
20.50
20.50
107.42
107.42
141.37
141.37
228.27
228.27
325.02
325.02
527.72
527.72
622.65
622.65
345.12
345.12
908.74
908.74
388.60
388.60
1161.25
1161.25
1063.53
1063.53
111.16
111.16
293.56
293.56
1100.90
1100.90
240.62
240.62
497.53
497.53
509.72
509.72
740.12
740.12
740.12
740.12
195.02
195.02
198.84
198.84
846.66
846.66
846.66
846.66
962.05
962.05
962.05
962.05
962.05
962.05
29.38
29.38
27.60
27.60
23.99
23.99
281.31
281.31
281.31
281.31
531.21
531.21
531.21
531.21
656.23
656.23
33.61
33.61
708.01
708.01
708.01
708.01
708.01
708.01
825.09
825.09
29.06
29.06
573.58
573.58
573.58
573.58
573.58
573.58
371.51
371.51
46.10
46.10
333.72
333.72
45.90
45.90
160.81
160.81
80.32
80.32
87.65
87.65
306.32
306.32
162.70
162.70
224.88
224.88
321.13
321.13
35.35
35.35
18.72
18.72
203.82
203.82
311.44
311.44
135.42
135.42
356.10
356.10
363.49
363.49
363.49
363.49
446.79
446.79
446.79
446.79
43.39
43.39
193.56
193.56
193.56
193.56
626.27
626.27
626.27
626.27
838.09
838.09
838.09
838.09
490.13
490.13
161.48
161.48
52.09
52.09
31.17
31.17
34.87
34.87
38.33
38.33
11.62
11.62
206.85
206.85
670.13
670.13
670.13
670.13
775.39
775.39
775.39
775.39
222.08
222.08
75.21
75.21
210.44
210.44
354.71
354.71
354.71
354.71
405.91
405.91
405.91
405.91
405.91
405.91
41.83
41.83
197.49
197.49
381.87
381.87
80.91
80.91
422.92
422.92
53.55
53.55
49.82
49.82
556.41
556.41
556.41
556.41
16.52
16.52
190.04
190.04
43.62
43.62
434.00
434.00
468.67
468.67
1160.43
1160.43
873.46
873.46
1300.52
1300.52
1381.04
1381.04
1818.70
1818.70
101.63
101.63
1684.81
1684.81
1481.95
1481.95
802.62
802.62
1112.06
1112.06
918.62
918.62
1075.76
1075.76
1225.81
1225.81
269.76
269.76
1191.86
1191.86
1523.48
1523.48
319.24
319.24
1491.42
1491.42
1119.06
1119.06
414.10
414.10
297.63
297.63
1463.16
1463.16
402.76
402.76
1238.25
1238.25
18.75
18.75
52.06
52.06
1003.76
1003.76
1261.99
1261.99
1340.64
1340.64
1272.56
1272.56
1524.78
1524.78
1114.53
1114.53
1359.93
1359.93
157.92
157.92
101.23
101.23
10.00
10.00
190.41
190.41
670.30
670.30
410.95
410.95
374.86
374.86
1217.94
1217.94
129.12
129.12
129.12
378.00
378.00
1015.96
1015.96
1012.48
1012.48
296.79
296.79
1184.03
1184.03
1275.26
1275.26
1263.48
1263.48
981.15
981.15
1563.34
1563.34
1594.46
1594.46
943.31
943.31
359.52
359.52
929.25
929.25
929.25
929.25
1449.72
1449.72
621.47
621.47
14.40
14.40
411.40
411.40
204.72
204.72
230.42
270.52
270.52
270.52
392.66
392.66
288.38
288.38
151.53
151.53
290.56
290.56
509.48
509.48
111.74
111.74
439.06
439.06
439.21
439.21
184.54
184.54
538.75
538.75
845.44
845.44
741.82
741.82
1355.61
1355.61
1403.38
1403.38
1387.01
1387.01
1825.75
1825.75
1825.75
1825.75
1825.75
1825.75
1825.75
1825.75
706.17
706.17
706.17
706.17
706.17
706.17
706.17
706.17
743.47
743.47
743.47
743.47
743.47
743.47
743.47
743.47
743.47
743.47
851.93
851.93
851.93
851.93
851.93
851.93
851.93
851.93
851.93
851.93
851.93
851.93
851.93
851.93
851.93
851.93
851.93
851.93
851.93
851.93
66.19
66.19
168.50
168.50
1612.87
1612.87
1628.26
1628.26
1628.26
1628.26
112.23
112.23
582.36
582.36
613.30
613.30
1049.31
1049.31
1215.20
1215.20
14.23
14.23
743.42
743.42
1237.16
1237.16
178.50
178.50
143.94
143.94
699.37
699.37
614.62
614.62
1228.44
1228.44
1306.98
1306.98
1238.62
1238.62
231.34
231.34
1334.00
1334.00
1803.77
1803.77
1491.71
1491.71
1491.71
1491.71
1491.71
1491.71
381.97
381.97
495.17
495.17
616.83
616.83
432.25
432.25
293.02
293.02
199.86
199.86
497.02
497.02
63.17
63.17
674.75
674.75
788.76
788.76
899.79
899.79
1116.39
1116.39
1114.76
1114.76
1114.76
685.54
685.54
931.72
931.72
931.72
931.72
931.72
931.72
931.72
500.57
500.57
538.53
538.53
538.38
538.38
45.25
45.25
590.63
590.63
704.66
704.66
524.48
524.48
524.48
524.48
113.28
113.28
282.08
282.08
870.40
870.40
1193.09
1193.09
1342.07
1342.07
1886.74
1886.74
1356.78
1356.78
1518.36
1518.36
143.30
143.30
465.52
465.52
751.05
751.05
1912.68
1912.68
1214.40
1214.40
1231.41
1231.41
201.55
201.55
596.74
596.74
178.25
178.25
796.94
796.94
677.96
677.96
673.51
673.51
887.06
887.06
887.06
887.06
677.14
677.14
1025.06
1025.06
1140.36
1140.36
1140.36
1140.36
184.48
184.48
96.46
96.46
380.88
380.88
275.98
275.98
11.21
11.21
383.85
383.85
328.05
328.05
437.58
437.58
548.40
548.40
984.72
984.72
817.48
817.48
817.48
817.48
817.48
817.48
990.96
990.96
990.96
990.96
1191.89
1191.89
1509.85
1509.85
1861.84
1861.84
1348.55
1348.55
2381.78
2381.78
1763.95
1763.95
2225.07
2225.07
759.61
759.61
759.61
759.61
761.73
761.73
835.97
835.97
291.64
291.64
1340.41
1340.41
15.31
15.31
12.76
12.76
1040.42
1040.42
634.98
634.98
1258.29
1258.29
164.38
164.38
1268.94
1268.94
1452.70
1452.70
1240.79
1240.79
1383.73
1383.73
1613.24
1613.24
180.84
180.84
1482.84
1482.84
1583.71
1583.71
1583.71
1583.71
1583.71
1583.71
1583.71
1583.71
1583.71
1583.71
10.00
10.00
57.06
57.06
91.56
91.56
214.87
214.87
242.72
242.72
400.87
400.87
435.96
435.96
435.96
435.96
460.07
460.07
460.07
460.07
566.71
566.71
566.71
566.71
692.12
692.12
692.12
692.12
692.12
692.12
850.44
850.44
850.44
850.44
850.44
850.44
363.01
363.01
911.89
911.89
1008.90
1008.90
1008.90
1008.90
1040.42
1040.42
1040.42
1040.42
623.42
623.42
623.42
623.42
1366.15
1366.15
388.51
388.51
1192.20
1192.20
1592.34
1592.34
1592.34
1592.34
1592.34
1592.34
1592.34
1592.34
1592.34
1592.34
1592.34
1592.34
1592.34
1592.34
1592.34
1592.34
1592.34
1592.34
1592.34
1592.34
1592.34
1592.34
1592.34
1592.34
216.82
216.82
189.50
189.50
216.84
216.84
332.79
332.79
332.79
332.79
486.37
486.37
486.37
486.37
629.97
629.97
629.97
629.97
629.97
629.97
354.08
354.08
354.08
354.08
631.51
631.51
631.51
631.51
631.51
631.51
719.29
719.29
10.00
10.00
536.47
536.47
10.00
10.00
497.00
497.00
332.63
332.63
118.81
118.81
456.73
456.73
456.73
456.73
554.62
554.62
554.62
554.62
554.62
554.62
675.39
675.39
675.39
675.39
683.00
683.00
683.00
683.00
794.22
794.22
794.22
794.22
92.73
92.73
10.00
10.00
40.21
40.21
106.71
106.71
147.97
147.97
220.07
220.07
91.16
91.16
26.01
26.01
98.40
98.40
174.29
174.29
618.67
618.67
618.67
618.67
618.67
618.67
419.11
419.11
419.11
419.11
627.27
627.27
627.27
627.27
627.27
627.27
472.07
472.07
472.07
472.07
887.29
887.29
887.29
887.29
880.78
880.78
880.78
880.78
880.78
880.78
999.82
999.82
999.82
999.82
42.38
42.38
29.32
29.32
147.41
147.41
674.46
674.46
674.46
674.46
1088.86
1088.86
1088.86
1088.86
239.94
239.94
239.94
239.94
239.94
239.94
308.50
308.50
308.50
308.50
515.65
515.65
515.65
515.65
515.65
515.65
650.22
650.22
650.22
650.22
820.27
820.27
820.27
820.27
836.63
836.63
836.63
836.63
13.79
13.79
202.00
202.00
50.94
50.94
437.97
437.97
323.72
323.72
391.39
391.39
125.98
125.98
265.38
265.38
63.65
63.65
227.76
227.76
227.76
227.76
470.14
470.14
470.14
470.14
467.41
467.41
69.56
69.56
468.72
468.72
468.72
468.72
468.72
468.72
650.42
650.42
650.42
650.42
148.98
148.98
278.47
278.47
731.87
731.87
731.87
731.87
39.55
39.55
302.02
302.02
302.02
302.02
818.03
818.03
818.03
818.03
818.03
818.03
873.61
873.61
66.85
66.85
303.85
303.85
303.85
303.85
378.45
378.45
378.45
378.45
378.45
378.45
656.16
656.16
661.14
661.14
785.61
785.61
785.61
785.61
785.61
785.61
15.81
15.81
758.62
758.62
47.59
47.59
49.00
49.00
419.53
419.53
419.53
419.53
419.53
419.53
40.95
40.95
248.43
248.43
467.65
467.65
467.65
467.65
27.64
27.64
135.09
135.09
243.96
243.96
365.35
365.35
49.13
49.13
368.65
368.65
368.65
368.65
368.65
368.65
462.95
462.95
10.00
10.00
474.51
474.51
122.47
122.47
55.00
55.00
478.91
478.91
335.56
335.56
524.49
524.49
712.05
712.05
604.52
604.52
604.52
604.52
604.52
604.52
653.06
653.06
653.06
653.06
693.86
693.86
693.86
693.86
135.75
135.75
10.00
10.00
17.67
17.67
60.42
60.42
152.16
152.16
33.23
33.23
179.44
179.44
383.48
383.48
382.62
382.62
382.62
382.62
199.93
199.93
211.96
211.96
315.00
315.00
383.90
383.90
182.88
182.88
127.46
127.46
273.77
273.77
414.08
414.08
414.08
414.08
414.08
414.08
481.35
481.35
233.94
233.94
45.06
45.06
64.89
64.89
573.58
573.58
573.58
573.58
10.00
10.00
688.66
688.66
688.66
688.66
683.28
683.28
683.28
683.28
32.84
32.84
10.00
10.00
15.46
15.46
458.27
458.27
458.27
458.27
620.74
620.74
620.74
620.74
620.74
620.74
24.64
24.64
11.35
11.35
21.25
21.25
144.93
144.93
203.73
203.73
293.99
293.99
293.99
293.99
361.43
361.43
361.43
361.43
61.28
61.28
25.27
25.27
193.82
193.82
400.26
400.26
24.51
24.51
86.74
86.74
10.00
10.00
160.59
160.59
372.27
372.27
10.00
10.00
359.49
359.49
359.49
359.49
510.19
510.19
510.19
510.19
510.19
510.19
607.42
607.42
607.42
607.42
110.00
110.00
171.78
171.78
171.78
171.78
566.69
566.69
859.46
859.46
568.15
568.15
136.07
136.07
20.03
20.03
88.49
88.49
649.06
649.06
1229.13
1229.13
145.88
145.88
746.39
746.39
1121.32
1121.32
1238.77
1238.77
1446.92
1446.92
29.25
29.25
62.20
62.20
286.64
286.64
406.44
406.44
441.11
441.11
368.23
368.23
47.00
47.00
427.34
427.34
495.79
495.79
495.79
495.79
826.83
826.83
1123.21
1123.21
1461.83
1461.83
1742.70
1742.70
1235.36
1235.36
1631.30
1631.30
1923.70
1923.70
1266.02
1266.02
1638.42
1638.42
1590.31
1590.31
10.00
10.00
197.06
197.06
10.00
10.00
10.00
99.86
260.79
260.79
676.36
676.36
124.91
124.91
124.91
158.14
328.09
328.09
470.91
470.91
648.90
648.90
640.56
640.56
75.69
75.69
1146.74
1146.74
1086.76
1086.76
1058.20
1058.20
2023.45
2023.45
2023.45
23.58
23.58
596.34
596.34
1052.23
1052.23
784.50
784.50
580.02
580.02
723.11
723.11
885.05
885.05
1315.33
1315.33
1395.66
1178.44
1178.44
1178.44
1292.32
1292.32
1321.02
1321.02
1586.35
1586.35
1191.12
1191.12
824.28
824.28
1485.90
1485.90
1250.49
1250.49
1185.53
1185.53
1185.53
1185.53
1162.11
1162.11
1162.11
1418.31
1418.31
1418.31
1418.31
1418.31
1418.31
1418.31
1186.18
1186.18
1186.18
1186.18
1186.18
1186.18
1186.18
1186.18
1186.18
1186.18
692.56
692.56
10.00
10.00
274.82
274.82
121.09
121.09
602.67
602.67
46.77
46.77
404.34
404.34
606.81
606.81
606.81
606.81
809.33
809.33
809.33
809.33
809.33
809.33
809.33
809.33
809.33
809.33
908.99
908.99
129.37
1543.94
1543.94
1543.94
1754.11
1754.11
1238.99
1238.99
1878.44
1878.44
1878.44
1878.44
25.35
25.35
143.41
143.41
11.65
11.65
396.94
396.94
477.41
477.41
511.84
511.84
435.76
435.76
1959.66
1959.66
2161.92
2161.92
93.42
93.42
974.84
974.84
10.00
10.00
669.21
669.21
930.94
930.94
148.32
148.32
1048.17
1048.17
66.96
66.96
575.97
575.97
105.71
105.71
1110.68
1110.68
1127.48
1127.48
10.00
10.00
26.60
26.60
315.77
315.77
529.62
529.62
766.76
766.76
963.37
963.37
1235.92
1235.92
1373.86
1373.86
1552.51
1552.51
1367.10
1367.10
1562.31
1562.31
160.79
160.79
32.40
32.40
111.73
111.73
247.82
247.82
644.75
644.75
644.75
644.75
644.75
644.75
804.79
804.79
804.79
804.79
725.83
725.83
725.83
725.83
852.52
852.52
119.71
119.71
92.92
92.92
455.32
455.32
455.32
455.32
92.91
92.91
239.97
239.97
239.97
239.97
580.80
