# 1Hz Kbps trace generated by import_real_world_traces.py
3282.86
5908.55
6088.60
6088.60
5532.29
5532.29
5577.36
5577.36
5761.76
5761.76
5541.48
5541.48
5953.52
5953.52
22.63
22.63
5948.81
5948.81
2080.61
2080.61
5939.25
5939.25
5059.18
5059.18
6306.12
6306.12
783.15
783.15
1537.41
1537.41
1605.75
1605.75
5589.82
5589.82
5589.82
5589.82
5589.82
5589.82
5726.59
5726.59
6041.58
6041.58
6041.58
6041.58
6054.26
6054.26
6054.26
6054.26
5206.88
5206.88
5131.78
5131.78
5487.71
5487.71
5487.10
5487.10
5498.28
5498.28
5980.78
5980.78
5980.78
5980.78
4804.91
4804.91
4804.91
4804.91
5410.09
5410.09
5410.09
5410.09
5410.09
5410.09
5410.09
5410.09
1964.11
1964.11
5303.45
5303.45
4876.07
4876.07
6030.13
6030.13
568.14
568.14
5367.07
5367.07
80.45
80.45
3969.88
3969.88
3999.18
3999.18
2466.35
2466.35
40.13
40.13
59.29
59.29
1882.06
1882.06
47.92
47.92
65.48
65.48
1132.05
1132.05
339.05
339.05
556.84
556.84
186.04
186.04
2033.45
2033.45
69.20
69.20
312.96
312.96
69.89
69.89
10.00
10.00
63.83
63.83
63.83
10.00
10.00
10.00
10.00
10.00
463.68
463.68
28.31
28.31
28.31
311.05
311.05
953.19
166.63
166.63
177.94
177.94
2571.31
2571.31
335.87
335.87
148.13
148.13
1983.69
1983.69
438.45
438.45
1059.58
1059.58
224.60
224.60
297.82
297.82
391.76
391.76
3103.36
3103.36
37.76
37.76
28.25
28.25
1163.20
1163.20
467.24
467.24
194.72
194.72
33.04
33.04
44.93
44.93
4424.24
4424.24
4924.65
4924.65
201.26
201.26
5231.84
5231.84
5087.34
5087.34
106.87
106.87
348.18
348.18
87.42
87.42
85.66
85.66
675.79
675.79
397.01
397.01
1054.50
1054.50
6309.31
6309.31
176.67
176.67
335.85
335.85
325.82
325.82
1420.11
1420.11
4885.91
4885.91
450.54
450.54
2403.26
2403.26
5626.54
5626.54
5626.54
5626.54
5562.00
490.89
6028.85
6028.85
35.54
35.54
464.70
464.70
134.01
134.01
134.01
564.68
35.13
35.13
289.83
289.83
263.02
263.02
74.59
74.59
220.09
220.09
1475.61
1475.61
2476.72
2476.72
2102.25
2102.25
1489.42
1489.42
252.14
252.14
2965.89
2965.89
2110.23
2110.23
5976.09
5976.09
960.25
960.25
359.94
359.94
6547.09
6547.09
247.43
247.43
494.66
494.66
374.96
374.96
3339.99
3339.99
2290.66
2290.66
1726.59
1726.59
1391.10
1391.10
1623.21
1623.21
5918.26
5918.26
5837.60
5837.60
2479.15
2479.15
1025.21
1025.21
5518.01
5518.01
6430.88
6430.88
4721.24
4721.24
4721.24
4721.24
6143.71
6143.71
6501.06
6501.06
5740.18
5740.18
6783.80
6783.80
3044.20
3044.20
1312.84
1312.84
2353.36
2353.36
2353.36
2353.36
5039.02
5039.02
6350.26
6350.26
5688.79
5688.79
5688.79
5688.79
5688.79
5548.69
7114.89
7114.89
5553.29
5553.29
5553.29
5553.29
6158.75
6158.75
6769.48
6769.48
5940.11
5940.11
1124.32
1124.32
2952.48
2952.48
4013.23
4013.23
6413.66
6413.66
5845.30
5845.30
5765.23
5765.23
1657.37
1657.37
1657.37
1657.37
4736.14
4736.14
4980.82
4980.82
70.09
70.09
2598.30
2598.30
5670.69
5670.69
5057.51
5057.51
59.68
59.68
5836.26
5836.26
6309.32
6309.32
6025.76
6025.76
5016.06
5016.06
6323.85
6323.85
5730.45
5730.45
5946.58
5946.58
6223.63
6223.63
84.06
84.06
5993.42
5993.42
5281.81
5281.81
999.94
999.94
1394.72
1394.72
159.28
159.28
5836.69
5836.69
5606.30
5606.30
5606.30
5606.30
5606.30
5606.30
5606.30
5606.30
6209.71
6209.71
5710.51
5710.51
5710.51
5710.51
5791.00
5791.00
5390.91
5390.91
5242.60
5242.60
4304.79
4304.79
6199.80
6199.80
4757.52
4757.52
5316.73
5316.73
5316.73
5316.73
6062.49
6062.49
5722.83
5722.83
42.11
42.11
1161.09
1161.09
1817.89
1817.89
2209.02
2209.02
2541.54
2541.54
161.33
161.33
97.67
97.67
1361.23
1361.23
117.63
117.63
62.72
62.72
447.55
447.55
447.55
72.66
72.66
26.48
285.73
285.73
218.32
218.32
1264.41
1264.41
394.46
394.46
92.01
92.01
5445.17
5445.17
5131.13
5131.13
1106.92
1106.92
2313.26
2313.26
5146.89
5146.89
33.29
33.29
233.47
233.47
1101.29
1101.29
336.50
336.50
3717.61
3717.61
2251.40
2251.40
177.15
177.15
45.67
45.67
139.77
139.77
97.19
97.19
255.91
255.91
77.30
77.30
2252.27
2252.27
2577.47
2577.47
984.61
984.61
2379.56
2379.56
45.16
45.16
326.67
326.67
289.29
289.29
17.58
17.58
347.69
347.69
16.23
16.23
381.41
381.41
729.51
729.51
2218.00
2218.00
2564.99
2564.99
211.68
211.68
322.45
322.45
1867.16
1867.16
687.50
687.50
819.15
819.15
81.73
81.73
126.41
126.41
5569.01
5569.01
5998.46
5998.46
69.44
69.44
3321.65
3321.65
38.03
38.03
132.76
132.76
492.72
492.72
114.19
114.19
56.58
56.58
64.89
64.89
5486.20
5486.20
51.61
51.61
1225.01
1225.01
23.05
23.05
23.05
18.31
18.31
35.39
35.39
35.39
35.39
35.39
410.44
410.44
410.44
410.44
3033.09
208.47
1573.28
688.72
204.59
204.59
85.87
85.87
952.37
952.37
708.47
708.47
1482.59
1482.59
33.12
33.12
199.46
199.46
3228.08
3228.08
27.17
27.17
798.84
798.84
4612.00
4612.00
93.51
93.51
1086.43
1086.43
5474.81
5474.81
5619.16
5619.16
5784.30
5784.30
528.85
528.85
2058.84
2058.84
133.79
133.79
1113.31
1113.31
1171.90
1171.90
99.94
99.94
692.31
692.31
10.00
10.00
10.00
17.43
632.39
632.39
38.74
38.74
183.07
183.07
362.53
362.53
258.26
258.26
139.26
139.26
1054.57
1054.57
1428.63
1428.63
4043.66
4043.66
2233.79
2233.79
3668.30
3668.30
1055.90
1055.90
1634.84
1634.84
1110.22
1110.22
38.66
38.66
89.84
89.84
154.22
154.22
28.52
28.52
28.52
1135.32
376.33
376.33
1571.69
1571.69
719.71
719.71
219.08
219.08
28.37
28.37
28.37
434.71
1129.45
1129.45
1381.36
1381.36
1381.36
315.00
455.83
455.83
1246.13
1246.13
1069.17
1069.17
1069.17
5276.71
4107.71
4107.71
105.95
105.95
104.82
104.82
51.76
51.76
313.92
313.92
132.38
132.38
132.38
369.76
107.37
107.37
169.58
169.58
169.58
140.97
174.91
174.91
174.91
174.91
174.91
543.04
543.04
543.04
1733.63
1733.63
98.49
98.49
1733.16
646.69
2728.68
2728.68
2021.74
2021.74
2021.74
28.29
5369.03
5369.03
5872.87
5872.87
5872.87
1060.58
3411.67
3411.67
6093.39
6093.39
2216.67
2216.67
2216.67
10.00
56.06
56.06
289.37
289.37
289.37
1611.14
1611.14
123.22
123.22
4421.15
4421.15
1678.41
326.17
326.17
326.17
1224.62
1224.62
38.19
114.33
114.33
114.33
2788.28
2788.28
282.84
282.84
282.84
99.17
99.17
350.49
19.09
345.83
345.83
157.18
157.18
157.18
417.39
417.39
2070.36
4520.61
4520.61
4520.61
6143.60
1067.92
1067.92
1362.13
1362.13
1362.13
1131.70
1131.70
1044.28
100.91
100.91
58.75
58.75
58.75
5812.16
5812.16
2606.14
2606.14
388.66
388.66
24.11
1095.63
1095.63
1095.63
368.27
3029.51
3029.51
3029.51
1066.98
6410.94
6410.94
6410.94
1157.51
1157.51
1193.43
1193.43
1027.59
1027.59
6108.40
6108.40
4745.24
4745.24
10.00
10.00
230.48
230.48
1016.92
1016.92
17.35
2059.71
2059.71
2059.71
28.72
28.72
48.28
48.28
2614.16
2614.16
762.30
762.30
1088.30
1088.30
4307.06
2452.11
2452.11
2452.11
1926.53
1926.53
5258.23
5258.23
2052.26
2052.26
5782.74
5782.74
5650.30
5650.30
6129.19
6129.19
6404.01
6404.01
5694.21
5694.21
5223.19
5520.99
5520.99
5520.99
5516.86
5516.86
152.98
152.98
47.69
47.69
1752.24
1752.24
5465.04
5465.04
5465.04
5465.04
5795.12
5795.12
5413.77
5413.77
5869.37
5869.37
5306.19
5306.19
6524.41
6524.41
1071.28
1071.28
6248.27
6248.27
6881.54
6881.54
5665.08
5665.08
5276.03
5276.03
6376.07
6376.07
6376.07
6376.07
6376.07
6376.07
5767.03
5767.03
18.83
18.83
5741.74
5741.74
6214.19
6214.19
4165.62
4165.62
5812.50
5812.50
5812.50
5812.50
1067.68
1067.68
5998.83
5998.83
5661.95
5661.95
5599.36
5599.36
5599.36
5599.36
4447.53
4447.53
5394.04
5394.04
6715.75
6715.75
3939.39
3939.39
2014.57
2014.57
6250.33
6250.33
5566.42
5566.42
5505.43
5505.43
5880.67
5880.67
4928.23
4928.23
3815.82
3815.82
1100.69
1100.69
2811.09
2811.09
3822.62
3822.62
1137.88
1137.88
1816.04
1816.04
6272.23
6272.23
5337.62
5337.62
28.43
28.43
3194.75
3194.75
1208.22
1208.22
5313.05
5313.05
4876.05
4876.05
5599.84
5599.84
3504.21
3504.21
26.89
26.89
4813.45
4813.45
4813.45
4813.45
1102.95
1102.95
3919.75
3919.75
5740.10
5740.10
1148.88
1148.88
1188.30
1188.30
1088.66
1088.66
51.16
51.16
5247.04
5247.04
4664.22
4664.22
1052.99
1052.99
2231.91
2231.91
2472.82
2472.82
6089.14
6089.14
3594.50
3594.50
190.37
190.37
6459.65
6459.65
15.50
15.50
3788.14
3788.14
93.74
93.74
6956.58
6956.58
153.12
153.12
221.50
221.50
79.59
79.59
470.19
470.19
1082.05
1082.05
26.13
26.13
400.32
400.32
5569.51
5569.51
736.45
736.45
314.98
314.98
277.39
277.39
162.07
162.07
2056.40
2056.40
52.86
52.86
4092.07
4092.07
333.91
333.91
57.02
57.02
827.40
827.40
111.20
111.20
945.65
945.65
5633.59
5633.59
1891.22
1891.22
4786.63
4786.63
5653.57
5653.57
6288.05
6288.05
6322.15
6322.15
6592.51
6592.51
6185.57
6185.57
5892.27
5892.27
2131.62
2131.62
32.71
32.71
615.82
615.82
113.33
113.33
5908.96
5908.96
59.71
59.71
19.47
19.47
28.52
28.52
3893.55
3893.55
28.46
28.46
62.92
62.92
3711.20
3711.20
5243.06
5243.06
4675.35
4675.35
5417.68
5417.68
80.83
80.83
4909.20
4909.20
4213.97
4213.97
5531.36
5531.36
5456.77
5456.77
46.86
46.86
5433.94
5433.94
122.21
122.21
51.86
51.86
5723.58
5723.58
34.48
34.48
5799.37
5799.37
5555.61
5555.61
4702.62
4702.62
4650.67
4650.67
5612.84
5612.84
2636.91
2636.91
90.08
90.08
7131.27
7131.27
111.49
111.49
77.94
77.94
80.07
80.07
80.07
82.40
82.40
82.40
105.99
105.99
72.91
72.91
1301.18
1301.18
3797.93
3797.93
4246.19
4246.19
3517.01
3517.01
1816.74
1816.74
1949.21
1949.21
17.63
17.63
54.28
54.28
2624.88
2624.88
4969.27
4969.27
837.34
837.34
370.93
370.93
761.18
761.18
1368.10
1368.10
149.88
149.88
3601.52
3601.52
3498.01
3498.01
57.16
57.16
5115.59
5115.59
381.77
381.77
4997.10
4997.10
422.42
422.42
4530.53
4530.53
4909.25
4909.25
3804.03
3804.03
1045.53
1045.53
326.01
326.01
3956.18
3956.18
22.52
22.52
992.79
992.79
1136.80
1136.80
56.38
56.38
1123.76
1123.76
1638.80
1638.80
5997.92
5997.92
6406.37
6406.37
6307.95
6307.95
3288.44
3288.44
5145.57
5145.57
504.28
504.28
6743.79
6743.79
5639.51
5639.51
6347.20
6347.20
6045.10
6045.10
5990.50
5990.50
1707.13
1707.13
36.17
36.17
2659.09
2659.09
5793.05
5793.05
6584.66
6584.66
123.15
123.15
1273.30
1273.30
639.55
639.55
212.18
212.18
3410.17
3410.17
82.18
82.18
1090.78
1090.78
960.53
960.53
1563.89
1563.89
7153.20
7153.20
4592.65
4592.65
5206.52
5206.52
3332.36
3332.36
126.16
126.16
679.13
679.13
679.13
82.80
615.01
615.01
1346.28
1346.28
363.23
363.23
173.84
173.84
5357.20
5357.20
5634.87
5634.87
4553.89
4553.89
6269.26
6269.26
1219.75
1219.75
1528.78
1528.78
6141.71
6141.71
234.45
234.45
52.91
52.91
1387.38
1387.38
1140.25
1140.25
4693.42
4693.42
3183.70
3183.70
143.32
143.32
1455.30
1455.30
145.01
145.01
92.11
92.11
5349.92
5349.92
3059.78
3059.78
3740.56
3740.56
14.42
14.42
113.66
113.66
71.92
71.92
6143.03
6143.03
6215.21
6215.21
4953.39
4953.39
95.64
95.64
75.80
75.80
879.70
879.70
2864.01
2864.01
6146.68
6146.68
6016.48
6016.48
5595.45
5595.45
5748.10
5748.10
6859.40
6859.40
6859.40
6859.40
41.81
41.81
6067.53
6067.53
5530.45
5530.45
5530.45
5530.45
6553.15
6553.15
4744.55
4744.55
6779.62
6779.62
5253.74
5253.74
5253.74
5253.74
5253.74
5253.74
5821.51
5821.51
6250.52
6250.52
6250.52
6250.52
5326.57
5326.57
5912.75
5912.75
5793.35
5793.35
5793.35
5793.35
5793.35
5793.35
5793.35
5793.35
5793.35
5793.35
5793.35
5793.35
5745.24
5745.24
6080.15
6080.15
4883.79
4883.79
5377.25
5377.25
5393.23
5393.23
4436.29
4436.29
4102.90
4102.90
4102.90
4102.90
5336.94
5336.94
5733.21
5733.21
4655.78
4655.78
5766.09
5766.09
4999.94
4999.94
5503.81
5503.81
5459.51
5459.51
4079.34
4079.34
3996.96
3996.96
1218.32
1218.32
34.37
34.37
5773.04
5773.04
5382.30
5382.30
4975.55
4975.55
6259.01
6259.01
2603.92
2603.92
992.26
992.26
5904.41
5904.41
5782.30
5782.30
5938.01
5938.01
5938.01
5938.01
3780.48
3780.48
5552.66
5552.66
5643.80
5643.80
6349.36
6349.36
5550.39
5550.39
5575.72
5575.72
5575.72
5575.72
5486.51
5486.51
6118.64
6118.64
4324.38
4324.38
6015.37
6015.37
6232.09
6232.09
568.66
568.66
6167.39
6167.39
121.55
121.55
4756.57
4756.57
118.05
118.05
21.01
21.01
1069.23
1069.23
5517.38
5517.38
58.37
58.37
104.72
104.72
513.92
513.92
37.99
37.99
17.14
17.14
3096.67
3096.67
169.94
169.94
173.81
173.81
83.58
83.58
254.05
254.05
212.09
212.09
212.09
212.09
212.09
10.00
10.00
113.68
113.68
113.68
153.16
202.30
1756.84
1756.84
54.32
54.32
230.08
230.08
60.60
60.60
304.90
304.90
2425.61
2425.61
576.99
576.99
1454.97
1454.97
86.87
86.87
3166.17
3166.17
50.79
50.79
532.07
532.07
6227.68
6227.68
5869.13
5869.13
30.53
30.53
164.53
164.53
739.25
739.25
3417.41
3417.41
70.46
70.46
5774.15
5774.15
3446.39
3446.39
5993.70
5993.70
40.02
40.02
14.89
14.89
6228.74
6228.74
35.00
35.00
80.34
80.34
1111.80
1111.80
359.55
359.55
376.67
376.67
14.63
14.63
1806.55
1806.55
1041.92
1041.92
28.74
28.74
1695.64
1695.64
76.58
76.58
128.99
128.99
15.85
15.85
639.48
639.48
2610.90
2610.90
36.85
36.85
3819.90
3819.90
1679.18
1679.18
896.85
896.85
158.72
158.72
269.73
269.73
134.72
134.72
10.00
10.00
10.00
45.96
25.92
25.92
633.97
633.97
17.37
17.37
532.76
532.76
3199.48
3199.48
3199.48
1480.83
3471.79
3471.79
1033.99
1033.99
4454.92
4454.92
581.10
581.10
185.52
185.52
4432.31
4432.31
1949.50
1949.50
4297.28
4297.28
4892.81
4892.81
4082.73
4082.73
3820.85
3820.85
3820.85
3507.43
5576.88
5576.88
1976.47
1976.47
1976.47
5530.78
5530.78
63.44
56.49
56.49
4680.43
4680.43
4680.43
1150.72
2269.52
2269.52
4225.50
4225.50
4225.50
1273.84
1273.84
6090.56
286.43
286.43
5254.63
5254.63
5254.63
106.10
106.10
864.39
906.70
906.70
906.70
225.59
225.59
20.71
6330.55
6330.55
395.01
395.01
1034.62
1034.62
4456.20
4456.20
4456.20
1433.92
1433.92
5562.95
5458.19
5458.19
4810.15
4810.15
4810.15
3395.35
1675.96
1675.96
5370.53
5370.53
5370.53
5499.86
4809.85
4809.85
7057.65
7057.65
7057.65
1528.58
1528.58
3013.16
6680.02
6680.02
6680.02
1071.37
1071.37
3715.46
5264.19
5264.19
4983.00
4983.00
4983.00
757.36
433.33
433.33
433.33
418.03
418.03
1114.97
1114.97
187.56
1045.79
1045.79
1045.79
705.79
705.79
5240.53
5614.21
5614.21
5614.21
2384.41
2384.41
3699.08
5527.25
5527.25
5527.25
5570.75
5570.75
111.48
111.48
74.87
74.87
313.47
313.47
5141.05
1007.20
1007.20
1007.20
306.69
306.69
19.35
61.90
61.90
61.90
1126.63
1126.63
1130.23
1130.23
281.52
13.01
13.01
13.01
6020.06
6020.06
2252.44
2252.44
2540.02
2540.02
220.92
220.92
1094.55
1094.55
1702.26
2683.03
2683.03
2683.03
2548.97
2548.97
266.21
266.21
1042.36
532.25
532.25
532.25
5940.70
5940.70
899.56
899.56
28.39
28.39
1039.99
1039.99
5785.26
5785.26
6269.43
6269.43
193.40
193.40
453.88
453.88
138.84
138.84
89.40
89.40
1056.37
1056.37
77.98
77.98
305.07
305.07
5862.39
5862.39
209.12
209.12
16.69
16.69
303.49
303.49
1057.68
1057.68
21.41
21.41
6428.95
6428.95
337.03
337.03
1994.02
1994.02
1017.22
1017.22
109.20
109.20
201.85
201.85
28.03
28.03
198.34
198.34
5843.08
5843.08
2637.49
2637.49
17.62
17.62
1417.66
1417.66
839.39
839.39
735.47
735.47
339.57
339.57
56.70
56.70
507.18
507.18
49.12
49.12
84.32
84.32
5122.17
5122.17
84.36
84.36
4926.75
4926.75
3596.02
3596.02
1862.18
1862.18
4019.99
4019.99
135.16
135.16
1624.61
1624.61
1059.56
1059.56
3280.00
3280.00
1533.06
1533.06
5971.93
5971.93
4008.45
4008.45
5627.59
5627.59
2830.84
2830.84
36.58
36.58
5703.74
5703.74
1937.30
1937.30
3781.12
3781.12
5971.71
5971.71
1128.81
1128.81
41.86
41.86
4657.96
4657.96
5723.43
5723.43
2068.06
2068.06
4793.16
4793.16
4115.28
4115.28
5758.12
5758.12
5863.39
5863.39
3046.68
3046.68
3417.58
3417.58
94.24
94.24
58.18
58.18
5533.70
5533.70
6475.59
6475.59
1540.52
1540.52
1439.16
1439.16
1103.36
1103.36
5887.34
5887.34
3401.63
3401.63
2475.43
2475.43
30.44
30.44
93.62
93.62
1816.52
1816.52
68.89
68.89
3640.94
3640.94
5281.42
5281.42
2995.63
2995.63
322.47
322.47
4657.00
4657.00
4289.32
4289.32
1181.00
1181.00
1727.73
1727.73
4500.33
4500.33
5070.34
5070.34
4853.56
4853.56
6183.01
6183.01
5235.00
5235.00
4985.86
4985.86
5629.24
5629.24
5358.38
5358.38
1106.09
1106.09
876.85
876.85
6218.34
6218.34
2251.30
2251.30
4890.95
4890.95
4761.91
4761.91
5171.01
5171.01
5008.58
5008.58
5819.49
5819.49
1112.27
1112.27
1244.98
1244.98
2027.61
2027.61
16.17
16.17
5418.09
5418.09
89.17
89.17
1596.81
1596.81
5903.84
5903.84
2697.91
2697.91
192.42
192.42
5225.36
5225.36
18.33
18.33
1042.30
1042.30
564.64
564.64
129.07
129.07
2769.86
2769.86
101.51
101.51
1117.41
1117.41
135.29
135.29
759.62
759.62
3147.24
3147.24
5149.24
5149.24
1173.74
1173.74
4932.74
4932.74
17.05
17.05
2832.87
2832.87
2376.72
2376.72
35.50
35.50
4726.95
4726.95
93.94
93.94
10.00
10.00
27.21
27.21
19.17
19.17
843.28
843.28
843.28
348.28
445.32
445.32
113.80
113.80
52.46
52.46
268.45
268.45
15.00
15.00
255.16
255.16
93.18
93.18
54.67
54.67
374.20
374.20
550.59
550.59
6529.60
6529.60
52.33
52.33
1701.21
1701.21
2883.61
2883.61
253.55
253.55
253.55
96.06
512.55
512.55
3524.57
3524.57
2221.45
2221.45
5086.79
5086.79
678.70
678.70
126.78
126.78
1688.05
1688.05
2244.45
2244.45
100.47
100.47
1056.33
1056.33
78.25
78.25
1879.45
1879.45
1932.55
1932.55
1932.55
1932.55
1932.55
1932.55
1932.55
1932.55
5595.66
5595.66
5143.12
5143.12
6499.61
6499.61
2096.54
2096.54
801.84
801.84
4478.24
4478.24
4718.31
4718.31
6167.73
6167.73
5768.63
5768.63
1086.39
1086.39
6531.43
6531.43
1323.74
1323.74
6086.18
6086.18
3677.52
3677.52
50.33
50.33
5337.97
5337.97
409.06
409.06
1154.34
1154.34
5610.13
5610.13
1632.65
1632.65
124.37
124.37
1284.40
1284.40
1139.62
1139.62
6477.89
6477.89
77.72
77.72
545.00
545.00
218.60
218.60
5083.79
5083.79
5839.39
5839.39
5711.51
5711.51
6944.81
6944.81
14.88
14.88
155.59
155.59
1818.25
1818.25
7025.42
7025.42
5780.37
5780.37
6032.48
6032.48
1565.57
1565.57
40.66
40.66
3168.57
3168.57
37.94
37.94
5736.32
5736.32
5407.27
5407.27
5505.26
5505.26
2825.87
2825.87
116.96
116.96
75.36
75.36
5857.08
5857.08
168.58
168.58
1095.59
1095.59
27.69
27.69
1796.44
1796.44
157.97
157.97
1065.23
1065.23
6088.92
6088.92
1437.42
1437.42
631.78
631.78
28.24
28.24
34.97
34.97
196.40
196.40
48.74
48.74
140.82
140.82
79.67
79.67
759.91
759.91
2304.61
2304.61
56.87
56.87
346.64
346.64
127.35
127.35
10.00
10.00
214.28
214.28
984.87
984.87
5250.76
5250.76
4676.80
4676.80
565.64
565.64
5078.06
5078.06
1904.11
1904.11
4834.84
4834.84
5620.28
5620.28
1153.75
1153.75
5243.95
5243.95
70.45
70.45
113.98
113.98
1176.71
1176.71
1518.43
1518.43
1518.43
1518.43
4939.21
4939.21
6121.20
6121.20
6176.24
6176.24
1507.11
1507.11
1025.73
1025.73
6083.12
6083.12
3201.11
3201.11
5079.77
5079.77
4746.63
4746.63
1069.42
1069.42
30.64
30.64
3389.98
3389.98
5381.53
5381.53
6133.12
6133.12
1184.12
1184.12
6219.94
6219.94
1108.35
1108.35
32.24
32.24
1037.48
1037.48
2775.47
2775.47
2775.47
2775.47
5456.78
5456.78
5222.23
5222.23
5222.23
5222.23
6155.66
6155.66
3837.14
3837.14
5067.10
5067.10
5465.51
5465.51
2078.05
2078.05
6118.72
6118.72
57.48
57.48
885.93
885.93
5109.98
5109.98
5109.98
5109.98
5109.98
5109.98
5109.98
5109.98
5635.17
5635.17
3647.59
3647.59
4684.66
4684.66
3257.62
3257.62
5766.73
5766.73
5583.99
5583.99
4551.42
4551.42
145.48
145.48
6305.80
6305.80
5551.19
5551.19
6249.80
6249.80
6249.80
6249.80
6249.80
6249.80
6249.80
6249.80
5131.84
5131.84
5072.52
5072.52
5655.31
5655.31
43.46
43.46
1302.74
1302.74
14.37
14.37
4835.68
4835.68
5163.29
5163.29
4912.25
4912.25
5574.00
5574.00
29.59
29.59
971.07
971.07
1669.32
1669.32
1669.32
1669.32
5216.21
5216.21
5216.21
5216.21
14.13
14.13
5553.13
5553.13
4889.02
4889.02
6179.31
6179.31
4962.56
4962.56
4079.41
4079.41
4822.09
4822.09
4798.97
4798.97
5158.04
5158.04
4208.84
4208.84
5100.67
5100.67
171.83
171.83
5457.78
5457.78
1081.07
1081.07
5346.37
5346.37
55.09
55.09
1777.01
1777.01
3066.47
3066.47
4304.43
4304.43
330.53
330.53
144.54
144.54
184.66
184.66
49.14
49.14
847.49
847.49
496.57
496.57
2896.60
2896.60
30.17
30.17
134.36
134.36
535.36
535.36
2790.30
2790.30
1710.37
1710.37
5728.18
5728.18
5160.18
5160.18
86.55
86.55
5017.78
5017.78
50.03
50.03
38.76
38.76
26.51
26.51
4872.08
4872.08
4606.14
4606.14
4606.14
4606.14
4606.14
4606.14
4606.14
4606.14
4606.14
4606.14
1045.08
1045.08
4755.03
4755.03
4541.15
4541.15
5958.45
5958.45
5708.66
5708.66
5708.66
5708.66
5648.85
5648.85
5648.85
5648.85
5053.39
5053.39
5580.49
5580.49
4662.03
4662.03
5024.25
5024.25
4811.08
4811.08
54.45
54.45
54.17
54.17
413.64
413.64
5760.22
5760.22
4859.08
4859.08
4259.25
4259.25
4896.50
4896.50
5368.14
5368.14
1487.18
1487.18
5989.43
5989.43
3827.03
3827.03
5641.55
5641.55
1163.87
1163.87
3293.96
3293.96
3293.96
4154.24
53.42
53.42
5605.66
5605.66
5605.66
4322.10
52.70
52.70
5429.17
5429.17
1405.06
1405.06
5039.24
5039.24
1828.59
1828.59
1345.04
1345.04
383.66
383.66
3602.79
3602.79
4995.11
4995.11
4995.11
4261.92
4512.84
4512.84
10.00
10.00
10.00
5481.73
3039.57
3039.57
5067.96
5067.96
5067.96
4805.50
4805.50
5003.64
5568.28
5568.28
5254.32
5254.32
5254.32
52.72
49.22
49.22
5231.17
5231.17
5231.17
5231.17
5231.17
5231.17
5231.17
5231.17
2572.13
2572.13
2572.13
74.16
40.57
40.57
1316.00
1316.00
1316.00
3083.86
1610.44
1610.44
4726.46
4726.46
4726.46
4993.09
4693.63
4693.63
4649.62
4649.62
4649.62
4649.62
4649.62
4637.19
4526.95
4526.95
1024.27
1024.27
1024.27
2196.37
2196.37
4984.25
1406.56
1406.56
4354.20
4354.20
4354.20
5077.36
5077.36
5285.83
6013.82
6013.82
5931.24
5931.24
6138.13
6138.13
6138.13
5076.47
5076.47
5947.40
1559.76
1559.76
1559.76
3476.09
3476.09
4985.86
4985.86
4985.86
4985.86
4985.86
4985.86
4985.86
4985.86
4893.64
4006.61
4006.61
1278.02
1278.02
1278.02
3998.89
3998.89
3634.54
3839.19
3839.19
4057.03
4057.03
4057.03
4477.45
4477.45
3593.11
4440.31
4440.31
3960.65
3960.65
3960.65
16.49
16.49
4309.02
313.66
313.66
5286.23
5286.23
5286.23
5654.77
5654.77
1042.37
1042.37
1373.45
6067.27
6067.27
6067.27
3537.65
3537.65
6291.00
6284.88
6284.88
6284.88
5767.51
5767.51
1016.06
1016.06
4484.43
1150.01
1150.01
1150.01
6256.01
6256.01
21.32
3766.55
3766.55
3766.55
4951.76
4951.76
51.46
51.46
1343.80
1343.80
5773.94
5773.94
5990.72
5990.72
5358.74
5358.74
5701.58
5701.58
5659.09
6300.26
6300.26
6404.52
6404.52
6404.52
4386.68
4386.68
1042.05
1042.05
3832.80
3832.80
3812.72
3812.72
6180.89
6180.89
6661.94
938.95
938.95
938.95
5770.26
5770.26
6029.44
6029.44
5982.31
5395.61
5395.61
5395.61
5393.98
5393.98
5423.59
5423.59
5828.09
3617.05
3617.05
3617.05
4697.29
4697.29
5416.08
5416.08
5416.08
5416.08
5298.15
5298.15
1739.53
1739.53
6017.18
6017.18
5201.70
5201.70
1069.28
1069.28
4383.22
4383.22
5808.20
5808.20
4803.67
4803.67
4745.24
4745.24
5707.52
5707.52
5233.50
5233.50
36.67
36.67
4669.67
4669.67
45.64
45.64
4861.97
4861.97
6033.73
6033.73
4629.79
4629.79
3034.83
3034.83
1755.34
1755.34
32.27
32.27
5054.23
5054.23
1148.09
1148.09
4147.53
4147.53
5511.28
5511.28
5511.28
5511.28
5810.32
5810.32
5118.77
5118.77
5038.13
5038.13
5038.13
5038.13
1117.99
1117.99
5665.11
5665.11
5603.72
5603.72
5818.50
5818.50
5615.31
5615.31
5720.48
5720.48
5249.04
5249.04
4848.81
4848.81
5476.02
5476.02
3840.46
3840.46
6594.25
6594.25
4317.67
4317.67
5735.63
5735.63
5885.57
5885.57
5196.88
5196.88
5919.48
5919.48
6125.82
6125.82
5997.69
5997.69
6301.73
6301.73
4744.99
4744.99
5802.64
5802.64
54.84
54.84
159.21
159.21
1025.06
1025.06
5033.24
5033.24
4953.67
4953.67
4953.67
4953.67
4864.65
4864.65
1046.57
1046.57
5225.40
5225.40
5225.40
5225.40
5225.40
5225.40
5053.51
5053.51
5387.31
5387.31
1236.88
1236.88
2056.95
2056.95
2406.27
2406.27
47.97
47.97
2424.91
2424.91
2424.91
2424.91
2424.91
2424.91
4955.70
4955.70
4187.17
4187.17
4819.47
4819.47
4146.63
4146.63
4909.11
4909.11
5188.42
5188.42
5193.94
5193.94
5352.10
5352.10
5375.05
5375.05
4952.45
4952.45
4807.80
4807.80
4807.80
4807.80
4807.80
4807.80
4807.80
4807.80
4807.80
4807.80
3879.28
3879.28
5432.98
5432.98
5686.50
5686.50
5295.24
5295.24
4699.69
4699.69
5763.80
5763.80
56.59
56.59
1917.58
1917.58
1917.58
1917.58
1917.58
1917.58
5375.79
5375.79
5281.63
5281.63
5970.22
5970.22
1183.24
1183.24
5875.14
5875.14
5339.52
5339.52
4924.54
4924.54
4850.62
4850.62
4371.50
4371.50
1254.97
1254.97
1438.85
1438.85
5379.06
5379.06
5347.84
5347.84
5750.83
5750.83
118.26
118.26
4159.34
4159.34
5366.65
5366.65
5704.26
5704.26
5527.63
5527.63
6497.47
6497.47
621.67
621.67
10.00
10.00
1064.27
1064.27
737.72
737.72
147.45
147.45
80.32
80.32
397.98
397.98
964.90
964.90
4768.54
4768.54
4572.28
4572.28
2412.18
2412.18
5531.51
5531.51
15.13
15.13
6102.97
6102.97
5876.60
5876.60
2633.29
2633.29
1052.73
1052.73
6109.00
6109.00
3785.77
3785.77
1217.56
1217.56
43.33
43.33
1157.79
1157.79
43.55
43.55
2477.80
2477.80
506.62
506.62
5814.72
5814.72
1103.38
1103.38
29.53
29.53
433.23
433.23
47.14
47.14
44.00
44.00
197.01
197.01
633.84
633.84
1062.11
1062.11
434.67
434.67
105.92
105.92
5819.57
5819.57
2612.77
2612.77
6224.96
6224.96
6311.44
6311.44
6105.83
6105.83
6216.49
6216.49
5953.71
5953.71
1161.02
1161.02
6373.59
6373.59
6030.68
6030.68
6250.76
6250.76
6325.90
6325.90
197.50
197.50
270.81
270.81
1084.98
1084.98
75.40
75.40
1684.22
1684.22
17.65
17.65
60.86
60.86
4993.66
4993.66
6268.34
6268.34
57.56
57.56
616.47
616.47
6585.72
6585.72
3331.86
3331.86
524.27
524.27
20.50
20.50
526.62
526.62
3465.44
3465.44
2429.02
2429.02
56.74
56.74
4476.35
4476.35
4614.98
4614.98
4998.30
4998.30
4527.88
4527.88
30.65
30.65
1740.80
1740.80
1022.42
1022.42
3089.51
3089.51
188.75
188.75
1047.05
1047.05
349.11
349.11
1408.18
1408.18
6325.25
6325.25
6110.38
6110.38
4299.17
4299.17
75.80
75.80
5712.57
5712.57
1403.48
1403.48
6650.48
6650.48
5806.01
5806.01
6340.14
6340.14
6219.36
6219.36
5080.20
5080.20
5987.08
5987.08
2430.44
2430.44
6106.85
6106.85
1103.00
1103.00
2281.11
2281.11
4144.60
4144.60
6272.47
6272.47
6335.78
6335.78
6591.31
6591.31
5048.43
5048.43
1020.60
1020.60
768.74
768.74
6795.89
6795.89
878.71
878.71
1391.54
1391.54
5504.34
5504.34
758.64
758.64
2320.83
2320.83
656.52
656.52
2570.68
2570.68
6334.62
6334.62
5986.65
5986.65
69.11
69.11
2614.85
2614.85
186.17
186.17
1120.33
1120.33
3269.90
3269.90
6899.30
6899.30
5751.73
5751.73
6830.22
6830.22
14.02
14.02
4865.61
4865.61
4940.61
4940.61
5205.59
5205.59
1658.93
1658.93
5108.65
5108.65
118.42
118.42
3159.71
3159.71
1757.66
1757.66
4001.56
4001.56
5916.14
5916.14
125.04
125.04
26.93
26.93
3528.75
3528.75
1115.29
1115.29
59.87
59.87
2557.86
2557.86
317.16
317.16
58.25
58.25
3861.88
3861.88
5475.93
5475.93
6348.94
6348.94
6104.50
6104.50
5210.06
5210.06
5660.25
5660.25
6162.39
6162.39
6282.23
6282.23
5602.26
5602.26
50.77
50.77
3470.81
3470.81
5690.44
5690.44
5395.18
5395.18
6167.72
6167.72
1098.99
1098.99
2179.65
2179.65
5368.73
5368.73
6204.67
6204.67
5969.04
5969.04
116.42
116.42
160.28
160.28
4164.21
4164.21
123.28
123.28
1882.35
1882.35
1136.48
1136.48
1844.60
1844.60
5894.45
5894.45
6638.97
6638.97
48.49
48.49
2118.87
2118.87
567.61
567.61
14.22
14.22
1196.68
1196.68
1019.86
1019.86
115.33
115.33
3203.92
3203.92
3203.92
3203.92
2798.18
2798.18
6185.49
6185.49
6488.01
6488.01
4511.91
4511.91
4776.01
4776.01
2622.56
2622.56
2622.56
2622.56
6470.63
6470.63
6253.29
6253.29
6835.54
6835.54
469.17
469.17
2240.40
2240.40
1816.26
1816.26
5844.23
5844.23
5633.68
5633.68
5920.02
5920.02
5387.17
5387.17
5548.72
5548.72
5548.72
5548.72
5548.72
5548.72
5725.68
5725.68
5749.84
5749.84
5786.30
5786.30
4520.80
4520.80
4520.80
4520.80
5247.79
5247.79
5586.59
5586.59
5482.21
5482.21
4764.78
4764.78
5404.52
5404.52
5635.15
5635.15
1253.29
1253.29
5506.21
5506.21
6716.00
6716.00
5525.45
5525.45
5965.58
5965.58
3758.49
3758.49
3758.49
3758.49
28.87
28.87
6283.30
6283.30
1245.80
1245.80
2386.43
2386.43
5262.01
5262.01
5262.01
5262.01
5262.01
5262.01
2581.53
2581.53
5199.23
5199.23
5199.23
5199.23
4696.18
4696.18
4211.57
4211.57
5558.45
5558.45
5337.30
5337.30
4106.16
4106.16
5126.67
5126.67
5126.67
5126.67
5126.67
5126.67
5126.67
5126.67
5126.67
5126.67
5822.73
5822.73
1050.52
1050.52
5103.69
5103.69
4690.37
4690.37
4690.37
4690.37
4775.27
4775.27
32.43
32.43
4604.33
4604.33
4452.26
4452.26
2602.53
2602.53
2602.53
2602.53
1492.12
1492.12
4746.65
4746.65
5503.34
5503.34
4994.39
4994.39
6068.82
6068.82
5911.92
5911.92
6758.23
6758.23
6758.23
5600.58
4719.21
4719.21
7030.13
7030.13
6139.38
6139.38
3118.79
3118.79
6045.26
6045.26
1660.50
1660.50
856.05
856.05
311.78
311.78
1100.48
1100.48
1100.48
3395.95
38.32
38.32
1810.12
1810.12
1810.12
2394.60
5177.13
5177.13
5931.91
5931.91
19.07
19.07
19.07
5921.84
2219.60
2219.60
1576.53
1576.53
1576.53
3544.11
2071.81
2071.81
6051.09
6051.09
5849.04
5849.04
6152.38
6152.38
5739.04
5739.04
5739.04
1108.99
6267.86
6267.86
6217.47
6217.47
6217.47
15.77
4195.52
4195.52
1981.00
1981.00
411.48
411.48
411.48
1100.71
207.65
207.65
1112.06
1112.06
1112.06
1001.35
440.22
440.22
1064.41
1064.41
1064.41
2967.65
1045.72
1045.72
4744.31
4744.31
4744.31
214.32
5895.12
5895.12
213.90
213.90
5745.95
5745.95
5745.95
2423.58
4428.77
4428.77
4428.77
26.20
26.20
5054.51
515.30
515.30
3616.46
3616.46
3616.46
6397.98
6378.55
6378.55
5404.91
5404.91
5404.91
5903.18
5903.18
2284.25
6476.14
6476.14
6476.14
6125.85
3447.21
3447.21
6089.22
6089.22
6089.22
5944.83
5944.83
6226.64
4469.92
4469.92
4469.92
4469.92
4469.92
6453.79
6453.79
5182.71
533.94
533.94
533.94
3679.55
3679.55
6299.35
4388.33
4388.33
4388.33
18.67
18.67
6228.13
135.64
135.64
50.28
50.28
50.28
296.92
296.92
74.64
366.44
366.44
366.44
165.80
165.80
1153.82
1153.82
1153.82
1153.82
182.17
182.17
315.59
2343.24
156.38
156.38
3119.56
3119.56
157.01
157.01
502.57
275.22
275.22
275.22
49.56
49.56
5655.89
5655.89
5655.89
5655.89
5139.88
5139.88
3442.38
3442.38
1857.36
2640.23
2640.23
2640.23
3756.93
3756.93
6025.11
4482.44
4482.44
4482.44
4974.26
4974.26
4974.26
4875.92
4875.92
4875.92
4875.92
4875.92
4875.92
4875.92
4536.41
4536.41
4536.41
3515.52
4872.13
4872.13
5978.81
5978.81
6466.58
6466.58
2992.90
2992.90
5732.70
5732.70
4115.64
4115.64
4879.97
4879.97
6145.05
6145.05
672.73
672.73
5721.82
5721.82
30.75
30.75
5843.08
5843.08
5843.08
30.80
30.80
30.80
5383.51
5383.51
4906.92
4906.92
3285.65
3285.65
5067.33
5067.33
6494.96
6494.96
5879.81
5879.81
5942.42
5942.42
5107.12
5107.12
5109.27
5109.27
5013.84
5013.84
6081.25
6081.25
6287.17
6287.17
1579.34
1579.34
5639.49
5639.49
1663.51
1663.51
4392.27
4392.27
6048.56
6048.56
6161.37
6161.37
5866.72
5866.72
5538.50
5538.50
5538.50
5538.50
5538.50
5538.50
5719.13
5719.13
6661.18
6661.18
3836.60
3836.60
6074.53
6074.53
5076.36
5076.36
6035.97
6035.97
5949.04
5949.04
5949.04
5949.04
5949.04
5949.04
6108.94
6108.94
6089.64
6089.64
151.87
151.87
5625.67
5625.67
6832.70
6832.70
6428.91
6428.91
1506.41
1506.41
1039.95
1039.95
253.97
253.97
5413.17
5413.17
1146.50
1146.50
3179.92
3179.92
2418.80
2418.80
40.75
40.75
2234.82
2234.82
5184.42
5184.42
1571.43
1571.43
50.88
50.88
131.35
131.35
5941.40
5941.40
722.41
722.41
444.15
444.15
1106.82
1106.82
3239.27
3239.27
548.25
548.25
683.17
683.17
799.36
799.36
106.24
106.24
82.92
82.92
85.35
85.35
558.94
558.94
2461.28
2461.28
2461.28
2461.28
2461.28
2461.28
2461.28
2461.28
5558.82
5558.82
5521.94
5521.94
5182.86
5182.86
5182.86
5182.86
5182.86
5182.86
4288.99
4288.99
28.37
28.37
1966.10
1966.10
689.33
689.33
72.44
72.44
2344.47
2344.47
1092.22
1092.22
84.22
84.22
5731.14
5731.14
5830.47
5830.47
323.80
323.80
136.02
136.02
852.92
852.92
974.98
974.98
5474.72
5474.72
4245.31
4245.31
4584.62
4584.62
41.63
41.63
49.35
49.35
5550.04
5550.04
1715.07
1715.07
5940.15
5940.15
42.34
42.34
969.16
969.16
5422.89
5422.89
7235.98
7235.98
5216.38
5216.38
6268.27
6268.27
4440.35
4440.35
4638.06
4638.06
6127.47
6127.47
4739.44
4739.44
17.86
17.86
54.57
54.57
13.04
13.04
13.65
13.65
1482.57
1482.57
40.00
40.00
2189.59
2189.59
1284.56
1284.56
750.62
750.62
233.20
233.20
1486.76
1486.76
6206.26
6206.26
6399.57
6399.57
6930.82
6930.82
4260.05
4260.05
6420.66
6420.66
5699.85
5699.85
33.69
33.69
19.42
19.42
353.13
353.13
120.17
120.17
19.88
19.88
2207.23
2207.23
4901.54
4901.54
1103.15
1103.15
381.79
381.79
34.03
34.03
5947.69
5947.69
4648.39
4648.39
34.88
34.88
14.31
14.31
6144.89
6144.89
33.49
33.49
5946.24
5946.24
5423.47
5423.47
5921.88
5921.88
5638.31
5638.31
5737.09
5737.09
6189.50
6189.50
1085.15
1085.15
5034.02
5034.02
1047.41
1047.41
650.12
650.12
34.77
34.77
176.21
176.21
17.29
17.29
10.00
10.00
312.99
312.99
97.47
97.47
3907.89
3907.89
95.68
95.68
1244.44
1244.44
5604.61
5604.61
54.04
54.04
1054.58
1054.58
546.54
546.54
39.89
39.89
769.62
769.62
165.61
165.61
204.36
204.36
1062.43
1062.43
52.99
52.99
657.92
657.92
1276.37
1276.37
75.41
75.41
1069.77
1069.77
4842.22
4842.22
5581.99
5581.99
6451.70
6451.70
23.76
23.76
82.35
82.35
199.62
199.62
35.49
35.49
2203.97
2203.97
94.16
94.16
441.86
441.86
1318.31
1318.31
5886.63
5886.63
6336.50
6336.50
656.89
656.89
6156.57
6156.57
5545.26
5545.26
1135.49
1135.49
4567.68
4567.68
5478.99
5478.99
1307.39
1307.39
2083.55
2083.55
5946.60
5946.60
188.88
188.88
1067.45
1067.45
10.00
10.00
469.16
469.16
793.20
793.20
84.17
84.17
71.63
71.63
148.31
148.31
1169.16
1169.16
60.43
60.43
5550.12
5550.12
1030.59
1030.59
782.43
782.43
3899.82
3899.82
5284.05
5284.05
219.35
219.35
5595.08
5595.08
6556.62
6556.62
32.50
32.50
123.74
123.74
1133.42
1133.42
552.39
552.39
103.08
103.08
297.81
297.81
2984.57
2984.57
1061.58
1061.58
128.79
128.79
772.22
772.22
130.52
130.52
537.38
537.38
72.79
72.79
374.94
374.94
71.79
71.79
216.32
216.32
1293.00
1293.00
5895.80
5895.80
6668.72
6668.72
17.59
17.59
5733.43
5733.43
6428.01
6428.01
5112.23
5112.23
6049.02
6049.02
3436.62
3436.62
2014.99
2014.99
53.48
53.48
1772.10
1772.10
199.91
199.91
1898.59
1898.59
5083.56
5083.56
1058.07
1058.07
1580.54
1580.54
6195.39
6195.39
4407.77
4407.77
6058.53
6058.53
2511.62
2511.62
6106.44
6106.44
6036.36
6036.36
6314.27
6314.27
963.03
963.03
18.34
18.34
5922.56
5922.56
1007.53
1007.53
4704.43
4704.43
6346.84
6346.84
6153.23
6153.23
484.23
484.23
994.62
994.62
864.14
864.14
6139.35
6139.35
6419.39
6419.39
1293.84
1293.84
5612.98
5612.98
2039.88
2039.88
2411.01
2411.01
106.83
106.83
4802.75
4802.75
5674.46
5674.46
1134.83
1134.83
15.29
15.29
56.25
56.25
2955.38
2955.38
633.52
633.52
3407.69
3407.69
21.26
21.26
108.02
108.02
5752.13
5752.13
6051.06
6051.06
5421.56
5421.56
5940.80
5940.80
4531.68
4531.68
4531.27
4531.27
1121.37
1121.37
2076.46
2076.46
164.08
164.08
57.12
57.12
240.92
240.92
16.25
16.25
5552.47
5552.47
6184.07
6184.07
1114.10
1114.10
141.95
141.95
2194.56
2194.56
50.92
50.92
5486.65
5486.65
2713.72
2713.72
5510.43
5510.43
5678.38
5678.38
6368.63
6368.63
5651.07
5651.07
6295.63
6295.63
6010.04
6010.04
2646.28
2646.28
6119.30
6119.30
5494.89
5494.89
6211.85
6211.85
2048.78
2048.78
4599.29
4599.29
4496.29
4496.29
5736.92
5736.92
6428.35
6428.35
5540.48
5540.48
5973.40
5973.40
5355.79
5355.79
5841.14
5841.14
3396.53
3396.53
116.83
116.83
2499.86
2499.86
5324.31
5324.31
5745.45
5745.45
4697.68
4697.68
5069.94
5069.94
5754.49
5754.49
4931.95
4931.95
4931.95
4931.95
4716.76
4716.76
5588.43
5588.43
5818.10
5818.10
5511.93
5511.93
4483.47
4483.47
5633.44
5633.44
5633.44
5633.44
5633.44
5633.44
5645.86
5645.86
4822.51
4822.51
5252.49
5252.49
5775.90
5775.90
299.35
299.35
5998.37
5998.37
1458.84
1458.84
5306.74
5306.74
6117.32
6117.32
1742.19
1742.19
6797.41
6797.41
5412.31
5412.31
6362.75
6362.75
5555.54
5555.54
6060.35
6060.35
6243.62
6243.62
1192.15
1192.15
5880.17
5880.17
5955.23
5955.23
6703.72
6703.72
6319.33
6319.33
5777.68
5777.68
5777.68
5777.68
6110.67
6110.67
5894.83
5894.83
6305.51
6305.51
5088.40
5088.40
4906.24
4906.24
6108.92
6108.92
6219.49
6219.49
5354.08
5354.08
5551.78
5551.78
6389.26
6389.26
5122.99
5122.99
968.52
968.52
2314.56
2314.56
5664.35
5664.35
5664.35
5664.35
5203.64
5203.64
5541.83
5541.83
5684.32
5684.32
5684.32
5684.32
5365.48
5365.48
2056.08
2056.08
6021.38
6021.38
6021.38
4573.64
4573.64
4573.64
4573.64
4573.64
6109.14
6109.14
5746.71
5746.71
5941.70
5941.70
5794.69
5794.69
3665.19
3665.19
184.33
184.33
184.33
44.52
132.28
132.28
803.57
803.57
803.57
24.01
1564.80
1564.80
5343.07
5343.07
126.49
126.49
6189.51
6189.51
429.89
429.89
77.90
77.90
77.90
900.84
5272.97
5272.97
4884.64
4884.64
356.00
356.00
356.00
17.39
17.39
142.42
1143.74
1143.74
1143.74
971.56
239.06
239.06
1530.62
1530.62
1530.62
77.52
18.19
18.19
6005.64
6005.64
6005.64
5323.21
2446.13
2446.13
3221.57
3221.57
14.99
14.99
14.99
1516.20
6474.75
6474.75
2492.12
2492.12
2492.12
100.91
78.67
78.67
6550.15
6550.15
6550.15
3964.67
3964.67
157.31
20.33
20.33
20.33
72.43
72.43
57.78
430.10
430.10
430.10
301.82
301.82
18.19
49.45
49.45
49.45
6272.91
6272.91
5113.95
5195.45
5195.45
5195.45
1067.92
1067.92
6301.85
4838.73
4838.73
4838.73
311.67
311.67
1212.54
1212.54
698.96
103.60
103.60
103.60
191.11
191.11
309.67
4639.12
4639.12
4639.12
1768.52
1768.52
4817.63
4009.22
4009.22
4009.22
4906.68
4906.68
4861.47
4489.95
4489.95
271.74
271.74
271.74
5891.87
5891.87
52.17
1086.86
1086.86
1086.86
3123.25
3123.25
3564.97
2013.82
2013.82
2013.82
3322.85
3322.85
2619.66
15.65
15.65
15.65
4104.17
4104.17
3384.69
4934.97
4934.97
4934.97
395.05
395.05
5181.43
5181.43
4228.83
5499.09
5499.09
5499.09
2300.06
2300.06
2203.71
266.51
266.51
266.51
6010.75
6010.75
143.03
143.03
156.24
895.99
895.99
895.99
36.49
36.49
351.32
351.32
143.39
143.39
1048.47
1048.47
146.32
2987.60
2987.60
2987.60
54.08
54.08
68.26
68.26
99.07
99.07
60.87
60.87
1093.86
1093.86
53.63
53.63
5742.76
5742.76
4499.65
4499.65
1524.38
1524.38
1039.28
1039.28
517.83
517.83
6098.26
6098.26
107.99
107.99
1418.24
1418.24
281.37
281.37
859.02
859.02
1141.46
1141.46
5997.05
5997.05
141.63
141.63
338.59
338.59
70.08
70.08
2876.17
2876.17
255.75
255.75
19.04
19.04
594.92
594.92
5686.70
5686.70
5969.03
5969.03
5489.07
5489.07
1086.19
1086.19
5664.98
5664.98
72.56
72.56
581.23
581.23
3505.54
3505.54
10.00
10.00
1267.03
1267.03
1267.03
1267.03
6403.83
6403.83
16.12
16.12
1013.30
1013.30
5661.08
5661.08
6251.10
6251.10
5920.53
5920.53
5653.65
5653.65
24.88
24.88
5199.60
5199.60
4926.18
4926.18
4926.18
4926.18
5638.76
5638.76
5602.79
5602.79
4894.41
4894.41
5907.64
5907.64
4756.53
4756.53
5238.62
5238.62
760.11
760.11
10.00
10.00
5845.31
5845.31
5845.31
5845.31
5845.31
5845.31
4702.09
4702.09
6113.40
6113.40
5167.77
5167.77
4254.65
4254.65
5631.07
5631.07
5631.07
5631.07
5631.07
5631.07
4832.72
4832.72
4659.99
4659.99
4674.17
4674.17
5125.43
5125.43
5494.24
5494.24
5748.67
5748.67
5362.51
5362.51
5362.51
5362.51
51.46
51.46
5942.28
5942.28
5532.68
5532.68
5028.58
5028.58
5616.57
5616.57
76.03
76.03
1027.75
1027.75
5061.46
5061.46
5309.73
5309.73
5944.82
5944.82
6321.26
6321.26
5259.48
5259.48
5259.48
5259.48
5259.48
5259.48
6026.93
6026.93
6238.68
6238.68
6637.15
6637.15
6162.32
6162.32
6087.20
6087.20
6444.94
6444.94
5640.27
5640.27
4891.02
4891.02
4891.02
4891.02
4891.02
4891.02
4891.02
4891.02
5743.35
5743.35
5930.48
5930.48
5634.52
5634.52
5447.96
5447.96
5704.44
5704.44
5589.47
5589.47
6017.51
6017.51
4823.26
4823.26
5221.77
5221.77
1096.66
1096.66
4301.68
4301.68
990.42
990.42
58.88
58.88
5218.79
5218.79
2169.36
2169.36
6237.68
6237.68
5600.07
5600.07
5980.29
5980.29
259.99
259.99
1128.93
1128.93
887.94
887.94
1529.30
1529.30
367.82
367.82
305.56
305.56
451.78
451.78
18.72
18.72
60.56
60.56
1747.62
1747.62
4047.50
4047.50
6286.73
6286.73
4415.21
4415.21
2139.49
2139.49
5128.86
5128.86
2051.59
2051.59
1601.67
1601.67
5992.74
5992.74
142.38
142.38
2071.39
2071.39
1092.71
1092.71
5502.40
5502.40
6274.94
6274.94
6361.51
6361.51
1149.57
1149.57
5976.16
5976.16
94.16
94.16
1096.10
1096.10
2138.70
2138.70
5589.88
5589.88
5938.71
5938.71
2216.68
2216.68
6054.84
6054.84
6500.55
6500.55
696.41
696.41
5038.03
5038.03
417.64
417.64
26.34
26.34
559.95
559.95
1030.21
1030.21
159.26
159.26
5744.94
5744.94
5933.73
5933.73
3545.90
3545.90
53.04
53.04
3194.02
3194.02
58.49
58.49
493.67
493.67
158.71
158.71
4131.82
4131.82
4214.36
4214.36
4105.86
4105.86
3951.28
3951.28
1283.44
1283.44
500.11
500.11
27.69
27.69
4183.44
4183.44
4937.85
4937.85
5565.30
5565.30
5565.30
5565.30
5565.30
5565.30
5930.93
5930.93
5513.40
5513.40
4761.17
4761.17
2786.38
2786.38
3637.78
3637.78
435.77
435.77
3656.37
3656.37
5680.80
5680.80
5643.53
5643.53
4077.85
4077.85
1202.51
1202.51
6901.11
6901.11
1133.61
1133.61
5669.56
5669.56
6137.66
6137.66
6056.00
6056.00
76.77
76.77
12.96
12.96
5121.09
5121.09
17.06
17.06
1724.59
1724.59
119.39
119.39
141.06
141.06
5721.46
5721.46
34.67
34.67
4422.45
4422.45
1114.57
1114.57
3567.59
3567.59
18.63
18.63
495.94
495.94
188.22
188.22
1064.82
1064.82
1472.95
1472.95
189.25
189.25
4278.44
4278.44
14.57
14.57
4116.35
4116.35
926.41
926.41
1106.30
1106.30
17.04
17.04
356.28
356.28
299.13
299.13
4908.38
4908.38
5613.91
5613.91
6271.63
6271.63
5902.39
5902.39
6231.94
6231.94
1134.74
1134.74
477.30
477.30
1728.69
1728.69
48.71
48.71
121.38
121.38
431.09
431.09
378.36
378.36
5530.09
5530.09
33.18
33.18
70.58
70.58
3401.11
3401.11
590.88
590.88
6530.32
6530.32
50.30
50.30
6290.89
6290.89
1058.95
1058.95
441.58
441.58
2014.40
2014.40
29.51
29.51
1721.25
1721.25
4308.15
4308.15
5750.63
5750.63
6129.06
6129.06
514.46
514.46
26.47
26.47
1663.08
1663.08
730.05
730.05
17.93
17.93
1062.31
1062.31
1141.98
1141.98
460.12
460.12
47.43
47.43
74.58
74.58
17.07
17.07
6633.24
6633.24
342.51
342.51
104.03
104.03
3672.17
3672.17
412.91
412.91
273.36
273.36
93.05
93.05
73.41
73.41
36.24
36.24
371.54
371.54
10.00
10.00
21.77
21.77
124.58
124.58
597.06
597.06
222.72
222.72
895.55
895.55
3221.70
3221.70
1087.28
1087.28
6808.37
6808.37
6266.51
6266.51
5667.77
5667.77
6898.52
6898.52
232.62
232.62
20.56
20.56
1090.16
1090.16
2080.28
2080.28
179.78
179.78
1909.90
1909.90
28.84
28.84
2566.90
2566.90
2275.80
2275.80
219.12
219.12
139.55
139.55
4324.02
4324.02
3967.93
3967.93
658.93
658.93
6621.52
6621.52
6133.26
6133.26
3714.29
3714.29
6328.21
6328.21
157.99
157.99
1066.90
1066.90
5693.95
5693.95
107.00
107.00
147.64
147.64
4813.20
4813.20
6591.94
6591.94
113.70
113.70
51.62
51.62
192.69
192.69
26.09
26.09
46.92
46.92
210.37
210.37
1110.74
1110.74
10.00
10.00
130.78
130.78
2029.73
2029.73
1180.96
1180.96
34.26
34.26
19.87
19.87
1006.00
1006.00
4782.86
4782.86
170.48
170.48
2108.11
2108.11
5835.77
5835.77
17.66
17.66
1697.00
1697.00
116.16
116.16
18.25
18.25
2076.99
2076.99
3718.35
3718.35
42.27
42.27
5366.61
5366.61
6010.80
6010.80
5819.65
5819.65
4647.30
4647.30
3371.36
3371.36
3288.29
3288.29
332.81
332.81
907.34
907.34
523.85
523.85
81.92
81.92
192.04
192.04
5246.32
5246.32
15.78
15.78
897.11
897.11
566.95
566.95
3235.00
3235.00
228.33
228.33
1083.96
1083.96
56.97
56.97
60.33
60.33
2055.98
2055.98
61.78
61.78
1090.06
1090.06
1242.12
1242.12
1142.65
1142.65
5561.42
5561.42
1332.58
1332.58
5115.78
5115.78
6291.66
6291.66
1122.03
1122.03
290.63
290.63
2861.19
2861.19
6184.03
6184.03
5134.23
5134.23
76.35
76.35
494.52
494.52
34.17
34.17
652.26
652.26
4436.65
4436.65
838.54
838.54
6114.43
6114.43
1138.56
1138.56
75.07
75.07
5624.12
5624.12
1693.07
1693.07
5884.17
5884.17
5710.26
5710.26
71.85
71.85
6257.40
6257.40
150.68
150.68
6240.53
6240.53
3651.62
3651.62
30.86
30.86
1147.43
1147.43
4620.00
4620.00
313.96
313.96
10.00
10.00
4999.69
4999.69
237.64
237.64
1692.45
1692.45
6149.04
6149.04
4805.39
4805.39
59.39
59.39
4481.61
4481.61
173.16
173.16
76.43
76.43
5085.20
5085.20
4425.68
4425.68
3067.45
3067.45
3067.45
617.83
14.12
14.12
6261.88
6261.88
6261.88
2242.58
2967.77
2967.77
5444.66
5444.66
51.47
51.47
51.47
2036.55
3106.08
3106.08
3871.05
3871.05
5897.43
5897.43
3984.74
3984.74
5779.19
5779.19
6374.67
6374.67
3373.06
3373.06
75.72
75.72
75.72
220.25
220.25
2293.79
4809.98
4809.98
6387.80
6387.80
6387.80
4468.67
4468.67
3322.39
5845.38
5845.38
138.78
138.78
138.78
1543.22
1543.22
1209.98
945.85
945.85
1101.56
1101.56
1101.56
119.05
749.32
749.32
762.86
762.86
762.86
1293.30
1096.90
1096.90
4519.88
4519.88
1065.64
1065.64
1065.64
190.71
6177.33
6177.33
2435.39
2435.39
6309.48
6309.48
6309.48
1027.14
261.63
261.63
5579.42
5579.42
29.56
29.56
78.43
78.43
78.43
33.12
33.12
2790.99
1120.90
1120.90
5530.38
5530.38
5530.38
3561.75
3561.75
74.30
1340.06
1340.06
1340.06
18.19
530.38
530.38
3814.46
3814.46
3814.46
193.54
193.54
10.00
40.80
40.80
40.80
28.48
28.48
21.25
21.25
56.96
54.48
54.48
54.48
28.41
28.41
28.41
28.39
28.39
28.39
61.91
15.36
1353.16
302.01
302.01
302.01
703.67
703.67
34.49
583.98
583.98
583.98
1026.85
1026.85
184.06
119.69
119.69
119.69
192.41
192.41
1668.34
1668.34
28.47
80.98
80.98
80.98
4707.35
4707.35
2045.99
2045.99
3050.88
35.31
35.31
35.31
223.79
1415.93
1415.93
10.00
10.00
10.00
1356.89
959.51
959.51
959.51
3231.12
1050.48
1050.48
1050.48
4191.17
4191.17
726.20
726.20
5629.87
5629.87
753.54
753.54
5830.53
5830.53
5949.13
5949.13
5519.68
5519.68
5693.50
5693.50
6217.94
6217.94
5163.37
5163.37
6496.59
6496.59
5293.31
5293.31
5997.22
5997.22
6162.43
6162.43
235.27
235.27
5332.42
5332.42
900.38
900.38
509.97
509.97
1098.10
1098.10
5943.03
5943.03
6317.41
6317.41
5222.27
5222.27
81.42
81.42
6115.05
6115.05
5957.07
5957.07
4450.04
4450.04
3117.32
3117.32
236.18
236.18
5511.78
5511.78
5809.45
5809.45
3531.48
3531.48
6229.55
6229.55
4964.46
4964.46
5925.86
5925.86
5584.81
5584.81
3308.72
3308.72
4494.50
4494.50
234.02
234.02
600.15
600.15
4543.92
4543.92
1127.17
1127.17
181.79
181.79
1126.91
1126.91
533.04
533.04
39.80
39.80
4778.15
4778.15
15.68
15.68
5618.38
5618.38
6484.12
6484.12
5683.08
5683.08
5655.61
5655.61
6249.67
6249.67
1105.68
1105.68
4496.74
4496.74
4496.74
4496.74
5890.72
5890.72
6103.38
6103.38
5300.55
5300.55
5300.55
5300.55
5300.55
5300.55
5708.44
5708.44
4476.30
4476.30
1297.78
1297.78
5096.59
5096.59
5289.15
5289.15
4497.51
4497.51
5411.53
5411.53
5411.53
5411.53
3206.36
3206.36
5997.45
5997.45
287.27
287.27
1556.47
1556.47
4576.01
4576.01
1710.90
1710.90
28.53
28.53
234.92
234.92
1943.17
1943.17
4368.15
4368.15
5678.08
5678.08
2133.50
2133.50
4240.88
4240.88
61.22
61.22
1361.33
1361.33
1921.33
1921.33
5650.88
5650.88
5650.88
5650.88
5650.88
5650.88
5650.88
5650.88
5650.88
5650.88
5921.82
5921.82
51.18
51.18
5631.23
5631.23
5455.46
5455.46
5634.97
5634.97
5634.97
5634.97
5634.97
5634.97
5634.97
5634.97
5634.97
5634.97
5584.72
5584.72
6554.45
6554.45
2946.16
2946.16
4676.91
4676.91
6495.76
6495.76
5885.49
5885.49
4636.07
4636.07
5829.72
5829.72
4144.84
4144.84
5748.72
5748.72
5132.53
5132.53
5132.53
5132.53
6048.99
6048.99
6048.99
6048.99
6048.99
6048.99
5342.74
5342.74
5859.04
5859.04
5859.04
5859.04
5029.89
5029.89
7301.66
7301.66
3319.52
3319.52
72.65
72.65
70.43
70.43
17.08
17.08
1561.83
1561.83
6722.42
6722.42
447.75
447.75
209.96
209.96
53.20
53.20
487.84
487.84
1618.52
1618.52
5930.89
5930.89
5965.36
5965.36
1063.76
1063.76
6351.16
6351.16
5812.27
5812.27
718.05
718.05
6295.82
6295.82
14.60
14.60
544.30
544.30
126.81
126.81
473.76
473.76
103.05
103.05
121.55
121.55
1431.89
1431.89
5791.89
5791.89
10.62
10.62
4321.38
4321.38
1013.08
1013.08
4703.24
4703.24
1128.64
1128.64
4904.92
4904.92
6481.98
6481.98
5080.88
5080.88
5471.18
5471.18
4065.47
4065.47
744.83
744.83
14.37
14.37
93.96
93.96
135.59
135.59
3535.85
3535.85
2503.66
2503.66
35.04
35.04
5038.57
5038.57
1016.66
1016.66
6084.85
6084.85
5334.84
5334.84
3436.47
3436.47
224.86
224.86
35.77
35.77
213.65
213.65
213.65
296.16
56.76
56.76
3824.25
3824.25
1110.25
1110.25
646.37
646.37
5304.75
5304.75
787.28
787.28
3613.30
3613.30
3903.56
3903.56
1437.64
1437.64
739.67
739.67
111.12
111.12
72.00
72.00
46.83
46.83
36.33
36.33
55.86
55.86
2046.22
2046.22
1011.34
1011.34
274.62
274.62
3765.62
3765.62
3114.12
3114.12
1050.93
1050.93
1109.17
1109.17
5432.88
5432.88
1136.03
1136.03
5734.89
5734.89
5866.60
5866.60
121.55
121.55
4403.81
4403.81
3836.67
3836.67
3461.93
3461.93
685.08
685.08
42.34
42.34
2500.38
2500.38
74.97
74.97
6570.94
6570.94
6312.26
6312.26
5676.27
5676.27
3829.24
3829.24
6119.64
6119.64
5401.67
5401.67
1134.34
1134.34
1366.81
1366.81
5914.69
5914.69
2757.51
2757.51
742.03
742.03
6281.33
6281.33
215.30
215.30
5219.06
5219.06
5071.67
5071.67
1528.88
1528.88
1095.53
1095.53
5730.05
5730.05
1088.96
1088.96
6019.94
6019.94
332.92
332.92
2086.95
2086.95
5828.93
5828.93
2005.63
2005.63
114.43
114.43
185.88
185.88
243.63
243.63
26.92
26.92
520.38
520.38
363.21
363.21
641.73
641.73
10.00
10.00
108.46
108.46
140.49
140.49
142.83
142.83
1099.14
1099.14
202.53
202.53
1931.17
1931.17
5129.90
5129.90
4471.87
4471.87
2197.38
2197.38
1277.88
1277.88
894.39
894.39
31.64
31.64
4551.99
4551.99
6070.17
6070.17
153.20
153.20
2795.84
2795.84
13.75
13.75
1074.39
1074.39
1353.42
1353.42
5782.29
5782.29
843.98
843.98
2546.99
2546.99
1117.54
1117.54
102.66
102.66
6441.42
6441.42
6045.29
6045.29
653.51
653.51
4991.28
4991.28
412.93
412.93
1088.74
1088.74
37.82
37.82
37.22
37.22
48.29
48.29
224.34
224.34
105.83
105.83
110.48
110.48
268.75
268.75
309.95
309.95
60.84
60.84
3203.65
3203.65
4082.63
4082.63
3695.10
3695.10
3094.05
3094.05
3468.67
3468.67
4064.78
4064.78
5272.98
5272.98
2108.34
2108.34
188.64
188.64
16.02
16.02
198.53
198.53
194.74
194.74
78.03
78.03
202.73
202.73
2485.02
2485.02
4620.49
4620.49
4886.14
4886.14
3985.87
3985.87
5896.80
5896.80
5423.64
5423.64
5571.71
5571.71
6090.57
6090.57
6371.72
6371.72
5929.53
5929.53
5929.53
5929.53
5107.83
5107.83
5007.12
5007.12
5700.53
5700.53
5700.53
5700.53
5700.53
5700.53
5215.41
5215.41
5215.41
5215.41
5215.41
5215.41
5931.40
5931.40
4274.17
4274.17
5954.89
5954.89
5954.89
5954.89
4796.26
4796.26
6124.65
6124.65
5955.43
5955.43
5955.43
5955.43
4693.86
4693.86
3313.11
3313.11
5658.17
5658.17
3362.73
3362.73
5742.86
5742.86
5289.60
5289.60
5289.60
5289.60
5597.06
5597.06
221.98
221.98
5263.21
5263.21
5482.89
5482.89
6051.38
6051.38
1046.66
1046.66
5485.07
5485.07
5674.24
5674.24
5674.24
5674.24
5674.24
5674.24
51.23
51.23
4672.35
4672.35
6261.20
6261.20
5804.47
5804.47
6219.77
6219.77
5676.37
5676.37
5719.73
5719.73
315.08
315.08
4022.72
4022.72
4364.58
4364.58
5633.76
5633.76
5985.02
5985.02
5200.85
5200.85
5472.66
5472.66
4816.43
4816.43
5195.95
5195.95
5195.95
5195.95
5195.95
5195.95
4663.90
4663.90
5847.13
5847.13
5847.13
5847.13
5847.13
5847.13
5847.13
5847.13
5033.11
5033.11
5551.05
5551.05
478.39
478.39
5741.74
5741.74
5691.50
5691.50
5554.73
5554.73
6000.49
6000.49
6105.64
6105.64
4032.23
4032.23
61.25
61.25
6057.29
6057.29
597.53
597.53
1966.31
1966.31
6451.21
6451.21
809.77
809.77
26.70
26.70
73.66
73.66
48.77
48.77
2776.20
2776.20
6070.48
6070.48
6177.02
6177.02
6109.56
6109.56
1037.40
1037.40
4710.18
4710.18
5832.63
5832.63
6545.59
6545.59
2913.97
2913.97
5116.50
5116.50
217.24
217.24
5438.82
5438.82
93.77
93.77
5658.46
5658.46
182.00
182.00
292.26
292.26
1251.72
1251.72
2676.32
2676.32
3714.26
3714.26
4916.72
4916.72
3368.47
3368.47
6378.75
6378.75
4890.47
4890.47
6193.80
6193.80
222.32
222.32
339.48
339.48
141.06
141.06
829.38
829.38
58.54
58.54
1874.45
1874.45
16.47
16.47
6160.26
6160.26
3764.15
3764.15
103.85
103.85
1724.64
1724.64
105.78
105.78
105.78
167.66
1870.81
1870.81
5506.45
5506.45
5582.26
5582.26
5582.26
6249.05
823.02
823.02
5920.78
5920.78
5920.78
6334.95
4291.47
4291.47
5144.88
5144.88
6089.73
6089.73
4724.31
4724.31
1257.84
1257.84
4428.79
4428.79
5463.33
5463.33
670.65
670.65
53.19
53.19
53.19
208.99
208.99
149.65
294.75
294.75
294.75
76.61
4869.65
4869.65
1674.26
1674.26
1137.59
1137.59
1137.59
830.30
81.14
81.14
1539.67
1539.67
1539.67
406.11
406.11
56.91
187.53
187.53
23.90
23.90
23.90
304.86
267.52
267.52
293.85
293.85
293.85
10.00
10.00
10.00
456.39
19.48
19.48
273.31
273.31
574.61
421.82
421.82
6369.66
6369.66
5921.08
5921.08
6302.60
6302.60
6302.60
6302.60
6302.60
6284.21
6284.21
6290.32
218.98
218.98
218.98
6083.52
6083.52
753.62
1322.43
1322.43
1322.43
313.28
313.28
211.86
1592.43
1592.43
5978.56
5978.56
5978.56
2700.56
2700.56
5611.14
6796.18
6796.18
6796.18
887.07
887.07
2684.92
1108.29
1108.29
1108.29
5035.05
5035.05
6331.43
3966.88
3966.88
3966.88
6388.15
6388.15
2525.87
5426.80
5426.80
5426.80
6466.37
6466.37
6044.03
6044.03
885.72
885.72
5984.32
5984.32
1850.81
1850.81
63.22
63.22
6164.98
84.52
84.52
84.52
2742.13
2742.13
3993.53
3993.53
2373.96
2373.96
260.77
260.77
16.70
16.70
585.18
55.16
55.16
55.16
326.97
326.97
2113.30
6684.99
6684.99
6684.99
5878.21
5878.21
5375.39
5375.39
6224.27
109.59
109.59
109.59
6096.80
6096.80
4773.12
1106.77
1106.77
1106.77
5544.21
5544.21
6274.48
6274.48
4215.42
4215.42
6828.86
6828.86
1064.00
1064.00
63.59
63.59
130.24
130.24
850.27
850.27
627.82
627.82
211.41
211.41
377.31
377.31
2101.85
2101.85
100.71
100.71
280.61
280.61
85.19
85.19
28.43
28.43
86.03
86.03
127.42
127.42
2738.09
2738.09
3426.71
3426.71
469.74
469.74
11.20
11.20
2964.06
2964.06
131.14
131.14
963.23
963.23
402.30
402.30
198.12
198.12
5843.72
5843.72
16.04
16.04
666.94
666.94
71.00
71.00
5374.55
5374.55
2070.61
2070.61
28.49
28.49
2005.59
2005.59
1057.66
1057.66
224.16
224.16
402.72
402.72
360.51
360.51
77.05
77.05
49.45
49.45
877.69
877.69
58.52
58.52
6012.73
6012.73
148.03
148.03
53.70
53.70
5602.74
5602.74
78.02
78.02
101.56
101.56
182.72
182.72
163.51
163.51
167.61
167.61
1121.91
1121.91
99.28
99.28
1083.01
1083.01
5787.59
5787.59
5920.62
5920.62
2489.74
2489.74
2606.54
2606.54
16.65
16.65
2232.03
2232.03
501.38
501.38
5336.57
5336.57
3839.18
3839.18
1363.26
1363.26
4977.07
4977.07
1097.73
1097.73
533.56
533.56
5449.98
5449.98
5002.77
5002.77
51.39
51.39
3201.75
3201.75
3764.82
3764.82
453.38
453.38
164.16
164.16
723.11
723.11
1089.86
1089.86
38.62
38.62
3402.69
3402.69
1269.94
1269.94
17.37
17.37
996.13
996.13
2642.99
2642.99
4774.45
4774.45
147.46
147.46
1053.13
1053.13
71.45
71.45
345.92
345.92
384.09
384.09
72.82
72.82
1094.33
1094.33
24.04
24.04
35.18
35.18
3001.60
3001.60
2056.92
2056.92
14.86
14.86
293.77
293.77
547.28
547.28
79.77
79.77
37.37
37.37
47.58
47.58
1233.70
1233.70
1061.83
1061.83
5969.94
5969.94
5802.88
5802.88
6247.82
6247.82
4423.17
4423.17
1057.79
1057.79
6439.08
6439.08
5897.77
5897.77
5298.10
5298.10
6465.91
6465.91
6506.69
6506.69
5850.36
5850.36
1046.76
1046.76
3637.36
3637.36
2298.11
2298.11
1736.89
1736.89
385.04
385.04
58.45
58.45
272.72
272.72
10.00
10.00
5126.78
5126.78
58.24
58.24
933.46
933.46
6666.88
6666.88
1064.79
1064.79
76.59
76.59
4650.95
4650.95
774.78
774.78
211.94
211.94
16.80
16.80
411.44
411.44
1306.68
1306.68
32.86
32.86
215.19
215.19
1024.05
1024.05
6258.05
6258.05
1047.91
1047.91
344.37
344.37
1667.22
1667.22
63.30
63.30
6662.74
6662.74
33.34
33.34
275.55
275.55
1886.61
1886.61
167.67
167.67
119.11
119.11
78.36
78.36
99.84
99.84
1103.24
1103.24
402.13
402.13
57.83
57.83
759.56
759.56
5919.80
5919.80
1156.81
1156.81
23.72
23.72
30.11
30.11
443.69
443.69
248.53
248.53
6072.32
6072.32
193.68
193.68
1134.88
1134.88
100.76
100.76
2406.10
2406.10
2443.08
2443.08
5226.98
5226.98
6111.65
6111.65
386.71
386.71
5588.92
5588.92
5755.08
5755.08
5586.40
5586.40
5997.92
5997.92
2670.61
2670.61
5311.76
5311.76
5617.40
5617.40
2674.88
2674.88
5891.21
5891.21
4651.07
4651.07
4975.41
4975.41
5326.91
5326.91
5087.25
5087.25
6093.55
6093.55
5476.18
5476.18
1530.85
1530.85
4810.78
4810.78
4404.97
4404.97
67.31
67.31
5881.10
5881.10
6633.63
6633.63
5947.21
5947.21
5000.96
5000.96
5525.93
5525.93
5525.93
5525.93
5014.07
5014.07
5693.70
5693.70
5128.89
5128.89
5908.47
5908.47
5018.94
5018.94
6439.78
6439.78
5442.52
5442.52
5442.52
5442.52
4927.26
4927.26
5338.23
5338.23
5823.00
5823.00
5270.24
5270.24
6669.77
6669.77
4876.23
4876.23
6093.29
6093.29
969.50
969.50
6905.34
6905.34
6905.34
6905.34
6905.34
6905.34
6078.86
6078.86
5949.25
5949.25
5207.38
5207.38
5207.38
5207.38
773.31
773.31
5746.81
5746.81
6569.32
6569.32
6198.36
6198.36
6034.60
6034.60
5449.05
5449.05
4834.73
4834.73
6197.18
6197.18
6197.18
6197.18
6296.05
6296.05
6123.32
6123.32
5528.45
5528.45
6053.08
6053.08
5733.19
5733.19
46.37
46.37
76.11
76.11
935.26
935.26
1072.24
1072.24
3537.71
3537.71
51.49
51.49
60.11
60.11
178.36
178.36
4079.62
4079.62
5149.61
5149.61
5183.20
5183.20
5919.23
5919.23
680.42
680.42
78.19
78.19
401.92
401.92
91.92
91.92
597.38
597.38
6752.81
6752.81
5226.71
5226.71
6300.44
6300.44
1121.86
1121.86
47.93
47.93
4945.07
4945.07
4945.07
4945.07
4945.07
4945.07
4945.07
4945.07
4945.07
4945.07
4945.07
4945.07
5533.23
5533.23
5201.16
5201.16
5238.69
5238.69
2703.38
2703.38
5335.86
5335.86
4986.20
4986.20
5750.34
5750.34
4616.74
4616.74
4540.15
4540.15
56.90
56.90
320.76
320.76
4986.35
4986.35
57.22
57.22
1076.03
1076.03
5635.52
5635.52
5041.04
5041.04
978.47
978.47
2299.91
2299.91
5564.17
5564.17
1747.63
1747.63
238.44
238.44
3824.59
3824.59
275.41
275.41
51.79
51.79
144.79
144.79
351.13
351.13
4999.01
4999.01
481.15
481.15
2189.34
2189.34
57.34
57.34
6282.32
6282.32
784.83
784.83
5960.67
5960.67
2028.40
2028.40
6241.80
6241.80
6167.27
6167.27
37.82
37.82
3498.07
3498.07
27.64
27.64
1432.80
1432.80
4275.61
4275.61
5974.51
5974.51
4691.50
4691.50
2229.43
2229.43
2950.76
2950.76
6308.25
6308.25
4891.66
4891.66
5243.89
5243.89
4549.49
4549.49
3166.88
3166.88
4108.58
4108.58
5622.23
5622.23
3111.62
3111.62
4420.99
4420.99
4966.31
4966.31
4305.95
4305.95
158.83
158.83
1368.68
1368.68
121.01
121.01
121.01
121.01
17.75
229.30
229.30
10.00
10.00
53.68
193.99
193.99
175.31
175.31
1118.98
1118.98
4691.33
4691.33
2591.22
2591.22
5927.12
5927.12
809.99
809.99
631.32
631.32
3288.88
3288.88
5571.61
5571.61
75.04
75.04
3788.40
3788.40
171.09
171.09
368.89
368.89
1087.67
1087.67
55.86
55.86
461.86
461.86
1920.87
1920.87
15.03
15.03
19.11
19.11
52.05
52.05
4211.72
4211.72
406.88
406.88
837.54
837.54
5417.00
5417.00
5527.53
5527.53
4313.66
4313.66
5882.95
5882.95
4789.81
4789.81
5270.53
5270.53
2432.42
2432.42
33.42
33.42
949.20
949.20
818.49
818.49
292.71
292.71
1674.20
1674.20
1253.81
1253.81
1035.13
1035.13
211.58
211.58
1018.08
1018.08
523.97
523.97
4295.16
4295.16
472.42
472.42
1292.38
1292.38
1106.12
1106.12
517.63
517.63
88.95
88.95
22.72
22.72
504.33
504.33
15.87
15.87
315.92
315.92
2374.05
2374.05
6057.84
6057.84
3628.27
3628.27
23.23
23.23
5153.02
5153.02
6134.05
6134.05
5589.59
5589.59
6218.43
6218.43
1259.37
1259.37
744.14
744.14
63.99
63.99
2022.04
2022.04
5468.44
5468.44
5884.98
5884.98
4931.92
4931.92
1295.61
1295.61
82.18
82.18
32.79
32.79
548.72
548.72
174.00
174.00
174.00
5785.92
1785.14
1785.14
90.45
90.45
90.45
129.48
129.48
187.34
279.87
279.87
4548.73
4548.73
2309.37
2309.37
734.63
734.63
734.63
1066.84
1451.65
1451.65
5335.93
5335.93
6243.43
6243.43
6243.43
5325.80
5282.00
5282.00
511.36
511.36
5071.71
5071.71
5071.71
45.70
1430.22
1430.22
2417.12
2417.12
50.33
50.33
1086.45
1086.45
1256.94
1256.94
1210.31
1210.31
1210.31
6364.51
3350.86
3350.86
3120.47
3120.47
3120.47
5668.28
2787.53
2787.53
2678.54
2678.54
2678.54
2616.61
724.94
724.94
6045.65
6045.65
6045.65
4479.32
4479.32
7053.77
53.17
53.17
53.17
3558.86
3558.86
6754.76
6046.47
6046.47
496.60
496.60
496.60
5935.11
918.56
918.56
6089.75
6089.75
6089.75
639.72
1147.74
1147.74
1096.28
1096.28
1096.28
1523.21
479.81
479.81
337.82
337.82
337.82
4411.66
4411.66
5010.66
5587.12
5587.12
6268.79
6268.79
6268.79
6161.29
6161.29
4912.06
5943.25
5943.25
5943.25
5076.37
5076.37
4753.95
4753.95
6311.61
1494.14
1494.14
1494.14
2985.82
2985.82
3731.76
134.29
134.29
1985.90
1985.90
1985.90
6550.91
6550.91
3368.15
1070.62
1070.62
1070.62
84.90
84.90
1950.85
1950.85
100.01
37.28
37.28
37.28
5478.82
5478.82
5485.71
5485.71
6524.28
89.24
89.24
89.24
14.56
14.56
55.25
1192.58
1192.58
1192.58
5798.56
5798.56
30.94
30.94
2960.92
2960.92
4571.48
4571.48
1716.41
1110.57
1110.57
3460.32
3460.32
3460.32
5372.34
5372.34
51.82
5818.27
5818.27
5818.27
6646.52
6646.52
6332.05
6332.05
6289.80
90.58
90.58
90.58
53.97
53.97
6384.44
6384.44
3419.20
3419.20
4069.91
4069.91
6346.75
6346.75
524.06
524.06
6319.39
6319.39
5270.24
5270.24
4235.83
4235.83
5546.02
5546.02
139.77
139.77
2067.32
2067.32
5275.59
5275.59
1026.24
1026.24
6077.85
6077.85
6137.26
6137.26
4535.39
4535.39
6873.18
6873.18
29.01
29.01
2881.02
2881.02
64.18
64.18
4387.85
4387.85
5758.48
5758.48
1976.64
1976.64
37.31
37.31
5851.20
5851.20
1878.95
1878.95
2749.49
2749.49
5603.16
5603.16
6287.19
6287.19
1114.19
1114.19
6021.38
6021.38
5322.40
5322.40
38.54
38.54
647.02
647.02
3576.58
3576.58
5067.65
5067.65
15.97
15.97
2832.05
2832.05
5118.54
5118.54
11.14
11.14
2113.44
2113.44
5228.20
5228.20
6322.52
6322.52
6450.11
6450.11
2526.86
2526.86
563.05
563.05
6016.77
6016.77
1235.50
1235.50
1092.97
1092.97
3728.43
3728.43
114.95
114.95
584.60
584.60
933.82
933.82
6187.57
6187.57
4721.11
4721.11
1270.67
1270.67
344.49
344.49
5735.41
5735.41
65.01
65.01
11.25
11.25
1069.71
1069.71
3520.54
3520.54
79.87
79.87
80.93
80.93
141.29
141.29
5242.85
5242.85
80.32
80.32
67.83
67.83
4320.43
4320.43
121.88
121.88
6228.50
6228.50
2050.87
2050.87
115.84
115.84
209.45
209.45
31.42
31.42
6286.01
6286.01
2146.33
2146.33
4762.05
4762.05
6006.06
6006.06
2302.32
2302.32
5450.33
5450.33
4893.02
4893.02
4742.03
4742.03
5784.35
5784.35
3888.18
3888.18
1955.08
1955.08
4267.94
4267.94
6031.98
6031.98
517.74
517.74
1102.91
1102.91
6349.97
6349.97
4720.00
4720.00
5644.21
5644.21
2756.39
2756.39
2379.14
2379.14
6310.44
6310.44
1489.85
1489.85
5459.21
5459.21
1079.07
1079.07
54.70
54.70
285.58
285.58
1576.15
1576.15
30.75
30.75
6146.92
6146.92
110.29
110.29
4991.73
4991.73
6117.52
6117.52
19.45
19.45
4763.24
4763.24
5201.36
5201.36
5421.55
5421.55
6112.62
6112.62
4435.77
4435.77
5070.69
5070.69
4032.95
4032.95
5617.27
5617.27
5668.72
5668.72
5668.72
5668.72
5115.81
5115.81
5055.57
5055.57
5800.43
5800.43
5934.96
5934.96
6247.01
6247.01
5894.59
5894.59
5560.56
5560.56
4924.86
4924.86
4924.86
4924.86
4924.86
4924.86
5688.72
5688.72
5760.01
5760.01
5760.01
5760.01
5468.66
5468.66
5525.91
5525.91
4936.97
4936.97
5600.22
5600.22
5883.69
5883.69
15.62
15.62
2786.44
2786.44
5932.48
5932.48
6363.52
6363.52
6363.52
6363.52
6363.52
6363.52
6363.52
6363.52
5833.89
5833.89
5833.89
5833.89
5742.35
5742.35
5700.94
5700.94
5534.70
5534.70
1231.92
1231.92
1231.92
1231.92
2001.35
2001.35
5325.22
5325.22
5369.28
5369.28
5762.78
5762.78
5558.59
5558.59
5558.59
5558.59
5508.62
5508.62
5713.42
5713.42
5713.42
5713.42
5713.42
5713.42
4900.55
4900.55
4623.66
4623.66
4623.66
4623.66
4623.66
4623.66
4623.66
4623.66
1060.92
1060.92
5300.07
5300.07
5504.78
5504.78
5418.87
5418.87
6060.56
6060.56
4379.36
4379.36
3399.01
3399.01
27.71
27.71
5708.07
5708.07
5168.86
5168.86
5406.81
5406.81
4703.43
4703.43
4847.78
4847.78
3384.96
3384.96
711.03
711.03
4157.94
4157.94
6812.33
6812.33
5924.22
5924.22
19.09
19.09
4681.12
4681.12
178.80
178.80
5941.32
5941.32
1110.79
1110.79
56.78
56.78
6045.75
6045.75
6033.69
6033.69
5582.84
5582.84
2059.24
2059.24
5775.74
5775.74
1070.34
1070.34
1905.26
1905.26
5452.55
5452.55
3017.63
3017.63
2218.82
2218.82
68.59
68.59
58.43
58.43
2033.78
2033.78
506.20
506.20
6068.36
6068.36
71.24
71.24
6282.93
6282.93
1068.63
1068.63
1222.80
1222.80
6296.57
6296.57
212.48
212.48
295.84
295.84
654.27
654.27
283.76
283.76
55.68
55.68
123.93
123.93
1528.44
1528.44
433.39
433.39
229.42
229.42
70.96
70.96
103.18
103.18
4019.73
4019.73
665.55
665.55
30.24
30.24
5022.00
5022.00
568.49
568.49
5441.45
5441.45
46.03
46.03
2124.36
2124.36
5439.74
5439.74
38.12
38.12
66.03
66.03
14.42
14.42
5830.95
5830.95
24.62
24.62
5660.40
5660.40
5255.02
5255.02
5255.02
5255.02
5255.02
5255.02
5255.02
5255.02
5255.02
5255.02
49.68
49.68
4118.58
4118.58
6192.65
6192.65
1223.06
1223.06
5974.73
5974.73
3072.09
3072.09
6551.53
6551.53
5514.96
5514.96
5787.59
5787.59
16.97
16.97
79.05
79.05
46.58
46.58
4064.03
4064.03
1051.44
1051.44
993.92
993.92
3076.42
3076.42
78.23
78.23
4793.42
4793.42
746.11
746.11
1143.97
1143.97
5902.66
5902.66
5827.33
5827.33
426.72
426.72
3557.25
3557.25
6227.72
6227.72
6665.42
6665.42
6065.49
6065.49
5610.72
5610.72
854.85
854.85
848.23
848.23
674.33
674.33
1947.05
1947.05
66.51
66.51
33.60
33.60
48.68
48.68
20.71
20.71
176.07
176.07
2842.53
2842.53
5124.48
5124.48
5687.69
5687.69
1771.64
1771.64
75.71
75.71
3299.66
3299.66
5209.72
5209.72
28.64
28.64
2909.53
2909.53
696.78
696.78
274.56
274.56
5007.07
5007.07
41.95
41.95
207.60
207.60
6460.94
6460.94
852.31
852.31
1416.98
1416.98
3621.22
3621.22
1129.97
1129.97
5969.39
5969.39
56.95
56.95
53.19
53.19
85.71
85.71
296.10
296.10
5648.74
5648.74
1176.40
1176.40
6330.73
6330.73
217.75
217.75
1927.92
1927.92
31.91
31.91
6317.22
6317.22
2117.99
2117.99
4452.73
4452.73
5344.10
5344.10
6601.64
6601.64
5869.20
5869.20
6396.20
6396.20
5943.24
5943.24
23.37
23.37
4898.76
4898.76
244.81
244.81
426.44
426.44
1140.71
1140.71
4959.34
4959.34
5677.24
5677.24
65.22
65.22
3893.50
3893.50
420.39
420.39
939.69
939.69
68.42
68.42
519.36
519.36
3598.56
3598.56
96.55
96.55
62.73
62.73
26.26
26.26
112.15
112.15
1048.95
1048.95
2686.50
2686.50
116.65
116.65
2539.59
2539.59
3331.01
3331.01
3594.82
3594.82
75.23
75.23
148.19
148.19
18.53
18.53
4029.31
4029.31
13.67
13.67
5109.22
5109.22
1971.05
1971.05
1812.49
1812.49
46.08
46.08
5306.87
5306.87
141.40
141.40
3210.41
3210.41
4115.13
4115.13
1115.85
1115.85
164.67
164.67
51.81
51.81
5646.11
5646.11
56.30
56.30
5895.09
5895.09
6483.92
6483.92
3501.02
3501.02
6232.56
6232.56
6476.77
6476.77
6046.24
6046.24
3263.17
3263.17
6111.93
6111.93
25.84
25.84
228.17
228.17
77.21
77.21
1317.56
1317.56
1158.24
1158.24
816.60
816.60
155.02
155.02
150.49
150.49
849.22
849.22
849.22
22.79
22.79
22.79
738.11
321.99
321.99
337.03
337.03
247.71
247.71
330.63
330.63
53.30
1190.14
1190.14
2249.53
2249.53
200.72
200.72
1560.79
1560.79
3742.19
3742.19
1117.59
1117.59
4828.98
4828.98
5129.59
5129.59
80.42
80.42
1685.93
1685.93
585.19
585.19
271.07
271.07
1539.69
1539.69
186.89
186.89
85.59
85.59
1693.32
1693.32
1693.32
400.99
1108.48
1108.48
6819.59
6819.59
5665.38
5665.38
1232.73
1232.73
3320.52
3320.52
33.94
33.94
613.72
613.72
52.93
52.93
461.43
461.43
1108.70
1108.70
5863.52
5863.52
123.50
123.50
123.50
5090.75
2358.80
2358.80
5442.87
5442.87
5442.87
5590.45
628.90
628.90
197.79
197.79
197.79
396.28
24.23
24.23
92.80
92.80
92.80
2077.53
5699.03
5699.03
5346.76
5346.76
2344.29
2344.29
2344.29
6415.75
6175.80
6175.80
5493.13
5493.13
5493.13
74.28
10.00
10.00
2459.13
2459.13
3564.41
3564.41
3564.41
5975.95
5679.90
5679.90
6532.41
6532.41
17.96
17.96
6229.58
6229.58
5130.07
5130.07
5130.07
4385.07
6233.91
6233.91
5694.65
5694.65
5694.65
1268.53
1268.53
5197.54
5659.23
5659.23
5659.23
2095.52
2095.52
5480.31
2374.49
2374.49
2828.02
2828.02
2828.02
57.02
6154.23
6154.23
5992.78
5992.78
5557.94
5557.94
5557.94
3035.95
3035.95
738.81
935.66
935.66
935.66
5180.27
5180.27
207.21
202.30
202.30
4911.69
4911.69
4911.69
4783.90
4783.90
18.12
85.28
85.28
85.28
4664.02
4664.02
4892.13
4892.13
4043.60
5844.69
5844.69
5844.69
6012.73
6012.73
5779.47
6105.21
6105.21
6105.21
6067.06
6067.06
6440.53
5908.84
5908.84
5908.84
2503.03
2503.03
15.78
5793.36
5793.36
5793.36
1971.70
1971.70
524.12
1165.33
1165.33
1165.33
164.42
164.42
2756.83
2756.83
33.43
56.96
56.96
56.96
872.72
872.72
4687.84
5505.32
5505.32
5505.32
4674.40
4674.40
6061.37
6061.37
6151.68
6151.68
6518.76
6084.49
6084.49
6084.49
6191.26
6191.26
6891.87
6891.87
6891.87
6891.87
4408.29
4408.29
6101.70
6101.70
6101.70
6101.70
6101.70
6101.70
5952.91
5952.91
6197.87
6070.27
6070.27
6070.27
4257.99
4257.99
6631.85
6631.85
6260.53
6007.04
6007.04
6007.04
1054.95
1054.95
4126.47
4126.47
5790.37
5790.37
5537.92
5537.92
5892.83
5892.83
5892.83
5186.17
5186.17
5186.17
5186.17
5186.17
5186.17
5186.17
5186.17
5186.17
5186.17
5186.17
5186.17
5186.17
5187.73
5187.73
5187.73
5187.73
5187.73
5187.73
5187.73
5187.73
5187.73
5187.73
5187.73
5187.73
4787.08
4787.08
3399.62
3399.62
2717.29
2717.29
1443.90
1443.90
5877.25
5877.25
5726.29
5726.29
191.79
191.79
4821.58
4821.58
6110.57
6110.57
1075.66
1075.66
6031.65
6031.65
4942.48
4942.48
1110.23
1110.23
4540.05
4540.05
1237.38
1237.38
5349.57
5349.57
5349.57
5349.57
1354.14
1354.14
4725.72
4725.72
4604.86
4604.86
5463.22
5463.22
2858.48
2858.48
5408.57
5408.57
2464.88
2464.88
5013.23
5013.23
5148.80
5148.80
5123.24
5123.24
3144.19
3144.19
3033.17
3033.17
1696.54
1696.54
5014.57
5014.57
4935.46
4935.46
4145.14
4145.14
6392.03
6392.03
1136.12
1136.12
733.44
733.44
2831.44
2831.44
4268.03
4268.03
472.08
472.08
2371.77
2371.77
5909.15
5909.15
71.12
71.12
6090.25
6090.25
5719.46
5719.46
54.33
54.33
4583.36
4583.36
10.00
10.00
6816.22
6816.22
17.47
17.47
456.19
456.19
3020.80
3020.80
357.23
357.23
85.57
85.57
15.77
15.77
3762.59
3762.59
1128.60
1128.60
6316.21
6316.21
744.95
744.95
246.97
246.97
18.62
18.62
75.08
75.08
213.10
213.10
123.39
123.39
6481.77
6481.77
2389.03
2389.03
1097.07
1097.07
5627.18
5627.18
1089.79
1089.79
5550.72
5550.72
5582.80
5582.80
54.71
54.71
1384.20
1384.20
1066.27
1066.27
3773.09
3773.09
6069.90
6069.90
5627.14
5627.14
5634.88
5634.88
1308.23
1308.23
5565.08
5565.08
6235.22
6235.22
5799.48
5799.48
554.04
554.04
73.14
73.14
797.43
797.43
100.95
100.95
4341.71
4341.71
1478.10
1478.10
113.88
113.88
6254.14
6254.14
6611.84
6611.84
28.79
28.79
5892.86
5892.86
5396.10
5396.10
4900.24
4900.24
5876.44
5876.44
77.73
77.73
6001.83
6001.83
5365.28
5365.28
5604.72
5604.72
5927.49
5927.49
1670.09
1670.09
1116.38
1116.38
512.90
512.90
1060.93
1060.93
3796.55
3796.55
973.10
973.10
16.98
16.98
112.86
112.86
1138.28
1138.28
5845.05
5845.05
5561.92
5561.92
6459.32
6459.32
6120.50
6120.50
1105.62
1105.62
5876.56
5876.56
2465.49
2465.49
4297.23
4297.23
2859.03
2859.03
6726.10
6726.10
5703.66
5703.66
5903.12
5903.12
3050.51
3050.51
4085.43
4085.43
228.23
228.23
356.83
356.83
1856.26
1856.26
2107.31
2107.31
1049.12
1049.12
28.31
28.31
107.51
107.51
5818.10
5818.10
125.25
125.25
1089.97
1089.97
2332.37
2332.37
811.41
811.41
4013.66
4013.66
6519.02
6519.02
1041.70
1041.70
1229.75
1229.75
6391.02
6391.02
10.00
10.00
65.84
65.84
12.90
12.90
2782.60
2782.60
1081.28
1081.28
63.90
63.90
5131.69
5131.69
4891.82
4891.82
261.15
261.15
80.76
80.76
1912.57
1912.57
119.11
119.11
124.24
124.24
952.82
952.82
2663.09
2663.09
368.78
368.78
4116.29
4116.29
81.51
81.51
5740.28
5740.28
2788.98
2788.98
251.98
251.98
2195.30
2195.30
450.92
450.92
257.84
257.84
97.58
97.58
862.57
862.57
359.75
359.75
987.62
987.62
6577.46
6577.46
1071.78
1071.78
4507.41
4507.41
43.18
43.18
3129.84
3129.84
2324.23
2324.23
5420.26
5420.26
6306.07
6306.07
6058.57
6058.57
5201.77
5201.77
6382.36
6382.36
2909.79
2909.79
1024.93
1024.93
2333.90
2333.90
1108.63
1108.63
307.78
307.78
396.24
396.24
752.87
752.87
68.74
68.74
34.80
34.80
76.88
76.88
2446.86
2446.86
5411.43
5411.43
4880.23
4880.23
36.61
36.61
4971.72
4971.72
5800.70
5800.70
1655.26
1655.26
6517.61
6517.61
1100.63
1100.63
6000.49
6000.49
5798.84
5798.84
190.07
190.07
4366.17
4366.17
3881.21
3881.21
191.94
191.94
1007.25
1007.25
14.03
14.03
5254.69
5254.69
43.86
43.86
2706.29
2706.29
1075.47
1075.47
6058.96
6058.96
5778.03
5778.03
1457.25
1457.25
6214.26
6214.26
2139.66
2139.66
4862.76
4862.76
6459.94
6459.94
6139.17
6139.17
4058.17
4058.17
5769.44
5769.44
5768.27
5768.27
1104.29
1104.29
869.89
869.89
1116.01
1116.01
2099.55
2099.55
2613.39
2613.39
6055.93
6055.93
20.88
20.88
87.04
87.04
1891.78
1891.78
1391.49
1391.49
6170.20
6170.20
5446.49
5446.49
6621.49
6621.49
6336.41
6336.41
2196.34
2196.34
1984.63
1984.63
6111.75
6111.75
5552.96
5552.96
278.49
278.49
1535.77
1535.77
5447.17
5447.17
3824.26
3824.26
208.10
208.10
596.17
596.17
5042.79
5042.79
2427.24
2427.24
5653.42
5653.42
5879.79
5879.79
159.60
159.60
46.41
46.41
46.24
46.24
1200.42
1200.42
190.64
190.64
1039.20
1039.20
114.53
114.53
4429.35
4429.35
38.81
38.81
6241.29
6241.29
5530.23
5530.23
1872.65
1872.65
5438.05
5438.05
268.16
268.16
1171.09
1171.09
33.18
33.18
33.50
33.50
1132.96
1132.96
2158.76
2158.76
295.67
295.67
5564.37
5564.37
3980.23
3980.23
1813.44
1813.44
138.15
138.15
5882.79
5882.79
5532.85
5532.85
24.18
24.18
1778.13
1778.13
3730.91
3730.91
5799.46
5799.46
4910.71
4910.71
2258.31
2258.31
406.25
406.25
716.54
716.54
58.34
58.34
5302.45
5302.45
2539.13
2539.13
94.99
94.99
4591.59
4591.59
1141.79
1141.79
5878.02
5878.02
1042.10
1042.10
4377.01
4377.01
1632.42
1632.42
2790.70
2790.70
898.04
898.04
1066.25
1066.25
5548.59
5548.59
5725.90
5725.90
6231.16
6231.16
4336.71
4336.71
6134.12
6134.12
6035.28
6035.28
5888.86
5888.86
17.21
17.21
357.14
357.14
76.31
76.31
424.49
424.49
1020.35
1020.35
52.86
52.86
4355.07
4355.07
29.65
29.65
1936.49
1936.49
1052.18
1052.18
65.14
65.14
36.51
36.51
5823.73
5823.73
5657.96
5657.96
3338.54
3338.54
376.58
376.58
66.05
66.05
17.82
17.82
946.20
946.20
1911.03
1911.03
560.91
560.91
112.77
112.77
3160.21
3160.21
107.02
107.02
27.99
27.99
188.96
188.96
2075.03
2075.03
2594.60
2594.60
2275.16
2275.16
716.23
716.23
4014.40
4014.40
4589.27
4589.27
5018.23
5018.23
4541.08
4541.08
1634.73
1634.73
5790.32
5790.32
52.37
52.37
82.14
82.14
4915.01
4915.01
2682.92
2682.92
1087.37
1087.37
3543.28
3543.28
233.77
233.77
49.20
49.20
102.49
102.49
1114.22
1114.22
6131.85
6131.85
1084.06
1084.06
5805.45
5805.45
2249.45
2249.45
63.42
63.42
96.36
96.36
4467.75
4467.75
3801.99
3801.99
2785.88
2785.88
85.79
85.79
4909.08
4909.08
4285.54
4285.54
12.47
12.47
1116.58
1116.58
6149.80
6149.80
2163.37
2163.37
126.51
126.51
169.21
169.21
903.38
903.38
2923.48
2923.48
5233.60
5233.60
5233.60
5233.60
5233.60
5233.60
5233.60
5233.60
5149.52
5149.52
5107.33
5107.33
5107.33
5107.33
5107.33
5107.33
5107.33
5161.28
5653.73
5653.73
5298.31
5298.31
5298.31
5589.48
4374.51
4374.51
5562.51
5562.51
4796.48
4796.48
5635.35
5635.35
6080.51
6080.51
1093.53
1093.53
1093.53
526.73
32.57
32.57
3162.51
3162.51
3162.51
75.57
5004.85
5004.85
6947.82
6947.82
1072.70
1072.70
1072.70
6102.92
5587.45
5587.45
5587.45
5587.45
5587.45
5920.10
5440.40
5440.40
5651.41
5651.41
5651.41
5678.90
1226.18
1226.18
5872.19
5872.19
6440.63
6440.63
6440.63
3631.97
5910.32
5910.32
5620.61
5620.61
5620.61
5878.99
6274.11
6274.11
5531.34
5531.34
5531.34
5849.33
5849.33
5849.33
6266.33
6266.33
6266.33
6266.33
29.93
29.93
4794.69
4794.69
4794.69
4794.69
5574.53
5574.53
5585.58
5585.58
5585.58
4502.56
3813.68
3813.68
84.67
84.67
84.67
2822.03
1344.91
1344.91
5797.82
5797.82
5797.82
6084.90
6084.90
6062.85
6466.79
6466.79
6466.79
5637.44
5678.77
5678.77
1608.65
1608.65
139.81
139.81
139.81
3625.87
3625.87
6480.28
6480.28
6480.28
5060.50
5060.50
5060.50
5791.13
5791.13
24.42
5388.40
5388.40
5388.40
6293.42
6293.42
5795.98
34.10
34.10
34.10
5199.02
5199.02
12.05
4804.60
4804.60
6233.43
6233.43
6233.43
53.11
53.11
6409.77
6409.77
6409.77
6409.77
6409.77
6409.77
6135.51
1051.90
1051.90
1051.90
1258.62
1041.90
1041.90
1041.90
5794.38
1373.95
1373.95
1373.95
1401.06
1401.06
5489.44
5489.44
6164.67
6543.71
6543.71
6543.71
5628.63
5628.63
6883.30
6883.30
6883.30
6883.30
6617.68
6617.68
5543.39
6326.97
6326.97
6326.97
6391.13
6391.13
36.79
36.79
5758.75
5758.75
6441.14
6441.14
2922.89
2922.89
6313.91
6313.91
7063.50
7063.50
5120.35
5120.35
6165.22
6165.22
1978.42
1978.42
39.36
39.36
6038.08
6038.08
6038.08
6038.08
6038.08
6038.08
1086.19
1086.19
5989.41
5989.41
1675.36
1675.36
5448.71
5448.71
4989.00
4989.00
28.72
28.72
6722.69
6722.69
6722.69
6722.69
5794.69
5794.69
5536.98
5536.98
5536.98
5536.98
2644.93
2644.93
6698.45
6698.45
3255.12
3255.12
2662.62
2662.62
4731.49
4731.49
5313.65
5313.65
19.15
19.15
5566.75
5566.75
6014.13
6014.13
5352.66
5352.66
5508.17
5508.17
5280.69
5280.69
6021.23
6021.23
5453.99
5453.99
4471.20
4471.20
1071.64
1071.64
5027.94
5027.94
4677.57
4677.57
4450.18
4450.18
3267.26
3267.26
32.30
32.30
5353.41
5353.41
5154.31
5154.31
312.15
312.15
2671.20
2671.20
1416.22
1416.22
232.85
232.85
1138.18
1138.18
2575.87
2575.87
1832.42
1832.42
143.59
143.59
965.91
965.91
6064.42
6064.42
5347.49
5347.49
5468.82
5468.82
3401.28
3401.28
5630.23
5630.23
5871.64
5871.64
5718.42
5718.42
5179.35
5179.35
6090.22
6090.22
5708.32
5708.32
4596.13
4596.13
5139.37
5139.37
51.26
51.26
4948.82
4948.82
5335.86
5335.86
5509.73
5509.73
4674.05
4674.05
4650.10
4650.10
5192.13
5192.13
4567.56
4567.56
4904.03
4904.03
4787.67
4787.67
4892.50
4892.50
5144.78
5144.78
5144.78
5144.78
5144.78
5144.78
5159.30
5159.30
4206.88
4206.88
5085.49
5085.49
1735.63
1735.63
1735.63
1735.63
3920.34
3920.34
4934.18
4934.18
4242.47
4242.47
62.65
62.65
5005.46
5005.46
5305.49
5305.49
5305.49
5305.49
5305.49
5305.49
5305.49
5305.49
63.39
63.39
4493.97
4493.97
3681.78
3681.78
4647.45
4647.45
4823.44
4823.44
5024.22
5024.22
47.05
47.05
3810.04
3810.04
1110.76
1110.76
5141.47
5141.47
989.22
989.22
5675.51
5675.51
6165.01
6165.01
4361.66
4361.66
4361.66
4361.66
4361.66
4361.66
6046.14
6046.14
5849.82
5849.82
5930.72
5930.72
6067.45
6067.45
5521.50
5521.50
109.90
109.90
6385.20
6385.20
205.09
205.09
5948.67
5948.67
33.03
33.03
55.51
55.51
1119.47
1119.47
5452.04
5452.04
5452.04
5452.04
5452.04
5452.04
5455.61
5455.61
5463.45
5463.45
4770.28
4770.28
5797.11
5797.11
5467.22
5467.22
5688.27
5688.27
5688.27
5688.27
6296.13
6296.13
6296.13
6296.13
34.08
34.08
3409.71
3409.71
6100.17
6100.17
3513.91
3513.91
1350.27
1350.27
47.19
47.19
3100.69
3100.69
91.52
91.52
5849.69
5849.69
5812.35
5812.35
5582.10
5582.10
1118.07
1118.07
6180.50
6180.50
1495.49
1495.49
910.05
910.05
5559.32
5559.32
5559.32
5559.32
5559.32
5559.32
5559.32
5559.32
5251.62
5251.62
5181.97
5181.97
5200.90
5200.90
5323.89
5323.89
5094.90
5094.90
5094.90
5094.90
4381.65
4381.65
5202.57
5202.57
2970.67
2970.67
3122.56
3122.56
5312.84
5312.84
4891.02
4891.02
5905.69
5905.69
6017.45
6017.45
6157.91
6157.91
4678.74
4678.74
6114.48
6114.48
5086.07
5086.07
6086.81
6086.81
6004.40
6004.40
5782.85
5782.85
19.89
19.89
6359.09
6359.09
6999.95
6999.95
5921.87
5921.87
6554.96
6554.96
6163.20
6163.20
6117.05
6117.05
5800.62
5800.62
6432.95
6432.95
6018.14
6018.14
5880.81
5880.81
3517.58
3517.58
5956.97
5956.97
5317.53
5317.53
3762.96
3762.96
5202.28
5202.28
5770.13
5770.13
5795.73
5795.73
5080.14
5080.14
6123.70
6123.70
6123.70
6123.70
6123.70
6123.70
6123.70
6123.70
6123.70
6123.70
5613.48
5613.48
5704.72
5704.72
5308.07
5308.07
5939.44
5939.44
5881.21
5881.21
2355.64
2355.64
3495.22
3495.22
1096.81
1096.81
32.11
32.11
4896.15
4896.15
4735.72
4735.72
347.13
347.13
6368.17
6368.17
6641.77
6641.77
6040.47
6040.47
5989.14
5989.14
5660.39
5660.39
6548.28
6548.28
6374.33
6374.33
5601.12
5601.12
5589.98
5589.98
5227.09
5227.09
6418.62
6418.62
3164.48
3164.48
1991.88
1991.88
5813.83
5813.83
6027.80
6027.80
5986.32
5986.32
899.30
899.30
4306.97
4306.97
6263.61
6263.61
6244.61
6244.61
6724.27
6724.27
6915.53
6915.53
6146.66
6146.66
6095.66
6095.66
5860.66
5860.66
5569.19
5569.19
1029.45
1029.45
6057.34
6057.34
5597.09
5597.09
5169.72
5169.72
4781.88
4781.88
5681.33
5681.33
4179.43
4179.43
1504.14
1504.14
4080.00
4080.00
89.90
89.90
27.62
27.62
1006.05
1006.05
5704.70
5704.70
3908.89
3908.89
5646.20
5646.20
948.98
948.98
6426.14
6426.14
5844.58
5844.58
5215.26
5215.26
6053.30
6053.30
5709.35
5709.35
39.88
39.88
19.75
19.75
840.65
840.65
3821.03
3821.03
1587.81
1587.81
18.82
18.82
351.19
351.19
5436.53
5436.53
5892.87
5892.87
5847.70
5847.70
66.60
66.60
6489.10
6489.10
80.65
80.65
6129.46
6129.46
5828.96
5828.96
4016.15
4016.15
4440.10
4440.10
5349.78
5349.78
6275.35
6275.35
137.45
137.45
1094.78
1094.78
3446.77
3446.77
5970.45
5970.45
6405.49
6405.49
3299.99
3299.99
14.47
14.47
1617.35
1617.35
1008.64
1008.64
5834.04
5834.04
5780.04
5780.04
5794.90
5794.90
4075.75
4075.75
6418.92
6418.92
726.38
726.38
4929.85
4929.85
6073.67
6073.67
5980.64
5980.64
1048.77
1048.77
2706.45
2706.45
1075.10
1075.10
108.93
108.93
2381.93
2381.93
13.39
13.39
645.04
645.04
2582.53
2582.53
801.36
801.36
258.58
258.58
4127.73
4127.73
1709.43
1709.43
5871.07
5871.07
65.01
65.01
5669.57
5669.57
6062.94
6062.94
5728.37
5728.37
5398.00
5398.00
2256.24
2256.24
5418.60
5418.60
4979.52
4979.52
1104.10
1104.10
4553.62
4553.62
5268.41
5268.41
4361.90
4361.90
5324.91
5324.91
35.16
35.16
5702.28
5702.28
5485.11
5485.11
1194.19
1194.19
5128.14
5128.14
1011.82
1011.82
4381.96
4381.96
1054.56
1054.56
1013.85
1013.85
1879.77
1879.77
1879.77
1879.77
1903.36
1903.36
1025.14
1025.14
1806.96
1806.96
1806.96
1806.96
1900.99
1900.99
1900.99
1900.99
824.03
824.03
1679.45
1679.45
834.95
834.95
2161.96
2161.96
2631.59
2631.59
126.78
126.78
3314.24
3314.24
2484.82
2484.82
562.98
562.98
917.94
917.94
1741.93
1741.93
3020.97
3020.97
2743.04
2743.04
111.00
111.00
3123.16
3123.16
61.13
61.13
2414.71
2414.71
27.11
27.11
1562.81
1562.81
4332.86
4332.86
3727.07
3727.07
4115.40
4115.40
2162.36
2162.36
56.89
56.89
221.14
221.14
4271.89
4271.89
5188.72
5188.72
3854.06
3854.06
4786.95
4786.95
2038.19
2038.19
2807.23
2807.23
1052.09
1052.09
1123.73
1123.73
5180.07
5180.07
4904.16
4904.16
4569.21
4569.21
86.10
86.10
2326.24
2326.24
4876.28
4876.28
4654.34
4654.34
4817.34
4817.34
2850.47
2850.47
5272.12
5272.12
4862.31
4862.31
5771.10
5771.10
2165.73
2165.73
5316.16
5316.16
262.81
262.81
110.66
110.66
854.03
854.03
1524.96
1524.96
2519.18
2519.18
2800.68
2800.68
3147.17
3147.17
3021.48
3021.48
3004.96
3004.96
1544.82
1544.82
2805.47
2805.47
3145.46
3145.46
52.12
52.12
3036.19
3036.19
35.80
35.80
3620.51
3620.51
3540.66
3540.66
4149.39
4149.39
3583.60
3583.60
15.73
15.73
3752.95
3752.95
3712.00
3712.00
3484.21
3484.21
3484.21
3858.55
4814.26
4814.26
2636.71
2636.71
2636.71
4849.15
4564.25
4564.25
4758.11
4758.11
4455.64
4455.64
5425.78
5425.78
48.84
48.84
4982.94
4982.94
4942.42
4942.42
5402.39
5402.39
5050.97
5050.97
5050.97
5983.37
1091.95
1091.95
5662.04
5662.04
5662.04
4411.81
5652.22
5652.22
5635.38
5635.38
2089.70
2089.70
2089.70
6231.78
5791.17
5791.17
5629.75
5629.75
5380.77
5380.77
5380.77
4812.91
4537.98
4537.98
4537.98
4537.98
4537.98
5911.15
6189.61
6189.61
6081.25
6081.25
6081.25
5945.64
4635.89
4635.89
3104.59
3104.59
3104.59
6565.91
6369.04
6369.04
6267.86
6267.86
6267.86
6118.31
6420.93
6420.93
5587.84
5587.84
5587.84
5976.56
5368.65
5368.65
6250.12
6250.12
6250.12
5665.96
5665.96
5414.31
4153.22
4153.22
4497.77
4497.77
4497.77
5904.97
5797.11
5797.11
5899.65
5899.65
5899.65
5582.71
5582.71
5223.74
5223.74
5223.74
5223.74
5244.28
5244.28
5957.19
1730.21
1730.21
1730.21
6037.19
6037.19
43.96
6352.99
6352.99
6352.99
6258.12
6258.12
4369.98
3270.04
3270.04
5417.36
5417.36
5417.36
931.54
931.54
2343.27
4606.28
4606.28
4606.28
4196.88
4196.88
3882.27
4252.01
4252.01
4993.33
4993.33
4993.33
4993.33
4993.33
46.67
46.67
1025.80
5058.46
5058.46
5058.46
5058.46
5058.46
5058.46
5058.46
5058.46
5058.46
3699.38
3699.38
3466.02
3466.02
3466.02
3466.02
3466.02
3466.02
3466.02
3466.02
3368.59
3368.59
1113.28
3311.85
3311.85
3311.85
3445.57
3445.57
4118.89
4118.89
3545.86
3545.86
3523.25
3523.25
18.38
18.38
3590.51
3590.51
3479.71
3479.71
2932.08
2932.08
2932.08
2932.08
2932.08
2932.08
2996.29
2996.29
970.10
970.10
3015.56
2915.84
2915.84
2915.84
2760.71
2760.71
2562.28
2562.28
2562.28
2562.28
2562.28
2562.28
3466.48
3466.48
3040.63
3040.63
3463.07
3463.07
58.68
58.68
32.73
32.73
4010.84
4010.84
3369.57
3369.57
3369.57
3369.57
4375.01
4375.01
2971.97
2971.97
4400.20
4400.20
5456.96
5456.96
5641.76
5641.76
4910.04
4910.04
5298.56
5298.56
1589.42
1589.42
1562.09
1562.09
4736.28
4736.28
34.48
34.48
4309.22
4309.22
4929.02
4929.02
4606.32
4606.32
3137.80
3137.80
4415.21
4415.21
1001.53
1001.53
4442.72
4442.72
2915.50
2915.50
4273.51
4273.51
4228.00
4228.00
4563.62
4563.62
4194.12
4194.12
3176.48
3176.48
3227.60
3227.60
4475.81
4475.81
1078.62
1078.62
1194.75
1194.75
4166.83
4166.83
5842.39
5842.39
4927.77
4927.77
5867.53
5867.53
5458.98
5458.98
5075.22
5075.22
448.92
448.92
5093.79
5093.79
2351.22
2351.22
4374.72
4374.72
5845.77
5845.77
5601.69
5601.69
4468.58
4468.58
5706.10
5706.10
2669.29
2669.29
4926.39
4926.39
2290.07
2290.07
5241.33
5241.33
5241.33
5241.33
57.41
57.41
399.08
399.08
530.58
530.58
32.18
32.18
10.00
10.00
1096.71
1096.71
5352.48
5352.48
394.27
394.27
4005.68
4005.68
76.63
76.63
10.00
10.00
4734.94
4734.94
257.02
257.02
1365.72
1365.72
5132.22
5132.22
5132.22
5132.22
5132.22
5132.22
4428.30
4428.30
4080.20
4080.20
143.59
143.59
17.66
17.66
5183.70
5183.70
5599.05
5599.05
791.85
791.85
4242.47
4242.47
2820.16
2820.16
1771.22
1771.22
4352.02
4352.02
5206.27
5206.27
5637.44
5637.44
5253.97
5253.97
4945.05
4945.05
199.40
199.40
402.68
402.68
1301.31
1301.31
3290.47
3290.47
4774.47
4774.47
44.94
44.94
6010.26
6010.26
3398.33
3398.33
5291.00
5291.00
5544.90
5544.90
5235.42
5235.42
4962.49
4962.49
5678.07
5678.07
3836.18
3836.18
5484.57
5484.57
48.63
48.63
5625.26
5625.26
5472.15
5472.15
135.81
135.81
6549.85
6549.85
5508.48
5508.48
5387.84
5387.84
5438.96
5438.96
2372.10
2372.10
2535.52
2535.52
5557.97
5557.97
4044.57
4044.57
5302.49
5302.49
4947.47
4947.47
4793.46
4793.46
3575.28
3575.28
3252.30
3252.30
4874.53
4874.53
1055.81
1055.81
4819.58
4819.58
5623.46
5623.46
2334.28
2334.28
2447.35
2447.35
5501.02
5501.02
3315.17
3315.17
4839.71
4839.71
4766.60
4766.60
5360.88
5360.88
4531.75
4531.75
4451.98
4451.98
1052.50
1052.50
4492.14
4492.14
4492.14
4492.14
5289.38
5018.61
4810.46
4810.46
5200.42
5200.42
5356.71
5356.71
5569.16
5569.16
5071.90
5071.90
4507.62
4507.62
4122.35
4122.35
4907.42
4907.42
993.59
993.59
696.10
696.10
4499.09
4499.09
4926.12
4926.12
4926.12
5115.75
4387.37
4387.37
1735.62
1735.62
5088.52
5088.52
591.86
591.86
5071.22
5071.22
4648.98
4648.98
5340.64
5340.64
1717.49
1717.49
716.30
716.30
3691.73
3691.73
5570.69
5570.69
5929.86
5929.86
5218.98
5218.98
5219.98
5219.98
5142.66
5142.66
787.05
787.05
5039.33
5039.33
848.24
848.24
5393.70
5393.70
5104.23
5104.23
5972.27
5972.27
5972.27
5972.27
3686.07
3686.07
5477.71
5477.71
5473.94
5473.94
5655.93
5655.93
5484.06
5484.06
5561.43
5561.43
502.47
502.47
77.44
77.44
634.09
634.09
4846.10
4846.10
5402.81
5402.81
4855.49
4855.49
5264.10
5264.10
5554.00
5554.00
5229.05
5229.05
4597.23
4597.23
4233.88
4233.88
5106.02
5106.02
5354.13
5354.13
5342.01
5342.01
4791.21
4791.21
5309.16
5309.16
4759.71
4759.71
5260.53
5260.53
4048.36
4048.36
38.17
38.17
3946.77
3946.77
4983.35
4983.35
4981.33
4981.33
5122.81
5122.81
4920.96
4920.96
5433.43
5433.43
4931.46
4931.46
4849.78
4849.78
5499.42
5499.42
658.02
658.02
6610.57
6610.57
5738.79
5738.79
5711.83
5711.83
4932.55
4932.55
5315.64
5315.64
5451.99
5451.99
4887.85
4887.85
5314.42
5314.42
4888.41
4888.41
5867.57
5867.57
5106.30
5106.30
4653.48
4653.48
4808.47
4808.47
4944.26
4944.26
5294.25
5294.25
4635.21
4635.21
5120.98
5120.98
4405.69
4405.69
3981.82
3981.82
3966.95
3966.95
2737.05
2737.05
5085.40
5085.40
225.11
225.11
3103.81
3103.81
547.22
547.22
26.05
26.05
1439.55
1439.55
1399.39
1399.39
119.12
119.12
432.02
432.02
61.55
61.55
2703.75
2703.75
5593.06
5593.06
4336.52
4336.52
5296.21
5296.21
4149.84
4149.84
4838.52
4838.52
60.00
60.00
5249.60
5249.60
4877.78
4877.78
5817.48
5817.48
4573.62
4573.62
4573.62
4573.62
16.36
16.36
3685.44
3685.44
49.66
49.66
867.29
867.29
1319.57
1319.57
24.22
24.22
4238.29
4238.29
4238.29
4238.29
2224.33
2224.33
4575.40
4575.40
4575.40
4575.40
6003.69
6003.69
5411.89
5411.89
47.12
47.12
5560.18
5560.18
2515.46
2515.46
4782.20
4782.20
1213.10
1213.10
4705.67
4705.67
4746.11
4746.11
4686.21
4686.21
3758.31
3758.31
4001.36
4001.36
4068.65
4068.65
1075.81
1075.81
1162.38
1162.38
1101.63
1101.63
4714.10
4714.10
424.13
424.13
882.73
882.73
882.73
882.73
852.49
852.49
1117.59
1117.59
39.79
39.79
41.14
41.14
1889.07
1889.07
2400.80
2400.80
2618.26
2618.26
2262.82
2262.82
2710.75
2710.75
2710.75
2710.75
2915.92
2915.92
2379.54
2379.54
3067.00
3067.00
1875.55
1875.55
3014.83
3014.83
2969.49
2969.49
2969.49
2969.49
112.18
112.18
211.00
211.00
1167.82
1167.82
71.24
71.24
682.14
682.14
119.17
119.17
102.34
102.34
65.30
65.30
2785.41
2785.41
1016.93
1016.93
602.21
602.21
50.77
50.77
41.03
41.03
3377.14
3377.14
3323.17
3323.17
417.48
417.48
80.11
80.11
2490.12
2490.12
564.55
564.55
19.70
19.70
56.02
56.02
101.57
101.57
1464.47
1464.47
22.79
22.79
192.90
192.90
205.07
205.07
3506.25
3506.25
212.29
212.29
89.73
89.73
57.10
57.10
166.08
166.08
73.58
73.58
4596.17
4596.17
183.58
183.58
5212.96
5212.96
139.76
139.76
46.59
46.59
5366.74
5366.74
5923.13
5923.13
4957.61
4957.61
4688.66
4688.66
1919.67
1919.67
5442.62
5442.62
109.17
109.17
852.83
852.83
16.96
16.96
563.32
563.32
792.63
792.63
2899.64
2899.64
3583.99
3583.99
1099.88
1099.88
127.48
127.48
1426.70
1426.70
366.12
366.12
1778.07
1778.07
12.14
12.14
107.76
107.76
1063.50
1063.50
225.62
225.62
1000.56
1000.56
6271.74
6271.74
6444.04
6444.04
872.58
872.58
2992.03
2992.03
2992.03
2992.03
183.26
183.26
1723.54
1723.54
5181.71
5181.71
4477.71
4477.71
4477.71
4477.71
5007.37
5007.37
6036.12
6036.12
610.25
610.25
2636.52
2636.52
5200.08
5200.08
4013.64
4013.64
5224.17
5224.17
5165.81
5165.81
5895.13
5895.13
5009.18
5009.18
195.30
195.30
991.82
991.82
991.82
166.68
961.14
961.14
3436.78
3436.78
22.24
22.24
22.24
33.09
48.06
48.06
101.22
101.22
17.84
17.84
3190.17
3190.17
18.08
18.08
5870.01
5870.01
67.47
67.47
1845.55
1845.55
2106.26
2106.26
2106.26
208.41
37.56
37.56
54.00
54.00
341.57
341.57
1086.84
1086.84
4708.95
4708.95
3456.76
3456.76
3456.76
3786.65
123.60
123.60
5514.93
5514.93
10.00
10.00
10.00
398.02
475.90
475.90
20.79
20.79
1092.06
1092.06
1567.30
1567.30
1068.66
1068.66
1068.66
33.97
109.29
109.29
5780.89
5780.89
5780.89
19.91
19.91
1030.36
1441.84
1441.84
1441.84
1909.66
1909.66
385.67
28.52
28.52
1099.29
1099.29
1099.29
5356.01
5652.35
5652.35
1170.91
1170.91
1170.91
4982.89
10.00
10.00
639.72
639.72
4152.25
4152.25
4152.25
5014.27
109.81
109.81
51.50
51.50
51.50
5204.06
1086.24
1086.24
4372.15
4372.15
35.70
35.70
35.70
4969.87
688.96
688.96
1008.47
1008.47
1008.47
119.53
3528.55
3528.55
3878.91
3878.91
3878.91
2219.98
2219.98
652.62
284.40
284.40
284.40
4661.55
4460.34
4460.34
4629.08
4629.08
4629.08
4629.08
4629.08
4629.08
4890.62
4890.62
4890.62
5669.61
5669.61
4496.44
660.52
660.52
660.52
4479.62
4479.62
5797.47
473.76
473.76
473.76
1043.14
1043.14
1199.52
1199.52
71.95
2340.26
2340.26
5340.07
5340.07
5340.07
1143.98
1143.98
113.89
113.89
5520.83
5520.83
5037.85
5037.85
5402.66
5402.66
5402.66
5402.66
44.19
44.19
4794.22
4794.22
4794.22
4794.22
4854.69
4854.69
4255.07
1365.25
1365.25
1365.25
100.29
100.29
321.53
321.53
1698.75
28.88
28.88
28.88
1256.97
1256.97
3888.33
4645.54
4645.54
4645.54
4760.70
4760.70
55.50
55.50
4327.40
980.58
980.58
980.58
4125.56
4125.56
1037.33
1037.33
1881.22
1881.22
1881.22
1881.22
4070.42
4070.42
681.20
681.20
1844.31
1844.31
3479.07
3479.07
21.60
21.60
657.00
657.00
1371.74
1371.74
3184.07
3184.07
3036.21
3036.21
2473.61
2473.61
2983.45
2983.45
2453.39
2453.39
86.22
86.22
2569.98
2569.98
20.92
20.92
3147.08
3147.08
1754.65
1754.65
3258.98
3258.98
1047.52
1047.52
3002.00
3002.00
3369.32
3369.32
3369.32
3369.32
1987.32
1987.32
2766.32
2766.32
3203.54
3203.54
3124.45
3124.45
36.20
36.20
2129.77
2129.77
2790.74
2790.74
1360.29
1360.29
54.82
54.82
133.00
133.00
1204.32
1204.32
2990.17
2990.17
2975.47
2975.47
3066.32
3066.32
3157.11
3157.11
3157.11
3157.11
1321.64
1321.64
85.20
85.20
70.77
70.77
2778.51
2778.51
3245.16
3245.16
456.11
456.11
3431.64
3431.64
1024.55
1024.55
323.52
323.52
3051.16
3051.16
4046.87
4046.87
4687.05
4687.05
3689.47
3689.47
3303.43
3303.43
3055.38
3055.38
222.26
222.26
82.83
82.83
1368.98
1368.98
149.53
149.53
1185.66
1185.66
1687.07
1687.07
2934.27
2934.27
4395.83
4395.83
4515.37
4515.37
82.80
82.80
4669.85
4669.85
4477.96
4477.96
172.68
172.68
991.66
991.66
1032.53
1032.53
109.39
109.39
2054.98
2054.98
457.90
457.90
1004.78
1004.78
1504.14
1504.14
1504.14
1504.14
1249.07
1249.07
103.96
103.96
5677.69
5677.69
4151.10
4151.10
164.60
164.60
1329.81
1329.81
676.09
676.09
37.04
37.04
3524.43
3524.43
4064.00
4064.00
4514.85
4514.85
4315.01
4315.01
4256.21
4256.21
4609.68
4609.68
4609.68
4609.68
41.12
41.12
35.17
35.17
32.98
32.98
112.38
112.38
4010.94
4010.94
3629.20
3629.20
1365.13
1365.13
3418.06
3418.06
3065.71
3065.71
4375.57
4375.57
4313.52
4313.52
4419.78
4419.78
31.42
31.42
5013.58
5013.58
3419.26
3419.26
4413.48
4413.48
5439.30
5439.30
5089.30
5089.30
5109.72
5109.72
5109.72
5109.72
5109.72
5109.72
956.75
956.75
5049.95
5049.95
4755.97
4755.97
4755.97
4755.97
5052.21
5052.21
4639.61
4639.61
4864.19
4864.19
4954.62
4954.62
5307.93
5307.93
5185.72
5185.72
5324.18
5324.18
5027.85
5027.85
6391.25
6391.25
6354.83
6354.83
6261.64
6261.64
5258.14
5258.14
5887.98
5887.98
5526.19
5526.19
6065.70
6065.70
834.32
834.32
4883.56
4883.56
5218.16
5218.16
5398.90
5398.90
718.51
718.51
3211.56
3211.56
4568.14
4568.14
5344.15
5344.15
5143.32
5143.32
5832.32
5832.32
5678.08
5678.08
5610.99
5610.99
1203.48
1203.48
5740.43
5740.43
5735.29
5735.29
5441.37
5441.37
6590.80
6590.80
4688.49
4688.49
5722.93
5722.93
6065.96
6065.96
5771.25
5771.25
1915.13
1915.13
5780.06
5780.06
5464.54
5464.54
5384.07
5384.07
4727.70
4727.70
5370.53
5370.53
5057.74
5057.74
2979.68
2979.68
6050.10
6050.10
5491.79
5491.79
6263.70
6263.70
5577.59
5577.59
5667.78
5667.78
4971.68
4971.68
5232.97
5232.97
639.19
639.19
6140.02
6140.02
4803.32
4803.32
5867.25
5867.25
5238.23
5238.23
6971.03
6971.03
5365.12
5365.12
5471.63
5471.63
5810.58
5810.58
1103.32
1103.32
5518.12
5518.12
5254.72
5254.72
110.34
110.34
2303.66
2303.66
5820.22
5820.22
6202.85
6202.85
4421.96
4421.96
5918.55
5918.55
5705.43
5705.43
5350.63
5350.63
5675.65
5675.65
5721.59
5721.59
5327.86
5327.86
89.98
89.98
5576.92
5576.92
5174.54
5174.54
73.32
73.32
459.15
459.15
72.00
72.00
834.24
834.24
5204.92
5204.92
134.30
134.30
474.16
474.16
72.61
72.61
16.30
16.30
2954.69
2954.69
5101.43
5101.43
4264.10
4264.10
4617.57
4617.57
4617.57
4617.57
4617.57
4617.57
4642.76
4642.76
4937.93
4937.93
4905.12
4905.12
5267.50
5267.50
4864.69
4864.69
14.30
14.30
4037.15
4037.15
3648.16
3648.16
4863.77
4863.77
1077.08
1077.08
1430.37
1430.37
56.72
56.72
4869.28
4869.28
1111.76
1111.76
1041.49
1041.49
30.42
30.42
878.27
878.27
4465.29
4465.29
841.11
841.11
165.80
165.80
10.00
10.00
10.00
10.00
10.00
10.00
1073.23
1073.23
5183.45
5183.45
763.68
763.68
125.82
125.82
98.56
98.56
34.01
34.01
1548.39
1548.39
568.95
568.95
4754.41
4754.41
4052.03
4052.03
2505.96
2505.96
4459.26
4459.26
2952.77
2952.77
5306.33
5306.33
2021.58
2021.58
64.29
64.29
3915.91
3915.91
4697.28
4697.28
781.60
781.60
171.10
171.10
33.58
33.58
472.62
472.62
1070.95
1070.95
33.23
33.23
1087.91
1087.91
371.08
371.08
4248.43
4248.43
30.12
30.12
3660.18
3660.18
3049.73
3049.73
2233.53
2233.53
516.99
516.99
112.97
112.97
4195.09
4195.09
3695.76
3695.76
192.60
192.60
916.45
916.45
3278.29
3278.29
327.61
327.61
23.40
23.40
1209.95
1209.95
127.75
127.75
72.12
72.12
106.25
106.25
10.00
10.00
82.15
82.15
10.00
10.00
501.00
501.00
3816.17
3816.17
3459.72
3459.72
3240.64
3240.64
3510.48
3510.48
3257.16
3257.16
1030.99
1030.99
671.39
671.39
1006.42
1006.42
141.29
141.29
18.95
18.95
3106.94
3106.94
93.38
93.38
3077.42
3077.42
81.69
81.69
1172.74
1172.74
4180.74
4180.74
3428.51
3428.51
3420.09
3420.09
3906.45
3906.45
4076.54
4076.54
4055.76
4055.76
4025.81
4025.81
4221.94
4221.94
3505.56
3505.56
4593.02
4593.02
4067.93
4067.93
4961.06
4961.06
72.30
72.30
5410.61
5410.61
3952.43
3952.43
59.52
59.52
5708.28
5708.28
4654.56
4654.56
5361.44
5361.44
5461.28
5461.28
1648.45
1648.45
5811.94
5811.94
5506.06
5506.06
5045.67
5045.67
587.84
587.84
5486.65
5486.65
5687.91
5687.91
5666.39
5666.39
4884.18
4884.18
5579.95
5579.95
5044.50
5044.50
4604.68
4604.68
4522.11
4522.11
4686.97
4686.97
4518.33
4518.33
4019.27
4019.27
4019.27
4019.27
4831.70
4831.70
4428.53
4428.53
2398.11
2398.11
2915.42
2915.42
4758.78
4758.78
4758.78
4758.78
6264.94
6264.94
5210.38
5210.38
4198.89
4198.89
4910.36
4910.36
5048.94
5048.94
5048.94
5048.94
5269.88
5269.88
5269.88
5269.88
4352.61
4352.61
4528.67
4528.67
4747.91
4747.91
3404.83
3404.83
4582.46
4582.46
1038.83
1038.83
5672.70
5672.70
4289.54
4289.54
4899.07
4899.07
1359.40
1359.40
5598.95
5598.95
4841.32
4841.32
4137.88
4137.88
5579.95
5579.95
5552.46
5552.46
5437.32
5437.32
5130.43
5130.43
4819.64
4819.64
4901.43
4901.43
5273.10
5273.10
1838.23
1838.23
794.43
794.43
3202.92
3202.92
6475.08
6475.08
6353.06
6353.06
984.89
984.89
6015.01
6015.01
138.04
138.04
768.10
768.10
5906.61
5906.61
5650.57
5650.57
6075.25
6075.25
6032.18
6032.18
897.35
897.35
6357.45
6357.45
6357.45
5509.87
5509.87
5509.87
2093.34
2093.34
71.81
71.81
4122.32
4122.32
37.08
37.08
1786.06
1786.06
160.77
160.77
117.01
117.01
1980.10
1980.10
10.00
10.00
10.00
10.00
10.00
10.00
889.57
889.57
2262.15
2262.15
2262.15
2262.15
5926.36
5926.36
6297.10
6297.10
4773.51
4773.51
5615.93
5615.93
1636.91
1636.91
222.87
222.87
6594.04
6594.04
341.77
341.77
341.77
1089.82
1089.82
4833.72
2190.60
2190.60
219.85
219.85
219.85
3879.93
58.99
58.99
255.92
255.92
255.92
16.70
17.80
17.80
17.80
50.96
27.61
27.61
144.14
144.14
4623.01
4623.01
4623.01
6220.82
5185.66
5185.66
6005.99
6005.99
6005.99
3580.56
3580.56
1148.36
128.84
128.84
67.85
67.85
67.85
5569.33
5569.33
5569.33
5183.10
5183.10
4481.24
4481.24
4481.24
1437.17
1437.17
162.35
34.24
34.24
29.60
29.60
29.60
57.05
57.05
27.17
779.08
779.08
1072.63
1072.63
1072.63
2672.45
2672.45
4434.00
4872.02
4872.02
3048.14
3048.14
3048.14
4184.87
5879.56
5879.56
4056.23
4056.23
4056.23
4722.34
4722.34
166.35
77.15
77.15
77.15
48.03
48.03
1151.30
865.18
865.18
219.79
219.79
219.79
56.71
177.83
177.83
4278.68
4278.68
4278.68
5479.43
5479.43
1000.91
1797.49
1797.49
1797.49
1638.16
1383.77
1383.77
119.40
119.40
119.40
1090.51
1090.51
321.74
4556.36
4556.36
4556.36
1047.18
1047.18
4833.73
1136.78
1136.78
1136.78
5197.64
5197.64
10.00
10.00
2201.82
1983.05
1983.05
1983.05
1035.85
1035.85
407.88
18.33
18.33
18.33
93.96
93.96
433.58
433.58
38.20
72.11
72.11
72.11
35.32
35.32
73.84
85.56
85.56
85.56
132.60
132.60
318.01
55.93
55.93
55.93
56.98
56.98
58.01
58.01
28.30
28.30
3129.10
3129.10
3094.45
3094.45
71.00
104.47
104.47
104.47
2419.97
2419.97
2969.60
2969.60
3260.43
3260.43
1908.88
1908.88
3541.96
3541.96
3443.40
3470.43
3470.43
3470.43
3482.04
3482.04
3814.99
3814.99
178.60
178.60
130.41
130.41
19.60
19.60
1229.93
1229.93
1052.51
1052.51
3628.21
3628.21
3470.16
3470.16
3483.01
3483.01
685.88
685.88
109.69
109.69
142.50
142.50
99.09
99.09
58.00
58.00
112.45
112.45
55.28
55.28
50.76
50.76
1052.59
1052.59
3488.77
3488.77
3419.07
3419.07
2732.82
2732.82
3805.50
3805.50
377.83
377.83
115.20
115.20
3654.64
3654.64
1272.01
1272.01
3147.16
3147.16
1405.98
1405.98
71.51
71.51
49.17
49.17
841.30
841.30
78.11
78.11
3700.84
3700.84
3181.29
3181.29
19.37
19.37
2722.42
2722.42
3243.66
3243.66
3055.00
3055.00
39.74
39.74
2352.90
2352.90
98.64
98.64
3095.70
3095.70
1685.41
1685.41
2268.36
2268.36
157.39
157.39
1606.26
1606.26
894.37
894.37
15.55
15.55
21.85
21.85
410.25
410.25
17.78
17.78
2683.12
2683.12
300.69
300.69
979.65
979.65
3100.40
3100.40
265.31
265.31
1427.80
1427.80
77.07
77.07
274.46
274.46
3285.98
3285.98
1170.79
1170.79
36.72
36.72
78.28
78.28
80.89
80.89
735.39
735.39
37.70
37.70
722.43
722.43
199.48
199.48
1423.74
1423.74
95.05
95.05
1027.94
1027.94
240.87
240.87
3593.23
3593.23
1424.15
1424.15
3579.47
3579.47
2875.63
2875.63
3120.59
3120.59
3074.20
3074.20
2949.16
2949.16
3559.92
3559.92
3448.89
3448.89
17.02
17.02
37.98
37.98
1670.53
1670.53
68.11
68.11
2977.00
2977.00
2494.64
2494.64
2494.64
2494.64
38.93
38.93
3316.58
3316.58
3063.45
3063.45
376.18
376.18
3208.24
3208.24
1320.64
1320.64
195.72
195.72
3453.37
3453.37
16.93
16.93
3076.55
3076.55
3177.73
3177.73
20.04
20.04
3049.41
3049.41
3386.68
3386.68
3052.64
3052.64
3173.35
3173.35
3173.35
3173.35
3010.73
3010.73
3164.30
3164.30
543.01
543.01
870.84
870.84
19.38
19.38
1115.22
1115.22
3257.34
3257.34
267.63
267.63
28.68
28.68
112.82
112.82
2108.04
2108.04
52.93
52.93
3926.49
3926.49
3976.74
3976.74
4678.93
4678.93
4480.20
4480.20
4835.49
4835.49
5259.95
5259.95
5581.38
5581.38
5680.56
5680.56
5522.64
5522.64
5522.64
5522.64
4694.63
4694.63
6042.96
6042.96
5446.34
5446.34
6326.50
6326.50
6693.88
6693.88
6236.85
6236.85
70.02
70.02
6179.27
6179.27
79.34
79.34
3046.80
3046.80
6354.42
6354.42
5145.19
5145.19
78.53
78.53
5883.34
5883.34
5883.34
5883.34
5632.84
5632.84
5671.41
5671.41
6436.63
6436.63
5954.68
5954.68
6086.01
6086.01
1683.00
1683.00
6568.70
6568.70
6161.99
6161.99
6537.44
6537.44
6537.44
6537.44
55.32
55.32
5957.71
5957.71
5838.15
5838.15
6297.96
6297.96
5972.76
5972.76
2048.01
2048.01
1926.34
1926.34
2309.71
2309.71
56.54
56.54
6658.66
6658.66
6336.79
6336.79
6260.19
6260.19
5268.20
5268.20
1987.83
1987.83
2997.23
2997.23
2699.23
2699.23
5998.60
5998.60
5481.62
5481.62
5426.50
5426.50
4871.19
4871.19
5404.91
5404.91
5815.72
5815.72
5815.72
5815.72
5815.72
5815.72
5959.60
5959.60
5368.48
5368.48
6095.93
6095.93
119.61
119.61
18.18
18.18
565.17
565.17
484.50
484.50
1364.74
1364.74
5198.13
5198.13
5918.02
5918.02
5839.07
5839.07
6215.27
6215.27
6276.35
6276.35
6276.35
6276.35
2716.66
2716.66
6407.05
6407.05
74.37
74.37
5861.69
5861.69
4361.91
4361.91
6341.48
6341.48
6603.30
6603.30
1112.57
1112.57
615.65
615.65
1020.10
1020.10
417.29
417.29
1906.03
1906.03
3675.24
3675.24
315.28
315.28
718.79
718.79
5828.87
5828.87
5524.46
5524.46
24.77
24.77
37.95
37.95
1112.34
1112.34
142.57
142.57
65.58
65.58
4580.15
4580.15
3993.27
3993.27
14.73
14.73
5674.47
5674.47
6254.36
6254.36
106.41
106.41
105.86
105.86
71.95
71.95
3868.64
3868.64
5961.09
5961.09
5545.59
5545.59
1893.24
1893.24
2039.27
2039.27
3396.76
3396.76
137.37
137.37
414.83
414.83
32.02
32.02
104.80
104.80
5454.57
5454.57
91.58
91.58
569.46
569.46
36.84
36.84
109.11
109.11
230.96
230.96
1167.57
1167.57
730.81
730.81
4502.00
4502.00
241.20
241.20
2061.69
2061.69
2512.58
2512.58
125.12
125.12
17.44
17.44
797.95
797.95
320.02
320.02
798.21
798.21
3095.74
3095.74
2579.77
2579.77
3573.20
3573.20
3368.98
3368.98
3126.83
3126.83
1070.28
1070.28
1992.39
1992.39
279.65
279.65
167.79
167.79
3058.71
3058.71
3168.17
3168.17
1727.49
1727.49
35.35
35.35
55.77
55.77
3002.00
3002.00
17.57
17.57
20.30
20.30
90.22
90.22
10.00
10.00
1223.76
1223.76
619.33
619.33
879.76
879.76
3292.60
3292.60
894.06
894.06
36.20
36.20
3601.80
3601.80
2284.85
2284.85
144.69
144.69
19.42
19.42
124.82
124.82
236.40
236.40
80.87
80.87
339.80
339.80
20.71
20.71
3247.49
3247.49
2995.55
2995.55
150.90
150.90
2606.55
2606.55
23.47
23.47
28.96
28.96
451.90
451.90
978.46
978.46
533.13
533.13
3751.98
3751.98
4400.07
4400.07
4880.87
4880.87
4244.24
4244.24
91.72
91.72
1127.50
1127.50
39.50
39.50
328.77
328.77
85.39
85.39
312.49
312.49
2172.55
2172.55
27.66
27.66
3330.64
3330.64
355.92
355.92
971.14
971.14
3531.36
3531.36
5118.62
5118.62
4688.77
4688.77
5782.72
5782.72
5633.64
5633.64
1122.10
1122.10
3612.61
3612.61
1070.02
1070.02
5841.43
5841.43
5751.51
5751.51
6265.53
6265.53
6014.85
6014.85
5106.92
5106.92
2467.63
2467.63
1055.84
1055.84
111.48
111.48
188.54
188.54
57.83
57.83
35.69
35.69
58.49
58.49
5436.29
5436.29
4708.66
4708.66
5850.46
5850.46
74.71
74.71
1067.00
1067.00
390.50
390.50
1349.60
1349.60
599.42
599.42
2712.96
2712.96
13.42
13.42
560.66
560.66
2947.96
2947.96
2861.71
2861.71
1045.78
1045.78
54.95
54.95
24.00
24.00
1095.65
1095.65
666.01
666.01
35.26
35.26
391.07
391.07
614.14
614.14
2506.70
2506.70
4724.67
4724.67
5027.09
5027.09
80.86
80.86
4976.86
4976.86
4335.59
4335.59
5054.51
5054.51
5737.36
5737.36
5482.92
5482.92
4872.55
4872.55
4462.52
4462.52
4462.52
4462.52
1093.02
1093.02
6073.00
6073.00
5717.38
5717.38
5131.54
5131.54
6028.04
6028.04
6272.64
6272.64
5804.26
5804.26
1043.64
1043.64
6120.75
6120.75
3161.53
3161.53
6381.88
6381.88
4780.30
4780.30
5817.47
5817.47
5121.85
5121.85
5877.80
5877.80
132.07
132.07
5935.60
5935.60
5522.72
5522.72
5591.84
5591.84
5809.19
5809.19
4153.57
4153.57
2727.07
2727.07
18.93
18.93
5632.73
5632.73
762.69
762.69
2243.74
2243.74
5922.74
5922.74
5922.74
3709.36
4529.07
4529.07
5653.22
5653.22
5565.57
5565.57
5747.85
5747.85
4712.03
4712.03
6701.82
6701.82
6701.82
6290.50
20.57
20.57
68.65
68.65
6380.38
6380.38
4304.77
4304.77
4990.83
4990.83
4547.07
4547.07
2928.43
2928.43
2709.04
2709.04
3963.73
3963.73
3963.73
4237.58
4237.58
3964.89
3558.44
3558.44
4179.04
4179.04
4484.89
4484.89
4484.89
3738.34
3549.28
3549.28
3549.28
3549.28
907.53
907.53
4275.20
4275.20
33.50
33.50
33.50
5914.27
6088.29
6088.29
5792.93
5792.93
5792.93
5749.20
5691.79
5691.79
5691.79
5691.79
1499.83
1499.83
1499.83
5943.61
73.79
73.79
3712.22
3712.22
3712.22
10.00
384.31
384.31
4067.52
4067.52
4067.52
458.80
458.80
5628.03
5004.32
5004.32
5004.32
858.56
858.56
3275.95
104.39
104.39
104.39
3369.71
3369.71
3369.71
440.05
440.05
440.05
5013.09
5013.09
264.32
1204.01
1204.01
2446.56
2446.56
2446.56
229.13
1442.74
1442.74
1410.09
1410.09
1410.09
1367.25
1367.25
4282.47
5185.27
5185.27
5185.27
1396.86
1130.86
1130.86
5312.12
5312.12
5387.69
5387.69
5387.69
2709.82
2709.82
211.65
5343.33
5343.33
5343.33
5374.91
5374.91
5607.62
25.02
25.02
10.00
10.00
10.00
1068.10
1068.10
137.99
4501.29
4501.29
3704.74
3704.74
3704.74
975.81
975.81
1075.07
137.76
137.76
137.76
3611.28
3611.28
4148.08
4148.08
1730.05
19.39
19.39
19.39
4284.06
4284.06
267.91
18.54
18.54
18.54
1201.76
1201.76
742.68
742.68
3377.91
3377.91
3132.64
3132.64
3448.35
3448.35
3259.62
3619.82
3619.82
3619.82
3619.82
3619.82
3514.30
3514.30
3246.85
3246.85
3537.01
3537.01
3142.71
2840.05
2840.05
2840.05
3582.80
3582.80
2459.03
2459.03
3425.86
2257.34
2257.34
2257.34
3317.71
3317.71
3493.79
3049.41
3049.41
3049.41
2784.32
2784.32
1955.59
1955.59
3200.89
3200.89
1544.83
1544.83
3308.01
3308.01
3364.05
3364.05
3364.05
3364.05
988.66
988.66
2913.23
2913.23
3325.90
3126.64
3126.64
3126.64
2953.91
2953.91
3400.84
3400.84
67.28
67.28
3475.12
3475.12
3475.12
3475.12
3352.59
3352.59
3482.10
3482.10
1972.34
1972.34
1975.52
1975.52
3666.17
3666.17
3788.75
3788.75
4878.91
4878.91
3093.31
3093.31
5494.09
5494.09
5494.09
5494.09
5955.87
5955.87
5594.66
5594.66
5594.66
5594.66
858.28
858.28
5764.22
5764.22
5764.22
5764.22
5688.82
5688.82
5930.92
5930.92
6158.59
6158.59
6107.95
6107.95
6107.95
6107.95
6107.95
6107.95
6114.04
6114.04
5807.99
5807.99
5807.99
5807.99
6257.31
6257.31
5929.82
5929.82
5255.95
5255.95
5526.23
5526.23
1007.34
1007.34
4714.59
4714.59
6090.45
6090.45
911.30
911.30
352.72
352.72
5476.20
5476.20
4440.10
4440.10
4323.73
4323.73
4147.05
4147.05
4147.05
4147.05
4147.05
4147.05
4147.05
4147.05
4147.05
4147.05
733.62
733.62
3668.19
3668.19
4015.38
4015.38
3367.36
3367.36
3234.30
3234.30
3653.33
3653.33
3366.23
3366.23
3489.98
3489.98
3020.87
3020.87
1967.09
1967.09
3438.87
3438.87
37.13
37.13
2167.71
2167.71
1117.62
1117.62
3293.56
3293.56
1507.91
1507.91
1033.02
1033.02
234.26
234.26
3384.28
3384.28
111.73
111.73
222.26
222.26
82.08
82.08
3779.85
3779.85
1092.17
1092.17
1039.84
1039.84
15.07
15.07
140.39
140.39
44.43
44.43
4097.08
4097.08
5333.56
5333.56
1520.32
1520.32
54.19
54.19
4828.16
4828.16
1114.94
1114.94
1974.17
1974.17
5162.78
5162.78
379.99
379.99
825.47
825.47
919.70
919.70
10.00
10.00
10.00
10.00
523.50
523.50
39.52
39.52
3784.02
3784.02
4135.31
4135.31
32.25
32.25
5019.97
5019.97
4885.60
4885.60
1384.77
1384.77
607.20
607.20
134.04
134.04
51.97
51.97
1544.97
1544.97
393.98
393.98
58.98
58.98
84.81
84.81
80.16
80.16
47.80
47.80
4757.45
4757.45
1040.33
1040.33
4558.15
4558.15
3922.08
3922.08
1878.26
1878.26
94.52
94.52
2392.27
2392.27
5628.14
5628.14
1041.63
1041.63
6122.96
6122.96
36.37
36.37
3918.91
3918.91
14.50
14.50
1120.43
1120.43
4942.30
4942.30
897.07
897.07
3677.07
3677.07
6256.97
6256.97
5404.92
5404.92
5856.42
5856.42
1087.21
1087.21
261.48
261.48
128.04
128.04
171.26
171.26
409.89
409.89
2387.19
2387.19
99.77
99.77
3181.52
3181.52
2073.22
2073.22
659.01
659.01
3501.29
3501.29
3208.18
3208.18
4287.81
4287.81
444.58
444.58
4089.41
4089.41
4590.07
4590.07
135.37
135.37
976.64
976.64
5263.99
5263.99
1686.91
1686.91
165.13
165.13
19.99
19.99
95.99
95.99
28.64
28.64
92.15
92.15
1163.73
1163.73
1331.04
1331.04
71.50
71.50
1814.10
1814.10
1023.78
1023.78
1174.98
1174.98
65.75
65.75
24.90
24.90
1941.36
1941.36
120.17
120.17
2548.31
2548.31
2264.92
2264.92
2815.96
2815.96
154.48
154.48
21.35
21.35
3303.11
3303.11
2589.70
2589.70
1522.62
1522.62
20.10
20.10
3166.92
3166.92
174.70
174.70
55.91
55.91
38.02
38.02
51.40
51.40
56.71
56.71
108.31
108.31
592.65
592.65
3088.29
3088.29
86.13
86.13
1473.51
1473.51
91.66
91.66
335.17
335.17
943.86
943.86
131.53
131.53
169.83
169.83
162.65
162.65
10.00
10.00
21.28
