# 1Hz Kbps trace generated by import_real_world_traces.py
2466.55
2798.69
2798.69
6580.26
6580.26
6580.26
1153.13
3142.95
3142.95
4071.81
4071.81
5683.66
5683.66
5595.68
5595.68
5595.26
5595.26
6708.60
6708.60
5699.92
5699.92
7278.06
7278.06
6310.69
6310.69
6690.79
6690.79
5964.18
5964.18
5701.98
5701.98
4850.27
4850.27
5373.43
5373.43
6360.32
6360.32
5823.55
5823.55
6838.53
6838.53
6054.99
6054.99
7599.59
7599.59
7973.04
7973.04
7782.46
7782.46
7072.06
7072.06
9658.44
9658.44
1135.90
1135.90
573.61
573.61
8794.48
8794.48
515.58
515.58
1657.41
1657.41
1340.76
1340.76
861.37
861.37
7166.13
7166.13
120.36
120.36
3180.87
3180.87
1718.17
1718.17
8633.78
8633.78
21.71
21.71
8999.35
8999.35
7375.44
7375.44
415.25
415.25
1565.62
1565.62
10097.63
10097.63
7201.32
7201.32
9610.95
9610.95
2929.63
2929.63
4580.65
4580.65
9773.92
9773.92
3752.20
3752.20
183.67
183.67
3319.20
3319.20
1134.07
1134.07
4504.39
4504.39
9187.71
9187.71
7609.58
7609.58
129.44
129.44
61.73
61.73
73.94
73.94
1443.56
1443.56
22.51
22.51
5222.58
5222.58
7320.82
7320.82
925.45
925.45
5104.12
5104.12
7784.14
7784.14
1405.20
1405.20
1518.32
1518.32
4762.71
4762.71
6579.21
6579.21
8033.02
8033.02
6857.93
6857.93
7551.78
7551.78
74.67
74.67
186.21
186.21
504.28
504.28
1298.30
1298.30
74.75
74.75
2741.96
2741.96
102.63
102.63
7201.63
7201.63
6074.01
6074.01
6063.04
6063.04
8573.97
8573.97
5918.98
5918.98
6663.75
6663.75
4242.25
4242.25
4242.25
4242.25
4289.13
4289.13
8199.45
8199.45
13.05
13.05
1345.01
1345.01
7889.45
7889.45
1069.12
1069.12
8620.35
8620.35
6454.82
6454.82
1263.85
1263.85
3989.26
3989.26
8814.58
8814.58
67.81
67.81
6809.16
6809.16
7815.26
7815.26
5123.25
5123.25
6195.02
6195.02
5190.59
5190.59
8264.47
8264.47
8019.09
8019.09
9074.00
9074.00
6380.18
6380.18
9835.74
9835.74
5263.55
5263.55
5856.83
5856.83
8576.14
8576.14
5829.92
5829.92
5431.76
5431.76
556.77
556.77
3775.30
3775.30
4421.90
4421.90
5393.19
5393.19
5549.94
5549.94
3769.02
3769.02
4902.47
4902.47
4902.47
4902.47
5786.28
5786.28
6912.76
6912.76
6819.70
6819.70
6819.70
6819.70
7608.61
7608.61
5826.96
5826.96
8155.41
8155.41
7726.40
7726.40
7296.24
7296.24
5883.55
5883.55
4958.73
4958.73
4958.73
4958.73
337.71
337.71
3486.93
3486.93
8735.48
8735.48
8735.48
8735.48
8735.48
8735.48
8735.48
8735.48
7839.03
7839.03
977.50
977.50
1554.25
1554.25
6421.93
6421.93
1125.91
1125.91
3917.59
3917.59
7513.96
7513.96
7780.57
7780.57
5352.23
5352.23
5875.78
5875.78
218.30
218.30
1466.49
1466.49
38.06
38.06
3348.16
3348.16
3348.16
3348.16
9105.93
9105.93
7971.84
7971.84
99.09
99.09
279.53
279.53
1738.46
1738.46
5127.12
5127.12
6255.38
6255.38
6325.84
6325.84
8419.26
8419.26
5295.31
5295.31
5289.68
5289.68
8469.10
8469.10
5536.38
5536.38
4409.43
4409.43
6645.14
6645.14
7101.32
7101.32
32.81
32.81
60.84
60.84
4401.53
4401.53
4997.03
4997.03
5426.95
5426.95
6140.90
6140.90
5889.91
5889.91
5286.99
5286.99
7039.17
7039.17
908.25
908.25
3650.99
3650.99
4159.97
4159.97
4791.39
4791.39
5751.50
5751.50
5805.28
5805.28
809.84
809.84
5030.97
5030.97
8025.64
8025.64
122.04
122.04
108.70
108.70
4606.73
4606.73
1464.53
1464.53
627.72
627.72
5415.03
5415.03
6006.73
6006.73
112.82
112.82
5370.27
5370.27
1633.42
1633.42
130.66
130.66
4646.26
4646.26
4681.53
4681.53
2277.50
2277.50
4477.94
4477.94
6072.67
6072.67
630.28
630.28
32.97
32.97
6311.33
6311.33
5702.31
5702.31
1237.36
1237.36
2126.94
2126.94
3779.22
3779.22
960.11
960.11
29.73
29.73
1471.84
1471.84
40.56
40.56
6676.98
6676.98
45.12
45.12
23.92
23.92
7353.87
7353.87
689.84
689.84
1539.97
1539.97
4534.08
4534.08
4781.86
4781.86
553.66
553.66
3008.18
3008.18
1694.51
1694.51
646.99
646.99
646.99
646.99
646.99
43.92
43.92
43.92
43.92
112.94
112.94
2443.80
4807.62
5420.83
38.74
38.74
223.07
223.07
1529.40
1529.40
5342.32
5342.32
1323.06
1323.06
875.71
875.71
4863.00
4863.00
2471.36
2471.36
3691.09
3691.09
6243.65
6243.65
994.99
994.99
5364.91
5364.91
1994.39
1994.39
5993.09
5993.09
5884.87
5884.87
7251.78
7251.78
31.91
31.91
7290.14
7290.14
6799.20
6799.20
37.07
37.07
1398.88
1398.88
26.85
26.85
41.10
41.10
1305.81
1305.81
4480.96
4480.96
1674.20
1674.20
1057.86
1057.86
327.04
327.04
6932.49
6932.49
959.53
959.53
1088.16
1088.16
1807.42
1807.42
49.08
49.08
6313.74
6313.74
76.71
76.71
1486.01
1486.01
5732.29
5732.29
5770.78
5770.78
1471.72
1471.72
5677.58
5677.58
35.14
35.14
22.20
22.20
1139.81
1139.81
5494.35
5494.35
1658.58
1658.58
2079.58
2079.58
5994.83
5994.83
6059.27
6059.27
6059.27
231.61
231.61
8389.20
8389.20
24.79
24.79
110.96
110.96
5502.96
5502.96
4779.45
4779.45
1545.24
1545.24
363.15
363.15
16.20
16.20
696.71
696.71
258.67
258.67
5778.15
5778.15
9057.63
9057.63
8182.41
8182.41
8542.17
8542.17
2451.90
2451.90
35.23
35.23
7312.58
7312.58
6820.52
6820.52
1108.80
1108.80
4492.99
4492.99
6132.75
6132.75
6295.79
6295.79
1144.48
1144.48
269.07
269.07
78.10
78.10
436.89
436.89
337.09
337.09
1518.92
1518.92
6115.41
6115.41
5151.31
5151.31
4492.94
4492.94
151.57
151.57
571.87
571.87
7734.18
7734.18
3420.61
3420.61
662.31
662.31
1437.60
1437.60
244.14
244.14
1638.24
1638.24
1389.51
1389.51
5565.97
5565.97
6724.81
6724.81
8151.66
8151.66
6210.81
6210.81
8702.52
8702.52
8753.30
8753.30
7902.01
7902.01
7057.07
7057.07
5917.63
5917.63
9098.16
9098.16
7754.58
7754.58
8087.52
8087.52
5994.32
5994.32
6185.62
6185.62
9724.10
9724.10
8485.91
8485.91
55.56
55.56
5706.66
5706.66
2217.55
2217.55
4640.85
4640.85
9276.77
9276.77
6688.86
6688.86
5783.83
5783.83
1473.15
1473.15
8282.85
8282.85
4892.78
4892.78
22.26
22.26
93.66
93.66
88.44
88.44
6161.01
6161.01
7873.40
7873.40
7873.40
7873.40
7792.85
7792.85
5102.61
5102.61
57.08
57.08
5836.33
5836.33
6305.51
6305.51
6064.14
6064.14
5358.65
5358.65
6798.12
6798.12
5802.36
5802.36
13.40
13.40
7806.59
7806.59
7211.27
7211.27
1656.92
1656.92
8739.74
8739.74
101.74
101.74
10727.58
10727.58
7531.40
7531.40
6614.62
6614.62
7313.61
7313.61
6093.78
6093.78
8656.16
8656.16
10355.62
10355.62
6580.44
6580.44
3844.40
3844.40
11579.39
11579.39
3828.14
3828.14
6236.49
6236.49
6640.92
6640.92
8457.64
8457.64
8376.89
8376.89
8651.36
8651.36
75.98
75.98
8236.35
8236.35
9036.55
9036.55
6165.61
6165.61
5740.19
5740.19
7254.26
7254.26
9955.99
9955.99
6303.07
6303.07
5940.38
5940.38
1905.67
1905.67
5324.29
5324.29
2448.72
2448.72
23.05
23.05
7419.74
7419.74
820.57
820.57
8075.29
8075.29
8243.82
8243.82
9831.73
9831.73
24.28
24.28
6131.75
6131.75
5286.52
5286.52
4484.77
4484.77
10883.32
10883.32
10883.32
10883.32
2353.71
2353.71
10103.48
10103.48
6533.61
6533.61
1253.27
1253.27
936.83
936.83
4852.78
4852.78
10389.14
10389.14
10389.14
10389.14
6899.74
6899.74
6386.17
6386.17
1351.87
1351.87
1351.87
1351.87
1351.87
1351.87
7289.37
7289.37
5810.32
5810.32
1354.74
1354.74
139.58
139.58
3706.64
3706.64
3706.64
3706.64
3706.64
3706.64
36.77
36.77
4652.11
4652.11
9091.50
9091.50
8936.18
8936.18
207.62
207.62
6282.38
6282.38
6282.38
6282.38
9998.55
9998.55
809.29
809.29
1664.17
1664.17
1777.70
1777.70
6624.29
6624.29
8265.49
8265.49
8265.49
8265.49
8265.49
8265.49
6181.33
6181.33
6732.04
6732.04
7245.84
7245.84
4824.51
4824.51
6461.96
6461.96
6461.96
6461.96
6461.96
6461.96
6461.96
6461.96
8410.39
8410.39
5804.72
5804.72
8389.76
8389.76
5584.59
5584.59
9227.67
9227.67
9227.67
9227.67
9227.67
9227.67
8763.15
8763.15
1665.86
1665.86
1207.74
1207.74
1457.89
1457.89
6677.15
6677.15
3438.30
3438.30
7304.88
7304.88
7627.91
7627.91
5889.18
5889.18
6267.19
6267.19
7562.11
7562.11
7096.43
7096.43
7428.80
7428.80
1283.69
1283.69
6884.02
6884.02
7494.10
7494.10
7494.10
7494.10
7020.29
7020.29
7761.22
7761.22
8095.33
8095.33
9955.54
9955.54
508.94
508.94
6013.98
6013.98
6220.24
6220.24
1522.86
1522.86
1467.53
1467.53
6603.26
6603.26
1657.37
1657.37
953.57
953.57
662.90
662.90
10.00
10.00
6762.95
6762.95
5642.94
5642.94
137.82
137.82
7496.97
7496.97
8718.69
8718.69
7216.91
7216.91
425.75
425.75
300.29
300.29
5261.16
5261.16
24.43
24.43
3404.20
3404.20
5159.97
5159.97
490.38
490.38
16.10
16.10
326.57
326.57
37.61
37.61
24.57
24.57
3612.20
3612.20
1143.38
1143.38
2555.57
2555.57
1388.18
1388.18
155.07
155.07
614.42
614.42
836.29
836.29
6935.30
6935.30
1623.09
1623.09
487.22
487.22
457.89
457.89
4770.03
4770.03
6488.34
6488.34
191.71
191.71
356.72
356.72
1411.31
1411.31
5982.55
5982.55
6428.86
6428.86
5679.85
5679.85
9362.53
9362.53
6364.06
6364.06
6582.59
6582.59
9180.96
9180.96
4749.71
4749.71
82.07
82.07
1029.15
1029.15
372.55
372.55
5136.49
5136.49
102.50
102.50
3523.50
3523.50
140.43
140.43
6774.29
6774.29
5809.69
5809.69
7698.88
7698.88
8319.24
8319.24
7756.44
7756.44
5451.84
5451.84
9693.94
9693.94
8096.54
8096.54
7115.85
7115.85
6879.53
6879.53
9440.57
9440.57
9169.66
9169.66
6181.88
6181.88
7925.27
7925.27
7121.90
7121.90
7188.79
7188.79
1152.32
1152.32
1796.71
1796.71
1710.41
1710.41
5151.45
5151.45
5907.70
5907.70
3421.07
3421.07
5530.24
5530.24
5607.97
5607.97
7416.53
7416.53
4954.79
4954.79
5786.92
5786.92
6786.50
6786.50
7701.73
7701.73
8822.19
8822.19
7826.39
7826.39
7865.84
7865.84
7465.00
7465.00
5976.76
5976.76
7210.51
7210.51
7115.24
7115.24
7185.43
7185.43
7413.24
7413.24
6369.33
6369.33
8052.04
8052.04
7046.67
7046.67
5028.30
5028.30
8696.14
8696.14
8270.98
8270.98
6952.42
6952.42
5929.14
5929.14
9133.98
9133.98
11127.97
11127.97
8484.21
8484.21
2012.24
2012.24
19.10
19.10
1549.02
1549.02
298.35
298.35
7790.06
7790.06
1352.57
1352.57
6953.98
6953.98
738.64
738.64
2957.55
2957.55
267.78
267.78
33.28
33.28
1869.34
1869.34
1379.26
1379.26
16.61
16.61
7185.98
7185.98
19.45
19.45
5644.22
5644.22
5774.77
5774.77
6556.16
6556.16
7540.28
7540.28
6074.62
6074.62
7475.22
7475.22
7074.42
7074.42
8019.88
8019.88
7192.02
7192.02
2068.43
2068.43
8007.03
8007.03
6802.54
6802.54
730.37
730.37
8330.26
8330.26
7714.61
7714.61
1694.60
1694.60
5088.01
5088.01
2442.77
2442.77
5749.83
5749.83
8145.74
8145.74
1635.55
1635.55
9722.53
9722.53
5981.14
5981.14
8969.59
8969.59
8987.42
8987.42
8987.42
8987.42
54.96
54.96
9701.89
9701.89
10057.97
10057.97
10027.30
10027.30
6686.66
6686.66
9948.35
9948.35
5101.49
5101.49
5101.49
5101.49
108.06
108.06
7115.44
7115.44
7967.62
7967.62
7009.70
7009.70
291.70
291.70
3506.87
3506.87
8587.86
8587.86
8587.86
8587.86
8587.86
8587.86
40.59
40.59
8525.64
8525.64
1074.09
1074.09
7580.16
7580.16
9819.54
9819.54
6278.34
6278.34
7032.08
7032.08
8889.84
8889.84
8968.29
8968.29
8968.29
8968.29
8968.29
8968.29
8968.29
8968.29
9031.71
9031.71
8157.45
8157.45
7663.44
7663.44
7663.44
7663.44
8775.16
8775.16
8680.17
8680.17
1443.84
1443.84
3649.67
3649.67
9721.47
9721.47
8574.72
8574.72
6628.97
6628.97
6722.92
6722.92
1270.40
1270.40
4861.54
4861.54
1381.22
1381.22
2118.87
2118.87
2155.73
2155.73
13.78
13.78
32.68
32.68
489.91
489.91
1467.88
1467.88
3607.60
3607.60
783.07
783.07
6868.22
6868.22
9053.54
9053.54
1602.03
1602.03
3190.88
3190.88
6649.96
6649.96
3140.28
3140.28
3728.61
3728.61
4801.31
4801.31
39.46
39.46
5978.89
5978.89
5220.26
5220.26
20.90
20.90
168.46
168.46
48.75
48.75
1543.71
1543.71
3374.88
3374.88
3822.30
3822.30
5028.88
5028.88
330.65
330.65
1872.86
1872.86
5041.04
5041.04
4571.16
4571.16
1861.72
1861.72
6688.34
6688.34
6031.63
6031.63
1127.04
1127.04
6240.37
6240.37
6240.37
6240.37
5210.81
5210.81
5772.27
5772.27
6254.61
6254.61
611.35
611.35
611.35
6524.83
1715.48
1715.48
1345.81
1345.81
5826.01
5826.01
79.56
79.56
2294.87
2294.87
1460.31
1460.31
890.99
890.99
4402.08
4402.08
369.43
369.43
82.80
82.80
533.78
533.78
112.93
112.93
16.92
16.92
424.52
424.52
112.71
112.71
39.31
39.31
531.61
531.61
6843.38
6843.38
5950.68
5950.68
1469.54
1469.54
5686.94
5686.94
2141.07
2141.07
111.11
111.11
5844.25
5844.25
6696.15
6696.15
1716.54
1716.54
75.18
75.18
116.49
116.49
818.47
818.47
144.72
144.72
22.88
22.88
1465.94
1465.94
30.40
30.40
57.03
57.03
307.65
307.65
834.91
834.91
130.48
130.48
39.51
39.51
2984.70
2984.70
5267.83
5267.83
122.17
122.17
1530.75
1530.75
443.08
443.08
1687.54
1687.54
2916.79
2916.79
10.00
10.00
1839.53
1839.53
10.00
10.00
43.41
43.41
454.51
454.51
1486.15
1486.15
989.26
989.26
1488.85
1488.85
162.06
162.06
136.23
136.23
1487.10
1487.10
6885.26
6885.26
231.67
231.67
210.55
210.55
3032.11
3032.11
1472.47
1472.47
834.45
834.45
22.04
22.04
6391.43
6391.43
5633.47
5633.47
7495.88
7495.88
7661.05
7661.05
7661.05
5595.02
5595.02
5000.49
5000.49
27.44
27.44
2128.60
2128.60
189.08
189.08
10.00
10.00
64.37
64.37
1465.29
1465.29
5243.96
5243.96
4024.77
4024.77
7203.54
7203.54
3314.84
3314.84
1470.29
1470.29
229.66
229.66
248.80
248.80
275.83
275.83
62.36
62.36
4931.12
4931.12
2442.59
2442.59
7070.92
7070.92
6442.83
6442.83
4137.81
4137.81
2595.73
2595.73
6450.66
6450.66
7897.39
7897.39
3166.36
3166.36
1139.00
1139.00
407.80
407.80
5550.81
5550.81
8299.29
8299.29
5482.30
5482.30
1254.09
1254.09
5654.04
5654.04
7329.43
7329.43
184.41
184.41
6772.36
6772.36
1476.04
1476.04
5140.46
5140.46
6666.60
6666.60
9566.10
9566.10
7510.44
7510.44
92.15
92.15
6957.48
6957.48
6473.33
6473.33
5988.82
5988.82
724.79
724.79
2533.33
2533.33
6891.82
6891.82
286.41
286.41
2264.53
2264.53
46.14
46.14
814.95
814.95
1329.90
1329.90
6000.43
6000.43
3918.30
3918.30
62.84
62.84
5576.34
5576.34
1517.33
1517.33
166.01
166.01
30.38
30.38
1148.13
1148.13
4650.96
4650.96
5872.69
5872.69
2045.95
2045.95
5400.10
5400.10
5119.68
5119.68
6206.82
6206.82
1183.85
1183.85
5458.28
5458.28
6437.45
6437.45
60.45
60.45
56.00
56.00
1468.94
1468.94
1276.86
1276.86
1420.60
1420.60
223.10
223.10
8583.78
8583.78
195.69
195.69
6338.53
6338.53
1481.46
1481.46
303.85
303.85
105.91
105.91
19.24
19.24
4605.39
4605.39
5979.55
5979.55
4283.70
4283.70
5732.02
5732.02
3040.12
3040.12
19.24
19.24
1243.11
1243.11
154.40
154.40
1442.17
1442.17
40.51
40.51
1121.01
1121.01
2098.90
2098.90
6141.09
6141.09
6175.39
6175.39
2102.57
2102.57
7352.45
7352.45
2214.10
2214.10
4864.22
4864.22
1448.92
1448.92
639.07
639.07
3904.98
3904.98
1785.81
1785.81
5652.13
5652.13
1535.73
1535.73
6312.96
6312.96
5317.83
5317.83
6173.36
6173.36
7611.38
7611.38
1705.91
1705.91
959.36
959.36
7388.92
7388.92
5502.92
5502.92
1607.62
1607.62
25.37
25.37
716.81
716.81
67.29
67.29
2164.42
2164.42
707.61
707.61
1175.19
1175.19
2144.81
2144.81
24.44
24.44
4632.14
4632.14
4563.35
4563.35
3689.05
3689.05
4020.87
4020.87
4844.02
4844.02
6678.14
6678.14
7812.34
7812.34
4928.35
4928.35
8090.73
8090.73
8430.60
8430.60
1363.73
1363.73
2442.25
2442.25
409.70
409.70
156.76
156.76
1321.64
1321.64
1429.06
1429.06
5795.61
5795.61
4977.71
4977.71
5044.98
5044.98
1000.20
1000.20
1470.24
1470.24
972.75
972.75
87.43
87.43
6537.32
6537.32
233.24
233.24
22.34
22.34
4925.11
4925.11
1123.26
1123.26
6673.69
6673.69
6029.30
6029.30
7272.32
7272.32
5233.68
5233.68
3699.24
3699.24
674.62
674.62
1254.13
1254.13
8282.01
8282.01
6631.31
6631.31
6699.08
6699.08
6184.22
6184.22
5856.53
5856.53
7323.15
7323.15
1393.65
1393.65
6517.55
6517.55
868.37
868.37
4818.89
4818.89
357.03
357.03
6325.14
6325.14
43.52
43.52
6017.17
6017.17
7528.26
7528.26
5497.08
5497.08
8398.69
8398.69
7959.99
7959.99
428.45
428.45
1302.05
1302.05
678.69
678.69
1462.30
1462.30
19.07
19.07
1177.85
1177.85
484.42
484.42
5623.20
5623.20
1365.85
1365.85
4212.99
4212.99
1868.16
1868.16
3553.64
3553.64
2529.69
2529.69
2192.73
2192.73
253.05
253.05
8178.30
8178.30
1590.76
1590.76
42.77
42.77
761.75
761.75
1799.26
1799.26
6294.70
6294.70
197.69
197.69
4930.76
4930.76
6110.34
6110.34
1649.31
1649.31
35.60
35.60
485.80
485.80
10.00
10.00
189.83
189.83
111.63
111.63
314.89
314.89
6253.22
6253.22
8417.13
8417.13
507.76
507.76
6071.32
6071.32
8747.61
8747.61
6610.90
6610.90
5757.53
5757.53
5714.39
5714.39
1503.41
1503.41
680.38
680.38
1435.03
1435.03
117.00
117.00
418.42
418.42
74.67
74.67
1144.25
1144.25
1468.40
1468.40
740.68
740.68
1384.48
1384.48
119.39
119.39
5064.52
5064.52
3694.70
3694.70
114.60
114.60
139.37
139.37
64.42
64.42
3836.14
3836.14
14.55
14.55
5240.45
5240.45
3016.00
3016.00
2692.15
2692.15
5425.03
5425.03
33.39
33.39
3727.78
3727.78
703.62
703.62
144.14
144.14
1089.11
1089.11
575.15
575.15
828.81
828.81
68.78
68.78
154.00
154.00
4018.74
4018.74
5484.85
5484.85
6859.79
6859.79
6142.56
6142.56
2707.53
2707.53
48.23
48.23
6054.45
6054.45
6235.18
6235.18
7401.84
7401.84
8028.79
8028.79
9251.46
9251.46
6875.11
6875.11
8200.93
8200.93
5989.31
5989.31
7202.34
7202.34
7191.98
7191.98
8075.81
8075.81
8255.16
8255.16
7754.76
7754.76
7829.81
7829.81
6467.35
6467.35
142.23
142.23
5213.43
5213.43
7089.12
7089.12
4925.57
4925.57
4634.86
4634.86
2382.17
2382.17
5540.61
5540.61
6373.03
6373.03
5524.68
5524.68
5524.68
5524.68
5869.35
5869.35
5869.35
5869.35
4793.42
4793.42
4793.42
4793.42
5026.74
5026.74
5376.08
5376.08
5294.92
5294.92
5470.32
5470.32
2824.02
2824.02
4915.88
4915.88
5638.86
5638.86
5638.86
5638.86
4780.28
4780.28
6163.88
6163.88
4726.49
4726.49
6101.91
6101.91
6101.91
6101.91
1204.99
1204.99
6245.12
6245.12
5629.06
5629.06
278.10
278.10
6793.21
6793.21
6247.32
6247.32
6247.32
6247.32
6221.30
6221.30
3895.16
3895.16
3845.78
3845.78
3845.78
3845.78
8410.32
8410.32
5936.19
5936.19
7496.77
7496.77
4224.76
4224.76
6365.82
6365.82
5990.50
5990.50
6925.07
6925.07
6925.07
6925.07
114.95
114.95
7254.85
7254.85
7680.88
7680.88
212.02
212.02
7061.97
7061.97
7761.44
7761.44
98.19
98.19
5829.83
5829.83
6373.31
6373.31
6786.14
6786.14
3586.54
3586.54
8426.34
8426.34
1681.07
1681.07
1743.29
1743.29
1093.14
1093.14
343.48
343.48
1105.46
1105.46
6179.88
6179.88
6418.75
6418.75
18.02
18.02
2053.61
2053.61
4972.82
4972.82
76.41
76.41
383.69
383.69
1297.72
1297.72
4021.67
4021.67
4874.40
4874.40
5857.78
5857.78
5054.95
5054.95
1040.19
1040.19
2871.32
2871.32
19.59
19.59
948.09
948.09
67.01
67.01
151.37
151.37
31.90
31.90
1404.03
1404.03
166.71
166.71
24.98
24.98
5244.74
5244.74
407.72
407.72
4831.26
4831.26
5331.72
5331.72
1706.08
1706.08
361.44
361.44
126.15
126.15
96.93
96.93
965.78
965.78
7227.71
7227.71
1345.80
1345.80
9563.47
9563.47
9467.89
9467.89
82.79
82.79
5924.66
5924.66
7224.88
7224.88
7500.63
7500.63
1447.74
1447.74
23.50
23.50
1354.72
1354.72
18.88
18.88
3762.14
3762.14
87.06
87.06
115.49
115.49
63.03
63.03
363.80
363.80
10.00
10.00
1179.77
1179.77
46.02
46.02
155.41
155.41
5932.26
5932.26
32.48
32.48
8800.48
8800.48
1526.11
1526.11
7962.29
7962.29
8998.92
8998.92
598.04
598.04
71.64
71.64
9072.02
9072.02
384.96
384.96
1576.75
1576.75
4566.69
4566.69
24.97
24.97
4075.97
4075.97
72.98
72.98
1546.56
1546.56
224.23
224.23
3680.22
3680.22
937.48
937.48
395.01
395.01
1470.38
1470.38
6610.75
6610.75
7195.81
7195.81
56.91
56.91
6076.67
6076.67
1385.89
1385.89
1914.34
1914.34
1124.02
1124.02
6432.01
6432.01
2382.87
2382.87
2459.07
2459.07
1091.86
1091.86
1183.36
1183.36
1088.84
1088.84
1088.84
519.34
519.34
931.29
77.32
77.32
3120.57
3120.57
193.23
193.23
1358.26
1358.26
103.41
103.41
472.32
472.32
4133.11
4133.11
239.19
239.19
1558.27
1558.27
5797.08
5797.08
7016.04
7016.04
7813.80
7813.80
13.73
13.73
27.37
27.37
6382.11
6382.11
1295.23
1295.23
65.10
65.10
28.20
28.20
741.87
741.87
4721.70
4721.70
72.18
72.18
2195.38
2195.38
5230.05
5230.05
4243.72
4243.72
5079.81
5079.81
5079.81
5079.81
7699.62
7699.62
5105.76
5105.76
6255.84
6255.84
7444.59
7444.59
6404.59
6404.59
269.85
269.85
5649.88
5649.88
7533.52
7533.52
1559.63
1559.63
3766.58
3766.58
6052.20
6052.20
186.10
186.10
771.27
771.27
6721.89
6721.89
7384.08
7384.08
2936.49
2936.49
4131.44
4131.44
1038.36
1038.36
5630.13
5630.13
6718.11
6718.11
8662.39
8662.39
8224.94
8224.94
8224.94
8224.94
8224.94
8224.94
10411.76
10411.76
7063.95
7063.95
7063.95
7063.95
7063.95
7063.95
277.33
277.33
4958.87
4958.87
4543.39
4543.39
7730.85
7730.85
7249.64
7249.64
4553.51
4553.51
1550.24
1550.24
5711.22
5711.22
5044.74
5044.74
3865.00
3865.00
1901.54
1901.54
8860.92
8860.92
1157.36
1157.36
5503.27
5503.27
10279.18
10279.18
10279.18
10279.18
7086.31
7086.31
7725.82
7725.82
10372.24
10372.24
1224.74
1224.74
5444.18
5444.18
7466.31
7466.31
9834.62
9834.62
6705.63
6705.63
7297.48
7297.48
9061.07
9061.07
8911.60
8911.60
8911.60
8911.60
8911.60
10112.76
10112.76
9792.64
9792.64
59.42
59.42
3632.15
3632.15
5892.93
5892.93
11833.27
11833.27
19.12
19.12
5112.14
5112.14
5112.14
5112.14
11623.70
11623.70
10671.82
10671.82
6924.64
6924.64
5694.45
5694.45
9632.35
9632.35
10958.44
10958.44
34.85
34.85
12230.98
12230.98
10065.15
10065.15
384.82
384.82
1621.59
1621.59
5313.39
5313.39
1009.85
1009.85
6835.15
6835.15
4367.98
4367.98
4852.41
4852.41
6065.79
6065.79
6156.20
6156.20
8200.65
8200.65
310.64
310.64
1127.34
1127.34
196.64
196.64
28.27
28.27
145.32
145.32
118.53
118.53
268.37
268.37
2792.92
2792.92
180.41
180.41
64.53
64.53
5382.90
5382.90
905.63
905.63
82.75
82.75
5685.29
5685.29
2297.15
2297.15
5232.74
5232.74
5009.17
5009.17
6167.83
6167.83
7570.59
7570.59
2992.22
2992.22
1298.10
1298.10
11.34
11.34
15.19
15.19
28.14
28.14
155.31
155.31
5215.30
5215.30
6530.60
6530.60
30.28
30.28
5864.39
5864.39
5279.94
5279.94
32.18
32.18
10.00
10.00
2294.32
2294.32
85.00
85.00
44.52
44.52
84.60
84.60
223.91
223.91
1503.09
1503.09
5194.91
5194.91
1466.37
1466.37
1449.02
1449.02
1999.59
1999.59
20.75
20.75
3061.21
3061.21
2309.51
2309.51
446.22
446.22
4090.23
4090.23
5729.44
5729.44
5534.77
5534.77
5100.39
5100.39
532.11
532.11
127.73
127.73
63.97
63.97
68.88
68.88
20.17
20.17
63.29
63.29
2897.26
2897.26
8446.18
8446.18
4037.16
4037.16
8494.99
8494.99
7831.86
7831.86
1621.17
1621.17
8206.75
8206.75
59.00
59.00
650.17
650.17
1010.41
1010.41
34.83
34.83
485.35
485.35
1381.32
1381.32
246.57
246.57
195.98
195.98
148.83
148.83
21.35
21.35
1370.17
1370.17
139.50
139.50
1307.60
1307.60
1382.32
1382.32
1230.54
1230.54
139.16
139.16
46.93
46.93
5814.93
5814.93
2048.71
2048.71
4943.67
4943.67
6286.97
6286.97
3333.74
3333.74
130.79
130.79
433.91
433.91
109.20
109.20
71.25
71.25
407.92
407.92
2658.45
2658.45
235.38
235.38
1515.62
1515.62
430.64
430.64
37.33
37.33
34.12
34.12
1885.14
1885.14
1493.92
1493.92
962.64
962.64
187.62
187.62
160.90
160.90
810.83
810.83
215.95
215.95
144.55
144.55
1284.31
1284.31
6473.73
6473.73
4948.48
4948.48
6993.19
6993.19
374.75
374.75
4253.81
4253.81
7103.30
7103.30
7172.63
7172.63
2583.46
2583.46
6401.61
6401.61
8132.31
8132.31
2850.00
2850.00
1291.98
1291.98
269.54
269.54
71.79
71.79
188.56
188.56
15.47
15.47
1562.06
1562.06
1088.78
1088.78
8420.46
8420.46
16.46
16.46
8540.72
8540.72
49.66
49.66
252.61
252.61
275.01
275.01
23.81
23.81
441.57
441.57
44.18
44.18
410.46
410.46
45.83
45.83
5068.41
5068.41
6373.60
6373.60
4459.40
4459.40
5577.73
5577.73
5472.92
5472.92
1053.57
1053.57
3700.25
3700.25
29.58
29.58
747.87
747.87
2962.58
2962.58
4753.91
4753.91
7174.93
7174.93
698.80
698.80
4279.89
4279.89
359.71
359.71
106.10
106.10
6602.37
6602.37
1149.61
1149.61
135.41
135.41
2636.98
2636.98
3490.62
3490.62
20.74
20.74
5564.34
5564.34
2703.49
2703.49
1267.28
1267.28
6937.26
6937.26
1839.15
1839.15
50.21
50.21
35.35
35.35
65.40
65.40
106.01
106.01
503.20
503.20
329.65
329.65
898.89
898.89
5203.15
5203.15
5810.17
5810.17
6981.89
6981.89
2335.63
2335.63
448.19
448.19
241.43
241.43
789.44
789.44
277.71
277.71
1485.88
1485.88
3431.98
3431.98
5831.38
5831.38
130.75
130.75
2244.37
2244.37
31.86
31.86
19.55
19.55
1546.35
1546.35
304.14
304.14
193.36
193.36
23.78
23.78
834.50
834.50
45.65
45.65
750.66
750.66
20.58
20.58
921.29
921.29
2840.79
2840.79
5919.90
5919.90
70.37
70.37
6225.90
6225.90
3664.09
3664.09
5700.63
5700.63
3264.15
3264.15
5374.93
5374.93
7777.20
7777.20
292.91
292.91
4277.65
4277.65
1188.76
1188.76
218.80
218.80
1458.85
1458.85
7890.97
7890.97
5928.41
5928.41
163.86
163.86
1325.12
1325.12
74.14
74.14
64.15
64.15
1257.18
1257.18
7828.57
7828.57
7828.57
7828.57
2593.22
2593.22
5131.14
5131.14
7684.49
7684.49
8351.32
8351.32
8351.32
8351.32
8623.77
8623.77
8880.05
8880.05
9282.64
9282.64
144.68
144.68
1388.33
1388.33
8353.89
8353.89
9338.86
9338.86
8513.24
8513.24
7206.96
7206.96
8174.86
8174.86
87.33
87.33
144.45
144.45
249.98
249.98
6842.16
6842.16
62.81
62.81
7368.61
7368.61
7572.39
7572.39
9640.02
9640.02
5458.93
5458.93
7889.57
7889.57
7889.57
7889.57
7889.57
7889.57
8940.34
8940.34
6777.57
6777.57
9052.54
9052.54
10627.05
10627.05
7890.04
7890.04
9833.25
9833.25
10076.58
10076.58
8576.84
8576.84
5748.48
5748.48
3035.53
3035.53
513.06
513.06
8191.52
8191.52
9227.32
9227.32
1547.70
1547.70
4185.68
4185.68
8566.84
8566.84
111.81
111.81
7007.04
7007.04
5715.53
5715.53
8498.98
8498.98
1169.22
1169.22
8056.20
8056.20
184.12
184.12
6568.16
6568.16
4979.35
4979.35
4158.56
4158.56
2469.09
2469.09
1625.02
1625.02
9915.13
9915.13
6504.17
6504.17
43.38
43.38
5896.01
5896.01
1885.33
1885.33
2311.62
2311.62
3153.52
3153.52
3189.88
3189.88
3624.32
3624.32
8354.06
8354.06
4792.70
4792.70
5596.77
5596.77
8214.69
8214.69
6005.75
6005.75
6005.75
6005.75
6005.75
6005.75
6005.75
6005.75
7916.34
7916.34
8361.73
8361.73
8829.73
8829.73
8541.30
8541.30
7360.95
7360.95
8290.08
8290.08
6462.01
6462.01
62.58
62.58
17.01
17.01
40.70
40.70
82.93
82.93
1240.27
1240.27
1895.74
1895.74
6434.73
6434.73
7270.29
7270.29
8029.13
8029.13
5222.90
5222.90
6813.95
6813.95
7194.38
7194.38
619.83
619.83
1717.56
1717.56
5494.11
5494.11
5796.98
5796.98
6173.13
6173.13
5138.21
5138.21
9123.31
9123.31
8897.05
8897.05
10011.62
10011.62
2147.86
2147.86
1395.49
1395.49
96.10
96.10
37.95
37.95
3874.14
3874.14
10.00
10.00
107.31
107.31
1481.67
1481.67
239.29
239.29
831.45
831.45
525.56
525.56
42.91
42.91
2902.56
2902.56
363.59
363.59
1477.72
1477.72
2267.93
2267.93
119.24
119.24
53.38
53.38
68.95
68.95
1096.37
1096.37
55.98
55.98
4712.30
4712.30
5702.20
5702.20
473.80
473.80
36.68
36.68
560.91
560.91
2042.81
2042.81
1885.10
1885.10
34.16
34.16
29.50
29.50
1375.54
1375.54
1397.56
1397.56
4014.01
4014.01
3197.49
3197.49
3384.68
3384.68
344.78
344.78
1541.50
1541.50
600.70
600.70
1409.48
1409.48
2986.19
2986.19
6363.81
6363.81
171.85
171.85
245.79
245.79
1043.68
1043.68
70.47
70.47
374.83
374.83
70.42
70.42
107.66
107.66
3427.22
3427.22
5471.03
5471.03
1652.66
1652.66
2977.35
2977.35
10229.15
10229.15
7279.86
7279.86
9629.76
9629.76
58.87
58.87
1401.81
1401.81
6998.18
6998.18
188.67
188.67
234.15
234.15
1583.40
1583.40
4932.44
4932.44
122.46
122.46
1684.40
1684.40
10.80
10.80
22.52
22.52
23.25
23.25
18.43
18.43
5240.65
5240.65
137.09
137.09
30.47
30.47
7031.18
7031.18
4958.29
4958.29
4179.34
4179.34
22.01
22.01
3619.52
3619.52
81.62
81.62
237.89
237.89
989.94
989.94
10.00
10.00
61.17
61.17
1129.91
1129.91
405.35
405.35
19.35
19.35
47.70
47.70
113.95
113.95
78.72
78.72
65.34
65.34
178.91
178.91
6243.84
6243.84
1070.43
1070.43
5497.55
5497.55
5260.84
5260.84
4323.15
4323.15
6521.34
6521.34
7053.18
7053.18
1967.65
1967.65
358.53
358.53
119.94
119.94
263.53
263.53
1011.82
1011.82
49.97
49.97
504.25
504.25
1530.92
1530.92
219.07
219.07
4241.56
4241.56
4898.46
4898.46
3387.41
3387.41
4465.30
4465.30
6151.99
6151.99
5591.91
5591.91
8269.29
8269.29
6518.34
6518.34
1336.20
1336.20
6691.44
6691.44
5094.41
5094.41
377.21
377.21
7193.83
7193.83
6250.04
6250.04
7831.00
7831.00
1365.08
1365.08
1268.66
1268.66
1541.02
1541.02
231.80
231.80
739.46
739.46
519.21
519.21
199.53
199.53
7237.43
7237.43
7045.71
7045.71
7045.71
7045.71
8685.95
8685.95
6734.41
6734.41
1555.86
1555.86
538.48
538.48
143.10
143.10
69.45
69.45
74.60
74.60
5299.67
5299.67
4720.44
4720.44
1431.55
1431.55
1074.42
1074.42
269.33
269.33
97.53
97.53
389.88
389.88
1449.03
1449.03
539.33
539.33
21.01
21.01
3627.95
3627.95
5974.50
5974.50
4733.79
4733.79
8132.40
8132.40
1403.30
1403.30
6079.79
6079.79
7959.41
7959.41
9423.26
9423.26
7264.98
7264.98
7264.98
8717.73
8717.73
8551.70
8551.70
8841.34
8841.34
7602.42
7602.42
1999.02
1999.02
9916.22
9916.22
7655.45
7655.45
10656.57
10656.57
11205.30
11205.30
7624.07
7624.07
9107.11
9107.11
9107.11
9107.11
3589.86
3589.86
5049.62
5049.62
2936.71
2936.71
188.36
188.36
9871.12
9871.12
1580.52
1580.52
1363.34
1363.34
1009.37
1009.37
3097.24
3097.24
80.35
80.35
5695.30
5695.30
5768.18
5768.18
3951.55
3951.55
3145.12
3145.12
2865.68
2865.68
3459.61
3459.61
1883.44
1883.44
95.39
95.39
6200.78
6200.78
1490.66
1490.66
14.37
14.37
4789.13
4789.13
8219.74
8219.74
2593.70
2593.70
5973.23
5973.23
9763.44
9763.44
6636.81
6636.81
871.86
871.86
6848.96
6848.96
4786.43
4786.43
6504.09
6504.09
17.88
17.88
7744.20
7744.20
6994.34
6994.34
70.11
70.11
4443.79
4443.79
5461.45
5461.45
863.59
863.59
4626.12
4626.12
6334.65
6334.65
5802.09
5802.09
7346.28
7346.28
6746.75
6746.75
6076.17
6076.17
3766.46
3766.46
6812.55
6812.55
6680.09
6680.09
6877.85
6877.85
233.70
233.70
9077.01
9077.01
1656.23
1656.23
961.49
961.49
173.81
173.81
6681.81
6681.81
1977.14
1977.14
46.62
46.62
39.77
39.77
263.14
263.14
10.00
10.00
64.72
64.72
64.93
64.93
7408.67
7408.67
4094.99
4094.99
2519.74
2519.74
8149.45
8149.45
2211.30
2211.30
140.62
140.62
1559.73
1559.73
1966.46
1966.46
1261.44
1261.44
1578.83
1578.83
5602.90
5602.90
1326.18
1326.18
71.15
71.15
5470.73
5470.73
3216.05
3216.05
1511.19
1511.19
5796.80
5796.80
5862.99
5862.99
2296.54
2296.54
4089.75
4089.75
4622.87
4622.87
4418.24
4418.24
239.36
239.36
4849.85
4849.85
7000.75
7000.75
7404.26
7404.26
7204.25
7204.25
4175.63
4175.63
81.24
81.24
736.01
736.01
1362.23
1362.23
490.50
490.50
5500.85
5500.85
2334.69
2334.69
76.24
76.24
56.50
56.50
3699.75
3699.75
55.97
55.97
2242.44
2242.44
740.73
740.73
454.25
454.25
21.33
21.33
1509.40
1509.40
43.53
43.53
5774.44
5774.44
109.49
109.49
2959.79
2959.79
1539.68
1539.68
4339.51
4339.51
1324.28
1324.28
1729.87
1729.87
6901.52
6901.52
5296.78
5296.78
6274.52
6274.52
5765.97
5765.97
6474.82
6474.82
7782.83
7782.83
9293.46
9293.46
9415.06
9415.06
1534.05
1534.05
1534.05
1534.05
1434.94
1434.94
9981.20
9981.20
8593.00
8593.00
8593.00
8593.00
14.69
14.69
2477.27
2477.27
3883.59
3883.59
1302.71
1302.71
8634.66
8634.66
6413.29
6413.29
1295.51
1295.51
7710.68
7710.68
9756.69
9756.69
7435.53
7435.53
7529.30
7529.30
7472.01
7472.01
5901.12
5901.12
86.50
86.50
1498.70
1498.70
3688.03
3688.03
105.47
105.47
860.11
860.11
6617.57
6617.57
6652.95
6652.95
5322.60
5322.60
5036.05
5036.05
3424.51
3424.51
7688.49
7688.49
6085.55
6085.55
5519.98
5519.98
6035.94
6035.94
1952.36
1952.36
6629.60
6629.60
397.94
397.94
2453.44
2453.44
2848.15
2848.15
2848.15
2848.15
694.63
694.63
2840.03
2840.03
3176.53
3176.53
3188.72
3188.72
4329.39
4329.39
4311.27
4311.27
3981.78
3981.78
3981.78
3981.78
4117.15
4117.15
5014.69
5014.69
4012.85
4012.85
6594.40
6594.40
4390.40
4390.40
6099.77
6099.77
6045.64
6045.64
6252.16
6252.16
6862.79
6862.79
2213.80
2213.80
5095.23
5095.23
6554.59
6554.59
7320.15
7320.15
7320.15
7320.15
7320.15
7320.15
5702.13
5702.13
7155.61
7155.61
9095.90
9095.90
367.04
367.04
5409.02
5409.02
7564.16
7564.16
8780.83
8780.83
7358.60
7358.60
7807.87
7807.87
10413.64
10413.64
8503.52
8503.52
6574.69
6574.69
6609.01
6609.01
156.02
156.02
320.83
320.83
1568.24
1568.24
38.41
38.41
1436.04
1436.04
564.03
564.03
1007.81
1007.81
452.14
452.14
2032.31
2032.31
9077.28
9077.28
7881.78
7881.78
853.01
853.01
34.95
34.95
851.42
851.42
49.09
49.09
132.77
132.77
5975.54
5975.54
1150.92
1150.92
3507.29
3507.29
5929.07
5929.07
12.38
12.38
196.24
196.24
349.41
349.41
1708.98
1708.98
40.23
40.23
75.36
75.36
22.79
22.79
60.81
60.81
454.55
454.55
272.45
272.45
1451.91
1451.91
6089.71
6089.71
6162.28
6162.28
89.46
89.46
2265.30
2265.30
1804.07
1804.07
164.82
164.82
1183.58
1183.58
79.48
79.48
31.85
31.85
223.42
223.42
7578.08
7578.08
1570.62
1570.62
5473.94
5473.94
6161.26
6161.26
8441.82
8441.82
6143.75
6143.75
1619.89
1619.89
295.38
295.38
3709.94
3709.94
93.94
93.94
207.64
207.64
1453.42
1453.42
977.07
977.07
6406.02
6406.02
5101.12
5101.12
2252.70
2252.70
582.12
582.12
188.62
188.62
2300.20
2300.20
146.21
146.21
6695.40
6695.40
8376.17
8376.17
6500.18
6500.18
9422.57
9422.57
149.43
149.43
128.63
128.63
10.00
10.00
61.94
61.94
360.64
360.64
657.15
657.15
6742.26
6742.26
4661.93
4661.93
5525.10
5525.10
7214.48
7214.48
7120.02
7120.02
6987.98
6987.98
6511.05
6511.05
7675.72
7675.72
42.21
42.21
282.05
282.05
1176.62
1176.62
7183.88
7183.88
1294.45
1294.45
3355.49
3355.49
1476.54
1476.54
10.00
10.00
211.76
211.76
70.48
70.48
276.14
276.14
1375.43
1375.43
284.48
284.48
1407.86
1407.86
479.30
479.30
660.56
660.56
176.73
176.73
298.95
298.95
95.14
95.14
600.91
600.91
88.59
88.59
1492.19
1492.19
2375.70
2375.70
3503.05
3503.05
4196.82
4196.82
5862.42
5862.42
4244.46
4244.46
5420.92
5420.92
4442.32
4442.32
240.85
240.85
436.01
436.01
23.24
23.24
1850.29
1850.29
2927.15
2927.15
347.88
347.88
2430.38
2430.38
22.28
22.28
205.73
205.73
144.74
144.74
5078.65
5078.65
7856.13
7856.13
968.85
968.85
309.59
309.59
1087.89
1087.89
2415.67
2415.67
227.60
227.60
33.09
33.09
281.37
281.37
79.76
79.76
10.00
10.00
118.42
118.42
292.42
292.42
23.47
23.47
72.76
72.76
1532.57
1532.57
115.81
115.81
2116.28
2116.28
771.65
771.65
5445.42
5445.42
5740.10
5740.10
7620.76
7620.76
1187.13
1187.13
1414.91
1414.91
5625.55
5625.55
45.92
45.92
3965.77
3965.77
1477.10
1477.10
106.48
106.48
200.59
200.59
43.43
43.43
7147.03
7147.03
1497.08
1497.08
31.32
31.32
58.67
58.67
262.57
262.57
603.18
603.18
220.46
220.46
77.86
77.86
32.88
32.88
441.73
441.73
547.37
547.37
4943.91
4943.91
3361.31
3361.31
4773.78
4773.78
169.59
169.59
5840.97
5840.97
7652.70
7652.70
1903.56
1903.56
22.90
22.90
215.25
215.25
42.97
42.97
352.56
352.56
118.95
118.95
229.30
229.30
149.79
149.79
1266.46
1266.46
1913.58
1913.58
1152.12
1152.12
427.38
427.38
4097.62
4097.62
122.26
122.26
200.65
200.65
1568.55
1568.55
30.81
30.81
213.08
213.08
1272.02
1272.02
779.08
779.08
1462.17
1462.17
2938.86
2938.86
75.04
75.04
2012.38
2012.38
1911.91
1911.91
1695.33
1695.33
628.22
628.22
14.77
14.77
64.29
64.29
427.58
427.58
39.18
39.18
16.04
16.04
1473.67
1473.67
355.91
355.91
263.04
263.04
2989.62
2989.62
879.71
879.71
174.42
174.42
21.99
21.99
1364.89
1364.89
3412.67
3412.67
1256.86
1256.86
25.09
25.09
2083.49
2083.49
5547.16
5547.16
5803.20
5803.20
1681.32
1681.32
271.27
271.27
324.10
324.10
1556.14
1556.14
141.67
141.67
2417.46
2417.46
580.31
580.31
411.88
411.88
31.07
31.07
71.12
71.12
96.21
96.21
617.52
617.52
117.19
117.19
4373.03
4373.03
21.44
21.44
81.06
81.06
278.43
278.43
1388.09
1388.09
2501.70
2501.70
664.52
664.52
155.23
155.23
228.03
228.03
90.70
90.70
75.45
75.45
51.14
51.14
51.14
277.99
67.01
67.01
1530.45
1530.45
1820.51
1820.51
1491.30
1491.30
5784.57
5784.57
1543.08
1543.08
1491.86
1491.86
7735.60
7735.60
4693.06
4693.06
527.12
527.12
359.28
359.28
10.00
10.00
10.00
10.00
40.85
40.85
382.94
382.94
87.80
87.80
114.09
114.09
3050.49
3050.49
95.05
95.05
9254.84
9254.84
7618.59
7618.59
7618.59
303.74
303.74
167.55
167.55
167.55
426.80
426.80
222.13
1347.73
71.25
71.25
465.56
465.56
2507.97
2507.97
82.09
82.09
66.84
66.84
354.68
354.68
1491.66
1491.66
4700.45
4700.45
4312.34
4312.34
319.39
319.39
228.63
228.63
1554.22
1554.22
8095.62
8095.62
8359.70
8359.70
6616.63
6616.63
6518.35
6518.35
3854.41
3854.41
3854.41
3854.41
7366.33
7366.33
169.51
169.51
7300.32
7300.32
9862.29
9862.29
132.39
132.39
3888.97
3888.97
8556.41
8556.41
7633.28
7633.28
7991.17
7991.17
8622.00
8622.00
8026.14
8026.14
8026.14
8026.14
8026.14
1318.98
1318.98
9953.95
9953.95
109.54
109.54
3139.44
3139.44
3139.44
3139.44
3580.16
3580.16
1920.79
1920.79
23.32
23.32
2256.96
2256.96
3709.25
3709.25
428.77
428.77
4651.61
4651.61
1379.76
1379.76
4111.67
4111.67
1336.38
1336.38
76.52
76.52
6047.10
6047.10
1505.93
1505.93
7132.57
7132.57
8089.86
8089.86
8431.78
8431.78
8781.64
8781.64
8201.96
8201.96
6810.53
6810.53
10257.35
10257.35
5934.84
5934.84
2682.93
2682.93
8291.95
8291.95
3355.02
3355.02
1637.58
1637.58
5743.91
5743.91
7552.33
7552.33
7135.83
7135.83
919.37
919.37
8512.08
8512.08
4829.37
4829.37
4829.37
4829.37
8047.87
8047.87
5667.07
5667.07
9931.75
9931.75
5814.16
5814.16
5814.16
5814.16
5814.16
5814.16
2800.07
2800.07
5588.55
5588.55
39.58
39.58
27.22
27.22
4128.77
4128.77
4843.09
4843.09
4979.59
4979.59
5575.01
5575.01
4688.35
4688.35
5472.07
5472.07
1427.56
1427.56
4394.42
4394.42
5614.75
5614.75
5552.46
5552.46
5715.54
5715.54
3968.93
3968.93
2573.64
2573.64
90.83
90.83
26.46
26.46
1450.19
1450.19
1301.83
1301.83
392.62
392.62
10.00
10.00
603.40
603.40
1360.74
1360.74
291.44
291.44
1839.27
1839.27
323.17
323.17
367.58
367.58
1032.59
1032.59
5180.33
5180.33
4517.41
4517.41
1539.32
1539.32
2752.75
2752.75
4066.00
4066.00
5829.81
5829.81
7493.36
7493.36
6872.73
6872.73
7538.08
7538.08
5082.33
5082.33
6090.33
6090.33
7388.84
7388.84
6603.16
6603.16
3297.27
3297.27
8925.45
8925.45
7359.80
7359.80
1516.40
1516.40
26.35
26.35
3940.85
3940.85
26.26
26.26
249.96
249.96
6049.74
6049.74
22.58
22.58
1249.35
1249.35
2773.65
2773.65
1408.82
1408.82
26.78
26.78
1981.30
1981.30
259.85
259.85
1376.18
1376.18
1472.93
1472.93
19.07
19.07
2534.48
2534.48
1504.68
1504.68
175.84
175.84
1536.35
1536.35
249.33
249.33
1512.43
1512.43
5984.95
5984.95
10.00
10.00
29.87
29.87
10.00
10.00
25.19
25.19
477.20
477.20
5125.23
5125.23
46.43
46.43
73.94
73.94
1280.26
1280.26
505.05
505.05
3179.47
3179.47
96.12
96.12
5160.80
5160.80
2753.25
2753.25
5583.90
5583.90
2467.24
2467.24
389.94
389.94
347.13
347.13
1334.93
1334.93
985.60
985.60
1219.43
1219.43
173.76
173.76
132.97
132.97
1123.86
1123.86
458.96
458.96
304.15
304.15
607.57
607.57
73.46
73.46
32.55
32.55
1967.12
1967.12
3687.53
3687.53
26.06
26.06
1559.24
1559.24
7156.34
7156.34
1480.51
1480.51
1141.83
1141.83
3703.32
3703.32
31.67
31.67
2458.63
2458.63
7028.55
7028.55
47.74
47.74
1006.48
1006.48
374.46
374.46
7437.28
7437.28
8224.97
8224.97
8142.71
8142.71
5303.92
5303.92
4176.15
4176.15
1004.82
1004.82
126.91
126.91
3818.62
3818.62
5742.81
5742.81
1737.56
1737.56
110.73
110.73
3871.71
3871.71
27.14
27.14
27.69
27.69
23.94
23.94
1318.30
1318.30
190.89
190.89
40.23
40.23
406.29
406.29
810.28
810.28
1375.81
1375.81
220.38
220.38
836.03
836.03
211.64
211.64
37.51
37.51
76.36
76.36
200.71
200.71
5243.53
5243.53
6096.84
6096.84
129.20
129.20
1060.96
1060.96
14.60
14.60
1563.93
1563.93
651.09
651.09
371.74
371.74
1905.23
1905.23
131.72
131.72
13.56
13.56
1503.03
1503.03
7544.76
7544.76
7228.43
7228.43
7806.23
7806.23
4765.44
4765.44
624.84
624.84
5488.13
5488.13
4688.45
4688.45
6877.76
6877.76
6311.48
6311.48
6766.58
6766.58
8417.14
8417.14
5707.30
5707.30
6796.50
6796.50
5642.54
5642.54
5642.54
5642.54
5642.54
5642.54
97.50
97.50
5591.61
5591.61
8353.71
8353.71
638.97
638.97
9443.78
9443.78
6930.20
6930.20
6335.31
6335.31
98.01
98.01
4586.09
4586.09
8425.38
8425.38
8891.40
8891.40
722.75
722.75
2182.24
2182.24
5674.53
5674.53
5970.94
5970.94
8010.65
8010.65
157.64
157.64
391.41
391.41
11568.34
11568.34
7217.36
7217.36
9529.28
9529.28
10688.02
10688.02
10688.02
10688.02
109.44
109.44
12893.71
12893.71
9489.53
9489.53
4189.13
4189.13
6414.90
6414.90
5437.31
5437.31
5437.31
5437.31
5856.98
5856.98
5856.98
5856.98
8100.90
8100.90
22.53
22.53
6124.83
6124.83
11205.34
11205.34
11205.34
11205.34
11832.57
11832.57
9220.44
9220.44
6752.59
6752.59
2137.10
2137.10
31.23
31.23
517.84
517.84
190.35
190.35
92.46
92.46
3430.62
3430.62
6532.00
6532.00
7172.09
7172.09
3874.70
3874.70
6561.28
6561.28
98.00
98.00
1503.61
1503.61
6111.57
6111.57
5718.16
5718.16
2366.42
2366.42
7084.56
7084.56
990.76
990.76
448.97
448.97
3903.84
3903.84
1825.77
1825.77
146.27
146.27
1386.51
1386.51
6404.06
6404.06
1536.80
1536.80
5107.47
5107.47
5026.61
5026.61
142.60
142.60
136.59
136.59
1530.77
1530.77
3727.53
3727.53
182.94
182.94
422.67
422.67
200.36
200.36
4124.46
4124.46
7009.84
7009.84
1059.55
1059.55
1056.34
1056.34
4032.70
4032.70
8529.80
8529.80
161.00
161.00
5889.02
5889.02
25.28
25.28
1370.24
1370.24
38.66
38.66
671.16
671.16
89.93
89.93
898.22
898.22
1247.55
1247.55
24.09
24.09
4002.21
4002.21
5070.87
5070.87
7460.36
7460.36
1486.76
1486.76
589.82
589.82
1607.58
1607.58
69.56
69.56
10.00
10.00
324.66
324.66
720.65
720.65
22.77
22.77
4445.03
4445.03
1180.38
1180.38
5149.18
5149.18
621.33
621.33
2587.29
2587.29
58.40
58.40
161.92
161.92
341.65
341.65
10.00
10.00
215.09
215.09
10.00
10.00
63.88
63.88
379.84
379.84
2442.46
2442.46
1398.13
1398.13
6156.83
6156.83
1458.95
1458.95
6501.21
6501.21
1762.57
1762.57
112.66
112.66
12.56
12.56
62.47
62.47
19.63
19.63
1310.90
1310.90
308.29
308.29
3801.79
3801.79
30.45
30.45
4908.76
4908.76
1408.89
1408.89
402.18
402.18
100.02
100.02
64.22
64.22
44.58
44.58
518.66
518.66
138.22
138.22
195.40
195.40
594.83
594.83
4558.97
4558.97
1683.48
1683.48
1996.18
1996.18
5613.61
5613.61
6822.87
6822.87
9738.55
9738.55
5953.85
5953.85
7093.06
7093.06
2656.02
2656.02
1453.10
1453.10
26.87
26.87
28.67
28.67
19.87
19.87
192.73
192.73
22.56
22.56
23.79
23.79
8078.45
8078.45
8080.55
8080.55
250.46
250.46
195.31
195.31
98.92
98.92
93.80
93.80
1488.09
1488.09
347.98
347.98
10.00
10.00
4986.50
4986.50
5284.67
5284.67
3013.69
3013.69
5290.50
5290.50
4667.00
4667.00
71.95
71.95
7663.09
7663.09
732.45
732.45
82.12
82.12
124.43
124.43
235.53
235.53
95.75
95.75
1195.45
1195.45
113.40
113.40
1447.55
1447.55
6625.40
6625.40
114.22
114.22
514.63
514.63
61.77
61.77
78.81
78.81
889.96
889.96
1137.93
1137.93
42.80
42.80
5552.03
5552.03
135.39
135.39
154.34
154.34
7274.05
7274.05
6411.56
6411.56
1655.65
1655.65
10.00
10.00
1026.19
1026.19
1424.13
1424.13
6250.36
6250.36
1522.75
1522.75
820.89
820.89
10.00
10.00
10.00
10.00
1370.28
1370.28
170.24
170.24
2626.81
2626.81
1548.33
1548.33
251.00
251.00
679.37
679.37
679.37
201.86
201.86
394.82
394.82
261.81
261.81
10.00
10.00
10.00
10.00
229.13
229.13
229.13
68.64
1699.61
74.05
74.05
3363.91
3363.91
360.81
360.81
6448.45
6448.45
9223.83
9223.83
274.28
274.28
255.30
255.30
140.26
140.26
808.94
808.94
34.74
34.74
119.57
119.57
1476.84
1476.84
6384.88
6384.88
4926.42
4926.42
250.05
250.05
7300.57
7300.57
4312.38
4312.38
143.18
143.18
24.38
24.38
433.66
433.66
541.11
541.11
7279.19
7279.19
4724.16
4724.16
1474.98
1474.98
4992.56
4992.56
115.86
115.86
38.05
38.05
452.31
452.31
94.54
94.54
590.38
590.38
1493.07
1493.07
4250.49
4250.49
6391.98
6391.98
3814.08
3814.08
33.23
33.23
1547.34
1547.34
91.73
91.73
89.73
89.73
7809.42
7809.42
8156.34
8156.34
2419.30
2419.30
437.96
437.96
37.98
37.98
519.15
519.15
2238.47
2238.47
18.15
18.15
142.85
142.85
30.00
30.00
6406.47
6406.47
1318.60
1318.60
6762.11
6762.11
5889.98
5889.98
4001.81
4001.81
816.81
816.81
215.27
215.27
997.34
997.34
100.58
100.58
3481.00
3481.00
5057.11
5057.11
1516.00
1516.00
5412.89
5412.89
1367.19
1367.19
57.06
57.06
973.18
973.18
1411.20
1411.20
6320.25
6320.25
5863.04
5863.04
70.37
70.37
72.55
72.55
5798.94
5798.94
7487.05
7487.05
5788.92
5788.92
5733.93
5733.93
798.07
798.07
29.59
29.59
161.13
161.13
161.13
35.73
35.73
63.33
63.33
20.96
20.96
893.11
893.11
790.15
790.15
2608.36
2608.36
153.13
153.13
135.39
135.39
64.79
64.79
43.65
43.65
177.50
177.50
2289.89
2289.89
3937.92
3937.92
5598.35
5598.35
4420.10
4420.10
2086.71
2086.71
6129.04
6129.04
7628.37
7628.37
7140.36
7140.36
5687.41
5687.41
7891.10
7891.10
49.83
49.83
724.68
724.68
3186.66
3186.66
3379.00
3379.00
8677.32
8677.32
36.44
36.44
1691.09
1691.09
533.06
533.06
477.95
477.95
1198.30
1198.30
1314.84
1314.84
5406.29
5406.29
5470.78
5470.78
5507.14
5507.14
6334.79
6334.79
6002.07
6002.07
4074.25
4074.25
6892.22
6892.22
2991.01
2991.01
6765.92
6765.92
6765.92
6765.92
7351.41
7351.41
4415.23
4415.23
7417.32
7417.32
6441.10
6441.10
4728.99
4728.99
7055.12
7055.12
4974.33
4974.33
4974.33
4974.33
5907.99
5907.99
5907.99
5907.99
3803.25
3803.25
8272.37
8272.37
7497.88
7497.88
5493.76
5493.76
8798.01
8798.01
1437.05
1437.05
269.00
269.00
1549.28
1549.28
3398.14
3398.14
3776.31
3776.31
4424.78
4424.78
6031.87
6031.87
6031.87
6031.87
7724.05
7724.05
7020.98
7020.98
3041.06
3041.06
3347.66
3347.66
3097.33
3097.33
3586.99
3586.99
3669.39
3669.39
3920.76
3920.76
4758.78
4758.78
5455.64
5455.64
5455.64
5455.64
5057.41
5057.41
4755.18
4755.18
5824.50
5824.50
5824.50
5824.50
5601.78
5601.78
5818.22
5818.22
5754.81
5754.81
4512.27
4512.27
19.95
19.95
18.02
18.02
4063.72
4063.72
7027.00
7027.00
155.15
155.15
6992.50
6992.50
3970.88
3970.88
1232.64
1232.64
244.02
244.02
50.37
50.37
7293.09
7293.09
42.56
42.56
36.85
36.85
297.32
297.32
48.07
48.07
895.53
895.53
29.88
29.88
23.85
23.85
797.58
797.58
33.76
33.76
201.34
201.34
23.63
23.63
10.00
10.00
116.59
116.59
127.37
127.37
114.21
114.21
3894.13
3894.13
166.68
166.68
61.04
61.04
343.18
343.18
190.37
190.37
252.81
252.81
1456.61
1456.61
21.43
21.43
562.00
562.00
278.12
278.12
62.11
62.11
187.44
187.44
1501.76
1501.76
881.30
881.30
8503.79
8503.79
778.46
778.46
3114.85
3114.85
436.89
436.89
720.04
720.04
203.83
203.83
79.81
79.81
10.00
10.00
81.40
81.40
414.13
414.13
475.29
475.29
100.53
100.53
18.24
18.24
82.07
82.07
49.21
49.21
242.96
242.96
56.76
56.76
1556.78
1556.78
394.18
394.18
118.78
118.78
438.46
438.46
3906.81
3906.81
1508.39
1508.39
944.36
944.36
7375.17
7375.17
9949.80
9949.80
9786.85
9786.85
45.96
45.96
669.46
669.46
8932.26
8932.26
4711.46
4711.46
1042.13
1042.13
5244.30
5244.30
19.16
19.16
94.26
94.26
15.37
15.37
68.40
68.40
503.04
503.04
429.45
429.45
46.53
46.53
6690.86
6690.86
3530.07
3530.07
764.27
764.27
102.83
102.83
5285.27
5285.27
5473.23
5473.23
7771.42
7771.42
8491.18
8491.18
6466.51
6466.51
153.48
153.48
65.27
65.27
553.31
553.31
394.41
394.41
1444.45
1444.45
40.07
40.07
872.70
872.70
103.99
103.99
768.91
768.91
2007.91
2007.91
118.92
118.92
7191.96
7191.96
4963.62
4963.62
4244.36
4244.36
4173.01
4173.01
3183.57
3183.57
888.92
888.92
114.43
114.43
45.60
45.60
2758.05
2758.05
10.00
10.00
226.65
226.65
687.42
687.42
218.88
218.88
255.61
255.61
811.86
811.86
1180.76
1180.76
781.66
781.66
90.40
90.40
4819.26
4819.26
6114.65
6114.65
5487.12
5487.12
5856.02
5856.02
6397.49
6397.49
6427.91
6427.91
6467.30
6467.30
10002.29
10002.29
6022.70
6022.70
4314.69
4314.69
77.92
77.92
1215.51
1215.51
6721.02
6721.02
6198.90
6198.90
1791.55
1791.55
19.52
19.52
1809.01
1809.01
2542.88
2542.88
514.32
514.32
1273.81
1273.81
4434.17
4434.17
5568.11
5568.11
6048.21
6048.21
7093.38
7093.38
3619.49
3619.49
5420.12
5420.12
5585.54
5585.54
6037.53
6037.53
3827.85
3827.85
8560.83
8560.83
8560.83
8560.83
7131.98
7131.98
9658.37
9658.37
2719.93
2719.93
6836.10
6836.10
1569.63
1569.63
8036.91
8036.91
9555.58
9555.58
8448.97
8448.97
10847.52
10847.52
9395.35
9395.35
11429.04
11429.04
1468.59
1468.59
3129.15
3129.15
9113.41
9113.41
10609.61
10609.61
10609.61
10609.61
2701.55
2701.55
10732.89
10732.89
1564.70
1564.70
5536.66
5536.66
71.03
71.03
4977.17
4977.17
4977.17
4977.17
9968.64
9968.64
11521.41
11521.41
26.31
26.31
3500.31
3500.31
10.91
10.91
11306.67
11306.67
10231.00
10231.00
10231.00
10231.00
10231.00
10231.00
10014.73
10014.73
1327.54
1327.54
5866.63
5866.63
11152.44
11152.44
10506.19
10506.19
7425.58
7425.58
9730.78
9730.78
11069.44
11069.44
1649.17
1649.17
421.02
421.02
1545.15
1545.15
5097.82
5097.82
6784.51
6784.51
1433.88
1433.88
1037.16
1037.16
6106.30
6106.30
414.24
414.24
51.70
51.70
192.07
192.07
176.50
176.50
1528.72
1528.72
3680.58
3680.58
1514.50
1514.50
996.99
996.99
5663.34
5663.34
6785.51
6785.51
4984.21
4984.21
83.19
83.19
7796.55
7796.55
696.78
696.78
5522.88
5522.88
7941.14
7941.14
1011.25
1011.25
2092.06
2092.06
4174.55
4174.55
5989.72
5989.72
8521.19
8521.19
2921.15
2921.15
1756.79
1756.79
70.50
70.50
4579.95
4579.95
7908.74
7908.74
2335.25
2335.25
54.94
54.94
1654.99
1654.99
26.40
26.40
1322.09
1322.09
283.08
283.08
7738.86
7738.86
62.12
62.12
5193.60
5193.60
5494.98
5494.98
77.31
77.31
5159.09
5159.09
195.07
195.07
184.85
184.85
34.80
34.80
70.76
70.76
261.81
261.81
1154.75
1154.75
333.99
333.99
4003.64
4003.64
5286.84
5286.84
95.81
95.81
3918.03
3918.03
7201.85
7201.85
83.82
83.82
39.31
39.31
1816.84
1816.84
2317.49
2317.49
5135.45
5135.45
130.87
130.87
223.98
223.98
223.98
164.75
11.71
11.71
153.51
153.51
7754.80
7754.80
75.95
75.95
768.92
768.92
279.97
279.97
2683.37
2683.37
76.14
76.14
43.48
43.48
143.74
143.74
360.29
360.29
5046.12
5046.12
1140.14
1140.14
1331.31
1331.31
1989.23
1989.23
620.52
620.52
107.92
107.92
323.35
323.35
1328.44
1328.44
233.19
233.19
1478.79
1478.79
655.10
655.10
68.04
68.04
35.39
35.39
516.53
516.53
4315.95
4315.95
227.39
227.39
34.79
34.79
3061.78
3061.78
3939.30
3939.30
4430.38
4430.38
73.06
73.06
73.16
73.16
351.50
351.50
897.81
897.81
56.38
56.38
124.11
124.11
27.89
27.89
23.21
23.21
1203.31
1203.31
2077.83
2077.83
8395.44
8395.44
6250.79
6250.79
37.23
37.23
6426.29
6426.29
5356.53
5356.53
7187.70
7187.70
7187.70
7130.96
8181.18
8181.18
3290.37
3290.37
531.35
531.35
213.47
213.47
2033.12
2033.12
130.78
130.78
1385.45
1385.45
1385.45
1385.45
1477.91
1477.91
4672.15
4672.15
450.54
450.54
5312.56
5312.56
6112.93
6112.93
4408.34
4408.34
1341.10
1341.10
1617.65
1617.65
7995.45
7995.45
6297.41
6297.41
7230.83
7230.83
895.97
895.97
102.43
102.43
102.43
1252.57
1252.57
87.97
87.97
87.97
87.97
87.97
429.10
429.10
429.10
487.57
662.53
662.53
402.82
1421.81
1375.73
1375.73
1384.10
1384.10
628.89
628.89
4703.92
4703.92
6236.81
6236.81
475.50
475.50
6553.49
6553.49
15.06
15.06
80.16
80.16
54.71
54.71
230.50
230.50
242.51
242.51
133.31
133.31
5914.32
5914.32
270.74
270.74
147.17
147.17
249.79
249.79
6983.28
6983.28
2519.75
2519.75
108.66
108.66
4430.58
4430.58
9223.82
9223.82
6134.19
6134.19
6639.10
6639.10
293.58
293.58
28.63
28.63
2565.10
2565.10
61.71
61.71
986.23
986.23
36.93
36.93
7019.50
7019.50
2313.59
2313.59
1525.79
1525.79
234.87
234.87
4285.84
4285.84
3081.53
3081.53
1790.37
1790.37
1165.33
1165.33
9078.88
9078.88
3082.29
3082.29
2097.42
2097.42
5824.95
5824.95
7025.42
7025.42
1796.34
1796.34
1530.24
1530.24
99.31
99.31
413.85
413.85
287.47
287.47
102.35
102.35
394.35
394.35
413.27
413.27
82.58
82.58
406.33
406.33
2141.18
2141.18
6160.31
6160.31
6606.28
6606.28
5844.77
5844.77
506.41
506.41
1254.17
1254.17
5716.54
5716.54
9880.58
9880.58
1585.92
1585.92
1585.92
17.52
59.83
59.83
5387.77
5387.77
2549.24
2549.24
7055.96
7055.96
16.46
16.46
5644.18
5644.18
73.87
73.87
7497.93
7497.93
945.98
945.98
46.64
46.64
7538.43
7538.43
5743.67
5743.67
7400.88
7400.88
8610.29
8610.29
331.67
331.67
5572.02
5572.02
5835.77
5835.77
1462.76
1462.76
1003.92
1003.92
4904.11
4904.11
5909.98
5909.98
5909.98
5093.96
5093.96
65.09
65.09
5758.08
5758.08
36.23
36.23
1697.47
1697.47
130.51
130.51
5249.45
5249.45
10.00
10.00
10.00
10.00
378.17
378.17
1214.07
1214.07
460.18
460.18
975.37
975.37
1436.82
1436.82
1840.50
1840.50
1064.39
1064.39
10.00
10.00
4192.84
4192.84
4186.45
4186.45
4531.12
4531.12
2666.63
2666.63
4624.77
4624.77
5867.06
5867.06
525.21
525.21
826.35
826.35
34.14
34.14
790.59
790.59
4378.67
4378.67
839.43
839.43
3881.88
3881.88
5371.51
5371.51
5371.51
5371.51
6875.02
6875.02
5486.79
5486.79
23.25
23.25
5865.63
5865.63
3115.43
3115.43
3614.66
3614.66
5423.59
5423.59
1373.01
1373.01
34.01
34.01
2496.90
2496.90
112.75
112.75
129.68
129.68
19.49
19.49
1418.30
1418.30
8584.70
8584.70
2233.11
2233.11
5609.19
5609.19
5609.19
5609.19
8341.37
8341.37
1687.86
1687.86
8632.97
8632.97
33.54
33.54
9107.36
9107.36
1020.92
1020.92
1482.47
1482.47
667.62
667.62
4488.32
4488.32
601.63
601.63
4008.92
4008.92
1117.57
1117.57
415.88
415.88
4694.91
4694.91
73.41
73.41
2350.17
2350.17
6745.20
6745.20
5106.88
5106.88
5106.88
5106.88
6234.69
6234.69
7412.69
7412.69
5385.31
5385.31
5385.31
5385.31
5385.31
5385.31
5385.31
5385.31
5385.31
5385.31
5987.10
5987.10
7234.55
7234.55
225.93
225.93
9070.72
9070.72
9265.67
9265.67
9265.67
9265.67
6359.64
6359.64
8839.49
8839.49
9831.35
9831.35
9863.59
9863.59
9608.07
9608.07
1535.29
1535.29
317.17
317.17
10567.96
10567.96
10450.23
10450.23
10157.60
10157.60
10157.60
10157.60
8038.70
8038.70
1444.90
1444.90
120.78
120.78
6727.31
6727.31
10707.61
10707.61
184.09
184.09
1390.12
1390.12
23.59
23.59
355.65
355.65
13.82
13.82
44.47
44.47
44.01
44.01
3388.36
3388.36
1457.43
1457.43
5523.66
5523.66
847.23
847.23
96.08
96.08
317.04
317.04
7528.06
7528.06
1970.88
1970.88
8029.46
8029.46
7900.18
7900.18
7900.18
7900.18
8781.87
8781.87
8896.81
8896.81
8896.81
8896.81
2053.58
2053.58
168.14
168.14
28.66
28.66
129.75
129.75
1567.65
1567.65
25.61
25.61
26.52
26.52
17.16
17.16
219.21
219.21
1368.06
1368.06
3835.23
3835.23
1605.56
1605.56
263.12
263.12
382.86
382.86
1183.11
1183.11
8354.12
8354.12
76.11
76.11
554.02
554.02
75.67
75.67
7607.11
7607.11
19.79
19.79
1461.71
1461.71
913.30
913.30
1446.21
1446.21
722.91
722.91
1312.65
1312.65
2528.12
2528.12
6147.57
6147.57
1538.49
1538.49
26.62
26.62
30.96
30.96
6942.92
6942.92
42.90
42.90
165.00
165.00
4715.94
4715.94
22.75
22.75
7644.88
7644.88
191.29
191.29
1784.31
1784.31
100.17
100.17
1337.18
1337.18
236.34
236.34
128.75
128.75
741.94
741.94
635.15
635.15
141.94
141.94
510.80
510.80
1309.76
1309.76
1334.70
1334.70
1409.07
1409.07
1591.82
1591.82
1198.32
1198.32
1629.84
1629.84
1290.80
1290.80
1472.28
1472.28
2500.92
2500.92
1521.87
1521.87
4448.54
4448.54
4473.20
4473.20
1421.76
1421.76
3125.08
3125.08
195.86
195.86
6698.74
6698.74
1321.22
1321.22
5812.87
5812.87
4106.83
4106.83
1652.20
1652.20
2484.24
2484.24
6073.91
6073.91
1990.74
1990.74
2431.31
2431.31
1529.33
1529.33
105.73
105.73
259.16
259.16
3700.32
3700.32
4759.07
4759.07
6711.91
6711.91
5961.47
5961.47
2699.00
2699.00
2318.12
2318.12
216.81
216.81
1543.23
1543.23
27.04
27.04
6364.88
6364.88
5557.53
5557.53
13.87
13.87
6592.66
6592.66
4977.41
4977.41
7607.24
7607.24
4900.79
4900.79
5121.41
5121.41
1589.37
1589.37
6986.81
6986.81
6339.87
6339.87
7903.93
7903.93
6872.41
6872.41
8524.83
8524.83
6410.59
6410.59
1097.24
1097.24
7233.49
7233.49
9495.43
9495.43
7192.62
7192.62
6744.70
6744.70
8023.45
8023.45
8023.45
8023.45
10813.10
10813.10
6159.53
6159.53
10176.13
10176.13
11948.27
11948.27
776.42
776.42
5588.34
5588.34
11880.13
11880.13
8977.53
8977.53
8977.53
8977.53
8290.93
8290.93
35.68
35.68
10788.65
10788.65
6015.34
6015.34
11301.23
11301.23
73.43
73.43
5868.37
5868.37
10598.14
10598.14
10248.32
10248.32
6869.91
6869.91
8439.09
8439.09
9243.04
9243.04
8537.40
8537.40
9752.94
9752.94
28.45
28.45
3336.51
3336.51
5951.27
5951.27
5304.80
5304.80
222.64
222.64
861.46
861.46
391.74
391.74
23.25
23.25
99.80
99.80
37.73
37.73
1323.94
1323.94
31.48
31.48
3656.20
3656.20
17.03
17.03
3342.88
3342.88
18.30
18.30
8048.16
8048.16
162.35
162.35
7426.09
7426.09
336.70
336.70
367.29
367.29
284.09
284.09
5937.75
5937.75
450.97
450.97
6282.93
6282.93
6282.93
6282.93
49.92
49.92
1490.91
1490.91
9236.63
9236.63
9035.14
9035.14
698.33
698.33
2436.21
2436.21
7560.39
7560.39
352.95
352.95
8868.33
8868.33
33.13
33.13
650.95
650.95
6222.18
6222.18
14.94
14.94
7380.70
7380.70
7380.70
7380.70
8511.63
8511.63
140.36
140.36
7530.89
7530.89
7530.89
7530.89
7530.89
7530.89
1048.20
1048.20
8980.47
8980.47
30.20
30.20
72.89
72.89
45.54
45.54
8985.57
8985.57
554.22
554.22
195.03
195.03
91.05
91.05
2185.20
2185.20
1660.86
1660.86
93.67
93.67
42.69
42.69
1770.30
1770.30
861.55
861.55
2553.73
2553.73
1075.45
1075.45
101.56
101.56
98.54
98.54
196.92
196.92
4785.58
4785.58
2797.26
2797.26
3933.63
3933.63
2916.03
2916.03
4260.76
4260.76
1521.13
1521.13
5550.14
5550.14
6828.17
6828.17
42.01
42.01
6499.91
6499.91
8483.68
8483.68
5040.48
5040.48
53.45
53.45
6759.50
6759.50
5072.47
5072.47
55.04
55.04
7036.05
7036.05
562.95
562.95
8686.11
8686.11
8067.74
8067.74
6167.63
6167.63
6167.63
6167.63
10114.29
10114.29
5877.70
5877.70
5877.70
5877.70
5877.70
5877.70
8425.30
8425.30
8425.30
8425.30
6570.31
6570.31
7629.68
7629.68
9877.40
9877.40
8726.50
8726.50
8726.50
8726.50
8726.50
8726.50
8726.50
8726.50
8724.23
8724.23
7492.04
7492.04
127.28
127.28
1602.49
1602.49
390.47
390.47
64.09
64.09
5854.96
5854.96
22.73
22.73
17.56
17.56
6549.50
6549.50
30.57
30.57
25.08
25.08
18.25
18.25
1427.63
1427.63
1887.17
1887.17
1887.17
1887.17
6323.02
6323.02
4850.80
4850.80
7547.84
7547.84
8172.16
8172.16
299.97
299.97
169.85
169.85
9956.90
9956.90
20.45
20.45
6701.95
6701.95
9643.86
9643.86
1930.58
1930.58
8594.59
8594.59
9675.58
9675.58
5478.59
5478.59
6189.83
6189.83
10504.80
10504.80
10948.58
10948.58
1522.72
1522.72
10111.84
10111.84
248.14
248.14
11216.99
11216.99
11923.51
11923.51
4573.05
4573.05
11075.49
11075.49
11559.27
11559.27
11728.16
11728.16
50.78
50.78
1357.61
1357.61
836.23
836.23
5590.44
5590.44
5696.18
5696.18
8168.79
8168.79
1523.44
1523.44
6477.67
6477.67
8895.74
8895.74
8895.74
8895.74
7230.57
7230.57
7230.57
7230.57
8204.90
8204.90
641.46
641.46
20.43
20.43
121.69
121.69
1508.05
1508.05
1645.23
1645.23
72.66
72.66
561.79
561.79
506.04
506.04
245.40
245.40
87.50
87.50
77.65
77.65
495.31
495.31
4508.53
4508.53
4508.53
4508.53
6004.45
6004.45
3532.70
3532.70
91.89
91.89
1654.20
1654.20
6753.56
6753.56
8310.74
8310.74
8803.78
8803.78
7024.36
7024.36
4602.28
4602.28
24.94
24.94
9074.02
9074.02
6140.56
6140.56
11103.00
11103.00
11103.00
11103.00
11103.00
11103.00
11103.00
11103.00
11103.00
11103.00
11103.00
11103.00
11103.00
11103.00
8824.16
8824.16
10113.62
10113.62
8902.62
8902.62
8221.80
8221.80
4722.43
4722.43
8873.26
8873.26
10024.47
10024.47
6228.35
6228.35
11107.88
11107.88
10702.36
10702.36
8474.85
8474.85
5051.56
5051.56
5948.29
5948.29
7496.56
7496.56
6125.42
6125.42
6083.52
6083.52
467.24
467.24
9313.78
9313.78
1855.62
1855.62
25.52
25.52
1448.55
1448.55
5079.27
5079.27
754.15
754.15
861.65
861.65
173.29
173.29
79.91
79.91
575.91
575.91
134.30
134.30
3569.86
3569.86
3569.86
23.62
5930.20
5930.20
239.60
239.60
1359.53
1359.53
3049.65
3049.65
6517.34
6517.34
1545.36
1545.36
1883.81
1883.81
5535.72
5535.72
4865.27
4865.27
4486.32
4486.32
2124.01
2124.01
673.61
673.61
1446.45
1446.45
9641.97
9641.97
6775.76
6775.76
9094.02
9094.02
8440.44
8440.44
6918.20
6918.20
389.89
389.89
257.56
257.56
18.16
18.16
39.05
39.05
116.65
116.65
7275.37
7275.37
38.49
38.49
172.54
172.54
1527.57
1527.57
5679.13
5679.13
20.08
20.08
345.09
345.09
73.79
73.79
356.18
356.18
522.10
522.10
3724.82
3724.82
3724.82
2876.97
2876.97
2959.15
2959.15
1640.81
1640.81
2209.60
2209.60
1393.70
1393.70
980.08
980.08
385.34
385.34
219.79
219.79
170.72
170.72
4413.94
4413.94
4893.59
4893.59
5917.49
5917.49
7128.03
7128.03
6284.74
6284.74
10139.16
10139.16
3121.43
3121.43
41.47
41.47
4944.82
4944.82
8980.09
8980.09
5133.48
5133.48
2354.66
2354.66
3108.45
3108.45
555.19
555.19
641.99
641.99
3402.27
3402.27
3357.59
3357.59
1274.46
1274.46
496.61
496.61
1463.43
1463.43
815.24
815.24
2589.95
2589.95
6261.60
6261.60
8492.39
8492.39
1326.03
1326.03
112.14
112.14
3399.87
3399.87
190.83
190.83
63.91
63.91
5796.54
5796.54
6731.69
6731.69
72.86
72.86
164.18
164.18
123.30
123.30
44.95
44.95
279.38
279.38
1461.47
1461.47
275.64
275.64
139.87
139.87
1811.19
1811.19
472.87
472.87
21.79
21.79
515.44
515.44
40.00
40.00
129.45
129.45
94.80
94.80
5687.76
5687.76
1779.94
1779.94
6179.28
6179.28
3806.30
3806.30
243.86
243.86
1271.50
1271.50
96.22
96.22
114.57
114.57
974.09
974.09
6638.65
6638.65
6263.76
6263.76
6263.76
6263.76
2933.81
2933.81
3357.09
3357.09
5490.15
5490.15
7337.05
7337.05
7754.41
7754.41
1739.49
1739.49
1392.37
1392.37
5737.30
5737.30
8060.02
8060.02
1259.83
1259.83
6248.58
6248.58
5936.38
5936.38
4583.36
4583.36
694.47
694.47
6566.51
6566.51
286.17
286.17
204.44
204.44
1898.96
1898.96
5175.86
5175.86
1449.12
1449.12
9420.14
9420.14
6883.06
6883.06
7430.89
7430.89
7173.56
7173.56
4205.30
4205.30
3161.93
3161.93
7353.51
7353.51
7821.52
7821.52
659.29
659.29
6869.83
6869.83
6572.30
6572.30
6105.03
6105.03
8730.14
8730.14
1363.63
1363.63
1011.69
1011.69
112.78
112.78
35.91
35.91
3423.43
3423.43
7666.33
7666.33
125.76
125.76
9465.29
9465.29
450.92
450.92
6868.46
6868.46
657.38
657.38
132.14
132.14
15.78
15.78
1697.50
1697.50
1918.35
1918.35
2905.71
2905.71
1029.51
1029.51
4501.81
4501.81
4401.37
4401.37
2668.60
2668.60
1335.71
1335.71
2035.59
2035.59
1551.37
1551.37
14.76
14.76
62.58
62.58
2005.49
2005.49
856.83
856.83
194.50
194.50
938.94
938.94
46.03
46.03
2593.81
2593.81
1459.46
1459.46
465.81
465.81
317.59
317.59
387.27
387.27
740.49
740.49
1178.35
1178.35
28.45
28.45
1408.82
1408.82
2883.35
2883.35
3609.68
3609.68
66.75
66.75
4492.85
4492.85
1558.94
1558.94
140.39
140.39
191.39
191.39
35.61
35.61
1343.18
1343.18
83.00
83.00
7879.34
7879.34
1078.32
1078.32
5447.28
5447.28
5009.91
5009.91
2170.22
2170.22
6419.16
6419.16
24.43
24.43
96.75
96.75
715.34
715.34
207.53
207.53
53.96
53.96
1446.40
1446.40
70.27
70.27
160.69
160.69
8829.27
8829.27
20.64
20.64
1433.94
1433.94
62.08
62.08
1441.34
1441.34
975.34
975.34
238.50
238.50
26.58
26.58
122.89
122.89
1673.65
1673.65
3210.53
3210.53
5343.03
5343.03
6997.60
6997.60
6454.42
6454.42
6449.08
6449.08
5810.56
5810.56
1573.07
1573.07
1709.48
1709.48
23.92
23.92
10.00
10.00
10.00
10.00
1366.55
1366.55
424.58
424.58
292.94
292.94
6621.36
6621.36
36.34
36.34
4054.78
4054.78
971.66
971.66
66.39
66.39
22.76
22.76
348.14
348.14
780.98
780.98
343.54
343.54
3005.46
3005.46
2526.47
2526.47
456.43
456.43
6505.53
6505.53
40.72
40.72
70.96
70.96
124.33
124.33
1296.41
1296.41
2738.88
2738.88
7510.41
7510.41
1326.16
1326.16
500.84
500.84
6119.02
6119.02
1214.88
1214.88
1049.74
1049.74
1642.20
1642.20
67.71
67.71
1594.34
1594.34
270.05
270.05
1481.10
1481.10
192.89
192.89
2450.00
2450.00
1037.65
1037.65
222.30
222.30
10.00
10.00
66.90
66.90
567.57
567.57
6125.55
6125.55
524.83
524.83
1444.45
1444.45
2175.53
2175.53
2175.53
2175.53
6296.87
6296.87
5127.98
5127.98
5069.25
5069.25
9954.77
9954.77
10695.75
10695.75
5755.39
5755.39
10316.01
10316.01
6040.35
6040.35
7472.64
7472.64
7163.68
7163.68
6018.96
6018.96
7357.63
7357.63
7449.69
7449.69
7360.79
7360.79
7360.79
7360.79
3221.16
3221.16
6114.68
6114.68
8304.35
8304.35
5538.28
5538.28
1356.44
1356.44
6273.46
6273.46
6273.46
6273.46
9996.16
9996.16
1176.14
1176.14
9350.95
9350.95
9768.74
9768.74
9232.10
9232.10
9112.24
9112.24
7637.71
7637.71
5756.04
5756.04
11382.34
11382.34
10065.20
10065.20
11347.96
11347.96
7228.16
7228.16
7228.16
7228.16
7228.16
7228.16
7228.16
7228.16
872.50
872.50
8248.69
8248.69
8248.69
8248.69
6003.24
6003.24
7623.76
7623.76
7623.76
7623.76
10045.48
10045.48
11824.36
11824.36
7663.36
7663.36
6382.46
6382.46
139.42
139.42
10583.28
10583.28
74.56
74.56
4629.40
4629.40
4629.40
4629.40
4629.40
4629.40
11802.16
11802.16
9019.44
9019.44
5985.81
5985.81
7876.85
7876.85
9717.79
9717.79
9717.79
9717.79
8116.27
8116.27
8305.53
8305.53
1890.25
1890.25
427.03
427.03
441.83
441.83
1538.82
1538.82
316.82
316.82
163.05
163.05
563.57
563.57
66.65
66.65
17.04
17.04
159.38
159.38
5460.01
5460.01
626.89
626.89
6244.04
6244.04
238.13
238.13
1375.36
1375.36
91.39
91.39
96.03
96.03
15.85
15.85
2132.57
2132.57
1948.39
1948.39
34.94
34.94
6772.94
6772.94
1397.59
1397.59
154.69
154.69
5510.01
5510.01
5946.98
5946.98
5091.36
5091.36
5858.75
5858.75
6912.47
6912.47
6749.88
6749.88
97.17
97.17
5540.10
5540.10
5540.10
5540.10
8195.93
8195.93
106.24
106.24
1260.01
1260.01
172.09
172.09
1031.63
1031.63
4319.93
4319.93
1558.15
1558.15
4700.82
4700.82
41.84
41.84
6731.35
6731.35
4858.38
4858.38
1560.46
1560.46
2218.17
2218.17
1319.57
1319.57
67.75
67.75
13.87
13.87
5825.94
5825.94
2802.96
2802.96
1135.61
1135.61
2831.15
2831.15
88.24
88.24
66.14
66.14
99.20
99.20
20.48
20.48
101.48
101.48
1300.12
1300.12
1278.88
1278.88
24.82
24.82
1550.27
1550.27
1113.48
1113.48
86.54
86.54
188.15
188.15
1125.19
1125.19
1977.56
1977.56
3070.12
3070.12
5889.55
5889.55
5538.72
5538.72
5490.68
5490.68
4157.23
4157.23
5540.64
5540.64
6376.97
6376.97
476.90
476.90
5568.51
5568.51
5035.51
5035.51
7510.06
7510.06
6619.58
6619.58
25.31
25.31
3750.70
3750.70
6403.12
6403.12
3122.87
3122.87
6504.33
6504.33
8129.78
8129.78
351.54
351.54
8427.19
8427.19
6706.87
6706.87
10485.93
10485.93
10485.93
10485.93
8342.70
8342.70
9040.14
9040.14
8123.06
8123.06
8123.06
8123.06
8123.06
8123.06
8123.06
8123.06
8353.36
8353.36
8919.87
8919.87
1025.10
1025.10
5191.64
5191.64
7052.45
7052.45
6833.02
6833.02
3821.04
3821.04
6369.04
6369.04
8422.10
8422.10
5637.82
5637.82
5637.82
5637.82
9020.61
9020.61
7187.50
7187.50
975.21
975.21
1464.35
1464.35
1822.55
1822.55
86.18
86.18
1488.65
1488.65
9876.32
9876.32
1601.89
1601.89
7194.25
7194.25
7194.25
7194.25
12407.02
12407.02
122.18
122.18
208.41
208.41
570.77
570.77
603.77
603.77
16.62
16.62
44.67
44.67
1665.83
1665.83
2116.39
2116.39
252.32
252.32
3251.22
3251.22
2589.61
2589.61
3367.30
3367.30
42.25
42.25
130.20
130.20
4575.41
4575.41
245.10
245.10
2863.27
2863.27
4139.65
4139.65
1779.78
1779.78
3144.30
3144.30
3144.30
714.80
7516.51
7516.51
5329.25
5329.25
107.56
107.56
497.81
497.81
172.28
172.28
6632.81
6632.81
4302.59
4302.59
7720.71
7720.71
164.30
164.30
48.57
48.57
607.29
607.29
4401.89
4401.89
4469.66
4469.66
299.86
299.86
5515.02
5515.02
2109.94
2109.94
1271.44
1271.44
629.74
629.74
539.22
539.22
388.65
388.65
172.95
172.95
1656.61
1656.61
4741.36
4741.36
1285.63
1285.63
5603.96
5603.96
1875.65
1875.65
5311.07
5311.07
5549.72
5549.72
6287.80
6287.80
347.08
347.08
964.71
964.71
1473.15
1473.15
5940.92
5940.92
171.43
171.43
487.64
487.64
415.14
415.14
3757.41
3757.41
24.61
24.61
109.94
109.94
130.77
130.77
3409.03
3409.03
1223.68
1223.68
8515.70
8515.70
100.15
100.15
78.96
78.96
160.03
160.03
263.08
263.08
4928.35
4928.35
4810.08
4810.08
112.38
112.38
1750.67
1750.67
113.43
113.43
6696.65
6696.65
344.64
344.64
636.12
636.12
1804.96
1804.96
1344.89
1344.89
345.64
345.64
26.51
26.51
940.68
940.68
4059.80
4059.80
57.40
57.40
5734.77
5734.77
46.85
46.85
41.02
41.02
569.02
569.02
119.78
119.78
1380.05
1380.05
4664.60
4664.60
4761.33
4761.33
2475.68
2475.68
2475.68
6787.91
6787.91
6783.95
6783.95
6903.06
6903.06
6920.03
6920.03
300.80
300.80
1576.48
1576.48
7641.31
7641.31
135.82
135.82
1572.77
1572.77
6770.32
6770.32
22.68
22.68
527.13
527.13
1687.76
1687.76
6269.82
6269.82
5689.29
5689.29
9283.12
9283.12
59.41
59.41
142.70
142.70
1132.34
1132.34
57.89
57.89
1916.97
1916.97
10.00
10.00
6214.46
6214.46
230.92
230.92
5333.87
5333.87
310.91
310.91
253.94
253.94
1544.76
1544.76
1138.79
1138.79
158.09
158.09
21.85
21.85
334.17
334.17
201.08
201.08
290.46
290.46
5360.89
5360.89
7472.82
7472.82
7294.40
7294.40
7209.85
7209.85
32.65
32.65
101.14
101.14
979.08
979.08
67.92
67.92
6019.45
6019.45
54.76
54.76
101.17
101.17
5981.22
5981.22
1652.04
1652.04
6581.17
6581.17
4773.40
4773.40
7792.98
7792.98
4247.79
4247.79
6769.03
6769.03
5995.98
5995.98
2456.85
2456.85
1698.83
1698.83
134.21
134.21
1262.80
1262.80
1090.99
1090.99
1641.66
1641.66
9948.92
9948.92
22.48
22.48
3439.28
3439.28
178.89
178.89
1679.88
1679.88
25.34
25.34
1936.18
1936.18
152.43
152.43
27.94
27.94
6555.74
6555.74
111.49
111.49
3776.16
3776.16
5231.34
5231.34
6480.54
6480.54
5967.84
5967.84
285.97
285.97
6462.28
6462.28
6360.46
6360.46
72.61
72.61
5244.00
5244.00
4913.61
4913.61
7024.43
7024.43
66.73
66.73
1550.14
1550.14
2876.25
2876.25
2954.44
2954.44
2790.37
2790.37
6910.28
6910.28
3923.57
3923.57
41.41
41.41
1685.11
1685.11
28.77
28.77
28.27
28.27
443.96
443.96
10.00
10.00
4576.46
4576.46
229.92
229.92
5408.11
5408.11
4935.46
4935.46
6974.20
6974.20
1465.91
1465.91
199.70
199.70
1303.93
1303.93
434.69
434.69
3287.30
3287.30
1534.99
1534.99
7458.30
7458.30
64.56
64.56
8249.35
8249.35
8318.14
8318.14
33.29
33.29
100.24
100.24
256.31
256.31
649.59
649.59
587.18
587.18
16.31
16.31
701.69
701.69
37.13
37.13
3476.95
3476.95
2805.40
2805.40
8576.08
8576.08
28.69
28.69
393.60
393.60
874.78
874.78
83.13
83.13
211.41
211.41
7680.96
7680.96
4920.01
4920.01
8670.66
8670.66
8670.66
8670.66
9070.92
9070.92
1438.27
1438.27
7332.49
7332.49
6483.65
6483.65
7492.09
7492.09
168.09
168.09
6414.43
6414.43
7525.52
7525.52
8358.17
8358.17
10122.43
10122.43
8583.26
8583.26
1713.00
1713.00
3175.87
3175.87
3120.24
3120.24
3771.27
3771.27
8492.88
8492.88
8526.71
8526.71
7379.69
7379.69
11459.36
11459.36
8390.92
8390.92
6843.16
6843.16
10482.06
10482.06
12069.76
12069.76
8663.37
8663.37
5697.62
5697.62
5697.62
5697.62
7527.12
7527.12
7527.12
7527.12
7527.12
7527.12
7527.12
7527.12
8099.83
8099.83
10559.99
10559.99
10675.07
10675.07
7212.79
7212.79
8150.66
8150.66
38.42
38.42
9085.84
9085.84
2443.33
2443.33
6798.41
6798.41
414.61
414.61
265.81
265.81
204.98
204.98
67.22
67.22
2432.25
2432.25
5809.89
5809.89
4446.23
4446.23
5050.00
5050.00
6922.69
6922.69
5795.80
5795.80
34.47
34.47
6413.51
6413.51
5688.26
5688.26
6441.55
6441.55
6798.71
6798.71
6798.71
6798.71
5996.22
5996.22
6726.05
6726.05
4909.50
4909.50
6082.17
6082.17
7315.43
7315.43
7315.43
7315.43
7202.12
7202.12
7986.82
7986.82
8895.47
8895.47
6479.30
6479.30
9038.94
9038.94
9038.94
9038.94
7084.29
7084.29
7039.52
7039.52
234.96
234.96
6169.13
6169.13
7436.01
7436.01
7062.44
7062.44
6550.04
6550.04
5483.40
5483.40
77.10
77.10
7181.70
7181.70
862.28
862.28
40.98
40.98
7499.81
7499.81
208.56
208.56
36.68
36.68
1860.36
1860.36
1111.11
1111.11
20.39
20.39
48.95
48.95
48.95
48.95
30.02
30.02
244.93
244.93
142.59
142.59
2310.75
2310.75
7134.01
7134.01
7134.01
7134.01
5965.19
5965.19
1437.87
1437.87
2453.10
2453.10
4526.54
4526.54
1698.41
1698.41
5153.37
5153.37
6564.68
6564.68
3589.58
3589.58
2131.84
2131.84
1637.23
1637.23
1701.89
1701.89
1667.28
1667.28
4717.88
4717.88
8151.50
8151.50
7887.71
7887.71
1982.54
1982.54
125.42
125.42
632.94
632.94
1488.65
1488.65
841.28
841.28
35.78
35.78
35.41
35.41
417.19
417.19
58.79
58.79
20.68
20.68
884.78
884.78
4325.20
4325.20
4882.70
4882.70
7786.89
7786.89
75.97
75.97
1640.81
1640.81
1365.48
1365.48
241.26
241.26
223.84
223.84
124.50
124.50
1662.73
1662.73
5821.65
5821.65
7247.95
7247.95
327.42
327.42
598.86
598.86
40.83
40.83
103.15
103.15
1448.84
1448.84
6339.72
6339.72
6737.75
6737.75
8601.16
8601.16
8927.89
8927.89
5905.38
5905.38
171.85
171.85
25.83
25.83
24.52
24.52
230.24
230.24
238.51
238.51
5129.06
5129.06
2333.36
2333.36
5110.80
5110.80
1935.27
1935.27
4114.67
4114.67
5615.06
5615.06
173.55
173.55
41.92
41.92
6685.57
6685.57
7702.85
7702.85
4939.61
4939.61
3239.10
3239.10
2357.96
2357.96
1658.06
1658.06
9631.04
9631.04
119.11
119.11
4076.63
4076.63
172.05
172.05
6352.52
6352.52
510.22
510.22
245.12
245.12
7691.99
7691.99
239.87
239.87
1630.96
1630.96
3339.07
3339.07
34.01
34.01
18.15
18.15
122.78
122.78
96.93
96.93
319.76
319.76
4480.61
4480.61
110.28
110.28
7329.72
7329.72
432.88
432.88
207.30
207.30
9185.87
9185.87
7398.28
7398.28
1389.27
1389.27
1800.38
1800.38
307.67
307.67
10.00
10.00
59.71
59.71
1435.94
1435.94
1715.00
1715.00
3417.01
3417.01
3126.79
3126.79
6522.16
6522.16
4302.33
4302.33
121.87
121.87
1702.30
1702.30
337.57
337.57
41.33
41.33
1392.59
1392.59
550.08
550.08
4895.26
4895.26
5158.02
5158.02
247.56
247.56
546.34
546.34
200.80
200.80
1242.61
1242.61
178.01
178.01
9962.61
9962.61
31.60
31.60
2585.24
2585.24
37.43
37.43
36.24
36.24
1813.64
1813.64
98.68
98.68
1738.94
1738.94
6983.95
6983.95
4195.08
4195.08
7528.49
7528.49
898.42
898.42
1257.58
1257.58
4049.62
4049.62
8577.48
8577.48
929.14
929.14
309.83
309.83
452.19
452.19
222.61
222.61
10.00
10.00
21.43
21.43
4813.14
4813.14
234.45
234.45
5296.35
5296.35
4017.79
4017.79
4600.06
4600.06
4107.67
4107.67
4516.95
4516.95
2217.04
2217.04
1669.85
1669.85
8201.34
8201.34
6121.58
6121.58
2616.23
2616.23
6784.04
6784.04
1659.72
1659.72
3533.09
3533.09
3533.09
3533.09
6949.01
6949.01
7010.05
7010.05
6509.07
6509.07
8452.89
8452.89
7744.89
7744.89
8569.47
8569.47
11813.92
11813.92
2994.63
2994.63
170.14
170.14
3313.90
3313.90
9920.96
9920.96
9920.96
9920.96
6336.51
6336.51
6483.46
6483.46
8846.05
8846.05
9127.87
9127.87
5339.96
5339.96
7661.38
7661.38
7661.38
7661.38
8207.07
8207.07
8207.07
8207.07
5189.67
5189.67
10959.94
10959.94
11684.49
11684.49
3233.09
3233.09
6295.91
6295.91
270.47
270.47
1509.11
1509.11
23.74
23.74
7333.15
7333.15
1792.56
1792.56
3571.74
3571.74
1392.08
1392.08
7876.74
7876.74
8200.21
8200.21
7165.97
7165.97
6537.43
6537.43
8371.74
8371.74
2033.57
2033.57
745.93
745.93
6051.48
6051.48
93.46
93.46
7074.01
7074.01
8371.71
8371.71
6392.47
6392.47
1635.75
1635.75
4080.40
4080.40
4080.40
2104.11
5077.16
5077.16
1004.79
1004.79
1145.78
1145.78
1145.78
865.97
1631.63
1631.63
4100.22
4100.22
7686.24
7686.24
58.18
58.18
998.01
998.01
527.36
527.36
74.14
74.14
271.51
271.51
378.04
378.04
67.53
67.53
41.01
41.01
1927.40
1927.40
79.70
79.70
175.78
175.78
175.78
4555.56
7959.48
7959.48
25.55
25.55
461.41
461.41
19.46
19.46
229.05
229.05
1358.29
1358.29
161.84
161.84
510.41
510.41
61.58
61.58
1712.00
1712.00
147.68
147.68
147.68
1551.71
648.36
648.36
280.17
280.17
27.13
27.13
863.46
863.46
1600.45
1600.45
635.20
635.20
183.90
183.90
6271.10
6271.10
1249.46
1249.46
1362.18
1362.18
6272.45
6272.45
7330.43
7330.43
8021.42
8021.42
80.59
80.59
120.59
120.59
7250.30
7250.30
5110.10
5110.10
1266.77
1266.77
981.51
981.51
4619.10
4619.10
7523.45
7523.45
6167.67
6167.67
6560.76
6560.76
3784.14
3784.14
6101.54
6101.54
7859.88
7859.88
2279.36
2279.36
6786.20
6786.20
3013.25
3013.25
2362.36
2362.36
22.37
22.37
5389.01
5389.01
7230.59
7230.59
1506.52
1506.52
6537.25
6537.25
4762.57
4762.57
9991.24
9991.24
10304.75
10304.75
4774.19
4774.19
786.71
786.71
1673.67
1673.67
487.35
487.35
373.81
373.81
6471.51
6471.51
5609.54
5609.54
3184.22
3184.22
7220.23
7220.23
6795.99
6795.99
10298.45
10298.45
10298.45
111.06
111.06
83.40
83.40
99.39
99.39
225.43
225.43
6614.50
6614.50
1737.43
1737.43
7129.12
7129.12
108.09
108.09
82.97
82.97
167.87
167.87
1661.73
1661.73
926.21
926.21
57.00
57.00
179.85
179.85
3430.09
3430.09
1545.42
1545.42
3262.07
3262.07
5170.84
5170.84
142.68
142.68
84.17
84.17
10756.74
10756.74
608.48
608.48
71.84
71.84
463.42
463.42
381.91
381.91
1618.66
1618.66
221.56
221.56
43.18
43.18
86.34
86.34
2396.66
2396.66
2141.91
2141.91
1089.50
1089.50
345.82
345.82
25.21
25.21
1306.62
1306.62
695.96
695.96
50.73
50.73
5639.04
5639.04
3490.52
3490.52
1310.82
1310.82
26.38
26.38
1232.00
1232.00
42.57
42.57
20.93
20.93
41.52
41.52
3388.51
3388.51
142.29
142.29
5667.05
5667.05
4373.26
4373.26
5757.77
5757.77
3102.80
3102.80
6520.40
6520.40
6266.82
6266.82
128.81
128.81
91.63
91.63
5047.71
5047.71
5505.01
5505.01
568.54
568.54
7858.11
7858.11
7641.80
7641.80
6285.84
6285.84
99.56
99.56
7355.36
7355.36
1678.29
1678.29
24.80
24.80
6821.75
6821.75
7623.39
7623.39
6878.03
6878.03
1872.90
1872.90
7073.50
7073.50
5646.32
5646.32
5555.68
5555.68
7746.30
7746.30
6829.06
6829.06
5990.79
5990.79
6116.22
6116.22
7928.78
7928.78
6098.69
6098.69
8252.98
8252.98
400.96
400.96
1655.17
1655.17
3982.75
3982.75
4247.11
4247.11
7454.59
7454.59
6796.75
6796.75
2156.31
2156.31
8654.43
8654.43
10479.92
10479.92
10479.92
10479.92
66.85
66.85
3022.42
3022.42
1353.25
1353.25
1652.61
1652.61
2934.51
2934.51
5941.89
5941.89
3096.37
3096.37
44.05
44.05
1511.54
1511.54
2113.64
2113.64
1577.18
1577.18
2412.75
2412.75
5952.99
5952.99
2388.54
2388.54
6940.60
6940.60
6940.60
6940.60
412.80
412.80
7762.01
7762.01
4624.10
4624.10
4992.52
4992.52
7748.64
7748.64
6545.51
6545.51
6628.80
6628.80
3376.79
3376.79
8711.83
8711.83
22.62
22.62
6671.76
6671.76
7054.41
7054.41
151.55
151.55
6026.12
6026.12
5896.92
5896.92
5305.26
5305.26
6566.03
6566.03
7876.04
7876.04
8581.86
8581.86
6222.80
6222.80
1682.26
1682.26
693.88
693.88
7155.93
7155.93
6038.24
6038.24
4288.80
4288.80
5877.43
5877.43
7015.75
7015.75
10338.07
10338.07
7987.49
7987.49
10964.99
10964.99
47.08
47.08
2128.77
2128.77
28.91
28.91
21.87
21.87
71.42
71.42
174.12
174.12
316.01
316.01
27.04
27.04
22.28
22.28
409.22
409.22
5960.51
5960.51
1376.49
1376.49
2262.70
2262.70
7137.87
7137.87
1669.97
1669.97
145.18
145.18
490.60
490.60
88.48
88.48
110.23
110.23
1626.83
1626.83
15.08
15.08
8754.80
8754.80
67.03
67.03
125.86
125.86
1225.57
1225.57
583.43
583.43
1388.11
1388.11
174.35
174.35
10.00
10.00
64.79
64.79
74.72
74.72
40.28
40.28
108.62
108.62
112.52
112.52
567.52
567.52
6744.87
6744.87
4806.76
4806.76
5280.55
5280.55
5338.25
5338.25
4340.68
4340.68
2903.68
2903.68
1764.44
1764.44
5226.95
5226.95
5028.70
5028.70
4539.72
4539.72
157.37
157.37
6279.59
6279.59
21.32
21.32
1660.00
1660.00
3133.99
3133.99
1559.79
1559.79
1068.56
1068.56
311.75
311.75
30.80
30.80
7461.95
7461.95
1202.93
1202.93
4631.65
4631.65
7670.01
7670.01
40.91
40.91
8583.06
8583.06
6689.52
6689.52
6420.80
6420.80
7291.42
7291.42
731.99
731.99
6313.13
6313.13
108.93
108.93
8598.07
8598.07
16.50
16.50
4892.13
4892.13
1103.31
1103.31
152.94
152.94
396.36
396.36
1898.15
1898.15
3076.45
3076.45
25.14
25.14
4742.16
4742.16
867.47
867.47
1506.36
1506.36
4128.63
4128.63
8481.69
8481.69
1461.06
1461.06
130.48
130.48
139.17
139.17
35.89
35.89
45.83
45.83
228.11
228.11
2262.04
2262.04
6127.51
6127.51
6362.60
6362.60
6367.41
6367.41
44.26
44.26
4710.53
4710.53
7767.64
7767.64
96.16
96.16
6876.47
6876.47
7084.83
7084.83
7943.39
7943.39
438.60
438.60
9628.39
9628.39
7631.61
7631.61
7631.61
7631.61
8340.91
8340.91
142.12
142.12
41.70
41.70
1698.74
1698.74
1469.15
1469.15
143.70
143.70
631.11
631.11
5338.23
5338.23
3493.82
3493.82
3704.83
3704.83
3458.91
3458.91
833.29
833.29
280.32
280.32
487.57
487.57
23.51
23.51
4372.47
4372.47
8026.06
8026.06
9582.05
9582.05
9582.05
9582.05
9582.05
9582.05
8022.56
8022.56
8022.56
8022.56
41.86
41.86
11246.25
11246.25
10863.40
10863.40
9141.72
9141.72
832.60
832.60
3724.36
3724.36
3724.36
3724.36
8835.63
8835.63
6881.68
6881.68
6840.48
6840.48
6840.48
6840.48
7856.29
7856.29
7113.66
7113.66
7536.46
7536.46
9183.33
9183.33
8707.33
8707.33
7047.72
7047.72
6256.98
6256.98
38.83
38.83
6854.33
6854.33
6799.06
6799.06
8905.42
8905.42
7580.04
7580.04
10185.99
10185.99
2201.61
2201.61
1795.09
1795.09
333.99
333.99
517.14
517.14
1685.11
1685.11
9377.76
9377.76
1692.87
1692.87
7827.03
7827.03
40.33
40.33
19.68
19.68
140.40
140.40
67.08
67.08
1396.34
1396.34
4743.77
4743.77
6851.31
6851.31
97.10
97.10
46.92
46.92
58.07
58.07
286.17
286.17
950.73
950.73
990.98
990.98
1503.98
1503.98
6408.43
6408.43
6806.60
6806.60
6081.78
6081.78
3874.97
3874.97
4692.85
4692.85
5303.40
5303.40
130.36
130.36
5440.45
5440.45
4531.48
4531.48
304.44
304.44
1428.42
1428.42
159.84
159.84
1740.56
1740.56
1959.45
1959.45
4392.54
4392.54
3488.26
3488.26
463.79
463.79
188.62
188.62
7237.98
7237.98
637.90
637.90
97.56
97.56
145.86
145.86
184.53
184.53
357.81
357.81
3661.44
3661.44
247.51
247.51
28.07
28.07
100.78
100.78
4411.46
4411.46
4841.15
4841.15
2440.89
2440.89
628.51
628.51
1666.28
1666.28
1242.07
1242.07
3455.49
3455.49
1195.17
1195.17
67.77
67.77
47.99
47.99
1518.30
1518.30
593.81
593.81
1086.79
1086.79
118.12
118.12
48.89
48.89
265.49
265.49
142.90
142.90
4253.22
4253.22
66.13
66.13
3718.34
3718.34
187.66
187.66
136.85
136.85
1464.59
1464.59
5037.88
5037.88
6469.23
6469.23
6913.92
6913.92
3390.18
3390.18
7270.35
7270.35
7270.35
7270.35
12083.14
12083.14
222.77
222.77
5954.74
5954.74
4554.08
4554.08
1781.02
1781.02
106.16
106.16
7215.17
7215.17
7215.17
7215.17
11935.55
11935.55
11315.06
11315.06
11315.06
11315.06
7184.56
7184.56
8316.38
8316.38
9033.64
9033.64
8397.81
8397.81
6229.89
6229.89
3889.95
3889.95
7940.05
7940.05
7940.05
5598.58
8482.56
8482.56
8482.56
20.55
7472.60
7472.60
6844.99
6844.99
6844.99
6844.99
7962.97
7962.97
8354.18
8354.18
5268.80
5268.80
10352.82
10352.82
10352.82
10352.82
9281.49
9281.49
8036.70
8036.70
8036.70
5331.71
10038.32
10038.32
10038.32
10038.32
9879.19
9879.19
9960.22
9960.22
8480.27
8480.27
159.41
159.41
8300.33
8300.33
504.70
504.70
1635.22
1635.22
2637.64
2637.64
2637.64
1029.31
9014.47
9014.47
218.70
218.70
1581.28
1581.28
8470.00
8470.00
48.69
48.69
1187.23
1187.23
9463.66
9463.66
8489.37
8489.37
8973.68
8973.68
6607.33
6607.33
7227.95
7227.95
5663.08
5663.08
6681.50
6681.50
6681.50
6681.50
9677.91
9677.91
15.70
15.70
246.02
246.02
4816.76
4816.76
25.70
25.70
7039.46
7039.46
1648.14
1648.14
1648.14
8154.56
1408.49
1408.49
252.39
252.39
799.68
799.68
5489.53
5489.53
71.13
71.13
226.87
226.87
6465.10
6465.10
5650.48
5650.48
7901.05
7901.05
7357.97
7357.97
28.77
28.77
1762.06
1762.06
1762.06
1623.19
93.14
93.14
1144.89
1144.89
1877.80
1877.80
1352.01
1352.01
50.04
50.04
1756.73
1756.73
37.65
37.65
25.18
25.18
6755.89
6755.89
112.81
112.81
63.14
63.14
1939.13
1939.13
10.00
10.00
10.00
464.70
2359.65
2359.65
3798.10
3798.10
179.58
179.58
179.58
26.17
820.55
820.55
247.84
247.84
4881.72
4881.72
7762.36
7762.36
1928.83
1928.83
1600.69
1600.69
1600.69
1543.82
1543.82
1299.36
207.50
207.50
1415.59
1415.59
140.41
140.41
81.49
81.49
5164.23
5164.23
5164.23
4172.31
267.71
267.71
1500.27
1500.27
3407.37
3407.37
69.01
69.01
251.59
251.59
5917.04
5917.04
5917.04
2009.37
5722.35
5722.35
6950.01
6950.01
7389.62
7389.62
1711.42
1711.42
1520.64
1520.64
35.34
35.34
57.71
57.71
1036.70
1036.70
4916.87
4916.87
164.42
164.42
879.03
879.03
40.89
40.89
652.41
652.41
337.48
337.48
24.59
24.59
195.45
195.45
155.02
155.02
747.73
747.73
1095.23
1095.23
1296.12
1296.12
1379.25
1379.25
1379.25
1474.25
1474.25
1286.59
1286.59
337.44
337.44
80.94
80.94
164.32
164.32
145.30
145.30
296.73
296.73
7241.00
7241.00
37.26
37.26
268.10
268.10
1812.51
1812.51
1271.15
1271.15
288.35
288.35
63.14
63.14
299.64
299.64
36.27
36.27
1012.69
1012.69
128.36
128.36
118.48
118.48
1811.83
1811.83
350.53
350.53
352.70
352.70
3744.44
3744.44
1454.75
1454.75
4982.25
4982.25
5306.76
5306.76
139.01
139.01
1633.13
1633.13
7069.57
7069.57
1401.82
1401.82
1329.60
1329.60
4035.28
4035.28
884.06
884.06
21.96
21.96
5471.66
5471.66
4377.00
4377.00
1688.54
1688.54
198.85
198.85
215.64
215.64
3833.50
3833.50
5610.31
5610.31
1665.31
1665.31
4445.55
4445.55
6440.65
6440.65
5890.51
5890.51
1353.30
1353.30
4899.44
4899.44
6996.78
6996.78
8103.91
8103.91
1194.17
1194.17
6903.19
6903.19
1635.52
1635.52
1259.28
1259.28
1662.35
1662.35
6272.13
6272.13
324.93
324.93
3337.36
3337.36
1543.16
1543.16
8519.69
8519.69
8149.62
8149.62
7493.60
7493.60
7493.60
7493.60
7029.63
7029.63
9064.29
9064.29
8873.86
8873.86
9352.40
9352.40
5745.51
5745.51
7101.23
7101.23
5587.92
5587.92
7399.28
7399.28
7399.28
7399.28
1339.48
1339.48
19.71
19.71
9546.53
9546.53
7579.92
7579.92
7579.92
7579.92
7937.34
7937.34
5902.90
5902.90
8261.52
8261.52
6747.46
6747.46
7034.80
7034.80
9669.56
9669.56
7757.44
7757.44
6331.60
6331.60
8810.68
8810.68
6907.05
6907.05
6907.05
6907.05
6907.05
6907.05
9948.14
9948.14
9108.51
9108.51
6642.62
6642.62
6037.41
6037.41
8331.47
8331.47
100.20
100.20
6577.14
6577.14
8444.41
8444.41
5883.10
5883.10
136.76
136.76
5939.14
5939.14
8048.14
8048.14
9211.93
9211.93
9211.93
9211.93
7055.99
7055.99
10692.18
10692.18
11575.16
11575.16
10459.90
10459.90
5607.02
5607.02
10455.08
10455.08
11030.59
11030.59
11348.41
11348.41
11053.06
11053.06
6434.07
6434.07
8856.72
8856.72
10545.84
10545.84
925.15
925.15
740.06
740.06
2065.72
2065.72
3396.18
3396.18
1564.48
1564.48
4379.28
4379.28
26.69
26.69
2264.50
2264.50
4487.11
4487.11
25.85
25.85
776.75
776.75
39.59
39.59
7659.79
7659.79
2589.39
2589.39
6408.22
6408.22
1100.83
1100.83
1870.56
1870.56
7859.37
7859.37
7885.46
7885.46
3419.32
3419.32
1015.53
1015.53
30.25
30.25
5264.58
5264.58
2976.36
2976.36
308.18
308.18
810.77
810.77
352.48
352.48
2108.96
2108.96
91.91
91.91
6046.76
6046.76
5870.65
5870.65
18.36
18.36
7615.97
7615.97
76.56
76.56
3234.61
3234.61
45.08
45.08
2699.97
2699.97
269.43
269.43
2414.73
2414.73
9896.99
9896.99
7685.85
7685.85
1303.98
1303.98
1600.68
1600.68
8219.04
8219.04
1270.57
1270.57
615.00
615.00
283.47
283.47
7458.43
7458.43
7065.53
7065.53
2046.82
2046.82
6400.72
6400.72
9145.70
9145.70
98.75
98.75
5665.90
5665.90
4137.08
4137.08
553.38
553.38
2111.96
2111.96
177.65
177.65
2233.63
2233.63
61.32
61.32
1517.16
1517.16
407.17
407.17
2201.07
2201.07
2649.44
2649.44
1578.56
1578.56
1220.48
1220.48
1674.23
1674.23
149.79
149.79
6265.93
6265.93
5942.59
5942.59
425.13
425.13
5181.74
5181.74
6368.24
6368.24
8006.28
8006.28
414.14
414.14
88.20
88.20
204.17
204.17
1457.65
1457.65
3977.92
3977.92
694.30
694.30
5359.08
5359.08
2275.61
2275.61
6181.31
6181.31
7593.49
7593.49
8685.54
8685.54
7077.82
7077.82
5187.51
5187.51
59.01
59.01
1068.25
1068.25
430.07
430.07
1452.78
1452.78
68.80
68.80
101.02
101.02
557.72
557.72
390.89
390.89
26.80
26.80
6886.15
6886.15
106.04
106.04
3667.44
3667.44
1117.46
1117.46
5872.61
5872.61
6292.69
6292.69
1387.75
1387.75
44.69
44.69
26.32
26.32
79.54
79.54
48.47
48.47
45.85
45.85
707.15
707.15
859.21
859.21
5781.47
5781.47
3439.29
3439.29
65.84
65.84
1431.32
1431.32
479.06
479.06
37.71
37.71
7066.93
7066.93
10418.50
10418.50
735.23
735.23
4554.86
4554.86
145.14
145.14
358.35
358.35
4781.24
4781.24
17.72
17.72
272.94
272.94
51.53
51.53
1617.95
1617.95
543.50
543.50
1393.56
1393.56
270.68
270.68
91.06
91.06
797.44
797.44
7973.81
7973.81
5324.76
5324.76
23.55
23.55
377.49
377.49
40.55
40.55
374.04
374.04
10.00
10.00
4651.52
4651.52
4306.40
4306.40
971.45
971.45
5065.22
5065.22
41.00
41.00
74.07
74.07
1606.23
1606.23
2914.34
2914.34
6033.22
6033.22
8185.52
8185.52
1345.62
1345.62
1660.45
1660.45
26.02
26.02
3773.72
3773.72
106.54
106.54
348.47
348.47
1535.65
1535.65
45.08
45.08
114.34
114.34
63.90
63.90
282.51
282.51
280.27
280.27
1088.30
1088.30
380.85
380.85
4368.57
4368.57
272.91
272.91
3668.92
3668.92
130.95
130.95
5015.43
5015.43
49.92
49.92
1626.90
1626.90
83.57
83.57
307.67
307.67
48.59
48.59
159.47
159.47
1573.29
1573.29
3922.04
3922.04
5161.69
5161.69
248.35
248.35
271.54
271.54
37.69
37.69
284.63
284.63
1384.83
1384.83
76.69
76.69
153.01
153.01
8105.76
8105.76
314.37
314.37
6227.38
6227.38
4718.92
4718.92
3507.87
3507.87
4308.43
4308.43
25.66
25.66
1611.20
1611.20
281.08
281.08
1182.32
1182.32
4658.48
4658.48
6975.97
6975.97
5699.69
5699.69
5600.99
5600.99
4625.28
4625.28
7162.65
7162.65
5542.68
5542.68
5213.27
5213.27
8186.15
8186.15
1321.65
1321.65
148.14
148.14
1615.04
1615.04
612.39
612.39
949.74
949.74
720.40
720.40
15.64
15.64
111.81
111.81
259.50
259.50
91.62
91.62
83.00
83.00
1629.61
1629.61
1613.42
1613.42
4963.91
4963.91
1556.65
1556.65
34.21
34.21
688.31
688.31
81.56
81.56
10.00
10.00
261.39
261.39
3417.82
3417.82
753.10
753.10
210.75
210.75
6530.13
6530.13
7780.02
7780.02
136.39
136.39
48.36
48.36
266.73
266.73
365.92
365.92
1663.50
1663.50
5353.66
5353.66
5897.57
5897.57
6414.82
6414.82
3408.57
3408.57
27.46
27.46
6638.70
6638.70
71.71
71.71
1286.62
1286.62
1745.48
1745.48
7059.42
7059.42
7714.97
7714.97
5716.67
5716.67
24.21
24.21
8054.66
8054.66
5961.50
5961.50
1007.67
1007.67
2412.73
2412.73
77.12
77.12
184.94
184.94
656.78
656.78
1623.96
1623.96
19.42
19.42
5295.30
5295.30
7986.40
7986.40
7211.97
7211.97
64.03
64.03
6076.61
6076.61
22.55
22.55
242.30
242.30
4275.76
4275.76
755.36
755.36
48.25
48.25
195.38
195.38
1218.25
1218.25
1218.25
278.85
476.79
476.79
3934.88
3934.88
2788.19
2788.19
6529.82
6529.82
1461.94
1461.94
5448.98
5448.98
2250.17
2250.17
2250.17
29.77
187.57
187.57
48.55
48.55
48.55
26.50
513.74
513.74
177.97
177.97
177.97
5879.26
6072.83
6072.83
4952.73
4952.73
1732.51
1732.51
211.55
211.55
211.55
105.73
10.00
10.00
143.03
143.03
143.03
155.85
285.44
285.44
2132.52
2132.52
162.14
162.14
250.69
250.69
1594.39
1594.39
1999.17
1999.17
107.00
107.00
4374.78
4374.78
478.59
478.59
478.59
106.52
3785.88
3785.88
1771.63
1771.63
375.17
375.17
6165.52
6165.52
6774.47
6774.47
255.49
255.49
36.62
36.62
38.47
38.47
48.74
48.74
48.74
5035.23
6876.48
6876.48
33.79
33.79
1495.64
1495.64
10.00
10.00
6480.35
6480.35
4059.24
4059.24
535.53
535.53
2286.83
2286.83
91.82
91.82
5632.11
5632.11
1150.93
1150.93
22.60
22.60
22.60
5824.93
39.31
39.31
411.38
411.38
202.06
202.06
52.14
52.14
22.49
22.49
1377.63
1377.63
6738.66
6738.66
6738.66
1557.28
1557.28
6408.19
4547.27
4547.27
4653.76
4653.76
3983.76
3983.76
5524.03
5524.03
544.27
544.27
225.66
225.66
6906.20
6906.20
873.33
873.33
873.33
186.85
186.85
937.72
6936.24
6936.24
552.20
552.20
1344.88
1344.88
1344.88
201.75
201.75
237.39
1659.72
1659.72
1659.72
6955.53
2200.73
2200.73
44.75
44.75
23.27
23.27
23.27
41.32
41.32
29.62
138.71
138.71
41.43
41.43
1225.78
1225.78
64.15
64.15
4324.04
4324.04
4324.04
142.50
522.11
522.11
10352.60
10352.60
10352.60
10352.60
10352.60
10352.60
10352.60
10352.60
9473.02
9473.02
9473.02
9473.02
9473.02
9473.02
9473.02
9473.02
9473.02
9473.02
9473.02
9473.02
8221.49
8221.49
1263.25
1263.25
6655.03
6655.03
2690.99
2690.99
734.15
734.15
1918.20
1918.20
6260.83
6260.83
6418.29
6418.29
2609.71
2609.71
2609.71
826.67
1520.35
1520.35
3927.93
3927.93
504.25
504.25
3010.60
3010.60
1614.27
1614.27
1614.27
81.16
81.16
4618.48
4618.48
8462.25
8462.25
197.23
197.23
1138.77
1138.77
427.01
427.01
169.03
169.03
67.94
67.94
139.24
139.24
37.01
37.01
1197.94
1197.94
1550.29
1550.29
552.97
552.97
5800.88
5800.88
298.69
298.69
428.06
428.06
203.82
203.82
3768.84
3768.84
1703.09
1703.09
65.03
65.03
748.06
748.06
6970.97
6970.97
1832.62
1832.62
1816.27
1816.27
397.10
397.10
8289.55
8289.55
501.55
501.55
4258.38
4258.38
1585.88
1585.88
3239.91
3239.91
5524.03
5524.03
5846.22
5846.22
6431.17
6431.17
685.96
685.96
697.78
697.78
204.36
204.36
318.78
318.78
425.24
425.24
71.05
71.05
3225.36
3225.36
86.49
86.49
5891.23
5891.23
1556.62
1556.62
48.48
48.48
7914.69
7914.69
399.73
399.73
26.68
26.68
1361.61
1361.61
1260.65
1260.65
71.21
71.21
2243.50
2243.50
1645.87
1645.87
6978.05
6978.05
6064.13
6064.13
1373.57
1373.57
6231.87
6231.87
831.30
831.30
24.97
24.97
257.95
257.95
54.28
54.28
2199.29
2199.29
3883.71
3883.71
7799.05
7799.05
153.41
153.41
6537.25
6537.25
7107.06
7107.06
9286.84
9286.84
7349.69
7349.69
5524.46
5524.46
8656.93
8656.93
373.90
373.90
2731.19
2731.19
62.68
62.68
4978.51
4978.51
103.15
103.15
86.20
86.20
1680.52
1680.52
7898.05
7898.05
7195.67
7195.67
2101.79
2101.79
2390.09
2390.09
45.41
45.41
824.12
824.12
85.18
85.18
5911.85
5911.85
34.58
34.58
3595.71
3595.71
915.03
915.03
6711.51
6711.51
6366.70
6366.70
9095.51
9095.51
1768.31
1768.31
1071.84
1071.84
38.37
38.37
1988.03
1988.03
6824.10
6824.10
9050.61
9050.61
89.56
89.56
8105.62
8105.62
5558.76
5558.76
121.37
121.37
5063.48
5063.48
569.99
569.99
2843.55
2843.55
4816.23
4816.23
280.12
280.12
2045.98
2045.98
3705.47
3705.47
4779.05
4779.05
5926.83
5926.83
7055.27
7055.27
7388.40
7388.40
40.64
40.64
482.67
482.67
224.26
224.26
6217.04
6217.04
7696.95
7696.95
3830.57
3830.57
6885.45
6885.45
1693.24
1693.24
123.56
123.56
34.03
34.03
10.00
10.00
732.50
732.50
74.12
74.12
2716.26
2716.26
1577.44
1577.44
84.62
84.62
7307.67
7307.67
4010.61
4010.61
7045.98
7045.98
6912.83
6912.83
376.94
376.94
397.32
397.32
126.28
126.28
476.12
476.12
64.63
64.63
565.95
565.95
3927.80
3927.80
56.31
56.31
6403.84
6403.84
251.28
251.28
613.99
613.99
174.98
174.98
106.29
106.29
331.16
331.16
92.25
92.25
202.41
202.41
40.06
40.06
403.45
403.45
6860.34
6860.34
3307.13
3307.13
4661.36
4661.36
3529.00
3529.00
241.77
241.77
1445.99
1445.99
543.72
543.72
1547.10
1547.10
1299.35
1299.35
392.86
392.86
39.32
39.32
1068.15
1068.15
1664.65
1664.65
828.41
828.41
26.73
26.73
2115.88
2115.88
447.22
447.22
49.27
49.27
200.87
200.87
6886.89
6886.89
266.68
266.68
1569.22
1569.22
30.63
30.63
5269.89
5269.89
130.08
130.08
192.98
192.98
758.91
758.91
2976.16
2976.16
626.25
626.25
1382.85
1382.85
79.41
79.41
1661.04
1661.04
39.59
39.59
39.47
39.47
604.97
604.97
3074.68
3074.68
3878.49
3878.49
16.53
16.53
2251.33
2251.33
6748.66
6748.66
7536.35
7536.35
1739.02
1739.02
644.26
644.26
176.07
176.07
27.29
27.29
5437.57
5437.57
35.31
35.31
3128.52
3128.52
1635.52
1635.52
1635.52
1635.52
35.71
35.71
1752.46
1752.46
9462.01
9462.01
3806.91
3806.91
1005.89
1005.89
8933.72
8933.72
1452.05
1452.05
26.25
26.25
1513.78
1513.78
137.42
137.42
1633.39
1633.39
1992.87
1992.87
2319.45
2319.45
5136.68
5136.68
5787.47
5787.47
1738.11
1738.11
6577.42
6577.42
7918.42
7918.42
1189.49
1189.49
3329.90
3329.90
2998.01
2998.01
10041.57
10041.57
40.08
40.08
5920.56
5920.56
6674.92
6674.92
524.79
524.79
337.71
337.71
11367.95
11367.95
6294.14
6294.14
10286.01
10286.01
10286.01
10286.01
1499.71
1499.71
6299.45
6299.45
7223.85
7223.85
6771.26
6771.26
9522.20
9522.20
6771.95
6771.95
8877.56
8877.56
7923.32
7923.32
9749.72
9749.72
9642.81
9642.81
8737.13
8737.13
8737.13
8737.13
8737.13
8737.13
10959.42
10959.42
3675.20
3675.20
5543.25
5543.25
6261.17
6261.17
5799.87
5799.87
5521.82
5521.82
6513.27
6513.27
45.77
45.77
6589.75
6589.75
8037.00
8037.00
2422.28
2422.28
1953.19
1953.19
8436.52
8436.52
7475.38
7475.38
8501.22
8501.22
6664.75
6664.75
7167.21
7167.21
6091.33
6091.33
4264.56
4264.56
4264.56
4264.56
4264.56
4264.56
7288.38
7288.38
88.10
88.10
1432.09
1432.09
2337.61
2337.61
7144.63
7144.63
7002.07
7002.07
5584.24
5584.24
5584.24
5584.24
5584.24
5584.24
8094.42
8094.42
10040.68
10040.68
10040.68
10040.68
8174.80
8174.80
861.27
861.27
9503.25
9503.25
8414.26
8414.26
1075.55
1075.55
67.12
67.12
7253.81
7253.81
7816.60
7816.60
7208.29
7208.29
8359.72
8359.72
912.15
912.15
5887.67
5887.67
5887.67
5887.67
1373.19
1373.19
3626.85
3626.85
269.16
269.16
2040.86
2040.86
267.00
267.00
104.91
104.91
1463.27
1463.27
299.19
299.19
1285.56
1285.56
5501.54
5501.54
7285.23
7285.23
6952.32
6952.32
3372.87
3372.87
364.53
364.53
38.62
38.62
25.65
25.65
1242.24
1242.24
4627.25
4627.25
1145.68
1145.68
196.39
196.39
5690.41
5690.41
6454.10
6454.10
5790.31
5790.31
5487.63
5487.63
7120.83
7120.83
1224.01
1224.01
151.20
151.20
3544.72
3544.72
3695.24
3695.24
5179.58
5179.58
5847.86
5847.86
5695.52
5695.52
120.16
120.16
1517.38
1517.38
7434.97
7434.97
7434.97
7434.97
4542.23
4542.23
5986.77
5986.77
8008.85
8008.85
118.84
118.84
1495.56
1495.56
3064.65
3064.65
1632.70
1632.70
1661.44
1661.44
196.09
196.09
7827.20
7827.20
7099.92
7099.92
7071.34
7071.34
1979.65
1979.65
1035.36
1035.36
155.18
155.18
1618.14
1618.14
6569.54
6569.54
75.60
75.60
3962.29
3962.29
5303.31
5303.31
637.75
637.75
198.14
198.14
10434.24
10434.24
7377.38
7377.38
7024.75
7024.75
81.81
81.81
5249.56
5249.56
5684.42
5684.42
6850.62
6850.62
2564.87
2564.87
7850.36
7850.36
81.42
81.42
2167.10
2167.10
8851.52
8851.52
2958.95
2958.95
5686.50
5686.50
5686.50
5686.50
5686.50
5686.50
1829.97
1829.97
11926.70
11926.70
6515.70
6515.70
5015.27
5015.27
10201.19
10201.19
3817.61
3817.61
9522.47
9522.47
9136.68
9136.68
9316.13
9316.13
6229.49
6229.49
10489.68
10489.68
11733.85
11733.85
11733.85
11733.85
11733.85
11733.85
11733.85
11733.85
11733.85
7334.91
10011.58
10011.58
4341.08
4341.08
11235.15
11235.15
11235.15
1414.99
4989.37
4989.37
11758.58
11758.58
11758.58
11758.58
8318.68
8318.68
8318.68
9169.01
8372.22
8372.22
9769.29
9769.29
9769.29
101.12
9200.10
9200.10
1527.94
1527.94
10840.73
10840.73
10840.73
1643.89
1643.89
5413.49
1403.97
1403.97
38.33
38.33
3656.07
3656.07
11008.83
11008.83
11008.83
8953.27
6645.25
6645.25
6645.25
9917.23
9917.23
8449.09
10725.92
10725.92
9436.41
9436.41
9692.32
9692.32
9692.32
9692.32
9692.32
9817.57
611.82
611.82
78.98
78.98
332.12
332.12
27.51
27.51
75.80
75.80
1663.93
1663.93
2495.56
2495.56
26.52
26.52
307.75
307.75
307.75
6915.02
6915.02
967.33
1743.09
1743.09
4724.49
4724.49
28.04
28.04
81.50
81.50
81.50
9756.28
9756.28
3951.79
19.26
19.26
1578.84
1578.84
1578.84
5907.64
1329.59
1329.59
1482.45
1482.45
5457.40
5457.40
1688.04
1688.04
7128.04
7128.04
27.85
27.85
3135.05
3135.05
3135.05
86.07
2190.05
2190.05
34.69
34.69
34.69
63.83
63.83
1255.87
5840.41
5840.41
21.80
21.80
679.45
679.45
151.30
151.30
151.30
282.00
282.00
5004.27
5004.27
3319.30
2287.11
2287.11
2308.78
2308.78
70.07
70.07
1388.09
1388.09
1009.31
1009.31
763.94
763.94
63.48
63.48
7121.37
7121.37
77.81
77.81
462.10
462.10
10.00
10.00
305.91
305.91
305.91
65.39
75.29
75.29
1556.02
1556.02
1556.02
1756.56
88.27
88.27
1863.45
1863.45
3984.81
3984.81
3864.13
3864.13
1346.86
1346.86
6732.84
6732.84
6732.84
157.12
61.91
61.91
24.30
24.30
1452.38
1452.38
21.92
21.92
97.44
97.44
93.53
93.53
21.68
21.68
407.55
407.55
407.55
411.58
30.43
30.43
303.05
303.05
601.41
601.41
197.39
197.39
259.32
259.32
259.32
76.02
210.66
210.66
1442.70
1442.70
10.00
10.00
57.71
57.71
2164.18
2164.18
5249.29
5249.29
5249.29
3568.14
7691.64
7691.64
78.58
78.58
26.49
26.49
10.00
10.00
48.32
48.32
48.32
301.56
2209.80
2209.80
2209.80
5640.18
5640.18
5378.32
5378.32
5433.22
5433.22
550.50
550.50
2206.58
2206.58
3884.59
3884.59
184.20
184.20
152.16
152.16
404.86
404.86
3682.42
3682.42
5264.25
5264.25
7730.09
7730.09
2552.16
2552.16
1723.78
1723.78
171.03
171.03
474.31
474.31
41.80
41.80
151.68
151.68
1686.82
1686.82
944.78
944.78
67.52
67.52
1014.29
1014.29
720.47
720.47
1658.16
1658.16
833.62
833.62
711.00
711.00
35.87
35.87
2417.92
2417.92
5980.16
5980.16
5467.01
5467.01
1564.82
1564.82
4511.61
4511.61
6761.16
6761.16
40.98
40.98
5873.92
5873.92
7156.81
7156.81
4943.45
4943.45
8329.91
8329.91
8329.91
8329.91
8344.13
8344.13
6744.39
6744.39
6744.39
6744.39
9092.52
9092.52
10188.70
10188.70
1216.70
1216.70
197.02
197.02
7640.87
7640.87
2505.68
2505.68
7880.10
7880.10
6398.02
6398.02
6398.02
6398.02
8250.64
8250.64
139.26
139.26
5046.60
5046.60
1752.76
1752.76
8790.78
8790.78
5274.68
5274.68
1709.38
1709.38
6432.93
6432.93
5367.52
5367.52
8651.11
8651.11
9535.69
9535.69
156.76
156.76
3623.29
3623.29
3623.29
3623.29
9423.16
9423.16
274.16
274.16
152.24
152.24
17.18
17.18
40.16
40.16
843.89
843.89
1560.28
1560.28
5210.37
5210.37
3344.39
3344.39
5856.78
5856.78
5829.13
5829.13
5870.38
5870.38
2930.31
2930.31
6674.84
6674.84
3253.55
3253.55
4738.06
4738.06
4738.06
4738.06
5936.85
5936.85
6783.95
6783.95
3142.06
3142.06
5511.25
5511.25
5511.25
5511.25
5511.25
5511.25
6522.29
6522.29
7438.87
7438.87
6920.61
6920.61
5481.51
5481.51
6263.41
6263.41
6664.44
6664.44
3938.73
3938.73
7921.12
7921.12
6650.42
6650.42
7534.46
7534.46
6913.31
6913.31
9019.51
9019.51
1045.71
1045.71
281.25
281.25
6655.81
6655.81
3203.81
3203.81
17.38
17.38
5442.28
5442.28
4611.67
4611.67
4754.39
4754.39
6065.01
6065.01
7229.72
7229.72
7255.05
7255.05
228.19
228.19
1202.07
1202.07
444.07
444.07
1088.78
1088.78
2843.49
2843.49
3967.12
3967.12
35.89
35.89
3549.59
3549.59
1777.60
1777.60
72.40
72.40
10.00
10.00
40.35
40.35
354.57
354.57
2041.98
2041.98
213.63
213.63
1539.47
1539.47
7164.85
7164.85
17.01
17.01
215.29
215.29
67.25
67.25
1271.23
1271.23
449.05
449.05
722.82
722.82
342.42
342.42
276.41
276.41
627.99
627.99
10.00
10.00
10.00
10.00
1416.99
1416.99
10.00
10.00
1094.73
1094.73
6641.38
6641.38
4559.05
4559.05
176.23
176.23
6413.96
6413.96
306.57
306.57
5941.67
5941.67
5108.56
5108.56
3270.10
3270.10
1813.96
1813.96
208.34
208.34
1924.19
1924.19
899.18
899.18
311.69
311.69
5436.45
5436.45
6217.65
6217.65
7102.77
7102.77
9011.60
9011.60
448.12
448.12
28.63
28.63
1438.48
1438.48
1079.74
1079.74
1079.74
891.10
25.09
25.09
1104.29
1104.29
40.83
40.83
2408.02
2408.02
4330.68
4330.68
3771.59
3771.59
1726.25
1726.25
5049.31
5049.31
1633.66
1633.66
469.64
469.64
1639.39
1639.39
110.06
110.06
19.36
19.36
36.59
36.59
22.63
22.63
22.32
22.32
186.82
186.82
593.48
593.48
397.98
397.98
4271.89
4271.89
224.43
224.43
4849.28
4849.28
1454.00
1454.00
3031.25
3031.25
31.39
31.39
15.88
15.88
2744.59
2744.59
18.66
18.66
2610.22
2610.22
942.60
942.60
1002.25
1002.25
758.98
758.98
25.51
25.51
6607.09
6607.09
2783.83
2783.83
270.56
270.56
93.01
93.01
1012.07
1012.07
1792.11
1792.11
21.66
21.66
377.57
377.57
2994.22
2994.22
667.19
667.19
3937.19
3937.19
135.32
135.32
257.57
257.57
1395.21
1395.21
386.11
386.11
60.81
60.81
743.42
743.42
1344.10
1344.10
35.80
35.80
159.47
159.47
17.14
17.14
201.39
201.39
6967.28
6967.28
454.19
454.19
6937.96
6937.96
6937.96
6937.96
7710.44
7710.44
4412.19
4412.19
77.10
77.10
1721.96
1721.96
1657.13
1657.13
8179.51
8179.51
302.98
302.98
408.64
408.64
203.84
203.84
8149.11
8149.11
984.46
984.46
1640.54
1640.54
1353.90
1353.90
5777.46
5777.46
56.73
56.73
5020.02
5020.02
2901.47
2901.47
1464.17
1464.17
31.26
31.26
2807.47
2807.47
332.03
332.03
5042.05
5042.05
25.88
25.88
1374.17
1374.17
2035.51
2035.51
4653.32
4653.32
4967.75
4967.75
4928.44
4928.44
1030.43
1030.43
1576.29
1576.29
6774.50
6774.50
4426.95
4426.95
185.51
185.51
1112.63
1112.63
4773.08
4773.08
5915.79
5915.79
6950.81
6950.81
5428.14
5428.14
6835.39
6835.39
5826.45
5826.45
6391.01
6391.01
7026.82
7026.82
2005.79
2005.79
3126.26
3126.26
8110.63
8110.63
9996.83
9996.83
2096.37
2096.37
7067.30
7067.30
821.27
821.27
87.75
87.75
266.53
266.53
566.18
566.18
1412.93
1412.93
830.39
830.39
6736.81
6736.81
311.17
311.17
167.60
167.60
3008.77
3008.77
997.60
997.60
2870.64
2870.64
257.17
257.17
923.39
923.39
126.51
126.51
134.11
134.11
1779.27
1779.27
5419.71
5419.71
2045.23
2045.23
4483.75
4483.75
5265.94
5265.94
7919.50
7919.50
5867.28
5867.28
7020.63
7020.63
4873.65
4873.65
4499.90
4499.90
18.74
18.74
1032.35
1032.35
103.84
103.84
1625.77
1625.77
1567.49
1567.49
74.94
74.94
5911.19
5911.19
4453.81
4453.81
79.42
79.42
2401.49
2401.49
3244.57
3244.57
149.08
149.08
107.92
107.92
235.20
235.20
4923.57
4923.57
470.08
470.08
470.08
848.96
848.96
848.96
848.96
22.97
413.41
364.04
911.86
911.86
20.68
20.68
241.04
241.04
6528.76
6528.76
387.27
387.27
6689.89
6689.89
419.53
419.53
3749.89
3749.89
2938.27
2938.27
3268.36
3268.36
3117.57
3117.57
5246.26
5246.26
4781.96
4781.96
4718.14
4718.14
152.77
152.77
354.88
354.88
2473.97
2473.97
2405.13
2405.13
224.32
224.32
496.98
496.98
23.10
23.10
6126.54
6126.54
6828.83
6828.83
3564.31
3564.31
3135.50
3135.50
21.01
21.01
286.41
286.41
798.63
798.63
57.76
57.76
41.12
41.12
127.74
127.74
3654.62
3654.62
80.57
80.57
5025.51
5025.51
516.82
516.82
5361.28
5361.28
100.02
100.02
1645.42
1645.42
260.23
260.23
393.20
393.20
3559.82
3559.82
1669.69
1669.69
427.79
427.79
4097.16
4097.16
1640.24
1640.24
32.36
32.36
698.55
698.55
6830.97
6830.97
5252.01
5252.01
1536.56
1536.56
42.24
42.24
47.84
47.84
587.24
587.24
349.80
349.80
285.72
285.72
10.00
10.00
1935.06
1935.06
506.41
506.41
506.41
302.15
183.91
183.91
183.91
62.19
28.80
28.80
28.80
44.99
44.99
127.31
127.31
534.04
454.56
454.56
794.75
794.75
794.75
38.43
35.59
35.59
35.59
3593.71
3593.71
5458.72
883.63
883.63
287.20
287.20
287.20
1468.02
28.53
28.53
7343.18
7343.18
6438.74
6438.74
1735.18
1735.18
1735.18
33.72
7323.18
7323.18
6109.95
6109.95
22.79
22.79
22.79
417.62
417.62
25.17
25.17
681.85
4629.37
4629.37
1819.40
1819.40
1819.40
1422.27
7044.22
7044.22
213.84
213.84
30.82
30.82
107.36
107.36
66.60
66.60
636.58
636.58
636.58
190.74
1170.47
1170.47
314.84
314.84
1811.58
1811.58
1811.58
858.45
858.45
5092.59
272.18
272.18
38.14
38.14
8558.96
8558.96
6273.27
6273.27
6273.27
5795.61
27.34
27.34
6622.35
6622.35
6622.35
611.01
611.01
1330.31
45.36
45.36
24.35
24.35
1645.90
1645.90
1330.03
1330.03
3226.80
3226.80
3766.57
3766.57
4481.17
4481.17
4775.49
4775.49
60.43
60.43
1476.28
1476.28
3562.91
3562.91
3304.22
3304.22
3436.26
3436.26
5467.64
5467.64
1642.16
1642.16
1642.16
237.86
150.49
150.49
150.49
1397.19
7517.61
7517.61
1618.50
1618.50
1618.50
4191.78
2230.34
2230.34
4444.32
4444.32
62.82
62.82
1901.73
1901.73
124.10
124.10
47.88
47.88
47.88
62.09
62.09
32.82
1673.10
1673.10
62.03
62.03
78.30
78.30
50.26
50.26
122.77
122.77
797.96
797.96
423.34
423.34
152.03
152.03
1305.54
1305.54
1541.05
1541.05
50.49
50.49
252.88
252.88
252.88
140.81
58.36
58.36
104.44
104.44
104.44
178.23
73.27
73.27
815.18
815.18
530.38
530.38
2093.73
2093.73
562.61
562.61
1475.14
1475.14
6083.87
6083.87
6073.64
6073.64
1463.30
1463.30
110.14
110.14
4134.83
4134.83
10.00
10.00
6592.22
6592.22
544.72
544.72
87.51
87.51
17.51
17.51
21.74
21.74
1626.04
1626.04
2384.78
2384.78
911.84
911.84
30.38
30.38
30.38
200.05
200.05
1566.24
217.74
217.74
217.74
604.43
5191.73
5191.73
887.65
887.65
1575.28
1575.28
1126.65
1126.65
1126.65
6530.47
6530.47
4729.05
4729.05
5390.89
5390.89
7739.81
7739.81
4055.32
4055.32
5088.71
5088.71
3997.34
3997.34
1085.17
1085.17
10241.11
10241.11
8454.43
8454.43
35.85
35.85
6366.62
6366.62
2926.46
2926.46
10.00
10.00
1850.25
1850.25
2199.35
2199.35
469.40
469.40
4612.46
4612.46
81.61
81.61
4230.85
4230.85
3388.57
3388.57
7237.95
7237.95
7981.72
7981.72
5363.44
5363.44
2220.01
2220.01
57.76
57.76
473.84
473.84
152.94
152.94
125.64
125.64
1658.95
1658.95
2938.57
2938.57
6760.98
6760.98
20.88
20.88
1318.54
1318.54
1782.41
1782.41
219.46
219.46
4964.29
4964.29
151.54
151.54
348.44
348.44
7516.62
7516.62
3208.44
3208.44
1799.62
1799.62
3461.44
3461.44
6921.17
6921.17
250.22
250.22
8357.44
8357.44
1566.79
1566.79
4150.66
4150.66
1195.37
1195.37
28.08
28.08
321.44
321.44
122.67
122.67
5120.53
5120.53
10.00
10.00
5552.61
5552.61
5980.83
5980.83
7481.22
7481.22
7021.45
7021.45
5606.57
5606.57
1153.99
1153.99
4487.46
4487.46
5582.34
5582.34
48.34
48.34
5213.13
5213.13
720.90
720.90
72.93
72.93
406.29
406.29
4487.99
4487.99
4922.58
4922.58
7610.09
7610.09
38.37
38.37
19.74
19.74
207.75
207.75
67.81
67.81
73.58
73.58
2178.70
2178.70
2452.82
2452.82
4475.31
4475.31
5166.56
5166.56
1186.35
1186.35
5146.86
5146.86
8009.51
8009.51
1588.41
1588.41
10.00
10.00
1494.83
1494.83
302.51
302.51
399.38
399.38
248.37
248.37
48.03
48.03
37.96
37.96
83.44
83.44
6820.83
6820.83
3741.55
3741.55
102.53
102.53
1641.93
1641.93
90.98
90.98
78.65
78.65
1006.83
1006.83
71.26
71.26
10.00
10.00
321.90
321.90
1038.55
1038.55
675.66
675.66
1694.21
1694.21
3784.92
3784.92
362.61
362.61
5529.22
5529.22
6429.09
6429.09
94.92
94.92
2237.88
2237.88
7488.14
7488.14
616.81
616.81
133.84
133.84
677.27
677.27
10.00
10.00
141.62
141.62
125.73
125.73
130.06
130.06
4447.70
4447.70
164.07
164.07
138.64
138.64
96.75
96.75
7261.32
7261.32
4920.82
4920.82
7495.23
7495.23
1652.42
1652.42
153.08
153.08
21.29
21.29
448.16
448.16
54.29
54.29
5823.76
5823.76
5715.82
5715.82
1175.72
1175.72
5525.63
5525.63
7146.28
7146.28
7251.87
7251.87
6464.86
6464.86
7302.50
7302.50
225.26
225.26
3936.43
3936.43
3499.17
3499.17
5064.25
5064.25
10739.03
10739.03
389.21
389.21
1464.67
1464.67
4902.49
4902.49
4097.55
4097.55
468.15
468.15
458.39
458.39
3449.12
3449.12
5723.73
5723.73
1683.69
1683.69
222.23
222.23
757.34
757.34
7196.28
7196.28
22.10
22.10
6553.29
6553.29
8983.00
8983.00
8983.00
8983.00
6333.71
6333.71
24.21
24.21
2032.45
2032.45
3602.87
3602.87
6068.12
6068.12
5917.85
5917.85
557.77
557.77
1525.79
1525.79
95.94
95.94
6555.91
6555.91
5593.41
5593.41
9515.52
9515.52
701.05
701.05
5847.85
5847.85
5847.85
5847.85
7782.86
7782.86
1195.56
1195.56
5422.48
5422.48
5422.48
5422.48
9170.89
9170.89
5475.92
5475.92
5859.15
5859.15
8623.09
8623.09
8064.04
8064.04
39.73
39.73
1912.77
1912.77
3460.59
3460.59
3460.59
3460.59
1395.18
1395.18
1863.77
1863.77
5070.42
5070.42
5021.70
5021.70
107.25
107.25
5213.22
5213.22
10186.43
10186.43
6236.83
6236.83
8066.48
8066.48
6394.83
6394.83
2494.35
2494.35
287.68
287.68
5136.32
5136.32
5587.98
5587.98
6029.07
6029.07
3416.11
3416.11
3416.11
3416.11
5660.24
5660.24
4163.21
4163.21
6195.99
6195.99
10315.25
10315.25
30.46
30.46
6935.70
6935.70
5744.70
5744.70
9070.76
9070.76
1065.94
1065.94
152.16
152.16
10067.81
10067.81
7553.55
7553.55
1620.84
1620.84
2150.90
2150.90
9954.29
9954.29
9517.47
9517.47
9517.47
9517.47
1927.22
1927.22
33.49
33.49
17.54
17.54
82.35
82.35
6261.69
6261.69
6261.69
6261.69
6930.66
6930.66
1186.46
1186.46
7310.76
7310.76
133.60
133.60
122.25
122.25
127.25
127.25
142.26
142.26
51.04
51.04
1635.99
1635.99
13.68
13.68
59.41
59.41
636.00
636.00
372.51
372.51
17.30
17.30
74.20
74.20
630.93
630.93
4629.07
4629.07
5579.16
5579.16
4685.32
4685.32
110.56
110.56
93.71
93.71
6458.17
6458.17
1196.75
1196.75
3137.31
3137.31
6141.18
6141.18
7477.20
7477.20
9469.41
9469.41
1257.46
1257.46
971.86
971.86
34.17
34.17
113.82
113.82
383.34
383.34
114.50
114.50
291.51
291.51
23.85
23.85
2112.65
2112.65
479.81
479.81
283.12
283.12
182.76
182.76
37.21
37.21
198.28
198.28
67.14
67.14
282.48
282.48
4542.14
4542.14
6543.14
6543.14
88.89
88.89
6705.41
6705.41
22.77
22.77
2367.57
2367.57
9326.78
9326.78
30.85
30.85
3981.37
3981.37
4491.98
4491.98
1489.79
1489.79
1415.75
1415.75
5961.41
5961.41
2863.29
2863.29
926.02
926.02
772.38
772.38
4488.35
4488.35
634.91
634.91
1578.50
1578.50
10.00
10.00
6955.13
6955.13
2498.91
2498.91
516.09
516.09
7724.62
7724.62
263.98
263.98
1176.96
1176.96
115.85
115.85
8573.96
8573.96
33.10
33.10
1125.43
1125.43
6168.44
6168.44
121.75
121.75
114.42
114.42
65.14
65.14
126.17
126.17
159.59
159.59
276.40
276.40
45.59
45.59
341.30
341.30
7960.48
7960.48
6201.98
6201.98
67.05
67.05
4461.69
4461.69
90.58
90.58
1488.99
1488.99
24.88
24.88
2098.47
2098.47
6143.67
6143.67
2297.52
2297.52
226.32
226.32
263.80
263.80
79.71
79.71
136.69
136.69
5317.07
5317.07
2096.59
2096.59
5838.71
5838.71
84.64
84.64
5045.52
5045.52
49.82
49.82
23.55
23.55
3980.92
3980.92
1570.28
1570.28
3756.40
3756.40
26.84
26.84
320.66
320.66
3264.34
3264.34
260.03
260.03
47.30
47.30
1054.47
1054.47
1054.47
188.01
188.01
225.04
98.53
98.53
405.60
405.60
10.00
10.00
2152.99
2152.99
3130.75
3130.75
86.74
86.74
578.27
578.27
27.63
27.63
27.14
27.14
35.92
35.92
475.34
475.34
4858.24
4858.24
4801.85
4801.85
4444.96
4444.96
64.66
64.66
2107.61
2107.61
1704.76
1704.76
141.91
141.91
727.94
727.94
1674.02
1674.02
533.06
533.06
22.97
22.97
158.98
158.98
27.45
27.45
107.75
107.75
270.54
270.54
25.41
25.41
136.93
136.93
174.59
174.59
358.09
358.09
192.04
192.04
176.27
176.27
810.99
810.99
1682.47
1682.47
6799.47
6799.47
6799.47
8551.07
5595.11
5595.11
182.80
182.80
182.80
38.45
38.45
8107.03
158.79
158.79
178.16
178.16
237.57
237.57
237.57
1674.34
2580.10
2580.10
2387.69
2387.69
2387.69
332.16
43.10
43.10
537.15
537.15
103.84
103.84
4504.74
4504.74
4504.74
2520.79
4343.13
4343.13
6022.61
6022.61
5018.84
5018.84
14.59
14.59
125.60
125.60
22.61
22.61
39.74
39.74
39.74
14.26
44.17
44.17
41.65
41.65
41.65
635.07
1866.47
1866.47
4746.73
4746.73
10.00
10.00
3998.29
3998.29
3998.29
1625.17
1625.17
3493.36
3493.36
5352.01
5352.01
930.20
930.20
6993.62
19.52
19.52
19.52
4845.17
8152.55
8152.55
212.76
212.76
3708.46
3708.46
124.59
124.59
1934.02
1934.02
1934.02
172.64
172.64
190.49
48.77
48.77
317.66
317.66
3555.41
3555.41
5797.30
5797.30
3693.62
3693.62
4749.45
4749.45
4022.41
4022.41
4491.20
4491.20
4491.20
7091.67
352.29
352.29
72.17
72.17
72.17
38.89
123.40
123.40
1752.14
1752.14
3327.60
3327.60
3327.60
3670.33
4191.24
4191.24
4191.24
4681.41
4863.42
4863.42
4926.06
4926.06
597.40
597.40
4179.12
4179.12
4179.12
1654.41
163.47
163.47
23.43
23.43
23.43
54.35
6814.49
6814.49
1524.05
1524.05
149.90
149.90
1523.31
1523.31
1523.31
82.66
982.03
982.03
1754.25
1754.25
5928.18
5928.18
6251.10
6251.10
6251.10
5919.27
182.32
182.32
182.32
55.20
25.11
25.11
3447.80
3447.80
170.89
170.89
117.91
117.91
117.91
409.58
2742.82
2742.82
2742.82
180.58
4244.28
4244.28
82.81
82.81
107.59
107.59
1562.51
1562.51
1562.51
194.10
2391.03
2391.03
2391.03
24.47
24.47
76.90
1395.21
1395.21
218.21
218.21
218.21
28.43
191.71
191.71
522.00
522.00
1524.18
1524.18
1524.18
284.32
13.64
13.64
672.32
672.32
70.95
70.95
38.44
38.44
37.59
37.59
48.50
48.50
48.50
439.42
439.42
207.81
240.27
240.27
699.27
699.27
1364.39
1364.39
1364.39
180.89
1583.11
1583.11
1583.11
20.31
590.06
590.06
185.27
185.27
255.92
255.92
255.92
1531.95
1531.95
5359.10
5359.10
6105.72
6105.72
31.43
31.43
428.42
428.42
71.85
71.85
5416.70
5416.70
388.18
388.18
40.47
40.47
104.00
104.00
2271.78
2271.78
118.74
118.74
4821.64
4821.64
4959.12
4959.12
1446.29
1446.29
511.93
511.93
6215.20
6215.20
978.28
978.28
5555.62
5555.62
92.89
92.89
246.45
246.45
3753.91
3753.91
6172.93
6172.93
2492.79
2492.79
3929.89
3929.89
7995.05
7995.05
3973.34
3973.34
2676.77
2676.77
6796.76
6796.76
83.84
83.84
242.38
242.38
47.11
47.11
4326.87
4326.87
3642.32
3642.32
4012.13
4012.13
1643.04
1643.04
2780.50
2780.50
185.12
185.12
25.11
25.11
36.32
36.32
3001.15
3001.15
5112.95
5112.95
3047.80
3047.80
7570.19
7570.19
1066.43
1066.43
317.31
317.31
4471.64
4471.64
93.61
93.61
108.36
108.36
1747.59
1747.59
1458.36
1458.36
371.50
371.50
2936.55
2936.55
6447.24
6447.24
4555.32
4555.32
3645.49
3645.49
75.53
75.53
72.89
72.89
912.23
912.23
39.40
39.40
1438.92
1438.92
580.65
