# 1Hz Kbps trace generated by import_real_world_traces.py
2164.04
2437.62
4476.16
6119.15
6119.15
6377.56
6377.56
3894.03
3894.03
2087.24
2087.24
3581.35
3581.35
5394.01
5394.01
1817.54
1817.54
3210.74
3210.74
5924.77
5924.77
5265.83
5265.83
3164.91
3164.91
429.80
429.80
3597.51
3597.51
5071.18
5071.18
4570.18
4570.18
3542.76
3542.76
1554.63
1554.63
5290.77
5290.77
5645.89
5645.89
877.74
877.74
5964.25
5964.25
4483.15
4483.15
3329.07
3329.07
536.09
536.09
4346.13
4346.13
5227.91
5227.91
5955.45
5955.45
4779.87
4779.87
347.50
347.50
5018.29
5018.29
5686.42
5686.42
6052.38
6052.38
5460.82
5460.82
4574.06
4574.06
1950.50
1950.50
151.51
151.51
4166.63
4166.63
5922.15
5922.15
4990.58
4990.58
72.90
72.90
1808.73
1808.73
3375.42
3375.42
4375.06
4375.06
6254.03
6254.03
11.80
11.80
4551.41
4551.41
5693.12
5693.12
4429.15
4429.15
2938.99
2938.99
2557.98
2557.98
2414.20
2414.20
2414.20
2414.20
2414.20
2414.20
2414.20
2414.20
2414.20
2414.20
2414.20
2414.20
2414.20
2414.20
2414.20
2414.20
2414.20
2414.20
5953.86
5953.86
4244.08
4244.08
211.37
211.37
4666.03
4666.03
4302.14
4302.14
38.13
38.13
1259.59
1259.59
3215.03
3215.03
892.96
892.96
3554.91
3554.91
4254.94
4254.94
4254.94
4254.94
4804.07
4804.07
752.64
752.64
3716.05
3716.05
2629.89
2629.89
1195.47
1195.47
2485.20
2485.20
240.55
240.55
5729.93
5729.93
6064.58
6064.58
4603.83
4603.83
4777.88
4777.88
4051.61
4051.61
2281.64
2281.64
5305.07
5305.07
5493.47
5493.47
1511.17
1511.17
4718.40
4718.40
6211.72
6211.72
963.03
963.03
4819.35
4819.35
4504.43
4504.43
2744.75
2744.75
5212.54
5212.54
4758.47
4758.47
4438.63
4438.63
51.77
51.77
1678.14
1678.14
3143.58
3143.58
282.35
282.35
3784.83
3784.83
3336.02
3336.02
5982.43
5982.43
1995.67
1995.67
1358.90
1358.90
5219.95
5219.95
4470.49
4470.49
38.85
38.85
3949.48
3949.48
3660.08
3660.08
3591.83
3591.83
3277.83
3277.83
3187.05
3187.05
6152.63
6152.63
3688.06
3688.06
2561.60
2561.60
5485.24
5485.24
2432.44
2432.44
5819.00
5819.00
3543.89
3543.89
435.76
435.76
4713.22
4713.22
5519.26
5519.26
4510.43
4510.43
766.60
766.60
5391.22
5391.22
1412.72
1412.72
2521.30
2521.30
673.04
673.04
4859.48
4859.48
6221.29
6221.29
5991.94
5991.94
5161.91
5161.91
974.33
974.33
907.91
907.91
4347.84
4347.84
3750.03
3750.03
294.50
294.50
4359.62
4359.62
4414.53
4414.53
3087.64
3087.64
5048.85
5048.85
6429.02
6429.02
5612.47
5612.47
3729.80
3729.80
6323.62
6323.62
3445.53
3445.53
6196.91
6196.91
5646.22
5646.22
5537.96
5537.96
3066.80
3066.80
3672.78
3672.78
4651.09
4651.09
4651.09
1577.76
5591.44
5591.44
2161.36
2161.36
2161.36
4191.46
4191.46
4109.17
4308.58
4308.58
2186.48
2186.48
1000.89
1000.89
3403.87
3403.87
3403.87
3021.10
4534.43
4534.43
4534.43
1534.99
6118.18
6118.18
6118.18
5319.18
5319.18
4792.22
4792.22
2024.21
2024.21
3361.49
3361.49
5084.12
5084.12
6178.59
3232.93
3232.93
3232.93
3424.86
3424.86
495.87
495.87
4110.70
4110.70
1739.79
1739.79
5931.23
5931.23
2723.55
2723.55
5518.77
5518.77
5518.77
5518.77
5518.77
5518.77
5518.77
5518.77
5518.77
5518.77
5518.77
5518.77
5518.77
5518.77
5518.77
5518.77
5518.77
5518.77
5518.77
5518.77
5518.77
5518.77
5518.77
5518.77
5518.77
5518.77
5518.77
5518.77
5518.77
5518.77
5518.77
5518.77
2508.98
5261.89
5261.89
5261.89
5339.93
5339.93
4842.27
4842.27
4077.05
4077.05
2570.10
2570.10
6105.87
6105.87
3083.90
3083.90
4452.98
4452.98
4796.66
4796.66
5203.86
5203.86
2590.48
2590.48
2590.48
2590.48
2590.48
2590.48
2590.48
2590.48
876.03
876.03
4328.80
4328.80
5758.28
5758.28
4147.34
4147.34
4081.05
4081.05
4445.07
4445.07
1311.23
1311.23
6129.26
6129.26
4362.40
4362.40
417.46
417.46
5334.07
5334.07
14.04
14.04
4776.38
4776.38
3929.58
3929.58
3631.80
3631.80
6243.96
6243.96
4427.83
4427.83
2028.03
2028.03
3507.09
3507.09
3826.87
3826.87
887.16
887.16
1949.76
1949.76
790.95
790.95
106.72
106.72
4594.31
4594.31
5363.02
5363.02
6074.24
6074.24
6074.24
6074.24
158.14
158.14
5507.21
5507.21
5664.95
5664.95
5607.65
5607.65
5049.74
5049.74
72.76
72.76
6249.27
6249.27
5604.73
5604.73
5604.73
5604.73
5571.69
5571.69
5552.83
5552.83
5552.83
5552.83
4153.01
4153.01
2786.45
2786.45
6097.36
6097.36
5160.18
5160.18
3048.31
3048.31
1024.58
1024.58
3015.29
3015.29
1925.55
1925.55
5838.07
5838.07
2461.60
2461.60
4423.80
4423.80
3541.20
3541.20
5626.88
5626.88
5248.36
5248.36
5090.96
5090.96
3843.26
3843.26
6052.85
6052.85
5250.63
5250.63
3662.58
3662.58
2247.01
2247.01
3819.52
3819.52
3994.55
3994.55
3518.49
3518.49
5749.68
5749.68
2452.14
2452.14
854.03
854.03
543.21
543.21
2941.44
2941.44
5840.45
5840.45
6044.84
6044.84
4107.99
4107.99
2046.81
2046.81
3671.12
3671.12
4655.08
4655.08
4887.61
4887.61
1119.53
1119.53
4201.50
4201.50
4136.12
4136.12
872.78
872.78
1141.70
1141.70
1393.84
1393.84
5842.51
5842.51
1231.09
1231.09
37.17
37.17
1401.36
1401.36
32.00
32.00
635.99
635.99
4038.71
4038.71
1141.97
1141.97
502.09
502.09
4161.28
4161.28
3932.54
3932.54
6165.71
6165.71
3775.08
3775.08
3875.83
3875.83
4608.39
4608.39
3484.54
3484.54
1998.31
1998.31
5328.71
5328.71
856.83
856.83
4085.03
4085.03
5170.85
5170.85
3352.10
3352.10
1519.48
1519.48
2388.49
2388.49
4252.66
4252.66
5436.16
5436.16
639.87
639.87
5088.00
5088.00
52.98
52.98
3972.29
3972.29
939.08
939.08
4280.10
4280.10
5478.45
5478.45
4615.47
4615.47
4243.22
4243.22
5116.55
5116.55
2261.18
2261.18
4358.64
4358.64
4196.50
4196.50
4574.51
4574.51
5091.03
5091.03
4337.41
4337.41
895.18
895.18
2453.49
2453.49
4104.20
4104.20
2433.24
2433.24
3233.95
3233.95
3515.03
3515.03
1200.93
1200.93
5477.25
5477.25
6300.92
6300.92
4567.82
4567.82
4115.33
4115.33
4802.99
4802.99
4397.54
4397.54
3383.51
3383.51
5350.22
5350.22
4536.56
4536.56
4464.48
4464.48
5719.69
5719.69
38.99
38.99
5484.21
5484.21
199.37
199.37
2625.90
2625.90
4714.94
4714.94
4265.09
4265.09
5592.06
5592.06
4802.21
4802.21
4587.69
4587.69
3042.71
3042.71
3329.44
3329.44
1282.17
1282.17
3143.82
3143.82
3982.77
3982.77
2566.97
2566.97
523.55
523.55
1667.66
1667.66
2734.92
2734.92
4196.99
4196.99
4635.24
4635.24
3326.09
3326.09
5547.89
5547.89
5308.08
5308.08
1167.22
1167.22
6097.14
6097.14
4898.87
4898.87
379.94
379.94
1376.57
1376.57
503.40
503.40
411.80
411.80
5759.76
5759.76
4172.22
4172.22
3453.59
3453.59
5119.61
5119.61
5878.68
5878.68
2797.96
2797.96
2227.03
2227.03
2885.82
2885.82
5428.81
5428.81
5805.82
5805.82
1155.79
1155.79
743.35
743.35
1489.48
1489.48
5262.00
5262.00
4552.17
4552.17
4092.03
4092.03
1291.20
1291.20
3588.95
3588.95
3761.07
3761.07
880.87
880.87
3531.04
3531.04
4222.15
4222.15
1435.58
1435.58
5836.84
5836.84
4838.95
4838.95
5384.84
5384.84
4207.95
4207.95
3451.14
3451.14
3440.26
3440.26
1484.43
1484.43
5271.55
5271.55
1601.53
1601.53
4201.68
4201.68
6194.92
6194.92
5505.00
5505.00
4103.11
4103.11
5496.04
5496.04
1945.90
1945.90
3461.91
3461.91
5669.03
5669.03
5888.94
5888.94
6048.79
6048.79
3891.22
3891.22
2005.02
2005.02
860.87
860.87
5594.58
5594.58
764.62
764.62
5768.86
5768.86
1077.58
1077.58
2869.89
2869.89
6148.21
6148.21
4083.51
4083.51
1402.52
1402.52
4138.09
4138.09
1466.51
1466.51
5976.12
5976.12
5899.92
5899.92
4988.58
4988.58
5693.02
5693.02
3861.57
3861.57
3525.01
3525.01
2660.84
2660.84
3514.11
3514.11
4178.51
4178.51
5554.73
5554.73
6549.41
6549.41
3114.02
3114.02
6432.70
6432.70
4015.04
4015.04
6271.31
6271.31
1860.25
1860.25
2648.30
2648.30
5306.96
5306.96
3936.55
3936.55
3882.42
3882.42
4298.15
4298.15
5375.17
5375.17
3947.25
3947.25
4408.61
4408.61
2135.91
2135.91
2664.91
2664.91
3283.57
3283.57
89.96
89.96
3216.84
3216.84
1436.39
1436.39
3138.84
3138.84
4356.81
4356.81
4747.71
4747.71
5355.36
5355.36
1883.48
1883.48
858.33
858.33
2212.71
2212.71
969.72
969.72
774.58
774.58
2816.75
2816.75
4809.15
4809.15
3272.59
3272.59
2829.80
2829.80
2833.14
2833.14
2840.24
2840.24
2236.22
2236.22
4640.86
4640.86
3130.98
3130.98
6283.86
6283.86
30.76
30.76
6322.05
6322.05
3499.94
3499.94
5846.19
5846.19
4185.44
4185.44
1159.17
1159.17
1211.17
1211.17
2296.56
2296.56
1368.33
1368.33
279.20
279.20
2971.34
2971.34
4266.99
4266.99
3784.39
3784.39
5594.57
5594.57
5929.92
5929.92
5218.15
5218.15
5648.03
5648.03
37.45
37.45
2317.60
2317.60
6597.06
6597.06
4804.57
4804.57
4493.83
4493.83
4227.78
4227.78
3420.59
3420.59
5982.03
5982.03
6269.75
6269.75
5737.52
5737.52
5218.41
5218.41
5760.93
5760.93
51.90
51.90
6148.77
6148.77
5861.76
5861.76
4914.77
4914.77
1888.43
1888.43
3980.46
3980.46
3384.07
3384.07
2988.83
2988.83
4377.60
4377.60
3870.47
3870.47
3813.16
3813.16
4262.69
4262.69
3167.32
3167.32
869.53
869.53
3582.27
3582.27
3514.31
3514.31
866.37
866.37
6041.55
6041.55
5310.32
5310.32
812.00
812.00
3341.86
3341.86
5693.32
5693.32
2509.09
2509.09
3974.13
3974.13
2781.62
2781.62
4100.09
4100.09
5816.65
5816.65
4182.32
4182.32
6550.48
6550.48
3881.01
3881.01
2684.08
2684.08
3473.57
3473.57
1938.83
1938.83
5414.85
5414.85
3783.53
3783.53
3990.75
3990.75
3816.40
3816.40
6514.40
6514.40
3999.11
3999.11
939.77
939.77
4541.08
4541.08
5254.72
5254.72
4272.91
4272.91
150.85
150.85
6411.91
6411.91
1593.99
1593.99
4051.20
4051.20
5508.20
5508.20
4610.78
4610.78
5739.98
5739.98
2965.90
2965.90
723.68
723.68
4382.49
4382.49
553.52
553.52
2382.13
2382.13
6036.72
6036.72
3986.17
3986.17
4713.00
4713.00
1091.88
1091.88
5065.47
5065.47
3573.54
3573.54
444.04
444.04
3477.43
3477.43
11.77
11.77
3298.94
3298.94
4317.42
4317.42
4360.48
4360.48
3939.13
3939.13
901.56
901.56
6233.59
6233.59
2043.28
2043.28
741.70
741.70
2582.60
2582.60
905.30
905.30
5708.41
5708.41
5013.17
5013.17
736.12
736.12
63.23
63.23
4750.01
4750.01
5488.13
5488.13
4287.37
4287.37
3979.80
3979.80
4987.18
4987.18
5579.50
5579.50
3900.67
3900.67
6086.96
6086.96
5247.17
5247.17
4339.30
4339.30
5293.90
5293.90
2608.97
2608.97
2121.63
2121.63
4896.91
4896.91
4938.72
4938.72
1302.44
1302.44
4221.91
4221.91
3592.04
3592.04
5880.88
5880.88
3691.11
3691.11
5975.12
5975.12
5581.87
5581.87
3785.08
3785.08
3003.41
3003.41
1603.67
1603.67
677.68
677.68
4362.79
4362.79
5575.78
5575.78
4701.86
4701.86
4281.76
4281.76
4976.42
4976.42
5152.49
5152.49
1067.97
1067.97
3684.14
3684.14
4210.36
4210.36
5766.43
5766.43
2435.77
2435.77
5832.04
5832.04
3458.23
3458.23
4670.75
4670.75
112.12
112.12
5717.13
5717.13
4849.06
4849.06
4598.22
4598.22
2365.79
2365.79
5591.37
5591.37
3290.41
3290.41
3246.10
3246.10
5749.33
5749.33
5911.02
5911.02
5022.36
5022.36
6278.15
6278.15
5641.25
5641.25
1464.24
1464.24
4283.97
4283.97
4355.82
4355.82
4355.82
4355.82
4453.51
4453.51
5283.36
5283.36
5283.36
4363.21
5639.45
5639.45
3664.17
3664.17
3664.17
2848.23
1887.29
1887.29
2644.23
2644.23
3219.32
3219.32
3219.32
3219.32
3219.32
874.86
874.86
3166.06
3166.06
3166.06
3166.06
3166.06
3166.06
6345.70
6345.70
4272.57
4272.57
3476.44
3476.44
842.40
842.40
4532.16
4532.16
2492.99
5884.36
5884.36
5884.36
5884.36
5884.36
5884.36
5884.36
5518.75
5518.75
4662.45
4662.45
4662.45
4662.45
4662.45
4662.45
4163.84
4163.84
1452.27
1452.27
5780.58
5780.58
1745.47
1745.47
5889.75
5889.75
5889.75
5889.75
5889.75
5889.75
2983.00
2983.00
812.39
812.39
2972.84
2972.84
2972.84
2972.84
5866.20
5866.20
3815.99
3815.99
1208.88
1208.88
4496.66
4496.66
5557.68
5557.68
4172.47
4172.47
763.23
763.23
3248.81
3248.81
4722.09
4722.09
4417.45
4417.45
3952.56
3952.56
5225.88
5225.88
962.63
962.63
4970.27
4970.27
4970.27
4970.27
4970.27
4970.27
4970.27
4970.27
6048.81
6048.81
4847.50
4847.50
80.16
80.16
6251.73
6251.73
5531.23
5531.23
4754.42
4754.42
2246.97
2246.97
5663.22
5663.22
4061.16
4061.16
4353.22
4353.22
4307.26
4307.26
1514.03
1514.03
4110.59
4110.59
875.85
875.85
4405.95
4405.95
3497.89
3497.89
3943.63
3943.63
1510.29
1510.29
2225.70
2225.70
4863.62
4863.62
5286.52
5286.52
6050.99
6050.99
3981.50
3981.50
727.53
727.53
5813.10
5813.10
6154.49
6154.49
3447.12
3447.12
864.06
864.06
588.08
588.08
932.78
932.78
4218.83
4218.83
2272.04
2272.04
806.29
806.29
3376.10
3376.10
4157.56
4157.56
5358.80
5358.80
18.09
18.09
5875.99
5875.99
5430.46
5430.46
6218.24
6218.24
4610.48
4610.48
2718.88
2718.88
5870.90
5870.90
5513.12
5513.12
6092.74
6092.74
1114.96
1114.96
2576.63
2576.63
2824.15
2824.15
2929.82
2929.82
5974.41
5974.41
4972.64
4972.64
6479.97
6479.97
933.49
933.49
192.50
192.50
5863.93
5863.93
4819.48
4819.48
5627.80
5627.80
4600.89
4600.89
4124.47
4124.47
3724.66
3724.66
6191.54
6191.54
2879.71
2879.71
5169.39
5169.39
3709.75
3709.75
230.18
230.18
2863.21
2863.21
3999.13
3999.13
71.44
71.44
1447.07
1447.07
3378.46
3378.46
899.05
899.05
5544.96
5544.96
1191.27
1191.27
5266.35
5266.35
4926.02
4926.02
903.55
903.55
4302.99
4302.99
5649.61
5649.61
5960.37
5960.37
6325.30
6325.30
840.23
840.23
4480.88
4480.88
3449.13
3449.13
4253.59
4253.59
2553.59
2553.59
3204.72
3204.72
4275.30
4275.30
960.27
960.27
35.83
35.83
51.25
51.25
1483.48
1483.48
6279.45
6279.45
3536.50
3536.50
4311.81
4311.81
3020.67
3020.67
5047.46
5047.46
5683.83
5683.83
5170.71
5170.71
5101.65
5101.65
4966.43
4966.43
4210.79
4210.79
4582.48
4582.48
2796.57
2796.57
2797.01
2797.01
5405.37
5405.37
1584.65
1584.65
2484.50
2484.50
2862.66
2862.66
2130.07
2130.07
4597.18
4597.18
6192.81
6192.81
242.79
242.79
5607.44
5607.44
921.01
921.01
6298.70
6298.70
2659.16
2659.16
123.36
123.36
4057.22
4057.22
2574.28
2574.28
5046.73
5046.73
6146.63
6146.63
6078.60
6078.60
768.56
768.56
5947.57
5947.57
5174.16
5174.16
890.56
890.56
1834.04
1834.04
3231.36
3231.36
2091.34
2091.34
2106.82
2106.82
2236.74
2236.74
2236.74
2236.74
2236.74
2236.74
2236.74
2236.74
2236.74
2236.74
2236.74
2236.74
3562.13
3562.13
3492.80
3492.80
5820.48
5820.48
4753.61
4753.61
4804.88
4804.88
5050.11
5050.11
972.86
972.86
6416.89
6416.89
6277.28
6277.28
4495.78
4495.78
4206.27
4206.27
1027.58
1027.58
3513.40
3513.40
3196.39
3196.39
6065.83
6065.83
64.24
64.24
2148.35
2148.35
5729.37
5729.37
2643.98
2643.98
2307.62
2307.62
12.71
12.71
3877.03
3877.03
1727.09
1727.09
887.25
887.25
6002.40
6002.40
3056.97
3056.97
526.28
526.28
716.96
716.96
838.53
838.53
3934.54
3934.54
5816.76
5816.76
5702.94
5702.94
2621.38
2621.38
2851.65
2851.65
3223.40
3223.40
2985.60
2985.60
4395.70
4395.70
5069.53
5069.53
4005.53
4005.53
5565.45
5565.45
716.57
716.57
4947.08
4947.08
3419.45
3419.45
156.10
156.10
6019.57
6019.57
4356.69
4356.69
6007.86
6007.86
895.31
895.31
2949.26
2949.26
5825.08
5825.08
4863.40
4863.40
3181.29
3181.29
4579.55
4579.55
2437.33
2437.33
4966.82
4966.82
6318.88
6318.88
1837.14
1837.14
6400.23
6400.23
2474.34
2474.34
159.56
159.56
5012.48
5012.48
907.68
907.68
3202.32
3202.32
5381.70
5381.70
429.73
429.73
3388.96
3388.96
2665.56
2665.56
5397.32
5397.32
4459.55
4459.55
5963.50
5963.50
4150.92
4150.92
4272.28
4272.28
5983.54
5983.54
5161.76
5161.76
2307.48
2307.48
5711.97
5711.97
2496.55
2496.55
3725.19
3725.19
2916.54
2916.54
5210.79
5210.79
3626.91
3626.91
47.93
47.93
359.77
359.77
656.47
656.47
112.35
112.35
3696.38
3696.38
41.87
41.87
4092.67
4092.67
5855.85
5855.85
2923.18
2923.18
3399.50
3399.50
1608.14
1608.14
3015.68
3015.68
43.45
43.45
1059.13
1059.13
3063.30
3063.30
3044.79
3044.79
4377.98
4377.98
1881.54
1881.54
13.72
13.72
3752.80
3752.80
4028.50
4028.50
4470.50
4470.50
3384.18
3384.18
4625.79
4625.79
733.29
733.29
5652.03
5652.03
1840.00
1840.00
5879.09
5879.09
5879.09
5879.09
1294.52
1294.52
4037.94
4037.94
4037.94
4037.94
4037.94
4037.94
4037.94
4037.94
4037.94
4037.94
4037.94
4037.94
4047.13
4047.13
4991.57
4991.57
1550.22
1550.22
4044.05
4044.05
4044.05
4044.05
2985.45
2985.45
4452.88
4452.88
6182.73
6182.73
4278.74
4278.74
854.59
854.59
1640.53
1640.53
5810.82
5810.82
5810.82
5810.82
5810.82
5810.82
5810.82
5810.82
559.53
559.53
4720.52
4720.52
3716.82
3716.82
5316.30
5316.30
6119.68
6119.68
6428.23
6428.23
5735.87
5735.87
3999.35
3999.35
5119.30
5119.30
5119.30
5119.30
619.61
619.61
3193.61
3193.61
6206.30
6206.30
797.43
797.43
144.64
144.64
6099.60
6099.60
6099.60
6099.60
5368.99
5368.99
5037.31
5037.31
535.32
535.32
110.45
110.45
40.78
40.78
57.13
57.13
5697.16
5697.16
3114.51
3114.51
868.07
868.07
6178.03
6178.03
426.73
426.73
3780.02
3780.02
1819.53
1819.53
882.64
882.64
5035.30
5035.30
2056.01
2056.01
1930.42
1930.42
1118.96
1118.96
4326.49
4326.49
4084.91
4084.91
4014.06
4014.06
11.90
11.90
5080.82
5080.82
5214.99
5214.99
4484.20
4484.20
546.88
546.88
4224.51
4224.51
1795.35
1795.35
6096.55
6096.55
2282.18
2282.18
844.11
844.11
2950.66
2950.66
4333.52
4333.52
4341.45
4341.45
1577.63
1577.63
3750.57
3750.57
348.60
348.60
877.78
877.78
6249.03
6249.03
930.08
930.08
3303.40
3303.40
756.61
756.61
4117.43
4117.43
2064.54
2064.54
5038.10
5038.10
2513.71
2513.71
2753.90
2753.90
2916.39
2916.39
3000.90
3000.90
3597.49
3597.49
2656.20
2656.20
3953.82
3953.82
5035.05
5035.05
214.62
214.62
2317.44
2317.44
3838.85
3838.85
4983.54
4983.54
2177.46
2177.46
46.54
46.54
3747.91
3747.91
3552.17
3552.17
424.27
424.27
310.81
310.81
5563.91
5563.91
1929.12
1929.12
5035.00
5035.00
6156.55
6156.55
4022.78
4022.78
899.01
899.01
1360.14
1360.14
2143.95
2143.95
2752.76
2752.76
4921.95
4921.95
878.06
878.06
483.40
483.40
4981.10
4981.10
4100.27
4100.27
4382.11
4382.11
2107.33
2107.33
4642.16
4642.16
5077.30
5077.30
6179.31
6179.31
6179.31
6179.31
6179.31
6179.31
6179.31
6179.31
6179.31
6179.31
4291.35
4291.35
3335.00
3335.00
3561.26
3561.26
4383.84
4383.84
300.89
300.89
4210.62
4210.62
2047.04
2047.04
3790.22
3790.22
5834.05
5834.05
5062.22
5062.22
1532.37
1532.37
5838.57
5838.57
12.89
12.89
864.76
864.76
4070.45
4070.45
4112.50
4112.50
3065.05
3065.05
4401.34
4401.34
3816.06
3816.06
5513.80
5513.80
6211.15
6211.15
1292.37
1292.37
5797.68
5797.68
2915.69
2915.69
5292.49
5292.49
4473.43
4473.43
5935.61
5935.61
19.66
19.66
3081.88
3081.88
4869.20
4869.20
1418.15
1418.15
3739.08
3739.08
342.15
342.15
4057.37
4057.37
840.52
840.52
4622.12
4622.12
2267.25
2267.25
5507.73
5507.73
658.49
658.49
5729.15
5729.15
1476.31
1476.31
4185.75
4185.75
4524.53
4524.53
6092.44
6092.44
4820.94
4820.94
2816.04
2816.04
6145.79
6145.79
5406.74
5406.74
3571.57
3571.57
2002.54
2002.54
40.70
40.70
12.12
12.12
5713.51
5713.51
3138.95
3138.95
3513.74
3513.74
5829.00
5829.00
4399.59
4399.59
5023.47
5023.47
3467.20
3467.20
5527.36
5527.36
6029.31
6029.31
6079.67
6079.67
4169.72
4169.72
2901.96
2901.96
5610.55
5610.55
3358.72
3358.72
4691.66
4691.66
6068.63
6068.63
4693.82
4693.82
6227.40
6227.40
2789.79
2789.79
1485.15
1485.15
4104.16
4104.16
1312.57
1312.57
4546.11
4546.11
1335.70
1335.70
4719.38
4719.38
6012.04
6012.04
1253.64
1253.64
5368.68
5368.68
4956.93
4956.93
4956.93
5831.43
3346.96
3346.96
3346.96
5714.72
12.33
12.33
12.33
6055.14
3809.01
3809.01
1204.48
1204.48
1204.48
4313.30
4313.30
4219.87
4219.87
5885.67
5885.67
6051.55
4236.88
4236.88
4236.88
3999.17
5759.25
5759.25
5759.25
3594.90
3594.90
3330.71
3330.71
1175.92
1175.92
5115.74
5115.74
6231.13
6231.13
6152.02
6152.02
5171.59
5171.59
4656.62
4656.62
5677.00
2542.80
2542.80
2542.80
737.90
737.90
5284.05
5284.05
4342.85
4342.85
6329.99
6329.99
4408.90
4408.90
5975.17
5975.17
5748.23
5748.23
4585.11
4585.11
3934.61
3934.61
1178.60
1178.60
4158.41
5487.55
5487.55
5487.55
5320.07
5320.07
5916.54
5916.54
4803.68
4803.68
4818.51
4818.51
4818.51
4818.51
4818.51
4818.51
4818.51
4818.51
5745.60
5745.60
1936.49
1936.49
889.72
889.72
2812.70
5971.51
5971.51
5971.51
4353.62
4353.62
2401.88
2401.88
4264.15
4264.15
53.30
53.30
3296.45
3296.45
593.00
593.00
5968.62
5968.62
5968.62
5968.62
5367.96
5367.96
5367.96
5367.96
5367.96
5367.96
5367.96
5367.96
5367.96
5367.96
5367.96
5367.96
5763.70
5763.70
5116.67
5116.67
5116.67
5116.67
5116.67
5116.67
5116.67
5116.67
5116.67
5116.67
5116.67
5116.67
5116.67
5116.67
5116.67
5116.67
4120.62
4120.62
1179.64
1179.64
5464.97
5464.97
1070.06
1070.06
3193.86
3193.86
2952.01
2952.01
3294.40
3294.40
3784.87
3784.87
4600.59
4600.59
6144.96
6144.96
1512.24
1512.24
4483.97
4483.97
1097.27
1097.27
3097.82
3097.82
2227.54
2227.54
4117.11
4117.11
6001.51
6001.51
5095.99
5095.99
2605.93
2605.93
3298.34
3298.34
3298.34
3298.34
4365.03
4365.03
5216.88
5216.88
5956.78
5956.78
4724.53
4724.53
2441.87
2441.87
5908.65
5908.65
4422.86
4422.86
5021.02
5021.02
910.14
910.14
5358.48
5358.48
4236.59
4236.59
51.34
51.34
2536.87
2536.87
951.98
951.98
6119.44
6119.44
6483.18
6483.18
3501.30
3501.30
4346.34
4346.34
3555.60
3555.60
4710.66
4710.66
2245.88
2245.88
1696.64
1696.64
3004.91
3004.91
3309.60
3309.60
12.34
12.34
5927.22
5927.22
1084.96
1084.96
913.46
913.46
3393.93
3393.93
662.14
662.14
5200.14
5200.14
1723.18
1723.18
5533.58
5533.58
5224.70
5224.70
2411.45
2411.45
5542.54
5542.54
2046.19
2046.19
4945.20
4945.20
3583.42
3583.42
1105.48
1105.48
4591.88
4591.88
4735.99
4735.99
5016.52
5016.52
3655.14
3655.14
4112.36
4112.36
122.63
122.63
3800.11
3800.11
31.23
31.23
3861.87
3861.87
4308.49
4308.49
1903.62
1903.62
4020.96
4020.96
380.20
380.20
1831.95
1831.95
3485.95
3485.95
6185.95
6185.95
2940.08
2940.08
3999.71
3999.71
12.80
12.80
2435.36
2435.36
4063.70
4063.70
5585.36
5585.36
1445.14
1445.14
864.00
864.00
1541.53
1541.53
4092.08
4092.08
2675.20
2675.20
291.53
291.53
810.38
810.38
3454.20
3454.20
3454.20
3454.20
1698.15
1698.15
1711.26
1711.26
6007.72
6007.72
6077.76
6077.76
3265.19
3265.19
4729.28
4729.28
4680.76
4680.76
4875.02
4875.02
4875.02
4875.02
4875.02
4875.02
4875.02
4875.02
4875.02
4875.02
5075.76
5075.76
5075.76
5075.76
5075.76
5075.76
5075.76
5075.76
2317.26
2317.26
1487.88
1487.88
3445.09
3445.09
4005.99
4005.99
2205.62
2205.62
4397.49
4397.49
5098.71
5098.71
2138.11
2138.11
257.62
257.62
6183.95
6183.95
3169.22
3169.22
6066.89
6066.89
5151.99
5151.99
5582.62
5582.62
4632.17
4632.17
833.77
833.77
37.88
37.88
1827.47
1827.47
1098.18
1098.18
702.79
702.79
2398.93
2398.93
3921.64
3921.64
863.13
863.13
6072.12
6072.12
4907.64
4907.64
2375.22
2375.22
392.33
392.33
6344.47
6344.47
4949.00
4949.00
4949.00
4949.00
4307.74
4307.74
513.86
513.86
639.49
639.49
4369.66
4369.66
1335.52
1335.52
4167.84
4167.84
4167.84
4167.84
2368.77
2368.77
1931.35
1931.35
75.85
75.85
6542.47
6542.47
849.69
849.69
2810.98
2810.98
6101.10
6101.10
2205.96
2205.96
2653.73
2653.73
6013.84
6013.84
4394.63
4394.63
4687.51
4687.51
1620.39
1620.39
5835.84
5835.84
5420.10
5420.10
4283.23
4283.23
4026.64
4026.64
4026.64
4026.64
4264.35
4264.35
5616.54
5616.54
5318.91
5318.91
2819.00
2819.00
3183.93
3183.93
916.01
916.01
3714.39
3714.39
1853.88
1853.88
5215.89
5215.89
846.07
846.07
2063.83
2063.83
2387.04
2387.04
5417.14
5417.14
1941.13
1941.13
1118.66
1118.66
163.90
163.90
5696.79
5696.79
2333.25
2333.25
2333.25
2333.25
1832.33
1832.33
1841.38
1841.38
2656.33
2656.33
3595.65
3595.65
3595.65
3595.65
3595.65
3595.65
3205.92
3205.92
3205.92
3205.92
3205.92
3205.92
3205.92
3205.92
6119.37
6119.37
1114.70
1114.70
5672.92
5672.92
4241.86
4241.86
2047.45
2047.45
1478.88
1478.88
5788.34
5788.34
5881.71
5881.71
70.41
70.41
3336.58
3336.58
5588.75
5588.75
1396.54
1396.54
5041.31
5041.31
864.47
864.47
255.94
255.94
6031.03
6031.03
2569.36
2569.36
5064.33
5064.33
2412.91
2412.91
4515.74
4515.74
2744.89
2744.89
1241.45
1241.45
4513.60
4513.60
2392.64
2392.64
4102.81
4102.81
4353.59
4353.59
5990.46
5990.46
3738.34
3738.34
12.07
12.07
2066.71
2066.71
5401.11
5401.11
872.89
872.89
909.09
909.09
3769.99
3769.99
3793.07
3793.07
4632.62
4632.62
3329.31
3329.31
5452.10
5452.10
107.19
107.19
2817.79
2817.79
3962.65
3962.65
6131.31
6131.31
3674.13
3674.13
2611.99
2611.99
4636.61
4636.61
1743.47
1743.47
5742.08
5742.08
6452.81
6452.81
1810.87
1810.87
2664.77
2664.77
541.61
541.61
1054.82
1054.82
5770.77
5770.77
4018.53
4018.53
6290.35
6290.35
6409.69
6409.69
4169.51
4169.51
4860.10
4860.10
3546.65
3546.65
537.26
537.26
4064.10
4064.10
4703.45
4703.45
1854.03
1854.03
4074.79
4074.79
6324.11
6324.11
882.97
882.97
257.97
257.97
3892.09
3892.09
2038.26
2038.26
3763.73
3763.73
6173.10
6173.10
315.31
315.31
913.99
913.99
5242.93
5242.93
820.27
820.27
3736.71
3736.71
3660.07
3660.07
4180.50
4180.50
6256.08
6256.08
1579.47
1579.47
3979.79
3979.79
5428.93
5428.93
902.98
902.98
5189.25
5189.25
883.95
883.95
3648.96
3648.96
1560.57
1560.57
5329.49
5329.49
2670.18
2670.18
5888.67
5888.67
13.21
13.21
2761.01
2761.01
3420.34
3420.34
5584.99
5584.99
3283.33
3283.33
3395.16
3395.16
4940.23
4940.23
2680.89
2680.89
4012.34
4012.34
5253.75
5253.75
4559.47
4559.47
3057.72
3057.72
2815.48
2815.48
1910.29
1910.29
1316.97
1316.97
5288.95
5288.95
4723.42
4723.42
2911.74
2911.74
5051.93
5051.93
4763.58
4763.58
5464.82
5464.82
5273.87
5273.87
5273.87
5273.87
6348.56
6348.56
3154.16
3154.16
1879.33
1879.33
3995.58
3995.58
4185.50
4185.50
3795.40
3795.40
3455.28
3455.28
1502.38
1502.38
4817.86
4817.86
943.38
943.38
986.46
986.46
1713.85
1713.85
1046.05
1046.05
2633.12
2633.12
3140.47
3140.47
4715.93
4715.93
3178.60
3178.60
6703.96
6703.96
6102.14
6102.14
827.44
827.44
5798.32
5798.32
5707.40
5707.40
3456.33
3456.33
3654.64
3654.64
6143.30
6143.30
5650.50
5650.50
5344.69
5344.69
5344.69
5344.69
5344.69
5344.69
5871.88
5871.88
3681.01
3681.01
5990.73
5990.73
5417.58
5417.58
6251.16
6251.16
4693.11
4693.11
13.82
13.82
5238.27
5238.27
4479.19
4479.19
5878.76
5878.76
5878.76
5878.76
5423.10
5423.10
3206.07
3206.07
6044.91
6044.91
6044.91
6044.91
5138.76
5138.76
4241.32
4241.32
5821.37
5821.37
615.48
615.48
5133.96
5133.96
5845.97
5845.97
4378.82
4378.82
4378.82
4378.82
994.00
994.00
2309.52
2309.52
138.41
138.41
886.04
886.04
129.52
129.52
2705.17
2705.17
6245.56
6245.56
6272.07
6272.07
5505.51
5505.51
2505.45
2505.45
2505.45
2505.45
2544.33
2544.33
4387.54
4387.54
5588.12
5588.12
1581.23
1581.23
5290.78
5290.78
3128.82
3128.82
5416.71
5416.71
824.03
824.03
4413.95
4413.95
1844.31
1844.31
4532.57
4532.57
3649.22
3649.22
864.97
864.97
2637.59
2637.59
1788.10
1788.10
5539.09
5539.09
1944.36
1944.36
3333.05
3333.05
2862.82
2862.82
5460.02
5460.02
5460.02
5460.02
5460.02
5460.02
5418.84
5418.84
912.81
912.81
3880.47
3880.47
3617.80
3617.80
2538.41
2538.41
4136.89
4136.89
5930.20
5930.20
1505.94
1505.94
918.43
918.43
531.34
531.34
3883.53
3883.53
1878.50
1878.50
1139.76
1139.76
828.79
828.79
12.34
12.34
1770.58
1770.58
5239.42
5239.42
5891.29
5891.29
4936.34
4936.34
5534.85
5534.85
4443.66
4443.66
1669.79
1669.79
5788.08
5788.08
5658.93
5658.93
5160.14
5160.14
5424.40
5424.40
2260.77
2260.77
3488.47
3488.47
4330.68
4330.68
2873.14
2873.14
3587.24
3587.24
3084.46
3084.46
3742.97
3742.97
4897.98
4897.98
3694.94
3694.94
15.80
15.80
15.80
3645.88
1561.05
1561.05
3700.77
3700.77
4218.49
4218.49
4562.92
4562.92
4562.92
4541.68
4541.68
887.18
5686.83
5686.83
2621.07
2621.07
2621.07
1080.31
3010.29
3010.29
3010.29
4273.64
4273.64
2592.85
2592.85
5491.33
5491.33
5968.85
5968.85
3687.28
3687.28
3223.40
3223.40
4065.79
4065.79
850.28
850.28
4192.21
4192.21
2145.17
2145.17
2474.96
2474.96
3827.28
3827.28
4686.47
4686.47
4418.20
4418.20
4510.56
4510.56
6265.44
6265.44
59.38
59.38
4090.83
4090.83
182.94
182.94
1020.44
1020.44
5439.31
5439.31
4997.79
4997.79
67.83
67.83
2298.31
2298.31
18.36
18.36
4595.34
4595.34
4595.34
4595.34
4595.34
4595.34
500.43
500.43
6039.30
6039.30
6039.30
6039.30
6039.30
6039.30
6039.30
6039.30
2440.36
2440.36
5541.89
5541.89
5541.89
5541.89
5541.89
5541.89
5541.89
5541.89
3875.35
3875.35
5464.02
5464.02
5263.31
5263.31
5354.35
5354.35
5899.98
5899.98
3909.16
3909.16
2677.96
2677.96
3933.42
3933.42
864.70
864.70
4657.20
4657.20
5225.68
5225.68
424.22
424.22
1926.51
1926.51
6247.80
6247.80
4396.95
4396.95
4003.69
4003.69
71.77
71.77
4364.24
4364.24
6419.35
6419.35
6288.70
6288.70
5326.97
5326.97
1032.38
1032.38
5604.87
5604.87
1990.74
1990.74
3563.47
3563.47
4344.17
4344.17
644.79
644.79
3435.41
3435.41
5167.70
5167.70
3769.95
3769.95
5144.52
5144.52
2043.04
2043.04
5707.46
5707.46
3200.38
3200.38
4928.82
4928.82
3376.86
3376.86
1306.32
1306.32
5779.57
5779.57
500.60
500.60
5892.18
5892.18
5828.67
5828.67
4928.38
4928.38
5687.46
5687.46
3404.12
3404.12
5993.84
5993.84
364.86
364.86
3691.84
3691.84
3133.90
3133.90
5512.32
5512.32
4571.45
4571.45
260.29
260.29
3547.06
3547.06
1266.22
1266.22
933.04
933.04
2561.02
2561.02
2561.02
2561.02
2248.84
2248.84
5664.20
5664.20
4283.90
4283.90
2530.23
2530.23
1822.11
1822.11
3328.13
3328.13
13.21
13.21
5372.32
5372.32
143.17
143.17
4593.31
4593.31
631.55
631.55
883.79
883.79
2816.88
2816.88
12.17
12.17
3328.23
3328.23
4120.35
4120.35
6071.32
6071.32
3288.30
3288.30
14.63
14.63
800.13
800.13
2753.74
2753.74
4727.88
4727.88
5656.90
5656.90
902.58
902.58
2451.83
2451.83
4611.71
4611.71
2062.41
2062.41
5461.37
5461.37
6365.52
6365.52
2902.95
2902.95
915.85
915.85
12.91
12.91
6067.61
6067.61
2444.72
2444.72
3978.36
3978.36
3922.58
3922.58
1147.81
1147.81
1694.36
1694.36
4412.98
4412.98
704.70
704.70
5661.91
5661.91
12.34
12.34
3597.61
3597.61
2088.31
2088.31
14.19
14.19
6227.96
6227.96
2493.51
2493.51
3208.91
3208.91
1654.27
1654.27
3579.76
3579.76
4583.79
4583.79
6239.19
6239.19
5243.20
5243.20
6197.48
6197.48
911.42
911.42
1770.30
1770.30
4716.33
4716.33
1288.23
1288.23
2932.80
2932.80
849.54
849.54
4120.97
4120.97
173.85
173.85
1425.02
1425.02
4513.90
4513.90
4897.02
4897.02
4174.11
4174.11
6214.14
6214.14
13.14
13.14
3469.08
3469.08
1520.67
1520.67
197.71
197.71
5494.88
5494.88
5184.85
5184.85
5688.52
5688.52
35.30
35.30
3963.49
3963.49
6415.48
6415.48
3365.84
3365.84
1842.04
1842.04
4848.48
4848.48
4451.27
4451.27
3683.85
3683.85
144.40
144.40
5896.16
5896.16
5973.32
5973.32
6087.86
6087.86
4600.20
4600.20
2664.30
2664.30
943.04
943.04
3890.22
3890.22
5807.92
5807.92
12.70
12.70
2612.84
2612.84
4534.36
4534.36
2101.55
2101.55
5622.82
5622.82
3626.95
3626.95
3861.54
3861.54
4405.33
4405.33
6580.06
6580.06
1697.52
1697.52
3051.65
3051.65
3051.65
3051.65
351.05
351.05
3170.46
3170.46
3170.46
3170.46
108.70
108.70
2821.15
2821.15
6227.14
6227.14
4508.83
4508.83
5293.07
5293.07
5654.85
5654.85
5654.85
5654.85
5903.62
5903.62
5903.62
5903.62
4687.76
4687.76
292.32
292.32
6069.44
6069.44
4599.19
4599.19
5871.48
5871.48
378.49
378.49
4693.83
4693.83
2289.26
2289.26
6014.84
6014.84
5222.68
5222.68
18.32
18.32
5885.61
5885.61
206.02
206.02
4522.65
4522.65
4818.63
4818.63
4946.36
4946.36
2340.60
2340.60
3284.44
3284.44
5967.38
5967.38
1668.20
1668.20
2659.74
2659.74
2659.74
2659.74
357.64
357.64
2752.30
2752.30
4347.69
4347.69
5435.72
5435.72
5082.43
5082.43
5082.43
5082.43
5191.87
5191.87
6308.03
6308.03
4528.79
4528.79
3393.76
3393.76
3807.63
3807.63
1885.22
1885.22
6091.91
6091.91
2498.40
2498.40
2498.40
2498.40
2590.47
2590.47
2590.47
2590.47
316.92
316.92
4522.96
4522.96
1884.76
1884.76
1946.24
1946.24
2612.85
2612.85
5732.49
5732.49
5732.49
5732.49
5283.22
5283.22
5283.22
5283.22
6016.07
6016.07
6016.07
6016.07
6016.07
6016.07
6016.07
6016.07
6016.07
6016.07
4959.85
4959.85
2992.58
2992.58
176.79
176.79
3632.41
3632.41
26.49
26.49
5243.26
5243.26
2922.88
2922.88
5693.44
5693.44
5718.69
5718.69
68.01
68.01
3522.71
3522.71
6013.54
6013.54
4609.30
4609.30
4484.47
4484.47
3876.30
3876.30
399.55
399.55
5914.81
5914.81
187.29
187.29
913.80
913.80
2964.82
2964.82
5506.56
5506.56
4033.75
4033.75
5399.97
5399.97
2333.62
2333.62
13.60
13.60
6436.98
6436.98
2547.11
2547.11
2274.33
2274.33
1429.94
1429.94
35.52
35.52
4518.51
4518.51
4849.00
4849.00
3125.71
3125.71
5884.95
5884.95
1057.09
1057.09
3247.70
3247.70
445.23
445.23
2962.03
2962.03
2750.69
2750.69
13.53
13.53
5374.31
5374.31
602.31
602.31
2056.13
2056.13
6169.09
6169.09
5459.90
5459.90
817.05
817.05
2755.09
2755.09
3129.92
3129.92
4538.48
4538.48
2132.57
2132.57
6290.75
6290.75
5456.58
5456.58
2009.02
2009.02
2476.59
2476.59
4316.20
4316.20
6436.49
6436.49
6279.95
6279.95
5377.50
5377.50
3764.54
3764.54
3070.96
3070.96
3789.72
3789.72
3209.93
3209.93
651.54
651.54
5942.99
5942.99
2767.82
2767.82
5365.75
5365.75
5863.27
5863.27
3777.97
3777.97
4769.91
4769.91
4625.55
4625.55
1801.22
1801.22
3935.01
3935.01
3075.77
3075.77
5967.53
5967.53
3106.43
3106.43
4891.54
4891.54
858.38
858.38
5922.87
5922.87
933.59
933.59
3615.62
3615.62
3397.08
3397.08
5780.00
5780.00
4662.68
4662.68
4636.76
4636.76
2980.30
2980.30
5090.34
5090.34
6179.33
6179.33
1508.08
1508.08
4848.52
4848.52
3893.86
3893.86
3343.94
3343.94
5136.07
5136.07
5032.56
5032.56
1255.56
1255.56
717.90
717.90
6122.51
6122.51
895.23
895.23
4790.71
4790.71
5828.69
5828.69
6143.66
6143.66
1381.43
1381.43
2302.51
2302.51
2252.56
2252.56
2604.00
2604.00
3277.19
3277.19
1167.34
1167.34
4037.94
4037.94
1239.88
1239.88
2637.08
2637.08
6240.26
6240.26
2381.04
2381.04
5530.30
5530.30
511.45
511.45
6315.29
6315.29
6249.08
6249.08
805.46
805.46
4299.39
4299.39
6186.32
6186.32
1847.00
1847.00
3769.49
3769.49
5453.31
5453.31
501.53
501.53
4583.52
4583.52
2345.71
2345.71
4220.45
4220.45
3991.02
3991.02
4908.32
4908.32
622.97
622.97
3487.63
3487.63
5122.72
5122.72
2277.02
2277.02
6199.43
6199.43
4492.56
4492.56
1063.30
1063.30
1807.83
1807.83
5680.81
5680.81
4659.30
4659.30
3790.18
3790.18
5942.64
5942.64
5324.55
5324.55
3994.27
3994.27
49.76
49.76
4801.21
4801.21
3107.14
3107.14
948.92
948.92
2866.51
2866.51
4267.70
4267.70
5520.02
5520.02
755.97
755.97
4140.76
4140.76
3984.41
3984.41
3435.20
3435.20
3435.20
5015.69
5015.69
4396.44
4396.44
5880.27
5880.27
922.70
922.70
3275.49
4592.54
4592.54
4592.54
6209.73
6209.73
4389.74
4389.74
4036.26
4036.26
247.90
247.90
909.65
909.65
3805.06
3805.06
37.77
37.77
6533.59
6533.59
3751.88
3751.88
6122.07
6122.07
5314.09
1918.02
1918.02
1918.02
1991.08
1991.08
2572.26
2572.26
2797.95
2797.95
1911.11
1911.11
873.59
873.59
3108.11
3108.11
6079.99
6079.99
6143.66
6143.66
5794.73
5794.73
5074.43
5074.43
1882.68
1882.68
3408.91
3408.91
3082.97
3082.97
5974.18
5974.18
3475.89
3475.89
3471.72
3471.72
5124.21
5124.21
2913.20
2913.20
4126.49
4126.49
1460.83
1460.83
3242.72
3242.72
5596.34
5596.34
4391.18
4391.18
956.03
956.03
4647.76
4647.76
5447.06
5447.06
4244.23
4244.23
1222.88
1222.88
5310.37
5310.37
4586.95
4586.95
1178.77
1178.77
666.47
666.47
3130.25
3130.25
4156.46
4156.46
6074.01
6074.01
882.71
882.71
4119.00
4119.00
2876.68
2876.68
5615.40
5615.40
5615.40
5615.40
6476.32
6476.32
6014.87
6014.87
2649.24
2649.24
4068.63
4068.63
5734.42
5734.42
3201.26
3201.26
42.97
42.97
6405.57
6405.57
3015.78
3015.78
599.29
599.29
4856.13
4856.13
5404.01
5404.01
3041.47
3041.47
5121.82
5121.82
3871.08
3871.08
3911.60
3911.60
1428.07
1428.07
2328.26
2328.26
2551.79
2551.79
1306.94
1306.94
4188.73
4188.73
5662.96
5662.96
880.15
880.15
5629.87
5629.87
5637.70
5637.70
2276.96
2276.96
858.03
858.03
1969.43
1969.43
108.12
108.12
3240.59
3240.59
2767.00
2767.00
3049.69
3049.69
6538.91
6538.91
6209.91
6209.91
3937.86
3937.86
4458.88
4458.88
5824.59
5824.59
5286.51
5286.51
5286.51
5286.51
5681.59
5681.59
223.81
223.81
884.47
884.47
5679.15
5679.15
394.98
394.98
2809.02
2809.02
3110.65
3110.65
3064.08
3064.08
6318.21
6318.21
1175.65
1175.65
3254.87
3254.87
4059.08
4059.08
3890.56
3890.56
3037.56
3037.56
687.55
687.55
1891.71
1891.71
1891.71
1891.71
591.28
591.28
3493.49
3493.49
2554.54
2554.54
5317.59
5317.59
5578.14
5578.14
5109.78
5109.78
835.23
835.23
3859.47
3859.47
3859.47
3859.47
5960.28
5960.28
1691.12
1691.12
3781.02
3781.02
2610.76
2610.76
5765.01
5765.01
2062.63
2062.63
3964.97
3964.97
4022.75
4022.75
2311.45
2311.45
5824.35
5824.35
4725.55
4725.55
6123.96
6123.96
4596.88
4596.88
2420.26
2420.26
3915.96
3915.96
2582.45
2582.45
2823.15
2823.15
1019.31
1019.31
3131.44
3131.44
3921.36
3921.36
4146.75
4146.75
5720.89
5720.89
5931.45
5931.45
6599.20
6599.20
781.55
781.55
6218.23
6218.23
6315.97
6315.97
1749.01
1749.01
3058.19
3058.19
4147.35
4147.35
6070.64
6070.64
3733.88
3733.88
1140.98
1140.98
2799.25
2799.25
3029.34
3029.34
3942.11
3942.11
4762.58
4762.58
4687.53
4687.53
3724.77
3724.77
5280.54
5280.54
2339.92
2339.92
1994.98
1994.98
4809.75
4809.75
742.59
742.59
3959.12
3959.12
6141.69
6141.69
5164.29
5164.29
5839.44
5839.44
3188.33
3188.33
4898.12
4898.12
3770.07
3770.07
37.47
37.47
2089.04
2089.04
31.46
31.46
4310.30
4310.30
934.01
934.01
3396.76
3396.76
5970.07
5970.07
5667.70
5667.70
6084.54
6084.54
4266.44
4266.44
29.50
29.50
5860.26
5860.26
1648.42
1648.42
4582.20
4582.20
4222.07
4222.07
1286.86
1286.86
3810.68
3810.68
3634.53
3634.53
884.12
884.12
3069.51
3069.51
4063.10
4063.10
927.31
927.31
2037.35
2037.35
914.74
914.74
5801.15
5801.15
3593.88
3593.88
4809.68
4809.68
25.73
25.73
4856.44
4856.44
4643.45
4643.45
4696.51
4696.51
6047.83
6047.83
4071.63
4071.63
5898.54
5898.54
4149.00
4149.00
900.85
900.85
3771.29
3771.29
2818.01
2818.01
3332.97
3332.97
3440.72
3440.72
1369.58
1369.58
1422.86
1422.86
4420.75
4420.75
3794.74
3794.74
4217.49
4217.49
4621.82
4621.82
1095.03
1095.03
18.15
18.15
5635.53
5635.53
25.59
25.59
5104.93
5104.93
21.59
21.59
1204.31
1204.31
39.98
39.98
907.50
907.50
5125.31
5125.31
1295.25
1295.25
2639.28
2639.28
2834.58
2834.58
3511.85
3511.85
6025.69
6025.69
3467.97
3467.97
2445.46
2445.46
2261.18
2261.18
6320.56
6320.56
5715.30
5715.30
3431.36
3431.36
4397.83
4397.83
3834.66
3834.66
5597.89
5597.89
2673.34
2673.34
3344.48
3344.48
209.01
209.01
216.14
216.14
3037.79
3037.79
5081.98
5081.98
6290.43
6290.43
6252.30
6252.30
866.17
866.17
4364.69
4364.69
57.32
57.32
2619.07
2619.07
4581.80
4581.80
6404.56
6404.56
3727.17
3727.17
5119.68
5119.68
5777.43
5777.43
3753.03
3753.03
678.15
678.15
35.66
35.66
6101.63
6101.63
2537.23
2537.23
5190.33
5190.33
836.68
836.68
4171.83
4171.83
923.61
923.61
11.96
11.96
5810.54
5810.54
2781.91
2781.91
3488.42
3488.42
868.90
868.90
4008.35
4008.35
3483.76
3483.76
2007.93
2007.93
1571.15
1571.15
4466.69
4466.69
2338.99
2338.99
1926.32
1926.32
3909.32
3909.32
2547.09
2547.09
2243.53
2243.53
2672.86
2672.86
3203.16
3203.16
28.17
28.17
1686.40
1686.40
6217.11
6217.11
6040.22
6040.22
5826.36
5826.36
4415.46
4415.46
5855.44
5855.44
4914.38
4914.38
6296.85
6296.85
4880.95
4880.95
600.54
600.54
6099.29
6099.29
3534.85
3534.85
4732.63
4732.63
5848.78
5848.78
3958.09
3958.09
4374.96
4374.96
4045.11
4045.11
838.34
838.34
5009.85
5009.85
6059.43
6059.43
4076.57
4076.57
350.08
350.08
1371.32
1371.32
5612.86
5612.86
1891.12
1891.12
5815.61
5815.61
3906.93
3906.93
3633.26
3633.26
5908.45
5908.45
890.17
890.17
4332.25
4332.25
2696.95
2696.95
4369.09
4369.09
5898.10
5898.10
4245.11
4245.11
5298.95
5298.95
4517.32
4517.32
6219.39
6219.39
1763.26
1763.26
706.59
706.59
4229.07
4229.07
4342.41
4342.41
5382.21
5382.21
12.48
12.48
811.33
811.33
4604.81
4604.81
1118.98
1118.98
5596.24
5596.24
5889.23
5889.23
2381.01
2381.01
3542.21
3542.21
3623.18
3623.18
3436.14
3436.14
5668.30
5668.30
6010.30
6010.30
2600.64
2600.64
2918.58
2918.58
968.10
968.10
4927.30
4927.30
4908.11
4908.11
4194.73
4194.73
3372.37
3372.37
5428.74
5428.74
5956.01
5956.01
1919.93
1919.93
5242.84
5242.84
5726.44
5726.44
1050.43
1050.43
5341.07
5341.07
1818.07
1818.07
2918.54
2918.54
476.16
476.16
5267.10
5267.10
5668.14
5668.14
1743.18
1743.18
2082.03
2082.03
4347.81
4347.81
4880.86
4880.86
3290.38
3290.38
3121.63
3121.63
3262.39
3262.39
1637.60
1637.60
330.21
330.21
5028.65
5028.65
1835.87
1835.87
2611.44
2611.44
974.00
974.00
1318.81
1318.81
3769.12
3769.12
3778.57
3778.57
4711.44
4711.44
849.72
849.72
5135.34
5135.34
5341.35
5341.35
5602.92
5602.92
265.54
265.54
6189.81
6189.81
6071.42
6071.42
1273.27
1273.27
5829.26
5829.26
6067.78
6067.78
855.44
855.44
1467.52
1467.52
1308.11
1308.11
5438.00
5438.00
5758.55
5758.55
17.92
17.92
4500.70
4500.70
838.18
838.18
4348.85
4348.85
13.75
13.75
1106.66
1106.66
3828.85
3828.85
4313.23
4313.23
70.49
70.49
6268.08
6268.08
2423.76
2423.76
434.17
434.17
2639.02
2639.02
3840.99
3840.99
2429.75
2429.75
2820.00
2820.00
2621.01
2621.01
5881.62
5881.62
4574.98
4574.98
2597.32
2597.32
5612.06
5612.06
4920.69
4920.69
4408.46
4408.46
5074.81
5074.81
5373.50
5373.50
3779.12
3779.12
5032.51
5032.51
1331.62
1331.62
2865.51
2865.51
2865.51
2865.51
2865.51
2865.51
2865.51
2865.51
3121.16
3121.16
1410.16
1410.16
6250.76
6250.76
4185.48
4185.48
3972.76
3972.76
4985.65
4985.65
3859.80
3859.80
6075.97
6075.97
5368.82
5368.82
1352.41
1352.41
1994.13
1994.13
3524.43
3524.43
6014.20
6014.20
5730.03
5730.03
5730.03
5730.03
4711.79
4711.79
5372.86
5372.86
2085.32
2085.32
862.92
862.92
5712.98
5712.98
2640.51
2640.51
2640.51
2640.51
2794.91
2794.91
2794.91
4836.80
6287.83
6287.83
6287.83
4583.39
73.80
73.80
5077.94
5077.94
5077.94
2836.60
2836.60
4477.04
2310.82
2310.82
2310.82
902.63
5023.35
5023.35
5023.35
4132.58
17.84
17.84
17.84
4635.33
4635.33
5987.32
5987.32
621.11
621.11
428.07
428.07
5325.23
5325.23
4125.26
4125.26
2016.20
2016.20
652.83
652.83
5397.33
4923.08
4923.08
4923.08
4923.08
4923.08
421.79
421.79
6236.12
6236.12
2159.10
2159.10
1663.23
1663.23
347.26
347.26
1361.73
1361.73
5035.70
5035.70
4265.88
4265.88
857.63
857.63
5757.18
3265.15
3265.15
3265.15
2201.51
2201.51
3278.36
3278.36
5717.47
5717.47
5729.25
5729.25
2104.32
2104.32
2763.15
2763.15
2124.86
2124.86
1391.02
1391.02
2272.07
2272.07
5711.01
5711.01
933.24
1715.14
1715.14
1715.14
6121.81
6121.81
2959.67
2959.67
3007.89
3007.89
4853.44
4853.44
2582.88
2582.88
5006.42
5006.42
4558.26
4558.26
2714.28
2714.28
5305.20
5305.20
1436.71
1436.71
36.49
36.49
4870.29
4870.29
491.00
491.00
4540.79
4540.79
4474.79
4474.79
3194.68
3194.68
913.23
913.23
3009.58
3009.58
4743.36
4743.36
5729.51
5729.51
4565.04
4565.04
897.01
897.01
3872.35
3872.35
3793.65
3793.65
1170.21
1170.21
1155.33
1155.33
4306.38
4306.38
3134.02
3134.02
929.00
929.00
4724.47
4724.47
622.87
622.87
1047.04
1047.04
5357.79
5357.79
3424.04
3424.04
3431.40
3431.40
3367.69
3367.69
3054.38
3054.38
4674.05
4674.05
1982.09
1982.09
38.37
38.37
5974.05
5974.05
309.61
309.61
5107.44
5107.44
210.93
210.93
5518.23
5518.23
666.42
666.42
183.53
183.53
4091.81
4091.81
962.62
962.62
4326.91
4326.91
4595.03
4595.03
338.02
338.02
4043.03
4043.03
5578.48
5578.48
1469.55
1469.55
4426.50
4426.50
2025.83
2025.83
560.29
560.29
3471.93
3471.93
174.66
174.66
6227.30
6227.30
704.02
704.02
5866.03
5866.03
4240.83
4240.83
3047.87
3047.87
5307.62
5307.62
2752.06
2752.06
6105.00
6105.00
1626.65
1626.65
2057.88
2057.88
5841.04
5841.04
741.67
741.67
4211.38
4211.38
1051.36
1051.36
3323.46
3323.46
3323.46
3323.46
3323.46
3323.46
3323.46
3323.46
6352.57
6352.57
52.46
52.46
5373.99
5373.99
2286.50
2286.50
2068.51
2068.51
3070.75
3070.75
2081.75
2081.75
3366.25
3366.25
2780.02
2780.02
4534.61
4534.61
4534.61
4534.61
5540.94
5540.94
356.62
356.62
2487.38
2487.38
2487.38
2487.38
2664.78
2664.78
6048.28
6048.28
3242.67
3242.67
2615.71
2615.71
5092.92
5092.92
878.26
878.26
5587.63
5587.63
3782.56
3782.56
4400.92
4400.92
3664.76
3664.76
5663.86
5663.86
4835.55
4835.55
913.00
913.00
4747.54
4747.54
4262.46
4262.46
5648.08
5648.08
73.05
73.05
802.61
802.61
4446.09
4446.09
6321.09
6321.09
3993.05
3993.05
13.89
13.89
4934.43
4934.43
6234.34
6234.34
902.91
902.91
1204.80
1204.80
3611.09
3611.09
3546.91
3546.91
1995.52
1995.52
4455.38
4455.38
4455.38
4455.38
4455.38
4455.38
4460.02
4460.02
16.15
16.15
571.90
571.90
5826.05
5826.05
5002.01
5002.01
12.98
12.98
5740.17
5740.17
5638.49
5638.49
3291.97
3291.97
5438.77
5438.77
2764.13
2764.13
855.07
855.07
5776.81
5776.81
5790.80
5790.80
1648.40
1648.40
1729.12
1729.12
2962.77
2962.77
1396.85
1396.85
4167.46
4167.46
3737.60
3737.60
12.39
12.39
3914.39
3914.39
5533.24
5533.24
5684.45
5684.45
4907.18
4907.18
4210.02
4210.02
4046.38
4046.38
1207.58
1207.58
16.47
16.47
1080.35
1080.35
4142.34
4142.34
5608.89
5608.89
3324.45
3324.45
5188.30
5188.30
4239.64
4239.64
1417.66
1417.66
2235.97
2235.97
2163.69
2163.69
941.20
941.20
2434.30
2434.30
2982.19
2982.19
2684.26
2684.26
2974.77
2974.77
1261.38
1261.38
3702.57
3702.57
43.40
43.40
1227.61
1227.61
799.79
799.79
4690.82
4690.82
6391.95
6391.95
5051.85
5051.85
5812.78
5812.78
4323.20
4323.20
26.36
26.36
3046.60
3046.60
5823.34
5823.34
5932.25
5932.25
2750.50
2750.50
349.96
349.96
5784.80
5784.80
2950.55
2950.55
4247.44
4247.44
5585.47
5585.47
5820.36
5820.36
5921.01
5921.01
5050.62
5050.62
4730.00
4730.00
5295.16
5295.16
2747.66
2747.66
59.54
59.54
2480.59
2480.59
1865.57
1865.57
5829.69
5829.69
2392.56
2392.56
5289.23
5289.23
4335.57
4335.57
1516.92
1516.92
2859.83
2859.83
2360.40
2360.40
1545.41
1545.41
22.10
22.10
4337.16
4337.16
2369.85
2369.85
5852.74
5852.74
2585.37
2585.37
3665.27
3665.27
2050.80
2050.80
2963.32
2963.32
2316.42
2316.42
1031.87
1031.87
2933.80
2933.80
136.04
136.04
2458.86
2458.86
2967.75
2967.75
3274.46
3274.46
5148.76
5148.76
4677.80
4677.80
1184.20
1184.20
1648.66
1648.66
4416.12
4416.12
2139.61
2139.61
3526.04
3526.04
6202.13
6202.13
4369.61
4369.61
6099.50
6099.50
3251.04
3251.04
12.19
12.19
3785.92
3785.92
5943.09
5943.09
3839.65
3839.65
3459.31
3459.31
1507.09
1507.09
5148.13
5148.13
5311.85
5311.85
6305.15
6305.15
4324.91
4324.91
5884.46
5884.46
5229.48
5229.48
2906.95
2906.95
3182.79
3182.79
6271.11
6271.11
901.53
901.53
3123.98
3123.98
789.34
789.34
6034.34
6034.34
1734.98
1734.98
5537.92
5537.92
1650.84
1650.84
3873.34
3873.34
5838.15
5838.15
1677.22
1677.22
3723.80
3723.80
4602.40
4602.40
3322.77
3322.77
4018.39
4018.39
3831.28
3831.28
3774.57
3774.57
2341.04
2341.04
869.86
869.86
4377.79
4377.79
5263.69
5263.69
4778.11
4778.11
5115.57
5115.57
5744.26
5744.26
1821.96
1821.96
899.41
899.41
4187.09
4187.09
885.78
885.78
481.35
481.35
5213.88
5213.88
877.72
877.72
2335.06
2335.06
5777.19
5777.19
451.07
451.07
3627.82
3627.82
1703.67
1703.67
5518.91
5518.91
1287.19
1287.19
323.75
323.75
68.09
68.09
629.24
629.24
5235.34
5235.34
902.48
902.48
1566.43
1566.43
5971.41
5971.41
5481.23
5481.23
884.97
884.97
4117.70
4117.70
3268.40
3268.40
5126.32
5126.32
3555.94
3555.94
1253.28
1253.28
2139.62
2139.62
5616.52
5616.52
1656.25
1656.25
643.00
643.00
1789.35
1789.35
3098.21
3098.21
950.88
950.88
911.61
911.61
290.82
290.82
5698.04
5698.04
21.76
21.76
33.66
33.66
4550.54
4550.54
2917.86
2917.86
5715.88
5715.88
3258.07
3258.07
1747.01
1747.01
4279.69
4279.69
3353.03
3353.03
4307.58
4307.58
3190.30
3190.30
6326.15
6326.15
37.86
37.86
343.84
343.84
15.50
15.50
13.36
13.36
3268.58
3268.58
5699.91
5699.91
5555.82
5555.82
3803.91
3803.91
5221.98
5221.98
3187.92
3187.92
1356.79
1356.79
1287.68
1287.68
13.04
13.04
4565.21
4565.21
6302.35
6302.35
1111.82
1111.82
5581.70
5581.70
1214.06
1214.06
945.04
945.04
4145.95
4145.95
5665.88
5665.88
2431.09
2431.09
2586.03
2586.03
898.39
898.39
3994.89
3994.89
1027.49
1027.49
5760.26
5760.26
948.68
948.68
4357.90
4357.90
344.76
344.76
13.70
13.70
4208.55
4208.55
1453.10
1453.10
4286.37
4286.37
664.28
664.28
5485.87
5485.87
2261.39
2261.39
5022.43
5022.43
593.25
593.25
3927.57
3927.57
1210.66
1210.66
3027.91
3027.91
3818.77
3818.77
2575.27
2575.27
1151.96
1151.96
4207.27
4207.27
1870.75
1870.75
847.77
847.77
4516.23
4516.23
5941.91
5941.91
3272.18
3272.18
5416.10
5416.10
4149.95
4149.95
5718.26
5718.26
4099.77
4099.77
4848.28
4848.28
4037.20
4037.20
1865.70
1865.70
1843.40
1843.40
2887.54
2887.54
868.47
868.47
1818.01
1818.01
2251.58
2251.58
5278.87
5278.87
563.48
563.48
2007.83
2007.83
6288.08
6288.08
1803.72
1803.72
48.71
48.71
4640.58
4640.58
5819.64
5819.64
1478.63
1478.63
6068.98
6068.98
5473.95
5473.95
3721.70
3721.70
2722.55
2722.55
2233.01
2233.01
2142.22
2142.22
3254.12
3254.12
5873.60
5873.60
3153.36
3153.36
2695.83
2695.83
37.64
37.64
816.50
816.50
5654.49
5654.49
5586.06
5586.06
6251.01
6251.01
1956.63
1956.63
3867.11
3867.11
3184.74
3184.74
6430.44
6430.44
5512.76
5512.76
4284.99
4284.99
3524.30
3524.30
346.97
346.97
5332.73
5332.73
705.92
705.92
932.38
932.38
5986.02
5986.02
4989.21
4989.21
2654.69
2654.69
2203.01
2203.01
5687.76
5687.76
4128.02
4128.02
5218.35
5218.35
538.51
538.51
742.94
742.94
3844.15
3844.15
5669.00
5669.00
3405.13
3405.13
5451.49
5451.49
1273.45
1273.45
6130.02
6130.02
5900.06
5900.06
35.58
35.58
3558.89
3558.89
5923.24
5923.24
2919.16
2919.16
4725.56
4725.56
6316.45
6316.45
2415.62
2415.62
221.74
221.74
1780.87
1780.87
4338.53
4338.53
4625.47
4625.47
1297.27
1297.27
6046.53
6046.53
5186.81
5186.81
4684.44
4684.44
587.04
587.04
1312.93
1312.93
3168.94
3168.94
620.97
620.97
3816.14
3816.14
1581.71
1581.71
6121.50
6121.50
6121.50
2407.82
3995.44
3995.44
877.36
877.36
877.36
754.86
5697.54
5697.54
5697.54
537.93
2131.01
2131.01
5964.79
5964.79
5964.79
3005.92
1818.09
1818.09
1818.09
4644.06
1073.57
1073.57
1073.57
4420.79
4420.79
3850.72
3091.36
3091.36
3091.36
3890.16
3890.16
6378.14
6378.14
4912.08
4912.08
3451.37
3451.37
1385.05
1385.05
2133.50
2133.50
5361.01
5361.01
3839.64
3839.64
2469.28
2469.28
304.54
304.54
5764.89
5869.90
5869.90
5869.90
814.03
814.03
2943.13
2943.13
2028.64
2028.64
3574.80
3574.80
3313.93
3313.93
1159.67
1159.67
1533.52
1533.52
3568.84
3568.84
5302.99
5302.99
723.94
723.94
5490.80
2136.73
2136.73
2136.73
3923.66
3923.66
1447.57
1447.57
2140.22
2140.22
14.07
14.07
5871.93
5871.93
1980.76
1980.76
3191.15
3191.15
5491.80
5491.80
84.18
84.18
5128.92
5128.92
4380.87
2816.65
2816.65
2816.65
6346.05
6346.05
1910.81
1910.81
6046.31
6046.31
873.69
873.69
1233.47
1233.47
1446.31
1446.31
1446.31
1446.31
1485.16
1485.16
6010.89
6010.89
6469.66
6469.66
5186.84
5186.84
3436.30
3436.30
4924.47
4924.47
4924.47
4924.47
1651.82
1651.82
510.68
510.68
841.80
841.80
5332.98
5332.98
6471.06
6471.06
4446.48
4446.48
75.32
75.32
4813.67
4813.67
4813.67
4813.67
826.83
826.83
3311.99
3311.99
3383.78
3383.78
3416.22
3416.22
3540.24
3540.24
5713.64
5713.64
3422.20
3422.20
3941.98
3941.98
3958.57
3958.57
430.52
430.52
3957.20
3957.20
6136.63
6136.63
1980.64
1980.64
3050.52
3050.52
3050.52
3050.52
3050.52
3050.52
3050.52
3050.52
5797.70
5797.70
1213.45
1213.45
2832.94
2832.94
2832.94
2832.94
2987.48
2987.48
5058.80
5058.80
4389.84
4389.84
823.68
823.68
797.33
797.33
4805.37
4805.37
4805.37
4805.37
4805.37
4805.37
4805.37
4805.37
5392.19
5392.19
5755.66
5755.66
5809.22
5809.22
5809.22
5809.22
5809.22
5809.22
3890.28
3890.28
2749.04
2749.04
4152.58
4152.58
6303.67
6303.67
2349.57
2349.57
3541.10
3541.10
4191.63
4191.63
88.10
88.10
731.05
731.05
335.74
335.74
712.50
712.50
6145.06
6145.06
6145.06
6145.06
6145.06
6145.06
6145.06
6145.06
5651.36
5651.36
4496.62
4496.62
6334.32
6334.32
2147.71
2147.71
3898.01
3898.01
5814.60
5814.60
1815.26
1815.26
4233.95
4233.95
4947.25
4947.25
6073.48
6073.48
5451.15
5451.15
5625.90
5625.90
6393.95
6393.95
5713.22
5713.22
5413.20
5413.20
4363.86
4363.86
12.10
12.10
4011.85
4011.85
4939.54
4939.54
2632.26
2632.26
5277.96
5277.96
5512.20
5512.20
6016.37
6016.37
4849.40
4849.40
5147.80
5147.80
408.88
408.88
6469.04
6469.04
5407.42
5407.42
15.13
15.13
4191.07
4191.07
6175.61
6175.61
1454.78
1454.78
4128.76
4128.76
3653.90
3653.90
2531.31
2531.31
5406.84
5406.84
2411.22
2411.22
14.12
14.12
1231.14
1231.14
5411.63
5411.63
1130.67
1130.67
4508.75
4508.75
5194.48
5194.48
1828.12
1828.12
5164.03
5164.03
5265.07
5265.07
1156.07
1156.07
2130.02
2130.02
5642.24
5642.24
6435.40
6435.40
6435.40
6435.40
2198.99
2198.99
766.31
766.31
5216.17
5216.17
2872.82
2872.82
4129.29
4129.29
4835.33
4835.33
2801.66
2801.66
5545.68
5545.68
5545.68
5545.68
5545.68
5545.68
5545.68
5545.68
5545.68
5545.68
5545.68
5545.68
5545.68
5545.68
5545.68
5545.68
5545.68
5545.68
5545.68
5545.68
5545.68
5545.68
4259.06
4259.06
4012.23
4012.23
3664.21
3664.21
5333.90
5333.90
4945.36
4945.36
5843.31
5843.31
5458.06
5458.06
5906.58
5906.58
1224.49
1224.49
4817.05
4817.05
3014.10
3014.10
805.83
805.83
3492.77
3492.77
2314.68
2314.68
3799.75
3799.75
3601.52
3601.52
5068.61
5068.61
5177.65
5177.65
4237.32
4237.32
461.15
461.15
817.29
817.29
5422.56
5422.56
184.21
184.21
4675.68
4675.68
4030.67
4030.67
1885.40
1885.40
5591.22
5591.22
2505.03
2505.03
446.08
446.08
4251.01
4251.01
6154.02
6154.02
5337.89
5337.89
843.82
843.82
36.00
36.00
75.99
75.99
4272.47
4272.47
6166.19
6166.19
6166.19
6166.19
6166.19
6166.19
6339.05
6339.05
5090.77
5090.77
5388.89
5388.89
247.48
247.48
4162.68
4162.68
5745.29
5745.29
4043.07
4043.07
5582.11
5582.11
5973.52
5973.52
54.90
54.90
6117.56
6117.56
5882.62
5882.62
4028.24
4028.24
4632.40
4632.40
4239.47
4239.47
5801.73
5801.73
4294.14
4294.14
4294.14
4294.14
5963.60
5963.60
5963.60
5963.60
2364.41
2364.41
1177.10
1177.10
54.22
54.22
2941.89
2941.89
6141.95
6141.95
6192.85
6192.85
6192.85
6192.85
6192.85
6192.85
6192.85
6192.85
4584.98
4584.98
5135.41
5135.41
3237.24
3237.24
4272.48
4272.48
2577.79
2577.79
2798.36
2798.36
2943.70
2943.70
3871.36
3871.36
4843.81
4843.81
3397.35
3397.35
6128.57
6128.57
4369.72
4369.72
4369.72
4369.72
4369.72
4369.72
4369.72
4369.72
3651.15
3651.15
403.56
403.56
2327.10
2327.10
3319.38
3319.38
3319.38
3319.38
297.06
297.06
3295.69
3295.69
835.39
835.39
3552.08
3552.08
3271.48
3271.48
2970.24
2970.24
5395.64
5395.64
865.55
865.55
3172.46
3172.46
3172.46
3172.46
4538.91
4538.91
3443.29
3443.29
4609.69
4609.69
366.62
366.62
5541.31
5541.31
5541.31
5541.31
5541.31
5541.31
5541.31
5541.31
5541.31
5541.31
5541.31
5541.31
5541.31
5541.31
5541.31
5541.31
5962.69
5962.69
5394.68
5394.68
12.75
12.75
5046.41
5046.41
4180.29
4180.29
3881.89
3881.89
5148.89
5148.89
4109.43
4109.43
3706.86
3706.86
4806.64
4806.64
2337.83
2337.83
15.43
15.43
12.56
12.56
4993.98
4993.98
3863.45
3863.45
4905.24
4905.24
5249.92
5249.92
3651.19
3651.19
6150.72
6150.72
15.16
15.16
6059.57
6059.57
6059.57
6059.57
4816.45
4816.45
6309.95
6309.95
3346.40
3346.40
1295.15
1295.15
338.27
338.27
3008.82
3008.82
3470.93
3470.93
2308.03
2308.03
2847.00
2847.00
6236.33
6236.33
6236.33
6236.33
6236.33
6236.33
4594.28
4594.28
4337.19
4337.19
1761.74
1761.74
3110.05
3110.05
4076.27
4076.27
2467.76
2467.76
3011.77
3011.77
3772.71
3772.71
4896.78
4896.78
5679.03
5679.03
2239.17
2239.17
4865.09
4865.09
4396.74
4396.74
4333.15
4333.15
2900.51
2900.51
3240.00
3240.00
4220.68
4220.68
4220.68
4220.68
911.01
911.01
317.19
317.19
3109.33
3109.33
3109.33
3109.33
3109.33
3109.33
865.86
865.86
2989.07
2989.07
3697.98
3697.98
1459.45
1459.45
3262.56
3262.56
3262.56
3262.56
3262.56
3262.56
3262.56
3262.56
3262.56
3262.56
4444.85
4444.85
5933.85
5933.85
4104.35
4104.35
5761.95
5761.95
5612.97
5612.97
6133.63
6133.63
2903.55
2903.55
4499.68
4499.68
5885.45
5885.45
3361.47
3361.47
852.61
852.61
4688.85
4688.85
4754.55
4754.55
4754.55
4754.55
4754.55
4754.55
4754.55
4754.55
4089.23
4089.23
875.11
875.11
2998.74
2998.74
2998.74
2998.74
3689.95
3689.95
3689.95
3689.95
3689.95
3689.95
4184.79
4184.79
5221.70
5221.70
2948.76
2948.76
5442.36
5442.36
320.07
320.07
5707.57
5707.57
6188.03
6188.03
5358.43
5358.43
762.03
762.03
2176.61
2176.61
6044.87
6044.87
6148.37
6148.37
5245.20
5245.20
3418.83
3418.83
5734.19
5734.19
769.97
769.97
4610.89
4610.89
2153.42
2153.42
4143.10
4143.10
3849.51
3849.51
3899.89
3899.89
4228.13
4228.13
6013.08
6013.08
4965.53
4965.53
2071.65
2071.65
5298.41
5298.41
3761.07
3761.07
3761.07
3761.07
3761.07
3761.07
3761.07
3761.07
3761.07
3761.07
3761.07
3761.07
3761.07
3761.07
3761.07
3761.07
3524.26
3524.26
5086.85
5086.85
1689.90
1689.90
6019.14
6019.14
5309.82
5309.82
2325.03
2325.03
1270.63
1270.63
4502.10
4502.10
4172.42
4172.42
3817.32
3817.32
897.86
897.86
3515.56
3515.56
2074.09
2074.09
3360.86
3360.86
999.84
999.84
1799.75
1799.75
107.68
107.68
3947.80
3947.80
2332.44
2332.44
1310.58
1310.58
857.82
857.82
4119.12
4119.12
889.77
889.77
2719.25
2719.25
48.61
48.61
1238.16
1238.16
4147.02
4147.02
3462.63
3462.63
6120.51
6120.51
4927.95
4927.95
4565.71
4565.71
3174.46
3174.46
1320.48
1320.48
2296.65
2296.65
949.99
949.99
6171.79
6171.79
3250.06
3250.06
3536.72
3536.72
4961.26
4961.26
4880.11
4880.11
1664.73
1664.73
3017.25
3017.25
3887.52
3887.52
3533.18
3533.18
4558.44
4558.44
3024.23
3024.23
3237.06
3237.06
4378.73
4378.73
5847.30
5847.30
669.19
669.19
627.74
627.74
5798.42
5798.42
6137.92
6137.92
6445.26
6445.26
1530.60
1530.60
5933.54
5933.54
1888.63
1888.63
4845.79
4845.79
6290.84
6290.84
1494.63
1494.63
1433.13
1433.13
934.31
934.31
4399.01
4399.01
3570.72
3570.72
5978.27
5978.27
6046.25
6046.25
3726.74
3726.74
1711.97
1711.97
3121.38
3121.38
3889.34
3889.34
733.73
733.73
1479.66
1479.66
364.28
364.28
6008.62
6008.62
4988.67
4988.67
6057.28
6057.28
6348.35
6348.35
2359.18
2359.18
2359.18
5902.98
4630.81
4630.81
4630.81
833.75
833.75
178.67
178.67
2154.65
2154.65
5885.06
5599.21
5599.21
5599.21
5683.01
5683.01
5641.31
5641.31
3979.38
3979.38
214.56
5850.68
5850.68
5850.68
3657.09
3657.09
4182.42
4182.42
4815.27
4815.27
4392.16
4392.16
5773.79
5773.79
3968.07
3968.07
11.94
11.94
2870.40
2870.40
3407.88
3407.88
719.67
719.67
2157.75
2513.06
2513.06
2513.06
3284.98
3284.98
6399.14
6399.14
593.54
593.54
3847.14
3847.14
1211.26
1211.26
14.12
14.12
2263.34
2263.34
4473.56
4473.56
5648.43
5648.43
5732.09
5732.09
4218.56
919.22
919.22
919.22
3948.77
3948.77
3829.73
3829.73
467.16
467.16
4802.50
4802.50
437.41
437.41
5150.22
5150.22
5837.08
5837.08
5863.49
5863.49
511.00
511.00
4182.10
4182.10
1131.09
3199.97
3199.97
3199.97
4977.15
4977.15
3933.32
3933.32
5479.82
5479.82
1608.98
1608.98
50.63
50.63
5194.87
5194.87
5124.01
5124.01
3503.27
3503.27
13.05
13.05
3405.50
3405.50
1057.94
1057.94
869.20
869.20
4955.52
4955.52
755.71
755.71
881.75
881.75
4352.54
4352.54
3341.80
3341.80
2946.20
2946.20
1926.11
1926.11
1981.75
1981.75
1302.79
1302.79
882.84
882.84
3597.15
3597.15
4124.95
4124.95
3766.60
3766.60
4863.86
4863.86
18.74
18.74
2573.51
2573.51
906.77
906.77
2142.08
2142.08
1430.91
1430.91
5918.05
5918.05
1506.19
1506.19
5413.70
5413.70
2101.80
2101.80
5619.10
5619.10
4664.57
4664.57
2315.55
2315.55
1975.15
1975.15
209.02
209.02
941.92
941.92
1137.03
1137.03
5957.53
5957.53
447.44
447.44
5235.05
5235.05
4426.85
4426.85
2269.70
2269.70
181.13
181.13
1915.70
1915.70
5215.35
5215.35
1101.65
1101.65
17.57
17.57
2557.89
2557.89
1798.66
1798.66
3666.25
3666.25
4415.25
4415.25
3255.20
3255.20
3255.20
3255.20
375.73
375.73
2515.78
2515.78
6794.58
6794.58
4553.11
4553.11
5413.39
5413.39
2158.88
2158.88
3897.00
3897.00
72.28
72.28
1304.55
1304.55
12.23
12.23
5997.87
5997.87
6053.66
6053.66
5470.19
5470.19
4857.66
4857.66
1976.90
1976.90
5156.78
5156.78
4045.09
4045.09
5122.64
5122.64
5767.61
5767.61
2689.14
2689.14
4218.03
4218.03
5999.36
5999.36
3591.65
3591.65
4242.78
4242.78
2342.60
2342.60
5401.82
5401.82
3746.20
3746.20
3360.13
3360.13
5871.38
5871.38
3123.60
3123.60
338.44
338.44
4297.51
4297.51
5994.17
5994.17
953.89
953.89
2049.11
2049.11
6248.43
6248.43
5416.38
5416.38
2752.91
2752.91
5471.22
5471.22
6696.12
6696.12
835.19
835.19
5329.28
5329.28
851.05
851.05
2979.62
2979.62
2979.62
2979.62
4256.01
4256.01
1619.02
1619.02
4393.86
4393.86
39.24
39.24
904.33
904.33
893.91
893.91
4357.04
4357.04
4611.88
4611.88
4940.62
4940.62
5783.91
5783.91
5959.95
5959.95
4653.49
4653.49
4861.29
4861.29
61.19
61.19
877.01
877.01
2300.38
2300.38
3865.09
3865.09
6103.98
6103.98
3254.55
3254.55
851.63
851.63
12.31
12.31
2367.67
2367.67
5251.15
5251.15
5251.15
5251.15
3126.69
3126.69
318.65
318.65
4655.99
4655.99
4780.38
4780.38
5776.66
5776.66
5282.65
5282.65
723.51
723.51
6190.18
6190.18
6190.18
6190.18
3537.90
3537.90
2558.58
2558.58
2127.33
2127.33
105.74
105.74
5729.13
5729.13
5752.57
5752.57
564.12
564.12
3068.81
3068.81
59.25
59.25
6308.99
6308.99
3216.52
3216.52
35.91
35.91
1062.01
1062.01
3895.07
3895.07
1812.32
1812.32
2106.16
2106.16
3763.26
3763.26
4920.32
4920.32
4920.32
4920.32
4920.32
4920.32
2145.55
2145.55
5003.43
5003.43
6027.22
6027.22
420.35
420.35
4792.06
4792.06
5872.55
5872.55
3601.01
3601.01
6011.07
6011.07
4632.50
4632.50
6140.00
6140.00
873.00
873.00
902.09
902.09
3029.90
3029.90
13.75
13.75
4340.66
4340.66
3290.38
3290.38
4154.05
4154.05
1607.65
1607.65
5751.15
5751.15
5099.91
5099.91
2286.30
2286.30
363.44
363.44
2204.30
2204.30
4548.93
4548.93
4897.05
4897.05
75.06
75.06
4589.69
4589.69
5692.94
5692.94
1247.75
1247.75
5910.20
5910.20
4444.23
4444.23
4637.11
4637.11
6085.25
6085.25
3187.32
3187.32
3565.10
3565.10
913.77
913.77
4758.28
4758.28
4020.68
4020.68
4800.57
4800.57
5066.85
5066.85
2006.99
2006.99
5661.28
5661.28
905.64
905.64
4983.74
4983.74
5497.45
5497.45
2819.25
2819.25
3013.41
3013.41
2895.74
2895.74
4236.76
4236.76
6044.80
6044.80
2507.54
2507.54
527.70
527.70
362.39
362.39
2276.29
2276.29
1552.60
1552.60
4014.11
4014.11
4839.82
4839.82
4208.80
4208.80
2203.70
2203.70
950.89
950.89
602.81
602.81
454.48
454.48
3547.09
3547.09
1508.93
1508.93
3116.31
3116.31
4962.39
4962.39
5577.18
5577.18
2395.56
2395.56
55.75
55.75
4285.27
4285.27
3816.94
3816.94
5872.83
5872.83
3570.96
3570.96
6116.00
6116.00
5451.35
5451.35
693.44
693.44
4005.69
4005.69
629.02
629.02
1306.21
1306.21
12.88
12.88
5273.48
5273.48
2962.20
2962.20
2893.87
2893.87
2371.81
2371.81
74.63
74.63
210.23
210.23
5038.48
5038.48
1661.17
1661.17
952.44
952.44
5937.90
5937.90
917.81
917.81
12.20
12.20
69.33
69.33
5378.82
5378.82
4251.24
4251.24
4259.33
4259.33
618.47
618.47
587.17
587.17
2330.03
2330.03
3364.02
3364.02
2660.11
2660.11
798.24
798.24
2825.23
2825.23
23.96
23.96
5632.58
5632.58
881.37
881.37
509.37
509.37
925.33
925.33
4407.61
4407.61
50.59
50.59
1705.98
1705.98
3638.22
3638.22
4631.94
4631.94
938.81
938.81
4105.88
4105.88
5842.53
5842.53
825.24
825.24
3786.97
3786.97
5282.97
5282.97
1564.02
1564.02
4201.72
4201.72
5154.30
5154.30
15.90
15.90
3753.45
3753.45
3837.26
3837.26
2960.59
2960.59
5810.99
5810.99
191.65
191.65
4280.17
4280.17
3186.87
3186.87
4366.45
4366.45
3350.38
3350.38
5394.47
5394.47
4284.38
4284.38
1039.51
1039.51
5198.74
5198.74
2344.16
2344.16
137.35
137.35
5950.26
5950.26
3693.97
3693.97
3886.27
3886.27
3886.27
3886.27
3886.27
3886.27
6104.10
6104.10
3318.43
3318.43
70.44
70.44
16.97
16.97
73.04
73.04
4157.61
4157.61
2680.08
2680.08
4841.20
4841.20
884.48
884.48
26.73
26.73
2723.01
2723.01
1553.88
1553.88
6242.27
6242.27
2095.14
2095.14
13.10
13.10
809.00
809.00
38.04
38.04
882.26
882.26
5579.10
5579.10
1756.35
1756.35
5242.18
5242.18
142.38
142.38
49.90
49.90
3127.13
3127.13
3050.11
3050.11
2889.79
2889.79
3975.12
3975.12
5572.22
5572.22
1966.02
1966.02
1738.10
1738.10
109.88
109.88
1804.39
1804.39
5538.60
5538.60
70.59
70.59
1974.55
1974.55
78.11
78.11
2290.61
2290.61
2541.63
2541.63
5958.33
5958.33
1643.79
1643.79
4823.40
4823.40
1474.29
1474.29
2506.69
2506.69
4329.93
4329.93
1985.34
1985.34
1604.63
1604.63
30.47
30.47
5806.28
5806.28
4883.91
4883.91
12.35
12.35
3691.17
3691.17
2686.17
2686.17
4392.17
4392.17
82.93
82.93
2228.15
2228.15
854.21
854.21
2584.20
2584.20
4723.26
4723.26
5116.94
5116.94
6092.99
6092.99
2641.08
2641.08
2574.78
2574.78
40.94
40.94
3123.18
3123.18
2673.16
2673.16
4967.77
4967.77
45.56
45.56
847.51
847.51
3135.25
3135.25
5659.30
5659.30
5970.45
5970.45
1476.42
1476.42
3489.70
3489.70
5838.85
5838.85
5704.05
5704.05
822.58
822.58
5430.34
5430.34
1796.79
1796.79
5752.09
5752.09
5832.12
5832.12
1625.55
1625.55
6162.10
6162.10
51.58
51.58
3352.47
3352.47
2388.38
2388.38
3259.00
3259.00
34.87
34.87
1318.91
1318.91
1823.26
1823.26
1820.45
1820.45
4046.85
4046.85
1788.72
1788.72
1366.54
1366.54
1141.88
1141.88
2035.54
2035.54
449.83
449.83
851.09
851.09
4932.68
4932.68
2959.77
2959.77
5821.53
5821.53
5795.51
5795.51
2241.15
2241.15
1435.55
1435.55
2174.60
2174.60
794.67
794.67
2553.84
2553.84
448.75
448.75
2441.42
2441.42
108.40
108.40
2381.95
2381.95
5776.38
5776.38
2454.91
2454.91
5982.82
5982.82
4865.60
4865.60
5466.63
5466.63
3898.53
3898.53
930.15
930.15
11.92
11.92
1485.83
1485.83
5817.82
5817.82
879.53
879.53
1631.07
1631.07
5100.20
5100.20
2768.48
2768.48
30.00
30.00
1212.66
1212.66
1768.93
1768.93
886.61
886.61
4014.96
4014.96
6331.96
6331.96
5073.41
5073.41
5730.94
5730.94
5540.76
5540.76
1883.79
1883.79
5577.59
5577.59
15.71
15.71
4481.12
4481.12
2370.46
2370.46
969.49
969.49
5708.11
5708.11
5708.11
5708.11
1978.10
1978.10
2845.85
2845.85
1742.55
1742.55
5860.71
5860.71
5730.22
5730.22
4688.56
4688.56
3999.65
3999.65
5681.62
5681.62
5681.62
5681.62
5681.62
5626.14
5626.14
3834.30
122.62
122.62
122.62
4222.46
4222.46
2879.69
47.04
47.04
47.04
1733.25
2267.43
2267.43
5081.89
5081.89
10.00
10.00
10.00
5120.91
5120.91
966.27
966.27
1419.10
1419.10
3616.89
3616.89
3658.85
3658.85
362.42
362.42
4499.63
4499.63
4375.03
4375.03
4375.03
4375.03
5611.85
4885.34
4885.34
4885.34
6107.74
6107.74
1517.41
1517.41
2659.10
2659.10
4495.47
4495.47
5240.58
5240.58
5240.58
5240.58
342.42
342.42
858.09
858.09
542.06
542.06
5703.37
5703.37
2818.66
3291.47
3291.47
3291.47
70.22
70.22
4276.62
4276.62
5193.39
5193.39
4858.13
4858.13
5172.09
5172.09
39.07
39.07
4753.02
4753.02
524.10
524.10
5978.18
5978.18
6047.19
6047.19
235.12
235.12
1033.45
1033.45
3095.80
3095.80
3301.09
3301.09
2604.25
2604.25
3250.68
3250.68
1693.38
1693.38
1192.51
1192.51
3385.67
3385.67
5461.62
5461.62
778.13
778.13
821.88
821.88
3370.83
3370.83
4655.79
4655.79
1297.35
1297.35
3541.66
3541.66
1488.75
1488.75
944.79
944.79
3046.72
3046.72
2668.94
2668.94
25.28
25.28
379.81
379.81
32.45
32.45
2172.67
2172.67
109.78
109.78
1864.35
1864.35
4440.94
4440.94
48.14
48.14
3327.47
3327.47
1002.76
1002.76
2502.28
2502.28
10.00
10.00
5792.21
5792.21
469.97
469.97
12.24
12.24
4607.52
4607.52
3150.65
3150.65
2303.15
2303.15
1677.53
1677.53
5084.83
5084.83
858.06
858.06
4373.52
4373.52
5042.90
5042.90
1702.01
1702.01
1246.47
1246.47
1188.24
1188.24
85.44
85.44
1286.24
1286.24
2918.04
2918.04
914.79
914.79
3795.76
3795.76
3719.48
3719.48
498.09
498.09
3918.74
3918.74
2316.10
2316.10
3537.78
3537.78
4007.94
4007.94
4235.01
4235.01
3744.95
3744.95
6098.81
6098.81
4861.64
4861.64
6065.84
6065.84
5658.05
5658.05
2879.47
2879.47
4465.22
4465.22
2081.63
2081.63
1709.26
1709.26
4259.44
4259.44
1017.04
1017.04
509.92
509.92
37.09
37.09
615.24
615.24
3733.98
3733.98
3069.04
3069.04
347.27
347.27
102.04
102.04
4725.97
4725.97
1172.21
1172.21
2328.54
2328.54
4959.37
4959.37
5581.79
5581.79
5211.69
5211.69
277.38
277.38
2998.96
2998.96
1864.70
1864.70
5191.39
5191.39
1959.44
1959.44
645.38
645.38
3652.40
3652.40
272.44
272.44
1672.91
1672.91
17.28
17.28
1479.45
1479.45
22.35
22.35
1511.89
1511.89
1781.03
1781.03
4253.16
4253.16
1450.84
1450.84
35.85
35.85
2883.52
2883.52
5279.64
5279.64
1005.98
1005.98
2554.11
2554.11
987.74
987.74
926.74
926.74
5472.10
5472.10
430.58
430.58
2691.73
2691.73
2869.02
2869.02
3083.28
3083.28
2278.19
2278.19
2588.37
2588.37
792.33
792.33
3455.82
3455.82
5751.54
5751.54
1988.41
1988.41
4750.10
4750.10
2128.62
2128.62
827.86
827.86
169.22
169.22
968.85
968.85
2531.54
2531.54
835.46
835.46
10.26
10.26
762.03
762.03
1324.99
1324.99
2114.38
2114.38
493.91
493.91
750.11
750.11
687.47
687.47
5315.75
5315.75
2763.65
2763.65
12.38
12.38
843.61
843.61
263.54
263.54
2468.50
2468.50
5631.66
5631.66
1785.77
1785.77
2875.79
2875.79
4002.82
4002.82
866.91
866.91
223.46
223.46
414.46
414.46
5495.62
5495.62
23.27
23.27
4932.17
4932.17
584.96
584.96
4509.33
4509.33
1811.80
1811.80
5803.08
5803.08
762.79
762.79
4911.27
4911.27
3799.36
3799.36
2131.75
2131.75
31.29
31.29
579.97
579.97
2164.26
2164.26
5966.96
5966.96
6187.43
6187.43
4774.83
4774.83
4862.34
4862.34
4517.02
4517.02
1510.16
1510.16
38.89
38.89
3600.67
3600.67
2029.60
2029.60
5947.23
5947.23
2214.67
2214.67
2651.71
2651.71
1073.62
1073.62
835.93
835.93
51.39
51.39
49.03
49.03
4016.63
4016.63
2250.70
2250.70
1759.71
1759.71
53.00
53.00
3443.82
3443.82
1237.59
1237.59
4799.19
4799.19
1581.14
1581.14
1570.16
1570.16
719.85
719.85
5564.88
5564.88
4968.11
4968.11
984.32
984.32
5922.32
5922.32
3432.41
3432.41
2595.74
2595.74
261.47
261.47
777.75
777.75
909.87
909.87
909.87
909.87
1882.35
1882.35
1882.35
1882.35
1882.35
1882.35
365.88
365.88
2902.47
2902.47
3106.97
3106.97
3106.97
3106.97
847.76
847.76
181.04
181.04
2899.28
2899.28
1213.55
1213.55
5475.57
5475.57
3206.95
3206.95
3863.61
3863.61
4867.41
4867.41
1224.16
1224.16
2122.27
2122.27
2726.95
2726.95
6133.44
6133.44
886.28
886.28
2614.30
2614.30
2614.30
2614.30
2614.30
2614.30
3202.44
3202.44
1761.16
1761.16
5554.80
5554.80
695.81
695.81
4615.07
4615.07
721.53
721.53
1577.99
1577.99
3563.50
3563.50
3306.26
3306.26
1136.74
1136.74
23.10
23.10
5007.30
5007.30
6055.48
6055.48
5310.94
5310.94
6231.58
6231.58
5656.19
5656.19
6198.75
6198.75
5260.90
5260.90
4300.47
4300.47
4189.47
4189.47
870.17
870.17
2455.08
2455.08
569.73
569.73
5001.20
5001.20
3491.70
3491.70
4892.56
4892.56
5446.00
5446.00
5446.00
5446.00
4935.24
4935.24
5471.73
5471.73
4208.91
4208.91
13.62
13.62
3195.92
3195.92
5521.45
5521.45
857.32
857.32
5064.75
5064.75
249.91
249.91
4851.21
4851.21
4563.98
4563.98
5467.88
5467.88
3742.21
3742.21
726.64
726.64
2961.52
2961.52
1802.43
1802.43
4968.87
4968.87
5382.96
5382.96
4491.78
4491.78
3265.45
3265.45
6414.33
6414.33
88.94
88.94
23.36
23.36
5594.42
5594.42
3995.13
3995.13
1717.34
1717.34
17.73
17.73
5564.11
5564.11
2232.36
2232.36
2758.59
2758.59
881.35
881.35
2279.84
2279.84
322.73
322.73
4315.89
4315.89
4892.87
4892.87
6097.92
6097.92
4544.99
4544.99
4463.55
4463.55
5456.22
5456.22
3689.47
3689.47
901.58
901.58
2648.80
2648.80
4418.45
4418.45
3776.58
3776.58
352.55
352.55
2878.24
2878.24
691.21
691.21
5211.36
5211.36
835.17
835.17
3012.25
3012.25
1511.49
1511.49
4437.96
4437.96
877.83
877.83
5491.65
5491.65
37.57
37.57
1227.82
1227.82
1348.18
1348.18
5564.14
5564.14
1615.92
1615.92
4974.01
4974.01
55.49
55.49
3767.97
3767.97
2611.20
2611.20
3634.52
3634.52
328.72
328.72
15.01
15.01
640.57
640.57
3340.57
3340.57
2695.79
2695.79
6311.05
6311.05
4514.48
4514.48
5718.83
5718.83
3718.87
3718.87
1479.52
1479.52
823.50
823.50
4298.61
4298.61
5284.90
5284.90
516.21
516.21
5065.09
5065.09
5538.90
5538.90
5070.99
5070.99
2252.43
2252.43
1568.34
1568.34
5742.44
5742.44
2034.50
2034.50
2199.86
2199.86
473.33
473.33
2556.16
2556.16
2631.95
2631.95
1719.60
1719.60
3715.59
3715.59
134.46
134.46
4127.05
4127.05
824.27
824.27
3609.59
3609.59
685.55
685.55
1355.23
1355.23
2855.15
2855.15
4866.79
4866.79
3034.57
3034.57
2607.67
2607.67
60.15
60.15
2344.52
2344.52
516.68
516.68
12.48
12.48
2773.81
2773.81
824.24
824.24
4624.00
4624.00
4179.64
4179.64
1258.65
1258.65
4113.30
4113.30
4571.62
4571.62
5131.01
5131.01
73.65
73.65
866.70
866.70
2479.60
2479.60
56.93
56.93
3135.17
3135.17
37.91
37.91
6027.42
6027.42
6125.12
6125.12
3711.58
3711.58
6137.32
6137.32
5186.92
5186.92
5186.92
5186.92
5186.92
5186.92
253.96
253.96
6061.06
6061.06
6061.06
6061.06
6061.06
6061.06
5558.32
5558.32
5558.32
5558.32
201.86
201.86
4968.85
4968.85
4412.02
4412.02
4590.99
4590.99
4590.99
4590.99
4590.99
4590.99
4590.99
4590.99
4772.09
4772.09
4772.09
4772.09
899.39
899.39
1734.44
1734.44
5674.71
5674.71
1183.42
1183.42
1461.07
1461.07
1517.00
1517.00
1517.00
1517.00
826.32
826.32
2644.83
2644.83
2644.83
2644.83
2610.65
2610.65
3813.62
3813.62
1745.20
1745.20
4653.16
4653.16
1831.28
1831.28
14.08
14.08
5325.25
5325.25
3440.01
3440.01
12.92
12.92
3779.11
3779.11
4899.37
4899.37
4458.88
4458.88
3433.87
3433.87
4126.28
4126.28
2444.97
2444.97
3179.37
3179.37
821.36
821.36
805.02
805.02
3184.40
3184.40
4106.82
4106.82
2256.09
2256.09
2107.92
2107.92
3397.83
3397.83
5656.70
5656.70
5144.07
5144.07
3785.47
3785.47
1369.45
1369.45
1211.36
1211.36
866.20
866.20
4742.91
4742.91
2927.48
2927.48
44.18
44.18
2776.52
2776.52
4084.94
4084.94
5216.59
5216.59
2146.71
2146.71
3168.52
3168.52
1755.67
1755.67
1098.26
1098.26
4029.14
4029.14
939.29
939.29
13.40
13.40
1738.77
1738.77
1004.53
1004.53
1857.32
1857.32
3190.34
3190.34
4841.28
4841.28
2580.03
2580.03
5155.46
5155.46
2281.59
2281.59
5630.57
5630.57
2249.31
2249.31
3897.17
3897.17
4783.68
4783.68
2726.29
2726.29
2463.29
2463.29
6134.44
6134.44
852.02
852.02
34.27
34.27
4983.10
4983.10
4983.10
5679.18
5679.18
2037.11
2037.11
866.08
866.08
1029.33
1029.33
5912.09
5912.09
4865.44
4865.44
45.90
45.90
1518.73
1518.73
427.56
427.56
2578.59
2578.59
1096.11
1096.11
4376.03
4376.03
1595.67
1595.67
2233.91
2233.91
2278.09
2278.09
2694.61
2694.61
2811.26
2811.26
16.82
16.82
5016.30
5016.30
1704.12
1704.12
2396.55
2396.55
2957.58
2957.58
2957.58
2957.58
2957.58
2957.58
2996.69
2996.69
167.86
167.86
3402.19
3402.19
1581.46
1581.46
3427.09
3427.09
1739.56
1739.56
40.20
40.20
3701.00
3701.00
4550.08
4550.08
850.96
850.96
3906.33
3906.33
5289.28
5289.28
3664.94
3664.94
2196.02
2196.02
5061.99
5061.99
4637.59
4637.59
733.24
733.24
1455.94
1455.94
2956.47
2956.47
2917.49
2917.49
449.04
449.04
5265.62
5265.62
4411.83
4411.83
12.15
12.15
5688.03
5688.03
781.38
781.38
3185.14
3185.14
3958.58
3958.58
3958.58
3958.58
3958.58
3958.58
213.78
213.78
1515.14
1515.14
3070.99
3070.99
5110.13
5110.13
6065.69
6065.69
695.46
695.46
5744.35
5744.35
5744.35
5744.35
5744.35
5744.35
5744.35
5744.35
2939.66
2939.66
2331.29
2331.29
4927.27
4927.27
4703.50
4703.50
4703.50
4703.50
4703.50
4703.50
1215.26
1215.26
2007.86
2007.86
6692.60
6692.60
6004.74
6004.74
875.99
875.99
3806.53
3806.53
1074.28
1074.28
1498.87
1498.87
6178.29
6178.29
6178.29
6178.29
6178.29
6178.29
6178.29
6178.29
6178.29
6178.29
882.54
882.54
4365.28
4365.28
3041.41
3041.41
1471.80
1471.80
1984.64
1984.64
5177.89
5177.89
3507.27
3507.27
3507.27
3507.27
2628.20
2628.20
2919.68
2919.68
5887.77
5887.77
1612.74
1612.74
3966.90
3966.90
4466.81
4466.81
4320.26
4320.26
5666.12
5666.12
2764.79
2764.79
903.40
903.40
2637.93
2637.93
2264.35
2264.35
50.11
50.11
218.85
218.85
4423.40
4423.40
192.04
192.04
4767.59
4767.59
6219.96
6219.96
922.42
922.42
4057.66
4057.66
4461.02
4461.02
1345.37
1345.37
783.50
783.50
6201.91
6201.91
2645.59
2645.59
872.33
872.33
2244.45
2244.45
679.23
679.23
6224.79
6224.79
74.07
74.07
58.14
58.14
1784.22
1784.22
1474.74
1474.74
897.49
897.49
1088.42
1088.42
431.44
431.44
3031.79
3031.79
2087.34
2087.34
507.73
507.73
3640.54
3640.54
865.09
865.09
246.57
246.57
5904.26
5904.26
5201.53
5201.53
3923.56
3923.56
1666.91
1666.91
3446.07
3446.07
1980.85
1980.85
170.41
170.41
6080.84
6080.84
6014.95
6014.95
281.20
281.20
1019.22
1019.22
1655.35
1655.35
208.51
208.51
2758.13
2758.13
5829.21
5829.21
6344.74
6344.74
4305.92
4305.92
2947.72
2947.72
6121.41
6121.41
5805.49
5805.49
3942.62
3942.62
3354.63
3354.63
3920.35
3920.35
708.00
708.00
3342.84
3342.84
697.20
697.20
4584.93
4584.93
935.97
935.97
4906.51
4906.51
1995.85
1995.85
3892.24
3892.24
1694.45
1694.45
848.69
848.69
52.27
52.27
920.54
920.54
2089.16
2089.16
3735.62
3735.62
2980.47
2980.47
4066.86
4066.86
495.62
495.62
4330.36
4330.36
4416.39
4416.39
4125.88
4125.88
3793.53
3793.53
1737.78
1737.78
5519.19
5519.19
3827.75
3827.75
4776.58
4776.58
1649.04
1649.04
6085.07
6085.07
157.36
157.36
870.12
870.12
2063.36
2063.36
3806.24
3806.24
29.05
29.05
61.90
61.90
4444.53
4444.53
28.03
28.03
3667.05
3667.05
4522.52
4522.52
39.86
39.86
15.70
15.70
1347.29
1347.29
4171.65
4171.65
279.91
279.91
825.10
825.10
5676.18
5676.18
3276.34
3276.34
3068.45
3068.45
5243.09
5243.09
945.15
945.15
4665.86
4665.86
212.31
212.31
821.40
821.40
310.93
310.93
3367.18
3367.18
24.68
24.68
124.31
124.31
577.98
577.98
2789.31
2789.31
52.43
52.43
5368.50
5368.50
2126.67
2126.67
381.89
381.89
1643.13
1643.13
12.95
12.95
3247.12
3247.12
5016.15
5016.15
6007.51
6007.51
5775.67
5775.67
129.22
129.22
527.54
527.54
473.14
473.14
4444.41
4444.41
874.64
874.64
4243.77
4243.77
771.27
771.27
2953.95
2953.95
1593.63
1593.63
3866.34
3866.34
4992.74
4992.74
1823.41
1823.41
372.66
372.66
4553.29
4553.29
3136.45
3136.45
2919.32
2919.32
1588.65
1588.65
385.04
385.04
826.20
826.20
4801.92
4801.92
3890.09
3890.09
803.58
803.58
11.82
11.82
4722.14
4722.14
1899.57
1899.57
632.05
632.05
2164.66
2164.66
1580.60
1580.60
4734.95
4734.95
6356.18
6356.18
4491.47
4491.47
3201.81
3201.81
69.47
69.47
970.03
970.03
3841.52
3841.52
5370.07
5370.07
1586.65
1586.65
15.82
15.82
4197.17
4197.17
156.80
156.80
4186.57
4186.57
12.29
12.29
1836.71
1836.71
117.11
117.11
17.71
17.71
2106.10
2106.10
1959.53
1959.53
4949.78
4949.78
4684.82
4684.82
4323.93
4323.93
3691.91
3691.91
5233.35
5233.35
3514.89
3514.89
6572.44
6572.44
464.80
464.80
3331.10
3331.10
1798.92
1798.92
2045.79
2045.79
892.12
892.12
5934.01
5934.01
4754.95
4754.95
4053.83
4053.83
2500.57
2500.57
5461.97
5461.97
4482.54
4482.54
5026.59
5026.59
1205.03
1205.03
1483.78
1483.78
4062.71
4062.71
2990.45
2990.45
3416.13
3416.13
1491.29
1491.29
5718.32
5718.32
3372.63
3372.63
5862.68
5862.68
5862.68
5862.68
1273.27
1273.27
5043.34
5043.34
1088.23
1088.23
1669.53
1669.53
1262.92
1262.92
1516.69
1516.69
6293.11
6293.11
2254.48
2254.48
3095.08
3095.08
4139.39
4139.39
5137.56
5137.56
5611.23
5611.23
779.50
779.50
1272.09
1272.09
5006.36
5006.36
5700.85
5700.85
713.72
713.72
3917.88
3917.88
2853.22
2853.22
2339.74
2339.74
4753.98
4753.98
4566.54
4566.54
3828.52
3828.52
5405.97
5405.97
6056.43
6056.43
6314.06
6314.06
4678.71
4678.71
5557.20
5557.20
4470.65
4470.65
4841.74
4841.74
198.34
198.34
1168.00
1168.00
2546.88
2546.88
4252.79
4252.79
2086.43
2086.43
10.75
10.75
5647.98
5647.98
1343.59
1343.59
1605.82
1605.82
4178.10
4178.10
2235.47
2235.47
4088.65
4088.65
1803.17
1803.17
4499.25
4499.25
3188.31
3188.31
3994.41
3994.41
4307.14
4307.14
978.07
978.07
3901.74
3901.74
5701.57
5701.57
58.99
58.99
869.49
869.49
3608.66
3608.66
1388.77
1388.77
3716.09
3716.09
2878.66
2878.66
2157.34
2157.34
12.29
12.29
103.81
103.81
71.93
71.93
1140.79
1140.79
383.30
383.30
15.01
15.01
4646.99
4646.99
3529.51
3529.51
6625.21
6625.21
3164.22
3164.22
879.44
879.44
5769.68
5769.68
4217.20
4217.20
707.22
707.22
6260.91
6260.91
5483.72
5483.72
3717.08
3717.08
615.31
615.31
2911.64
2911.64
983.60
983.60
1417.04
1417.04
5351.12
5351.12
899.79
899.79
5912.67
5912.67
694.43
694.43
15.77
15.77
3873.25
3873.25
850.57
850.57
323.74
323.74
5624.86
5624.86
15.52
15.52
4221.54
4221.54
2311.01
2311.01
4827.40
4827.40
889.77
889.77
4451.63
4451.63
1409.25
1409.25
437.73
437.73
13.64
13.64
2259.75
2259.75
5813.28
5813.28
1197.15
1197.15
2074.21
2074.21
12.93
12.93
2848.28
2848.28
1801.88
1801.88
3226.92
3226.92
2039.34
2039.34
3038.05
3038.05
1934.76
1934.76
6230.64
6230.64
2791.20
2791.20
5502.66
5502.66
2371.78
2371.78
3302.12
3302.12
4150.99
4150.99
12.40
12.40
3994.43
3994.43
2126.79
2126.79
5959.44
5959.44
2735.03
2735.03
2108.12
2108.12
2092.20
2092.20
3309.45
3309.45
3477.92
3477.92
5930.39
5930.39
5705.61
5705.61
4810.26
4810.26
5497.47
5497.47
3207.69
3207.69
1322.66
1322.66
2591.41
2591.41
2204.61
2204.61
10.00
10.00
3442.34
3442.34
10.41
10.41
2472.55
2472.55
179.75
179.75
246.90
246.90
3005.17
3005.17
1205.28
1205.28
1625.50
1625.50
708.57
708.57
14.48
14.48
113.14
113.14
113.14
2921.96
5091.00
5091.00
859.33
859.33
911.88
911.88
803.98
803.98
4560.58
4560.58
4560.58
3038.32
6254.67
6254.67
6254.67
2497.81
2497.81
5277.14
5625.35
5625.35
5625.35
3071.22
2308.34
2308.34
2308.34
926.17
926.17
894.99
894.99
678.88
678.88
664.53
664.53
413.44
413.44
5757.15
5757.15
4841.53
4841.53
3955.43
3955.43
2263.37
2263.37
1864.69
1864.69
5774.42
5774.42
2936.22
2936.22
4439.70
4439.70
5792.46
5792.46
3101.47
2053.43
2053.43
2053.43
13.93
13.93
4295.21
4295.21
887.69
887.69
1248.51
1248.51
2950.28
2950.28
3051.43
3051.43
42.45
42.45
3627.62
3627.62
223.82
223.82
4218.84
4218.84
3702.58
3442.83
3442.83
3442.83
1519.85
1519.85
2302.59
2302.59
4606.56
4606.56
6103.91
6103.91
5152.33
5152.33
2480.63
2480.63
1275.16
1275.16
2950.61
2950.61
2641.33
2641.33
4639.36
4639.36
216.64
1766.34
1766.34
1766.34
2506.68
2506.68
4154.44
4154.44
3659.06
3659.06
3597.15
3597.15
2900.36
2900.36
1819.23
1819.23
6178.97
6178.97
989.09
989.09
2441.42
2441.42
4994.78
4994.78
3696.70
3696.70
1412.27
1412.27
3083.77
3083.77
3158.60
3158.60
3158.60
3158.60
4854.53
4854.53
3165.91
3165.91
4627.41
4627.41
4404.59
4404.59
5102.66
5102.66
3654.77
3654.77
2890.81
2890.81
3302.15
3302.15
4273.79
4273.79
5901.73
5901.73
2493.06
2493.06
6073.61
6073.61
1344.96
1344.96
1833.97
1833.97
3102.62
3102.62
3221.71
3221.71
4421.73
4421.73
4421.73
4421.73
4421.73
4421.73
4421.73
4421.73
4421.73
4421.73
4421.73
4421.73
4421.73
4421.73
4421.73
4421.73
4421.73
4421.73
4421.73
4421.73
4421.73
4421.73
4421.73
4421.73
4421.73
4421.73
4421.73
4421.73
6312.56
6312.56
6312.56
6312.56
6312.56
6312.56
6238.87
6238.87
2714.75
2714.75
1346.36
1346.36
3784.07
3784.07
632.33
632.33
4465.18
4465.18
4173.54
4173.54
68.10
68.10
2189.74
2189.74
6563.43
6563.43
6286.05
6286.05
4807.77
4807.77
4807.77
4807.77
3216.48
3216.48
3199.96
3199.96
2400.38
2400.38
2844.73
2844.73
4221.98
4221.98
5140.74
5140.74
2658.07
2658.07
783.17
783.17
3111.49
3111.49
1717.58
1717.58
6176.24
6176.24
6288.64
6288.64
2533.48
2533.48
712.60
712.60
4061.92
4061.92
1383.12
1383.12
3124.98
3124.98
826.88
826.88
4244.57
4244.57
1736.43
1736.43
5050.34
5050.34
5812.39
5812.39
729.94
729.94
1998.25
1998.25
2952.92
2952.92
4635.24
4635.24
3811.39
3811.39
765.22
765.22
3970.32
3970.32
3664.18
3664.18
437.43
437.43
6274.63
6274.63
3316.95
3316.95
3975.50
3975.50
867.75
867.75
2058.45
2058.45
176.02
176.02
967.10
967.10
680.05
680.05
858.41
858.41
1518.56
1518.56
1588.89
1588.89
1551.86
1551.86
13.28
13.28
3271.26
3271.26
3591.07
3591.07
3120.32
3120.32
3930.46
3930.46
496.71
496.71
3598.91
3598.91
3031.12
3031.12
2599.00
2599.00
4724.90
4724.90
23.82
23.82
1093.65
1093.65
6274.52
6274.52
2302.31
2302.31
523.85
523.85
5635.36
5635.36
5681.29
5681.29
766.11
766.11
3232.78
3232.78
2770.69
2770.69
3012.50
3012.50
1345.21
1345.21
3032.45
3032.45
108.86
108.86
3362.76
3362.76
2762.51
2762.51
11.48
11.48
3435.35
3435.35
3593.64
3593.64
1334.40
1334.40
2767.33
2767.33
2992.08
2992.08
1290.32
1290.32
5879.86
5879.86
338.37
338.37
3340.74
3340.74
1316.61
1316.61
1529.74
1529.74
5580.76
5580.76
755.95
755.95
3344.61
3344.61
4245.54
4245.54
1547.92
1547.92
5756.82
5756.82
3454.05
3454.05
12.67
12.67
3967.66
3967.66
1393.15
1393.15
5124.33
5124.33
355.78
355.78
52.24
52.24
5711.60
5711.60
62.61
62.61
11.91
11.91
2850.12
2850.12
431.74
431.74
3648.05
3648.05
40.24
40.24
2653.52
2653.52
5578.63
5578.63
5467.44
5467.44
4129.45
4129.45
28.06
28.06
3867.02
3867.02
2405.70
2405.70
4179.42
4179.42
2104.35
2104.35
3629.53
3629.53
746.33
746.33
467.15
467.15
4030.40
4030.40
5382.71
5382.71
420.59
420.59
5739.28
5739.28
5387.56
5387.56
2476.58
2476.58
1242.43
1242.43
2096.22
2096.22
1570.07
1570.07
2517.81
2517.81
4752.45
4752.45
1135.12
1135.12
1520.80
1520.80
44.18
44.18
4310.33
4310.33
16.57
16.57
2734.31
2734.31
866.59
866.59
6268.62
6268.62
82.80
82.80
5815.47
5815.47
4105.55
4105.55
4944.32
4944.32
4063.22
4063.22
5753.85
5753.85
3448.11
3448.11
3980.83
3980.83
848.50
848.50
12.64
12.64
3102.58
3102.58
5819.05
5819.05
101.37
101.37
5125.63
5125.63
5008.92
5008.92
865.98
865.98
2377.17
2377.17
39.14
39.14
2232.02
2232.02
2723.82
2723.82
5121.04
5121.04
5735.57
5735.57
3321.14
3321.14
2171.83
2171.83
4602.41
4602.41
2209.78
2209.78
3145.23
3145.23
4399.82
4399.82
4908.92
4908.92
4908.92
4908.92
5287.31
5287.31
4481.47
4481.47
2339.71
2339.71
135.45
135.45
1873.76
1873.76
4030.55
4030.55
537.73
537.73
3531.30
3531.30
838.88
838.88
5186.52
5186.52
545.94
545.94
3712.44
3712.44
1785.61
1785.61
4299.21
4299.21
4449.53
4449.53
12.36
12.36
3889.64
3889.64
6287.23
6287.23
4761.49
4761.49
2816.95
2816.95
17.17
17.17
4489.11
4489.11
4095.82
4095.82
93.86
93.86
3959.49
3959.49
18.01
18.01
3033.57
3033.57
2761.52
2761.52
6239.17
6239.17
2437.82
2437.82
2777.89
2777.89
3689.04
3689.04
6092.78
6092.78
3436.25
3436.25
2695.03
2695.03
4578.74
4578.74
5975.81
5975.81
3964.53
3964.53
834.02
834.02
6056.48
6056.48
3957.58
3957.58
903.64
903.64
210.96
210.96
852.88
852.88
5417.27
5417.27
873.84
873.84
5394.79
5394.79
2757.84
2757.84
4814.97
4814.97
2322.16
2322.16
4696.90
4696.90
1653.19
1653.19
4699.67
4699.67
4531.69
4531.69
3916.81
3916.81
1152.16
1152.16
1466.35
1466.35
6066.63
6066.63
5433.33
5433.33
1073.74
1073.74
759.33
759.33
2472.78
2472.78
5390.23
5390.23
725.78
725.78
6179.39
6179.39
2625.41
2625.41
2890.24
2890.24
4784.26
4784.26
280.84
280.84
925.31
925.31
35.60
35.60
2689.84
2689.84
12.73
12.73
2582.55
2582.55
4398.56
4398.56
3380.32
3380.32
3061.38
3061.38
12.57
12.57
1061.64
1061.64
4911.03
4911.03
4515.40
4515.40
3662.46
3662.46
178.19
178.19
6036.24
6036.24
5791.05
5791.05
4440.05
4440.05
335.28
335.28
3155.97
3155.97
833.90
833.90
1095.77
1095.77
659.21
659.21
65.52
65.52
79.81
79.81
4343.67
4343.67
6323.07
6323.07
2449.35
2449.35
3155.75
3155.75
3722.26
3722.26
5469.50
5469.50
13.51
13.51
4205.72
4205.72
1389.14
1389.14
6117.68
6117.68
4285.38
4285.38
2124.48
2124.48
44.46
44.46
36.89
36.89
73.44
73.44
1514.08
1514.08
5097.78
5097.78
35.02
35.02
645.78
645.78
2059.91
2059.91
418.23
418.23
919.24
919.24
1103.11
1103.11
3173.30
3173.30
1651.17
1651.17
1433.00
1433.00
1123.64
1123.64
2459.05
2459.05
5641.10
5641.10
4989.98
4989.98
6036.86
6036.86
4191.25
4191.25
4738.23
4738.23
2931.17
2931.17
36.53
36.53
5085.44
5085.44
5939.91
5939.91
5939.91
5939.91
5899.34
5899.34
1655.97
1655.97
4996.21
4996.21
5378.92
5378.92
5378.92
5378.92
5936.04
5936.04
5582.67
5582.67
5157.22
5157.22
5128.69
5128.69
1904.53
1904.53
6003.61
6003.61
2180.47
2180.47
837.92
837.92
4951.01
4951.01
56.45
56.45
1092.88
1092.88
2247.55
2247.55
2640.89
2640.89
3929.52
3929.52
5734.84
5734.84
5672.41
5672.41
5750.48
5750.48
2015.89
2015.89
36.82
36.82
26.41
26.41
44.52
44.52
4962.80
4962.80
1125.79
1125.79
4340.74
4340.74
1998.63
1998.63
1954.92
1954.92
5283.51
5283.51
5397.33
5397.33
4479.65
4479.65
2359.09
2359.09
4207.23
4207.23
2925.43
2925.43
12.62
12.62
338.13
338.13
2013.38
2013.38
39.82
39.82
5596.35
5596.35
5662.79
5662.79
2619.26
2619.26
5887.56
5887.56
14.31
14.31
884.19
884.19
5645.68
5645.68
3702.72
3702.72
1554.72
1554.72
4401.18
4401.18
4037.12
4037.12
4403.53
4403.53
868.91
868.91
366.40
366.40
1865.85
1865.85
1913.57
1913.57
4506.56
4506.56
5666.49
5666.49
12.61
12.61
870.11
870.11
1015.70
1015.70
4964.09
4964.09
5508.49
5508.49
4601.60
4601.60
1767.61
1767.61
392.89
392.89
4628.95
4628.95
4025.89
4025.89
2148.82
2148.82
2667.23
2667.23
763.90
763.90
903.02
903.02
2624.05
2624.05
61.82
61.82
1128.67
1128.67
3580.22
3580.22
2574.16
2574.16
5500.46
5500.46
3619.01
3619.01
3467.67
3467.67
14.01
14.01
1342.19
1342.19
4375.81
4375.81
3696.42
3696.42
6444.79
6444.79
5969.92
5969.92
3889.40
3889.40
3906.64
3906.64
4200.46
4200.46
2776.34
2776.34
13.93
13.93
13.93
2044.39
2044.39
1015.03
3935.91
3935.91
3935.91
5953.25
25.56
25.56
25.56
4336.85
3890.60
3890.60
3890.60
44.45
44.45
1440.39
1997.02
1997.02
1997.02
298.88
298.88
3379.50
4305.61
4305.61
4305.61
6323.91
6323.91
1419.03
1419.03
859.20
859.20
892.71
2721.30
2721.30
2721.30
1452.41
1452.41
86.51
86.51
1295.78
1295.78
3557.41
3557.41
1776.14
1776.14
82.62
82.62
1069.23
1069.23
12.92
12.92
3900.59
3900.59
1763.55
1763.55
2896.74
2896.74
58.04
58.04
3308.72
3308.72
17.56
17.56
6024.10
6024.10
2089.98
2089.98
4991.77
4991.77
2078.37
2078.37
5801.79
5801.79
10.87
10.87
59.58
59.58
1712.88
1712.88
2220.74
2220.74
1485.34
1485.34
43.42
43.42
243.80
243.80
3568.06
3568.06
917.99
917.99
3644.40
3644.40
1336.95
1336.95
552.46
552.46
1682.67
1682.67
5057.86
5057.86
5411.97
5411.97
1527.87
1527.87
4271.93
4271.93
5869.06
5869.06
5440.39
5440.39
1211.78
1211.78
2128.10
2128.10
2503.59
2503.59
1807.08
1807.08
225.57
225.57
1844.98
1844.98
3606.26
3606.26
2815.08
2815.08
826.26
826.26
5022.36
5022.36
3702.40
3702.40
2781.67
2781.67
97.18
97.18
517.94
517.94
2115.74
2115.74
811.71
811.71
701.76
701.76
577.16
577.16
1203.36
1203.36
3192.32
3192.32
3139.32
3139.32
379.53
379.53
2718.63
2718.63
22.01
22.01
13.03
13.03
1378.66
1378.66
4367.14
4367.14
871.13
871.13
3485.16
3485.16
1125.02
1125.02
5320.50
5320.50
1989.21
1989.21
890.55
890.55
12.52
12.52
2718.99
2718.99
5551.66
5551.66
5439.96
5439.96
1163.15
1163.15
2499.47
2499.47
4018.37
4018.37
2853.34
2853.34
1619.22
1619.22
1777.42
1777.42
1292.16
1292.16
3945.85
3945.85
348.30
348.30
44.37
44.37
4040.31
4040.31
147.95
147.95
1349.77
1349.77
369.81
369.81
702.03
702.03
2337.61
2337.61
471.51
471.51
142.12
142.12
2071.65
2071.65
1608.30
1608.30
12.73
12.73
10.84
10.84
2129.41
2129.41
13.17
13.17
4025.56
4025.56
17.14
17.14
48.61
48.61
27.54
27.54
2132.00
2132.00
1877.12
1877.12
3785.04
3785.04
873.64
873.64
3700.83
3700.83
26.35
26.35
788.51
788.51
11.84
11.84
1188.95
1188.95
1039.12
1039.12
3511.52
3511.52
935.34
935.34
115.41
115.41
313.99
313.99
70.21
70.21
6039.53
6039.53
3812.28
3812.28
2411.32
2411.32
25.32
25.32
2329.43
2329.43
4587.79
4587.79
25.13
25.13
13.87
13.87
1512.79
1512.79
5425.66
5425.66
3591.67
3591.67
5389.41
5389.41
4698.38
4698.38
1879.44
1879.44
6409.13
6409.13
6396.27
6396.27
3470.66
3470.66
40.43
40.43
2165.63
2165.63
871.54
871.54
3051.81
3051.81
2373.36
2373.36
16.40
16.40
4301.25
4301.25
3070.05
3070.05
3558.63
3558.63
1487.83
1487.83
1166.41
1166.41
36.70
36.70
5184.69
5184.69
5184.69
5184.69
5184.69
5184.69
5184.69
5184.69
5184.69
5184.69
5184.69
5184.69
5184.69
5184.69
5184.69
5184.69
5184.69
5184.69
5184.69
5184.69
106.55
106.55
2072.16
2072.16
2124.29
2124.29
2124.29
2124.29
2124.29
2124.29
2124.29
2124.29
2124.29
2124.29
2124.29
2124.29
28.96
28.96
3781.50
3781.50
2769.74
2769.74
4817.31
4817.31
3367.96
3367.96
727.09
727.09
814.72
814.72
6092.04
6092.04
2218.50
2218.50
3343.15
3343.15
4616.03
4616.03
555.42
555.42
438.58
438.58
17.78
17.78
5182.88
5182.88
11.91
11.91
1308.90
1308.90
6082.72
6082.72
17.33
17.33
45.47
45.47
4842.06
4842.06
5824.69
5824.69
4422.48
4422.48
96.72
96.72
1373.30
1373.30
5793.16
5793.16
12.99
12.99
892.24
892.24
4955.11
4955.11
1051.44
1051.44
5050.47
5050.47
670.84
670.84
2962.38
2962.38
5358.70
5358.70
100.62
100.62
3492.40
3492.40
4462.73
4462.73
5631.20
5631.20
5927.74
5927.74
4971.60
4971.60
3878.57
3878.57
3680.93
3680.93
49.15
49.15
18.11
18.11
6093.65
6093.65
3116.26
3116.26
733.54
733.54
16.47
16.47
4084.08
4084.08
43.56
43.56
4769.52
4769.52
932.27
932.27
5860.93
5860.93
35.42
35.42
25.40
25.40
60.57
60.57
911.20
911.20
1426.48
1426.48
1195.99
1195.99
5689.87
5689.87
5322.87
5322.87
3957.91
3957.91
2683.34
2683.34
5873.12
5873.12
1930.98
1930.98
1540.90
1540.90
72.31
72.31
5630.59
5630.59
25.76
25.76
123.02
123.02
26.27
26.27
17.24
17.24
1561.66
1561.66
17.31
17.31
40.04
40.04
3982.85
3982.85
3192.21
3192.21
107.49
107.49
1083.36
1083.36
3117.56
3117.56
3117.56
3117.56
3117.56
3117.56
3117.56
3117.56
282.91
282.91
1302.93
1302.93
2846.12
2846.12
2895.43
2895.43
859.17
859.17
3054.59
3054.59
3054.59
3054.59
3054.59
3054.59
3054.59
3054.59
3054.59
3054.59
3054.59
3054.59
5152.64
5152.64
119.21
119.21
4812.26
4812.26
2498.25
2498.25
737.72
737.72
4577.84
4577.84
524.02
524.02
2262.55
2262.55
5949.50
5949.50
6091.27
6091.27
1229.64
1229.64
2063.40
2063.40
5877.48
5877.48
6276.90
6276.90
134.60
134.60
4536.14
4536.14
434.39
434.39
3075.90
3075.90
5953.98
5953.98
4239.05
4239.05
5825.43
5825.43
1325.42
1325.42
833.91
833.91
3166.76
3166.76
3166.76
3166.76
3166.76
3166.76
349.21
349.21
2222.78
2222.78
6360.09
6360.09
6360.09
6360.09
5025.28
5025.28
5025.28
5025.28
5823.48
5823.48
4880.72
4880.72
797.26
797.26
5247.39
5247.39
6042.89
6042.89
6042.89
6042.89
6042.89
6042.89
874.56
874.56
276.53
276.53
2819.40
2819.40
2890.01
2890.01
4298.10
4298.10
93.69
93.69
4242.96
4242.96
956.85
956.85
1412.28
1412.28
3045.11
3045.11
1589.12
1589.12
4608.86
4608.86
811.07
811.07
24.51
24.51
3117.67
3117.67
4032.50
4032.50
1184.92
1184.92
1818.12
1818.12
4591.61
4591.61
592.64
592.64
3415.25
3415.25
872.57
872.57
12.67
12.67
3578.65
3578.65
4084.63
4084.63
3747.20
3747.20
4619.85
4619.85
3459.00
3459.00
277.84
277.84
144.05
144.05
2935.75
2935.75
927.41
927.41
110.85
110.85
3399.99
3399.99
12.46
12.46
3078.30
3078.30
1118.15
1118.15
75.46
75.46
3034.52
3034.52
592.39
592.39
18.28
18.28
4417.88
4417.88
47.72
47.72
25.73
25.73
4399.41
4399.41
864.23
864.23
12.26
12.26
2231.60
2231.60
2532.71
2532.71
82.42
82.42
12.70
12.70
1210.23
1210.23
2873.59
2873.59
518.26
518.26
29.96
29.96
909.59
909.59
865.10
865.10
1283.17
1283.17
5626.00
5626.00
1347.48
1347.48
1059.07
1059.07
3100.38
3100.38
27.46
27.46
12.56
12.56
457.70
457.70
300.74
300.74
585.62
585.62
2085.78
2085.78
2741.58
2741.58
3231.94
3231.94
3827.66
3827.66
4148.95
4148.95
838.70
838.70
765.71
765.71
912.43
912.43
1010.16
1010.16
128.44
128.44
280.36
280.36
139.18
139.18
2617.32
2617.32
1699.90
1699.90
2966.84
2966.84
52.53
52.53
24.14
24.14
54.87
54.87
12.44
12.44
70.96
70.96
4055.59
4055.59
13.10
13.10
2787.55
2787.55
2500.39
2500.39
19.36
19.36
35.22
35.22
824.44
824.44
12.56
12.56
2082.11
2082.11
3297.28
3297.28
4214.86
4214.86
445.29
445.29
445.29
114.66
114.66
61.60
61.60
61.60
140.33
140.33
51.66
51.66
620.41
157.79
158.50
158.50
358.47
358.47
2011.51
2011.51
30.31
30.31
30.31
25.11
1009.07
1009.07
295.36
295.36
23.66
23.66
43.25
43.25
12.47
12.47
1617.17
1617.17
1091.99
1091.99
1597.39
1597.39
11.96
11.96
12.65
12.65
525.99
525.99
187.18
187.18
10.56
10.56
632.93
632.93
330.92
330.92
1695.76
1695.76
3535.36
3535.36
1770.17
1770.17
162.47
162.47
23.97
23.97
1716.77
1716.77
1886.36
1886.36
890.31
890.31
5301.24
5301.24
5076.29
5076.29
23.33
23.33
1027.64
1027.64
4124.10
4124.10
3914.50
3914.50
289.57
289.57
3164.36
3164.36
2760.56
2760.56
38.40
38.40
26.26
26.26
48.82
48.82
5839.67
5839.67
897.54
897.54
140.15
140.15
1848.70
1848.70
3162.43
3162.43
3566.13
3566.13
89.59
89.59
4160.31
4160.31
1005.28
1005.28
175.98
175.98
936.61
936.61
220.15
220.15
342.18
342.18
1692.44
1692.44
1165.81
1165.81
2806.43
2806.43
10.00
10.00
5731.30
5731.30
2978.08
2978.08
116.59
116.59
774.02
774.02
12.24
12.24
3963.30
3963.30
221.89
221.89
840.88
840.88
14.29
14.29
2349.07
2349.07
1017.97
1017.97
309.55
309.55
182.71
182.71
95.14
95.14
256.78
256.78
761.31
761.31
4409.74
4409.74
12.55
12.55
1115.77
1115.77
1260.04
1260.04
875.85
875.85
875.85
5559.54
12.09
12.09
711.38
711.38
5158.03
5158.03
5158.03
3657.88
17.31
17.31
4190.67
4190.67
4190.67
2483.89
109.18
109.18
166.39
166.39
166.39
1980.71
1980.71
5314.77
5314.77
5196.15
5934.85
5934.85
5934.85
2107.94
4287.70
4287.70
4287.70
2747.40
6078.22
6078.22
6078.22
3761.23
3761.23
3539.43
3539.43
4450.34
4450.34
3754.06
3754.06
13.47
13.47
17.99
17.99
25.04
1128.20
1128.20
1128.20
136.95
136.95
4226.53
4226.53
812.49
812.49
5388.96
5388.96
27.11
27.11
3486.27
3486.27
2317.20
2317.20
2882.84
2882.84
2688.30
2688.30
3189.65
3189.65
5672.50
4633.73
4633.73
4633.73
5932.21
5932.21
1086.11
1086.11
1013.41
1013.41
6549.73
6549.73
2546.43
2546.43
5296.09
5296.09
1203.43
1203.43
4690.27
4690.27
2244.30
2244.30
6108.07
6108.07
5760.99
1357.04
1357.04
1357.04
2798.44
2798.44
1369.10
1369.10
884.31
884.31
3412.64
3412.64
3984.82
3984.82
12.62
12.62
5362.79
5362.79
5589.95
5589.95
815.81
815.81
861.87
861.87
5358.25
5358.25
904.34
904.34
12.60
12.60
688.91
688.91
1323.49
1323.49
4142.32
4142.32
839.95
839.95
2382.53
2382.53
1349.76
1349.76
3611.50
3611.50
4184.04
4184.04
1983.49
1983.49
1160.60
1160.60
806.05
806.05
36.07
36.07
1050.94
1050.94
517.92
517.92
105.29
105.29
929.76
929.76
50.76
50.76
27.08
27.08
1846.76
1846.76
3718.35
3718.35
847.79
847.79
1324.12
1324.12
896.77
896.77
40.05
40.05
3309.19
3309.19
4349.25
4349.25
12.06
12.06
2367.00
2367.00
52.56
52.56
5566.22
5566.22
53.55
53.55
1970.47
1970.47
2710.41
2710.41
3118.38
3118.38
2087.40
2087.40
4828.98
4828.98
171.89
171.89
34.38
34.38
5624.62
5624.62
864.80
864.80
41.72
41.72
1066.71
1066.71
5322.86
5322.86
1107.01
1107.01
1462.83
1462.83
701.35
701.35
4015.25
4015.25
22.52
22.52
241.36
241.36
133.72
133.72
44.11
44.11
898.78
898.78
819.63
819.63
1862.13
1862.13
64.66
64.66
2268.03
2268.03
39.82
39.82
228.06
228.06
865.11
865.11
82.79
82.79
62.91
62.91
16.57
16.57
3107.11
3107.11
23.41
23.41
1319.89
1319.89
3244.54
3244.54
3740.67
3740.67
2496.08
2496.08
3187.67
3187.67
4851.07
4851.07
812.44
812.44
1113.13
1113.13
88.62
88.62
55.38
55.38
974.50
974.50
12.83
12.83
275.23
275.23
26.00
26.00
16.96
16.96
51.01
51.01
4357.52
4357.52
4727.28
4727.28
5232.37
5232.37
134.21
134.21
51.08
51.08
49.45
49.45
3411.62
3411.62
4035.31
4035.31
3982.48
3982.48
4411.67
4411.67
3131.95
3131.95
3682.12
3682.12
407.19
407.19
73.54
73.54
3826.54
3826.54
42.26
42.26
36.03
36.03
3363.20
3363.20
26.47
26.47
3314.09
3314.09
2034.68
2034.68
375.69
375.69
924.28
924.28
242.47
242.47
852.11
852.11
39.90
39.90
3577.69
3577.69
4624.34
4624.34
4454.83
4454.83
5583.76
5583.76
685.57
685.57
2607.27
2607.27
3075.04
3075.04
3707.91
3707.91
4721.80
4721.80
5560.16
5560.16
827.71
827.71
4949.94
4949.94
889.43
889.43
53.14
53.14
85.97
85.97
4580.07
4580.07
14.43
14.43
1651.37
1651.37
1651.37
1651.37
18.16
18.16
863.16
863.16
3074.92
3074.92
870.06
870.06
3462.76
3462.76
1984.51
1984.51
1564.97
1564.97
1057.11
1057.11
6221.25
6221.25
4746.13
4746.13
902.77
902.77
3751.16
3751.16
3870.58
3870.58
3604.35
3604.35
3604.35
3604.35
853.79
853.79
5883.02
5883.02
5883.02
5883.02
522.11
522.11
2768.87
2768.87
3887.43
3887.43
13.71
13.71
4620.99
4620.99
1411.35
1411.35
5676.53
5676.53
2371.30
2371.30
4956.60
4956.60
2520.61
2520.61
4880.29
4880.29
4532.12
4532.12
4835.07
4835.07
740.11
740.11
954.97
954.97
5670.15
5670.15
2337.93
2337.93
5819.62
5819.62
639.87
639.87
1744.00
1744.00
1744.00
1744.00
1923.58
1923.58
3075.16
3075.16
3147.22
3147.22
164.38
164.38
5960.87
5960.87
3611.55
3611.55
2056.58
2056.58
2017.60
2017.60
2334.72
2334.72
6445.59
6445.59
35.99
35.99
228.87
228.87
3664.91
3664.91
13.91
13.91
6101.56
6101.56
2621.40
2621.40
5125.12
5125.12
17.37
17.37
6029.39
6029.39
872.20
872.20
3200.57
3200.57
14.24
14.24
4751.00
4751.00
4709.71
4709.71
3814.90
3814.90
1813.09
1813.09
5573.45
5573.45
4423.46
4423.46
5030.70
5030.70
1694.78
1694.78
4225.90
4225.90
5973.32
5973.32
5239.26
5239.26
885.23
885.23
4896.13
4896.13
4007.02
4007.02
6056.88
6056.88
15.30
15.30
2354.87
2354.87
2354.87
2354.87
2383.15
2383.15
2383.15
2383.15
2383.15
2383.15
2383.15
2383.15
2383.15
2383.15
3002.37
3002.37
223.65
223.65
139.59
139.59
4438.97
4438.97
2963.24
2963.24
4372.99
4372.99
3775.46
3775.46
67.89
67.89
4979.36
4979.36
834.48
834.48
900.02
900.02
4391.59
4391.59
4070.95
4070.95
6502.29
6502.29
74.32
74.32
4605.77
4605.77
5846.09
5846.09
776.78
776.78
66.89
66.89
6161.55
6161.55
5459.37
5459.37
18.32
18.32
898.27
898.27
4534.71
4534.71
4414.09
4414.09
26.06
26.06
3522.46
3522.46
5392.44
5392.44
3877.06
3877.06
3824.35
3824.35
6069.36
6069.36
4531.51
4531.51
5376.07
5376.07
3006.66
3006.66
2354.39
2354.39
3641.29
3641.29
5610.08
5610.08
4861.34
4861.34
4861.34
4861.34
664.22
664.22
2978.62
2978.62
3077.51
3077.51
5309.34
5309.34
3545.98
3545.98
6093.63
6093.63
4384.04
4384.04
3878.05
3878.05
5130.42
5130.42
1075.78
1075.78
3120.94
3120.94
6007.57
6007.57
5141.47
5141.47
38.28
38.28
41.60
41.60
3235.78
3235.78
5142.67
5142.67
17.36
17.36
5131.09
5131.09
4530.25
4530.25
731.81
731.81
877.78
877.78
4304.02
4304.02
4915.70
4915.70
4633.77
4633.77
2018.73
2018.73
5598.50
5598.50
4140.17
4140.17
4287.59
4287.59
16.51
16.51
6291.86
6291.86
4300.71
4300.71
2956.98
2956.98
5152.35
5152.35
3102.93
3102.93
4692.26
4692.26
2249.77
2249.77
3433.14
3433.14
3061.00
3061.00
3094.83
3094.83
5406.88
5406.88
2284.19
2284.19
5389.24
5389.24
895.47
895.47
388.59
388.59
861.06
861.06
3887.25
3887.25
4505.65
4505.65
548.33
548.33
1413.04
1413.04
5948.64
5948.64
390.66
390.66
1388.28
1388.28
3395.31
3395.31
3154.57
3154.57
855.11
855.11
5431.26
5431.26
1398.64
1398.64
3253.55
3253.55
1855.57
1855.57
1333.03
1333.03
4625.10
4625.10
6021.08
6021.08
1236.81
1236.81
4048.14
4048.14
1855.45
1855.45
1588.45
1588.45
5172.06
5172.06
5172.06
5172.06
744.81
744.81
2936.65
2936.65
2948.28
2948.28
3168.68
3168.68
2615.22
2615.22
2105.81
2105.81
2105.81
2105.81
2105.81
2105.81
3210.13
3210.13
3419.82
3419.82
3883.92
3883.92
230.40
230.40
5211.76
5211.76
3864.91
3864.91
53.13
53.13
1968.35
1968.35
385.29
385.29
3921.07
3921.07
2015.22
2015.22
4504.90
4504.90
480.37
480.37
2894.77
2894.77
2894.77
2894.77
3879.02
3879.02
1081.26
1081.26
14.74
14.74
1293.57
1293.57
2624.36
2624.36
3783.12
3783.12
4121.50
4121.50
2426.36
2426.36
908.34
908.34
6111.64
6111.64
3299.65
3299.65
5754.52
5754.52
809.37
809.37
4583.26
4583.26
4583.26
4583.26
4583.26
4583.26
245.66
245.66
1254.14
1254.14
704.30
704.30
5073.26
5073.26
2266.16
2266.16
3967.06
3967.06
2523.17
2523.17
91.12
91.12
5423.11
5423.11
5233.70
5233.70
4300.17
4300.17
3838.97
3838.97
3807.91
3807.91
112.15
112.15
33.43
33.43
34.28
34.28
703.72
703.72
38.50
38.50
52.62
52.62
1854.24
1854.24
5786.43
5786.43
5684.29
5684.29
508.11
508.11
3727.08
3727.08
4310.18
4310.18
5690.94
5690.94
4056.21
4056.21
12.66
12.66
6346.71
6346.71
6085.13
6085.13
6198.35
6198.35
2531.36
2531.36
2802.48
2802.48
2802.48
2802.48
2200.39
2200.39
2786.46
2786.46
2826.77
2826.77
74.06
74.06
4879.90
4879.90
5981.60
5981.60
2686.75
2686.75
3635.15
3635.15
3937.86
3937.86
4849.01
4849.01
1910.16
1910.16
4898.71
4898.71
2932.48
2932.48
4429.21
4429.21
1215.57
1215.57
3572.64
3572.64
1987.87
1987.87
1092.96
1092.96
1713.51
1713.51
4920.76
4920.76
2668.61
2668.61
2595.96
2595.96
2403.09
2403.09
3895.77
3895.77
3895.77
3895.77
3895.77
3895.77
418.72
418.72
650.12
650.12
3052.07
3052.07
3052.07
3052.07
2562.95
2562.95
13.69
13.69
1597.35
1597.35
5573.34
5573.34
3764.47
3764.47
5868.00
5868.00
481.62
481.62
192.46
192.46
2029.89
2029.89
81.89
81.89
40.71
40.71
83.78
83.78
805.91
805.91
56.98
56.98
6083.96
6083.96
3498.46
3498.46
4283.40
4283.40
53.53
53.53
53.53
72.41
3096.21
3096.21
6155.64
6155.64
363.58
363.58
885.15
885.15
72.81
72.81
72.81
3179.07
3179.07
11.73
11.73
2529.69
4976.80
4976.80
4976.80
935.28
935.28
48.55
48.55
126.27
126.27
1925.08
1925.08
17.61
17.61
5598.73
5598.73
2062.70
2062.70
1065.70
1065.70
839.12
839.12
268.09
268.09
233.92
233.92
233.92
94.43
94.43
352.73
352.73
86.58
86.58
2110.11
4886.41
4886.41
99.24
99.24
3440.14
3440.14
259.65
259.65
5406.61
5406.61
868.72
868.72
5086.78
5086.78
5347.48
5347.48
1776.18
1776.18
4342.60
4342.60
1111.88
1111.88
2041.60
2041.60
1062.43
1062.43
3688.80
3688.80
119.28
119.28
2442.77
2442.77
50.39
50.39
27.68
27.68
89.27
89.27
100.82
100.82
931.34
931.34
1957.32
1957.32
775.70
775.70
81.11
81.11
86.76
86.76
506.42
506.42
2548.00
2548.00
1145.61
1145.61
2189.92
2189.92
4657.96
4657.96
2069.46
2069.46
5875.38
5875.38
375.41
375.41
5792.22
5792.22
17.41
17.41
17.41
15.01
15.01
1544.42
1211.14
1211.14
2543.90
2543.90
4218.84
4218.84
1650.46
1650.46
632.37
632.37
3212.08
3212.08
342.90
342.90
51.02
51.02
1708.42
1708.42
53.80
53.80
5352.50
5352.50
56.41
56.41
190.11
190.11
1122.31
1122.31
545.05
545.05
319.25
319.25
11.94
11.94
120.55
120.55
957.68
957.68
4860.07
4860.07
117.79
117.79
1977.86
1977.86
61.85
61.85
52.27
52.27
506.93
506.93
139.23
139.23
222.31
222.31
53.95
53.95
801.41
801.41
189.06
189.06
3596.74
3596.74
69.73
69.73
971.19
971.19
2184.67
2184.67
2024.32
2024.32
49.75
49.75
2068.34
2068.34
10.00
10.00
788.84
788.84
101.62
101.62
101.62
104.45
12.17
12.17
51.11
51.11
16.48
16.48
4516.85
4516.85
4045.31
4045.31
896.90
896.90
3617.00
3617.00
30.89
30.89
34.45
34.45
3760.63
3760.63
117.37
117.37
1144.15
1144.15
340.03
340.03
39.15
39.15
2007.22
2007.22
5069.30
5069.30
65.44
65.44
1844.58
1844.58
68.47
68.47
1987.07
1987.07
3841.65
3841.65
40.48
40.48
4626.69
4626.69
915.41
915.41
59.08
59.08
1268.63
1268.63
3757.61
3757.61
119.56
119.56
2946.99
2946.99
63.90
63.90
813.70
813.70
2931.30
2931.30
12.72
12.72
2532.40
2532.40
1665.93
1665.93
5138.96
5138.96
392.64
392.64
1319.54
1319.54
584.92
584.92
5163.75
5163.75
2771.68
2771.68
35.01
35.01
3393.38
3393.38
1864.30
1864.30
5799.94
5799.94
3853.34
3853.34
5234.58
5234.58
887.19
887.19
26.46
26.46
32.92
32.92
1510.69
1510.69
676.34
676.34
4486.60
4486.60
2735.46
2735.46
6116.44
6116.44
5156.89
5156.89
3145.73
3145.73
6118.28
6118.28
1709.47
1709.47
897.82
897.82
1773.77
1773.77
4500.91
4500.91
4775.32
4775.32
3113.10
3113.10
1896.79
1896.79
312.70
312.70
829.88
829.88
59.56
59.56
133.44
133.44
583.98
583.98
3109.47
3109.47
852.98
852.98
3848.07
3848.07
137.72
137.72
4176.21
4176.21
2331.66
2331.66
3404.48
3404.48
13.10
13.10
4291.05
4291.05
4046.08
4046.08
3954.73
3954.73
1530.69
1530.69
4786.30
4786.30
857.03
857.03
3059.00
3059.00
4690.62
4690.62
6068.69
6068.69
3108.05
3108.05
17.01
17.01
3150.29
3150.29
5903.61
5903.61
105.16
105.16
10.56
10.56
4446.34
4446.34
18.21
18.21
847.63
847.63
5548.50
5548.50
1827.15
1827.15
2607.43
2607.43
6307.64
6307.64
3821.99
3821.99
4979.72
4979.72
13.96
13.96
4397.36
4397.36
5121.89
5121.89
4965.49
4965.49
479.19
479.19
28.80
28.80
1652.65
1652.65
1279.19
1279.19
16.58
16.58
2730.54
2730.54
916.31
916.31
4573.59
4573.59
4573.59
4573.59
4686.31
4686.31
11.48
11.48
885.40
885.40
1265.35
1265.35
3376.43
3376.43
1529.77
1529.77
1954.37
1954.37
1954.37
1954.37
1954.37
1954.37
2938.03
2938.03
6196.27
6196.27
5398.62
5398.62
39.03
39.03
28.45
28.45
2826.44
2826.44
2826.44
2826.44
2930.87
2930.87
3186.39
3186.39
3186.39
3186.39
4510.65
4510.65
4510.65
4510.65
6056.15
6056.15
6056.15
6056.15
5995.47
5995.47
3048.93
3048.93
13.71
13.71
3219.44
3219.44
2392.78
2392.78
5969.74
5969.74
139.78
139.78
1854.50
1854.50
3774.83
3774.83
14.97
14.97
77.96
77.96
6404.47
6404.47
4992.40
4992.40
1967.41
1967.41
3810.00
3810.00
3810.00
3810.00
3810.00
3810.00
3810.00
3810.00
1161.06
1161.06
5757.84
5757.84
1252.76
1252.76
14.14
14.14
4266.87
4266.87
4399.54
4399.54
986.91
986.91
18.22
18.22
2957.41
2957.41
5101.35
5101.35
394.71
394.71
1599.98
1599.98
2948.57
2948.57
801.34
801.34
13.67
13.67
1768.74
1768.74
16.06
16.06
629.62
629.62
1528.13
1528.13
142.17
142.17
488.28
488.28
5771.40
5771.40
5771.40
5771.40
807.33
807.33
576.41
576.41
849.20
849.20
41.21
41.21
2599.40
2599.40
2362.77
2362.77
3872.12
3872.12
847.57
847.57
995.12
995.12
122.33
122.33
68.19
68.19
185.89
185.89
5086.38
5086.38
64.96
64.96
828.45
828.45
12.67
12.67
2900.92
2900.92
3781.59
3781.59
2622.46
2622.46
41.86
41.86
1950.45
1950.45
409.81
409.81
4269.49
4269.49
4502.24
4502.24
6094.89
6094.89
5653.96
5653.96
903.40
903.40
74.23
74.23
771.20
771.20
37.59
37.59
5862.21
5862.21
1064.83
1064.83
1362.56
1362.56
989.49
989.49
5958.57
5958.57
140.81
140.81
37.99
37.99
4028.79
4028.79
791.59
791.59
10.09
10.09
3313.37
3313.37
801.38
801.38
769.77
769.77
874.97
874.97
3188.45
3188.45
1058.61
1058.61
2051.44
2051.44
59.62
59.62
32.56
32.56
29.25
29.25
2079.00
2079.00
103.36
103.36
37.56
37.56
3242.03
3242.03
4049.93
4049.93
3790.44
3790.44
854.62
854.62
51.70
51.70
4834.68
4834.68
2052.90
2052.90
819.57
819.57
28.01
28.01
1962.64
1962.64
12.35
12.35
1532.75
1532.75
6351.59
6351.59
3055.37
3055.37
1259.78
1259.78
3464.79
3464.79
1834.53
1834.53
55.30
55.30
1143.18
1143.18
874.34
874.34
124.59
124.59
1543.26
1543.26
2041.06
2041.06
138.06
138.06
3714.49
3714.49
3807.64
3807.64
10.00
10.00
3715.97
3715.97
729.63
729.63
584.91
584.91
858.64
858.64
2073.24
2073.24
1670.36
1670.36
1920.98
1920.98
4487.95
4487.95
1239.47
1239.47
5563.79
5563.79
164.28
164.28
41.08
41.08
568.28
568.28
29.28
29.28
84.22
84.22
12.75
12.75
2583.75
2583.75
5745.78
5745.78
864.69
864.69
3187.35
3187.35
16.82
16.82
4906.36
4906.36
145.41
145.41
892.35
892.35
348.21
348.21
137.20
137.20
22.64
22.64
3490.10
3490.10
1741.44
1741.44
184.57
184.57
891.61
891.61
5956.79
5956.79
2173.81
2173.81
5031.39
5031.39
2236.10
2236.10
5481.65
5481.65
968.82
968.82
5270.48
5270.48
17.46
17.46
461.03
461.03
2269.34
2269.34
11.46
11.46
2730.52
2730.52
1177.90
1177.90
1368.95
1368.95
44.17
44.17
2053.48
2053.48
1979.12
1979.12
3729.64
3729.64
3585.43
3585.43
5874.96
5874.96
17.62
17.62
26.05
26.05
2109.91
2109.91
1898.84
1898.84
2534.95
2534.95
14.25
14.25
5467.53
5467.53
3058.30
3058.30
3058.30
3058.30
3058.30
3058.30
5600.62
5600.62
2290.98
2290.98
5411.47
5411.47
1340.13
1340.13
221.30
221.30
5846.61
5846.61
4280.25
4280.25
3834.31
3834.31
36.03
36.03
3188.56
3188.56
4066.64
4066.64
2610.88
2610.88
1978.14
1978.14
3374.01
3374.01
30.65
30.65
880.12
880.12
6400.84
6400.84
6400.84
6400.84
594.49
594.49
403.69
403.69
856.01
856.01
91.20
91.20
5697.94
5697.94
5376.22
5376.22
5376.22
5376.22
2707.81
2707.81
2762.53
2762.53
5788.92
5788.92
2814.54
2814.54
5953.05
5953.05
3735.83
3735.83
6317.38
6317.38
14.14
14.14
5158.28
5158.28
2851.76
2851.76
5549.65
5549.65
3645.28
3645.28
6352.88
6352.88
5881.40
5881.40
880.19
880.19
139.08
139.08
875.67
875.67
2554.09
2554.09
2554.09
2554.09
2554.09
2554.09
2554.09
2554.09
5776.02
5776.02
1471.02
1471.02
873.74
873.74
2373.63
2373.63
52.71
52.71
52.71
5789.41
1567.67
1567.67
1567.67
843.19
843.19
5264.83
5264.83
58.05
58.05
3048.86
3048.86
138.43
138.43
56.34
56.34
776.35
2980.11
2980.11
2980.11
37.71
37.71
5074.37
5074.37
1956.67
1956.67
57.24
17.34
17.34
17.34
538.34
538.34
40.91
40.91
1539.93
1539.93
1210.97
1210.97
1875.94
1875.94
1545.65
907.45
907.45
907.45
574.51
574.51
27.69
27.69
1702.84
1702.84
431.85
431.85
844.79
844.79
449.96
449.96
180.85
180.85
2400.19
2400.19
1875.61
1875.61
1687.54
1687.54
14.58
874.62
874.62
874.62
5205.71
5205.71
14.67
14.67
5808.98
5808.98
3626.83
3626.83
888.58
888.58
2029.60
2029.60
15.29
15.29
23.10
23.10
3147.40
3147.40
3938.86
3938.86
1337.86
904.28
904.28
904.28
12.17
12.17
81.19
81.19
1095.76
1095.76
1095.76
47.57
47.57
146.24
404.93
126.84
126.84
126.84
86.25
86.25
818.12
818.12
4152.53
4152.53
6387.35
6387.35
1762.55
1762.55
2714.14
2714.14
1470.84
1470.84
3915.94
3915.94
1194.13
1194.13
854.47
854.47
1201.07
1201.07
2421.91
2421.91
646.53
646.53
2290.60
2290.60
806.40
806.40
507.45
507.45
727.62
727.62
416.88
416.88
1660.32
1660.32
26.66
26.66
12.88
12.88
907.17
907.17
128.18
128.18
3560.43
3560.43
1165.04
1165.04
36.58
36.58
860.42
860.42
1098.68
1098.68
855.69
855.69
373.54
373.54
3995.93
3995.93
4431.89
4431.89
5039.48
5039.48
829.20
829.20
4550.96
4550.96
117.44
117.44
153.61
153.61
76.26
76.26
11.40
11.40
52.64
52.64
849.63
849.63
445.59
445.59
3857.06
3857.06
4331.73
4331.73
5818.47
5818.47
890.91
890.91
2997.78
2997.78
442.60
442.60
16.88
16.88
13.09
13.09
4229.74
4229.74
3883.92
3883.92
2623.29
2623.29
5530.24
5530.24
5631.48
5631.48
1225.45
1225.45
2259.54
2259.54
1395.76
1395.76
3059.93
3059.93
2750.92
2750.92
2945.05
2945.05
2800.61
2800.61
2141.75
2141.75
67.34
67.34
914.07
914.07
64.96
64.96
220.40
220.40
2209.38
2209.38
12.35
12.35
46.89
46.89
3474.01
3474.01
26.26
26.26
775.01
775.01
918.43
918.43
960.45
960.45
4651.38
4651.38
901.33
901.33
4511.06
4511.06
38.30
38.30
859.38
859.38
150.34
150.34
5053.36
5053.36
1261.92
1261.92
1195.41
1195.41
737.10
737.10
62.45
62.45
2911.42
2911.42
3928.26
3928.26
2344.61
2344.61
3848.66
3848.66
12.75
12.75
714.73
714.73
2632.52
2632.52
2632.52
2632.52
2632.52
2632.52
3487.69
3487.69
1857.57
1857.57
30.03
30.03
4136.35
4136.35
6135.00
6135.00
878.35
878.35
6427.78
6427.78
6301.58
6301.58
5323.69
5323.69
14.71
14.71
2694.08
2694.08
5765.59
5765.59
1088.80
1088.80
51.36
51.36
88.22
88.22
181.75
181.75
2913.08
2913.08
5833.68
5833.68
944.85
944.85
3254.37
3254.37
17.11
17.11
4926.64
4926.64
858.34
858.34
3050.48
3050.48
2171.45
2171.45
5785.96
5785.96
1973.77
1973.77
5650.28
5650.28
38.43
38.43
846.39
846.39
527.79
527.79
3460.34
3460.34
16.96
16.96
3230.80
3230.80
855.55
855.55
5377.26
5377.26
1250.52
1250.52
231.12
231.12
231.12
231.12
1463.76
4175.66
2933.79
2933.79
976.19
976.19
4786.56
4786.56
4786.56
4786.56
4321.29
4321.29
5493.39
5493.39
5004.01
5004.01
4096.01
4096.01
3597.41
3597.41
3597.41
3597.41
3597.41
3597.41
3004.88
3004.88
2546.53
2546.53
3105.02
3105.02
4063.99
4063.99
4262.11
4262.11
3194.09
3194.09
5924.37
5924.37
5249.96
5249.96
4083.91
4083.91
748.88
748.88
3258.83
3258.83
3959.77
3959.77
1295.09
1295.09
6233.88
6233.88
6233.88
6233.88
5808.83
5808.83
5808.83
5808.83
5808.83
5808.83
5808.83
5808.83
1588.36
1588.36
14.12
14.12
6369.34
6369.34
4988.92
4988.92
6021.45
6021.45
877.66
877.66
5911.48
5911.48
5911.48
5911.48
4766.40
4766.40
16.12
16.12
50.97
50.97
434.17
434.17
2413.47
2413.47
637.23
637.23
1797.33
1797.33
3421.05
3421.05
4284.13
4284.13
4539.54
4539.54
4092.72
4092.72
5437.84
5437.84
29.94
29.94
4455.55
4455.55
2438.43
2438.43
1457.05
1457.05
5776.81
5776.81
1928.29
1928.29
5099.37
5099.37
4244.14
4244.14
4244.14
4244.14
4244.14
4244.14
4244.14
4244.14
3605.68
3605.68
239.82
239.82
1331.74
1331.74
856.26
856.26
2350.20
2350.20
5053.59
5053.59
6416.25
6416.25
859.98
859.98
14.66
14.66
2198.17
2198.17
2900.49
2900.49
12.84
12.84
3569.09
3569.09
852.36
852.36
2058.53
2058.53
2216.22
2216.22
1592.88
1592.88
53.59
53.59
5300.65
5300.65
4215.59
4215.59
3404.10
3404.10
241.50
241.50
241.50
16.53
107.05
107.05
13.28
13.28
103.45
103.45
416.04
416.04
407.54
407.54
2994.01
2994.01
766.92
766.92
3184.77
3184.77
3468.05
3468.05
3180.31
3180.31
3180.31
3180.31
3180.31
3180.31
3448.30
3448.30
1465.65
1465.65
3159.43
3159.43
3269.40
3269.40
4100.44
4100.44
5195.80
5195.80
5546.96
5546.96
5515.75
5515.75
4281.28
4281.28
73.41
73.41
1346.67
1346.67
2872.74
2872.74
163.98
163.98
2066.16
2066.16
3863.87
3863.87
652.62
652.62
5291.15
5291.15
116.12
116.12
791.17
791.17
173.42
173.42
1381.81
1381.81
1165.90
1165.90
3211.82
3211.82
5215.35
5215.35
220.20
220.20
5796.58
5796.58
2868.04
2868.04
1246.02
1246.02
3606.01
3606.01
3172.67
3172.67
966.12
966.12
2501.60
2501.60
851.59
851.59
4355.15
4355.15
5766.72
5766.72
1505.53
1505.53
1039.04
1039.04
1458.55
1458.55
4122.42
4122.42
384.77
384.77
3178.68
3178.68
3997.90
3997.90
4727.83
4727.83
5295.76
5295.76
1552.85
1552.85
5953.17
5953.17
5666.40
5666.40
970.93
970.93
2819.36
2819.36
3046.79
3046.79
3084.98
3084.98
3084.98
3084.98
3084.98
3084.98
3084.98
3084.98
2380.54
2380.54
5488.89
5488.89
3885.41
3885.41
4245.34
4245.34
5682.43
5682.43
3903.34
3903.34
3595.96
3595.96
12.99
12.99
3835.07
3835.07
4598.49
4598.49
1026.10
1026.10
1058.96
1058.96
5884.40
5884.40
15.25
15.25
2531.95
2531.95
5181.67
5181.67
182.30
182.30
2477.61
2477.61
4164.63
4164.63
2971.77
2971.77
53.31
53.31
2239.81
2239.81
2795.73
2795.73
5361.25
5361.25
876.84
876.84
2414.11
2414.11
2728.26
2728.26
3229.40
3229.40
3368.11
3368.11
3581.32
3581.32
3515.92
3515.92
6592.82
6592.82
3909.71
3909.71
1624.02
1624.02
4350.31
4350.31
5889.87
5889.87
4931.18
4931.18
3341.86
3341.86
3341.86
3341.86
3341.86
3341.86
63.23
63.23
4347.14
4347.14
6183.23
6183.23
6183.23
6183.23
6183.23
6183.23
2610.61
2610.61
1402.68
1402.68
2408.05
2408.05
4718.26
4718.26
3759.37
3759.37
2708.61
2708.61
3220.83
3220.83
39.52
39.52
4994.30
4994.30
5421.89
5421.89
2161.59
2161.59
2347.62
2347.62
5394.20
5394.20
3589.07
3589.07
50.94
50.94
4429.78
4429.78
4471.73
4471.73
804.66
804.66
4215.15
4215.15
1869.33
1869.33
37.94
37.94
154.09
154.09
2055.64
2055.64
66.52
66.52
6530.75
6530.75
5768.63
5768.63
599.56
599.56
599.56
16.35
16.35
16.35
13.99
13.99
855.90
855.90
1085.90
653.92
40.97
40.97
1727.28
1727.28
1743.30
1743.30
3378.14
3378.14
4373.29
4373.29
2357.94
2357.94
4177.05
4177.05
51.61
51.61
87.25
87.25
6337.66
6337.66
2358.01
2358.01
3552.76
3552.76
3898.89
3898.89
2647.98
2647.98
2856.19
2856.19
2208.66
2208.66
1048.30
1048.30
257.09
257.09
131.75
131.75
39.05
39.05
14.45
14.45
856.32
856.32
19.03
19.03
13.75
13.75
16.61
16.61
847.78
847.78
6058.36
6058.36
1380.91
1380.91
2217.97
2217.97
45.69
45.69
41.42
41.42
892.03
892.03
3423.90
3423.90
2322.98
2322.98
5481.11
5481.11
18.28
18.28
3762.43
3762.43
57.56
57.56
4046.78
4046.78
18.32
18.32
525.62
525.62
234.34
234.34
3658.18
3658.18
16.78
16.78
26.80
26.80
10.00
10.00
1221.88
1221.88
52.35
52.35
3754.27
3754.27
42.84
42.84
2195.14
2195.14
201.56
201.56
78.36
78.36
35.46
35.46
2818.45
2818.45
892.09
892.09
2864.63
2864.63
2794.86
2794.86
3568.06
3568.06
55.64
55.64
793.11
793.11
179.24
179.24
455.98
455.98
455.98
52.68
52.68
1381.34
1009.22
1009.22
311.16
311.16
13.10
13.10
2266.64
2266.64
850.94
850.94
1512.57
1512.57
207.39
207.39
108.23
108.23
122.95
122.95
78.64
78.64
1217.62
1217.62
4470.80
4470.80
1166.50
1166.50
12.52
12.52
2961.36
2961.36
2553.24
2553.24
870.40
870.40
4128.44
4128.44
128.17
128.17
128.17
1564.78
2975.72
2975.72
2975.72
893.85
893.85
2464.81
4889.56
4889.56
4889.56
4651.56
4651.56
15.12
15.12
871.94
871.94
1166.62
1166.62
886.86
886.86
41.55
41.55
358.76
68.17
68.17
68.17
311.45
311.45
687.98
687.98
3366.64
5329.23
5329.23
5329.23
4534.60
4534.60
4150.24
4150.24
4622.51
4622.51
1024.97
1024.97
889.37
889.37
50.03
50.03
2606.91
2606.91
35.09
35.09
251.55
251.55
902.95
902.95
92.45
92.45
113.56
113.56
532.32
532.32
2368.02
2368.02
896.44
896.44
3932.69
3932.69
906.93
906.93
39.44
39.44
38.38
38.38
3420.41
3420.41
2163.57
2163.57
905.52
905.52
419.96
1202.60
1202.60
1202.60
43.42
43.42
11.16
11.16
558.15
558.15
72.04
72.04
3488.99
3488.99
1466.83
1466.83
3064.86
3064.86
1499.78
1499.78
131.81
131.81
4667.73
4667.73
2914.44
2914.44
4302.97
4302.97
1486.00
1486.00
5214.67
5214.67
5721.01
5721.01
162.47
162.47
1434.45
1434.45
2320.30
2320.30
2575.09
2575.09
14.43
14.43
36.95
36.95
3120.11
3120.11
4534.84
4534.84
888.05
888.05
58.92
58.92
126.04
126.04
767.96
767.96
123.64
123.64
2405.38
2405.38
4311.70
4311.70
1359.83
1359.83
3961.96
3961.96
2345.14
2345.14
864.17
864.17
1288.17
1288.17
51.48
51.48
4247.98
4247.98
14.71
14.71
816.72
816.72
2006.54
2006.54
3436.22
3436.22
5998.58
5998.58
1594.83
1594.83
1846.54
1846.54
1851.75
1851.75
5146.69
5146.69
4581.83
4581.83
4874.94
4874.94
18.02
18.02
4663.79
4663.79
2215.30
2215.30
1947.75
1947.75
5429.51
5429.51
5429.51
5429.51
645.08
645.08
6313.80
6313.80
1767.79
1767.79
2915.99
2915.99
1383.63
1383.63
890.59
890.59
1557.83
1557.83
2423.34
2423.34
2865.04
2865.04
415.49
415.49
2743.60
2743.60
2743.60
2743.60
2743.60
2743.60
2331.72
2331.72
1274.71
1274.71
1370.54
1370.54
1451.92
1451.92
2719.38
2719.38
37.26
37.26
2324.62
2324.62
3524.42
3524.42
2493.60
2493.60
3523.91
3523.91
5402.00
5402.00
4984.45
4984.45
3871.56
3871.56
3015.74
3015.74
2073.74
2073.74
2022.94
2022.94
5921.82
5921.82
42.08
42.08
3148.65
3148.65
3148.65
3148.65
15.23
15.23
6271.56
6271.56
3539.12
3539.12
3661.66
3661.66
5921.31
5921.31
5709.57
5709.57
6158.72
6158.72
5858.43
5858.43
5858.43
5858.43
5858.43
5858.43
1574.12
1574.12
2690.03
2690.03
3874.71
3874.71
1956.68
1956.68
55.39
55.39
4395.89
4395.89
1243.28
1243.28
57.03
57.03
4895.27
4895.27
4053.68
4053.68
878.30
878.30
3658.27
3658.27
3658.27
3658.27
4604.57
4604.57
4241.31
4241.31
1103.64
1103.64
1121.71
1121.71
852.18
852.18
228.67
228.67
1126.83
1126.83
55.15
55.15
12.50
12.50
868.88
868.88
2353.80
2353.80
2268.39
2268.39
1075.79
1075.79
49.71
49.71
520.67
520.67
581.51
581.51
932.89
932.89
2097.17
2097.17
21.06
21.06
814.87
814.87
13.64
13.64
880.00
880.00
2856.83
2856.83
818.06
818.06
4704.23
4704.23
2942.80
2942.80
2017.85
2017.85
117.68
117.68
858.23
858.23
3473.77
3473.77
2723.90
2723.90
3112.92
3112.92
264.35
264.35
719.59
719.59
113.64
113.64
37.08
37.08
3463.81
3463.81
2189.66
2189.66
4152.01
4152.01
692.17
692.17
1534.25
1534.25
64.67
64.67
1821.78
1821.78
326.22
326.22
476.56
476.56
886.35
886.35
91.51
91.51
52.46
52.46
583.39
583.39
142.14
142.14
662.38
662.38
139.93
139.93
890.41
890.41
5242.01
5242.01
5242.01
5242.01
5242.01
5242.01
5242.01
5242.01
5242.01
5242.01
5242.01
5242.01
10.00
10.00
1935.87
1935.87
4486.88
4486.88
866.08
866.08
79.41
79.41
1291.80
1291.80
2676.13
2676.13
77.33
77.33
2277.93
2277.93
178.50
178.50
842.05
842.05
1273.81
1273.81
107.39
107.39
55.35
55.35
414.09
414.09
1073.31
1073.31
847.37
847.37
13.76
13.76
12.53
12.53
4064.63
4064.63
63.96
63.96
268.71
268.71
993.07
993.07
518.32
518.32
552.51
552.51
310.84
310.84
42.71
42.71
443.32
443.32
15.80
15.80
1353.13
1353.13
18.79
18.79
217.96
217.96
866.60
866.60
598.19
598.19
874.62
874.62
6050.85
6050.85
6319.64
6319.64
398.34
398.34
1966.10
1966.10
52.96
52.96
5023.48
5023.48
883.92
883.92
4385.34
4385.34
5122.34
5122.34
5122.34
5122.34
5122.34
5122.34
1206.43
1206.43
48.91
48.91
39.47
39.47
1737.90
1737.90
4118.63
4118.63
14.39
14.39
425.27
425.27
902.26
902.26
2026.78
2026.78
1597.01
1597.01
2119.92
2119.92
6314.64
6314.64
3968.54
3968.54
3010.57
3010.57
922.81
922.81
2359.15
2359.15
3562.61
3562.61
4506.48
4506.48
1197.97
1197.97
671.00
671.00
532.32
532.32
12.78
12.78
2762.59
2762.59
912.67
912.67
3284.56
3284.56
2469.21
2469.21
4021.32
4021.32
1033.46
1033.46
2576.06
2576.06
3368.67
3368.67
2745.59
2745.59
3392.89
3392.89
3192.69
3192.69
4894.76
4894.76
4982.74
4982.74
4949.09
4949.09
4949.09
4949.09
4949.09
4949.09
4382.86
4382.86
1520.95
1520.95
3851.28
3851.28
3874.69
3874.69
4371.14
4371.14
4513.67
4513.67
953.52
953.52
2697.98
2697.98
2757.61
2757.61
47.32
47.32
3191.94
3191.94
5227.65
5227.65
6269.66
6269.66
5958.64
5958.64
707.90
707.90
2332.88
2332.88
5241.90
5241.90
878.41
878.41
49.30
49.30
5629.71
5629.71
1837.45
1837.45
4333.34
4333.34
6373.86
6373.86
17.61
17.61
1571.48
1571.48
4565.09
4565.09
4451.41
4451.41
2607.76
2607.76
3627.64
3627.64
3249.62
3249.62
2138.81
2138.81
86.75
86.75
4544.06
4544.06
84.02
84.02
698.25
698.25
1065.06
1065.06
2866.61
2866.61
5921.93
5921.93
3869.53
3869.53
1136.06
1136.06
1801.27
1801.27
1266.43
1266.43
145.19
145.19
145.19
145.19
113.76
113.76
39.78
3126.58
1427.20
1427.20
105.36
105.36
29.55
29.55
3425.09
3425.09
5618.32
5618.32
1946.15
1946.15
1946.15
468.08
468.08
3012.79
26.57
26.57
292.70
292.70
3233.79
3233.79
93.50
93.50
26.43
26.43
4343.07
4343.07
3909.68
3909.68
2086.35
2086.35
5695.79
5695.79
4186.60
4186.60
3523.73
3523.73
6163.53
6163.53
700.89
700.89
321.79
321.79
2220.35
2220.35
3771.80
3771.80
800.14
800.14
913.64
913.64
2891.28
2891.28
2974.59
2974.59
2498.51
2498.51
1758.19
1758.19
2590.99
2590.99
912.12
912.12
13.18
13.18
3714.14
3714.14
56.26
56.26
59.35
59.35
4357.62
4357.62
28.07
28.07
1149.99
1149.99
1124.01
1124.01
2303.30
2303.30
460.41
460.41
460.41
194.48
194.48
1817.28
1076.86
1076.86
13.95
13.95
2505.52
2505.52
21.89
21.89
6243.55
6243.55
276.58
276.58
1883.30
1883.30
1389.31
1389.31
643.72
643.72
4358.73
4358.73
4391.77
4391.77
1733.89
1733.89
73.96
73.96
1557.62
1557.62
5175.12
5175.12
1870.93
1870.93
3207.91
3207.91
4267.25
4267.25
3321.44
3321.44
3706.84
3706.84
5266.86
5266.86
427.81
427.81
488.48
488.48
893.96
893.96
385.96
385.96
1680.27
1680.27
3882.58
3882.58
239.67
239.67
13.19
13.19
38.59
38.59
2162.10
2162.10
2234.21
2234.21
1390.78
1390.78
1384.20
1384.20
37.52
37.52
869.03
869.03
2611.83
2611.83
24.84
24.84
2145.32
2145.32
73.42
73.42
12.93
12.93
23.09
23.09
1939.39
1939.39
129.45
129.45
12.51
12.51
5054.01
5054.01
837.23
837.23
853.67
853.67
5061.62
5061.62
5267.71
5267.71
2463.21
2463.21
2043.43
2043.43
820.38
820.38
1723.50
1723.50
864.31
864.31
26.49
26.49
5200.94
5200.94
1272.73
1272.73
3185.29
3185.29
954.99
954.99
5274.93
5274.93
2273.66
2273.66
4876.07
4876.07
2862.83
2862.83
4988.96
4988.96
3806.25
3806.25
854.08
854.08
5994.03
5994.03
3636.13
3636.13
2852.74
2852.74
5055.03
5055.03
1658.50
1658.50
5288.97
5288.97
3792.39
3792.39
28.15
28.15
2024.54
2024.54
5462.49
5462.49
4323.82
4323.82
849.21
849.21
3438.72
3438.72
27.71
27.71
1148.28
1148.28
1522.16
1522.16
1878.08
1878.08
13.05
13.05
2964.42
2964.42
774.49
774.49
1294.01
1294.01
1685.07
1685.07
554.73
554.73
554.73
1188.95
31.23
31.23
2656.95
2656.95
4135.20
4135.20
4135.20
4056.17
4056.17
5110.93
5110.93
3201.88
3201.88
12.82
12.82
2007.87
2007.87
14.10
14.10
3273.00
3273.00
4077.56
4077.56
4012.35
4012.35
5477.24
5477.24
50.58
50.58
5454.27
5454.27
3450.21
3450.21
2125.09
2125.09
428.06
428.06
2185.85
2185.85
2185.85
2185.85
2185.85
2185.85
1273.66
1273.66
13.36
13.36
3893.05
3893.05
5150.69
5150.69
475.62
475.62
1116.48
1116.48
2768.79
2768.79
839.03
839.03
12.93
12.93
5818.42
5818.42
5818.42
5818.42
5818.42
5818.42
2916.34
2916.34
2916.34
2916.34
866.02
866.02
6011.87
6011.87
6011.87
6011.87
4507.06
4507.06
4507.06
4507.06
4507.06
4507.06
4507.06
5528.48
5528.48
5528.48
2529.05
2529.05
4539.77
4539.77
5199.83
5199.83
5199.83
5199.83
5199.83
5199.83
5199.83
5199.83
5199.83
5199.83
5199.83
5199.83
5199.83
5199.83
12.11
12.11
3595.90
3595.90
3517.26
3517.26
2961.61
2961.61
39.36
39.36
433.78
433.78
1413.94
1413.94
904.50
904.50
11.84
11.84
55.48
55.48
1381.69
1381.69
2499.07
2499.07
28.21
28.21
2099.75
2099.75
910.89
910.89
6174.50
6174.50
268.54
268.54
853.29
853.29
352.17
352.17
895.88
895.88
1657.74
1657.74
13.14
13.14
604.97
604.97
53.11
53.11
6271.89
6271.89
774.49
774.49
2422.42
2422.42
1417.60
1417.60
1932.29
1932.29
982.73
982.73
73.42
73.42
859.32
859.32
147.99
147.99
38.05
38.05
1887.80
1887.80
4390.35
4390.35
801.15
801.15
2708.51
2708.51
79.37
79.37
78.33
78.33
2514.20
2514.20
425.22
425.22
1171.94
1171.94
14.68
14.68
5426.60
5426.60
817.83
817.83
1259.06
1259.06
5212.57
5212.57
2156.60
2156.60
5178.45
5178.45
14.85
14.85
1952.36
1952.36
534.91
534.91
60.33
60.33
88.66
88.66
886.36
886.36
396.69
396.69
5593.89
5593.89
5670.58
5670.58
139.98
139.98
27.09
27.09
3778.56
3778.56
50.12
50.12
40.05
40.05
4547.64
4547.64
1519.48
1519.48
25.59
25.59
890.37
890.37
442.35
442.35
2312.38
2312.38
248.93
248.93
1012.14
1012.14
6261.23
6261.23
5547.50
5547.50
3388.02
3388.02
2452.68
2452.68
1059.18
1059.18
212.25
212.25
152.22
152.22
904.46
904.46
3002.14
3002.14
77.62
77.62
237.94
237.94
67.16
67.16
1010.35
1010.35
602.04
602.04
52.53
52.53
73.38
73.38
3748.01
3748.01
28.42
28.42
106.13
106.13
859.80
859.80
839.14
839.14
71.01
71.01
395.10
395.10
929.57
929.57
3460.76
3460.76
4121.33
4121.33
874.30
874.30
2827.94
2827.94
5616.20
5616.20
342.86
342.86
68.32
68.32
1007.56
1007.56
4067.12
4067.12
4018.28
4018.28
3696.00
3696.00
2547.91
2547.91
10.00
10.00
2753.12
2753.12
867.21
867.21
3143.19
3143.19
5809.84
5809.84
3009.76
3009.76
2325.95
2325.95
872.23
872.23
1730.35
1730.35
2132.37
2132.37
187.96
187.96
6173.21
6173.21
6173.21
6173.21
6173.21
6173.21
838.02
838.02
1224.83
1224.83
733.74
733.74
2277.87
2277.87
139.20
139.20
756.02
756.02
1831.38
1831.38
55.63
55.63
4684.97
4684.97
737.18
737.18
873.58
873.58
2291.53
2291.53
859.84
859.84
1057.90
1057.90
1427.93
1427.93
4035.77
4035.77
1643.71
1643.71
850.60
850.60
2863.50
2863.50
27.36
27.36
4750.94
4750.94
6118.68
6118.68
50.66
50.66
3866.74
3866.74
4612.61
4612.61
37.84
37.84
181.17
181.17
54.77
54.77
717.20
717.20
622.54
622.54
5183.06
5183.06
5907.97
5907.97
1818.36
1818.36
4292.02
4292.02
4292.02
4292.02
4292.02
4292.02
4292.02
4292.02
4292.02
4292.02
4319.63
4319.63
1890.54
1890.54
51.91
51.91
1391.29
1391.29
36.06
36.06
3985.30
3985.30
3691.85
3691.85
3194.49
3194.49
3298.98
3298.98
990.36
990.36
935.31
935.31
35.10
35.10
41.89
41.89
1596.11
1596.11
5651.83
5651.83
1324.62
1324.62
5519.93
5519.93
13.34
13.34
57.65
57.65
1241.93
1241.93
2226.91
2226.91
1162.56
1162.56
929.53
929.53
2716.74
2716.74
178.39
178.39
4789.48
4789.48
13.96
13.96
5655.91
5655.91
1878.37
1878.37
4116.12
4116.12
2595.97
2595.97
1826.53
1826.53
1011.56
1011.56
3296.64
3296.64
3296.64
3296.64
3296.64
3296.64
3296.64
3296.64
3296.64
3296.64
3296.64
3296.64
3296.64
3296.64
3296.64
3296.64
5967.41
5967.41
12.31
12.31
5201.54
5201.54
882.53
882.53
177.36
177.36
3888.10
3888.10
3304.73
3304.73
369.83
369.83
4581.94
4581.94
1831.50
1831.50
1089.02
1089.02
3547.83
3547.83
856.20
856.20
5365.21
5365.21
6146.98
6146.98
1428.26
1428.26
52.12
52.12
1501.04
1501.04
2527.50
2527.50
2124.17
2124.17
4589.56
4589.56
5314.21
5314.21
5158.59
5158.59
276.13
276.13
3585.29
3585.29
5849.84
5849.84
2654.46
2654.46
5597.22
5597.22
6047.58
6047.58
5727.33
5727.33
54.32
54.32
6160.18
6160.18
5779.33
5779.33
2452.29
2452.29
2234.67
2234.67
3401.97
3401.97
827.35
827.35
1769.93
1769.93
4118.41
4118.41
4896.97
4896.97
3627.41
3627.41
5566.41
5566.41
4368.83
4368.83
1145.48
1145.48
2064.71
2064.71
1642.58
1642.58
3419.79
3419.79
1257.46
1257.46
3330.11
3330.11
5685.65
5685.65
865.80
865.80
3933.11
3933.11
2492.60
2492.60
1356.58
1356.58
2727.16
2727.16
1943.11
1943.11
3863.74
3863.74
5643.54
5643.54
1827.37
1827.37
1175.17
1175.17
878.16
878.16
3238.63
3238.63
1541.87
1541.87
272.99
272.99
93.65
93.65
3362.24
3362.24
1275.38
1275.38
1263.33
1263.33
55.29
55.29
3976.98
3976.98
1414.06
1414.06
340.71
340.71
55.00
55.00
477.57
477.57
144.59
144.59
4240.75
4240.75
2119.77
2119.77
874.47
874.47
5934.43
5934.43
469.67
469.67
552.24
552.24
276.45
276.45
17.64
17.64
2803.19
2803.19
865.96
865.96
70.64
70.64
124.08
124.08
17.16
17.16
82.10
82.10
738.59
738.59
640.91
640.91
1030.22
1030.22
38.95
38.95
91.92
91.92
110.38
110.38
1944.97
1944.97
718.74
718.74
58.32
58.32
13.44
13.44
36.02
36.02
4158.12
4158.12
39.26
39.26
3414.36
3414.36
151.57
151.57
26.97
26.97
2249.51
2249.51
727.60
727.60
1572.39
1572.39
4755.45
4755.45
349.74
349.74
2802.78
2802.78
226.77
226.77
1855.89
1855.89
95.50
95.50
895.01
895.01
165.12
165.12
1350.92
1350.92
4476.39
4476.39
50.65
50.65
145.25
145.25
845.40
845.40
137.75
137.75
1808.38
1808.38
1272.45
1272.45
877.95
877.95
1222.76
1222.76
28.50
28.50
71.06
71.06
1341.07
1341.07
1541.89
1541.89
1541.89
1541.89
1561.41
1561.41
1561.41
1561.41
12.89
12.89
218.33
218.33
5764.79
5764.79
2391.03
2391.03
804.76
804.76
114.96
114.96
6221.62
6221.62
3758.27
3758.27
1916.78
1916.78
3753.30
3753.30
1705.50
1705.50
3968.78
3968.78
3875.62
3875.62
54.44
54.44
80.43
80.43
72.57
72.57
740.63
740.63
30.16
30.16
33.28
33.28
118.07
118.07
305.61
305.61
4509.68
4509.68
38.46
38.46
815.74
815.74
12.60
12.60
555.35
555.35
1376.13
1376.13
67.49
67.49
845.76
845.76
6442.18
6442.18
2758.33
2758.33
4408.07
4408.07
1610.76
1610.76
16.17
16.17
16.17
92.46
95.89
95.89
208.57
208.57
1133.70
1133.70
4222.62
4222.62
4222.62
17.58
996.97
996.97
2016.39
2016.39
4873.61
4873.61
3564.32
3564.32
1466.72
1466.72
18.98
18.98
2219.27
2219.27
1862.41
1862.41
5798.69
5798.69
12.82
12.82
4298.34
4298.34
4145.25
4145.25
869.09
869.09
1048.81
1048.81
4623.48
4623.48
1144.99
1144.99
4325.85
4325.85
1371.68
1371.68
4839.07
4839.07
2451.33
2451.33
46.61
46.61
5165.76
5165.76
1667.74
1667.74
2397.43
2397.43
4648.12
4648.12
56.11
56.11
198.04
198.04
2274.68
2274.68
2796.85
2796.85
2796.85
2796.85
2796.85
2796.85
2799.02
2799.02
873.07
873.07
1958.20
1958.20
2521.99
2521.99
2740.98
2740.98
830.64
830.64
2774.00
2774.00
2774.00
2774.00
2774.00
2774.00
3033.70
3033.70
3033.70
3033.70
3033.70
3033.70
3033.70
3033.70
3033.70
3033.70
3033.70
3033.70
3033.70
3033.70
3168.73
3168.73
5032.67
5032.67
5032.67
5032.67
5753.08
5753.08
6023.19
6023.19
5197.91
5197.91
5197.91
5197.91
5197.91
5197.91
5197.91
5197.91
5197.91
5197.91
5197.91
5197.91
377.95
377.95
601.72
601.72
433.83
433.83
549.61
549.61
1328.87
1328.87
1275.53
1275.53
1606.81
1606.81
1997.18
1997.18
2689.91
2689.91
3199.96
3199.96
3098.34
3098.34
3037.50
3037.50
3037.50
3037.50
4118.26
4118.26
4877.94
4877.94
435.36
435.36
2543.76
2543.76
2543.76
227.36
3364.91
3364.91
3364.91
6409.50
6409.50
27.78
27.78
10.00
10.00
401.62
401.62
561.38
561.38
177.46
177.46
1101.18
1101.18
109.73
109.73
76.52
76.52
13.41
13.41
217.33
217.33
54.02
54.02
4085.82
4085.82
2946.33
2946.33
6006.26
6006.26
3448.86
3448.86
1293.23
1293.23
203.15
203.15
2327.37
2327.37
2327.37
2327.37
2327.37
755.92
755.92
755.92
1441.56
1441.56
2546.39
2546.39
2124.37
2124.37
290.70
290.70
891.85
891.85
4845.26
4845.26
1556.07
1556.07
2013.91
2013.91
12.82
12.82
50.99
50.99
4834.23
3718.18
3718.18
3718.18
28.71
28.71
51.87
51.87
5832.79
5832.79
4272.89
4272.89
2420.15
2420.15
4599.28
4599.28
2718.36
2718.36
5496.22
5496.22
2517.69
2517.69
51.70
51.70
351.02
861.69
861.69
861.69
3889.57
3889.57
4216.71
4216.71
32.37
32.37
135.12
135.12
27.74
27.74
975.98
975.98
1161.98
1161.98
2990.66
2990.66
45.32
45.32
311.66
311.66
4342.74
4342.74
860.51
860.51
75.97
75.97
2077.99
2077.99
716.26
716.26
69.70
69.70
13.44
13.44
26.84
26.84
125.32
125.32
1040.58
1040.58
59.66
59.66
35.92
35.92
2535.74
2535.74
939.43
939.43
3177.28
3177.28
748.40
748.40
1691.88
1691.88
5453.67
5453.67
860.40
860.40
3422.95
3422.95
1217.22
1217.22
109.80
109.80
1353.77
1353.77
970.24
970.24
68.88
68.88
865.23
865.23
1371.56
1371.56
177.23
177.23
2520.15
2520.15
42.64
42.64
40.60
40.60
4010.93
4010.93
1735.61
1735.61
237.27
237.27
13.35
13.35
55.86
55.86
3004.32
3004.32
774.98
774.98
3058.91
3058.91
3354.17
3354.17
5217.50
5217.50
4306.89
4306.89
1876.18
1876.18
759.63
759.63
174.44
174.44
990.50
990.50
49.54
49.54
707.53
707.53
6079.39
6079.39
3932.86
3932.86
1006.33
1006.33
16.96
16.96
431.87
431.87
2096.18
2096.18
885.18
885.18
3573.04
3573.04
2205.59
2205.59
3319.53
3319.53
3808.14
3808.14
5096.59
5096.59
6438.07
6438.07
1504.02
1504.02
3257.91
3257.91
268.19
268.19
515.74
515.74
110.23
110.23
874.53
874.53
176.42
176.42
859.57
859.57
2587.12
2587.12
4788.31
4788.31
4710.22
4710.22
3009.07
3009.07
2599.42
2599.42
4440.19
4440.19
847.64
847.64
44.73
44.73
180.57
180.57
340.41
340.41
1067.15
1067.15
45.62
45.62
200.33
200.33
272.36
272.36
1535.08
1535.08
610.64
610.64
2315.89
2315.89
2315.89
2315.89
2315.89
2315.89
17.16
17.16
633.18
633.18
628.46
628.46
3161.19
3161.19
1593.86
1593.86
10.00
10.00
838.20
838.20
17.31
17.31
1242.57
1242.57
866.26
866.26
492.48
492.48
2067.52
2067.52
4269.18
4269.18
18.65
18.65
4917.99
4917.99
245.40
245.40
907.49
907.49
2205.79
2205.79
137.67
137.67
2460.99
2460.99
2465.83
2465.83
876.42
876.42
4673.19
4673.19
1062.48
1062.48
983.12
983.12
12.68
12.68
187.69
187.69
51.90
51.90
1138.07
1138.07
3863.05
3863.05
2625.69
2625.69
857.98
857.98
93.55
93.55
4040.91
4040.91
12.64
12.64
52.37
52.37
2196.65
2196.65
433.10
433.10
1543.17
1543.17
30.69
30.69
1893.59
1893.59
292.37
292.37
4574.26
4574.26
1830.11
1830.11
39.04
39.04
3362.62
3362.62
41.39
41.39
1829.59
1829.59
2266.96
2266.96
4516.88
4516.88
2979.99
2979.99
39.91
39.91
868.42
868.42
4055.37
4055.37
88.48
88.48
66.66
66.66
1906.70
1906.70
26.35
26.35
3011.25
3011.25
3299.79
3299.79
4473.67
4473.67
54.62
54.62
3522.56
3522.56
1922.75
1922.75
38.81
38.81
69.86
69.86
55.11
55.11
1907.43
1907.43
53.77
53.77
880.69
880.69
4114.87
4114.87
4890.50
4890.50
3189.33
3189.33
801.31
801.31
45.48
45.48
1127.73
1127.73
14.23
14.23
1129.38
1129.38
2225.73
2225.73
1058.80
1058.80
14.31
14.31
26.27
26.27
321.08
321.08
29.54
29.54
127.12
127.12
302.55
302.55
40.00
40.00
1929.98
1929.98
927.82
927.82
12.51
12.51
6283.69
6283.69
758.65
758.65
39.40
39.40
1533.55
1533.55
50.81
50.81
1450.15
1450.15
4624.89
4624.89
2509.31
2509.31
2690.21
2690.21
399.73
399.73
4382.59
4382.59
4624.63
4624.63
13.17
13.17
33.51
33.51
3014.95
3014.95
5478.45
5478.45
384.67
384.67
2130.92
2130.92
6031.56
6031.56
4984.20
4984.20
3775.00
3775.00
18.66
18.66
3167.00
3167.00
4700.64
4700.64
2647.46
2647.46
4145.53
4145.53
5030.34
5030.34
1230.72
1230.72
1188.31
1188.31
2736.92
2736.92
2089.84
2089.84
6162.22
6162.22
6263.90
6263.90
4422.44
4422.44
6033.84
6033.84
2990.78
2990.78
5940.48
5940.48
913.35
913.35
3043.72
3043.72
3118.51
3118.51
2713.19
2713.19
4258.66
4258.66
3531.58
3531.58
104.61
104.61
1647.82
1647.82
929.34
929.34
4108.45
4108.45
181.22
181.22
54.22
54.22
2289.86
2289.86
373.16
373.16
34.99
34.99
3837.10
3837.10
39.07
39.07
5574.03
5574.03
14.01
14.01
658.35
658.35
39.77
39.77
4604.56
4604.56
987.42
987.42
4814.60
4814.60
107.86
107.86
1283.05
1283.05
906.43
906.43
984.13
984.13
857.39
857.39
2181.66
2181.66
14.93
14.93
15.29
15.29
754.65
754.65
5179.87
5179.87
5664.26
5664.26
63.36
63.36
229.50
229.50
3672.70
3672.70
3598.66
3598.66
22.00
22.00
188.90
188.90
3291.05
3291.05
5828.61
5828.61
3949.17
3949.17
2868.41
2868.41
1153.01
1153.01
26.05
26.05
846.00
846.00
4832.02
4832.02
5060.95
5060.95
838.45
838.45
1599.72
1599.72
342.94
342.94
91.48
91.48
565.39
565.39
706.53
706.53
918.08
918.08
914.75
914.75
661.10
661.10
38.34
38.34
270.54
270.54
35.37
35.37
15.24
15.24
74.03
74.03
193.94
193.94
4727.24
4727.24
563.64
563.64
2458.91
2458.91
73.21
73.21
41.07
41.07
5745.42
5745.42
1441.15
1441.15
626.13
626.13
41.85
41.85
141.50
141.50
2248.14
2248.14
509.36
509.36
3174.81
3174.81
1911.70
1911.70
907.03
907.03
50.68
50.68
52.73
52.73
4126.84
4126.84
1836.15
1836.15
14.65
14.65
1930.64
1930.64
11.18
11.18
4986.02
4986.02
3445.93
3445.93
5904.59
5904.59
1652.82
1652.82
1400.00
1400.00
314.63
314.63
2652.46
2652.46
5825.01
5825.01
2278.27
2278.27
2290.76
2290.76
5597.69
5597.69
4688.99
4688.99
15.30
15.30
2843.43
2843.43
3446.27
3446.27
3446.27
3446.27
3446.27
3446.27
3446.27
3446.27
3446.27
3446.27
3446.27
3446.27
3446.27
3446.27
2056.40
2056.40
4921.05
4921.05
555.92
555.92
918.74
918.74
6178.43
6178.43
5863.26
5863.26
3574.92
3574.92
4762.24
4762.24
113.09
113.09
5699.47
5699.47
4680.38
4680.38
16.07
16.07
2286.94
2286.94
4588.73
4588.73
2454.09
2454.09
6077.45
6077.45
6077.45
6077.45
6077.45
6077.45
6077.45
6077.45
6077.45
6077.45
489.15
489.15
829.63
829.63
2814.12
2814.12
3741.24
3741.24
3893.08
3893.08
1365.92
1365.92
4935.45
4935.45
13.84
13.84
2596.38
2596.38
74.93
74.93
4466.43
4466.43
4466.43
4466.43
3223.07
3223.07
868.77
868.77
4189.39
4189.39
5679.45
5679.45
5085.75
5085.75
1149.52
1149.52
1426.25
1426.25
27.45
27.45
3030.76
3030.76
111.06
111.06
4007.86
4007.86
578.30
578.30
3084.33
3084.33
1228.47
1228.47
5821.87
5821.87
2307.34
2307.34
2542.81
2542.81
6276.59
6276.59
5173.46
5173.46
6124.60
6124.60
873.40
873.40
5033.52
5033.52
5033.52
5033.52
3439.43
3439.43
1909.49
1909.49
770.25
770.25
4941.35
4941.35
4400.16
4400.16
1379.66
1379.66
3225.67
3225.67
1856.62
1856.62
5513.07
5513.07
5216.18
5216.18
1189.94
1189.94
4260.35
4260.35
5826.51
5826.51
3430.67
3430.67
1374.68
1374.68
1535.69
1535.69
3186.91
3186.91
40.06
40.06
190.48
190.48
882.58
882.58
3553.33
3553.33
4922.13
4922.13
5396.96
5396.96
1866.08
1866.08
2287.78
2287.78
2690.35
2690.35
902.80
902.80
42.69
42.69
2355.23
2355.23
913.87
913.87
2977.02
2977.02
1417.08
1417.08
5231.04
5231.04
902.44
902.44
5820.79
5820.79
5645.36
5645.36
5938.61
5938.61
1437.97
1437.97
2281.73
2281.73
89.18
89.18
40.65
40.65
27.24
27.24
86.12
86.12
4608.74
4608.74
5532.28
5532.28
5922.57
5922.57
2924.39
2924.39
12.67
12.67
12.67
86.76
86.76
913.98
913.98
164.85
4078.29
4078.29
51.06
51.06
297.15
297.15
706.73
706.73
110.41
110.41
12.68
12.68
1667.83
1667.83
3898.28
3898.28
600.43
600.43
2504.90
2504.90
2910.39
2910.39
4596.36
4596.36
4785.91
4785.91
13.05
13.05
4765.60
4765.60
1761.66
1761.66
1761.66
5977.28
5977.28
1368.75
1368.75
6356.84
6356.84
3592.60
3592.60
2894.42
2894.42
1521.54
1521.54
283.39
283.39
1828.98
1828.98
6341.04
6341.04
4269.59
4269.59
582.37
582.37
6006.63
6006.63
3553.57
3553.57
5612.34
5612.34
6251.91
6251.91
49.30
49.30
12.45
12.45
15.74
15.74
3600.97
3600.97
13.36
13.36
12.62
12.62
2024.10
2024.10
2326.96
2326.96
25.68
25.68
2329.14
2329.14
1301.70
1301.70
4286.48
4286.48
5254.03
5254.03
5949.88
5949.88
68.31
68.31
49.42
49.42
842.82
842.82
4342.68
4342.68
539.53
539.53
3278.37
3278.37
914.20
914.20
70.31
70.31
652.82
652.82
1636.20
1636.20
113.62
113.62
18.55
18.55
5875.90
5875.90
6019.91
6019.91
3609.20
3609.20
4295.21
4295.21
4396.76
4396.76
796.54
796.54
3083.24
3083.24
17.12
17.12
645.53
645.53
12.40
12.40
2702.53
2702.53
12.51
12.51
2795.05
2795.05
27.99
27.99
5120.99
5120.99
3699.93
3699.93
4043.11
4043.11
3053.25
3053.25
258.69
258.69
258.69
331.98
331.98
2871.66
55.48
55.48
3530.91
3530.91
3359.97
3359.97
111.40
111.40
5493.62
5493.62
1858.96
1858.96
2717.73
2717.73
51.93
51.93
1027.44
1027.44
2948.79
2948.79
2257.58
2257.58
1320.45
1320.45
4937.33
4937.33
401.45
401.45
174.14
174.14
5392.16
5392.16
4159.10
4159.10
876.68
876.68
1443.25
1443.25
1156.11
1156.11
349.61
349.61
1647.46
1647.46
893.09
893.09
71.26
71.26
853.85
853.85
6154.18
6154.18
55.99
55.99
2949.29
2949.29
6365.83
6365.83
852.32
852.32
1609.04
1609.04
4789.49
4789.49
13.32
13.32
5957.29
5957.29
869.27
869.27
939.66
939.66
3770.97
3770.97
1433.16
1433.16
97.32
97.32
3141.41
3141.41
3141.41
3141.41
3141.41
3141.41
331.95
331.95
5185.14
5185.14
823.93
823.93
2652.56
2652.56
6560.54
6560.54
591.35
591.35
4422.08
4422.08
62.44
62.44
5802.49
5802.49
3022.69
3022.69
1391.39
1391.39
2270.27
2270.27
1553.07
1553.07
63.04
63.04
5490.21
5490.21
197.95
197.95
3135.34
3135.34
49.07
49.07
859.42
859.42
2953.56
2953.56
46.00
46.00
1554.94
1554.94
1759.87
1759.87
2629.01
2629.01
2629.01
2629.01
865.34
865.34
14.36
14.36
5407.03
5407.03
5407.03
5407.03
5407.03
5407.03
25.49
25.49
2791.76
2791.76
41.62
41.62
4405.36
4405.36
5749.39
5749.39
5749.39
5749.39
5749.39
5749.39
5749.39
5749.39
5749.39
5749.39
6173.78
6173.78
4253.54
4253.54
3559.96
3559.96
10.00
10.00
1609.01
1609.01
4203.88
4203.88
398.97
398.97
2880.38
2880.38
2880.38
2880.38
680.32
680.32
2765.22
2765.22
41.55
41.55
6115.06
6115.06
2812.73
2812.73
65.15
65.15
27.58
27.58
2124.48
2124.48
2747.50
2747.50
3619.47
3619.47
3619.47
3619.47
5796.94
5796.94
43.81
43.81
13.22
13.22
509.89
509.89
84.22
84.22
1473.21
1473.21
1252.06
1252.06
869.09
869.09
3386.60
3386.60
3061.70
3061.70
48.29
48.29
75.61
75.61
4995.12
4995.12
3290.45
3290.45
51.48
51.48
810.39
810.39
2330.08
2330.08
680.97
680.97
1679.80
1679.80
2058.96
2058.96
395.60
395.60
52.93
52.93
5921.89
5921.89
994.44
994.44
3976.34
3976.34
129.35
129.35
3984.45
3984.45
2459.56
2459.56
601.72
601.72
1171.20
1171.20
4199.22
4199.22
5524.93
5524.93
1736.21
1736.21
21.47
21.47
4447.81
4447.81
144.14
144.14
1576.66
1576.66
1119.50
1119.50
789.46
789.46
4762.63
4762.63
72.47
72.47
34.17
34.17
1193.09
1193.09
455.82
455.82
244.24
244.24
5064.61
5064.61
74.60
74.60
5111.00
5111.00
455.11
455.11
43.40
43.40
1603.36
1603.36
309.58
309.58
42.77
42.77
2385.24
2385.24
13.57
13.57
358.26
358.26
2782.33
2782.33
4129.15
4129.15
41.12
41.12
679.37
679.37
2354.26
2354.26
452.09
452.09
17.99
17.99
3174.32
3174.32
1677.81
1677.81
1385.42
1385.42
124.68
124.68
1400.48
1400.48
101.11
101.11
2945.41
2945.41
12.22
12.22
459.06
459.06
3687.74
3687.74
58.32
58.32
28.59
28.59
3192.77
3192.77
99.85
99.85
2687.57
2687.57
998.60
998.60
491.76
491.76
135.38
135.38
1363.98
1363.98
2434.45
2434.45
239.03
239.03
838.63
838.63
3817.46
3817.46
1420.80
1420.80
52.10
52.10
53.30
53.30
442.32
442.32
1772.88
1772.88
817.51
817.51
1834.37
1834.37
6203.52
6203.52
726.26
726.26
14.61
14.61
4578.37
4578.37
3688.22
3688.22
2324.42
2324.42
3352.55
3352.55
4905.81
4905.81
705.10
705.10
4133.77
4133.77
2701.09
2701.09
4387.43
4387.43
799.76
799.76
1848.03
1848.03
5553.87
5553.87
5422.32
5422.32
12.46
12.46
874.11
874.11
1937.88
1937.88
15.04
15.04
1066.41
1066.41
3021.53
3021.53
55.61
55.61
3648.67
3648.67
2095.62
2095.62
14.56
14.56
1931.21
1931.21
844.99
844.99
642.36
642.36
856.74
856.74
669.59
669.59
1144.17
1144.17
4580.32
4580.32
5429.67
5429.67
2672.79
2672.79
65.18
65.18
860.13
860.13
4920.83
4920.83
1706.16
1706.16
5307.99
5307.99
1401.27
1401.27
815.35
815.35
49.86
49.86
385.94
385.94
4824.96
4824.96
1554.56
1554.56
3991.48
3991.48
1206.34
1206.34
4141.71
4141.71
4162.43
4162.43
388.62
388.62
3292.94
3292.94
2775.74
2775.74
886.21
886.21
50.85
50.85
2504.36
2504.36
363.75
363.75
3996.01
3996.01
3792.00
3792.00
579.38
579.38
5420.62
5420.62
5839.07
5839.07
3046.22
3046.22
833.73
833.73
2974.07
2974.07
1492.09
1492.09
2313.30
2313.30
11.97
11.97
4819.02
4819.02
4819.02
4819.02
4156.44
4156.44
4337.30
4337.30
5639.39
5639.39
5639.39
5639.39
5639.39
5639.39
5639.39
5639.39
1221.92
1221.92
847.71
847.71
3787.57
3787.57
4668.24
4668.24
4907.43
4907.43
1114.03
1114.03
862.18
862.18
86.13
86.13
4989.98
4989.98
625.62
625.62
427.91
427.91
4330.19
4330.19
130.91
130.91
2727.87
2727.87
14.94
14.94
4607.03
4607.03
5386.37
5386.37
4715.80
4715.80
2287.72
2287.72
2345.44
2345.44
13.28
13.28
24.24
24.24
40.45
40.45
38.48
38.48
4897.16
4897.16
824.20
824.20
1706.25
1706.25
4048.90
4048.90
1917.34
1917.34
3433.11
3433.11
914.24
914.24
2048.09
2048.09
6160.43
6160.43
2377.08
2377.08
6291.78
6291.78
811.91
811.91
1625.28
1625.28
2015.75
2015.75
14.89
14.89
13.11
13.11
51.12
51.12
3793.97
3793.97
870.77
870.77
4943.49
4943.49
5993.67
5993.67
69.37
69.37
4515.71
4515.71
2211.76
2211.76
2750.99
2750.99
1408.25
1408.25
4898.61
4898.61
4982.96
4982.96
5727.77
5727.77
4047.12
4047.12
750.09
750.09
2062.27
2062.27
2408.56
2408.56
5793.05
5793.05
14.34
14.34
5385.34
5385.34
6152.75
6152.75
3940.79
3940.79
51.50
51.50
819.64
819.64
2403.61
2403.61
4356.73
4356.73
6153.97
6153.97
5922.93
5922.93
1693.86
1693.86
2854.53
2854.53
5253.63
5253.63
5343.17
5343.17
3342.15
3342.15
5757.42
5757.42
2052.39
2052.39
2035.47
2035.47
279.64
279.64
1049.21
1049.21
2722.63
2722.63
2722.63
2722.63
3044.11
3044.11
3136.78
3136.78
4562.29
4562.29
6148.26
6148.26
799.74
799.74
848.69
848.69
960.15
960.15
960.15
960.15
2438.49
2438.49
1026.11
1026.11
6488.60
6488.60
501.82
501.82
2317.34
2317.34
788.78
788.78
2685.54
2685.54
67.33
67.33
5219.96
5219.96
5600.68
5600.68
417.44
417.44
1214.23
1214.23
3111.85
3111.85
41.26
41.26
3095.65
3095.65
4265.43
4265.43
1977.79
1977.79
3267.85
3267.85
5148.33
5148.33
873.60
873.60
4228.51
4228.51
4171.83
4171.83
5353.11
5353.11
3413.39
3413.39
195.76
195.76
557.76
557.76
2575.40
2575.40
3216.83
3216.83
3216.83
3216.83
1437.58
1437.58
2832.69
2832.69
4535.55
4535.55
5186.13
5186.13
4957.44
4957.44
12.86
12.86
4687.02
4687.02
13.20
13.20
1765.91
1765.91
2875.34
2875.34
3260.32
3260.32
1781.90
1781.90
5624.07
5624.07
228.31
228.31
880.79
880.79
1000.47
1000.47
6164.81
6164.81
4784.35
4784.35
5342.13
5342.13
5837.74
5837.74
3787.23
3787.23
856.82
856.82
6214.59
6214.59
4741.11
4741.11
290.17
290.17
139.65
139.65
851.66
851.66
258.96
258.96
3542.24
3542.24
3319.61
3319.61
2460.09
2460.09
2601.58
2601.58
2601.58
2601.58
2601.58
2601.58
2601.58
2601.58
3003.76
3003.76
3003.76
3003.76
3003.76
3003.76
3003.76
3003.76
3003.76
3003.76
3003.76
3003.76
6146.91
6146.91
3269.18
3269.18
3400.36
3400.36
3400.69
3400.69
715.90
715.90
5722.88
5722.88
35.15
35.15
35.15
36.96
36.96
11.89
11.89
631.59
631.59
119.55
119.55
52.81
52.81
403.84
403.84
403.84
140.61
140.61
12.73
44.34
44.34
146.40
146.40
80.02
80.02
18.24
18.24
1027.64
1027.64
35.73
35.73
3094.41
3094.41
2343.08
2343.08
3098.21
3098.21
13.77
13.77
26.08
26.08
2308.72
2308.72
36.92
36.92
2660.93
2660.93
669.25
669.25
909.05
909.05
5109.04
5109.04
1486.38
1486.38
67.11
67.11
933.92
933.92
6151.05
6151.05
3325.12
3325.12
42.16
87.60
87.60
87.60
1246.14
1246.14
6129.58
6129.58
22.26
22.26
3680.85
3680.85
3397.99
3397.99
4266.03
4266.03
2097.82
2097.82
5191.01
5191.01
3641.24
3641.24
1665.95
3238.20
3238.20
3238.20
20.39
20.39
2112.82
2112.82
2675.89
2675.89
5280.20
5280.20
3472.68
3472.68
342.90
342.90
1691.17
1691.17
6309.78
6309.78
5024.26
5024.26
3285.13
3285.13
5755.26
5755.26
837.71
837.71
2560.58
2560.58
2483.07
2483.07
2498.84
2498.84
87.04
87.04
18.61
18.61
4663.87
4663.87
1729.62
1729.62
110.09
110.09
1826.60
1826.60
789.63
789.63
18.29
18.29
874.33
874.33
5633.98
5633.98
2237.24
2237.24
736.48
736.48
2774.13
2774.13
971.39
971.39
72.82
72.82
492.11
492.11
4273.41
4273.41
4345.74
4345.74
13.32
13.32
3560.55
3560.55
898.87
898.87
10.38
10.38
147.77
147.77
1522.22
1522.22
2531.37
2531.37
5909.29
5909.29
113.30
113.30
792.12
792.12
1787.35
1787.35
729.35
729.35
565.78
565.78
2119.17
2119.17
3266.69
3266.69
29.14
29.14
42.21
42.21
138.98
138.98
197.48
197.48
4343.35
4343.35
1829.13
1829.13
1575.79
1575.79
1602.72
1602.72
5876.83
5876.83
2078.28
2078.28
4992.25
4992.25
4204.41
4204.41
710.71
710.71
2299.82
2299.82
737.64
737.64
2245.50
2245.50
1756.18
1756.18
5870.51
5870.51
2028.48
2028.48
3297.55
3297.55
3297.55
3297.55
1626.36
1626.36
2275.08
2275.08
3443.95
3443.95
4075.38
4075.38
1193.95
1193.95
132.23
132.23
1914.75
1914.75
5291.25
5291.25
3175.72
3175.72
2166.90
2166.90
1725.39
1725.39
3498.12
3498.12
1382.19
1382.19
3396.51
3396.51
6135.59
6135.59
98.99
98.99
924.20
924.20
51.72
51.72
2069.13
2069.13
1397.08
1397.08
918.08
918.08
56.14
56.14
1849.12
1849.12
1060.86
1060.86
1912.88
1912.88
12.40
12.40
179.91
179.91
4097.87
4097.87
5172.40
5172.40
52.29
52.29
1578.73
1578.73
915.27
915.27
4644.81
4644.81
2805.41
2805.41
1371.57
1371.57
1613.94
1613.94
5366.40
5366.40
1185.01
1185.01
864.36
864.36
5604.59
5604.59
3097.76
3097.76
4415.84
4415.84
4793.22
4793.22
4793.22
4793.22
5670.31
5670.31
5940.89
5940.89
5823.66
5823.66
5665.90
5665.90
1189.02
1189.02
2242.74
2242.74
2871.23
2871.23
2682.77
2682.77
5796.88
5796.88
15.40
15.40
5910.96
5910.96
5910.96
5910.96
27.13
27.13
3312.54
3312.54
14.25
14.25
318.22
318.22
3076.40
3076.40
3107.85
3107.85
1628.38
1628.38
604.00
604.00
1687.68
1687.68
6352.06
6352.06
4420.43
4420.43
1336.11
1336.11
391.85
391.85
862.39
862.39
40.53
40.53
2652.50
2652.50
2652.50
2652.50
3178.81
3178.81
883.57
883.57
695.19
695.19
4999.19
4999.19
6070.60
6070.60
727.86
727.86
872.32
872.32
224.03
224.03
1226.81
1226.81
348.99
348.99
6529.49
6529.49
4214.63
4214.63
5756.30
5756.30
1710.63
1710.63
18.46
18.46
5024.29
5024.29
41.59
41.59
5210.58
5210.58
5210.58
5210.58
33.36
33.36
6006.91
6006.91
5633.99
5633.99
4145.88
4145.88
2564.47
2564.47
53.61
53.61
885.38
885.38
1737.05
1737.05
1704.56
1704.56
18.30
18.30
2314.63
2314.63
4326.85
4326.85
3185.97
3185.97
1491.40
1491.40
2011.88
2011.88
1488.30
1488.30
715.35
715.35
37.09
37.09
1794.28
1794.28
1968.83
1968.83
12.98
12.98
5200.76
5200.76
50.64
50.64
2135.71
2135.71
704.83
704.83
5749.69
5749.69
1830.11
1830.11
133.55
133.55
874.44
874.44
1772.31
1772.31
2325.41
2325.41
313.80
313.80
1092.92
1092.92
5796.48
5796.48
594.30
594.30
878.47
878.47
1341.80
1341.80
822.35
822.35
14.02
14.02
17.62
17.62
4007.65
4007.65
1508.49
1508.49
2449.91
2449.91
26.23
26.23
1234.89
1234.89
17.30
17.30
108.16
108.16
1832.86
1832.86
1547.05
1547.05
751.19
751.19
1234.00
1234.00
5420.33
5420.33
2708.72
2708.72
1916.88
1916.88
2736.28
2736.28
1346.03
1346.03
925.29
925.29
15.78
15.78
1867.09
1867.09
4584.82
4584.82
2699.88
2699.88
1760.86
1760.86
3631.47
3631.47
2920.03
2920.03
18.74
18.74
18.74
525.43
525.43
46.49
46.49
2852.77
2105.51
2105.51
6039.59
6039.59
5084.28
5084.28
5753.80
5753.80
70.39
70.39
2028.06
2028.06
304.60
304.60
217.44
217.44
576.41
576.41
6559.35
6559.35
2660.24
2660.24
18.57
18.57
14.37
14.37
4835.31
4835.31
1571.92
1571.92
1002.88
1002.88
2051.60
2051.60
3455.52
3455.52
4865.73
4865.73
3087.38
3087.38
194.13
194.13
87.74
87.74
2213.31
2213.31
2789.56
2789.56
4961.58
4961.58
2143.95
2143.95
5441.34
5441.34
16.72
16.72
12.57
12.57
877.19
877.19
567.83
567.83
13.04
13.04
4774.19
4774.19
2081.35
2081.35
5048.52
5048.52
763.99
763.99
427.25
427.25
3987.68
3987.68
381.96
381.96
645.33
645.33
1136.27
1136.27
879.66
879.66
267.58
267.58
1456.90
1456.90
139.61
139.61
69.25
69.25
130.05
130.05
76.60
76.60
893.97
893.97
625.23
625.23
5533.76
5533.76
2538.89
2538.89
1249.57
1249.57
870.23
870.23
1499.44
1499.44
2933.70
2933.70
6612.21
6612.21
12.03
12.03
6322.44
6322.44
53.81
53.81
47.35
47.35
418.27
418.27
2242.99
2242.99
2846.65
2846.65
29.39
29.39
5296.53
5296.53
2215.08
2215.08
5651.44
5651.44
3815.52
3815.52
3815.52
3815.52
841.15
841.15
212.29
212.29
4604.43
4604.43
63.53
63.53
1048.79
1048.79
4836.66
4836.66
3968.10
3968.10
1579.77
1579.77
5474.21
5474.21
5838.64
5838.64
4980.46
4980.46
12.43
12.43
2052.97
2052.97
2027.47
2027.47
4552.69
4552.69
3610.40
3610.40
41.58
41.58
1521.62
1521.62
2905.34
2905.34
2506.91
2506.91
2352.33
2352.33
732.52
732.52
1885.42
1885.42
4404.37
4404.37
26.10
26.10
1557.17
1557.17
13.76
13.76
548.46
548.46
3050.15
3050.15
941.08
941.08
1148.72
1148.72
4212.78
4212.78
6331.58
6331.58
2336.27
2336.27
3315.87
3315.87
4839.51
4839.51
5002.46
5002.46
77.31
77.31
5575.62
5575.62
1584.10
1584.10
1115.57
1115.57
67.70
67.70
57.38
57.38
892.51
892.51
4153.61
4153.61
1836.60
1836.60
51.27
51.27
1343.53
1343.53
2741.55
2741.55
2741.55
2741.55
4512.00
4512.00
1005.10
1005.10
3984.91
3984.91
903.80
903.80
1698.02
1698.02
3853.55
3853.55
5482.64
5482.64
3639.32
3639.32
1956.11
1956.11
3953.51
3953.51
1192.60
1192.60
1865.13
1865.13
2181.47
2181.47
2929.03
2929.03
4327.83
4327.83
4277.36
4277.36
3143.70
3143.70
2061.57
2061.57
4347.57
4347.57
2179.74
2179.74
5624.04
5624.04
5624.04
5624.04
852.63
852.63
1793.03
1793.03
3619.50
3619.50
1570.70
1570.70
6361.08
6361.08
1546.93
1546.93
4357.65
4357.65
810.00
810.00
748.60
748.60
2067.49
2067.49
4210.55
4210.55
1066.69
1066.69
5018.32
5018.32
5496.69
5496.69
5496.69
10.00
3992.43
3992.43
2297.48
2297.48
5654.02
5654.02
2486.60
2486.60
881.87
881.87
2132.24
2132.24
2338.56
2338.56
5192.26
5192.26
3226.05
3226.05
3962.20
3962.20
2247.20
2247.20
5635.31
5635.31
5635.31
173.12
11.91
11.91
80.38
80.38
86.61
86.61
891.26
891.26
4409.84
4409.84
1141.44
1141.44
2172.73
2172.73
3038.50
3038.50
1486.91
1486.91
13.55
13.55
3435.47
3435.47
3010.66
3010.66
867.22
867.22
3480.77
3480.77
176.44
176.44
3464.77
3464.77
444.98
444.98
22.27
22.27
32.20
32.20
2463.11
2463.11
2888.65
2888.65
2752.65
2752.65
34.59
34.59
2789.77
2789.77
3900.61
3900.61
90.09
90.09
2830.01
2830.01
910.36
910.36
102.62
102.62
53.21
53.21
69.60
69.60
290.12
290.12
64.51
64.51
1111.05
1111.05
897.34
897.34
1345.44
1345.44
25.95
25.95
57.80
57.80
4912.49
4912.49
4912.49
6023.92
703.47
703.47
485.26
485.26
2500.66
2500.66
1372.38
1372.38
1680.58
1680.58
816.55
816.55
751.65
751.65
90.31
90.31
6032.81
6032.81
6032.81
551.17
609.49
609.49
3227.49
3227.49
1701.94
1701.94
56.56
56.56
78.25
78.25
2151.83
2151.83
25.96
25.96
148.19
148.19
15.02
15.02
15.02
103.72
103.72
1501.26
1501.26
2847.07
36.66
36.66
36.66
918.75
918.75
2474.03
4576.97
4576.97
4576.97
2809.08
2809.08
1635.67
1635.67
903.24
903.24
12.78
12.78
5944.97
5944.97
56.18
56.18
420.81
420.81
1759.47
1759.47
418.02
418.02
3320.83
3320.83
52.15
52.15
382.37
382.37
1191.25
1191.25
772.59
772.59
83.33
83.33
2483.78
2483.78
835.89
835.89
1019.22
1019.22
12.53
12.53
537.47
537.47
38.47
38.47
852.06
852.06
268.22
268.22
251.48
251.48
13.68
13.68
996.90
996.90
2043.40
2043.40
5854.66
5854.66
921.65
921.65
22.06
22.06
5993.15
5993.15
5668.05
5668.05
2076.18
2076.18
4605.93
4605.93
385.07
385.07
664.35
664.35
1948.97
1948.97
4367.88
4367.88
70.47
70.47
1645.35
1645.35
35.48
35.48
83.33
83.33
67.13
67.13
172.80
172.80
26.20
26.20
12.79
12.79
2125.79
2125.79
1589.60
1589.60
1072.14
1072.14
1620.19
1620.19
22.86
22.86
1030.33
1030.33
2254.42
2254.42
3928.03
3928.03
2360.14
2360.14
2394.78
2394.78
938.92
938.92
3860.96
3860.96
5080.02
5080.02
3137.87
3137.87
170.56
170.56
2973.52
2973.52
898.94
898.94
1613.13
1613.13
48.15
48.15
932.47
932.47
1144.22
1144.22
127.93
127.93
1828.35
1828.35
5897.61
5897.61
3376.50
3376.50
5976.51
5976.51
18.84
18.84
288.39
288.39
4033.63
4033.63
1405.75
1405.75
2232.05
2232.05
34.32
34.32
133.40
133.40
4009.19
4009.19
120.59
120.59
906.09
906.09
1484.27
1484.27
13.16
13.16
83.20
83.20
597.45
597.45
871.67
871.67
25.89
25.89
878.03
878.03
5537.41
5537.41
101.40
101.40
215.31
215.31
90.99
90.99
839.56
839.56
4554.61
4554.61
2014.13
2014.13
2946.07
2946.07
4326.47
4326.47
18.29
18.29
5606.23
5606.23
889.65
889.65
4435.97
4435.97
2050.57
2050.57
2763.01
2763.01
96.94
96.94
881.80
881.80
2557.74
2557.74
1097.50
1097.50
3218.39
3218.39
40.37
40.37
3739.01
3739.01
2206.42
2206.42
853.21
853.21
2104.70
2104.70
67.04
67.04
96.82
96.82
25.10
25.10
934.89
934.89
4312.49
4312.49
791.15
791.15
951.17
951.17
6190.75
6190.75
5231.92
5231.92
2750.41
2750.41
25.32
25.32
826.73
826.73
13.24
13.24
50.08
50.08
82.16
82.16
3567.01
3567.01
10.76
10.76
636.28
636.28
2257.79
2257.79
3669.75
3669.75
3491.93
3491.93
6002.80
6002.80
2467.00
2467.00
5840.92
5840.92
673.22
673.22
678.96
678.96
678.96
469.04
469.04
469.04
628.72
123.25
3545.45
3545.45
13.41
13.41
62.00
62.00
649.08
649.08
10.00
10.00
858.61
858.61
11.88
11.88
1850.60
1850.60
16.41
16.41
5628.39
5628.39
4969.91
4969.91
4649.06
4649.06
858.74
858.74
5605.07
5605.07
72.20
72.20
5145.50
5145.50
3264.79
3264.79
827.09
827.09
2993.81
2993.81
3286.23
3286.23
3128.68
3128.68
1410.79
1410.79
1116.04
1116.04
505.13
505.13
583.42
583.42
1654.95
1654.95
1680.81
1680.81
1082.82
1082.82
2867.33
2867.33
4107.10
4107.10
3581.12
3581.12
4735.61
4735.61
4008.42
4008.42
4482.87
4482.87
4482.87
4482.87
4202.43
4202.43
4481.33
4481.33
6164.84
6164.84
2067.57
2067.57
5863.47
5863.47
5863.47
5863.47
10.00
10.00
57.63
57.63
5743.06
5743.06
905.00
905.00
5749.17
5749.17
1259.26
1259.26
3105.16
3105.16
3105.16
3105.16
3105.16
3105.16
3105.16
3105.16
862.45
862.45
27.14
27.14
2117.26
2117.26
2680.98
2680.98
2681.79
2681.79
1432.76
1432.76
3711.80
3711.80
4417.53
4417.53
5829.78
5829.78
5726.69
5726.69
1533.25
1533.25
1860.25
1860.25
1860.25
1860.25
2938.61
2938.61
5953.08
5953.08
3424.15
3424.15
2644.35
2644.35
1573.03
1573.03
38.36
38.36
5789.85
5789.85
6202.10
6202.10
2755.56
2755.56
4694.58
4694.58
4694.58
4694.58
875.90
875.90
4214.91
4214.91
888.57
888.57
58.83
58.83
2160.85
2160.85
852.97
852.97
12.75
12.75
4553.06
4553.06
4636.59
4636.59
894.54
894.54
5665.48
5665.48
2942.47
2942.47
348.80
348.80
2109.06
2109.06
839.74
839.74
1105.63
1105.63
1076.15
1076.15
4940.70
4940.70
4763.30
4763.30
5694.39
5694.39
13.73
13.73
1484.81
1484.81
211.65
211.65
4025.99
4025.99
1279.19
1279.19
1614.27
1614.27
838.02
838.02
4373.51
4373.51
882.11
882.11
4400.51
4400.51
2519.04
2519.04
2193.84
2193.84
4930.16
4930.16
3150.32
3150.32
176.15
176.15
3326.01
3326.01
17.00
17.00
103.93
103.93
863.38
863.38
4549.46
4549.46
2783.01
2783.01
2309.34
2309.34
2818.66
2818.66
4654.82
4654.82
13.58
13.58
4171.13
4171.13
4366.88
4366.88
3405.72
3405.72
4398.10
4398.10
1162.08
1162.08
810.33
810.33
2843.31
2843.31
1861.38
1861.38
2810.53
2810.53
4100.38
4100.38
199.13
199.13
1701.41
1701.41
521.70
521.70
551.83
551.83
114.74
114.74
401.31
401.31
3222.03
3222.03
1694.58
1694.58
557.96
557.96
2272.80
2272.80
110.71
110.71
2259.36
2259.36
12.45
12.45
300.81
300.81
1433.81
1433.81
12.93
12.93
63.84
63.84
42.30
42.30
13.09
13.09
26.80
26.80
4549.80
4549.80
3465.95
3465.95
2801.96
2801.96
55.55
55.55
4323.14
4323.14
2253.80
2253.80
45.62
45.62
118.42
118.42
24.00
24.00
149.77
149.77
149.77
112.27
112.27
112.27
47.78
47.78
24.43
551.87
64.18
64.18
17.74
17.74
33.30
33.30
3030.84
3030.84
3555.87
3555.87
701.89
701.89
2131.69
2131.69
3211.33
3211.33
3033.97
3033.97
3314.10
3314.10
13.55
13.55
3374.85
3374.85
3416.06
3416.06
4209.77
4209.77
3759.23
3759.23
3291.44
3291.44
832.39
832.39
5087.20
5087.20
13.88
13.88
4947.96
4947.96
5144.59
5144.59
5869.22
5869.22
5869.22
5869.22
689.84
689.84
3987.09
3987.09
5821.01
5821.01
3803.58
3803.58
450.88
450.88
953.68
953.68
3857.70
3857.70
5355.88
5355.88
5355.88
5355.88
5355.88
5355.88
473.71
473.71
1089.89
1089.89
6162.79
6162.79
1531.87
1531.87
4905.22
4905.22
1577.59
1577.59
5782.34
5782.34
4140.53
4140.53
874.43
874.43
3234.15
3234.15
1327.17
1327.17
18.52
18.52
2392.67
2392.67
4488.87
4488.87
4488.87
4488.87
4619.23
4619.23
5810.93
5810.93
5414.25
5414.25
1093.04
1093.04
869.50
869.50
1455.07
1455.07
86.74
86.74
2516.72
2516.72
3733.43
3733.43
844.92
844.92
3415.96
3415.96
846.69
846.69
6085.38
6085.38
2969.02
2969.02
4376.68
4376.68
4376.68
4376.68
4376.68
4376.68
4376.68
4376.68
3622.17
3622.17
18.40
18.40
26.26
26.26
1972.42
1972.42
37.80
37.80
1122.75
1122.75
39.33
39.33
1943.99
1943.99
86.09
86.09
71.72
71.72
56.44
56.44
25.04
25.04
3064.60
3064.60
5454.83
5454.83
1180.08
1180.08
90.62
90.62
12.69
12.69
5412.20
5412.20
2648.23
2648.23
3407.53
3407.53
1568.76
1568.76
1568.76
10.00
18.36
18.36
156.87
156.87
1700.25
1700.25
88.03
88.03
1977.59
1977.59
1522.20
1522.20
931.17
931.17
839.34
839.34
265.76
265.76
2969.36
2969.36
16.23
16.23
4349.52
4349.52
873.11
873.11
77.56
77.56
5623.57
5623.57
3167.24
3167.24
226.09
226.09
4113.75
4113.75
2477.99
2477.99
4829.43
4829.43
4158.81
4158.81
217.55
217.55
4465.49
4465.49
1525.26
1525.26
1743.01
1743.01
2471.40
2471.40
1458.17
1458.17
375.52
375.52
2154.71
2154.71
1715.82
1715.82
12.86
12.86
4683.44
4683.44
5862.92
5862.92
2947.46
2947.46
5474.91
5474.91
3917.62
3917.62
17.56
17.56
170.22
170.22
36.05
36.05
262.42
262.42
38.54
38.54
237.87
237.87
3398.19
3398.19
4158.48
4158.48
218.13
218.13
36.83
36.83
1676.50
1676.50
12.94
12.94
54.05
54.05
608.62
608.62
52.48
52.48
82.61
82.61
169.01
169.01
2189.32
2189.32
4473.89
4473.89
862.99
862.99
53.21
53.21
4758.08
4758.08
1405.81
1405.81
385.03
385.03
1173.49
1173.49
2242.45
2242.45
2242.45
18.50
18.50
55.06
55.06
111.78
1499.69
1499.69
2242.62
2242.62
13.26
13.26
12.21
12.21
994.06
994.06
876.12
876.12
12.54
12.54
4297.19
4297.19
12.11
12.11
6487.98
6487.98
173.97
173.97
73.38
73.38
3616.05
3616.05
18.12
18.12
4543.03
4543.03
3251.49
3251.49
4499.15
4499.15
2423.28
2423.28
948.88
948.88
874.64
874.64
5090.68
5090.68
52.19
52.19
407.67
407.67
4421.77
4421.77
1011.23
1011.23
1011.23
4287.15
913.41
913.41
3706.02
3706.02
1659.32
1659.32
58.11
58.11
2622.56
2622.56
6110.22
6110.22
6110.22
4478.66
859.03
859.03
2073.77
2073.77
2073.77
2458.16
2458.16
5873.44
5873.44
6150.04
6150.04
894.31
894.31
4495.68
4495.68
5106.98
5106.98
5166.30
5166.30
3810.59
3810.59
2091.49
2091.49
3230.67
5142.37
5142.37
5142.37
13.76
13.76
3638.48
3638.48
5476.62
5476.62
3031.67
3031.67
3014.79
3014.79
4091.38
4091.38
1258.60
1258.60
38.16
38.16
36.71
36.71
28.05
28.05
3133.83
1954.88
1954.88
1954.88
652.43
652.43
36.88
36.88
891.66
891.66
1982.36
1982.36
2335.80
2335.80
6033.18
6033.18
5447.12
5447.12
138.85
138.85
1985.60
1985.60
5612.54
5612.54
127.89
1268.11
1268.11
1268.11
1362.45
1362.45
129.58
129.58
1948.06
1948.06
370.00
370.00
3316.11
3316.11
69.08
69.08
5337.44
5337.44
2394.19
2394.19
135.66
135.66
1785.07
1785.07
1564.78
1564.78
2914.24
2914.24
2375.09
2375.09
2773.45
2773.45
76.37
76.37
13.07
13.07
3923.29
3923.29
258.73
258.73
50.90
50.90
5758.83
5758.83
36.55
36.55
924.18
924.18
1402.21
1402.21
2619.61
2619.61
6118.20
6118.20
3846.90
3846.90
43.65
1228.86
1228.86
1228.86
898.39
898.39
88.54
88.54
65.13
65.13
48.25
48.25
55.04
55.04
1467.23
1467.23
2636.44
2636.44
1484.61
1484.61
2990.35
2990.35
27.28
27.28
2300.86
2300.86
3840.85
3840.85
51.50
51.50
1361.26
1361.26
1398.88
1398.88
64.05
64.05
38.29
38.29
1762.75
1762.75
4031.68
4031.68
907.30
907.30
2562.11
2562.11
1231.84
1231.84
125.03
125.03
62.84
62.84
1399.61
1399.61
779.46
779.46
3089.30
3089.30
1775.24
1775.24
4957.80
4957.80
3940.15
3940.15
100.25
100.25
808.67
808.67
1496.09
1496.09
2606.29
2606.29
1090.93
1090.93
1524.77
1524.77
856.03
856.03
1102.88
1102.88
4422.43
4422.43
1015.13
1015.13
863.31
863.31
55.94
55.94
78.14
78.14
49.50
49.50
10.00
10.00
2938.95
2938.95
124.78
124.78
81.94
81.94
12.55
12.55
14.32
14.32
541.31
541.31
2540.05
2540.05
1246.29
1246.29
1606.20
1606.20
5455.90
5455.90
4162.39
4162.39
6444.52
6444.52
5504.60
5504.60
2226.51
2226.51
219.81
219.81
1585.99
1585.99
57.48
57.48
1212.80
1212.80
2993.52
2993.52
148.17
148.17
875.72
875.72
3211.77
3211.77
3130.92
3130.92
3522.29
3522.29
59.55
59.55
37.38
37.38
4906.79
4906.79
855.37
855.37
3374.97
3374.97
3529.32
3529.32
39.10
39.10
3824.49
3824.49
5532.35
5532.35
395.75
395.75
1884.66
1884.66
1582.25
1582.25
85.13
85.13
2176.69
2176.69
400.35
400.35
1436.07
1436.07
6252.92
6252.92
2574.48
2574.48
2882.96
2882.96
35.25
35.25
868.64
868.64
2943.87
2943.87
2943.87
2943.87
2771.64
2771.64
5836.53
5836.53
65.01
65.01
5568.64
5568.64
4687.72
4687.72
138.63
138.63
3019.79
3019.79
129.04
129.04
5749.13
5749.13
6531.18
6531.18
2026.87
2026.87
936.18
936.18
419.75
419.75
5402.93
5402.93
5600.29
5600.29
1929.24
1929.24
2729.17
2729.17
1339.42
1339.42
3997.99
3997.99
2215.82
2215.82
3980.30
3980.30
3707.60
3707.60
5456.93
5456.93
5652.77
5652.77
39.78
39.78
2588.03
2588.03
2832.52
2832.52
38.73
38.73
864.11
864.11
4700.82
4700.82
2353.80
2353.80
1299.40
1299.40
2548.80
2548.80
5450.61
5450.61
5541.32
5541.32
5972.74
5972.74
5972.74
5972.74
5994.94
5994.94
4604.77
4604.77
1772.67
1772.67
5522.44
5522.44
5522.44
5522.44
2967.65
2967.65
78.77
78.77
2630.40
2630.40
3514.72
3514.72
3514.72
3514.72
1255.07
1255.07
3296.32
3296.32
3296.32
3296.32
3296.32
3296.32
3296.32
3296.32
1550.32
1550.32
1052.99
1052.99
4077.79
4077.79
3844.34
3844.34
2947.82
2947.82
1728.17
1728.17
1667.03
1667.03
867.20
867.20
2775.30
2775.30
2194.55
2194.55
1927.37
1927.37
539.95
539.95
4437.74
4437.74
52.40
52.40
5836.82
5836.82
5485.95
5485.95
5488.62
5488.62
2121.39
2121.39
211.32
211.32
67.11
67.11
1056.57
1056.57
5933.64
5933.64
990.18
990.18
2173.53
2173.53
3135.53
3135.53
1256.01
1256.01
4158.12
4158.12
2936.45
2936.45
5338.02
5338.02
5718.43
5718.43
38.19
38.19
215.91
215.91
424.56
424.56
223.71
223.71
3954.28
3954.28
6000.95
6000.95
859.49
859.49
3804.84
3804.84
916.46
916.46
616.64
616.64
2947.51
2947.51
875.72
875.72
6078.51
6078.51
5353.11
5353.11
2719.91
2719.91
5151.24
5151.24
5818.93
5818.93
38.52
38.52
967.37
967.37
83.24
83.24
920.17
920.17
1196.30
1196.30
426.65
426.65
184.65
184.65
10.00
10.00
32.69
32.69
63.54
63.54
15.63
15.63
13.24
13.24
2092.04
2092.04
52.72
52.72
4697.77
4697.77
1496.28
1496.28
2668.97
2668.97
197.43
197.43
26.15
26.15
154.50
154.50
3853.80
3853.80
4623.67
4623.67
145.23
145.23
51.36
51.36
13.60
13.60
1453.73
1453.73
13.69
13.69
2160.89
2160.89
73.13
73.13
3093.46
3093.46
297.10
297.10
410.31
410.31
13.70
13.70
245.85
245.85
345.30
345.30
216.76
216.76
71.12
71.12
91.58
91.58
12.40
12.40
831.93
831.93
68.73
68.73
92.73
92.73
5233.07
5233.07
2024.54
2024.54
3807.31
3807.31
3807.31
3807.31
3374.36
3374.36
3870.93
3870.93
1251.03
1251.03
1733.51
1733.51
2896.73
2896.73
26.20
26.20
2180.78
2180.78
1608.44
1608.44
609.36
609.36
37.49
37.49
3515.56
3515.56
3681.54
3681.54
10.00
10.00
3612.31
3612.31
3889.97
3889.97
14.85
14.85
176.69
176.69
25.19
25.19
47.23
47.23
888.38
888.38
17.19
17.19
403.51
403.51
5626.18
5626.18
1066.07
1066.07
4221.34
4221.34
400.96
400.96
2791.79
2791.79
6493.85
6493.85
12.58
12.58
5431.46
5431.46
548.64
548.64
13.53
13.53
158.30
158.30
21.77
21.77
5099.88
5099.88
5812.08
5812.08
54.98
54.98
2350.69
2350.69
89.80
89.80
579.05
579.05
14.54
14.54
4098.06
4098.06
1636.29
1636.29
78.31
78.31
2289.37
2289.37
2746.08
2746.08
2157.11
2157.11
2144.29
2144.29
658.70
658.70
33.12
33.12
1939.78
1939.78
583.90
583.90
143.83
143.83
5789.95
5789.95
2253.37
2253.37
4735.83
4735.83
763.19
763.19
44.20
44.20
13.04
13.04
1136.90
1136.90
1872.39
1872.39
24.78
24.78
2466.57
2466.57
849.90
849.90
1023.31
1023.31
4520.01
4520.01
6048.33
6048.33
1755.23
1755.23
4673.00
4673.00
2005.04
2005.04
823.91
823.91
57.61
57.61
3719.08
3719.08
163.72
163.72
63.77
63.77
18.30
18.30
926.78
926.78
3923.50
3923.50
30.18
30.18
3089.96
3089.96
655.71
655.71
92.55
92.55
4503.05
4503.05
6366.88
6366.88
854.74
854.74
15.29
15.29
147.47
147.47
693.12
693.12
905.36
905.36
854.33
854.33
12.05
12.05
67.78
67.78
5095.90
5095.90
2137.30
2137.30
5302.44
5302.44
1221.32
1221.32
826.21
826.21
3009.06
3009.06
51.39
51.39
1543.29
1543.29
97.48
97.48
1515.04
1515.04
3377.67
3377.67
897.05
897.05
5178.38
5178.38
1799.21
1799.21
3269.84
3269.84
116.17
116.17
3782.28
3782.28
2787.37
2787.37
137.64
137.64
5918.93
5918.93
3569.49
3569.49
3024.11
3024.11
4306.30
4306.30
4306.30
12.56
5105.52
5105.52
13.42
13.42
2418.09
2418.09
1028.56
1028.56
42.52
42.52
4176.24
4176.24
345.66
345.66
1200.18
1200.18
2637.96
2637.96
1272.32
1272.32
1984.83
1984.83
41.21
41.21
4064.30
4064.30
1606.78
1606.78
1011.12
1011.12
2080.46
2080.46
2061.71
2061.71
1177.07
1177.07
138.45
138.45
1341.40
1341.40
3623.52
3623.52
5530.21
5530.21
4006.32
4006.32
73.31
73.31
5227.93
5227.93
60.23
60.23
28.86
28.86
672.15
672.15
66.72
66.72
125.39
125.39
2803.14
2803.14
2803.14
16.17
16.17
53.60
53.60
1101.16
1101.16
140.48
146.96
146.96
146.96
58.31
160.60
160.60
160.60
148.12
1269.44
1269.44
27.49
27.49
2119.20
2119.20
3963.28
3963.28
5375.64
