# 1Hz Kbps trace generated by import_real_world_traces.py
1440.66
1597.55
1597.55
1597.55
1597.55
2155.10
2155.10
2155.10
2155.10
2155.10
2155.10
1867.38
1867.38
1867.38
1867.38
1867.38
1867.38
1867.38
1867.38
1948.84
1948.84
1948.84
1948.84
1948.84
1948.84
2539.76
2539.76
2539.76
2539.76
2539.76
2539.76
2539.76
2539.76
17.28
17.28
1943.27
1943.27
2290.30
2290.30
23.08
23.08
509.29
509.29
2200.17
2200.17
2270.61
2270.61
2019.36
2019.36
3601.45
3601.45
3601.45
3601.45
2690.95
2690.95
2690.95
2690.95
2690.95
2690.95
1849.68
1849.68
34.76
34.76
1727.21
1727.21
56.73
56.73
1814.30
1814.30
1814.30
1814.30
1814.30
1814.30
1814.30
1814.30
1814.30
1814.30
1814.30
1814.30
17.24
17.24
126.61
126.61
296.59
296.59
490.21
490.21
842.39
842.39
842.39
842.39
920.19
920.19
920.19
920.19
920.19
920.19
845.37
845.37
69.38
69.38
872.11
872.11
872.11
872.11
872.11
872.11
872.11
872.11
1049.21
1049.21
733.15
733.15
733.15
733.15
1042.22
1042.22
1042.22
1042.22
1042.22
1042.22
1477.73
1477.73
1477.73
1477.73
31.97
31.97
613.38
613.38
613.38
613.38
1267.28
1267.28
23.28
23.28
661.30
661.30
896.74
896.74
971.42
971.42
971.42
971.42
971.42
971.42
1683.81
1683.81
1683.81
1683.81
1457.89
1457.89
1457.89
1457.89
1457.89
1457.89
1912.98
1912.98
1912.98
1912.98
1841.23
1841.23
1367.70
1367.70
1727.45
1727.45
1727.45
1727.45
1727.45
1727.45
19.57
19.57
701.63
701.63
1900.45
1900.45
1716.53
1716.53
1716.53
1716.53
1417.77
1417.77
1417.77
1417.77
1388.64
1388.64
1388.64
1388.64
1845.03
1845.03
910.16
910.16
1088.05
1088.05
1037.06
1037.06
1832.41
1832.41
1935.42
1935.42
1935.42
1935.42
1935.42
1935.42
2084.12
2084.12
2084.12
2084.12
1371.96
1371.96
1371.96
1371.96
1437.28
1437.28
1808.30
1808.30
1808.30
1808.30
1872.35
1872.35
1872.35
1872.35
1859.66
1859.66
1859.66
1859.66
1859.66
1859.66
1859.66
1859.66
19.57
19.57
1889.34
1889.34
1889.34
1889.34
1768.66
1768.66
1768.66
1768.66
1768.66
1768.66
1372.61
1372.61
1372.61
1372.61
1591.75
1591.75
1591.75
1591.75
1591.75
1591.75
926.74
926.74
1078.21
1078.21
187.28
187.28
872.44
872.44
1388.47
1388.47
1388.47
1388.47
1388.47
1388.47
1150.36
1150.36
1150.36
1150.36
1696.17
1696.17
1696.17
1696.17
1696.17
1696.17
1799.14
1799.14
1799.14
1799.14
1573.79
1573.79
1573.79
1573.79
1573.79
1573.79
22.00
22.00
901.53
901.53
1581.65
1581.65
1581.65
1581.65
1866.27
1866.27
1866.27
1866.27
1866.27
1866.27
1866.27
1866.27
1075.83
1075.83
1711.07
1711.07
1832.74
1832.74
1862.39
1862.39
1862.39
1862.39
1862.39
1862.39
2047.56
2047.56
2594.43
2594.43
23.65
23.65
2140.57
2140.57
2140.57
2140.57
2552.80
2552.80
2552.80
2552.80
2552.80
2552.80
2552.80
2552.80
2580.73
2580.73
3241.54
3241.54
24.66
24.66
1721.22
1721.22
1721.22
1721.22
1721.22
1721.22
1721.22
1721.22
1721.22
1721.22
3281.40
3281.40
3281.40
3281.40
3281.40
3281.40
3281.40
3281.40
3281.40
3281.40
3281.40
3281.40
3281.40
3281.40
3281.40
3281.40
3281.40
3281.40
3281.40
3281.40
3281.40
3281.40
2799.88
2799.88
3327.44
3327.44
25.82
25.82
1390.56
1390.56
1439.78
1439.78
1698.58
1698.58
1698.58
1698.58
1698.58
1698.58
1698.58
1698.58
1698.58
1698.58
54.55
54.55
342.86
342.86
375.53
375.53
515.62
515.62
647.32
647.32
218.62
218.62
1053.72
1053.72
860.24
860.24
1059.98
1059.98
1059.98
1059.98
1603.25
1603.25
1502.06
1502.06
1945.76
1945.76
2246.02
2246.02
2446.57
2446.57
1274.87
1274.87
1274.87
1274.87
2525.08
2525.08
2525.08
2525.08
3063.75
3063.75
1763.10
1763.10
1763.10
1763.10
1686.09
1686.09
1823.29
1823.29
1680.69
1680.69
1680.69
1680.69
1832.49
1832.49
1832.49
1832.49
1832.49
1832.49
1832.49
1832.49
1832.49
1832.49
1832.49
1832.49
1832.49
1832.49
1832.49
1832.49
1832.49
1832.49
1832.49
1832.49
1832.49
1832.49
1832.49
1832.49
1832.49
1832.49
1832.49
1832.49
1832.49
1832.49
1832.49
1832.49
1832.49
1832.49
1832.49
1832.49
1832.49
1832.49
18.41
18.41
260.55
260.55
83.96
83.96
238.60
238.60
366.53
366.53
654.50
654.50
1637.40
1637.40
2180.50
2180.50
4522.90
4522.90
3205.03
3205.03
4391.07
4391.07
4391.07
4391.07
3970.68
3970.68
3970.68
3970.68
3970.68
3970.68
3970.68
3970.68
3970.68
3970.68
3970.68
3970.68
3970.68
3970.68
3970.68
3970.68
3970.68
3970.68
3970.68
3970.68
3970.68
3970.68
2772.24
2772.24
3137.30
3137.30
11.94
11.94
3331.63
3331.63
5200.07
5200.07
3003.79
3003.79
3003.79
3003.79
5677.23
5677.23
6663.21
6663.21
6788.04
6788.04
6788.04
6788.04
6788.04
6788.04
6788.04
6788.04
4969.73
4969.73
1949.41
1949.41
2386.79
2386.79
1768.27
1768.27
4623.98
4623.98
4623.98
4623.98
4623.98
4623.98
4623.98
4623.98
4623.98
4623.98
10.00
10.00
59.24
59.24
108.28
108.28
275.78
275.78
716.57
716.57
423.52
423.52
510.49
510.49
1079.88
1079.88
1186.42
1186.42
2204.11
2204.11
2173.67
2173.67
3525.72
3525.72
3495.17
3495.17
3495.17
3495.17
3495.17
3495.17
3495.17
3495.17
3495.17
3495.17
3495.17
3495.17
3495.17
3495.17
3495.17
3495.17
3495.17
3495.17
22.50
22.50
304.55
304.55
780.75
780.75
164.93
164.93
758.91
758.91
23.30
23.30
725.33
725.33
1139.13
1139.13
1181.92
1181.92
1385.37
1385.37
1385.37
1385.37
952.42
952.42
952.42
952.42
952.42
952.42
952.42
1352.69
1352.69
1352.69
1352.69
1439.88
1439.88
1439.88
1439.88
1439.88
1431.50
1431.50
1431.50
1107.76
1107.76
1107.76
1107.76
1600.60
1600.60
1798.15
1798.15
1798.15
1798.15
1798.15
1798.15
772.18
772.18
967.50
967.50
1296.16
1296.16
1296.16
1296.16
1296.16
1296.16
1493.63
1493.63
1493.63
1493.63
2472.64
2472.64
2472.64
2472.64
2472.64
2472.64
2472.64
2472.64
2472.64
2472.64
1894.96
1894.96
1894.96
1894.96
1387.73
1387.73
1387.73
1387.73
2276.08
2276.08
2244.39
2244.39
2244.39
2244.39
1851.64
1851.64
1851.64
1851.64
2396.46
2396.46
1902.34
1902.34
1902.34
1902.34
2035.94
2035.94
890.40
890.40
2042.97
2042.97
2235.12
2235.12
1899.39
1899.39
1985.27
1985.27
2490.02
2490.02
18.09
18.09
18.99
18.99
1814.66
1814.66
1814.66
1814.66
1814.66
1814.66
1814.66
1814.66
1814.66
1814.66
1814.66
1814.66
1814.66
1814.66
1814.66
1814.66
22.84
22.84
151.38
151.38
334.87
334.87
429.10
429.10
692.81
692.81
1207.50
1207.50
1001.32
1001.32
1531.42
1531.42
1507.88
1507.88
1927.57
1927.57
1864.52
1864.52
1630.24
1630.24
2083.97
2083.97
1563.31
1563.31
3875.38
3875.38
5118.90
5118.90
6214.13
6214.13
26.83
26.83
857.79
857.79
2098.03
2098.03
2098.03
2098.03
2098.03
2098.03
2098.03
2098.03
2098.03
2098.03
2270.07
2270.07
2270.07
2270.07
2270.07
2270.07
2270.07
2270.07
2270.07
2270.07
2270.07
2270.07
2270.07
2270.07
2270.07
2270.07
2270.07
2270.07
2270.07
2270.07
2270.07
2270.07
2270.07
2270.07
2270.07
2270.07
2270.07
2270.07
210.95
210.95
252.39
252.39
582.74
582.74
808.55
808.55
721.85
721.85
1427.25
1427.25
967.04
967.04
30.45
30.45
1093.04
1093.04
1469.15
1469.15
21.44
21.44
2901.67
2901.67
2489.72
2489.72
1525.14
1525.14
1546.48
1546.48
1546.48
1546.48
1546.48
1546.48
1803.49
1803.49
1803.49
1803.49
1803.49
1803.49
1803.49
1803.49
1803.49
1803.49
2649.60
2649.60
2649.60
2649.60
2649.60
2649.60
2649.60
2649.60
3110.63
3110.63
3110.63
3110.63
3110.63
3110.63
3110.63
3110.63
3110.63
3110.63
3110.63
3110.63
3110.63
3110.63
3110.63
3110.63
2099.50
2099.50
2099.50
2099.50
2773.82
2773.82
2773.82
2773.82
2773.82
2773.82
2773.82
2773.82
2773.82
2773.82
2773.82
2773.82
2773.82
2773.82
2773.82
2773.82
2773.82
2773.82
2773.82
2773.82
1356.01
1356.01
1256.24
1256.24
877.03
877.03
1243.61
1243.61
1045.72
1045.72
1659.03
1659.03
1328.85
1328.85
1018.76
1018.76
1259.15
1259.15
1434.96
1434.96
1464.79
1464.79
1313.46
1313.46
1246.37
1246.37
1246.37
1246.37
1336.96
1336.96
568.00
568.00
1227.78
1227.78
1372.43
1372.43
1606.62
1606.62
1247.39
1247.39
1247.39
1247.39
1787.50
1787.50
1787.50
1787.50
1768.35
1768.35
1768.35
1768.35
1768.35
1768.35
1639.20
1639.20
1673.30
1673.30
1858.66
1858.66
1858.66
1858.66
1858.66
1858.66
1614.74
1614.74
1614.74
1614.74
1713.66
1713.66
1713.66
1713.66
1716.71
1716.71
1716.71
1716.71
1716.71
1716.71
1785.79
1785.79
1785.79
1785.79
2150.46
2150.46
2150.46
2150.46
2150.46
2150.46
2150.46
2150.46
2711.45
2711.45
2711.45
2711.45
2863.09
2863.09
2739.32
2739.32
2739.32
2739.32
2739.32
2739.32
1931.88
1931.88
1931.88
1931.88
2523.30
2523.30
2583.04
2583.04
2769.13
2769.13
2327.48
2327.48
1706.45
1706.45
2455.34
2455.34
2455.34
2455.34
1966.22
1966.22
803.84
803.84
1264.20
1264.20
807.18
807.18
1106.23
1106.23
2803.65
2803.65
2322.56
2322.56
1510.93
1510.93
2914.29
2914.29
2914.29
2914.29
2914.29
2914.29
2914.29
2914.29
2914.29
2914.29
2914.29
2914.29
4017.05
4017.05
2441.96
2441.96
3000.33
3000.33
4082.34
4082.34
4082.34
4082.34
4082.34
4082.34
4082.34
4082.34
751.84
751.84
1565.31
1565.31
1864.86
1864.86
1864.86
1864.86
1864.86
1864.86
1864.86
1864.86
1995.75
1995.75
1995.75
1995.75
2075.95
2075.95
2075.95
2075.95
2075.95
2075.95
4920.66
4920.66
22.31
22.31
1276.26
1276.26
1620.93
1620.93
1724.63
1724.63
1724.63
1724.63
1724.63
1724.63
1724.63
1724.63
30.38
30.38
281.97
281.97
383.63
383.63
584.38
584.38
717.21
717.21
935.33
935.33
597.76
597.76
762.78
762.78
970.49
970.49
1119.09
1119.09
507.37
507.37
1295.20
1295.20
1824.79
1824.79
2090.05
2090.05
1837.49
1837.49
2453.24
2453.24
2544.41
2544.41
2544.41
2544.41
2544.41
2544.41
2544.41
2544.41
2544.41
2544.41
2544.41
2544.41
2544.41
2544.41
217.98
217.98
216.35
216.35
611.75
611.75
989.77
989.77
1301.34
1301.34
1560.99
1560.99
951.65
951.65
2052.48
2052.48
2894.98
2894.98
3095.80
3095.80
3563.85
3563.85
2978.25
2978.25
3564.39
3564.39
2060.00
2060.00
2071.97
2071.97
2071.97
2071.97
2100.33
2100.33
2100.33
2100.33
2100.33
2100.33
2125.57
2125.57
2125.57
2125.57
2125.57
2125.57
2125.57
2125.57
2125.57
2125.57
2125.57
2125.57
2125.57
2125.57
2125.57
2125.57
29.05
29.05
213.25
213.25
596.81
596.81
882.74
882.74
1147.47
1147.47
1299.80
1299.80
572.41
572.41
1917.37
1917.37
943.93
943.93
2437.54
2437.54
2622.26
2622.26
183.69
183.69
3229.00
3229.00
1822.68
1822.68
2956.64
2956.64
3256.20
3256.20
3256.20
3256.20
3256.20
3256.20
3256.20
3256.20
3256.20
3256.20
3256.20
3256.20
3256.20
3256.20
3256.20
3256.20
3256.20
3256.20
3256.20
3256.20
3256.20
3256.20
3256.20
3256.20
3256.20
3256.20
3256.20
3256.20
3256.20
3256.20
3256.20
3256.20
3256.20
3256.20
3256.20
3256.20
3256.20
3256.20
3256.20
3256.20
3256.20
3256.20
29.08
29.08
540.12
540.12
474.36
474.36
670.79
670.79
1505.77
1505.77
1236.56
1236.56
5100.48
5100.48
6491.76
6491.76
2295.85
2295.85
4657.52
4657.52
4657.52
4657.52
4657.52
4657.52
4657.52
4657.52
4657.52
4657.52
4657.52
4657.52
4657.52
4657.52
4657.52
4657.52
4657.52
4657.52
4657.52
4657.52
4418.96
4418.96
5283.22
5283.22
5269.75
5269.75
5073.35
5073.35
5073.35
5073.35
1377.20
1377.20
1510.92
1510.92
1652.12
1652.12
1652.12
1652.12
1652.12
1652.12
4152.44
4152.44
4240.15
4240.15
3851.75
3851.75
177.39
177.39
1478.03
1478.03
1478.03
1478.03
1831.62
1831.62
1831.62
1831.62
2093.76
2093.76
2093.76
2093.76
2093.76
2093.76
2093.76
2093.76
2093.76
2093.76
2093.76
2093.76
2093.76
2093.76
2093.76
2093.76
2093.76
2093.76
2093.76
2093.76
1100.03
1100.03
998.23
998.23
581.01
581.01
1006.90
1006.90
577.01
577.01
1257.70
1257.70
862.66
862.66
1103.21
1103.21
1936.14
1936.14
2024.05
2024.05
2570.17
2570.17
1778.70
1778.70
2980.66
2980.66
2977.44
2977.44
3552.21
3552.21
2812.18
2812.18
4256.17
4256.17
2871.23
2871.23
4485.20
4485.20
4191.78
4191.78
4191.78
4191.78
4191.78
4191.78
4191.78
4191.78
33.55
33.55
2347.55
2347.55
2347.55
2347.55
2347.55
2347.55
5511.74
5511.74
5424.41
5424.41
527.44
527.44
3091.25
3091.25
7167.53
7167.53
7167.53
7167.53
7167.53
7167.53
7167.53
7167.53
7167.53
7167.53
146.52
146.52
1227.63
1227.63
1922.20
1922.20
1922.20
1922.20
4604.65
4604.65
3752.58
3752.58
3752.58
3752.58
3599.91
3599.91
3720.07
3720.07
31.95
31.95
1289.81
1289.81
1289.81
1289.81
2076.42
2076.42
2076.42
2076.42
2076.42
2076.42
2076.42
2076.42
2076.42
2076.42
2076.42
2076.42
2076.42
2076.42
2076.42
2076.42
2076.42
2076.42
2076.42
2076.42
3071.91
3071.91
3071.91
3071.91
3071.91
3071.91
3071.91
3071.91
3071.91
3071.91
30.01
30.01
2160.41
2160.41
2160.41
2160.41
2160.41
2160.41
2567.60
2567.60
2567.60
2567.60
2567.60
2567.60
3021.49
3021.49
3021.49
3021.49
3021.49
3021.49
3021.49
3021.49
3021.49
3021.49
3021.49
3021.49
3021.49
3021.49
3021.49
3021.49
3021.49
3021.49
182.27
182.27
292.37
292.37
344.95
344.95
889.40
889.40
1283.07
1283.07
1935.26
1935.26
2000.00
2000.00
4019.92
4019.92
5581.02
5581.02
5581.02
5581.02
5887.10
5887.10
5887.10
5887.10
5887.10
5887.10
5887.10
5887.10
5887.10
5887.10
5887.10
5887.10
25.10
25.10
1914.75
1914.75
2110.09
2110.09
5648.27
5648.27
5648.27
5648.27
5648.27
5648.27
5648.27
5648.27
5648.27
5648.27
33.62
33.62
1071.32
1071.32
1907.57
1907.57
4126.06
4126.06
4126.06
4126.06
4126.06
4126.06
2534.67
2534.67
2534.67
2534.67
2534.67
2534.67
2534.67
2534.67
26.09
26.09
1537.12
1537.12
1030.90
1030.90
1174.85
1174.85
1174.85
1174.85
1533.23
1533.23
1533.23
1533.23
1533.23
1533.23
1533.23
1533.23
1533.23
1533.23
1533.23
1533.23
1533.23
1533.23
2265.75
2265.75
2265.75
2265.75
2214.83
2214.83
2214.83
2214.83
2214.83
2214.83
1802.40
1802.40
1802.40
1802.40
1979.83
1979.83
1979.83
1979.83
1950.22
1950.22
1950.22
1950.22
1950.22
1950.22
1950.22
1950.22
1950.22
1950.22
1950.22
1626.68
1626.68
1922.57
1397.57
1397.57
1397.57
1397.57
1397.57
1739.71
1739.71
1219.47
1219.47
2228.02
2228.02
2015.37
2015.37
2053.08
2053.08
2053.08
2053.08
2558.76
2558.76
2558.76
2558.76
598.29
598.29
1017.91
2725.22
2725.22
2725.22
2725.22
2725.22
2725.22
2725.22
2857.92
2857.92
2857.92
2857.92
652.91
652.91
1423.00
1423.00
1423.00
1423.00
2566.18
2566.18
2566.18
2566.18
2447.11
2447.11
2447.11
2447.11
1045.20
1045.20
1045.20
1045.20
1045.20
1045.20
1099.19
1099.19
1099.19
1099.19
2336.29
2336.29
2336.29
2336.29
2336.29
2336.29
2256.20
2256.20
2256.20
2256.20
94.88
94.88
823.83
823.83
2555.97
2555.97
1998.03
1998.03
1998.03
1998.03
2319.72
2319.72
2099.38
2099.38
2356.37
2356.37
2356.37
2356.37
2356.37
2356.37
2356.37
2356.37
2356.37
2356.37
2356.37
2356.37
2356.37
2356.37
2356.37
2356.37
2356.37
2356.37
2356.37
2356.37
1727.66
1727.66
1011.70
1011.70
1597.49
1597.49
1597.49
1597.49
1597.49
1597.49
1085.03
1085.03
1583.25
1583.25
1527.97
1527.97
1527.97
1527.97
1527.02
1527.02
1527.02
1527.02
1527.02
1527.02
25.44
25.44
1624.96
1624.96
1439.48
1439.48
1439.48
1439.48
1439.48
1439.48
1575.36
1575.36
1575.36
1575.36
1069.22
1069.22
1078.82
1078.82
1487.50
1487.50
1487.50
1487.50
1487.50
1487.50
1516.43
1516.43
1516.43
1516.43
992.38
992.38
992.38
992.38
992.38
992.38
547.68
547.68
67.37
67.37
776.43
776.43
906.33
906.33
873.50
873.50
873.50
873.50
873.50
873.50
635.11
635.11
1060.48
1060.48
956.89
956.89
956.89
956.89
1129.84
1129.84
1581.26
1581.26
1763.36
1763.36
1789.13
1789.13
1475.56
1475.56
1346.30
1346.30
1390.69
1390.69
1390.69
1390.69
2161.00
2161.00
2161.00
2161.00
1778.16
1778.16
1778.16
1778.16
1778.16
1778.16
1563.81
1563.81
33.85
33.85
1872.09
1872.09
1872.09
1872.09
2044.82
2044.82
2044.82
2044.82
1203.49
1203.49
1562.25
1562.25
1439.99
1439.99
1439.99
1439.99
1439.99
1439.99
1861.20
1861.20
15.61
15.61
307.57
307.57
1501.56
1501.56
1501.56
1501.56
1551.64
1551.64
1551.64
1551.64
1551.64
1551.64
30.12
30.12
564.83
564.83
1762.25
1762.25
1762.25
1762.25
2099.14
2099.14
1777.91
1777.91
2151.03
2151.03
2287.93
2287.93
2287.93
2287.93
1623.72
1623.72
1623.72
1623.72
1623.72
1623.72
27.95
27.95
605.98
605.98
2002.21
2002.21
2141.28
2141.28
1691.53
1691.53
30.42
30.42
1440.35
1440.35
1625.44
1625.44
1625.44
1625.44
22.81
22.81
94.14
94.14
163.56
163.56
356.83
356.83
356.83
350.39
85.04
85.04
1509.96
1509.96
2115.07
2115.07
576.32
576.32
576.32
576.32
1832.26
1832.26
1832.26
1832.26
2015.27
2015.27
2015.27
2015.27
2062.63
2062.63
1192.44
1192.44
1192.44
1192.44
2324.07
2324.07
889.47
889.47
2014.98
2014.98
2014.98
2014.98
1409.70
1409.70
1818.18
1818.18
3735.91
3735.91
5623.67
5623.67
6363.35
6363.35
4603.77
4603.77
5983.96
5983.96
5983.96
5983.96
5983.96
5983.96
5983.96
5983.96
5983.96
5983.96
5983.96
5983.96
5983.96
5983.96
5983.96
5983.96
293.02
293.02
1183.96
1183.96
1110.21
1110.21
634.01
634.01
442.80
442.80
718.93
718.93
1883.92
1883.92
1883.92
1883.92
520.52
520.52
4397.14
4397.14
4397.14
4397.14
2243.28
2243.28
5260.64
5260.64
5260.64
5260.64
5260.64
5260.64
4971.65
4971.65
2301.13
2301.13
328.05
328.05
1221.85
1221.85
1221.85
1221.85
1378.09
1378.09
1378.09
1378.09
1378.09
1378.09
1378.09
1378.09
1455.58
1455.58
1735.54
1735.54
1735.54
1735.54
1735.54
1735.54
1735.54
1735.54
1735.54
1735.54
103.73
103.73
305.41
305.41
695.24
695.24
732.16
732.16
827.93
827.93
1005.57
1005.57
852.69
852.69
700.49
700.49
860.38
860.38
1877.56
1877.56
1142.98
1142.98
1621.19
1621.19
2726.09
2726.09
2726.09
2726.09
1148.12
1148.12
1148.12
1148.12
1148.12
1148.12
1414.39
1414.39
1414.39
1414.39
2829.46
2829.46
2829.46
2829.46
2829.46
2829.46
2829.46
2829.46
2829.46
2829.46
2508.00
2508.00
2508.00
2508.00
2436.85
2436.85
1588.79
1588.79
1346.76
1346.76
2440.06
2440.06
1553.19
1553.19
2040.06
2040.06
2040.06
2040.06
2400.30
2400.30
731.14
731.14
2230.05
2230.05
647.72
647.72
647.72
647.72
1743.72
1743.72
1743.72
1743.72
1743.72
1743.72
1743.72
1743.72
1743.72
1743.72
1036.96
1036.96
1036.96
1036.96
1036.96
1036.96
578.04
578.04
1065.29
1065.29
667.69
667.69
1191.91
1191.91
1322.38
1322.38
1465.62
1465.62
1152.09
1152.09
1387.83
1387.83
118.79
118.79
653.28
653.28
653.28
653.28
653.28
653.28
1069.00
1069.00
1069.00
1069.00
1036.99
1036.99
1036.99
1036.99
1369.98
1369.98
1369.98
1369.98
1369.98
1369.98
679.90
679.90
679.90
679.90
790.56
790.56
919.73
919.73
919.73
919.73
494.64
494.64
494.64
494.64
938.82
938.82
938.82
938.82
1337.19
1337.19
1337.19
1337.19
1337.19
1337.19
1144.72
1144.72
1144.72
1144.72
1573.89
1573.89
1573.89
1573.89
1573.89
1573.89
394.90
394.90
394.90
394.90
1115.63
1115.63
1115.63
1115.63
766.23
766.23
766.23
766.23
550.34
550.34
800.81
800.81
800.81
800.81
860.98
860.98
860.98
860.98
19.96
19.96
925.01
925.01
925.01
925.01
1092.29
1092.29
1092.29
1092.29
936.58
936.58
936.58
936.58
936.58
936.58
622.95
622.95
1112.35
1112.35
576.22
576.22
576.22
576.22
618.09
618.09
663.52
663.52
663.52
663.52
898.78
898.78
898.78
898.78
156.95
156.95
607.99
607.99
607.99
607.99
1087.46
1087.46
1087.46
1087.46
983.29
983.29
983.29
983.29
983.29
983.29
846.45
846.45
1116.29
1116.29
11.44
11.44
410.59
410.59
816.13
816.13
1006.13
1006.13
1018.25
1018.25
700.70
700.70
470.22
470.22
1137.46
1137.46
1155.20
1155.20
849.62
849.62
763.39
763.39
821.10
821.10
998.69
998.69
998.69
998.69
669.20
669.20
859.77
859.77
782.22
782.22
875.55
875.55
1165.55
1165.55
214.69
214.69
680.97
680.97
1397.89
1397.89
1045.65
1045.65
556.60
556.60
1052.14
1052.14
1066.49
1066.49
1053.38
1053.38
804.21
804.21
273.79
273.79
173.83
173.83
984.85
984.85
778.07
778.07
1104.82
1104.82
1104.82
1104.82
771.52
771.52
771.52
771.52
676.94
676.94
1003.71
1003.71
1041.59
1041.59
565.85
565.85
274.18
274.18
799.31
799.31
799.31
799.31
992.77
992.77
1060.25
1060.25
1073.91
1073.91
1241.52
1241.52
1101.67
1101.67
1273.92
1273.92
1182.81
1182.81
1000.61
1000.61
812.01
812.01
601.00
601.00
1206.07
1206.07
562.24
562.24
1367.19
1367.19
1367.19
1367.19
754.91
754.91
1122.60
1122.60
195.54
195.54
143.22
143.22
254.69
254.69
938.01
938.01
938.01
938.01
938.01
938.01
1155.40
1155.40
1155.40
1155.40
1039.36
1039.36
1039.36
1039.36
841.01
841.01
841.01
841.01
841.01
841.01
1503.10
1503.10
1503.10
1503.10
1503.10
1503.10
1503.10
1503.10
1503.10
1503.10
953.83
953.83
953.83
953.83
1249.82
1249.82
1249.82
1249.82
792.49
792.49
951.47
951.47
746.97
746.97
1426.96
1426.96
1426.96
1426.96
735.66
735.66
735.66
735.66
735.66
735.66
622.75
622.75
935.92
935.92
901.53
901.53
997.16
997.16
646.62
646.62
1073.88
1073.88
362.78
362.78
1232.42
1232.42
817.76
817.76
785.11
785.11
770.43
770.43
675.00
675.00
791.88
791.88
800.72
800.72
689.17
689.17
1047.31
1047.31
1039.18
1039.18
1114.99
1114.99
1204.12
1204.12
565.39
565.39
1048.53
1048.53
881.59
881.59
851.05
851.05
1947.69
1947.69
1378.11
1378.11
1378.11
1378.11
1377.86
1377.86
1377.86
1377.86
937.88
937.88
937.88
937.88
937.88
937.88
1412.15
1412.15
1412.15
1412.15
1710.29
1710.29
1710.29
1710.29
1710.29
1710.29
1859.29
1859.29
1859.29
1859.29
1859.29
1859.29
1859.29
1859.29
1147.26
1147.26
1084.95
1084.95
1084.95
1084.95
1757.10
1757.10
1757.10
1757.10
2408.14
2408.14
2408.14
2408.14
2408.14
2408.14
2312.32
2312.32
2312.32
2312.32
1937.50
1937.50
1937.50
1937.50
2600.48
2600.48
2600.48
2600.48
2600.48
2600.48
1218.72
1218.72
103.79
103.79
1832.69
1832.69
1832.69
1832.69
1832.69
1832.69
2540.71
2540.71
2540.71
2540.71
1934.58
1934.58
1934.58
1934.58
1749.23
1749.23
1749.23
1749.23
1749.23
1749.23
1177.55
1177.55
1177.55
1177.55
1177.55
1177.55
1177.55
1177.55
1177.55
1177.55
1122.95
1122.95
1122.95
1122.95
1122.95
270.25
721.08
721.08
721.08
1135.03
1135.03
1135.03
1135.03
1135.03
1135.03
980.76
980.76
509.85
509.85
878.04
878.04
462.79
462.79
912.66
912.66
76.52
76.52
448.87
448.87
1028.66
1028.66
1401.63
1401.63
2376.82
2376.82
2376.82
2376.82
1333.62
1333.62
2009.22
2009.22
2009.22
2009.22
1840.07
1840.07
1711.30
1711.30
4001.53
4001.53
4001.53
4001.53
4001.53
4001.53
4001.53
4001.53
4001.53
4001.53
4001.53
4001.53
4001.53
4001.53
4001.53
4001.53
4001.53
4001.53
4001.53
4001.53
4001.53
4001.53
4001.53
4001.53
4001.53
4001.53
4001.53
4001.53
4001.53
4001.53
171.45
171.45
181.48
181.48
532.00
532.00
571.63
571.63
650.91
650.91
78.19
78.19
525.12
525.12
527.63
527.63
1005.34
1005.34
1316.14
1316.14
764.37
764.37
368.54
368.54
1948.14
1948.14
1674.75
1674.75
1828.35
1828.35
2335.41
2335.41
2335.41
2335.41
1756.64
1756.64
2104.33
2104.33
2104.33
2104.33
2104.33
2104.33
25.34
25.34
26.61
26.61
1787.77
1787.77
1787.77
1787.77
3085.22
3085.22
3085.22
3085.22
3085.22
3085.22
3085.22
3085.22
3085.22
3085.22
3085.22
3085.22
3085.22
3085.22
3085.22
3085.22
3085.22
3085.22
3085.22
3085.22
3085.22
3085.22
27.06
27.06
117.28
117.28
165.33
165.33
358.38
358.38
1107.32
1107.32
1240.44
1240.44
2001.40
2001.40
1598.39
1598.39
1598.39
1598.39
1598.39
1598.39
4845.96
4845.96
61.05
61.05
1498.61
1498.61
1498.61
1498.61
1840.22
1840.22
1840.22
1840.22
1840.22
1840.22
1840.22
1840.22
1840.22
1840.22
24.35
24.35
88.38
88.38
122.94
122.94
572.77
572.77
572.77
572.77
273.63
273.63
342.93
342.93
619.93
619.93
711.01
711.01
711.01
711.01
110.92
110.92
517.88
517.88
954.21
954.21
954.21
954.21
960.59
960.59
1132.12
1132.12
1132.12
1132.12
689.50
689.50
689.50
689.50
1052.66
1052.66
1052.66
1052.66
1052.66
1052.66
597.77
597.77
612.16
612.16
1704.10
1704.10
1704.10
1704.10
1704.10
1704.10
898.92
898.92
1023.25
1023.25
882.22
882.22
882.22
882.22
1729.16
1729.16
1729.16
1729.16
1729.16
1729.16
1193.83
1193.83
1193.83
1193.83
1613.92
1613.92
1613.92
1613.92
1893.64
1893.64
38.17
38.17
580.46
580.46
21.50
21.50
691.56
691.56
1530.49
1530.49
1530.49
1530.49
1684.70
1684.70
1855.20
1855.20
1855.20
1855.20
1876.46
1876.46
1255.01
1255.01
1733.77
1733.77
1733.77
1733.77
1733.77
1733.77
1037.75
1037.75
1110.31
1110.31
1530.76
1530.76
1007.88
1007.88
1320.73
1320.73
892.25
892.25
892.25
892.25
1500.07
1500.07
1500.07
1500.07
2322.67
2322.67
2322.67
2322.67
2322.67
2322.67
1753.52
1753.52
1753.52
1753.52
1677.07
1677.07
1677.07
1677.07
1677.07
1677.07
1919.94
1919.94
24.30
24.30
2127.32
2127.32
2127.32
2127.32
2337.87
2337.87
1622.49
1622.49
1622.49
1622.49
1152.08
1152.08
2577.13
2577.13
1874.07
1874.07
1874.07
1874.07
1874.07
1874.07
2177.77
2177.77
20.84
20.84
2354.06
2354.06
2354.06
2354.06
2354.06
2354.06
2354.06
2354.06
2354.06
2354.06
1826.67
1826.67
1826.67
1826.67
1826.67
1826.67
1826.67
1826.67
58.02
58.02
1415.72
1415.72
1415.72
1415.72
29.44
29.44
745.23
745.23
916.69
916.69
1224.48
1224.48
1668.94
1668.94
2047.76
2047.76
3075.20
3075.20
22.99
22.99
3622.47
3622.47
438.39
438.39
1739.53
1739.53
1739.53
1739.53
5358.64
5358.64
3633.97
3633.97
3702.51
3702.51
3702.51
3702.51
3702.51
3702.51
3702.51
3702.51
3702.51
3702.51
3702.51
3702.51
3702.51
3702.51
3702.51
3702.51
3702.51
3702.51
313.35
313.35
386.09
386.09
678.86
678.86
971.69
971.69
775.53
775.53
1183.72
1183.72
1113.71
1113.71
1531.59
1531.59
2025.97
2025.97
2025.97
2025.97
2025.97
2025.97
2373.84
2373.84
2373.84
2373.84
2415.78
2415.78
2415.78
2415.78
23.56
23.56
620.46
620.46
953.43
953.43
1472.59
1472.59
1472.59
1472.59
1865.78
1865.78
1865.78
1865.78
1865.78
1865.78
1894.58
1894.58
1894.58
1894.58
1509.21
1509.21
1509.21
1509.21
1509.21
1509.21
1509.21
1509.21
1509.21
1509.21
1448.08
1448.08
1448.08
1448.08
1287.92
1287.92
1287.92
1287.92
1287.92
1287.92
1951.80
1951.80
1951.80
1951.80
1377.78
1377.78
39.01
39.01
1162.24
1162.24
1162.24
1162.24
1798.71
1798.71
1184.53
1184.53
1184.53
1184.53
1524.09
1524.09
1524.09
1524.09
1465.81
1465.81
1465.81
1465.81
1465.81
1465.81
1363.10
1363.10
1363.10
1363.10
1055.83
1055.83
1055.83
1055.83
1055.83
1055.83
1190.90
1190.90
1321.27
1321.27
1331.12
1331.12
1331.12
1331.12
1473.62
1473.62
1473.62
1473.62
1400.04
1400.04
1044.56
1044.56
1044.56
1044.56
1044.56
1044.56
1044.56
1044.56
1044.56
1044.56
1044.56
1044.56
1169.51
1169.51
715.20
715.20
691.63
691.63
1269.79
1269.79
376.78
376.78
649.07
649.07
1038.61
1038.61
1038.61
1038.61
1054.43
1054.43
1054.43
1054.43
873.77
873.77
515.01
515.01
1336.31
1336.31
983.68
983.68
761.63
761.63
1413.18
1413.18
1011.94
1011.94
586.84
586.84
1482.96
1482.96
1482.96
1482.96
1332.20
1332.20
1332.20
1332.20
1332.20
1332.20
1833.05
1833.05
1833.05
1833.05
1543.39
1543.39
1543.39
1543.39
1543.39
1543.39
1543.39
1543.39
1543.39
1543.39
1492.88
1492.88
1861.42
1861.42
2057.28
2057.28
2057.28
2057.28
2057.28
2057.28
2057.28
2057.28
2057.28
2057.28
2057.28
2057.28
2057.28
2057.28
1679.56
1679.56
1401.38
1401.38
1058.87
1058.87
2218.51
2218.51
1855.55
1855.55
1527.38
1527.38
1527.38
1527.38
1527.38
1527.38
1476.32
1476.32
2173.82
2173.82
1598.30
1598.30
1598.30
1598.30
1598.30
1598.30
1598.30
1598.30
1598.30
1598.30
19.42
19.42
1157.67
1157.67
89.59
89.59
883.00
883.00
961.73
961.73
167.99
167.99
2175.32
2175.32
2137.95
2137.95
2150.28
2150.28
2080.15
2080.15
21.59
21.59
687.97
687.97
2322.20
2322.20
2322.20
2322.20
1820.61
1820.61
1820.61
1820.61
1820.61
1820.61
2602.10
2602.10
2602.10
2602.10
2031.29
2031.29
1771.03
1771.03
2076.12
2076.12
2023.09
2023.09
2023.09
2023.09
2462.59
2462.59
2133.09
2133.09
2068.70
2068.70
1579.58
1579.58
1579.58
1579.58
1579.58
1579.58
1579.58
1579.58
554.73
554.73
1071.58
1071.58
1925.69
1925.69
1925.69
1925.69
1925.69
1925.69
2266.02
2266.02
21.20
21.20
2138.52
2138.52
2138.52
2138.52
2138.52
2138.52
713.31
713.31
713.31
713.31
1191.35
1191.35
1191.35
1191.35
1191.35
1191.35
1191.35
1191.35
1194.70
1194.70
16.70
16.70
57.99
57.99
183.11
183.11
326.06
326.06
548.74
548.74
432.47
432.47
516.89
516.89
714.71
714.71
714.71
714.71
725.63
725.63
1020.41
1020.41
1031.11
1031.11
1165.12
1165.12
1100.82
1100.82
1483.66
1483.66
2514.82
2514.82
2165.33
2165.33
1824.50
1824.50
1824.50
1824.50
740.19
740.19
4177.23
4177.23
4177.23
4177.23
4177.23
4177.23
4177.23
4177.23
4177.23
4177.23
4177.23
4177.23
4177.23
4177.23
4177.23
4177.23
4177.23
4177.23
1986.09
1986.09
1604.48
1604.48
2324.39
2324.39
32.48
32.48
2819.15
2819.15
2819.15
2819.15
2819.15
2819.15
2568.97
2568.97
1439.76
1439.76
1439.76
2530.04
1831.25
1831.25
2703.01
2703.01
3705.78
3705.78
24.15
24.15
12.51
12.51
1771.42
1771.42
3163.60
3163.60
3163.60
3163.60
3163.60
3163.60
1237.99
1237.99
1237.99
1237.99
1314.23
1314.23
1314.23
1314.23
1314.23
1314.23
2847.30
2847.30
2208.37
2208.37
2911.66
2911.66
2911.66
2911.66
2805.76
2805.76
2805.76
2805.76
2805.76
2805.76
2805.76
2805.76
2805.76
2805.76
2711.57
2711.57
215.69
215.69
215.69
1340.13
1340.13
1340.13
1340.13
1340.13
1494.23
1494.23
1494.23
1494.23
1494.23
1494.23
1494.23
1494.23
1494.23
1494.23
1549.54
1549.54
1549.54
1549.54
1549.54
1549.54
1549.54
1549.54
1549.54
1549.54
2777.64
2777.64
529.89
529.89
947.03
947.03
947.03
947.03
2457.10
2457.10
2457.10
2457.10
2457.10
2457.10
2457.10
2457.10
2457.10
2457.10
1918.82
1918.82
1918.82
1918.82
1918.82
1918.82
2498.06
2498.06
2223.05
2223.05
1948.35
1948.35
1948.35
1948.35
2364.67
2364.67
2364.67
2364.67
2364.67
2364.67
1985.79
1985.79
1985.79
1985.79
2689.92
2689.92
2689.92
2689.92
2689.92
2689.92
2454.22
2454.22
2454.22
2454.22
1014.15
1014.15
1324.84
1324.84
1174.37
1174.37
32.45
32.45
867.84
867.84
2401.97
2401.97
2401.97
2401.97
2321.67
2321.67
2321.67
2321.67
22.93
22.93
1083.31
1083.31
1083.31
1083.31
2365.81
2365.81
2365.81
2365.81
476.77
476.77
930.07
930.07
1006.93
1006.93
1006.93
708.29
708.29
708.29
955.05
955.05
955.05
955.05
1053.23
1053.23
1053.23
1850.09
1850.09
2525.19
2525.19
27.21
27.21
980.23
980.23
1323.57
1323.57
2037.17
2037.17
2037.17
2037.17
2037.17
2037.17
2037.17
2037.17
2706.67
2706.67
2723.05
2723.05
1597.87
1597.87
19.40
19.40
655.37
655.37
2945.57
2945.57
2945.57
2945.57
2945.57
2945.57
22.92
22.92
2029.79
2029.79
2029.79
2029.79
2029.79
2029.79
24.17
24.17
1064.53
1064.53
2694.59
2694.59
2694.59
2694.59
2694.59
2694.59
3245.53
3245.53
3245.53
3245.53
47.99
47.99
1092.34
1092.34
1092.34
1092.34
1721.70
1721.70
1721.70
1721.70
31.17
31.17
1372.22
1372.22
2581.05
2581.05
2581.05
2581.05
2581.05
2581.05
817.46
817.46
817.46
817.46
2161.46
2161.46
2161.46
2161.46
2161.46
2161.46
1866.27
1866.27
1866.27
1866.27
1232.98
1232.98
1285.33
1285.33
1860.28
1860.28
1860.28
1860.28
2169.75
2169.75
2428.25
2428.25
2428.25
2428.25
2050.63
2050.63
2050.63
2050.63
19.21
19.21
2022.53
2022.53
2022.53
2022.53
2098.04
2098.04
2098.04
2098.04
16.21
16.21
760.99
760.99
787.75
787.75
1819.60
1819.60
1819.60
1819.60
601.23
601.23
601.23
601.23
723.63
723.63
18.85
18.85
579.57
579.57
24.16
24.16
598.56
598.56
1983.69
1983.69
1983.69
1983.69
1983.69
1983.69
2181.08
2181.08
2181.08
2181.08
24.41
24.41
1822.77
1822.77
1822.77
1822.77
2398.68
2398.68
2398.68
2398.68
2398.68
2398.68
1818.01
1818.01
1922.32
1922.32
1922.32
1922.32
1922.32
1922.32
2131.05
2131.05
2131.05
2131.05
14.07
14.07
999.41
999.41
999.41
999.41
1768.05
1768.05
1768.05
1768.05
1683.79
1683.79
1683.79
1683.79
1683.79
1683.79
1683.79
1683.79
1683.79
1683.79
1683.79
1683.79
1683.79
1683.79
1528.06
1528.06
2038.83
2038.83
2038.83
2038.83
25.99
25.99
1489.48
1489.48
1442.64
1442.64
1911.54
1911.54
1753.26
1753.26
1753.26
1753.26
1753.26
1753.26
17.45
17.45
1059.87
1059.87
1666.39
1666.39
1666.39
1666.39
1666.39
1666.39
1628.37
1628.37
1628.37
1628.37
28.57
28.57
1086.84
1086.84
1610.20
1610.20
1610.20
1610.20
1610.20
1610.20
2239.50
2239.50
2239.50
2239.50
1616.68
1616.68
1347.25
1347.25
1472.81
1472.81
27.26
27.26
860.14
860.14
2150.14
2150.14
1706.79
1706.79
1965.01
1965.01
1677.99
1677.99
1986.32
1986.32
1776.10
1776.10
1776.10
1776.10
1464.99
1464.99
1464.99
1464.99
1912.27
1912.27
2197.82
2197.82
2212.76
2212.76
10.00
10.00
2017.07
2017.07
18.04
18.04
1772.02
1772.02
2254.16
2254.16
764.10
764.10
10.00
10.00
625.20
625.20
1619.01
1619.01
2387.25
2387.25
2387.25
2387.25
13.68
13.68
1638.46
1638.46
1638.46
1638.46
2223.34
2223.34
1739.38
1739.38
47.45
47.45
1407.64
1407.64
1407.64
1407.64
1868.87
1868.87
1868.87
1868.87
575.44
575.44
461.68
461.68
461.68
461.68
489.31
489.31
855.80
855.80
862.62
862.62
728.26
728.26
734.26
734.26
628.70
628.70
935.80
935.80
669.58
669.58
1025.25
1025.25
972.18
972.18
972.18
972.18
892.80
892.80
766.34
766.34
1334.07
1334.07
1083.94
1083.94
798.72
798.72
1202.94
1202.94
921.29
921.29
239.61
239.61
827.48
827.48
888.54
888.54
1576.67
1576.67
1790.81
1790.81
962.61
962.61
1631.74
1631.74
1675.14
1675.14
1366.81
1366.81
1366.81
1366.81
1366.81
1366.81
1634.88
1634.88
862.30
862.30
862.30
862.30
862.30
862.30
639.55
639.55
639.55
639.55
639.55
639.55
1116.99
1116.99
744.03
744.03
1020.16
1020.16
410.09
410.09
456.69
456.69
658.45
658.45
1262.74
1262.74
557.40
557.40
557.40
557.40
1646.50
1646.50
1646.50
1646.50
1646.50
1646.50
1061.60
1061.60
1086.10
1086.10
32.96
32.96
1651.94
1651.94
707.37
707.37
631.02
631.02
631.02
631.02
755.47
755.47
755.47
755.47
574.75
574.75
747.88
747.88
643.75
643.75
786.55
786.55
786.55
786.55
211.71
211.71
245.99
245.99
351.01
351.01
263.34
263.34
296.09
296.09
406.28
406.28
724.80
724.80
633.28
633.28
659.62
659.62
926.60
926.60
776.98
776.98
891.99
891.99
45.93
45.93
506.55
506.55
933.62
933.62
1033.73
1033.73
941.33
941.33
1003.17
1003.17
1003.17
1003.17
604.38
604.38
604.38
604.38
758.00
758.00
1626.01
1626.01
1626.01
1626.01
1267.32
1267.32
1267.32
1267.32
1267.32
1267.32
836.27
836.27
983.99
983.99
1962.06
1962.06
1556.19
1556.19
2554.37
2554.37
2111.28
2111.28
2111.28
2111.28
1771.59
1771.59
1909.66
1909.66
1776.35
1776.35
1776.35
1776.35
1776.35
1776.35
1776.35
1776.35
1840.89
1840.89
1775.54
1775.54
1775.54
1775.54
1775.54
1775.54
1775.54
1775.54
26.36
26.36
2482.26
2482.26
2262.19
2262.19
2002.79
2002.79
2002.79
2002.79
2002.79
2002.79
2002.79
2002.79
2002.79
2002.79
2002.79
2002.79
2002.79
2002.79
2694.10
2694.10
2694.10
2694.10
2694.10
2694.10
2583.80
2583.80
1922.85
1922.85
2103.89
2103.89
2103.89
2103.89
2103.89
2103.89
2103.89
2103.89
2103.89
2103.89
2103.89
2103.89
2103.89
2103.89
47.78
47.78
29.39
29.39
748.74
748.74
1472.23
1472.23
1472.23
1472.23
27.61
27.61
1331.66
1331.66
1331.66
1331.66
1900.77
1900.77
1900.77
1900.77
1900.77
1900.77
1900.77
1900.77
2076.70
2076.70
20.98
20.98
1038.18
1038.18
2064.33
2064.33
2064.33
2064.33
1767.55
1767.55
1767.55
1767.55
1767.55
1767.55
1364.80
1364.80
1364.80
1364.80
19.00
19.00
719.55
719.55
1770.19
1770.19
11.78
11.78
397.42
397.42
1327.86
1327.86
1327.86
1327.86
1466.45
1466.45
1466.45
1466.45
1466.45
1466.45
1466.45
1466.45
1466.45
1466.45
2227.79
2227.79
2227.79
2227.79
2608.82
2608.82
2608.82
2608.82
2608.82
2608.82
2673.42
2673.42
2673.42
2673.42
2761.85
2761.85
185.56
185.56
1259.16
1259.16
2649.63
2649.63
2649.63
2649.63
2649.63
2649.63
2649.63
2649.63
2119.13
2119.13
2119.13
2119.13
2119.13
2119.13
2409.62
2409.62
2409.62
2409.62
2409.62
2409.62
2409.62
2409.62
2409.62
2409.62
2179.27
2179.27
2179.27
2179.27
1938.15
1938.15
1938.15
1938.15
2527.32
2527.32
2527.32
2527.32
2527.32
2527.32
1577.68
1577.68
3486.86
3486.86
3486.86
3486.86
3486.86
3486.86
3486.86
3486.86
3578.30
3578.30
3578.30
3578.30
3578.30
3578.30
3578.30
3578.30
3578.30
3578.30
422.32
422.32
566.97
566.97
822.58
822.58
587.91
587.91
763.72
763.72
1496.28
1496.28
2289.60
2289.60
2655.65
2655.65
2256.80
2256.80
2155.17
2155.17
10.00
10.00
25.92
25.92
24.12
24.12
2612.69
2612.69
15.30
15.30
21.25
21.25
4727.75
4727.75
3113.21
3113.21
4816.18
4816.18
22.30
22.30
1489.89
1489.89
1846.27
1846.27
1846.27
1846.27
1846.27
1846.27
2200.42
2200.42
2200.42
2200.42
2200.42
2200.42
2200.42
2200.42
2200.42
2200.42
2200.42
2200.42
2200.42
2200.42
2200.42
2200.42
2200.42
2200.42
2200.42
2200.42
2200.42
2200.42
227.87
227.87
524.46
524.46
654.23
654.23
654.23
712.45
568.11
568.11
703.79
703.79
1175.05
1175.05
1435.79
1435.79
1831.92
1831.92
1831.92
1831.92
1486.35
1486.35
1067.79
1067.79
1932.03
1932.03
2418.04
2418.04
2418.04
2418.04
1948.60
1948.60
1948.60
1948.60
1987.88
1987.88
1987.88
1987.88
2676.97
2676.97
2676.97
2676.97
2676.97
2676.97
2676.97
2676.97
2676.97
2676.97
2528.78
2528.78
2528.78
2528.78
2528.78
2528.78
2528.78
2203.24
2203.24
2203.24
2626.65
2626.65
2626.65
2626.65
2469.57
2469.57
2469.57
2469.57
3535.98
3535.98
3554.56
3554.56
19.92
19.92
2924.85
2924.85
2924.85
2924.85
2924.85
2924.85
2924.85
2924.85
2924.85
2924.85
2924.85
2924.85
2924.85
2924.85
2924.85
2924.85
2924.85
2924.85
2924.85
2924.85
188.61
188.61
559.37
559.37
107.09
107.09
779.33
779.33
718.26
718.26
1852.12
1852.12
771.94
771.94
1394.32
1394.32
1394.32
1394.32
1812.45
1812.45
1812.45
1812.45
1812.45
1812.45
1114.46
1114.46
1114.46
1114.46
1647.06
1647.06
1647.06
1647.06
1647.06
1647.06
1743.36
1743.36
1657.75
1657.75
1657.75
10.00
1174.80
1174.80
1589.61
1589.61
1589.61
1589.61
1589.61
1589.61
1732.45
1732.45
1883.18
1883.18
1769.28
1769.28
1629.52
1629.52
1629.52
1629.52
1605.71
1605.71
1964.07
1964.07
1707.38
1707.38
1652.42
1652.42
1729.26
1729.26
1931.98
1931.98
1931.98
1931.98
1968.28
1968.28
1968.28
1968.28
2003.45
2003.45
24.31
24.31
907.75
907.75
2057.46
2057.46
2057.46
2057.46
2057.46
2057.46
2057.46
2057.46
1986.52
1986.52
1986.52
1986.52
1986.52
1986.52
1986.52
1986.52
27.54
27.54
27.54
24.58
24.58
905.06
905.06
1025.93
1025.93
1239.41
1239.41
1583.97
1583.97
1343.57
1343.57
1752.93
1752.93
1935.71
1935.71
40.72
40.72
2336.00
2336.00
2717.46
2717.46
2922.77
2922.77
1864.98
1864.98
1864.98
1864.98
1864.98
1864.98
1952.97
1952.97
1952.97
1952.97
1952.97
1952.97
1952.97
1952.97
1952.97
1952.97
1952.97
1952.97
1952.97
1952.97
1952.97
1952.97
2161.05
2161.05
241.77
241.77
262.55
262.55
302.56
302.56
655.67
655.67
776.23
776.23
862.91
862.91
1879.58
1879.58
2770.83
2770.83
1761.42
1761.42
2625.62
2625.62
3097.06
3097.06
2403.39
2403.39
2403.39
2403.39
2403.39
2403.39
4918.76
4918.76
4918.76
4918.76
4918.76
4918.76
4918.76
4918.76
4918.76
4918.76
4918.76
4918.76
4918.76
4918.76
4918.76
4918.76
45.79
45.79
260.93
260.93
679.65
679.65
949.99
949.99
913.26
913.26
944.10
944.10
1620.26
1620.26
1369.64
1369.64
2241.24
2241.24
2656.24
2656.24
2656.24
2656.24
2656.24
2656.24
2983.38
2983.38
2983.38
2983.38
2983.38
2983.38
2983.38
2983.38
2983.38
2983.38
2348.20
2348.20
2348.20
2348.20
2926.31
2926.31
1940.74
1940.74
2385.47
2385.47
2453.78
2453.78
2286.97
2286.97
2060.78
2060.78
2676.09
2676.09
2785.26
2785.26
2505.16
2505.16
2158.22
2158.22
19.15
19.15
1742.70
1742.70
1742.70
1742.70
1742.70
1742.70
1742.70
1742.70
1742.70
1742.70
2136.10
2136.10
30.76
30.76
490.40
490.40
1440.66
1440.66
1440.66
1440.66
1440.66
1440.66
1958.38
1958.38
1958.38
1958.38
1958.38
1958.38
1958.38
1958.38
1958.38
1958.38
1958.38
1958.38
1958.38
1958.38
1958.38
1958.38
1958.38
1958.38
2241.60
2241.60
2241.60
2241.60
3053.98
3053.98
18.45
18.45
3162.65
3162.65
2808.23
2808.23
2444.65
2444.65
2444.65
2444.65
2444.65
2444.65
19.58
19.58
2470.57
2470.57
2178.26
2178.26
1732.71
1732.71
2474.10
2474.10
2474.10
2474.10
1659.89
1659.89
1659.89
1659.89
2429.37
2429.37
2429.37
2429.37
22.08
22.08
1513.17
1513.17
1513.17
1513.17
1930.20
1930.20
1930.20
1930.20
1931.87
1931.87
1931.87
1931.87
1537.89
1537.89
1537.89
1537.89
1537.89
1537.89
1537.89
1537.89
2531.96
2531.96
162.80
162.80
884.64
884.64
996.37
996.37
1999.52
1999.52
1999.52
1999.52
1999.52
1999.52
1999.52
1999.52
22.91
22.91
1092.73
1092.73
1092.73
1092.73
2324.32
2324.32
2324.32
2324.32
2324.32
2324.32
1694.01
1694.01
1904.31
1904.31
286.43
286.43
732.22
732.22
1114.23
1114.23
1114.23
1114.23
27.83
27.83
501.78
501.78
501.78
501.78
1448.88
1448.88
1448.88
1448.88
1274.26
1274.26
1274.26
1274.26
1274.26
1274.26
1432.86
1432.86
1432.86
1432.86
27.49
27.49
838.73
838.73
1605.56
1605.56
1605.56
1605.56
1605.56
1605.56
27.60
27.60
462.82
462.82
915.04
915.04
915.04
915.04
915.04
915.04
1440.43
1440.43
1440.43
1440.43
806.98
806.98
806.98
806.98
1824.16
1824.16
1161.47
1161.47
1341.14
1341.14
1150.87
1150.87
1150.87
1150.87
2293.99
2293.99
2293.99
2293.99
2293.99
2293.99
1394.34
1394.34
1394.34
1394.34
1394.34
1394.34
1394.34
1394.34
2100.72
2100.72
2100.72
2100.72
2100.72
2100.72
1124.54
1124.54
1124.54
1124.54
2031.35
2031.35
2031.35
2031.35
2031.35
2031.35
1790.53
1790.53
1916.79
1916.79
1866.32
1866.32
1866.32
1866.32
1866.32
1866.32
211.41
211.41
1098.87
1098.87
1619.13
1619.13
1619.13
1619.13
1619.13
1619.13
1619.13
1619.13
1619.13
1619.13
1343.38
1343.38
1693.12
1693.12
1395.54
1395.54
1395.54
1395.54
1064.38
1064.38
1064.38
1064.38
1064.38
1064.38
1744.80
1744.80
20.00
20.00
1544.21
1544.21
1544.21
1544.21
1544.21
1544.21
1544.21
1544.21
1544.21
1544.21
1592.11
1592.11
1592.11
1592.11
1831.74
1831.74
1831.74
1831.74
1831.74
1831.74
1699.12
1699.12
1699.12
1699.12
1795.70
1795.70
1795.70
1795.70
1195.22
1195.22
1411.14
1411.14
1119.00
1119.00
926.34
926.34
926.34
926.34
1972.97
1972.97
1972.97
1972.97
1545.98
1545.98
1305.01
1305.01
1305.01
1305.01
1305.01
1305.01
1305.01
1305.01
1305.01
1305.01
1999.19
1999.19
26.21
26.21
1823.45
1823.45
924.48
924.48
1254.39
1254.39
1164.25
1164.25
1448.56
1448.56
1753.38
1753.38
1522.31
1522.31
1473.48
1473.48
1466.04
1466.04
1356.16
1356.16
1747.69
1747.69
13.51
13.51
1009.64
1009.64
1009.64
1009.64
2192.07
2192.07
14.40
14.40
1742.67
1742.67
3236.84
3236.84
3236.84
3236.84
3236.84
3236.84
3236.84
3236.84
3236.84
3236.84
3236.84
3236.84
3236.84
3236.84
3236.84
3236.84
19.57
19.57
200.02
200.02
499.45
499.45
68.90
68.90
225.96
225.96
359.34
359.34
213.12
213.12
267.16
267.16
251.71
251.71
544.25
544.25
477.36
477.36
381.26
381.26
381.26
381.26
415.50
415.50
451.20
451.20
66.30
66.30
119.60
119.60
550.59
550.59
559.44
559.44
559.44
559.44
648.52
648.52
447.97
447.97
649.21
649.21
736.71
736.71
780.80
780.80
700.91
700.91
929.19
929.19
929.19
929.19
807.03
807.03
367.48
367.48
689.23
689.23
516.04
516.04
524.61
524.61
766.94
766.94
22.90
22.90
432.23
432.23
477.48
477.48
390.00
390.00
499.25
499.25
499.81
499.81
536.78
536.78
450.64
450.64
554.54
554.54
554.54
554.54
304.14
304.14
448.34
448.34
346.62
346.62
425.18
425.18
395.19
395.19
459.50
459.50
459.50
459.50
459.50
459.50
763.96
763.96
302.82
302.82
1054.86
1054.86
602.47
602.47
602.47
602.47
321.14
321.14
945.43
945.43
702.31
702.31
859.87
859.87
142.70
142.70
250.41
250.41
837.20
837.20
10.00
10.00
547.51
547.51
775.10
775.10
775.10
775.10
376.19
376.19
315.26
315.26
456.93
456.93
402.37
402.37
361.95
361.95
198.35
198.35
384.53
384.53
462.05
462.05
401.27
401.27
401.27
401.27
23.52
23.52
624.87
624.87
434.42
434.42
660.41
660.41
578.94
578.94
898.77
898.77
898.77
898.77
1333.25
1333.25
1134.71
1134.71
1185.63
1185.63
52.28
52.28
3667.95
3667.95
1731.95
1731.95
4705.31
4705.31
3933.76
3933.76
4493.34
4493.34
4493.34
4493.34
4493.34
4493.34
4493.34
4493.34
4493.34
4493.34
4493.34
4493.34
13.21
13.21
1721.76
1721.76
1721.76
1721.76
1721.76
1721.76
24.25
24.25
1851.71
1851.71
1851.71
1851.71
1851.71
1851.71
1851.71
1851.71
1851.71
1851.71
20.29
20.29
20.29
140.38
140.38
162.19
162.19
419.22
718.30
718.30
718.30
485.77
485.77
1093.60
1093.60
1428.02
1428.02
1864.74
1864.74
1864.74
1864.74
1616.79
1616.79
1616.79
1616.79
2002.37
2002.37
2002.37
2002.37
2002.37
2002.37
2035.06
2035.06
2035.06
18.03
18.03
767.55
767.55
767.55
990.57
990.57
990.57
990.57
1060.66
1060.66
1976.74
1976.74
1976.74
1976.74
1501.15
1501.15
1501.15
1501.15
1553.66
1553.66
1038.57
1038.57
1038.57
1038.57
1537.10
1537.10
1537.10
1537.10
2329.58
2329.58
2329.58
2329.58
2329.58
2298.62
2298.62
2298.62
22.06
22.06
1735.31
1735.31
2061.11
2061.11
1306.64
1306.64
2284.91
2284.91
2284.91
2284.91
1983.50
1983.50
1983.50
1983.50
169.14
169.14
772.68
772.68
772.68
772.68
830.47
830.47
867.11
867.11
1980.70
1980.70
1980.70
1980.70
1980.70
1980.70
1956.58
1956.58
1956.58
1956.58
2796.20
2796.20
2796.20
2796.20
2796.20
2796.20
2796.20
2796.20
2796.20
2796.20
2696.57
2696.57
2696.57
2696.57
2086.95
2086.95
2623.01
2623.01
2623.01
2623.01
1923.45
1923.45
2057.64
2057.64
1942.85
1942.85
2001.19
2001.19
2606.55
2606.55
2517.92
2517.92
35.05
35.05
2785.82
2785.82
2785.82
2785.82
2785.82
2785.82
25.65
25.65
1392.29
1392.29
3005.45
3005.45
3005.45
3005.45
1550.05
1550.05
1550.05
1550.05
1567.79
1567.79
1567.79
1567.79
410.17
410.17
3229.82
3229.82
3229.82
3229.82
2268.91
2268.91
2268.91
2268.91
2268.91
2268.91
2268.91
2268.91
2268.91
2268.91
2268.91
2268.91
2268.91
2268.91
51.52
51.52
875.86
875.86
1150.06
1150.06
2550.66
2550.66
2550.66
2550.66
2252.94
2252.94
1871.61
1871.61
1871.61
1871.61
2054.89
2054.89
2054.89
2054.89
2013.73
2013.73
2013.73
2013.73
2640.78
2640.78
1931.16
1931.16
2182.78
2182.78
2350.63
2350.63
1058.54
1058.54
2365.13
2365.13
2365.13
2365.13
1928.72
1928.72
1971.23
1971.23
1971.23
1971.23
1971.23
1971.23
1971.23
1971.23
38.93
38.93
2591.56
2591.56
2591.56
2591.56
2591.56
2591.56
2591.56
2591.56
2591.56
2591.56
2591.56
2591.56
3079.15
3079.15
19.43
19.43
1016.38
1016.38
1688.86
1688.86
1688.86
1688.86
25.37
25.37
1014.68
1014.68
1107.40
1107.40
17.56
17.56
95.06
95.06
336.87
336.87
285.32
285.32
590.50
590.50
635.78
635.78
1013.54
1013.54
957.30
957.30
974.97
974.97
535.82
535.82
697.04
697.04
1950.39
1950.39
2168.34
2168.34
2205.69
2205.69
1388.07
1388.07
1388.07
1388.07
1505.44
1505.44
1505.44
1505.44
1505.44
1505.44
1505.44
1505.44
1505.44
1505.44
3419.51
3419.51
3419.51
3419.51
3419.51
3419.51
2225.41
2225.41
2225.41
2225.41
2225.41
2225.41
2225.41
2225.41
2225.41
2225.41
2225.41
2225.41
2225.41
2225.41
2225.41
2225.41
2225.41
2225.41
2225.41
2225.41
2225.41
2225.41
22.03
22.03
502.72
502.72
256.94
256.94
427.04
427.04
477.56
477.56
402.24
402.24
471.86
471.86
831.45
831.45
1487.81
1487.81
1487.81
1487.81
1301.41
1301.41
1301.41
1301.41
1401.36
1401.36
1959.55
1959.55
1341.78
1341.78
1902.31
1902.31
2166.31
2166.31
1792.37
1792.37
1833.44
1833.44
2383.96
2383.96
2383.96
2383.96
2383.96
2383.96
2383.96
2383.96
2383.96
2383.96
2383.96
2383.96
1873.03
1873.03
10.00
10.00
1771.29
1771.29
1771.29
1771.29
1316.91
1316.91
1316.91
1316.91
1316.91
1316.91
14.20
14.20
236.19
236.19
1706.77
1706.77
1706.77
1706.77
1706.77
1706.77
2026.11
2026.11
2026.11
2026.11
1211.09
1211.09
1211.09
1211.09
1987.27
1987.27
1987.27
1987.27
1987.27
1987.27
2159.82
2159.82
2159.82
2159.82
2135.49
2135.49
2976.32
2976.32
2976.32
2976.32
1310.22
1310.22
1547.16
1547.16
1590.91
1590.91
2235.11
2235.11
3180.11
3180.11
3180.11
3180.11
3180.11
3180.11
23.83
23.83
2196.56
2196.56
2685.13
2685.13
2685.13
2685.13
2185.16
2185.16
1923.58
1923.58
2533.69
2533.69
1967.28
1967.28
1967.28
1967.28
2958.80
2958.80
32.54
32.54
1210.07
1210.07
2452.25
2452.25
1214.16
1214.16
3131.72
3131.72
2353.50
2353.50
3161.91
3161.91
3161.91
3161.91
886.55
886.55
2273.73
2273.73
4196.79
4196.79
16.59
16.59
5786.44
5786.44
18.24
18.24
2249.55
2249.55
2249.55
2249.55
2249.55
2249.55
2249.55
2249.55
2249.55
2249.55
19.98
19.98
130.38
130.38
513.19
513.19
933.34
933.34
1202.91
1202.91
1009.82
1009.82
1069.80
1069.80
403.79
403.79
2373.35
2373.35
4117.04
4117.04
4320.98
4320.98
17.19
17.19
4527.06
4527.06
1458.62
1458.62
2191.77
2191.77
2191.77
2191.77
2191.77
2191.77
2191.77
2191.77
2191.77
2191.77
2191.77
2191.77
2191.77
2191.77
2191.77
2191.77
2191.77
2191.77
2191.77
2191.77
2191.77
2191.77
2191.77
2191.77
26.97
26.97
103.59
103.59
354.68
354.68
399.97
399.97
379.37
379.37
630.70
630.70
553.41
553.41
1541.38
1541.38
24.14
24.14
1517.72
1517.72
1823.36
1823.36
152.49
152.49
2369.41
2369.41
3086.61
3086.61
3284.80
3284.80
3712.54
3712.54
2117.26
2117.26
3138.75
3138.75
3117.15
3117.15
3117.15
3117.15
3117.15
3117.15
3117.15
3117.15
3117.15
3117.15
3117.15
3117.15
3117.15
3117.15
3117.15
3117.15
3117.15
3117.15
3117.15
3117.15
3117.15
3117.15
3117.15
3117.15
3117.15
3117.15
18.66
18.66
49.50
49.50
298.30
298.30
359.53
359.53
538.93
538.93
463.37
463.37
1075.72
1075.72
1439.19
1439.19
1808.48
1808.48
1808.48
1808.48
2101.36
2101.36
2458.24
2458.24
2062.55
2062.55
2062.55
2062.55
2048.15
2048.15
2048.15
2048.15
2048.15
2048.15
2048.15
2048.15
2048.15
2048.15
2048.15
2048.15
2048.15
2048.15
130.16
130.16
2045.68
2045.68
2045.68
2045.68
2210.34
2210.34
2210.34
2210.34
2268.60
2268.60
2268.60
2268.60
2268.60
2268.60
2606.00
2606.00
2606.00
2606.00
1659.68
1659.68
2719.54
2719.54
2719.54
2719.54
1707.86
1707.86
4043.87
4043.87
5308.86
5308.86
3018.12
3018.12
1939.20
1939.20
1939.20
1939.20
1939.20
1939.20
2028.99
2028.99
2028.99
2028.99
2028.99
2028.99
2028.99
2028.99
2028.99
2028.99
2028.99
2028.99
2028.99
2028.99
2028.99
2028.99
2028.99
2028.99
19.42
19.42
159.26
159.26
172.86
172.86
546.26
546.26
31.95
31.95
979.87
979.87
1662.45
1662.45
2750.25
2750.25
4516.92
4516.92
1076.35
1076.35
1621.26
1621.26
2009.06
2009.06
2072.39
2072.39
2356.23
2356.23
2356.23
2356.23
2356.23
2356.23
2356.23
2356.23
2356.23
2356.23
2356.23
2356.23
2356.23
2356.23
2356.23
2356.23
2356.23
2356.23
2356.23
2356.23
2356.23
2356.23
2356.23
2356.23
2356.23
2356.23
2356.23
2356.23
2356.23
2356.23
2356.23
2356.23
2356.23
2356.23
2356.23
2356.23
2356.23
2356.23
2356.23
2356.23
2356.23
2356.23
2356.23
2356.23
2448.67
2448.67
2450.83
2450.83
2450.83
2450.83
2450.83
2450.83
221.74
221.74
272.13
272.13
849.53
849.53
1106.23
1106.23
3379.89
3379.89
3613.00
3613.00
3972.42
3972.42
1935.11
1935.11
4235.16
4235.16
4235.16
4235.16
4235.16
4235.16
4235.16
4235.16
4235.16
4235.16
4235.16
4235.16
4235.16
4235.16
4235.16
4235.16
4235.16
4235.16
4235.16
4235.16
4235.16
4235.16
16.71
16.71
282.28
282.28
378.79
378.79
636.57
636.57
636.57
636.57
784.18
784.18
1351.08
1351.08
1854.23
1854.23
1937.81
1937.81
1937.81
1937.81
1937.81
1937.81
1937.81
1937.81
1937.81
1937.81
1937.81
1937.81
1811.20
1811.20
1256.29
1256.29
1529.65
1529.65
1375.88
1375.88
1375.88
1375.88
790.32
790.32
890.51
890.51
1092.90
1092.90
1092.90
1092.90
1621.94
1621.94
1391.03
1391.03
1391.03
1391.03
159.20
159.20
303.03
303.03
1611.53
1611.53
1876.87
1876.87
1876.87
1876.87
1876.87
1876.87
1876.87
1876.87
1876.87
1876.87
629.82
629.82
629.82
629.82
1337.19
1337.19
1337.19
1337.19
1331.85
1331.85
1331.85
1331.85
1331.85
1331.85
1101.46
1101.46
1101.46
1101.46
1584.64
1584.64
961.58
961.58
1568.26
1568.26
1427.39
1427.39
1427.39
1427.39
1219.32
1219.32
1219.32
1219.32
985.96
985.96
1143.88
1143.88
1143.88
1143.88
1143.88
1143.88
1143.88
1143.88
2419.91
2419.91
2419.91
2419.91
2419.91
2419.91
2419.91
2419.91
2419.91
2419.91
2725.38
2725.38
2725.38
2725.38
2650.14
2650.14
2650.14
2650.14
2650.14
2650.14
2325.79
2325.79
2325.79
2325.79
2273.41
2273.41
2273.41
2273.41
2273.41
2273.41
2355.65
2355.65
1699.94
1699.94
2137.84
2137.84
1258.77
1258.77
2801.42
2801.42
2782.33
2782.33
21.68
21.68
1622.61
1622.61
1622.61
1622.61
2125.79
2125.79
2125.79
2125.79
2125.79
2125.79
2125.79
2125.79
2125.79
2125.79
2125.79
2125.79
2125.79
2125.79
2125.79
22.56
22.56
90.05
90.05
337.80
337.80
658.98
658.98
855.91
855.91
898.43
898.43
1171.25
1363.85
1363.85
1363.85
1972.15
1972.15
2089.31
2089.31
1812.47
1812.47
1543.71
1543.71
1622.55
1622.55
1060.06
1060.06
1092.85
1092.85
25.87
25.87
3712.46
3712.46
3221.32
3221.32
2565.17
2565.17
2565.17
2565.17
22.37
22.37
1039.86
1039.86
669.25
669.25
5353.49
5353.49
6108.13
6108.13
3731.81
3731.81
5938.96
5938.96
5938.96
5938.96
5938.96
5938.96
5938.96
5938.96
5938.96
5938.96
5938.96
5938.96
5938.96
5938.96
5938.96
5938.96
5938.96
5938.96
3906.12
3906.12
3129.79
3129.79
2677.22
2677.22
2677.22
2677.22
3776.53
3776.53
3776.53
3776.53
3776.53
3776.53
91.95
91.95
1262.64
1262.64
1424.65
1424.65
1424.65
1424.65
21.00
21.00
1264.88
1264.88
1986.35
1986.35
1986.35
1986.35
1986.35
1986.35
2374.57
2374.57
2374.57
2374.57
2374.57
2374.57
10.00
10.00
347.41
347.41
584.82
584.82
584.82
584.82
451.90
451.90
690.33
690.33
59.07
59.07
594.70
594.70
594.70
594.70
622.58
622.58
622.58
622.58
687.27
687.27
687.27
687.27
1006.06
1006.06
1006.06
1006.06
1006.06
1006.06
1135.39
1135.39
1135.39
1135.39
1246.76
1246.76
1246.76
1246.76
1246.76
1246.76
983.88
983.88
983.88
983.88
1244.59
1244.59
1244.59
1244.59
628.54
628.54
766.20
766.20
1188.57
1188.57
683.38
683.38
967.78
967.78
967.78
967.78
652.89
652.89
652.89
652.89
769.93
769.93
769.93
769.93
812.33
812.33
812.33
812.33
1108.62
1108.62
1108.62
1108.62
1108.62
1108.62
1082.31
1082.31
1082.31
1082.31
1342.00
1342.00
1342.00
1342.00
1342.00
1342.00
1342.00
1342.00
1342.00
1342.00
1255.34
1255.34
1255.34
1255.34
1059.82
1059.82
1337.74
1337.74
1566.83
1566.83
801.19
801.19
801.19
801.19
1576.04
1576.04
1190.36
1190.36
1174.21
1174.21
1285.29
1285.29
1285.29
1285.29
1787.68
1787.68
1212.33
1212.33
462.42
462.42
2014.63
2014.63
2014.63
2014.63
2014.63
2014.63
2014.63
2014.63
1723.26
1723.26
1723.26
1723.26
1723.26
1723.26
1174.24
1174.24
1174.24
1174.24
1188.04
1188.04
1188.04
1188.04
2435.25
2435.25
2435.25
2435.25
2435.25
2435.25
21.52
21.52
2468.35
2468.35
1875.96
1875.96
1875.96
1875.96
1875.96
1875.96
2013.86
2013.86
1651.11
1651.11
1638.56
1638.56
835.94
835.94
1776.99
1776.99
1776.99
1776.99
1776.99
1776.99
1184.36
1184.36
1184.36
1184.36
29.47
29.47
959.03
959.03
16.15
16.15
1840.24
1840.24
1840.24
1840.24
1588.30
1588.30
10.96
10.96
950.82
950.82
950.82
950.82
950.82
950.82
1437.40
1437.40
1437.40
1437.40
1492.10
1492.10
1492.10
1492.10
1492.10
1492.10
1294.04
1294.04
1294.04
1294.04
1484.40
1484.40
1484.40
1484.40
1610.08
1610.08
1610.08
1610.08
1610.08
1610.08
993.54
993.54
993.54
993.54
992.11
992.11
992.11
992.11
21.93
21.93
1495.41
1495.41
1495.41
1495.41
883.68
883.68
883.68
883.68
1887.17
1887.17
1887.17
1887.17
1887.17
1887.17
1561.88
1561.88
1561.88
1561.88
1702.73
1702.73
1702.73
1702.73
1702.73
1702.73
1962.88
1962.88
1962.88
1962.88
1883.56
1883.56
2263.25
2263.25
1528.83
1528.83
1528.83
1528.83
22.33
22.33
1707.14
1707.14
1707.14
1707.14
2146.08
2146.08
2146.08
2146.08
2146.08
2146.08
1841.86
1841.86
1841.86
1841.86
1415.59
1415.59
1415.59
1415.59
1939.52
1939.52
1939.52
1939.52
1939.52
1939.52
998.48
998.48
998.48
998.48
1343.99
1343.99
1343.99
1343.99
1343.99
1343.99
2233.87
2233.87
1738.99
1738.99
17.24
17.24
640.10
640.10
1171.23
1171.23
1171.23
1171.23
1171.23
1171.23
1171.23
1171.23
1171.23
1171.23
643.82
643.82
935.80
935.80
143.65
143.65
419.23
419.23
748.14
748.14
572.19
572.19
572.19
572.19
29.04
29.04
791.24
791.24
791.24
791.24
798.00
798.00
274.40
274.40
839.21
839.21
839.21
839.21
839.21
839.21
718.11
718.11
718.11
718.11
735.71
735.71
735.71
735.71
575.30
575.30
575.30
575.30
575.30
575.30
757.57
757.57
757.57
757.57
589.84
589.84
589.84
589.84
589.84
589.84
789.49
789.49
789.49
789.49
1013.79
1013.79
1013.79
1013.79
1026.20
1026.20
1103.12
1103.12
1103.12
1103.12
1103.12
1103.12
1103.12
1103.12
1306.87
1306.87
1306.87
1306.87
1482.23
1482.23
1482.23
1482.23
98.93
98.93
465.97
465.97
560.60
560.60
560.60
560.60
562.50
562.50
626.92
626.92
164.36
164.36
596.71
596.71
596.71
596.71
596.71
596.71
1352.16
1352.16
1352.16
1352.16
1352.16
1352.16
256.79
256.79
734.31
734.31
1468.99
1468.99
3868.07
3868.07
3868.07
3868.07
1133.65
1133.65
306.64
306.64
40.52
40.52
2430.78
2430.78
4530.95
4530.95
10.00
10.00
10.00
10.00
988.40
988.40
1226.06
1226.06
1932.05
1932.05
1932.05
1932.05
1932.05
1932.05
1932.05
1932.05
1932.05
1932.05
1932.05
1932.05
2396.29
2396.29
2396.29
2396.29
2396.29
2396.29
2579.58
2579.58
2579.58
2579.58
2579.58
2579.58
2579.58
2579.58
2579.58
2579.58
2579.58
2579.58
2579.58
2579.58
2579.58
2579.58
2579.58
2579.58
2579.58
2579.58
10.00
10.00
230.16
230.16
424.61
424.61
962.87
962.87
1007.23
1007.23
220.16
220.16
575.18
575.18
703.05
703.05
34.87
34.87
988.17
988.17
655.53
655.53
766.83
766.83
872.60
872.60
1218.58
1218.58
1312.14
1312.14
408.36
408.36
1078.94
1078.94
184.59
184.59
1112.77
1112.77
569.75
569.75
2308.36
2308.36
170.52
170.52
1895.02
1895.02
1895.02
1895.02
1667.92
1667.92
1925.11
1925.11
1925.11
1925.11
23.25
23.25
554.87
554.87
1291.24
1291.24
1291.24
1291.24
57.34
57.34
128.46
128.46
719.93
719.93
18.67
18.67
666.16
666.16
666.16
801.41
654.36
654.36
654.36
654.36
608.07
608.07
877.55
877.55
1303.07
1303.07
1853.48
1853.48
1166.74
1166.74
1971.57
1971.57
1922.46
1922.46
1782.78
1782.78
2418.60
2418.60
2999.05
2999.05
1286.47
1286.47
1217.62
1217.62
1001.24
1001.24
1017.02
1017.02
1402.68
1402.68
1402.68
1402.68
1402.68
1402.68
10.00
10.00
753.59
753.59
984.59
984.59
17.35
17.35
1291.10
1291.10
1291.10
1291.10
1291.10
1291.10
1062.15
1062.15
1062.15
1062.15
22.81
22.81
800.74
800.74
800.74
800.74
24.21
24.21
814.06
814.06
1154.78
1154.78
1154.78
1154.78
1154.78
1154.78
1154.78
1154.78
1154.78
1154.78
1683.53
1683.53
1683.53
1683.53
1993.07
1993.07
1993.07
1993.07
2192.45
2192.45
2192.45
2192.45
2192.45
2192.45
2192.45
2192.45
16.50
16.50
777.57
777.57
777.57
777.57
777.57
777.57
1582.63
1582.63
1582.63
1582.63
1582.63
1582.63
1582.63
1582.63
2000.48
2000.48
2000.48
2000.48
2000.48
2000.48
2000.48
2000.48
2000.48
2000.48
1986.45
1986.45
1986.45
1986.45
1986.45
1986.45
1986.45
1986.45
1986.45
1986.45
1275.28
1275.28
1275.28
1275.28
1726.53
1726.53
1726.53
1726.53
1726.53
1726.53
14.48
14.48
474.37
474.37
1573.48
1573.48
19.36
19.36
673.33
673.33
844.22
844.22
844.22
844.22
1082.31
1082.31
1082.31
1082.31
912.16
912.16
912.16
912.16
912.16
912.16
267.04
267.04
267.04
267.04
855.06
855.06
570.58
570.58
897.84
897.84
273.39
273.39
425.07
425.07
721.00
721.00
721.00
721.00
10.07
10.07
70.69
70.69
258.23
258.23
330.36
330.36
699.31
699.31
945.13
945.13
945.13
945.13
945.13
945.13
1289.46
1289.46
1289.46
1289.46
102.31
102.31
986.34
986.34
1507.66
1507.66
1507.66
1507.66
1507.66
1507.66
1507.66
1507.66
1507.66
1507.66
2233.61
2233.61
2233.61
2233.61
2233.61
2233.61
898.82
898.82
898.82
898.82
1762.01
1762.01
21.56
21.56
1007.33
1007.33
1737.82
1737.82
692.20
692.20
1003.79
1003.79
2460.99
2460.99
1298.14
1298.14
1298.14
1298.14
1298.14
1298.14
1298.14
1298.14
1298.14
1298.14
1409.43
1409.43
1409.43
1409.43
1409.43
1409.43
1409.43
1409.43
1409.43
1409.43
1409.43
1409.43
1409.43
1409.43
2866.24
2866.24
2866.24
2866.24
2866.24
2866.24
2866.24
2866.24
2866.24
2866.24
1330.36
1330.36
743.38
743.38
1373.05
1373.05
1373.05
1373.05
1373.05
1373.05
1525.31
1525.31
1525.31
1525.31
1620.77
1620.77
10.00
10.00
746.67
746.67
1750.85
1750.85
1750.85
1750.85
1122.12
1122.12
1608.97
1608.97
21.72
21.72
2028.99
2028.99
11.39
11.39
1264.16
1264.16
1264.16
1264.16
10.00
10.00
15.43
15.43
10.00
10.00
1736.67
1736.67
1736.67
1736.67
1736.67
1736.67
1736.67
1736.67
1736.67
1736.67
1736.67
1736.67
1736.67
1736.67
1736.67
1838.28
1838.28
1838.28
1838.28
1838.28
1838.28
1838.28
1838.28
1838.28
1838.28
1838.28
1838.28
1838.28
1838.28
1838.28
1838.28
1838.28
1838.28
1838.28
1838.28
1838.28
1838.28
1838.28
1838.28
1838.28
1838.28
1838.28
1838.28
1838.28
1838.28
1838.28
1838.28
1838.28
1838.28
1838.28
1838.28
1838.28
1838.28
1838.28
1838.28
1838.28
2596.73
2596.73
2596.73
1467.73
1467.73
2446.25
2446.25
2446.25
2446.25
2571.34
2571.34
24.63
24.63
677.59
677.59
3860.90
3860.90
3860.90
3860.90
3860.90
3860.90
3860.90
3860.90
3860.90
3860.90
3860.90
3860.90
3860.90
3860.90
3860.90
3860.90
38.87
38.87
103.86
277.67
277.67
277.67
341.69
341.69
475.72
475.72
484.92
484.92
241.24
241.24
197.33
197.33
506.65
506.65
647.81
647.81
582.05
582.05
658.33
658.33
332.24
332.24
612.33
612.33
784.83
784.83
784.83
784.83
784.83
784.83
159.85
159.85
469.43
469.43
907.62
907.62
907.62
907.62
985.88
985.88
1015.15
1015.15
488.68
488.68
1132.33
1132.33
1673.22
1673.22
1328.66
1328.66
1328.66
1328.66
1328.66
1328.66
417.96
417.96
636.27
636.27
1018.75
1018.75
1692.78
1692.78
25.81
25.81
1036.76
1036.76
1534.85
1534.85
2960.10
2960.10
2339.86
2339.86
2339.86
2339.86
2339.86
2339.86
1985.09
1985.09
2039.57
2039.57
2719.35
2719.35
2030.75
2030.75
2030.75
2030.75
3187.38
3187.38
1265.51
1265.51
1293.12
1293.12
1692.32
1692.32
1692.32
1692.32
1692.32
1692.32
1692.32
1692.32
1692.32
1692.32
1929.42
1929.42
1929.42
1929.42
1929.42
1929.42
1929.42
1929.42
1929.42
1929.42
1929.42
1929.42
1929.42
1929.42
1929.42
1929.42
1929.42
1929.42
1929.42
1929.42
3768.71
3768.71
10.00
10.00
1146.42
1146.42
13.29
13.29
3387.56
3387.56
4529.86
4529.86
4529.86
4529.86
1299.60
1299.60
1299.60
1299.60
1652.05
1652.05
2888.47
2888.47
2888.47
2888.47
2888.47
2888.47
2888.47
2888.47
16.39
16.39
1070.08
1070.08
1066.67
1066.67
1078.68
1078.68
254.39
254.39
2764.31
2764.31
5762.08
5762.08
5082.81
5082.81
1759.33
1759.33
1759.33
1759.33
1759.33
1759.33
1759.33
1759.33
1759.33
1759.33
1759.33
1759.33
1759.33
1759.33
1759.33
1759.33
1799.92
1799.92
441.33
441.33
831.60
831.60
1729.75
1729.75
1729.75
1729.75
2306.88
2306.88
2604.74
2604.74
2604.74
2604.74
2604.74
2604.74
703.47
703.47
1777.81
1777.81
2524.56
2524.56
3753.49
3753.49
3753.49
3753.49
3753.49
3753.49
3753.49
3753.49
3753.49
3753.49
706.23
706.23
706.23
706.23
2085.71
2085.71
2085.71
2085.71
2085.71
2085.71
2085.71
2085.71
2085.71
2085.71
2398.43
2398.43
2398.43
2398.43
2398.43
2398.43
1386.27
1386.27
1386.27
1386.27
2515.82
2515.82
2515.82
2515.82
1293.24
1293.24
78.85
78.85
311.33
311.33
2637.36
2637.36
461.31
461.31
10.00
10.00
2906.84
2906.84
14.55
14.55
1710.05
1710.05
2169.14
2169.14
2169.14
2169.14
2169.14
2169.14
3867.07
3867.07
5670.53
5670.53
5670.53
5670.53
5670.53
5670.53
5670.53
5670.53
5670.53
5670.53
5670.53
5670.53
5670.53
5670.53
459.10
459.10
2022.56
2022.56
6261.71
6261.71
2614.25
2614.25
835.82
835.82
1886.74
1886.74
1886.74
1886.74
1886.74
1886.74
1886.74
1886.74
1886.74
1886.74
1886.74
1886.74
1886.74
1886.74
1886.74
1886.74
1962.81
1962.81
1962.81
1962.81
11.07
11.07
13.37
13.37
1047.32
1047.32
2651.85
2651.85
2651.85
2651.85
2651.85
2651.85
2651.85
2651.85
2651.85
2651.85
2651.85
2651.85
2651.85
2651.85
2651.85
2651.85
19.29
19.29
48.16
48.16
190.47
190.47
195.43
195.43
226.87
226.87
294.20
294.20
123.78
123.78
581.78
581.78
10.29
10.29
575.07
575.07
523.52
523.52
201.41
201.41
645.98
645.98
749.08
749.08
744.44
744.44
856.52
856.52
969.68
969.68
672.85
672.85
672.85
672.85
740.60
740.60
17.19
17.19
1256.71
1256.71
1721.55
1721.55
1219.96
1219.96
1353.73
1353.73
1353.73
1353.73
1817.95
1817.95
1817.95
1817.95
1817.95
1817.95
25.61
25.61
776.23
776.23
1152.46
1152.46
1152.46
1152.46
1152.46
1152.46
484.77
484.77
947.86
947.86
1665.49
1665.49
1665.49
1665.49
352.46
352.46
352.46
352.46
427.32
427.32
2115.05
2115.05
2115.05
2115.05
378.65
378.65
1694.89
1694.89
1858.84
1858.84
1858.84
1858.84
1858.84
1858.84
14.83
14.83
1437.55
1437.55
1942.24
1942.24
2226.99
2226.99
2226.99
2226.99
1503.56
1503.56
1503.56
1503.56
1503.56
1503.56
1503.56
1503.56
1503.56
1503.56
1503.56
1503.56
1839.66
1839.66
864.11
864.11
49.40
49.40
905.26
905.26
905.26
905.26
1154.70
1154.70
517.13
517.13
558.21
558.21
1069.93
1069.93
1069.93
1069.93
1069.93
1069.93
1069.93
1069.93
1069.93
1069.93
1298.53
1298.53
1298.53
1298.53
1398.57
1398.57
1398.57
1398.57
983.76
983.76
22.92
22.92
723.40
723.40
1511.51
1511.51
45.83
45.83
543.59
543.59
543.59
543.59
543.59
543.59
22.83
22.83
308.18
308.18
1875.72
1875.72
1875.72
1875.72
1279.61
1279.61
1143.16
1143.16
1143.16
1143.16
365.20
365.20
891.91
891.91
1677.28
1677.28
1677.28
1677.28
1677.28
1677.28
1677.28
1677.28
1677.28
1677.28
1835.43
1835.43
1835.43
1835.43
1835.43
1835.43
1835.43
1835.43
1835.43
1835.43
2061.37
2061.37
2061.37
2061.37
2074.30
2074.30
2074.30
2074.30
779.24
779.24
2719.09
2719.09
114.96
114.96
1262.21
1262.21
1262.21
1262.21
1544.79
1544.79
1544.79
1544.79
1544.79
1544.79
2127.77
2127.77
2127.77
2127.77
16.14
16.14
743.61
743.61
743.61
743.61
1133.33
1133.33
1133.33
1133.33
888.19
888.19
18.05
18.05
1925.00
1925.00
3075.88
3075.88
2679.13
2679.13
2679.13
2679.13
16.95
16.95
1533.91
1533.91
3116.46
3116.46
3188.54
3188.54
2263.02
2263.02
32.47
32.47
1410.80
1410.80
1410.80
1410.80
1410.80
1410.80
1802.87
1802.87
19.74
19.74
10.77
10.77
1425.82
1425.82
1488.74
1488.74
1304.79
1304.79
1787.60
1787.60
1787.60
1787.60
3445.32
3445.32
1888.85
1888.85
1540.93
1540.93
4573.64
4573.64
2819.73
2819.73
3588.00
3588.00
1066.71
1066.71
3744.24
3744.24
3988.93
3988.93
4038.45
4038.45
4038.45
4038.45
4038.45
4038.45
2756.80
2756.80
1561.16
1561.16
1561.16
1561.16
1561.16
1561.16
1561.16
1561.16
1561.16
1561.16
10.54
10.54
54.49
54.49
296.48
296.48
329.32
329.32
675.73
675.73
907.29
907.29
1494.44
1494.44
1494.44
1494.44
1494.44
1494.44
1494.44
1494.44
1632.71
1632.71
1632.71
1632.71
127.63
127.63
721.59
721.59
1244.26
1244.26
1654.03
1654.03
10.00
10.00
2069.62
2069.62
1958.76
1958.76
2130.59
2130.59
2720.67
2720.67
576.08
576.08
2197.80
2197.80
2197.80
2197.80
2264.78
2264.78
2264.78
2264.78
24.21
24.21
1961.49
1961.49
2486.90
2486.90
2486.90
2486.90
2486.90
2486.90
2328.20
2328.20
2328.20
2328.20
2328.20
2328.20
2328.20
2328.20
2328.20
2328.20
2209.32
2209.32
2209.32
2209.32
2046.15
2046.15
1491.41
1491.41
1596.39
1596.39
1491.58
1491.58
1491.58
1491.58
1913.33
1913.33
1913.33
1913.33
1913.33
1913.33
1409.35
1409.35
1409.35
1409.35
1785.33
1785.33
1785.33
1785.33
1785.33
1785.33
1560.42
1560.42
615.16
615.16
2242.70
2242.70
2242.70
2242.70
1938.20
1938.20
1938.20
1938.20
1938.20
1938.20
1938.20
1938.20
1938.20
1938.20
1938.20
1938.20
1938.20
1938.20
1938.20
1938.20
2355.39
2355.39
1232.09
1232.09
2328.18
2328.18
2328.18
2328.18
2328.18
2328.18
2328.18
2328.18
2328.18
2328.18
2273.40
2273.40
2273.40
2273.40
2273.40
2273.40
2273.40
2273.40
2273.40
2273.40
2273.40
2273.40
2273.40
2273.40
2273.40
2273.40
55.33
55.33
567.65
567.65
567.01
567.01
342.27
342.27
568.35
568.35
568.35
568.35
823.49
823.49
1221.48
1221.48
1428.73
1428.73
1620.15
1620.15
500.48
500.48
2303.52
2303.52
2874.53
2874.53
1543.07
1543.07
3305.53
3305.53
402.44
402.44
3818.82
3818.82
4802.32
4802.32
4542.24
4542.24
4561.49
4561.49
4776.99
4776.99
4776.99
4776.99
4776.99
4776.99
4776.99
4776.99
4776.99
4776.99
4776.99
4776.99
4776.99
4776.99
4776.99
4776.99
22.29
22.29
1663.15
1663.15
1456.18
1456.18
1456.18
1456.18
1001.63
1001.63
1194.07
1194.07
1827.54
1827.54
2176.52
2176.52
1721.30
1721.30
1572.95
1572.95
1572.95
1572.95
1572.95
1572.95
1934.38
1934.38
2102.63
2102.63
2117.10
2117.10
96.27
96.27
1660.60
1660.60
1660.60
1660.60
1660.60
1660.60
2541.56
2541.56
2541.56
2541.56
2541.56
2016.00
2016.00
2016.00
2955.13
2955.13
2955.13
2955.13
2955.13
35.37
35.37
2332.13
2332.13
2332.13
2332.13
28.42
28.42
28.31
28.31
926.95
926.95
2140.76
2140.76
2140.76
2140.76
2558.38
2558.38
2558.38
2679.67
2679.67
2679.67
2679.67
2679.67
2679.67
2679.67
2229.63
2229.63
2229.63
2229.63
1808.82
1808.82
2665.14
2665.14
2665.14
2665.14
1867.38
1867.38
1867.38
1867.38
2098.62
2098.62
3034.21
2216.16
2216.16
2216.16
1670.53
1670.53
3298.10
3298.10
3298.10
3298.10
26.50
26.50
960.34
960.34
1313.28
1313.28
1313.28
1313.28
1780.69
1780.69
1780.69
1780.69
1780.69
1780.69
1780.69
1780.69
1780.69
1780.69
1780.69
1780.69
1780.69
1780.69
1780.69
1780.69
1780.69
1780.69
2294.83
2294.83
2294.83
2294.83
24.05
24.05
1323.87
1323.87
1323.87
1323.87
1367.92
1367.92
1367.92
1367.92
1367.92
1367.92
1367.92
1367.92
1367.92
1367.92
1146.84
1146.84
1026.68
1026.68
922.37
922.37
148.52
148.52
912.32
912.32
1275.71
1275.71
1275.71
1275.71
870.24
870.24
821.76
821.76
798.10
798.10
798.10
798.10
1292.94
1292.94
1064.22
1064.22
1225.78
1225.78
1079.59
1079.59
1667.57
1667.57
1486.66
1486.66
1390.71
1390.71
1390.71
1390.71
2001.85
2001.85
2001.85
2001.85
2390.28
2390.28
2390.28
2390.28
1112.88
1112.88
19.93
19.93
1193.14
1193.14
1672.61
1672.61
1655.84
1655.84
1788.18
1788.18
26.30
26.30
752.61
752.61
1838.21
1838.21
1838.21
1838.21
1838.21
1838.21
1838.21
1838.21
1838.21
1838.21
1430.70
1430.70
1430.70
1430.70
32.90
32.90
353.36
353.36
546.89
546.89
1132.79
1132.79
1132.79
1132.79
151.82
151.82
784.91
784.91
1125.27
1125.27
1125.27
1125.27
1125.27
1125.27
1125.27
1125.27
1125.27
1125.27
1960.42
1960.42
1960.42
1960.42
1960.42
1960.42
1787.53
1787.53
1787.53
1787.53
1472.71
1472.71
26.43
26.43
1697.84
1697.84
1697.84
1697.84
1722.27
1722.27
1848.65
1848.65
1848.65
1848.65
1682.75
1682.75
1682.75
1682.75
1682.75
1682.75
2074.99
2074.99
2074.99
2074.99
2074.99
2074.99
2074.99
2074.99
2201.46
2201.46
2201.46
2201.46
2550.72
2550.72
2263.96
2263.96
2263.96
2263.96
2011.23
2011.23
2011.23
2011.23
2011.23
2011.23
2011.23
2011.23
2011.23
2011.23
1711.06
1711.06
44.06
44.06
1092.57
1092.57
1416.70
1416.70
1526.28
1526.28
1682.13
1682.13
1808.36
1808.36
1827.12
1827.12
29.17
29.17
1231.06
1231.06
2054.66
2054.66
2054.66
2054.66
1538.72
1538.72
559.46
559.46
2107.88
2107.88
2033.20
2033.20
2033.20
2033.20
1249.53
1249.53
1249.53
1249.53
1925.54
1925.54
1925.54
1925.54
1925.54
1925.54
1337.86
1337.86
1364.24
1364.24
1747.63
1747.63
1040.32
1040.32
1536.43
1536.43
1536.43
1536.43
1536.43
1536.43
1393.26
1393.26
1393.26
1393.26
839.98
839.98
1097.98
1097.98
1097.98
1097.98
1165.36
1165.36
1165.36
1165.36
1988.53
1988.53
1988.53
1988.53
1988.53
1988.53
1988.53
1988.53
1988.53
1988.53
1474.47
1474.47
1474.47
1474.47
1904.53
1904.53
1793.32
1793.32
1705.27
1705.27
1414.12
1414.12
2178.74
2178.74
24.34
24.34
1867.17
1867.17
31.71
31.71
1100.25
1100.25
1100.25
1100.25
1600.21
1600.21
1600.21
1600.21
1794.93
1794.93
1662.54
1662.54
1662.54
1662.54
1660.47
1660.47
1660.47
1660.47
2616.67
2616.67
2616.67
2616.67
845.91
845.91
845.91
845.91
971.14
971.14
1958.98
1958.98
1958.98
1958.98
2406.51
2406.51
2406.51
2406.51
2406.51
2406.51
1056.15
1056.15
1056.15
1056.15
2154.81
2154.81
2154.81
2154.81
2154.81
2154.81
2154.81
2154.81
1872.51
1872.51
1963.87
1963.87
1963.87
1963.87
2133.34
2133.34
2133.34
2133.34
2133.34
2133.34
1760.85
1760.85
1760.85
1760.85
1185.58
1185.58
1331.40
1331.40
1888.36
1888.36
1888.36
1888.36
1888.36
1888.36
1586.55
1586.55
1694.75
1694.75
697.05
697.05
998.53
998.53
998.53
998.53
2334.00
2334.00
2334.00
2334.00
1525.81
1525.81
1525.81
1525.81
2143.02
2143.02
24.43
24.43
562.47
562.47
1515.57
1515.57
1515.57
1515.57
2380.41
2380.41
2380.41
2380.41
2380.41
2380.41
2231.05
2231.05
2231.05
2231.05
2231.05
2231.05
2231.05
2231.05
2273.80
2273.80
2273.80
2273.80
15.71
15.71
26.44
26.44
295.53
295.53
866.74
866.74
1359.57
1359.57
1022.68
1022.68
1105.38
1105.38
1105.38
1105.38
1040.28
1040.28
1978.99
1978.99
1715.63
1715.63
1715.63
1715.63
1715.63
1715.63
25.04
25.04
225.68
225.68
1578.73
1578.73
1578.73
1578.73
1318.34
1318.34
1318.34
1318.34
1318.34
1318.34
1559.73
1559.73
1640.92
1640.92
32.72
32.72
796.15
796.15
796.15
796.15
1489.07
1489.07
1489.07
1489.07
1635.94
1635.94
1635.94
1635.94
1640.66
1640.66
1640.66
1640.66
1640.66
1640.66
1747.43
1747.43
1747.43
1747.43
1829.01
1829.01
1829.01
1829.01
1829.01
1829.01
2028.09
2028.09
2028.09
2028.09
1675.65
1675.65
1675.65
1675.65
1172.33
1172.33
1172.33
1172.33
1172.33
1172.33
815.14
815.14
815.14
815.14
818.90
818.90
980.24
980.24
980.24
980.24
1975.88
1975.88
1975.88
1975.88
1909.84
1909.84
1909.84
1909.84
1867.35
1867.35
1867.35
1867.35
1867.35
1867.35
1867.35
1867.35
1867.35
1867.35
1800.19
1800.19
1800.19
1800.19
1715.51
1715.51
1161.94
1161.94
1431.76
1431.76
1417.31
1417.31
20.81
20.81
1367.14
1367.14
1129.74
1129.74
1473.51
1473.51
1424.85
1424.85
1424.85
1424.85
1424.85
1424.85
1424.85
1424.85
1424.85
1424.85
1457.68
1457.68
2068.06
2068.06
1627.94
1627.94
1627.94
1627.94
1999.54
1999.54
1999.54
1999.54
1695.16
1695.16
1858.39
1858.39
2791.04
2791.04
1555.18
1555.18
2301.19
2301.19
3669.59
3669.59
2137.91
2137.91
5116.41
5116.41
5116.41
5116.41
5116.41
5116.41
5116.41
5116.41
21.81
21.81
954.40
954.40
2114.16
2114.16
2114.16
2114.16
2114.16
2114.16
2114.16
2114.16
2114.16
2114.16
24.58
24.58
647.78
647.78
1943.46
1943.46
1943.46
1943.46
2018.28
2018.28
2018.28
2018.28
2018.28
2018.28
3537.07
3537.07
3867.75
3867.75
3867.75
3867.75
20.22
20.22
1048.85
1048.85
2206.95
2206.95
2206.95
2206.95
2206.95
2206.95
2206.95
2206.95
2206.95
2206.95
2206.95
2206.95
2206.95
2206.95
2206.95
2206.95
2206.95
2206.95
2206.95
2206.95
2206.95
2206.95
2206.95
2206.95
1737.12
1737.12
1737.12
1737.12
10.00
10.00
1383.39
1383.39
1169.39
1169.39
1716.40
1716.40
1716.40
1716.40
1250.81
1250.81
1250.81
1250.81
1025.30
1025.30
553.68
553.68
577.50
577.50
1175.01
1175.01
1175.01
1175.01
1175.01
1175.01
1175.01
1175.01
1472.50
1472.50
1190.48
1190.48
889.05
889.05
1296.24
1296.24
834.02
834.02
812.49
812.49
1207.68
1207.68
979.23
979.23
1557.39
1557.39
1596.10
1596.10
1586.03
1586.03
10.00
10.00
21.45
21.45
957.28
957.28
1606.98
1606.98
1713.15
1713.15
1889.37
1889.37
2180.22
2180.22
1675.41
1675.41
880.70
880.70
25.79
25.79
906.89
906.89
1700.99
1700.99
1700.99
1700.99
2501.00
2501.00
2501.00
2501.00
2501.00
2501.00
2430.19
2430.19
2430.19
2430.19
984.99
984.99
1257.89
1257.89
1952.38
1952.38
1952.38
1952.38
1952.38
1952.38
2339.84
2339.84
2339.84
2339.84
2111.67
2111.67
2111.67
2111.67
2111.67
2111.67
2088.47
2088.47
2088.47
2088.47
2088.47
2088.47
2088.47
2088.47
2088.47
2088.47
2088.47
2088.47
2088.47
2088.47
2088.47
2088.47
1653.35
1653.35
1266.57
1266.57
1266.57
1266.57
1266.57
1266.57
1601.07
1601.07
1601.07
1601.07
1355.04
1355.04
1355.04
1355.04
1628.30
1628.30
1628.30
1628.30
1628.30
1628.30
1735.75
1735.75
1737.98
1737.98
1906.16
1906.16
1906.16
1906.16
22.07
22.07
2133.40
2133.40
2133.40
2133.40
21.51
21.51
403.61
403.61
1171.29
1171.29
24.00
24.00
1180.60
1180.60
1180.60
117.72
816.57
816.57
1881.73
1881.73
699.40
699.40
699.40
699.40
1096.22
1096.22
21.60
21.60
1820.02
1820.02
1820.02
1820.02
1877.72
1877.72
1877.72
1877.72
1877.72
1877.72
1877.72
1877.72
1877.72
1877.72
2180.83
2180.83
2180.83
2180.83
2180.83
2180.83
2180.83
2180.83
2180.83
2180.83
2180.83
2180.83
2180.83
2180.83
1846.12
1846.12
1846.12
1846.12
1846.12
1846.12
1837.01
1837.01
1837.01
1837.01
1785.91
1785.91
1785.91
1785.91
1785.91
1785.91
42.49
42.49
19.00
19.00
1087.16
1087.16
1087.16
1087.16
1540.52
1540.52
1540.52
1540.52
1540.52
1540.52
1434.38
1434.38
1816.31
1816.31
1584.09
1584.09
1584.09
1584.09
22.05
22.05
859.92
859.92
960.62
960.62
1232.14
1232.14
1232.14
1232.14
1233.53
1233.53
1233.53
1233.53
1233.53
1233.53
32.52
32.52
878.17
878.17
878.17
1719.07
1719.07
1719.07
1719.07
1719.07
1719.07
2124.79
2124.79
2124.79
2124.79
3512.65
3512.65
6531.86
6531.86
1411.32
1411.32
4339.57
4339.57
4895.25
4895.25
4895.25
4895.25
4895.25
4895.25
4895.25
4895.25
4895.25
4895.25
4895.25
4895.25
4895.25
4895.25
4895.25
4895.25
4895.25
4895.25
14.27
14.27
92.67
92.67
502.94
502.94
900.62
900.62
948.13
948.13
510.58
510.58
1257.20
1257.20
1257.20
1257.20
1411.20
1411.20
2269.09
2269.09
1556.34
1556.34
1556.34
1556.34
1108.53
1108.53
2502.83
2502.83
2502.83
2502.83
1906.19
1906.19
2376.63
2376.63
1863.99
1863.99
1721.05
1721.05
21.01
21.01
1878.59
1878.59
1792.67
1792.67
1792.67
1792.67
1792.67
1792.67
1792.67
1792.67
1792.67
1792.67
1792.67
1792.67
1792.67
1792.67
1792.67
1792.67
3641.68
3641.68
1987.52
1987.52
2535.91
2535.91
1432.27
1432.27
1861.32
1861.32
1861.32
1861.32
1861.32
1861.32
15.88
15.88
1660.94
1660.94
1660.94
1660.94
1660.94
1660.94
1914.98
1914.98
1914.98
1914.98
1914.98
1914.98
1914.98
1914.98
1914.98
1914.98
2239.77
2239.77
2239.77
2239.77
2239.77
2239.77
2239.77
2239.77
2239.77
2239.77
2239.77
2239.77
2239.77
2239.77
2239.77
2239.77
2239.77
2239.77
2239.77
2239.77
2239.77
2239.77
2239.77
2239.77
19.21
19.21
3471.54
3471.54
3471.54
3471.54
3471.54
3471.54
3471.54
3471.54
3471.54
3471.54
3471.54
3471.54
1616.37
1616.37
2489.73
2489.73
2489.73
2489.73
2489.73
2489.73
934.37
934.37
2891.89
2891.89
1531.57
1531.57
1531.57
1531.57
1531.57
1531.57
1531.57
1531.57
1531.57
1531.57
1531.57
1531.57
1139.03
1139.03
1139.03
1139.03
605.03
605.03
605.03
605.03
634.35
634.35
376.30
376.30
376.30
376.30
1128.28
1128.28
1128.28
1128.28
376.25
376.25
608.36
608.36
608.36
608.36
796.59
796.59
796.59
796.59
777.35
777.35
777.35
777.35
777.35
777.35
1469.80
1469.80
1469.80
1469.80
1052.96
1052.96
1052.96
1052.96
1670.44
1670.44
1670.44
1670.44
1670.44
1670.44
1433.95
1433.95
1433.95
1433.95
20.58
20.58
638.27
638.27
638.27
638.27
14.66
14.66
743.56
743.56
2204.16
2204.16
2204.16
2204.16
1238.84
1238.84
1238.84
1238.84
1238.84
1238.84
28.30
28.30
894.06
894.06
1071.95
1071.95
1071.95
1071.95
1432.39
1432.39
1432.39
1432.39
1432.39
1432.39
2068.82
2068.82
2068.82
2068.82
1881.55
1881.55
1698.03
1698.03
1806.93
1806.93
1761.63
1761.63
2435.01
2435.01
2006.34
2006.34
1886.42
1886.42
2042.93
2042.93
2111.49
2111.49
2111.49
2111.49
2111.49
2111.49
2111.49
2111.49
2111.49
2111.49
2308.81
2308.81
2049.38
2049.38
2297.45
2297.45
1951.72
1951.72
1892.30
1892.30
2687.20
2687.20
2766.77
2766.77
15.59
15.59
1008.09
1008.09
1580.65
1580.65
1580.65
1580.65
23.31
23.31
799.22
799.22
1011.80
1011.80
2531.60
2531.60
2531.60
2531.60
2531.60
2531.60
2531.60
2531.60
2718.62
2718.62
2718.62
2718.62
2718.62
2718.62
2356.45
2356.45
2356.45
2356.45
2383.34
2383.34
2383.34
2383.34
2383.34
2383.34
2383.34
2383.34
2383.34
2383.34
2101.82
2101.82
2101.82
2101.82
2851.88
2851.88
2851.88
2851.88
2851.88
2851.88
1891.07
1891.07
1891.07
1891.07
2064.74
2064.74
2064.74
2064.74
2825.28
2825.28
2825.28
2825.28
2650.43
2650.43
2597.50
2597.50
2597.50
2597.50
25.75
25.75
1184.58
1184.58
1184.58
1184.58
1363.26
1363.26
1363.26
1363.26
1363.26
1363.26
1363.26
1363.26
1363.26
1363.26
1363.26
1363.26
2537.66
2537.66
2101.79
2101.79
2147.60
2147.60
2147.60
2147.60
40.23
40.23
1237.02
1237.02
1512.84
1512.84
1512.84
1512.84
2565.90
2565.90
1594.42
1594.42
1594.42
1594.42
1594.42
1594.42
1594.42
1594.42
2412.34
2412.34
2412.34
2412.34
2412.34
2412.34
2412.34
2412.34
2412.34
2412.34
2418.79
2418.79
2418.79
2418.79
2189.94
2189.94
2890.15
2890.15
2021.05
2021.05
2395.76
2395.76
2395.76
2395.76
3247.30
3247.30
3247.30
3247.30
953.54
953.54
1535.38
1535.38
3052.66
3052.66
971.75
971.75
2933.78
2933.78
2233.38
2233.38
2233.38
2233.38
2233.38
2233.38
2684.43
2684.43
376.09
376.09
1508.35
1508.35
1508.35
1508.35
19.52
19.52
818.12
818.12
1082.13
1082.13
1180.72
1180.72
1389.88
1389.88
715.42
715.42
29.28
29.28
694.20
694.20
961.74
961.74
38.11
38.11
1303.82
1303.82
1295.47
1295.47
1446.65
1446.65
1588.77
1588.77
1588.77
1588.77
1632.90
1632.90
1993.65
1993.65
12.95
12.95
982.88
982.88
1353.21
1353.21
976.62
976.62
976.62
976.62
1847.44
1847.44
1847.44
1847.44
1940.17
1940.17
1940.17
1940.17
1941.79
1941.79
791.00
791.00
1018.28
1018.28
1811.02
1811.02
1811.02
1811.02
1722.35
1722.35
1722.35
1722.35
1722.35
1722.35
1978.78
1978.78
1978.78
1978.78
1463.06
1463.06
1525.80
1525.80
168.91
168.91
1377.82
1377.82
1377.82
1377.82
1971.91
1971.91
1971.91
1971.91
1364.17
1364.17
25.70
25.70
1237.61
1237.61
1690.45
1690.45
1522.18
1522.18
1598.52
1598.52
1598.52
1598.52
1598.52
1598.52
2134.02
2134.02
2134.02
2134.02
2089.52
2089.52
2089.52
2089.52
374.43
374.43
751.26
751.26
848.75
848.75
13.62
13.62
599.41
599.41
1894.48
1894.48
1894.48
1894.48
1894.48
1894.48
1668.23
1668.23
1668.23
1668.23
579.17
579.17
579.17
579.17
1522.92
1522.92
1522.92
1522.92
1522.92
1522.92
984.70
984.70
12.43
12.43
560.22
560.22
560.22
560.22
660.17
660.17
660.17
660.17
660.17
660.17
766.65
766.65
766.65
766.65
879.61
879.61
879.61
879.61
472.85
472.85
752.06
752.06
733.04
733.04
527.17
527.17
527.17
527.17
629.46
629.46
857.84
857.84
779.44
779.44
987.15
987.15
987.15
987.15
802.31
802.31
802.31
802.31
1451.96
1451.96
1056.01
1056.01
1056.01
1056.01
1138.48
1138.48
1138.48
1138.48
1437.54
1437.54
1437.54
1437.54
1437.54
1437.54
1134.39
1134.39
1760.22
1760.22
835.17
835.17
1723.10
1723.10
1646.40
1646.40
1692.00
1692.00
1692.00
1692.00
1553.05
1553.05
102.59
102.59
723.93
723.93
1446.42
1446.42
600.95
600.95
10.00
10.00
831.48
831.48
1151.58
1151.58
2048.33
2048.33
2048.33
2048.33
2048.33
2048.33
2048.33
2048.33
1540.56
1540.56
1540.56
1540.56
81.76
81.76
1282.99
1282.99
1282.99
1282.99
985.60
985.60
1422.47
1422.47
1422.47
1422.47
1422.47
1422.47
1422.47
1422.47
22.92
22.92
562.95
562.95
1183.46
1183.46
1183.46
1183.46
1183.46
1183.46
1183.46
1183.46
1183.46
1183.46
10.00
10.00
944.70
944.70
440.64
440.64
687.60
687.60
1270.19
1270.19
1063.65
1063.65
161.85
161.85
859.92
859.92
107.78
107.78
316.22
316.22
611.71
611.71
823.54
823.54
1216.11
1216.11
1006.31
1006.31
1017.03
1017.03
1017.03
1017.03
1156.00
1156.00
135.44
135.44
966.28
966.28
1266.70
1266.70
1266.70
1266.70
1266.70
1266.70
948.29
948.29
948.29
948.29
1616.88
1616.88
1616.88
1616.88
1180.74
1180.74
1180.74
1180.74
1665.76
1665.76
1479.88
1479.88
1087.30
1087.30
1957.47
1957.47
1957.47
1957.47
1957.47
1957.47
1652.18
1652.18
928.54
928.54
1347.26
1347.26
978.76
978.76
1771.67
1771.67
2055.61
2055.61
2055.61
2055.61
1643.95
1643.95
1171.19
1171.19
2691.01
2691.01
161.40
161.40
161.40
161.40
956.77
956.77
956.77
956.77
1091.00
1091.00
85.91
85.91
78.98
78.98
95.52
95.52
134.93
134.93
124.96
124.96
178.12
178.12
244.85
244.85
244.85
244.85
244.85
244.85
10.00
10.00
316.97
316.97
412.91
412.91
412.91
412.91
357.58
357.58
726.59
726.59
726.59
726.59
838.20
838.20
838.20
838.20
860.01
860.01
860.01
860.01
860.01
860.01
759.35
759.35
759.35
759.35
1281.91
1281.91
1281.91
1281.91
778.19
778.19
1260.88
1260.88
1313.59
1313.59
998.48
998.48
1100.79
1100.79
1342.60
1342.60
1342.60
1342.60
1342.60
1342.60
435.50
435.50
1299.76
1299.76
1646.74
1646.74
1646.74
1646.74
1712.66
1712.66
1575.49
1575.49
1575.49
1575.49
1377.31
1377.31
556.55
556.55
1074.86
1074.86
1074.86
1074.86
1171.83
1171.83
1277.17
1277.17
1277.17
1277.17
1291.76
1291.76
1291.76
1291.76
1893.76
1893.76
1893.76
1893.76
1893.76
1893.76
2257.92
2257.92
2257.92
2257.92
1788.57
1788.57
1788.57
1788.57
1788.57
1788.57
2026.16
2026.16
2026.16
2026.16
2343.13
2343.13
2343.13
2343.13
2462.21
2462.21
2462.21
2462.21
2462.21
2462.21
1777.51
1777.51
1777.51
1777.51
44.95
44.95
18.73
18.73
1060.38
1060.38
1679.17
1679.17
1679.17
1679.17
1679.17
26.62
26.62
695.92
695.92
2844.72
2844.72
2844.72
2844.72
2844.72
2844.72
51.74
51.74
1079.65
1079.65
1334.48
1334.48
1334.48
1334.48
954.82
954.82
954.82
954.82
1083.05
1083.05
1087.21
1087.21
24.83
24.83
1365.81
1365.81
1365.81
1365.81
1365.81
1365.81
1160.13
1160.13
1240.86
1240.86
1061.58
1061.58
1562.00
1508.83
1508.83
1508.83
1508.83
1508.83
1756.35
1756.35
961.27
961.27
23.81
23.81
1437.98
1437.98
1437.98
1437.98
1437.98
1437.98
1470.39
1470.39
1470.39
1470.39
1797.86
1797.86
1797.86
1797.86
2372.24
2372.24
2372.24
2372.24
2372.24
2372.24
2919.67
2919.67
2919.67
2919.67
2774.47
2774.47
2774.47
2774.47
2774.47
2774.47
2774.47
2774.47
2515.59
2515.59
2926.96
2926.96
2926.96
2926.96
3092.48
3092.48
3092.48
3092.48
2726.56
2726.56
3881.10
3881.10
3089.23
3089.23
3037.53
3037.53
2867.63
2867.63
1632.53
1632.53
1670.58
1670.58
19.97
19.97
1584.15
1584.15
1794.13
1794.13
1794.13
1794.13
1794.13
1794.13
1794.13
1794.13
1794.13
1794.13
1794.13
1794.13
1794.13
1794.13
1794.13
1794.13
1794.13
1794.13
20.40
20.40
88.00
88.00
311.60
311.60
332.59
332.59
596.01
596.01
673.67
673.67
1074.86
1074.86
1171.82
1171.82
44.61
44.61
21.99
21.99
1657.62
1657.62
1688.19
1688.19
1074.88
1074.88
1559.63
1559.63
1463.02
1463.02
1463.02
1463.02
1220.02
1220.02
1220.02
1220.02
1220.02
1220.02
1709.84
1709.84
1709.84
1709.84
1419.98
1419.98
1874.71
1874.71
1874.71
1874.71
1649.62
1649.62
1649.62
1649.62
1506.34
1506.34
1506.34
1506.34
2157.08
2157.08
2157.08
2157.08
2157.08
2157.08
2420.55
2420.55
2420.55
2420.55
2420.55
2420.55
2420.55
2420.55
2420.55
2420.55
2477.50
2477.50
2477.50
2477.50
2563.95
2563.95
2563.95
2563.95
2291.20
2291.20
2847.39
2847.39
2847.39
2847.39
2847.39
2847.39
2847.71
2847.71
1385.81
1385.81
1792.43
1792.43
1792.43
1792.43
2422.89
2422.89
3430.06
3430.06
3430.06
3430.06
3430.06
3430.06
2942.32
2942.32
2942.32
2942.32
2942.32
2942.32
2942.32
2942.32
2942.32
2942.32
2634.82
2634.82
2970.13
2970.13
2571.85
2571.85
37.76
37.76
2807.69
2807.69
2430.05
2430.05
2067.86
2067.86
2067.86
2067.86
2067.86
2067.86
3425.89
3425.89
3425.89
3425.89
44.95
44.95
1659.23
1659.23
1659.23
1659.23
1659.23
1659.23
1659.23
1659.23
1659.23
1659.23
1659.23
1659.23
3637.98
3637.98
3637.98
3637.98
3637.98
3637.98
35.32
35.32
1623.06
1623.06
1623.06
1623.06
1623.06
1623.06
1623.06
1623.06
1623.06
1623.06
2671.12
2671.12
2671.12
2671.12
2671.12
2671.12
2671.12
2671.12
2671.12
2671.12
2671.12
2671.12
2671.12
2671.12
2671.12
2671.12
2671.12
2671.12
2671.12
2671.12
2671.12
2671.12
2671.12
2671.12
3391.13
3391.13
3082.81
3082.81
1463.27
1463.27
2278.19
2278.19
2248.05
2248.05
2248.05
2248.05
2248.05
2248.05
2145.45
2145.45
2145.45
2145.45
732.06
732.06
907.15
907.15
982.31
982.31
1679.52
1679.52
1679.52
1679.52
1765.62
1765.62
2053.95
2053.95
1728.24
1728.24
1728.24
1728.24
1728.24
1728.24
2176.00
2176.00
2176.00
2176.00
2399.22
2399.22
2399.22
2399.22
2092.19
2092.19
2391.66
2391.66
2391.66
2391.66
2353.38
2353.38
2162.28
2162.28
2368.16
2368.16
52.35
52.35
1342.39
1342.39
1520.07
1520.07
2021.26
2021.26
1480.33
1480.33
1480.33
1480.33
1480.33
1480.33
1747.07
1747.07
1747.07
1747.07
1892.49
1892.49
1892.49
1892.49
1467.92
1467.92
1467.92
1467.92
1467.92
1467.92
1890.57
1890.57
1890.57
1890.57
2461.20
2461.20
2461.20
2461.20
2461.20
2461.20
1760.25
1760.25
1760.25
1760.25
1760.25
1760.25
1760.25
1760.25
1760.25
1760.25
1760.25
1760.25
1760.25
1760.25
1760.25
1760.25
1760.25
1760.25
1914.11
1914.11
2009.99
2009.99
101.31
101.31
1391.16
1391.16
1391.16
1391.16
1636.59
1636.59
1636.59
1636.59
25.08
25.08
758.05
758.05
776.07
776.07
1157.37
1157.37
1891.55
1891.55
1604.76
1604.76
1604.76
1604.76
1863.61
1863.61
2244.25
2244.25
2244.25
2244.25
2029.04
2029.04
2029.04
2029.04
1978.46
1978.46
1842.57
1842.57
1842.57
1842.57
1941.30
1941.30
1941.30
1941.30
1073.75
1073.75
1371.30
1371.30
1371.30
1371.30
2142.59
2142.59
2142.59
2142.59
2142.59
2142.59
2142.59
2142.59
2142.59
2142.59
2142.59
2142.59
1914.80
1914.80
2033.36
2033.36
2033.36
2033.36
2033.36
2033.36
2936.86
2936.86
2936.86
2936.86
2936.86
2936.86
2378.30
2378.30
2761.52
2761.52
2821.88
2821.88
2053.22
2053.22
2053.22
2053.22
2053.22
2053.22
3057.08
3057.08
3057.08
3057.08
3057.08
3057.08
3057.08
3057.08
2265.62
2265.62
2835.69
2835.69
32.79
32.79
3773.67
3773.67
4053.62
4053.62
25.39
25.39
3187.38
3187.38
2416.24
2416.24
6019.70
6019.70
5944.00
5944.00
5389.25
5389.25
5389.25
5389.25
5389.25
5389.25
5389.25
5389.25
5389.25
5389.25
5389.25
5389.25
5389.25
5389.25
143.98
143.98
1985.91
1985.91
2100.78
2100.78
2938.90
2938.90
1898.51
1898.51
410.75
410.75
4420.94
4420.94
5207.99
5207.99
4464.48
4464.48
4464.48
4464.48
624.88
624.88
824.48
824.48
569.75
569.75
592.08
592.08
180.40
180.40
511.51
511.51
817.85
817.85
1699.82
1699.82
2348.55
2348.55
3517.28
3517.28
2955.73
2955.73
3187.47
3187.47
5654.11
5654.11
2351.29
2351.29
2351.29
2351.29
2351.29
2351.29
2351.29
2351.29
32.21
32.21
668.30
668.30
1887.15
1887.15
1887.15
1887.15
1887.15
1887.15
2649.61
2649.61
856.62
856.62
1298.05
1298.05
1238.29
1238.29
1260.86
1260.86
1180.05
1180.05
1727.20
1727.20
1472.96
1472.96
1655.60
1655.60
1766.34
1766.34
1766.34
1766.34
464.48
464.48
835.90
835.90
1361.74
1361.74
1186.66
1186.66
927.98
927.98
1232.86
1232.86
1515.95
1515.95
1397.39
1397.39
1125.71
1125.71
1125.71
1125.71
1380.41
1380.41
1380.41
1380.41
1038.61
1038.61
1038.61
1038.61
1057.17
1057.17
1343.31
1343.31
1343.31
1343.31
1331.79
1331.79
783.09
783.09
613.99
613.99
959.66
959.66
959.66
959.66
959.66
959.66
959.66
959.66
1499.13
1499.13
1748.31
1748.31
1748.31
1748.31
1988.93
1988.93
1221.48
1221.48
1160.70
1160.70
1160.70
1160.70
1160.70
1160.70
1246.57
1246.57
1246.57
1246.57
1037.74
1037.74
64.11
64.11
1119.77
1119.77
1267.95
1267.95
1267.95
1267.95
617.57
617.57
617.57
617.57
350.19
350.19
350.19
350.19
1154.70
1154.70
1391.23
1391.23
1391.23
1391.23
307.13
307.13
716.37
716.37
49.54
49.54
1488.02
1488.02
1374.51
1374.51
31.36
31.36
1566.08
1566.08
2408.97
2408.97
1903.11
1903.11
1903.11
1903.11
1903.11
1903.11
1903.11
1903.11
1903.11
1903.11
1903.11
1903.11
1903.11
1903.11
1903.11
1903.11
1903.11
1903.11
1516.32
1516.32
1395.36
1395.36
1124.93
1124.93
293.16
293.16
1692.78
1692.78
1413.25
1413.25
1413.25
1413.25
1869.59
1869.59
1914.33
1914.33
3433.62
3433.62
3449.88
3449.88
3287.19
3287.19
3287.19
3287.19
3973.60
3973.60
25.52
25.52
4344.79
4344.79
4772.54
4772.54
4772.54
4772.54
4326.42
4326.42
4326.42
4326.42
4326.42
4326.42
4326.42
4326.42
97.95
97.95
1737.26
1737.26
1579.84
1579.84
3030.82
3030.82
1702.14
1702.14
3838.85
3838.85
3839.07
3839.07
4601.18
4601.18
3298.19
3298.19
5411.79
5411.79
5411.79
5411.79
1947.16
1947.16
1947.16
1947.16
25.09
25.09
30.95
30.95
158.52
158.52
263.81
263.81
1309.10
1309.10
1003.54
1003.54
1720.04
1720.04
1050.02
1050.02
1119.56
1119.56
2054.87
2054.87
2420.40
2420.40
2618.98
2618.98
2618.98
2618.98
2618.98
2618.98
2618.98
2618.98
2618.98
2618.98
2618.98
2618.98
2618.98
2618.98
2618.98
2618.98
2618.98
2618.98
3052.88
3052.88
3052.88
3052.88
2410.67
2410.67
2410.67
2410.67
2410.67
2410.67
1684.48
1684.48
1684.48
1684.48
1864.09
1864.09
1819.39
1819.39
2822.20
2822.20
2966.64
2966.64
2099.41
2099.41
2733.21
2733.21
2733.21
2733.21
1489.55
1489.55
3577.21
3577.21
2857.14
2857.14
1909.12
1909.12
2879.73
2879.73
4457.89
4457.89
33.28
33.28
1677.63
1677.63
2094.74
2094.74
1869.83
1869.83
89.50
89.50
172.50
172.50
4303.09
4303.09
2951.55
2951.55
4467.92
4467.92
7016.71
7016.71
7016.71
7016.71
7016.71
7016.71
7016.71
7016.71
7016.71
7016.71
7016.71
7016.71
7016.71
7016.71
7016.71
7016.71
32.88
32.88
577.15
577.15
217.84
217.84
632.60
632.60
998.20
998.20
1018.88
1018.88
627.23
627.23
784.65
784.65
1148.72
1148.72
1186.31
1186.31
3002.57
3002.57
3300.25
3300.25
3586.94
3586.94
3586.94
3586.94
3586.94
3586.94
3586.94
3586.94
3586.94
3586.94
3586.94
3586.94
3586.94
3586.94
3586.94
3586.94
3586.94
3586.94
3586.94
3586.94
3586.94
4151.36
4151.36
4151.36
4151.36
3802.08
3802.08
3802.08
3802.08
3802.08
3802.08
3132.83
3132.83
3379.21
3379.21
3407.40
3407.40
3407.40
3407.40
3407.40
3407.40
3407.40
3407.40
3407.40
3407.40
3407.40
3407.40
3407.40
3407.40
3407.40
3407.40
3407.40
3407.40
3407.40
3407.40
3481.06
3481.06
1569.53
1569.53
29.07
29.07
2328.12
2328.12
2328.12
2328.12
2328.12
2328.12
1647.33
1647.33
3263.05
3263.05
2085.65
2085.65
2458.38
2458.38
1602.35
1602.35
2151.26
2151.26
487.24
487.24
3574.33
3574.33
3499.59
3499.59
3727.42
3727.42
2831.53
2831.53
2978.15
2978.15
775.82
775.82
1991.55
1991.55
1991.55
1991.55
1991.55
1991.55
1991.55
1991.55
1991.55
1991.55
1991.55
1991.55
4733.36
4733.36
4733.36
4733.36
4733.36
4733.36
4733.36
4733.36
4733.36
4733.36
3262.41
3262.41
3262.41
3262.41
3262.41
3262.41
4247.80
4247.80
4247.80
4247.80
4247.80
4247.80
4247.80
4247.80
3936.32
3936.32
3936.32
3936.32
33.42
33.42
1589.04
1589.04
1751.99
1751.99
78.92
78.92
1676.10
1676.10
2681.40
2681.40
2681.40
2681.40
786.12
786.12
786.12
786.12
1122.51
1122.51
1389.60
1389.60
1389.60
1389.60
2684.10
2684.10
2684.10
2684.10
2684.10
2684.10
2684.10
2684.10
2684.10
2684.10
2505.42
2505.42
2505.42
2505.42
1884.40
1884.40
801.23
801.23
2108.86
2108.86
2346.20
2346.20
2772.74
2772.74
2515.54
2515.54
3021.09
3021.09
3021.09
3021.09
3021.09
3021.09
3021.09
3021.09
3021.09
3021.09
3021.09
3021.09
3021.09
3021.09
3021.09
3021.09
3021.09
3021.09
4782.38
4782.38
709.49
709.49
1658.57
1658.57
1721.13
1721.13
1210.33
1210.33
34.27
34.27
1473.91
1473.91
1939.89
1939.89
1939.89
1939.89
1939.89
1939.89
1939.89
1939.89
1939.89
1939.89
3548.15
3548.15
3548.15
3548.15
3548.15
3548.15
3548.15
3548.15
3548.15
3548.15
3548.15
3548.15
3548.15
3548.15
3548.15
3548.15
2903.30
2903.30
1286.30
1286.30
1006.47
1006.47
1395.45
1395.45
2538.80
2538.80
2538.80
2538.80
2538.80
2538.80
2538.80
2538.80
3274.14
3274.14
3274.14
3274.14
3274.14
3274.14
3274.14
3274.14
3274.14
3274.14
468.97
468.97
985.35
985.35
2241.35
2241.35
2241.35
2241.35
941.99
941.99
2209.72
2209.72
2209.72
2209.72
2554.68
2554.68
2554.68
2554.68
2554.68
2554.68
1814.58
1814.58
1814.58
1814.58
2096.45
2096.45
2096.45
2096.45
2105.97
2105.97
2105.97
2105.97
2602.21
2602.21
2602.21
2602.21
2602.21
2602.21
2375.69
2375.69
2375.69
2375.69
2375.69
2375.69
1701.31
1701.31
1701.31
1701.31
2302.84
2302.84
2302.84
2302.84
1695.60
1695.60
1695.60
1695.60
1695.60
1695.60
1621.18
1621.18
1621.18
1621.18
1999.27
1999.27
1999.27
1999.27
1999.27
1999.27
1387.91
1387.91
1387.91
1387.91
1449.74
1449.74
1449.74
1449.74
2631.00
2631.00
2631.00
2631.00
2631.00
2631.00
916.23
916.23
948.88
948.88
1724.65
1724.65
1724.65
1724.65
1724.65
1724.65
1540.45
1540.45
1540.45
1540.45
1566.62
1566.62
1566.62
1566.62
1566.62
1566.62
1566.62
1566.62
1566.62
1566.62
2054.95
2054.95
2054.95
2054.95
1061.84
1061.84
1242.74
1242.74
1242.74
1242.74
1333.00
1333.00
1333.00
1333.00
1669.16
1669.16
1281.20
1281.20
2020.01
2020.01
2020.01
2020.01
2020.01
2020.01
2181.60
2181.60
2181.60
2181.60
2288.33
2288.33
2288.33
2288.33
2288.33
2288.33
2313.28
2313.28
2313.28
2313.28
1842.93
1842.93
1842.93
1842.93
1842.93
1842.93
2303.17
2303.17
2303.17
2303.17
1595.15
1595.15
1595.15
1595.15
2327.68
2327.68
2327.68
2327.68
1538.51
1538.51
2371.44
2371.44
1994.37
1994.37
2187.43
2187.43
2187.43
2187.43
3068.08
3068.08
26.81
26.81
1398.40
1398.40
2424.49
2424.49
2424.49
2424.49
2257.87
2257.87
2257.87
2257.87
2257.87
2257.87
3065.21
3065.21
2701.86
2701.86
2438.62
2438.62
2438.62
2438.62
2438.62
2438.62
2438.62
2438.62
2438.62
2438.62
2438.62
2438.62
2438.62
2438.62
2438.62
2438.62
2438.62
2438.62
19.02
19.02
270.16
270.16
239.10
239.10
519.77
519.77
755.56
755.56
565.69
565.69
809.76
809.76
749.67
749.67
793.88
793.88
793.88
793.88
801.99
801.99
801.99
801.99
801.99
801.99
20.43
20.43
700.48
700.48
682.73
682.73
682.73
682.73
1622.67
1622.67
1622.67
1622.67
1622.67
1622.67
988.91
988.91
1155.21
1155.21
1251.30
1251.30
1251.30
1251.30
833.88
833.88
970.53
970.53
29.87
29.87
1703.42
1703.42
1703.42
1703.42
2088.35
2088.35
2088.35
2088.35
2088.35
2088.35
1136.68
1136.68
1136.68
1136.68
27.74
27.74
1073.34
1073.34
1451.55
1451.55
1451.55
1451.55
1451.55
1451.55
1304.26
1304.26
1304.26
1304.26
1548.13
1548.13
1548.13
1548.13
1548.13
1548.13
1436.79
1436.79
1436.79
1436.79
997.54
997.54
1721.96
1721.96
2096.10
2096.10
1884.37
1884.37
1828.00
1828.00
1453.57
1453.57
1937.29
1937.29
1937.29
1937.29
1937.29
1937.29
1937.29
1937.29
1937.29
1937.29
1937.29
1937.29
1937.29
1937.29
1937.29
1937.29
1937.29
1937.29
1937.29
1937.29
1937.29
1937.29
1937.29
1937.29
1937.29
1937.29
1937.29
1937.29
1937.29
1937.29
22.29
22.29
213.76
213.76
393.51
393.51
511.17
511.17
957.63
957.63
1119.25
1119.25
1459.78
1459.78
1709.36
1709.36
2516.23
2516.23
2516.23
2516.23
25.20
25.20
3005.69
3005.69
2203.30
2203.30
3496.41
3496.41
5369.98
5369.98
2478.74
2478.74
870.85
870.85
1718.10
1718.10
1718.10
1718.10
1718.10
1718.10
1839.03
1839.03
1839.03
1839.03
1839.03
1839.03
1839.03
1839.03
1839.03
1839.03
14.98
14.98
154.98
154.98
482.44
482.44
391.66
391.66
606.39
606.39
562.02
562.02
836.17
836.17
805.04
805.04
407.66
407.66
1241.66
1241.66
1271.44
1271.44
1677.05
1677.05
1939.08
1939.08
2925.94
2925.94
2851.67
2851.67
1989.29
1989.29
2158.22
2158.22
5411.70
5411.70
2724.39
2724.39
4803.03
4803.03
63.16
63.16
5045.32
5045.32
5045.32
5045.32
5045.32
5045.32
5045.32
5045.32
5045.32
5045.32
319.64
319.64
225.54
225.54
396.40
396.40
624.33
624.33
878.88
878.88
1732.89
1732.89
2815.39
2815.39
4939.89
4939.89
4430.81
4430.81
3532.78
3532.78
4767.31
4767.31
4702.83
4702.83
1432.88
1432.88
6054.18
6054.18
6054.18
6054.18
6054.18
6054.18
6054.18
6054.18
6054.18
6054.18
30.94
30.94
2174.96
2174.96
3925.75
3925.75
301.69
301.69
2112.37
2112.37
3780.60
3780.60
5114.51
5114.51
52.74
52.74
1924.39
1924.39
1924.39
1924.39
1924.39
1924.39
2142.99
2142.99
2142.99
2142.99
2142.99
2142.99
2142.99
2142.99
15.07
15.07
360.40
360.40
673.05
673.05
1078.81
1078.81
1386.72
1386.72
1125.02
1125.02
1282.25
1282.25
2136.62
2136.62
2952.09
2952.09
314.56
314.56
2276.62
2276.62
2276.62
2276.62
2276.62
2276.62
2029.34
2029.34
2029.34
2029.34
929.68
929.68
929.68
929.68
878.43
878.43
878.43
878.43
878.43
878.43
553.97
553.97
538.38
538.38
328.55
328.55
311.53
311.53
311.53
311.53
551.86
551.86
869.31
869.31
655.85
655.85
578.05
578.05
732.28
732.28
364.78
364.78
518.45
518.45
577.73
577.73
577.73
577.73
389.76
389.76
389.76
389.76
799.11
799.11
637.52
637.52
637.52
637.52
503.49
503.49
1194.96
1194.96
893.19
893.19
893.19
893.19
893.19
893.19
293.27
293.27
490.62
490.62
1307.00
1307.00
1110.51
1110.51
1110.51
1110.51
1254.81
1254.81
1254.81
1254.81
1119.38
1119.38
1119.38
1119.38
1145.82
1145.82
1145.82
1145.82
1145.82
1145.82
1684.69
1684.69
1684.69
1684.69
2119.01
2119.01
2119.01
2119.01
2119.01
2119.01
1603.83
1603.83
1603.83
1603.83
2042.37
2042.37
2042.37
2042.37
1304.46
1304.46
1991.88
1991.88
3038.74
3038.74
3339.37
3339.37
2633.96
2633.96
2725.17
2725.17
2725.17
2725.17
2725.17
2725.17
2725.17
2725.17
2725.17
2725.17
2725.17
2725.17
2725.17
2725.17
2424.11
2424.11
2424.11
2424.11
2424.11
2424.11
30.61
30.61
1192.07
1192.07
1600.79
1600.79
1600.79
1600.79
2369.53
2369.53
4719.70
4719.70
4719.70
4719.70
3792.98
3792.98
3795.46
3795.46
30.14
30.14
2446.84
2446.84
2967.07
2967.07
2139.70
2139.70
2139.70
2139.70
2139.70
2139.70
2139.70
2139.70
28.30
28.30
2310.08
2310.08
2310.08
2310.08
2310.08
2310.08
2310.08
2310.08
57.21
57.21
272.29
272.29
287.54
287.54
293.85
293.85
287.49
287.49
618.66
618.66
437.56
437.56
1095.68
1095.68
1154.51
1154.51
1154.51
1154.51
46.19
46.19
1722.17
1722.17
1722.17
2311.75
2456.47
2456.47
1520.86
1520.86
1520.86
1800.04
1800.04
1811.37
1811.37
2319.63
2319.63
2319.63
2539.13
2539.13
2539.13
2539.13
2539.13
2539.13
2539.13
2539.13
2539.13
2539.13
2539.13
2539.13
2539.13
2539.13
2539.13
2539.13
2539.13
1962.31
1962.31
1962.31
1962.31
1404.61
1404.61
1336.79
1336.79
1336.79
1336.79
2136.92
2136.92
2115.54
2115.54
1831.24
1831.24
1020.83
1020.83
2293.42
2293.42
2293.42
2293.42
2293.42
2293.42
2293.42
2293.42
2293.42
2293.42
3019.47
3019.47
3019.47
3019.47
1803.60
1803.60
101.98
101.98
1114.64
1114.64
2041.42
2041.42
2041.42
2041.42
2479.81
2479.81
24.43
24.43
1067.20
1067.20
1666.71
1666.71
1666.71
1666.71
1139.04
1139.04
1139.04
1139.04
2585.39
2585.39
2585.39
2585.39
2585.39
2585.39
2805.60
2805.60
2805.60
2805.60
2257.29
2257.29
2257.29
2257.29
2257.29
2257.29
1658.13
1658.13
1658.13
1658.13
1476.08
1476.08
1476.08
1476.08
1957.51
1957.51
1957.51
1957.51
1957.51
1957.51
1352.24
1352.24
1352.24
1352.24
2181.02
2181.02
2181.02
2181.02
2181.02
2181.02
815.22
815.22
999.06
999.06
1953.48
1953.48
1953.48
1953.48
2534.45
2534.45
978.55
978.55
978.55
978.55
2150.62
2150.62
2290.13
2290.13
1849.19
1849.19
1849.19
1849.19
2418.46
2418.46
2418.46
2418.46
2418.46
2418.46
2418.46
2418.46
2418.46
2418.46
2418.46
2418.46
2418.46
2418.46
2418.46
2418.46
2418.46
2418.46
1359.68
1359.68
1232.61
1232.61
1489.56
1489.56
974.57
974.57
1941.89
1941.89
2208.77
2208.77
2579.11
2579.11
2552.95
2552.95
2762.31
2762.31
2486.36
2486.36
3141.97
3141.97
4759.93
4759.93
3386.50
3386.50
3527.28
3527.28
3527.28
3527.28
3527.28
3527.28
3527.28
3527.28
3527.28
3527.28
3527.28
3527.28
3527.28
3527.28
3527.28
3527.28
3527.28
3527.28
3527.28
3527.28
3527.28
3527.28
3527.28
3527.28
3527.28
3527.28
3882.98
3882.98
90.45
90.45
2143.16
2143.16
2143.16
2143.16
2143.16
2143.16
792.80
792.80
1979.44
1979.44
33.76
33.76
808.13
808.13
557.14
557.14
1020.93
1020.93
1130.54
1130.54
1157.26
1157.26
605.24
605.24
2062.59
2062.59
2108.38
2108.38
1899.97
1899.97
2402.95
2402.95
4197.91
4197.91
553.54
553.54
4306.65
4306.65
4306.65
4306.65
4306.65
4306.65
4306.65
4306.65
4306.65
4306.65
18.19
18.19
1933.82
1933.82
1933.82
1933.82
1933.82
1933.82
1935.50
1935.50
1935.50
1935.50
1935.50
1935.50
1935.50
1935.50
2055.00
2055.00
2108.73
2108.73
2108.73
2108.73
2108.73
2108.73
2108.73
2108.73
1970.87
1970.87
1970.87
1970.87
2093.29
2093.29
2093.29
2093.29
1302.74
1302.74
1302.74
1302.74
1601.58
1601.58
684.12
684.12
1007.45
1007.45
1331.31
1331.31
1899.70
1899.70
3570.88
3570.88
4989.08
4989.08
4989.08
4989.08
4989.08
4989.08
4989.08
4989.08
4989.08
4989.08
4989.08
4989.08
4989.08
4989.08
4989.08
4989.08
16.98
16.98
447.40
447.40
530.88
530.88
396.73
396.73
1200.48
1200.48
729.39
729.39
1959.73
1959.73
30.46
30.46
2492.05
2492.05
2492.05
2492.05
2492.05
2492.05
2492.05
2492.05
2492.05
2492.05
2402.51
2402.51
2402.51
2402.51
2402.51
2402.51
3095.80
3095.80
24.80
24.80
1686.92
1686.92
209.45
209.45
1168.95
1168.95
1168.95
1168.95
1187.91
1187.91
2095.61
2095.61
2095.61
2095.61
2095.61
2095.61
2095.61
2095.61
2095.61
2095.61
558.78
558.78
1176.98
1176.98
1569.48
1569.48
1569.48
1569.48
1747.76
1747.76
1747.76
1747.76
1747.76
1747.76
1614.01
1614.01
1614.01
1614.01
2123.30
2123.30
2123.30
2123.30
1712.68
1712.68
2328.79
2328.79
1790.43
1790.43
1962.70
1962.70
1962.70
1962.70
1037.99
1037.99
1624.78
1624.78
28.45
28.45
1565.86
1565.86
1565.86
1565.86
2190.11
2190.11
2190.11
2190.11
2190.11
2190.11
1874.15
1874.15
1874.15
1874.15
2191.63
2191.63
2191.63
2191.63
2191.63
2191.63
2191.63
2191.63
2191.63
2191.63
1090.37
1090.37
1090.37
1090.37
1680.74
1680.74
1680.74
1680.74
1680.74
1680.74
1173.38
1173.38
18.48
18.48
924.60
924.60
924.60
924.60
1209.08
1209.08
941.70
941.70
941.70
941.70
968.34
968.34
968.34
968.34
1099.71
1099.71
1099.71
1099.71
1099.71
1099.71
1165.36
1165.36
1165.36
1165.36
1259.79
1259.79
1259.79
1259.79
1259.79
1259.79
1308.88
1308.88
1378.84
1378.84
1911.52
1911.52
1000.63
1000.63
1947.15
1947.15
1947.15
1947.15
1539.02
1539.02
1247.71
1247.71
1247.71
1247.71
1173.66
1173.66
1173.66
1173.66
1670.33
1670.33
1597.19
1597.19
1597.19
1597.19
1777.98
1777.98
2094.39
2094.39
1888.48
1888.48
28.17
28.17
2460.33
2460.33
10.00
10.00
1954.27
1954.27
1487.47
1487.47
1487.47
1487.47
1879.79
1879.79
1879.79
1879.79
1879.79
1879.79
1425.71
1425.71
1425.71
1425.71
2039.73
2039.73
2039.73
2039.73
1274.12
1274.12
1198.46
1198.46
2050.42
2050.42
1670.12
1670.12
1670.12
1670.12
1778.49
1778.49
1778.49
1778.49
1881.81
1881.81
1431.00
1431.00
1431.00
1431.00
1683.57
1683.57
1047.32
1047.32
1174.76
1174.76
1174.76
1174.76
1174.76
1174.76
769.08
769.08
769.08
769.08
1376.28
1376.28
1376.28
1376.28
1376.28
1376.28
14.38
14.38
581.94
581.94
581.94
581.94
608.21
608.21
616.96
616.96
503.61
503.61
374.40
374.40
598.97
598.97
361.54
361.54
515.23
515.23
702.72
702.72
553.07
553.07
798.69
798.69
1398.70
1398.70
982.85
982.85
982.85
982.85
1529.95
1529.95
2322.70
2322.70
2322.70
2322.70
1386.27
1386.27
1795.38
1795.38
490.47
490.47
490.47
490.47
862.77
862.77
1658.23
1658.23
1658.23
1658.23
1658.23
1658.23
1658.23
1658.23
2295.46
2295.46
29.43
29.43
860.28
860.28
1737.86
1737.86
1737.86
1737.86
21.22
21.22
864.91
864.91
864.91
864.91
2009.11
2009.11
2009.11
2009.11
2112.10
2112.10
2016.98
2016.98
1363.96
1363.96
1894.18
1894.18
1419.18
1419.18
1487.15
1487.15
1064.76
1064.76
1760.86
1760.86
1760.86
1760.86
1443.97
1443.97
1248.89
1248.89
1050.42
1050.42
1180.00
1180.00
1629.31
1629.31
1190.81
1190.81
1190.81
1190.81
1190.81
1190.81
1283.03
1283.03
1747.61
1747.61
1055.47
1055.47
1989.84
1989.84
31.98
31.98
804.93
804.93
1182.16
1182.16
31.20
31.20
1235.29
1235.29
1481.20
1481.20
1481.20
1481.20
1481.20
1481.20
415.70
415.70
415.70
415.70
620.31
620.31
24.17
24.17
672.33
672.33
705.07
705.07
857.02
857.02
937.11
937.11
829.58
829.58
1585.39
1585.39
1414.17
1414.17
1212.59
1212.59
1587.69
1587.69
1587.69
1587.69
721.56
721.56
1437.41
1437.41
659.96
659.96
683.01
683.01
869.65
869.65
737.00
737.00
737.00
737.00
1419.21
1419.21
1066.70
1066.70
1358.34
1358.34
1606.54
1606.54
1606.54
1606.54
27.39
27.39
714.01
714.01
1950.15
1950.15
1769.42
1769.42
1718.97
1718.97
706.53
706.53
2035.73
2035.73
1156.17
1156.17
25.91
25.91
452.94
452.94
683.44
683.44
683.44
683.44
586.91
586.91
862.22
862.22
862.22
288.69
288.69
288.69
288.69
288.69
297.06
297.06
227.86
227.86
223.33
223.33
225.48
225.48
97.78
97.78
66.20
66.20
169.07
169.07
567.32
567.32
562.03
562.03
410.42
410.42
540.02
540.02
71.06
71.06
158.60
158.60
210.72
210.72
340.36
340.36
311.70
311.70
357.03
357.03
418.06
418.06
418.06
418.06
186.35
186.35
222.21
222.21
530.70
530.70
283.79
283.79
283.79
283.79
512.73
512.73
512.73
512.73
377.39
377.39
377.39
377.39
377.39
377.39
375.41
375.41
375.41
375.41
330.44
330.44
494.55
494.55
360.98
360.98
539.39
539.39
363.35
363.35
276.97
276.97
326.85
326.85
447.63
447.63
419.23
419.23
431.61
431.61
408.55
408.55
391.01
391.01
509.77
509.77
509.77
509.77
470.22
470.22
470.22
470.22
274.83
274.83
463.89
463.89
362.11
362.11
370.95
370.95
370.95
370.95
370.95
370.95
360.23
360.23
360.23
360.23
474.79
474.79
474.79
474.79
366.97
366.97
390.27
390.27
419.86
419.86
406.90
406.90
349.95
349.95
425.47
425.47
343.90
343.90
401.61
401.61
447.10
447.10
218.68
218.68
341.59
341.59
341.59
341.59
487.02
487.02
418.61
418.61
607.19
607.19
518.78
518.78
418.76
418.76
485.77
485.77
352.76
352.76
352.76
352.76
323.37
323.37
385.15
385.15
409.49
409.49
409.49
409.49
370.83
370.83
284.43
284.43
402.88
402.88
16.59
16.59
404.98
404.98
370.66
370.66
378.01
378.01
370.86
370.86
183.11
183.11
183.11
183.11
259.88
259.88
259.88
259.88
259.88
64.96
64.96
215.58
215.58
247.22
247.22
123.06
123.06
184.51
184.51
184.51
184.51
99.06
99.06
106.16
106.16
70.55
70.55
107.21
107.21
33.84
33.84
161.92
161.92
162.26
162.26
162.26
162.26
168.71
168.71
147.40
147.40
14.54
14.54
39.49
39.49
67.61
67.61
127.29
127.29
52.73
52.73
54.17
54.17
184.27
184.27
179.41
179.41
68.39
68.39
202.69
202.69
401.03
401.03
416.06
416.06
358.84
358.84
289.77
289.77
542.49
542.49
542.49
542.49
415.32
415.32
187.92
187.92
95.77
95.77
463.67
463.67
716.74
716.74
133.38
133.38
217.88
217.88
890.26
890.26
890.26
890.26
374.84
374.84
571.91
571.91
589.64
589.64
456.07
456.07
456.07
456.07
441.98
441.98
441.98
441.98
1157.10
1157.10
1157.10
1157.10
1157.10
1157.10
1157.10
1157.10
1157.10
1157.10
40.86
40.86
87.11
87.11
949.18
949.18
1665.41
1665.41
1665.41
1665.41
1665.41
1665.41
1665.41
1665.41
381.74
381.74
586.53
586.53
542.41
542.41
1052.65
1052.65
674.68
674.68
714.33
714.33
409.17
409.17
393.15
393.15
852.83
852.83
526.05
526.05
720.68
720.68
232.85
232.85
114.45
114.45
225.75
225.75
465.34
465.34
890.24
890.24
689.69
689.69
773.92
773.92
1001.70
1001.70
1270.27
1270.27
969.45
969.45
969.45
969.45
680.23
680.23
680.23
680.23
1161.46
1161.46
1161.46
1161.46
640.31
640.31
867.26
867.26
643.99
643.99
705.79
705.79
705.79
705.79
697.46
697.46
1290.40
1290.40
1195.00
1195.00
1104.12
1104.12
1067.52
1067.52
371.44
371.44
615.70
615.70
615.70
615.70
471.17
471.17
471.17
471.17
275.06
275.06
697.04
697.04
584.46
584.46
423.20
423.20
11.66
11.66
419.59
419.59
1102.03
1102.03
1230.68
1230.68
645.27
645.27
749.87
749.87
925.46
925.46
925.46
925.46
1521.70
1521.70
1521.70
1521.70
1521.70
1521.70
1488.88
1488.88
1488.88
1488.88
1563.07
1563.07
1563.07
1563.07
1563.07
1563.07
1563.07
1563.07
1563.07
1563.07
1460.11
1460.11
1460.11
1460.11
1060.71
1060.71
1670.48
1670.48
1070.65
1070.65
716.25
716.25
1536.03
1536.03
424.38
424.38
679.70
679.70
1445.13
1445.13
1445.13
1445.13
1445.13
1445.13
112.53
112.53
624.55
624.55
624.55
624.55
624.55
624.55
624.55
624.55
10.00
10.00
86.26
86.26
324.11
324.11
444.07
444.07
433.83
433.83
548.16
548.16
783.73
783.73
744.34
744.34
711.18
711.18
542.70
542.70
733.72
733.72
1220.81
1220.81
1220.81
1220.81
900.30
900.30
1423.71
1423.71
1423.71
1423.71
1114.01
1114.01
859.37
859.37
1449.17
1449.17
1660.60
1660.60
1986.64
1986.64
1803.08
1803.08
1803.08
1803.08
1803.08
1803.08
1803.08
1803.08
1919.35
1919.35
1627.01
1627.01
36.23
36.23
1665.61
1665.61
1665.61
1665.61
1665.61
1665.61
1464.90
1464.90
1464.90
1464.90
1364.86
1364.86
1505.11
1505.11
1419.64
1419.64
1419.64
1419.64
1419.64
1419.64
1553.35
1553.35
657.86
657.86
758.96
758.96
1333.74
1333.74
1178.89
1178.89
1404.93
1404.93
1360.77
1360.77
1387.17
1387.17
1387.17
1387.17
996.10
996.10
1165.65
1165.65
1165.65
1165.65
619.61
619.61
751.76
751.76
1339.77
1339.77
1305.86
1305.86
1267.56
1267.56
22.67
22.67
811.77
811.77
1409.05
1409.05
1599.06
1599.06
1599.06
1599.06
1648.83
1648.83
1146.87
1146.87
1528.36
1528.36
1393.52
1393.52
2363.88
2363.88
2363.88
2363.88
1867.88
1867.88
1985.89
1985.89
1985.89
1985.89
2671.32
2671.32
22.40
22.40
2327.21
2327.21
2327.21
2327.21
2327.21
2327.21
1890.60
1890.60
1890.60
1890.60
2119.94
2119.94
2119.94
2119.94
28.56
28.56
2062.37
2062.37
2062.37
2062.37
1951.10
1951.10
22.40
22.40
1680.16
1680.16
30.20
30.20
4264.96
4264.96
4775.14
4775.14
2584.43
2584.43
2251.35
2251.35
2251.35
2251.35
25.93
25.93
1177.45
1177.45
4653.39
4653.39
4653.39
4653.39
4653.39
4653.39
4653.39
4653.39
4653.39
4653.39
4653.39
4653.39
4653.39
4653.39
4653.39
4653.39
4653.39
4653.39
3631.38
3631.38
2979.43
2979.43
19.81
19.81
2248.49
2248.49
2045.39
2045.39
3598.40
3598.40
1570.99
1570.99
558.16
558.16
2204.45
2204.45
2204.45
2204.45
2204.45
2204.45
2204.45
2204.45
2204.45
2204.45
2204.45
2204.45
2204.45
2204.45
2204.45
2204.45
2204.45
2204.45
2204.45
2204.45
2204.45
2204.45
2204.45
2204.45
2204.45
2204.45
2204.45
2204.45
2204.45
2204.45
2204.45
2204.45
2204.45
2204.45
1647.51
1647.51
23.63
23.63
4406.98
4406.98
2880.66
2880.66
31.38
31.38
2634.37
2634.37
4260.38
4260.38
1804.57
1804.57
2024.59
2024.59
3520.83
3520.83
3520.83
3520.83
3520.83
3520.83
3520.83
3520.83
3520.83
3520.83
3520.83
3520.83
3520.83
3520.83
3520.83
3520.83
3520.83
3520.83
3520.83
3520.83
3520.83
3520.83
4189.59
4189.59
4516.41
4516.41
1585.02
1585.02
1964.93
1964.93
1964.93
1964.93
3113.82
3113.82
4494.96
4494.96
4494.96
4494.96
4213.81
4213.81
4095.87
4095.87
1633.21
1633.21
1633.21
1633.21
1875.38
1875.38
1875.38
1875.38
4386.31
4386.31
2746.00
2746.00
2746.00
2746.00
1186.81
1186.81
1536.53
1536.53
1700.72
1700.72
2029.66
2029.66
2029.66
2029.66
360.64
360.64
943.39
943.39
1847.85
1847.85
1847.85
1847.85
1847.85
1847.85
1847.85
1847.85
1847.85
1847.85
1847.85
1847.85
1847.85
1847.85
1847.85
1847.85
1847.85
1847.85
1847.85
1847.85
1847.85
1847.85
1847.85
1847.85
1847.85
1847.85
1847.85
1847.85
2226.41
2226.41
2226.41
2226.41
1203.37
1203.37
521.91
521.91
796.17
796.17
1248.30
1248.30
943.71
943.71
889.43
889.43
485.25
485.25
3385.54
3385.54
2994.92
2994.92
3311.55
3311.55
791.77
791.77
468.16
468.16
468.16
468.16
468.16
468.16
468.16
468.16
468.16
468.16
558.88
558.88
1464.95
1464.95
1464.95
1464.95
1531.63
1531.63
2808.55
2808.55
2917.76
2917.76
2917.76
2917.76
2917.76
2917.76
1697.30
1697.30
1697.30
1697.30
1697.30
1697.30
2537.89
2537.89
2537.89
2537.89
2553.88
2553.88
2227.21
2227.21
1627.45
1627.45
1564.23
1564.23
50.92
50.92
2657.33
2657.33
2657.33
2657.33
351.95
351.95
1862.63
1862.63
2251.28
2251.28
2486.60
2486.60
3133.84
3133.84
2547.99
2547.99
2547.99
2547.99
2547.99
2547.99
2675.79
2675.79
2675.79
2675.79
2675.79
2675.79
2675.79
2675.79
2675.79
2675.79
2675.79
2675.79
2675.79
2675.79
31.51
31.51
235.55
235.55
532.34
532.34
1106.86
1106.86
803.23
803.23
435.12
435.12
435.12
734.98
766.13
766.13
515.92
515.92
884.16
884.16
884.16
884.16
884.16
884.16
848.31
848.31
848.31
848.31
276.18
276.18
276.18
276.18
299.70
299.70
293.60
293.60
293.60
293.60
421.97
421.97
376.36
376.36
400.90
400.90
400.90
400.90
400.90
400.90
576.71
576.71
576.71
576.71
576.71
465.53
465.53
465.53
465.53
465.53
207.30
207.30
233.23
233.23
489.10
489.10
529.33
529.33
607.47
607.47
607.47
607.47
607.47
607.47
275.62
275.62
289.89
289.89
657.84
657.84
657.84
657.84
657.84
657.84
500.93
500.93
500.93
500.93
73.46
73.46
290.75
290.75
420.41
420.41
420.41
420.41
420.41
420.41
575.79
575.79
575.79
575.79
559.06
559.06
559.06
559.06
559.06
559.06
324.57
324.57
324.57
430.93
17.39
17.39
286.20
286.20
37.08
37.08
437.02
437.02
361.74
361.74
362.56
362.56
365.06
365.06
482.71
482.71
527.18
527.18
472.07
472.07
752.80
752.80
392.32
392.32
460.41
460.41
370.26
370.26
471.97
471.97
387.51
387.51
387.51
387.51
416.29
416.29
398.91
398.91
314.06
314.06
314.06
314.06
314.06
314.06
482.58
482.58
482.58
482.58
577.27
577.27
397.06
397.06
450.16
450.16
191.11
191.11
329.95
329.95
569.54
569.54
267.06
267.06
335.83
335.83
335.83
335.83
335.83
335.83
388.59
388.59
503.03
503.03
527.68
527.68
536.27
536.27
193.94
193.94
390.44
390.44
304.06
304.06
304.06
662.92
276.95
276.95
276.95
976.62
360.28
360.28
347.33
347.33
714.26
714.26
1165.96
1165.96
976.52
976.52
976.52
976.52
962.41
962.41
962.41
962.41
962.41
962.41
964.86
964.86
666.44
666.44
398.55
398.55
398.55
398.55
398.55
398.55
742.94
742.94
742.94
742.94
828.39
828.39
828.39
828.39
34.77
34.77
317.58
317.58
317.58
317.58
505.55
505.55
505.55
505.55
355.56
355.56
355.56
413.54
413.54
484.58
484.58
484.58
617.90
617.90
617.90
519.15
519.15
446.79
446.79
512.42
512.42
304.19
304.19
736.52
736.52
554.47
554.47
554.47
554.47
334.15
334.15
334.15
334.15
581.50
581.50
581.50
581.50
836.22
836.22
447.23
447.23
447.23
447.23
669.81
669.81
553.14
553.14
634.58
634.58
682.77
682.77
869.92
869.92
868.28
868.28
868.28
868.28
636.15
636.15
479.14
479.14
479.14
479.14
1294.70
1294.70
1294.70
1294.70
20.74
20.74
386.97
386.97
386.97
386.97
20.45
20.45
20.32
20.32
383.70
383.70
500.55
500.55
544.50
544.50
603.29
603.29
606.48
606.48
805.34
805.34
717.13
717.13
875.99
875.99
875.99
875.99
903.86
903.86
766.96
766.96
515.90
515.90
729.52
729.52
405.31
405.31
684.08
684.08
671.87
671.87
535.59
535.59
965.57
965.57
965.57
965.57
997.02
997.02
997.02
997.02
1006.31
1006.31
1074.78
1074.78
1066.13
1066.13
377.69
377.69
435.37
435.37
1136.49
1136.49
1136.49
1136.49
1136.49
1136.49
594.88
594.88
594.88
594.88
1312.29
1312.29
1312.29
1312.29
1312.29
1312.29
529.19
529.19
529.19
529.19
1417.89
1417.89
1417.89
1417.89
1333.89
1333.89
1333.89
1333.89
1333.89
1333.89
846.02
846.02
846.02
846.02
996.91
996.91
1113.65
1113.65
1113.65
1113.65
593.92
593.92
593.92
593.92
988.66
988.66
988.66
988.66
492.46
492.46
492.46
492.46
557.76
557.76
604.71
604.71
604.71
604.71
629.25
629.25
68.70
68.70
310.44
310.44
587.80
587.80
490.07
490.07
496.94
496.94
496.94
496.94
513.15
513.15
535.67
535.67
355.63
355.63
510.06
510.06
570.97
570.97
552.81
552.81
890.76
890.76
341.11
341.11
722.30
722.30
569.21
569.21
410.17
410.17
695.14
695.14
979.65
979.65
890.99
890.99
781.09
781.09
477.83
477.83
508.38
508.38
462.49
462.49
567.66
567.66
567.66
567.66
10.99
10.99
625.50
625.50
416.00
416.00
15.12
15.12
1011.58
1011.58
865.28
865.28
500.30
500.30
336.76
336.76
479.99
479.99
555.27
555.27
555.27
555.27
555.27
555.27
678.09
678.09
397.25
397.25
1040.21
1040.21
1222.18
1222.18
690.47
690.47
921.70
921.70
993.99
993.99
752.51
752.51
752.51
752.51
870.89
870.89
870.89
870.89
870.89
870.89
518.23
518.23
518.23
518.23
646.03
646.03
577.65
577.65
1011.24
1011.24
1011.24
1011.24
1011.24
1011.24
1004.49
1004.49
1004.49
1004.49
579.75
579.75
579.75
579.75
590.22
590.22
93.56
93.56
987.15
987.15
437.63
437.63
1037.99
1037.99
1061.57
1061.57
149.50
149.50
1027.18
1027.18
1254.37
1254.37
1254.37
1254.37
1814.48
1814.48
1814.48
1814.48
1814.48
1814.48
1934.31
1934.31
1934.31
1934.31
2233.67
2233.67
26.61
26.61
29.87
29.87
1271.04
1271.04
1271.04
1271.04
2206.71
2206.71
2206.71
2206.71
2206.71
2206.71
1695.28
1695.28
1695.28
1695.28
1890.68
1890.68
1890.68
1890.68
1554.19
1554.19
1554.19
1554.19
2934.33
2934.33
2934.33
2934.33
2270.54
2270.54
3360.43
3360.43
3360.43
3360.43
3360.43
3360.43
3360.43
3360.43
3360.43
3360.43
2587.32
2587.32
2587.32
2587.32
2587.32
2587.32
2587.32
2587.32
2587.32
2587.32
3789.59
3789.59
902.70
902.70
2855.63
2855.63
2855.63
2855.63
2855.63
2855.63
2855.63
2855.63
2855.63
2855.63
4124.54
4124.54
19.37
19.37
1931.33
1931.33
1931.33
1931.33
1931.33
1931.33
1931.33
1931.33
18.39
18.39
1608.32
1608.32
1608.32
1608.32
20.90
20.90
102.46
102.46
136.28
136.28
500.96
500.96
594.89
594.89
542.35
542.35
965.58
965.58
219.25
219.25
1265.24
1265.24
973.75
973.75
856.27
856.27
1172.72
1172.72
1371.63
1371.63
1922.53
1922.53
2333.84
2333.84
2208.41
2208.41
2206.03
2206.03
2340.18
2340.18
2630.32
2630.32
2576.74
2576.74
2576.74
2576.74
2576.74
2576.74
2303.99
2303.99
2303.99
2303.99
31.52
31.52
1279.68
1279.68
1279.68
1279.68
2012.41
2012.41
2012.41
2012.41
1226.74
1226.74
1226.74
1226.74
2127.04
2127.04
2127.04
2127.04
1951.00
1951.00
1084.51
1084.51
1997.77
1997.77
1665.74
1665.74
1665.74
1665.74
1665.74
1665.74
1842.85
1842.85
1842.85
1842.85
1630.75
1630.75
1630.75
1630.75
1205.69
1205.69
1205.69
1205.69
1205.69
1205.69
1435.96
1435.96
1435.96
1435.96
1657.42
1657.42
1657.42
1657.42
1752.36
1752.36
1324.49
1324.49
1324.49
1324.49
1218.63
1218.63
1640.77
1640.77
1284.66
1284.66
1215.69
1215.69
1609.56
1609.56
2203.44
2203.44
2936.83
2936.83
1806.80
1806.80
1806.80
1806.80
1806.80
1806.80
1806.80
1806.80
1806.80
1806.80
1960.20
1960.20
1960.20
1960.20
2137.87
2137.87
2137.87
2137.87
2137.87
2137.87
2040.94
2040.94
2040.94
2040.94
2274.84
2274.84
913.18
913.18
1514.62
1514.62
1514.62
1514.62
1514.62
1514.62
1201.95
1201.95
1201.95
1201.95
1296.78
1296.78
1296.78
1296.78
1296.78
1296.78
1296.78
1296.78
1205.86
1205.86
1366.61
1366.61
1366.61
1366.61
1242.38
1242.38
1390.81
1390.81
1178.05
1178.05
348.53
348.53
913.64
913.64
1111.36
1111.36
1433.07
1433.07
1433.07
1433.07
964.26
964.26
1124.60
1124.60
1236.58
1236.58
1144.81
1144.81
1221.90
1221.90
1234.46
1234.46
1234.46
1234.46
1442.05
1442.05
1427.62
1427.62
1059.65
1059.65
1059.65
1059.65
1059.65
1059.65
1583.64
1583.64
531.10
531.10
916.19
916.19
916.19
916.19
1539.91
1539.91
1539.91
1539.91
1539.91
1539.91
40.67
40.67
313.60
313.60
249.80
249.80
260.12
260.12
474.77
474.77
448.79
448.79
858.01
858.01
860.99
860.99
668.35
668.35
889.46
889.46
920.46
920.46
663.12
663.12
374.91
374.91
243.47
243.47
219.79
219.79
693.38
693.38
456.91
456.91
227.87
227.87
294.94
294.94
519.11
519.11
438.14
438.14
597.01
597.01
556.53
556.53
626.07
626.07
726.48
726.48
639.11
639.11
836.95
836.95
814.49
814.49
959.52
959.52
954.15
954.15
1186.63
1186.63
1289.48
1289.48
1146.90
1146.90
1273.18
1273.18
1219.91
1219.91
1219.91
1219.91
1536.29
1536.29
1536.29
1536.29
1363.26
1363.26
1363.26
1363.26
729.35
729.35
1258.52
1258.52
1258.52
1258.52
1352.32
1352.32
1352.32
1352.32
1791.61
