# 1Hz Kbps trace generated by import_real_world_traces.py
1058.55
930.19
421.95
1027.42
1027.42
208.24
208.24
519.73
175.77
175.77
401.71
401.71
530.38
530.38
405.39
405.39
975.61
975.61
328.34
328.34
328.34
717.92
717.92
717.92
429.76
392.88
430.72
803.06
27.70
27.70
27.70
84.75
84.75
84.75
107.14
107.14
309.60
309.60
708.51
708.51
708.51
708.51
708.51
139.85
139.85
139.85
139.85
139.85
368.25
368.25
368.25
79.54
305.29
305.29
171.99
171.99
171.99
1050.01
78.34
78.34
78.34
78.34
78.34
324.75
127.71
127.71
219.50
219.50
482.56
482.56
482.56
12.97
12.97
205.16
131.15
213.89
830.93
23.88
23.88
344.20
344.20
344.20
895.66
895.66
1047.62
1047.62
163.03
163.03
83.62
189.59
189.59
189.59
21.24
21.24
21.24
21.24
338.79
338.79
524.88
524.88
186.16
186.16
85.11
85.11
147.01
1055.76
249.26
1252.46
416.73
416.73
706.89
706.89
468.31
468.31
796.59
796.59
724.78
724.78
724.78
699.29
699.29
699.29
384.77
384.77
384.77
508.39
508.39
724.30
933.69
933.69
189.14
360.95
360.95
757.04
757.04
482.04
482.04
478.40
478.40
10.00
10.00
854.95
854.95
854.95
335.93
335.93
406.99
81.20
241.81
1069.72
1069.72
1093.57
1093.57
425.74
425.74
173.12
1162.46
1162.46
332.37
332.37
332.37
106.09
106.09
416.25
416.25
416.25
91.39
91.39
349.35
349.35
467.98
467.98
117.47
117.47
1195.43
1195.43
1195.43
1066.87
1066.87
910.55
910.55
110.19
1197.58
1843.37
1843.37
176.66
1173.91
1885.01
1885.01
583.00
583.00
470.47
1682.79
1682.79
360.79
905.85
1412.54
458.15
458.15
741.62
741.62
496.03
496.03
1115.76
1115.76
1668.86
1668.86
1757.37
1757.37
1712.71
1712.71
1847.23
1847.23
364.01
364.01
364.01
759.04
759.04
759.04
759.04
932.11
932.11
932.11
545.90
545.90
545.90
1030.23
1030.23
824.38
824.38
1533.95
1533.95
1533.95
218.23
218.23
218.23
218.23
260.71
260.71
260.71
579.98
372.57
667.33
667.33
856.98
1126.07
1126.07
1126.07
161.03
161.03
161.03
161.03
161.03
287.55
287.55
287.55
569.54
569.54
569.54
1186.21
1186.21
1005.89
1005.89
326.81
326.81
1117.30
1117.30
1117.30
1417.41
1417.41
1020.39
171.98
800.64
800.64
501.89
1286.69
1286.69
427.12
427.12
840.20
840.20
106.60
345.36
345.36
817.37
817.37
776.15
776.15
776.15
943.69
943.69
734.59
734.59
734.59
1177.26
1177.26
297.95
297.95
327.25
327.25
1297.05
259.42
136.57
62.91
62.91
295.14
1204.77
1312.69
326.04
326.04
102.78
102.78
102.78
356.03
1212.50
1248.16
1248.16
337.41
337.41
1316.15
1316.15
479.21
479.21
1326.66
1326.66
352.85
352.85
352.85
1249.11
1249.11
1249.11
1249.11
939.90
939.90
939.90
1269.15
490.51
287.28
287.28
169.55
547.42
547.42
752.69
752.69
752.69
369.15
369.15
369.15
1060.75
1060.75
859.32
1786.79
1786.79
1786.79
765.07
765.07
1014.13
1014.13
1014.13
196.81
196.81
1005.11
292.17
1350.90
384.40
223.02
223.02
384.18
384.18
303.63
303.63
303.63
1045.02
1045.02
1045.02
1045.02
316.46
316.46
1021.64
1021.64
1684.51
1684.51
10.00
1648.05
1648.05
1648.05
1299.77
1299.77
92.52
92.52
92.52
103.66
103.66
103.66
288.05
288.05
636.68
636.68
636.68
1290.62
1290.62
516.34
516.34
592.72
592.72
111.90
516.23
516.23
516.23
200.77
200.77
1133.87
1133.87
1133.87
622.32
813.93
813.93
1952.69
680.35
680.35
210.54
210.54
372.90
1213.51
1213.51
386.43
386.43
269.95
269.95
838.51
199.73
199.73
1082.21
1082.21
1476.89
1476.89
469.70
469.70
1349.42
1349.42
1349.42
1288.39
1288.39
1288.39
577.93
577.93
577.93
931.86
931.86
863.72
1356.58
1356.58
284.12
284.12
928.46
928.46
93.13
93.13
93.13
78.41
78.41
1196.66
1196.66
1872.97
1872.97
387.26
387.26
1004.08
1135.00
1330.92
1330.92
1061.45
751.86
751.86
1281.20
1310.60
279.16
279.16
1212.66
1576.80
1576.80
555.20
555.20
1859.10
1859.10
584.25
584.25
39.30
39.30
1426.39
1426.39
1578.48
1578.48
59.13
59.13
1670.80
1670.80
565.71
565.71
414.11
414.11
499.55
499.55
650.23
650.23
650.23
50.95
50.95
50.95
425.03
425.03
425.03
582.31
582.31
582.31
582.31
821.57
821.57
821.57
821.57
683.29
683.29
1389.16
1389.16
1389.16
352.15
352.15
352.15
10.00
10.00
10.00
346.84
346.84
346.84
581.71
1174.41
617.02
1528.94
790.15
140.71
1022.45
1022.45
1022.45
865.42
865.42
865.42
1268.76
1268.76
1003.13
1003.13
144.78
144.78
187.08
116.03
116.03
787.69
787.69
587.91
587.91
367.07
367.07
367.07
537.77
537.77
537.77
239.93
239.93
239.93
188.57
188.57
188.57
318.67
318.67
1287.27
1287.27
494.58
1366.00
1366.00
438.04
30.88
1246.66
1246.66
184.56
184.56
570.72
570.72
315.82
101.64
748.41
1461.30
1461.30
107.77
107.77
100.83
100.83
100.83
176.05
176.05
176.05
709.28
709.28
709.28
709.28
1043.71
1043.71
595.49
595.49
126.17
126.17
126.17
225.44
225.44
225.44
70.07
70.07
70.07
698.30
698.30
698.30
709.76
709.76
709.76
95.59
95.59
686.49
686.49
686.49
14.44
14.44
14.44
14.49
14.49
657.65
158.08
158.08
765.89
765.89
955.40
955.40
583.96
583.96
583.96
1100.15
1100.15
10.97
10.97
504.19
504.19
513.29
513.29
473.35
704.11
704.11
704.11
455.29
455.29
46.78
46.78
323.94
683.44
683.44
683.44
308.39
308.39
308.39
413.05
1341.44
1341.44
1341.44
230.70
230.70
904.80
934.85
1221.73
1319.74
1170.90
1076.03
1076.03
1136.67
1272.49
1495.95
83.04
83.04
183.60
183.60
1467.26
1467.26
224.06
224.06
30.28
30.28
1785.72
1785.72
635.16
635.16
1389.69
1389.69
1982.72
1982.72
800.34
800.34
47.95
47.95
1115.10
1115.10
283.97
283.97
1122.79
1122.79
926.87
926.87
1026.39
1026.39
1452.17
1452.17
1341.56
1341.56
634.99
634.99
1773.26
1773.26
244.94
244.94
2013.26
2013.26
139.53
139.53
636.90
636.90
356.12
356.12
276.05
276.05
745.72
745.72
823.11
823.11
1509.67
1509.67
1386.17
1386.17
263.89
263.89
1007.50
1007.50
173.71
173.71
1159.88
1159.88
1821.35
1821.35
749.84
749.84
1521.22
1521.22
1303.82
1303.82
25.43
25.43
1336.95
1336.95
259.95
259.95
35.90
35.90
670.44
670.44
1221.64
1221.64
23.83
23.83
1269.07
1269.07
244.90
244.90
15.96
15.96
57.95
57.95
440.34
440.34
368.09
368.09
368.09
11.31
11.31
205.08
205.08
205.08
45.56
762.21
762.21
976.52
976.52
795.32
795.32
1286.04
708.38
708.38
115.44
115.44
782.04
782.04
101.95
101.95
104.50
104.50
913.53
913.53
1631.91
1631.91
1446.71
1446.71
452.10
452.10
339.09
339.09
339.09
339.09
1199.94
1199.94
1199.94
1281.19
1263.24
1263.24
205.95
205.95
205.95
817.16
817.16
546.08
546.08
902.75
902.75
1099.27
1099.27
1099.27
1054.12
1054.12
1054.12
840.23
840.23
320.67
488.31
49.66
49.66
49.66
1086.19
1086.19
1086.19
1138.05
1138.05
1138.05
230.25
230.25
230.25
230.25
566.46
566.46
566.46
566.46
404.95
404.95
404.95
404.95
404.95
253.09
971.95
971.95
236.10
287.47
287.47
335.40
335.40
335.40
133.70
133.70
1326.18
1326.18
1326.18
17.20
17.20
782.95
195.78
195.78
395.44
258.62
490.04
490.04
490.04
183.72
183.72
183.72
316.80
245.52
66.56
152.01
152.01
152.01
374.07
374.07
345.29
1658.02
1658.02
1658.02
917.71
917.71
917.71
234.94
1191.41
1191.41
687.32
687.32
1307.35
1307.35
286.07
212.78
212.78
212.78
27.60
27.60
1150.16
1150.16
1150.16
352.27
352.27
352.27
352.27
392.41
392.41
212.94
172.76
172.76
330.44
247.57
247.57
158.74
158.74
1031.53
1031.53
38.58
231.32
231.32
149.78
149.78
533.08
533.08
286.41
286.41
66.34
1465.13
90.22
90.22
406.61
406.61
406.61
713.03
713.03
13.45
13.45
135.90
135.90
1147.22
1147.22
524.47
1048.99
1048.99
171.65
1700.06
1700.06
1288.25
1288.25
142.73
142.73
142.73
986.31
986.31
1068.04
491.38
491.38
1101.58
1018.26
897.20
1510.04
1510.04
144.81
527.13
527.13
1435.73
1435.73
468.20
468.20
479.89
479.89
301.50
301.50
473.99
473.99
1220.25
1220.25
157.49
157.49
559.85
559.85
1695.63
1695.63
831.11
831.11
147.48
147.48
236.47
236.47
197.57
197.57
1044.10
1044.10
110.55
110.55
47.90
47.90
1337.57
1337.57
1337.57
1342.23
1342.23
1010.68
1010.68
522.76
522.76
1736.19
1736.19
1791.00
1791.00
455.44
1438.92
1438.92
43.27
43.27
1447.06
1447.06
897.75
897.75
212.64
212.64
140.34
140.34
170.71
170.71
412.81
412.81
534.34
534.34
534.34
534.34
163.64
163.64
163.64
1158.48
1158.48
1131.20
1131.20
1131.20
645.17
645.17
1412.06
1412.06
1055.03
1055.03
233.73
233.73
55.64
55.64
55.64
823.61
823.61
78.79
78.79
78.79
78.79
78.79
234.44
234.44
234.44
234.44
234.44
175.50
175.50
175.50
203.71
70.91
70.91
794.75
1425.25
313.73
10.03
10.03
10.03
210.20
277.25
277.25
1351.27
1351.27
24.18
24.18
197.23
197.23
1016.47
1016.47
1016.47
693.90
693.90
693.90
300.89
210.35
210.35
260.35
294.14
294.14
406.98
1276.50
1276.50
1276.50
263.32
263.32
425.06
194.79
194.79
194.79
10.00
10.00
10.00
1231.56
1231.56
1231.56
236.71
1216.99
1216.99
285.52
526.09
116.67
30.83
542.27
423.82
266.83
266.83
145.59
145.59
226.39
226.39
1144.64
220.23
1094.87
1094.87
1258.92
263.05
263.05
1317.69
1317.69
52.75
52.75
549.13
549.13
866.20
866.20
1805.51
1805.51
242.19
242.19
911.64
911.64
911.64
224.80
224.80
224.80
284.97
284.97
284.97
910.23
910.23
910.23
910.23
592.65
592.65
592.65
77.12
77.12
490.33
490.33
435.47
435.47
702.47
702.47
1054.86
1054.86
1054.86
271.59
271.59
271.59
271.59
15.99
15.99
15.99
976.64
976.64
976.64
701.80
270.53
463.68
284.96
250.22
49.36
49.36
253.84
253.84
289.97
289.97
382.55
382.55
189.31
189.31
354.06
354.06
489.68
489.68
694.97
694.97
260.45
260.45
24.39
24.39
1170.40
1170.40
928.22
928.22
18.48
18.48
1510.25
1510.25
148.08
148.08
10.00
10.00
215.44
215.44
149.05
149.05
76.93
76.93
1146.54
1146.54
53.23
53.23
666.63
666.63
272.43
272.43
248.85
248.85
235.30
235.30
427.55
427.55
94.89
94.89
17.69
17.69
1202.04
1202.04
1238.83
1238.83
974.51
974.51
949.88
949.88
179.80
179.80
16.25
16.25
360.27
360.27
27.83
27.83
446.49
446.49
446.49
439.35
439.35
439.35
439.35
136.67
378.29
215.99
215.99
215.99
215.99
215.99
10.00
10.00
10.00
10.00
10.00
358.09
358.09
33.83
33.83
33.83
33.83
33.83
33.83
549.74
549.74
659.87
659.87
807.15
807.15
807.15
800.86
539.52
539.52
691.90
12.58
382.87
382.87
382.87
382.87
382.87
382.87
482.56
36.73
612.82
612.82
12.70
75.72
75.72
96.64
96.64
590.93
590.93
259.03
259.03
540.19
732.92
732.92
79.03
79.03
225.73
225.73
446.44
446.44
446.44
487.87
487.87
136.37
136.37
891.08
891.08
70.58
70.58
70.58
70.58
11.05
11.05
11.05
11.05
506.69
506.69
803.00
752.17
752.17
698.29
698.29
1443.27
1443.27
1443.27
142.97
719.55
719.55
1189.17
1189.17
1169.09
1169.09
1169.09
11.61
11.61
11.61
763.99
764.03
800.71
800.71
238.32
238.32
238.32
269.24
269.24
242.70
242.70
242.70
472.74
472.74
472.74
123.46
123.46
12.03
35.41
213.42
213.42
162.02
162.02
913.91
913.91
369.51
369.51
423.63
423.63
423.63
1096.31
1096.31
307.41
307.41
307.41
191.27
191.27
233.38
233.38
233.38
233.38
233.38
233.38
647.24
570.19
570.19
440.36
440.36
63.38
63.38
63.38
518.85
518.85
526.80
1089.89
1089.89
11.86
241.65
241.65
965.54
965.54
796.76
1463.94
1463.94
466.06
466.06
466.06
1102.40
1102.40
1102.40
388.31
388.31
44.26
72.49
72.49
67.60
67.60
225.89
225.89
249.70
249.70
127.57
127.57
1154.00
1154.00
1154.00
138.73
197.86
809.46
837.27
136.85
792.13
427.07
427.07
427.07
65.33
64.49
10.68
840.30
1070.56
1070.56
689.96
425.76
363.24
363.24
363.24
1272.63
1272.63
57.28
57.28
236.56
236.56
176.54
176.54
22.62
22.62
18.98
18.98
26.07
26.07
626.90
626.90
34.76
34.76
123.07
123.07
10.24
10.24
14.16
415.30
415.30
415.30
1128.88
1128.88
507.88
507.88
20.23
20.23
1614.54
1614.54
92.01
92.01
1268.34
1268.34
103.03
103.03
469.64
469.64
474.64
474.64
1163.11
1163.11
941.76
487.27
487.27
487.27
129.92
129.92
589.86
589.86
904.84
83.91
83.91
819.85
819.85
1266.53
1266.53
310.81
310.81
270.81
270.81
270.81
295.48
295.48
47.92
47.92
856.81
1128.93
1128.93
1128.93
323.90
323.90
854.99
854.99
456.61
456.61
737.91
737.91
585.94
585.94
928.11
928.11
158.29
158.29
522.69
522.69
139.39
139.39
857.95
857.95
520.57
520.57
438.14
438.14
640.21
640.21
612.90
612.90
1399.88
1399.88
224.51
224.51
1334.42
1334.42
804.33
804.33
1104.83
1104.83
26.30
26.30
1098.81
1098.81
1274.33
1274.33
301.78
301.78
1385.73
1385.73
1346.65
1346.65
1346.65
1346.65
26.02
26.02
1657.61
1657.61
130.26
130.26
242.67
242.67
951.42
951.42
12.73
12.73
279.95
279.95
16.47
16.47
234.99
234.99
760.82
760.82
841.37
841.37
1317.90
1317.90
468.14
468.14
1132.61
1132.61
877.30
877.30
1140.68
1140.68
103.08
103.08
239.03
239.03
509.24
509.24
808.23
808.23
181.48
181.48
660.40
660.40
256.24
256.24
256.24
10.00
712.71
712.71
760.68
760.68
19.69
19.69
140.76
140.76
1389.48
1389.48
849.51
849.51
294.13
294.13
843.78
843.78
52.83
52.83
906.15
906.15
1166.80
1166.80
1445.35
1445.35
401.58
401.58
228.55
228.55
203.94
203.94
24.55
24.55
324.59
324.59
578.15
578.15
817.76
817.76
566.54
566.54
365.25
365.25
20.18
20.18
223.76
223.76
579.33
579.33
718.83
718.83
556.46
556.46
638.21
638.21
732.62
732.62
700.65
700.65
281.57
281.57
197.00
197.00
752.50
752.50
576.97
576.97
486.39
486.39
163.16
163.16
651.23
651.23
848.57
848.57
61.65
61.65
165.56
165.56
637.63
637.63
803.80
803.80
803.80
498.33
498.33
1036.53
1302.93
1302.93
1302.93
1222.34
1222.34
1274.20
1274.20
1439.89
1439.89
1476.15
1476.15
287.58
287.58
123.59
123.59
123.59
600.92
600.92
543.60
543.60
66.42
66.42
126.50
126.50
16.13
16.13
673.14
673.14
796.66
796.66
819.80
819.80
470.02
470.02
638.61
638.61
1193.09
1193.09
64.98
64.98
561.19
561.19
209.16
209.16
899.06
899.06
10.00
10.00
249.95
249.95
184.98
184.98
184.98
899.13
899.13
899.13
834.97
834.97
634.38
634.38
111.56
111.56
111.56
338.21
338.21
821.01
821.01
113.75
113.75
819.05
1013.60
1013.60
138.66
807.48
807.48
206.66
790.80
790.80
141.92
141.92
354.96
354.96
1062.16
1062.16
1398.12
1398.12
1284.97
1284.97
1560.08
1560.08
150.14
150.14
205.91
205.91
11.80
11.80
1194.31
1194.31
1477.06
1477.06
525.33
525.33
64.47
64.47
1379.96
1379.96
1342.16
1342.16
914.59
914.59
440.50
440.50
164.27
164.27
1469.27
1469.27
523.50
523.50
1636.17
1636.17
641.00
641.00
201.23
201.23
884.98
884.98
945.97
945.97
1021.23
1021.23
1343.57
1343.57
1262.56
1262.56
33.60
33.60
77.27
77.27
538.98
538.98
1753.49
1753.49
1434.13
1434.13
16.97
16.97
166.47
166.47
171.85
171.85
154.68
154.68
1001.01
1001.01
480.60
480.60
421.09
421.09
1238.40
1238.40
1127.44
1127.44
191.61
191.61
229.32
229.32
84.59
84.59
1204.06
1204.06
46.31
46.31
1309.84
1309.84
1181.89
1181.89
1347.72
1347.72
820.59
820.59
1368.49
1368.49
213.66
213.66
1297.36
1297.36
1110.15
1110.15
857.99
857.99
1357.01
1357.01
1137.64
1137.64
1137.64
180.19
180.19
180.19
180.19
180.19
479.83
479.83
479.83
479.83
479.83
479.83
162.33
162.33
26.67
26.67
548.76
548.76
548.76
206.38
206.38
202.18
202.18
202.18
19.20
19.20
19.20
171.89
171.89
746.82
746.82
812.83
812.83
812.83
812.83
170.74
170.74
170.74
232.31
232.31
39.18
297.77
297.77
360.04
360.04
43.87
943.70
943.70
1047.47
1047.47
543.82
40.90
40.90
241.75
241.75
956.64
956.64
269.88
493.32
493.32
493.32
493.32
279.54
118.48
168.42
168.42
168.42
153.91
153.91
731.17
731.17
281.37
281.37
486.48
486.48
486.48
486.48
109.77
109.77
1080.42
312.27
312.27
842.97
885.26
885.26
248.41
248.41
334.56
201.37
201.37
81.14
81.14
184.16
184.16
1130.10
309.79
309.79
464.11
126.25
483.98
593.97
593.97
510.68
510.68
510.68
89.77
89.77
89.77
89.77
166.01
166.01
166.01
166.01
52.54
52.54
471.31
471.31
471.31
471.31
566.51
566.51
595.97
880.32
880.32
880.32
50.33
213.62
213.62
213.62
17.75
17.75
844.51
844.51
303.55
303.55
303.55
177.41
1017.78
1017.78
214.32
214.32
232.95
926.66
926.66
926.66
223.84
210.95
136.69
136.69
100.79
300.35
300.35
641.11
641.11
641.11
641.11
644.39
644.39
644.39
644.39
629.39
629.39
629.39
614.95
133.25
133.25
358.34
358.34
441.82
441.82
144.72
144.72
144.72
94.25
11.11
443.25
443.25
443.25
103.73
605.89
605.89
21.53
21.53
504.69
504.69
328.30
328.30
523.75
523.75
231.52
231.52
609.17
926.47
926.47
567.57
567.57
125.94
125.94
125.94
713.04
713.04
713.04
713.04
709.77
709.77
161.30
308.12
308.12
457.77
438.49
438.49
438.49
829.10
829.10
993.10
993.10
993.10
403.89
403.89
1197.76
1197.76
944.41
944.41
944.41
944.41
290.04
290.04
91.70
91.70
91.70
315.50
303.97
300.05
218.07
27.16
27.16
879.15
879.15
127.84
127.84
123.23
123.23
763.86
763.86
763.86
84.00
84.00
627.07
627.07
262.99
262.99
449.51
449.51
449.51
449.51
141.06
476.49
476.49
143.84
143.84
60.93
60.93
512.33
512.33
573.64
573.64
87.09
87.09
31.71
31.71
80.09
80.09
154.36
154.36
154.36
128.05
128.05
340.54
340.54
644.79
842.71
842.71
155.50
155.50
155.50
89.30
89.30
89.30
687.96
687.96
299.11
299.11
225.53
225.53
494.28
494.28
63.82
63.82
116.96
116.96
10.00
326.91
326.91
852.59
852.59
294.88
643.71
67.82
67.82
233.53
233.53
319.00
215.02
215.02
667.79
866.22
1459.69
1051.35
206.41
1354.87
1518.35
1518.35
404.76
404.76
1138.08
1138.08
1140.71
1140.71
73.76
73.76
1595.56
1595.56
1726.81
1726.81
520.43
520.43
166.17
166.17
503.81
503.81
553.20
553.20
489.01
489.01
1024.42
1024.42
49.68
49.68
48.05
48.05
1361.91
1361.91
1245.14
1245.14
551.97
551.97
1365.58
1365.58
459.47
459.47
586.14
586.14
120.34
120.34
1506.46
1506.46
285.00
285.00
1359.68
1359.68
94.27
94.27
519.05
519.05
467.64
467.64
48.34
48.34
291.18
291.18
19.25
19.25
118.21
118.21
17.34
17.34
487.98
487.98
722.02
722.02
299.86
299.86
90.37
90.37
164.21
164.21
657.77
657.77
235.48
235.48
158.47
158.47
244.74
244.74
964.18
964.18
685.89
685.89
922.48
922.48
178.60
178.60
1518.38
1518.38
1175.53
1175.53
1295.20
1295.20
1295.20
147.86
147.86
524.20
524.20
197.99
197.99
197.99
1157.93
1157.93
956.90
1067.79
1067.79
1109.41
956.38
956.38
956.38
850.93
850.93
850.93
124.03
124.03
124.03
124.03
564.63
564.63
564.63
564.63
16.94
16.94
16.94
16.94
479.50
479.50
479.50
479.50
616.46
616.46
616.46
209.31
209.31
569.47
261.42
261.42
750.87
988.14
783.03
783.03
267.65
267.65
267.65
649.13
649.13
187.40
187.40
72.55
72.55
72.55
23.72
23.72
439.02
273.14
273.14
69.88
69.88
652.17
652.17
1545.74
1545.74
304.89
304.89
304.89
257.32
257.32
257.32
257.32
278.23
278.23
278.23
278.23
880.52
880.52
740.16
474.77
474.77
10.00
10.00
10.00
880.87
880.87
10.00
10.00
10.00
35.57
321.64
321.64
321.64
100.37
100.37
805.13
805.13
625.91
206.70
206.70
105.90
105.90
105.90
354.05
354.05
311.43
890.26
633.09
633.09
1219.99
1219.99
546.69
80.26
762.38
762.38
215.15
215.15
215.15
30.07
30.07
30.07
325.14
325.14
525.05
525.05
37.34
37.34
37.34
37.34
216.93
216.93
216.93
245.31
245.31
245.31
245.31
653.84
387.09
280.97
89.71
784.10
784.10
448.82
448.82
126.43
126.43
1379.77
1379.77
396.38
396.38
396.38
396.38
626.01
102.37
102.37
181.04
171.02
171.02
452.25
165.42
165.42
165.42
597.99
597.99
961.44
961.44
1381.24
736.74
736.74
736.74
10.00
10.00
10.00
10.00
165.96
165.96
165.96
165.96
823.93
353.69
58.80
58.80
27.06
27.06
27.06
798.49
798.49
798.49
798.49
755.91
755.91
755.91
916.07
916.07
665.99
472.55
623.31
623.31
153.38
153.38
153.38
151.55
151.55
1295.72
1185.60
819.30
819.30
97.98
97.98
127.42
127.42
448.94
448.94
448.94
234.59
234.59
98.11
98.11
810.34
108.97
108.97
1082.65
1082.65
1082.65
1082.65
1082.65
165.51
165.51
511.23
511.23
838.84
838.84
51.82
51.82
51.82
51.82
328.00
519.63
496.95
496.95
78.94
31.86
31.86
47.60
374.73
467.61
467.61
467.61
170.74
170.74
283.16
827.59
827.59
282.52
282.52
282.52
692.15
692.15
692.15
150.47
1202.82
1202.82
273.02
273.02
273.02
771.99
771.99
490.67
490.67
490.67
836.00
202.65
112.76
284.30
65.26
65.26
65.26
442.95
442.95
128.68
128.68
389.60
389.60
389.60
258.76
184.19
184.19
143.67
570.38
266.99
1074.96
1074.96
1074.96
1074.96
1074.96
1074.96
274.67
274.67
274.67
274.67
130.28
253.66
253.66
647.53
647.53
246.21
246.21
246.21
246.21
246.21
46.75
46.75
556.45
556.45
556.45
522.31
522.31
737.72
100.84
28.90
28.90
182.30
1280.97
1280.97
485.29
343.51
343.51
451.14
172.62
294.58
1202.28
17.48
17.48
564.77
1112.74
1112.74
42.19
42.19
888.86
340.34
441.96
441.96
984.23
984.23
847.51
736.78
736.78
736.78
142.98
142.98
142.98
142.98
57.08
57.08
57.08
26.77
816.15
816.15
945.78
225.02
225.02
143.30
143.30
22.68
576.76
252.62
252.62
404.28
404.28
237.45
237.45
616.86
616.86
273.20
273.20
977.26
977.26
778.92
778.92
1190.59
1190.59
458.19
458.19
964.65
964.65
639.48
639.48
202.05
202.05
1114.34
1114.34
137.08
137.08
137.08
207.51
283.91
283.91
586.61
586.61
1115.64
1115.64
1013.77
1013.77
1217.99
1217.99
313.25
313.25
118.83
118.83
245.38
245.38
33.32
33.32
908.79
908.79
263.22
263.22
828.53
828.53
10.00
10.00
1231.98
1231.98
1139.12
1139.12
613.88
613.88
258.76
258.76
240.27
240.27
1586.71
1586.71
160.26
160.26
122.45
122.45
1120.74
1120.74
411.17
411.17
694.35
694.35
1504.01
1504.01
431.64
431.64
1428.03
1428.03
541.25
541.25
705.11
705.11
203.76
203.76
484.60
484.60
929.63
929.63
706.36
706.36
961.68
961.68
1147.41
1147.41
1147.41
849.03
849.03
849.03
725.51
725.51
104.84
104.84
929.99
929.99
929.99
383.04
383.04
383.04
383.04
382.59
382.59
382.59
382.59
573.68
573.68
573.68
199.84
199.84
1057.12
1057.12
141.45
141.45
354.73
354.73
354.73
28.39
28.39
825.90
101.81
101.81
257.36
257.36
326.47
326.47
697.86
697.86
697.86
697.86
129.21
129.21
191.22
607.01
106.57
241.84
291.39
442.60
442.60
442.60
442.60
136.49
136.49
136.49
47.69
47.69
711.77
228.78
228.78
52.10
165.30
165.30
165.30
149.09
149.09
256.52
256.52
256.52
92.13
92.13
92.13
92.13
68.03
68.03
68.03
73.68
73.68
73.68
73.68
175.10
175.10
871.49
871.49
611.39
611.39
611.39
611.39
123.76
123.76
298.07
298.07
39.28
39.28
777.50
1134.19
390.14
221.07
110.17
110.17
235.10
254.62
254.62
254.62
316.89
316.89
316.89
316.89
133.21
133.21
133.21
133.21
138.17
179.45
130.29
130.29
130.29
351.12
351.12
220.47
220.47
606.33
606.33
489.66
489.66
1030.39
1284.97
200.39
200.39
449.43
947.72
947.72
298.17
298.17
511.96
511.96
484.18
484.18
71.97
71.97
71.97
201.55
201.55
201.55
238.34
238.34
71.06
71.06
217.41
217.41
706.34
397.66
397.66
397.66
763.57
763.57
928.61
928.61
928.61
109.98
109.98
109.98
174.51
356.47
356.47
356.47
15.12
15.12
835.75
835.75
835.75
85.01
395.32
353.89
353.89
206.01
206.01
722.06
722.06
95.62
95.62
103.53
103.53
184.82
184.82
184.82
489.56
489.56
446.73
530.11
530.11
473.77
473.77
223.77
174.60
174.60
174.60
1030.94
1030.94
845.31
845.31
256.29
256.29
678.93
678.93
678.93
899.64
899.64
899.64
899.64
29.14
228.46
195.18
195.18
10.00
605.78
507.53
507.53
1045.19
1045.19
344.90
344.90
666.53
666.53
666.53
430.75
430.75
430.75
430.75
227.34
472.93
434.13
434.13
40.99
974.51
908.77
357.29
357.29
482.81
482.81
482.81
24.16
24.16
24.16
10.00
10.00
703.81
703.81
185.54
185.54
185.54
273.01
956.95
956.95
1273.10
1273.10
358.14
358.14
1145.76
1145.76
1145.76
404.23
404.23
127.31
127.31
127.31
36.96
36.96
36.96
10.00
10.00
10.00
546.93
847.37
847.37
943.57
943.57
94.70
53.48
53.48
197.57
394.46
394.46
1024.93
1024.93
63.92
63.92
63.92
63.92
797.26
797.26
75.97
75.97
1069.51
1069.51
1842.84
718.44
718.44
126.97
221.34
221.34
123.40
123.40
301.42
301.42
757.21
757.21
141.10
82.79
82.79
489.06
281.19
281.19
406.70
406.70
292.27
428.98
190.70
190.70
91.03
1169.97
1169.97
868.67
868.67
868.67
224.59
224.59
133.60
133.60
133.60
860.69
860.69
860.69
826.04
826.04
826.04
542.81
542.81
759.79
759.79
759.79
759.79
733.82
733.82
733.82
980.57
980.57
572.41
572.41
572.41
236.24
236.24
263.75
53.72
188.94
188.94
188.94
226.51
226.51
1087.91
1087.91
116.23
116.23
116.23
493.95
493.95
1049.99
1049.99
1106.99
129.83
129.83
355.44
355.44
649.36
323.04
323.04
171.39
171.39
396.80
396.80
396.80
396.80
10.00
10.00
84.37
462.64
462.64
307.21
307.21
307.21
303.99
303.99
21.02
27.57
27.57
27.57
27.57
252.16
252.16
382.00
382.00
10.00
63.20
268.16
268.16
10.00
230.65
275.74
275.74
26.57
962.67
79.17
53.11
53.11
507.06
507.06
507.06
507.06
888.68
888.68
888.68
888.68
246.47
246.47
60.96
60.96
796.85
796.85
796.85
484.54
484.54
362.71
362.71
362.71
214.45
101.90
172.56
682.98
682.98
141.63
225.38
225.38
79.37
342.14
121.05
121.05
1208.50
1208.50
79.39
907.82
10.00
10.00
392.46
42.61
42.61
1387.63
1387.63
400.12
400.12
191.40
191.40
714.22
714.22
692.76
692.76
852.19
852.19
1400.80
1400.80
67.39
67.39
1264.99
1264.99
63.85
63.85
48.92
48.92
442.13
442.13
1018.05
1018.05
963.44
963.44
1311.28
1311.28
285.61
285.61
1924.07
1924.07
684.88
684.88
72.20
72.20
94.79
94.79
47.42
47.42
22.16
22.16
279.22
279.22
1146.60
1146.60
366.43
366.43
1143.00
1143.00
1363.61
1363.61
307.24
307.24
192.05
192.05
512.63
512.63
191.27
191.27
754.35
754.35
74.25
74.25
1017.81
1017.81
555.14
555.14
830.91
830.91
1283.77
1283.77
440.23
440.23
1110.09
1110.09
811.07
811.07
638.71
638.71
1132.69
1132.69
573.63
573.63
634.76
634.76
10.00
10.00
1220.20
1220.20
303.08
303.08
592.60
592.60
1537.92
1537.92
918.14
918.14
36.96
36.96
1229.91
1229.91
1231.96
1231.96
1090.90
1090.90
1632.81
1632.81
35.75
35.75
313.41
313.41
474.86
474.86
1298.98
1298.98
797.01
797.01
108.80
108.80
108.80
94.83
94.83
94.83
1059.87
1059.87
1059.87
765.74
765.74
134.67
134.67
134.67
288.11
391.65
391.65
481.24
481.24
1064.30
1064.30
86.52
86.52
146.32
146.32
138.66
138.66
1293.73
1293.73
1293.73
90.79
90.79
338.78
338.78
338.78
253.81
253.81
253.81
1088.09
1240.61
1240.61
358.34
358.34
62.37
62.37
299.64
299.64
299.64
181.30
181.30
868.57
868.57
930.82
930.82
930.82
289.06
289.06
289.06
1165.44
1165.44
70.96
70.96
751.97
751.97
347.97
347.97
347.97
1151.86
1151.86
1151.86
325.70
325.70
325.70
325.70
111.83
111.83
111.83
129.79
781.00
948.95
948.95
307.29
307.29
307.29
476.72
476.72
1359.47
1359.47
1359.47
281.78
281.78
1013.54
1677.12
1677.12
1677.12
192.02
192.02
46.23
46.23
46.23
14.22
29.63
407.30
256.73
256.73
513.27
513.27
513.27
370.23
370.23
370.23
370.23
953.92
953.92
482.08
482.08
208.84
208.84
441.91
441.91
149.34
424.78
1494.35
204.21
204.21
344.26
56.58
56.58
266.96
266.96
219.07
219.07
219.07
1304.85
1304.85
1304.85
1304.85
12.57
1084.82
1084.82
1084.82
241.22
241.22
241.22
241.22
13.58
695.59
695.59
10.78
10.78
309.02
309.02
29.11
237.56
234.72
234.72
1232.62
1232.62
133.97
133.97
133.97
133.97
133.97
199.49
713.88
277.26
277.26
811.18
811.18
172.47
172.47
172.47
172.47
319.55
319.55
1290.98
273.95
273.95
108.29
853.92
853.92
268.62
268.62
1512.63
645.73
10.12
241.99
740.96
740.96
523.43
523.43
151.26
151.26
290.41
290.41
1348.08
1348.08
1705.89
1705.89
1881.75
1881.75
1756.22
1756.22
803.90
803.90
50.56
50.56
680.99
680.99
1250.25
1250.25
367.32
367.32
302.72
302.72
521.85
521.85
177.13
177.13
107.47
107.47
1212.83
1212.83
595.18
595.18
1666.72
1666.72
89.00
89.00
217.56
217.56
1155.88
1155.88
244.14
244.14
244.14
244.14
50.83
50.83
40.96
40.96
500.84
500.84
1164.97
1164.97
1620.28
1620.28
219.54
219.54
1601.99
1601.99
454.07
454.07
205.77
205.77
868.73
868.73
1534.86
1534.86
168.95
168.95
143.42
143.42
10.00
10.00
1202.60
1202.60
274.61
274.61
379.83
379.83
53.57
53.57
198.42
198.42
1218.27
1218.27
88.92
88.92
878.03
878.03
113.14
113.14
944.81
944.81
602.43
602.43
201.29
201.29
418.82
418.82
528.56
528.56
1257.72
1257.72
233.57
233.57
1155.03
1155.03
468.87
468.87
224.08
224.08
70.16
70.16
70.16
867.10
867.10
867.10
867.10
927.70
927.70
351.27
351.27
351.27
1014.80
1014.80
273.41
301.66
364.83
364.83
334.31
334.31
267.76
267.76
235.92
235.92
79.31
233.99
233.99
233.99
496.75
496.75
496.75
496.75
496.75
22.22
22.22
22.22
22.22
22.22
140.03
140.03
140.03
517.47
149.14
149.14
22.38
22.15
22.15
22.15
22.15
766.63
766.63
766.63
19.43
329.91
329.91
184.51
184.51
184.51
167.94
167.94
21.29
21.29
21.29
700.74
700.74
177.26
177.26
169.18
1213.64
1213.64
193.85
610.20
610.20
199.82
199.82
297.64
1067.38
1252.84
119.65
119.65
232.72
232.72
232.72
1268.63
1268.63
1268.63
190.40
190.40
190.40
780.88
376.68
376.68
264.43
264.43
78.46
78.46
78.46
51.93
51.93
51.93
51.93
493.69
493.69
466.09
466.09
742.38
742.38
676.40
676.40
564.23
564.23
850.36
850.36
138.86
138.86
138.86
339.87
339.87
289.18
852.64
51.24
51.24
385.29
385.29
385.29
691.88
691.88
691.88
691.88
115.12
115.12
115.12
516.47
516.47
113.13
173.89
173.89
272.37
92.53
92.53
928.35
402.11
402.11
128.91
221.75
221.75
221.75
381.09
381.09
221.52
221.52
848.70
848.70
377.39
377.39
106.62
106.62
106.62
69.79
69.79
69.79
175.24
175.24
575.65
575.65
142.02
175.70
175.70
175.70
264.87
264.87
264.87
264.87
192.71
192.71
925.27
1176.35
1176.35
240.05
96.99
96.99
897.89
897.89
1118.07
1118.07
149.98
149.98
1324.04
1324.04
50.19
50.19
446.57
446.57
315.28
315.28
838.39
838.39
821.28
821.28
132.61
132.61
336.77
336.77
349.41
349.41
222.33
222.33
616.07
616.07
616.07
117.37
493.91
493.91
593.07
434.26
434.26
616.83
616.83
113.38
113.38
113.38
293.91
293.91
293.91
683.39
683.39
819.15
242.98
242.98
529.80
613.88
613.88
613.88
27.06
27.06
27.06
981.24
981.24
981.24
221.32
221.32
127.02
127.02
127.02
475.27
475.27
482.27
482.27
509.42
180.38
180.38
740.71
143.67
47.61
47.61
1152.92
1459.99
80.24
80.24
648.43
648.43
988.54
988.54
988.54
127.52
127.52
127.52
127.52
126.57
126.57
810.27
134.92
227.66
227.66
152.62
152.62
635.00
635.00
401.23
401.23
67.29
67.29
378.58
378.58
233.09
390.73
390.73
94.39
94.39
564.12
564.12
564.12
564.12
831.59
831.59
424.46
424.46
424.46
1049.85
1049.85
324.45
324.45
150.69
150.69
150.69
179.90
179.90
237.19
781.53
1219.82
1219.82
135.56
135.56
135.56
83.21
244.18
165.22
1090.30
1090.30
1090.30
566.10
566.10
566.10
742.24
742.24
742.24
742.24
24.42
24.42
581.12
581.12
757.47
757.47
511.95
511.95
511.95
511.95
595.33
275.89
130.33
335.38
212.80
212.80
182.56
182.56
1402.65
1402.65
205.42
205.42
690.17
690.17
690.17
307.81
307.81
307.81
1241.03
1241.03
79.54
476.50
243.44
271.09
271.09
431.94
431.94
431.94
294.68
294.68
90.77
1119.22
1119.22
13.25
13.25
13.25
44.94
44.94
44.94
44.94
408.58
408.58
589.65
589.65
589.65
589.65
208.72
208.72
90.98
90.98
424.50
579.45
1119.42
1119.42
717.39
717.39
180.97
958.60
958.60
175.81
1003.11
1003.11
1003.11
18.00
18.00
18.00
233.71
233.71
1308.29
354.02
331.56
331.56
276.17
276.17
451.05
451.05
451.05
113.68
113.68
113.68
113.51
113.51
246.50
246.50
246.50
363.77
363.77
108.32
108.32
133.14
133.14
133.14
477.14
477.14
477.14
477.14
477.14
341.03
109.06
109.06
146.88
908.07
908.07
90.50
880.23
653.82
653.82
209.62
209.62
209.62
171.58
171.58
171.58
422.97
422.97
310.60
310.60
12.86
29.92
322.32
28.94
28.94
28.94
28.94
830.90
830.90
830.90
830.90
72.37
72.37
72.37
72.37
58.67
58.67
481.86
481.86
481.86
415.42
1163.31
140.36
140.36
219.16
347.69
622.63
622.63
622.63
655.96
655.96
655.96
459.55
836.63
112.26
112.26
752.43
752.43
250.13
250.13
250.13
843.89
843.89
843.89
262.53
262.53
262.53
285.60
285.60
244.18
244.18
713.34
713.34
713.34
713.34
511.70
511.70
657.38
134.71
715.27
996.61
996.61
58.85
79.53
79.53
199.22
83.90
83.90
83.90
388.22
388.22
388.22
388.22
388.22
10.37
10.37
794.67
794.67
50.99
50.99
161.52
315.49
531.95
1297.11
1664.92
1664.92
342.37
178.90
967.31
253.38
253.38
91.92
91.92
1147.93
160.45
160.45
163.74
163.74
44.67
44.67
32.74
32.74
32.74
914.43
914.43
1364.33
374.72
374.72
959.38
959.38
993.74
993.74
1493.03
1493.03
1743.14
1743.14
437.94
437.94
415.31
415.31
415.31
87.37
87.37
1067.58
1067.58
798.57
798.57
270.40
270.40
91.74
91.74
91.74
898.86
898.86
1068.04
1068.04
387.18
387.18
356.71
356.71
356.71
356.71
30.34
599.51
929.36
161.20
161.20
160.42
269.34
269.34
269.34
862.59
1318.09
1318.09
518.09
518.09
1032.70
1032.70
127.93
127.93
327.17
327.17
738.86
738.86
864.00
864.00
264.40
264.40
978.21
978.21
672.51
672.51
80.92
80.92
88.15
88.15
873.09
873.09
121.05
121.05
782.64
782.64
782.64
782.64
1301.97
1301.97
1301.97
112.01
892.25
892.25
475.11
475.11
1176.78
1176.78
1250.42
1250.42
36.36
36.36
106.70
106.70
907.78
907.78
907.78
907.78
992.76
992.76
107.02
107.02
1041.97
1041.97
901.24
901.24
1368.36
1368.36
578.46
578.46
960.84
960.84
1266.76
1266.76
1266.76
176.99
176.99
1068.27
1068.27
275.50
275.50
350.35
372.03
372.03
188.59
188.59
188.59
480.61
480.61
480.61
99.93
99.93
99.93
99.93
90.91
90.91
90.91
90.91
128.87
128.87
128.87
128.87
128.87
128.87
37.92
37.92
162.54
162.54
162.54
956.17
956.17
962.54
962.54
843.04
1026.04
1026.04
165.48
165.48
165.48
157.24
157.24
617.21
617.21
175.30
161.83
161.83
1371.38
1338.99
1338.99
1338.99
136.35
136.35
421.08
421.08
284.68
284.68
133.56
1235.61
276.52
276.52
276.52
291.85
291.85
291.85
174.16
174.16
210.77
210.77
215.36
238.93
238.93
238.93
239.17
239.17
239.17
239.17
15.57
15.57
15.57
838.38
838.38
838.38
141.40
675.98
675.98
142.20
142.20
11.07
11.07
1064.50
1008.56
1008.56
41.72
41.72
247.26
247.26
295.34
295.34
295.34
831.86
831.86
299.96
299.96
299.96
83.91
83.91
132.17
132.17
678.65
199.66
199.66
317.72
271.90
635.30
635.30
375.67
375.67
612.25
56.04
56.04
278.64
832.77
328.90
1708.14
1708.14
100.31
63.03
63.03
63.03
681.17
681.17
658.63
10.53
10.53
10.53
827.40
827.40
827.40
827.40
827.40
96.17
96.17
96.17
96.17
318.19
318.19
240.82
453.63
453.63
129.22
129.22
129.22
323.10
323.10
323.10
323.10
412.07
412.07
406.89
406.89
406.89
122.58
880.35
880.35
381.01
73.26
763.70
710.53
262.54
404.23
404.23
404.23
487.21
487.21
487.21
487.21
330.88
330.88
424.87
424.87
591.06
591.06
214.96
337.86
583.23
255.95
255.95
358.45
358.45
1001.86
1001.86
1001.86
1180.67
1180.67
442.50
442.50
1312.99
1312.99
294.63
294.63
72.27
72.27
501.32
501.32
551.65
551.65
551.65
617.86
617.86
1051.43
1051.43
54.44
54.44
54.44
1004.93
1004.93
1004.93
165.28
1103.92
522.95
278.34
278.34
278.34
326.81
326.81
326.81
112.98
112.98
427.53
427.53
378.80
378.80
378.80
662.28
662.28
662.28
662.28
62.69
1150.05
70.04
74.87
802.16
889.08
889.08
889.08
248.07
248.07
248.07
248.07
207.16
207.16
207.16
159.91
159.91
341.45
341.45
10.00
250.69
876.71
35.69
35.69
35.69
708.01
352.87
352.87
352.87
984.37
984.37
890.08
890.08
95.24
95.24
122.98
122.98
207.75
207.75
128.44
128.44
206.98
229.55
229.55
340.07
340.07
340.07
635.48
635.48
635.48
357.86
357.86
357.86
357.86
922.55
922.55
571.44
334.21
985.90
164.55
164.55
192.99
192.99
192.99
251.83
251.83
54.06
128.76
128.76
1000.65
1000.65
1000.65
1104.27
1104.27
877.42
877.42
109.50
109.50
885.29
34.52
34.52
381.04
381.04
130.15
130.15
52.03
52.03
52.03
842.00
842.00
50.87
50.87
681.77
392.18
150.85
93.72
310.49
894.30
996.67
492.01
492.01
159.20
109.06
109.06
183.03
183.03
33.28
33.28
436.21
436.21
1479.31
1479.31
1145.71
1145.71
923.62
923.62
816.84
816.84
339.40
339.40
473.54
473.54
57.67
57.67
513.13
513.13
890.66
890.66
422.93
422.93
118.78
118.78
732.06
732.06
370.15
370.15
399.75
399.75
324.42
324.42
1282.63
1282.63
1380.31
1380.31
550.10
550.10
831.39
831.39
80.12
80.12
465.04
465.04
242.10
242.10
500.70
500.70
500.70
500.70
643.20
643.20
643.20
643.20
249.14
249.14
249.14
249.14
486.65
486.65
43.73
43.73
835.17
835.17
835.17
486.37
275.22
275.22
275.22
275.22
11.78
11.78
11.78
169.22
169.22
84.24
84.24
10.30
10.30
210.83
210.83
10.00
255.10
255.10
954.77
954.77
819.62
819.62
822.54
822.54
208.34
208.34
208.34
208.34
753.78
753.78
753.78
753.78
53.71
53.71
137.28
178.97
85.03
457.56
117.83
117.83
133.53
133.53
133.53
700.48
1172.79
1172.79
1172.79
700.58
700.58
107.77
107.77
154.60
154.60
325.67
276.26
276.26
276.26
276.26
309.24
309.24
440.37
440.37
133.42
133.42
49.07
49.07
64.70
64.70
64.70
64.70
472.49
1004.51
1004.51
225.60
225.60
275.20
439.80
285.95
85.54
85.54
85.54
130.91
130.91
855.30
855.30
855.30
243.00
243.00
243.00
243.00
119.62
119.62
761.86
761.86
33.40
33.40
230.86
230.86
77.21
273.93
273.93
273.93
269.43
269.43
308.45
150.35
596.26
896.77
896.77
337.74
337.74
954.22
954.22
954.22
288.17
288.17
288.17
282.58
282.58
615.30
615.30
209.18
705.77
705.77
705.77
705.77
51.45
51.45
555.08
555.08
555.08
555.08
555.08
555.08
555.08
555.08
292.45
604.72
682.59
682.59
980.78
980.78
89.36
89.36
89.36
53.58
53.58
53.58
653.37
653.37
149.43
149.43
13.28
13.28
158.27
158.27
549.02
549.02
33.67
33.67
138.45
138.45
400.02
400.02
400.02
688.52
688.52
688.52
971.26
260.61
260.61
71.39
226.77
226.77
226.77
730.97
730.97
30.87
30.87
179.90
832.48
793.51
793.51
704.17
704.17
704.17
139.58
139.58
542.88
542.88
542.88
231.69
231.69
85.49
85.49
85.49
254.73
254.73
87.18
954.92
124.67
124.67
50.96
50.96
51.03
51.03
77.35
914.63
914.63
209.12
209.12
394.09
394.09
487.96
487.96
487.96
487.96
390.96
390.96
390.96
390.96
237.56
237.56
724.56
1288.92
247.32
247.32
437.09
437.09
832.62
186.26
1066.25
642.87
327.17
847.89
475.94
475.94
327.91
327.91
927.75
927.75
1193.41
1193.41
1801.57
1801.57
42.76
42.76
35.89
35.89
15.44
15.44
755.01
755.01
322.76
322.76
792.33
792.33
269.89
269.89
1586.26
1586.26
495.70
495.70
1678.14
1678.14
1767.19
1767.19
148.05
148.05
103.48
103.48
778.60
778.60
374.78
374.78
937.66
937.66
445.17
445.17
201.76
201.76
16.04
16.04
989.08
989.08
188.65
188.65
811.80
811.80
750.38
750.38
587.30
587.30
587.30
874.00
874.00
1004.88
1004.88
1004.88
243.40
243.40
906.67
906.67
214.02
214.02
117.96
445.41
445.41
445.41
1021.47
575.80
223.44
223.44
725.24
725.24
1242.04
1242.04
144.23
144.23
1358.57
1358.57
336.38
336.38
770.32
770.32
1340.75
1340.75
1331.28
1331.28
97.02
97.02
492.15
492.15
903.16
903.16
104.14
104.14
15.01
15.01
480.37
480.37
306.88
306.88
1046.07
1046.07
215.55
215.55
215.55
215.55
277.31
277.31
277.31
286.59
286.59
286.59
286.59
286.59
73.78
73.78
203.20
203.20
203.20
189.47
189.47
158.03
624.07
900.09
900.09
170.81
170.81
85.75
85.75
162.95
162.95
1174.84
1174.84
179.92
21.99
21.99
21.99
179.26
179.26
179.26
1073.66
1073.66
1073.66
1073.66
717.00
717.00
87.42
87.42
87.42
478.87
478.87
971.33
971.33
971.33
971.33
126.45
126.45
126.45
106.13
887.03
1135.00
669.93
1185.51
1185.51
953.21
953.21
203.78
203.78
1176.83
1176.83
664.67
664.67
15.41
15.41
460.48
460.48
372.66
372.66
449.14
449.14
181.83
181.83
181.83
217.48
217.48
217.48
128.01
128.01
1661.37
1661.37
1661.37
1310.44
1310.44
1310.44
1299.71
1299.71
1299.71
1299.71
1045.70
1045.70
1045.70
160.70
160.70
619.72
619.72
619.72
415.80
415.80
803.70
803.70
803.70
188.03
188.03
188.03
188.03
340.15
340.15
178.42
178.42
143.14
143.14
269.99
269.99
16.13
196.02
196.02
414.86
414.86
414.86
315.78
315.78
505.56
505.56
15.11
222.78
696.46
1141.78
1141.78
65.20
934.11
934.11
92.52
129.41
129.41
129.41
245.49
245.49
1275.27
1275.27
1275.27
777.10
777.10
777.10
996.50
996.50
248.44
248.44
114.22
114.22
80.84
1278.62
212.07
497.80
497.80
294.73
294.73
294.73
294.73
883.32
883.32
883.32
883.32
267.56
267.56
176.65
176.65
176.65
221.82
221.82
221.82
142.52
142.52
142.52
98.51
98.51
113.38
420.84
420.84
30.68
1061.25
1061.25
149.28
157.73
139.73
139.73
179.72
633.90
633.90
123.51
123.51
417.46
417.46
239.39
1209.70
127.20
127.20
127.20
103.32
103.32
1257.05
1257.05
1257.05
418.53
418.53
810.46
810.46
810.46
87.81
87.81
151.25
151.25
522.99
138.82
138.82
138.82
138.82
138.82
17.34
17.34
17.34
17.34
249.62
249.62
249.62
129.12
167.61
205.41
205.41
189.20
189.20
48.36
474.93
689.91
689.91
1187.77
1187.77
686.31
686.31
686.31
374.43
374.43
10.00
10.00
176.14
235.68
235.68
235.68
746.97
746.97
746.97
603.00
603.00
603.00
595.93
595.93
131.68
131.68
751.06
470.46
470.46
705.19
705.19
959.76
196.70
363.05
314.81
314.81
247.98
304.20
304.20
1225.20
1225.20
1225.20
196.39
196.39
196.39
162.94
162.94
162.94
162.94
447.67
447.67
713.08
713.08
963.93
963.93
49.30
96.06
96.06
13.44
13.44
1108.39
1108.39
759.16
759.16
394.86
134.15
134.15
260.33
1374.34
68.05
68.05
367.82
338.34
93.13
93.13
233.95
233.95
357.01
357.01
357.01
443.45
443.45
443.45
443.45
443.45
212.99
212.99
212.99
90.03
90.03
803.54
1270.88
1270.88
1270.88
297.91
297.91
297.91
49.88
577.88
577.88
663.77
663.77
146.93
146.93
916.07
916.07
439.23
439.23
160.47
160.47
738.91
738.91
214.54
214.54
286.51
286.51
286.51
84.91
84.91
163.82
163.82
436.32
436.32
80.49
80.49
276.54
276.54
13.54
13.54
751.14
751.14
242.17
242.17
317.46
317.46
581.26
1221.42
1221.42
1221.42
252.44
159.62
159.62
1123.17
1123.17
1123.17
1123.17
100.34
100.34
510.75
510.75
285.03
285.03
377.72
377.72
377.72
688.02
688.02
688.02
688.02
577.51
121.33
121.41
878.46
1275.64
1067.62
283.44
251.46
343.56
1306.67
555.13
365.12
365.12
10.98
10.98
10.00
10.00
617.85
617.85
1136.43
1136.43
1227.44
1227.44
161.87
161.87
352.05
352.05
454.44
454.44
360.12
360.12
1015.22
1015.22
716.68
716.68
104.27
104.27
994.70
994.70
994.70
994.70
994.70
159.37
159.37
159.37
159.37
614.27
614.27
614.27
614.27
223.72
223.72
223.72
223.72
223.72
267.43
101.31
11.03
11.03
219.00
219.00
91.47
717.85
717.85
116.70
116.70
116.70
312.90
312.90
312.90
312.90
312.90
376.20
376.20
376.20
746.38
746.38
366.79
924.63
361.05
234.87
234.87
89.36
89.36
89.36
357.35
357.35
1152.20
34.77
500.26
500.26
141.80
141.80
141.80
132.40
132.40
132.40
150.02
150.02
684.53
684.53
588.84
588.84
802.98
453.74
453.74
401.69
401.69
282.08
282.08
98.94
98.94
868.23
232.12
297.12
297.12
166.15
11.20
11.20
11.20
82.43
82.43
474.11
474.11
218.34
218.34
68.69
68.69
68.69
394.33
394.33
868.68
868.68
388.61
388.61
388.61
1147.29
1147.29
1147.29
261.67
399.21
130.14
130.14
783.00
783.00
322.22
513.08
1556.81
1556.81
569.06
569.06
216.18
83.34
83.34
36.16
36.16
1149.59
1149.59
1149.59
106.31
106.31
106.31
782.01
782.01
782.01
782.01
538.42
538.42
538.42
538.42
61.35
61.35
61.35
45.23
45.23
250.80
250.80
273.51
273.51
434.48
434.48
191.28
191.28
236.37
312.88
971.33
971.33
66.59
66.59
627.38
627.38
627.38
215.46
1265.76
987.21
149.94
149.94
830.87
830.87
228.87
228.87
438.94
898.21
898.21
898.21
696.13
696.13
286.90
286.90
286.90
286.90
274.97
274.97
242.36
242.36
242.36
143.79
143.79
143.79
659.91
711.86
598.10
598.10
452.80
452.80
334.37
334.37
1003.40
1044.84
1044.84
108.54
387.50
237.00
943.03
173.59
173.59
349.52
349.52
54.43
54.43
54.43
168.14
168.14
61.79
61.79
22.08
22.08
22.08
217.00
217.00
217.00
198.98
198.98
198.98
124.19
124.19
124.19
669.05
669.05
669.05
669.05
669.05
10.01
10.01
10.01
241.95
952.96
952.96
14.31
14.31
105.21
289.18
289.18
407.60
407.60
743.92
1600.22
10.00
10.00
71.72
71.72
314.33
314.33
732.92
732.92
732.92
732.92
257.89
257.89
257.89
596.51
596.51
596.51
231.66
231.66
1120.75
1145.57
179.25
350.53
350.53
1154.41
143.63
186.24
186.24
186.24
495.67
495.67
287.60
287.60
932.91
289.22
103.81
103.81
103.81
131.82
131.82
131.82
861.43
861.43
861.43
634.63
634.63
317.45
317.45
1356.33
1356.33
279.46
279.46
220.96
270.97
270.97
238.55
1178.81
1178.81
19.38
319.97
1501.77
1501.77
136.61
698.57
698.57
425.33
289.00
140.89
140.89
307.82
307.82
895.72
895.72
241.36
241.36
241.36
194.25
194.25
194.25
36.55
36.55
36.55
333.14
333.14
333.14
1224.88
1224.88
1224.88
184.28
184.28
184.28
732.64
732.64
274.04
274.04
274.04
338.49
338.49
338.49
50.30
192.88
192.88
192.88
38.32
121.39
741.13
741.13
741.13
741.13
203.67
203.67
101.08
101.08
101.08
267.56
267.56
112.09
112.09
903.85
675.78
783.78
783.78
153.42
153.42
305.86
605.17
605.17
605.17
543.26
543.26
543.26
183.22
183.22
1198.82
1198.82
197.55
197.55
197.55
12.19
12.19
474.49
162.70
162.70
802.31
802.31
87.04
87.04
87.04
798.62
798.62
798.62
399.33
399.33
848.11
848.11
329.48
329.48
329.48
10.00
10.00
251.24
251.24
42.82
188.08
188.08
191.97
191.97
637.88
637.88
437.08
437.08
639.84
576.85
576.85
576.85
539.25
539.25
317.14
317.14
1067.67
492.57
126.04
126.04
126.04
691.97
691.97
269.68
269.68
489.90
207.69
207.69
846.50
846.50
846.50
62.23
451.34
451.34
451.34
221.18
221.18
108.06
108.06
953.18
943.12
1529.86
1529.86
933.35
933.35
450.12
450.12
450.12
421.98
421.98
421.98
805.92
805.92
805.92
805.92
789.04
789.04
175.42
175.42
832.22
770.76
519.16
519.16
519.16
224.91
928.01
1076.23
1076.23
378.59
378.59
1257.15
1257.15
1174.58
232.80
214.60
214.60
263.13
372.88
372.88
388.36
388.36
91.15
91.15
1103.87
1103.87
1103.87
770.44
770.44
770.44
1049.10
1049.10
808.85
808.85
808.85
808.85
1150.51
1150.51
1150.51
723.51
723.51
723.51
212.02
315.04
315.04
53.42
53.42
10.00
10.00
306.27
603.08
603.08
956.00
956.00
295.54
295.54
295.54
195.58
128.03
128.03
82.33
82.33
351.84
469.64
469.64
89.74
89.74
89.74
101.54
101.54
101.54
651.49
651.49
909.88
909.88
193.04
193.04
144.52
144.52
926.32
926.32
760.30
760.30
633.47
633.47
623.94
248.44
248.44
248.44
248.44
110.34
397.00
397.00
200.33
200.33
390.28
1065.67
1065.67
325.71
611.07
148.84
148.84
1033.98
1033.98
1033.98
118.97
118.97
118.97
427.94
427.94
427.94
517.52
517.52
517.52
261.43
317.58
317.58
153.14
153.14
28.08
665.87
665.87
397.07
397.07
332.21
731.09
731.09
10.00
10.00
10.00
10.00
245.81
245.81
245.81
370.34
370.34
370.34
860.65
1137.11
292.40
196.81
196.81
508.49
508.49
105.43
105.43
16.88
16.88
16.88
521.45
521.45
551.36
551.36
1007.44
792.97
792.97
515.21
515.21
191.91
191.91
434.80
434.80
434.80
539.00
539.00
211.23
211.23
211.23
491.10
491.10
491.10
1061.44
666.94
666.94
565.48
647.57
281.20
281.20
309.25
77.66
572.25
808.49
808.49
287.52
952.73
35.88
35.88
217.40
217.40
129.19
129.19
1141.79
1141.79
1301.16
1301.16
370.63
370.63
62.27
62.27
947.67
947.67
1300.51
1300.51
141.61
141.61
1265.60
1265.60
1444.80
1444.80
244.44
244.44
1059.42
1059.42
1309.10
1309.10
946.07
946.07
384.31
384.31
1279.17
1279.17
25.48
25.48
1429.07
1429.07
1706.92
1706.92
404.87
404.87
1070.19
1070.19
109.16
109.16
502.42
502.42
1154.98
1154.98
1422.91
1422.91
114.67
114.67
361.95
361.95
551.18
551.18
19.34
19.34
584.91
584.91
84.86
84.86
1119.88
1119.88
451.29
451.29
451.29
555.72
555.72
204.59
204.59
482.05
482.05
482.05
679.71
1563.37
1855.35
1855.35
629.85
629.85
470.78
470.78
202.43
202.43
358.55
358.55
1128.34
1128.34
1486.43
1486.43
354.75
354.75
124.70
124.70
1602.15
1602.15
1602.15
1295.29
1295.29
262.67
262.67
101.09
101.09
37.56
37.56
37.56
188.41
188.41
188.41
182.81
182.81
182.81
182.81
345.80
345.80
345.80
52.38
52.38
52.38
1420.77
1420.77
1420.77
1502.23
1502.23
1502.23
1559.23
1559.23
155.46
267.68
277.56
187.97
187.97
47.80
47.80
47.80
239.76
239.76
239.76
82.93
82.93
82.93
534.03
534.03
534.03
1045.67
114.14
114.14
381.04
381.04
56.04
56.04
1332.26
1332.26
1332.26
126.91
1158.91
1619.14
175.56
175.56
1271.43
1271.43
1271.43
308.00
308.00
308.00
1429.30
1429.30
51.03
551.52
301.68
1322.67
174.45
174.45
483.21
390.81
898.49
478.25
381.08
179.69
179.69
179.69
179.69
485.76
485.76
485.76
485.76
156.08
156.08
156.08
311.77
103.32
894.93
894.93
99.40
1267.06
1267.06
421.26
421.26
421.26
1343.73
1343.73
1343.73
105.61
105.61
127.75
127.75
127.75
34.05
34.05
1447.11
1447.11
800.18
800.18
358.83
251.57
251.57
919.55
919.55
76.19
76.19
80.84
80.84
1392.86
1392.86
1392.86
241.54
241.54
241.54
225.86
225.86
225.86
627.24
627.24
522.97
522.97
522.97
522.97
1634.17
1634.17
1634.17
1356.04
318.70
318.70
143.89
143.89
220.87
1591.80
1591.80
141.25
1143.46
153.00
153.00
153.00
153.00
49.08
49.08
55.53
55.53
124.61
124.61
284.71
48.07
1201.00
1201.00
506.83
506.83
562.09
292.68
276.88
276.88
276.88
1537.98
1537.98
1537.98
1537.98
253.72
1209.04
1209.04
1209.04
1209.04
212.09
212.09
1272.09
123.13
123.13
438.91
202.05
202.05
209.33
209.33
209.33
209.33
199.51
199.51
199.51
391.00
391.00
1059.26
1059.26
1604.21
1604.21
73.48
73.48
73.48
145.50
145.50
145.50
246.96
246.96
246.96
119.35
1189.81
1189.81
1189.81
586.03
586.03
327.44
273.36
273.36
179.06
179.06
249.62
249.62
139.99
139.99
139.99
1248.94
1248.94
1248.94
1530.86
335.26
328.46
1438.09
1438.09
839.98
839.98
839.98
1352.01
1352.01
1121.34
274.96
411.16
1094.20
1600.60
1600.60
273.73
273.73
1169.41
1169.41
10.01
10.01
1038.69
1038.69
887.52
887.52
1036.52
1036.52
1036.52
1036.52
1036.52
394.80
394.80
394.80
394.80
441.98
441.98
441.98
441.98
441.98
233.32
233.32
1231.09
544.58
544.58
1223.81
1223.81
1223.81
849.61
849.61
359.68
359.68
119.23
421.89
421.89
582.38
227.00
1328.54
1328.54
1018.78
1018.78
1100.10
990.91
990.91
906.83
906.83
1287.21
143.51
227.29
1531.69
1693.31
1693.31
157.37
157.37
157.37
580.84
580.84
580.84
580.84
678.68
678.68
1477.98
1477.98
662.07
51.03
51.03
917.27
543.03
543.03
789.73
789.73
789.73
789.73
789.73
789.73
789.73
259.34
259.34
259.34
1050.31
1044.78
1044.78
1002.40
1002.40
213.17
213.17
213.17
213.17
109.53
109.53
1044.98
1044.98
1044.98
1093.23
481.83
481.83
383.04
1107.27
142.11
142.11
29.23
1126.34
1126.34
1044.47
1044.47
401.87
401.87
401.87
10.00
10.00
10.00
1245.32
1245.32
275.06
275.06
209.65
1051.55
1051.55
1118.30
1118.30
360.54
1353.71
128.54
855.23
855.23
116.64
116.64
116.64
147.90
147.90
147.90
1077.37
1077.37
1453.13
1453.13
540.97
540.97
403.72
403.72
403.72
947.91
947.91
108.95
108.95
1285.27
1285.27
1285.27
12.49
12.49
12.49
419.23
419.23
664.97
53.73
1611.58
1611.58
1611.58
62.34
62.34
62.34
62.34
110.42
158.16
158.16
158.16
946.81
1695.52
397.89
397.89
397.89
350.70
350.70
350.70
60.10
60.10
1550.03
1550.03
789.92
789.92
89.11
1330.35
1474.22
1474.22
256.22
256.22
1474.36
1474.36
1474.36
198.88
198.88
198.88
892.26
892.26
892.26
996.14
1129.17
881.30
438.03
438.03
127.73
127.73
951.68
951.68
951.68
191.65
191.65
191.65
1200.21
1200.21
852.45
852.45
852.45
494.72
494.72
1291.26
1549.39
72.42
72.42
282.78
282.78
104.43
104.43
96.65
96.65
90.20
90.20
90.20
210.65
210.65
130.60
130.60
451.25
451.25
451.25
1066.30
94.15
94.15
900.36
900.36
331.09
850.58
850.58
228.70
1267.81
1267.81
1267.81
260.29
269.47
269.47
1213.79
1213.79
1213.79
335.86
132.03
192.20
61.96
240.67
240.67
933.37
933.37
349.71
349.71
575.71
575.71
1274.16
1274.16
1182.90
1182.90
32.21
32.21
1081.97
1081.97
446.74
446.74
1577.15
1577.15
1344.92
1344.92
921.12
921.12
11.97
11.97
1389.44
1389.44
177.09
177.09
1635.21
1635.21
11.87
11.87
1239.62
1239.62
147.58
147.58
630.15
630.15
132.86
132.86
138.07
138.07
559.35
559.35
559.99
559.99
264.53
264.53
1331.13
1331.13
1083.81
1083.81
1474.51
1474.51
45.65
45.65
1375.03
1375.03
624.32
624.32
1291.61
1291.61
28.24
28.24
122.41
122.41
222.03
222.03
1486.79
1486.79
280.24
280.24
1679.34
1679.34
1550.07
1550.07
1644.71
1644.71
559.92
559.92
1644.45
1644.45
96.78
96.78
1597.82
1597.82
244.70
244.70
201.91
201.91
11.52
11.52
597.58
597.58
218.45
218.45
1183.55
1183.55
1343.19
1343.19
1682.43
1682.43
119.50
119.50
136.09
136.09
22.98
22.98
26.13
26.13
943.61
943.61
1038.84
1038.84
1665.93
1665.93
1126.68
1126.68
1730.83
1730.83
565.91
565.91
18.85
18.85
162.98
162.98
1581.31
1581.31
1291.59
1291.59
777.53
777.53
909.75
909.75
542.86
542.86
753.99
753.99
973.57
973.57
47.76
47.76
10.69
10.69
10.69
1155.65
1155.65
1155.65
142.93
142.93
142.93
142.93
1109.80
1109.80
1109.80
1109.80
229.16
229.16
229.16
280.75
373.28
373.28
618.18
618.18
199.57
199.57
169.95
169.95
169.95
47.28
47.28
479.24
479.24
479.24
111.57
111.57
667.41
667.41
289.63
289.63
289.63
289.63
289.63
508.95
508.95
141.92
121.06
470.37
470.37
223.40
223.40
594.12
594.12
97.55
97.55
1179.06
1179.06
149.31
149.31
149.31
123.77
1176.86
1176.86
631.87
631.87
631.87
631.87
895.31
1107.69
1107.69
965.73
965.73
67.40
67.40
210.74
58.83
58.83
286.88
286.88
159.16
159.16
795.99
795.99
872.98
872.98
536.02
536.02
456.47
456.47
955.19
955.19
490.15
145.04
145.04
145.04
145.04
204.22
204.22
204.22
204.22
324.11
324.11
324.11
324.11
510.32
510.32
510.32
538.83
538.83
152.97
54.75
762.82
923.48
862.72
883.36
710.42
493.00
165.35
368.75
472.41
191.08
152.67
14.13
14.13
828.18
828.18
54.38
54.38
50.68
50.68
356.97
356.97
1357.13
1357.13
206.98
206.98
206.98
181.06
1169.90
1169.90
14.44
14.44
243.37
243.37
388.80
388.80
349.12
349.12
349.12
162.81
162.81
162.81
263.01
263.01
263.01
263.01
339.69
339.69
339.69
339.69
339.69
73.95
73.95
73.95
73.95
50.49
50.49
50.49
147.53
147.53
138.84
138.84
790.51
790.51
790.51
790.51
520.58
520.58
520.58
403.27
403.27
403.27
167.27
167.27
531.14
10.00
914.17
67.98
721.46
103.35
103.35
132.74
88.86
88.86
88.86
673.39
673.39
464.40
464.40
464.40
903.45
903.45
273.45
273.45
176.77
176.77
427.99
427.99
427.99
47.04
47.04
20.08
20.08
20.08
265.60
265.60
245.01
813.35
533.72
861.77
861.77
178.78
713.95
779.12
1055.39
765.66
765.66
387.36
387.36
1521.74
1521.74
589.30
589.30
1083.42
1083.42
1091.28
1091.28
138.16
138.16
1382.82
1382.82
1793.91
1793.91
1809.03
1809.03
583.75
583.75
885.63
885.63
1537.77
1537.77
47.47
47.47
1697.78
1697.78
427.93
427.93
140.91
140.91
1625.56
1625.56
1376.66
1376.66
256.09
256.09
24.84
24.84
1621.03
1621.03
1293.50
1293.50
757.50
757.50
1445.69
1445.69
266.03
266.03
1105.77
1105.77
46.63
46.63
1780.75
1780.75
1862.12
1862.12
1317.79
1317.79
513.43
513.43
1131.92
1131.92
444.50
444.50
120.24
120.24
1040.36
1040.36
1040.36
1758.42
1758.42
1329.37
182.36
182.36
245.83
245.83
1440.54
1440.54
645.94
645.94
108.15
108.15
210.86
210.86
75.88
75.88
1080.29
1080.29
262.27
262.27
1448.67
1448.67
101.46
101.46
329.71
329.71
159.84
159.84
350.24
350.24
471.78
471.78
1011.54
1011.54
147.01
147.01
1561.23
1561.23
415.64
415.64
415.64
1079.97
1079.97
961.74
961.74
518.62
281.46
281.46
123.30
123.30
925.53
925.53
962.96
962.96
189.68
189.68
106.12
106.12
90.48
90.48
732.88
732.88
772.98
772.98
700.31
700.31
786.63
786.63
778.21
778.21
928.84
928.84
132.64
132.64
73.54
73.54
980.78
980.78
279.55
279.55
1235.16
1235.16
103.39
103.39
1386.90
1386.90
1386.90
1386.90
70.64
70.64
70.64
88.67
88.67
88.67
359.62
359.62
359.62
359.62
359.62
523.68
523.68
523.68
523.68
523.68
684.74
684.74
684.74
684.74
684.74
68.87
68.87
204.79
204.79
678.39
678.39
303.81
468.05
468.05
599.85
513.22
513.22
384.31
173.59
173.59
820.31
483.48
483.48
536.08
1248.85
1248.85
334.93
334.93
1464.75
179.30
179.30
179.30
179.30
694.36
694.36
140.53
140.53
1106.09
256.26
256.26
256.26
253.68
253.68
214.55
259.38
259.38
259.38
313.22
313.22
177.31
177.31
177.31
178.90
178.90
178.90
239.48
239.48
502.99
502.99
262.22
177.97
177.97
99.64
495.34
495.34
10.00
10.00
163.12
28.17
41.57
41.57
150.94
1319.23
604.71
604.71
75.33
75.33
620.84
620.84
620.84
620.84
16.63
16.63
16.63
1106.30
1106.30
200.57
200.57
53.87
53.87
363.21
363.21
363.21
13.56
13.56
815.21
26.04
1208.56
239.33
14.56
286.38
286.38
235.92
435.44
1209.05
690.17
301.25
301.25
148.47
148.47
102.81
102.81
1430.53
1430.53
1599.20
1599.20
1599.20
16.82
16.82
82.78
82.78
364.90
364.90
490.20
490.20
12.05
12.05
20.17
20.17
23.27
23.27
16.97
16.97
977.06
977.06
342.71
342.71
939.32
939.32
175.55
175.55
16.77
16.77
306.26
306.26
237.65
237.65
81.18
81.18
638.29
638.29
356.45
356.45
53.47
53.47
610.53
610.53
637.63
637.63
350.18
350.18
197.03
197.03
283.53
283.53
190.53
190.53
10.00
10.00
10.00
218.57
218.57
218.57
208.45
208.45
208.45
208.45
208.45
208.45
208.45
208.45
248.37
248.37
248.37
745.23
35.39
35.39
35.39
349.53
104.21
104.21
236.89
236.89
236.89
236.89
173.65
794.50
794.50
254.30
254.30
836.48
836.48
836.48
632.72
632.72
632.72
632.72
129.38
129.38
164.67
164.67
755.45
755.45
371.98
600.09
807.37
807.37
807.37
807.37
490.51
368.38
368.38
483.03
483.03
483.03
74.00
74.00
591.55
591.55
10.00
10.00
10.00
139.71
139.71
139.71
106.48
36.31
721.95
190.23
190.23
466.90
466.90
390.31
390.31
390.31
17.01
17.01
908.14
238.26
455.38
455.38
196.83
224.66
224.66
224.66
390.59
390.59
390.59
10.58
10.58
731.58
731.58
731.58
69.23
69.23
69.23
1617.96
361.65
361.65
152.00
152.00
364.44
364.44
227.44
227.44
48.70
48.70
48.70
152.54
152.54
152.54
135.84
595.47
176.68
176.68
10.00
10.00
366.67
366.67
79.29
79.29
159.00
159.00
159.00
859.41
859.41
47.81
47.81
45.08
45.08
176.65
176.65
176.65
14.64
14.64
360.29
360.29
56.19
638.80
638.80
1032.79
1032.79
1032.79
61.14
61.14
61.14
12.79
12.79
12.79
459.43
459.43
30.64
30.64
779.92
1171.85
248.47
273.12
235.22
171.09
421.27
889.31
94.95
91.32
324.80
324.80
322.97
322.97
701.50
701.50
255.26
255.26
1000.73
1000.73
198.74
198.74
1234.96
1234.96
504.64
504.64
1367.12
1367.12
1373.73
1373.73
617.56
617.56
46.11
46.11
792.56
792.56
153.99
153.99
1258.95
1258.95
371.94
371.94
1143.89
1143.89
38.95
38.95
38.62
38.62
227.47
227.47
803.79
803.79
923.54
923.54
488.06
488.06
769.02
769.02
1075.90
1075.90
36.16
36.16
1094.42
1094.42
324.70
324.70
874.66
874.66
10.00
10.00
448.00
448.00
44.98
44.98
433.03
433.03
187.00
187.00
580.60
580.60
652.64
652.64
867.98
867.98
419.99
419.99
1081.66
1081.66
301.81
301.81
1104.35
1104.35
1241.77
1241.77
1248.05
1248.05
268.77
268.77
72.17
72.17
1022.99
1022.99
365.12
365.12
230.69
230.69
230.69
745.42
745.42
745.42
765.41
765.41
765.41
47.53
47.53
999.59
999.59
252.85
252.85
1257.67
1257.67
1314.65
1314.65
30.59
30.59
30.59
254.13
254.13
1009.88
1009.88
55.12
227.01
227.01
319.40
319.40
319.40
224.44
224.44
224.44
210.27
210.27
210.27
954.41
954.41
195.46
195.46
195.46
293.81
293.81
293.81
39.12
39.12
39.12
39.12
586.57
586.57
586.57
264.95
276.15
276.15
36.72
36.72
222.22
222.22
1051.63
1051.63
44.89
44.89
400.41
400.41
287.07
287.07
637.73
637.73
637.73
20.94
71.22
71.22
71.22
1126.65
597.39
597.39
597.39
159.62
159.62
159.62
180.88
180.88
455.79
455.79
455.79
1000.90
127.08
127.08
155.32
200.92
200.92
255.08
255.08
17.99
17.99
549.08
549.08
549.08
135.41
135.41
1005.27
1005.27
215.27
215.27
358.75
660.54
660.54
18.72
18.72
609.43
609.43
609.43
995.30
995.30
70.32
70.32
70.32
234.58
234.58
157.40
938.25
938.25
938.25
856.43
856.43
574.18
856.30
856.30
642.71
234.97
234.97
234.97
169.53
1066.48
1066.48
855.80
855.80
502.68
502.68
502.68
502.68
45.68
45.68
45.68
370.43
279.44
79.29
79.29
115.75
115.75
763.81
763.81
117.32
117.32
117.32
252.69
252.69
46.59
146.53
145.08
204.80
183.62
183.62
183.62
183.62
79.39
79.39
729.12
729.12
259.96
259.96
329.62
329.62
329.62
235.74
235.74
795.34
795.34
795.34
760.16
760.16
760.16
58.61
58.61
182.13
30.37
30.37
599.90
862.01
862.01
500.75
500.75
1201.65
468.64
307.19
10.00
1385.63
1385.63
17.60
588.39
553.74
553.74
32.43
32.43
333.64
333.64
553.25
553.25
530.49
530.49
531.43
531.43
195.98
195.98
404.42
404.42
490.69
490.69
534.76
534.76
515.50
515.50
155.68
155.68
628.41
628.41
35.17
35.17
694.73
694.73
698.85
698.85
698.85
145.27
1435.10
1435.10
339.29
339.29
1195.62
1195.62
247.82
247.82
418.49
418.49
925.44
925.44
184.62
184.62
327.39
327.39
371.70
371.70
187.62
187.62
187.62
899.77
899.77
899.77
899.77
539.21
539.21
220.17
220.17
44.55
44.55
177.80
177.80
292.38
292.38
46.11
46.11
527.40
814.65
814.65
347.15
347.15
1196.44
1196.44
1185.14
1185.14
23.96
23.96
23.96
1103.82
1103.82
1103.82
1103.82
1103.82
753.12
753.12
753.12
753.12
960.26
960.26
960.26
55.34
55.34
55.34
55.34
1451.96
1451.96
618.43
618.43
618.43
1589.72
1589.72
220.03
10.00
203.52
307.41
1380.83
36.42
80.08
80.08
1567.91
1567.91
25.64
25.64
1352.62
1352.62
1735.50
1735.50
1782.49
1782.49
1784.49
1784.49
825.16
825.16
1910.86
1910.86
1426.70
1426.70
1951.32
1951.32
992.63
992.63
1066.61
1066.61
434.35
434.35
23.10
23.10
259.86
259.86
554.66
554.66
878.78
878.78
1287.38
1287.38
1735.73
1735.73
58.27
58.27
78.59
78.59
1928.59
1928.59
1457.15
1457.15
1702.39
1702.39
630.61
630.61
764.41
764.41
293.31
293.31
1017.53
1017.53
1780.11
1780.11
1315.38
1315.38
1468.76
1468.76
1580.80
1580.80
201.91
201.91
270.18
270.18
572.23
572.23
169.16
169.16
22.38
22.38
726.04
726.04
1733.22
1733.22
1733.22
162.89
162.89
162.89
104.01
104.01
771.13
771.13
771.13
223.85
223.85
520.55
520.55
520.55
1252.83
1252.83
1275.28
1275.28
1275.28
831.36
831.36
831.36
10.39
10.39
10.39
828.05
828.05
828.05
828.05
163.34
163.34
163.34
163.34
108.55
108.55
78.74
78.74
373.81
373.81
373.81
373.81
51.88
51.88
51.88
338.79
244.21
45.26
45.26
45.26
35.53
246.00
246.00
438.37
1008.86
247.61
247.61
247.61
155.65
155.65
86.06
86.06
966.43
966.43
571.88
571.88
193.80
193.80
193.80
147.86
147.86
147.86
147.86
400.89
400.89
400.89
400.89
28.10
28.10
28.10
10.00
10.00
146.47
146.47
79.13
79.13
777.70
533.35
1027.60
1027.60
931.49
931.49
931.49
931.49
94.28
94.28
94.28
94.28
271.57
271.57
378.37
378.37
101.82
101.82
102.62
634.72
634.72
203.48
169.88
169.88
169.88
373.32
373.32
851.68
851.68
584.96
584.96
242.93
242.93
242.93
38.14
38.14
552.01
749.17
280.81
280.81
280.81
731.24
1567.82
1567.82
370.83
370.83
147.82
147.82
130.28
130.28
1562.61
1562.61
1562.61
1562.61
10.13
271.91
239.26
108.93
108.93
263.76
263.76
263.76
45.45
45.45
45.45
60.85
60.85
1245.73
395.45
395.45
65.93
711.91
711.91
10.00
10.00
10.00
10.00
138.00
138.00
124.45
124.45
296.54
296.54
296.54
958.78
958.78
958.78
958.78
704.69
850.21
91.38
91.38
56.77
527.47
527.47
97.25
97.25
97.25
63.93
909.69
209.42
209.42
424.09
424.09
327.77
327.77
800.92
800.92
800.92
1686.11
387.99
387.99
387.99
313.36
313.36
207.34
1515.65
1515.65
332.67
332.67
203.50
203.50
163.66
17.94
62.71
62.71
144.61
144.61
817.44
817.44
817.44
817.44
38.34
38.34
519.60
519.60
703.56
703.56
15.28
15.28
15.28
130.34
130.34
913.44
913.44
913.44
178.83
178.83
367.88
367.88
29.31
29.31
10.00
45.22
1639.97
417.57
417.57
235.28
235.28
445.00
445.00
1363.61
1363.61
1363.61
119.40
119.40
119.40
119.40
587.45
587.45
13.05
13.05
479.46
479.46
67.72
68.28
68.28
215.80
327.47
327.47
459.63
459.63
493.30
493.30
930.65
930.65
930.65
889.35
889.35
889.35
606.09
606.09
355.91
867.09
483.00
241.59
241.59
741.98
741.98
741.98
681.64
681.64
681.64
681.64
640.02
12.55
12.55
1185.06
1185.06
1066.08
1066.08
1066.08
866.60
1418.40
1418.40
460.44
1623.77
115.41
115.41
115.41
183.40
183.40
183.40
538.16
429.66
429.66
1657.60
1657.60
121.76
121.76
465.97
907.78
33.27
33.27
539.74
539.74
539.74
539.74
45.33
45.33
163.28
163.28
653.38
653.38
943.40
1586.56
1586.56
1586.56
144.04
342.81
342.81
342.81
198.52
198.52
198.52
11.24
11.24
1592.43
1592.43
87.91
619.13
619.13
268.91
268.91
268.91
779.27
779.27
779.27
147.44
147.44
364.51
364.51
146.77
146.77
11.29
114.97
114.97
10.86
10.86
677.98
677.98
17.99
17.99
17.99
862.75
862.75
862.75
813.93
813.93
422.53
194.80
584.03
584.03
584.03
1030.30
1030.30
1030.30
662.25
662.25
662.25
662.25
872.42
175.29
1464.41
1456.67
1563.05
1132.36
1132.36
784.56
784.56
1571.39
1571.39
72.79
72.79
396.42
396.42
199.20
199.20
608.99
608.99
237.13
237.13
292.66
292.66
10.00
10.00
11.72
11.72
108.31
108.31
417.65
417.65
424.71
424.71
236.85
236.85
236.85
513.44
513.44
483.31
483.31
452.70
452.70
452.70
401.57
401.57
401.57
401.57
282.60
282.60
282.60
282.60
282.60
36.55
186.10
186.10
186.10
186.10
186.10
186.10
186.10
157.02
157.02
257.19
257.19
497.96
541.25
188.16
188.16
475.14
120.47
465.69
465.69
165.87
165.87
619.90
619.90
964.45
964.45
258.69
136.20
136.20
567.47
843.05
760.49
760.49
427.25
427.25
1032.57
1032.57
1337.82
1337.82
143.59
143.59
121.81
121.81
957.23
957.23
741.01
741.01
462.91
462.91
400.85
400.85
1115.43
1115.43
1409.38
1409.38
271.77
271.77
552.14
552.14
328.54
328.54
1185.11
1185.11
418.69
418.69
64.22
64.22
883.08
883.08
539.20
539.20
438.28
438.28
784.81
784.81
784.81
103.34
777.79
777.79
1252.62
1252.62
104.96
104.96
99.89
99.89
362.38
362.38
244.18
244.18
211.96
211.96
211.96
943.02
943.02
310.73
310.73
310.73
203.11
203.11
203.11
32.42
32.42
32.42
84.69
84.69
84.69
687.60
687.60
687.60
687.60
687.60
687.60
133.85
133.85
133.85
133.85
54.62
629.98
629.98
629.98
452.62
1175.72
1175.72
1175.72
354.53
354.53
212.06
212.06
107.62
950.59
950.59
950.59
950.59
189.39
189.39
155.51
300.16
300.16
532.53
719.41
719.41
219.50
364.50
364.50
314.93
314.93
314.93
897.23
897.23
897.23
468.46
468.46
468.46
10.58
10.58
10.58
439.43
439.43
494.82
494.82
1385.66
1490.95
1490.95
94.33
94.33
95.29
95.29
281.58
281.58
281.58
235.15
235.15
235.15
235.15
210.61
210.61
210.61
92.28
879.66
21.16
26.05
26.05
26.05
26.05
26.05
620.47
620.47
78.10
78.10
78.10
78.10
101.24
356.00
117.02
117.02
634.88
437.49
497.09
497.09
31.17
31.17
551.39
551.39
551.39
551.49
551.49
217.41
217.41
132.36
132.36
269.16
269.16
720.50
720.50
774.02
774.02
368.43
368.43
577.28
577.28
951.57
951.57
10.00
10.00
10.00
10.00
10.00
110.28
110.28
110.28
21.68
208.01
269.74
142.67
254.57
254.57
258.89
296.55
296.55
614.16
614.16
223.51
223.51
223.51
223.51
230.30
230.30
260.13
260.13
607.79
256.54
884.92
884.92
958.54
958.54
958.54
958.54
777.83
777.83
777.83
777.83
570.92
570.92
570.92
364.26
1002.51
124.17
124.17
852.84
852.84
167.21
167.21
167.21
167.21
352.70
352.70
352.70
352.70
562.69
562.69
562.69
280.65
280.65
699.94
10.00
145.03
145.03
29.79
280.83
280.83
280.83
280.83
26.74
351.74
351.74
32.59
32.59
1278.30
45.68
45.68
214.15
214.15
738.12
738.12
219.72
219.72
219.72
574.97
574.97
574.97
748.25
748.25
748.25
197.70
197.70
629.64
629.64
678.88
678.88
105.78
72.94
72.94
72.94
356.91
356.91
56.17
827.12
320.09
320.09
23.98
23.98
974.44
974.44
372.85
372.85
299.09
1092.84
1092.84
1092.84
11.13
11.13
11.13
250.57
250.57
464.94
464.94
464.94
753.43
753.43
287.10
76.39
1024.88
1024.88
342.65
1006.66
1006.66
1006.66
27.36
27.36
27.36
838.63
838.63
838.63
278.44
278.44
866.69
866.69
307.37
307.37
95.07
95.07
824.38
1070.99
94.25
94.25
18.32
18.32
109.48
109.48
26.90
26.90
26.90
818.07
818.07
818.07
818.07
169.26
25.60
25.60
250.28
585.55
585.55
869.30
869.30
626.22
626.22
1131.33
1131.33
258.53
258.53
127.56
127.56
127.56
14.16
51.56
51.56
903.82
903.82
286.28
63.20
63.20
63.20
63.20
690.14
690.14
690.14
673.52
1296.37
1296.37
173.20
463.09
463.09
422.48
227.78
227.78
227.78
181.08
181.08
190.60
190.60
824.02
824.02
824.02
10.00
10.00
203.01
158.72
213.36
213.36
103.49
103.49
168.95
168.95
168.95
168.95
418.40
418.40
418.40
429.78
429.78
429.78
135.06
135.06
50.49
1125.34
669.44
669.44
832.25
832.25
10.04
10.04
12.22
12.22
197.15
246.85
246.85
671.66
671.66
77.65
77.65
77.65
77.65
531.70
531.70
177.39
177.39
177.39
177.39
91.10
129.14
129.14
250.01
250.01
32.81
10.00
10.00
28.84
233.23
233.23
242.41
242.41
14.03
349.16
242.21
242.21
74.30
21.99
21.99
317.26
654.79
1031.94
1031.94
167.24
167.24
832.86
832.86
207.53
207.53
207.53
207.53
207.53
50.35
50.35
50.35
105.37
171.41
171.41
227.10
227.10
15.84
15.84
384.25
384.25
384.25
384.25
90.40
90.40
90.40
86.81
86.81
86.81
86.81
86.81
86.81
544.09
296.66
488.27
425.57
425.57
425.57
61.33
61.33
229.54
229.54
229.54
303.04
420.17
204.18
772.38
10.00
10.00
10.00
10.00
592.91
491.21
289.45
623.11
623.11
623.11
623.11
623.11
1080.91
1080.91
376.31
376.31
376.31
376.31
1113.75
1113.75
605.75
205.66
721.09
347.60
347.60
931.06
931.06
554.37
789.67
789.67
95.07
95.07
506.32
526.98
526.98
600.34
600.34
175.39
175.39
652.54
652.54
552.95
552.95
913.75
913.75
122.66
122.66
860.81
860.81
72.68
72.68
106.88
106.88
19.09
19.09
1187.04
1187.04
193.13
193.13
165.03
165.03
431.77
431.77
1126.23
1126.23
87.82
87.82
1247.40
1247.40
64.22
64.22
1106.51
1106.51
129.88
129.88
240.97
240.97
251.99
251.99
179.34
179.34
724.75
724.75
1213.14
1213.14
313.48
313.48
92.41
92.41
970.29
970.29
1010.52
1010.52
143.01
143.01
193.13
193.13
144.87
144.87
1122.15
1122.15
405.41
405.41
152.20
152.20
224.19
224.19
866.10
866.10
116.09
116.09
453.41
453.41
355.14
355.14
927.82
927.82
195.28
195.28
1204.57
1204.57
211.65
211.65
44.31
44.31
579.03
579.03
579.03
579.03
194.37
194.37
194.37
194.37
492.36
492.36
1331.60
1331.60
483.66
483.66
483.66
36.39
36.39
455.53
455.53
822.61
822.61
822.61
19.98
19.98
19.98
890.05
890.05
405.31
405.31
405.31
405.31
183.33
183.33
183.33
183.33
183.33
347.91
347.91
347.91
287.60
287.60
824.28
824.28
821.71
821.71
373.50
370.84
370.84
370.84
176.71
176.71
176.71
528.69
528.69
528.69
1265.21
1265.21
156.29
156.29
156.29
540.73
461.15
68.96
68.96
68.96
38.22
38.22
811.55
811.55
787.97
255.88
521.33
521.33
715.84
715.84
170.10
548.14
548.14
548.14
1111.37
1111.37
288.73
164.39
164.39
54.34
54.34
529.29
529.29
529.29
686.10
298.65
298.65
298.65
479.34
479.34
479.34
164.99
164.99
164.99
817.63
817.63
220.59
220.59
131.99
131.99
131.99
324.78
324.78
700.97
661.94
661.94
205.04
205.04
205.04
524.72
524.72
524.72
488.27
488.27
598.39
155.54
27.55
762.86
762.86
223.88
223.88
223.88
796.19
796.19
622.88
629.39
629.39
292.17
292.17
292.17
433.36
433.36
433.36
589.33
164.06
164.06
164.06
164.06
715.56
216.10
216.10
21.96
115.76
115.76
802.21
1258.03
335.73
335.73
1359.53
1359.53
399.06
399.06
399.06
72.01
72.01
72.01
72.01
72.01
183.78
183.78
251.43
251.43
251.43
158.18
33.10
33.10
358.35
790.53
790.53
10.00
579.96
25.81
25.81
25.81
619.80
552.84
552.84
552.84
70.80
70.80
584.86
584.86
1086.43
1086.43
694.26
694.26
244.77
244.77
244.77
244.77
244.77
601.09
601.09
601.09
154.26
154.26
275.90
691.66
691.66
691.66
482.71
482.71
148.04
148.04
10.00
599.42
1014.73
158.63
144.76
326.98
326.98
86.97
86.97
86.97
86.97
233.28
484.75
484.75
484.75
10.00
10.00
10.00
10.00
673.49
673.49
529.94
529.94
224.73
803.24
803.24
803.24
10.00
10.00
163.39
146.67
146.67
146.67
928.95
928.95
961.70
118.82
232.79
232.79
232.79
232.79
210.50
210.50
210.50
210.50
75.32
75.32
75.32
62.89
62.89
237.95
173.77
206.22
206.22
521.64
521.64
214.07
214.07
214.07
235.43
235.43
235.43
13.26
13.26
858.42
33.93
33.93
33.93
10.00
67.98
67.98
219.31
219.31
524.49
524.49
64.97
64.97
64.97
269.55
269.55
269.55
316.11
56.64
264.29
533.11
362.51
362.51
142.68
142.68
1081.41
1081.41
488.05
488.05
488.05
488.05
365.87
365.87
710.81
710.81
377.42
53.72
53.72
21.37
437.36
437.36
806.22
806.22
278.40
278.40
470.83
68.25
68.25
68.25
68.25
68.25
68.25
68.25
244.76
244.76
170.57
187.72
187.72
174.77
174.77
174.77
176.41
176.41
176.41
710.01
1011.61
1390.35
154.24
154.24
616.04
616.04
167.79
167.79
167.79
173.08
173.08
788.38
788.38
485.40
485.40
218.69
218.69
61.56
61.56
550.88
550.88
394.20
394.20
394.20
359.91
359.91
254.10
254.10
254.10
125.77
125.77
125.77
513.43
513.43
513.43
513.43
784.22
156.31
76.65
194.40
332.14
332.14
35.75
35.75
649.48
649.48
649.48
194.58
194.58
89.49
283.15
92.85
92.85
62.61
62.61
235.59
235.59
192.67
192.67
192.67
289.49
289.49
289.49
289.49
520.98
200.01
200.01
569.14
582.75
582.75
922.16
922.16
644.73
644.73
644.73
547.29
547.29
326.48
206.28
206.28
815.41
237.63
237.63
62.57
757.93
757.93
427.71
427.71
715.27
715.27
715.27
350.25
350.25
350.25
350.25
437.48
437.48
649.85
196.22
196.22
196.22
196.22
616.00
616.00
437.44
437.44
437.44
437.44
234.10
366.39
167.86
561.12
190.80
123.26
720.58
637.34
1305.22
1487.11
1487.11
1487.11
994.02
994.02
634.44
634.44
538.72
505.94
505.94
209.51
209.51
586.76
586.76
796.28
796.28
569.83
569.83
1021.48
1021.48
1134.92
1134.92
466.73
466.73
83.51
83.51
409.69
409.69
138.70
138.70
718.14
718.14
668.54
668.54
1141.57
1141.57
1141.57
1141.57
1141.57
1141.57
1141.57
1141.57
1141.57
1006.06
1006.06
383.22
383.22
350.91
267.14
181.35
861.23
861.23
105.77
949.28
478.46
478.46
1220.12
1220.12
1103.67
1103.67
1354.63
1354.63
775.95
775.95
10.00
10.00
784.26
784.26
762.33
762.33
41.23
41.23
802.45
802.45
96.57
96.57
948.59
948.59
930.39
930.39
157.24
157.24
341.52
341.52
105.02
105.02
573.29
573.29
671.25
671.25
485.83
485.83
682.56
682.56
102.43
102.43
92.80
92.80
730.95
730.95
669.68
669.68
107.88
107.88
10.00
10.00
138.38
138.38
123.15
123.15
1029.42
1029.42
1482.42
1482.42
1506.49
1506.49
201.03
201.03
953.46
953.46
429.53
429.53
429.53
429.53
1014.09
1014.09
1014.09
1014.09
277.67
277.67
277.67
277.67
277.67
277.67
68.85
83.67
314.22
314.22
314.22
434.11
434.11
533.89
533.89
73.82
450.92
450.92
565.00
565.00
339.15
339.15
697.90
697.90
697.90
155.63
155.63
155.63
155.63
155.63
488.33
488.33
488.33
240.90
240.90
35.91
35.91
35.91
580.49
580.49
580.49
580.49
13.53
13.53
77.22
77.22
102.06
102.06
52.33
52.33
52.33
176.52
687.83
687.83
687.83
623.15
162.75
162.75
448.63
448.63
804.80
804.80
13.33
13.33
13.33
439.73
52.76
52.76
52.76
811.05
261.19
261.19
56.16
412.70
412.70
122.24
122.24
125.02
125.02
125.02
128.95
128.95
128.95
128.95
151.53
36.23
457.96
579.75
128.00
128.00
414.13
414.13
385.16
385.16
1236.99
1236.99
1236.99
30.26
30.26
30.26
159.57
159.57
1111.86
1111.86
1111.86
10.00
795.65
795.65
224.16
278.81
208.79
208.79
10.29
10.29
232.05
232.05
232.05
232.05
1012.02
1012.02
1012.02
1012.02
134.89
134.89
81.30
287.16
287.16
280.04
619.48
619.48
45.84
45.84
858.11
858.11
794.02
794.02
794.02
566.55
566.55
381.61
381.61
10.00
10.00
10.00
10.00
10.00
133.79
144.29
684.98
684.98
808.77
663.32
1123.62
1039.61
1039.61
1039.61
602.67
602.67
602.67
602.67
89.75
89.75
307.93
307.93
669.87
86.86
578.82
578.82
561.45
561.45
561.45
29.53
261.97
261.97
58.23
58.23
58.23
58.23
52.29
52.29
135.37
34.84
121.72
121.72
828.93
828.93
588.28
588.28
468.65
468.65
318.62
158.12
158.12
885.09
885.09
885.09
187.54
187.54
187.54
59.13
59.13
59.13
59.13
10.99
10.99
330.67
10.00
469.64
469.64
273.03
273.03
781.09
781.09
20.00
20.00
295.74
295.74
953.76
953.76
953.76
206.30
206.30
206.30
206.30
605.74
605.74
605.74
171.05
680.85
188.94
72.06
771.38
771.38
44.99
44.99
614.52
614.52
79.53
132.46
292.47
972.33
972.33
972.33
684.97
684.97
684.97
684.97
34.13
34.13
34.13
34.13
230.62
230.62
230.62
230.62
230.62
35.38
14.44
803.62
803.62
116.96
116.96
714.15
714.15
476.20
654.56
560.14
560.14
799.87
869.09
869.09
394.08
394.08
787.06
513.00
513.00
513.00
513.00
513.00
774.58
774.58
774.58
774.58
707.48
130.04
216.00
596.28
976.95
403.46
561.70
197.22
329.51
375.27
375.27
1206.75
1206.75
266.43
266.43
810.02
810.02
843.64
843.64
851.31
851.31
851.31
906.14
906.14
615.35
709.76
709.76
272.06
272.06
135.38
135.38
135.38
135.38
569.86
569.86
671.46
671.46
667.22
667.22
667.22
99.98
675.85
675.85
1181.36
1181.36
409.82
409.82
163.64
163.64
313.91
313.91
10.00
10.00
661.51
661.51
264.48
264.48
787.05
787.05
1209.58
1209.58
179.31
179.31
1299.90
1299.90
213.03
213.03
184.81
184.81
180.28
180.28
154.51
154.51
344.92
344.92
92.77
92.77
121.70
121.70
181.23
181.23
1172.41
1172.41
1142.34
1142.34
536.05
536.05
434.75
434.75
77.73
77.73
1270.90
1270.90
29.33
29.33
1376.69
1376.69
22.21
22.21
872.87
872.87
221.68
221.68
1417.10
1417.10
175.09
175.09
58.02
58.02
165.64
165.64
996.27
996.27
36.89
36.89
837.05
837.05
1080.49
1080.49
1442.46
1442.46
1495.05
1495.05
325.15
325.15
211.24
211.24
1215.78
1215.78
337.17
337.17
248.46
248.46
1082.82
1082.82
17.98
17.98
840.43
840.43
1248.06
1248.06
258.90
258.90
258.90
1399.49
1399.49
176.52
722.67
722.67
363.06
363.06
251.17
251.17
203.94
203.94
587.99
587.99
587.99
587.99
733.87
733.87
733.87
89.96
89.96
89.96
954.30
954.30
954.30
954.30
954.30
1026.05
1026.05
1026.05
194.75
194.75
194.75
194.75
202.36
202.36
25.68
137.19
137.19
180.97
180.97
1081.15
490.58
490.58
269.18
269.18
194.06
194.06
155.85
155.85
139.60
139.60
139.60
135.82
135.82
135.82
187.30
187.30
765.17
1335.32
289.40
289.40
267.92
267.92
145.54
269.87
269.87
269.87
269.87
269.87
806.10
390.72
390.72
390.72
58.48
58.48
58.48
263.82
263.82
959.60
622.35
56.83
56.83
56.83
1195.14
1195.14
1195.14
219.69
219.69
417.15
417.15
20.56
641.30
641.30
641.30
132.79
132.79
72.22
72.22
166.61
902.44
469.53
936.79
669.33
669.33
669.33
1019.80
1019.80
1220.97
1220.97
920.05
920.05
1298.97
1298.97
1165.44
1165.44
1358.65
1358.65
103.25
103.25
344.59
344.59
186.84
186.84
62.57
62.57
1251.53
1251.53
1338.53
1338.53
451.48
451.48
1297.53
1297.53
413.14
413.14
413.14
413.14
33.86
33.86
653.55
653.55
107.94
107.94
271.74
271.74
271.74
82.70
677.46
677.46
591.33
591.33
356.53
356.53
46.98
46.98
1009.17
1009.17
759.75
759.75
245.22
245.22
1033.91
1033.91
359.54
359.54
527.94
527.94
698.76
698.76
1123.73
1123.73
1408.35
1408.35
256.01
256.01
1559.41
1559.41
351.18
351.18
1857.78
1857.78
701.28
701.28
121.14
121.14
135.82
135.82
309.44
309.44
246.68
246.68
1100.05
1100.05
28.60
28.60
197.53
197.53
1145.79
1145.79
1266.14
1266.14
1266.14
1289.06
862.63
862.63
1268.38
1268.38
283.35
283.35
514.18
514.18
351.29
351.29
103.88
103.88
1028.45
1028.45
210.49
210.49
210.49
357.67
357.67
179.97
179.97
639.75
639.75
180.67
16.56
16.56
17.63
17.63
32.68
32.68
425.40
425.40
425.40
425.40
425.40
425.40
425.40
396.24
396.24
396.24
396.24
396.24
52.33
52.33
52.33
248.68
248.68
248.68
248.68
144.80
835.74
835.74
193.77
193.77
489.17
489.17
489.17
489.17
196.86
196.86
196.86
358.60
358.60
81.84
81.84
221.71
553.58
570.65
570.65
10.80
566.77
146.23
89.78
89.78
89.78
367.99
150.88
150.88
39.38
270.93
743.72
743.72
743.72
590.50
590.50
590.50
590.50
255.55
255.55
255.55
525.15
525.15
525.15
525.15
630.57
630.57
630.57
453.64
453.64
140.52
140.52
138.19
138.19
308.38
308.38
308.38
23.01
23.01
23.01
283.13
497.13
497.13
194.31
400.21
171.63
424.70
424.70
168.23
168.23
969.97
969.97
969.97
304.07
304.07
196.41
196.41
196.41
127.26
127.26
27.09
27.09
27.09
52.26
52.26
52.26
222.15
222.15
53.00
914.41
114.58
114.58
114.58
1012.54
1012.54
1012.54
216.74
216.74
367.47
367.47
184.04
184.04
559.33
559.33
188.88
188.88
127.68
127.68
127.68
961.21
961.21
961.21
177.46
177.46
47.10
47.10
271.83
271.83
271.83
126.95
126.95
297.99
781.48
781.48
152.35
152.35
152.35
116.74
116.74
25.41
895.67
895.67
402.75
402.75
563.46
563.46
563.46
10.00
10.00
10.00
129.23
10.00
10.00
33.08
33.08
33.08
33.08
214.60
214.60
337.58
337.58
67.83
67.83
242.66
242.66
68.16
68.16
204.72
101.04
101.04
10.00
10.00
151.95
151.95
343.13
639.79
383.90
50.39
50.39
160.51
160.51
95.29
95.29
95.29
95.29
243.18
243.18
243.18
243.18
186.09
236.04
236.04
778.78
778.78
620.92
115.86
317.71
317.71
61.89
146.60
623.85
914.63
240.84
871.68
666.53
666.53
248.56
972.70
972.70
964.58
964.58
558.72
558.72
1320.01
1320.01
1151.72
1151.72
636.95
636.95
976.08
976.08
912.02
912.02
912.02
22.88
29.89
29.89
466.39
466.39
25.68
25.68
125.65
125.65
383.29
383.29
731.68
731.68
1074.99
1074.99
1074.99
1074.99
136.27
136.27
997.75
997.75
861.96
861.96
472.84
472.84
571.15
571.15
799.38
799.38
906.13
906.13
579.28
579.28
36.73
36.73
771.17
771.17
848.06
848.06
848.06
1273.92
1273.92
211.38
211.38
572.62
572.62
671.50
671.50
608.22
608.22
1246.07
1246.07
1076.36
1076.36
148.24
148.24
1050.89
1050.89
1445.12
1445.12
1445.12
1445.12
1445.12
1445.12
1512.02
1512.02
749.94
749.94
140.00
140.00
579.27
579.27
47.87
47.87
1077.56
1077.56
819.40
819.40
1712.34
1712.34
781.60
781.60
781.60
781.60
1214.23
1214.23
82.94
82.94
1295.06
1295.06
77.94
77.94
1150.07
1150.07
1150.07
1150.07
17.38
17.38
388.94
388.94
421.78
421.78
175.83
175.83
1439.48
1439.48
69.56
69.56
868.75
868.75
868.75
868.75
85.68
85.68
85.68
85.68
116.18
116.18
198.64
198.64
198.64
429.81
429.81
276.95
276.95
552.61
552.61
552.61
552.61
279.87
279.87
279.87
858.90
858.90
858.90
150.88
150.88
1190.95
1190.95
276.44
276.44
638.37
638.37
661.20
229.03
151.81
423.39
69.27
175.81
175.81
175.81
375.75
375.75
375.75
375.75
722.21
722.21
722.21
722.21
305.90
305.90
305.90
79.29
79.29
79.29
44.75
44.75
58.04
58.04
58.04
236.64
236.64
236.64
43.10
1132.80
1132.80
191.79
439.35
439.35
439.35
439.35
1109.60
1109.60
754.30
754.30
58.96
58.96
374.49
374.49
262.47
262.47
262.47
249.65
222.63
222.63
190.86
90.68
90.68
632.56
632.56
632.56
632.56
12.38
12.38
116.11
116.11
484.56
394.75
394.75
68.06
68.06
33.61
1163.59
1035.65
1035.65
1035.65
1035.65
284.31
284.31
373.38
160.75
160.75
111.31
111.31
355.53
355.53
124.43
124.43
824.69
824.69
88.05
88.05
88.05
409.62
409.62
968.63
968.63
638.06
43.89
43.89
190.70
190.70
190.70
964.24
964.24
812.27
939.27
939.27
939.27
939.27
831.26
831.26
215.43
215.43
215.43
10.00
10.00
754.32
754.32
609.14
609.14
1133.79
272.23
272.23
272.23
53.12
53.12
1126.30
1126.30
1126.30
103.50
103.50
215.97
307.65
307.65
774.71
83.41
92.35
164.53
164.53
460.16
460.16
460.16
216.40
75.64
75.64
225.98
225.98
909.38
909.38
13.69
1103.28
159.94
159.94
10.00
372.11
233.61
233.61
233.61
27.23
718.89
718.89
138.42
138.42
520.74
520.74
78.91
78.91
375.38
375.38
293.02
293.02
24.76
24.76
780.63
780.63
832.22
832.22
96.27
96.27
796.94
796.94
918.71
918.71
22.85
22.85
622.13
622.13
50.83
50.83
173.58
173.58
1145.67
1145.67
188.99
188.99
864.51
864.51
336.39
336.39
966.54
966.54
1482.47
1482.47
583.13
583.13
1361.35
1361.35
583.05
583.05
1438.65
1438.65
179.96
179.96
339.97
339.97
1228.39
1228.39
1574.69
1574.69
606.88
606.88
196.54
196.54
1003.26
1003.26
1073.71
1073.71
258.96
258.96
1165.88
1165.88
544.36
544.36
1464.87
1464.87
705.75
705.75
1295.07
1295.07
228.28
228.28
51.51
51.51
38.14
38.14
508.13
508.13
508.13
508.13
508.13
508.13
141.40
141.40
141.40
141.40
35.88
35.88
35.88
35.88
632.35
632.35
632.35
298.50
298.50
298.50
298.50
43.02
43.02
43.02
43.02
43.02
566.22
566.22
301.51
301.51
982.81
412.66
412.66
101.20
902.16
902.16
386.57
386.57
386.57
386.57
386.57
386.57
125.65
125.65
125.65
109.11
109.11
13.08
13.08
26.09
66.42
66.42
66.42
66.42
10.00
617.31
641.49
625.62
349.39
120.92
143.45
178.18
178.18
178.18
869.06
869.06
869.06
869.06
85.82
85.82
85.82
51.80
51.80
51.80
338.58
10.00
319.13
180.92
180.92
1133.77
1133.77
1157.14
1157.14
124.41
124.41
124.41
918.12
918.12
918.12
217.34
217.34
217.34
217.34
859.28
859.28
859.28
200.75
1060.90
1175.65
1175.65
508.54
508.54
431.82
51.63
51.63
51.63
51.63
51.63
202.17
202.17
202.17
202.17
156.08
156.08
17.96
279.00
279.00
836.56
206.05
726.46
132.58
41.67
41.67
41.67
575.42
575.42
61.23
61.23
61.23
61.23
1021.94
1021.94
97.04
97.04
176.50
324.42
115.71
115.71
373.32
373.32
1098.94
1098.94
358.71
358.71
358.71
278.15
278.15
278.15
75.11
75.11
13.24
13.24
43.58
607.54
1178.22
147.70
521.69
521.69
960.47
960.47
1004.25
1004.25
694.95
694.95
694.95
331.81
331.81
566.81
566.81
566.81
566.81
37.25
37.25
376.09
1034.79
1034.79
892.59
892.59
79.68
79.68
152.38
152.38
297.89
297.89
1162.50
1162.50
198.43
372.44
372.44
372.44
372.44
219.73
931.82
931.82
10.00
10.00
248.26
248.26
112.47
112.47
112.47
230.59
230.59
28.25
28.25
28.25
75.17
75.17
75.17
123.55
123.55
782.43
782.43
570.75
570.75
203.09
203.09
162.62
777.53
777.53
51.25
688.63
688.63
107.51
997.85
168.92
103.78
103.78
921.95
937.51
1488.71
1440.74
783.39
883.63
456.19
456.19
1047.20
1047.20
1209.11
1209.11
264.46
264.46
501.26
501.26
154.37
154.37
658.15
658.15
539.68
539.68
98.69
98.69
669.77
669.77
967.23
967.23
356.36
356.36
1597.71
1597.71
1198.63
1198.63
179.60
179.60
590.69
590.69
867.19
867.19
1544.40
1544.40
452.77
452.77
214.25
214.25
802.79
802.79
802.79
802.79
103.16
108.35
108.35
108.35
108.35
191.38
191.38
452.37
840.22
840.22
212.66
212.66
155.19
155.19
1302.97
1302.97
1135.52
1135.52
712.20
712.20
64.11
64.11
1273.44
1273.44
297.18
297.18
704.20
704.20
858.93
858.93
1187.31
1187.31
590.23
590.23
184.43
184.43
575.81
575.81
50.82
50.82
166.02
166.02
841.66
841.66
961.50
961.50
132.33
132.33
500.00
500.00
33.99
33.99
486.44
486.44
10.00
10.00
962.33
962.33
491.17
491.17
980.34
980.34
1413.81
1413.81
1676.84
1676.84
422.90
422.90
149.52
149.52
175.41
175.41
1318.41
1318.41
683.24
683.24
683.24
683.24
80.29
80.29
80.29
80.29
80.29
80.29
185.48
185.48
185.48
33.81
505.66
505.66
50.12
50.12
50.12
50.12
48.44
48.44
357.44
357.44
357.44
109.64
109.64
276.86
384.49
384.49
577.99
548.43
548.43
548.43
1055.91
1055.91
1055.91
723.98
723.98
723.98
723.98
456.73
131.68
131.68
131.68
131.68
238.93
238.93
139.14
111.29
111.29
437.09
99.47
540.32
1129.75
1129.75
41.69
41.69
296.85
296.85
52.71
52.71
52.71
1151.39
1151.39
47.68
47.68
1190.99
298.92
298.92
235.16
235.16
480.61
480.61
480.61
106.18
106.18
106.18
106.18
172.08
172.08
47.85
47.85
100.08
100.08
100.08
109.44
109.44
843.62
849.58
849.58
220.52
565.35
565.35
169.35
169.35
404.87
404.87
404.87
404.87
302.54
302.54
302.54
395.34
507.04
507.04
493.73
493.73
164.24
164.24
551.18
43.51
43.51
43.51
13.44
13.44
434.72
434.72
26.79
14.75
14.75
21.02
21.02
188.99
188.99
312.75
252.93
321.48
321.48
83.12
83.12
83.12
136.69
216.96
216.96
216.96
36.33
214.00
214.00
214.00
93.93
93.93
93.93
28.89
28.89
329.21
485.31
485.31
164.12
373.88
373.88
373.88
10.00
373.88
373.88
356.67
356.67
436.93
436.93
436.93
348.21
396.92
383.20
383.20
281.40
281.40
415.42
415.42
415.42
334.21
334.21
334.21
525.76
597.24
597.24
156.32
156.32
156.32
127.58
127.58
579.52
579.52
254.80
254.80
124.14
124.14
268.24
268.24
268.24
421.83
327.36
327.36
327.36
327.36
29.96
29.96
29.96
126.57
126.57
118.68
118.68
377.30
377.30
10.00
10.00
288.67
288.67
132.34
132.34
106.06
221.77
424.75
424.75
652.58
959.34
959.34
959.34
428.23
428.23
18.57
18.57
18.57
963.20
963.20
963.20
963.20
149.98
149.98
787.37
787.37
240.00
251.03
251.03
1401.86
479.38
479.38
242.13
1095.17
151.25
151.25
10.00
10.00
10.00
1110.25
1110.25
304.13
304.13
51.43
51.43
51.43
54.84
54.84
54.84
54.84
54.84
54.84
54.84
817.70
817.70
166.94
1192.31
1316.70
171.23
171.23
401.24
401.24
284.33
1143.83
1143.83
1294.99
1294.99
224.79
224.79
224.79
112.65
112.65
44.27
44.27
632.63
632.63
231.49
231.49
34.01
231.59
231.59
132.01
36.80
36.80
36.80
91.14
91.14
91.14
91.14
275.97
275.97
80.04
80.04
80.04
325.72
120.43
120.43
183.60
112.35
112.35
421.75
421.75
421.75
421.75
580.83
657.93
240.38
408.10
408.10
416.98
1064.18
1064.18
417.53
619.61
619.61
619.61
619.61
619.61
277.11
277.11
370.05
502.47
502.47
319.22
319.22
287.44
53.79
53.79
418.57
418.57
418.57
14.64
14.64
14.64
14.64
10.00
10.00
456.15
456.15
456.15
40.95
40.95
121.52
121.52
47.29
47.29
47.29
398.13
225.57
165.57
609.94
131.40
512.76
728.67
963.36
963.36
963.36
207.71
207.71
99.46
99.46
34.90
34.90
34.90
240.53
240.53
575.52
575.52
575.52
549.01
549.01
333.22
333.22
758.03
758.03
10.00
10.00
583.35
583.35
583.35
276.73
276.73
276.73
50.75
50.75
903.55
724.25
724.25
764.94
875.71
875.71
875.71
108.49
108.49
1030.56
1030.56
1030.56
91.21
91.21
91.21
839.77
839.77
244.00
244.00
406.33
406.33
776.75
776.75
17.30
17.30
641.56
124.77
124.77
532.68
121.44
121.44
121.44
803.32
799.52
354.94
354.94
354.94
862.99
862.99
1006.27
1006.27
1006.27
809.25
809.25
623.06
84.93
84.93
84.93
150.89
150.89
326.84
326.84
248.93
209.02
209.02
113.45
113.45
113.45
918.92
868.46
62.20
360.27
360.27
203.44
157.70
358.09
358.09
105.43
380.76
662.83
327.06
919.06
213.55
213.55
301.51
301.51
537.61
537.61
828.15
811.26
811.26
811.26
1012.16
1012.16
271.83
271.83
580.78
580.78
168.90
168.90
1394.92
1394.92
334.92
334.92
462.47
462.47
261.82
261.82
694.17
694.17
788.78
788.78
831.00
831.00
440.50
440.50
923.85
923.85
1172.74
1172.74
15.97
15.97
286.80
286.80
1237.45
1237.45
117.93
117.93
1540.24
1540.24
108.05
108.05
1687.22
1687.22
45.78
45.78
1230.36
1230.36
574.23
574.23
1528.39
1528.39
656.85
656.85
305.61
305.61
328.34
328.34
28.84
28.84
302.03
302.03
212.94
212.94
279.96
279.96
155.25
155.25
155.25
399.64
399.64
503.54
503.54
126.19
126.19
111.41
111.41
26.67
632.69
632.69
385.60
385.60
832.91
832.91
501.63
501.63
912.47
912.47
912.47
836.96
836.96
87.87
87.87
87.87
698.70
698.70
698.70
1202.90
1202.90
1202.90
161.13
161.13
107.71
107.71
118.99
118.99
118.99
203.88
203.88
203.88
247.96
247.96
247.96
1189.20
1189.20
1189.20
86.34
86.34
86.34
544.45
544.45
544.45
544.45
907.72
907.72
112.39
112.39
540.99
372.31
372.31
372.31
864.36
864.36
136.45
136.45
935.89
935.89
179.95
179.95
561.44
561.44
561.44
155.41
155.41
238.06
238.06
145.48
198.10
198.10
827.38
827.38
10.00
228.06
228.06
35.77
35.77
35.77
35.77
540.18
540.18
540.18
540.18
540.18
821.76
821.76
599.04
960.42
339.86
59.60
68.47
503.21
1025.92
1025.92
1025.92
109.93
109.93
93.01
93.01
1019.19
1019.19
1107.22
1107.22
842.05
842.05
842.05
795.08
795.08
795.08
627.30
627.30
627.30
1054.98
1054.98
26.38
26.38
282.30
882.35
882.35
142.87
142.87
263.18
263.18
388.04
388.04
12.77
238.67
238.67
241.97
241.97
18.05
384.35
201.07
201.07
290.37
897.18
897.18
897.18
169.99
169.99
169.99
169.99
353.74
353.74
353.74
106.43
106.43
530.09
530.09
530.09
848.36
848.36
90.82
783.64
783.64
255.83
255.83
215.99
409.91
409.91
400.60
400.60
400.60
477.08
477.08
477.08
149.43
138.88
85.30
85.30
277.24
277.24
277.24
88.98
88.98
10.00
10.00
1085.81
1085.81
294.88
294.88
462.33
462.33
161.75
176.83
176.83
53.08
53.08
260.31
260.31
454.71
454.71
454.71
307.28
307.28
672.98
705.94
705.94
705.94
857.67
125.45
125.45
505.97
25.08
25.08
25.08
25.08
620.08
620.08
620.08
512.77
262.52
50.92
50.92
306.12
111.05
111.05
111.05
35.55
35.55
35.55
35.55
289.59
289.59
289.59
1006.46
155.84
155.84
385.62
177.42
177.42
177.42
245.24
245.24
245.24
643.74
42.67
42.67
42.67
185.20
185.20
732.82
732.82
732.82
987.01
254.77
16.40
1066.76
1066.76
528.67
528.67
528.67
239.22
239.22
239.22
560.80
560.80
907.62
348.11
348.11
1291.76
229.88
229.88
110.50
110.50
155.06
155.06
348.19
348.19
202.88
202.88
202.88
1052.95
1052.95
1052.95
266.14
266.14
266.14
311.35
311.35
207.23
207.23
584.08
1017.02
1167.98
1167.98
372.51
70.43
1105.51
195.08
351.07
351.07
641.69
485.12
485.12
416.53
416.53
256.72
491.71
491.71
491.71
75.35
75.35
1067.18
1067.18
832.17
832.17
282.69
282.69
282.69
685.82
685.82
72.54
72.54
72.54
72.54
231.03
231.03
231.03
570.54
570.54
570.54
446.86
446.86
617.57
617.57
617.57
617.57
15.01
69.68
69.68
306.58
306.58
13.33
13.33
168.85
35.27
35.27
873.54
873.54
29.93
29.93
359.21
359.21
359.21
359.21
359.21
58.04
58.04
58.04
32.57
32.57
388.52
1173.32
1173.32
75.19
75.19
959.04
959.04
41.66
41.66
159.84
159.84
602.56
602.56
294.31
294.31
294.31
602.07
602.07
621.71
605.87
951.24
951.24
38.27
38.27
38.27
61.92
107.63
107.63
134.79
134.79
134.79
1356.50
1356.50
23.45
23.45
177.06
1023.25
795.56
795.56
1182.99
1182.99
1182.99
1118.96
1118.96
1118.96
508.99
508.99
508.99
58.65
932.10
342.25
342.25
1394.22
1394.22
305.65
305.65
689.75
401.98
899.29
536.11
96.91
96.91
124.24
270.04
270.04
354.54
354.54
220.15
220.15
548.16
548.16
457.55
457.55
595.89
595.89
73.06
73.06
49.79
49.79
824.28
824.28
238.99
238.99
1005.74
1005.74
979.51
979.51
429.94
429.94
872.78
872.78
344.95
344.95
85.90
85.90
283.65
283.65
614.14
614.14
200.45
200.45
739.42
739.42
969.59
969.59
63.54
63.54
1178.93
1178.93
989.23
989.23
839.17
839.17
246.85
246.85
894.50
894.50
132.02
132.02
1306.28
1306.28
47.00
47.00
1378.93
1378.93
1378.93
523.46
1127.87
1127.87
1330.62
1330.62
16.46
16.46
252.89
252.89
452.62
452.62
219.17
219.17
747.45
747.45
426.07
426.07
1265.11
1265.11
654.84
654.84
654.84
588.13
588.13
854.45
196.52
196.52
129.89
129.89
129.89
641.35
641.35
423.53
423.53
608.70
154.98
154.98
1068.93
1068.93
1068.68
1068.68
1180.81
1180.81
458.44
458.44
945.96
945.96
709.93
709.93
626.99
626.99
189.46
189.46
998.32
998.32
160.49
160.49
266.57
266.57
272.29
272.29
241.75
241.75
10.00
10.00
1751.79
1751.79
38.71
38.71
249.23
249.23
249.23
249.23
249.23
249.23
853.37
853.37
136.00
136.00
38.08
38.08
219.74
219.74
11.18
11.18
11.18
11.18
96.96
96.96
96.96
96.96
96.96
189.12
189.12
189.12
189.12
189.12
50.49
246.58
63.66
63.66
482.16
482.16
211.54
377.20
154.26
154.26
213.22
213.22
213.22
213.22
1326.44
1326.44
1326.44
225.16
225.16
225.16
225.16
37.19
1086.14
1086.14
150.49
150.49
92.65
92.65
238.75
238.75
820.69
820.69
420.00
420.00
457.96
23.58
23.58
1104.99
1104.99
406.30
406.30
766.07
766.07
1287.05
1287.05
69.55
72.43
72.43
154.47
154.47
154.47
475.19
475.19
199.58
199.58
199.58
277.72
277.72
978.13
978.13
226.63
226.63
107.09
107.09
57.34
57.34
57.34
501.55
501.55
68.88
68.88
660.65
566.76
349.23
349.23
349.23
267.51
267.51
267.84
267.84
267.84
688.08
688.08
688.08
188.25
908.98
908.98
173.92
173.92
145.44
145.44
846.79
846.79
851.90
10.00
10.00
461.76
461.76
489.45
489.45
489.45
899.26
899.26
899.26
63.11
63.11
105.00
105.00
104.47
731.21
330.73
330.73
183.88
601.88
601.88
257.00
257.00
257.00
11.86
11.86
608.31
608.31
204.28
204.28
204.28
672.77
672.77
672.77
672.77
112.93
112.93
199.67
520.36
560.50
1205.81
1205.81
256.95
256.95
216.69
216.69
216.69
289.69
289.69
77.58
77.58
77.58
884.07
392.27
392.27
180.80
180.80
91.88
91.88
91.88
126.44
126.44
87.98
87.98
414.70
414.70
398.38
398.38
170.13
170.13
126.00
126.00
147.45
147.45
147.45
358.00
895.03
895.03
253.54
15.77
15.77
582.94
582.94
54.92
54.92
40.46
40.46
40.46
56.22
56.22
56.22
1750.14
1750.14
364.20
442.19
442.19
142.03
95.67
263.54
263.54
263.54
536.72
536.72
19.34
19.34
19.34
469.71
469.71
34.19
34.19
350.10
272.53
272.53
123.67
123.67
576.43
576.43
773.81
50.14
50.14
50.14
364.14
364.14
53.44
53.44
181.85
181.85
33.57
33.57
350.12
350.12
377.37
377.37
377.37
377.37
66.55
66.55
57.98
57.98
731.77
731.77
162.65
162.65
191.54
191.54
263.93
263.93
263.93
402.07
402.07
402.07
10.56
10.56
217.72
217.72
139.27
139.27
326.69
419.71
535.45
71.76
71.76
568.97
75.19
75.19
329.68
989.21
989.21
144.69
144.69
144.69
125.30
125.30
125.30
310.88
10.00
10.00
310.38
310.38
310.38
310.38
18.20
10.05
10.05
1028.58
1028.58
294.47
294.47
254.14
12.02
12.02
1105.05
638.22
638.22
638.22
638.22
11.07
11.07
11.07
11.07
11.07
106.41
106.41
61.71
66.86
66.86
66.86
849.34
849.34
1099.46
847.27
847.27
604.37
604.37
1151.49
1151.49
1151.49
1151.49
774.83
774.83
774.83
198.70
546.56
546.56
39.21
39.21
39.21
103.94
103.94
232.71
232.71
416.35
572.38
323.40
323.40
234.96
234.96
171.93
171.93
171.93
350.52
350.52
350.52
350.52
777.84
777.84
777.84
104.62
104.62
104.62
119.59
189.25
76.92
563.02
563.02
563.02
661.52
661.52
661.52
864.78
864.78
284.92
333.57
333.57
785.23
195.82
195.82
678.13
678.13
678.13
693.89
693.89
693.89
693.89
242.94
242.94
242.94
595.47
595.47
595.47
44.82
93.39
11.37
11.37
420.26
651.88
651.88
1208.20
671.16
671.16
767.36
767.36
767.36
109.51
109.51
327.94
327.94
430.79
430.79
638.91
638.91
638.91
638.91
742.33
742.33
232.04
232.04
141.69
1415.54
1415.54
1129.13
1129.13
147.25
147.25
205.66
190.57
313.68
313.68
313.68
313.68
63.37
63.37
63.37
854.76
854.76
38.94
38.94
576.47
576.47
140.50
140.50
310.73
310.73
310.73
310.73
45.03
45.03
116.22
116.22
362.92
362.92
92.74
12.42
244.89
457.62
453.70
453.70
1090.12
1090.12
123.73
123.73
255.51
149.09
149.09
386.82
386.82
386.82
386.82
549.50
549.50
549.50
549.50
49.44
49.44
347.46
347.46
712.44
712.44
293.11
293.11
293.11
73.41
73.41
454.41
454.41
86.45
86.45
711.94
711.94
535.64
535.64
144.96
144.96
144.96
523.99
838.36
838.36
191.54
191.54
191.54
746.74
81.55
81.55
81.55
934.77
1197.14
1197.14
234.18
234.18
32.37
511.34
306.94
306.94
236.53
1054.62
1058.30
237.38
64.04
64.04
252.36
124.46
124.46
124.46
184.08
184.08
184.08
184.08
199.20
199.20
1117.50
498.33
498.33
498.33
114.79
114.79
114.79
81.54
81.54
81.54
81.54
176.18
176.18
176.18
176.18
663.06
663.06
663.06
36.62
36.62
1113.35
1113.35
403.08
223.89
223.89
23.30
23.30
54.62
258.93
258.93
258.93
258.93
93.06
93.06
93.06
25.09
25.09
25.09
171.76
202.68
202.68
329.86
329.86
93.74
93.74
93.74
167.42
121.15
924.24
924.24
924.24
52.83
52.83
106.03
614.55
614.55
614.55
546.46
546.46
54.36
54.36
194.07
194.07
222.61
222.61
443.76
443.76
389.65
499.00
13.39
13.39
213.40
445.86
382.19
382.19
407.29
34.03
34.03
34.03
631.61
596.59
596.59
596.59
657.52
215.61
215.61
28.03
28.03
244.17
244.17
244.17
244.17
38.15
38.15
38.15
82.46
82.46
82.46
20.00
20.00
20.00
553.92
553.92
26.40
26.40
140.10
40.78
556.18
556.18
290.77
290.77
290.77
206.94
206.94
206.94
543.66
543.66
825.30
405.97
405.97
219.38
873.72
873.72
16.04
461.58
461.58
137.54
137.54
729.64
729.64
1195.62
1195.62
1195.62
151.72
151.72
151.72
936.88
400.64
274.15
262.33
262.33
860.81
860.81
860.81
229.39
229.39
229.39
664.11
664.11
664.11
664.11
664.11
225.34
225.34
169.02
169.02
169.02
199.06
199.06
199.06
85.82
85.82
85.82
1089.53
1089.53
372.48
372.48
372.48
545.44
545.44
545.44
108.34
1019.68
1019.68
1019.68
446.88
446.88
55.14
55.14
55.14
142.41
14.27
14.27
125.74
884.93
884.93
113.96
113.96
10.00
252.93
252.93
946.17
946.17
801.97
801.97
801.97
370.76
370.76
370.76
370.76
55.19
55.19
85.31
146.96
146.96
216.82
27.41
693.17
693.17
231.17
231.17
212.00
217.86
217.86
177.91
1013.25
1013.25
1013.25
1013.25
181.08
181.08
181.08
181.08
244.51
244.51
244.51
37.54
37.54
276.68
549.25
965.52
965.52
155.57
155.57
277.76
277.76
950.15
950.15
24.53
24.53
24.53
590.41
590.41
72.45
72.45
551.61
551.61
17.96
17.96
163.63
163.63
364.81
364.81
10.00
10.00
440.81
440.81
440.81
10.00
10.00
83.91
83.91
257.85
59.17
264.90
72.46
906.91
733.53
1228.61
1228.61
506.86
506.86
506.86
138.32
138.32
55.27
55.27
194.92
194.92
194.92
1335.47
1335.47
1335.47
646.88
214.73
794.86
111.99
1426.67
34.50
751.23
264.64
970.25
970.25
970.25
235.17
126.46
126.46
291.98
736.13
736.13
753.35
753.35
28.06
28.06
10.30
10.30
64.26
64.26
747.21
747.21
747.21
247.90
247.90
247.90
908.39
908.39
324.30
324.30
190.27
190.27
72.21
72.21
208.80
208.80
208.80
85.15
85.15
1171.48
203.93
203.93
397.40
397.40
397.40
138.56
138.56
138.56
138.56
45.55
45.55
291.12
291.12
159.71
159.71
835.61
835.61
1012.88
1112.07
32.28
538.55
538.55
10.00
10.00
349.64
349.64
226.38
226.38
230.25
230.25
230.25
230.25
159.98
348.51
348.51
454.62
454.62
283.94
283.94
459.38
459.38
459.38
459.38
459.38
459.38
459.38
202.73
202.73
202.73
454.49
454.49
307.08
481.27
513.49
478.47
735.69
735.69
264.78
881.93
881.93
759.16
759.16
759.16
844.36
844.36
844.36
335.98
335.98
669.11
669.11
669.11
503.89
452.28
959.85
438.66
438.66
236.44
236.44
139.91
139.91
137.74
137.74
377.61
377.61
10.00
10.00
52.46
52.46
26.04
26.04
403.60
403.60
344.57
344.57
344.57
247.01
247.01
249.56
249.56
249.56
426.03
301.82
71.75
71.75
303.21
303.21
60.38
60.38
60.38
60.38
430.61
430.61
430.61
430.61
430.61
13.72
866.65
45.44
45.44
319.04
319.04
163.44
262.42
262.42
830.88
830.88
232.57
232.57
1064.60
1064.60
272.58
272.58
178.00
178.00
59.78
59.78
64.39
64.39
639.60
639.60
35.64
35.64
35.64
536.23
536.23
536.23
536.23
536.23
181.32
181.32
181.32
181.32
505.36
505.36
505.36
505.36
26.18
26.18
26.18
845.57
845.57
845.57
147.01
147.01
1095.05
1095.05
267.69
267.69
1385.31
1385.31
1385.31
108.13
294.46
294.46
294.46
605.99
605.99
70.10
70.10
70.10
728.80
728.80
14.42
486.22
651.38
329.22
893.97
1457.61
1582.76
1582.76
36.42
36.42
1800.21
1800.21
637.12
637.12
1412.02
1412.02
119.75
119.75
1513.03
1513.03
792.84
792.84
126.66
126.66
364.00
364.00
1577.82
1577.82
51.05
51.05
1077.24
1077.24
140.17
140.17
140.17
442.08
550.41
550.41
550.41
37.18
37.18
266.30
266.30
266.30
129.41
1102.68
518.05
518.05
518.05
518.05
1311.62
1311.62
1311.62
1200.55
1200.55
1212.26
1212.26
72.11
72.11
402.12
402.12
535.04
535.04
1492.61
1492.61
170.06
170.06
1457.10
1457.10
331.06
331.06
1539.26
1539.26
663.92
663.92
1810.36
1810.36
575.14
575.14
532.57
532.57
655.08
655.08
196.78
196.78
759.41
759.41
759.41
143.12
143.12
392.74
392.74
392.74
666.33
666.33
666.33
309.37
309.37
1200.56
308.66
61.77
61.77
336.28
158.44
129.21
129.21
129.21
655.87
681.76
681.76
681.76
685.67
685.67
605.39
605.39
1027.67
1027.67
325.53
325.53
794.64
794.64
190.73
190.73
940.53
940.53
384.00
384.00
384.00
384.00
105.56
105.56
105.56
105.56
62.00
62.00
62.00
192.36
192.36
223.48
223.48
178.58
178.58
178.58
993.62
993.62
993.62
993.62
72.12
72.12
232.02
1204.88
1209.87
1209.87
604.39
604.39
1102.71
1102.71
321.68
321.68
225.50
225.50
689.26
689.26
195.87
195.87
25.90
25.90
191.50
191.50
240.74
240.74
885.32
885.32
1190.69
1190.69
1010.96
465.00
465.00
465.00
161.09
161.09
834.83
834.83
98.64
98.64
138.06
138.06
88.86
88.86
873.22
873.22
931.45
931.45
204.23
204.23
1295.48
1295.48
517.96
517.96
1308.32
1308.32
18.29
18.29
1325.45
1325.45
609.60
609.60
1174.98
1174.98
991.20
991.20
393.13
393.13
10.80
10.80
637.44
637.44
1472.08
1472.08
566.63
566.63
473.81
473.81
1769.70
1769.70
728.58
728.58
312.00
312.00
815.45
815.45
487.98
487.98
487.98
10.41
10.41
669.03
669.03
814.34
814.34
546.52
546.52
15.56
15.56
15.56
129.34
129.34
129.34
459.41
459.41
155.11
155.11
155.11
796.82
796.82
326.67
326.67
326.67
214.49
214.49
214.49
186.80
186.80
426.47
426.47
426.47
339.33
10.22
827.51
799.11
1175.87
292.92
145.61
145.61
145.61
864.77
864.77
837.48
837.48
331.60
235.03
667.91
667.91
214.58
214.58
953.44
953.44
16.43
16.43
798.53
798.53
654.89
654.89
271.05
271.05
220.68
220.68
1282.09
1282.09
52.26
52.26
588.08
588.08
757.83
757.83
316.00
316.00
60.37
60.37
29.01
29.01
155.93
155.93
728.48
728.48
457.58
457.58
603.69
603.69
40.60
40.60
1274.65
1274.65
461.49
461.49
244.16
244.16
150.31
150.31
1024.34
1024.34
939.68
939.68
128.92
128.92
131.16
131.16
93.47
93.47
1814.36
1814.36
382.06
382.06
97.44
97.44
97.44
573.95
573.95
117.87
117.87
1041.85
1041.85
324.03
129.93
129.93
235.11
235.11
1072.62
1072.62
1303.48
1303.48
255.12
255.12
394.58
394.58
959.91
959.91
1074.18
1074.18
430.48
430.48
1145.57
1145.57
16.77
16.77
31.18
31.18
925.68
925.68
1330.95
1330.95
534.54
534.54
1113.82
1113.82
26.09
26.09
1104.83
1104.83
923.17
923.17
278.61
278.61
144.43
144.43
920.72
920.72
48.00
48.00
939.64
939.64
111.32
111.32
1045.30
1045.30
1032.49
1032.49
382.80
382.80
382.80
382.80
382.80
382.80
103.31
103.31
1232.58
1232.58
88.78
88.78
163.90
163.90
1140.17
1140.17
813.63
813.63
663.24
663.24
1487.39
1487.39
1368.47
1368.47
1188.97
1188.97
535.59
535.59
1174.06
1174.06
86.93
86.93
1827.49
1827.49
869.16
869.16
1627.65
1627.65
196.35
196.35
1778.06
1778.06
1438.51
1438.51
13.59
13.59
253.86
253.86
11.65
11.65
1485.04
1485.04
465.27
465.27
965.69
965.69
379.66
379.66
1424.96
1424.96
338.92
338.92
244.53
244.53
19.45
19.45
311.15
311.15
546.29
546.29
672.70
672.70
137.94
137.94
884.67
884.67
1050.87
1050.87
18.42
18.42
377.76
377.76
1804.58
1804.58
60.74
60.74
638.46
638.46
638.46
638.46
1559.59
1559.59
999.03
999.03
45.03
45.03
365.03
365.03
1010.24
1010.24
566.49
566.49
10.00
10.00
825.63
825.63
646.36
646.36
353.06
353.06
269.29
269.29
1520.50
1520.50
159.80
159.80
1235.86
1235.86
1423.95
1423.95
36.31
36.31
151.47
151.47
233.32
233.32
233.32
15.80
15.80
15.80
15.80
15.80
15.80
199.95
199.95
199.95
1161.75
1161.75
814.93
814.93
814.93
827.64
827.64
827.64
827.64
827.64
209.86
209.86
484.84
484.84
484.84
533.77
1282.16
1429.63
510.11
1435.73
169.46
169.46
183.88
183.88
473.12
473.12
473.12
438.30
438.30
438.30
518.97
518.97
518.97
226.39
226.39
226.39
226.39
59.72
59.72
59.72
59.72
59.72
10.00
10.00
97.99
97.99
29.10
29.10
10.00
10.00
10.00
125.72
125.72
125.72
71.60
504.60
504.60
427.16
427.16
378.16
378.16
451.79
451.79
451.79
451.79
10.00
404.93
554.30
653.50
653.50
99.21
301.86
838.02
838.02
780.87
780.87
18.27
768.07
523.89
523.89
208.57
11.81
11.81
11.81
993.32
993.32
315.35
1015.49
1318.14
1318.14
350.58
350.58
350.58
1392.38
1392.38
1392.38
1392.38
1115.00
1115.00
1115.00
1115.00
1115.00
211.41
211.41
211.41
728.56
55.85
55.85
139.64
139.64
207.37
1679.22
1679.22
1679.22
1371.26
1371.26
233.46
95.88
95.88
95.88
111.97
111.97
111.97
370.55
370.55
724.45
724.45
724.45
375.33
289.34
289.34
152.00
152.00
68.03
68.03
887.18
400.36
162.22
822.84
480.20
1679.59
1679.59
304.14
304.14
192.37
192.37
192.37
143.54
143.54
143.54
263.08
263.08
263.08
738.70
738.70
659.46
659.46
659.46
186.03
186.03
267.23
267.23
267.23
267.23
47.15
47.15
47.15
47.15
157.76
485.13
485.13
454.02
395.72
395.72
715.93
204.96
204.96
609.08
250.96
250.96
900.31
900.31
900.31
862.19
862.19
862.19
741.64
741.64
741.64
741.64
362.17
362.17
362.17
1142.99
1142.99
355.45
289.67
133.18
133.18
1039.88
876.52
876.52
876.52
571.88
571.88
571.88
28.81
28.81
28.81
28.81
361.40
361.40
23.06
1076.58
1076.58
343.79
343.79
343.79
25.93
25.93
25.93
25.93
222.33
464.06
411.68
411.68
280.88
280.88
1187.38
1187.38
300.71
300.71
1284.95
403.23
103.40
103.40
1045.50
303.46
418.69
418.69
283.38
283.38
283.38
284.89
284.89
53.73
53.73
53.73
135.84
135.84
408.84
408.84
34.76
34.76
34.76
34.76
34.76
104.98
104.98
647.99
647.99
647.99
86.80
128.68
128.68
40.64
40.64
40.64
565.49
565.49
659.45
271.18
1173.36
272.49
272.49
441.95
441.95
223.20
223.20
223.20
164.50
222.10
143.74
836.09
836.09
1045.94
1045.94
447.00
447.00
181.32
181.32
181.72
181.72
230.42
230.42
230.42
32.77
32.77
32.77
32.77
248.18
248.18
248.18
144.83
144.83
355.67
355.67
456.16
456.16
207.39
207.39
563.54
406.94
537.77
537.77
296.72
296.72
296.72
296.72
320.47
320.47
701.39
701.39
701.39
171.93
1064.13
501.82
501.82
501.82
523.10
322.69
117.82
117.82
246.74
246.74
108.73
108.73
1125.47
363.91
363.91
363.91
363.91
273.17
273.17
273.17
18.43
18.43
18.43
416.70
416.70
927.69
927.69
325.70
885.07
132.42
132.42
1087.73
1225.01
1372.05
658.46
254.91
16.63
972.78
972.78
37.86
37.86
351.87
351.87
146.94
146.94
1374.38
1374.38
502.06
502.06
697.97
697.97
1458.78
1458.78
155.33
155.33
305.71
305.71
1324.96
1324.96
639.46
639.46
478.34
478.34
365.31
365.31
435.92
435.92
1362.54
1362.54
1620.83
1620.83
583.81
583.81
1216.97
1216.97
1053.58
1053.58
492.79
492.79
24.81
24.81
81.95
81.95
1117.98
1117.98
160.99
160.99
612.99
612.99
87.38
87.38
1577.49
1577.49
1599.88
1599.88
292.09
292.09
1060.42
1060.42
1789.17
1789.17
515.50
515.50
520.55
520.55
1904.78
1904.78
422.07
422.07
125.85
125.85
1560.75
1560.75
1646.36
1646.36
14.95
14.95
1045.16
1045.16
395.34
395.34
1805.31
1805.31
349.55
349.55
728.19
728.19
936.29
936.29
1696.29
1696.29
62.32
62.32
127.76
127.76
93.08
93.08
562.56
562.56
107.91
107.91
551.23
551.23
700.50
700.50
66.51
66.51
821.34
821.34
1332.18
1332.18
315.99
315.99
200.36
200.36
1190.76
1190.76
588.07
588.07
1453.26
1453.26
1516.98
1516.98
1952.71
1952.71
175.51
175.51
951.91
951.91
156.01
156.01
1263.71
1263.71
279.32
279.32
103.51
103.51
212.23
212.23
79.81
79.81
73.89
73.89
73.89
857.93
857.93
857.93
857.93
354.81
354.81
354.81
354.81
354.81
354.81
354.81
237.90
237.90
237.90
237.90
237.90
237.90
965.74
965.74
340.68
917.00
806.88
242.17
242.17
162.60
162.60
321.10
311.17
311.17
281.55
281.55
281.55
843.56
843.56
211.74
211.74
211.74
377.88
377.88
39.99
39.99
486.26
746.38
272.34
272.34
327.34
327.34
327.34
121.01
121.01
356.14
356.14
202.72
202.72
202.72
811.53
811.53
811.53
264.25
264.25
264.25
228.66
228.66
210.19
210.19
210.19
210.19
10.00
144.80
112.48
112.48
489.61
489.61
277.21
277.21
755.83
1070.87
1191.77
387.13
387.13
249.18
249.18
388.81
388.81
124.73
124.73
258.99
258.99
258.99
787.63
787.63
171.85
171.85
171.85
147.87
147.87
65.42
258.85
1009.22
1009.22
1046.62
1046.62
1032.61
1032.61
304.50
743.74
743.74
240.07
240.07
39.48
825.89
825.89
326.18
326.18
326.18
493.92
493.92
493.92
493.92
633.26
633.26
72.55
72.55
420.19
420.19
420.19
420.19
248.56
313.92
313.92
313.92
313.92
352.27
352.27
26.22
26.22
344.49
344.49
13.33
13.33
158.87
158.87
158.87
158.87
129.91
175.12
590.38
590.38
920.76
920.76
205.79
980.73
980.73
122.15
122.15
77.86
77.86
77.86
77.86
77.86
18.17
18.17
18.17
789.75
1022.79
192.58
192.58
411.92
411.92
411.92
335.67
335.67
180.63
180.63
429.53
429.53
469.00
901.69
478.15
123.22
708.05
207.52
323.75
711.17
412.08
412.08
1217.93
1217.93
10.00
10.00
66.35
66.35
1524.69
1524.69
106.01
106.01
1363.34
1363.34
1349.94
1349.94
1804.40
1804.40
749.64
749.64
496.80
496.80
172.72
172.72
448.38
448.38
1558.06
1558.06
773.64
773.64
27.64
27.64
544.13
544.13
760.22
760.22
1167.69
1167.69
1384.68
1384.68
507.17
507.17
185.52
185.52
618.30
618.30
18.62
18.62
444.33
444.33
297.78
297.78
1216.55
1216.55
1021.78
1021.78
980.68
980.68
1179.97
1179.97
769.07
769.07
444.31
444.31
852.52
852.52
242.53
242.53
970.30
970.30
1034.65
1034.65
157.86
157.86
10.00
10.00
160.35
160.35
220.76
220.76
1090.81
1090.81
976.21
976.21
369.11
369.11
507.01
507.01
341.45
341.45
1566.45
1566.45
865.59
865.59
838.39
838.39
819.68
819.68
865.93
865.93
303.07
303.07
126.32
126.32
10.00
10.00
10.00
10.00
499.55
499.55
22.53
22.53
1031.01
1031.01
1031.01
614.78
614.78
18.22
18.22
1073.45
1073.45
1073.45
1073.45
430.63
430.63
430.63
196.24
196.24
196.24
256.24
256.24
256.24
191.66
191.66
191.66
542.29
542.29
75.25
75.25
75.25
861.62
861.62
861.62
72.72
72.72
206.01
206.01
10.00
252.72
252.72
252.72
625.17
625.17
10.00
10.00
641.33
641.33
564.37
564.37
19.11
848.46
109.93
109.93
574.75
574.75
574.75
632.20
632.20
444.30
444.30
285.35
285.35
520.10
520.10
1062.19
1062.19
1062.19
147.65
200.95
110.58
460.63
460.63
444.53
478.90
201.15
201.15
201.15
201.15
912.90
912.90
912.90
589.86
589.86
589.86
589.86
589.86
589.86
589.86
908.50
908.50
908.50
908.50
251.35
62.52
62.52
103.43
178.39
713.38
713.38
713.38
566.31
566.31
906.36
906.36
906.36
291.69
291.69
291.69
291.69
639.86
639.86
639.86
491.44
491.44
180.97
429.33
429.33
971.46
1378.13
147.73
147.73
591.51
297.35
297.35
267.65
267.65
697.35
697.35
521.25
354.62
354.62
286.99
233.39
233.39
233.39
92.89
92.89
1083.98
1083.98
251.16
251.16
251.16
153.18
153.18
153.18
153.18
153.18
153.18
153.18
153.18
382.74
382.74
382.74
1137.63
1160.74
126.48
126.48
137.29
137.29
137.29
118.33
118.33
118.33
181.51
181.51
181.51
342.18
342.18
542.27
542.27
117.69
93.26
280.40
280.40
939.59
428.15
428.15
513.67
890.48
242.61
242.61
242.61
203.08
203.08
203.08
1184.15
1184.15
1184.15
1184.15
1184.15
1035.71
1035.71
400.61
47.54
666.98
666.98
217.19
1336.34
273.95
273.95
273.95
220.29
220.29
220.29
561.61
561.61
561.61
688.85
688.85
726.05
726.05
400.70
400.70
66.98
66.98
445.25
445.25
445.25
85.15
85.15
320.12
320.12
413.58
413.58
225.87
950.87
834.88
834.88
104.90
104.90
67.68
67.68
67.68
92.48
92.48
92.48
92.48
92.48
358.77
358.77
358.77
358.77
358.77
358.77
358.77
358.77
10.00
497.33
229.50
26.26
26.26
193.13
568.37
568.37
1493.63
536.58
536.58
674.07
674.07
674.07
11.43
11.43
1038.02
1038.02
694.11
694.11
694.11
161.40
161.40
161.40
41.35
41.35
41.35
796.32
796.32
112.53
112.53
11.21
336.50
261.40
845.53
522.14
314.63
314.63
314.63
798.55
798.55
798.55
798.55
798.55
798.55
798.55
298.94
298.94
1738.81
726.93
46.58
279.79
279.79
10.00
10.00
443.65
321.70
321.70
106.61
306.69
184.59
184.59
118.23
44.81
30.94
20.26
20.26
380.16
380.16
380.16
108.09
108.09
108.09
84.36
84.36
84.36
1235.40
1235.40
1093.37
1093.37
1093.37
1093.37
1093.37
98.09
98.09
98.09
639.65
639.65
639.65
490.22
490.22
490.22
446.75
714.27
714.27
198.76
571.09
571.09
758.20
758.20
32.50
32.50
32.50
32.50
487.54
487.54
487.54
507.91
608.33
608.33
235.50
235.50
602.08
602.08
600.03
600.03
247.79
501.19
501.19
501.19
501.19
501.19
29.81
29.81
29.81
186.46
186.46
298.75
414.62
233.31
541.40
541.40
126.71
337.96
747.79
845.59
845.59
845.59
583.33
583.33
583.33
355.68
355.68
193.16
511.19
511.19
50.62
265.80
265.80
153.60
153.60
153.60
153.60
96.41
96.41
96.41
96.41
166.70
166.70
166.70
1538.43
1538.43
716.97
1139.99
1139.99
111.17
111.17
116.07
116.07
358.53
358.53
358.53
358.53
358.53
44.28
44.28
44.28
44.28
104.42
104.42
51.04
439.63
439.63
670.80
670.80
230.62
10.12
10.12
10.00
817.29
118.77
118.77
830.03
830.03
830.03
869.16
869.16
163.30
163.30
163.30
291.13
291.13
291.13
291.13
716.43
445.48
445.48
254.56
254.56
254.56
179.50
179.50
311.12
311.12
307.51
307.51
132.02
392.28
392.28
392.28
272.30
272.30
233.39
233.39
233.39
418.97
418.97
418.97
770.45
814.85
814.85
138.10
980.31
980.31
1042.32
1042.32
1042.32
21.05
21.05
435.75
435.75
435.75
357.36
357.36
274.51
274.51
81.90
81.90
414.73
414.73
294.65
294.65
540.09
12.35
235.16
235.16
235.16
847.76
1089.81
241.12
241.12
583.26
583.26
583.26
55.20
808.39
808.39
808.39
779.58
779.58
74.18
74.18
51.55
51.55
25.78
25.78
25.78
558.44
684.54
684.54
1122.11
1122.11
259.79
259.79
259.79
135.86
585.18
585.18
206.29
247.33
247.33
965.07
90.08
23.99
23.99
149.41
149.41
1153.96
1406.71
1406.71
213.04
115.15
765.18
156.47
253.31
253.31
933.63
375.75
826.00
826.00
158.45
158.45
203.37
203.37
118.96
118.96
945.21
945.21
441.18
441.18
1192.23
1192.23
1075.18
1075.18
147.27
147.27
166.98
166.98
577.31
577.31
278.26
278.26
915.25
915.25
382.68
382.68
510.62
510.62
683.13
683.13
222.49
222.49
650.89
650.89
916.03
916.03
278.75
278.75
287.78
287.78
795.83
795.83
21.06
21.06
47.76
47.76
996.65
996.65
760.91
760.91
366.88
366.88
179.34
179.34
1292.95
1292.95
473.51
473.51
258.78
258.78
211.47
211.47
134.97
134.97
134.97
1289.77
1609.61
1609.61
420.95
420.95
391.07
391.07
379.22
379.22
451.61
451.61
254.23
254.23
254.23
544.11
544.11
710.90
612.82
612.82
612.82
88.09
88.09
598.40
598.40
151.19
151.19
170.61
170.61
923.31
923.31
1544.59
1544.59
327.10
327.10
320.43
320.43
1148.44
1148.44
1629.92
1629.92
166.86
166.86
1065.58
1065.58
717.49
717.49
1311.87
1311.87
606.25
606.25
589.00
589.00
589.00
586.45
805.32
805.32
37.71
37.71
303.94
303.94
841.38
841.38
877.76
57.56
57.56
57.56
998.33
998.33
940.87
940.87
978.76
978.76
444.75
444.75
11.54
11.54
54.48
54.48
36.44
36.44
822.09
822.09
64.22
64.22
64.22
1222.60
1222.60
1222.60
79.18
79.18
79.18
79.18
319.23
319.23
319.23
319.23
319.23
319.23
319.23
585.87
585.87
149.37
149.37
149.37
121.08
121.08
506.23
506.23
372.08
33.22
33.22
377.72
377.72
377.72
920.65
920.65
647.68
647.68
647.68
654.50
654.50
29.39
29.39
259.42
259.42
748.29
748.29
748.29
132.03
132.03
282.27
474.41
474.41
908.82
1009.50
467.37
467.37
492.81
157.36
157.36
157.36
245.95
245.95
50.28
50.28
50.28
314.85
314.85
318.61
318.61
318.61
717.87
717.87
664.84
664.84
664.84
303.14
303.14
303.14
207.57
343.36
355.33
263.22
564.25
564.25
564.25
660.08
660.08
882.12
10.97
350.76
350.76
350.76
1100.51
1100.51
79.62
79.62
79.62
79.62
120.33
120.33
120.33
476.86
476.86
722.75
722.75
233.41
233.41
917.79
1283.92
352.32
403.30
493.04
493.04
481.99
481.99
481.99
481.99
88.21
88.21
88.21
88.21
172.01
172.01
172.01
187.15
187.15
415.41
126.38
131.90
28.50
1102.16
412.58
412.58
302.16
302.16
478.83
478.83
478.83
478.83
17.21
17.21
17.21
525.49
525.49
525.49
525.49
27.22
27.22
782.07
782.07
117.83
880.06
880.06
40.90
40.90
10.00
10.00
236.56
236.56
10.00
687.10
687.10
687.10
42.89
42.89
42.89
127.69
127.69
158.04
15.37
96.83
96.83
11.58
517.31
517.31
391.85
391.85
37.44
37.44
36.31
36.31
82.84
82.84
55.92
55.92
10.00
399.23
399.23
399.23
90.00
74.80
658.67
658.67
719.88
719.88
719.88
110.77
110.77
110.77
181.69
181.69
181.69
423.18
423.18
423.18
423.18
423.18
69.16
69.16
152.69
249.78
249.78
383.71
383.71
399.10
399.10
131.37
131.37
17.21
67.38
521.46
521.46
521.46
521.46
40.52
40.52
40.52
40.52
199.30
199.30
199.30
985.41
985.41
15.99
188.50
188.50
669.50
99.66
539.72
539.72
539.72
33.20
33.20
33.20
199.23
199.23
56.48
56.48
755.51
290.51
196.73
59.22
59.22
117.70
186.81
186.81
186.81
61.29
61.29
61.29
10.00
10.00
249.99
249.99
249.99
175.07
175.07
175.07
333.17
333.17
829.84
752.18
111.00
618.32
339.25
339.25
796.62
498.47
58.21
954.82
954.82
346.50
166.02
1463.09
1463.09
131.19
131.19
854.76
854.76
1394.45
1394.45
663.21
663.21
58.32
58.32
64.67
64.67
402.08
402.08
714.81
714.81
994.22
994.22
10.00
10.00
210.53
210.53
1100.23
1100.23
171.14
171.14
1595.67
1595.67
70.71
70.71
1511.72
1511.72
1272.27
1272.27
1431.09
1431.09
1491.44
1491.44
898.30
898.30
302.13
302.13
85.44
85.44
230.34
230.34
1110.96
1110.96
1139.39
1139.39
1302.37
1302.37
1374.69
1374.69
326.00
326.00
117.97
117.97
240.33
240.33
123.78
123.78
690.89
690.89
1003.71
1003.71
33.38
33.38
1283.78
1283.78
1652.54
1652.54
1749.03
1749.03
237.72
237.72
1718.70
1718.70
1718.70
1718.70
125.76
125.76
1318.99
1318.99
1843.28
1843.28
36.02
36.02
461.00
461.00
46.28
46.28
1319.59
1319.59
123.76
123.76
364.71
364.71
22.08
22.08
873.90
873.90
982.23
982.23
969.36
969.36
25.42
25.42
501.90
501.90
527.01
527.01
527.01
510.21
510.21
510.21
510.21
109.37
109.37
109.37
109.37
109.37
276.76
276.76
276.76
279.88
279.88
279.88
23.06
23.06
23.06
118.46
118.46
237.59
237.59
237.59
402.57
402.57
10.00
10.00
630.54
453.94
130.90
130.90
404.15
404.15
327.82
327.82
329.76
329.76
44.99
44.99
422.86
422.86
422.86
19.89
144.25
144.25
144.25
144.25
308.92
308.92
180.35
180.35
1089.00
929.35
897.32
897.32
449.71
449.71
815.67
815.67
815.67
266.07
266.07
131.03
131.03
131.03
275.67
275.67
394.12
394.12
1276.80
1276.80
125.19
125.19
695.56
116.41
116.41
155.99
155.99
268.46
268.46
723.39
723.39
723.39
723.39
35.02
35.02
254.55
254.55
853.94
868.83
868.83
1191.55
1191.55
125.04
125.04
375.21
375.21
375.21
883.02
175.33
175.33
175.33
175.33
10.00
10.00
10.00
141.22
141.22
171.60
171.60
730.71
279.54
1318.43
319.67
319.67
561.88
240.89
240.89
15.17
15.17
15.17
225.51
225.51
225.51
225.51
225.51
225.51
225.51
694.04
694.04
694.04
694.04
1057.68
1296.07
138.77
138.77
119.74
119.74
588.79
588.79
155.01
155.01
140.86
140.86
1116.05
1116.05
487.25
163.99
163.99
163.99
14.34
652.24
246.78
12.91
12.91
12.91
305.34
305.34
56.61
997.64
997.64
997.64
997.64
487.04
487.04
221.43
221.43
131.03
795.73
1147.81
262.25
262.25
262.25
553.79
553.79
230.09
230.09
230.09
908.25
908.25
908.25
908.25
601.71
601.71
146.10
146.10
433.64
433.64
10.00
10.00
60.64
149.77
149.77
149.77
149.77
45.58
45.58
45.58
447.40
447.40
36.26
1222.61
1222.61
63.54
662.00
662.00
809.11
123.29
123.29
123.29
278.89
278.89
278.89
278.89
28.18
28.18
28.18
10.47
489.36
553.60
105.11
26.59
26.59
691.70
988.69
988.69
696.25
696.25
696.25
175.46
175.46
520.53
520.53
98.05
98.05
98.05
164.03
164.03
714.73
714.73
714.73
94.63
94.63
94.63
93.91
93.91
172.30
22.74
791.07
242.17
242.17
242.17
682.01
682.01
682.01
10.00
10.00
10.00
145.41
145.41
145.41
71.92
71.92
343.11
961.07
961.07
138.69
376.28
376.28
235.88
235.88
334.04
334.04
208.42
208.42
157.31
157.31
498.16
498.16
498.16
498.16
498.16
25.84
25.84
159.18
10.54
10.54
22.14
356.67
402.34
1041.18
1041.18
337.99
337.99
1006.30
1006.30
208.48
208.48
81.42
81.42
81.42
250.17
250.17
250.17
209.22
209.22
209.22
115.83
115.83
115.83
115.83
84.81
84.81
153.77
180.19
10.00
10.00
85.86
590.84
590.84
983.71
83.69
83.69
195.47
195.47
267.48
267.48
661.75
885.85
885.85
633.24
633.24
144.37
144.37
254.49
254.49
267.51
1088.47
1088.47
1088.47
64.05
64.05
64.05
958.83
958.83
958.83
108.27
108.27
108.27
283.30
89.83
89.83
231.92
231.92
775.69
43.79
511.19
511.19
54.26
54.26
54.26
99.68
99.68
99.68
99.68
212.08
875.25
875.25
1306.10
1306.10
344.10
229.47
229.47
192.30
278.41
278.41
121.52
121.52
121.52
76.57
76.57
511.73
511.73
511.73
287.50
236.34
236.34
236.34
66.70
66.70
92.14
92.14
398.75
229.09
229.09
487.23
487.23
487.23
487.23
318.42
318.42
318.42
10.00
10.00
564.51
564.51
136.74
136.74
68.91
708.42
87.09
965.95
965.95
604.80
185.25
185.25
841.52
841.52
670.38
670.38
270.76
270.76
270.76
270.76
270.76
302.65
256.90
256.90
81.47
81.47
231.91
231.91
188.11
188.11
188.11
1112.95
1112.95
1127.55
163.31
163.31
108.74
108.74
1154.96
1058.22
1058.22
1058.22
1058.22
330.65
731.26
731.26
731.26
75.19
75.19
75.19
37.52
37.52
37.52
216.82
216.82
711.33
926.83
763.66
763.66
215.56
585.81
54.77
54.77
54.30
54.30
54.30
174.91
174.91
916.77
916.77
916.77
10.00
10.00
10.00
10.00
376.29
376.29
335.19
775.72
775.72
896.37
896.38
896.38
157.68
157.68
157.68
344.14
344.14
518.21
518.21
673.12
673.12
673.12
191.40
191.40
191.40
1080.33
1080.33
1080.33
1073.91
932.23
932.23
100.30
10.91
1082.54
1082.54
86.96
86.96
143.75
143.75
21.98
21.98
21.98
282.39
379.56
379.56
848.48
848.48
64.12
244.32
124.72
124.72
1060.45
1060.45
1060.45
53.89
53.89
1072.30
1072.30
1072.30
203.17
203.17
203.17
1018.08
115.33
115.33
115.33
246.40
246.40
323.91
323.91
323.91
180.92
1348.18
1415.83
314.49
314.49
314.49
314.49
272.26
272.26
721.51
844.71
844.71
247.76
381.15
892.80
892.80
677.50
677.50
116.70
116.70
116.70
852.23
852.23
851.52
851.52
851.52
113.12
113.12
200.92
200.92
924.03
1106.47
1106.47
1106.47
1106.47
1106.47
182.73
926.59
989.12
989.12
242.79
242.79
130.63
1273.68
1273.68
195.84
195.84
195.84
682.89
682.89
682.89
51.79
51.79
587.96
752.28
752.28
571.44
571.44
297.37
297.37
217.22
217.22
46.96
46.96
695.72
170.35
170.35
170.35
170.35
267.46
267.46
267.46
258.27
258.27
557.96
11.95
11.95
304.30
304.30
525.86
525.86
294.89
294.89
439.40
439.40
767.78
767.78
767.78
118.11
118.11
52.10
52.10
52.10
137.97
137.97
830.21
830.21
73.09
709.91
709.91
103.45
173.15
81.94
81.94
851.01
851.01
851.01
252.75
252.75
635.90
635.90
635.90
484.29
484.29
33.64
727.79
727.79
967.59
673.67
673.67
338.32
338.32
1035.09
391.22
216.23
232.61
232.61
168.75
168.75
168.75
99.69
99.69
99.69
217.39
217.39
188.79
188.79
17.91
17.91
403.22
403.22
403.22
46.09
46.09
46.09
46.09
46.09
88.88
88.88
88.88
88.88
126.56
36.86
133.43
133.43
224.94
224.94
224.94
77.90
77.90
77.90
346.90
346.90
53.64
53.64
264.25
264.25
264.25
96.22
285.68
285.68
382.85
382.85
382.85
383.98
383.98
383.98
309.45
19.02
199.01
199.01
199.01
199.01
199.01
77.48
77.48
42.77
497.01
514.87
473.83
288.96
291.09
291.09
291.09
651.62
651.62
651.62
390.09
390.09
390.09
24.40
24.40
216.97
216.97
592.20
592.20
592.20
327.20
327.20
15.26
25.34
25.34
38.57
38.57
295.40
295.40
295.40
620.85
620.85
620.85
695.16
695.16
513.62
513.62
148.64
148.64
18.13
18.13
99.97
99.97
643.39
643.39
643.39
657.17
657.17
414.96
572.89
572.89
35.61
35.61
57.16
395.29
485.84
485.84
28.13
264.75
264.75
525.80
426.73
579.15
579.15
355.02
355.02
355.02
355.02
623.94
623.94
623.94
623.94
604.30
604.30
604.30
604.30
604.30
44.57
44.57
44.57
44.57
833.26
833.26
833.26
76.21
117.06
307.93
307.93
642.32
642.32
484.65
484.65
484.53
484.53
484.53
484.53
73.18
73.18
242.29
242.29
167.21
348.51
355.34
421.08
421.08
182.47
309.47
258.86
16.42
56.05
956.21
956.21
104.59
104.59
104.59
104.59
677.12
677.12
1077.97
1077.97
1077.97
1145.18
1145.18
416.05
416.05
65.67
65.67
65.67
443.59
443.59
119.09
119.09
327.14
886.26
21.26
258.20
403.65
403.65
588.43
113.15
113.15
922.15
720.42
720.42
197.81
197.81
753.12
753.12
568.92
568.92
36.24
36.24
416.06
416.06
731.10
731.10
117.42
117.42
941.56
941.56
1063.54
1063.54
104.11
104.11
42.94
42.94
53.64
53.64
464.12
464.12
464.12
464.12
281.96
281.96
281.96
281.96
740.79
740.79
740.79
740.79
740.79
56.34
56.34
1421.02
1421.02
1421.02
71.20
71.20
71.20
167.09
167.09
167.09
764.28
764.28
171.93
991.08
740.09
740.09
168.69
168.69
168.69
287.53
287.53
287.53
287.53
219.22
219.22
219.22
198.34
244.50
282.24
282.24
239.80
314.10
849.00
1158.67
282.77
516.37
273.82
273.82
708.00
708.00
899.02
899.02
1005.49
1005.49
619.97
619.97
619.97
619.97
118.19
118.19
1055.60
1055.60
897.47
897.47
1223.65
1223.65
226.65
226.65
217.35
217.35
1022.93
1022.93
1068.14
1068.14
290.47
290.47
373.44
373.44
1664.16
1664.16
1114.96
1114.96
81.98
81.98
1307.98
1307.98
370.29
370.29
634.50
634.50
26.02
26.02
457.11
457.11
824.63
824.63
10.00
10.00
10.00
10.00
308.59
308.59
308.59
308.59
1140.90
1140.90
1140.90
1140.90
1140.90
1140.90
175.11
175.11
175.11
175.11
175.11
617.48
617.48
380.16
380.16
198.36
174.49
174.49
737.08
737.08
737.08
117.40
106.39
106.39
106.39
10.00
10.00
1080.68
193.90
197.80
869.04
869.04
869.04
460.60
460.60
34.50
34.50
21.38
21.38
21.76
21.76
21.76
21.76
93.79
93.79
93.79
1351.26
1351.26
234.88
256.26
256.26
549.09
549.09
549.09
358.19
272.10
272.10
272.10
116.61
116.61
116.61
89.48
89.48
10.00
1049.26
447.85
447.85
659.69
659.69
362.26
362.26
365.64
365.64
365.64
365.64
290.93
290.93
525.36
525.36
525.36
525.36
151.57
151.57
151.57
274.31
274.31
457.04
457.04
457.04
20.38
399.58
399.58
105.57
105.57
105.57
369.82
373.86
78.43
245.51
574.49
574.49
574.49
392.46
392.46
392.46
392.46
47.49
47.49
47.49
292.80
292.80
292.80
140.76
365.02
365.02
639.06
639.06
29.06
53.87
53.87
53.87
284.17
284.17
284.17
373.63
373.63
373.63
399.66
399.66
84.37
84.37
84.37
739.79
739.79
635.22
635.22
396.54
396.54
396.54
614.66
614.66
614.66
790.92
779.94
779.94
363.91
821.99
821.99
10.42
10.42
673.01
673.01
820.49
820.49
723.39
723.39
461.94
461.94
1005.92
1005.92
74.02
74.02
74.02
199.46
199.46
145.09
432.81
432.81
14.28
14.28
528.72
528.72
816.03
816.03
1103.96
1103.96
12.00
12.00
952.24
952.24
90.05
980.86
976.54
976.54
322.11
322.11
322.11
39.88
39.88
949.41
949.41
188.23
347.29
347.29
347.29
347.29
1246.55
1246.55
353.52
353.52
353.52
353.52
13.74
13.74
54.05
54.05
682.94
682.94
35.29
35.29
345.95
345.95
137.79
12.70
12.70
51.51
173.69
173.69
283.16
357.94
379.09
379.09
379.09
339.42
88.24
1063.66
875.95
875.95
409.05
157.15
157.15
157.15
157.15
157.15
157.15
369.50
369.50
369.50
787.97
787.97
137.92
137.92
137.92
669.82
669.82
185.79
185.79
104.19
117.90
158.84
264.93
1123.38
1123.38
378.46
378.46
378.46
34.11
34.11
34.11
12.46
12.46
12.46
12.46
529.77
529.77
103.48
114.27
114.27
91.12
91.12
815.64
815.64
777.42
777.42
26.46
347.22
347.22
362.13
10.00
10.00
10.00
10.00
10.00
570.11
570.11
570.11
570.11
570.11
570.11
10.00
147.15
171.67
121.32
581.13
581.13
15.95
15.95
722.01
1063.23
1063.23
620.82
35.10
35.10
35.10
35.10
333.55
333.55
333.55
101.03
101.03
101.03
101.03
92.67
92.67
92.67
446.13
446.13
446.13
122.86
96.29
96.29
141.15
141.15
761.25
1474.95
134.79
297.87
1093.65
1093.65
243.61
243.61
115.85
115.85
115.85
1164.11
1164.11
1164.11
985.60
985.60
1492.77
1492.77
354.83
354.83
388.83
1155.08
1155.08
70.53
162.85
422.10
247.40
14.76
102.48
102.48
302.91
302.91
178.23
178.23
691.96
691.96
35.34
35.34
582.43
582.43
450.98
450.98
281.26
281.26
326.49
326.49
326.51
326.51
470.02
470.02
155.01
155.01
44.89
44.89
522.90
522.90
798.36
798.36
159.61
159.61
726.10
726.10
150.07
150.07
116.33
116.33
162.32
162.32
593.96
593.96
1186.29
1186.29
388.09
388.09
53.73
53.73
1079.69
1079.69
1623.14
1623.14
601.69
601.69
231.73
231.73
1512.11
1512.11
80.07
410.21
410.21
410.21
1274.26
1274.26
59.95
59.95
392.53
392.53
934.07
934.07
163.61
163.61
234.36
234.36
1251.71
1251.71
308.54
308.54
170.59
170.59
1211.28
1211.28
1124.60
1124.60
481.67
481.67
869.81
869.81
194.27
194.27
182.29
182.29
995.71
995.71
62.35
62.35
635.04
635.04
443.39
443.39
265.81
265.81
1336.61
1336.61
537.41
537.41
296.86
296.86
154.34
154.34
321.11
321.11
699.62
699.62
123.07
123.07
820.24
820.24
118.42
118.42
431.69
431.69
375.76
375.76
1080.04
1080.04
453.10
453.10
407.14
407.14
10.82
10.82
1445.17
1445.17
48.70
48.70
189.10
189.10
10.85
10.85
142.90
142.90
142.90
450.73
450.73
450.73
18.81
18.81
18.81
1439.04
1439.04
1439.04
1415.49
1415.49
1415.49
170.27
170.27
170.27
225.90
225.90
212.18
212.18
1455.05
924.38
924.38
212.45
314.85
314.85
151.60
151.60
49.12
49.12
90.28
189.37
189.37
232.65
232.65
232.65
38.88
38.88
38.88
38.88
38.88
151.29
151.29
151.29
151.29
151.29
612.39
612.39
612.39
605.09
605.09
605.09
605.09
298.08
197.15
61.46
367.74
367.74
337.52
337.52
470.69
470.69
559.77
467.40
467.40
20.16
477.84
477.84
164.35
164.35
54.69
54.69
54.69
36.31
36.31
960.73
412.73
412.73
295.06
295.06
128.12
486.55
236.78
236.78
1133.86
1133.86
1133.86
1511.63
1511.63
768.80
768.80
768.80
353.68
353.68
353.68
454.00
454.00
133.11
133.11
133.11
877.43
260.51
260.51
265.61
265.61
214.08
214.08
221.48
221.48
162.11
15.01
15.01
15.01
526.51
691.98
691.98
691.98
136.50
136.50
136.50
295.43
295.43
12.57
256.06
13.54
72.80
177.86
177.86
177.86
177.86
177.86
177.86
177.86
177.86
172.65
84.80
130.03
478.04
11.65
985.57
985.57
35.90
35.90
35.90
35.90
256.10
256.10
256.10
638.80
638.80
638.80
132.54
132.54
132.54
132.54
692.76
692.76
597.51
543.19
543.19
39.04
142.97
142.97
159.97
159.97
159.97
159.97
159.97
120.97
120.97
120.97
72.53
137.00
762.22
90.51
90.51
90.51
439.55
439.55
99.59
99.59
473.39
248.39
248.39
790.41
891.66
891.66
68.98
253.07
253.07
1013.04
1013.04
798.55
798.55
190.77
190.77
207.63
207.63
298.39
298.39
298.39
207.64
207.64
207.64
807.89
807.89
238.81
238.81
704.73
704.73
1211.84
423.00
423.00
168.90
168.90
168.90
1003.36
1003.36
366.87
366.87
115.30
115.30
206.41
206.41
794.24
794.24
802.82
802.82
696.63
696.63
696.63
19.74
19.74
18.64
560.08
560.08
381.30
381.30
381.30
895.97
895.97
46.67
46.67
133.10
133.10
88.99
1023.84
1023.84
389.30
389.30
318.84
318.84
318.84
315.25
315.25
315.25
208.79
208.79
208.79
208.79
153.75
153.75
677.66
677.66
44.81
794.68
1259.86
233.82
233.82
233.82
87.86
87.86
40.71
40.71
40.71
195.54
195.54
195.54
379.50
379.50
47.85
47.85
59.15
59.15
59.15
96.16
351.10
351.10
39.54
416.35
14.96
299.15
113.47
439.64
439.64
181.94
181.94
523.66
523.66
423.71
423.71
960.51
960.51
880.96
880.96
104.56
104.56
35.22
35.22
35.22
35.22
704.33
704.33
704.33
704.33
209.29
209.29
898.24
898.24
268.28
187.21
206.64
206.64
133.12
133.12
903.23
903.23
453.76
453.76
67.19
67.19
67.19
963.24
963.24
893.38
442.98
442.98
442.98
133.11
133.11
598.01
598.01
598.01
239.65
239.65
239.65
590.07
590.07
144.44
435.69
435.69
139.58
139.58
33.30
33.30
267.45
267.45
267.45
945.67
17.91
153.09
761.09
717.61
717.61
717.61
925.68
925.68
22.92
22.92
22.92
302.20
302.20
302.20
622.21
622.21
55.95
55.95
48.79
75.21
75.21
233.87
233.87
600.19
600.19
600.19
299.55
734.96
734.96
207.77
207.77
209.53
103.03
103.03
558.92
558.92
494.25
494.25
643.62
643.62
643.62
643.62
65.95
65.95
65.95
25.46
25.46
25.46
25.46
66.41
196.45
196.45
10.00
806.05
937.99
688.36
688.36
123.87
835.19
835.19
790.91
790.91
790.91
693.98
693.98
693.98
110.40
110.40
110.40
110.40
110.40
110.40
342.74
342.74
342.74
61.20
33.05
33.05
385.96
385.96
665.44
665.44
612.99
612.99
612.99
480.66
480.66
13.55
13.55
259.54
259.54
34.89
10.00
383.96
383.96
383.96
383.96
301.55
301.55
301.55
301.55
601.98
616.49
1167.71
410.92
410.92
215.93
215.93
215.93
242.12
242.12
506.64
506.64
506.64
388.80
388.80
388.80
29.57
29.57
29.57
23.46
23.46
73.67
73.67
683.02
51.80
1063.15
176.01
12.33
12.33
12.33
112.57
112.57
112.57
36.08
36.08
190.29
190.29
417.34
417.34
417.34
10.00
83.57
83.57
779.10
1142.40
1682.22
596.89
596.89
84.13
84.13
84.13
151.71
151.71
151.71
151.71
200.24
200.24
200.24
200.24
47.08
47.08
121.85
121.85
17.45
17.45
648.34
220.59
410.67
393.54
138.52
138.52
138.52
142.72
142.72
142.72
143.70
206.03
206.03
1461.81
1461.81
209.54
209.54
258.57
258.57
258.57
1285.97
1285.97
1285.97
108.42
275.64
275.64
931.61
931.61
663.20
663.20
13.44
13.44
13.44
118.46
118.46
118.46
168.71
168.71
168.71
168.71
200.60
85.10
574.63
574.63
142.28
142.28
142.28
150.25
167.86
221.34
221.34
266.66
1078.55
1078.55
160.48
160.48
163.43
163.43
163.43
52.77
52.77
281.10
281.10
259.69
217.14
217.14
852.01
852.01
474.17
474.17
474.17
103.47
103.47
118.07
118.07
366.60
366.60
366.60
366.60
366.60
431.87
496.75
111.22
111.22
198.16
405.26
405.26
639.48
62.82
422.11
597.90
1288.67
1720.71
68.92
68.92
45.17
45.17
471.10
471.10
10.05
10.05
528.80
528.80
797.32
797.32
69.63
69.63
243.53
243.53
19.37
19.37
644.41
644.41
889.92
889.92
669.64
669.64
77.82
77.82
77.82
516.53
516.53
516.53
817.22
1030.61
1030.61
83.54
83.54
83.54
756.95
954.71
272.58
272.58
440.22
440.22
1174.41
1174.41
1632.17
1632.17
1449.93
1449.93
370.06
370.06
152.25
152.25
30.43
30.43
1426.59
1426.59
16.70
16.70
305.10
305.10
530.92
530.92
73.36
73.36
158.25
158.25
1727.51
1727.51
127.81
127.81
1290.53
1290.53
418.23
418.23
546.12
546.12
1270.10
1270.10
31.97
31.97
776.52
776.52
1711.51
1711.51
53.45
53.45
325.24
325.24
18.14
18.14
203.17
203.17
203.17
83.75
341.92
341.92
763.59
763.59
1156.31
1156.31
109.16
109.16
209.06
209.06
666.74
666.74
631.98
631.98
631.98
131.79
131.79
131.79
360.62
360.62
360.62
212.93
212.93
212.93
212.93
212.93
212.93
212.93
212.93
212.93
70.73
70.73
70.36
70.36
197.24
197.24
21.75
21.75
21.75
154.48
179.48
179.48
543.87
543.87
90.19
147.79
773.67
837.91
957.04
67.41
67.41
67.41
782.12
782.12
782.12
152.90
152.90
152.90
152.90
198.06
198.06
198.06
993.59
993.59
1047.21
104.70
104.70
1073.08
1073.08
828.84
828.84
828.84
866.72
866.72
866.72
165.39
323.38
506.84
896.03
858.13
1172.11
1172.11
367.70
367.70
1161.75
1161.75
1161.75
962.52
962.52
774.72
774.72
774.72
434.10
434.10
856.33
856.33
856.33
155.22
155.22
155.22
772.72
772.72
772.72
223.31
223.31
223.31
223.31
298.34
298.34
298.34
298.34
298.34
513.87
513.87
513.87
58.63
58.63
307.29
307.29
526.76
526.76
526.76
88.17
894.21
1122.15
1406.56
14.58
14.58
434.29
434.29
320.69
320.69
320.69
254.01
254.01
513.36
513.36
513.36
513.36
513.36
904.10
874.33
679.04
528.36
528.36
221.74
221.74
897.22
897.22
615.28
68.49
68.49
670.32
670.32
508.75
145.58
145.58
219.94
219.94
76.95
76.95
217.60
217.60
26.43
26.43
213.54
375.01
451.43
584.20
386.93
577.75
577.75
17.86
17.86
816.51
942.04
942.04
265.53
265.53
265.53
331.56
331.56
13.63
13.63
344.07
344.07
177.53
177.53
177.53
622.79
622.79
622.79
132.61
132.61
132.61
132.61
36.53
36.53
36.53
36.53
338.46
338.46
106.31
106.31
610.46
610.46
610.46
380.61
380.61
140.86
140.86
238.80
238.80
238.80
43.31
43.31
43.31
257.19
257.19
257.19
23.30
141.70
158.70
158.70
103.69
103.69
103.69
40.83
842.76
64.03
64.03
235.13
235.13
35.09
35.09
35.09
454.90
454.90
616.70
616.70
589.18
589.18
589.18
589.18
469.32
469.32
469.32
785.58
34.87
268.85
192.33
192.33
1314.03
1179.97
890.77
890.77
890.77
890.77
903.79
992.53
992.53
156.19
156.19
156.19
551.37
551.37
197.45
197.45
948.32
948.32
142.08
142.08
37.71
37.71
37.71
169.50
169.50
385.49
385.49
382.06
382.06
382.06
50.06
196.75
196.75
180.05
180.05
201.28
201.28
264.39
264.39
444.38
444.38
290.12
290.12
588.50
467.75
467.75
146.94
146.94
90.61
1627.64
1627.64
189.69
189.69
187.01
187.01
1319.63
1319.63
30.11
30.11
30.11
344.31
344.31
167.80
167.80
334.46
71.05
71.05
353.95
353.95
903.59
903.59
903.59
124.62
176.34
176.34
28.80
319.83
319.83
319.83
319.83
273.17
273.17
273.17
273.17
273.17
60.80
60.80
742.59
683.62
168.72
126.54
126.54
157.50
157.50
195.13
195.13
643.51
643.51
643.51
435.17
435.17
435.17
620.78
620.78
470.46
470.46
1057.88
1057.88
302.77
302.77
302.77
167.88
1319.96
1319.96
281.69
281.69
35.80
35.80
35.80
35.80
190.96
190.96
584.43
215.80
215.80
444.99
444.99
788.84
788.84
10.00
10.00
10.00
10.00
797.32
797.32
11.91
11.91
11.91
240.40
351.65
351.65
1054.12
1054.12
649.20
649.20
747.31
747.31
747.31
68.95
226.73
1361.63
189.68
189.68
653.94
653.94
310.95
148.19
148.19
148.19
148.19
183.28
183.28
183.28
183.28
979.40
979.40
209.97
23.51
339.87
339.87
670.06
670.06
670.06
67.20
67.20
67.20
711.53
1111.35
1111.35
35.85
218.94
71.79
605.72
605.72
605.72
40.42
40.42
576.26
576.26
1000.27
1000.27
246.29
246.29
246.29
246.29
190.23
190.23
270.17
270.17
928.21
691.39
329.98
290.34
215.50
215.50
104.33
109.16
206.66
1290.76
17.59
17.59
245.92
245.92
245.92
1224.22
1224.22
1224.22
1082.03
1082.03
896.62
1278.93
1278.93
245.46
245.46
69.44
69.44
507.21
507.21
507.21
126.04
126.04
126.04
126.04
126.04
30.90
30.90
30.90
30.90
435.01
435.01
804.89
804.89
407.64
407.64
141.65
141.65
491.08
491.08
167.51
167.51
167.51
167.51
167.51
143.06
143.06
803.48
134.84
134.84
586.43
498.13
1461.94
1461.94
439.68
439.68
152.03
152.03
879.69
879.69
879.69
442.96
1213.52
1213.52
143.83
135.83
135.83
92.73
1437.64
945.56
997.55
74.72
74.72
304.30
304.30
47.88
47.88
975.62
975.62
12.88
12.88
12.88
207.37
207.37
226.49
226.49
226.49
347.76
347.76
403.07
403.07
1079.30
1079.30
1079.30
1158.91
1158.91
803.44
803.44
803.44
847.06
847.06
847.06
847.06
167.50
167.50
275.60
275.60
91.11
91.11
40.42
40.42
662.68
156.73
156.73
156.73
470.03
470.03
622.14
622.14
248.25
264.09
215.60
215.60
215.60
25.99
25.99
25.99
25.99
378.71
378.71
378.71
122.09
122.09
163.51
163.51
181.43
181.43
181.43
416.12
140.69
317.19
317.19
196.59
764.15
764.15
982.33
183.88
183.88
114.33
114.33
1422.74
1422.74
261.75
1700.63
1700.63
204.17
204.17
221.82
221.82
170.87
170.87
626.35
626.35
626.35
674.10
674.10
674.10
674.10
239.18
239.18
239.18
898.90
898.90
375.04
375.04
375.04
375.04
321.91
19.30
469.07
469.07
17.75
17.75
718.55
718.55
106.97
106.97
702.56
431.78
1162.03
200.16
200.16
155.82
227.76
227.76
1100.99
1100.99
1100.99
956.25
956.25
956.25
956.25
90.22
90.22
174.77
174.77
332.31
332.31
506.11
506.11
506.11
475.55
475.55
475.55
475.55
587.17
587.17
587.17
374.89
349.93
349.93
349.93
521.83
776.31
776.31
115.79
115.79
115.79
621.06
617.40
449.52
449.52
652.13
652.13
39.25
416.10
612.30
225.20
199.06
199.06
619.81
619.81
867.96
867.96
757.11
757.11
874.50
874.50
874.50
324.46
324.46
324.46
654.28
654.28
654.28
654.28
50.90
50.90
50.90
50.90
50.90
47.20
555.38
288.11
557.59
189.37
226.56
226.56
112.76
112.76
112.76
726.17
726.17
1072.04
171.23
171.23
131.38
131.38
261.54
261.54
207.30
207.30
1196.53
1196.53
507.14
394.30
394.30
233.57
309.00
309.00
292.51
292.51
292.51
157.94
561.19
561.19
182.65
613.56
187.05
893.08
894.17
89.19
89.19
10.00
10.00
322.62
322.62
52.37
52.37
234.54
234.54
1146.61
1146.61
995.10
995.10
410.72
410.72
81.09
81.09
881.05
881.05
349.38
349.38
1491.38
1491.38
1491.38
1491.38
827.43
827.43
1045.91
1045.91
1863.93
1863.93
1651.64
1651.64
22.21
22.21
1415.19
1415.19
237.50
237.50
1302.18
1302.18
301.03
301.03
70.91
70.91
262.72
262.72
279.91
279.91
499.84
499.84
1057.01
1057.01
533.33
533.33
1305.50
1305.50
411.57
411.57
1270.99
1270.99
469.74
469.74
10.00
10.00
1106.65
1106.65
1389.55
1389.55
1389.55
1389.55
1217.47
1217.47
1538.81
1538.81
1337.31
1337.31
170.70
170.70
475.76
475.76
248.72
248.72
718.74
718.74
147.41
147.41
1284.12
1284.12
1203.78
1203.78
200.19
200.19
945.84
945.84
1343.67
1343.67
321.70
321.70
829.32
829.32
475.50
475.50
803.10
803.10
984.84
984.84
1255.03
1255.03
563.41
563.41
773.43
773.43
51.73
51.73
51.73
486.47
651.41
651.41
866.06
866.06
76.21
76.21
76.21
76.21
99.16
99.16
624.03
624.03
624.03
169.90
169.90
12.92
158.23
158.23
461.85
461.85
225.21
225.21
263.03
263.03
263.03
263.03
263.03
263.03
309.44
309.44
309.44
254.12
254.12
786.30
786.30
786.30
786.30
786.30
786.30
36.56
858.11
1367.02
304.42
304.42
248.77
1279.86
1279.86
192.97
192.97
180.19
180.19
198.30
198.30
566.92
566.92
651.13
651.13
651.13
12.97
12.97
12.97
12.97
12.97
87.75
320.65
320.65
1110.46
1110.46
271.24
79.27
125.39
125.39
125.39
615.72
615.72
185.01
185.01
120.00
120.00
120.00
10.00
10.00
10.00
45.00
45.00
40.24
40.24
40.24
592.57
592.57
401.54
638.91
94.77
238.92
238.92
595.36
595.36
90.96
90.96
452.42
452.42
521.44
521.44
470.67
470.67
470.67
159.26
159.26
969.97
1234.10
1234.10
392.71
206.93
1094.33
1094.33
482.86
482.86
482.86
482.86
482.86
473.31
473.31
473.31
473.31
473.31
85.42
386.04
386.04
195.74
470.75
399.67
10.00
1204.26
1204.26
1309.24
1309.24
176.71
176.71
176.71
176.71
547.74
547.74
547.74
547.74
614.84
614.84
614.84
949.94
949.94
866.50
866.50
866.50
940.05
940.05
48.82
48.82
48.82
48.82
87.64
87.64
87.64
87.64
1108.01
1108.01
857.66
857.66
858.78
858.78
849.25
849.25
894.20
894.20
924.66
483.26
483.26
161.92
161.92
505.98
505.98
531.84
531.84
267.21
267.21
329.16
329.16
160.55
254.11
254.11
254.11
34.74
34.74
34.74
546.63
546.63
747.79
747.79
90.75
630.05
216.11
880.93
880.93
349.28
349.28
377.78
377.78
404.23
404.23
380.32
380.32
380.32
380.32
380.32
380.32
35.78
35.78
10.00
10.00
12.80
12.80
10.00
10.00
52.64
52.64
432.83
432.83
588.01
588.01
446.85
446.85
446.85
463.04
70.83
70.83
143.27
143.27
334.41
317.93
317.93
370.26
394.68
394.68
68.24
437.72
437.72
437.72
829.78
829.78
525.20
44.11
31.78
1156.13
1156.13
34.06
34.06
34.06
137.90
137.90
137.90
555.52
555.52
1271.82
70.61
70.61
84.23
84.23
549.43
549.43
549.43
99.89
99.89
99.89
209.71
209.71
209.71
285.32
285.32
303.17
1183.36
1183.36
1183.14
233.04
1187.20
1187.20
241.49
241.49
199.05
199.05
795.74
795.74
88.75
88.75
88.75
88.75
210.18
210.18
210.18
210.18
210.18
92.97
92.97
92.97
559.16
559.16
559.16
137.95
137.95
39.67
88.85
97.28
97.28
529.23
529.23
527.56
43.89
43.89
212.17
212.17
212.17
212.17
386.74
386.74
386.74
386.74
106.59
106.59
106.59
761.69
346.61
839.49
25.24
1265.07
1265.07
296.09
184.62
184.62
184.62
184.62
126.50
126.50
126.50
126.50
126.50
623.29
623.29
476.28
476.28
476.28
187.99
187.99
10.00
272.30
272.30
138.41
138.41
1124.61
1124.61
1124.61
383.77
60.84
143.82
143.82
62.35
62.35
831.28
831.28
225.20
225.20
872.20
872.20
872.20
234.23
234.23
234.23
101.25
101.25
507.32
507.32
507.32
441.17
441.17
171.76
97.59
97.59
15.01
65.86
65.86
16.21
194.10
194.10
215.37
215.37
67.32
67.32
115.27
115.27
115.27
18.05
18.05
18.05
10.00
182.42
444.86
76.29
61.80
888.05
888.05
376.13
376.13
376.13
428.91
428.91
428.91
111.07
257.94
257.94
848.71
848.71
45.43
45.43
45.43
529.00
529.00
529.00
529.00
529.00
442.46
442.46
319.70
