# 1Hz Kbps trace generated by import_real_world_traces.py
2031.63
3794.60
3630.24
3636.19
3636.19
3636.19
4265.59
4265.59
3490.52
3490.52
3984.32
3984.32
4071.84
4071.84
3724.75
3724.75
3614.45
3614.45
3812.20
3812.20
3497.73
3497.73
3745.14
3745.14
341.27
341.27
3937.27
3937.27
4470.15
4470.15
3437.80
3437.80
3923.88
3923.88
3621.48
3621.48
3329.01
3329.01
3703.28
3703.28
3384.18
3384.18
3740.30
3740.30
4023.72
4023.72
3592.07
3592.07
3668.49
3668.49
4354.06
4354.06
4129.11
4129.11
4354.20
4354.20
3813.71
3813.71
3856.14
3856.14
3025.82
3025.82
3475.06
3475.06
3561.14
3561.14
4330.23
4330.23
3999.03
3999.03
3933.09
3933.09
3928.79
3928.79
3255.49
3255.49
3812.57
3812.57
4087.49
4087.49
3739.53
3739.53
3773.55
3773.55
4061.21
4061.21
3738.99
3738.99
4062.37
4062.37
3552.05
3552.05
4137.14
4137.14
4019.30
4019.30
3888.44
3888.44
2101.23
2101.23
3840.87
3840.87
3729.69
3729.69
2419.32
2419.32
3925.85
3925.85
4309.10
4309.10
3853.39
3853.39
4289.10
4289.10
4759.11
4759.11
3782.95
3782.95
3960.19
3960.19
3895.79
3895.79
4048.31
4048.31
3471.13
3471.13
3890.82
3890.82
3437.03
3437.03
4347.72
4347.72
4320.24
4320.24
4029.82
4029.82
3984.66
3984.66
3921.73
3921.73
4309.02
4309.02
4072.21
4072.21
3877.27
3877.27
3554.68
3554.68
3951.14
3951.14
3976.61
3976.61
3781.79
3781.79
3922.18
3922.18
4109.09
4109.09
3840.68
3840.68
3871.88
3871.88
4182.62
4182.62
3772.57
3772.57
4894.95
4894.95
3016.12
3016.12
3533.99
3533.99
3892.53
3892.53
3814.18
3814.18
3584.43
3584.43
3630.61
3630.61
3655.61
3655.61
3782.86
3782.86
3810.61
3810.61
3910.96
3910.96
4031.67
4031.67
4104.89
4104.89
3748.74
3748.74
4021.25
4021.25
4402.90
4402.90
3736.73
3736.73
4737.78
4737.78
4042.42
4042.42
4128.08
4128.08
4050.11
4050.11
3864.56
3864.56
4318.32
4318.32
3363.96
3363.96
4297.11
4297.11
3857.85
3857.85
3857.85
3857.85
3555.78
3555.78
3522.57
3522.57
4496.11
4496.11
3636.73
3636.73
3468.77
3468.77
4483.25
4483.25
4040.91
4040.91
4003.83
4003.83
3750.21
3750.21
3750.21
3750.21
1196.30
1196.30
4232.63
4232.63
4260.29
4260.29
3476.51
3476.51
4043.00
4043.00
4529.56
4529.56
4421.22
4421.22
4363.69
4363.69
3431.49
3431.49
3683.95
3683.95
3598.96
3598.96
4087.02
4087.02
3322.75
3322.75
3948.33
3948.33
3507.52
3507.52
3655.67
3655.67
3425.25
3425.25
4143.93
4143.93
4350.31
4350.31
4133.96
4133.96
3972.52
3972.52
3678.30
3678.30
3412.77
3412.77
3490.23
3490.23
3738.25
3738.25
3680.39
3680.39
4292.27
4292.27
4533.24
4533.24
3603.85
3603.85
4493.45
4493.45
3635.74
3635.74
3813.45
3813.45
3671.61
3671.61
3864.74
3864.74
3929.74
3929.74
4186.32
4186.32
4105.90
4105.90
3661.11
3661.11
3954.97
3954.97
3701.70
3701.70
2825.52
2825.52
4676.94
4676.94
3851.40
3851.40
4318.28
4318.28
3767.14
3767.14
3750.98
3750.98
4009.09
4009.09
3156.63
3156.63
4030.84
4030.84
3547.32
3547.32
4040.42
4040.42
3836.23
3836.23
3579.28
3579.28
3770.31
3770.31
3446.81
3446.81
3575.79
3575.79
3463.36
3463.36
3688.41
3688.41
4332.22
4332.22
4492.41
4492.41
4492.41
4492.41
4492.41
4492.41
1618.25
1618.25
4087.22
4087.22
4386.46
4386.46
4386.46
4386.46
4386.46
4386.46
3825.33
3825.33
3803.02
3803.02
3956.15
3956.15
3500.69
3500.69
3955.15
3955.15
4196.79
4196.79
3693.35
3693.35
4034.71
4034.71
3907.90
3907.90
3122.08
3122.08
3448.95
3448.95
4208.88
4208.88
4208.88
4208.88
4208.88
4208.88
4208.88
4208.88
2683.89
2683.89
4340.50
4340.50
3785.29
3785.29
4141.95
4141.95
3279.61
3279.61
3622.21
3622.21
4297.03
4297.03
4763.02
4763.02
4777.96
4777.96
4808.46
4808.46
3520.62
3520.62
3707.06
3707.06
4385.87
4385.87
4385.87
4385.87
4385.87
4385.87
4385.87
4385.87
4385.87
4385.87
4385.87
4385.87
4385.87
4385.87
3000.56
3000.56
3305.56
3305.56
3146.05
3146.05
4260.92
4260.92
5398.72
5398.72
5398.72
2948.88
2948.88
3222.39
3222.39
4262.77
4262.77
4864.82
4864.82
3327.84
3327.84
2622.37
2622.37
1269.50
1269.50
4241.15
4241.15
3152.30
3152.30
2806.43
2806.43
3830.24
3086.01
3086.01
3086.01
4325.90
4325.90
2624.82
2624.82
2606.68
2606.68
2786.54
2786.54
3308.58
3308.58
3203.30
3203.30
3475.38
3475.38
3227.07
3227.07
3591.01
3591.01
3774.85
3774.85
3161.21
3282.17
3282.17
3282.17
3111.26
3111.26
2595.00
2595.00
3931.37
3931.37
2955.33
2955.33
3768.01
3768.01
4366.54
4366.54
2887.49
2887.49
4615.05
4615.05
3211.38
3211.38
4117.86
4117.86
4270.47
3038.32
3038.32
3038.32
4002.40
4002.40
4251.27
4251.27
3776.17
3776.17
3532.03
3532.03
4819.86
4819.86
3367.13
3367.13
3143.12
3143.12
4229.94
4229.94
3237.11
3237.11
2981.20
2981.20
3110.66
3045.23
3045.23
3045.23
2783.53
2783.53
2638.22
2638.22
2711.64
2711.64
3712.61
3712.61
3392.30
3392.30
3584.95
3584.95
3399.86
3399.86
3333.85
3333.85
3246.19
3246.19
3719.08
3719.08
3179.26
3179.26
3712.77
3712.77
4375.49
4375.49
2945.40
2945.40
3342.00
3342.00
3803.75
3803.75
4485.95
4485.95
3735.22
3735.22
3311.97
3311.97
4125.60
4125.60
2627.26
2627.26
5089.64
5089.64
4161.48
4161.48
4727.42
4727.42
4583.52
4583.52
3741.82
3741.82
4956.53
4956.53
3614.72
3614.72
3491.81
3491.81
4436.65
4436.65
4376.38
4376.38
3437.27
3437.27
3409.55
3409.55
4940.70
4940.70
3584.87
3584.87
3189.25
3189.25
3170.65
3170.65
3708.89
3708.89
1369.88
1369.88
3850.91
3850.91
3810.13
3810.13
4589.81
4589.81
5138.93
5138.93
5138.93
5138.93
5138.93
5138.93
5138.93
5138.93
5138.93
5138.93
4530.39
4530.39
4379.20
4379.20
4980.02
4980.02
4950.82
4950.82
3309.36
3309.36
2626.38
2626.38
3570.46
3570.46
3607.31
3607.31
4093.60
4093.60
3560.07
3560.07
4064.44
4064.44
3831.97
3831.97
4194.58
4194.58
3911.34
3911.34
3403.14
3403.14
3797.87
3797.87
3745.77
3745.77
3269.95
3269.95
4277.75
4277.75
4745.78
4745.78
2722.22
2722.22
3016.73
3016.73
3048.58
3048.58
1251.14
1251.14
2758.44
2758.44
4273.06
4273.06
3554.66
3554.66
2404.62
2404.62
1593.00
1593.00
2783.84
2783.84
4034.27
4034.27
2884.66
2884.66
4190.42
4190.42
3985.62
3985.62
2885.34
2885.34
4218.52
4218.52
3641.77
3641.77
3631.88
3631.88
3199.52
3199.52
3347.17
3347.17
3549.14
3549.14
3852.97
3852.97
3527.28
3527.28
3774.98
3774.98
3782.74
3782.74
3624.99
3624.99
3663.63
3663.63
2569.44
2569.44
3484.73
3484.73
3211.83
3211.83
3016.10
3016.10
4650.82
4650.82
3560.32
3560.32
3801.47
3801.47
3543.17
3543.17
3655.99
3655.99
4462.56
4462.56
3182.19
3182.19
3552.93
3552.93
3168.40
3168.40
4560.92
4560.92
3042.43
3042.43
3050.61
3050.61
640.17
640.17
3465.51
3465.51
4140.69
4140.69
3560.88
3560.88
3384.21
3384.21
3763.41
3763.41
4588.06
4588.06
4513.71
4513.71
2964.00
2964.00
3013.66
3013.66
3430.81
3430.81
3483.16
3483.16
3854.25
3854.25
3447.86
3447.86
3579.06
3579.06
3646.10
3646.10
3424.05
3424.05
3173.89
3173.89
3756.37
3756.37
3595.24
3595.24
3375.39
3375.39
3963.92
3963.92
3170.21
3170.21
3938.38
3938.38
4503.13
4503.13
4240.13
4240.13
3464.82
3464.82
4121.00
4121.00
3200.53
3200.53
3952.03
3952.03
3619.37
3619.37
4033.01
4033.01
3893.40
3893.40
4550.55
4550.55
4256.75
4256.75
2894.86
2894.86
4016.37
4016.37
1304.40
1304.40
2310.91
2310.91
2112.54
2112.54
3561.08
3561.08
3435.05
3435.05
3759.27
3759.27
3715.38
3715.38
3714.51
3714.51
3974.17
3974.17
3777.51
3777.51
3750.54
3750.54
4075.10
4075.10
4338.70
4338.70
3305.97
3305.97
4453.23
4453.23
3984.04
3984.04
4351.09
4351.09
4707.93
4707.93
3569.51
3569.51
614.43
614.43
4508.87
4508.87
4034.22
4034.22
3484.25
3484.25
3924.59
3924.59
937.61
937.61
4077.90
4077.90
3937.19
3937.19
4096.13
4096.13
3830.60
3830.60
4409.81
4409.81
3517.98
3517.98
3501.74
3501.74
3562.12
3562.12
3276.82
3276.82
3804.56
3804.56
3693.95
3693.95
3809.34
3809.34
4208.75
4208.75
3098.10
3098.10
4600.53
4600.53
4348.88
4348.88
3720.43
3720.43
4060.59
4060.59
3097.61
3097.61
2525.92
2525.92
3842.26
3842.26
3475.98
3475.98
3977.18
3977.18
4096.45
4096.45
3302.57
3302.57
4066.01
4066.01
3690.82
3690.82
3343.95
3343.95
3988.10
3988.10
4178.78
4178.78
4042.35
4042.35
4396.33
4396.33
3904.82
3904.82
3906.69
3906.69
4011.94
4011.94
3683.60
3683.60
3543.60
3543.60
3352.82
3352.82
4283.20
4283.20
3338.13
3338.13
3504.55
3504.55
3354.46
3354.46
4160.77
4160.77
3504.72
3504.72
4256.46
4256.46
4140.35
4140.35
4085.12
4085.12
3698.91
3698.91
4186.20
4186.20
3623.01
3623.01
3623.01
3623.01
4038.73
4038.73
4038.73
4038.73
4038.73
4038.73
3842.14
3842.14
3799.16
3799.16
3563.10
3563.10
4146.58
4146.58
146.52
146.52
1128.16
1128.16
1984.31
1984.31
3600.51
3600.51
3600.51
3600.51
3600.51
3600.51
3614.51
3614.51
2919.73
2919.73
3561.82
3561.82
3613.74
3613.74
3978.85
3978.85
3333.98
3333.98
4143.64
4143.64
4180.50
4180.50
3367.69
3367.69
4307.81
4307.81
3763.47
3763.47
2926.37
2926.37
3380.79
3380.79
3584.91
3584.91
3118.82
3118.82
3597.02
3597.02
3549.08
3549.08
3410.93
3410.93
4777.05
4777.05
3441.11
3441.11
3798.58
3798.58
2722.88
2722.88
2722.88
2722.88
2722.88
2722.88
4592.87
4592.87
3759.64
3759.64
3642.56
3642.56
4395.36
4395.36
3885.44
3885.44
4097.33
4097.33
4506.70
4506.70
2945.78
2945.78
3220.01
3220.01
3814.60
3814.60
3132.31
3132.31
3312.02
3312.02
3758.38
3758.38
4513.61
4513.61
3641.37
3641.37
4458.35
4458.35
1893.91
1893.91
1763.95
1763.95
3523.95
3523.95
3418.74
3418.74
2984.68
2984.68
2827.34
2827.34
3156.89
3156.89
1363.80
1363.80
3224.72
3224.72
3505.07
3505.07
3632.93
3632.93
3598.43
3598.43
4031.86
4031.86
4381.01
4381.01
1786.73
1786.73
3515.03
3515.03
3964.06
3964.06
3898.34
3898.34
3743.45
3743.45
3286.71
3286.71
4137.82
4137.82
4052.03
4052.03
4353.99
4353.99
4460.01
4460.01
3474.04
3474.04
4271.93
4271.93
3564.18
3564.18
13.34
13.34
3472.67
3472.67
4089.00
4089.00
3883.02
3883.02
4012.59
4012.59
4965.76
4965.76
762.83
762.83
4167.61
4167.61
3755.15
3755.15
3272.44
3272.44
4923.07
4923.07
3175.54
3175.54
3896.18
3896.18
3870.58
3870.58
2837.35
2837.35
2746.03
2746.03
3589.61
3589.61
2392.57
2392.57
2392.57
2007.08
4386.15
4386.15
3558.64
3558.64
4896.64
4896.64
3523.71
3523.71
2468.55
2468.55
3455.64
3455.64
1931.34
1931.34
3089.10
3089.10
2769.30
2769.30
3444.95
3444.95
3680.94
3680.94
3994.37
3994.37
774.54
774.54
4898.76
4898.76
2284.07
2284.07
3155.79
3155.79
4055.38
4055.38
3984.31
3984.31
2148.88
2148.88
3193.25
3193.25
3258.78
3258.78
2805.08
2805.08
3017.85
3017.85
3318.41
3318.41
4706.53
4706.53
3639.73
3639.73
2581.51
2581.51
3788.19
3788.19
2517.89
2517.89
3705.24
3705.24
2487.22
2487.22
3762.05
3762.05
5275.98
5275.98
4816.43
4816.43
3918.49
3918.49
3464.99
3464.99
4056.95
4056.95
4147.13
4147.13
5071.47
5071.47
3575.42
3575.42
3657.15
3657.15
3152.93
3152.93
4017.60
4017.60
3827.09
3827.09
3680.96
3680.96
3864.96
3864.96
4215.40
4215.40
4359.94
4359.94
3818.61
3818.61
3437.86
3437.86
4981.95
4981.95
3316.02
3316.02
4481.50
4481.50
3908.76
3908.76
4306.98
4306.98
3576.51
3576.51
4881.91
4881.91
4840.03
4840.03
4005.91
4005.91
3362.26
3362.26
3827.28
3827.28
3809.18
3809.18
3522.83
3522.83
3522.83
3522.83
3905.12
3905.12
4621.18
4621.18
3164.03
3164.03
3600.12
3600.12
3264.04
3264.04
3791.95
3791.95
3601.94
3601.94
4162.44
4162.44
3743.17
3743.17
3806.20
3806.20
3918.46
3918.46
3824.57
3824.57
3072.88
3072.88
3113.09
3113.09
3075.00
3075.00
3098.26
3098.26
4184.13
4184.13
1356.34
1356.34
3196.72
3196.72
3617.82
3617.82
3617.82
3617.82
3821.31
3821.31
3641.43
3641.43
3505.19
3505.19
4332.82
4332.82
4201.20
4201.20
3338.56
3338.56
4889.29
4889.29
4889.29
4889.29
4889.29
4889.29
3469.07
3469.07
4585.56
4585.56
3264.24
3264.24
3145.59
3145.59
4266.82
4266.82
3841.06
3841.06
3062.76
3062.76
3390.16
3390.16
4071.27
4071.27
3853.58
3853.58
4179.91
4179.91
4655.73
4655.73
3222.83
3222.83
3645.13
3645.13
3688.14
3688.14
3688.14
3688.14
3858.22
3858.22
3806.87
3806.87
3299.81
3299.81
4231.37
4231.37
4231.37
4231.37
4704.33
4704.33
3960.28
3960.28
3580.59
3580.59
2575.91
2575.91
2524.79
2524.79
3937.66
3937.66
3155.10
3155.10
3032.59
3032.59
3441.52
3441.52
3441.52
3441.52
3441.52
3441.52
2346.10
2346.10
3529.91
3529.91
3295.53
3295.53
3963.80
3963.80
3963.80
3047.06
3047.06
4419.26
4419.26
2768.56
2768.56
3894.28
3894.28
3854.43
3854.43
2102.65
2102.65
3585.02
3585.02
3150.60
3150.60
3170.18
3170.18
3613.26
3613.26
3371.16
3371.16
2908.81
2908.81
149.25
149.25
4289.83
4289.83
3810.61
3810.61
3103.87
3103.87
3372.35
3372.35
4349.20
4349.20
4036.83
4036.83
3348.49
3348.49
5251.85
5251.85
2656.41
2656.41
3275.35
3275.35
4365.99
4365.99
3352.44
3352.44
4274.86
4274.86
3740.17
3740.17
3818.47
3818.47
3653.26
3653.26
3192.97
3192.97
2053.39
2053.39
4262.51
4262.51
4032.61
4032.61
3373.12
3373.12
3472.55
3472.55
2966.45
2966.45
911.49
911.49
2943.57
2943.57
3639.23
3639.23
2737.67
2737.67
4314.66
4314.66
3693.06
3693.06
2901.76
2901.76
3315.26
3315.26
3112.85
3112.85
3372.75
3372.75
3668.45
3668.45
2439.37
2439.37
3699.52
3699.52
2873.40
2873.40
3509.69
3509.69
3065.74
3065.74
1407.63
1407.63
2931.60
2931.60
3382.38
3382.38
3337.04
3337.04
3762.65
3762.65
3393.27
3393.27
3468.44
3468.44
3244.76
3244.76
2416.97
2416.97
3485.41
3485.41
4347.81
4347.81
2506.95
2506.95
3507.61
3507.61
3593.17
3593.17
3593.17
3593.17
3437.86
3437.86
922.78
922.78
3206.23
3206.23
3136.71
3136.71
3266.73
3266.73
3102.90
3102.90
2264.80
2264.80
2494.02
2494.02
3401.59
3401.59
3803.77
3803.77
3217.64
3217.64
3129.39
3129.39
3419.59
3419.59
3534.15
3534.15
2745.70
2745.70
2717.78
2717.78
3332.56
3332.56
3632.97
3632.97
3468.24
3468.24
3393.06
3393.06
4207.75
4207.75
4139.09
4139.09
2289.58
2289.58
3077.24
3077.24
3533.40
3533.40
2841.36
2841.36
3134.57
3134.57
3134.57
3134.57
3587.26
3587.26
3378.14
3378.14
2696.78
2696.78
4303.18
4303.18
3690.34
3690.34
3158.57
3158.57
3277.15
3277.15
3599.88
3599.88
3295.46
3295.46
3963.11
3963.11
2480.66
2480.66
3245.14
3245.14
4070.35
4070.35
4462.34
4462.34
4464.70
4464.70
3166.76
3166.76
4458.16
4458.16
3961.73
3961.73
3299.33
3299.33
3855.15
3855.15
3196.49
3196.49
3402.26
3402.26
2980.87
2980.87
3469.64
3469.64
3371.11
3371.11
3355.71
3355.71
3374.92
3374.92
3995.71
3995.71
3371.03
3371.03
3456.39
3456.39
3495.63
3495.63
3883.86
3883.86
3883.86
3883.86
3358.96
3358.96
4478.69
4478.69
3679.79
3679.79
594.93
594.93
3553.42
3553.42
3748.72
3748.72
3626.53
3626.53
3896.14
3896.14
3916.44
3916.44
4962.39
4962.39
4096.15
4096.15
3974.74
3974.74
3932.65
3932.65
3314.40
3314.40
4564.84
4564.84
4432.95
4432.95
4039.03
4039.03
3666.83
3666.83
3191.50
3191.50
3192.60
3192.60
4038.62
4038.62
4136.83
4136.83
3952.63
3952.63
4424.55
4424.55
3617.61
3617.61
3161.17
3161.17
3613.61
3613.61
4178.47
4178.47
4338.13
4338.13
4148.74
4148.74
4965.64
4965.64
578.12
578.12
3834.46
3834.46
3957.88
3957.88
3651.72
3651.72
3822.63
3822.63
3444.70
3444.70
4620.20
4620.20
3958.21
3958.21
4640.06
4640.06
3342.82
3342.82
4154.37
4154.37
1854.82
1854.82
1072.45
1072.45
2329.14
2329.14
3228.94
3228.94
3494.23
3494.23
4469.40
4469.40
3384.04
3384.04
2747.21
2747.21
2931.61
2931.61
3162.98
3162.98
3249.08
3249.08
3520.87
3520.87
3845.97
3845.97
3127.59
3127.59
3873.99
3873.99
3619.40
3619.40
3665.90
3665.90
3208.61
3208.61
3126.26
3126.26
3364.69
3364.69
4358.26
4358.26
3901.55
3901.55
438.40
438.40
4655.91
4655.91
4098.75
4098.75
3591.97
3591.97
4117.07
4117.07
3338.86
3338.86
3440.78
3440.78
4147.05
4147.05
4016.10
4016.10
4064.57
4064.57
4045.97
4045.97
4121.47
4121.47
3726.26
3726.26
3725.08
3725.08
3768.93
3768.93
3292.87
3292.87
3780.04
3780.04
3343.98
3343.98
1771.62
1771.62
4264.30
4264.30
3193.93
3193.93
3476.33
3476.33
3093.30
3093.30
3677.37
3677.37
4154.81
4154.81
3719.84
3719.84
3519.88
3519.88
3519.88
3519.88
3576.92
3576.92
781.75
781.75
781.75
781.75
3934.90
3934.90
3715.66
3715.66
3876.66
3876.66
4048.98
4048.98
4173.44
4173.44
3911.66
3911.66
4031.08
4031.08
4031.08
4031.08
3098.90
3098.90
4483.63
4483.63
3798.31
3798.31
3609.63
3609.63
3414.44
3414.44
2715.97
2715.97
2880.35
2880.35
4731.99
4731.99
4016.56
4016.56
771.97
771.97
2753.55
2753.55
3664.34
3664.34
3949.35
3949.35
3240.71
3240.71
3240.71
3240.71
3786.11
3786.11
4403.18
4403.18
3607.23
3607.23
4039.62
4039.62
3579.94
3579.94
3835.50
3835.50
3999.19
3999.19
4719.06
4719.06
2517.39
2517.39
4251.56
4251.56
3974.03
3974.03
3715.27
3715.27
3611.20
3611.20
4271.35
4271.35
3518.10
3518.10
4038.79
4038.79
3979.04
3979.04
4266.66
4266.66
3675.04
3675.04
3416.90
3416.90
3406.15
3406.15
3990.28
3990.28
3398.69
3398.69
3584.87
3584.87
3584.87
3584.87
3584.87
3584.87
3646.97
3646.97
3797.11
3797.11
4748.37
4748.37
4333.15
4333.15
3794.87
3794.87
3657.38
3657.38
4169.79
4169.79
3408.54
3408.54
3823.32
3823.32
3914.81
3914.81
3294.65
3294.65
3439.09
3439.09
3410.97
3410.97
3610.05
3610.05
884.29
884.29
3995.09
3995.09
3628.41
3628.41
3709.71
3709.71
3723.77
3723.77
4093.94
4093.94
4715.40
4715.40
4434.84
4434.84
3120.01
3120.01
4007.37
4007.37
3785.90
3785.90
4564.29
4564.29
3813.19
3813.19
4073.95
4073.95
3960.83
3960.83
3684.01
3684.01
3654.71
3654.71
4231.98
4231.98
3955.09
3955.09
4586.02
4586.02
3588.90
3588.90
3520.98
3520.98
3901.78
3901.78
3805.88
3805.88
3856.26
3856.26
3430.72
3430.72
3678.46
3678.46
3768.11
3768.11
3716.61
3716.61
4350.98
4350.98
3313.14
3313.14
3388.58
3388.58
3815.08
3815.08
4032.52
4032.52
4110.30
4110.30
3130.92
3130.92
3796.56
3796.56
4077.16
4077.16
3721.83
3721.83
4035.73
4035.73
4125.03
4125.03
4050.60
4050.60
3819.22
3819.22
3810.02
3810.02
4159.23
4159.23
4741.07
4741.07
4541.83
4541.83
4185.84
4185.84
4377.61
4377.61
3890.87
3890.87
4592.42
4592.42
4592.42
4592.42
4592.42
4592.42
4592.42
4592.42
4592.42
4592.42
4592.42
4592.42
4592.42
4592.42
4592.42
4592.42
4592.42
4592.42
3621.11
3621.11
3727.50
3727.50
3469.33
3469.33
3843.80
3843.80
3687.28
3687.28
3573.40
3573.40
4005.00
4005.00
4064.15
4064.15
3890.15
3890.15
4181.30
4181.30
3396.45
3396.45
4175.08
4175.08
3893.86
3893.86
3922.40
3922.40
3888.11
3888.11
3288.00
3288.00
3514.21
3514.21
3533.26
3533.26
3699.77
3699.77
3715.62
3715.62
4327.69
4327.69
3927.43
3927.43
3671.36
3671.36
3431.42
3431.42
3809.70
3809.70
3970.61
3970.61
3441.59
3441.59
861.76
861.76
4259.25
4259.25
3634.78
3634.78
3331.20
3331.20
3544.81
3544.81
3780.42
3780.42
3517.28
3517.28
3299.05
3299.05
3723.56
3723.56
4218.40
4218.40
20.19
20.19
3679.84
3679.84
3378.38
3378.38
3525.85
3525.85
3554.06
3554.06
3800.42
3800.42
3537.39
3537.39
3897.30
3897.30
3720.04
3720.04
3895.06
3895.06
1038.05
1038.05
3502.36
3502.36
3669.46
3669.46
3784.61
3784.61
3857.69
3857.69
4535.38
4535.38
3878.52
3878.52
3831.85
3831.85
3598.67
3598.67
3220.30
3220.30
3878.38
3878.38
3446.53
3446.53
3751.63
3751.63
4129.56
4129.56
3312.87
3312.87
3392.44
3392.44
3342.64
3342.64
4142.01
4142.01
3538.06
3538.06
3483.95
3483.95
3478.45
3478.45
3629.10
3629.10
3218.70
3218.70
4043.33
4043.33
3918.10
3918.10
3741.03
3741.03
3647.19
3647.19
3261.39
3261.39
4009.76
4009.76
3492.76
3492.76
3591.88
3591.88
4255.31
4255.31
4255.31
4255.31
776.41
776.41
3160.45
3160.45
3657.21
3657.21
3385.55
3385.55
3204.54
3204.54
3899.64
3899.64
4422.87
4422.87
4167.64
4167.64
3658.73
3658.73
3477.97
3477.97
3526.50
3526.50
3595.20
3595.20
3540.21
3540.21
3886.54
3886.54
3410.76
3410.76
3784.55
3784.55
3089.54
3089.54
3669.23
3669.23
3488.61
3488.61
3614.86
3614.86
3035.05
3035.05
4075.76
4075.76
3891.37
3891.37
3371.26
3371.26
4081.54
4081.54
3977.59
3977.59
3391.73
3391.73
4043.05
4043.05
4045.66
4045.66
3733.35
3733.35
4164.15
4164.15
4104.07
4104.07
274.18
274.18
3746.47
3746.47
3394.05
3394.05
4313.58
4313.58
3995.85
3995.85
4139.09
4139.09
3376.65
3376.65
3342.94
3342.94
3496.03
3496.03
3496.03
3496.03
3827.56
3827.56
3827.56
3827.56
3827.56
3827.56
3598.81
3598.81
3768.31
3768.31
3768.31
3768.31
4053.20
4053.20
4053.20
4053.20
4053.20
4053.20
4053.20
4053.20
4053.20
4053.20
4282.18
4282.18
4282.18
4282.18
4282.18
4282.18
4158.24
4158.24
3099.95
3099.95
3933.54
3933.54
3910.05
3910.05
4186.94
4186.94
3944.32
3944.32
4546.22
4546.22
2755.02
2755.02
3486.12
3486.12
3984.87
3984.87
3862.47
3862.47
3862.47
3862.47
3862.47
3862.47
3862.47
3862.47
3862.47
3862.47
3207.86
3207.86
3571.29
3571.29
3666.26
3666.26
3465.60
3465.60
3465.60
3432.01
3432.01
4172.52
4172.52
3832.61
3832.61
3969.83
3969.83
3459.65
3459.65
3220.42
3792.65
3792.65
3792.65
3572.72
3572.72
3658.20
3658.20
3493.87
3493.87
3719.09
3719.09
3453.91
3453.91
4475.68
4475.68
3877.44
3877.44
3746.09
3746.09
4284.27
4284.27
3674.45
3674.45
3674.45
3674.45
3674.45
3674.45
3776.89
3776.89
3527.07
3527.07
3990.91
3990.91
3559.66
3559.66
4102.54
4102.54
3564.72
3564.72
4599.42
4599.42
5024.24
5024.24
4489.14
4489.14
4119.68
4119.68
3725.32
4235.56
4235.56
4235.56
4015.45
4015.45
4015.45
4015.45
4160.36
4160.36
3907.88
3907.88
3907.88
3907.88
4602.30
4602.30
2070.92
2070.92
3743.68
3743.68
3335.78
3335.78
4054.59
4054.59
3715.45
901.02
901.02
901.02
4653.78
4653.78
3698.49
3698.49
433.05
433.05
3500.24
3500.24
3753.59
3753.59
4326.73
4326.73
3732.66
3732.66
3615.06
3615.06
3362.05
3362.05
3621.23
3621.23
3522.34
3522.34
3557.78
3557.78
3567.99
3567.99
1091.86
1091.86
3907.02
3907.02
4757.00
4757.00
3542.78
3542.78
1568.68
1568.68
3650.19
3650.19
3583.04
3583.04
3582.42
3582.42
2502.12
2502.12
3716.62
3716.62
35.46
35.46
3934.89
3934.89
3769.33
3769.33
3142.60
3142.60
245.03
245.03
3482.00
3482.00
4183.38
4183.38
3771.87
3771.87
3584.52
3584.52
4199.00
4199.00
3956.68
3956.68
3315.47
3315.47
3180.43
3180.43
3493.31
3493.31
3410.49
3410.49
3809.65
3809.65
3418.43
3418.43
841.65
841.65
219.56
219.56
3586.67
3586.67
3289.17
3289.17
2277.13
2277.13
3858.68
3858.68
3887.50
3887.50
3789.40
3789.40
4057.90
4057.90
3802.34
3802.34
3377.70
3377.70
3959.77
3959.77
3306.81
3306.81
3376.33
3376.33
3637.20
3637.20
4097.33
4097.33
3201.19
3201.19
3338.71
3338.71
234.56
234.56
4438.58
4438.58
3465.82
3465.82
3258.21
3258.21
3411.23
3411.23
3875.62
3875.62
3570.40
3570.40
3402.64
3402.64
4052.00
4052.00
3375.31
3375.31
3319.30
3319.30
3969.77
3969.77
4297.96
4297.96
3449.78
3449.78
3636.92
3636.92
448.91
448.91
3577.71
3577.71
3714.98
3714.98
3593.58
3593.58
3852.58
3852.58
4675.45
4675.45
4137.78
4137.78
3865.80
3865.80
4469.40
4469.40
3417.14
3417.14
3534.14
3534.14
3297.60
3297.60
3194.43
3194.43
3649.30
3649.30
3636.18
3636.18
3736.24
3736.24
3477.65
3477.65
3255.81
3255.81
3765.69
3765.69
4262.41
4262.41
4178.53
4178.53
4962.31
4962.31
3435.04
3435.04
3381.52
3381.52
3680.24
3680.24
4001.11
4001.11
4503.94
4503.94
3875.69
3875.69
4023.08
4023.08
4240.60
4240.60
3472.63
3472.63
3929.51
3929.51
3465.71
3465.71
3626.99
3626.99
4159.13
4159.13
3527.10
3527.10
3626.16
3626.16
977.19
977.19
3945.16
3945.16
3602.50
3602.50
3851.93
3851.93
3276.02
3276.02
2633.05
2633.05
4146.01
4146.01
700.32
700.32
4119.43
4119.43
3877.03
3877.03
4042.06
4042.06
3954.34
3954.34
2573.24
2573.24
3242.83
3242.83
3580.64
3580.64
4226.97
4226.97
4168.20
4168.20
3598.60
3598.60
3661.02
3661.02
4722.90
4722.90
3337.54
3337.54
4314.36
4314.36
3775.99
3775.99
3592.12
3592.12
4033.12
4033.12
3969.80
3969.80
834.87
834.87
3189.33
3189.33
3370.54
3370.54
245.05
245.05
10.96
10.96
4064.26
4064.26
3520.34
3520.34
838.97
838.97
3614.59
3614.59
3786.22
3786.22
4568.11
4568.11
3955.59
3955.59
17.76
17.76
3458.51
3458.51
3580.63
3580.63
3767.76
3767.76
4729.35
4729.35
3781.97
3781.97
3683.96
3683.96
3643.21
3643.21
3756.84
3756.84
4375.02
4375.02
4211.28
4211.28
3716.23
3716.23
3415.46
3415.46
3707.28
3707.28
3177.56
3177.56
3329.51
3329.51
4698.30
4698.30
3777.61
3777.61
3674.61
3674.61
3155.42
3155.42
3224.28
3224.28
3480.96
3480.96
3584.94
3584.94
3062.99
3062.99
3171.90
3171.90
3473.74
3473.74
3290.59
3290.59
3159.17
3159.17
3687.09
3687.09
3924.01
3924.01
3606.79
3606.79
3462.92
3462.92
3094.93
3094.93
4170.97
4170.97
3749.63
3749.63
3069.59
3069.59
3214.49
3214.49
1513.59
1513.59
3325.94
3325.94
3918.85
3918.85
796.68
796.68
521.85
521.85
2956.89
2956.89
3727.53
3727.53
3950.22
3950.22
3608.85
3608.85
4135.44
4135.44
4242.35
4242.35
3285.94
3285.94
3673.28
3673.28
3775.18
3775.18
3411.52
3411.52
3475.75
3475.75
3296.62
3296.62
3057.17
3057.17
3494.68
3494.68
3468.17
3468.17
4636.76
4636.76
4163.60
4163.60
4177.83
4177.83
3411.28
3411.28
3170.22
3170.22
3418.73
3418.73
3186.99
3186.99
2593.13
2593.13
2578.60
2578.60
3080.88
3080.88
2325.55
2325.55
3444.75
3444.75
3393.11
3393.11
3201.51
3201.51
2953.93
2953.93
4077.47
4077.47
3055.19
3055.19
3539.48
3539.48
478.85
478.85
3015.45
3015.45
3511.51
3511.51
2773.47
2773.47
3086.68
3086.68
3346.79
3346.79
835.12
835.12
3456.83
3456.83
3367.90
3367.90
4161.55
4161.55
3445.89
3445.89
4099.01
4099.01
3625.88
3625.88
3739.65
3739.65
3608.28
3608.28
3343.01
3343.01
2857.86
2857.86
3568.83
3568.83
4214.23
4214.23
3496.08
3496.08
3846.70
3846.70
486.14
486.14
4179.24
4179.24
18.26
18.26
3136.53
3136.53
3246.56
3246.56
3625.45
3625.45
789.46
789.46
3404.11
3404.11
3549.56
3549.56
4171.20
4171.20
3474.09
3474.09
4114.80
4114.80
3267.02
3267.02
1344.27
1344.27
4083.88
4083.88
2364.53
2364.53
3175.62
3175.62
3861.65
3861.65
3567.97
3567.97
4156.37
4156.37
3697.80
3697.80
2862.71
2862.71
4050.14
4050.14
3883.08
3883.08
3606.96
3606.96
3057.38
3057.38
4272.28
4272.28
3784.64
3784.64
3949.63
3949.63
786.56
786.56
3636.38
3636.38
3789.49
3789.49
3698.05
3698.05
3319.87
3319.87
3773.93
3773.93
3481.51
3481.51
3734.30
3734.30
3458.79
3458.79
3428.57
3428.57
3737.09
3737.09
3530.56
3530.56
4228.44
4228.44
3786.19
3786.19
3342.48
3342.48
3700.84
3700.84
3495.33
3495.33
3990.91
3990.91
3625.04
3625.04
4087.13
4087.13
3653.55
3653.55
4009.01
4009.01
4858.78
4858.78
4661.58
4661.58
3738.49
3738.49
3109.82
3109.82
1512.20
1512.20
1512.20
1283.90
3163.64
3163.64
4174.49
4174.49
3894.71
3894.71
3291.76
3291.76
3618.01
3618.01
3358.86
3358.86
3507.04
3507.04
3512.54
3512.54
4137.07
4137.07
81.56
81.56
3710.08
3710.08
3713.22
3713.22
3601.53
3601.53
3765.34
3765.34
4069.38
4069.38
528.78
528.78
3523.64
3523.64
3052.60
3052.60
3605.88
3605.88
3573.01
3573.01
3820.23
3820.23
2898.68
2898.68
3478.62
3478.62
3051.67
3051.67
3260.49
3260.49
3700.52
3700.52
3665.52
3665.52
3680.98
3680.98
2751.22
2751.22
2753.72
2753.72
3335.03
3335.03
3543.27
3543.27
4158.68
4158.68
3541.69
3541.69
2812.72
2812.72
3371.24
3371.24
3659.34
3659.34
3843.59
3843.59
3963.14
3963.14
26.59
26.59
3564.00
3564.00
3352.92
3352.92
3326.41
3326.41
3401.11
3401.11
3627.54
3627.54
2022.62
2022.62
3396.10
3396.10
3359.08
3359.08
3508.97
3508.97
3569.66
3569.66
2996.42
2996.42
3684.51
3684.51
3243.32
3243.32
3521.73
3521.73
3423.32
3423.32
3191.74
3191.74
4386.81
4386.81
4120.96
4120.96
2182.43
2182.43
3614.20
3614.20
3098.59
3098.59
3279.93
3279.93
3311.70
3311.70
3654.90
3654.90
3537.98
3537.98
4350.10
4350.10
3421.40
3421.40
3169.32
3169.32
223.77
223.77
4032.12
4032.12
3660.49
3660.49
4492.12
4492.12
824.11
824.11
3131.63
3131.63
3083.62
3083.62
4199.23
4199.23
3413.11
3413.11
2858.13
2858.13
727.47
727.47
3355.60
3355.60
3412.56
3412.56
4339.24
4339.24
2597.10
2597.10
2713.09
2713.09
3738.42
3738.42
2507.72
2507.72
3751.71
3751.71
3751.83
3751.83
3557.92
3557.92
3843.80
3843.80
3843.80
3843.80
3090.63
3090.63
2895.65
2895.65
3813.71
3813.71
3439.86
3439.86
3970.14
3970.14
3424.48
3424.48
3625.66
3625.66
3625.66
3625.66
3534.98
3534.98
3534.98
3534.98
3071.17
3071.17
3071.17
3071.17
3017.26
3017.26
3125.61
3125.61
4042.93
4042.93
4099.01
4099.01
3744.43
3744.43
3790.51
3790.51
3989.19
3989.19
3364.32
3364.32
3111.75
3111.75
3111.75
3111.75
3111.75
3111.75
3341.42
3341.42
3757.45
3757.45
910.01
910.01
4266.71
4266.71
3680.03
3680.03
3623.43
3623.43
3524.24
3524.24
3514.53
3514.53
3513.81
3513.81
3856.25
3856.25
3856.25
3856.25
3697.15
3697.15
4026.26
4026.26
3775.40
3775.40
3775.40
3775.40
3747.20
3747.20
3584.54
3584.54
3272.81
3272.81
3881.61
3881.61
3310.34
3310.34
3575.03
3575.03
3835.82
3835.82
3515.16
3515.16
3696.58
3696.58
3662.34
3662.34
3360.50
3360.50
3259.83
3259.83
3903.85
3903.85
3470.52
3470.52
3470.52
3470.52
3470.52
3470.52
3470.52
3470.52
3900.72
3900.72
4008.14
4008.14
3618.03
3618.03
3706.36
3706.36
4241.44
4241.44
3811.44
3811.44
3154.03
3154.03
3525.11
3525.11
460.48
460.48
3193.03
3193.03
3193.03
3742.75
3742.75
3500.28
3500.28
3539.76
3539.76
3877.80
3877.80
3550.12
3550.12
3190.38
3190.38
3110.37
3110.37
3610.24
3610.24
3291.84
3291.84
3409.18
3409.18
1278.88
1278.88
3579.24
3579.24
4384.93
4384.93
3068.38
3068.38
3199.50
3199.50
3620.64
3620.64
3423.84
3423.84
3735.48
3735.48
3686.28
3686.28
3949.15
3949.15
4175.58
4175.58
3463.40
3463.40
3198.57
3198.57
3308.73
3308.73
3525.19
3525.19
3556.32
3556.32
1872.71
1872.71
3464.22
3464.22
3348.24
3348.24
3505.78
3505.78
3642.13
3642.13
3456.59
3456.59
3132.03
3132.03
3322.27
3322.27
3680.52
3680.52
2792.96
2792.96
3746.51
3746.51
4133.89
4133.89
4310.67
4310.67
3584.22
3584.22
2904.90
2904.90
3451.61
3451.61
3998.82
3998.82
2974.93
2974.93
3969.14
3969.14
3284.10
3284.10
3009.08
3009.08
3947.71
3947.71
1001.16
1001.16
2935.74
2935.74
3750.80
3750.80
4884.56
4884.56
4378.49
4378.49
3241.21
3241.21
3854.18
3854.18
3112.90
3112.90
3511.56
3511.56
3955.35
3955.35
2846.38
2846.38
3176.59
3176.59
3431.73
3431.73
4215.12
4215.12
3380.32
3380.32
3091.44
3091.44
2836.11
2836.11
3769.53
3769.53
854.59
854.59
3762.61
3762.61
4168.44
4168.44
3451.67
3451.67
3110.23
3110.23
3471.88
3471.88
4283.00
4283.00
4340.79
4340.79
4214.74
4214.74
3699.78
3699.78
2699.36
2699.36
3516.41
3516.41
2045.44
2045.44
1337.44
1337.44
4157.73
4157.73
3820.40
3820.40
3316.02
3316.02
3250.33
3250.33
2891.19
2891.19
3057.41
3057.41
3100.76
3100.76
747.20
747.20
1705.25
1705.25
2612.55
2612.55
3900.32
3900.32
3479.90
3479.90
3559.60
3559.60
3484.73
3484.73
472.00
472.00
2779.27
2779.27
4031.88
4031.88
3292.55
3292.55
4006.11
4006.11
3842.59
3842.59
2855.19
2855.19
346.80
346.80
3589.21
3589.21
3356.35
3356.35
4039.35
4039.35
3638.26
3638.26
300.16
300.16
3951.64
3951.64
3508.78
3508.78
3320.20
3320.20
2971.45
2971.45
4001.97
4001.97
2697.19
2697.19
3583.62
3583.62
2867.36
2867.36
2756.74
2756.74
2803.98
2803.98
2796.99
2796.99
2666.97
2666.97
2666.97
2666.97
2666.97
2666.97
2666.97
2666.97
2666.97
2666.97
2666.97
2666.97
2666.97
2666.97
2666.97
2666.97
2816.38
2816.38
2932.71
2932.71
2700.98
2700.98
3098.04
3098.04
3065.70
3065.70
3697.49
3697.49
3080.72
3080.72
3080.84
3080.84
3122.60
3122.60
3074.55
3074.55
3285.01
3285.01
3467.84
3467.84
3689.30
3689.30
2877.35
2877.35
338.43
338.43
4154.27
4154.27
3595.16
3595.16
3636.81
3636.81
3949.14
3949.14
3439.00
3439.00
3878.31
3878.31
3167.44
3167.44
3380.66
3380.66
3220.66
3220.66
4386.82
4386.82
3291.38
3291.38
3737.31
3737.31
3919.46
3919.46
4442.98
4442.98
3770.06
3770.06
3381.45
3381.45
4380.36
4380.36
3165.65
3165.65
3678.35
3678.35
3703.80
3703.80
3776.22
3776.22
3920.24
3920.24
3507.29
3507.29
3971.61
3971.61
3914.66
3914.66
2933.99
2933.99
3342.91
3342.91
3146.46
3146.46
3171.52
3171.52
3606.48
3606.48
3606.48
354.46
354.46
2848.20
3540.51
3540.51
4381.98
4381.98
3184.93
3184.93
3808.71
3808.71
3880.38
3880.38
4094.41
4094.41
3681.79
3681.79
3333.24
3333.24
2764.55
2764.55
3630.38
3630.38
4344.56
4344.56
3749.70
3749.70
3280.30
3280.30
2809.72
2809.72
2970.29
2970.29
791.55
791.55
3346.84
3346.84
3439.06
3439.06
3227.53
3227.53
3096.49
3096.49
3575.72
3575.72
3294.11
3294.11
3521.61
3521.61
3706.53
3706.53
3595.34
3595.34
3726.88
3726.88
3609.91
3609.91
3137.09
3137.09
2733.82
2733.82
3171.25
3171.25
996.87
996.87
3039.41
3039.41
3617.24
3617.24
3689.20
3689.20
3776.10
3776.10
3067.92
3067.92
4060.36
4060.36
3430.44
3430.44
3909.33
3909.33
3094.44
3094.44
3436.64
3436.64
4454.74
4454.74
4322.44
4322.44
4900.34
4900.34
3530.20
3530.20
3368.40
3368.40
3686.11
3686.11
2996.23
2996.23
3674.39
3674.39
3479.95
3479.95
4525.79
4525.79
4614.75
4614.75
3423.57
3423.57
17.46
17.46
3377.23
3377.23
3586.36
3586.36
4259.17
4259.17
3487.82
3487.82
4013.89
4013.89
3932.45
3932.45
3880.30
3880.30
4034.20
4034.20
3946.54
3946.54
3504.59
3504.59
1114.66
1114.66
1203.63
1203.63
4292.15
4292.15
4292.15
4292.15
4292.15
4292.15
3971.78
3971.78
4054.91
4054.91
4131.27
4131.27
4402.56
4402.56
3868.31
3868.31
3868.31
3868.31
3626.37
3626.37
4451.54
4451.54
4061.40
4061.40
4134.56
4134.56
3532.41
3532.41
3690.30
3690.30
3372.86
3372.86
3372.86
3372.86
3372.86
3372.86
3372.86
3372.86
3401.81
3401.81
3714.92
3714.92
3534.33
3534.33
3956.73
3956.73
4199.05
4199.05
3289.88
3289.88
4112.10
4112.10
4511.64
4511.64
3536.99
3536.99
3212.19
3212.19
3212.19
3212.19
3919.78
3919.78
4139.68
4139.68
4575.32
4575.32
4552.85
4552.85
4857.57
4857.57
4748.83
4748.83
3587.51
3587.51
3931.73
3931.73
4203.81
4203.81
3691.67
3691.67
4008.93
4008.93
3668.31
3668.31
2990.67
2990.67
3193.10
3193.10
3740.53
3740.53
3350.37
3350.37
2817.90
2817.90
3364.91
3364.91
3702.85
3702.85
3738.19
3738.19
3647.55
3647.55
2372.14
2372.14
3194.21
3194.21
4010.31
4010.31
599.38
599.38
2176.62
2176.62
3784.59
3784.59
2896.95
2896.95
2954.46
2954.46
3738.75
3738.75
554.75
554.75
460.04
460.04
3421.11
3421.11
3582.95
3582.95
3131.49
3131.49
2697.06
2697.06
3702.96
3702.96
3443.42
3443.42
3951.17
3951.17
1714.13
1714.13
3690.81
3690.81
3173.67
3173.67
3064.04
3064.04
3201.81
3201.81
4221.99
4221.99
3144.60
3144.60
1701.69
1701.69
3974.16
3974.16
89.40
89.40
3197.49
3197.49
3726.97
3726.97
1170.35
1170.35
2942.05
2942.05
3337.09
3337.09
3026.81
3026.81
2516.89
2516.89
3662.35
3662.35
3194.45
3194.45
3924.56
3924.56
3516.73
3516.73
3824.76
3824.76
3669.31
3669.31
2938.95
2938.95
3262.20
3262.20
106.06
106.06
2988.07
2988.07
1244.83
1244.83
689.20
689.20
2591.67
2591.67
3320.91
3320.91
3070.43
3070.43
3284.17
3284.17
2537.91
2537.91
2795.41
2795.41
2679.79
2679.79
2740.30
2740.30
3487.03
3487.03
3608.97
3608.97
3299.89
3299.89
3604.11
3604.11
3882.32
3882.32
3422.63
3422.63
3099.09
3099.09
3368.60
3368.60
3323.73
3323.73
3395.52
3395.52
3187.49
3187.49
3292.07
3292.07
2572.31
2572.31
2572.31
2572.31
840.74
840.74
1454.30
1454.30
4217.25
4217.25
3210.79
3210.79
3131.31
3131.31
3083.54
3083.54
2905.87
2905.87
1078.99
1078.99
2780.55
2780.55
3099.83
3099.83
3595.63
3595.63
3061.82
3061.82
3334.65
3334.65
3399.56
3399.56
2973.12
2973.12
2676.91
2676.91
3686.24
3686.24
2341.69
2341.69
575.85
575.85
2768.76
2768.76
3941.03
3941.03
3321.76
3321.76
2769.08
2769.08
3270.10
3270.10
3072.23
3072.23
2952.22
2952.22
2938.88
2938.88
3982.30
3982.30
3117.13
3117.13
3315.22
3315.22
2656.97
2656.97
3079.03
3079.03
3285.64
3285.64
2960.58
2960.58
3376.71
3376.71
2447.82
2447.82
3760.15
3760.15
390.59
390.59
1138.00
1138.00
3742.88
3742.88
2796.29
2796.29
3359.64
3359.64
4113.09
4113.09
3959.20
3959.20
3393.27
3393.27
2884.65
2884.65
2887.52
2887.52
3499.08
3499.08
2590.27
2590.27
2838.40
2838.40
2649.43
2649.43
3119.58
3119.58
4162.85
4162.85
2588.85
2588.85
3201.30
3201.30
2443.15
2443.15
2800.24
2800.24
2102.05
2102.05
3399.72
3399.72
4444.17
4444.17
2257.73
2257.73
3394.86
3394.86
2498.34
2498.34
3643.27
3643.27
1735.48
1735.48
1390.52
1390.52
2786.66
2786.66
1415.87
1415.87
3316.92
3316.92
3251.19
3251.19
3735.88
3735.88
3497.70
3497.70
3848.22
3848.22
3156.08
3156.08
2192.85
2192.85
2722.12
2722.12
3660.07
3660.07
3198.85
3198.85
3719.57
3719.57
3597.38
3597.38
2746.00
2746.00
3376.96
3376.96
2867.33
2867.33
2745.31
2745.31
3080.00
3080.00
2944.06
2944.06
3125.11
3125.11
2954.14
2954.14
3593.12
3593.12
2574.77
2574.77
2801.58
2801.58
1574.96
1574.96
3602.64
3602.64
3974.60
3974.60
2861.81
2861.81
3536.17
3536.17
3203.95
3203.95
693.07
693.07
3214.09
3214.09
778.28
778.28
3079.04
3079.04
4113.39
4113.39
3346.36
3346.36
3134.23
3134.23
2863.14
2863.14
3016.77
3016.77
3468.08
3468.08
3397.32
3397.32
2913.73
2913.73
3183.06
3183.06
3388.54
3388.54
3633.97
3633.97
3018.79
3018.79
4162.45
4162.45
3676.99
3676.99
3752.94
3752.94
3100.36
3100.36
1903.43
1903.43
3223.54
3223.54
2881.21
2881.21
2999.82
2999.82
3244.66
3244.66
3260.65
3260.65
3735.52
3735.52
3735.52
3735.52
3678.90
3678.90
3616.94
3616.94
1620.26
1620.26
4070.18
4070.18
3370.38
3370.38
3276.09
3276.09
2832.17
2832.17
3244.59
3244.59
1901.75
1901.75
1901.75
1901.75
3931.20
3931.20
3464.59
3464.59
3911.99
3911.99
3911.99
3911.99
3707.80
3707.80
3671.95
3671.95
3671.95
3682.59
3682.59
3682.59
3682.59
3623.62
3623.62
3623.62
3623.62
3793.77
3793.77
3809.36
3809.36
3407.76
3407.76
3407.76
3407.76
3684.03
3684.03
4145.15
4145.15
4145.15
4145.15
4145.15
4145.15
3866.93
3528.01
3528.01
3528.01
3791.67
3791.67
4136.11
4136.11
4087.86
4087.86
3857.21
3857.21
3454.45
3454.45
3963.00
3963.00
3383.92
3383.92
3400.26
3400.26
3685.72
3685.72
3726.44
3726.44
3577.92
4130.19
4130.19
4130.19
3751.81
3751.81
3742.65
3742.65
2764.50
2764.50
3129.87
3129.87
3711.34
3711.34
3008.72
3008.72
3527.52
3527.52
3527.52
3527.52
2958.23
2958.23
3848.03
3848.03
3400.88
3400.88
2999.27
2999.27
879.50
879.50
1577.76
1577.76
2605.66
2605.66
4331.85
4331.85
3620.24
3620.24
4477.89
4477.89
3150.42
3150.42
2833.59
2833.59
3516.15
3516.15
3529.55
3529.55
3308.22
3305.39
3305.39
3305.39
3843.54
3843.54
4462.97
4462.97
556.64
556.64
3242.74
3242.74
2249.81
2249.81
2853.99
2853.99
3454.46
3454.46
4411.19
4411.19
2945.40
2945.40
2905.70
2905.70
3067.16
3067.16
3743.54
3743.54
4064.58
4064.58
3677.27
3677.27
3600.98
3600.98
1347.59
1347.59
3192.20
3192.20
2796.96
2796.96
3195.47
3195.47
2700.13
2700.13
3247.87
3247.87
1888.93
1888.93
4214.47
4214.47
2853.29
2853.29
3459.50
3459.50
161.58
161.58
3144.70
3144.70
3171.12
3171.12
2906.51
2906.51
1898.73
1898.73
661.75
661.75
3215.41
3215.41
4049.11
4049.11
3472.02
3472.02
2850.87
2850.87
3530.00
3530.00
2913.23
2913.23
3328.62
3328.62
2975.43
2975.43
4760.79
4760.79
4760.79
4760.79
4760.79
4760.79
1973.06
2739.05
3274.27
3274.27
3584.66
3584.66
3223.78
3223.78
2578.50
2578.50
2723.82
2723.82
3787.55
3787.55
2945.59
2945.59
52.43
52.43
2987.42
2987.42
3767.48
3767.48
3755.62
3755.62
3755.62
3755.62
4418.67
4418.67
3519.51
3519.51
3381.61
3381.61
3432.94
3432.94
2642.21
2642.21
3240.57
3240.57
3256.35
3256.35
2848.89
2848.89
4084.23
4084.23
4103.04
4103.04
2956.25
2956.25
2956.25
2956.25
2992.18
2992.18
2530.19
2530.19
2530.19
2530.19
2986.87
2986.87
3154.94
3154.94
3803.07
3803.07
3231.58
3231.58
4544.22
4544.22
3659.11
3659.11
4217.16
4217.16
3173.03
3173.03
3617.48
3617.48
2718.55
2718.55
2740.24
2740.24
3443.58
3443.58
2775.01
2775.01
3819.98
3819.98
2846.18
2846.18
3390.01
3390.01
3073.25
3073.25
3855.14
3855.14
4462.08
4462.08
3345.51
3345.51
2971.36
2971.36
3423.90
3423.90
3609.02
3609.02
829.61
829.61
3440.18
3440.18
2363.15
2363.15
4217.84
4217.84
3282.91
3282.91
3913.37
3913.37
3039.06
3039.06
3039.06
3039.06
3258.00
3258.00
3536.06
3536.06
3462.70
3462.70
3009.87
3009.87
3039.40
3039.40
3618.49
3618.49
3618.49
3618.49
3697.71
3697.71
2926.55
2926.55
4301.73
4301.73
3686.23
3686.23
3737.01
3737.01
4062.01
4062.01
3248.51
3248.51
3869.21
3869.21
3869.21
3869.21
3125.22
3125.22
2935.86
2935.86
2463.98
2463.98
3367.54
3367.54
3725.61
3725.61
4098.48
4098.48
3703.22
3703.22
3901.19
3901.19
3882.94
3882.94
2806.21
2806.21
3535.78
3535.78
2669.03
2669.03
3252.07
3252.07
2678.28
2678.28
3525.38
3525.38
3255.86
3255.86
18.18
18.18
2918.13
2918.13
3555.45
3555.45
3681.88
3681.88
3579.04
3579.04
3924.14
3924.14
17.47
17.47
1130.12
1130.12
3958.14
3958.14
4308.70
4308.70
3903.46
3903.46
3903.46
3903.46
2739.99
2739.99
2739.99
2739.99
2739.99
2739.99
3253.90
3253.90
3253.90
3253.90
3253.90
3253.90
2729.99
2729.99
2729.99
2729.99
2729.99
2729.99
2729.99
2729.99
3212.99
3212.99
4506.27
4506.27
2282.79
2282.79
4185.47
4185.47
3662.43
3662.43
4896.38
4896.38
3696.00
3696.00
2943.56
2943.56
3772.50
3772.50
4753.16
4753.16
4601.97
4601.97
3651.81
3651.81
3794.99
3794.99
4169.84
4169.84
763.13
763.13
2398.58
2398.58
3356.95
3356.95
2822.97
2822.97
2912.77
2912.77
4021.96
4021.96
2294.11
2294.11
3771.75
3771.75
721.50
721.50
2792.01
2792.01
748.38
748.38
2700.49
2700.49
2835.38
2835.38
3809.78
3809.78
3958.98
3958.98
701.30
701.30
2541.51
2541.51
2564.23
2564.23
950.00
950.00
3420.63
3420.63
1879.16
1879.16
2975.37
2975.37
1463.03
1463.03
3948.73
3948.73
2351.78
2351.78
3821.03
3821.03
3225.30
3225.30
3080.51
3080.51
2714.70
2714.70
2737.24
2737.24
839.37
839.37
4084.98
4084.98
2950.87
2950.87
2558.00
2558.00
3502.34
3502.34
1214.92
1214.92
3083.26
3083.26
4294.64
4294.64
3091.62
3091.62
2950.08
2950.08
2967.34
2967.34
2451.90
2451.90
3845.41
3845.41
3019.16
3019.16
3605.81
3605.81
2892.59
2892.59
4078.41
4078.41
3025.01
3025.01
2988.66
2988.66
3152.46
3152.46
1191.50
1191.50
653.72
653.72
2305.56
2305.56
2115.99
2115.99
10.00
10.00
3566.37
3566.37
2937.05
2937.05
87.93
87.93
87.93
87.93
281.08
281.08
281.08
281.08
281.08
281.08
281.08
240.06
240.06
240.06
240.06
240.06
240.06
240.06
240.06
240.06
240.06
240.06
240.06
240.06
240.06
613.15
1298.35
2113.03
3021.95
3204.97
3825.36
3821.84
3821.84
1122.76
1122.76
3089.47
3089.47
2559.13
2559.13
3024.86
3024.86
576.72
576.72
3442.89
3442.89
3135.62
3135.62
2563.25
2563.25
3696.69
3696.69
2468.50
2468.50
3384.02
3384.02
2852.42
2852.42
3100.45
3100.45
3294.56
3294.56
3102.13
3102.13
2877.20
2877.20
3711.36
3711.36
3278.10
3278.10
2340.87
2340.87
2466.87
2466.87
3669.40
3669.40
2854.36
2854.36
3342.90
3342.90
2721.93
2721.93
2784.39
2784.39
1445.37
1445.37
3751.94
3751.94
3145.63
3145.63
4205.02
4205.02
3090.34
3090.34
2670.13
2670.13
3177.05
3177.05
2853.84
2853.84
2737.07
2737.07
3070.45
3070.45
2892.69
2892.69
2943.70
2943.70
3235.84
3235.84
3558.47
3558.47
2776.09
2776.09
2769.66
2769.66
2769.66
2769.66
3531.74
3531.74
3139.81
3139.81
3460.98
3460.98
14.32
14.32
3485.78
3485.78
3016.12
3016.12
2904.73
2904.73
3167.11
3167.11
2732.97
2732.97
3234.75
3234.75
3722.51
3722.51
3649.45
3649.45
2488.93
2488.93
2488.93
2488.93
3860.01
3860.01
3657.48
3657.48
3575.52
3575.52
2312.70
2312.70
3632.35
3632.35
4057.51
4057.51
3295.68
3295.68
3479.94
3479.94
3072.18
3072.18
4064.73
4064.73
3256.01
3256.01
3571.29
3571.29
2919.76
2919.76
3601.14
3601.14
3159.58
3159.58
3316.26
3316.26
3605.47
3605.47
3057.34
3057.34
3592.64
3592.64
3525.60
3525.60
3801.88
3801.88
4112.22
4112.22
3391.22
3391.22
3391.22
3391.22
3266.68
3266.68
3358.05
3358.05
3297.70
3297.70
3701.81
3701.81
3663.63
3663.63
3663.63
3663.63
3663.63
3739.87
3739.87
4209.17
4209.17
3662.45
3662.45
4624.35
4624.35
4624.35
4624.35
3661.71
3661.71
2059.85
2059.85
3009.54
3009.54
3297.96
3297.96
285.25
285.25
2677.68
3698.30
3698.30
3698.30
2986.43
2986.43
3976.76
3976.76
3587.69
3587.69
3466.50
3466.50
3191.62
3191.62
3243.73
3243.73
2335.98
2335.98
2852.82
2852.82
3021.25
3021.25
3502.87
3502.87
3362.38
3362.38
2782.76
2782.76
3267.59
3267.59
2345.22
2345.22
3290.06
3290.06
2927.61
2927.61
3631.30
3631.30
3286.24
3286.24
3318.60
3318.60
3225.38
3225.38
3567.23
3567.23
808.98
808.98
3236.34
3236.34
3161.55
3161.55
2486.55
2486.55
2810.64
2810.64
3725.13
3725.13
2892.21
2892.21
2604.90
2604.90
3058.25
3058.25
2987.36
2987.36
3272.41
3272.41
3042.90
3042.90
937.44
937.44
3990.07
3990.07
2689.93
2689.93
3486.38
3486.38
3472.68
3472.68
468.35
468.35
3216.22
3216.22
2890.26
2890.26
3266.77
3266.77
3789.28
3789.28
898.03
898.03
2907.97
2907.97
2252.71
2252.71
961.72
961.72
14.77
14.77
4201.59
4201.59
2734.39
2734.39
3117.52
3117.52
783.69
783.69
3882.68
3882.68
982.59
982.59
3472.28
3472.28
3299.79
3299.79
3627.32
3627.32
4669.58
4669.58
3363.92
3363.92
3516.34
3516.34
3168.92
3168.92
3559.68
3559.68
18.86
18.86
3078.27
3078.27
1662.77
1662.77
3036.57
3036.57
3724.31
3724.31
3038.69
3038.69
3141.35
3141.35
1247.52
1247.52
3899.66
3899.66
3692.06
3692.06
3502.08
3502.08
3269.15
3269.15
2892.62
2892.62
13.62
13.62
3512.91
3512.91
3379.13
3379.13
4369.78
4369.78
964.27
964.27
3400.27
3400.27
3416.51
3416.51
3700.24
3700.24
3601.47
3601.47
2906.95
2906.95
3415.53
3415.53
3815.87
3815.87
3876.95
3876.95
3876.95
3876.95
2982.65
2982.65
3154.09
3154.09
4275.55
4275.55
4275.55
4275.55
4275.55
4275.55
3911.35
3911.35
3323.25
3323.25
3907.65
3907.65
3518.51
3518.51
3780.32
3780.32
3589.89
3589.89
3500.43
3500.43
3743.51
3743.51
3492.48
3492.48
3553.66
3553.66
3523.90
3523.90
3805.29
3805.29
3481.41
3481.41
2728.31
2728.31
3103.28
3103.28
3472.62
3472.62
3627.61
3627.61
3627.50
3627.50
3577.00
3577.00
2907.19
2907.19
3487.94
3487.94
4099.16
4099.16
3608.78
3608.78
3487.41
3487.41
2467.78
2467.78
3042.16
3042.16
3095.12
3095.12
3314.14
3314.14
3161.67
3161.67
4050.41
4050.41
3092.45
3092.45
3540.12
3540.12
3631.39
3631.39
3553.62
3553.62
3784.63
3784.63
3242.66
3242.66
3800.75
3800.75
833.66
833.66
2668.09
2668.09
3856.77
3856.77
3362.63
3362.63
3095.08
3095.08
3634.41
3634.41
3324.52
3324.52
3134.67
3134.67
3425.18
3425.18
3105.68
3105.68
3099.05
3099.05
3858.55
3858.55
3765.18
3765.18
3851.68
3851.68
3409.80
3409.80
3929.20
3929.20
3734.73
3734.73
3992.45
3992.45
3116.24
3116.24
3471.31
3471.31
1291.75
1291.75
454.75
454.75
1268.57
1268.57
2490.74
2490.74
2490.74
2490.74
2797.13
2797.13
25.25
25.25
3902.89
3902.89
569.42
569.42
3040.53
3040.53
856.10
856.10
2397.95
2397.95
2493.33
2493.33
3648.91
3648.91
3143.96
3143.96
2705.33
2705.33
2973.07
2973.07
3523.56
3523.56
3596.14
3596.14
3273.34
3273.34
3333.86
3333.86
3523.77
3523.77
3010.14
3010.14
3397.09
3397.09
3090.73
3090.73
3592.26
3592.26
3257.04
3257.04
3064.00
3064.00
837.17
837.17
3412.67
3412.67
4328.24
4328.24
3199.21
3199.21
3715.97
3715.97
1343.23
1343.23
53.04
53.04
3144.53
3144.53
320.88
320.88
3238.77
3238.77
3317.31
3317.31
3299.93
3299.93
4055.71
4055.71
3566.94
3566.94
3038.24
3038.24
647.38
647.38
2662.16
2662.16
3482.32
3482.32
3311.08
3311.08
3238.51
3238.51
3563.63
3563.63
2945.21
2945.21
28.48
28.48
3051.89
3051.89
3649.65
3649.65
3101.86
3101.86
10.00
10.00
3893.16
3893.16
3242.98
3242.98
3349.24
3349.24
3429.37
3429.37
3303.61
3303.61
3402.69
3402.69
3743.51
3743.51
11.69
11.69
1291.30
1291.30
3042.88
3042.88
2980.82
2980.82
3356.64
3356.64
4253.32
4253.32
2683.94
2683.94
3752.88
3752.88
3033.89
3033.89
4124.39
4124.39
3673.31
3673.31
557.78
557.78
3146.26
3146.26
3719.27
3719.27
3820.68
3820.68
1691.85
1691.85
3437.09
3437.09
3203.64
3203.64
1737.09
1737.09
2206.12
2206.12
1667.08
1667.08
762.56
762.56
2897.23
2897.23
3149.37
3149.37
3310.54
3310.54
2638.86
2638.86
784.92
784.92
3568.97
3568.97
3307.89
3307.89
3233.03
3233.03
3329.10
3329.10
39.49
39.49
3153.94
3153.94
799.83
799.83
3210.44
3210.44
1177.12
1177.12
3230.85
3230.85
2732.96
2732.96
2712.75
2712.75
3843.82
3843.82
3574.08
3574.08
2854.72
2854.72
3496.17
3496.17
3380.83
3380.83
3281.57
3281.57
3933.15
3933.15
3161.01
3161.01
3694.30
3694.30
3512.06
3512.06
3060.35
3060.35
3395.48
3395.48
2871.84
2871.84
3536.59
3536.59
3522.08
3522.08
3092.39
3092.39
3092.39
3092.39
3623.67
3623.67
3198.25
3198.25
3516.99
3516.99
3773.16
3773.16
3545.92
3545.92
3350.28
3350.28
3288.88
3288.88
3958.88
3958.88
3333.30
3333.30
3424.17
3424.17
3182.94
3182.94
3729.08
3729.08
3705.81
3705.81
3692.43
3692.43
3254.00
3254.00
3890.77
3890.77
3785.34
3785.34
3195.60
3195.60
3643.15
3643.15
3767.07
3767.07
4208.87
4208.87
3954.01
3954.01
3302.34
3302.34
3302.34
3302.34
3349.52
3349.52
3248.70
3248.70
3449.24
3449.24
3886.95
3886.95
4164.09
4164.09
4164.09
4164.09
4101.16
4101.16
4361.46
4361.46
3839.88
3839.88
4074.92
4074.92
3788.53
3788.53
3482.40
3482.40
658.62
658.62
3381.36
3381.36
3381.36
3381.36
3381.36
3381.36
3381.36
3381.36
3591.78
3591.78
3601.04
3601.04
3641.74
3641.74
3242.78
3242.78
3242.78
3242.78
3385.32
3385.32
3687.54
3687.54
3223.92
3223.92
2945.88
2945.88
3447.85
3447.85
3447.85
3447.85
3605.40
3605.40
3639.71
3639.71
3896.33
3896.33
3996.95
3996.95
3395.71
3395.71
3413.45
3413.45
3507.99
3507.99
3532.05
3532.05
3229.86
3229.86
3724.77
3724.77
3534.01
3534.01
3661.33
3661.33
3279.20
3279.20
3621.42
3621.42
3370.49
3370.49
3139.92
3139.92
4059.33
4059.33
3689.39
3689.39
3085.00
3085.00
454.63
454.63
3643.40
3643.40
3573.15
3573.15
3741.25
3741.25
3852.11
3852.11
3610.93
3610.93
3689.26
3689.26
3664.92
3664.92
1727.87
1727.87
832.60
832.60
3450.08
3450.08
3390.70
3390.70
3524.68
3524.68
2462.78
2462.78
3559.99
3559.99
3895.95
3895.95
3732.40
3732.40
3734.62
3734.62
3626.80
3626.80
3562.21
3562.21
4878.26
4878.26
4508.44
4508.44
3902.97
3902.97
1125.13
1125.13
3336.56
3336.56
3253.86
3253.86
3304.11
3304.11
3279.75
3279.75
3104.82
3104.82
3332.43
3332.43
3646.60
3646.60
227.01
227.01
3146.81
3146.81
935.63
935.63
3142.50
3142.50
1946.71
1946.71
19.38
19.38
2273.63
2273.63
3190.71
3190.71
2359.68
2359.68
2782.27
2782.27
3510.37
3510.37
3320.44
3320.44
3260.66
3260.66
3753.32
3753.32
3192.02
3192.02
2792.59
2792.59
3017.54
3017.54
3818.76
3818.76
3450.52
3450.52
3431.29
3431.29
866.40
866.40
3919.64
3919.64
3535.33
3535.33
2974.85
2974.85
3812.23
3812.23
3305.49
3305.49
3453.47
3453.47
2723.25
2723.25
3529.25
3529.25
3370.18
3370.18
2899.82
2899.82
3653.35
3653.35
3688.23
3688.23
2903.89
2903.89
2867.23
2867.23
2696.59
2696.59
932.28
932.28
2593.85
2593.85
3547.92
3547.92
3223.07
3223.07
3614.31
3614.31
3117.01
3117.01
2579.09
2579.09
3558.39
3558.39
2041.21
2041.21
2067.20
2067.20
3183.53
3183.53
4038.07
4038.07
3769.61
3769.61
3470.28
3470.28
3103.69
3103.69
3285.02
3285.02
3817.92
3817.92
3415.65
3415.65
3458.91
3458.91
3606.39
3606.39
3646.44
3646.44
3169.63
3169.63
3550.24
3550.24
2595.42
2595.42
3988.35
3988.35
3988.35
3988.35
3203.90
3203.90
2985.22
2985.22
3206.47
3206.47
3080.70
3080.70
3346.42
3346.42
3134.94
3134.94
3143.53
3143.53
3567.95
3567.95
894.11
894.11
3135.87
3135.87
3031.25
3031.25
2852.41
2852.41
3335.50
3335.50
3538.17
3538.17
3408.07
3408.07
3098.40
3098.40
2233.22
2233.22
2681.75
2681.75
3373.24
3373.24
1103.02
1103.02
2653.28
2653.28
2587.72
2587.72
2825.00
2825.00
3343.77
3343.77
3275.40
3275.40
3181.66
3181.66
2905.93
2905.93
2905.93
3079.89
3079.89
3543.35
3543.35
2944.91
2944.91
2719.64
2719.64
3289.36
3289.36
3055.39
3055.39
3408.59
3408.59
46.36
46.36
11.85
11.85
2562.21
2562.21
2845.52
2845.52
3009.20
3009.20
2773.48
2773.48
1046.78
1046.78
3069.46
3069.46
10.00
10.00
1892.21
1892.21
3086.62
3086.62
2609.35
2609.35
3505.78
3505.78
2946.93
2946.93
3382.66
3382.66
3249.23
3249.23
3176.15
3176.15
3403.75
3403.75
3284.40
3284.40
3370.57
3370.57
3025.37
3025.37
3962.30
3962.30
3790.88
3790.88
1536.79
1536.79
3319.89
3319.89
3171.85
3171.85
2823.67
2823.67
2491.27
2491.27
4029.17
4029.17
4021.78
4021.78
2866.83
2866.83
2952.68
2952.68
3534.10
3534.10
3301.79
3301.79
3219.40
3219.40
3582.36
3582.36
4990.60
4990.60
3257.85
3257.85
3018.33
3018.33
3131.71
3131.71
2927.56
2927.56
2891.48
2891.48
3032.39
3032.39
790.63
790.63
2982.23
2982.23
2993.86
2993.86
3304.23
3304.23
3367.57
3367.57
2932.86
2932.86
2998.66
2998.66
2677.54
2677.54
3183.20
3183.20
3028.97
3028.97
3894.92
3894.92
3410.52
3410.52
375.99
375.99
4131.48
4131.48
3491.19
3491.19
3186.63
3186.63
2892.16
2892.16
3090.37
3090.37
3463.64
3463.64
3715.24
3715.24
4014.61
4014.61
3143.09
3143.09
3617.48
3617.48
3438.94
3438.94
3781.58
3781.58
3271.57
3271.57
2970.89
2970.89
2976.69
2976.69
3547.42
3547.42
3826.18
3826.18
4002.87
4002.87
4197.68
4197.68
3719.90
3719.90
3628.95
3628.95
892.83
892.83
3709.53
3709.53
3584.28
3584.28
3582.68
3582.68
2961.93
2961.93
3201.77
3201.77
3607.34
3607.34
4192.55
4192.55
3072.22
3072.22
3953.90
3953.90
3311.46
3311.46
3444.43
3444.43
4290.19
4290.19
3901.11
3901.11
1832.47
1832.47
3817.19
3817.19
3709.66
3709.66
3709.66
3709.66
3927.35
3927.35
4540.79
4540.79
3595.76
3595.76
3425.15
3425.15
3194.24
3194.24
2950.45
2950.45
1078.71
1078.71
3305.08
3305.08
2752.32
2752.32
3602.58
3602.58
3602.58
3602.58
3499.76
3499.76
3139.74
3139.74
3329.80
3329.80
3415.74
3415.74
3535.75
3535.75
4201.29
4201.29
4020.24
4020.24
4533.64
4533.64
3488.32
3488.32
3432.60
3432.60
3896.78
3896.78
3263.61
3263.61
3370.09
3370.09
3602.70
3602.70
3215.88
3215.88
3215.88
3215.88
3215.88
3215.88
3358.45
3358.45
2762.05
2762.05
3075.11
3075.11
2725.45
2725.45
2832.57
2832.57
3769.52
3769.52
3929.79
3929.79
2856.83
2856.83
2856.83
2856.83
3772.71
3772.71
3240.58
3240.58
17.96
17.96
3183.60
3183.60
2575.79
2575.79
2710.42
2710.42
2568.98
2568.98
426.03
426.03
3085.19
3085.19
3275.90
3275.90
3166.54
3166.54
2825.94
2825.94
2973.20
2973.20
3486.76
3486.76
3626.06
3626.06
3330.65
3330.65
313.29
313.29
2876.24
2876.24
2787.16
2787.16
3483.60
3483.60
2944.13
2944.13
2981.39
2981.39
4388.43
4388.43
2689.58
2689.58
3055.95
3055.95
2723.72
2723.72
4041.66
4041.66
4426.13
4426.13
2669.99
2669.99
3388.65
3388.65
1138.78
1138.78
3311.87
3311.87
2950.76
2950.76
2910.65
2910.65
3021.49
3021.49
3313.81
3313.81
3123.34
3123.34
4007.92
4007.92
3757.41
3757.41
3192.83
3192.83
2965.13
2965.13
2900.43
2900.43
3238.55
3238.55
2781.32
2781.32
3461.85
3461.85
3236.92
3236.92
3342.61
3342.61
3465.45
3465.45
3550.59
3550.59
3368.90
3368.90
3109.23
3109.23
2904.34
2904.34
3560.89
3560.89
3103.94
3103.94
3268.24
3268.24
850.39
850.39
2942.92
2942.92
3841.82
3841.82
3126.40
3126.40
3182.10
3182.10
3286.78
3286.78
3719.82
3719.82
2911.37
2911.37
2765.90
2765.90
3254.55
3254.55
3223.60
3223.60
2743.81
2743.81
3170.68
3170.68
3089.18
3089.18
3403.09
3403.09
2790.26
2790.26
3340.53
3340.53
3519.64
3519.64
3468.52
3468.52
840.86
840.86
2380.11
2380.11
3049.78
3049.78
3491.99
3491.99
3013.58
3013.58
3151.83
3151.83
3251.94
3251.94
4089.39
4089.39
3527.54
3527.54
3070.85
3070.85
3708.93
3708.93
2848.12
2848.12
3083.86
3083.86
3166.76
3166.76
3513.29
3513.29
3227.88
3227.88
2999.52
2999.52
2937.72
2937.72
3115.31
3115.31
11.96
11.96
3101.64
3101.64
3218.61
3218.61
3174.57
3174.57
3268.40
3268.40
3164.14
3164.14
2528.48
2528.48
269.02
269.02
2977.86
2977.86
3208.67
3208.67
3311.67
3311.67
3101.31
3101.31
2819.03
2819.03
3708.58
3708.58
4158.41
4158.41
3896.51
3896.51
3803.19
3803.19
3028.24
3028.24
3130.65
3130.65
3094.63
3094.63
2986.50
2986.50
2934.22
2934.22
3237.57
3237.57
2700.66
2700.66
3725.85
3725.85
2738.14
2738.14
2915.91
2915.91
2891.98
2891.98
3826.78
3826.78
3175.89
3175.89
3386.43
3386.43
3082.33
3082.33
3270.39
3270.39
3950.20
3950.20
3707.56
3707.56
3153.65
3153.65
3312.15
3312.15
3177.76
3177.76
3902.15
3902.15
647.64
647.64
3334.64
3334.64
4088.62
4088.62
2478.45
2478.45
2749.20
2749.20
3361.73
3361.73
3160.61
3160.61
1280.83
1280.83
3277.72
3277.72
2668.00
2668.00
3227.80
3227.80
2841.46
2841.46
3760.24
3760.24
3124.11
3124.11
1686.06
1686.06
3616.30
3616.30
2911.85
2911.85
3176.14
3176.14
3450.51
3450.51
3525.07
3525.07
3335.57
3335.57
3080.30
3080.30
2826.08
2826.08
3137.80
3137.80
3264.75
3264.75
3030.48
3030.48
2603.56
2603.56
2882.55
2882.55
2733.81
2733.81
2610.26
2610.26
3558.44
3558.44
3022.54
3022.54
3045.74
3045.74
3641.49
3641.49
3138.04
3138.04
3048.12
3048.12
4345.02
4345.02
4422.60
4422.60
3841.70
3841.70
2580.47
2580.47
2724.82
2724.82
2701.80
2701.80
4124.69
4124.69
1550.33
1550.33
3260.27
3260.27
3201.55
3201.55
3142.58
3142.58
2759.25
2759.25
3056.13
3056.13
3870.23
3870.23
3344.11
3344.11
3397.35
3397.35
3255.61
3255.61
3149.73
3149.73
4445.66
4445.66
810.55
810.55
13.13
13.13
3296.33
3296.33
3056.89
3056.89
3088.26
3088.26
2637.41
2637.41
3267.63
3267.63
593.84
593.84
2814.76
2814.76
3037.27
3037.27
2034.47
2034.47
3257.60
3257.60
2272.57
2272.57
3334.70
3334.70
3357.85
3357.85
2541.34
2541.34
3373.84
3373.84
1639.23
1639.23
3473.12
3473.12
3964.30
3964.30
2913.99
2913.99
2999.44
2999.44
3219.62
3219.62
3378.94
3378.94
374.97
374.97
3351.59
3351.59
893.94
893.94
2915.38
2915.38
3273.81
3273.81
1173.41
1173.41
3212.88
3212.88
2995.62
2995.62
86.52
86.52
3572.67
3572.67
3338.77
3338.77
3316.45
3316.45
4211.52
4211.52
3470.23
3470.23
827.41
827.41
4335.99
4335.99
1273.48
1273.48
262.16
262.16
3320.54
3320.54
3147.67
3147.67
3226.70
3226.70
2143.36
2143.36
3088.86
3088.86
3790.05
3790.05
3577.60
3577.60
3915.69
3915.69
804.48
804.48
3239.12
3239.12
3756.82
3756.82
3846.60
3846.60
3183.04
3183.04
2997.66
2997.66
2962.67
2962.67
3111.24
3111.24
18.98
18.98
3490.60
3490.60
2914.81
2914.81
2913.44
2913.44
3496.15
3496.15
4335.43
4335.43
3442.95
3442.95
1406.92
1406.92
3388.07
3388.07
3033.15
3033.15
3349.69
3349.69
3455.39
3455.39
3793.87
3793.87
3645.51
3645.51
3876.20
3876.20
3735.88
3735.88
3529.20
3529.20
3839.39
3839.39
2959.76
2959.76
3397.66
3397.66
3469.16
3469.16
4175.00
4175.00
3378.14
3378.14
3792.21
3792.21
3259.04
3259.04
2291.18
2291.18
3725.66
3725.66
3224.40
3224.40
3084.86
3084.86
3207.68
3207.68
2708.27
2708.27
3790.09
3790.09
1128.61
1128.61
1529.08
1529.08
3395.63
3395.63
3783.99
3783.99
3389.30
3389.30
3629.76
3629.76
3235.93
3235.93
2853.27
2853.27
3946.34
3946.34
3620.03
3620.03
2966.09
2966.09
3638.76
3638.76
3066.01
3066.01
3219.39
3219.39
2743.88
2743.88
3873.81
3873.81
1494.93
1494.93
3913.22
3913.22
3910.93
3910.93
3211.45
3211.45
1107.56
1107.56
3469.32
3469.32
4042.98
4042.98
4042.98
4042.98
4042.98
4042.98
780.59
780.59
2378.72
2378.72
3520.39
3520.39
3262.65
3262.65
4144.45
4144.45
3727.04
3727.04
4075.77
4075.77
3327.03
3327.03
3665.46
3665.46
2548.93
2548.93
1584.39
1584.39
3004.80
3004.80
3662.66
3662.66
3207.01
3207.01
3678.82
3678.82
3678.82
3678.82
2985.64
2985.64
3297.20
3297.20
3822.82
3822.82
3322.90
3322.90
3659.73
3659.73
3672.85
3672.85
3672.85
3672.85
3205.71
3205.71
3210.89
3210.89
23.25
23.25
3589.14
3589.14
3361.25
3361.25
3424.65
3424.65
3266.03
3266.03
2983.06
2983.06
2953.64
2953.64
1504.16
1504.16
4002.12
4002.12
3513.85
3513.85
4035.54
4035.54
3229.12
3229.12
3015.13
3015.13
3041.24
3041.24
2569.06
2569.06
3790.47
3790.47
3319.20
3319.20
2877.46
2877.46
2714.05
2714.05
3627.60
3627.60
3641.66
3641.66
2719.56
2719.56
3417.35
3417.35
2851.11
2851.11
3511.41
3511.41
2925.45
2925.45
785.47
785.47
27.56
27.56
3065.25
3065.25
3092.32
3092.32
2897.74
2897.74
3441.20
3441.20
2920.49
2920.49
3319.28
3319.28
3319.28
3850.26
3850.26
1660.30
1660.30
772.75
772.75
3405.61
3405.61
3278.28
3278.28
3287.56
3287.56
19.73
19.73
3985.78
3985.78
3431.34
3431.34
3212.67
2797.93
2797.93
2797.93
3645.59
3645.59
2853.15
2853.15
112.30
112.30
2706.09
2706.09
3410.63
3410.63
2571.20
2571.20
4019.17
4019.17
3192.29
3192.29
2754.34
2754.34
2933.11
2933.11
3496.55
2896.88
2896.88
2896.88
3833.96
3833.96
3263.81
3263.81
853.84
853.84
2849.75
2849.75
1030.34
1030.34
2798.60
2798.60
4136.51
4136.51
2753.80
2753.80
2686.02
2686.02
3434.56
3434.56
2809.12
3376.14
3376.14
3376.14
3703.23
3703.23
4412.89
4412.89
3196.39
3196.39
4802.26
4802.26
3317.22
3317.22
3461.31
3461.31
2887.97
2887.97
3083.12
3083.12
3488.13
3488.13
3477.86
3477.86
2002.57
2567.82
2567.82
2567.82
2963.94
2963.94
3314.19
3314.19
4334.83
4334.83
12.27
12.27
3661.68
3661.68
3185.00
3185.00
2876.08
2876.08
3222.60
3222.60
1816.01
1816.01
3468.96
3468.96
3455.21
3455.21
554.69
554.69
1714.04
1714.04
3356.99
3356.99
994.05
994.05
607.82
607.82
3253.93
3253.93
2555.43
2555.43
2737.95
2737.95
3327.04
3327.04
3166.99
3166.99
3129.77
3129.77
2966.20
2966.20
3436.34
3436.34
4319.17
4319.17
3611.20
3611.20
2900.87
2900.87
3831.26
3831.26
3379.48
3379.48
3486.08
3486.08
3206.30
3206.30
3617.66
3617.66
4005.64
4005.64
3545.39
3545.39
3650.94
3650.94
3971.76
3971.76
3918.90
3918.90
4282.37
4282.37
3921.19
3921.19
3921.19
3921.19
3921.19
3921.19
3921.19
3921.19
3639.33
3639.33
3404.99
3404.99
3724.34
3724.34
3555.27
3555.27
3264.12
3264.12
3068.09
3068.09
2970.30
2970.30
3820.39
3820.39
3488.72
3488.72
3784.25
3784.25
2976.91
2976.91
3025.68
3025.68
3714.41
3714.41
2502.95
2502.95
2502.95
2502.95
3972.59
3972.59
3966.50
3966.50
3327.28
3327.28
3594.39
3594.39
3953.99
3953.99
2981.36
2981.36
3547.53
3547.53
3706.41
3706.41
3181.04
3181.04
3081.86
3081.86
3601.57
3601.57
3246.72
3246.72
1883.10
1883.10
2874.49
2874.49
3296.92
3296.92
3863.32
3863.32
3233.24
3233.24
3823.16
3823.16
2398.28
2398.28
3875.31
3875.31
3004.35
3004.35
3135.01
3135.01
4038.57
4038.57
3618.49
3618.49
2919.17
2919.17
3032.25
3032.25
3262.14
3262.14
3628.49
3628.49
675.47
675.47
3191.32
3191.32
3191.32
3191.32
3191.32
3191.32
3191.32
3191.32
3191.32
3191.32
3714.17
3714.17
3170.87
3170.87
3301.67
3301.67
3333.25
3333.25
4483.01
4483.01
100.26
100.26
3146.09
3146.09
3420.04
3420.04
3794.98
3794.98
3358.30
3358.30
3536.25
3536.25
3417.91
3417.91
702.13
702.13
3521.97
3521.97
3029.17
3029.17
2820.74
2820.74
3386.20
3386.20
3013.62
3013.62
3403.45
3403.45
3864.31
3864.31
3579.24
3579.24
55.30
55.30
3500.02
3500.02
10.00
10.00
3168.87
3168.87
3545.68
3545.68
1192.64
1192.64
3208.31
3208.31
3736.17
3736.17
3447.73
3447.73
1308.93
1308.93
3653.60
3653.60
963.85
963.85
3422.48
3422.48
3895.30
3895.30
563.96
563.96
3532.86
3532.86
1014.27
1014.27
3781.34
3781.34
4000.10
4000.10
2826.77
2826.77
3792.52
3792.52
3725.10
3725.10
3181.35
3181.35
3705.24
3705.24
1707.45
1707.45
3512.79
3512.79
3880.93
3880.93
4543.15
4543.15
2861.89
2861.89
2376.39
2376.39
4093.15
4093.15
2043.58
2043.58
2564.48
2564.48
2962.57
2962.57
3422.88
3422.88
3145.02
3145.02
2814.10
2814.10
3113.91
3113.91
4089.18
4089.18
11.66
11.66
3655.37
3655.37
3258.88
3258.88
3482.01
3482.01
3237.23
3237.23
3945.48
3945.48
951.00
951.00
3759.46
3759.46
2981.44
2981.44
3583.92
3583.92
1704.47
1704.47
3189.27
3189.27
3232.98
3232.98
3098.22
3098.22
2889.14
2889.14
3252.45
3252.45
3499.60
3499.60
4224.60
4224.60
3103.67
3103.67
1480.52
1480.52
2973.06
2973.06
2907.94
2907.94
533.61
533.61
3423.14
3423.14
3579.07
3579.07
3298.68
3298.68
3382.17
3382.17
3426.65
3426.65
3140.76
3140.76
3403.98
3403.98
2708.80
2708.80
3036.89
3036.89
3324.92
3324.92
2615.88
2615.88
3433.44
3433.44
2898.63
2898.63
3301.31
3301.31
3466.65
3466.65
3940.83
3940.83
3364.81
3364.81
1637.31
1637.31
3384.17
3384.17
3517.49
3517.49
2936.74
2936.74
3440.40
3440.40
3397.51
3397.51
3354.54
3354.54
2567.25
2567.25
2544.22
2544.22
19.20
19.20
3800.39
3800.39
3373.96
3373.96
3450.21
3450.21
3094.35
3094.35
3614.31
3614.31
3385.78
3385.78
2915.20
2915.20
3203.02
3203.02
2564.02
2564.02
3776.61
3776.61
2997.50
2997.50
2613.87
2613.87
3904.87
3904.87
2695.64
2695.64
3584.64
3584.64
3094.96
3094.96
4008.56
4008.56
3131.69
3131.69
3663.12
3663.12
2956.30
2956.30
3009.90
3009.90
798.85
798.85
3062.09
3062.09
3037.60
3037.60
2945.04
2945.04
3919.66
3919.66
3438.30
3438.30
3421.53
3421.53
2431.76
2431.76
4196.89
4196.89
2987.97
2987.97
3589.64
3589.64
3311.93
3311.93
3104.83
3104.83
3209.96
3209.96
3841.44
3841.44
1072.81
1072.81
3129.90
3129.90
26.24
26.24
3335.29
3335.29
3029.88
3029.88
3286.97
3286.97
3082.35
3082.35
3811.95
3811.95
3572.93
3572.93
3641.09
3641.09
2970.74
2970.74
2883.00
2883.00
2753.60
2753.60
1072.29
1072.29
3496.74
3496.74
3122.04
3122.04
4442.98
4442.98
3075.46
3075.46
3237.45
3237.45
3558.07
3558.07
1190.36
1190.36
3356.95
3356.95
2953.48
2953.48
3380.55
3380.55
393.29
393.29
2960.65
2960.65
2697.70
2697.70
3789.24
3789.24
2849.09
2849.09
3044.24
3044.24
3190.93
3190.93
3116.28
3116.28
1944.65
1944.65
2000.84
2000.84
2723.28
2723.28
2739.82
2739.82
1781.16
1781.16
3294.22
3294.22
764.72
764.72
2863.58
2863.58
3147.93
3147.93
3166.28
3166.28
2884.22
2884.22
3837.24
3837.24
3198.91
3198.91
2946.68
2946.68
3413.96
3413.96
2311.39
2311.39
4507.94
4507.94
2784.74
2784.74
3383.20
3383.20
3068.31
3068.31
2797.00
2797.00
2460.85
2460.85
3280.05
3280.05
1004.29
1004.29
3325.30
3325.30
3178.36
3178.36
2853.19
2853.19
3164.42
3164.42
2720.53
2720.53
3229.60
3229.60
2703.56
2703.56
1414.14
1414.14
3166.40
3166.40
4143.20
4143.20
2982.84
2982.84
2788.21
2788.21
3895.23
3895.23
4941.31
4941.31
2793.19
2793.19
4339.88
4339.88
4161.16
4161.16
2847.31
2847.31
3852.72
3852.72
3597.71
3597.71
1031.51
1031.51
1056.56
1056.56
779.34
779.34
1952.69
1952.69
23.64
23.64
759.66
759.66
3203.80
3203.80
771.76
771.76
3346.97
3346.97
3580.34
3580.34
801.58
801.58
3923.65
3923.65
2668.20
2668.20
3337.11
3337.11
3418.61
3418.61
3909.03
3909.03
2195.79
2195.79
2716.88
2716.88
2501.58
2501.58
3018.09
3018.09
2861.85
2861.85
3054.84
3054.84
3923.12
3923.12
3084.49
3084.49
2898.00
2898.00
2731.25
2731.25
1253.94
1253.94
3124.53
3124.53
3410.18
3410.18
1469.95
1469.95
1435.96
1435.96
3463.77
3463.77
3274.29
3274.29
2840.38
2840.38
2984.39
2984.39
2988.94
2988.94
2691.61
2691.61
3283.54
3283.54
3132.12
3132.12
3730.03
3730.03
213.48
213.48
2793.91
2793.91
3678.46
3678.46
2976.61
2976.61
101.07
101.07
19.99
19.99
2972.08
2972.08
202.29
202.29
2879.71
2879.71
2641.11
2641.11
776.01
776.01
2807.62
2807.62
3937.64
3937.64
3679.35
3679.35
3304.23
3304.23
4235.60
4235.60
2843.33
2843.33
3790.63
3790.63
4113.83
4113.83
3279.52
3279.52
3011.97
3011.97
3431.62
3431.62
3633.29
3633.29
3427.49
3427.49
2368.09
2368.09
2336.17
2336.17
2775.47
2775.47
3423.55
3423.55
3301.19
3301.19
4270.24
4270.24
2964.10
2964.10
2602.52
2602.52
3145.56
3145.56
3726.25
3726.25
3628.53
3628.53
4155.02
4155.02
4439.90
4439.90
2989.34
2989.34
2617.83
2617.83
3731.44
3731.44
3735.45
3735.45
3043.79
3043.79
3397.13
3397.13
3402.81
3402.81
2840.11
2840.11
3380.88
3380.88
2901.36
2901.36
3634.96
3634.96
3313.12
3313.12
26.74
26.74
2575.26
2575.26
3095.04
3095.04
2832.47
2832.47
2849.62
2849.62
3702.22
3702.22
3298.76
3298.76
2816.69
2816.69
2952.05
2952.05
3139.39
3139.39
4285.88
4285.88
4407.12
4407.12
802.69
802.69
2339.25
2339.25
2677.99
2677.99
1495.64
1495.64
2809.25
2809.25
3402.86
3402.86
2534.85
2534.85
4079.66
4079.66
2790.86
2790.86
3238.38
3238.38
547.35
547.35
2811.50
2811.50
3192.69
3192.69
3269.81
3269.81
3423.15
3423.15
2973.14
2973.14
2984.75
2984.75
3216.21
3216.21
2451.36
2451.36
2676.64
2676.64
3914.25
3914.25
3458.63
3458.63
3627.01
3627.01
2829.37
2829.37
2507.71
2507.71
3360.29
3360.29
2585.67
2585.67
3264.59
3264.59
3264.14
3264.14
391.37
391.37
233.94
233.94
2825.28
2825.28
2444.10
2444.10
2883.94
2883.94
3020.95
3020.95
3806.86
3806.86
3042.91
3042.91
2858.64
2858.64
3294.08
3294.08
3294.08
2373.97
2373.97
2292.35
2292.35
2712.62
2712.62
2915.66
2915.66
2823.26
2823.26
87.91
87.91
3113.68
3113.68
2828.08
2828.08
3259.43
3259.43
2757.18
2757.18
20.70
20.70
3049.38
3049.38
3427.18
3427.18
2961.10
2961.10
2648.49
2648.49
3858.17
3858.17
3694.57
3694.57
2758.38
2758.38
3384.74
3384.74
3475.31
3475.31
4054.30
4054.30
4054.30
4054.30
4054.30
4054.30
4054.30
4054.30
3822.43
3822.43
3668.97
3668.97
3668.97
3668.97
3173.45
3173.45
3809.84
3809.84
3747.74
3747.74
3660.80
3660.80
3294.70
3294.70
3307.96
3307.96
3869.55
3869.55
2015.58
2015.58
3990.58
3990.58
3994.58
3994.58
3536.40
3536.40
4043.29
4043.29
3371.12
3371.12
3140.86
3140.86
2685.25
2685.25
3149.57
3149.57
2719.36
2719.36
3425.03
3425.03
3173.45
3173.45
3523.31
3523.31
3647.48
3647.48
3431.88
3431.88
3503.72
3503.72
2883.09
2883.09
3412.23
3412.23
3436.93
3436.93
2882.03
2882.03
2882.03
2882.03
2882.03
2882.03
2862.12
2862.12
3653.11
3653.11
3198.02
3198.02
3383.51
3383.51
3748.98
3748.98
3027.57
3027.57
3081.15
3081.15
3301.54
3301.54
3337.46
3337.46
3269.49
3269.49
3304.93
3304.93
3304.93
3304.93
3304.93
3304.93
3304.93
3304.93
3450.61
3450.61
3655.40
3655.40
3491.30
3491.30
2796.04
2796.04
2796.04
2796.04
603.51
603.51
819.70
819.70
1935.67
1935.67
738.09
738.09
3453.04
3453.04
3106.14
3106.14
119.53
119.53
2930.16
2930.16
2795.19
2795.19
2758.09
2758.09
1009.23
1009.23
3717.10
3717.10
3568.83
3568.83
3568.83
3568.83
2943.41
2943.41
3174.19
3174.19
3144.07
3144.07
33.39
33.39
2968.37
2968.37
1174.75
1174.75
2506.95
2506.95
3112.30
3112.30
2911.04
2911.04
1555.03
1555.03
3633.85
3633.85
3226.45
3226.45
3453.49
3453.49
1761.27
1761.27
3514.68
3514.68
907.50
907.50
3219.39
3219.39
3579.78
3579.78
2842.96
2842.96
3392.46
3392.46
2125.10
2125.10
2567.51
2567.51
3248.04
3248.04
2342.28
2342.28
3391.26
3391.26
2558.72
2558.72
3646.82
3646.82
3833.94
3833.94
751.80
751.80
3480.33
3480.33
3883.52
3883.52
3241.64
3241.64
3250.72
3250.72
3331.59
3331.59
3955.38
3955.38
3730.92
3730.92
1756.21
1756.21
1073.16
1073.16
3427.26
3427.26
2895.65
2895.65
3333.41
3333.41
2964.83
2964.83
2518.82
2518.82
3467.64
3467.64
2995.86
2995.86
3657.29
3657.29
2915.90
2915.90
3164.12
3164.12
4217.64
4217.64
2735.00
2735.00
1972.38
1972.38
2220.36
2220.36
3153.54
3153.54
2706.31
2706.31
3137.61
3137.61
2557.11
2557.11
3623.61
3623.61
738.25
738.25
3788.53
3788.53
2848.77
2848.77
2848.77
2848.77
2848.77
2848.77
2848.77
2848.77
2848.77
2848.77
770.11
770.11
1279.71
1279.71
1539.01
1539.01
1539.01
1539.01
1539.01
1539.01
1539.01
1539.01
3496.33
3496.33
3155.96
3155.96
2915.33
2915.33
1386.31
1386.31
1356.90
1356.90
1572.75
1572.75
3645.08
3645.08
3168.97
3168.97
2836.06
2836.06
3168.85
3168.85
3340.03
3340.03
3067.38
3067.38
2631.85
2631.85
2951.41
2951.41
3074.44
3074.44
3323.54
3323.54
2916.86
2916.86
2170.71
2170.71
3650.63
3650.63
2596.77
2596.77
3080.69
3080.69
2496.18
2496.18
2755.98
2755.98
3020.48
3020.48
3182.48
3182.48
3281.96
3281.96
3338.89
3338.89
3548.47
3548.47
3624.97
3624.97
2595.31
2595.31
1894.19
1894.19
3534.16
3534.16
3111.96
3111.96
2903.96
2903.96
3235.82
3235.82
2842.51
2842.51
2588.80
2588.80
3553.53
3553.53
2943.16
2943.16
4048.60
4048.60
3439.49
3439.49
3564.19
3564.19
2855.55
2855.55
2776.61
2776.61
3064.30
3064.30
3541.14
3541.14
3154.62
3154.62
2700.60
2700.60
2300.78
2300.78
3971.61
3971.61
2817.11
2817.11
3037.97
3037.97
3474.01
3474.01
2801.39
2801.39
3039.99
3039.99
3052.88
3052.88
3374.38
3374.38
3783.54
3783.54
3783.54
3783.54
3302.46
3302.46
3103.99
3103.99
2243.47
2243.47
3979.26
3979.26
3623.58
3623.58
2989.66
2989.66
3760.29
3760.29
3760.29
3760.29
3760.29
3760.29
725.88
725.88
26.04
26.04
3252.92
3252.92
2698.55
2698.55
2984.93
2984.93
3162.79
3162.79
2796.06
2796.06
1263.46
1263.46
3180.23
3180.23
2842.13
2842.13
3213.22
3213.22
3471.78
3471.78
3011.35
3011.35
3011.35
3011.35
3011.35
3011.35
2791.10
2791.10
2943.67
2943.67
3054.64
3054.64
3006.63
3006.63
2596.27
2596.27
2804.40
2804.40
3558.96
3558.96
2768.78
2768.78
3259.63
3259.63
3563.14
3563.14
3013.49
3013.49
2828.17
2828.17
2830.00
2830.00
2557.35
2557.35
2388.71
2388.71
3575.25
3575.25
3555.94
3555.94
3323.77
3323.77
494.69
494.69
3741.48
3741.48
3113.76
3113.76
2970.27
2970.27
2612.07
2612.07
2647.36
2647.36
2450.65
2450.65
10.59
10.59
3068.95
3068.95
3207.95
3207.95
3112.52
3112.52
2797.09
2797.09
3702.08
3702.08
3036.88
3036.88
2801.63
2801.63
3357.14
3357.14
3712.55
3712.55
1340.69
1340.69
835.19
835.19
3302.97
3302.97
3778.05
3778.05
3367.93
3367.93
2973.09
2973.09
2765.15
2765.15
2989.35
2989.35
3001.73
3001.73
4195.11
4195.11
3386.61
3386.61
3566.65
3566.65
3466.56
3466.56
2725.21
2725.21
3333.72
3333.72
28.92
28.92
3640.86
3640.86
3604.48
3604.48
32.32
32.32
2250.20
2250.20
3814.51
3814.51
3775.07
3775.07
3770.95
3770.95
3648.75
3648.75
3648.75
3648.75
3648.75
3648.75
3680.61
3680.61
3312.49
3312.49
3827.15
3827.15
3999.43
3999.43
3021.12
3021.12
3770.95
3770.95
4362.82
4362.82
3681.58
3681.58
3586.83
3586.83
3434.71
3434.71
2674.60
2674.60
3868.16
3868.16
3640.50
3640.50
3492.72
3492.72
3602.89
3602.89
4225.99
4225.99
3449.51
3449.51
3459.18
3459.18
3476.99
3476.99
2824.18
2824.18
3330.89
3330.89
3330.89
3330.89
3028.18
3028.18
3395.62
3395.62
3035.95
3035.95
3638.44
3638.44
3467.47
3467.47
3925.30
3925.30
2604.75
2604.75
2604.75
2604.75
2604.75
2604.75
2604.75
2604.75
2656.57
2656.57
2751.33
2751.33
2755.34
2755.34
3297.11
3297.11
3137.05
3137.05
3104.18
3104.18
3559.65
3559.65
3144.91
3144.91
3982.90
3982.90
2669.25
2669.25
2766.54
2766.54
3600.60
3600.60
3561.91
3561.91
3561.91
3561.91
3561.91
3561.91
3561.91
3561.91
3423.51
3423.51
4000.08
4000.08
4000.08
4000.08
4000.08
4000.08
4000.08
4000.08
2286.85
2286.85
2500.77
2500.77
155.41
155.41
3321.72
3321.72
4127.16
4127.16
2812.05
2812.05
4416.74
4416.74
3248.89
3248.89
3282.05
3282.05
2866.05
2866.05
2749.19
2749.19
3601.42
3601.42
4134.98
4134.98
2981.77
2981.77
3580.54
3580.54
4147.60
4147.60
3989.01
3989.01
3294.95
3294.95
683.05
683.05
3643.01
3643.01
3013.17
3013.17
3557.80
3557.80
3172.08
3172.08
4144.53
4144.53
3719.30
3719.30
33.39
33.39
3190.05
3190.05
4213.00
4213.00
3235.99
3235.99
3235.99
3235.99
3235.99
3235.99
3235.99
3235.99
3235.99
3235.99
3235.99
3235.99
3235.99
3235.99
3235.99
3235.99
3329.32
3329.32
3485.67
3485.67
2970.27
2970.27
3788.82
3788.82
4129.80
4129.80
3444.50
3444.50
1869.13
1869.13
3842.13
3842.13
523.42
523.42
3541.55
3541.55
3458.28
3458.28
3335.30
3335.30
36.92
36.92
3906.87
3906.87
3399.08
3399.08
3862.76
3862.76
3851.18
3851.18
3366.56
3366.56
4171.81
4171.81
5193.95
5193.95
3466.02
3466.02
2795.48
2795.48
3282.95
3282.95
2465.42
2465.42
3823.41
3823.41
4293.09
4293.09
3414.97
3414.97
4328.66
4328.66
4130.07
4130.07
4014.92
4014.92
3771.02
3771.02
2803.15
2803.15
2425.73
2425.73
3369.94
3369.94
3483.82
3483.82
3259.77
3259.77
3454.44
3454.44
3247.81
3247.81
3455.61
3455.61
2976.98
2976.98
3080.92
3080.92
2809.65
2809.65
2430.61
2430.61
3042.77
3042.77
784.80
784.80
3611.17
3611.17
3672.89
3672.89
3363.45
3363.45
2852.28
2852.28
3334.84
3334.84
3556.81
3556.81
3231.64
3231.64
3319.89
3319.89
3502.87
3502.87
3560.20
3560.20
3343.51
3343.51
3268.75
3268.75
2491.17
2491.17
3228.96
3228.96
3128.38
3128.38
2392.32
2392.32
3581.68
3581.68
3435.01
3435.01
3732.39
3732.39
2887.02
2887.02
2581.69
2581.69
3165.21
3165.21
3493.25
3493.25
3552.70
3552.70
3028.58
3028.58
3535.81
3535.81
4107.13
4107.13
1686.62
1686.62
1186.81
1186.81
3206.59
3206.59
13.28
13.28
4372.70
4372.70
3455.19
3455.19
3533.02
3533.02
3108.02
3108.02
3596.22
3596.22
3321.85
3321.85
3255.86
3255.86
3311.87
3311.87
4595.00
4595.00
18.54
18.54
3028.77
3028.77
11.76
11.76
5187.53
5187.53
3602.86
3602.86
1175.89
1175.89
3993.32
3993.32
551.59
551.59
3453.11
3453.11
3121.68
3121.68
3069.96
3069.96
3201.33
3201.33
3830.85
3830.85
3345.85
3345.85
17.83
17.83
4056.49
4056.49
3207.06
3207.06
575.98
575.98
295.64
295.64
2487.45
2487.45
2693.29
2693.29
2498.65
2498.65
3080.06
3080.06
3080.06
3597.12
3597.12
2624.99
2624.99
4207.99
4207.99
2521.26
2521.26
3813.19
742.94
742.94
742.94
2708.49
2708.49
2877.22
2877.22
2607.20
2607.20
3221.76
3221.76
3732.07
3732.07
828.74
828.74
3534.19
3534.19
3314.02
3314.02
2449.39
2449.39
266.13
266.13
3833.91
3794.76
3794.76
3794.76
2513.77
2513.77
3022.39
3022.39
770.96
770.96
2562.36
2562.36
3826.71
3826.71
2142.62
2142.62
1400.26
1400.26
3147.82
3147.82
3460.66
3460.66
766.37
766.37
2686.56
3806.77
3806.77
3806.77
2791.87
2791.87
4239.54
4239.54
2379.73
2379.73
2621.04
2621.04
2696.77
2696.77
2530.21
2530.21
2834.90
2834.90
3095.42
3095.42
2840.39
2840.39
18.13
18.13
4015.47
4117.52
4117.52
4117.52
4364.62
4364.62
2463.80
2463.80
3458.44
3458.44
3248.29
3248.29
694.49
694.49
3669.33
3669.33
2682.97
2682.97
3350.35
3350.35
15.70
15.70
409.32
409.32
3466.62
3466.62
2771.47
2771.47
3348.39
3348.39
2959.77
2959.77
3737.20
3737.20
3370.71
3370.71
3454.81
3454.81
1936.94
1936.94
3258.54
3258.54
3634.93
3634.93
2125.78
2125.78
3007.97
3007.97
3360.82
3360.82
2141.62
2141.62
3545.85
3545.85
2720.97
2720.97
3356.34
3356.34
3350.18
3350.18
3535.29
3535.29
3405.38
3405.38
3093.11
3093.11
3058.22
3058.22
2988.16
2988.16
3308.89
3308.89
3934.15
3934.15
1332.34
1332.34
3756.89
3756.89
3206.65
3206.65
3127.61
3127.61
3122.50
3122.50
1945.46
1945.46
3416.10
3416.10
3292.39
3292.39
3316.15
3316.15
3693.52
3693.52
3847.59
3847.59
3476.19
3476.19
3168.55
3168.55
457.52
457.52
1683.69
1683.69
3548.19
3548.19
3361.66
3361.66
4248.70
4248.70
2417.29
2417.29
3147.51
3147.51
3217.15
3217.15
2850.99
2850.99
2801.74
2801.74
2819.39
2819.39
3706.83
3706.83
1889.55
1889.55
3246.57
3246.57
18.48
18.48
3585.23
3585.23
3489.56
3489.56
2820.52
2820.52
11.41
11.41
2834.44
2834.44
3774.91
3774.91
3064.10
3064.10
3451.22
3451.22
2853.54
2853.54
3382.54
3382.54
3851.08
3851.08
3057.43
3057.43
3192.30
3192.30
2956.83
2956.83
2964.38
2964.38
2964.38
2964.38
2647.48
2647.48
3395.28
3395.28
3668.34
3668.34
3579.37
3579.37
3370.10
3370.10
3015.60
3015.60
4087.42
4087.42
3593.10
3593.10
3765.33
3765.33
3182.52
3182.52
2923.78
2923.78
3467.27
3467.27
3300.17
3300.17
25.48
25.48
2710.53
2710.53
2710.53
2710.53
3033.75
3033.75
3761.30
3761.30
3683.59
3683.59
3300.78
3300.78
3527.04
3527.04
3654.94
3654.94
3843.27
3843.27
3843.27
3843.27
3581.53
3581.53
3492.97
3492.97
3299.62
3299.62
3588.40
3588.40
4012.75
4012.75
3434.71
3434.71
3287.80
3287.80
3686.47
3686.47
3686.47
3686.47
3294.46
3294.46
3183.92
3183.92
2815.43
2815.43
3340.38
3340.38
3638.45
3638.45
3421.51
3421.51
3489.70
3489.70
3736.98
3736.98
3352.77
3352.77
3024.50
3024.50
409.61
409.61
2913.84
2913.84
3121.57
3121.57
3329.65
3329.65
3461.06
3461.06
3291.76
3291.76
2506.19
2506.19
2812.87
2812.87
2812.87
2812.87
3283.24
3283.24
2709.26
2709.26
3132.56
3132.56
3279.72
3279.72
3967.39
3967.39
3640.48
3640.48
3357.47
3357.47
3853.01
3853.01
2963.98
2963.98
3668.82
3668.82
3586.05
3586.05
3049.64
3049.64
4289.11
4289.11
4455.66
4455.66
3469.11
3469.11
3811.80
3811.80
10.00
10.00
2771.60
2771.60
2691.35
2691.35
3414.93
3414.93
2798.57
2798.57
2778.14
2778.14
3186.44
3186.44
3189.00
3189.00
2613.55
2613.55
3477.81
3477.81
2826.66
2826.66
2924.56
2924.56
2829.12
2829.12
3604.07
3604.07
4069.42
4069.42
3706.11
3706.11
3452.59
3452.59
3003.39
3003.39
3510.38
3510.38
3591.04
3591.04
3200.58
3200.58
2711.31
2711.31
3469.67
3469.67
2777.56
2777.56
3647.11
3647.11
3111.03
3111.03
3027.86
3027.86
92.13
92.13
3680.15
3680.15
3031.55
3031.55
3176.52
3176.52
2482.37
2482.37
3364.34
3364.34
3722.38
3722.38
3037.53
3037.53
3637.15
3637.15
2889.92
2889.92
3056.26
3056.26
3574.36
3574.36
3190.26
3190.26
3318.11
3318.11
2895.86
2895.86
3502.79
3502.79
2740.31
2740.31
4702.97
4702.97
50.16
50.16
3279.67
3279.67
3546.28
3546.28
3259.78
3259.78
2586.51
2586.51
2706.68
2706.68
2697.91
2697.91
2805.26
2805.26
3552.02
3552.02
3730.95
3730.95
3080.54
3080.54
3165.07
3165.07
2624.51
2624.51
3497.55
3497.55
195.69
195.69
2879.96
2879.96
3218.50
3218.50
3067.68
3067.68
805.07
805.07
445.16
445.16
3664.46
3664.46
1321.96
1321.96
3341.24
3341.24
416.80
416.80
3134.51
3134.51
2728.18
2728.18
10.16
10.16
2746.34
2746.34
2805.15
2805.15
2913.62
2913.62
1653.59
1653.59
736.06
736.06
1100.42
1100.42
1009.31
1009.31
29.80
29.80
2930.81
2930.81
3336.07
3336.07
3512.54
3512.54
2896.92
2896.92
823.82
823.82
3384.65
3384.65
2782.90
2782.90
1354.05
1354.05
939.66
939.66
3289.49
3289.49
3220.28
3220.28
3854.16
3854.16
3281.59
3281.59
14.38
14.38
3408.77
3408.77
3556.32
3556.32
2834.51
2834.51
42.12
42.12
3468.18
3468.18
3270.88
3270.88
3023.35
3023.35
3462.09
3462.09
2443.48
2443.48
3938.03
3938.03
3340.50
3340.50
3259.67
3259.67
3241.88
3241.88
3617.91
3617.91
480.06
480.06
2838.33
2838.33
3250.23
3250.23
42.86
42.86
3024.04
3024.04
2536.03
2536.03
2641.35
2641.35
3760.82
3760.82
3445.95
3445.95
3265.44
3265.44
3200.87
3200.87
3490.91
3490.91
3410.64
3410.64
3944.47
3944.47
3796.19
3796.19
2859.13
2859.13
3142.24
3142.24
2556.42
2556.42
2556.42
2556.42
2556.42
2556.42
3156.19
3156.19
3707.05
3707.05
3306.65
3306.65
3246.67
3246.67
3767.04
3767.04
2959.01
2959.01
4159.06
4159.06
3519.37
3519.37
3160.07
3160.07
3588.03
3588.03
3343.24
3343.24
28.16
28.16
2810.16
2810.16
3548.34
3548.34
3485.20
3485.20
3736.18
3736.18
2267.10
2267.10
125.63
125.63
2673.44
2673.44
3576.67
3576.67
10.00
10.00
837.27
837.27
3554.26
3554.26
3373.67
3373.67
3546.50
3546.50
3664.95
3664.95
897.00
897.00
3597.68
3597.68
38.03
38.03
1815.50
1815.50
2228.55
2228.55
843.35
843.35
1348.94
1348.94
2916.15
2916.15
1552.16
1552.16
3712.86
3712.86
1093.12
1093.12
3728.82
3728.82
3300.61
3300.61
4669.61
4669.61
2891.17
2891.17
3127.19
3127.19
2522.89
2522.89
3267.55
3267.55
3508.89
3508.89
3637.00
3637.00
3753.96
3753.96
2706.63
2706.63
28.38
28.38
3271.06
3271.06
2631.42
2631.42
2908.45
2908.45
2937.78
2937.78
3951.31
3951.31
3868.70
3868.70
3224.28
3224.28
3496.58
3496.58
23.88
23.88
4037.84
4037.84
3489.71
3489.71
3338.47
3338.47
3061.56
3061.56
3650.38
3650.38
3177.27
3177.27
2680.02
2680.02
3743.93
3743.93
3170.09
3170.09
3006.23
3006.23
3014.01
3014.01
3041.89
3041.89
2954.67
2954.67
411.96
411.96
2861.55
2861.55
2577.09
2577.09
808.81
808.81
423.28
423.28
3623.13
3623.13
2805.18
2805.18
3487.90
3487.90
3927.66
3927.66
10.00
10.00
3175.98
3175.98
2699.32
2699.32
2496.41
2496.41
3170.57
3170.57
3492.68
3492.68
3021.10
3021.10
3541.78
3541.78
3808.28
3808.28
43.02
43.02
29.96
29.96
2646.10
2646.10
2530.65
2530.65
397.22
397.22
3223.27
3223.27
3144.01
3144.01
3436.01
3436.01
3159.56
3159.56
3191.39
3191.39
3168.22
3168.22
2892.02
2892.02
3264.19
3264.19
3294.16
3294.16
3696.48
3696.48
3297.38
3297.38
3277.84
3277.84
3922.38
3922.38
4109.00
4109.00
167.01
167.01
2965.60
2965.60
2910.12
2910.12
3383.44
3383.44
3039.04
3039.04
3394.04
3394.04
3060.65
3060.65
1655.28
1655.28
3196.36
3196.36
2800.17
2800.17
2771.33
2771.33
3336.10
3336.10
798.78
798.78
1406.60
1406.60
2411.52
2411.52
2673.91
2673.91
2796.74
2796.74
873.96
873.96
2944.10
2944.10
3329.51
3329.51
3606.22
3606.22
3129.41
3129.41
3253.74
3253.74
3790.21
3790.21
4082.58
4082.58
3294.22
3294.22
3708.04
3708.04
3598.33
3598.33
3652.78
3652.78
4144.50
4144.50
4134.44
4134.44
3768.02
3768.02
3406.37
3406.37
4443.44
4443.44
3636.85
3636.85
3570.97
3570.97
3456.74
3456.74
2987.12
2987.12
4149.23
4149.23
4433.71
4433.71
3104.08
3104.08
26.10
26.10
3932.22
3932.22
3076.00
3076.00
3561.96
3561.96
24.95
24.95
3761.38
3761.38
3901.41
3901.41
3611.58
3611.58
3716.31
3716.31
3110.34
3110.34
3480.07
3480.07
3132.02
3132.02
3594.87
3594.87
3092.60
3092.60
2604.09
2604.09
3197.40
3197.40
3745.65
3745.65
3142.86
3142.86
3012.37
3012.37
3417.71
3417.71
4081.72
4081.72
3745.19
3745.19
3895.87
3895.87
4109.19
4109.19
3725.51
3725.51
4136.17
4136.17
3926.76
3926.76
3093.54
3093.54
3562.87
3562.87
3562.87
3562.87
868.10
868.10
3544.49
3544.49
3449.15
3449.15
2788.60
2788.60
2788.60
3187.22
3187.22
2949.56
2949.56
3644.02
3644.02
3574.36
3574.36
3585.93
3585.93
2807.00
2807.00
3506.50
3506.50
3395.11
3395.11
18.21
18.21
13.16
13.16
2418.86
505.29
505.29
3270.55
3270.55
3270.55
3105.41
3105.41
21.89
21.89
3073.32
3073.32
57.91
57.91
3392.67
3392.67
2692.57
2692.57
2575.53
2575.53
3392.40
3392.40
2454.61
2454.61
2942.01
2942.01
2850.36
2850.36
3056.66
3056.66
2928.96
2928.96
2595.45
2595.45
2891.74
2891.74
3607.16
3607.16
3502.98
3502.98
1665.35
1665.35
1988.25
1988.25
3578.00
3578.00
2711.94
2711.94
3312.36
3312.36
856.74
856.74
2826.10
2826.10
594.63
594.63
2674.59
2674.59
2928.59
2928.59
3404.04
3404.04
2984.25
2984.25
3002.60
3002.60
3253.72
3253.72
3368.41
3368.41
3157.04
3157.04
3044.52
3044.52
2830.71
2830.71
4178.06
4178.06
3375.57
3375.57
12.39
12.39
3631.70
3631.70
3053.28
3053.28
2770.70
2770.70
2894.75
2894.75
3284.62
3284.62
2698.16
2698.16
530.56
530.56
68.89
68.89
54.14
54.14
3158.32
3158.32
145.20
145.20
10.40
10.40
3448.17
3448.17
3984.64
3984.64
3886.99
3886.99
3470.32
3470.32
3463.24
3463.24
3168.02
3168.02
1053.83
1053.83
1766.96
1766.96
3354.13
3354.13
3170.78
3170.78
2921.22
2921.22
3719.95
3719.95
3397.47
3397.47
3863.66
3863.66
3746.53
3746.53
3280.92
3280.92
3687.36
3687.36
905.60
905.60
3239.62
3239.62
3592.64
3592.64
3890.36
3890.36
2891.06
2891.06
2731.03
2731.03
3330.83
3330.83
3128.04
3128.04
3277.48
3277.48
3330.88
3330.88
3751.69
3751.69
20.59
20.59
2959.73
2959.73
716.79
716.79
1002.76
1002.76
41.63
41.63
2840.95
2840.95
2537.08
2537.08
3529.06
3529.06
2015.54
2015.54
3478.95
3478.95
2595.88
2595.88
2537.73
2537.73
3086.53
3086.53
18.04
18.04
4258.77
4258.77
3714.11
3714.11
3927.15
3927.15
3174.96
3174.96
1389.03
1389.03
3221.85
3221.85
3662.81
3662.81
3561.05
3561.05
3286.99
3286.99
3277.59
3277.59
3182.82
3182.82
3403.52
3403.52
3579.72
3579.72
4064.18
4064.18
3567.07
3567.07
3538.43
3538.43
3274.32
3274.32
16.72
16.72
3895.06
3895.06
3961.13
3961.13
3449.13
3449.13
3647.63
3647.63
3705.18
3705.18
3581.66
3581.66
4000.61
4000.61
3192.25
3192.25
3761.69
3761.69
63.07
63.07
4080.91
4080.91
3131.07
3131.07
1129.63
1129.63
3647.27
3647.27
3161.33
3161.33
4289.04
4289.04
4376.70
4376.70
2865.83
2865.83
3618.44
3618.44
3613.64
3613.64
3432.85
3432.85
3909.44
3909.44
3741.23
3741.23
3479.82
3479.82
2323.09
2323.09
1690.73
1690.73
2214.21
2214.21
28.72
28.72
3167.99
3167.99
2773.18
2773.18
3846.01
3846.01
3671.74
3671.74
3254.01
3254.01
3100.61
3100.61
3071.62
3071.62
3489.22
3489.22
3522.23
3522.23
3988.35
3988.35
3510.40
3510.40
3727.02
3727.02
3354.90
3354.90
16.42
16.42
3856.85
3856.85
3449.53
3449.53
3191.97
3191.97
3138.80
3138.80
3333.43
3333.43
3169.07
3169.07
3637.51
3637.51
802.86
802.86
382.51
382.51
26.96
26.96
3653.42
3653.42
3412.39
3412.39
1847.23
1847.23
3872.15
3872.15
3628.16
3628.16
4081.99
4081.99
1083.84
1083.84
3148.31
3148.31
3545.72
3545.72
3936.35
3936.35
2412.20
2412.20
765.00
765.00
1469.48
1469.48
3574.99
3574.99
3503.56
3503.56
3431.93
3431.93
3189.91
3189.91
2034.85
2034.85
3689.85
3689.85
3535.07
3535.07
4232.45
4232.45
3596.55
3596.55
728.64
728.64
3418.05
3418.05
3762.97
3762.97
3762.97
3762.97
3762.97
3762.97
3762.97
3762.97
3762.97
3762.97
3762.97
3762.97
3762.97
3762.97
4034.74
4034.74
4088.57
4088.57
4097.66
4097.66
4097.66
4097.66
2881.63
2881.63
3403.22
3403.22
3604.11
3604.11
3627.59
3627.59
3658.77
3658.77
3696.25
3696.25
2486.88
2486.88
3649.66
3649.66
3961.57
3961.57
3961.57
3961.57
3067.79
3067.79
3881.09
3881.09
4004.74
4004.74
3952.23
3952.23
3952.23
3952.23
3952.23
3952.23
3993.80
3993.80
2602.14
2602.14
3494.95
3494.95
3600.95
3600.95
3254.04
3254.04
3557.30
3557.30
15.76
15.76
3643.50
3643.50
3556.29
3556.29
3488.99
3488.99
3202.74
3202.74
3418.03
3418.03
3614.90
3614.90
3244.93
3244.93
3517.45
3517.45
3571.21
3571.21
2870.39
2870.39
3364.08
3364.08
3104.08
3104.08
3921.41
3921.41
3252.06
3252.06
3460.92
3460.92
3377.69
3377.69
3087.74
3087.74
3348.17
3348.17
3263.66
3263.66
3942.25
3942.25
3942.25
3942.25
3385.37
3385.37
3167.59
3167.59
3413.10
3413.10
3520.67
3520.67
3341.36
3341.36
3596.35
3596.35
2906.03
2906.03
3546.39
3546.39
3688.74
3688.74
4008.97
4008.97
332.22
332.22
2835.37
2835.37
3682.47
3682.47
4100.89
4100.89
2929.29
2929.29
3082.01
3082.01
3048.54
3048.54
3364.49
3364.49
2981.34
2981.34
3121.58
3121.58
3714.98
3714.98
72.09
72.09
2950.68
2950.68
2560.70
2560.70
4031.88
4031.88
2848.39
2848.39
2762.42
2762.42
3244.86
3244.86
4590.33
4590.33
4590.33
4590.33
4590.33
4590.33
4590.33
4590.33
3764.62
3764.62
3021.70
3021.70
4006.08
4006.08
3284.43
3284.43
1461.61
1461.61
3817.29
3817.29
3870.91
3870.91
4232.90
4232.90
4070.28
4070.28
3368.01
3368.01
3310.81
3310.81
3571.75
3571.75
3387.87
3387.87
3294.82
3294.82
3763.94
3763.94
4236.68
4236.68
1720.34
1720.34
3245.50
3245.50
4484.37
4484.37
10.00
10.00
3301.95
3301.95
3471.09
3471.09
3077.81
3077.81
3274.85
3274.85
2817.08
2817.08
2983.24
2983.24
3225.94
3225.94
3317.82
3317.82
3133.45
3133.45
3914.96
3914.96
2519.67
2519.67
3132.34
3132.34
3829.87
3829.87
3672.08
3672.08
3335.69
3335.69
3391.57
3391.57
3350.59
3350.59
3317.56
3317.56
2933.18
2933.18
3211.66
3211.66
831.57
831.57
3705.80
3705.80
3698.42
3698.42
3222.64
3222.64
3149.66
3149.66
3608.78
3608.78
3462.95
3462.95
3289.23
3289.23
3844.07
3844.07
3358.83
3358.83
3623.90
3623.90
3625.39
3625.39
4132.81
4132.81
3545.39
3545.39
827.73
827.73
3881.30
3881.30
3818.66
3818.66
3421.24
3421.24
3424.42
3424.42
4034.74
4034.74
4105.10
4105.10
4152.36
4152.36
3145.02
3145.02
3063.56
3063.56
3338.65
3338.65
3278.67
3278.67
514.48
514.48
3541.44
3541.44
3744.32
3744.32
3528.97
3528.97
3528.97
3528.97
1459.97
1459.97
2974.88
2974.88
334.63
334.63
3445.44
3445.44
3251.07
3251.07
3412.73
3412.73
4014.32
4014.32
4079.30
4079.30
3888.30
3888.30
1950.64
1950.64
3476.22
3476.22
3409.37
3409.37
3706.74
3706.74
3153.56
3153.56
3153.56
3153.56
1264.32
1264.32
3309.79
3309.79
3669.03
3669.03
3457.09
3457.09
3792.17
3792.17
4015.60
4015.60
4015.60
4015.60
3667.28
3667.28
3037.48
3037.48
3550.27
3550.27
3277.68
3277.68
3277.68
3277.68
4051.12
4051.12
4291.42
4291.42
3803.80
3803.80
3628.95
3628.95
3775.36
3775.36
3531.00
3531.00
3531.00
3531.00
3531.00
3531.00
3531.00
3531.00
1586.57
1586.57
2136.00
2136.00
3623.34
3623.34
11.94
11.94
4160.72
4160.72
4160.72
4160.72
4160.72
4160.72
4160.72
4160.72
4160.72
4160.72
4228.98
4228.98
3873.05
3873.05
3873.05
3873.05
3829.08
3829.08
4060.84
4060.84
4237.17
4237.17
4283.65
4283.65
3275.47
3275.47
3492.72
3492.72
4336.81
4336.81
18.39
18.39
3137.51
3137.51
3321.68
3321.68
3586.63
3586.63
2860.90
2860.90
3239.93
3239.93
3330.57
3330.57
18.67
18.67
3570.03
3570.03
3258.71
3258.71
3082.37
3082.37
4088.31
4088.31
3197.05
3197.05
3368.94
3368.94
3283.55
3283.55
3693.23
3693.23
3621.61
3621.61
2501.93
2501.93
3255.99
3255.99
3075.24
3075.24
3156.61
3156.61
3371.37
3371.37
2818.71
2818.71
3327.14
3327.14
3142.66
3142.66
2906.10
2906.10
3791.26
3791.26
3181.20
3181.20
3165.08
3165.08
3203.59
3203.59
3366.23
3366.23
3178.83
3178.83
3207.22
3207.22
3854.44
3854.44
3312.51
3312.51
3368.25
3368.25
3260.58
3260.58
3629.32
3629.32
3280.74
3280.74
3262.50
3262.50
3464.41
3464.41
1839.67
1839.67
3188.36
3188.36
3462.99
3462.99
3661.48
3661.48
13.56
13.56
1289.72
1289.72
3574.07
3574.07
3474.01
3474.01
3365.52
3365.52
3357.69
3357.69
2929.82
2929.82
10.00
10.00
3194.70
3194.70
2684.32
2684.32
18.58
18.58
1455.15
1455.15
1845.67
1845.67
3509.40
3509.40
3108.37
3108.37
3427.56
3427.56
4158.10
4158.10
4158.10
4158.10
3885.39
3885.39
3577.72
3577.72
3161.74
3161.74
3161.74
3161.74
3344.04
3344.04
2867.79
2867.79
3640.90
3640.90
2957.88
2957.88
3603.56
3603.56
4027.96
4027.96
3555.64
3555.64
3647.91
3647.91
3647.91
3647.91
3647.91
3647.91
3765.87
3765.87
3786.54
3786.54
3444.89
3444.89
3467.56
3467.56
2724.39
2724.39
3917.37
3917.37
4155.24
4155.24
3360.59
3360.59
3292.73
3292.73
3248.30
3248.30
1305.74
1305.74
3830.39
3830.39
3830.39
3074.47
3074.47
2965.70
2965.70
3834.12
3834.12
3129.75
3129.75
3394.37
3394.37
3483.05
3483.05
3604.10
3604.10
3385.60
3385.60
4773.28
4773.28
3341.86
3341.86
3156.16
3181.98
3181.98
3181.98
3117.35
3117.35
3161.62
3161.62
3378.35
3378.35
3061.66
3061.66
3061.66
3061.66
3061.66
3061.66
4024.89
4024.89
3361.82
3361.82
3783.79
3783.79
3747.24
3747.24
4191.25
3953.25
3953.25
3953.25
3229.66
3229.66
3775.91
3775.91
3775.91
3775.91
3775.91
3775.91
4402.23
4402.23
3743.25
3743.25
3473.47
3473.47
3941.48
3941.48
4356.60
4356.60
4356.60
4356.60
3951.12
3849.00
3849.00
3849.00
3378.67
3378.67
3941.95
3941.95
3540.03
3540.03
3538.03
3538.03
3473.82
3473.82
3645.26
3645.26
3621.01
3621.01
4177.96
4177.96
3338.13
3338.13
3761.56
3761.56
3646.79
3658.91
3658.91
3658.91
1656.32
1656.32
3547.09
3547.09
3779.36
3779.36
3316.92
3316.92
3735.91
3735.91
3813.31
3813.31
4113.05
4113.05
2826.34
2826.34
3487.88
3487.88
3728.65
3728.65
3308.88
3308.88
3057.30
3057.30
3490.10
3490.10
3959.47
3959.47
3598.11
3598.11
1770.93
1770.93
3279.68
3279.68
3295.04
3295.04
3845.17
3845.17
3522.41
3522.41
3687.98
3687.98
3034.04
3034.04
3233.39
3233.39
3758.77
3758.77
3180.04
3180.04
3448.38
3448.38
10.00
10.00
3191.67
3191.67
3531.91
3531.91
3489.11
3489.11
1553.97
1553.97
3354.50
3354.50
3454.68
3454.68
3319.62
3319.62
3233.54
3233.54
3764.15
3764.15
3018.01
3018.01
3440.09
3440.09
3691.86
3691.86
3195.76
3195.76
817.84
817.84
46.41
46.41
2824.05
2824.05
4275.12
4275.12
3978.25
3978.25
3597.18
3597.18
3529.68
3529.68
801.03
801.03
4028.68
4028.68
3685.21
3685.21
3460.40
3460.40
1655.86
1655.86
4748.94
4748.94
4086.89
4086.89
3730.87
3730.87
3317.99
3317.99
667.17
667.17
2458.85
2458.85
15.86
15.86
3219.95
3219.95
3214.80
3214.80
3489.53
3489.53
4005.80
4005.80
3280.39
3280.39
3075.83
3075.83
4025.17
4025.17
3134.26
3134.26
3666.74
3666.74
3124.33
3124.33
3703.78
3703.78
3422.18
3422.18
841.14
841.14
3870.93
3870.93
3087.85
3087.85
3090.61
3090.61
3886.58
3886.58
3394.42
3394.42
3125.18
3125.18
3856.31
3856.31
3195.26
3195.26
4497.02
4497.02
537.32
537.32
3578.74
3578.74
4340.38
4340.38
3555.36
3555.36
3632.34
3632.34
2399.75
2399.75
3511.45
3511.45
3757.17
3757.17
3926.52
3926.52
3008.47
3008.47
4011.36
4011.36
2085.65
2085.65
3212.55
3212.55
3416.88
3416.88
29.85
29.85
38.69
38.69
3465.43
3465.43
3437.32
3437.32
1525.82
1525.82
679.72
679.72
3325.99
3325.99
3535.11
3535.11
3524.59
3524.59
3193.40
3193.40
3788.99
3788.99
3310.06
3310.06
3524.57
3524.57
3160.63
3160.63
3641.77
3641.77
4530.87
4530.87
3116.52
3116.52
3255.49
3255.49
25.79
25.79
10.00
10.00
2958.35
2958.35
2698.71
2698.71
845.19
845.19
3966.64
3966.64
3695.01
3695.01
17.26
17.26
2134.84
2134.84
3826.92
3826.92
4209.61
4209.61
212.18
212.18
1230.83
1230.83
4360.68
4360.68
2981.26
2981.26
3498.79
3498.79
3198.74
3198.74
3897.52
3897.52
3384.81
3384.81
2460.83
2460.83
3623.51
3623.51
3691.89
3691.89
4509.78
4509.78
4123.69
4123.69
2850.33
2850.33
3046.88
3046.88
3249.25
3249.25
2675.50
2675.50
861.26
861.26
3391.45
3391.45
1586.21
1586.21
2218.67
2218.67
31.43
31.43
3647.71
3647.71
903.26
903.26
2991.89
2991.89
3370.39
3370.39
3458.38
3458.38
2877.14
2877.14
3444.84
3444.84
820.46
820.46
10.00
10.00
2373.70
2373.70
311.24
311.24
2699.61
2699.61
2761.95
2761.95
2893.68
2893.68
37.80
37.80
2964.69
2964.69
2528.03
2528.03
3169.58
3169.58
3617.10
3617.10
3299.23
3299.23
3303.15
3303.15
3422.15
3422.15
3545.04
3545.04
2452.49
2452.49
3783.76
3783.76
2813.47
2813.47
3298.18
3298.18
1521.89
1521.89
1770.00
1770.00
645.09
645.09
3042.55
3042.55
200.47
200.47
3075.49
3075.49
13.22
13.22
300.12
300.12
15.73
15.73
10.53
10.53
406.01
406.01
18.91
18.91
2720.24
2720.24
3243.97
3243.97
3260.19
3260.19
3397.96
3397.96
3441.15
3441.15
3408.20
3408.20
3228.33
3228.33
4291.90
4291.90
4270.60
4270.60
3868.61
3868.61
3599.08
3599.08
3460.03
3460.03
3926.93
3926.93
3448.20
3448.20
10.00
10.00
3538.83
3538.83
3380.53
3380.53
3596.63
3596.63
796.84
796.84
3527.55
3527.55
3093.53
3093.53
4501.08
4501.08
3288.43
3288.43
4177.33
4177.33
3523.88
3523.88
3452.39
3452.39
3064.26
3064.26
3581.52
3581.52
3598.95
3598.95
3598.95
3598.95
3459.46
3459.46
3343.64
3343.64
3685.88
3685.88
3801.52
3801.52
3117.89
3117.89
3558.95
3558.95
3665.24
3665.24
3328.18
3328.18
3964.99
3964.99
3506.13
3506.13
3223.32
3223.32
26.18
26.18
3534.81
3534.81
2962.95
2962.95
3567.78
3567.78
1594.84
1594.84
3670.75
3670.75
25.31
25.31
3712.07
3712.07
3700.89
3700.89
3457.37
3457.37
2733.65
2733.65
3186.31
3186.31
3270.31
3270.31
1066.52
1066.52
3266.69
3266.69
2808.32
2808.32
3361.64
3361.64
3692.69
3692.69
3281.00
3281.00
3130.26
3130.26
3846.18
3846.18
1900.26
1900.26
3776.79
3776.79
3280.05
3280.05
3099.24
3099.24
3189.02
3189.02
3098.32
3098.32
3098.32
3098.32
3593.97
3593.97
3925.19
3925.19
3634.56
3634.56
4000.23
4000.23
3282.08
3282.08
3079.62
3079.62
3119.78
3119.78
573.21
573.21
3353.19
3353.19
3670.30
3670.30
3571.11
3571.11
3313.11
3313.11
4146.73
4146.73
3471.35
3471.35
692.54
692.54
2734.45
2734.45
3338.07
3338.07
2571.35
2571.35
2358.37
2358.37
3226.84
3226.84
3702.18
3702.18
804.79
804.79
2665.27
2665.27
3546.77
3546.77
3898.95
3898.95
3575.46
3575.46
3835.81
3835.81
3065.10
3065.10
3963.34
3963.34
3883.70
3883.70
3798.91
3798.91
2979.76
2979.76
3263.41
3263.41
3220.77
3220.77
3912.49
3912.49
12.64
12.64
2764.49
2764.49
3999.19
3999.19
3146.26
3146.26
3304.05
3304.05
3581.18
3581.18
3244.52
3244.52
3780.10
3780.10
1236.31
1236.31
2208.20
2208.20
2622.84
2622.84
3886.06
3886.06
1363.27
1363.27
2103.10
2103.10
3210.26
3210.26
100.59
100.59
3150.94
3150.94
3220.25
3220.25
4039.52
4039.52
3613.80
3613.80
3328.92
3328.92
3258.41
3258.41
3244.63
3244.63
3593.94
3593.94
3641.80
3641.80
3350.17
3350.17
4159.91
4159.91
3263.20
3263.20
3325.00
3325.00
3646.38
3646.38
3666.03
3666.03
3421.36
3421.36
3340.65
3340.65
2988.38
2988.38
14.54
14.54
3672.99
3672.99
4038.22
4038.22
3874.58
3874.58
4773.42
4773.42
3687.47
3687.47
3518.13
3518.13
3057.35
3057.35
3423.93
3423.93
3408.32
3408.32
3002.41
3002.41
2792.99
2792.99
1687.25
1687.25
3275.50
3275.50
3497.92
3497.92
3829.26
3829.26
2901.15
2901.15
819.00
819.00
20.28
20.28
822.96
822.96
71.00
71.00
3012.31
3012.31
3394.54
3394.54
3646.79
3646.79
4159.04
4159.04
290.98
290.98
791.13
791.13
1448.57
1448.57
3347.69
3347.69
3229.87
3229.87
2541.38
2541.38
2677.57
2677.57
4017.72
4017.72
4233.68
4233.68
3274.87
3274.87
1066.62
1066.62
3704.37
3704.37
4128.72
4128.72
3737.53
3737.53
3534.59
3534.59
3198.42
3198.42
18.55
18.55
3797.75
3797.75
3166.21
3166.21
194.99
194.99
3258.12
3258.12
3473.76
3473.76
3823.98
3823.98
3556.37
3556.37
3549.09
3549.09
25.95
25.95
3969.54
3969.54
3689.61
3689.61
3144.81
3144.81
3612.08
3612.08
3206.24
3206.24
1234.49
1234.49
13.51
13.51
3978.27
3978.27
2493.09
2493.09
3347.95
3347.95
571.99
571.99
3461.54
3461.54
3560.76
3560.76
3140.44
3140.44
2849.16
2849.16
2922.70
2922.70
3294.30
3294.30
3164.69
3164.69
4304.05
4304.05
3340.06
3340.06
3487.78
3487.78
3059.89
3059.89
3544.46
3544.46
4188.63
4188.63
3695.97
3695.97
3344.93
3344.93
758.50
758.50
942.11
942.11
3668.99
3668.99
2715.24
2715.24
3354.68
3354.68
3192.87
3192.87
3579.25
3579.25
3051.93
3051.93
3365.47
3365.47
3833.09
3833.09
3588.59
3588.59
2920.14
2920.14
2702.44
2702.44
3370.84
3370.84
1367.81
1367.81
3584.75
3584.75
622.73
622.73
4671.18
4671.18
3459.22
3459.22
3084.17
3084.17
3990.19
3990.19
3181.14
3181.14
4245.34
4245.34
3429.86
3429.86
4117.15
4117.15
3276.99
3276.99
3410.19
3410.19
4180.56
4180.56
3889.39
3889.39
3303.23
3303.23
3154.18
3154.18
3504.01
3504.01
3104.91
3104.91
2933.50
2933.50
2503.20
2503.20
3220.62
3220.62
3802.78
3802.78
2676.41
2676.41
2676.41
2676.41
3355.18
3355.18
3387.33
3387.33
3981.85
3981.85
3981.85
3981.85
3981.85
3981.85
3536.45
3536.45
3905.71
3905.71
3759.33
3759.33
3640.39
3640.39
692.21
692.21
3062.66
3062.66
3943.41
3943.41
3943.41
3134.21
3134.21
3134.21
3134.21
3168.23
3168.23
3256.36
3256.36
3036.98
3036.98
2802.33
2802.33
3275.94
3275.94
3754.18
3754.18
3470.66
3470.66
3515.03
3515.03
3258.44
3258.44
3145.61
3145.61
4095.15
4095.15
3872.99
3872.99
3039.86
3039.86
3621.93
3621.93
3312.58
3312.58
3450.27
3450.27
3559.92
3559.92
4061.77
4061.77
3076.72
3076.72
3701.76
3701.76
3792.32
3792.32
3145.40
3145.40
3648.30
3648.30
3648.30
3648.30
3829.58
3829.58
3224.22
3224.22
3459.65
3459.65
513.95
513.95
3268.66
3268.66
2547.25
2547.25
3572.04
3572.04
3780.26
3780.26
3841.70
3841.70
3595.04
3595.04
3104.95
3104.95
4076.33
4076.33
837.23
837.23
3520.62
3520.62
1829.63
1829.63
3056.37
3056.37
3964.25
3964.25
3476.39
3476.39
2892.17
2892.17
3010.26
3010.26
2686.49
2686.49
14.31
14.31
3616.02
3616.02
3276.55
3276.55
3194.70
3194.70
3511.91
3511.91
3111.50
3111.50
590.51
590.51
2989.57
2989.57
3565.41
3565.41
4201.01
4201.01
3212.84
3212.84
17.51
17.51
3530.82
3530.82
3303.90
3303.90
2968.62
2968.62
3358.69
3358.69
184.40
184.40
3427.48
3427.48
3112.10
3112.10
3315.68
3315.68
908.90
908.90
509.20
509.20
3451.06
3451.06
1158.68
1158.68
1054.16
1054.16
3709.51
3709.51
3340.74
3340.74
3767.40
3767.40
10.00
10.00
3059.04
3059.04
3350.02
3350.02
3311.91
3311.91
3376.10
3376.10
3442.12
3442.12
3554.47
3554.47
12.28
12.28
3453.91
3453.91
13.08
13.08
3392.03
3392.03
3469.81
3469.81
3335.43
3335.43
3051.19
3051.19
3055.68
3055.68
3494.11
3494.11
3463.66
3463.66
34.87
34.87
3847.42
3847.42
17.40
17.40
790.18
790.18
3179.39
3179.39
3564.86
3564.86
3955.44
3955.44
13.23
13.23
18.47
18.47
4099.35
4099.35
970.31
970.31
3424.90
3424.90
3223.29
3223.29
3299.32
3299.32
3213.52
3213.52
832.25
832.25
3623.40
3623.40
2881.46
2881.46
3101.62
3101.62
3812.97
3812.97
3216.65
3216.65
2377.42
2377.42
40.32
40.32
1133.78
1133.78
2846.80
2846.80
3557.38
3557.38
3951.82
3951.82
2833.98
2833.98
4064.37
4064.37
1973.57
1973.57
3359.91
3359.91
3160.17
3160.17
593.40
593.40
906.90
906.90
18.58
18.58
3077.25
3077.25
3821.28
3821.28
3362.86
3362.86
3211.26
3211.26
2959.83
2959.83
3196.44
3196.44
2838.73
2838.73
20.45
20.45
3019.37
3019.37
1641.47
1641.47
2903.68
2903.68
3723.41
3723.41
3276.35
3276.35
3590.05
3590.05
321.35
321.35
2145.51
2145.51
851.53
851.53
3413.25
3413.25
3087.92
3087.92
841.78
841.78
1366.83
1366.83
1077.49
1077.49
2995.12
2995.12
3031.74
3031.74
2943.98
2943.98
3606.99
3606.99
3343.06
3343.06
3218.59
3218.59
808.52
808.52
2979.73
2979.73
929.68
929.68
27.46
27.46
2938.84
2938.84
2940.97
2940.97
3548.74
3548.74
780.48
780.48
3272.97
3272.97
2447.51
2447.51
3975.88
3975.88
3035.40
3035.40
13.96
13.96
2303.08
2303.08
3086.05
3086.05
4107.43
4107.43
3404.60
3404.60
2793.17
2793.17
3559.32
3559.32
3384.45
3384.45
3779.98
3779.98
3066.37
3066.37
3591.83
3591.83
4081.65
4081.65
3122.00
3122.00
3456.85
3456.85
762.62
762.62
2691.01
2691.01
3203.07
3203.07
3313.45
3313.45
3027.02
3027.02
797.54
797.54
3514.15
3514.15
3306.44
3306.44
3413.38
3413.38
529.29
529.29
2939.10
2939.10
2991.75
2991.75
3451.01
3451.01
2938.22
2938.22
2629.57
2629.57
19.14
19.14
1878.68
1878.68
3813.68
3813.68
3575.30
3575.30
3391.66
3391.66
3719.18
3719.18
4268.11
4268.11
4171.59
4171.59
3354.25
3354.25
2832.11
2832.11
3807.16
3807.16
13.71
13.71
3569.17
3569.17
4309.16
4309.16
823.34
823.34
3545.81
3545.81
2093.43
2093.43
1349.05
1349.05
652.40
652.40
3820.56
3820.56
3942.33
3942.33
3558.44
3558.44
3552.77
3552.77
2801.85
2801.85
884.72
884.72
2721.41
2721.41
3106.06
3106.06
4021.87
4021.87
3968.33
3968.33
3209.95
3209.95
3802.46
3802.46
3894.84
3894.84
3737.92
3737.92
3288.96
3288.96
2955.24
2955.24
2639.38
2639.38
3315.23
3315.23
3081.54
3081.54
3444.59
3444.59
2651.98
2651.98
391.94
391.94
3666.10
3666.10
4060.72
4060.72
3635.68
3635.68
3736.38
3736.38
3562.53
3562.53
3854.67
3854.67
3513.76
3513.76
3278.55
3278.55
3220.50
3220.50
3450.69
3450.69
887.29
887.29
32.72
32.72
3421.46
3421.46
3630.01
3630.01
780.35
780.35
56.30
56.30
3496.60
3496.60
928.93
928.93
335.42
335.42
3918.31
3918.31
3377.55
3377.55
2881.99
2881.99
3402.20
3402.20
3471.22
3471.22
4231.50
4231.50
49.20
49.20
2010.62
2010.62
3787.24
3787.24
3201.92
3201.92
4051.96
4051.96
3172.41
3172.41
4033.18
4033.18
3971.57
3971.57
3554.33
3554.33
1359.83
1359.83
3965.52
3965.52
3850.52
3850.52
2184.43
2184.43
3922.55
3922.55
3378.00
3378.00
3355.35
3355.35
4103.23
4103.23
3350.91
3350.91
3515.44
3515.44
3521.79
3521.79
3406.65
3406.65
3745.15
3745.15
223.75
223.75
3289.22
3289.22
10.00
10.00
130.62
130.62
318.53
318.53
3051.47
3051.47
10.00
10.00
3846.79
3846.79
2377.13
2377.13
3602.11
3602.11
2410.99
2410.99
3004.15
3004.15
3885.64
3885.64
2986.62
2986.62
2838.30
2838.30
3359.05
3359.05
2988.70
2988.70
2981.88
2981.88
3717.77
3717.77
3630.73
3630.73
3817.09
3817.09
3065.78
3065.78
3607.92
3607.92
2948.85
2948.85
3312.11
3312.11
3320.83
3320.83
4043.13
4043.13
3412.12
3412.12
3299.64
3299.64
3198.00
3198.00
2824.89
2824.89
3195.88
3195.88
3460.14
3460.14
3661.70
3661.70
4276.20
4276.20
2557.09
2557.09
10.00
10.00
2754.93
2754.93
3640.07
3640.07
3269.17
3269.17
2176.10
2176.10
4129.53
4129.53
3485.00
3485.00
3016.50
3016.50
3635.80
3635.80
3870.93
3870.93
3166.98
3166.98
3067.96
3067.96
3935.98
3935.98
10.00
10.00
3905.23
3905.23
2718.84
2718.84
3242.88
3242.88
4044.42
4044.42
3646.12
3646.12
78.95
78.95
2991.68
2991.68
3781.27
3781.27
3163.78
3163.78
4209.97
4209.97
3810.37
3810.37
799.76
799.76
4329.72
4329.72
3375.80
3375.80
3129.04
3129.04
3459.13
3459.13
3405.12
3405.12
3483.63
3483.63
2975.95
2975.95
10.57
10.57
2890.39
2890.39
3556.71
3556.71
2824.71
2824.71
3545.35
3545.35
3643.65
3643.65
3613.86
3613.86
2744.43
2744.43
3500.13
3500.13
2726.27
2726.27
3234.79
3234.79
3662.13
3662.13
3130.46
3130.46
3214.00
3214.00
4468.25
4468.25
3579.36
3579.36
3262.69
3262.69
151.42
151.42
4338.21
4338.21
3521.14
3521.14
2528.96
2528.96
2808.57
2808.57
3268.84
3268.84
3718.15
3718.15
3451.45
3451.45
1649.79
1649.79
3726.54
3726.54
27.55
27.55
3493.46
3493.46
289.61
289.61
137.31
137.31
77.76
77.76
2414.23
2414.23
2580.27
2580.27
3901.00
3901.00
2255.96
2255.96
1681.04
1681.04
1106.29
1106.29
372.93
372.93
986.70
986.70
2952.87
2952.87
3850.34
3850.34
3379.69
3379.69
3835.30
3835.30
3731.67
3731.67
3281.97
3281.97
3451.47
3451.47
107.17
107.17
90.91
90.91
1005.62
1005.62
3554.42
3554.42
3619.85
3619.85
2911.62
2911.62
116.59
116.59
779.33
779.33
3903.57
3903.57
837.39
837.39
3668.56
3668.56
2114.49
2114.49
1254.97
1254.97
3329.15
3329.15
3760.81
3760.81
3841.97
3841.97
3703.67
3703.67
3133.41
3133.41
3402.89
3402.89
3713.77
3713.77
2177.64
2177.64
28.30
28.30
349.04
349.04
50.77
50.77
960.18
960.18
239.16
239.16
71.99
71.99
3237.43
3237.43
764.00
764.00
1679.19
1679.19
40.63
40.63
500.40
500.40
2289.20
2289.20
2753.88
2753.88
3304.65
3304.65
3777.67
3777.67
3110.37
3110.37
3336.01
3336.01
3412.07
3412.07
4073.03
4073.03
3248.80
3248.80
2479.82
2479.82
694.13
694.13
3016.89
3016.89
3187.34
3187.34
3152.48
3152.48
16.41
16.41
2466.82
2466.82
3006.26
3006.26
220.59
220.59
123.34
123.34
2650.72
2650.72
3228.55
3228.55
239.60
239.60
3039.75
3039.75
28.70
28.70
3899.67
3899.67
3593.62
3593.62
3074.16
3074.16
2331.96
2331.96
2943.49
2943.49
90.68
90.68
18.47
18.47
524.87
524.87
26.98
26.98
3019.94
3019.94
3699.78
3699.78
3467.61
3467.61
2563.76
2563.76
3665.18
3665.18
1825.27
1825.27
117.44
117.44
1326.85
1326.85
2975.86
2975.86
3443.40
3443.40
3583.80
3583.80
3366.83
3366.83
1934.36
1934.36
625.26
625.26
1205.95
1205.95
93.68
93.68
833.39
833.39
2727.11
2727.11
1774.74
1774.74
3519.55
3519.55
1503.81
1503.81
195.46
195.46
790.95
790.95
1922.01
1922.01
3794.76
3794.76
3545.81
3545.81
3264.49
3264.49
3003.28
3003.28
3682.40
3682.40
3422.67
3422.67
506.93
506.93
4131.29
4131.29
25.93
25.93
26.00
26.00
3395.76
3395.76
3395.76
3990.95
3990.95
3184.08
3184.08
2810.23
2810.23
22.90
22.90
1945.15
1945.15
2715.86
2715.86
3151.35
3151.35
13.36
13.36
110.47
110.47
962.30
962.30
42.62
42.62
170.36
170.36
67.87
67.87
3312.93
3312.93
1546.84
1546.84
675.36
675.36
3425.70
3425.70
2602.97
2602.97
2952.26
3614.57
3614.57
3614.57
837.69
837.69
3584.69
3584.69
503.99
503.99
648.60
648.60
3149.09
3149.09
3217.74
3217.74
300.85
300.85
534.31
534.31
1128.21
1128.21
837.24
837.24
31.05
818.22
818.22
818.22
3462.93
3462.93
3722.97
3722.97
51.35
51.35
10.00
10.00
3550.08
3550.08
3983.03
3983.03
2498.31
2498.31
3701.12
3701.12
3354.43
3354.43
3018.63
3018.63
3623.20
3480.55
3480.55
3480.55
717.17
717.17
2873.36
2873.36
3524.96
3524.96
3276.27
3276.27
4057.17
4057.17
3476.31
3476.31
3075.87
3075.87
3049.44
3049.44
2984.67
2984.67
3515.93
3515.93
2014.04
2014.04
3802.33
3802.33
3049.36
3049.36
2913.55
2913.55
2701.09
2701.09
3040.69
3040.69
3758.58
3758.58
3634.67
3634.67
2932.75
2932.75
3108.89
3108.89
3879.81
3879.81
917.91
917.91
3064.68
3064.68
3955.33
3955.33
3449.44
3449.44
3038.07
3038.07
3613.26
3613.26
3613.26
3613.26
3613.26
3613.26
3613.26
3613.26
3613.26
3613.26
3613.26
3613.26
3613.26
3613.26
3613.26
3613.26
3613.26
3613.26
3613.26
3613.26
3452.63
3452.63
3452.63
3452.63
3452.63
3452.63
3452.63
3452.63
3452.63
3452.63
3452.63
3452.63
2258.61
2258.61
2258.61
2258.61
3140.57
3140.57
3090.65
3090.65
3153.35
3153.35
3435.37
3435.37
1819.80
1819.80
4059.53
4059.53
2809.14
2809.14
39.74
39.74
2906.75
2906.75
10.05
10.05
2822.99
2822.99
2308.74
2308.74
2773.36
2773.36
2958.42
2958.42
3106.34
3106.34
1585.87
1585.87
2533.57
2533.57
3211.85
3211.85
3801.52
3801.52
2923.69
2923.69
3153.21
3153.21
4026.29
4026.29
3195.28
3195.28
2679.40
2679.40
3027.08
3027.08
2974.05
2974.05
3530.65
3530.65
2991.00
2991.00
151.05
151.05
3486.50
3486.50
3159.98
3159.98
2764.19
2764.19
2357.33
2357.33
3658.41
3658.41
318.12
318.12
3204.45
3204.45
3374.36
3374.36
3998.77
3998.77
4133.08
4133.08
3608.89
3608.89
3690.76
3690.76
3796.57
3796.57
3583.65
3583.65
3181.61
3181.61
818.38
818.38
10.00
10.00
678.00
678.00
3912.30
3912.30
3778.80
3778.80
2739.97
2739.97
3519.60
3519.60
3574.09
3574.09
153.19
153.19
3440.24
3440.24
52.34
52.34
146.40
146.40
834.10
834.10
2951.19
2951.19
3598.14
3598.14
2748.17
2748.17
4086.77
4086.77
851.00
851.00
150.41
150.41
3624.86
3624.86
3758.04
3758.04
3053.84
3053.84
127.31
127.31
18.06
18.06
824.59
824.59
3367.47
3367.47
2671.73
2671.73
3078.78
3078.78
3765.68
3765.68
3373.76
3373.76
2831.89
2831.89
3430.68
3430.68
3580.22
3580.22
3888.92
3888.92
3423.53
3423.53
3535.23
3535.23
4009.98
4009.98
4009.98
4009.98
4009.98
4009.98
3623.71
3623.71
3446.87
3446.87
3865.72
3865.72
3579.14
3579.14
3499.80
3499.80
3837.26
3837.26
3837.26
3837.26
28.34
28.34
2030.47
2030.47
3482.43
3482.43
4008.95
4008.95
3135.61
3135.61
3599.91
3599.91
3272.20
3272.20
3475.85
3475.85
3795.62
3795.62
3513.45
3513.45
3931.00
3931.00
1669.04
1669.04
3414.77
3414.77
3279.15
3279.15
3604.90
3604.90
3604.90
3604.90
4053.71
4053.71
3621.00
3621.00
3756.29
3756.29
3158.84
3158.84
3449.45
3449.45
3800.35
3800.35
3924.18
3924.18
3914.00
3914.00
2704.23
2704.23
3452.89
3452.89
4143.48
4143.48
3295.17
3295.17
3295.17
3295.17
3295.17
3295.17
3105.87
3105.87
3025.00
3025.00
3675.04
3675.04
3878.52
3878.52
3362.11
3362.11
3462.87
3462.87
888.06
888.06
3525.56
3525.56
3105.09
3105.09
2922.38
2922.38
2467.79
2467.79
3585.84
3585.84
875.56
875.56
3503.95
3503.95
35.24
35.24
1378.63
1378.63
2742.98
2742.98
2453.61
2453.61
23.51
23.51
3005.23
3005.23
3073.82
3073.82
1281.43
1281.43
3192.59
3192.59
1092.33
1092.33
2807.43
2807.43
2818.79
2818.79
3251.46
3251.46
4087.30
4087.30
2773.79
2773.79
2103.97
2103.97
77.00
77.00
1726.01
1726.01
3688.89
3688.89
3325.94
3325.94
2881.11
2881.11
2920.95
2920.95
3007.21
3007.21
3015.44
3015.44
2222.96
2222.96
1900.36
1900.36
2981.71
2981.71
3389.90
3389.90
3150.42
3150.42
506.26
506.26
1062.59
1062.59
847.09
847.09
49.05
49.05
1329.21
1329.21
1199.86
1199.86
1357.67
1357.67
44.30
44.30
3462.02
3462.02
3121.61
3121.61
2890.05
2890.05
2954.17
2954.17
2925.76
2925.76
3393.25
3393.25
2799.39
2799.39
2938.62
2938.62
2986.05
2986.05
3222.58
3222.58
10.04
10.04
33.10
33.10
3015.45
3015.45
3149.66
3149.66
83.54
83.54
3180.50
3180.50
2704.63
2704.63
2401.61
2401.61
3436.87
3436.87
808.75
808.75
12.80
12.80
1049.34
1049.34
3897.28
3897.28
2982.49
2982.49
747.69
747.69
10.00
10.00
3372.73
3372.73
2949.80
2949.80
3664.13
3664.13
1148.43
1148.43
834.44
834.44
802.56
802.56
55.72
55.72
119.14
119.14
428.62
428.62
723.21
723.21
4663.87
4663.87
13.30
13.30
1408.95
1408.95
91.40
91.40
1243.58
1243.58
1568.56
1568.56
18.26
18.26
29.97
29.97
85.47
85.47
2712.28
2712.28
3861.73
3861.73
27.71
27.71
2030.62
2030.62
3522.14
3522.14
1034.95
1034.95
3377.84
3377.84
1235.22
1235.22
3100.09
3100.09
803.05
803.05
3951.86
3951.86
2871.62
2871.62
628.79
628.79
106.57
106.57
3362.38
3362.38
222.91
222.91
157.57
157.57
975.72
975.72
238.90
238.90
16.37
16.37
170.25
170.25
3395.41
3395.41
37.07
37.07
3014.08
3014.08
131.04
131.04
3380.96
3380.96
3484.41
3484.41
24.25
24.25
1073.63
1073.63
2748.34
2748.34
40.12
40.12
181.25
181.25
10.00
10.00
1494.40
1494.40
807.84
807.84
34.92
34.92
1475.71
1475.71
3483.24
3483.24
3943.54
3943.54
1895.91
1895.91
3350.72
3350.72
3335.27
3335.27
3724.37
3724.37
3053.70
3053.70
3722.59
3722.59
3749.34
3749.34
3354.39
3354.39
4022.65
4022.65
3878.91
3878.91
13.25
13.25
2214.05
2214.05
13.20
13.20
3474.05
3474.05
370.80
370.80
5172.38
5172.38
3197.72
3197.72
1793.45
1793.45
36.63
36.63
1248.17
1248.17
3874.82
3874.82
3212.61
3212.61
945.43
945.43
2283.41
2283.41
845.16
845.16
1417.51
1417.51
3601.24
3601.24
3879.48
3879.48
159.41
159.41
1432.26
1432.26
815.79
815.79
3720.74
3720.74
3904.45
3904.45
14.62
14.62
3993.48
3993.48
54.84
54.84
3707.94
3707.94
3389.89
3389.89
30.38
30.38
3138.31
3138.31
3905.19
3905.19
3633.87
3633.87
1625.14
1625.14
3539.55
3539.55
4167.47
4167.47
3620.77
3620.77
3657.99
3657.99
34.91
34.91
51.09
51.09
464.98
464.98
2670.26
2670.26
10.00
10.00
756.64
756.64
3578.46
3578.46
3338.59
3338.59
3791.68
3791.68
3466.48
3466.48
3701.88
3701.88
3477.80
3477.80
2788.10
2788.10
1137.94
1137.94
3711.37
3711.37
1196.58
1196.58
1730.32
1730.32
90.27
90.27
3683.87
3683.87
1194.65
1194.65
3538.44
3538.44
3627.94
3627.94
3276.03
3276.03
2312.38
2312.38
3434.34
3434.34
4092.26
4092.26
3414.92
3414.92
3529.52
3529.52
3788.54
3788.54
1100.97
1100.97
18.19
18.19
3670.62
3670.62
2988.65
2988.65
3203.84
3203.84
3744.61
3744.61
71.61
71.61
2978.10
2978.10
3219.37
3219.37
3541.39
3541.39
3207.24
3207.24
3563.26
3563.26
1340.32
1340.32
3014.81
3014.81
3634.50
3634.50
3470.24
3470.24
3686.73
3686.73
3506.81
3506.81
1826.06
1826.06
242.19
242.19
1697.15
1697.15
1665.20
1665.20
2436.02
2436.02
3222.15
3222.15
3704.48
3704.48
2984.08
2984.08
1680.49
1680.49
1254.89
1254.89
3098.97
3098.97
4540.09
4540.09
3344.00
3344.00
3343.71
3343.71
3712.78
3712.78
95.10
95.10
3036.33
3036.33
3191.17
3191.17
3614.32
3614.32
3050.38
3050.38
2483.52
2483.52
1834.33
1834.33
3140.35
3140.35
3859.38
3859.38
284.09
284.09
546.28
546.28
2959.43
2959.43
3576.19
3576.19
2939.66
2939.66
3067.61
3067.61
111.38
111.38
17.03
17.03
3519.45
3519.45
1459.11
1459.11
3085.50
3085.50
3721.50
3721.50
33.04
33.04
2955.95
2955.95
787.32
787.32
46.25
46.25
3484.29
3484.29
3845.18
3845.18
3226.39
3226.39
4022.77
4022.77
3289.20
3289.20
1497.96
1497.96
3180.37
3180.37
2744.47
2744.47
2876.67
2876.67
3165.87
3165.87
3136.55
3136.55
2638.00
2638.00
2615.19
2615.19
145.01
145.01
44.04
44.04
16.76
16.76
2284.30
2284.30
2916.39
2916.39
3164.88
3164.88
365.43
365.43
3077.20
3077.20
1872.63
1872.63
3579.05
3579.05
3579.05
3012.52
3012.52
3818.45
3818.45
245.10
245.10
569.24
569.24
684.91
684.91
3312.65
3312.65
1472.16
1472.16
3425.03
3425.03
1805.91
1805.91
1045.53
1045.53
873.06
873.06
158.19
158.19
36.42
36.42
775.82
775.82
974.89
974.89
1553.25
1553.25
26.28
26.28
10.00
10.00
43.25
43.25
228.74
228.74
119.60
119.60
181.19
181.19
195.59
195.59
2145.35
2145.35
231.17
231.17
826.06
826.06
1775.84
1775.84
2039.39
2039.39
3203.17
3203.17
4577.89
4577.89
2863.87
2863.87
2893.83
2893.83
3511.68
3511.68
4076.18
4076.18
2347.31
2347.31
18.27
18.27
3053.52
3053.52
2869.34
2869.34
168.43
168.43
825.73
825.73
4156.83
4156.83
2848.80
2848.80
3307.53
3307.53
2507.76
2507.76
3316.53
3316.53
3587.52
3587.52
843.80
843.80
809.79
809.79
71.45
71.45
2055.17
2055.17
3760.27
3760.27
64.24
64.24
3412.88
3412.88
430.31
430.31
486.71
486.71
2220.20
2220.20
3033.65
3033.65
18.18
18.18
2513.12
2513.12
858.21
858.21
17.44
17.44
744.61
744.61
51.30
51.30
64.82
64.82
22.66
