# 1Hz Kbps trace generated by import_real_world_traces.py
387.54
666.90
666.90
790.02
790.02
790.02
790.02
3364.93
3364.93
3364.93
3364.93
201.73
201.73
26.40
26.40
2206.33
2206.33
2206.33
2206.33
2206.33
2206.33
2206.33
2206.33
143.77
143.77
22.43
22.43
250.56
250.56
278.74
278.74
69.94
69.94
69.94
503.55
200.22
200.22
41.39
41.39
1527.20
1527.20
1017.52
1017.52
131.84
131.84
38.14
38.14
366.27
366.27
366.27
366.27
25.87
25.87
1866.56
1866.56
1866.56
1866.56
66.50
66.50
1166.29
1166.29
1166.29
1166.29
40.15
40.15
21.98
21.98
93.12
93.12
21.05
21.05
338.42
338.42
75.27
75.27
469.69
469.69
416.48
416.48
537.03
537.03
537.03
537.03
130.33
130.33
190.05
190.05
225.05
225.05
14.53
14.53
681.02
681.02
701.62
701.62
701.26
701.26
466.01
466.01
61.09
61.09
484.11
484.11
588.47
588.47
588.47
588.47
660.97
660.97
53.15
53.15
53.15
674.94
674.94
556.50
556.50
556.50
417.18
417.18
417.18
417.18
417.18
731.63
731.63
731.63
66.66
66.66
66.66
337.46
337.46
111.39
111.39
488.40
488.40
488.40
488.40
698.83
698.83
628.56
628.56
628.56
628.56
668.08
668.08
668.08
668.08
35.65
35.65
356.74
356.74
212.13
212.13
16.15
16.15
28.06
28.06
581.51
581.51
600.99
600.99
192.50
192.50
619.12
619.12
500.27
500.27
559.60
559.60
519.40
519.40
175.58
175.58
84.31
84.31
707.38
707.38
707.38
707.38
513.88
513.88
136.73
136.73
647.43
647.43
390.45
390.45
390.45
390.45
390.45
390.45
732.55
732.55
732.55
732.55
689.19
689.19
148.87
148.87
837.32
837.32
90.72
90.72
10.00
10.00
696.18
696.18
696.18
696.18
441.75
441.75
441.75
441.75
441.75
441.75
505.45
505.45
505.45
505.45
711.15
711.15
31.62
31.62
39.40
39.40
559.04
559.04
176.16
176.16
681.57
681.57
681.57
681.57
762.57
762.57
712.44
712.44
622.25
622.25
142.27
142.27
217.18
217.18
141.49
141.49
250.47
250.47
105.45
105.45
218.16
218.16
314.91
314.91
401.43
401.43
29.21
29.21
93.13
93.13
342.26
342.26
342.81
342.81
200.75
200.75
201.92
201.92
32.28
32.28
160.06
160.06
422.39
422.39
422.39
422.39
90.80
90.80
563.87
563.87
563.87
563.87
583.92
583.92
583.92
583.92
583.92
583.92
198.97
198.97
324.17
324.17
47.38
47.38
116.90
116.90
238.28
238.28
186.69
186.69
320.32
320.32
193.05
193.05
330.91
330.91
107.71
107.71
124.72
124.72
124.72
124.72
333.26
333.26
333.26
333.26
365.94
365.94
365.94
365.94
408.70
408.70
408.70
408.70
104.45
104.45
409.56
409.56
409.56
409.56
494.73
494.73
126.82
126.82
680.94
680.94
709.00
709.00
233.29
233.29
10.00
10.00
265.76
265.76
829.88
829.88
829.88
829.88
45.61
45.61
712.14
712.14
727.87
727.87
763.86
763.86
763.86
763.86
763.86
763.86
671.07
671.07
671.07
671.07
287.82
287.82
87.05
87.05
496.51
496.51
675.59
675.59
675.59
675.59
650.49
650.49
650.49
650.49
303.88
303.88
56.65
56.65
714.57
714.57
780.95
780.95
342.76
342.76
11.49
11.49
349.78
349.78
11.43
11.43
11.43
194.30
25.58
25.58
1292.10
1292.10
177.25
177.25
55.03
55.03
331.32
331.32
219.92
219.92
92.87
92.87
708.91
708.91
186.41
186.41
1767.64
1767.64
274.13
274.13
237.80
237.80
1480.85
1480.85
136.47
136.47
1758.70
1758.70
944.71
944.71
2021.08
2021.08
554.49
554.49
2158.48
2158.48
2158.48
2158.48
77.18
77.18
495.22
495.22
495.22
495.22
117.97
117.97
179.53
179.53
249.53
249.53
269.45
269.45
502.89
502.89
221.60
221.60
485.16
485.16
78.92
78.92
89.41
89.41
233.66
233.66
185.46
185.46
420.01
420.01
420.01
420.01
498.59
498.59
568.29
568.29
548.25
548.25
370.73
370.73
370.73
370.73
291.72
291.72
57.59
57.59
516.56
516.56
258.76
258.76
38.88
38.88
610.21
610.21
617.60
617.60
63.69
63.69
650.97
650.97
415.26
415.26
494.28
494.28
549.19
549.19
608.62
608.62
13.64
13.64
405.30
405.30
86.73
86.73
477.71
477.71
563.59
563.59
563.59
563.59
134.62
134.62
300.63
300.63
320.64
320.64
47.53
47.53
154.65
154.65
421.92
421.92
550.55
550.55
138.77
138.77
430.48
430.48
533.60
533.60
305.30
305.30
429.38
429.38
429.38
429.38
638.05
638.05
727.60
727.60
733.21
733.21
92.33
92.33
596.30
596.30
812.93
812.93
812.93
812.93
485.67
485.67
167.88
167.88
688.19
688.19
688.19
688.19
688.19
688.19
624.69
624.69
624.69
624.69
782.98
782.98
782.98
782.98
782.98
782.98
782.98
782.98
136.92
136.92
772.82
772.82
80.10
80.10
253.95
253.95
253.95
253.95
21.17
21.17
59.52
59.52
427.36
427.36
112.48
112.48
35.85
35.85
800.87
800.87
679.48
679.48
661.19
661.19
552.48
552.48
174.88
174.88
205.12
205.12
66.84
66.84
378.62
378.62
758.00
758.00
758.00
758.00
95.36
95.36
741.96
741.96
866.85
866.85
866.85
866.85
866.85
866.85
116.60
116.60
500.27
500.27
727.57
727.57
36.92
36.92
361.69
361.69
372.57
372.57
451.78
451.78
359.56
359.56
689.91
689.91
541.17
541.17
68.83
68.83
358.12
358.12
777.78
777.78
475.09
475.09
685.48
685.48
685.48
685.48
736.45
736.45
736.45
736.45
685.72
685.72
574.94
574.94
612.28
612.28
715.72
715.72
715.72
715.72
715.72
715.72
536.77
536.77
38.57
38.57
706.38
706.38
362.12
362.12
226.85
226.85
454.14
454.14
249.74
249.74
531.84
531.84
62.91
62.91
617.29
617.29
509.31
509.31
485.13
485.13
497.16
497.16
497.92
497.92
146.38
146.38
72.03
72.03
389.69
389.69
31.20
31.20
529.70
529.70
455.70
455.70
455.70
455.70
546.95
546.95
430.23
430.23
631.29
631.29
540.75
540.75
540.75
540.75
120.08
120.08
81.01
81.01
682.21
682.21
421.87
421.87
675.35
675.35
679.85
679.85
678.96
678.96
554.74
554.74
70.35
70.35
386.08
386.08
747.82
747.82
619.88
619.88
664.23
664.23
664.23
664.23
850.36
850.36
850.36
850.36
715.52
715.52
13.11
13.11
31.80
31.80
756.64
756.64
10.00
10.00
27.93
27.93
107.05
107.05
452.41
452.41
823.47
823.47
823.47
823.47
646.35
646.35
19.63
19.63
10.00
10.00
405.52
405.52
144.58
144.58
219.86
219.86
576.72
576.72
596.47
596.47
111.73
111.73
351.19
351.19
542.43
542.43
375.03
375.03
363.91
363.91
614.97
614.97
28.36
28.36
655.08
655.08
627.83
627.83
612.71
612.71
612.71
612.71
612.71
612.71
770.83
770.83
770.83
770.83
110.77
110.77
53.96
53.96
782.28
782.28
782.28
782.28
782.28
782.28
192.69
192.69
107.17
107.17
653.00
653.00
299.33
299.33
396.90
396.90
122.63
122.63
828.25
828.25
576.25
576.25
735.66
735.66
614.15
614.15
614.15
118.67
76.98
76.98
293.89
293.89
764.07
764.07
737.55
737.55
737.55
737.55
737.55
737.55
350.46
350.46
359.30
359.30
687.71
687.71
687.71
687.71
689.57
689.57
689.57
689.57
28.20
28.20
679.69
679.69
679.69
679.69
683.81
683.81
683.81
683.81
683.81
683.81
747.51
747.51
784.11
784.11
80.35
80.35
323.49
323.49
214.62
214.62
289.02
289.02
308.11
308.11
321.49
321.49
321.49
321.49
441.96
441.96
436.93
436.93
41.83
41.83
417.40
417.40
417.40
417.40
534.67
534.67
534.67
534.67
416.11
416.11
416.11
416.11
416.11
416.11
195.83
195.83
332.36
332.36
211.17
211.17
247.69
247.69
271.51
271.51
530.23
530.23
695.06
695.06
481.32
481.32
718.74
718.74
662.22
662.22
808.45
808.45
869.63
869.63
95.35
95.35
925.00
925.00
819.85
819.85
819.85
819.85
66.75
66.75
117.34
117.34
334.31
334.31
87.67
87.67
694.16
694.16
36.27
36.27
399.85
399.85
410.35
410.35
10.00
10.00
10.00
13.94
795.26
795.26
115.42
115.42
124.30
124.30
1183.64
1183.64
1183.64
1183.64
1183.64
1183.64
58.97
58.97
596.89
596.89
596.89
596.89
596.89
596.89
220.19
220.19
220.19
220.19
371.40
371.40
371.40
371.40
71.18
71.18
382.77
382.77
62.74
62.74
85.70
85.70
250.91
250.91
518.98
518.98
518.98
518.98
518.98
518.98
21.77
21.77
225.14
225.14
398.68
398.68
413.77
413.77
353.04
353.04
288.53
288.53
95.46
95.46
441.15
441.15
126.65
126.65
444.27
444.27
238.07
238.07
61.81
61.81
463.80
463.80
463.80
463.80
301.20
301.20
386.67
386.67
17.84
17.84
548.31
548.31
548.31
548.31
619.76
619.76
619.76
619.76
665.38
665.38
665.38
665.38
26.93
26.93
631.48
631.48
631.48
631.48
731.10
731.10
731.10
731.10
731.10
731.10
814.65
814.65
90.53
90.53
260.11
260.11
260.11
260.11
104.19
541.51
16.48
16.48
77.76
77.76
584.36
584.36
10.00
10.00
567.15
567.15
567.15
567.15
567.15
567.15
845.02
845.02
52.42
52.42
772.97
772.97
772.97
24.53
24.53
10.00
10.00
407.34
407.34
407.34
407.34
921.58
921.58
921.58
921.58
578.77
578.77
60.26
60.26
341.41
341.41
103.23
103.23
607.36
607.36
209.27
209.27
707.67
707.67
805.84
805.84
836.56
836.56
148.02
148.02
710.78
710.78
16.44
16.44
536.19
536.19
536.19
536.19
464.90
464.90
464.90
464.90
464.90
464.90
357.44
357.44
364.81
364.81
86.23
86.23
479.08
479.08
545.99
545.99
484.44
484.44
484.44
484.44
174.79
174.79
657.97
657.97
641.44
641.44
156.46
156.46
355.44
355.44
517.36
517.36
517.36
517.36
727.83
727.83
55.01
55.01
280.38
280.38
38.11
38.11
201.49
201.49
806.61
806.61
806.61
742.17
742.17
742.17
742.17
742.17
12.20
12.20
778.14
778.14
778.14
778.14
693.02
693.02
693.02
693.02
693.02
693.02
709.33
709.33
709.33
709.33
733.29
733.29
733.29
733.29
363.04
363.04
363.04
363.04
363.04
363.04
61.49
61.49
41.76
41.76
519.73
519.73
519.73
519.73
519.73
519.73
528.54
528.54
207.45
207.45
657.68
657.68
657.68
657.68
677.20
677.20
677.20
677.20
677.20
677.20
709.97
709.97
709.97
709.97
696.05
696.05
25.10
25.10
267.00
267.00
99.72
99.72
158.17
158.17
503.98
503.98
253.05
253.05
430.27
430.27
430.27
255.25
255.25
255.25
327.34
327.34
347.36
347.36
192.09
192.09
182.69
182.69
79.45
79.45
627.35
627.35
873.14
873.14
788.09
788.09
186.82
186.82
758.63
758.63
758.63
758.63
138.12
138.12
812.38
812.38
812.38
812.38
724.55
724.55
724.55
724.55
227.85
227.85
409.55
409.55
409.55
409.55
11.55
11.55
399.89
399.89
782.60
782.60
782.60
782.60
382.81
382.81
17.68
17.68
221.52
221.52
694.32
694.32
683.95
683.95
683.95
683.95
739.23
739.23
739.23
739.23
63.87
63.87
282.08
282.08
592.67
592.67
592.67
592.67
592.67
592.67
460.32
460.32
460.32
460.32
719.27
719.27
786.77
786.77
747.42
747.42
106.50
106.50
322.89
322.89
730.83
730.83
730.83
730.83
214.92
214.92
952.70
952.70
10.00
10.00
466.00
466.00
452.58
452.58
199.33
199.33
370.93
370.93
540.77
540.77
42.73
42.73
177.96
177.96
79.65
79.65
268.99
268.99
101.06
101.06
80.20
80.20
591.13
591.13
10.00
10.00
574.59
574.59
604.70
604.70
241.85
241.85
506.89
506.89
464.34
464.34
64.24
64.24
268.85
268.85
60.53
60.53
608.09
608.09
441.93
441.93
497.98
497.98
34.15
34.15
308.81
308.81
471.80
471.80
471.80
471.80
605.11
605.11
605.11
605.11
23.86
23.86
608.85
608.85
608.85
608.85
537.19
537.19
537.19
537.19
537.19
537.19
661.39
661.39
661.39
661.39
69.46
69.46
293.72
293.72
665.51
665.51
431.45
431.45
537.66
537.66
695.24
695.24
392.54
392.54
707.15
707.15
509.71
509.71
776.31
776.31
676.34
676.34
676.34
676.34
483.69
483.69
530.12
530.12
668.31
668.31
668.31
668.31
123.58
123.58
104.75
104.75
315.57
315.57
242.41
242.41
242.41
242.41
20.19
20.19
437.10
437.10
437.10
437.10
393.65
393.65
476.46
476.46
288.55
288.55
485.50
485.50
180.94
180.94
409.07
409.07
409.07
409.07
30.67
30.67
261.09
261.09
100.57
100.57
160.72
160.72
160.72
160.72
498.33
498.33
498.33
498.33
499.63
499.63
499.63
499.63
22.51
22.51
518.36
518.36
518.36
518.36
610.32
610.32
610.32
610.32
599.77
599.77
273.72
273.72
273.72
273.72
580.28
580.28
580.28
580.28
102.61
102.61
30.16
30.16
279.29
279.29
23.68
23.68
10.00
10.00
613.22
613.22
401.38
401.38
543.70
543.70
79.14
79.14
464.80
464.80
22.83
22.83
350.73
350.73
563.83
563.83
665.40
665.40
171.99
171.99
171.42
171.42
616.96
616.96
765.73
765.73
587.64
587.64
587.64
587.64
662.72
662.72
796.94
796.94
39.62
39.62
191.93
191.93
507.67
507.67
26.54
26.54
939.03
939.03
631.55
631.55
631.55
631.55
572.91
572.91
56.83
56.83
392.31
392.31
738.95
738.95
144.41
144.41
604.53
604.53
760.93
760.93
691.76
691.76
88.74
88.74
419.62
419.62
450.60
450.60
569.15
569.15
502.73
502.73
436.30
436.30
482.91
482.91
544.09
544.09
376.72
376.72
559.64
559.64
126.01
126.01
533.87
533.87
533.87
533.87
22.70
22.70
482.10
482.10
612.25
612.25
533.76
533.76
68.84
68.84
582.29
582.29
453.79
453.79
453.79
453.79
30.85
30.85
356.71
356.71
574.85
574.85
574.85
574.85
651.82
651.82
556.61
556.61
556.61
556.61
703.04
703.04
703.04
703.04
703.04
703.04
607.32
607.32
607.32
607.32
88.43
88.43
584.21
584.21
766.64
766.64
99.17
99.17
10.00
10.00
626.23
626.23
862.37
862.37
772.52
772.52
351.84
351.84
408.72
408.72
762.35
762.35
17.41
17.41
814.70
814.70
10.00
10.00
756.67
756.67
756.67
756.67
756.67
756.67
499.20
499.20
499.20
499.20
205.96
205.96
197.13
197.13
358.80
358.80
601.42
601.42
278.44
278.44
642.92
642.92
642.92
642.92
567.77
567.77
10.00
10.00
194.68
194.68
231.36
231.36
249.25
249.25
249.25
249.25
249.25
249.25
292.62
292.62
320.85
320.85
10.00
10.00
231.57
231.57
361.16
361.16
394.59
394.59
380.93
380.93
331.99
331.99
442.37
442.37
325.64
325.64
490.91
490.91
581.84
581.84
194.10
194.10
39.81
39.81
21.73
21.73
21.73
190.30
211.09
211.09
417.14
417.14
417.14
417.14
417.14
417.14
533.48
533.48
533.48
533.48
243.13
243.13
363.24
363.24
363.24
363.24
186.46
186.46
581.97
581.97
489.29
489.29
489.29
489.29
453.82
453.82
10.00
10.00
36.31
36.31
106.99
106.99
540.46
540.46
531.19
531.19
16.21
16.21
28.94
28.94
568.72
568.72
568.72
568.72
523.69
523.69
125.48
125.48
660.94
660.94
11.33
11.33
343.17
343.17
513.62
513.62
513.62
513.62
654.36
654.36
261.10
261.10
320.18
320.18
806.97
806.97
293.56
293.56
14.56
14.56
317.72
317.72
420.78
420.78
96.11
96.11
325.37
325.37
531.65
531.65
175.62
175.62
11.92
11.92
320.68
320.68
555.50
555.50
519.47
519.47
21.97
21.97
182.02
182.02
292.78
292.78
11.78
11.78
193.30
193.30
246.76
246.76
499.60
499.60
499.60
499.60
42.71
42.71
359.86
359.86
359.86
359.86
13.68
13.68
496.58
496.58
317.70
317.70
42.89
42.89
546.32
546.32
546.32
546.32
546.32
546.32
521.15
521.15
164.99
164.99
38.97
38.97
84.73
84.73
123.62
123.62
813.45
813.45
813.45
813.45
676.67
676.67
676.67
676.67
651.49
651.49
17.43
17.43
189.04
189.04
189.04
85.30
85.30
535.96
19.55
19.55
19.55
390.37
390.37
636.49
636.49
636.49
636.49
636.49
636.49
611.25
611.25
611.25
611.25
24.49
24.49
717.65
717.65
717.65
717.65
412.59
412.59
104.86
104.86
104.10
104.10
276.49
276.49
58.78
58.78
284.82
284.82
154.98
154.98
21.37
21.37
192.12
192.12
418.89
418.89
418.89
418.89
418.89
418.89
85.30
85.30
48.96
48.96
349.49
349.49
349.49
349.49
491.98
491.98
491.98
491.98
491.98
491.98
106.41
106.41
544.17
544.17
684.91
684.91
612.49
612.49
33.61
33.61
33.61
10.00
10.00
383.06
46.87
46.87
242.76
766.24
766.24
766.24
766.24
766.24
766.24
766.24
313.49
313.49
362.90
362.90
788.69
788.69
788.69
788.69
788.69
788.69
742.28
742.28
742.28
742.28
322.25
322.25
322.25
756.34
756.34
756.34
756.34
756.34
756.34
756.34
79.02
79.02
10.00
10.00
520.50
520.50
520.50
520.50
319.23
319.23
123.51
123.51
246.67
246.67
402.38
402.38
375.45
375.45
425.37
425.37
425.37
425.37
425.37
425.37
484.20
484.20
484.20
484.20
35.89
35.89
88.59
88.59
88.59
88.59
210.05
210.05
113.98
113.98
530.74
530.74
95.50
95.50
270.59
270.59
309.27
309.27
84.81
84.81
41.55
41.55
516.32
516.32
189.90
189.90
375.38
375.38
575.30
575.30
550.80
550.80
10.00
10.00
122.02
122.02
10.00
10.00
148.81
148.81
360.28
360.28
412.98
412.98
301.50
301.50
527.18
527.18
346.05
346.05
459.57
459.57
459.57
459.57
68.22
68.22
223.75
223.75
60.31
60.31
282.86
282.86
539.49
539.49
64.45
64.45
577.21
577.21
91.17
91.17
322.51
322.51
742.98
742.98
539.61
539.61
215.61
215.61
774.35
774.35
125.73
125.73
665.41
665.41
845.02
845.02
770.02
770.02
770.02
770.02
770.02
770.02
1298.12
1298.12
1298.12
1298.12
1298.12
1298.12
1298.12
1298.12
1298.12
1298.12
121.03
121.03
354.44
354.44
671.41
671.41
671.41
671.41
251.14
251.14
138.66
138.66
103.78
103.78
269.02
269.02
429.32
429.32
22.63
22.63
287.35
287.35
287.35
287.35
377.09
377.09
377.09
377.09
446.42
446.42
446.42
446.42
471.00
471.00
35.56
35.56
197.52
197.52
342.28
342.28
342.28
342.28
545.65
545.65
545.65
545.65
545.65
545.65
534.48
534.48
534.48
534.48
396.35
396.35
396.35
396.35
539.85
539.85
539.85
539.85
539.85
539.85
442.32
442.32
442.32
442.32
511.44
511.44
511.44
511.44
511.44
511.44
465.49
465.49
465.49
465.49
623.46
623.46
570.43
570.43
542.53
542.53
542.53
542.53
21.55
21.55
696.09
696.09
379.50
379.50
148.22
148.22
363.42
363.42
490.50
490.50
62.18
62.18
567.86
567.86
256.02
256.02
302.00
302.00
703.19
703.19
24.56
24.56
269.95
269.95
697.17
697.17
63.79
63.79
163.55
163.55
513.31
513.31
544.93
544.93
201.53
201.53
446.66
446.66
104.96
104.96
833.38
833.38
709.70
709.70
812.61
812.61
695.30
695.30
779.20
779.20
778.53
778.53
750.73
750.73
750.73
750.73
735.04
735.04
735.04
735.04
735.04
735.04
742.31
742.31
742.31
742.31
762.63
762.63
762.63
762.63
336.25
336.25
759.56
759.56
865.64
865.64
791.05
791.05
1826.22
1826.22
739.50
739.50
13.39
13.39
22.79
22.79
1007.21
1007.21
37.03
37.03
727.85
727.85
727.85
727.85
1356.51
1356.51
1356.51
2006.04
1664.77
1664.77
1664.77
1664.77
1664.77
1664.77
1664.77
1664.77
1664.77
1664.77
1664.77
1664.77
1664.77
1664.77
1664.77
1664.77
285.16
285.16
299.49
299.49
379.43
379.43
446.00
446.00
478.25
478.25
262.52
262.52
469.81
469.81
562.88
562.88
562.88
562.88
562.88
562.88
488.22
488.22
10.00
10.00
26.82
26.82
288.50
288.50
288.50
288.50
534.56
534.56
534.56
55.48
55.48
471.88
471.88
471.88
471.88
557.67
557.67
557.67
557.67
54.48
54.48
681.26
681.26
566.64
566.64
619.96
619.96
622.15
622.15
622.15
622.15
285.85
285.85
399.14
399.14
600.39
600.39
777.93
777.93
52.06
52.06
85.56
85.56
721.78
721.78
678.25
678.25
129.68
129.68
320.16
320.16
320.16
320.16
399.34
399.34
641.43
641.43
19.02
19.02
743.49
743.49
743.49
743.49
35.73
35.73
10.00
10.00
938.27
938.27
793.56
793.56
727.73
727.73
725.96
725.96
101.66
101.66
60.02
60.02
562.12
562.12
663.04
663.04
663.04
663.04
599.91
599.91
928.13
928.13
65.26
65.26
113.39
113.39
232.09
232.09
245.22
245.22
447.93
447.93
178.88
178.88
136.80
136.80
588.17
588.17
144.42
144.42
668.30
668.30
14.26
14.26
330.93
330.93
351.98
351.98
147.86
147.86
71.05
71.05
310.31
310.31
667.43
667.43
667.43
667.43
667.43
667.43
337.92
337.92
60.65
60.65
688.66
688.66
688.66
688.66
731.06
731.06
731.06
731.06
731.06
731.06
731.06
731.06
731.06
731.06
738.74
738.74
738.74
738.74
738.74
738.74
558.42
558.42
22.30
22.30
744.82
744.82
744.82
744.82
508.14
508.14
508.14
508.14
508.14
508.14
639.69
639.69
236.61
236.61
10.00
10.00
339.78
339.78
403.16
403.16
82.36
82.36
417.74
417.74
19.71
19.71
362.82
362.82
727.37
727.37
753.64
753.64
753.64
753.64
732.48
732.48
732.48
732.48
740.01
740.01
688.79
688.79
551.30
551.30
397.91
397.91
802.88
802.88
549.12
549.12
549.12
549.12
217.34
217.34
380.62
380.62
18.43
18.43
349.88
349.88
286.00
286.00
219.97
219.97
366.66
366.66
419.51
419.51
527.80
527.80
527.80
527.80
503.95
503.95
503.95
503.95
393.33
393.33
393.33
393.33
393.33
393.33
669.74
669.74
669.74
669.74
713.33
713.33
713.33
713.33
713.33
713.33
723.15
723.15
723.15
723.15
798.68
798.68
40.96
40.96
683.27
683.27
683.27
683.27
80.25
80.25
434.31
434.31
434.31
434.31
24.21
24.21
221.03
221.03
163.57
163.57
239.21
239.21
84.30
84.30
799.41
799.41
799.41
799.41
781.33
781.33
781.33
781.33
781.33
781.33
104.90
104.90
206.51
206.51
573.76
573.76
10.00
10.00
517.30
517.30
22.71
22.71
89.97
89.97
540.64
540.64
540.64
540.64
574.24
574.24
479.66
479.66
479.66
479.66
18.53
18.53
207.33
207.33
861.08
861.08
861.08
861.08
743.02
743.02
743.02
743.02
743.02
743.02
772.78
772.78
772.78
772.78
822.33
822.33
822.33
822.33
430.88
430.88
568.88
568.88
245.43
245.43
286.03
286.03
100.15
100.15
591.85
591.85
591.85
591.85
591.85
591.85
484.30
484.30
484.30
484.30
393.53
393.53
26.64
26.64
41.54
41.54
429.77
429.77
429.77
429.77
370.30
370.30
351.20
351.20
374.94
374.94
104.52
104.52
259.38
259.38
373.51
373.51
373.51
373.51
92.24
92.24
92.24
92.24
92.24
349.39
665.06
665.06
665.06
665.06
670.05
670.05
670.05
670.05
689.95
689.95
689.95
689.95
72.79
72.79
219.46
219.46
250.91
250.91
686.04
686.04
686.04
686.04
56.36
56.36
551.93
551.93
115.25
115.25
622.98
622.98
622.98
622.98
733.35
733.35
733.35
733.35
733.35
733.35
20.53
20.53
56.28
56.28
56.82
56.82
10.00
10.00
215.95
215.95
582.63
582.63
63.24
63.24
641.73
641.73
641.73
641.73
566.43
566.43
566.43
566.43
10.00
10.00
492.30
492.30
492.30
492.30
623.27
623.27
623.27
623.27
623.27
623.27
428.89
428.89
428.89
428.89
385.95
385.95
299.04
299.04
647.77
647.77
679.20
679.20
576.01
576.01
214.91
214.91
519.16
519.16
519.16
519.16
251.56
251.56
40.65
40.65
562.47
562.47
19.65
19.65
448.31
448.31
448.31
448.31
649.33
649.33
649.33
649.33
649.33
649.33
641.97
641.97
641.97
641.97
723.50
723.50
723.50
723.50
41.39
41.39
728.45
728.45
728.45
728.45
772.60
772.60
772.60
772.60
673.53
673.53
161.75
161.75
165.45
165.45
41.49
41.49
57.78
57.78
13.50
13.50
157.85
157.85
157.85
157.85
341.61
341.61
341.61
341.61
396.08
396.08
396.08
396.08
322.17
322.17
322.17
322.17
322.17
322.17
397.56
397.56
397.56
397.56
413.42
413.42
545.14
545.14
211.84
211.84
498.50
498.50
498.50
498.50
476.15
476.15
476.15
476.15
667.83
667.83
667.83
667.83
667.83
667.83
64.69
64.69
663.90
663.90
566.64
566.64
660.22
660.22
572.50
572.50
496.79
496.79
496.79
496.79
496.79
496.79
496.79
496.79
617.49
617.49
617.49
617.49
617.49
617.49
737.27
737.27
737.27
737.27
91.29
91.29
18.86
18.86
337.05
337.05
470.77
470.77
470.77
470.77
85.93
85.93
333.67
333.67
741.51
741.51
741.51
741.51
741.51
741.51
491.01
491.01
491.01
491.01
735.40
735.40
603.77
603.77
714.70
714.70
782.77
782.77
782.77
782.77
750.98
750.98
750.98
750.98
846.84
846.84
42.90
42.90
217.94
217.94
730.67
730.67
730.67
730.67
228.75
228.75
364.18
364.18
364.18
364.18
915.10
915.10
915.10
915.10
158.36
158.36
272.60
272.60
173.62
173.62
308.17
308.17
146.07
146.07
82.43
82.43
431.13
431.13
507.25
507.25
507.25
507.25
128.40
128.40
421.19
421.19
421.19
421.19
563.52
563.52
563.52
563.52
385.94
385.94
729.36
729.36
13.53
13.53
440.68
440.68
81.66
81.66
107.59
107.59
657.77
657.77
657.77
657.77
657.77
657.77
657.77
657.77
277.36
277.36
703.19
703.19
722.80
722.80
722.80
722.80
22.43
22.43
700.16
700.16
700.16
700.16
601.01
601.01
113.25
113.25
651.93
651.93
44.88
44.88
435.33
435.33
698.01
698.01
602.51
602.51
637.85
637.85
637.85
637.85
752.69
752.69
712.83
712.83
712.83
712.83
505.59
505.59
505.59
505.59
505.59
505.59
788.27
788.27
19.07
19.07
771.81
771.81
771.81
771.81
666.34
666.34
666.34
666.34
72.62
72.62
275.44
275.44
184.09
184.09
727.30
727.30
727.30
727.30
778.97
778.97
778.97
778.97
778.97
778.97
110.12
110.12
300.48
300.48
549.05
549.05
549.05
549.05
26.32
26.32
114.41
114.41
84.44
84.44
311.55
311.55
22.80
22.80
161.92
161.92
35.28
35.28
275.77
275.77
280.43
280.43
280.43
280.43
299.90
299.90
299.90
299.90
10.00
10.00
411.40
411.40
209.41
209.41
112.31
112.31
165.04
165.04
426.86
426.86
375.35
375.35
375.35
375.35
115.83
115.83
19.73
19.73
396.70
396.70
382.01
382.01
405.28
405.28
545.90
545.90
545.90
545.90
553.47
553.47
548.27
548.27
246.90
246.90
248.53
248.53
338.78
338.78
163.48
163.48
210.22
210.22
38.81
38.81
238.02
238.02
238.02
238.02
400.41
400.41
400.41
400.41
520.70
520.70
180.86
180.86
565.62
565.62
565.62
565.62
565.62
565.62
675.65
675.65
675.65
675.65
496.01
496.01
674.36
674.36
674.36
674.36
553.25
553.25
239.38
239.38
549.99
549.99
474.92
474.92
474.92
90.52
901.93
901.93
832.19
832.19
832.19
832.19
56.89
56.89
653.43
653.43
653.43
653.43
653.43
653.43
653.43
653.43
653.43
653.43
653.43
653.43
653.43
653.43
180.19
180.19
84.66
84.66
228.64
228.64
342.89
342.89
342.89
342.89
361.70
361.70
108.05
108.05
349.66
349.66
391.86
391.86
18.19
18.19
40.23
40.23
215.10
215.10
488.07
488.07
126.02
126.02
511.39
511.39
348.17
348.17
471.05
471.05
500.44
500.44
500.44
500.44
500.44
500.44
639.81
639.81
639.81
639.81
337.63
337.63
45.24
45.24
650.79
650.79
58.42
58.42
653.93
653.93
178.97
178.97
289.18
289.18
485.15
485.15
485.15
485.15
125.01
125.01
63.76
63.76
359.19
359.19
673.32
673.32
673.32
673.32
479.71
479.71
479.71
479.71
479.71
479.71
773.73
773.73
773.73
773.73
799.74
799.74
29.01
29.01
175.41
175.41
366.89
366.89
366.89
366.89
583.05
583.05
583.05
583.05
564.80
564.80
564.80
564.80
564.80
564.80
564.80
536.70
536.70
536.70
536.70
738.73
738.73
738.73
715.10
715.10
715.10
715.10
715.10
212.99
212.99
656.16
656.16
42.73
42.73
626.30
626.30
626.30
626.30
626.30
626.30
414.54
414.54
414.54
414.54
121.16
121.16
713.67
713.67
411.96
411.96
411.96
411.96
411.96
411.96
27.09
27.09
189.51
272.50
272.50
272.50
314.62
314.62
137.79
137.79
411.78
411.78
411.78
411.78
154.38
154.38
214.80
214.80
379.49
379.49
173.00
173.00
447.84
447.84
93.11
93.11
317.62
317.62
487.98
487.98
128.41
128.41
224.80
224.80
71.24
71.24
164.94
164.94
60.51
60.51
28.69
28.69
406.51
406.51
28.64
28.64
147.59
147.59
433.34
433.34
94.24
94.24
435.99
435.99
435.99
435.99
435.99
435.99
217.58
217.58
299.23
299.23
597.46
597.46
175.79
175.79
689.31
689.31
27.50
27.50
217.33
217.33
507.11
507.11
673.07
673.07
725.28
725.28
725.28
725.28
725.28
725.28
778.71
778.71
778.71
778.71
175.42
175.42
263.30
263.30
812.47
812.47
275.13
275.13
275.13
275.13
741.43
741.43
741.43
741.43
146.84
146.84
146.84
146.84
182.64
182.64
789.80
789.80
789.80
789.80
563.80
563.80
784.85
784.85
414.86
414.86
63.36
63.36
322.94
322.94
240.51
240.51
240.51
240.51
605.27
605.27
96.44
96.44
295.85
295.85
95.77
95.77
17.80
17.80
39.98
39.98
227.84
227.84
184.90
184.90
293.48
293.48
293.48
293.48
169.70
169.70
175.21
175.21
281.25
281.25
325.00
325.00
325.00
325.00
424.94
424.94
424.94
424.94
482.93
482.93
482.93
482.93
593.86
593.86
95.71
95.71
188.49
188.49
515.74
515.74
515.74
515.74
55.39
55.39
700.38
700.38
700.38
700.38
82.85
82.85
361.64
361.64
128.54
128.54
546.39
546.39
391.54
391.54
391.54
391.54
391.54
391.54
668.75
668.75
668.75
668.75
689.33
689.33
689.33
689.33
39.75
39.75
110.64
110.64
326.74
326.74
437.43
437.43
437.43
437.43
437.43
437.43
262.82
262.82
326.46
326.46
708.10
708.10
708.10
708.10
146.62
146.62
1085.31
1085.31
387.67
387.67
699.01
699.01
43.14
43.14
217.90
217.90
1067.90
1067.90
1403.29
1403.29
315.42
315.42
1153.72
1153.72
1223.19
1223.19
126.92
126.92
1760.02
1760.02
2483.22
2483.22
314.97
314.97
633.41
633.41
188.29
188.29
671.84
671.84
2282.32
2282.32
67.55
67.55
75.93
75.93
297.50
297.50
655.96
655.96
428.53
428.53
922.14
922.14
1333.62
1333.62
1214.05
1214.05
1697.11
1697.11
1697.11
1697.11
599.51
599.51
599.51
599.51
159.64
159.64
223.89
223.89
308.20
308.20
87.08
87.08
232.32
232.32
489.88
489.88
22.69
22.69
239.43
239.43
154.87
154.87
263.45
263.45
160.26
160.26
64.03
64.03
581.75
581.75
581.75
581.75
581.75
581.75
687.37
687.37
184.23
184.23
675.29
675.29
675.29
675.29
818.76
818.76
969.07
969.07
969.07
969.07
741.77
741.77
285.08
285.08
752.14
752.14
752.14
752.14
752.14
752.14
752.14
752.14
752.14
752.14
691.38
691.38
691.38
691.38
691.38
691.38
612.54
612.54
612.54
612.54
323.15
323.15
323.15
323.15
547.04
547.04
547.04
547.04
302.57
302.57
301.38
301.38
493.27
493.27
543.21
543.21
108.92
108.92
222.36
222.36
54.41
54.41
385.70
385.70
502.36
502.36
343.26
343.26
629.67
629.67
562.51
562.51
635.18
635.18
35.23
35.23
340.89
340.89
659.31
659.31
712.53
712.53
774.24
774.24
724.79
724.79
724.79
724.79
718.69
718.69
718.69
718.69
753.36
753.36
10.00
10.00
10.00
10.00
284.72
284.72
128.00
128.00
572.84
572.84
572.84
572.84
572.84
572.84
923.04
923.04
923.04
923.04
704.31
704.31
704.31
704.31
42.98
42.98
411.20
411.20
411.20
411.20
221.26
221.26
363.00
363.00
166.24
166.24
339.42
339.42
424.91
424.91
974.80
974.80
974.80
974.80
460.57
460.57
718.37
718.37
719.32
719.32
719.32
719.32
719.32
719.32
894.34
894.34
894.34
894.34
786.77
786.77
61.88
61.88
768.92
768.92
898.57
898.57
335.33
335.33
351.44
351.44
351.44
351.44
460.14
460.14
824.85
824.85
826.89
826.89
826.89
826.89
826.89
826.89
826.89
826.89
676.08
676.08
748.03
748.03
748.03
748.03
984.91
984.91
109.49
109.49
23.02
23.02
1056.85
1056.85
81.67
81.67
220.68
220.68
77.12
77.12
175.45
175.45
66.72
66.72
191.81
191.81
365.85
365.85
352.05
352.05
317.40
317.40
187.59
187.59
466.90
466.90
570.52
570.52
513.89
513.89
646.48
646.48
593.36
593.36
541.32
541.32
708.76
708.76
708.76
708.76
680.46
680.46
680.46
680.46
680.46
680.46
411.48
411.48
411.48
411.48
551.19
551.19
606.13
606.13
681.13
681.13
431.07
431.07
431.07
431.07
471.25
471.25
588.13
588.13
507.63
507.63
641.48
641.48
641.48
641.48
538.17
538.17
773.72
773.72
689.15
689.15
689.15
689.15
689.15
689.15
808.42
808.42
808.42
808.42
748.00
748.00
748.00
748.00
748.48
748.48
748.48
748.48
748.48
748.48
748.48
748.48
748.48
748.48
719.75
719.75
719.75
719.75
719.75
719.75
715.98
715.98
715.98
715.98
241.42
241.42
401.11
401.11
623.76
623.76
595.39
595.39
595.39
595.39
63.14
63.14
183.27
183.27
654.16
654.16
654.16
654.16
654.16
654.16
637.20
637.20
637.20
637.20
759.93
759.93
759.93
759.93
619.32
619.32
619.32
619.32
619.32
619.32
755.04
755.04
26.03
26.03
772.24
772.24
772.24
772.24
772.24
772.24
101.85
101.85
888.88
888.88
163.29
163.29
212.41
212.41
2320.72
2320.72
2320.72
2320.72
57.56
57.56
807.85
807.85
2266.16
2266.16
2081.50
2081.50
2081.50
2081.50
2081.50
2081.50
930.80
930.80
930.80
930.80
930.80
930.80
930.80
930.80
68.04
68.04
144.38
144.38
250.49
250.49
428.88
428.88
526.29
526.29
530.54
530.54
629.77
629.77
629.77
629.77
688.03
688.03
688.03
688.03
616.25
616.25
616.25
616.25
691.37
691.37
691.37
691.37
691.37
691.37
547.35
547.35
547.35
547.35
24.70
24.70
265.63
265.63
621.61
621.61
621.61
621.61
621.61
621.61
462.20
462.20
462.20
462.20
486.44
486.44
486.44
486.44
618.96
618.96
522.79
522.79
522.79
522.79
615.50
615.50
615.50
615.50
540.60
540.60
540.60
540.60
540.60
540.60
479.27
479.27
479.27
479.27
690.02
690.02
690.02
690.02
690.02
690.02
64.24
64.24
259.58
259.58
221.90
221.90
431.83
431.83
584.85
584.85
584.85
584.85
584.85
584.85
316.64
316.64
343.51
343.51
28.07
28.07
779.73
779.73
779.73
779.73
792.30
792.30
617.02
617.02
764.25
764.25
764.25
764.25
722.42
722.42
722.42
722.42
108.33
108.33
735.33
735.33
735.33
735.33
744.57
744.57
542.40
542.40
307.65
307.65
641.83
641.83
641.83
641.83
726.40
726.40
726.40
726.40
163.16
163.16
35.94
35.94
234.33
234.33
698.63
698.63
698.63
698.63
849.05
849.05
630.68
630.68
127.20
127.20
29.76
29.76
261.76
261.76
616.51
616.51
571.13
571.13
546.64
546.64
546.64
546.64
546.64
546.64
709.79
709.79
709.79
709.79
806.30
806.30
49.27
49.27
122.44
122.44
729.39
729.39
729.39
729.39
450.96
450.96
51.80
51.80
647.13
647.13
575.51
575.51
828.30
828.30
674.48
674.48
69.97
69.97
711.76
711.76
711.76
711.76
43.60
43.60
746.49
746.49
746.49
746.49
14.47
14.47
14.47
428.51
428.51
631.34
631.34
893.53
893.53
774.56
774.56
870.69
870.69
692.65
692.65
937.37
937.37
937.37
937.37
46.08
46.08
933.31
933.31
933.31
933.31
713.21
713.21
713.21
713.21
318.99
318.99
17.25
17.25
246.73
246.73
706.17
706.17
706.17
706.17
726.62
726.62
726.62
726.62
726.62
726.62
804.32
804.32
804.32
804.32
284.94
284.94
10.00
10.00
437.96
437.96
854.60
854.60
720.32
720.32
772.44
772.44
62.90
62.90
704.04
704.04
704.04
704.04
704.04
704.04
424.21
424.21
65.74
65.74
535.22
535.22
535.22
535.22
512.31
512.31
90.74
90.74
176.46
176.46
641.91
641.91
641.91
641.91
641.91
641.91
13.92
13.92
244.71
244.71
675.45
675.45
675.45
675.45
455.57
455.57
455.57
455.57
87.45
87.45
91.60
91.60
985.09
985.09
985.09
985.09
985.09
985.09
304.20
304.20
27.61
27.61
273.89
273.89
480.38
480.38
41.26
41.26
483.69
483.69
674.15
674.15
577.24
577.24
686.29
686.29
686.29
686.29
661.73
661.73
661.73
661.73
661.73
661.73
631.29
631.29
631.29
631.29
689.02
689.02
757.10
757.10
747.09
747.09
747.09
747.09
173.00
173.00
378.12
378.12
378.12
378.12
869.15
869.15
869.15
869.15
734.14
734.14
1056.06
1056.06
428.76
428.76
1705.36
1705.36
77.12
77.12
539.53
539.53
151.15
151.15
842.62
842.62
2316.06
2316.06
77.63
77.63
915.74
915.74
52.95
52.95
1553.65
1553.65
1553.65
1553.65
1553.65
1553.65
1553.65
1553.65
1553.65
1553.65
301.89
301.89
301.89
301.89
466.94
466.94
88.20
88.20
108.52
108.52
267.14
267.14
311.18
311.18
36.86
36.86
401.27
401.27
482.14
482.14
499.87
499.87
573.60
573.60
174.51
174.51
232.72
232.72
560.44
560.44
101.78
101.78
285.32
285.32
653.61
653.61
653.61
653.61
10.00
10.00
570.91
570.91
40.08
40.08
924.21
924.21
924.21
924.21
779.21
779.21
779.21
779.21
778.36
778.36
778.36
778.36
803.55
803.55
803.55
803.55
945.55
945.55
772.73
772.73
82.16
82.16
283.04
283.04
26.78
26.78
924.70
924.70
719.04
719.04
973.12
973.12
973.12
973.12
973.12
973.12
973.12
973.12
21.75
21.75
181.87
181.87
855.36
855.36
855.36
855.36
855.36
855.36
1015.45
1015.45
36.57
36.57
851.33
851.33
851.33
851.33
851.33
851.33
851.33
851.33
56.21
56.21
800.39
800.39
446.30
446.30
790.68
790.68
790.68
790.68
692.43
692.43
777.00
777.00
777.00
777.00
496.23
496.23
496.23
496.23
391.44
391.44
303.31
303.31
354.67
354.67
124.83
124.83
17.36
17.36
293.62
293.62
414.96
414.96
277.17
277.17
451.12
451.12
451.12
451.12
482.17
482.17
572.19
572.19
681.80
681.80
681.80
681.80
681.80
681.80
599.29
599.29
599.29
599.29
530.14
530.14
530.14
530.14
530.14
530.14
677.65
677.65
677.65
677.65
562.52
562.52
562.52
562.52
698.40
698.40
698.40
698.40
698.40
698.40
670.61
670.61
670.61
670.61
792.17
792.17
103.18
103.18
289.42
289.42
61.62
61.62
279.71
279.71
759.11
759.11
759.11
759.11
298.94
298.94
298.94
298.94
12.89
12.89
856.85
856.85
22.47
22.47
772.42
772.42
772.42
772.42
772.42
772.42
893.16
893.16
22.35
22.35
527.85
527.85
527.85
527.85
10.00
10.00
91.09
91.09
107.55
107.55
77.89
77.89
282.77
282.77
83.98
83.98
192.36
192.36
663.29
663.29
115.48
115.48
277.72
277.72
337.13
337.13
337.13
337.13
100.21
100.21
150.81
150.81
208.24
208.24
197.26
197.26
253.45
253.45
233.13
233.13
233.13
233.13
350.00
350.00
16.98
16.98
259.49
259.49
420.88
420.88
420.88
420.88
400.86
400.86
400.86
400.86
400.86
400.86
420.54
420.54
420.54
420.54
716.05
716.05
615.61
615.61
661.63
661.63
751.13
751.13
751.13
751.13
751.13
751.13
751.13
751.13
548.72
548.72
31.47
31.47
233.26
233.26
700.90
700.90
700.90
700.90
747.45
747.45
747.45
747.45
426.96
426.96
426.96
426.96
426.96
426.96
335.88
335.88
335.88
335.88
511.07
511.07
171.42
171.42
171.42
171.42
796.14
796.14
796.14
796.14
786.89
786.89
58.82
58.82
819.24
819.24
819.24
819.24
819.24
819.24
627.14
627.14
627.14
627.14
853.62
853.62
20.92
20.92
205.81
205.81
855.01
855.01
855.01
855.01
865.21
865.21
223.88
223.88
748.24
748.24
748.24
748.24
748.24
748.24
609.99
609.99
609.99
609.99
46.37
46.37
101.61
101.61
523.85
523.85
392.26
392.26
392.26
392.26
321.18
321.18
86.58
86.58
526.76
526.76
458.97
458.97
657.49
657.49
196.95
196.95
336.26
336.26
699.81
699.81
324.17
324.17
600.52
600.52
694.76
694.76
694.76
694.76
691.06
691.06
691.06
691.06
627.08
627.08
106.72
106.72
199.20
199.20
755.72
755.72
66.67
66.67
392.25
392.25
392.25
392.25
392.25
392.25
40.99
40.99
274.94
274.94
690.69
690.69
690.69
690.69
168.63
168.63
313.38
313.38
33.98
33.98
408.18
408.18
48.90
48.90
114.57
114.57
413.64
413.64
87.05
87.05
381.75
381.75
381.75
381.75
686.00
686.00
686.00
686.00
518.50
518.50
150.91
150.91
196.42
196.42
532.88
532.88
532.88
532.88
592.70
592.70
751.14
751.14
751.06
751.06
751.06
751.06
751.06
751.06
875.41
875.41
875.41
875.41
65.44
65.44
30.08
30.08
244.15
244.15
478.65
478.65
478.65
478.65
347.87
347.87
464.53
464.53
812.68
812.68
812.68
812.68
178.48
178.48
386.70
386.70
984.07
984.07
73.63
73.63
271.98
271.98
639.14
639.14
999.20
999.20
1024.21
1024.21
952.66
952.66
952.66
952.66
952.66
952.66
952.66
952.66
952.66
952.66
952.66
952.66
952.66
952.66
952.66
952.66
10.00
10.00
33.18
33.18
85.91
85.91
102.20
102.20
257.51
257.51
257.51
257.51
245.30
245.30
238.78
238.78
297.40
297.40
303.25
303.25
304.00
304.00
352.46
352.46
469.07
469.07
466.59
466.59
287.02
287.02
98.42
98.42
679.08
679.08
679.08
679.08
618.61
618.61
618.61
618.61
618.61
618.61
618.61
809.48
809.48
809.48
984.31
984.31
944.32
944.32
528.53
528.53
528.53
528.53
437.16
437.16
437.16
437.16
536.86
536.86
536.86
536.86
536.86
536.86
902.40
902.40
902.40
902.40
904.51
904.51
904.51
904.51
832.45
832.45
832.45
832.45
168.69
168.69
872.89
872.89
872.89
872.89
846.35
846.35
846.35
846.35
846.35
846.35
493.92
493.92
493.92
493.92
813.31
813.31
813.31
813.31
259.37
259.37
259.37
259.37
455.95
455.95
778.75
778.75
778.75
778.75
174.73
174.73
99.55
99.55
356.06
356.06
52.79
52.79
337.61
337.61
301.93
301.93
301.93
301.93
157.15
157.15
198.27
198.27
342.25
342.25
348.67
348.67
348.67
348.67
84.94
84.94
440.22
440.22
106.60
106.60
754.41
754.41
754.94
754.94
727.00
727.00
727.00
727.00
754.11
754.11
754.11
754.11
754.11
754.11
670.66
670.66
30.61
30.61
627.48
627.48
627.48
627.48
806.74
806.74
806.74
806.74
105.43
105.43
482.53
482.53
482.53
482.53
773.12
773.12
773.12
773.12
773.12
773.12
43.66
43.66
319.99
319.99
782.55
782.55
782.55
782.55
733.00
733.00
733.00
733.00
733.00
733.00
821.62
821.62
821.62
821.62
770.69
770.69
770.69
770.69
770.69
770.69
563.27
563.27
563.27
563.27
738.70
738.70
738.70
738.70
760.75
760.75
760.75
760.75
133.81
133.81
777.05
777.05
777.05
777.05
797.48
797.48
797.48
797.48
797.48
797.48
671.05
671.05
19.67
19.67
120.97
120.97
168.40
168.40
432.16
432.16
432.16
432.16
432.16
432.16
897.02
897.02
897.02
897.02
897.02
897.02
86.84
86.84
136.18
136.18
49.10
49.10
135.43
135.43
166.40
166.40
56.11
56.11
238.76
238.76
286.65
286.65
25.41
25.41
366.55
366.55
424.69
424.69
379.63
379.63
360.98
360.98
333.70
333.70
499.43
499.43
517.40
517.40
440.60
440.60
440.60
440.60
456.68
456.68
588.40
588.40
588.40
588.40
458.45
458.45
458.45
458.45
266.63
266.63
80.80
80.80
280.85
280.85
167.40
167.40
226.22
226.22
424.84
424.84
424.84
424.84
584.45
584.45
532.61
532.61
492.34
492.34
691.17
691.17
910.11
910.11
910.11
910.11
910.11
910.11
910.11
910.11
857.71
857.71
857.71
857.71
735.67
735.67
735.67
735.67
735.67
735.67
735.67
735.67
735.67
735.67
871.54
871.54
871.54
871.54
822.35
822.35
905.51
905.51
905.51
905.51
42.67
42.67
106.28
106.28
914.49
914.49
914.49
914.49
914.49
914.49
27.00
27.00
528.07
528.07
528.07
528.07
923.73
923.73
881.86
881.86
881.86
881.86
881.86
881.86
1132.63
1132.63
1132.63
1132.63
762.54
762.54
560.99
560.99
1806.92
1806.92
1045.01
1045.01
2012.52
2012.52
2012.52
2012.52
2275.10
2275.10
2267.95
2267.95
344.28
344.28
1531.78
1531.78
2820.60
2820.60
2731.79
2731.79
3512.95
3512.95
3512.95
3512.95
3512.95
3512.95
3512.95
3512.95
122.42
122.42
888.49
888.49
888.49
888.49
960.06
960.06
960.06
960.06
2179.63
2179.63
2179.63
2179.63
2179.63
2179.63
2179.63
2179.63
2179.63
2179.63
2179.63
2179.63
2179.63
2179.63
18.05
18.05
237.61
237.61
368.18
368.18
399.97
399.97
401.37
401.37
396.84
396.84
574.52
574.52
584.08
584.08
490.29
490.29
490.29
490.29
490.29
490.29
490.29
490.29
22.64
22.64
514.14
514.14
531.57
531.57
516.89
516.89
389.32
389.32
626.92
626.92
626.92
626.92
626.92
626.92
608.59
608.59
608.59
608.59
636.46
636.46
636.46
636.46
421.04
421.04
547.06
547.06
547.06
547.06
553.40
553.40
553.40
553.40
766.23
766.23
766.23
766.23
766.23
766.23
766.23
766.23
766.23
766.23
732.14
732.14
585.69
585.69
807.78
807.78
785.81
785.81
785.81
785.81
813.89
813.89
813.89
813.89
892.16
892.16
892.16
892.16
892.16
892.16
799.57
799.57
799.57
799.57
805.64
805.64
805.64
805.64
805.64
805.64
749.64
749.64
749.64
749.64
796.80
796.80
796.80
796.80
772.81
772.81
772.81
772.81
772.81
772.81
763.45
763.45
763.45
763.45
770.79
770.79
770.79
770.79
770.79
770.79
145.57
145.57
247.17
247.17
155.79
155.79
235.30
235.30
712.69
712.69
712.69
712.69
712.69
712.69
688.64
688.64
819.79
819.79
1013.87
1013.87
2355.66
2355.66
648.68
648.68
764.62
764.62
41.00
41.00
889.21
889.21
320.75
320.75
795.82
795.82
2235.96
2235.96
602.49
602.49
748.33
748.33
748.33
748.33
748.33
748.33
748.33
748.33
20.99
20.99
554.57
554.57
56.90
56.90
200.87
200.87
356.23
356.23
478.61
478.61
478.61
478.61
478.61
478.61
578.83
578.83
578.83
578.83
574.64
574.64
574.64
574.64
574.64
574.64
651.26
651.26
60.03
60.03
601.36
601.36
601.36
601.36
726.37
726.37
726.37
726.37
103.19
103.19
758.55
758.55
67.04
67.04
707.25
707.25
30.38
30.38
838.84
838.84
23.59
23.59
949.72
949.72
788.92
788.92
1033.90
1033.90
788.74
788.74
999.32
999.32
999.32
999.32
833.71
833.71
833.71
833.71
18.06
18.06
91.20
91.20
91.20
91.20
91.20
91.20
91.20
614.33
100.97
100.97
37.28
37.28
667.00
667.00
667.00
667.00
229.83
229.83
746.78
746.78
941.83
941.83
81.59
81.59
814.51
814.51
1319.56
1319.56
433.64
433.64
697.05
697.05
851.20
851.20
2825.84
2825.84
2825.84
2825.84
2825.84
2825.84
138.66
138.66
812.05
812.05
812.05
812.05
812.05
812.05
812.05
812.05
812.05
812.05
1726.44
1726.44
140.22
140.22
223.17
223.17
543.77
543.77
594.78
594.78
594.78
594.78
594.78
594.78
242.13
242.13
242.13
242.13
387.50
387.50
357.75
357.75
440.27
440.27
637.13
637.13
637.13
637.13
21.73
21.73
329.07
329.07
118.37
118.37
321.57
321.57
749.60
749.60
716.89
716.89
716.89
716.89
192.44
192.44
294.87
294.87
294.87
294.87
629.29
629.29
629.29
629.29
726.54
726.54
726.54
726.54
286.23
286.23
743.34
743.34
743.34
743.34
22.78
22.78
362.90
362.90
744.87
744.87
744.87
744.87
519.12
519.12
974.21
974.21
974.21
974.21
778.01
778.01
778.01
778.01
778.01
778.01
778.01
778.01
778.01
778.01
599.53
599.53
705.58
705.58
845.55
845.55
845.55
845.55
955.82
955.82
1019.55
1019.55
1019.55
1019.55
959.60
959.60
959.60
959.60
959.60
959.60
959.60
959.60
1157.51
1157.51
25.93
25.93
660.53
660.53
743.20
743.20
743.20
743.20
743.20
743.20
1327.90
1327.90
1381.58
1381.58
469.47
469.47
1164.12
1164.12
1164.12
1164.12
1164.12
1164.12
1164.12
1164.12
1164.12
1164.12
1164.12
1164.12
1164.12
1164.12
1164.12
1164.12
1164.12
1164.12
152.32
152.32
246.50
246.50
475.90
475.90
475.90
475.90
663.70
663.70
663.70
663.70
663.70
663.70
676.69
676.69
676.69
676.69
676.69
633.73
633.73
633.73
633.73
633.73
701.05
701.05
701.05
701.05
701.05
717.28
717.28
717.28
717.28
134.07
134.07
309.31
309.31
309.31
309.31
397.56
397.56
397.56
397.56
82.00
82.00
42.52
682.60
682.60
682.60
682.60
682.60
682.60
682.60
757.47
757.47
757.47
757.47
757.47
757.47
757.47
757.47
757.47
757.47
250.97
250.97
266.33
266.33
84.81
84.81
167.70
167.70
392.15
392.15
392.15
392.15
388.81
388.81
392.01
392.01
592.46
592.46
492.49
492.49
595.93
595.93
518.14
518.14
566.32
566.32
21.52
21.52
740.86
740.86
740.86
740.86
834.23
834.23
834.23
834.23
647.76
647.76
607.68
607.68
810.41
810.41
795.69
795.69
795.69
795.69
547.95
547.95
756.61
756.61
756.61
756.61
733.67
733.67
683.77
660.13
660.13
660.13
660.13
660.13
739.11
739.11
847.47
847.47
847.47
847.47
76.70
76.70
506.97
506.97
509.48
509.48
760.81
760.81
760.81
760.81
817.73
817.73
817.73
833.90
833.90
833.90
833.90
833.90
833.90
833.90
738.85
738.85
738.85
738.85
737.56
737.56
737.56
737.56
737.56
737.56
1015.50
1015.50
1015.50
1015.50
753.72
753.72
753.72
869.17
869.17
869.17
869.17
869.17
869.17
869.17
879.33
879.33
879.33
879.33
807.45
807.45
807.45
807.45
807.45
807.45
942.03
942.03
942.03
942.03
768.99
768.99
768.99
768.99
733.70
733.70
733.70
733.70
733.70
733.70
282.06
282.06
393.99
393.99
857.25
857.25
857.25
857.25
111.89
111.89
881.40
881.40
881.40
881.40
881.40
881.40
881.40
881.40
693.76
693.76
693.76
693.76
693.76
693.76
19.88
19.88
311.18
311.18
792.35
792.35
792.35
792.35
792.35
792.35
1030.37
1030.37
1030.37
1030.37
1030.37
1030.37
1030.37
1030.37
843.42
843.42
843.42
843.42
843.42
843.42
781.26
781.26
781.26
781.26
63.52
63.52
415.35
415.35
415.35
415.35
964.69
964.69
964.69
964.69
828.41
828.41
40.41
40.41
641.29
641.29
641.29
641.29
641.29
641.29
667.45
667.45
667.45
667.45
800.22
800.22
800.22
800.22
687.50
687.50
687.50
687.50
687.50
687.50
798.30
798.30
798.30
798.30
758.51
758.51
758.51
758.51
758.51
758.51
287.72
287.72
323.79
323.79
161.61
161.61
151.30
151.30
114.70
114.70
20.79
20.79
257.16
257.16
522.44
522.44
522.44
522.44
79.82
79.82
282.23
282.23
284.28
284.28
756.19
756.19
756.19
756.19
685.55
685.55
685.55
685.55
771.35
771.35
771.35
771.35
771.35
771.35
788.48
788.48
788.48
788.48
258.58
258.58
258.58
258.58
258.58
258.58
710.83
710.83
710.83
710.83
771.13
771.13
771.13
771.13
771.13
771.13
771.13
771.13
771.13
771.13
801.04
801.04
801.04
801.04
784.04
784.04
784.04
784.04
784.04
784.04
371.47
371.47
371.47
371.47
764.84
764.84
764.84
764.84
794.82
794.82
794.82
794.82
794.82
794.82
384.57
384.57
384.57
384.57
741.40
741.40
741.40
741.40
741.40
741.40
783.00
783.00
783.00
783.00
781.02
781.02
781.02
781.02
657.31
657.31
657.31
657.31
657.31
657.31
657.31
657.31
657.31
657.31
492.26
492.26
492.26
492.26
492.26
492.26
640.36
640.36
640.36
640.36
726.74
726.74
726.74
726.74
766.93
766.93
766.93
766.93
766.93
766.93
822.70
822.70
822.70
822.70
810.91
810.91
810.91
810.91
810.91
810.91
798.63
798.63
119.25
119.25
885.45
885.45
885.45
885.45
608.09
608.09
608.09
608.09
608.09
608.09
375.70
375.70
375.70
375.70
663.37
663.37
20.82
20.82
204.11
204.11
553.44
553.44
58.74
58.74
486.79
486.79
486.79
486.79
589.92
589.92
589.92
589.92
82.18
82.18
562.06
562.06
562.06
562.06
493.69
493.69
493.69
493.69
493.69
493.69
689.74
689.74
689.74
689.74
334.56
334.56
334.56
334.56
792.74
792.74
792.74
792.74
792.74
792.74
739.15
739.15
739.15
739.15
916.19
916.19
916.19
916.19
916.19
916.19
238.24
238.24
238.24
238.24
536.13
536.13
536.13
536.13
808.45
808.45
808.45
808.45
191.90
191.90
650.28
650.28
650.28
650.28
106.32
106.32
333.15
333.15
333.15
333.15
18.36
18.36
62.47
62.47
15.74
15.74
368.19
368.19
737.04
737.04
227.52
227.52
10.00
10.00
39.23
39.23
309.30
309.30
87.27
87.27
358.59
358.59
672.20
672.20
734.61
734.61
734.61
734.61
667.01
667.01
667.01
667.01
324.19
324.19
109.70
109.70
264.98
264.98
749.68
749.68
749.68
749.68
264.67
264.67
379.47
379.47
379.47
379.47
646.56
646.56
646.56
646.56
751.89
751.89
751.89
751.89
626.19
626.19
835.13
835.13
15.26
15.26
772.05
772.05
772.05
772.05
796.10
796.10
796.10
796.10
796.10
796.10
912.00
912.00
912.00
912.00
753.60
753.60
753.60
753.60
795.34
795.34
795.34
795.34
795.34
795.34
789.43
789.43
789.43
789.43
770.09
770.09
22.78
22.78
369.46
369.46
726.91
726.91
726.91
726.91
952.19
952.19
952.19
952.19
767.32
767.32
106.91
106.91
84.59
84.59
535.49
535.49
535.49
535.49
782.73
782.73
782.73
782.73
145.24
145.24
131.47
131.47
147.90
147.90
28.26
28.26
570.90
570.90
662.42
662.42
662.42
662.42
662.42
662.42
688.43
688.43
688.43
688.43
760.98
760.98
760.98
760.98
760.98
760.98
155.96
155.96
763.30
763.30
805.60
805.60
805.60
805.60
805.60
805.60
805.60
805.60
805.60
805.60
16.68
16.68
39.51
39.51
352.31
352.31
485.91
485.91
468.95
468.95
203.84
203.84
212.92
212.92
501.99
501.99
501.99
501.99
70.31
70.31
245.16
245.16
295.98
295.98
563.65
563.65
563.65
563.65
529.93
529.93
529.93
529.93
529.93
529.93
250.37
250.37
289.09
289.09
629.72
629.72
470.76
470.76
723.98
723.98
723.98
723.98
723.98
723.98
783.47
783.47
606.90
606.90
776.97
776.97
776.97
776.97
776.97
776.97
802.89
802.89
802.89
802.89
818.62
818.62
818.62
818.62
802.47
802.47
802.47
802.47
802.47
802.47
802.47
802.47
754.79
754.79
750.34
750.34
750.34
750.34
750.34
750.34
868.53
868.53
868.53
868.53
781.79
781.79
781.79
781.79
767.30
767.30
767.30
767.30
767.30
767.30
995.83
995.83
995.83
995.83
907.23
907.23
907.23
907.23
856.23
856.23
61.14
61.14
345.47
345.47
175.30
175.30
285.55
285.55
181.49
181.49
241.80
241.80
317.92
317.92
676.99
676.99
676.99
676.99
676.99
676.99
676.99
676.99
661.73
661.73
661.73
661.73
661.73
661.73
737.55
737.55
737.55
737.55
580.51
580.51
580.51
580.51
580.51
580.51
119.93
119.93
235.72
235.72
688.93
688.93
147.79
147.79
838.72
838.72
838.72
838.72
838.72
838.72
637.39
637.39
687.10
687.10
806.56
806.56
806.56
806.56
770.64
770.64
770.64
1680.10
2478.87
2478.87
2478.87
2478.87
2478.87
2478.87
2135.84
2135.84
2135.84
2135.84
46.42
46.42
175.22
175.22
453.26
453.26
244.28
244.28
340.67
340.67
358.31
358.31
428.48
428.48
495.69
495.69
246.55
246.55
252.05
252.05
343.26
343.26
48.45
48.45
131.49
131.49
517.00
517.00
69.78
69.78
508.98
508.98
508.98
508.98
508.98
508.98
562.76
562.76
562.76
562.76
532.29
532.29
532.29
532.29
595.59
595.59
595.59
595.59
595.59
595.59
624.95
624.95
26.60
26.60
212.23
212.23
582.02
582.02
322.88
322.88
646.41
646.41
241.17
241.17
619.92
619.92
522.78
522.78
593.09
593.09
593.09
593.09
593.09
593.09
38.18
38.18
177.84
177.84
561.79
561.79
561.79
561.79
561.79
561.79
656.23
656.23
656.23
656.23
63.23
63.23
101.02
101.02
519.07
519.07
519.07
519.07
519.07
519.07
519.07
519.07
519.07
519.07
506.09
506.09
506.09
506.09
182.30
182.30
447.07
447.07
447.07
447.07
582.92
582.92
582.92
582.92
483.97
483.97
565.80
565.80
565.80
565.80
316.26
316.26
316.26
316.26
677.52
677.52
165.21
165.21
495.10
495.10
810.06
810.06
810.06
810.06
810.06
810.06
810.06
810.06
810.06
661.44
661.44
30.46
30.46
279.12
279.12
689.37
689.37
689.37
689.37
74.72
74.72
240.14
240.14
240.14
240.14
725.92
725.92
725.92
725.92
725.92
725.92
725.92
725.92
739.41
739.41
739.41
739.41
739.41
739.41
666.61
666.61
666.61
666.61
796.24
796.24
796.24
796.24
147.69
147.69
77.36
77.36
263.77
263.77
57.09
57.09
287.55
85.42
85.42
85.42
214.75
214.75
239.81
239.81
167.69
167.69
23.02
23.02
168.43
168.43
262.40
262.40
159.95
159.95
332.47
332.47
148.92
148.92
492.34
492.34
492.34
492.34
583.72
583.72
583.72
583.72
583.72
583.72
530.85
530.85
530.85
530.85
605.76
605.76
605.76
605.76
605.76
605.76
596.01
596.01
596.01
596.01
686.39
686.39
686.39
686.39
331.82
331.82
331.82
331.82
331.82
331.82
368.19
368.19
368.19
368.19
678.63
678.63
678.63
678.63
678.63
678.63
760.00
760.00
182.44
182.44
500.07
500.07
500.07
500.07
742.73
742.73
742.73
742.73
742.73
742.73
206.74
206.74
267.79
267.79
27.21
27.21
156.06
156.06
203.06
203.06
102.85
102.85
281.37
281.37
709.53
709.53
709.53
709.53
744.67
744.67
744.67
744.67
744.67
744.67
792.16
792.16
792.16
792.16
609.97
609.97
609.97
609.97
609.97
609.97
843.88
843.88
12.16
12.16
504.80
504.80
504.80
504.80
798.21
798.21
798.21
798.21
861.25
861.25
486.25
486.25
612.63
612.63
773.74
773.74
773.74
773.74
735.19
735.19
836.95
836.95
836.95
836.95
67.68
67.68
392.64
392.64
591.17
591.17
591.17
591.17
591.17
591.17
61.80
61.80
394.78
394.78
687.05
687.05
95.52
95.52
301.40
301.40
170.25
170.25
305.06
305.06
468.99
468.99
468.99
468.99
641.51
641.51
641.51
641.51
641.51
641.51
316.71
316.71
316.71
316.71
555.35
555.35
631.64
631.64
517.38
517.38
774.22
774.22
774.22
774.22
107.58
107.58
402.67
402.67
835.17
835.17
835.17
835.17
835.17
835.17
216.15
216.15
146.66
146.66
75.24
75.24
75.24
184.98
1975.89
1975.89
1502.44
1502.44
1502.44
1502.44
2409.46
2409.46
3370.41
3370.41
10.00
10.00
199.27
199.27
626.38
626.38
708.00
708.00
581.70
581.70
550.25
550.25
1270.92
1270.92
1411.04
1411.04
1325.74
1325.74
1325.74
1325.74
1325.74
1325.74
280.55
280.55
224.81
224.81
238.25
238.25
453.17
453.17
1033.32
1033.32
1033.32
1033.32
1033.32
1033.32
1236.86
1236.86
844.20
844.20
844.20
844.20
969.29
969.29
49.83
49.83
377.95
377.95
80.61
80.61
67.68
67.68
112.78
112.78
332.29
332.29
298.87
298.87
389.69
389.69
389.69
389.69
493.31
493.31
452.57
452.57
452.57
452.57
460.20
460.20
68.17
68.17
598.67
598.67
391.87
391.87
391.87
391.87
591.46
591.46
591.46
591.46
553.47
553.47
594.55
594.55
300.74
300.74
124.68
124.68
236.62
236.62
712.37
712.37
712.37
712.37
778.34
778.34
778.34
778.34
778.34
778.34
41.80
41.80
103.39
103.39
24.68
24.68
341.77
341.77
787.28
787.28
787.28
787.28
787.28
787.28
756.50
756.50
756.50
756.50
798.11
798.11
798.11
798.11
798.11
798.11
909.30
909.30
909.30
909.30
891.30
891.30
891.30
891.30
68.70
68.70
337.96
337.96
337.96
337.96
885.13
885.13
885.13
885.13
56.35
56.35
281.19
281.19
293.28
293.28
780.04
780.04
780.04
780.04
236.84
236.84
236.84
236.84
713.90
713.90
713.90
713.90
713.90
713.90
676.59
676.59
676.59
676.59
826.14
826.14
826.14
826.14
826.14
826.14
110.41
110.41
32.32
32.32
94.39
94.39
247.80
247.80
573.44
573.44
573.44
573.44
573.44
573.44
600.55
600.55
600.55
600.55
70.28
70.28
280.63
280.63
21.39
21.39
531.97
531.97
531.97
531.97
723.75
723.75
723.75
723.75
35.16
35.16
460.85
460.85
460.85
460.85
394.15
394.15
394.15
394.15
600.76
600.76
600.76
600.76
600.76
600.76
640.35
640.35
640.35
640.35
789.53
789.53
789.53
789.53
861.12
861.12
861.12
861.12
861.12
861.12
22.80
22.80
316.95
316.95
806.23
806.23
806.23
806.23
806.23
806.23
359.31
359.31
517.34
517.34
683.06
683.06
178.29
178.29
803.31
803.31
803.31
803.31
803.31
803.31
734.41
734.41
734.41
734.41
235.83
235.83
371.54
371.54
468.69
468.69
473.01
473.01
473.01
473.01
627.46
627.46
627.46
627.46
246.23
246.23
349.59
349.59
653.17
653.17
787.73
787.73
787.73
787.73
85.35
85.35
232.71
232.71
110.36
110.36
272.04
272.04
387.78
387.78
22.99
22.99
275.48
275.48
683.72
683.72
555.92
555.92
555.92
555.92
754.31
754.31
754.31
754.31
779.94
779.94
779.94
779.94
791.11
791.11
791.11
791.11
791.11
791.11
375.25
375.25
375.25
375.25
797.07
797.07
797.07
797.07
797.07
797.07
144.15
144.15
243.99
243.99
758.55
758.55
758.55
758.55
155.54
155.54
230.39
230.39
230.39
230.39
725.87
725.87
725.87
725.87
195.48
195.48
220.36
220.36
450.28
450.28
892.13
892.13
892.13
892.13
804.92
804.92
804.92
804.92
814.66
814.66
67.26
67.26
196.31
196.31
929.84
929.84
929.84
929.84
641.12
641.12
641.12
641.12
105.70
105.70
220.71
220.71
246.07
246.07
792.20
792.20
792.20
792.20
729.99
729.99
729.99
729.99
729.99
729.99
364.66
364.66
364.66
364.66
515.12
515.12
515.12
515.12
515.12
515.12
862.27
862.27
862.27
862.27
766.79
766.79
766.79
766.79
805.36
805.36
805.36
805.36
805.36
805.36
458.52
458.52
458.52
458.52
787.27
787.27
787.27
787.27
187.60
187.60
654.99
654.99
18.90
18.90
703.05
703.05
703.05
703.05
739.28
739.28
739.28
739.28
64.63
64.63
787.33
787.33
787.33
787.33
840.59
840.59
840.59
840.59
840.59
840.59
825.04
825.04
825.04
825.04
805.90
805.90
805.90
805.90
42.57
42.57
19.40
19.40
356.41
356.41
368.38
368.38
477.74
477.74
477.74
616.96
904.70
904.70
2827.37
2827.37
2995.61
2995.61
3217.89
3217.89
26.92
26.92
107.20
107.20
3153.21
3153.21
2376.95
2376.95
2376.95
2376.95
2376.95
2376.95
2376.95
2376.95
2376.95
2376.95
2376.95
2376.95
2376.95
2376.95
2376.95
2376.95
42.48
42.48
601.51
601.51
762.21
762.21
810.59
810.59
705.80
705.80
257.69
257.69
48.00
48.00
968.87
968.87
865.00
865.00
865.00
865.00
865.00
865.00
772.21
772.21
772.21
772.21
359.46
359.46
359.46
359.46
792.56
792.56
792.56
792.56
725.86
725.86
687.12
687.12
687.12
687.12
270.21
270.21
312.12
312.12
445.70
445.70
726.83
726.83
726.83
726.83
126.78
126.78
296.54
296.54
746.79
746.79
746.79
746.79
746.79
746.79
834.42
834.42
219.00
219.00
38.66
38.66
903.94
903.94
903.94
903.94
803.97
803.97
803.97
803.97
823.84
823.84
823.84
823.84
746.54
746.54
230.39
230.39
29.36
29.36
574.84
574.84
113.97
113.97
686.67
686.67
686.67
686.67
211.71
211.71
765.12
765.12
132.98
132.98
126.58
126.58
327.65
327.65
695.62
695.62
695.62
695.62
606.03
606.03
596.30
596.30
54.25
54.25
672.13
672.13
624.91
624.91
624.91
624.91
330.38
330.38
563.70
563.70
521.93
521.93
713.35
713.35
605.06
605.06
605.06
605.06
605.06
605.06
606.28
606.28
772.61
772.61
752.82
752.82
700.61
700.61
700.61
700.61
768.73
768.73
867.24
867.24
866.65
866.65
866.65
866.65
803.97
803.97
803.97
803.97
803.97
803.97
36.90
36.90
308.39
308.39
736.01
736.01
736.01
736.01
736.01
736.01
756.94
756.94
756.94
756.94
267.17
267.17
311.93
311.93
660.37
660.37
660.37
660.37
660.37
660.37
713.27
713.27
26.52
26.52
762.76
762.76
762.76
762.76
762.76
762.76
31.91
31.91
298.07
298.07
711.97
711.97
711.97
711.97
812.04
812.04
812.04
812.04
812.04
812.04
682.27
682.27
682.27
682.27
803.25
803.25
66.84
66.84
250.70
250.70
883.03
883.03
883.03
883.03
758.61
758.61
758.61
758.61
87.59
87.59
263.92
263.92
263.92
263.92
289.78
289.78
407.61
407.61
304.44
304.44
304.44
304.44
304.44
304.44
532.63
532.63
532.63
532.63
483.63
483.63
483.63
483.63
508.70
508.70
508.70
508.70
508.70
52.67
52.67
552.88
552.88
552.88
552.88
608.63
608.63
608.63
608.63
608.63
608.63
608.63
608.63
608.63
608.63
514.62
514.62
514.62
514.62
641.15
641.15
641.15
641.15
641.15
641.15
634.70
634.70
634.70
634.70
520.86
520.86
520.86
520.86
516.13
516.13
516.13
516.13
516.13
516.13
79.18
79.18
257.54
257.54
358.04
358.04
358.04
358.04
358.04
358.04
662.30
662.30
662.30
662.30
741.88
741.88
44.85
44.85
555.77
555.77
189.81
189.81
189.81
189.81
278.66
278.66
297.30
297.30
745.89
745.89
38.48
38.48
315.17
315.17
615.61
615.61
61.58
61.58
792.72
792.72
101.53
756.31
756.31
756.31
756.31
756.31
756.31
756.31
648.70
648.70
62.87
62.87
427.02
427.02
427.02
427.02
427.02
427.02
753.99
753.99
753.99
753.99
77.99
77.99
134.80
134.80
590.08
590.08
590.08
590.08
590.08
590.08
570.40
570.40
570.40
570.40
482.18
482.18
482.18
482.18
482.18
482.18
100.67
100.67
68.50
68.50
110.78
110.78
430.37
430.37
430.37
430.37
430.37
430.37
53.98
53.98
448.94
448.94
26.52
26.52
559.54
559.54
559.54
559.54
559.54
559.54
704.25
704.25
704.25
704.25
518.04
518.04
518.04
642.35
642.35
642.35
642.35
642.35
642.35
642.35
30.15
30.15
268.52
268.52
37.30
37.30
269.31
269.31
269.31
269.31
19.81
19.81
317.21
317.21
696.01
696.01
696.01
696.01
659.51
659.51
659.51
659.51
659.51
659.51
123.16
123.16
294.61
294.61
523.38
523.38
523.38
523.38
523.38
523.38
798.58
798.58
798.58
798.58
275.63
275.63
88.88
88.88
747.78
747.78
747.78
747.78
747.78
747.78
722.56
722.56
722.56
722.56
614.39
614.39
697.70
697.70
333.75
333.75
19.68
19.68
16.59
16.59
339.65
339.65
339.65
339.65
689.25
689.25
689.25
689.25
689.25
689.25
20.16
20.16
378.68
378.68
667.36
667.36
10.00
10.00
280.98
280.98
824.53
824.53
824.53
824.53
404.56
404.56
404.56
404.56
131.17
131.17
134.54
134.54
293.25
293.25
696.34
696.34
696.34
696.34
221.65
221.65
259.78
259.78
354.57
354.57
354.57
354.57
354.57
354.57
682.39
682.39
59.80
59.80
479.49
479.49
479.49
479.49
224.98
224.98
41.89
41.89
10.81
10.81
39.16
39.16
288.04
288.04
516.83
516.83
516.83
516.83
516.83
516.83
139.95
139.95
139.95
139.95
690.36
690.36
690.36
690.36
690.36
690.36
571.22
571.22
555.87
555.87
547.95
547.95
547.95
547.95
767.06
767.06
767.06
767.06
767.06
767.06
831.63
831.63
831.63
831.63
697.79
697.79
697.79
697.79
61.12
61.12
757.20
757.20
35.70
35.70
670.73
670.73
670.73
670.73
473.77
473.77
473.77
473.77
473.77
473.77
624.26
624.26
205.49
205.49
755.49
755.49
755.49
755.49
755.49
755.49
643.36
643.36
643.36
643.36
733.28
733.28
156.93
156.93
718.27
718.27
718.27
718.27
718.27
718.27
755.34
755.34
18.84
18.84
511.45
511.45
511.45
511.45
511.45
511.45
722.71
722.71
722.71
722.71
574.81
574.81
32.43
32.43
662.66
662.66
63.29
63.29
144.56
144.56
639.65
639.65
639.65
639.65
639.65
639.65
639.65
639.65
639.65
639.65
662.86
662.86
662.86
662.86
165.07
165.07
276.73
276.73
703.14
703.14
703.14
703.14
703.14
703.14
794.09
794.09
794.09
794.09
794.09
794.09
794.09
794.09
794.09
794.09
675.96
675.96
675.96
675.96
675.96
323.15
722.08
722.08
567.38
567.38
567.38
567.38
48.32
48.32
221.66
221.66
291.33
291.33
446.22
446.22
446.22
446.22
446.22
446.22
524.41
524.41
524.41
524.41
652.56
652.56
652.56
652.56
114.17
114.17
196.32
196.32
272.81
272.81
345.98
345.98
345.98
345.98
34.04
34.04
41.13
41.13
358.30
358.30
199.60
199.60
261.21
261.21
563.29
563.29
563.29
563.29
749.25
749.25
749.25
749.25
749.25
749.25
670.44
670.44
670.44
670.44
738.61
738.61
713.32
713.32
713.32
713.32
35.05
35.05
330.82
330.82
579.01
579.01
579.01
579.01
787.66
787.66
787.66
787.66
72.57
72.57
445.21
445.21
445.21
445.21
711.83
711.83
711.83
711.83
711.83
711.83
21.19
21.19
831.20
831.20
886.20
886.20
886.20
886.20
254.66
254.66
303.37
303.37
303.37
303.37
738.72
738.72
738.72
738.72
829.50
829.50
829.50
829.50
31.75
31.75
164.63
164.63
73.67
73.67
112.18
112.18
123.55
123.55
712.39
712.39
1333.63
1333.63
411.47
411.47
1712.72
1712.72
1572.73
1572.73
850.20
850.20
874.70
874.70
3597.04
3597.04
946.34
946.34
946.34
946.34
250.40
250.40
345.85
345.85
143.55
143.55
28.61
28.61
316.67
316.67
289.23
289.23
198.01
198.01
337.00
337.00
370.54
370.54
414.78
414.78
16.49
16.49
103.56
103.56
396.33
396.33
396.33
396.33
497.14
497.14
107.99
107.99
421.03
421.03
34.85
34.85
91.52
91.52
466.72
466.72
466.72
384.90
421.53
421.53
570.65
570.65
570.65
570.65
471.35
471.35
471.35
471.35
452.65
452.65
452.65
486.90
549.97
549.97
61.72
61.72
24.93
24.93
752.03
752.03
723.20
723.20
750.95
750.95
805.75
805.75
805.75
805.75
178.26
178.26
236.56
236.56
677.45
677.45
677.45
677.45
677.45
677.45
35.35
35.35
377.07
377.07
278.29
278.29
322.40
322.40
365.96
365.96
778.39
778.39
778.39
778.39
735.26
735.26
735.26
735.26
267.32
267.32
278.17
278.17
418.02
418.02
749.33
749.33
791.87
791.87
505.13
505.13
505.13
505.13
505.13
505.13
910.42
910.42
910.42
910.42
780.53
780.53
780.53
780.53
163.76
163.76
329.48
329.48
351.08
351.08
26.17
26.17
605.54
605.54
509.41
509.41
509.41
509.41
509.41
509.41
97.32
97.32
666.71
666.71
663.71
663.71
663.71
663.71
496.12
496.12
38.90
38.90
52.09
52.09
567.94
567.94
567.94
567.94
499.28
499.28
499.28
499.28
499.28
499.28
667.28
667.28
667.28
667.28
696.58
696.58
19.09
19.09
777.13
777.13
777.13
777.13
777.13
777.13
621.06
621.06
647.73
647.73
684.17
684.17
684.17
684.17
329.73
329.73
329.73
329.73
329.73
329.73
490.24
490.24
490.24
490.24
796.90
796.90
796.90
796.90
796.90
796.90
861.55
861.55
844.92
844.92
788.12
788.12
788.12
788.12
305.78
305.78
305.78
305.78
354.44
354.44
532.16
532.16
532.16
532.16
56.61
56.61
291.33
291.33
647.85
647.85
688.80
688.80
533.54
533.54
334.74
334.74
334.74
334.74
385.34
385.34
16.11
16.11
666.45
666.45
534.99
534.99
125.68
125.68
47.08
47.08
233.20
233.20
239.72
239.72
616.95
616.95
616.95
616.95
206.56
206.56
221.50
221.50
439.29
439.29
439.29
439.29
439.29
439.29
584.50
584.50
584.50
584.50
10.00
10.00
200.70
200.70
202.19
202.19
698.40
698.40
698.40
698.40
126.08
126.08
357.59
357.59
68.13
68.13
664.41
664.41
62.57
62.57
751.09
751.09
751.09
751.09
711.95
711.95
711.95
711.95
711.95
711.95
792.35
792.35
792.35
792.35
680.97
680.97
680.97
680.97
680.97
680.97
497.49
497.49
497.49
497.49
251.71
251.71
313.04
313.04
779.70
779.70
779.70
779.70
779.70
779.70
888.32
888.32
888.32
888.32
826.27
826.27
826.27
826.27
677.07
677.07
677.07
677.07
677.07
677.07
760.86
760.86
760.86
760.86
43.26
43.26
407.19
407.19
407.19
407.19
361.38
361.38
361.38
361.38
624.02
624.02
624.02
624.02
730.08
730.08
730.08
730.08
730.08
730.08
325.56
325.56
325.56
325.56
714.45
714.45
714.45
714.45
714.45
714.45
520.36
520.36
520.36
520.36
730.64
730.64
730.64
730.64
730.64
730.64
355.70
355.70
695.88
695.88
763.98
763.98
763.98
763.98
204.58
204.58
505.93
505.93
31.69
31.69
377.08
377.08
159.91
159.91
1888.63
1888.63
65.73
65.73
835.06
835.06
835.06
835.06
1881.80
1881.80
1216.46
1216.46
448.55
448.55
10.00
10.00
1027.04
1027.04
1337.39
1337.39
1337.39
1337.39
1337.39
1337.39
785.04
785.04
131.90
131.90
131.90
841.45
841.45
860.90
860.90
860.90
860.90
148.16
148.16
391.65
391.65
296.22
296.22
595.70
595.70
595.70
595.70
104.95
104.95
544.79
544.79
496.78
496.78
598.32
598.32
498.17
498.17
656.79
656.79
656.79
656.79
667.17
667.17
667.17
667.17
544.43
544.43
670.94
670.94
703.16
703.16
704.79
704.79
704.79
704.79
75.36
75.36
666.88
666.88
790.85
790.85
790.85
790.85
790.85
790.85
297.23
297.23
390.67
390.67
843.85
843.85
843.85
843.85
759.46
759.46
397.78
397.78
535.92
535.92
801.22
801.22
812.07
812.07
159.29
159.29
427.06
427.06
460.43
460.43
709.16
709.16
709.16
709.16
265.14
265.14
434.92
434.92
571.92
571.92
755.58
755.58
52.04
52.04
747.75
747.75
853.16
853.16
529.86
529.86
529.86
529.86
971.95
971.95
591.89
591.89
591.89
591.89
11.83
11.83
373.47
373.47
420.96
420.96
617.64
617.64
831.78
831.78
549.45
549.45
549.45
549.45
659.94
659.94
212.96
212.96
842.80
842.80
419.91
419.91
419.91
419.91
600.26
600.26
600.26
600.26
24.12
24.12
46.05
46.05
113.13
113.13
718.03
718.03
718.03
718.03
719.57
719.57
719.57
719.57
719.57
719.57
768.78
768.78
768.78
768.78
868.38
868.38
868.38
868.38
868.38
868.38
66.93
66.93
290.29
290.29
924.86
924.86
924.86
924.86
751.55
751.55
751.55
751.55
751.55
751.55
150.89
150.89
26.32
26.32
767.42
767.42
767.42
767.42
767.42
767.42
640.14
640.14
640.14
640.14
105.70
105.70
302.09
302.09
561.70
561.70
561.70
561.70
561.70
561.70
491.45
491.45
491.45
491.45
578.03
578.03
103.23
103.23
311.60
311.60
709.52
709.52
709.52
709.52
565.34
565.34
565.34
565.34
337.63
337.63
337.63
337.63
337.63
337.63
21.09
21.09
147.84
147.84
448.09
448.09
448.09
448.09
177.43
177.43
129.03
129.03
151.14
151.14
242.31
242.31
220.46
220.46
269.76
269.76
22.07
22.07
62.00
62.00
411.29
411.29
411.29
411.29
43.14
43.14
293.32
293.32
456.92
456.92
76.01
76.01
110.55
110.55
698.78
698.78
20.86
20.86
595.16
595.16
595.16
595.16
595.16
595.16
750.44
750.44
97.75
97.75
64.19
64.19
429.44
429.44
807.86
807.86
807.86
807.86
807.86
807.86
807.42
807.42
807.42
807.42
701.75
701.75
701.75
701.75
173.82
173.82
682.26
682.26
682.26
682.26
183.81
183.81
119.06
119.06
540.89
540.89
540.89
540.89
10.56
10.56
506.10
506.10
584.72
584.72
138.78
138.78
138.78
243.38
296.82
296.82
534.56
534.56
534.56
534.56
548.53
548.53
548.53
548.53
497.04
497.04
497.04
497.04
497.04
497.04
95.03
95.03
229.78
229.78
214.80
214.80
299.54
299.54
299.54
299.54
719.00
719.00
20.13
20.13
877.61
877.61
877.61
877.61
829.80
829.80
829.80
829.80
829.80
829.80
829.80
829.80
829.80
829.80
857.32
857.32
857.32
857.32
857.32
857.32
83.28
83.28
297.89
297.89
721.81
721.81
679.27
679.27
209.91
209.91
800.24
800.24
211.87
211.87
564.51
564.51
564.51
564.51
772.79
772.79
76.77
76.77
244.79
244.79
850.76
850.76
745.95
745.95
772.13
772.13
150.56
150.56
793.41
793.41
793.41
793.41
793.41
793.41
226.47
226.47
38.28
38.28
818.92
818.92
818.92
818.92
818.92
818.92
894.62
894.62
894.62
894.62
143.83
143.83
329.60
329.60
892.34
892.34
28.98
28.98
204.19
204.19
57.44
57.44
203.80
203.80
561.82
561.82
561.82
561.82
561.82
561.82
760.69
760.69
760.69
760.69
738.87
738.87
738.87
738.87
77.63
77.63
297.56
297.56
79.68
79.68
593.47
593.47
593.47
593.47
621.96
621.96
621.96
621.96
621.96
621.96
663.96
663.96
663.96
663.96
42.97
42.97
200.90
200.90
717.87
717.87
769.79
769.79
769.79
769.79
771.76
771.76
771.76
771.76
303.23
303.23
303.23
303.23
303.23
303.23
797.39
797.39
551.17
551.17
749.81
749.81
749.81
749.81
811.87
811.87
811.87
811.87
811.87
811.87
773.46
773.46
38.83
38.83
416.19
416.19
416.19
416.19
445.69
445.69
445.69
445.69
445.69
445.69
110.22
110.22
293.45
293.45
737.57
737.57
737.57
737.57
737.57
737.57
786.54
786.54
786.54
786.54
669.23
669.23
119.91
119.91
848.86
848.86
799.51
799.51
106.35
106.35
851.06
851.06
851.06
851.06
398.10
398.10
398.10
398.10
398.10
398.10
586.58
586.58
586.58
586.58
50.54
50.54
45.59
45.59
512.67
512.67
512.67
512.67
512.67
512.67
489.88
489.88
769.94
769.94
700.40
700.40
700.40
700.40
106.34
106.34
723.75
723.75
723.75
723.75
644.87
644.87
644.87
644.87
233.01
233.01
377.94
377.94
377.94
377.94
717.54
717.54
717.54
717.54
750.87
750.87
750.87
750.87
750.87
750.87
751.53
751.53
751.53
751.53
694.59
694.59
694.59
694.59
68.56
68.56
456.83
456.83
456.83
456.83
747.33
747.33
168.09
168.09
717.28
717.28
717.28
717.28
24.49
24.49
633.95
633.95
633.95
633.95
702.43
702.43
702.43
702.43
666.95
666.95
666.95
666.95
669.94
669.94
763.51
763.51
853.58
853.58
772.56
772.56
772.56
772.56
772.56
772.56
790.88
790.88
790.88
790.88
900.14
900.14
900.14
900.14
903.35
903.35
262.13
262.13
508.10
508.10
793.94
793.94
793.94
793.94
793.94
793.94
793.94
793.94
28.75
28.75
638.23
638.23
92.87
92.87
197.36
197.36
457.38
457.38
730.23
730.23
730.23
730.23
730.23
730.23
730.23
730.23
730.23
730.23
776.97
776.97
15.52
15.52
192.53
192.53
718.91
718.91
718.91
718.91
855.93
855.93
855.93
855.93
901.84
901.84
12.86
12.86
267.75
267.75
53.89
53.89
193.73
193.73
796.47
796.47
796.47
796.47
796.47
796.47
870.90
870.90
870.90
870.90
815.70
815.70
815.70
815.70
857.38
857.38
42.46
42.46
309.81
309.81
530.88
530.88
530.88
530.88
116.50
116.50
48.34
48.34
189.19
189.19
334.31
334.31
55.39
55.39
324.05
324.05
283.57
283.57
383.62
383.62
383.62
383.62
383.62
383.62
10.79
10.79
541.54
541.54
675.83
675.83
514.49
514.49
445.06
445.06
508.14
508.14
624.09
624.09
356.70
356.70
860.66
860.66
175.12
175.12
418.68
418.68
418.68
418.68
109.04
109.04
462.76
462.76
406.20
406.20
253.41
253.41
348.94
348.94
413.03
413.03
421.29
421.29
477.51
477.51
566.37
566.37
594.24
594.24
594.24
594.24
594.24
594.24
41.42
41.42
225.18
225.18
660.72
660.72
660.72
660.72
660.72
660.72
653.88
653.88
274.65
274.65
566.91
566.91
566.91
566.91
563.26
563.26
563.26
563.26
563.26
563.26
61.16
61.16
172.19
172.19
681.68
681.68
681.68
681.68
681.68
681.68
744.00
744.00
744.00
744.00
42.14
42.14
202.74
202.74
691.69
691.69
691.69
691.69
691.69
691.69
777.82
777.82
777.82
777.82
16.71
16.71
159.05
159.05
159.05
159.05
741.72
741.72
741.72
741.72
770.37
770.37
770.37
770.37
818.90
818.90
818.90
818.90
23.32
23.32
758.18
758.18
758.18
758.18
838.27
838.27
838.27
838.27
838.27
838.27
934.22
934.22
934.22
934.22
32.02
32.02
189.17
189.17
32.93
32.93
190.80
190.80
199.26
199.26
54.42
54.42
204.42
204.42
135.58
135.58
198.04
198.04
198.04
198.04
411.70
411.70
411.70
411.70
452.24
452.24
452.24
452.24
581.34
581.34
581.34
581.34
581.34
581.34
715.89
715.89
576.56
576.56
730.55
730.55
434.63
434.63
553.62
553.62
925.86
925.86
294.27
294.27
217.00
217.00
137.10
137.10
568.80
568.80
568.80
568.80
568.80
568.80
843.31
843.31
843.31
843.31
871.45
871.45
871.45
871.45
871.45
871.45
1020.77
1020.77
1020.77
1020.77
184.85
184.85
444.15
444.15
883.53
883.53
883.53
883.53
883.53
883.53
660.05
660.05
660.05
660.05
747.80
747.80
107.06
107.06
376.42
376.42
697.85
697.85
697.85
697.85
817.39
817.39
56.13
56.13
693.60
693.60
693.60
693.60
693.60
693.60
739.17
739.17
739.17
739.17
739.17
739.17
739.17
739.17
720.00
720.00
720.00
761.01
761.01
761.01
761.01
787.91
787.91
787.91
787.91
787.91
787.91
787.91
787.91
787.91
787.91
334.25
334.25
441.28
441.28
439.95
439.95
439.95
439.95
311.89
311.89
311.89
311.89
311.89
311.89
60.38
60.38
454.69
454.69
522.01
522.01
360.23
360.23
655.99
655.99
639.04
639.04
639.04
639.04
672.89
672.89
672.89
692.53
692.53
692.53
720.71
720.71
720.71
720.71
667.12
667.12
667.12
667.12
714.22
714.22
714.22
714.22
714.22
714.22
386.61
386.61
386.61
386.61
263.22
263.22
263.22
648.02
648.02
648.02
648.02
648.02
266.40
266.40
681.21
681.21
681.21
681.21
196.28
196.28
270.00
270.00
270.00
270.00
681.31
681.31
681.31
681.31
662.32
662.32
662.32
662.32
738.89
738.89
39.51
39.51
370.47
370.47
273.00
273.00
399.29
399.29
737.28
737.28
737.28
737.28
737.28
737.28
668.81
668.81
668.81
668.81
749.89
749.89
749.89
752.18
752.18
752.18
752.18
752.18
752.18
752.18
815.27
815.27
815.27
815.27
756.48
756.48
923.57
923.57
923.57
923.57
908.28
908.28
908.28
908.28
439.84
439.84
439.84
656.25
656.25
656.25
31.45
31.45
219.37
219.37
520.91
520.91
520.91
520.91
240.47
240.47
240.47
240.47
240.47
240.47
617.45
617.45
617.45
617.45
720.99
720.99
720.99
695.72
695.72
695.72
695.72
695.72
695.72
695.72
708.14
708.14
708.14
708.14
707.51
707.51
707.51
707.51
707.51
707.51
641.92
641.92
641.92
641.92
48.65
48.65
165.64
165.64
285.67
285.67
527.20
527.20
527.20
527.20
627.49
627.49
106.41
106.41
344.08
344.08
344.08
344.08
90.58
90.58
599.49
599.49
599.49
599.49
176.46
176.46
61.04
61.04
647.41
647.41
724.65
724.65
856.37
856.37
856.37
856.37
856.37
856.37
639.00
639.00
774.34
774.34
774.34
774.34
959.30
959.30
959.30
959.30
778.86
778.86
778.86
778.86
742.54
742.54
742.54
742.54
62.33
62.33
48.22
48.22
225.08
225.08
183.75
183.75
183.75
183.75
241.96
241.96
349.74
349.74
349.74
349.74
358.59
358.59
56.25
56.25
348.23
348.23
348.23
348.23
348.23
348.23
73.50
73.50
240.67
240.67
480.94
480.94
480.94
480.94
387.00
387.00
387.00
387.00
344.90
344.90
409.93
409.93
409.93
409.93
575.26
575.26
619.31
619.31
661.95
661.95
123.54
123.54
181.77
181.77
544.91
544.91
544.91
544.91
609.89
609.89
609.89
609.89
28.17
28.17
687.55
687.55
687.55
687.55
643.80
643.80
189.18
189.18
189.18
189.18
757.38
757.38
757.38
757.38
790.47
790.47
183.94
183.94
756.67
756.67
756.67
756.67
756.67
756.67
896.99
896.99
83.98
83.98
20.19
20.19
28.62
28.62
123.84
123.84
211.20
211.20
211.20
211.20
243.13
243.13
264.25
264.25
279.32
279.32
340.40
340.40
340.40
340.40
448.95
448.95
448.95
448.95
457.02
457.02
457.02
457.02
457.02
457.02
524.65
524.65
524.65
524.65
39.84
39.84
253.42
253.42
477.14
477.14
477.14
477.14
477.14
477.14
403.71
403.71
403.71
403.71
152.13
152.13
419.27
419.27
419.27
419.27
587.42
587.42
587.42
587.42
622.79
622.79
19.85
19.85
694.09
694.09
726.88
726.88
726.88
726.88
733.35
733.35
733.35
733.35
62.28
62.28
114.22
114.22
191.18
191.18
489.71
489.71
489.71
489.71
716.13
716.13
716.13
716.13
765.62
765.62
87.88
87.88
216.44
216.44
749.20
749.20
749.20
749.20
753.97
753.97
753.97
753.97
753.97
753.97
776.00
776.00
776.00
776.00
773.91
773.91
42.05
42.05
870.17
870.17
866.85
866.85
866.85
866.85
823.73
823.73
823.73
823.73
245.55
245.55
97.03
97.03
830.44
830.44
863.14
863.14
863.14
863.14
964.20
964.20
867.37
867.37
188.53
188.53
327.37
327.37
458.65
458.65
27.78
27.78
854.24
854.24
245.92
245.92
694.59
694.59
10.00
10.00
605.48
605.48
605.48
605.48
547.33
547.33
547.33
547.33
694.59
694.59
694.59
694.59
694.59
694.59
646.06
646.06
646.06
646.06
646.06
646.06
646.06
646.06
646.06
646.06
646.06
646.06
646.06
646.06
654.93
654.93
661.14
661.14
69.26
69.26
541.26
541.26
776.67
776.67
789.52
789.52
740.22
740.22
869.51
869.51
713.73
713.73
75.05
75.05
17.65
17.65
911.67
911.67
749.37
749.37
752.40
752.40
812.95
812.95
812.95
812.95
812.95
812.95
767.78
767.78
767.78
767.78
905.04
905.04
905.04
905.04
905.04
905.04
794.41
794.41
794.41
794.41
751.89
751.89
751.89
751.89
146.98
146.98
202.68
202.68
443.71
443.71
788.19
788.19
788.19
788.19
766.00
766.00
766.00
766.00
766.00
766.00
804.97
804.97
53.96
53.96
838.47
838.47
838.47
838.47
586.91
586.91
105.57
105.57
234.51
234.51
602.65
602.65
588.31
588.31
229.46
229.46
729.28
729.28
729.28
729.28
243.49
243.49
356.16
356.16
620.27
620.27
620.27
620.27
85.25
85.25
371.27
371.27
371.27
371.27
438.74
438.74
438.74
438.74
438.74
438.74
438.74
438.74
26.97
26.97
99.72
99.72
405.31
405.31
67.11
67.11
492.68
492.68
583.20
583.20
129.21
129.21
187.07
187.07
17.90
17.90
383.55
383.55
481.17
481.17
338.55
338.55
338.55
338.55
745.36
745.36
210.87
210.87
598.06
598.06
667.05
667.05
745.19
745.19
745.19
745.19
745.19
745.19
290.97
290.97
290.97
290.97
709.08
709.08
88.44
88.44
131.61
131.61
750.85
750.85
750.85
750.85
743.99
743.99
743.99
743.99
749.90
749.90
45.18
45.18
451.53
451.53
291.50
291.50
340.61
340.61
717.49
717.49
717.49
717.49
72.17
72.17
885.48
885.48
885.48
885.48
819.32
819.32
819.32
819.32
112.20
112.20
138.51
138.51
464.34
464.34
864.81
864.81
157.32
157.32
285.26
285.26
147.23
147.23
381.73
381.73
786.19
786.19
86.21
86.21
455.38
455.38
455.38
455.38
455.38
455.38
455.38
455.38
455.38
455.38
522.90
522.90
522.90
522.90
20.59
20.59
299.69
299.69
299.69
299.69
579.19
579.19
579.19
579.19
511.32
511.32
88.47
88.47
97.36
97.36
430.89
430.89
360.62
360.62
524.11
524.11
524.11
524.11
799.87
799.87
37.31
37.31
631.22
631.22
295.18
295.18
295.18
295.18
86.31
86.31
41.70
41.70
756.09
756.09
758.36
758.36
917.79
917.79
11.06
11.06
229.29
229.29
32.69
32.69
440.91
440.91
648.74
648.74
668.41
668.41
668.41
668.41
645.98
645.98
645.98
645.98
87.80
87.80
257.23
257.23
257.23
257.23
77.79
77.79
217.18
217.18
737.56
737.56
737.56
737.56
691.09
691.09
691.09
691.09
691.09
691.09
586.00
586.00
586.00
586.00
724.81
724.81
724.81
724.81
724.81
724.81
383.98
383.98
383.98
383.98
27.30
27.30
245.13
245.13
769.16
769.16
769.16
769.16
769.16
769.16
23.10
23.10
299.54
299.54
419.74
419.74
419.74
419.74
419.74
419.74
714.76
714.76
714.76
714.76
584.01
584.01
584.01
584.01
592.97
592.97
592.97
592.97
592.97
592.97
644.73
644.73
644.73
644.73
789.00
789.00
789.00
789.00
789.00
789.00
387.83
387.83
10.00
10.00
432.03
432.03
432.03
432.03
442.72
442.72
442.72
442.72
442.72
442.72
595.96
595.96
595.96
595.96
596.03
596.03
596.03
596.03
596.03
596.03
628.06
628.06
628.06
628.06
629.46
629.46
629.46
629.46
711.23
711.23
711.23
711.23
40.05
40.05
727.06
727.06
727.06
727.06
15.02
15.02
748.74
748.74
748.74
748.74
695.19
695.19
695.19
695.19
750.83
750.83
750.83
750.83
761.75
761.75
761.75
139.56
111.04
111.04
772.15
772.15
772.15
772.15
373.24
373.24
373.24
373.24
373.24
373.24
945.79
945.79
296.80
296.80
279.39
279.39
279.39
279.39
754.65
754.65
754.65
754.65
754.65
754.65
775.38
775.38
775.38
775.38
136.39
136.39
304.82
304.82
313.98
313.98
374.16
374.16
374.16
374.16
447.67
447.67
447.67
447.67
684.50
684.50
684.50
684.50
684.50
695.81
778.17
778.17
778.17
778.17
778.17
791.71
791.71
791.71
791.71
785.13
785.13
792.72
792.72
902.46
902.46
902.46
902.46
34.16
34.16
883.79
883.79
883.79
883.79
883.79
883.79
756.08
756.08
756.08
756.08
813.64
813.64
813.64
813.64
813.64
813.64
867.72
867.72
867.72
867.72
1398.71
1398.71
938.17
938.17
91.99
91.99
593.93
593.93
593.93
593.93
781.13
781.13
1430.27
1430.27
291.64
291.64
1840.67
1840.67
3824.66
3824.66
3643.08
3643.08
3612.54
3612.54
22.61
22.61
715.69
715.69
27.64
27.64
1149.52
1149.52
1149.52
1149.52
100.15
100.15
97.65
97.65
107.24
107.24
293.25
293.25
296.13
296.13
195.81
195.81
452.17
452.17
143.80
143.80
28.28
28.28
549.18
549.18
790.65
790.65
682.38
682.38
37.10
37.10
23.59
23.59
397.78
397.78
898.70
898.70
767.06
767.06
767.06
767.06
249.66
249.66
133.11
133.11
965.24
965.24
1132.20
1132.20
10.00
10.00
38.71
38.71
609.09
609.09
609.09
609.09
768.49
768.49
843.25
843.25
268.33
268.33
951.20
951.20
951.20
951.20
834.13
834.13
834.13
834.13
834.13
834.13
834.13
834.13
955.51
955.51
14.14
14.14
1038.75
1038.75
788.69
788.69
788.69
788.69
788.69
788.69
301.84
301.84
503.27
503.27
836.14
836.14
836.14
836.14
836.14
836.14
836.14
836.14
12.82
12.82
877.61
877.61
10.00
10.00
763.25
763.25
763.25
763.25
798.36
798.36
299.98
299.98
1167.64
1167.64
1167.64
1167.64
1167.64
1167.64
574.33
574.33
390.38
390.38
29.49
29.49
533.07
533.07
537.25
537.25
400.85
400.85
400.85
400.85
400.85
400.85
663.18
663.18
108.74
108.74
608.65
608.65
608.65
608.65
508.03
508.03
508.03
508.03
10.00
10.00
202.69
202.69
202.69
202.69
427.12
427.12
427.12
427.12
427.12
427.12
669.71
669.71
669.71
669.71
578.11
578.11
100.00
100.00
548.36
548.36
548.36
548.36
137.25
137.25
638.48
638.48
652.76
652.76
729.64
729.64
109.40
109.40
791.10
791.10
553.35
553.35
553.35
553.35
573.64
573.64
573.64
573.64
107.26
107.26
349.58
349.58
36.91
36.91
461.02
461.02
461.02
461.02
342.54
342.54
591.00
591.00
544.69
544.69
428.93
428.93
428.93
428.93
445.59
445.59
571.19
571.19
472.16
472.16
666.69
666.69
666.69
666.69
740.65
740.65
740.65
740.65
618.66
618.66
618.66
618.66
834.40
834.40
834.40
834.40
826.62
826.62
77.27
77.27
328.54
328.54
444.13
444.13
444.13
444.13
444.13
444.13
240.92
240.92
416.92
416.92
747.01
747.01
19.49
19.49
736.12
736.12
736.12
736.12
736.12
736.12
765.20
765.20
765.20
765.20
836.00
836.00
67.56
67.56
429.44
429.44
640.15
640.15
143.25
143.25
46.95
46.95
259.92
259.92
651.51
651.51
651.51
651.51
147.82
147.82
833.24
833.24
833.24
833.24
651.16
651.16
651.16
651.16
64.56
64.56
569.57
569.57
569.57
569.57
41.65
41.65
20.24
20.24
705.43
705.43
204.67
204.67
385.45
385.45
424.35
424.35
424.35
424.35
490.69
490.69
490.69
490.69
490.69
490.69
104.51
104.51
222.27
222.27
123.42
123.42
661.37
661.37
41.63
41.63
332.81
332.81
273.21
273.21
617.36
617.36
347.98
347.98
485.12
485.12
485.12
485.12
495.65
495.65
495.65
495.65
125.16
125.16
640.54
640.54
721.40
721.40
714.68
714.68
816.52
816.52
624.74
624.74
661.89
661.89
661.89
661.89
344.00
344.00
900.85
900.85
900.85
482.75
60.29
60.29
160.02
160.02
1950.52
1950.52
139.25
139.25
749.97
749.97
1589.98
1589.98
1589.98
141.21
3086.89
3086.89
1437.56
1437.56
234.52
234.52
184.85
184.85
161.40
161.40
3029.47
3029.47
1126.85
1126.85
107.54
107.54
421.77
421.77
723.96
723.96
723.96
723.96
108.04
108.04
249.30
249.30
197.59
197.59
252.36
252.36
256.41
256.41
256.41
256.41
635.36
635.36
518.59
518.59
685.33
685.33
10.00
10.00
768.89
768.89
678.75
678.75
678.75
678.75
800.32
800.32
800.32
800.32
562.44
562.44
562.44
562.44
562.44
562.44
815.03
815.03
631.02
631.02
151.47
151.47
23.68
23.68
652.18
652.18
652.18
652.18
652.18
652.18
652.18
652.18
652.18
652.18
847.09
847.09
847.09
847.09
13.33
13.33
197.65
197.65
219.33
219.33
818.12
818.12
818.12
818.12
783.64
783.64
783.64
783.64
783.64
783.64
16.58
16.58
334.61
334.61
801.79
801.79
801.79
801.79
801.79
801.79
86.60
86.60
335.26
335.26
292.84
292.84
292.84
292.84
757.62
757.62
757.62
757.62
757.62
757.62
14.97
14.97
356.88
356.88
745.77
745.77
745.77
745.77
790.37
790.37
790.37
790.37
790.37
790.37
790.37
790.37
790.37
790.37
36.20
36.20
766.52
766.52
785.34
785.34
16.32
16.32
279.21
279.21
856.14
856.14
63.63
63.63
14.41
14.41
279.04
279.04
279.04
279.04
619.54
619.54
619.54
619.54
642.16
642.16
642.16
642.16
642.16
642.16
665.51
665.51
665.51
665.51
60.00
60.00
213.07
213.07
721.00
721.00
721.00
721.00
19.36
19.36
704.20
704.20
704.20
704.20
782.50
782.50
782.50
782.50
782.50
782.50
585.81
585.81
585.81
585.81
59.87
59.87
220.25
220.25
724.24
724.24
724.24
724.24
724.24
724.24
193.03
193.03
193.03
193.03
693.43
693.43
693.43
693.43
693.43
693.43
79.60
79.60
264.86
264.86
727.99
727.99
107.09
107.09
820.52
820.52
754.65
754.65
758.28
758.28
617.94
617.94
812.47
812.47
49.78
49.78
396.62
396.62
396.62
396.62
735.95
735.95
735.95
735.95
257.57
257.57
146.85
146.85
230.64
230.64
30.46
30.46
333.93
333.93
526.89
526.89
526.89
526.89
317.15
317.15
79.04
79.04
285.18
285.18
483.81
483.81
483.81
483.81
349.79
349.79
349.79
349.79
571.69
571.69
35.39
35.39
170.04
170.04
466.73
466.73
227.39
227.39
518.13
518.13
260.23
260.23
285.51
285.51
478.49
478.49
478.49
478.49
27.61
27.61
591.65
591.65
449.36
449.36
599.56
599.56
599.56
599.56
700.43
700.43
700.43
700.43
655.07
655.07
655.07
655.07
775.86
775.86
562.95
562.95
562.95
562.95
717.64
717.64
717.64
717.64
651.15
651.15
651.15
651.15
651.15
651.15
616.53
616.53
616.53
616.53
785.33
785.33
785.33
785.33
785.33
785.33
771.01
771.01
771.01
771.01
794.51
794.51
794.51
794.51
761.27
761.27
761.27
761.27
761.27
761.27
179.81
179.81
246.28
246.28
171.27
171.27
240.07
240.07
330.46
330.46
724.21
724.21
724.21
724.21
128.13
128.13
132.36
132.36
304.16
304.16
304.16
304.16
304.16
304.16
214.48
214.48
214.48
214.48
314.54
314.54
406.20
406.20
415.55
415.55
414.05
414.05
143.76
143.76
378.91
378.91
378.91
378.91
446.96
446.96
446.96
446.96
446.96
446.96
525.34
525.34
35.70
35.70
500.31
500.31
500.31
500.31
500.31
500.31
648.20
648.20
648.20
648.20
605.39
605.39
605.39
605.39
717.00
717.00
717.00
717.00
717.00
717.00
699.24
699.24
699.24
699.24
743.57
743.57
743.57
743.57
743.57
743.57
810.62
810.62
152.89
152.89
113.20
113.20
280.89
280.89
784.70
784.70
784.70
784.70
784.70
784.70
382.58
382.58
382.58
382.58
757.90
757.90
757.90
757.90
757.90
757.90
786.37
786.37
786.37
786.37
828.22
828.22
828.22
828.22
638.46
638.46
252.44
252.44
252.44
252.44
818.13
818.13
818.13
818.13
677.55
677.55
677.55
677.55
677.55
677.55
984.59
984.59
984.59
984.59
884.97
884.97
42.98
42.98
976.46
976.46
976.46
976.46
976.46
976.46
87.03
87.03
383.67
383.67
514.99
514.99
514.99
514.99
514.99
514.99
22.46
22.46
126.91
126.91
314.32
314.32
303.00
303.00
416.98
416.98
55.06
55.06
234.93
234.93
498.79
498.79
498.79
498.79
518.21
518.21
518.21
518.21
518.21
518.21
289.65
289.65
289.65
289.65
533.16
533.16
127.77
127.77
516.87
516.87
48.95
48.95
173.62
173.62
529.33
529.33
260.53
260.53
625.17
625.17
625.17
625.17
625.17
530.85
530.85
530.85
530.85
194.56
194.56
570.45
570.45
651.06
651.06
651.42
651.42
651.42
651.42
651.42
651.42
53.20
53.20
147.39
147.39
729.61
729.61
729.61
729.61
576.66
576.66
204.88
204.88
204.88
204.88
743.64
743.64
367.25
367.25
740.85
740.85
611.53
611.53
1009.04
1009.04
917.69
917.69
917.69
917.69
248.96
248.96
941.89
941.89
941.89
941.89
941.89
941.89
422.71
422.71
65.91
65.91
192.24
192.24
716.45
716.45
716.45
716.45
10.00
10.00
141.81
141.81
666.67
666.67
609.89
609.89
726.49
726.49
697.99
697.99
697.99
697.99
161.45
161.45
730.74
730.74
730.74
730.74
348.81
348.81
451.73
451.73
451.73
451.73
802.22
802.22
802.22
802.22
681.60
681.60
681.60
681.60
521.96
521.96
521.96
521.96
310.35
310.35
744.46
744.46
744.46
744.46
765.20
765.20
765.20
765.20
765.20
765.20
765.20
765.20
765.20
765.20
768.10
768.10
768.10
762.37
762.37
762.37
762.37
762.37
762.37
762.37
284.86
284.86
90.27
90.27
314.58
314.58
314.58
314.58
51.94
51.94
287.60
287.60
426.08
426.08
474.43
474.43
615.70
615.70
570.74
570.74
519.19
519.19
629.58
629.58
638.54
638.54
638.54
638.54
10.00
10.00
256.40
256.40
324.83
324.83
463.85
463.85
463.85
463.85
578.55
578.55
578.55
578.55
583.61
583.61
389.84
389.84
389.84
389.84
14.03
14.03
216.57
216.57
460.52
460.52
460.52
460.52
460.52
460.52
477.12
477.12
477.12
477.12
602.04
602.04
610.28
610.28
562.88
562.88
670.25
670.25
689.06
689.06
764.18
764.18
764.18
764.18
118.70
118.70
294.01
294.01
308.83
308.83
774.65
774.65
774.65
774.65
866.62
866.62
866.62
866.62
808.53
808.53
218.80
218.80
384.25
384.25
140.02
140.02
251.22
251.22
190.09
190.09
317.04
317.04
555.71
555.71
569.66
569.66
569.66
569.66
810.51
810.51
810.51
810.51
595.13
595.13
65.62
65.62
205.03
205.03
373.01
373.01
373.01
373.01
766.44
766.44
766.44
766.44
766.44
766.44
984.01
984.01
984.01
984.01
790.11
790.11
790.11
790.11
839.05
839.05
839.05
839.05
839.05
839.05
844.41
844.41
844.41
844.41
773.26
773.26
773.26
773.26
902.35
902.35
902.35
902.35
902.35
902.35
784.72
784.72
784.72
784.72
794.88
794.88
794.88
794.88
794.88
794.88
369.61
369.61
369.61
369.61
623.75
623.75
623.75
623.75
623.75
623.75
623.75
623.75
75.48
75.48
39.10
39.10
342.43
342.43
549.26
549.26
549.26
549.26
549.26
549.26
122.68
122.68
295.57
295.57
646.00
646.00
646.00
646.00
813.39
813.39
651.62
651.62
63.55
63.55
672.54
672.54
672.54
672.54
802.50
802.50
802.50
802.50
802.50
802.50
698.41
698.41
698.41
698.41
605.55
605.55
605.55
605.55
605.55
605.55
750.71
750.71
132.45
132.45
1667.05
1667.05
66.21
66.21
856.22
856.22
856.22
856.22
2931.26
2931.26
552.39
552.39
4322.26
4322.26
4322.26
4322.26
4322.26
4322.26
885.82
885.82
1378.86
1378.86
1378.86
1378.86
98.61
98.61
294.33
294.33
419.36
419.36
437.12
437.12
658.05
658.05
874.35
874.35
973.60
973.60
864.38
864.38
1185.30
1185.30
259.82
259.82
208.73
208.73
573.62
573.62
651.11
651.11
651.11
651.11
437.87
437.87
437.87
437.87
74.94
74.94
434.37
434.37
117.02
117.02
59.36
59.36
57.39
57.39
624.74
624.74
624.74
624.74
550.04
550.04
452.57
452.57
452.57
452.57
136.40
136.40
136.40
136.40
297.17
297.17
500.81
500.81
425.46
425.46
15.06
15.06
243.98
243.98
22.84
22.84
644.24
644.24
644.24
644.24
40.90
40.90
413.83
413.83
721.03
721.03
721.03
721.03
721.03
721.03
594.57
594.57
29.07
29.07
728.89
728.89
106.96
106.96
727.87
727.87
188.19
188.19
365.18
365.18
346.62
346.62
371.98
371.98
579.31
579.31
605.74
605.74
515.85
515.85
607.44
607.44
607.44
607.44
581.11
581.11
581.11
581.11
672.17
672.17
18.41
18.41
76.18
76.18
777.22
777.22
880.61
880.61
800.44
800.44
800.44
800.44
800.44
800.44
546.49
546.49
127.08
127.08
703.45
703.45
125.52
125.52
693.74
693.74
28.05
28.05
358.76
358.76
746.64
746.64
746.64
746.64
832.41
832.41
216.89
216.89
39.28
39.28
602.72
602.72
1070.87
1070.87
35.48
35.48
102.79
102.79
50.01
50.01
353.96
353.96
532.69
532.69
583.39
583.39
586.33
586.33
524.55
524.55
17.32
17.32
230.39
230.39
504.14
504.14
504.14
504.14
741.82
741.82
741.82
741.82
685.94
685.94
685.94
685.94
685.94
685.94
717.79
717.79
717.79
717.79
656.86
656.86
656.86
656.86
656.86
656.86
659.28
659.28
659.28
659.28
621.24
621.24
621.24
621.24
690.30
690.30
690.30
690.30
690.30
690.30
634.43
634.43
634.43
634.43
246.75
246.75
41.49
41.49
424.72
424.72
822.41
822.41
822.41
822.41
658.65
658.65
118.79
118.79
470.20
470.20
470.20
470.20
470.20
470.20
122.30
122.30
53.34
53.34
147.12
147.12
113.17
113.17
166.98
166.98
233.47
233.47
21.93
21.93
543.83
543.83
584.23
584.23
594.57
594.57
594.57
594.57
547.47
547.47
111.68
111.68
512.37
512.37
14.27
14.27
573.61
573.61
521.41
521.41
26.32
26.32
233.20
233.20
647.67
647.67
647.67
647.67
15.44
15.44
362.36
362.36
362.36
362.36
702.56
702.56
156.68
156.68
477.87
477.87
477.87
477.87
477.87
477.87
645.28
645.28
645.28
645.28
591.62
591.62
591.62
591.62
740.13
740.13
740.13
740.13
740.13
740.13
75.78
75.78
188.64
188.64
40.64
40.64
192.09
192.09
192.09
192.09
183.45
183.45
395.27
395.27
754.89
754.89
754.89
754.89
791.90
791.90
791.90
791.90
791.90
791.90
692.32
692.32
692.32
692.32
624.16
624.16
624.16
624.16
624.16
624.16
888.54
888.54
785.32
785.32
404.70
404.70
620.14
620.14
657.88
657.88
657.88
657.88
657.88
848.47
1049.61
1049.61
1049.61
1049.61
866.83
866.83
138.84
138.84
156.02
156.02
870.64
870.64
870.64
870.64
628.04
628.04
919.27
919.27
664.32
664.32
664.32
664.32
64.67
64.67
739.92
739.92
739.92
739.92
34.41
34.41
382.71
382.71
303.32
303.32
366.27
366.27
388.18
388.18
439.68
439.68
439.68
439.68
84.74
84.74
310.00
310.00
327.99
327.99
328.42
328.42
351.78
351.78
124.91
124.91
187.32
187.32
387.44
387.44
238.73
238.73
42.20
42.20
357.87
357.87
366.01
366.01
66.52
66.52
159.63
159.63
331.57
331.57
83.38
83.38
422.72
422.72
521.04
521.04
14.14
14.14
420.21
420.21
15.24
15.24
614.01
614.01
573.13
573.13
573.13
573.13
601.57
601.57
601.57
601.57
658.81
658.81
585.59
585.59
585.59
585.59
703.71
703.71
576.18
576.18
644.55
644.55
41.90
41.90
397.95
397.95
715.38
715.38
715.38
715.38
773.36
773.36
773.36
773.36
773.36
773.36
789.59
789.59
870.08
870.08
829.85
829.85
197.91
197.91
603.45
603.45
603.45
603.45
603.45
603.45
772.83
772.83
772.83
772.83
846.66
846.66
846.66
846.66
846.66
846.66
814.72
814.72
16.77
16.77
789.34
789.34
789.34
789.34
848.08
848.08
848.08
848.08
848.08
848.08
728.79
728.79
728.79
728.79
486.98
486.98
486.98
486.98
486.98
486.98
90.18
90.18
99.85
99.85
172.91
172.91
174.78
174.78
118.39
118.39
258.86
258.86
295.10
295.10
413.64
413.64
196.18
196.18
452.96
452.96
452.96
452.96
452.96
452.96
104.98
104.98
647.56
647.56
607.51
607.51
105.75
105.75
153.80
153.80
543.07
543.07
192.11
192.11
21.61
21.61
140.33
140.33
530.98
530.98
222.66
222.66
321.54
321.54
564.38
564.38
488.35
488.35
141.97
141.97
328.05
328.05
558.18
558.18
84.87
84.87
394.94
394.94
786.49
786.49
207.66
207.66
686.80
686.80
83.42
83.42
91.67
91.67
640.42
640.42
640.42
640.42
353.23
353.23
353.23
353.23
749.27
749.27
749.27
749.27
749.27
749.27
734.82
734.82
85.88
85.88
831.12
831.12
831.12
831.12
831.12
831.12
923.26
923.26
923.26
923.26
923.26
814.89
814.89
814.89
814.89
809.72
809.72
809.72
809.72
809.72
809.72
951.30
951.30
951.30
951.30
704.80
704.80
266.82
266.82
328.68
328.68
129.41
129.41
547.65
547.65
622.46
622.46
154.75
154.75
673.18
673.18
110.74
110.74
734.43
734.43
16.61
16.61
246.00
246.00
229.04
229.04
157.25
157.25
447.14
447.14
118.31
118.31
444.81
444.81
860.51
860.51
44.58
44.58
832.27
832.27
832.27
832.27
832.27
832.27
845.25
845.25
845.25
845.25
535.22
535.22
535.22
535.22
535.22
535.22
902.16
902.16
590.45
590.45
825.18
825.18
34.82
34.82
762.53
762.53
762.53
762.53
762.53
762.53
780.86
780.86
41.26
41.26
818.91
818.91
818.91
818.91
818.91
818.91
896.01
896.01
16.45
16.45
788.80
788.80
788.80
788.80
829.05
829.05
829.05
829.05
829.05
829.05
93.75
93.75
384.37
384.37
834.40
834.40
105.82
105.82
146.80
146.80
731.45
731.45
84.96
84.96
671.32
671.32
671.32
671.32
22.31
22.31
452.09
452.09
452.09
452.09
208.73
208.73
460.05
460.05
37.98
37.98
185.72
185.72
427.79
427.79
319.39
319.39
319.39
319.39
21.48
21.48
379.22
379.22
455.28
455.28
455.28
455.28
10.00
10.00
236.63
236.63
236.63
236.63
489.13
489.13
489.13
489.13
114.84
114.84
470.10
470.10
470.10
470.10
147.18
147.18
309.82
309.82
106.19
106.19
459.15
459.15
536.84
536.84
569.20
569.20
630.04
630.04
483.25
483.25
483.25
483.25
483.25
483.25
526.79
526.79
526.79
526.79
521.55
521.55
521.55
521.55
727.32
727.32
727.32
727.32
727.32
727.32
735.15
735.15
34.00
34.00
820.54
820.54
820.54
820.54
529.39
529.39
469.51
469.51
469.51
469.51
733.29
733.29
733.29
733.29
843.62
843.62
843.62
843.62
843.62
843.62
774.69
774.69
774.69
774.69
53.73
53.73
225.31
225.31
805.60
805.60
868.66
868.66
1004.91
1004.91
894.00
894.00
713.74
713.74
908.55
908.55
908.55
908.55
908.55
908.55
125.11
125.11
238.48
238.48
792.25
792.25
792.25
792.25
554.50
554.50
554.50
554.50
725.14
725.14
290.00
290.00
414.34
414.34
184.64
184.64
397.33
397.33
397.33
397.33
531.43
531.43
531.43
531.43
764.32
764.32
764.32
764.32
739.72
739.72
739.72
739.72
423.52
423.52
721.52
721.52
369.62
369.62
703.32
703.32
124.00
124.00
416.60
416.60
619.66
619.66
619.66
619.66
768.01
768.01
768.01
768.01
415.62
415.62
505.05
505.05
505.05
505.05
578.94
578.94
635.16
635.16
206.86
206.86
13.56
13.56
281.47
281.47
597.85
597.85
552.34
552.34
545.53
545.53
706.30
706.30
368.85
368.85
368.85
368.85
407.73
407.73
768.96
768.96
637.31
637.31
633.34
633.34
855.67
855.67
156.10
156.10
539.38
539.38
539.38
539.38
720.35
720.35
720.35
720.35
150.75
150.75
442.21
442.21
578.79
578.79
723.88
723.88
849.80
849.80
202.04
202.04
60.10
60.10
462.35
462.35
809.58
809.58
809.58
809.58
423.69
423.69
453.23
453.23
609.63
609.63
138.86
138.86
729.01
729.01
440.34
440.34
678.37
678.37
324.39
324.39
415.62
415.62
452.69
452.69
613.83
613.83
540.38
540.38
540.38
540.38
91.23
91.23
103.57
103.57
277.61
277.61
288.43
288.43
316.84
316.84
101.78
101.78
506.94
506.94
506.94
506.94
408.63
408.63
575.83
575.83
575.83
575.83
208.42
208.42
360.62
360.62
693.40
693.40
693.40
693.40
693.40
693.40
550.13
550.13
550.13
550.13
253.28
253.28
253.28
253.28
253.28
253.28
946.82
946.82
946.82
946.82
766.44
766.44
766.44
766.44
800.53
800.53
800.53
800.53
868.02
868.02
773.82
773.82
773.82
773.82
874.52
874.52
874.52
874.52
874.52
874.52
1077.41
1077.41
1077.41
1077.41
380.60
380.60
380.60
380.60
554.79
554.79
554.79
554.79
554.79
554.79
120.53
120.53
281.72
281.72
601.37
601.37
601.37
601.37
600.70
600.70
600.70
600.70
600.70
600.70
16.56
16.56
257.53
257.53
609.24
609.24
80.22
80.22
305.70
305.70
596.24
596.24
555.50
555.50
745.36
745.36
906.90
906.90
1024.86
1024.86
115.26
115.26
664.45
664.45
664.45
664.45
664.45
664.45
63.20
63.20
403.93
403.93
403.93
403.93
625.61
625.61
625.61
625.61
625.61
625.61
625.61
625.61
625.61
625.61
103.56
103.56
87.80
87.80
178.13
178.13
178.13
178.13
278.81
278.81
278.81
278.81
327.92
327.92
386.23
386.23
386.23
386.23
418.16
418.16
370.49
370.49
228.06
228.06
468.81
468.81
484.48
484.48
573.03
573.03
573.03
573.03
646.00
646.00
646.00
480.61
1419.62
1419.62
2674.88
2674.88
2332.59
2332.59
2332.59
2332.59
2332.59
2332.59
2332.59
2332.59
2332.59
2332.59
2332.59
2332.59
235.94
235.94
183.02
183.02
105.58
105.58
258.97
258.97
702.56
702.56
629.13
629.13
1337.84
1337.84
2354.38
2354.38
53.66
53.66
606.13
606.13
348.99
348.99
2058.56
2058.56
2042.57
2042.57
2252.31
2252.31
689.29
689.29
689.29
689.29
689.29
689.29
742.12
742.12
26.36
26.36
868.91
868.91
868.91
868.91
129.59
129.59
240.31
240.31
287.76
287.76
429.06
429.06
160.01
160.01
447.66
447.66
441.50
441.50
441.50
441.50
453.53
453.53
453.53
453.53
85.13
85.13
189.82
189.82
415.62
415.62
444.44
444.44
488.22
488.22
597.88
597.88
464.48
464.48
631.06
631.06
571.13
571.13
85.37
85.37
444.79
444.79
444.79
444.79
63.37
63.37
305.14
305.14
750.60
750.60
750.60
750.60
750.60
750.60
755.93
755.93
755.93
755.93
79.06
79.06
347.69
347.69
347.69
347.69
747.64
747.64
747.64
747.64
851.67
851.67
851.67
851.67
639.20
639.20
21.83
21.83
412.80
412.80
786.52
786.52
786.52
786.52
742.58
742.58
742.58
742.58
742.58
742.58
245.43
245.43
245.43
245.43
637.72
637.72
637.72
637.72
222.83
222.83
82.99
82.99
135.05
135.05
207.87
207.87
207.87
207.87
305.53
305.53
361.95
361.95
37.47
37.47
413.24
413.24
413.24
413.24
773.29
773.29
773.29
773.29
773.33
773.33
773.33
773.33
773.33
773.33
797.40
797.40
797.40
797.40
409.82
409.82
409.82
409.82
409.82
409.82
693.64
693.64
693.64
693.64
738.79
738.79
738.79
738.79
798.98
798.98
798.98
798.98
17.25
17.25
777.94
777.94
777.94
777.94
777.75
777.75
777.75
777.75
777.75
777.75
861.25
861.25
861.25
861.25
768.29
768.29
768.29
768.29
778.95
778.95
778.95
778.95
778.95
778.95
143.56
143.56
216.31
216.31
735.05
735.05
735.05
735.05
735.05
735.05
702.88
702.88
702.88
702.88
693.18
693.18
693.18
693.18
751.01
751.01
841.92
841.92
58.87
58.87
682.38
682.38
682.38
682.38
780.61
780.61
58.62
58.62
133.49
133.49
766.59
766.59
52.87
52.87
767.81
767.81
767.81
767.81
641.43
641.43
641.43
641.43
641.43
641.43
41.70
41.70
335.81
335.81
391.51
391.51
391.51
391.51
391.51
391.51
57.12
57.12
338.63
338.63
746.46
746.46
746.46
746.46
787.27
787.27
787.27
787.27
787.27
787.27
766.78
766.78
766.78
766.78
766.78
766.78
156.79
156.79
291.83
291.83
640.62
640.62
640.62
640.62
804.04
804.04
804.04
804.04
799.26
799.26
799.26
799.26
799.26
799.26
792.90
792.90
792.90
792.90
460.81
460.81
460.81
460.81
460.81
460.81
442.14
442.14
442.14
442.14
697.47
697.47
697.47
697.47
829.39
829.39
888.47
888.47
888.47
888.47
786.19
786.19
786.19
786.19
619.55
619.55
619.55
619.55
619.55
619.55
749.11
749.11
987.26
987.26
92.73
92.73
278.16
278.16
836.69
836.69
836.69
836.69
46.01
46.01
808.66
808.66
808.66
808.66
434.93
434.93
434.93
434.93
444.16
444.16
119.40
119.40
314.23
314.23
616.58
616.58
616.58
616.58
616.58
616.58
616.58
616.58
616.58
616.58
687.88
687.88
54.81
54.81
602.56
602.56
602.56
602.56
676.94
676.94
136.07
136.07
358.30
358.30
762.58
762.58
762.58
762.58
762.18
762.18
762.18
762.18
762.18
762.18
755.33
755.33
755.33
755.33
755.33
141.62
141.62
211.76
211.76
557.88
557.88
560.77
560.77
815.20
815.20
751.51
751.51
751.51
751.51
735.88
735.88
21.26
21.26
377.75
377.75
693.28
693.28
693.28
693.28
837.79
837.79
837.79
751.86
751.86
751.86
114.39
114.39
334.83
334.83
792.71
792.71
792.71
792.71
792.71
792.71
792.71
792.71
792.71
792.71
149.51
149.51
854.66
854.66
759.11
759.11
72.18
700.22
700.22
700.22
700.22
700.22
700.22
700.22
737.29
737.29
737.29
737.29
737.29
737.29
737.29
737.29
737.29
737.29
29.89
29.89
397.37
397.37
153.50
153.50
286.69
720.42
720.42
720.42
559.64
559.64
559.64
559.64
159.29
159.29
280.50
280.50
545.85
545.85
545.85
545.85
545.85
545.85
83.29
83.29
241.32
241.32
662.68
662.68
662.68
662.68
791.53
791.53
791.53
791.53
77.78
77.78
666.23
666.23
666.23
666.23
81.16
81.16
185.30
185.30
219.76
219.76
722.43
722.43
229.98
229.98
542.90
542.90
542.90
542.90
34.47
34.47
471.77
471.77
699.23
699.23
158.87
158.87
52.88
52.88
473.83
473.83
473.83
473.83
473.83
473.83
661.98
661.98
661.98
661.98
779.95
779.95
104.52
104.52
689.33
689.33
30.35
30.35
208.98
208.98
729.40
729.40
729.40
729.40
710.84
710.84
710.84
710.84
710.84
710.84
801.02
801.02
801.02
801.02
744.62
744.62
744.62
744.62
341.50
341.50
29.43
29.43
217.78
217.78
501.80
501.80
501.80
501.80
787.22
787.22
787.22
787.22
787.22
787.22
761.41
761.41
761.41
761.41
10.00
10.00
44.26
44.26
828.85
828.85
828.85
828.85
828.85
828.85
778.93
778.93
778.93
778.93
778.93
778.93
778.93
778.93
778.93
778.93
555.93
555.93
555.93
555.93
223.68
223.68
223.68
223.68
464.96
464.96
207.08
207.08
300.78
300.78
501.99
501.99
45.69
45.69
553.28
553.28
501.65
501.65
221.84
221.84
68.24
68.24
152.45
152.45
636.95
636.95
636.95
636.95
591.95
591.95
564.36
564.36
564.36
564.36
580.83
580.83
580.83
580.83
758.62
758.62
758.62
758.62
688.11
688.11
688.11
688.11
688.11
688.11
728.90
728.90
728.90
728.90
702.96
702.96
185.49
185.49
95.99
95.99
652.19
652.19
652.19
652.19
739.65
739.65
739.65
739.65
844.04
844.04
844.04
844.04
844.04
844.04
412.80
412.80
421.92
421.92
125.49
125.49
462.31
462.31
22.99
22.99
298.72
298.72
298.72
298.72
572.21
572.21
572.21
572.21
163.66
163.66
31.43
31.43
535.04
535.04
457.21
457.21
147.98
147.98
466.05
466.05
466.05
466.05
600.14
600.14
424.14
424.14
424.14
424.14
264.48
264.48
242.20
242.20
474.55
474.55
474.55
474.55
411.31
411.31
267.90
267.90
25.99
25.99
249.92
249.92
249.92
249.92
400.46
400.46
152.70
152.70
271.08
271.08
360.55
360.55
360.55
360.55
438.46
438.46
247.75
247.75
262.94
262.94
562.84
562.84
562.84
562.84
540.95
540.95
540.95
540.95
540.95
540.95
540.95
411.30
717.55
717.55
639.45
639.45
639.45
639.45
694.41
694.41
119.99
119.99
160.28
160.28
167.40
167.40
996.17
996.17
782.26
782.26
1589.78
1589.78
1589.78
1589.78
1589.78
1589.78
1904.06
1904.06
1904.06
1904.06
1904.06
1904.06
1904.06
1904.06
1904.06
1904.06
1904.06
1904.06
122.34
122.34
38.16
38.16
194.85
194.85
222.62
222.62
219.29
219.29
273.44
273.44
250.08
250.08
445.38
445.38
445.38
445.38
484.55
484.55
526.32
526.32
526.32
526.32
570.76
570.76
570.76
570.76
578.25
578.25
578.25
578.25
578.25
578.25
101.34
101.34
272.01
272.01
152.54
152.54
152.54
152.54
213.28
213.28
285.43
285.43
285.43
285.43
256.73
256.73
244.50
244.50
299.30
299.30
327.54
327.54
417.46
417.46
410.50
410.50
410.50
410.50
562.68
562.68
562.68
562.68
41.30
41.30
189.28
189.28
255.48
255.48
522.22
522.22
522.22
522.22
581.61
581.61
837.62
837.62
826.77
826.77
385.67
385.67
385.67
385.67
411.39
411.39
676.55
676.55
772.98
772.98
772.98
772.98
772.98
772.98
92.59
92.59
161.10
161.10
102.91
102.91
162.90
162.90
162.90
162.90
743.64
743.64
743.64
743.64
743.64
743.64
743.64
743.64
650.02
650.02
650.02
650.02
650.02
650.02
703.81
703.81
703.81
703.81
788.28
788.28
795.57
795.57
795.57
795.57
807.29
807.29
807.29
807.29
768.36
768.36
950.41
950.41
791.67
791.67
791.67
791.67
791.67
791.67
745.80
745.80
69.66
69.66
715.89
715.89
965.90
965.90
33.75
33.75
914.89
914.89
652.93
652.93
172.24
172.24
117.77
117.77
715.93
715.93
970.35
970.35
926.69
926.69
1118.50
1118.50
1196.87
1196.87
762.13
762.13
971.84
971.84
22.32
22.32
573.57
573.57
1167.72
1167.72
356.34
356.34
57.25
57.25
605.88
605.88
438.99
438.99
625.16
625.16
770.07
770.07
770.07
770.07
719.65
719.65
145.25
145.25
390.18
390.18
63.12
63.12
658.74
658.74
822.30
822.30
822.30
822.30
246.17
246.17
894.81
894.81
894.81
894.81
753.21
753.21
506.50
506.50
797.73
797.73
635.95
635.95
635.95
635.95
470.08
470.08
933.34
933.34
933.34
933.34
977.88
977.88
812.44
812.44
337.38
337.38
352.13
352.13
814.91
814.91
153.78
153.78
818.41
818.41
818.41
818.41
818.41
818.41
74.10
74.10
113.35
113.35
966.60
966.60
966.60
966.60
975.16
975.16
975.16
975.16
975.16
975.16
906.14
906.14
906.14
906.14
798.01
798.01
798.01
798.01
798.01
798.01
798.01
798.01
798.01
798.01
612.90
612.90
206.55
206.55
207.07
207.07
357.65
357.65
1002.45
1002.45
80.52
80.52
782.98
782.98
143.56
143.56
416.66
416.66
444.93
444.93
1032.14
1032.14
1032.14
1032.14
28.29
28.29
898.55
898.55
969.33
969.33
969.33
969.33
969.33
969.33
158.25
158.25
158.25
158.25
862.21
862.21
862.21
862.21
70.29
70.29
1006.44
1006.44
1006.44
1006.44
139.61
139.61
57.23
57.23
822.85
822.85
136.33
136.33
934.39
934.39
307.82
307.82
83.44
83.44
214.29
214.29
723.12
723.12
791.92
791.92
942.46
942.46
942.46
942.46
808.65
808.65
808.65
808.65
743.84
743.84
743.84
743.84
743.84
743.84
880.00
880.00
880.00
880.00
198.90
198.90
182.74
182.74
232.12
232.12
287.29
287.29
284.36
284.36
412.73
412.73
415.23
415.23
60.57
60.57
60.57
941.40
533.71
533.71
1823.41
1823.41
1873.72
1873.72
931.75
931.75
156.39
156.39
898.07
898.07
3256.78
3256.78
4606.82
4606.82
4606.82
4606.82
4606.82
4606.82
4606.82
4606.82
4606.82
4606.82
4606.82
4606.82
4606.82
4606.82
64.29
64.29
128.51
128.51
36.55
36.55
873.93
873.93
278.28
278.28
1017.89
1017.89
1242.35
1242.35
1845.79
1845.79
1979.20
1979.20
561.52
561.52
1966.13
1966.13
1652.10
1652.10
2468.85
2468.85
2439.63
2439.63
570.51
570.51
768.58
768.58
768.58
768.58
768.58
768.58
829.21
829.21
829.21
829.21
829.21
829.21
829.21
829.21
2533.08
2533.08
2533.08
2533.08
2533.08
2533.08
28.06
28.06
582.33
582.33
175.92
175.92
168.74
168.74
208.19
208.19
153.56
153.56
380.85
380.85
536.24
536.24
343.22
343.22
55.13
55.13
606.52
606.52
606.52
606.52
746.09
746.09
225.43
225.43
682.16
682.16
682.16
682.16
682.16
682.16
741.18
741.18
833.52
833.52
768.01
768.01
165.80
165.80
409.12
409.12
642.49
642.49
111.72
111.72
748.89
748.89
748.89
748.89
785.74
785.74
785.74
785.74
785.74
785.74
669.16
669.16
669.16
669.16
712.24
712.24
712.24
712.24
30.54
30.54
656.05
656.05
656.05
656.05
734.21
734.21
734.21
734.21
622.68
622.68
622.68
622.68
622.68
622.68
67.30
67.30
126.89
126.89
214.13
214.13
15.32
15.32
187.44
187.44
36.58
36.58
164.94
164.94
384.20
384.20
21.31
21.31
441.00
441.00
471.65
471.65
497.03
497.03
292.89
292.89
292.89
292.89
483.12
483.12
483.12
483.12
483.12
483.12
483.12
182.58
182.58
250.51
250.51
556.00
556.00
674.20
674.20
605.47
605.47
671.90
671.90
131.52
131.52
593.72
593.72
593.72
593.72
721.68
721.68
99.36
99.36
283.21
283.21
747.45
747.45
747.45
747.45
369.62
369.62
442.47
442.47
226.89
226.89
374.14
374.14
374.14
374.14
318.77
318.77
318.77
318.77
518.19
518.19
531.17
531.17
531.17
531.17
558.07
558.07
558.07
558.07
709.95
709.95
709.95
709.95
630.34
630.34
630.34
630.34
630.34
630.34
544.71
544.71
544.71
544.71
217.67
217.67
380.88
380.88
380.88
380.88
86.80
86.80
254.81
254.81
391.51
391.51
391.51
391.51
110.14
110.14
154.64
154.64
118.66
118.66
164.65
164.65
218.71
218.71
243.56
243.56
243.56
243.56
243.56
243.56
21.74
21.74
156.62
156.62
50.85
50.85
263.30
263.30
483.94
483.94
507.94
507.94
517.73
517.73
288.30
288.30
376.92
376.92
635.44
635.44
635.44
635.44
635.44
635.44
315.50
315.50
341.45
341.45
523.45
523.45
523.45
523.45
684.02
684.02
684.02
684.02
684.02
684.02
163.40
163.40
212.52
212.52
742.90
742.90
161.95
161.95
187.09
187.09
237.09
237.09
288.46
288.46
719.85
719.85
593.10
593.10
516.54
516.54
249.18
249.18
534.66
534.66
711.68
711.68
711.68
711.68
730.20
730.20
230.01
230.01
545.48
545.48
853.12
853.12
705.02
705.02
171.39
171.39
753.28
753.28
974.89
974.89
954.78
954.78
88.78
88.78
615.20
615.20
1087.92
1087.92
373.17
373.17
510.48
510.48
510.48
510.48
1021.52
1021.52
1021.52
1021.52
1021.52
1021.52
61.87
61.87
832.26
832.26
832.26
832.26
832.26
832.26
28.27
28.27
704.99
704.99
803.73
803.73
642.16
642.16
609.61
609.61
491.31
491.31
1128.25
1128.25
978.95
978.95
978.95
978.95
962.86
962.86
32.71
32.71
332.27
332.27
595.01
595.01
595.01
595.01
815.01
815.01
815.01
815.01
815.01
815.01
711.07
711.07
711.07
711.07
711.07
711.07
711.07
711.07
757.25
757.25
757.25
757.25
757.25
757.25
757.25
757.25
826.55
826.55
824.39
824.39
821.35
821.35
739.78
739.78
25.87
25.87
718.14
718.14
862.67
862.67
862.67
862.67
851.67
851.67
851.67
851.67
851.67
851.67
847.24
847.24
847.24
847.24
879.30
879.30
321.84
321.84
659.26
659.26
659.26
659.26
659.26
659.26
659.26
659.26
659.26
659.26
659.26
659.26
659.26
659.26
659.26
659.26
659.26
659.26
659.26
659.26
659.26
659.26
659.26
659.26
659.26
659.26
659.26
659.26
659.26
659.26
210.76
210.76
210.66
210.66
241.94
241.94
80.53
80.53
319.72
319.72
186.89
186.89
285.38
285.38
532.22
532.22
552.42
552.42
584.17
584.17
635.31
635.31
214.58
214.58
33.33
33.33
114.16
114.16
97.70
97.70
662.90
662.90
669.41
669.41
600.74
600.74
10.00
10.00
696.32
696.32
696.32
696.32
709.63
709.63
709.63
709.63
709.63
709.63
869.63
869.63
55.07
55.07
756.69
756.69
756.69
756.69
756.69
756.69
756.69
756.69
756.69
756.69
526.18
861.20
19.16
19.16
596.94
596.94
10.00
10.00
243.29
243.29
829.35
829.35
829.35
829.35
793.71
793.71
793.71
793.71
793.71
793.71
63.05
63.05
218.85
218.85
701.21
701.21
151.53
151.53
778.69
778.69
778.69
778.69
250.48
250.48
715.66
715.66
715.66
715.66
715.66
715.66
715.66
715.66
715.66
715.66
164.42
164.42
245.40
245.40
431.04
431.04
431.04
431.04
826.05
826.05
53.47
53.47
10.00
10.00
442.61
442.61
442.61
442.61
41.23
41.23
271.77
271.77
311.12
311.12
110.66
110.66
421.31
421.31
22.88
22.88
411.92
411.92
745.16
745.16
91.96
91.96
808.45
808.45
852.36
852.36
142.58
142.58
771.32
771.32
771.32
771.32
13.61
13.61
214.88
214.88
552.65
552.65
485.50
485.50
485.50
485.50
801.29
801.29
801.29
801.29
801.29
801.29
572.80
572.80
572.80
437.80
103.99
103.99
40.09
40.09
270.53
270.53
63.80
63.80
440.10
440.10
608.03
608.03
608.03
608.03
824.49
824.49
1095.68
1095.68
474.08
474.08
162.85
162.85
504.06
504.06
736.09
736.09
736.09
736.09
828.79
828.79
828.79
828.79
828.79
828.79
777.56
777.56
777.56
777.56
738.31
738.31
738.31
738.31
75.03
75.03
480.90
480.90
61.35
61.35
35.90
35.90
334.39
334.39
211.21
211.21
242.68
242.68
270.72
270.72
19.25
19.25
51.02
51.02
32.50
32.50
212.51
212.51
212.51
212.51
63.22
63.22
132.44
132.44
208.29
208.29
208.29
208.29
380.47
380.47
130.79
130.79
206.12
206.12
396.47
396.47
14.51
14.51
374.11
374.11
374.11
374.11
19.91
19.91
132.65
132.65
232.98
232.98
41.52
41.52
137.16
137.16
430.21
430.21
104.57
104.57
25.14
25.14
26.62
26.62
215.63
215.63
228.62
228.62
228.62
228.62
257.83
257.83
127.23
127.23
217.99
217.99
379.44
379.44
64.05
64.05
52.83
52.83
206.85
206.85
196.43
196.43
238.49
238.49
196.27
196.27
243.41
243.41
243.41
243.41
258.88
258.88
216.17
216.17
216.17
216.17
285.36
285.36
285.36
285.36
367.92
367.92
337.38
337.38
337.38
337.38
447.83
447.83
147.81
147.81
507.10
507.10
507.10
507.10
507.10
507.10
594.56
594.56
73.44
73.44
554.52
554.52
554.52
554.52
472.79
472.79
472.79
472.79
472.79
472.79
450.76
450.76
450.76
450.76
219.34
219.34
120.60
120.60
121.90
121.90
387.26
387.26
221.21
221.21
228.91
228.91
101.57
101.57
584.29
584.29
584.29
584.29
61.69
61.69
558.53
558.53
65.24
65.24
684.82
684.82
684.82
684.82
43.47
43.47
20.30
20.30
164.49
164.49
700.12
700.12
700.12
700.12
700.12
700.12
700.12
700.12
700.12
700.12
188.53
188.53
188.53
188.53
325.33
325.33
352.24
352.24
352.24
352.24
159.31
159.31
207.56
207.56
218.46
218.46
198.29
198.29
423.31
423.31
213.17
213.17
213.17
213.17
181.46
181.46
226.36
226.36
145.12
145.12
171.39
171.39
186.80
186.80
482.16
482.16
30.29
30.29
166.90
166.90
269.04
269.04
235.92
235.92
61.07
61.07
324.94
324.94
83.98
83.98
266.51
266.51
208.00
208.00
226.49
226.49
147.19
147.19
41.33
41.33
415.22
415.22
263.55
263.55
358.42
358.42
246.00
246.00
364.19
364.19
378.53
378.53
394.72
394.72
437.33
437.33
97.39
97.39
558.29
558.29
122.02
122.02
437.99
437.99
437.99
437.99
582.79
582.79
582.79
582.79
500.46
500.46
500.46
500.46
500.46
500.46
596.44
596.44
596.44
596.44
276.70
276.70
276.70
276.70
164.64
164.64
621.92
621.92
621.92
621.92
753.80
753.80
753.80
753.80
543.00
543.00
13.81
13.81
352.79
352.79
31.49
31.49
609.04
609.04
55.18
55.18
15.02
15.02
252.18
252.18
51.82
51.82
125.33
125.33
596.35
596.35
39.22
39.22
764.30
764.30
764.30
764.30
764.30
764.30
752.12
752.12
752.12
752.12
870.27
870.27
870.27
870.27
870.27
870.27
441.25
441.25
441.25
441.25
32.81
32.81
288.08
288.08
787.84
787.84
159.98
159.98
327.02
327.02
705.81
705.81
705.81
705.81
389.99
389.99
389.99
18.52
147.11
147.11
44.62
44.62
13.92
13.92
605.55
605.55
359.27
359.27
788.49
788.49
407.21
407.21
368.29
368.29
581.58
581.58
581.58
581.58
581.58
581.58
581.58
581.58
581.58
581.58
97.07
97.07
209.31
209.31
567.94
567.94
567.94
567.94
567.94
567.94
590.38
590.38
590.38
590.38
656.56
656.56
656.56
656.56
464.24
464.24
464.24
464.24
104.53
104.53
647.64
647.64
465.94
465.94
291.48
291.48
274.81
274.81
711.81
711.81
673.58
673.58
43.97
43.97
317.31
317.31
607.64
607.64
20.04
20.04
238.71
238.71
203.41
203.41
358.00
358.00
197.85
197.85
190.22
190.22
445.25
445.25
742.61
742.61
781.31
781.31
781.31
781.31
10.00
10.00
286.49
286.49
634.45
634.45
634.74
634.74
19.40
19.40
84.75
84.75
148.93
148.93
473.00
473.00
84.67
84.67
685.75
685.75
685.75
685.75
685.75
685.75
859.41
859.41
859.41
859.41
42.54
42.54
35.43
35.43
292.12
292.12
738.34
738.34
738.34
738.34
738.34
116.48
116.48
240.96
240.96
567.94
567.94
567.94
567.94
567.94
567.94
429.96
429.96
429.96
429.96
323.85
323.85
639.50
639.50
454.87
454.87
454.87
454.87
454.87
454.87
22.21
22.21
245.69
245.69
728.79
728.79
728.79
728.79
728.79
728.79
582.31
582.31
111.67
111.67
450.82
450.82
61.23
61.23
70.68
70.68
180.38
180.38
180.38
180.38
114.76
114.76
333.57
333.57
429.84
429.84
429.84
429.84
100.73
100.73
44.19
44.19
257.53
257.53
416.72
416.72
416.72
416.72
510.15
510.15
32.99
32.99
89.09
89.09
133.90
133.90
32.94
32.94
201.93
201.93
275.07
275.07
193.35
193.35
380.24
380.24
380.24
380.24
362.19
362.19
362.19
362.19
363.20
363.20
363.20
363.20
363.20
363.20
384.77
384.77
384.77
384.77
273.79
273.79
273.79
273.79
273.79
273.79
232.60
232.60
256.46
256.46
418.52
418.52
418.52
418.52
493.19
493.19
493.19
493.19
493.19
493.19
492.47
492.47
492.47
492.47
244.95
244.95
10.00
10.00
118.33
118.33
311.75
311.75
311.75
311.75
65.95
65.95
141.77
141.77
363.17
363.17
363.17
363.17
363.17
363.17
347.53
347.53
347.53
347.53
435.33
435.33
435.33
435.33
435.33
435.33
66.57
66.57
83.73
83.73
289.71
289.71
428.70
428.70
426.93
426.93
326.52
326.52
463.56
463.56
434.52
434.52
299.06
299.06
167.89
167.89
637.42
637.42
723.75
723.75
672.28
672.28
672.28
672.28
524.36
524.36
39.43
39.43
594.51
594.51
594.51
594.51
91.86
91.86
126.43
126.43
316.34
316.34
123.04
123.04
10.00
10.00
144.61
144.61
303.86
303.86
288.53
288.53
104.17
104.17
60.60
60.60
398.03
398.03
571.05
571.05
379.72
379.72
559.11
559.11
559.11
559.11
309.78
309.78
362.71
362.71
491.19
491.19
599.55
599.55
599.55
599.55
640.48
640.48
17.50
17.50
348.78
348.78
791.44
791.44
791.44
791.44
428.72
428.72
762.35
762.35
725.76
725.76
123.06
123.06
370.61
370.61
636.21
636.21
889.12
889.12
370.39
370.39
457.75
457.75
97.30
97.30
162.93
162.93
159.96
159.96
599.85
599.85
148.05
148.05
522.65
522.65
54.38
54.38
502.48
502.48
502.48
502.48
77.80
77.80
562.40
562.40
10.00
10.00
621.16
621.16
621.16
621.16
548.91
548.91
198.47
198.47
21.57
21.57
696.49
696.49
529.53
529.53
254.25
254.25
770.18
770.18
50.97
50.97
771.16
771.16
735.53
735.53
562.26
562.26
772.34
772.34
339.81
339.81
648.98
648.98
258.81
258.81
82.21
82.21
716.59
716.59
293.81
293.81
404.32
404.32
687.95
687.95
665.22
665.22
274.83
274.83
577.33
577.33
192.68
192.68
164.84
164.84
288.43
288.43
670.44
670.44
691.06
691.06
63.73
63.73
275.20
275.20
361.21
361.21
361.21
361.21
405.01
405.01
125.20
125.20
137.62
137.62
267.75
267.75
235.79
235.79
405.57
405.57
70.91
70.91
93.56
93.56
281.01
281.01
197.94
197.94
400.55
400.55
185.47
185.47
153.11
153.11
221.96
221.96
269.19
269.19
195.28
195.28
257.50
257.50
105.84
105.84
358.38
358.38
105.92
105.92
174.33
174.33
446.19
446.19
423.34
423.34
423.34
423.34
187.74
187.74
123.59
123.59
467.11
467.11
505.76
505.76
427.66
427.66
567.42
567.42
567.42
567.42
501.91
501.91
18.30
18.30
644.46
644.46
796.54
796.54
17.50
17.50
519.54
519.54
15.92
15.92
594.10
594.10
594.10
594.10
594.10
594.10
237.74
237.74
285.05
285.05
679.97
679.97
63.69
63.69
363.62
363.62
166.06
166.06
288.90
288.90
409.75
409.75
557.24
557.24
683.35
683.35
683.35
683.35
683.35
683.35
119.87
119.87
53.05
53.05
609.75
609.75
161.58
161.58
526.48
526.48
13.26
13.26
714.48
714.48
162.73
162.73
412.44
412.44
754.91
754.91
754.91
754.91
754.91
754.91
535.54
535.54
535.54
535.54
365.79
365.79
61.92
61.92
346.02
346.02
256.75
256.75
67.58
67.58
67.58
188.35
333.70
333.70
313.33
313.33
192.62
192.62
361.82
361.82
52.89
52.89
318.92
318.92
434.90
434.90
434.90
434.90
529.32
529.32
529.32
529.32
529.32
529.32
146.14
146.14
178.57
178.57
360.43
360.43
52.06
52.06
252.47
252.47
493.79
493.79
399.82
399.82
564.78
564.78
564.78
564.78
564.78
564.78
564.78
564.78
564.78
564.78
564.78
627.41
442.24
442.24
83.59
83.59
1092.04
1092.04
179.12
179.12
271.13
271.13
104.80
104.80
318.93
318.93
972.35
972.35
81.94
81.94
273.92
273.92
152.33
152.33
254.06
254.06
343.85
343.85
1025.79
1025.79
273.48
273.48
275.85
275.85
82.08
82.08
852.60
852.60
212.01
212.01
144.42
144.42
109.46
109.46
1235.80
1235.80
260.20
260.20
1711.77
1711.77
25.93
25.93
1593.48
1593.48
384.93
384.93
243.09
243.09
225.19
225.19
42.82
42.82
546.03
546.03
195.59
195.59
136.14
136.14
1281.59
1281.59
1281.59
1281.59
1281.59
1480.12
163.81
163.81
12.22
12.22
17.83
17.83
316.11
316.11
377.88
377.88
377.88
377.88
446.11
446.11
439.48
439.48
40.42
40.42
401.70
401.70
401.70
401.70
500.74
500.74
19.75
19.75
19.75
495.68
59.79
59.79
172.31
172.31
156.60
156.60
271.06
271.06
168.72
168.72
19.54
19.54
354.81
354.81
370.94
370.94
370.94
370.94
283.71
283.71
283.71
283.71
342.16
342.16
110.89
110.89
417.97
417.97
361.65
361.65
342.18
342.18
459.85
459.85
23.14
23.14
62.24
62.24
532.99
532.99
75.70
75.70
153.36
153.36
119.99
119.99
64.63
64.63
463.95
463.95
17.90
17.90
515.84
515.84
104.68
104.68
176.75
176.75
272.54
272.54
372.92
372.92
372.92
372.92
312.47
312.47
336.39
336.39
196.83
196.83
493.85
493.85
49.32
49.32
461.34
461.34
443.63
443.63
443.63
443.63
444.94
444.94
555.47
555.47
369.92
369.92
725.39
725.39
77.01
77.01
559.91
559.91
559.91
559.91
823.31
823.31
826.60
826.60
826.60
826.60
768.27
768.27
57.05
57.05
113.66
113.66
234.38
234.38
796.06
796.06
796.06
796.06
796.06
796.06
16.51
16.51
219.13
219.13
169.09
169.09
349.41
349.41
641.44
641.44
641.44
641.44
641.44
641.44
758.57
758.57
758.57
758.57
651.28
651.28
651.28
651.28
651.28
651.28
729.77
729.77
729.77
729.77
581.05
581.05
36.28
36.28
691.77
691.77
13.46
13.46
181.34
181.34
33.60
33.60
249.72
249.72
146.45
146.45
267.94
267.94
267.94
267.94
105.12
105.12
116.91
116.91
38.28
38.28
397.70
397.70
725.75
725.75
725.75
725.75
725.75
725.75
20.62
20.62
293.45
293.45
690.82
690.82
690.82
690.82
690.82
690.82
764.30
764.30
10.00
10.00
198.76
198.76
198.76
198.76
207.96
207.96
191.47
191.47
433.93
433.93
24.45
24.45
376.63
376.63
80.24
80.24
118.65
118.65
224.37
224.37
363.23
363.23
534.13
534.13
506.31
506.31
506.31
506.31
431.25
431.25
100.47
100.47
53.35
53.35
66.64
66.64
279.64
279.64
126.81
126.81
125.74
125.74
361.53
361.53
380.50
380.50
37.31
37.31
134.87
134.87
235.08
235.08
380.75
380.75
55.24
55.24
429.51
429.51
291.94
291.94
291.94
291.94
417.19
417.19
480.99
480.99
480.99
480.99
42.01
42.01
294.30
294.30
570.93
570.93
570.93
570.93
585.41
585.41
10.00
10.00
308.24
308.24
533.66
533.66
533.66
533.66
659.67
659.67
31.15
31.15
60.24
60.24
434.60
434.60
434.60
434.60
353.39
353.39
353.39
353.39
71.05
71.05
48.37
48.37
13.11
13.11
633.13
633.13
210.24
210.24
463.57
463.57
463.57
463.57
177.58
177.58
96.00
96.00
255.83
255.83
593.97
593.97
593.97
593.97
498.47
498.47
42.36
42.36
299.63
299.63
239.47
239.47
206.50
206.50
201.51
201.51
269.98
269.98
269.98
269.98
304.20
304.20
304.20
304.20
190.92
190.92
190.92
190.92
355.53
355.53
355.53
343.42
294.28
294.28
570.19
570.19
570.19
570.19
597.56
597.56
597.56
597.56
597.56
597.56
375.02
375.02
375.02
375.02
375.02
365.75
365.75
139.35
29.33
29.33
29.33
215.72
215.72
76.87
76.87
253.97
253.97
45.54
45.54
467.57
467.57
467.57
467.57
467.57
467.57
534.32
534.32
198.92
198.92
401.78
401.78
401.78
401.78
449.18
449.18
449.18
449.18
449.18
449.18
108.61
108.61
192.73
192.73
176.81
176.81
202.23
202.23
202.23
202.23
19.20
19.20
251.25
251.25
423.16
423.16
423.16
423.16
435.55
435.55
435.55
435.55
435.55
435.55
126.15
126.15
177.77
177.77
473.90
473.90
473.90
473.90
473.90
473.90
690.93
690.93
53.89
53.89
401.29
401.29
401.29
401.29
689.81
689.81
35.85
35.85
281.57
281.57
464.44
464.44
464.44
464.44
571.51
571.51
501.00
501.00
501.00
501.00
317.22
317.22
553.09
553.09
323.00
323.00
534.36
534.36
480.33
480.33
480.33
480.33
160.47
160.47
510.99
510.99
510.99
510.99
311.78
311.78
134.55
134.55
527.94
527.94
23.21
23.21
358.86
358.86
21.78
21.78
60.13
60.13
147.50
147.50
61.94
61.94
223.25
223.25
675.06
675.06
675.06
675.06
679.58
679.58
679.58
679.58
131.92
131.92
718.25
718.25
718.25
718.25
718.25
718.25
718.25
718.25
718.25
284.75
10.00
10.00
158.44
158.44
237.17
237.17
42.79
42.79
84.25
84.25
122.98
122.98
213.97
213.97
305.20
305.20
181.18
181.18
148.16
148.16
202.32
202.32
163.47
163.47
163.47
163.47
206.51
206.51
366.29
366.29
366.29
366.29
372.56
372.56
43.32
43.32
199.86
199.86
456.63
456.63
456.63
456.63
159.89
159.89
394.82
394.82
492.27
492.27
492.27
492.27
492.27
492.27
544.64
544.64
544.64
544.64
405.22
405.22
405.22
405.22
405.22
405.22
76.55
76.55
156.06
156.06
507.83
507.83
585.54
585.54
322.55
322.55
281.28
281.28
613.99
613.99
529.88
529.88
529.88
529.88
663.92
663.92
163.75
163.75
399.85
399.85
597.00
597.00
680.58
680.58
31.89
31.89
337.62
337.62
751.84
751.84
751.84
751.84
211.23
211.23
10.46
10.46
751.33
751.33
407.73
407.73
66.90
66.90
709.34
709.34
709.34
709.34
709.34
709.34
125.02
125.02
439.54
439.54
775.26
775.26
775.26
775.26
165.76
165.76
42.06
42.06
457.95
457.95
588.60
588.60
588.60
588.60
618.42
618.42
618.42
618.42
618.42
618.42
105.02
105.02
390.28
390.28
140.91
140.91
77.68
77.68
62.10
62.10
79.07
79.07
512.68
512.68
305.10
305.10
96.73
96.73
219.82
219.82
391.85
391.85
391.85
391.85
395.73
395.73
395.73
395.73
276.18
276.18
276.18
276.18
276.18
276.18
418.31
418.31
109.04
109.04
458.57
458.57
336.45
336.45
536.10
536.10
204.78
204.78
54.80
54.80
95.36
95.36
263.05
263.05
29.75
29.75
271.49
271.49
347.66
347.66
95.81
95.81
382.67
382.67
488.43
488.43
488.43
142.28
494.65
494.65
494.65
494.65
183.02
183.02
151.66
151.66
27.95
27.95
28.55
28.55
80.55
80.55
291.37
291.37
170.45
170.45
59.69
59.69
586.72
586.72
637.93
637.93
500.59
500.59
18.22
18.22
223.70
223.70
354.98
354.98
88.19
88.19
731.04
731.04
35.23
35.23
41.25
41.25
497.63
497.63
12.21
12.21
542.68
542.68
134.13
134.13
497.67
497.67
629.70
629.70
629.70
629.70
629.70
629.70
629.70
629.70
629.70
629.70
629.70
629.70
479.40
398.65
216.09
216.09
221.48
221.48
354.02
354.02
414.85
414.85
282.85
282.85
12.14
12.14
237.62
237.62
472.16
472.16
472.16
472.16
472.16
472.16
472.16
472.16
536.65
536.65
399.32
399.32
540.44
540.44
80.49
80.49
75.57
75.57
175.34
175.34
217.87
217.87
217.87
217.87
217.87
91.87
85.87
85.87
275.66
275.66
275.66
275.66
159.59
159.59
256.10
256.10
424.14
424.14
489.29
489.29
431.90
431.90
547.35
547.35
590.83
590.83
590.83
590.83
368.06
368.06
572.23
572.23
227.67
227.67
128.38
128.38
516.08
516.08
207.16
207.16
262.10
262.10
315.39
315.39
273.45
273.45
386.01
386.01
246.85
246.85
263.11
263.11
334.84
334.84
334.84
334.84
442.53
442.53
314.74
314.74
252.99
252.99
254.03
254.03
57.62
57.62
502.94
502.94
502.94
502.94
552.29
552.29
552.29
552.29
123.68
123.68
73.77
73.77
256.75
256.75
398.26
398.26
398.26
398.26
408.67
408.67
408.67
408.67
25.84
25.84
517.07
517.07
21.54
21.54
42.26
42.26
195.00
195.00
292.45
292.45
720.47
720.47
720.47
720.47
719.62
719.62
28.23
28.23
396.72
396.72
40.38
40.38
325.69
325.69
185.65
185.65
330.79
330.79
218.83
218.83
236.16
236.16
236.16
236.16
442.10
442.10
442.10
442.10
183.44
183.44
123.78
123.78
431.76
431.76
431.76
431.76
431.76
431.76
402.16
402.16
89.77
89.77
164.84
164.84
232.27
232.27
232.27
232.27
44.02
44.02
245.37
245.37
310.60
310.60
362.25
362.25
480.21
480.21
480.21
480.21
480.21
480.21
576.15
576.15
576.15
576.15
636.38
636.38
229.94
229.94
511.93
511.93
466.34
466.34
41.15
41.15
502.94
502.94
560.64
560.64
581.74
581.74
122.80
122.80
230.69
230.69
251.55
251.55
251.55
251.55
679.90
679.90
679.90
679.90
679.90
679.90
664.04
664.04
664.04
664.04
664.04
664.04
55.66
55.66
559.70
559.70
559.70
559.70
559.70
559.70
539.62
539.62
73.08
73.08
619.07
619.07
486.06
486.06
59.95
59.95
618.37
618.37
42.55
42.55
250.53
250.53
250.53
250.53
474.02
474.02
474.02
474.02
658.84
658.84
572.24
572.24
572.24
572.24
45.77
45.77
183.83
183.83
183.83
183.83
183.83
183.83
183.83
183.83
183.83
183.83
22.86
163.23
412.38
412.38
275.06
275.06
766.52
766.52
147.30
147.30
35.77
35.77
717.76
717.76
14.14
14.14
651.84
651.84
142.23
142.23
821.38
821.38
192.66
192.66
183.52
183.52
670.25
670.25
864.18
864.18
689.00
689.00
601.95
601.95
601.95
601.95
499.91
499.91
499.91
499.91
499.91
499.91
700.27
700.27
23.71
23.71
753.23
753.23
753.23
753.23
700.14
700.14
700.14
38.67
105.98
105.98
621.81
621.81
621.81
621.81
548.96
548.96
85.93
85.93
288.50
288.50
171.23
171.23
195.79
195.79
420.13
420.13
420.13
420.13
355.25
355.25
14.66
14.66
39.01
39.01
319.00
319.00
319.00
319.00
10.00
10.00
15.10
15.10
409.23
409.23
411.30
411.30
560.65
560.65
78.84
78.84
224.03
224.03
356.76
356.76
356.76
356.76
524.90
524.90
27.77
27.77
216.91
216.91
553.35
553.35
553.35
553.35
472.58
472.58
435.60
435.60
435.60
435.60
162.00
162.00
230.68
230.68
532.38
532.38
532.38
532.38
40.14
40.14
580.47
580.47
139.99
139.99
234.85
234.85
234.85
234.85
289.41
289.41
285.96
285.96
10.00
10.00
379.21
379.21
379.21
379.21
180.02
180.02
422.54
422.54
463.53
463.53
502.42
502.42
502.42
502.42
226.37
226.37
54.22
54.22
264.79
264.79
497.71
497.71
29.94
29.94
590.50
590.50
590.50
590.50
82.35
82.35
225.58
225.58
225.58
225.58
591.32
591.32
591.32
591.32
269.94
269.94
397.91
397.91
632.96
632.96
561.57
561.57
561.57
561.57
564.68
564.68
564.68
57.82
657.26
657.26
80.41
80.41
607.29
607.29
784.47
784.47
17.89
17.89
29.29
29.29
390.87
390.87
397.70
397.70
62.09
62.09
669.57
669.57
706.23
706.23
78.24
78.24
151.99
151.99
714.40
714.40
220.46
220.46
398.43
398.43
398.43
398.43
125.61
125.61
270.26
270.26
76.03
76.03
219.87
219.87
256.14
256.14
184.09
184.09
286.13
286.13
273.44
273.44
237.80
237.80
237.80
237.80
17.92
147.15
40.18
40.18
167.88
167.88
211.29
211.29
365.04
365.04
271.97
271.97
361.75
361.75
392.53
392.53
392.53
353.61
395.82
395.82
395.82
395.82
395.82
395.82
508.40
508.40
508.40
499.96
57.42
57.42
209.48
209.48
441.42
441.42
578.24
578.24
578.24
578.24
392.33
392.33
392.33
392.33
392.33
392.33
392.33
392.33
392.33
392.33
13.40
787.31
787.31
787.31
787.31
787.31
751.08
1079.15
1079.15
678.61
678.61
140.85
140.85
85.36
85.36
21.48
21.48
959.63
959.63
64.62
64.62
105.53
105.53
1577.96
1577.96
577.30
577.30
1365.20
1365.20
18.15
18.15
1458.61
1458.61
37.38
37.38
1742.23
1742.23
1584.65
1584.65
554.26
554.26
86.55
86.55
69.62
69.62
1573.90
1573.90
1573.90
1573.90
186.11
186.11
263.09
263.09
285.80
285.80
89.88
89.88
508.89
508.89
538.54
538.54
22.27
22.27
543.32
543.32
21.58
21.58
527.11
527.11
527.11
527.11
527.11
527.11
580.61
580.61
580.61
580.61
573.05
573.05
14.83
14.83
573.49
573.49
32.79
32.79
128.77
128.77
603.48
603.48
36.04
36.04
359.79
359.79
94.22
94.22
285.60
285.60
160.88
160.88
227.76
227.76
239.57
239.57
43.29
43.29
187.84
187.84
305.52
305.52
305.52
305.52
111.68
111.68
439.24
439.24
553.96
553.96
553.96
79.33
293.41
293.41
518.18
518.18
104.46
104.46
593.43
593.43
593.43
742.64
742.64
742.64
10.00
10.00
184.04
184.04
52.23
52.23
121.49
121.49
595.43
595.43
165.07
165.07
22.01
22.01
54.18
54.18
614.37
614.37
666.03
666.03
666.03
666.03
660.10
660.10
660.10
660.10
660.10
660.10
748.36
748.36
180.36
180.36
285.57
285.57
285.57
285.57
285.57
285.57
14.67
14.67
380.61
380.61
337.60
337.60
337.60
337.60
249.95
249.95
55.13
55.13
309.39
309.39
376.50
376.50
376.50
376.50
277.70
277.70
277.70
277.70
277.70
277.70
384.14
384.14
375.44
375.44
29.25
29.25
59.97
59.97
425.68
425.68
505.94
505.94
45.02
45.02
691.93
691.93
691.93
41.07
707.38
707.38
126.78
126.78
600.57
600.57
812.08
812.08
205.74
205.74
611.10
611.10
719.25
719.25
767.91
767.91
74.57
74.57
259.02
259.02
168.79
168.79
123.58
123.58
16.20
16.20
272.10
272.10
297.41
297.41
768.21
768.21
277.32
277.32
74.01
74.01
840.20
840.20
775.39
775.39
146.13
146.13
465.35
465.35
465.35
465.35
465.35
465.35
465.35
465.35
465.35
465.35
465.35
763.64
40.60
40.60
200.00
200.00
748.16
748.16
718.42
718.42
78.73
78.73
939.61
939.61
84.07
84.07
1239.03
1239.03
121.44
121.44
408.88
408.88
77.04
77.04
276.71
276.71
1322.59
1322.59
103.48
103.48
170.36
170.36
246.66
246.66
831.23
831.23
54.60
54.60
1008.44
1008.44
518.41
518.41
96.53
96.53
738.77
738.77
471.31
471.31
1978.03
1978.03
1802.33
1802.33
32.19
32.19
30.67
30.67
308.82
308.82
570.14
570.14
26.04
26.04
222.30
222.30
506.12
506.12
257.61
257.61
496.31
496.31
496.31
496.31
496.31
496.31
569.21
569.21
507.36
507.36
576.39
576.39
447.49
447.49
671.78
671.78
619.52
619.52
619.52
619.52
104.50
104.50
346.66
346.66
912.13
912.13
1038.42
1038.42
913.83
913.83
917.60
917.60
510.95
510.95
609.42
609.42
609.42
609.42
744.40
744.40
744.40
744.40
744.40
744.40
51.35
51.35
69.41
69.41
16.87
16.87
481.65
481.65
602.33
602.33
725.47
725.47
725.47
725.47
787.19
787.19
787.19
787.19
815.80
815.80
25.20
25.20
110.77
110.77
113.87
113.87
169.62
169.62
58.39
58.39
69.00
69.00
344.01
344.01
273.26
273.26
283.58
283.58
325.40
325.40
325.40
325.40
468.14
468.14
468.14
468.14
468.14
468.14
667.35
667.35
497.96
497.96
232.42
232.42
34.65
34.65
306.03
306.03
306.03
306.03
306.03
306.03
112.52
112.52
128.74
128.74
326.04
326.04
326.04
326.04
135.50
135.50
569.48
569.48
22.36
22.36
630.67
630.67
731.17
731.17
689.14
689.14
689.14
689.14
689.14
689.14
78.06
78.06
252.73
252.73
42.73
42.73
111.17
111.17
16.16
16.16
74.97
74.97
40.61
40.61
738.65
738.65
738.65
738.65
720.82
720.82
720.82
720.82
170.75
170.75
112.21
112.21
371.25
371.25
156.93
156.93
156.93
156.93
156.93
156.93
569.06
569.06
164.57
164.57
119.04
119.04
521.28
521.28
440.09
440.09
580.66
580.66
747.04
747.04
648.87
648.87
596.52
596.52
28.54
28.54
289.48
289.48
721.30
721.30
674.90
674.90
507.70
507.70
97.09
97.09
281.39
281.39
291.19
291.19
291.19
291.19
279.24
279.24
516.95
516.95
479.50
479.50
452.63
452.63
452.63
452.63
22.80
22.80
10.00
10.00
573.58
573.58
254.89
254.89
908.58
908.58
60.48
60.48
296.44
296.44
333.15
333.15
905.75
905.75
905.75
905.75
832.34
832.34
832.34
832.34
832.34
832.34
105.21
105.21
126.01
126.01
30.25
30.25
27.94
27.94
696.45
696.45
696.45
696.45
696.45
696.45
85.67
85.67
85.38
85.38
220.36
220.36
220.36
220.36
220.36
220.36
85.20
85.20
274.36
274.36
268.91
268.91
330.35
330.35
210.14
210.14
215.97
215.97
231.45
231.45
556.21
556.21
60.97
60.97
520.04
520.04
520.04
520.04
589.48
589.48
19.62
19.62
464.98
464.98
200.25
200.25
22.04
22.04
525.16
525.16
525.16
525.16
525.16
525.16
358.63
358.63
594.64
594.64
567.20
567.20
664.72
664.72
634.26
634.26
22.79
22.79
227.75
227.75
439.26
439.26
227.75
227.75
576.60
576.60
576.60
576.60
708.06
708.06
498.00
498.00
599.40
599.40
52.15
52.15
114.07
114.07
246.26
246.26
109.01
109.01
291.44
291.44
668.58
668.58
668.58
668.58
605.73
605.73
605.73
605.73
164.10
164.10
692.71
692.71
778.29
778.29
711.22
711.22
711.22
711.22
85.34
85.34
26.17
26.17
324.68
324.68
101.74
101.74
616.76
616.76
580.29
580.29
634.09
634.09
634.09
634.09
155.01
155.01
353.20
353.20
607.92
607.92
806.94
806.94
391.57
391.57
279.50
279.50
905.84
905.84
18.14
18.14
758.89
758.89
891.38
891.38
332.53
332.53
879.28
879.28
592.17
592.17
417.17
417.17
188.48
188.48
407.78
407.78
404.47
404.47
52.68
52.68
468.10
468.10
419.26
419.26
471.81
471.81
176.66
176.66
627.10
627.10
69.13
69.13
564.64
564.64
22.36
22.36
538.00
538.00
538.00
538.00
349.47
349.47
306.51
306.51
124.79
124.79
695.66
695.66
185.49
185.49
378.45
378.45
331.67
331.67
140.32
140.32
147.72
147.72
39.32
39.32
401.06
401.06
403.65
403.65
426.32
426.32
230.00
230.00
381.38
381.38
550.88
550.88
550.88
550.88
540.48
540.48
453.60
453.60
568.96
568.96
481.19
481.19
481.19
481.19
481.19
481.19
481.19
534.70
389.35
389.35
729.80
729.80
672.48
672.48
120.45
120.45
108.22
108.22
375.43
375.43
696.67
696.67
86.51
86.51
367.97
367.97
367.97
367.97
790.29
1742.02
28.30
28.30
414.74
414.74
1569.66
1569.66
785.07
785.07
97.68
97.68
85.45
85.45
472.75
472.75
31.03
31.03
102.03
102.03
22.68
22.68
106.76
106.76
200.61
200.61
318.88
318.88
655.14
655.14
63.55
63.55
338.94
338.94
128.45
128.45
70.83
70.83
509.98
509.98
682.09
682.09
682.09
682.09
639.98
639.98
99.53
99.53
39.68
39.68
208.38
208.38
598.69
598.69
479.73
479.73
701.20
701.20
348.69
348.69
364.93
364.93
785.97
785.97
775.69
775.69
775.69
775.69
213.40
213.40
837.24
837.24
683.03
683.03
105.44
105.44
77.39
77.39
175.74
175.74
45.28
45.28
56.69
56.69
37.44
37.44
735.04
735.04
125.62
125.62
40.11
40.11
679.75
679.75
679.75
679.75
795.21
795.21
795.21
77.22
72.61
72.61
397.30
397.30
43.38
43.38
659.60
659.60
707.36
707.36
685.70
685.70
685.70
685.70
267.83
267.83
537.49
537.49
25.12
25.12
506.90
506.90
563.95
563.95
595.92
595.92
111.76
111.76
106.33
106.33
237.96
237.96
120.38
120.38
497.18
497.18
580.80
580.80
580.80
580.80
698.35
698.35
698.35
698.35
690.43
690.43
161.62
161.62
712.22
712.22
655.97
655.97
655.97
494.58
715.47
715.47
108.56
108.56
288.28
288.28
741.94
741.94
741.94
741.94
741.94
818.71
851.60
851.60
851.60
15.46
15.46
303.00
147.54
147.54
147.54
407.51
407.51
412.11
412.11
113.31
113.31
745.98
745.98
265.61
265.61
623.10
623.10
129.20
129.20
1232.57
1232.57
11.58
11.58
498.81
498.81
498.81
498.81
755.14
755.14
52.39
52.39
366.93
366.93
417.00
417.00
417.00
417.00
742.96
742.96
64.33
64.33
309.11
309.11
101.18
101.18
848.38
848.38
530.75
530.75
359.95
359.95
354.71
354.71
160.29
160.29
129.21
129.21
129.21
664.77
664.77
664.77
385.88
385.88
853.04
853.04
853.04
853.04
1509.29
1509.29
52.51
52.51
750.75
750.75
1578.04
1578.04
71.83
71.83
387.83
387.83
63.65
63.65
176.01
176.01
469.91
469.91
1037.24
1037.24
48.65
48.65
139.71
139.71
188.12
188.12
648.30
648.30
280.97
280.97
121.82
121.82
174.05
174.05
311.70
311.70
557.83
557.83
395.72
395.72
247.34
247.34
410.84
410.84
36.38
36.38
228.75
228.75
481.29
481.29
82.60
82.60
219.75
219.75
461.57
461.57
381.72
381.72
320.94
320.94
320.94
320.94
102.96
102.96
112.15
112.15
32.64
32.64
108.22
108.22
22.53
22.53
237.02
237.02
138.54
138.54
317.79
317.79
32.90
172.30
172.30
172.30
352.07
352.07
166.38
166.38
72.30
72.30
189.32
189.32
274.05
274.05
211.01
211.01
259.07
259.07
517.05
517.05
672.31
672.31
203.70
203.70
380.19
380.19
593.83
593.83
176.11
176.11
335.36
335.36
147.74
147.74
147.74
147.74
642.21
642.21
642.21
642.21
556.05
435.10
896.83
896.83
896.83
896.83
896.83
896.83
764.48
764.48
70.59
70.59
278.91
278.91
216.87
216.87
126.13
126.13
126.13
1118.11
247.24
247.24
134.20
134.20
154.78
154.78
519.51
519.51
1110.18
1110.18
1110.18
1110.18
380.86
380.86
351.71
351.71
351.71
351.71
351.71
351.71
1288.33
1401.27
158.61
158.61
3372.27
3372.27
2549.53
2549.53
2549.53
603.21
3311.61
3311.61
480.39
480.39
197.87
197.87
566.61
566.61
3460.20
3460.20
186.74
186.74
540.07
540.07
35.59
35.59
270.30
270.30
298.67
298.67
298.67
298.67
212.89
212.89
283.13
283.13
497.19
497.19
422.25
422.25
468.97
468.97
367.53
367.53
155.39
155.39
69.97
69.97
481.29
481.29
418.62
418.62
52.33
52.33
171.52
171.52
597.58
597.58
148.79
148.79
320.86
320.86
387.68
387.68
442.71
442.71
766.75
766.75
766.75
766.75
766.75
766.75
106.17
106.17
185.07
185.07
250.88
250.88
484.90
484.90
428.42
428.42
304.79
304.79
235.46
235.46
378.68
378.68
65.98
65.98
389.37
389.37
344.24
344.24
344.24
344.24
90.28
90.28
13.40
13.40
584.76
584.76
137.04
137.04
696.51
696.51
696.51
696.51
696.51
696.51
109.29
109.29
238.74
238.74
691.82
691.82
691.82
691.82
691.82
691.82
17.24
17.24
357.70
357.70
53.63
53.63
150.87
150.87
656.09
656.09
821.45
821.45
63.89
63.89
584.40
584.40
725.18
725.18
809.49
809.49
63.80
63.80
394.86
394.86
445.10
445.10
516.13
516.13
652.61
652.61
652.61
652.61
652.61
652.61
126.86
126.86
223.39
223.39
504.10
504.10
504.10
504.10
107.33
107.33
296.81
296.81
167.60
167.60
113.74
113.74
649.28
649.28
452.44
452.44
557.82
557.82
726.92
726.92
485.44
485.44
485.44
485.44
842.16
842.16
842.16
842.16
28.85
28.85
455.94
455.94
455.94
455.94
551.21
551.21
31.86
31.86
136.52
136.52
92.17
92.17
387.23
387.23
458.33
458.33
467.77
467.77
405.36
405.36
560.89
560.89
529.73
529.73
529.73
529.73
529.73
529.73
405.03
405.03
66.15
66.15
40.33
40.33
399.34
399.34
327.22
327.22
227.47
227.47
18.21
18.21
404.12
404.12
404.12
404.12
417.91
417.91
417.91
417.91
417.91
417.91
689.19
689.19
88.07
88.07
671.73
671.73
732.59
732.59
503.06
503.06
767.28
767.28
705.14
705.14
412.35
412.35
64.65
64.65
24.27
24.27
355.71
355.71
718.37
718.37
617.42
617.42
735.10
735.10
604.96
604.96
604.96
604.96
614.09
614.09
375.72
375.72
683.26
683.26
454.24
454.24
668.20
668.20
728.26
728.26
592.78
592.78
802.66
802.66
75.34
75.34
130.98
130.98
212.17
212.17
269.83
269.83
778.04
778.04
148.52
148.52
628.12
628.12
69.66
69.66
274.91
274.91
758.94
758.94
758.94
758.94
250.75
250.75
593.27
593.27
593.27
593.27
136.81
136.81
546.86
546.86
635.41
635.41
53.46
53.46
115.88
115.88
739.52
739.52
694.01
694.01
207.68
207.68
114.08
114.08
25.46
25.46
56.40
56.40
475.78
475.78
425.66
425.66
545.96
545.96
480.30
480.30
10.00
10.00
146.19
146.19
585.53
585.53
180.00
180.00
352.84
352.84
352.84
352.84
371.13
371.13
306.59
306.59
306.59
306.59
383.81
383.81
383.81
383.81
369.43
369.43
67.92
67.92
141.64
141.64
372.59
372.59
372.59
372.59
355.38
355.38
148.84
148.84
409.69
409.69
105.75
105.75
86.55
86.55
348.32
348.32
490.70
490.70
357.90
357.90
41.08
41.08
472.66
472.66
540.22
540.22
56.31
56.31
123.22
123.22
91.10
91.10
290.78
290.78
49.19
49.19
157.83
157.83
318.62
318.62
155.21
155.21
247.83
247.83
97.72
97.72
209.31
209.31
14.18
14.18
193.95
193.95
447.17
447.17
461.14
461.14
487.22
487.22
487.22
487.22
69.36
69.36
581.14
581.14
642.47
642.47
75.23
75.23
75.23
536.53
211.83
211.83
211.83
211.83
211.83
211.83
211.83
211.83
211.83
211.83
211.83
605.82
530.62
530.62
89.31
89.31
557.17
557.17
253.20
253.20
664.07
664.07
71.87
71.87
243.17
243.17
735.13
735.13
359.96
359.96
108.03
108.03
317.93
317.93
12.93
12.93
1000.70
1000.70
1322.54
1322.54
114.16
114.16
114.16
17.62
1065.51
1065.51
88.63
88.63
26.14
26.14
22.39
22.39
370.36
370.36
1028.17
1028.17
954.05
954.05
54.23
54.23
204.53
204.53
895.66
895.66
349.45
349.45
335.32
335.32
188.14
188.14
475.44
475.44
475.44
475.44
1182.80
83.60
83.60
83.60
83.60
83.60
246.08
1697.19
1336.27
1336.27
152.13
152.13
22.24
22.24
1284.90
1284.90
573.76
573.76
22.38
22.38
956.50
956.50
51.04
51.04
1306.46
1306.46
180.60
180.60
18.10
18.10
92.37
92.37
583.03
583.03
583.03
44.42
575.32
575.32
140.81
140.81
17.89
17.89
15.71
15.71
252.09
252.09
125.94
125.94
563.61
563.61
40.10
40.10
503.59
503.59
503.59
503.59
572.12
572.12
572.12
572.12
38.20
38.20
248.21
248.21
28.30
28.30
630.83
630.83
163.83
163.83
208.81
208.81
615.69
615.69
38.98
38.98
812.77
812.77
812.77
812.77
435.74
435.74
39.40
39.40
359.24
359.24
374.59
374.59
89.44
89.44
519.17
519.17
768.66
768.66
768.66
768.66
43.17
43.17
660.41
660.41
512.78
512.78
149.59
149.59
273.53
273.53
78.52
78.52
658.18
658.18
165.59
165.59
229.88
229.88
69.05
69.05
399.37
399.37
53.89
53.89
82.42
82.42
300.25
300.25
101.43
101.43
304.28
304.28
454.19
454.19
224.08
224.08
456.22
456.22
236.10
236.10
236.10
236.10
609.16
609.16
168.18
168.18
384.80
384.80
706.99
706.99
181.18
181.18
40.75
40.75
538.08
538.08
674.16
674.16
708.89
708.89
114.94
114.94
783.28
783.28
783.28
783.28
186.93
186.93
186.93
186.93
186.93
186.93
516.15
516.15
679.17
679.17
833.12
833.12
647.98
647.98
732.51
732.51
732.51
1617.15
1349.35
1349.35
1349.35
1349.35
1349.35
1081.57
67.34
67.34
511.79
511.79
413.90
413.90
14.84
14.84
41.79
41.79
2441.71
2441.71
670.45
670.45
78.87
78.87
1277.49
1277.49
164.18
164.18
700.95
700.95
286.30
286.30
760.81
760.81
723.79
723.79
193.15
193.15
711.57
711.57
212.66
212.66
548.44
548.44
2394.85
2394.85
136.12
136.12
59.37
59.37
405.89
405.89
319.72
319.72
319.72
319.72
87.00
87.00
73.24
73.24
95.93
95.93
139.19
139.19
66.37
66.37
586.66
586.66
586.66
586.66
644.29
644.29
644.29
644.29
61.45
61.45
755.46
755.46
755.46
755.46
452.20
452.20
106.54
106.54
149.32
149.32
149.32
454.28
454.28
454.28
454.28
545.44
545.44
545.44
545.44
569.85
569.85
569.85
569.85
84.72
84.72
84.72
84.72
84.72
111.49
312.26
312.26
312.26
312.26
559.64
559.64
559.64
559.64
559.64
559.64
504.89
504.89
504.89
504.89
215.49
215.49
326.21
326.21
19.55
19.55
382.21
382.21
461.55
461.55
546.52
546.52
520.68
520.68
196.67
196.67
449.31
449.31
604.77
604.77
357.97
357.97
10.00
10.00
707.94
707.94
41.23
41.23
548.08
548.08
701.00
701.00
714.33
714.33
760.81
760.81
103.67
103.67
642.56
642.56
696.83
696.83
696.83
696.83
77.23
77.23
23.04
23.04
451.64
451.64
850.35
850.35
226.76
226.76
186.72
186.72
440.36
440.36
525.54
525.54
525.54
742.30
742.30
742.30
742.30
742.30
921.27
921.27
779.30
779.30
436.23
436.23
81.50
81.50
163.92
163.92
22.35
22.35
466.41
466.41
466.41
466.41
795.11
795.11
795.11
795.11
78.47
78.47
261.02
261.02
261.02
261.02
221.91
221.91
221.91
221.91
517.07
517.07
517.07
517.07
439.77
439.77
159.85
159.85
281.05
281.05
356.14
356.14
528.28
528.28
459.82
459.82
107.49
107.49
130.76
130.76
465.13
465.13
540.92
540.92
567.76
567.76
196.45
196.45
525.33
525.33
566.08
566.08
620.48
620.48
681.21
681.21
615.07
615.07
417.87
417.87
489.96
489.96
637.74
637.74
22.77
22.77
215.36
215.36
375.59
375.59
676.68
676.68
699.31
699.31
580.82
580.82
580.82
580.82
580.82
580.82
580.82
580.82
776.30
776.30
16.89
16.89
860.96
860.96
727.98
727.98
925.80
925.80
85.45
85.45
401.79
401.79
14.22
14.22
53.57
53.57
348.09
348.09
307.59
307.59
407.70
407.70
616.24
616.24
616.24
616.24
62.51
62.51
438.91
438.91
438.91
438.91
575.67
575.67
575.67
575.67
575.67
575.67
200.97
200.97
224.17
224.17
90.66
90.66
211.01
211.01
84.91
84.91
220.76
220.76
220.76
220.76
610.20
610.20
96.68
96.68
41.94
41.94
230.70
230.70
487.92
487.92
59.18
59.18
184.03
184.03
641.21
641.21
158.12
158.12
574.00
574.00
574.00
574.00
58.15
58.15
590.15
590.15
590.15
590.15
602.78
602.78
602.78
602.78
467.83
467.83
541.90
541.90
21.57
21.57
39.84
39.84
856.38
856.38
825.27
825.27
899.01
899.01
853.02
853.02
977.01
977.01
1223.19
1223.19
2247.50
2247.50
215.66
215.66
1648.93
1648.93
3483.93
3483.93
279.19
279.19
702.00
702.00
1215.69
1215.69
524.67
524.67
555.04
555.04
30.98
30.98
18.85
18.85
1122.06
1122.06
111.76
111.76
1127.77
1127.77
283.37
283.37
189.15
189.15
502.16
502.16
58.33
58.33
197.16
197.16
147.38
147.38
84.94
84.94
211.38
211.38
410.57
410.57
410.57
410.57
433.36
433.36
80.25
80.25
436.57
436.57
436.57
436.57
436.57
436.57
412.91
412.91
412.91
412.91
526.48
526.48
18.56
18.56
858.14
858.14
47.31
47.31
1075.32
1075.32
766.57
766.57
68.11
68.11
26.54
26.54
399.80
399.80
572.79
572.79
2021.23
2021.23
2021.23
2021.23
811.00
811.00
2853.83
2853.83
2440.85
2440.85
2187.83
2187.83
2187.83
2187.83
829.38
829.38
331.78
331.78
1916.68
1916.68
180.05
180.05
948.47
948.47
874.49
874.49
73.40
73.40
848.77
848.77
848.77
848.77
848.77
848.77
166.91
166.91
161.64
161.64
294.66
294.66
363.77
363.77
417.02
417.02
647.91
647.91
628.27
628.27
707.83
707.83
707.83
707.83
437.56
437.56
437.56
437.56
57.84
57.84
348.00
348.00
765.20
765.20
765.20
765.20
765.20
765.20
765.20
765.20
135.46
135.46
245.59
245.59
694.20
694.20
694.20
694.20
673.66
673.66
673.66
673.66
673.66
673.66
671.55
671.55
671.55
671.55
791.09
791.09
56.16
56.16
500.33
500.33
17.72
17.72
185.15
185.15
106.55
106.55
10.00
10.00
719.18
719.18
719.18
719.18
719.18
719.18
284.62
284.62
647.43
647.43
889.24
889.24
889.24
889.24
460.22
460.22
460.22
460.22
460.22
460.22
721.83
721.83
721.83
721.83
720.58
720.58
720.58
720.58
720.58
720.58
831.21
831.21
831.21
831.21
791.10
791.10
17.72
17.72
827.78
827.78
827.78
827.78
827.78
827.78
597.52
597.52
597.52
597.52
685.79
685.79
124.80
124.80
771.90
771.90
756.63
756.63
756.63
756.63
419.06
419.06
419.06
419.06
689.70
689.70
689.70
689.70
689.70
689.70
714.48
714.48
63.11
63.11
830.76
830.76
830.76
830.76
830.76
830.76
995.20
995.20
995.20
995.20
33.78
33.78
17.78
17.78
300.90
300.90
300.90
300.90
721.29
721.29
78.29
78.29
457.85
457.85
347.15
347.15
331.55
331.55
331.55
331.55
423.47
423.47
485.51
485.51
181.66
181.66
450.90
450.90
87.25
87.25
257.84
257.84
488.98
488.98
495.52
495.52
495.52
495.52
486.71
486.71
579.76
579.76
54.12
54.12
547.88
547.88
547.88
547.88
707.81
707.81
707.81
707.81
83.72
83.72
439.56
439.56
290.05
290.05
179.40
179.40
357.93
357.93
568.28
568.28
615.23
615.23
615.23
615.23
434.60
434.60
434.60
434.60
120.22
120.22
345.00
345.00
577.93
577.93
10.00
10.00
333.32
333.32
90.08
90.08
44.51
44.51
621.11
621.11
621.11
621.11
621.11
621.11
379.90
379.90
379.90
379.90
631.20
631.20
70.58
70.58
228.53
228.53
316.86
316.86
316.86
316.86
160.15
160.15
428.01
428.01
389.85
389.85
389.85
389.85
389.85
389.85
457.35
457.35
10.52
10.52
466.39
466.39
197.91
197.91
421.35
421.35
421.35
421.35
421.35
421.35
527.72
527.72
527.72
527.72
535.74
535.74
284.27
284.27
430.64
430.64
542.71
542.71
498.87
498.87
606.12
606.12
544.03
544.03
672.40
672.40
672.40
672.40
672.40
672.40
585.29
585.29
640.29
640.29
142.59
142.59
412.13
412.13
727.13
727.13
737.21
737.21
952.62
952.62
867.40
867.40
1166.46
1166.46
1346.13
1346.13
225.79
225.79
1138.79
1138.79
1875.44
1875.44
1875.44
44.14
256.80
256.80
935.41
935.41
68.11
68.11
232.98
232.98
296.66
296.66
2290.11
2290.11
2271.41
2271.41
2654.62
2654.62
322.95
322.95
466.64
466.64
459.45
459.45
583.32
583.32
80.47
80.47
670.27
670.27
230.88
230.88
21.41
21.41
301.32
301.32
551.45
551.45
112.65
112.65
398.78
398.78
141.22
141.22
545.71
545.71
540.17
540.17
540.17
540.17
446.80
446.80
590.92
590.92
590.92
590.92
436.05
436.05
401.68
401.68
370.20
370.20
169.13
169.13
451.67
451.67
451.67
451.67
450.21
450.21
385.27
385.27
385.27
385.27
390.73
390.73
390.73
390.73
451.09
451.09
28.97
28.97
598.29
598.29
463.62
463.62
604.02
604.02
347.45
347.45
347.45
347.45
616.26
616.26
616.26
215.78
239.19
239.19
172.38
172.38
583.65
583.65
583.65
583.65
583.65
166.34
576.65
576.65
678.93
678.93
678.93
678.93
668.65
668.65
574.11
574.11
678.79
678.79
198.60
198.60
32.97
32.97
693.22
693.22
693.22
693.22
693.22
259.08
898.30
898.30
739.06
739.06
773.07
773.07
773.07
773.07
821.77
821.77
18.09
18.09
405.49
405.49
541.74
541.74
541.74
541.74
705.09
705.09
817.58
817.58
829.42
829.42
829.42
829.42
829.42
829.42
767.89
767.89
149.74
149.74
714.52
714.52
261.63
261.63
175.42
175.42
794.50
794.50
794.50
794.50
10.00
10.00
441.68
441.68
794.28
794.28
794.28
794.28
794.28
794.28
89.43
89.43
437.79
437.79
755.15
755.15
755.15
755.15
755.15
755.15
695.27
695.27
695.27
695.27
809.60
809.60
809.60
809.60
809.60
809.60
423.52
423.52
862.71
862.71
733.78
733.78
733.78
733.78
756.74
756.74
756.74
756.74
567.65
567.65
636.99
636.99
636.99
636.99
152.13
152.13
287.72
287.72
666.28
666.28
666.28
666.28
666.28
666.28
375.20
375.20
375.20
375.20
204.27
204.27
84.90
84.90
84.90
84.90
84.90
84.90
321.33
174.45
119.66
119.66
348.66
348.66
582.29
582.29
582.29
582.29
582.29
582.29
80.02
80.02
17.63
17.63
680.36
680.36
675.34
675.34
675.34
675.34
675.34
672.86
672.86
672.86
672.86
704.63
704.63
704.63
704.63
649.39
649.39
649.39
649.39
649.39
649.39
49.01
49.01
104.04
104.04
182.94
182.94
245.16
245.16
351.76
351.76
31.06
31.06
188.71
188.71
492.56
492.56
495.34
495.34
132.78
132.78
305.43
305.43
305.43
305.43
24.79
24.79
253.83
253.83
552.21
552.21
552.21
552.21
110.55
110.55
76.12
76.12
221.45
221.45
572.89
572.89
572.89
572.89
591.83
591.83
591.83
591.83
591.83
591.83
553.33
553.33
553.33
553.33
58.33
58.33
292.50
292.50
94.70
94.70
123.62
123.62
294.14
294.14
581.05
581.05
581.05
581.05
554.09
554.09
554.09
554.09
554.09
554.09
584.14
584.14
76.93
76.93
558.91
558.91
558.91
558.91
558.91
558.91
598.21
598.21
598.21
598.21
633.06
633.06
633.06
633.06
572.80
572.80
572.80
572.80
572.80
572.80
706.14
706.14
706.14
706.14
684.48
684.48
684.48
684.48
684.48
684.48
722.27
722.27
722.27
722.27
354.79
354.79
354.79
369.37
410.26
410.26
634.26
634.26
634.26
634.26
691.32
691.32
691.32
691.32
721.86
721.86
1419.30
1419.30
1419.30
1419.30
64.11
64.11
1940.16
1940.16
10.00
10.00
2898.78
2898.78
73.75
73.75
203.63
203.63
643.72
643.72
59.83
59.83
280.09
280.09
34.87
34.87
25.55
25.55
668.49
668.49
697.87
697.87
721.56
721.56
831.46
831.46
831.46
831.46
867.65
867.65
25.86
25.86
152.57
152.57
36.89
36.89
480.87
480.87
175.41
175.41
182.35
182.35
88.32
88.32
262.82
262.82
579.33
579.33
106.66
106.66
113.97
113.97
362.17
362.17
362.17
362.17
237.53
237.53
429.93
429.93
426.61
426.61
378.34
378.34
378.34
378.34
378.34
378.34
629.97
629.97
629.97
629.97
728.52
728.52
39.41
39.41
124.98
124.98
124.98
124.98
235.53
235.53
59.55
59.55
178.96
178.96
237.02
237.02
264.16
264.16
50.95
50.95
523.47
523.47
523.47
523.47
573.17
573.17
573.17
573.17
413.56
413.56
413.56
413.56
15.50
15.50
496.49
496.49
123.35
123.35
463.07
463.07
40.05
40.05
733.12
733.12
55.84
55.84
175.63
175.63
651.56
651.56
130.53
130.53
626.69
626.69
784.20
784.20
82.41
82.41
570.37
570.37
168.43
168.43
422.23
422.23
125.51
125.51
584.81
584.81
282.64
282.64
827.24
827.24
886.01
886.01
886.01
886.01
386.86
386.86
386.86
386.86
513.43
513.43
865.41
865.41
894.90
894.90
794.21
794.21
458.81
458.81
199.22
199.22
122.17
122.17
285.48
285.48
10.00
10.00
58.32
58.32
358.38
358.38
470.08
470.08
336.41
336.41
51.74
51.74
248.76
248.76
335.81
335.81
106.27
106.27
492.52
492.52
492.52
492.52
494.46
494.46
613.54
613.54
613.54
613.54
574.31
574.31
209.82
209.82
866.18
866.18
588.54
588.54
588.54
588.54
746.18
746.18
804.56
804.56
736.50
736.50
736.50
647.63
746.09
746.09
746.09
746.09
1671.01
1671.01
1671.01
1671.01
294.65
294.65
541.75
541.75
817.82
817.82
2066.57
2066.57
333.86
333.86
1716.90
1716.90
804.66
804.66
1846.54
1846.54
569.08
569.08
87.90
87.90
68.67
68.67
1717.53
1717.53
1718.87
1718.87
103.67
103.67
98.66
98.66
10.00
10.00
170.73
170.73
170.73
170.73
209.29
209.29
184.45
184.45
184.45
184.45
239.46
239.46
239.46
239.46
156.82
156.82
156.82
156.82
175.20
175.20
45.17
45.17
212.40
212.40
312.50
312.50
174.06
174.06
309.31
309.31
62.19
62.19
256.88
256.88
360.41
360.41
360.41
360.41
391.90
391.90
391.90
391.90
391.90
391.90
231.19
231.19
154.82
154.82
292.28
292.28
292.28
292.28
381.79
381.79
188.54
188.54
220.73
220.73
293.59
293.59
293.59
293.59
144.04
144.04
43.80
43.80
139.80
139.80
131.23
131.23
154.53
154.53
12.04
12.04
253.67
253.67
517.95
517.95
28.23
28.23
166.57
166.57
593.19
593.19
593.19
593.19
547.80
547.80
28.59
28.59
211.13
211.13
658.95
658.95
28.84
28.84
249.66
249.66
70.47
70.47
46.44
46.44
224.64
224.64
87.50
87.50
171.48
171.48
171.48
171.48
367.09
367.09
64.82
64.82
321.46
321.46
321.46
321.46
321.46
321.46
550.41
550.41
550.41
550.41
522.44
522.44
522.44
522.44
103.54
103.54
553.28
553.28
553.28
553.28
444.64
444.64
444.64
444.64
614.80
614.80
614.80
614.80
614.80
614.80
89.25
89.25
189.46
189.46
70.21
70.21
200.60
200.60
242.65
242.65
632.33
632.33
632.33
632.33
661.05
661.05
43.80
43.80
435.78
435.78
435.78
435.78
266.62
266.62
746.01
746.01
746.01
746.01
86.23
86.23
237.67
237.67
388.80
388.80
862.26
862.26
862.26
862.26
671.43
671.43
671.43
671.43
785.71
785.71
23.00
23.00
299.48
299.48
770.16
770.16
770.16
770.16
917.10
917.10
42.41
42.41
10.00
10.00
42.36
42.36
489.41
489.41
738.13
738.13
45.41
45.41
189.58
189.58
449.13
449.13
458.51
458.51
21.27
21.27
89.83
89.83
663.30
663.30
645.75
645.75
66.12
66.12
256.38
256.38
349.46
349.46
49.45
49.45
662.43
662.43
782.44
782.44
175.05
175.05
42.80
42.80
244.63
244.63
55.35
55.35
787.74
787.74
787.74
787.74
787.74
787.74
757.71
757.71
757.71
757.71
327.39
327.39
521.54
521.54
637.42
637.42
82.47
82.47
383.28
383.28
668.62
668.62
668.62
668.62
724.28
724.28
130.86
130.86
463.64
463.64
630.69
630.69
630.69
630.69
287.57
287.57
361.18
361.18
439.15
439.15
439.15
439.15
439.15
439.15
453.14
453.14
338.17
338.17
659.77
659.77
22.61
22.61
160.21
160.21
758.91
758.91
758.91
758.91
651.71
651.71
686.92
686.92
760.87
760.87
760.87
760.87
760.87
760.87
149.81
149.81
361.32
361.32
773.97
773.97
773.97
773.97
773.97
773.97
313.13
313.13
11.56
11.56
724.69
724.69
499.99
499.99
755.59
755.59
778.99
778.99
922.84
922.84
827.64
827.64
109.66
109.66
752.16
752.16
752.16
752.16
114.74
114.74
777.80
777.80
29.60
29.60
89.21
89.21
262.92
262.92
747.85
747.85
747.85
747.85
844.68
844.68
677.27
677.27
677.27
677.27
381.48
381.48
765.59
765.59
85.71
85.71
17.70
17.70
210.49
210.49
291.59
291.59
357.29
357.29
768.72
768.72
19.46
19.46
289.70
289.70
720.78
720.78
720.78
720.78
466.37
466.37
56.35
56.35
173.45
173.45
683.70
683.70
683.70
683.70
683.70
68.64
565.89
565.89
106.73
106.73
318.95
318.95
318.95
415.44
271.52
271.52
278.95
278.95
689.30
689.30
196.80
196.80
325.77
325.77
598.82
598.82
148.36
148.36
288.21
288.21
387.89
387.89
227.31
227.31
270.59
270.59
284.13
284.13
331.05
331.05
373.78
373.78
431.68
431.68
524.34
524.34
524.34
524.34
448.02
448.02
448.02
448.02
448.02
448.02
448.02
10.00
208.13
208.13
262.03
262.03
10.00
10.00
476.23
476.23
476.23
476.23
702.62
702.62
702.62
702.62
357.08
357.08
92.47
92.47
107.32
107.32
365.20
365.20
365.20
365.20
399.95
399.95
128.22
128.22
429.38
429.38
518.22
518.22
101.98
101.98
373.51
373.51
149.51
149.51
413.66
413.66
534.66
534.66
58.74
58.74
434.08
434.08
593.25
593.25
597.60
597.60
597.60
597.60
597.60
597.60
559.01
559.01
559.01
559.01
742.42
742.42
672.48
672.48
177.55
177.55
167.36
167.36
375.42
375.42
305.76
305.76
370.18
370.18
416.27
416.27
416.27
416.27
456.11
456.11
454.12
454.12
454.12
454.12
490.18
490.18
490.18
490.18
251.41
251.41
636.51
636.51
636.51
636.51
195.79
195.79
23.05
23.05
543.84
543.84
543.84
543.84
543.84
543.84
152.40
152.40
280.83
280.83
272.78
272.78
325.62
325.62
325.62
325.62
104.14
104.14
398.88
398.88
308.49
308.49
686.62
686.62
78.06
78.06
615.14
615.14
615.14
615.14
106.90
106.90
336.91
336.91
472.97
472.97
59.79
59.79
153.60
153.60
629.69
629.69
629.69
629.69
721.15
721.15
721.15
721.15
622.06
622.06
622.06
622.06
622.06
622.06
622.06
385.00
385.00
90.95
90.95
109.11
109.11
227.07
227.07
333.75
333.75
274.81
274.81
358.96
358.96
418.46
418.46
71.24
71.24
193.22
193.22
243.84
243.84
420.40
420.40
168.89
168.89
553.31
553.31
589.67
589.67
131.71
131.71
576.39
576.39
576.39
576.39
122.49
122.49
440.90
440.90
74.22
74.22
590.86
590.86
582.75
582.75
92.60
92.60
740.62
740.62
36.72
36.72
742.33
742.33
76.16
836.06
836.06
836.06
836.06
836.06
836.06
836.06
451.90
451.90
451.90
451.90
764.49
764.49
764.49
764.49
22.02
22.02
428.78
428.78
428.78
428.78
695.05
695.05
695.05
695.05
133.14
133.14
87.68
87.68
74.32
74.32
20.67
20.67
26.34
26.34
311.38
311.38
427.14
427.14
427.14
427.14
364.95
364.95
407.47
407.47
191.27
191.27
191.27
191.27
191.27
564.77
743.40
743.40
743.40
743.40
346.78
346.78
372.76
372.76
708.47
708.47
1211.75
1211.75
1211.75
1211.75
108.21
108.21
984.50
984.50
1725.93
1725.93
998.98
998.98
120.80
120.80
1037.89
1037.89
269.29
269.29
222.10
222.10
260.60
260.60
680.68
680.68
680.68
680.68
680.68
680.68
711.74
711.74
20.46
20.46
20.46
20.46
20.46
20.46
20.46
20.46
20.46
239.04
383.50
247.20
154.41
154.41
80.08
80.08
155.87
155.87
430.01
430.01
455.88
455.88
640.75
640.75
640.75
640.75
435.12
435.12
54.13
54.13
77.27
77.27
175.89
175.89
175.89
175.89
552.94
552.94
552.94
552.94
100.36
100.36
104.88
104.88
104.88
104.88
340.13
340.13
476.00
476.00
302.25
302.25
85.47
85.47
577.81
577.81
120.71
120.71
323.54
323.54
461.39
461.39
461.39
461.39
630.64
630.64
630.64
630.64
10.00
10.00
121.86
121.86
345.62
345.62
593.62
593.62
593.62
593.62
292.45
292.45
439.33
439.33
10.00
10.00
460.79
460.79
460.79
460.79
664.67
664.67
38.25
38.25
272.31
272.31
370.13
370.13
370.13
370.13
612.88
612.88
612.88
612.88
500.70
500.70
500.70
500.70
209.76
209.76
660.80
660.80
775.86
775.86
604.79
604.79
17.17
17.17
66.87
66.87
229.93
229.93
253.04
253.04
564.36
564.36
90.82
90.82
29.97
29.97
300.92
300.92
300.92
300.92
60.14
60.14
107.11
107.11
663.84
663.84
77.41
77.41
655.06
655.06
40.67
40.67
195.53
195.53
189.74
189.74
255.57
255.57
670.77
670.77
670.77
670.77
86.79
86.79
529.75
529.75
529.75
529.75
183.66
183.66
236.96
236.96
564.56
564.56
113.91
113.91
605.15
605.15
676.26
676.26
676.26
676.26
586.42
586.42
244.64
244.64
244.64
244.64
20.32
20.32
272.35
272.35
616.41
616.41
120.23
120.23
65.36
65.36
420.69
420.69
420.69
420.69
704.96
704.96
704.96
704.96
704.96
704.96
704.96
704.96
704.96
704.96
370.13
370.13
370.13
370.13
266.61
266.61
227.23
227.23
351.15
351.15
267.08
267.08
457.69
457.69
165.91
165.91
156.89
156.89
520.75
520.75
364.93
364.93
39.10
39.10
553.21
553.21
601.91
601.91
333.06
333.06
333.06
333.06
577.52
577.52
574.85
574.85
574.85
574.85
658.09
658.09
658.09
658.09
634.31
634.31
30.08
30.08
707.37
707.37
715.37
715.37
715.37
143.74
584.86
584.86
584.86
584.86
674.44
674.44
717.39
717.39
622.86
622.86
705.79
705.79
718.88
718.88
496.02
496.02
496.02
496.02
496.02
496.02
764.31
764.31
764.31
764.31
137.44
137.44
234.62
234.62
486.95
486.95
61.52
61.52
383.66
383.66
647.87
647.87
107.33
107.33
620.65
620.65
620.65
620.65
620.65
620.65
246.03
246.03
246.03
246.03
234.82
234.82
626.73
626.73
672.14
672.14
437.93
437.93
125.58
125.58
509.96
509.96
509.96
509.96
734.56
734.56
705.07
705.07
614.80
614.80
706.85
706.85
133.86
133.86
237.92
237.92
22.50
22.50
440.68
440.68
454.59
454.59
454.59
454.59
420.22
420.22
546.60
546.60
576.29
576.29
359.38
359.38
579.42
579.42
702.67
702.67
702.67
702.67
583.20
583.20
245.32
245.32
618.21
618.21
61.70
61.70
61.70
61.70
61.70
61.70
61.70
61.70
61.70
261.57
827.60
827.60
192.02
192.02
192.02
636.08
636.08
636.08
123.19
123.19
149.15
149.15
278.98
278.98
278.98
278.98
188.42
188.42
227.13
227.13
148.24
148.24
451.31
451.31
76.91
76.91
170.08
170.08
373.06
373.06
373.06
373.06
49.33
49.33
572.78
572.78
549.24
549.24
677.83
677.83
591.37
591.37
560.47
560.47
560.47
560.47
537.68
537.68
537.68
537.68
537.68
537.68
645.05
645.05
645.05
645.05
676.08
676.08
279.26
279.26
26.64
26.64
337.86
337.86
349.31
349.31
75.71
75.71
384.89
384.89
266.50
266.50
393.83
393.83
120.58
120.58
347.66
347.66
347.66
347.66
250.58
250.58
548.18
548.18
416.66
416.66
124.21
124.21
275.44
275.44
382.33
382.33
303.39
303.39
184.63
184.63
278.69
278.69
423.76
423.76
349.25
349.25
53.58
53.58
399.84
399.84
90.79
90.79
530.62
530.62
530.62
530.62
105.55
105.55
423.84
423.84
12.71
12.71
457.94
457.94
457.94
457.94
527.76
527.76
458.83
458.83
458.83
57.67
572.91
572.91
742.91
742.91
263.76
263.76
308.19
308.19
162.81
162.81
101.16
101.16
272.01
272.01
260.06
260.06
17.99
17.99
105.85
105.85
388.53
388.53
327.79
327.79
440.90
440.90
174.98
174.98
409.58
409.58
254.19
254.19
10.00
10.00
91.76
91.76
640.73
640.73
274.47
274.47
623.14
623.14
623.14
623.14
448.91
448.91
448.91
448.91
151.57
151.57
191.37
191.37
558.07
558.07
10.00
10.00
535.37
535.37
535.37
535.37
18.44
18.44
754.17
754.17
754.17
754.17
754.17
754.17
504.33
504.33
714.50
714.50
102.83
102.83
48.76
48.76
504.22
504.22
426.08
426.08
426.08
426.08
483.95
483.95
22.26
22.26
379.02
379.02
379.02
379.02
379.02
379.02
649.69
649.69
649.69
649.69
631.68
631.68
106.20
106.20
522.35
522.35
636.38
636.38
337.64
337.64
148.17
148.17
632.28
632.28
532.46
532.46
14.23
14.23
14.23
71.05
503.04
503.04
120.87
120.87
19.90
19.90
125.46
125.46
753.33
753.33
753.33
753.33
753.33
753.33
799.42
799.42
19.16
19.16
742.86
742.86
150.62
150.62
553.28
553.28
144.90
144.90
339.85
339.85
36.57
36.57
364.21
364.21
783.70
783.70
148.63
148.63
83.77
83.77
640.69
640.69
640.69
640.69
781.01
781.01
781.01
781.01
781.01
781.01
781.01
478.58
772.53
772.53
340.33
340.33
340.33
340.33
863.30
863.30
863.30
863.30
863.30
863.30
331.09
331.09
331.09
331.09
762.52
762.52
762.52
762.52
762.52
762.52
70.06
70.06
157.59
157.59
768.14
768.14
768.14
768.14
665.31
665.31
665.31
665.31
218.30
218.30
650.26
650.26
650.26
650.26
210.24
210.24
275.59
275.59
537.79
537.79
537.79
537.79
537.79
537.79
26.00
26.00
282.48
282.48
569.85
569.85
81.37
81.37
176.60
176.60
535.07
535.07
133.99
133.99
726.69
726.69
726.69
726.69
147.75
147.75
344.55
344.55
270.59
270.59
701.62
701.62
701.62
701.62
374.09
374.09
374.09
374.09
54.36
54.36
84.89
84.89
156.15
156.15
789.29
789.29
789.29
789.29
230.29
230.29
300.31
300.31
336.60
336.60
75.19
75.19
475.54
475.54
533.75
533.75
533.75
533.75
533.75
533.75
771.45
771.45
771.45
771.45
718.37
718.37
718.37
718.37
845.25
845.25
845.25
845.25
845.25
845.25
98.11
98.11
201.19
201.19
780.17
780.17
780.17
780.17
780.17
780.17
861.56
861.56
861.56
861.56
444.18
444.18
444.18
444.18
691.81
691.81
691.81
691.81
691.81
691.81
703.39
703.39
703.39
703.39
594.62
594.62
829.10
829.10
265.40
265.40
423.52
423.52
18.18
18.18
649.78
649.78
690.41
690.41
659.16
659.16
659.16
659.16
659.16
659.16
798.16
798.16
798.16
798.16
766.92
766.92
766.92
766.92
766.92
766.92
156.78
156.78
294.30
294.30
152.98
152.98
308.91
308.91
308.91
926.89
926.89
664.65
664.65
664.65
664.65
44.45
44.45
211.24
211.24
167.40
167.40
277.79
277.79
277.79
277.79
24.55
24.55
238.68
238.68
363.23
363.23
363.23
363.23
345.48
345.48
377.53
377.53
377.53
377.53
548.67
548.67
548.67
548.67
430.24
430.24
430.24
430.24
215.26
215.26
576.27
576.27
90.12
90.12
725.35
725.35
725.35
725.35
461.00
461.00
356.60
356.60
48.26
48.26
232.30
232.30
357.56
357.56
404.99
404.99
404.99
404.99
491.48
491.48
502.82
502.82
505.49
505.49
519.26
519.26
519.26
519.26
438.53
438.53
438.53
438.53
438.53
438.53
43.92
43.92
553.71
553.71
183.74
183.74
289.03
289.03
488.34
488.34
84.33
84.33
463.33
463.33
408.02
408.02
444.35
444.35
438.93
438.93
438.93
438.93
438.93
438.93
425.19
425.19
409.97
409.97
361.50
361.50
361.50
361.50
361.50
361.50
565.97
565.97
565.97
565.97
644.75
644.75
644.75
644.75
179.24
179.24
736.70
736.70
367.40
367.40
119.45
119.45
388.38
388.38
10.00
10.00
395.95
395.95
395.95
395.95
527.12
527.12
205.32
205.32
544.45
544.45
57.73
57.73
512.88
512.88
14.02
14.02
233.09
233.09
262.10
262.10
262.10
262.10
483.89
483.89
483.89
483.89
483.89
483.89
465.48
465.48
201.02
201.02
497.35
497.35
497.35
497.35
476.80
476.80
476.80
476.80
476.80
476.80
600.70
600.70
576.48
576.48
604.99
604.99
604.99
604.99
660.57
660.57
726.39
726.39
357.17
357.17
70.00
70.00
151.61
151.61
295.66
295.66
295.66
295.66
295.66
295.66
407.75
407.75
407.75
407.75
608.94
608.94
584.77
584.77
584.77
584.77
58.16
58.16
81.64
81.64
640.21
640.21
681.31
681.31
696.81
696.81
731.91
731.91
931.08
931.08
158.25
158.25
473.24
473.24
757.65
757.65
757.65
757.65
757.65
757.65
509.29
509.29
10.86
10.86
639.26
639.26
639.26
639.26
566.19
566.19
291.33
291.33
418.18
418.18
59.11
59.11
16.97
16.97
822.69
822.69
352.79
352.79
518.57
518.57
518.57
518.57
518.57
518.57
896.22
896.22
388.47
388.47
489.23
489.23
493.07
493.07
493.07
493.07
344.77
344.77
141.13
141.13
313.22
313.22
341.26
341.26
394.13
394.13
153.07
153.07
154.34
154.34
453.02
453.02
453.02
453.02
221.18
221.18
221.18
221.18
247.75
247.75
545.49
545.49
545.49
545.49
583.34
583.34
583.34
583.34
489.89
489.89
19.99
19.99
272.82
272.82
610.33
610.33
610.33
610.33
419.79
419.79
419.79
419.79
419.79
419.79
565.65
565.65
565.65
565.65
126.68
126.68
447.74
447.74
444.14
444.14
256.43
256.43
256.43
256.43
639.41
639.41
639.41
639.41
682.66
682.66
131.51
131.51
249.38
249.38
10.00
10.00
179.17
179.17
129.37
129.37
233.38
233.38
775.90
775.90
366.47
366.47
108.05
108.05
670.53
670.53
670.53
670.53
687.66
687.66
687.66
687.66
687.66
687.66
109.13
109.13
226.54
226.54
445.83
445.83
445.83
445.83
445.83
445.83
445.83
445.83
445.83
445.83
671.07
671.07
671.07
671.07
731.96
731.96
731.96
731.96
731.96
731.96
390.72
390.72
390.72
390.72
764.15
764.15
764.15
764.15
458.70
458.70
458.70
458.70
458.70
458.70
142.91
142.91
345.41
345.41
690.02
690.02
690.02
690.02
690.02
690.02
701.92
701.92
701.92
701.92
218.68
218.68
124.49
124.49
719.06
719.06
28.83
28.83
77.01
77.01
28.47
28.47
244.58
244.58
107.68
107.68
425.36
425.36
87.69
87.69
962.82
962.82
64.87
64.87
814.88
814.88
814.88
814.88
814.88
814.88
14.83
14.83
390.80
390.80
512.99
512.99
512.99
512.99
564.16
564.16
564.16
564.16
36.84
36.84
510.21
510.21
510.21
510.21
428.43
428.43
428.43
428.43
406.30
406.30
406.30
406.30
406.30
406.30
565.02
565.02
565.02
565.02
457.74
457.74
457.74
457.74
457.74
457.74
499.59
499.59
499.59
499.59
440.51
440.51
440.51
440.51
660.88
660.88
18.47
18.47
41.58
41.58
720.82
720.82
720.82
720.82
689.26
689.26
689.26
689.26
812.55
812.55
88.59
88.59
106.82
106.82
748.24
748.24
107.97
107.97
327.01
327.01
25.59
25.59
159.30
159.30
33.48
33.48
263.11
263.11
785.70
785.70
785.70
785.70
352.90
352.90
352.90
352.90
352.90
352.90
537.54
537.54
537.54
537.54
581.35
581.35
581.35
581.35
581.35
581.35
128.82
128.82
100.49
100.49
295.08
295.08
295.08
295.08
474.99
474.99
474.99
474.99
474.99
474.99
474.99
474.99
474.99
474.99
261.21
261.21
261.21
261.21
261.21
261.21
226.75
226.75
226.75
226.75
704.63
704.63
704.63
704.63
580.97
580.97
66.24
66.24
159.47
159.47
476.34
476.34
49.53
49.53
543.84
543.84
58.71
58.71
166.78
166.78
647.82
647.82
647.82
647.82
520.11
520.11
520.11
520.11
533.70
533.70
533.70
533.70
533.70
533.70
648.52
648.52
648.52
648.52
274.95
274.95
274.95
274.95
274.95
274.95
22.72
22.72
302.93
302.93
693.05
693.05
459.60
459.60
32.90
32.90
383.33
383.33
233.42
233.42
114.93
114.93
73.29
73.29
73.29
147.62
529.27
529.27
486.56
486.56
460.41
460.41
460.41
81.71
565.23
565.23
692.93
692.93
495.92
495.92
398.89
398.89
263.28
263.28
661.60
661.60
661.60
661.60
661.60
661.60
661.60
661.60
661.60
661.60
387.11
387.11
387.11
387.11
426.05
426.05
426.05
426.05
598.00
598.00
72.28
72.28
245.42
245.42
573.28
573.28
573.28
573.28
573.28
573.28
573.28
573.28
573.28
573.28
608.54
608.54
608.54
608.54
376.54
376.54
376.54
376.54
504.56
504.56
504.56
504.56
10.00
10.00
509.97
509.97
509.97
509.97
553.77
553.77
553.77
553.77
553.77
553.77
637.28
637.28
24.73
24.73
516.35
516.35
516.35
516.35
645.38
645.38
645.38
645.38
645.38
645.38
700.41
700.41
700.41
700.41
681.11
681.11
681.11
681.11
681.11
681.11
691.97
691.97
691.97
691.97
669.29
669.29
669.29
669.29
616.18
616.18
616.18
616.18
616.18
616.18
676.63
676.63
676.63
676.63
676.63
676.63
676.63
676.63
676.63
676.63
20.24
20.24
372.05
372.05
701.67
701.67
701.67
701.67
651.71
651.71
651.71
651.71
651.71
651.71
49.31
49.31
677.29
677.29
695.64
695.64
695.64
695.64
694.57
694.57
728.19
728.19
728.19
728.19
472.82
472.82
472.82
472.82
664.00
664.00
664.00
664.00
664.00
664.00
691.75
691.75
691.75
691.75
678.30
678.30
623.34
623.34
702.50
702.50
513.42
513.42
660.41
660.41
329.66
329.66
329.66
329.66
522.62
522.62
522.62
522.62
522.62
522.62
128.40
128.40
105.84
105.84
699.20
699.20
699.20
699.20
699.20
699.20
13.48
13.48
197.30
197.30
633.33
633.33
633.33
633.33
720.05
720.05
720.05
720.05
720.05
720.05
671.52
671.52
159.50
159.50
486.15
486.15
632.20
632.20
632.20
632.20
17.94
17.94
431.51
431.51
10.00
10.00
708.14
708.14
532.07
532.07
532.07
532.07
532.07
532.07
532.07
532.07
340.77
340.77
494.17
494.17
494.17
494.17
28.43
28.43
238.47
238.47
207.45
207.45
249.10
249.10
14.66
14.66
10.00
10.00
414.75
414.75
296.53
296.53
12.28
12.28
93.16
93.16
126.38
126.38
105.37
105.37
254.24
254.24
449.89
449.89
449.89
449.89
306.46
306.46
543.71
543.71
569.39
569.39
208.12
208.12
14.22
14.22
603.05
603.05
603.05
603.05
716.52
716.52
716.52
716.52
716.52
716.52
802.91
802.91
22.51
22.51
806.77
806.77
806.77
806.77
896.95
896.95
896.95
896.95
10.00
10.00
774.85
774.85
774.85
774.85
803.10
803.10
803.10
803.10
803.10
803.10
885.06
885.06
885.06
885.06
553.85
553.85
553.85
553.85
315.28
315.28
409.39
409.39
80.76
80.76
716.25
716.25
818.11
818.11
725.53
725.53
725.53
725.53
133.71
133.71
713.06
713.06
54.65
54.65
56.52
56.52
125.19
125.19
690.40
690.40
49.13
49.13
470.55
470.55
799.00
799.00
799.00
799.00
799.00
420.13
420.13
10.00
719.13
719.13
719.13
301.88
301.88
230.29
230.29
17.86
17.86
358.53
358.53
838.46
838.46
838.46
838.46
32.84
32.84
554.70
554.70
554.70
554.70
195.93
195.93
466.55
521.96
521.96
521.96
521.96
521.96
521.96
521.96
477.21
477.21
477.21
477.21
427.30
427.30
427.30
427.30
54.37
54.37
311.54
311.54
46.06
46.06
194.40
194.40
341.61
341.61
440.05
440.05
444.62
444.62
444.62
444.62
322.01
322.01
322.01
322.01
547.28
547.28
585.06
585.06
127.68
127.68
208.65
208.65
297.49
297.49
588.62
588.62
588.62
588.62
529.28
529.28
341.68
341.68
341.68
341.68
188.91
188.91
468.09
468.09
436.57
436.57
296.58
296.58
98.28
98.28
588.73
588.73
588.73
588.73
712.50
712.50
712.50
712.50
419.41
419.41
150.43
150.43
153.20
153.20
728.71
728.71
728.71
728.71
665.45
665.45
325.47
325.47
358.47
358.47
864.36
864.36
864.36
864.36
157.00
157.00
254.30
254.30
76.90
76.90
162.42
162.42
162.42
162.42
111.46
111.46
125.99
125.99
576.50
576.50
842.84
842.84
692.35
692.35
249.37
249.37
847.13
847.13
718.35
718.35
718.35
718.35
718.35
718.35
718.35
718.35
750.87
750.87
621.13
621.13
621.13
621.13
495.49
495.49
356.92
356.92
356.92
356.92
597.79
597.79
669.92
669.92
17.09
17.09
108.16
108.16
378.15
378.15
378.15
378.15
378.15
378.15
791.24
791.24
791.24
791.24
401.61
401.61
46.70
46.70
304.22
304.22
499.96
499.96
499.96
499.96
403.74
403.74
403.74
403.74
509.48
509.48
19.31
19.31
87.78
87.78
146.64
146.64
593.40
593.40
10.00
10.00
513.42
513.42
209.00
209.00
25.81
25.81
219.54
219.54
565.68
565.68
417.27
417.27
746.40
746.40
250.33
250.33
355.23
355.23
743.27
743.27
743.27
743.27
15.97
15.97
383.14
383.14
383.14
383.14
621.37
621.37
426.37
426.37
758.27
758.27
758.27
758.27
166.27
166.27
411.38
411.38
411.38
411.38
754.45
754.45
754.45
754.45
480.87
480.87
480.87
480.87
783.91
783.91
783.91
783.91
783.91
783.91
49.60
49.60
307.08
307.08
379.23
379.23
379.23
379.23
379.23
379.23
805.62
805.62
805.62
805.62
489.82
489.82
37.70
37.70
316.94
316.94
230.97
230.97
241.79
241.79
205.35
205.35
58.89
58.89
325.75
325.75
113.93
113.93
113.93
113.93
113.93
170.00
269.59
269.59
414.67
414.67
10.00
10.00
336.44
336.44
89.77
89.77
154.43
154.43
274.99
274.99
330.91
330.91
315.46
315.46
295.21
295.21
295.21
295.21
386.84
386.84
386.84
386.84
465.92
465.92
445.97
445.97
404.37
404.37
73.89
73.89
156.74
156.74
39.45
39.45
231.09
231.09
506.13
506.13
185.58
185.58
192.07
192.07
572.14
572.14
572.14
572.14
692.72
692.72
692.72
692.72
681.53
681.53
681.53
681.53
103.22
103.22
496.54
496.54
496.54
496.54
343.92
343.92
343.92
343.92
343.92
343.92
553.20
553.20
553.20
553.20
420.53
420.53
498.68
498.68
302.51
302.51
264.42
264.42
559.55
559.55
549.49
549.49
549.49
549.49
697.52
697.52
697.52
697.52
697.52
697.52
299.09
299.09
601.72
601.72
576.68
576.68
733.50
733.50
567.41
567.41
567.41
567.41
278.13
278.13
278.13
278.13
278.13
278.13
668.18
668.18
668.18
668.18
668.18
668.18
736.62
736.62
736.62
736.62
303.59
303.59
326.04
326.04
419.22
419.22
13.89
13.89
490.39
490.39
712.34
712.34
712.34
712.34
712.34
712.34
712.34
712.34
712.34
712.34
541.40
541.40
541.40
541.40
774.25
774.25
774.25
774.25
786.88
786.88
786.88
786.88
167.61
167.61
807.78
807.78
807.78
807.78
830.31
830.31
10.00
10.00
359.87
359.87
211.20
211.20
322.86
322.86
820.97
820.97
820.97
820.97
789.10
789.10
789.10
789.10
789.10
789.10
655.77
655.77
655.77
655.77
781.44
781.44
781.44
781.44
781.44
781.44
787.25
787.25
787.25
787.25
805.19
805.19
805.19
805.19
446.14
446.14
446.14
446.14
446.14
446.14
648.03
648.03
648.03
648.03
648.03
648.03
648.03
648.03
152.06
152.06
838.00
838.00
797.44
797.44
615.13
615.13
615.13
615.13
692.18
692.18
42.79
42.79
771.15
771.15
767.55
767.55
541.08
541.08
791.68
791.68
220.11
220.11
358.22
358.22
446.05
446.05
553.90
553.90
435.85
435.85
267.24
267.24
530.20
530.20
581.81
581.81
285.88
285.88
469.87
469.87
469.87
469.87
583.41
583.41
583.41
583.41
583.41
583.41
603.61
603.61
603.61
603.61
243.22
243.22
307.52
307.52
510.31
510.31
562.94
562.94
384.71
384.71
579.56
579.56
642.89
642.89
708.45
708.45
63.24
63.24
482.20
482.20
825.01
825.01
825.01
825.01
816.50
816.50
816.50
816.50
776.64
776.64
776.64
776.64
776.64
776.64
838.88
838.88
838.88
838.88
818.97
818.97
20.05
20.05
257.17
257.17
298.26
298.26
293.04
293.04
384.90
384.90
346.77
346.77
379.83
379.83
250.87
250.87
442.86
442.86
112.03
112.03
25.58
25.58
667.71
667.71
667.71
15.02
326.79
326.79
436.35
436.35
484.39
484.39
488.90
488.90
584.68
584.68
859.36
859.36
849.47
849.47
849.47
849.47
172.27
172.27
120.15
120.15
595.28
595.28
595.28
595.28
595.28
595.28
749.12
749.12
186.27
186.27
144.92
144.92
254.54
254.54
41.86
41.86
302.44
302.44
302.44
302.44
630.81
630.81
630.81
630.81
34.79
34.79
34.79
34.79
104.34
104.34
694.39
694.39
177.26
177.26
644.89
644.89
644.89
644.89
423.66
423.66
61.45
61.45
235.97
235.97
472.48
472.48
472.48
472.48
268.52
268.52
268.52
268.52
109.79
109.79
10.00
10.00
521.96
521.96
492.41
492.41
231.24
231.24
565.47
565.47
669.26
669.26
111.49
111.49
557.56
557.56
85.73
85.73
459.83
459.83
381.22
381.22
381.22
381.22
583.78
583.78
583.78
583.78
280.31
280.31
79.72
79.72
172.71
172.71
139.83
139.83
163.97
163.97
545.63
545.63
545.63
545.63
645.89
645.89
248.29
248.29
517.67
517.67
265.29
265.29
359.94
359.94
537.05
537.05
537.05
537.05
496.58
496.58
638.74
638.74
524.86
524.86
561.50
561.50
724.13
724.13
751.89
751.89
751.89
751.89
748.78
748.78
748.78
748.78
748.78
748.78
319.69
319.69
319.69
319.69
27.83
27.83
337.49
337.49
382.88
382.88
815.08
815.08
98.27
98.27
603.88
603.88
603.88
603.88
837.62
837.62
837.62
837.62
168.88
168.88
807.30
807.30
807.30
807.30
27.34
27.34
272.26
272.26
272.26
272.26
764.71
764.71
126.80
126.80
110.33
110.33
349.74
349.74
72.44
72.44
345.36
345.36
685.23
685.23
635.83
635.83
635.83
635.83
682.52
682.52
682.52
682.52
106.32
106.32
718.66
718.66
718.66
718.66
444.42
444.42
682.11
682.11
283.75
283.75
90.22
90.22
674.27
674.27
442.03
442.03
442.03
442.03
493.77
493.77
107.14
107.14
267.42
267.42
523.14
523.14
582.01
582.01
68.71
68.71
709.38
709.38
709.38
709.38
162.00
162.00
329.01
329.01
677.97
677.97
577.94
577.94
570.24
570.24
570.24
570.24
101.95
101.95
661.68
661.68
632.05
632.05
779.26
779.26
779.26
779.26
776.09
776.09
776.09
776.09
776.09
776.09
399.78
399.78
85.88
85.88
661.71
661.71
661.71
661.71
661.71
661.71
682.59
682.59
682.59
682.59
531.62
531.62
804.53
804.53
760.77
760.77
57.91
57.91
41.90
41.90
748.14
748.14
748.14
748.14
729.18
729.18
729.18
729.18
729.18
729.18
690.87
690.87
690.87
690.87
690.87
690.87
690.87
690.87
678.76
678.76
678.76
678.76
20.35
20.35
784.98
784.98
784.98
784.98
128.82
128.82
326.02
326.02
326.02
326.02
188.12
188.12
245.21
245.21
490.45
490.45
490.45
490.45
490.45
490.45
490.45
10.00
294.21
294.21
219.22
219.22
253.11
253.11
305.12
305.12
281.12
281.12
38.58
38.58
254.13
254.13
141.93
141.93
288.20
288.20
288.20
288.20
405.07
405.07
20.08
20.08
27.87
27.87
440.29
440.29
440.29
440.29
440.29
74.43
74.43
266.59
266.59
41.91
41.91
681.84
681.84
300.04
300.04
362.32
362.32
362.32
362.32
843.75
843.75
843.75
843.75
16.14
16.14
546.14
546.14
546.14
546.14
754.53
754.53
754.53
754.53
754.53
754.53
1095.35
1095.35
1095.35
1095.35
806.27
806.27
806.27
806.27
736.26
736.26
736.26
736.26
736.26
736.26
885.85
885.85
885.85
885.85
479.21
479.21
479.21
479.21
479.21
479.21
773.41
773.41
773.41
773.41
773.41
773.41
773.41
773.41
13.72
13.72
227.91
227.91
295.64
295.64
777.49
777.49
777.49
777.49
729.13
729.13
168.52
168.52
305.23
305.23
899.53
899.53
899.53
899.53
320.15
320.15
382.90
382.90
728.20
728.20
728.20
728.20
904.22
904.22
754.51
754.51
754.51
754.51
756.89
756.89
756.89
756.89
756.89
756.89
760.81
760.81
75.47
75.47
787.16
787.16
39.08
39.08
690.42
690.42
690.42
690.42
113.79
113.79
31.87
31.87
216.07
216.07
686.05
686.05
686.05
686.05
686.05
686.05
423.91
423.91
423.91
423.91
694.73
694.73
694.73
694.73
694.73
694.73
694.73
694.73
100.91
100.91
598.63
598.63
598.63
598.63
503.25
503.25
503.25
503.25
503.25
503.25
530.37
530.37
530.37
530.37
628.33
628.33
19.50
19.50
467.08
467.08
269.59
269.59
10.00
10.00
647.62
647.62
647.62
647.62
567.38
567.38
567.38
567.38
567.38
567.38
488.35
488.35
488.35
488.35
715.00
715.00
715.00
715.00
669.98
669.98
669.98
669.98
669.98
669.98
637.95
637.95
26.44
26.44
722.90
722.90
722.90
722.90
43.92
43.92
992.96
992.96
992.96
992.96
570.60
570.60
570.60
570.60
641.87
641.87
641.87
641.87
641.87
641.87
668.46
668.46
668.46
668.46
668.46
668.46
668.46
668.46
46.40
46.40
593.38
593.38
593.38
593.38
374.48
374.48
374.48
374.48
354.29
354.29
354.29
354.29
354.29
354.29
469.94
469.94
469.94
469.94
448.53
448.53
448.53
448.53
683.22
683.22
49.84
49.84
90.37
90.37
664.74
664.74
664.74
664.74
107.87
107.87
19.93
19.93
209.24
209.24
185.62
185.62
208.67
208.67
734.28
734.28
734.28
734.28
734.28
734.28
734.28
734.28
734.28
734.28
682.23
682.23
682.23
682.23
39.80
39.80
236.71
236.71
27.99
27.99
715.07
715.07
715.07
715.07
162.24
162.24
26.35
26.35
419.21
419.21
21.48
21.48
271.18
271.18
626.19
626.19
626.19
626.19
183.98
183.98
329.51
329.51
329.51
329.51
763.99
763.99
763.99
763.99
671.70
671.70
671.70
671.70
663.69
663.69
745.79
745.79
745.79
745.79
703.92
703.92
703.92
703.92
22.61
22.61
273.48
273.48
376.43
376.43
628.80
628.80
628.80
628.80
41.86
41.86
91.48
91.48
551.96
551.96
551.96
551.96
551.96
551.96
140.63
140.63
191.03
191.03
659.66
659.66
625.61
625.61
131.02
131.02
352.08
352.08
352.08
352.08
78.01
78.01
282.58
282.58
527.21
527.21
527.21
527.21
527.21
527.21
483.93
483.93
483.93
483.93
549.90
549.90
549.90
549.90
549.90
549.90
531.60
531.60
682.94
682.94
690.46
690.46
690.46
690.46
436.94
436.94
377.03
377.03
181.32
181.32
208.90
208.90
299.76
299.76
648.28
648.28
648.28
648.28
134.43
134.43
769.70
769.70
769.70
769.70
778.02
778.02
778.02
778.02
168.30
168.30
322.95
322.95
179.71
179.71
697.42
697.42
697.42
697.42
560.00
560.00
560.00
560.00
560.00
560.00
21.22
21.22
304.44
304.44
356.83
356.83
417.39
417.39
686.69
686.69
190.09
190.09
647.10
647.10
747.44
747.44
334.46
334.46
663.98
663.98
799.95
799.95
574.84
574.84
623.96
623.96
787.01
787.01
468.99
468.99
468.99
468.99
735.85
735.85
691.01
691.01
817.60
817.60
367.54
367.54
367.54
367.54
615.96
615.96
788.01
788.01
788.01
788.01
462.24
462.24
795.50
795.50
111.01
111.01
275.87
275.87
741.16
741.16
741.16
741.16
741.16
741.16
794.10
794.10
794.10
794.10
421.71
421.71
421.71
421.71
503.86
503.86
503.86
503.86
503.86
503.86
625.37
625.37
625.37
625.37
336.62
336.62
336.62
336.62
336.62
336.62
600.92
600.92
681.26
681.26
504.58
504.58
504.58
504.58
610.96
610.96
610.96
610.96
610.96
610.96
720.62
720.62
28.13
28.13
710.79
710.79
710.79
710.79
710.79
710.79
732.93
732.93
732.93
732.93
157.06
157.06
157.06
157.06
689.69
689.69
689.69
689.69
1159.42
1159.42
1474.48
1474.48
133.83
133.83
770.28
770.28
770.28
770.28
2102.04
2102.04
2102.04
2102.04
2102.04
2102.04
193.85
193.85
91.76
91.76
838.78
838.78
838.78
838.78
838.78
838.78
31.52
31.52
242.67
242.67
242.67
661.11
310.54
310.54
310.54
310.54
848.57
848.57
459.63
459.63
113.75
113.75
1868.36
1868.36
66.24
66.24
374.67
374.67
51.80
51.80
40.47
40.47
397.84
397.84
920.45
920.45
767.65
767.65
160.19
160.19
810.25
810.25
55.71
55.71
718.49
718.49
718.49
718.49
718.49
718.49
297.23
297.23
469.30
469.30
451.85
451.85
451.85
451.85
504.36
504.36
560.88
560.88
560.88
560.88
509.33
509.33
489.16
489.16
543.78
543.78
543.78
543.78
569.65
569.65
569.65
569.65
569.65
569.65
232.62
232.62
255.40
255.40
521.11
521.11
521.11
521.11
521.11
521.11
777.69
777.69
777.69
777.69
933.27
933.27
933.27
933.27
796.79
796.79
796.79
796.79
796.79
796.79
798.41
798.41
29.72
29.72
767.47
767.47
767.47
767.47
767.47
767.47
842.84
842.84
842.84
842.84
771.03
771.03
771.03
771.03
813.58
813.58
813.58
813.58
813.58
813.58
833.67
833.67
833.67
833.67
786.75
786.75
146.14
146.14
303.08
303.08
837.92
837.92
837.92
837.92
102.06
102.06
323.49
323.49
689.73
689.73
689.73
689.73
689.73
689.73
672.35
672.35
930.41
930.41
17.54
17.54
245.98
245.98
322.99
322.99
917.04
917.04
917.04
917.04
270.08
270.08
241.68
241.68
835.62
835.62
360.15
360.15
360.15
360.15
671.77
671.77
671.77
671.77
771.15
771.15
771.15
771.15
842.94
842.94
948.00
948.00
948.00
948.00
827.24
827.24
827.24
827.24
38.44
38.44
323.88
323.88
323.88
323.88
754.02
754.02
754.02
754.02
871.39
871.39
871.39
871.39
871.39
871.39
370.10
370.10
370.10
370.10
743.18
743.18
743.18
743.18
826.39
826.39
826.39
826.39
826.39
826.39
782.41
782.41
782.41
782.41
935.96
935.96
935.96
935.96
935.96
935.96
935.96
935.96
149.33
149.33
267.16
267.16
501.31
501.31
592.57
592.57
635.50
635.50
483.94
483.94
566.13
566.13
566.13
566.13
494.55
494.55
494.55
494.55
494.55
494.55
208.54
208.54
338.65
338.65
564.28
564.28
569.70
569.70
126.39
126.39
595.36
595.36
595.36
595.36
162.67
162.67
401.22
401.22
247.28
247.28
678.54
678.54
678.54
678.54
581.69
581.69
581.69
581.69
721.45
721.45
721.45
721.45
721.45
721.45
721.45
721.45
64.41
64.41
716.98
716.98
716.98
716.98
10.00
10.00
318.28
318.28
318.28
318.28
260.17
260.17
291.63
291.63
673.50
673.50
673.50
673.50
734.01
734.01
734.01
734.01
734.01
734.01
519.90
519.90
519.90
519.90
774.32
774.32
774.32
774.32
774.32
774.32
942.20
942.20
942.20
942.20
807.63
807.63
807.63
807.63
953.13
953.13
953.13
953.13
953.13
953.13
742.79
742.79
742.79
742.79
504.48
504.48
504.48
504.48
504.48
504.48
759.58
759.58
759.58
759.58
579.03
579.03
579.03
579.03
812.12
812.12
273.68
273.68
1025.89
1025.89
1004.37
1004.37
1004.37
1004.37
976.74
976.74
976.74
976.74
976.74
976.74
81.24
81.24
966.35
966.35
571.92
571.92
776.06
776.06
876.69
876.69
876.69
876.69
876.69
876.69
52.84
52.84
494.27
494.27
494.27
833.39
63.10
63.10
2231.66
2231.66
1022.36
1022.36
2578.37
2578.37
2578.37
2578.37
23.60
23.60
2049.65
2049.65
335.69
335.69
501.56
501.56
839.64
839.64
839.64
839.64
832.72
832.72
832.72
832.72
109.14
109.14
690.10
690.10
690.10
690.10
347.12
347.12
347.12
412.72
412.72
659.20
659.20
659.20
659.20
659.20
659.20
41.14
41.14
445.73
445.73
426.51
426.51
527.05
527.05
581.86
581.86
581.86
581.86
410.09
410.09
204.23
204.23
755.15
755.15
670.13
670.13
670.13
670.13
670.13
670.13
736.59
736.59
736.59
736.59
720.83
720.83
720.83
720.83
203.23
203.23
36.79
36.79
312.29
312.29
244.00
244.00
244.00
244.00
607.57
607.57
607.57
607.57
607.57
607.57
860.02
860.02
370.90
370.90
847.42
847.42
650.66
650.66
848.93
848.93
954.05
954.05
1349.84
1349.84
177.85
177.85
692.03
692.03
482.31
482.31
2371.06
2371.06
1742.43
1742.43
1208.77
1208.77
164.21
164.21
683.60
683.60
2767.10
1797.38
1797.38
1797.38
1626.63
1626.63
1626.63
1626.63
1626.63
1626.63
56.83
56.83
117.51
117.51
85.19
85.19
180.59
180.59
423.05
423.05
464.32
464.32
483.95
483.95
113.14
113.14
565.00
565.00
650.42
650.42
741.77
741.77
40.99
40.99
414.43
414.43
743.64
743.64
743.64
743.64
743.64
743.64
738.09
738.09
738.09
738.09
82.73
82.73
658.86
667.71
667.71
667.71
667.71
667.71
218.00
218.00
606.63
606.63
606.63
606.63
818.04
818.04
36.95
36.95
122.35
122.35
379.56
379.56
379.56
379.56
111.86
111.86
334.15
334.15
805.79
805.79
805.79
805.79
139.62
139.62
801.96
801.96
801.96
801.96
801.96
801.96
56.48
56.48
673.52
673.52
103.79
103.79
400.02
400.02
716.19
716.19
716.19
716.19
55.56
55.56
170.48
170.48
62.63
62.63
327.39
327.39
327.39
327.39
327.39
327.39
409.33
409.33
423.81
423.81
529.28
529.28
529.28
529.28
10.90
10.90
271.13
271.13
716.62
716.62
716.62
716.62
716.62
716.62
716.62
716.62
716.62
716.62
705.55
705.55
705.55
705.55
705.55
705.55
688.94
688.94
688.94
688.94
740.33
740.33
740.33
740.33
684.81
684.81
87.41
87.41
190.37
190.37
773.13
773.13
773.13
773.13
732.29
732.29
14.81
14.81
744.68
744.68
40.25
40.25
42.08
42.08
83.56
83.56
65.79
65.79
216.44
216.44
292.65
292.65
292.65
292.65
332.72
332.72
332.72
332.72
418.36
418.36
418.36
418.36
558.87
558.87
558.87
558.87
558.87
558.87
596.00
596.00
596.00
596.00
651.01
651.01
651.01
651.01
170.61
170.61
673.59
673.59
34.63
34.63
707.94
707.94
707.94
707.94
560.75
560.75
475.16
475.16
475.16
475.16
631.31
631.31
631.31
631.31
305.94
305.94
305.94
305.94
148.97
148.97
137.91
137.91
408.98
408.98
534.16
534.16
744.27
744.27
639.09
639.09
79.61
79.61
337.30
337.30
18.15
18.15
392.01
392.01
392.01
392.01
742.63
742.63
742.63
742.63
695.05
695.05
695.05
695.05
708.31
708.31
18.08
18.08
731.92
731.92
731.92
731.92
731.92
731.92
677.28
677.28
677.28
677.28
795.54
795.54
795.54
795.54
10.00
10.00
255.46
255.46
255.46
255.46
660.29
660.29
660.29
660.29
313.98
313.98
147.32
147.32
365.32
365.32
779.11
779.11
644.99
644.99
764.59
764.59
230.98
230.98
327.13
327.13
158.54
158.54
405.75
405.75
794.70
794.70
794.70
794.70
656.47
656.47
656.47
656.47
656.47
656.47
656.47
656.47
656.47
656.47
656.64
656.64
656.64
656.64
656.64
656.64
703.00
703.00
703.00
703.00
137.03
137.03
633.27
633.27
749.18
749.18
782.33
782.33
624.07
624.07
178.98
178.98
451.21
451.21
232.26
232.26
620.03
620.03
655.96
655.96
86.87
86.87
538.99
538.99
550.15
550.15
544.97
544.97
522.57
522.57
382.70
382.70
653.24
653.24
599.93
599.93
619.86
619.86
709.75
709.75
534.77
534.77
749.61
749.61
155.53
155.53
673.79
673.79
614.67
614.67
541.35
541.35
622.93
622.93
657.50
657.50
661.44
661.44
600.69
600.69
842.41
842.41
695.43
695.43
695.43
695.43
11.95
11.95
147.28
147.28
711.87
711.87
709.34
709.34
656.93
656.93
756.70
756.70
95.14
95.14
91.23
91.23
389.95
389.95
481.26
481.26
497.87
497.87
497.87
497.87
497.87
497.87
665.40
665.40
665.40
665.40
608.94
608.94
608.94
608.94
716.96
716.96
716.96
716.96
716.96
716.96
442.23
442.23
442.23
442.23
26.54
26.54
232.58
232.58
316.18
316.18
22.54
22.54
262.18
262.18
249.17
249.17
261.37
261.37
349.86
349.86
349.86
349.86
483.13
483.13
440.96
440.96
570.48
570.48
417.01
417.01
417.01
417.01
417.01
417.01
633.48
633.48
633.48
633.48
633.48
633.48
633.48
633.48
418.07
418.07
418.07
418.07
418.07
418.07
540.66
540.66
540.66
540.66
541.34
541.34
541.34
541.34
541.34
541.34
620.49
620.49
620.49
620.49
28.36
28.36
223.65
223.65
484.92
484.92
484.92
484.92
484.92
484.92
656.20
656.20
689.84
689.84
700.00
700.00
580.49
580.49
85.47
85.47
448.39
448.39
448.39
448.39
22.52
22.52
265.38
265.38
252.93
252.93
252.93
252.93
384.55
384.55
603.50
603.50
603.50
603.50
683.59
683.59
660.82
660.82
660.82
660.82
81.41
81.41
402.33
402.33
776.60
776.60
776.60
776.60
791.94
791.94
102.40
102.40
202.63
202.63
706.37
706.37
686.75
686.75
686.75
605.02
411.49
411.49
475.11
475.11
836.25
836.25
836.25
836.25
829.18
829.18
829.18
829.18
935.44
935.44
935.44
935.44
935.44
935.44
869.12
869.12
869.12
869.12
818.78
818.78
61.32
61.32
285.46
285.46
390.95
390.95
390.95
390.95
413.01
413.01
413.01
413.01
28.68
28.68
111.67
111.67
458.44
458.44
512.61
512.61
512.61
512.61
455.44
455.44
431.84
431.84
416.02
416.02
410.94
410.94
170.22
170.22
652.31
652.31
652.31
652.31
459.45
459.45
459.45
459.45
371.68
371.68
695.55
695.55
585.57
585.57
103.86
103.86
789.36
789.36
743.10
743.10
802.06
802.06
802.06
802.06
861.44
861.44
861.44
861.44
41.92
41.92
393.74
393.74
393.74
393.74
590.25
590.25
250.63
250.63
732.69
732.69
448.21
448.21
550.77
550.77
792.03
792.03
792.03
792.03
57.36
57.36
468.29
468.29
281.94
281.94
295.46
295.46
295.46
295.46
658.23
658.23
759.38
759.38
729.93
729.93
300.03
300.03
42.12
42.12
333.78
333.78
245.42
245.42
804.12
804.12
63.68
63.68
888.66
888.66
888.66
888.66
888.66
888.66
820.77
820.77
820.77
820.77
433.38
433.38
433.38
433.38
494.51
494.51
14.22
14.22
279.40
279.40
232.59
232.59
234.39
234.39
360.41
360.41
360.41
360.41
360.41
360.41
604.33
604.33
488.90
488.90
459.54
459.54
376.88
376.88
560.49
560.49
418.28
418.28
61.74
61.74
690.80
690.80
96.13
96.13
107.53
107.53
345.34
345.34
345.34
345.34
592.13
592.13
592.13
592.13
712.43
712.43
712.43
712.43
764.95
764.95
764.95
764.95
232.61
232.61
500.91
500.91
500.91
500.91
732.38
732.38
963.85
963.85
963.85
963.85
815.21
815.21
815.21
815.21
314.64
314.64
314.64
314.64
834.20
834.20
834.20
834.20
834.20
834.20
583.12
583.12
583.12
583.12
838.05
838.05
838.05
838.05
838.05
838.05
838.05
838.05
838.05
838.05
772.77
772.77
772.77
772.77
822.67
822.67
113.17
113.17
398.29
398.29
431.21
431.21
431.21
431.21
544.87
544.87
544.87
544.87
117.21
117.21
117.21
10.00
150.47
150.47
411.57
411.57
411.57
411.57
408.97
408.97
422.17
422.17
422.17
422.17
451.48
451.48
451.48
451.48
193.45
193.45
193.45
193.45
193.45
193.45
618.07
618.07
618.07
618.07
525.30
525.30
525.30
525.30
458.46
458.46
458.46
458.46
458.46
458.46
143.42
143.42
165.06
165.06
438.08
438.08
91.60
91.60
91.60
116.03
736.80
736.80
736.80
736.80
554.85
554.85
146.36
146.36
618.79
618.79
158.08
158.08
259.34
259.34
786.50
786.50
786.50
786.50
427.18
427.18
427.18
427.18
427.18
427.18
645.41
645.41
645.41
645.41
753.26
753.26
753.26
753.26
705.94
705.94
705.94
705.94
705.94
28.71
864.13
864.13
864.13
10.00
10.00
718.63
718.63
297.54
297.54
486.38
486.38
794.24
794.24
789.51
789.51
89.55
89.55
886.57
361.85
361.85
361.85
26.25
26.25
121.37
121.37
498.16
498.16
10.00
10.00
557.72
557.72
25.39
25.39
387.49
387.49
719.28
719.28
719.28
719.28
504.75
504.75
553.36
553.36
523.33
523.33
770.73
770.73
462.09
462.09
289.69
289.69
207.44
79.59
79.59
79.59
529.52
529.52
765.90
765.90
364.49
364.49
652.35
652.35
90.04
90.04
596.81
596.81
345.98
345.98
40.99
40.99
506.03
506.03
695.58
695.58
242.31
242.31
559.56
559.56
608.18
608.18
658.54
658.54
589.93
589.93
890.40
890.40
819.78
819.78
545.38
545.38
796.18
796.18
12.17
12.17
705.62
705.62
716.07
716.07
586.69
586.69
13.16
13.16
15.87
15.87
77.05
77.05
473.52
473.52
767.87
767.87
586.43
586.43
681.82
681.82
720.40
720.40
816.73
816.73
606.22
606.22
394.21
394.21
845.57
845.57
762.91
762.91
761.51
761.51
861.35
861.35
590.25
590.25
225.44
225.44
54.10
54.10
550.60
550.60
797.77
797.77
797.77
797.77
840.42
840.42
804.24
804.24
804.24
804.24
573.65
573.65
946.64
946.64
287.97
287.97
58.22
58.22
271.34
271.34
491.38
491.38
491.38
491.38
666.51
666.51
666.51
666.51
163.38
163.38
472.88
472.88
102.89
102.89
587.12
587.12
587.12
587.12
587.12
587.12
603.19
603.19
280.32
280.32
597.09
597.09
597.09
597.09
467.45
467.45
467.45
467.45
467.45
467.45
518.29
518.29
518.29
518.29
731.63
731.63
731.63
731.63
731.63
731.63
812.88
812.88
812.88
812.88
812.88
812.88
812.88
812.88
773.75
773.75
773.75
773.75
14.60
14.60
376.66
376.66
389.33
389.33
748.62
748.62
748.62
748.62
748.62
748.62
951.98
951.98
951.98
951.98
826.13
826.13
826.13
826.13
854.69
854.69
854.69
854.69
854.69
854.69
835.02
835.02
835.02
835.02
702.71
702.71
38.79
38.79
193.51
193.51
89.64
89.64
89.64
89.64
89.64
837.28
934.35
934.35
934.35
934.35
268.92
268.92
391.12
391.12
261.30
261.30
200.26
200.26
372.82
372.82
31.44
31.44
359.11
359.11
605.26
605.26
563.03
563.03
610.73
610.73
579.62
579.62
500.85
500.85
500.85
500.85
500.85
500.85
548.22
548.22
660.49
660.49
435.08
435.08
105.30
105.30
686.34
686.34
686.34
686.34
686.34
686.34
599.36
599.36
599.36
599.36
766.85
766.85
766.85
766.85
743.15
743.15
715.03
715.03
715.03
715.03
715.03
715.03
715.03
715.03
715.03
438.45
920.87
920.41
920.41
920.41
1360.17
1360.17
30.19
30.19
313.60
313.60
313.60
313.60
313.60
313.60
727.09
727.09
727.09
727.09
727.09
727.09
529.15
529.15
870.24
870.24
10.00
10.00
215.44
215.44
946.52
946.52
2223.81
2223.81
798.74
798.74
1818.55
1818.55
83.89
83.89
183.80
183.80
1836.10
1836.10
3153.16
3153.16
3153.16
3153.16
12.78
12.78
231.36
231.36
565.77
565.77
815.56
815.56
815.56
815.56
111.61
111.61
610.44
610.44
1797.60
1797.60
1797.60
1797.60
1797.60
1797.60
135.06
135.06
203.85
203.85
738.51
738.51
738.51
738.51
738.51
738.51
738.51
738.51
738.51
738.51
21.12
21.12
141.14
141.14
159.58
159.58
270.62
270.62
197.44
197.44
256.41
256.41
321.21
321.21
359.16
359.16
153.31
153.31
153.31
153.31
291.63
291.63
291.63
291.63
362.20
362.20
362.20
362.20
362.20
362.20
419.09
419.09
419.09
419.09
258.90
258.90
436.10
436.10
160.08
160.08
448.29
448.29
448.29
448.29
602.64
602.64
590.81
590.81
578.99
578.99
683.18
683.18
651.94
651.94
818.72
818.72
818.72
818.72
818.72
818.72
818.72
818.72
919.46
919.46
552.27
552.27
656.10
656.10
316.62
316.62
764.35
764.35
751.44
751.44
751.44
751.44
751.44
751.44
989.73
989.73
989.73
989.73
829.01
829.01
829.01
829.01
845.34
845.34
845.34
845.34
996.52
996.52
789.06
789.06
1032.11
1032.11
330.99
330.99
81.32
81.32
596.35
596.35
962.49
962.49
877.45
877.45
243.84
243.84
387.94
387.94
82.85
82.85
993.70
993.70
820.24
820.24
569.96
569.96
270.69
270.69
906.28
906.28
939.44
939.44
902.51
902.51
77.88
77.88
254.25
254.25
677.82
677.82
808.70
808.70
1111.25
1111.25
1111.25
1111.25
1111.25
1111.25
182.66
182.66
530.64
530.64
824.89
824.89
824.89
824.89
826.64
826.64
78.28
78.28
526.48
526.48
549.12
549.12
549.12
549.12
798.49
798.49
798.49
798.49
798.49
798.49
724.21
724.21
724.21
724.21
540.18
540.18
761.73
761.73
586.48
586.48
566.51
566.51
724.28
724.28
695.00
695.00
672.76
672.76
672.61
672.61
672.61
672.61
820.60
820.60
63.36
63.36
419.67
419.67
58.80
58.80
315.25
315.25
47.65
47.65
142.23
142.23
206.97
206.97
685.52
685.52
685.52
685.52
466.41
466.41
466.41
466.41
466.41
466.41
646.04
646.04
646.04
646.04
521.14
521.14
521.14
521.14
252.41
252.41
679.09
679.09
508.15
508.15
617.50
617.50
617.50
617.50
693.54
693.54
91.79
91.79
34.14
34.14
682.32
682.32
249.33
249.33
693.30
693.30
744.89
744.89
134.84
134.84
340.25
340.25
340.25
340.25
77.68
77.68
311.27
311.27
662.63
662.63
662.63
662.63
90.28
90.28
662.44
662.44
662.44
662.44
671.75
671.75
642.07
642.07
650.23
650.23
650.23
650.23
650.23
650.23
601.40
601.40
601.40
601.40
566.86
566.86
566.86
566.86
566.86
566.86
668.20
668.20
668.20
668.20
599.62
599.62
599.62
599.62
507.16
507.16
29.12
29.12
302.80
302.80
628.45
628.45
628.45
628.45
586.58
586.58
59.13
59.13
28.54
28.54
662.27
662.27
662.27
662.27
908.04
908.04
908.04
908.04
619.78
619.78
619.78
619.78
721.22
721.22
927.37
927.37
634.50
634.50
23.08
23.08
434.78
434.78
434.78
434.78
577.53
577.53
577.53
577.53
575.21
575.21
575.21
575.21
575.21
575.21
575.21
575.21
575.21
69.81
570.93
570.93
771.73
771.73
608.80
608.80
163.94
163.94
603.59
603.59
41.45
41.45
264.78
264.78
712.44
712.44
1012.41
1012.41
277.91
277.91
321.43
321.43
454.15
454.15
828.63
828.63
828.63
828.63
13.25
13.25
370.51
370.51
408.79
408.79
871.72
871.72
512.52
512.52
812.00
812.00
812.00
812.00
830.69
830.69
830.69
830.69
830.69
830.69
819.73
819.73
819.73
819.73
720.23
720.23
720.23
720.23
307.28
307.28
243.66
243.66
370.68
370.68
497.34
497.34
497.34
497.34
230.75
230.75
230.75
230.75
230.75
230.75
512.14
512.14
512.14
512.14
91.37
91.37
177.83
177.83
177.83
177.83
545.00
545.00
545.00
545.00
564.20
564.20
564.20
564.20
454.18
454.18
454.18
454.18
454.18
454.18
90.08
90.08
129.81
129.81
494.51
494.51
494.51
494.51
494.51
494.51
15.06
15.06
201.98
201.98
208.09
208.09
230.61
230.61
49.02
49.02
49.02
49.02
49.02
145.04
456.33
456.33
456.33
456.33
537.86
537.86
537.86
537.86
537.86
537.86
249.88
249.88
18.79
18.79
654.85
654.85
654.85
654.85
481.26
481.26
481.26
481.26
481.26
481.26
573.97
573.97
573.97
573.97
562.69
562.69
562.69
562.69
25.24
25.24
799.67
799.67
15.45
15.45
736.23
736.23
736.23
736.23
711.23
711.23
711.23
711.23
711.23
711.23
19.58
19.58
163.43
163.43
845.04
845.04
845.04
845.04
845.04
845.04
353.67
353.67
353.67
353.67
794.16
794.16
794.16
794.16
794.16
794.16
794.16
794.16
794.16
794.16
434.12
434.12
434.12
434.12
657.49
657.49
657.49
657.49
657.49
657.49
855.41
855.41
24.07
24.07
619.19
619.19
619.19
619.19
877.86
877.86
877.86
877.86
877.86
877.86
444.57
444.57
444.57
444.57
883.38
883.38
72.14
72.14
162.84
162.84
954.82
954.82
954.82
954.82
791.19
791.19
791.19
791.19
840.93
840.93
840.93
840.93
15.43
15.43
127.65
127.65
127.65
127.65
841.12
841.12
942.60
942.60
897.30
897.30
540.65
540.65
540.65
540.65
617.51
617.51
283.37
283.37
857.91
857.91
857.91
857.91
857.91
857.91
857.91
857.91
857.91
857.91
857.91
835.75
835.75
835.75
835.75
597.96
597.96
355.09
355.09
13.28
13.28
805.71
805.71
805.71
805.71
903.44
903.44
154.93
154.93
892.89
892.89
752.69
752.69
752.69
752.69
825.15
825.15
821.49
821.49
883.10
883.10
883.10
883.10
833.56
833.56
11.43
11.43
810.33
810.33
777.27
777.27
777.27
777.27
241.12
241.12
595.81
595.81
164.74
164.74
827.40
827.40
833.30
833.30
365.09
365.09
256.21
256.21
393.40
393.40
765.39
765.39
765.39
765.39
180.56
180.56
241.34
241.34
241.34
241.34
196.15
196.15
52.81
52.81
621.47
621.47
621.47
621.47
478.34
478.34
10.00
10.00
309.37
309.37
560.14
560.14
560.14
560.14
647.59
647.59
524.32
524.32
524.32
524.32
214.01
214.01
297.58
297.58
740.88
740.88
740.88
740.88
566.31
566.31
357.67
357.67
357.67
357.67
732.98
732.98
875.50
875.50
875.50
875.50
875.50
875.50
875.50
875.50
875.50
875.50
875.50
875.50
875.50
875.50
875.50
875.50
25.42
25.42
437.32
437.32
414.32
414.32
853.96
853.96
754.65
754.65
902.63
902.63
964.75
964.75
389.53
389.53
534.09
534.09
534.09
534.09
736.00
736.00
736.00
736.00
657.08
657.08
657.08
657.08
657.08
657.08
127.70
127.70
262.79
262.79
651.14
651.14
651.14
651.14
439.95
439.95
572.95
572.95
572.95
572.95
476.67
476.67
476.67
476.67
619.40
619.40
619.40
619.40
26.92
26.92
595.89
595.89
595.89
595.89
246.52
246.52
253.38
253.38
253.38
253.38
601.56
601.56
601.56
601.56
431.41
431.41
18.84
18.84
675.98
675.98
675.98
675.98
675.98
675.98
33.27
33.27
125.00
125.00
534.49
534.49
534.49
534.49
534.49
534.49
506.17
506.17
506.17
506.17
608.18
608.18
608.18
608.18
680.88
680.88
680.88
680.88
680.88
680.88
99.10
99.10
174.60
174.60
646.37
646.37
646.37
646.37
646.37
646.37
68.78
68.78
168.09
168.09
272.76
272.76
272.76
272.76
775.28
775.28
775.28
775.28
775.28
775.28
639.05
639.05
639.05
639.05
425.91
425.91
425.91
425.91
586.33
586.33
586.33
586.33
10.00
10.00
630.55
630.55
630.55
630.55
674.25
674.25
674.25
674.25
674.25
674.25
674.25
674.25
674.25
674.25
103.38
103.38
108.63
108.63
108.63
108.63
108.63
99.62
151.83
151.83
409.41
409.41
409.41
409.41
536.41
536.41
536.41
536.41
536.41
536.41
600.18
600.18
600.18
600.18
635.87
635.87
635.87
635.87
485.81
485.81
485.81
485.81
485.81
485.81
572.56
572.56
572.56
572.56
645.19
645.19
187.78
187.78
187.78
187.78
323.06
323.06
323.06
323.06
410.30
410.30
410.30
410.30
375.41
375.41
375.41
375.41
375.41
375.41
491.88
491.88
491.88
491.88
401.89
401.89
401.89
401.89
401.89
401.89
608.39
608.39
608.39
608.39
606.50
606.50
606.50
606.50
491.60
491.60
491.60
491.60
491.60
491.60
596.07
596.07
596.07
596.07
780.82
780.82
780.82
780.82
780.82
780.82
61.98
61.98
176.40
176.40
741.78
741.78
741.78
741.78
741.78
741.78
741.78
741.78
741.78
741.78
741.29
741.29
741.29
741.29
867.79
867.79
867.79
867.79
867.79
867.79
115.53
115.53
159.38
159.38
603.25
603.25
197.69
197.69
225.58
225.58
635.82
635.82
100.17
100.17
820.07
820.07
426.84
426.84
775.67
775.67
320.65
320.65
82.14
82.14
22.70
22.70
864.35
864.35
627.22
627.22
95.31
95.31
609.88
609.88
792.07
792.07
792.07
792.07
815.15
815.15
815.15
815.15
120.75
120.75
212.40
212.40
289.02
289.02
741.27
741.27
741.27
741.27
714.36
714.36
714.36
714.36
758.54
758.54
758.54
758.54
758.54
758.54
26.71
26.71
219.87
219.87
706.11
706.11
706.11
706.11
706.11
706.11
388.11
388.11
388.11
388.11
687.72
687.72
687.72
687.72
747.34
747.34
747.34
747.34
747.34
747.34
795.70
795.70
795.70
795.70
611.99
611.99
611.99
611.99
18.13
18.13
880.09
880.09
880.09
880.09
757.95
757.95
99.26
99.26
800.56
800.56
800.56
800.56
800.56
800.56
761.02
761.02
761.02
761.02
123.34
123.34
126.32
126.32
106.04
106.04
606.05
606.05
606.05
606.05
277.72
277.72
277.72
277.72
567.25
567.25
567.25
567.25
567.25
567.25
721.99
721.99
90.83
90.83
611.68
611.68
611.68
611.68
611.68
611.68
14.26
14.26
42.03
42.03
481.01
481.01
481.01
481.01
549.03
549.03
104.88
104.88
104.02
104.02
664.30
664.30
664.30
664.30
664.30
334.30
334.30
36.09
36.09
350.40
350.40
373.64
373.64
373.64
373.64
395.72
395.72
383.61
96.18
96.18
96.18
399.31
399.31
404.74
404.74
388.33
388.33
407.03
407.03
563.19
563.19
577.91
577.91
577.91
577.91
411.24
411.24
577.87
577.87
371.26
371.26
371.26
371.26
551.01
551.01
551.01
551.01
512.98
512.98
537.85
537.85
537.85
537.85
536.20
536.20
711.16
711.16
35.09
35.09
596.66
596.66
523.30
523.30
607.99
607.99
607.99
607.99
617.15
617.15
617.15
617.15
617.15
617.15
625.11
625.11
625.11
625.11
644.42
644.42
644.42
644.42
644.42
644.42
656.50
656.50
656.50
656.50
771.61
771.61
771.61
771.61
771.61
771.61
630.93
630.93
630.93
630.93
937.41
937.41
937.41
937.41
124.30
124.30
358.90
358.90
447.90
447.90
490.02
490.02
754.34
754.34
853.77
853.77
872.77
872.77
172.78
172.78
794.13
794.13
737.46
737.46
256.91
256.91
622.00
622.00
46.37
46.37
48.41
48.41
410.48
410.48
137.97
137.97
347.69
347.69
858.43
858.43
10.00
10.00
527.52
527.52
138.69
138.69
47.21
47.21
236.91
236.91
279.01
279.01
280.00
280.00
280.00
280.00
40.45
40.45
325.24
325.24
330.20
330.20
438.05
438.05
365.70
365.70
379.29
379.29
204.98
204.98
385.53
385.53
550.95
550.95
553.80
553.80
598.11
598.11
732.26
732.26
643.30
643.30
637.01
637.01
38.29
38.29
639.81
639.81
639.81
639.81
51.41
51.41
615.04
615.04
782.39
782.39
654.92
654.92
654.92
654.92
39.19
39.19
48.50
48.50
128.16
128.16
513.13
513.13
513.13
513.13
713.28
713.28
713.28
713.28
629.17
629.17
818.37
818.37
818.37
818.37
220.34
220.34
266.08
266.08
659.64
659.64
659.64
659.64
659.64
659.64
896.14
896.14
160.56
160.56
829.26
829.26
829.26
829.26
513.27
513.27
718.48
718.48
718.48
718.48
565.75
565.75
691.32
691.32
615.28
615.28
903.63
903.63
903.63
903.63
398.75
398.75
398.75
398.75
790.95
790.95
790.95
790.95
10.00
10.00
779.15
779.15
666.91
666.91
125.49
125.49
164.20
164.20
777.15
777.15
777.15
777.15
650.70
650.70
113.57
113.57
311.85
311.85
745.81
745.81
745.81
745.81
761.03
761.03
761.03
761.03
761.03
761.03
237.39
237.39
309.04
309.04
718.41
718.41
718.41
718.41
782.92
782.92
782.92
782.92
782.92
782.92
10.00
10.00
329.61
329.61
397.90
397.90
397.90
397.90
397.90
397.90
203.77
203.77
203.77
203.77
378.03
378.03
23.03
23.03
409.66
409.66
409.66
409.66
409.66
409.66
255.92
255.92
255.92
255.92
203.35
203.35
203.35
203.35
318.45
318.45
220.89
220.89
220.89
220.89
195.06
195.06
195.06
195.06
331.18
331.18
139.30
139.30
283.88
283.88
318.22
318.22
413.67
413.67
378.39
378.39
378.39
378.39
378.39
378.39
53.36
53.36
302.27
302.27
569.20
569.20
569.20
569.20
748.08
748.08
748.08
748.08
748.08
748.08
803.82
803.82
803.82
803.82
728.73
728.73
728.73
728.73
728.73
728.73
784.41
784.41
784.41
784.41
698.39
698.39
148.46
148.46
703.69
703.69
703.69
703.69
703.69
703.69
670.55
670.55
670.55
670.55
806.27
806.27
85.98
85.98
16.63
16.63
243.06
243.06
60.32
60.32
584.81
584.81
584.81
584.81
121.13
121.13
238.54
238.54
238.54
238.54
587.06
587.06
587.06
587.06
180.73
180.73
235.16
235.16
235.16
235.16
636.60
636.60
636.60
636.60
627.38
627.38
43.90
43.90
754.78
754.78
754.78
754.78
754.78
754.78
620.04
620.04
620.04
620.04
443.87
443.87
443.87
443.87
443.87
443.87
443.87
443.87
93.70
93.70
61.10
61.10
98.94
98.94
129.77
129.77
89.45
89.45
171.29
171.29
252.54
252.54
237.21
237.21
250.83
250.83
250.83
250.83
250.83
250.83
214.23
214.23
20.37
20.37
389.76
389.76
389.76
389.76
506.86
506.86
506.86
506.86
11.71
11.71
528.14
528.14
528.14
528.14
43.82
43.82
31.51
31.51
113.81
113.81
158.97
158.97
158.97
158.97
585.67
585.67
585.67
585.67
604.89
604.89
604.89
604.89
604.89
604.89
212.51
212.51
212.51
212.51
560.81
560.81
560.81
560.81
663.90
663.90
663.90
663.90
10.00
10.00
642.82
642.82
642.82
642.82
608.08
608.08
43.26
43.26
213.29
213.29
735.61
735.61
10.00
10.00
731.69
731.69
83.64
83.64
437.01
437.01
437.01
437.01
437.01
437.01
134.03
134.03
48.03
48.03
604.80
604.80
604.80
604.80
604.80
604.80
456.28
456.28
20.88
20.88
422.01
422.01
422.01
422.01
314.84
314.84
110.24
110.24
192.31
192.31
294.65
294.65
294.65
294.65
457.51
457.51
151.82
151.82
193.51
193.51
431.45
431.45
431.45
431.45
461.66
461.66
30.77
30.77
453.07
453.07
21.44
21.44
102.46
102.46
515.01
515.01
42.36
42.36
631.63
631.63
631.63
631.63
631.63
631.63
707.11
707.11
707.11
707.11
527.20
527.20
527.20
527.20
161.24
161.24
525.28
525.28
87.66
87.66
437.74
437.74
437.74
437.74
519.15
519.15
519.15
519.15
75.77
75.77
335.14
335.14
335.14
335.14
509.96
509.96
509.96
509.96
468.01
468.01
268.11
268.11
13.62
13.62
387.91
387.91
387.91
387.91
536.62
536.62
536.62
536.62
536.62
536.62
330.78
330.78
330.78
330.78
581.84
581.84
581.84
581.84
251.82
251.82
218.84
218.84
233.61
233.61
41.37
41.37
185.00
185.00
570.64
570.64
570.64
570.64
570.64
570.64
570.64
570.64
570.64
570.64
530.27
530.27
530.27
530.27
586.08
586.08
586.08
586.08
586.08
586.08
586.08
586.08
586.08
586.08
790.38
790.38
790.38
790.38
790.38
790.38
750.69
750.69
750.69
750.69
33.36
33.36
178.97
178.97
690.67
690.67
690.67
690.67
690.67
690.67
66.88
66.88
252.99
252.99
766.12
766.12
766.12
766.12
766.12
766.12
796.00
796.00
46.45
46.45
886.46
886.46
886.46
886.46
812.80
812.80
812.80
812.80
812.80
812.80
855.57
855.57
855.57
855.57
735.70
735.70
735.70
735.70
735.70
735.70
886.47
886.47
886.47
886.47
245.42
245.42
245.42
245.42
821.49
821.49
821.49
821.49
821.49
821.49
821.49
821.49
821.49
821.49
361.80
361.80
361.80
361.80
361.80
361.80
501.68
501.68
501.68
501.68
177.48
177.48
44.43
44.43
22.67
22.67
152.52
152.52
178.29
178.29
328.79
328.79
328.79
328.79
652.54
652.54
652.54
652.54
652.54
652.54
379.58
379.58
379.58
379.58
662.99
662.99
662.99
662.99
686.67
686.67
72.18
72.18
181.55
181.55
188.75
188.75
210.55
210.55
432.69
432.69
432.69
432.69
432.69
432.69
83.52
83.52
450.27
450.27
87.80
87.80
161.45
161.45
20.02
20.02
501.68
501.68
501.68
501.68
51.75
51.75
115.00
115.00
516.13
516.13
508.00
508.00
22.14
22.14
626.65
626.65
160.75
160.75
561.10
561.10
561.10
561.10
555.92
555.92
555.92
555.92
32.34
32.34
629.38
629.38
629.38
629.38
723.45
723.45
723.45
723.45
349.02
349.02
77.55
77.55
44.63
44.63
183.99
183.99
198.71
198.71
173.20
173.20
95.90
95.90
242.14
242.14
179.41
179.41
369.33
369.33
377.94
377.94
478.90
478.90
456.49
456.49
381.79
381.79
146.63
146.63
580.12
580.12
572.51
572.51
190.93
190.93
574.79
574.79
563.95
563.95
387.50
387.50
576.17
576.17
498.21
498.21
618.65
618.65
616.77
616.77
518.34
518.34
682.26
682.26
686.12
686.12
124.84
124.84
115.58
115.58
560.03
560.03
706.34
706.34
381.35
381.35
381.35
381.35
579.45
579.45
16.13
16.13
251.73
251.73
765.42
765.42
48.55
48.55
771.65
771.65
11.01
11.01
585.64
585.64
658.51
658.51
735.09
735.09
784.94
784.94
784.94
784.94
851.91
851.91
851.91
851.91
851.91
851.91
900.46
900.46
137.68
137.68
245.11
245.11
160.50
160.50
302.46
302.46
106.51
106.51
43.39
43.39
429.52
429.52
24.15
24.15
413.01
413.01
413.01
413.01
485.48
485.48
202.30
202.30
197.05
197.05
404.22
404.22
404.22
404.22
239.95
239.95
239.95
289.46
289.46
289.46
454.75
454.75
454.75
454.75
493.92
493.92
478.21
478.21
478.21
493.88
493.88
483.47
483.47
503.80
503.80
122.00
122.00
10.00
10.00
615.61
615.61
25.79
25.79
740.51
740.51
648.45
648.45
620.83
620.83
861.18
861.18
861.18
861.18
858.78
858.78
858.78
858.78
858.78
858.78
687.29
687.29
687.29
687.29
34.41
34.41
111.52
111.52
111.52
111.52
532.94
532.94
674.71
674.71
484.73
484.73
484.73
484.73
38.36
38.36
249.64
249.64
282.91
282.91
781.47
781.47
216.44
216.44
44.46
44.46
375.75
375.75
375.75
375.75
740.77
740.77
740.77
740.77
775.65
775.65
775.65
775.65
360.11
360.11
360.11
360.11
360.11
360.11
838.46
838.46
838.46
838.46
855.03
855.03
855.03
855.03
855.03
855.03
874.83
874.83
874.83
874.83
799.10
799.10
799.10
799.10
532.20
532.20
39.30
39.30
30.16
30.16
547.16
547.16
547.16
547.16
245.18
245.18
245.18
245.18
68.74
68.74
328.20
328.20
328.20
328.20
304.40
304.40
304.40
304.40
416.23
416.23
283.57
283.57
283.57
283.57
407.18
407.18
128.05
128.05
422.35
422.35
22.12
22.12
174.22
174.22
360.07
360.07
360.07
360.07
415.03
415.03
54.33
54.33
449.39
449.39
20.64
20.64
223.01
223.01
261.68
261.68
261.68
261.68
445.84
445.84
445.84
445.84
445.84
445.84
391.62
391.62
391.62
391.62
550.38
550.38
550.38
550.38
611.31
611.31
10.00
10.00
175.61
175.61
215.59
215.59
215.59
215.59
601.10
601.10
601.10
601.10
601.10
601.10
602.50
602.50
602.50
602.50
720.84
720.84
50.40
50.40
652.69
652.69
652.69
652.69
652.69
652.69
652.69
652.69
652.69
652.69
552.63
552.63
552.63
552.63
552.63
552.63
93.39
93.39
221.38
221.38
639.45
639.45
639.45
639.45
334.03
334.03
334.03
334.03
334.03
334.03
564.74
564.74
564.74
564.74
731.29
731.29
731.29
731.29
78.94
78.94
621.03
621.03
219.60
219.60
643.04
643.04
716.87
716.87
722.86
722.86
722.86
722.86
800.39
800.39
776.56
776.56
776.56
776.56
796.10
796.10
796.10
796.10
796.10
796.10
838.92
838.92
838.92
838.92
566.82
566.82
566.82
566.82
57.31
57.31
308.20
308.20
308.20
308.20
715.95
715.95
715.95
715.95
249.69
249.69
309.73
309.73
341.83
341.83
41.63
41.63
193.53
193.53
492.48
492.48
28.68
28.68
871.67
871.67
871.67
871.67
871.67
42.45
365.72
365.72
365.72
365.72
409.75
409.75
117.89
117.89
211.76
211.76
809.81
809.81
809.81
809.81
199.09
199.09
199.09
199.09
831.60
831.60
831.60
831.60
831.60
831.60
862.72
862.72
232.48
232.48
897.99
897.99
897.99
897.99
897.99
897.99
1051.39
1051.39
17.85
17.85
147.92
147.92
226.73
226.73
198.32
198.32
231.70
231.70
231.70
231.70
766.18
766.18
766.18
766.18
702.32
702.32
702.32
702.32
702.32
702.32
167.36
167.36
167.36
167.36
806.98
806.98
806.98
806.98
774.34
774.34
774.34
774.34
774.34
774.34
97.52
97.52
169.97
169.97
797.67
797.67
797.67
797.67
797.67
797.67
958.04
958.04
958.04
958.04
548.36
548.36
15.93
15.93
785.41
785.41
785.41
785.41
785.41
785.41
28.01
28.01
45.40
45.40
654.33
654.33
654.33
654.33
30.05
30.05
257.82
257.82
257.82
257.82
568.84
568.84
568.84
568.84
643.50
643.50
10.00
10.00
249.90
249.90
569.76
569.76
23.49
23.49
901.15
901.15
901.15
901.15
901.15
901.15
798.24
798.24
798.24
798.24
393.00
393.00
393.00
393.00
835.69
835.69
835.69
835.69
835.69
835.69
751.04
751.04
751.04
751.04
829.88
829.88
829.88
829.88
829.88
829.88
861.40
861.40
861.40
861.40
844.04
844.04
844.04
844.04
891.16
891.16
48.16
48.16
119.49
119.49
52.46
52.46
168.36
168.36
63.16
63.16
119.14
119.14
119.14
119.14
336.98
336.98
383.71
383.71
499.10
499.10
499.10
499.10
452.38
452.38
452.38
452.38
452.38
452.38
625.98
625.98
625.98
625.98
683.35
683.35
683.35
683.35
669.06
669.06
669.06
669.06
30.83
30.83
764.33
764.33
764.33
764.33
679.82
679.82
679.82
679.82
679.82
679.82
743.99
743.99
743.99
743.99
698.98
698.98
698.98
698.98
353.36
353.36
164.22
164.22
205.30
205.30
746.13
746.13
17.19
17.19
810.49
810.49
187.73
187.73
187.73
187.73
72.17
72.17
197.23
197.23
212.08
212.08
212.08
212.08
716.20
716.20
716.20
716.20
716.20
716.20
245.00
245.00
245.00
245.00
392.47
392.47
392.47
392.47
392.47
392.47
447.14
447.14
447.14
447.14
651.46
651.46
651.46
651.46
528.78
528.78
528.78
528.78
528.78
528.78
637.58
637.58
637.58
637.58
743.99
743.99
743.99
743.99
99.88
99.88
844.72
844.72
22.01
22.01
761.91
761.91
761.91
761.91
822.88
822.88
822.88
822.88
822.88
822.88
776.30
776.30
12.93
12.93
228.10
228.10
30.59
30.59
21.54
21.54
667.70
667.70
667.70
667.70
667.70
667.70
667.70
667.70
750.01
750.01
750.01
750.01
750.01
750.01
731.34
731.34
731.34
731.34
45.67
45.67
255.78
255.78
302.53
302.53
60.13
60.13
283.94
283.94
449.78
449.78
123.90
123.90
317.80
317.80
331.18
331.18
331.18
331.18
265.47
265.47
265.47
265.47
318.74
318.74
318.74
318.74
318.74
318.74
330.65
330.65
330.65
330.65
94.17
94.17
24.35
24.35
424.15
424.15
424.15
424.15
424.15
424.15
429.61
429.61
429.61
429.61
452.99
452.99
452.99
452.99
452.99
452.99
549.53
549.53
549.53
549.53
490.17
490.17
490.17
490.17
444.10
444.10
444.10
444.10
444.10
444.10
585.32
585.32
585.32
585.32
500.54
500.54
500.54
500.54
500.54
500.54
675.84
675.84
675.84
675.84
762.98
762.98
762.98
762.98
669.68
669.68
669.68
669.68
669.68
669.68
660.34
660.34
660.34
660.34
610.71
610.71
610.71
610.71
610.71
610.71
717.68
717.68
717.68
717.68
737.16
737.16
737.16
737.16
819.79
819.79
819.79
819.79
819.79
819.79
850.66
850.66
850.66
850.66
952.12
952.12
32.58
32.58
376.35
376.35
376.35
376.35
376.35
376.35
551.42
551.42
100.02
100.02
319.12
319.12
319.12
319.12
319.12
319.12
464.88
464.88
464.88
464.88
574.31
574.31
594.80
594.80
503.59
503.59
683.71
683.71
14.03
14.03
614.01
614.01
614.01
614.01
485.17
485.17
485.17
485.17
40.79
40.79
592.15
592.15
592.15
592.15
708.12
708.12
248.35
248.35
429.23
429.23
21.25
21.25
440.86
440.86
680.87
680.87
671.69
671.69
660.93
660.93
898.56
898.56
871.40
871.40
873.27
873.27
873.27
873.27
399.94
399.94
447.94
447.94
802.69
802.69
802.69
802.69
802.69
802.69
802.69
802.69
230.79
230.79
751.17
751.17
751.17
751.17
751.17
751.17
166.78
166.78
747.00
747.00
162.68
162.68
173.57
173.57
731.50
731.50
731.50
731.50
731.50
731.50
652.43
652.43
652.43
652.43
673.50
673.50
30.25
30.25
198.23
198.23
728.13
728.13
10.00
10.00
466.52
466.52
466.52
466.52
394.52
394.52
394.52
394.52
394.52
394.52
498.05
498.05
498.05
498.05
265.30
265.30
265.30
265.30
265.30
265.30
320.91
320.91
320.91
320.91
566.50
566.50
27.95
27.95
299.34
299.34
299.34
299.34
197.88
197.88
634.12
634.12
634.12
634.12
675.68
675.68
675.68
675.68
14.94
14.94
621.99
621.99
621.99
621.99
594.99
594.99
594.99
594.99
111.69
185.94
927.34
927.34
927.34
927.34
814.40
814.40
814.40
814.40
784.30
784.30
784.30
784.30
64.06
64.06
579.51
579.51
579.51
579.51
859.68
859.68
859.68
859.68
859.68
859.68
859.68
859.68
859.68
859.68
792.30
792.30
792.30
792.30
292.63
292.63
170.69
170.69
212.12
212.12
619.96
619.96
551.77
551.77
880.47
880.47
880.47
880.47
201.20
201.20
373.36
373.36
373.36
373.36
373.36
711.58
37.03
37.03
40.33
40.33
419.36
419.36
419.36
419.36
817.83
817.83
817.83
817.83
12.92
12.92
245.35
245.35
399.22
399.22
230.75
230.75
603.30
603.30
878.40
878.40
998.40
998.40
332.42
332.42
332.42
332.42
332.42
463.76
463.76
639.55
639.55
639.55
639.55
21.46
21.46
393.95
393.95
304.03
304.03
17.61
17.61
214.22
214.22
519.42
519.42
519.42
519.42
390.17
390.17
390.17
390.17
390.17
390.17
153.94
153.94
10.00
10.00
789.29
789.29
789.29
789.29
960.33
960.33
960.33
960.33
51.83
51.83
578.91
578.91
578.91
578.91
877.24
877.24
877.24
877.24
150.64
150.64
99.86
99.86
42.84
42.84
791.34
791.34
791.34
791.34
869.66
869.66
869.66
869.66
869.66
869.66
774.11
774.11
50.49
50.49
61.78
61.78
232.72
232.72
358.19
358.19
908.78
908.78
908.78
908.78
815.66
815.66
815.66
815.66
802.59
802.59
802.59
802.59
802.59
802.59
622.69
622.69
42.79
42.79
42.95
42.95
210.76
210.76
84.75
84.75
17.62
17.62
88.50
88.50
200.12
200.12
214.80
248.05
248.05
248.05
248.05
248.05
248.05
248.05
293.70
293.70
293.70
293.70
365.28
365.28
365.28
365.28
365.28
365.28
409.29
409.29
409.29
409.29
48.88
48.88
150.07
150.07
22.81
22.81
141.97
141.97
187.43
187.43
288.97
288.97
288.97
288.97
625.61
625.61
625.61
625.61
625.61
625.61
714.53
714.53
714.53
714.53
760.18
760.18
760.18
760.18
776.89
776.89
776.89
776.89
776.89
776.89
809.29
809.29
809.29
809.29
289.43
289.43
289.43
289.43
15.92
15.92
867.43
867.43
867.43
867.43
796.18
796.18
796.18
796.18
633.76
633.76
633.76
633.76
633.76
633.76
768.24
768.24
768.24
768.24
768.24
768.24
768.24
768.24
768.24
768.24
844.09
844.09
844.09
844.09
20.86
20.86
124.12
124.12
730.09
730.09
730.09
730.09
42.20
42.20
100.29
100.29
20.77
20.77
162.23
162.23
227.15
227.15
227.15
227.15
28.83
28.83
235.51
235.51
359.73
359.73
359.73
359.73
523.19
523.19
523.19
523.19
33.94
33.94
106.61
106.61
150.16
150.16
626.78
626.78
626.78
626.78
626.78
626.78
675.83
675.83
675.83
675.83
675.83
675.83
675.83
675.83
109.88
109.88
152.23
152.23
152.23
152.23
187.74
187.74
219.18
219.18
227.14
227.14
146.89
146.89
236.97
236.97
104.95
104.95
108.42
108.42
319.63
319.63
74.25
74.25
296.42
296.42
252.60
252.60
252.60
252.60
352.81
352.81
312.74
312.74
220.56
220.56
220.56
220.56
282.52
282.52
203.48
203.48
203.48
203.48
441.18
441.18
441.18
441.18
508.46
508.46
508.46
508.46
508.46
508.46
483.86
483.86
483.86
483.86
583.01
583.01
583.01
583.01
583.01
583.01
583.01
583.01
583.01
583.01
524.87
524.87
524.87
524.87
620.41
620.41
620.41
620.41
74.94
74.94
137.16
137.16
281.63
281.63
735.92
735.92
735.92
735.92
735.92
735.92
10.00
10.00
154.73
154.73
33.86
33.86
154.24
154.24
355.89
355.89
355.89
355.89
355.89
355.89
318.17
318.17
318.17
318.17
57.45
57.45
168.96
168.96
433.11
433.11
433.11
433.11
10.00
10.00
537.53
537.53
537.53
537.53
505.01
505.01
505.01
505.01
505.01
505.01
61.99
61.99
164.72
164.72
534.14
534.14
534.14
534.14
366.16
366.16
285.03
285.03
285.03
285.03
580.52
580.52
580.52
580.52
561.14
561.14
561.14
561.14
561.14
561.14
729.54
729.54
729.54
729.54
720.21
720.21
720.21
720.21
641.22
641.22
641.22
641.22
641.22
641.22
753.43
753.43
753.43
753.43
746.51
746.51
746.51
746.51
746.51
746.51
783.26
783.26
23.11
23.11
46.73
46.73
157.39
157.39
838.56
838.56
838.56
838.56
838.56
838.56
823.28
823.28
823.28
823.28
65.46
65.46
10.00
10.00
163.15
163.15
202.47
202.47
21.74
21.74
299.34
299.34
312.66
312.66
335.95
335.95
455.43
455.43
455.43
455.43
371.97
371.97
371.97
371.97
290.02
290.02
290.02
290.02
290.02
290.02
50.52
50.52
259.57
259.57
606.51
606.51
606.51
606.51
476.55
476.55
312.43
312.43
312.43
312.43
27.08
27.08
194.18
194.18
10.00
10.00
119.85
119.85
736.37
736.37
736.37
736.37
736.37
736.37
543.95
543.95
543.95
543.95
396.81
396.81
396.81
396.81
29.94
29.94
639.05
639.05
639.05
639.05
595.32
595.32
595.32
595.32
595.32
595.32
889.59
889.59
889.59
889.59
813.68
813.68
813.68
813.68
823.18
823.18
823.18
823.18
823.18
823.18
59.17
59.17
22.92
22.92
441.03
441.03
441.03
441.03
445.68
445.68
18.79
18.79
222.68
222.68
536.25
536.25
536.25
536.25
686.70
686.70
18.25
18.25
154.47
154.47
48.84
48.84
42.88
42.88
769.72
769.72
769.72
769.72
786.44
786.44
786.44
786.44
786.44
786.44
791.26
791.26
791.26
791.26
804.99
804.99
804.99
804.99
804.99
804.99
15.97
15.97
248.88
248.88
366.94
366.94
366.94
366.94
573.15
573.15
573.15
573.15
573.15
573.15
533.69
533.69
533.69
533.69
583.63
583.63
64.20
64.20
26.18
26.18
627.44
627.44
627.44
627.44
17.90
17.90
314.67
314.67
619.13
619.13
446.72
446.72
446.72
446.72
658.05
658.05
658.05
658.05
67.92
67.92
66.05
66.05
366.96
366.96
662.12
662.12
662.12
662.12
671.57
671.57
671.57
671.57
458.16
458.16
60.38
60.38
376.88
376.88
828.14
828.14
828.14
828.14
828.14
828.14
828.14
828.14
828.14
828.14
602.57
602.57
602.57
602.57
748.23
748.23
748.23
748.23
697.87
697.87
697.87
697.87
697.87
697.87
793.15
793.15
793.15
793.15
552.26
552.26
552.26
552.26
552.26
552.26
874.43
874.43
874.43
874.43
803.85
803.85
803.85
803.85
181.93
181.93
10.00
10.00
221.39
221.39
709.49
709.49
709.49
709.49
676.00
676.00
676.00
676.00
676.00
676.00
224.21
224.21
224.21
224.21
191.47
191.47
324.30
324.30
688.09
688.09
175.26
175.26
332.18
332.18
362.36
362.36
362.36
362.36
482.89
482.89
482.89
482.89
482.89
482.89
656.84
656.84
656.84
656.84
482.91
482.91
730.59
730.59
918.81
918.81
312.05
312.05
413.77
413.77
25.76
25.76
192.13
192.13
755.90
755.90
755.90
755.90
702.50
702.50
222.36
222.36
709.18
709.18
730.59
730.59
730.59
730.59
730.59
730.59
730.59
730.59
730.59
730.59
995.35
995.35
995.35
995.35
995.35
995.35
995.35
995.35
995.35
995.35
995.35
995.35
995.35
995.35
995.35
995.35
995.35
995.35
448.50
448.50
176.10
176.10
317.69
317.69
672.81
672.81
857.61
857.61
878.14
878.14
57.56
57.56
421.62
421.62
883.99
883.99
806.27
806.27
766.75
766.75
766.75
766.75
801.12
801.12
126.10
126.10
310.59
310.59
217.93
217.93
108.95
108.95
848.69
848.69
848.69
848.69
848.69
848.69
731.45
731.45
731.45
14.08
62.58
62.58
525.14
525.14
393.69
393.69
393.69
393.69
393.69
393.69
687.05
687.05
687.05
687.05
77.62
77.62
294.50
294.50
392.90
392.90
784.36
784.36
784.36
784.36
745.83
745.83
745.83
745.83
733.13
733.13
733.13
733.13
733.13
733.13
665.61
665.61
665.61
665.61
66.19
66.19
151.62
151.62
56.08
56.08
570.31
570.31
570.31
570.31
166.99
166.99
240.78
240.78
464.17
464.17
464.17
464.17
464.17
464.17
611.88
611.88
10.00
10.00
493.09
493.09
493.09
493.09
493.09
493.09
117.67
117.67
232.70
232.70
675.37
675.37
78.32
78.32
712.30
712.30
712.30
712.30
712.30
712.30
641.19
641.19
49.72
49.72
767.30
767.30
767.30
767.30
767.30
767.30
814.85
814.85
814.85
814.85
15.52
15.52
131.11
131.11
702.42
702.42
702.42
702.42
702.42
702.42
141.79
141.79
141.79
141.79
40.22
40.22
26.01
26.01
351.41
351.41
746.63
746.63
746.63
746.63
599.72
599.72
96.54
96.54
411.87
411.87
411.87
411.87
411.87
411.87
582.57
582.57
582.57
582.57
555.32
555.32
555.32
555.32
555.32
555.32
654.57
654.57
654.57
654.57
684.78
684.78
684.78
684.78
200.36
200.36
239.81
239.81
239.81
239.81
694.47
694.47
694.47
694.47
791.72
791.72
791.72
791.72
791.72
791.72
791.72
245.29
304.83
304.83
298.19
298.19
424.43
424.43
424.43
970.62
970.62
274.76
274.76
462.84
462.84
829.43
829.43
829.43
829.43
840.26
840.26
72.30
516.63
516.63
516.63
516.63
516.63
516.63
516.63
748.84
748.84
748.84
748.84
748.84
748.84
748.84
748.84
748.84
748.84
736.85
736.85
736.85
736.85
818.94
818.94
818.94
818.94
818.94
818.94
199.87
199.87
42.30
42.30
495.69
495.69
495.69
495.69
741.48
741.48
741.48
741.48
26.35
26.35
680.59
680.59
680.59
680.59
777.80
777.80
777.80
777.80
226.12
226.12
219.08
219.08
219.08
219.08
90.11
90.11
157.31
157.31
378.55
378.55
378.55
378.55
378.55
378.55
430.77
430.77
430.77
430.77
631.97
631.97
631.97
631.97
725.69
725.69
725.69
725.69
725.69
725.69
121.05
121.05
839.84
839.84
208.81
208.81
331.79
331.79
389.69
389.69
810.47
810.47
810.47
810.47
705.11
705.11
705.11
705.11
741.76
741.76
741.76
741.76
60.59
60.59
721.76
721.76
721.76
721.76
802.73
802.73
669.63
669.63
669.63
669.63
707.32
707.32
707.32
707.32
717.13
717.13
717.13
775.91
775.91
775.91
775.91
775.91
775.91
775.91
803.40
803.40
803.40
803.40
824.30
824.30
824.30
824.30
824.30
824.30
215.78
215.78
43.28
43.28
779.13
779.13
779.13
779.13
918.82
918.82
71.45
71.45
181.35
181.35
812.42
812.42
803.23
803.23
782.01
782.01
890.62
890.62
890.62
890.62
739.15
739.15
739.15
739.15
739.15
739.15
739.15
739.15
536.62
536.62
536.62
536.62
536.62
536.62
536.62
536.62
74.37
74.37
306.99
306.99
81.27
81.27
244.23
244.23
216.57
216.57
336.24
336.24
188.84
188.84
27.21
27.21
380.41
380.41
537.51
537.51
537.51
537.51
609.40
609.40
609.40
609.40
609.40
609.40
511.73
511.73
610.56
610.56
701.25
701.25
701.25
701.25
51.86
51.86
644.32
644.32
623.44
623.44
75.20
75.20
363.01
363.01
597.61
597.61
767.38
767.38
76.30
76.30
335.76
335.76
335.76
335.76
702.99
702.99
702.99
702.99
702.99
702.99
702.99
702.99
595.20
595.20
41.07
41.07
283.85
283.85
716.79
716.79
716.79
716.79
73.84
73.84
189.94
189.94
51.21
51.21
803.07
803.07
803.07
803.07
581.11
581.11
581.11
581.11
746.19
746.19
664.68
664.68
664.68
664.68
888.91
888.91
84.18
84.18
897.80
897.80
273.29
273.29
366.76
366.76
910.06
910.06
910.06
910.06
579.34
579.34
21.21
21.21
230.17
230.17
898.76
898.76
297.26
297.26
289.59
289.59
826.50
826.50
10.00
10.00
27.95
27.95
945.05
945.05
637.66
637.66
38.62
38.62
506.03
506.03
465.63
465.63
398.45
398.45
398.45
398.45
398.45
398.45
286.51
286.51
27.80
27.80
10.00
10.00
249.22
249.22
321.62
321.62
941.71
941.71
941.71
941.71
629.16
629.16
629.16
629.16
503.09
503.09
39.98
39.98
329.75
329.75
679.79
679.79
679.79
679.79
21.14
21.14
250.49
250.49
250.49
250.49
640.79
640.79
55.50
55.50
667.44
667.44
818.66
818.66
905.89
905.89
148.07
148.07
329.93
329.93
886.65
886.65
886.65
886.65
861.58
861.58
59.17
59.17
285.11
285.11
872.47
872.47
872.47
872.47
972.64
972.64
972.64
972.64
69.42
69.42
13.28
13.28
101.95
101.95
286.18
286.18
333.65
333.65
60.53
60.53
269.05
269.05
185.60
185.60
355.63
355.63
165.02
165.02
484.75
484.75
183.18
183.18
11.91
11.91
20.16
20.16
425.16
425.16
465.36
465.36
513.95
513.95
376.24
376.24
376.24
376.24
376.24
376.24
442.52
442.52
442.52
442.52
479.12
479.12
479.12
479.12
605.49
605.49
99.50
99.50
10.00
10.00
582.90
582.90
582.90
582.90
148.01
148.01
268.45
268.45
539.72
539.72
678.64
678.64
678.64
678.64
733.04
733.04
733.04
733.04
646.11
646.11
646.11
646.11
722.29
722.29
456.28
456.28
740.62
740.62
695.52
695.52
37.66
37.66
21.41
21.41
823.83
823.83
544.69
544.69
53.63
53.63
779.69
779.69
774.35
774.35
774.35
774.35
774.35
774.35
772.88
772.88
772.88
772.88
25.15
25.15
237.31
237.31
564.54
564.54
564.54
564.54
564.54
564.54
606.32
606.32
744.99
744.99
670.25
670.25
572.99
572.99
141.52
141.52
755.62
755.62
755.62
755.62
841.25
841.25
841.25
841.25
547.63
547.63
547.63
547.63
547.63
547.63
567.93
567.93
567.93
567.93
359.39
359.39
359.39
359.39
35.12
35.12
492.71
492.71
492.71
492.71
365.84
365.84
365.84
100.41
570.45
570.45
415.70
415.70
33.22
33.22
36.07
36.07
36.07
132.99
132.99
333.63
333.63
333.63
333.63
333.63
333.63
445.94
445.94
445.94
445.94
514.25
514.25
514.25
514.25
386.39
386.39
386.39
386.39
464.12
464.12
465.30
465.30
468.76
468.76
519.33
519.33
22.27
22.27
337.64
337.64
19.12
19.12
322.54
322.54
553.53
553.53
553.53
553.53
619.32
619.32
257.80
257.80
98.25
98.25
119.39
119.39
188.14
188.14
12.37
12.37
182.67
182.67
182.67
502.23
645.06
645.06
645.06
645.06
585.33
585.33
574.31
574.31
574.31
574.31
574.31
472.55
123.67
123.67
123.67
14.02
14.02
902.50
902.50
666.74
666.74
666.74
666.74
666.74
666.74
697.10
697.10
949.70
949.70
731.35
731.35
365.92
365.92
898.58
898.58
898.58
898.58
10.38
10.38
531.92
531.92
401.36
401.36
756.56
756.56
756.56
756.56
102.50
102.50
754.09
754.09
754.09
754.09
844.05
844.05
844.05
844.05
517.65
517.65
357.38
357.38
243.10
243.10
93.69
93.69
31.07
31.07
677.60
677.60
677.60
677.60
677.60
677.60
807.37
807.37
807.37
807.37
291.77
291.77
314.53
314.53
548.02
548.02
548.02
548.02
548.02
548.02
507.49
507.49
471.27
471.27
581.35
581.35
602.02
602.02
496.90
496.90
181.26
181.26
167.90
167.90
639.21
639.21
644.45
644.45
159.21
159.21
366.74
366.74
366.74
366.74
112.95
112.95
341.03
341.03
65.76
65.76
787.91
787.91
607.07
607.07
140.89
140.89
369.35
369.35
816.57
816.57
62.61
62.61
53.93
53.93
83.14
83.14
400.89
400.89
714.20
714.20
714.20
714.20
747.27
747.27
747.27
747.27
747.27
747.27
822.96
822.96
822.96
822.96
869.88
869.88
869.88
869.88
810.71
810.71
810.71
810.71
810.71
810.71
748.60
748.60
748.60
748.60
827.47
827.47
827.47
827.47
827.47
827.47
845.64
845.64
845.64
845.64
845.64
845.64
845.64
845.64
739.86
739.86
74.29
74.29
130.07
130.07
132.99
132.99
370.02
370.02
587.61
587.61
587.61
587.61
587.61
587.61
235.47
235.47
15.12
15.12
19.19
19.19
234.09
234.09
540.10
540.10
540.10
540.10
612.47
612.47
657.17
657.17
657.17
657.17
673.95
673.95
673.95
673.95
673.95
673.95
935.93
935.93
935.93
935.93
85.42
85.42
352.26
352.26
316.22
316.22
474.04
474.04
474.04
474.04
165.10
165.10
91.43
91.43
562.88
562.88
38.18
38.18
567.25
567.25
221.99
221.99
378.81
378.81
204.69
204.69
220.31
220.31
611.59
611.59
591.88
591.88
61.96
61.96
214.91
214.91
154.53
154.53
26.61
26.61
289.51
289.51
196.53
196.53
688.94
688.94
37.13
37.13
26.24
26.24
76.54
76.54
105.85
105.85
313.31
313.31
313.31
313.31
809.74
809.74
809.74
809.74
623.51
623.51
176.47
176.47
700.22
700.22
700.22
700.22
700.22
700.22
800.83
800.83
96.88
96.88
301.87
301.87
301.87
301.87
511.60
511.60
900.46
900.46
900.46
900.46
838.23
838.23
838.23
838.23
798.60
798.60
798.60
798.60
798.60
798.60
798.60
798.60
22.93
22.93
73.22
73.22
72.10
72.10
128.40
128.40
207.29
207.29
209.57
209.57
313.02
313.02
313.02
313.02
323.26
323.26
155.07
155.07
323.50
323.50
445.04
445.04
156.46
156.46
123.39
123.39
353.37
353.37
389.69
389.69
365.35
365.35
150.64
150.64
392.31
392.31
392.31
392.31
387.01
387.01
387.01
387.01
387.01
387.01
404.58
404.58
451.60
451.60
517.38
517.38
517.38
517.38
39.25
39.25
494.82
494.82
494.82
494.82
172.25
172.25
117.59
117.59
568.77
568.77
568.77
568.77
568.77
568.77
122.57
122.57
377.01
377.01
689.85
689.85
689.85
689.85
113.77
113.77
746.30
746.30
746.30
746.30
42.65
42.65
98.74
98.74
754.92
754.92
841.16
841.16
127.48
127.48
731.74
731.74
731.74
731.74
75.39
75.39
725.60
725.60
432.04
432.04
208.31
208.31
246.56
246.56
277.40
277.40
70.28
70.28
375.62
375.62
402.01
402.01
425.75
425.75
452.51
452.51
461.01
461.01
380.78
380.78
552.47
552.47
515.39
515.39
327.45
327.45
327.45
327.45
13.32
13.32
258.02
258.02
808.17
808.17
120.65
120.65
790.00
790.00
738.65
738.65
509.60
509.60
849.36
849.36
849.36
849.36
915.38
915.38
963.33
963.33
963.33
963.33
963.33
963.33
714.96
714.96
555.15
555.15
555.15
555.15
129.34
129.34
43.05
43.05
996.30
996.30
544.12
544.12
121.70
121.70
766.96
766.96
1132.84
1132.84
1132.84
1132.84
562.66
562.66
562.66
562.66
294.89
294.89
396.67
396.67
69.05
69.05
515.27
515.27
515.27
515.27
525.92
525.92
525.92
525.92
639.39
639.39
639.39
639.39
639.39
639.39
712.30
712.30
712.30
712.30
834.97
834.97
279.64
279.64
41.97
41.97
795.47
795.47
795.47
795.47
749.00
749.00
749.00
749.00
745.50
745.50
111.96
111.96
378.66
378.66
696.27
696.27
696.27
696.27
736.38
736.38
10.00
10.00
632.69
632.69
17.30
17.30
521.27
521.27
548.18
548.18
705.35
705.35
705.35
705.35
705.35
705.35
705.35
705.35
806.32
806.32
806.32
806.32
826.49
826.49
826.49
826.49
826.49
826.49
55.82
55.82
432.32
432.32
394.48
394.48
118.98
118.98
515.19
515.19
574.32
574.32
655.07
655.07
163.41
163.41
90.59
90.59
96.51
96.51
243.01
243.01
582.52
582.52
798.94
798.94
798.94
798.94
596.46
596.46
893.17
893.17
1013.48
1013.48
828.46
828.46
45.06
45.06
100.05
100.05
1037.36
1037.36
816.82
816.82
1023.59
1023.59
391.86
391.86
813.54
813.54
910.07
910.07
865.28
865.28
865.28
865.28
876.66
876.66
876.66
876.66
20.69
20.69
587.09
587.09
587.09
587.09
774.15
774.15
253.56
253.56
1071.89
1071.89
854.05
854.05
40.60
40.60
802.49
802.49
802.49
802.49
292.86
292.86
494.37
494.37
63.68
63.68
753.24
753.24
30.20
30.20
334.92
334.92
875.33
875.33
226.65
226.65
608.72
608.72
1099.13
1099.13
904.84
904.84
83.27
83.27
78.02
78.02
26.94
26.94
110.45
110.45
1398.03
1398.03
2345.62
2345.62
3149.96
3149.96
3340.06
3340.06
206.62
206.62
598.49
598.49
129.86
129.86
921.14
921.14
921.14
921.14
1075.70
1075.70
64.97
64.97
1048.86
1048.86
1085.46
1085.46
1085.46
1085.46
1105.32
1105.32
1105.32
1105.32
199.14
199.14
652.82
652.82
124.50
124.50
165.29
165.29
257.78
257.78
644.15
644.15
644.15
644.15
644.15
644.15
41.38
41.38
129.08
129.08
318.15
318.15
288.99
288.99
323.94
323.94
399.03
399.03
399.03
399.03
368.97
368.97
368.97
368.97
472.81
472.81
472.81
472.81
472.81
472.81
43.83
43.83
341.61
341.61
518.00
518.00
559.19
559.19
568.66
568.66
528.08
528.08
528.08
528.08
521.90
521.90
521.90
521.90
459.70
459.70
524.29
524.29
95.48
95.48
496.76
496.76
700.10
700.10
725.29
725.29
201.51
201.51
678.80
678.80
100.50
100.50
267.64
267.64
379.11
379.11
106.83
106.83
136.21
136.21
248.76
248.76
480.16
480.16
462.33
462.33
498.77
498.77
574.74
574.74
212.94
212.94
627.47
627.47
566.77
566.77
52.54
52.54
255.36
255.36
255.36
255.36
195.32
195.32
464.97
464.97
442.79
442.79
518.82
518.82
518.82
518.82
59.64
59.64
263.14
263.14
21.72
21.72
533.75
533.75
13.71
13.71
605.58
605.58
605.58
605.58
23.04
23.04
281.56
281.56
366.52
366.52
720.64
720.64
674.93
674.93
714.89
714.89
937.26
937.26
249.72
249.72
402.88
402.88
378.83
378.83
776.77
776.77
630.91
630.91
797.50
797.50
56.22
56.22
203.63
203.63
815.02
815.02
54.12
54.12
536.55
536.55
536.55
536.55
536.55
536.55
1041.59
1041.59
1051.88
1051.88
53.97
53.97
481.91
481.91
876.10
876.10
876.10
876.10
876.10
876.10
396.05
396.05
10.00
10.00
842.62
842.62
170.42
170.42
348.88
348.88
1062.39
1062.39
1062.39
1062.39
842.20
842.20
842.20
842.20
857.25
857.25
84.84
84.84
499.50
499.50
932.18
932.18
877.02
877.02
877.02
806.10
806.10
806.10
806.10
806.10
874.96
874.96
20.75
20.75
374.39
374.39
130.93
130.93
772.00
772.00
21.81
21.81
642.90
642.90
744.06
744.06
2007.85
2007.85
169.31
169.31
37.76
37.76
301.02
301.02
2277.43
2277.43
2277.43
2277.43
2277.43
2277.43
2277.43
2277.43
817.83
817.83
817.83
817.83
817.83
817.83
159.48
159.48
157.30
157.30
290.49
290.49
263.14
263.14
361.60
361.60
570.05
570.05
736.66
736.66
689.82
689.82
689.82
689.82
655.70
655.70
655.70
655.70
655.70
655.70
798.76
798.76
798.76
798.76
798.76
798.76
798.76
798.76
798.76
798.76
99.23
99.23
99.23
105.56
105.56
778.18
778.18
778.18
778.18
40.30
40.30
16.47
16.47
300.62
300.62
782.56
782.56
782.56
782.56
299.10
299.10
309.15
309.15
467.42
467.42
467.42
467.42
467.42
467.42
18.66
18.66
22.42
150.02
150.02
150.02
215.46
215.46
255.71
255.71
36.93
36.93
335.82
335.82
472.45
472.45
472.45
472.45
530.67
530.67
635.09
635.09
116.39
116.39
83.47
83.47
374.46
374.46
529.57
529.57
668.92
668.92
634.77
634.77
550.81
550.81
550.81
550.81
602.24
602.24
602.24
602.24
645.60
645.60
17.75
17.75
187.60
187.60
616.90
616.90
616.90
616.90
58.33
58.33
248.41
248.41
56.62
56.62
811.47
811.47
811.47
811.47
620.70
620.70
620.70
737.82
737.82
737.82
737.82
737.82
737.82
737.82
744.23
744.23
744.23
744.23
922.38
922.38
108.17
108.17
444.68
444.68
824.97
824.97
824.97
824.97
657.78
657.78
657.78
732.17
732.17
732.17
732.17
732.17
187.43
187.43
473.01
473.01
658.59
658.59
667.40
667.40
908.31
908.31
774.79
774.79
1453.09
1453.09
26.44
26.44
400.38
400.38
57.10
57.10
1591.47
1591.47
1591.47
1591.47
1591.47
1591.47
1591.47
1591.47
1591.47
1591.47
124.36
124.36
191.13
191.13
244.53
244.53
161.30
161.30
146.50
146.50
424.59
424.59
157.71
157.71
396.81
396.81
170.06
170.06
81.33
81.33
282.01
282.01
392.33
392.33
486.41
486.41
486.41
486.41
486.41
486.41
511.72
511.72
511.72
511.72
20.81
20.81
109.59
109.59
639.45
639.45
639.45
639.45
639.45
639.45
290.04
290.04
425.35
425.35
630.57
630.57
630.57
630.57
630.57
630.57
722.77
722.77
47.31
47.31
22.50
22.50
470.42
470.42
236.46
236.46
652.08
652.08
121.32
121.32
767.60
767.60
769.85
769.85
741.61
741.61
729.02
729.02
729.02
729.02
806.78
806.78
806.78
806.78
733.97
733.97
276.82
276.82
488.16
488.16
383.67
383.67
424.47
424.47
656.14
656.14
749.17
749.17
749.17
749.17
749.17
468.24
481.72
481.72
481.72
481.72
481.72
481.72
814.15
814.15
814.15
814.15
814.15
814.15
814.15
814.15
814.15
814.15
640.70
640.70
717.67
717.67
775.72
775.72
1084.61
1084.61
215.39
215.39
363.33
363.33
363.33
363.33
284.98
284.98
343.53
343.53
914.79
914.79
726.77
726.77
98.34
98.34
1380.05
1380.05
246.97
246.97
30.24
30.24
561.81
561.81
18.39
18.39
1240.75
1240.75
2155.06
2155.06
2155.06
2155.06
325.56
325.56
154.77
154.77
1867.35
1867.35
1269.45
1269.45
151.53
151.53
1128.91
1128.91
248.94
248.94
84.59
84.59
1554.44
1554.44
2429.65
2429.65
617.15
617.15
65.21
65.21
264.91
264.91
480.18
480.18
560.86
560.86
256.18
256.18
384.41
384.41
498.09
498.09
425.13
425.13
451.69
451.69
349.73
349.73
599.20
599.20
599.20
599.20
467.20
467.20
467.20
467.20
661.03
661.03
661.03
661.03
661.03
661.03
534.24
534.24
534.24
534.24
544.76
544.76
544.76
544.76
476.95
476.95
392.02
392.02
392.02
392.02
617.04
617.04
617.04
617.04
410.36
410.36
410.36
410.36
410.36
410.36
303.09
303.09
372.41
372.41
393.06
393.06
393.06
393.06
540.62
540.62
540.62
540.62
283.35
283.35
38.16
38.16
295.13
295.13
663.30
663.30
97.68
97.68
68.26
68.26
449.19
449.19
449.19
449.19
643.39
643.39
643.39
643.39
537.52
537.52
537.52
537.52
537.52
537.52
694.10
694.10
357.81
357.81
678.51
678.51
10.00
10.00
762.41
762.41
575.00
575.00
280.77
280.77
742.39
742.39
499.96
499.96
812.52
812.52
744.08
744.08
690.15
690.15
563.99
563.99
153.12
153.12
10.00
10.00
107.72
107.72
449.69
449.69
157.45
157.45
746.96
746.96
675.31
675.31
124.02
124.02
653.37
653.37
26.12
26.12
314.40
314.40
784.11
784.11
784.11
784.11
701.43
701.43
701.43
701.43
701.43
701.43
743.38
743.38
743.38
743.38
773.82
773.82
300.04
300.04
448.24
448.24
448.24
448.24
448.24
448.24
212.04
212.04
199.02
199.02
235.59
235.59
235.59
235.59
235.59
235.59
222.97
222.97
266.98
266.98
316.52
316.52
316.52
316.52
391.46
391.46
417.50
417.50
168.54
168.54
314.28
314.28
131.32
131.32
251.87
251.87
318.78
318.78
106.09
106.09
412.19
412.19
81.32
81.32
510.34
510.34
510.34
510.34
429.44
429.44
429.44
429.44
429.44
429.44
84.97
84.97
295.71
295.71
475.05
475.05
227.93
227.93
376.17
376.17
636.74
636.74
425.49
425.49
648.79
648.79
29.08
29.08
707.91
707.91
22.43
22.43
186.10
186.10
10.00
10.00
78.66
78.66
758.70
758.70
758.70
758.70
758.70
758.70
834.44
834.44
63.80
63.80
467.75
467.75
467.75
467.75
85.69
85.69
177.28
177.28
170.64
170.64
239.29
239.29
222.59
222.59
233.74
233.74
233.74
233.74
233.74
233.74
319.17
319.17
319.17
319.17
458.03
458.03
241.75
241.75
231.26
231.26
231.26
231.26
535.99
535.99
383.87
383.87
383.87
383.87
431.16
431.16
431.16
431.16
431.16
431.16
365.90
365.90
102.21
102.21
341.92
341.92
414.31
414.31
361.96
361.96
361.96
361.96
361.96
361.96
434.04
434.04
434.04
434.04
567.07
567.07
567.07
567.07
567.07
567.07
414.68
414.68
414.68
414.68
590.98
590.98
590.98
590.98
525.12
525.12
525.12
525.12
525.12
525.12
546.18
546.18
22.54
22.54
577.87
577.87
577.87
577.87
577.87
577.87
898.37
898.37
898.37
898.37
728.05
728.05
728.05
728.05
557.64
557.64
557.64
557.64
557.64
557.64
554.69
554.69
554.69
554.69
138.51
138.51
363.72
363.72
363.72
363.72
909.73
909.73
909.73
909.73
814.45
814.45
814.45
814.45
709.12
709.12
709.12
709.12
709.12
709.12
936.08
936.08
936.08
936.08
366.29
366.29
372.46
372.46
372.46
372.46
22.55
22.55
405.65
405.65
839.56
839.56
839.56
839.56
581.47
581.47
581.47
581.47
581.47
581.47
724.65
724.65
724.65
724.65
437.87
437.87
437.87
437.87
440.02
440.02
65.14
65.14
398.66
398.66
159.21
159.21
330.98
330.98
362.14
362.14
250.70
250.70
361.16
361.16
447.35
447.35
447.35
447.35
75.55
75.55
204.39
204.39
393.62
393.62
393.62
393.62
393.62
393.62
181.99
181.99
181.99
181.99
455.51
455.51
455.51
455.51
455.51
455.51
440.43
440.43
440.43
440.43
552.20
552.20
552.20
552.20
600.47
600.47
21.75
21.75
313.42
313.42
335.91
335.91
335.91
335.91
541.10
541.10
541.10
541.10
94.02
94.02
641.83
641.83
641.83
641.83
522.28
522.28
522.28
522.28
454.31
454.31
195.52
195.52
195.52
195.52
597.98
597.98
597.98
597.98
607.75
607.75
607.75
607.75
607.75
607.75
640.03
640.03
640.03
640.03
660.86
660.86
660.86
660.86
677.40
677.40
677.40
677.40
10.00
10.00
668.56
668.56
668.56
668.56
610.86
610.86
610.86
610.86
610.86
610.86
651.18
651.18
651.18
651.18
321.97
321.97
339.14
339.14
308.58
308.58
308.58
308.58
308.58
308.58
615.44
615.44
615.44
615.44
599.96
599.96
599.96
599.96
599.96
599.96
65.91
65.91
211.14
211.14
774.82
774.82
774.82
774.82
774.82
774.82
774.82
774.82
774.82
774.82
60.36
60.36
13.82
13.82
685.57
685.57
620.23
620.23
620.23
620.23
819.49
819.49
377.38
377.38
727.38
727.38
727.38
727.38
667.26
667.26
638.85
638.85
638.85
638.85
638.85
638.85
638.85
638.85
638.85
638.85
638.85
638.85
638.85
638.85
797.73
797.73
797.73
797.73
773.59
773.59
825.22
825.22
807.50
807.50
807.50
807.50
807.50
807.50
874.44
874.44
874.44
874.44
797.54
797.54
797.54
797.54
114.22
114.22
779.76
779.76
779.76
779.76
771.42
771.42
771.42
771.42
686.60
686.60
686.60
686.60
686.60
686.60
42.55
42.55
232.77
232.77
473.39
473.39
473.39
473.39
473.39
473.39
473.39
473.39
473.39
473.39
462.77
462.77
462.77
462.77
383.57
383.57
383.57
383.57
54.63
54.63
406.08
406.08
406.08
406.08
415.90
415.90
415.90
415.90
48.58
48.58
48.58
487.78
487.78
487.78
487.78
604.05
604.05
604.05
604.05
604.05
604.05
604.05
604.05
14.98
14.98
564.29
564.29
564.29
564.29
625.44
625.44
118.07
118.07
663.46
663.46
247.16
247.16
379.29
379.29
674.09
674.09
39.94
39.94
49.16
49.16
341.90
341.90
341.90
341.90
481.11
481.11
481.11
481.11
282.62
282.62
302.96
302.96
305.08
305.08
732.81
732.81
732.81
732.81
528.66
528.66
528.66
528.66
747.63
747.63
747.63
747.63
747.63
747.63
650.51
650.51
650.51
650.51
696.35
696.35
696.35
696.35
696.35
696.35
985.33
985.33
985.33
985.33
324.26
324.26
324.26
324.26
146.73
146.73
164.58
164.58
164.58
164.58
751.87
751.87
751.87
751.87
751.87
751.87
279.90
279.90
281.03
281.03
625.61
625.61
625.61
625.61
880.25
880.25
161.54
347.83
347.83
347.83
347.83
347.83
219.75
219.75
84.81
84.81
123.63
123.63
167.44
167.44
239.58
239.58
41.68
41.68
790.35
790.35
75.33
75.33
844.56
844.56
19.90
19.90
513.72
513.72
207.43
207.43
318.61
318.61
87.56
87.56
725.60
725.60
405.81
405.81
427.73
427.73
207.49
207.49
599.72
599.72
17.83
17.83
593.02
593.02
593.02
593.02
695.45
695.45
695.45
695.45
204.91
204.91
759.15
759.15
759.15
759.15
767.89
767.89
767.89
767.89
291.46
291.46
488.35
488.35
750.73
750.73
830.33
830.33
830.33
830.33
751.81
751.81
679.78
679.78
187.54
187.54
1059.40
1059.40
789.07
789.07
1603.54
1603.54
313.65
313.65
850.76
850.76
348.38
348.38
2077.04
2077.04
787.09
787.09
1656.41
1656.41
842.64
842.64
282.93
282.93
1896.21
1896.21
19.65
19.65
394.38
394.38
468.58
468.58
626.44
626.44
659.78
659.78
907.81
907.81
907.81
907.81
82.98
82.98
132.99
132.99
162.54
162.54
179.43
179.43
236.51
236.51
317.45
317.45
317.45
317.45
276.38
276.38
276.38
276.38
380.34
380.34
89.42
89.42
284.40
284.40
382.51
382.51
442.20
442.20
365.62
365.62
365.62
365.62
465.77
465.77
373.60
373.60
444.85
444.85
733.82
733.82
733.82
733.82
777.83
777.83
145.88
145.88
429.16
429.16
639.38
639.38
639.38
639.38
720.59
720.59
720.59
720.59
720.59
720.59
650.49
650.49
650.49
650.49
173.45
173.45
274.46
274.46
721.85
721.85
721.85
721.85
721.85
721.85
742.39
742.39
742.39
742.39
695.38
695.38
695.38
695.38
695.38
695.38
783.41
783.41
783.41
783.41
869.14
869.14
869.14
869.14
839.56
839.56
839.56
839.56
839.56
839.56
814.78
814.78
814.78
814.78
836.75
836.75
836.75
836.75
836.75
836.75
883.09
883.09
883.09
883.09
883.09
883.09
58.33
58.33
912.09
912.09
912.09
912.09
912.09
912.09
790.24
790.24
790.24
790.24
759.16
759.16
759.16
759.16
759.16
759.16
63.93
63.93
257.42
257.42
778.25
778.25
778.25
778.25
666.86
666.86
666.86
666.86
666.86
666.86
812.67
812.67
812.67
812.67
812.67
812.67
812.67
812.67
23.03
23.03
918.33
918.33
918.33
918.33
105.88
105.88
276.93
276.93
771.83
771.83
69.00
69.00
297.41
297.41
114.45
114.45
395.50
395.50
767.31
767.31
30.62
30.62
182.22
182.22
836.62
836.62
836.62
836.62
836.62
836.62
836.62
836.62
513.11
513.11
19.89
19.89
332.76
332.76
25.50
25.50
325.58
325.58
731.38
731.38
731.38
731.38
731.38
731.38
91.45
91.45
276.55
276.55
618.86
618.86
618.86
618.86
408.36
408.36
408.36
408.36
408.36
408.36
578.99
578.99
578.99
578.99
604.10
604.10
604.10
604.10
604.10
604.10
686.40
686.40
686.40
686.40
628.41
628.41
120.70
120.70
556.80
556.80
106.54
106.54
293.60
293.60
588.45
588.45
588.45
588.45
155.39
155.39
321.20
321.20
29.04
29.04
345.35
345.35
345.35
345.35
646.65
646.65
646.65
646.65
514.23
514.23
514.23
514.23
114.70
114.70
629.36
629.36
629.36
629.36
726.99
726.99
726.99
726.99
726.99
726.99
602.00
602.00
602.00
602.00
694.57
694.57
694.57
694.57
439.08
439.08
56.84
56.84
233.08
233.08
723.49
723.49
723.49
723.49
225.13
225.13
100.37
100.37
720.07
720.07
720.07
720.07
720.07
720.07
754.35
754.35
106.13
106.13
111.10
111.10
334.35
334.35
334.35
334.35
614.43
614.43
614.43
614.43
81.32
81.32
375.96
375.96
666.52
666.52
666.52
666.52
666.52
666.52
91.29
91.29
196.66
196.66
715.92
715.92
715.92
715.92
715.92
715.92
43.07
43.07
217.10
217.10
238.75
238.75
285.43
285.43
639.60
639.60
639.60
639.60
639.60
639.60
720.58
720.58
227.55
227.55
23.58
23.58
398.87
398.87
398.87
398.87
126.38
126.38
376.35
376.35
10.00
10.00
300.82
300.82
35.26
35.26
31.69
31.69
360.05
360.05
713.80
713.80
713.80
713.80
775.35
775.35
775.35
775.35
77.53
77.53
463.59
463.59
10.00
10.00
134.99
134.99
295.16
295.16
674.64
674.64
674.64
674.64
674.64
674.64
758.29
758.29
758.29
758.29
814.42
814.42
814.42
814.42
814.42
814.42
193.14
193.14
767.01
767.01
892.96
892.96
227.58
227.58
810.29
810.29
626.54
626.54
626.54
626.54
169.87
169.87
406.45
406.45
632.92
632.92
191.51
191.51
697.50
697.50
319.52
319.52
289.78
289.78
403.13
403.13
739.21
739.21
720.86
720.86
775.97
775.97
1030.15
1030.15
52.03
52.03
434.88
434.88
860.16
860.16
860.16
860.16
1083.10
1083.10
1054.38
1054.38
1054.38
1054.38
881.39
881.39
881.39
881.39
940.45
940.45
53.36
53.36
373.93
373.93
558.78
558.78
10.00
10.00
619.08
619.08
29.02
29.02
242.37
242.37
19.37
19.37
405.00
405.00
698.69
698.69
698.69
698.69
443.04
443.04
443.04
443.04
740.51
740.51
738.03
738.03
28.14
28.14
536.53
536.53
536.53
536.53
701.49
701.49
872.99
872.99
872.92
872.92
92.00
92.00
344.30
344.30
894.60
894.60
820.90
820.90
10.00
10.00
902.21
902.21
902.21
902.21
808.70
808.70
948.12
948.12
138.82
138.82
164.18
164.18
15.18
15.18
381.06
381.06
155.55
155.55
848.71
848.71
191.42
191.42
191.42
191.42
18.02
18.02
835.40
835.40
82.98
82.98
922.99
922.99
239.02
239.02
106.77
106.77
296.34
296.34
616.53
616.53
694.46
694.46
575.36
575.36
699.35
699.35
699.35
1436.41
1722.75
1722.75
1722.75
1722.75
1722.75
1722.75
74.08
74.08
274.00
274.00
771.53
771.53
771.53
771.53
49.01
49.01
134.35
134.35
644.13
644.13
28.49
28.49
126.72
126.72
201.15
201.15
299.54
299.54
454.20
454.20
10.00
10.00
548.15
548.15
438.32
438.32
438.32
438.32
232.92
232.92
90.93
90.93
49.62
49.62
262.26
262.26
311.94
311.94
510.05
510.05
510.05
510.05
656.19
656.19
656.19
656.19
36.60
36.60
864.26
864.26
864.26
864.26
233.75
233.75
233.75
233.75
786.15
786.15
494.69
494.69
494.69
494.69
834.40
834.40
834.40
834.40
129.59
129.59
376.08
376.08
376.08
376.08
825.49
825.49
825.49
825.49
845.56
845.56
845.56
845.56
790.45
790.45
790.45
790.45
790.45
790.45
428.61
428.61
131.77
131.77
825.21
825.21
83.44
83.44
202.12
202.12
199.88
199.88
246.77
246.77
48.70
48.70
180.36
180.36
525.34
525.34
525.34
525.34
525.34
525.34
634.19
634.19
634.19
634.19
288.83
288.83
288.83
288.83
85.92
85.92
14.15
14.15
149.43
149.43
395.80
395.80
395.80
395.80
484.95
484.95
145.56
145.56
44.11
44.11
462.15
462.15
462.15
462.15
362.58
362.58
362.58
362.58
362.58
362.58
394.56
394.56
136.97
136.97
55.89
55.89
209.40
209.40
396.50
396.50
396.50
396.50
396.50
396.50
452.01
452.01
452.01
452.01
607.88
607.88
607.88
607.88
607.88
607.88
688.42
688.42
688.42
688.42
846.19
846.19
846.19
846.19
415.75
415.75
98.60
98.60
10.00
10.00
771.56
771.56
771.56
771.56
40.90
40.90
233.07
233.07
233.07
233.07
56.17
56.17
274.47
274.47
739.01
739.01
739.01
111.91
111.91
10.00
10.00
43.12
43.12
161.25
161.25
496.57
496.57
496.57
496.57
559.32
559.32
559.32
559.32
360.75
360.75
360.75
360.75
38.71
38.71
374.05
374.05
105.12
105.12
426.56
426.56
188.47
188.47
188.47
188.47
21.57
21.57
163.02
163.02
533.43
533.43
533.43
533.43
327.51
327.51
16.56
16.56
175.35
175.35
510.12
510.12
510.12
510.12
297.55
297.55
297.55
297.55
297.55
297.55
405.92
405.92
405.92
405.92
271.23
271.23
271.23
271.23
298.12
298.12
298.12
298.12
298.12
298.12
230.60
230.60
243.24
243.24
215.67
215.67
220.51
220.51
195.80
195.80
488.30
488.30
488.30
488.30
513.56
513.56
513.56
513.56
455.45
455.45
10.00
10.00
195.83
195.83
130.06
130.06
112.20
112.20
404.76
404.76
404.76
404.76
404.76
404.76
495.64
495.64
495.64
495.64
468.87
468.87
468.87
468.87
471.87
471.87
213.75
213.75
213.75
213.75
548.24
548.24
548.24
192.50
192.50
192.50
198.87
198.87
237.16
237.16
591.32
591.32
591.32
591.32
642.13
642.13
642.13
642.13
612.48
612.48
612.48
612.48
12.39
12.39
687.37
687.37
39.38
39.38
744.04
744.04
744.04
744.04
744.04
744.04
319.41
319.41
319.41
319.41
215.05
215.05
215.93
215.93
489.13
489.13
19.72
19.72
135.05
135.05
605.66
605.66
605.66
605.66
715.65
715.65
715.65
715.65
10.00
10.00
619.88
619.88
619.88
619.88
618.91
618.91
618.91
618.91
609.18
609.18
112.92
112.92
231.53
231.53
312.59
312.59
312.59
312.59
722.78
722.78
722.78
722.78
83.24
83.24
632.71
632.71
632.71
632.71
39.42
39.42
22.53
22.53
29.52
29.52
232.56
232.56
10.00
10.00
504.20
504.20
504.20
504.20
774.21
774.21
774.21
774.21
22.58
22.58
817.23
817.23
20.96
20.96
799.59
799.59
799.59
799.59
750.94
750.94
750.94
750.94
57.57
57.57
381.89
381.89
381.89
381.89
701.27
701.27
701.27
701.27
701.27
701.27
194.97
194.97
275.50
275.50
752.46
752.46
752.46
752.46
805.10
805.10
805.10
805.10
805.10
805.10
567.03
567.03
567.03
567.03
199.26
199.26
301.51
301.51
77.58
77.58
268.31
268.31
87.96
87.96
432.72
432.72
150.26
150.26
567.64
567.64
567.64
567.64
567.64
567.64
571.84
571.84
571.84
571.84
572.22
572.22
572.22
572.22
667.85
667.85
667.85
667.85
667.85
667.85
452.10
452.10
452.10
452.10
562.17
562.17
562.17
562.17
562.17
562.17
661.16
661.16
41.57
41.57
577.00
577.00
577.00
577.00
649.15
649.15
649.15
649.15
649.15
649.15
763.94
763.94
763.94
763.94
812.58
812.58
812.58
812.58
22.71
22.71
523.99
523.99
858.37
858.37
808.37
808.37
808.37
808.37
170.17
170.17
105.76
105.76
1004.31
1004.31
511.98
511.98
511.98
511.98
860.80
860.80
860.80
860.80
860.80
860.80
843.14
843.14
843.14
843.14
284.48
284.48
139.37
139.37
636.78
636.78
636.78
636.78
71.57
71.57
658.85
658.85
658.85
658.85
103.99
103.99
245.83
245.83
245.83
245.83
673.19
673.19
673.19
673.19
295.55
295.55
295.55
295.55
314.17
314.17
19.52
19.52
205.64
205.64
42.62
42.62
97.71
97.71
467.08
467.08
467.08
467.08
467.08
467.08
86.29
86.29
142.69
142.69
106.01
106.01
168.09
168.09
112.58
112.58
75.75
75.75
145.97
145.97
165.04
165.04
236.72
236.72
262.95
262.95
262.95
262.95
262.95
262.95
31.16
31.16
205.68
205.68
333.03
333.03
333.03
333.03
441.39
441.39
280.25
280.25
62.66
62.66
513.84
513.84
222.70
222.70
675.23
675.23
90.34
90.34
563.89
563.89
563.89
563.89
154.80
154.80
187.48
187.48
223.29
223.29
539.10
539.10
56.78
56.78
241.43
241.43
533.36
533.36
237.06
237.06
543.30
543.30
26.15
26.15
71.62
71.62
583.81
583.81
591.25
591.25
712.50
712.50
81.41
81.41
210.02
210.02
210.02
210.02
228.53
228.53
480.11
480.11
480.11
480.11
109.81
109.81
187.57
187.57
208.36
208.36
771.74
771.74
771.74
771.74
22.95
22.95
633.11
633.11
677.86
677.86
677.86
677.86
636.93
636.93
789.30
789.30
789.30
789.30
116.88
116.88
27.70
27.70
83.64
83.64
784.81
784.81
784.81
784.81
627.77
627.77
577.32
577.32
614.88
614.88
614.88
614.88
528.93
528.93
434.84
434.84
102.10
102.10
407.69
407.69
559.54
559.54
22.78
22.78
439.76
439.76
439.76
439.76
675.69
675.69
656.71
656.71
739.05
739.05
783.87
783.87
67.75
67.75
742.17
742.17
53.24
53.24
620.22
620.22
354.72
354.72
587.97
587.97
705.23
705.23
792.31
792.31
696.23
696.23
696.23
696.23
449.03
449.03
42.40
42.40
301.89
301.89
551.64
551.64
551.64
551.64
643.72
643.72
630.18
630.18
61.18
61.18
507.20
507.20
507.20
507.20
245.12
245.12
496.41
496.41
23.71
23.71
24.49
24.49
60.48
60.48
693.76
693.76
693.76
693.76
188.82
188.82
713.89
713.89
584.82
584.82
758.47
758.47
28.34
28.34
581.93
581.93
581.93
581.93
470.67
470.67
470.67
470.67
470.67
470.67
787.67
787.67
787.67
787.67
52.56
52.56
316.52
316.52
73.18
73.18
682.37
682.37
232.77
232.77
82.01
82.01
361.12
361.12
480.83
480.83
480.83
480.83
480.83
480.83
57.67
57.67
267.85
267.85
185.39
185.39
233.84
233.84
231.60
231.60
93.48
93.48
193.81
193.81
226.82
226.82
317.22
317.22
436.46
436.46
337.45
337.45
429.71
429.71
318.05
318.05
566.38
566.38
565.19
565.19
22.35
22.35
553.34
553.34
630.97
630.97
42.77
42.77
653.52
653.52
103.18
103.18
778.90
778.90
778.90
778.90
73.03
73.03
646.88
646.88
15.54
15.54
779.61
779.61
779.61
779.61
271.69
271.69
889.47
889.47
889.47
889.47
723.47
723.47
152.76
152.76
757.13
757.13
74.71
74.71
86.02
86.02
10.00
10.00
289.85
289.85
48.90
48.90
206.64
206.64
337.58
337.58
36.94
36.94
197.78
197.78
385.03
385.03
10.00
10.00
67.59
67.59
189.29
189.29
466.22
466.22
563.39
563.39
563.39
563.39
684.22
684.22
684.22
684.22
358.14
358.14
67.32
67.32
10.00
10.00
588.17
588.17
588.17
588.17
12.21
12.21
257.56
257.56
308.47
308.47
406.80
406.80
86.91
86.91
479.77
479.77
113.42
113.42
597.06
597.06
597.06
597.06
597.06
597.06
21.04
21.04
279.66
279.66
85.36
85.36
303.91
303.91
85.59
85.59
545.29
545.29
545.29
