# 1Hz Kbps trace generated by import_real_world_traces.py
4143.67
280.16
5313.57
3859.47
3859.47
7458.29
7458.29
5224.94
5224.94
6624.74
6624.74
8054.22
8054.22
1743.72
1743.72
8633.49
8633.49
8296.99
8296.99
6844.75
6844.75
5796.28
5796.28
8315.11
8315.11
8738.50
8738.50
7015.42
7015.42
7423.26
7423.26
6968.39
6968.39
7233.23
7233.23
10730.35
10730.35
8888.63
8888.63
8869.54
8869.54
7836.66
7836.66
8741.97
8741.97
5934.80
5934.80
8936.60
8936.60
7620.90
7620.90
8161.71
8161.71
7691.60
7691.60
7917.84
7917.84
8628.40
8628.40
6259.30
6259.30
7495.97
7495.97
6532.49
6532.49
6353.43
6353.43
7063.50
7063.50
7923.07
7923.07
8078.36
8078.36
9092.44
9092.44
9033.72
9033.72
777.39
777.39
9202.97
9202.97
5656.62
5656.62
8678.73
8678.73
6221.76
6221.76
8008.58
8008.58
9414.74
9414.74
6769.05
6769.05
7099.49
7099.49
7106.99
7106.99
7007.44
7007.44
9106.29
9106.29
6972.21
6972.21
8227.18
8227.18
57.21
57.21
2314.72
2314.72
8887.29
8887.29
7451.14
7451.14
7798.94
7798.94
8358.30
8358.30
4065.11
4065.11
8175.99
8175.99
6656.18
6656.18
7482.93
7482.93
5444.30
5444.30
8725.52
8725.52
1074.63
1074.63
10171.07
10171.07
7079.98
7079.98
7084.82
7084.82
8302.90
8302.90
6584.65
6584.65
6275.49
6275.49
8586.61
8586.61
8028.93
8028.93
7402.67
7402.67
6419.46
6419.46
7835.90
7835.90
8961.59
8961.59
8818.53
8818.53
9137.34
9137.34
7941.66
7941.66
9259.57
9259.57
8667.90
8667.90
9396.32
9396.32
6333.88
6333.88
8638.87
8638.87
7010.27
7010.27
5662.56
5662.56
8225.86
8225.86
7952.37
7952.37
5691.54
5691.54
7739.13
7739.13
8487.22
8487.22
8685.97
8685.97
6770.60
6770.60
7907.61
7907.61
8338.78
8338.78
7637.76
7637.76
1667.18
1667.18
7860.76
7860.76
9619.13
9619.13
9674.87
9674.87
7090.08
7090.08
7090.08
7090.08
7090.08
7090.08
6251.15
6251.15
7607.82
7607.82
6781.95
6781.95
8264.44
8264.44
8948.22
8948.22
8669.80
8669.80
8033.66
8033.66
6002.65
6002.65
5784.35
5784.35
8343.51
8343.51
9371.72
9371.72
9908.23
9908.23
156.53
156.53
8507.70
8507.70
801.85
801.85
9342.74
9342.74
9179.92
9179.92
1993.59
1993.59
7220.98
7220.98
3547.35
3547.35
8743.49
8743.49
8519.03
8519.03
35.76
35.76
7289.99
7289.99
3837.42
3837.42
4309.71
4309.71
7265.30
7265.30
1307.66
1307.66
9378.47
9378.47
7361.86
7361.86
7501.90
7501.90
5722.98
5722.98
8463.41
8463.41
5296.58
5296.58
6106.92
6106.92
8184.69
8184.69
2148.51
2148.51
8632.21
8632.21
9399.41
9399.41
7097.74
7097.74
6771.78
6771.78
9416.06
9416.06
8273.13
8273.13
8734.31
8734.31
8945.80
8945.80
8834.90
8834.90
9747.99
9747.99
11061.08
11061.08
6401.64
6401.64
6579.36
6579.36
6205.69
6205.69
5260.59
5260.59
9345.84
9345.84
1839.72
1839.72
5270.13
5270.13
8833.48
8833.48
7786.22
7786.22
10002.44
10002.44
8563.14
8563.14
6537.48
6537.48
8442.15
8442.15
6317.79
6317.79
5508.55
5508.55
7680.39
7680.39
8827.87
8827.87
4925.01
4925.01
182.12
182.12
8997.55
8997.55
7911.17
7911.17
8551.83
8551.83
7867.44
7867.44
7744.29
7744.29
2019.62
2019.62
8747.02
8747.02
749.91
749.91
8287.83
8287.83
8126.26
8126.26
6026.93
6026.93
6448.84
6448.84
2002.32
2002.32
7257.83
7257.83
8407.67
8407.67
636.52
636.52
8196.53
8196.53
89.42
89.42
7932.51
7932.51
9354.70
9354.70
3741.73
3741.73
5273.11
5273.11
6409.09
6409.09
8497.48
8497.48
2010.97
2010.97
1795.48
1795.48
5770.96
5770.96
11214.86
11214.86
9536.80
9536.80
9559.96
9559.96
749.90
749.90
649.29
649.29
9642.87
9642.87
10037.95
10037.95
9995.24
9995.24
6773.16
6773.16
7839.13
7839.13
10174.48
10174.48
11217.43
11217.43
6457.00
6457.00
7527.47
7527.47
7108.61
7108.61
5474.22
5474.22
4116.98
4116.98
6389.77
6389.77
3097.83
3097.83
6724.20
6724.20
5071.86
5071.86
1688.43
1688.43
7869.16
7869.16
6411.21
6411.21
7518.58
7518.58
9587.86
9587.86
8693.89
8693.89
8926.49
8926.49
7962.75
7962.75
6177.74
6177.74
6961.74
6961.74
6383.38
6383.38
337.32
337.32
10783.53
10783.53
12060.09
12060.09
11090.98
11090.98
11463.27
11463.27
7199.62
7199.62
13205.49
13205.49
13347.83
13347.83
13347.83
13347.83
9437.11
9437.11
9437.11
9437.11
11302.28
11302.28
11302.28
11302.28
11302.28
11302.28
11302.28
11302.28
8482.44
8482.44
8482.44
8482.44
8830.85
8830.85
11314.67
11314.67
9327.50
9327.50
10258.69
10258.69
10653.51
10653.51
9991.57
9991.57
9991.57
9991.57
9991.57
9991.57
8446.40
8446.40
8446.40
8446.40
9479.50
9479.50
9479.50
6588.16
6588.16
7812.54
7812.54
4446.62
4446.62
7661.08
11512.95
11512.95
11512.95
11512.95
11512.95
11512.95
11512.95
7489.66
7489.66
7497.47
7497.47
7497.47
7497.47
6804.75
6804.75
8777.18
8777.18
6748.92
6748.92
6748.92
6748.92
1777.85
1777.85
7374.36
9032.68
9032.68
9032.68
7362.73
7362.73
7383.09
7383.09
5734.42
5734.42
7248.21
7248.21
7069.01
7069.01
6275.32
6275.32
6471.44
6471.44
6471.44
6471.44
8789.74
8789.74
1917.18
1917.18
8204.35
8204.35
8320.49
8320.49
6009.71
6009.71
7089.07
7089.07
6871.72
6871.72
6476.28
6476.28
7060.15
7060.15
7435.82
7435.82
7781.83
7781.83
6712.28
6712.28
6712.28
6712.28
5304.82
5304.82
6385.05
6385.05
116.47
116.47
6901.24
6901.24
5538.81
5538.81
9403.64
9403.64
7499.49
7499.49
6720.04
6720.04
123.84
123.84
6684.59
6684.59
7671.55
7671.55
1802.47
1802.47
114.15
114.15
7588.72
7588.72
6178.95
6178.95
7431.75
7431.75
6390.71
6390.71
8224.19
8224.19
7853.97
7853.97
10893.74
10893.74
9000.19
9000.19
10038.02
10038.02
7445.12
7445.12
10416.82
10416.82
8554.37
8554.37
9041.75
9041.75
7491.72
7491.72
6655.38
6655.38
7933.20
7933.20
192.98
192.98
8280.27
8280.27
6063.37
6063.37
9184.67
9184.67
5083.16
5083.16
8969.57
8969.57
8089.41
8089.41
9118.93
9118.93
8368.82
8368.82
9238.26
9238.26
9754.43
9754.43
9754.43
9754.43
11158.04
11158.04
10069.39
10069.39
4666.58
4666.58
4111.47
4111.47
6203.03
6203.03
8493.55
8493.55
9980.12
9980.12
7208.29
7208.29
5704.90
5704.90
144.93
144.93
6322.61
6322.61
340.30
340.30
14.07
14.07
8239.57
8239.57
4943.02
4943.02
6233.61
6233.61
8184.26
8184.26
9046.78
9046.78
10017.68
10017.68
9043.68
9043.68
7504.17
7504.17
6521.79
6521.79
6959.69
6959.69
8523.24
8523.24
7297.52
7297.52
4300.39
4300.39
3373.65
3373.65
7474.06
7474.06
10183.84
10183.84
7376.75
7376.75
6712.78
6712.78
8582.04
8582.04
9077.23
9077.23
7769.21
7769.21
6985.92
6985.92
7655.72
7655.72
10424.25
10424.25
9923.66
9923.66
8198.72
8198.72
9175.13
9175.13
7745.09
7745.09
8446.97
8446.97
7098.46
7098.46
7998.85
7998.85
7400.24
7400.24
6231.66
6231.66
9956.07
9956.07
6835.50
6835.50
2965.21
2965.21
8694.62
8694.62
71.12
71.12
6109.83
6109.83
6369.37
6369.37
34.28
34.28
5601.51
5601.51
51.30
51.30
2779.41
2779.41
1625.02
1625.02
6641.58
6641.58
9130.97
9130.97
9547.60
9547.60
10789.06
10789.06
5848.32
5848.32
7726.59
7726.59
24.47
24.47
8012.99
8012.99
30.56
30.56
2402.81
2402.81
7544.07
7544.07
6242.08
6242.08
6512.52
6512.52
7346.78
7346.78
6451.31
6451.31
5850.26
5850.26
7913.15
7913.15
6793.25
6793.25
9141.32
9141.32
7016.67
7016.67
6238.43
6238.43
10528.32
10528.32
9977.60
9977.60
8534.97
8534.97
9372.86
9372.86
243.02
243.02
3813.29
3813.29
6492.52
6492.52
1818.62
1818.62
6586.74
6586.74
8958.24
8958.24
7339.27
7339.27
6383.29
6383.29
5775.15
5775.15
5265.89
5265.89
11026.08
11026.08
2530.13
2530.13
8660.87
8660.87
7742.29
7742.29
8050.41
8050.41
8149.88
8149.88
8394.32
8394.32
110.81
110.81
9099.84
9099.84
8954.43
8954.43
3040.32
3040.32
510.11
510.11
8108.11
8108.11
5804.59
5804.59
10060.40
10060.40
6429.67
6429.67
9852.13
9852.13
8230.70
8230.70
10539.87
10539.87
9694.09
9694.09
10216.47
10216.47
6128.16
6128.16
7162.74
7162.74
4349.78
4349.78
1220.68
1220.68
10596.73
10596.73
8056.38
8056.38
41.38
41.38
10208.49
10208.49
924.68
924.68
8245.11
8245.11
4914.01
4914.01
8865.62
8865.62
3249.63
3249.63
17.86
17.86
385.43
385.43
1605.81
1605.81
29.58
29.58
6165.19
6165.19
5774.43
5774.43
11674.44
11674.44
2005.65
2005.65
6483.44
6483.44
2038.65
2038.65
6469.94
6469.94
5524.85
5524.85
9338.24
9338.24
7987.09
7987.09
8961.75
8961.75
9383.98
9383.98
8921.19
8921.19
8921.19
8921.19
8722.47
8722.47
10462.77
10462.77
7948.22
7948.22
8954.60
8954.60
9609.21
9609.21
9609.21
9609.21
9609.21
9609.21
9609.21
9609.21
9609.21
9609.21
9609.21
9609.21
9609.21
9609.21
1410.63
1410.63
4313.15
4313.15
5466.61
5466.61
5466.61
5466.61
6121.48
6121.48
6337.99
6337.99
5149.49
5149.49
3920.99
3920.99
6562.64
6562.64
7712.66
7712.66
5673.34
5673.34
4615.16
4615.16
7737.16
7737.16
7737.16
7737.16
7737.16
7737.16
9638.33
9638.33
6508.11
6508.11
6508.11
6508.11
6508.11
6508.11
6508.11
6508.11
9191.89
9191.89
9191.89
9191.89
8280.16
8280.16
9072.93
9072.93
10138.11
10138.11
8385.80
8385.80
9594.18
9594.18
8927.99
8927.99
3714.19
3714.19
8542.91
8542.91
8932.96
8932.96
8867.12
8867.12
9029.54
9029.54
8767.76
8767.76
8427.26
8427.26
8711.52
8711.52
7361.72
7361.72
10547.07
10547.07
9559.50
9559.50
8774.89
8774.89
11733.19
11733.19
9451.16
9451.16
9451.16
9451.16
9055.53
9055.53
8294.68
8294.68
8508.76
8508.76
7221.90
7221.90
7221.90
7221.90
9019.61
9019.61
9481.45
9481.45
11372.65
11372.65
7913.28
7913.28
8154.95
8154.95
8941.37
8941.37
1444.89
1444.89
6238.12
6238.12
8328.34
8328.34
8583.39
8583.39
8958.64
8958.64
7807.24
7807.24
8231.86
8231.86
9540.08
9540.08
6156.71
6156.71
8352.95
8352.95
8345.70
8345.70
6567.92
6567.92
1294.00
1294.00
9095.55
9095.55
5838.09
5838.09
6721.02
6721.02
10114.10
10114.10
10114.10
10114.10
1892.09
1892.09
1148.29
1148.29
7320.32
7320.32
4936.71
4936.71
5616.62
5616.62
5616.62
5616.62
5616.62
5616.62
5616.62
5616.62
9366.91
9366.91
11687.34
11687.34
9214.22
9214.22
8114.79
8114.79
7236.28
7236.28
5951.44
5951.44
8531.11
8531.11
7746.01
7746.01
8875.00
8875.00
9786.59
9786.59
10126.16
10126.16
934.66
934.66
7915.46
7915.46
9025.13
9025.13
7677.06
7677.06
7666.53
7666.53
7989.73
7989.73
6122.78
6122.78
1793.85
1793.85
8367.76
8367.76
8725.00
8725.00
9382.57
9382.57
6240.12
6240.12
7391.50
7391.50
9278.30
9278.30
6568.89
6568.89
6273.25
6273.25
9844.79
9844.79
5604.41
5604.41
9411.23
9411.23
8730.44
8730.44
7429.41
7429.41
6669.02
6669.02
6311.38
6311.38
5513.20
5513.20
9264.65
9264.65
9412.27
9412.27
9358.02
9358.02
8707.22
8707.22
5255.80
5255.80
5231.56
5231.56
7438.03
7438.03
8647.04
8647.04
8330.59
8330.59
9603.59
9603.59
10962.87
10962.87
6670.77
6670.77
4356.42
4356.42
9959.41
9959.41
9959.41
9959.41
8594.63
8594.63
8594.63
8594.63
7246.24
7246.24
7246.24
7246.24
9461.86
9461.86
9841.03
9841.03
7632.52
7632.52
6581.52
6581.52
10072.48
10072.48
10796.37
10796.37
10796.37
10796.37
6820.92
6820.92
6993.03
6993.03
1551.15
1551.15
8236.38
8236.38
429.38
429.38
8865.80
8865.80
9139.47
9139.47
7265.35
7265.35
8024.62
8024.62
8024.62
8024.62
8240.79
8240.79
8039.41
8039.41
3783.51
3783.51
219.04
219.04
8079.25
8079.25
1720.16
1720.16
8507.46
8507.46
6609.88
6609.88
9384.27
9384.27
6760.33
6760.33
7777.86
7777.86
10252.10
10252.10
7762.04
7762.04
83.57
83.57
1922.89
1922.89
8156.17
8156.17
8391.51
8391.51
9470.29
9470.29
8759.88
8759.88
8583.95
8583.95
6067.23
6067.23
6067.23
6067.23
6215.86
6215.86
6638.22
6638.22
7925.41
7925.41
4357.39
4357.39
1739.22
1739.22
6395.01
6395.01
5186.14
5186.14
5659.74
5659.74
6437.20
6437.20
6329.22
6329.22
4233.71
4233.71
4233.71
4233.71
4233.71
4233.71
4233.71
4233.71
6590.27
6590.27
6590.27
6590.27
5365.72
5365.72
6506.19
6506.19
6371.63
6371.63
6371.63
6371.63
6371.63
6371.63
6371.63
6371.63
6371.63
6371.63
7959.48
7959.48
5838.02
5838.02
5838.02
5838.02
5250.04
5250.04
7105.60
7105.60
8088.05
8088.05
7622.10
7622.10
9478.84
9478.84
8759.42
8759.42
7447.80
7447.80
8701.28
8701.28
9246.21
9246.21
6917.88
6917.88
4734.32
4734.32
9364.16
9364.16
8230.17
8230.17
8101.31
8101.31
8653.20
8653.20
5039.48
5039.48
8995.94
8995.94
2639.89
2639.89
5420.18
5420.18
8484.84
8484.84
7526.61
7526.61
9099.74
9099.74
8991.23
8991.23
6197.71
6197.71
5754.62
5754.62
9616.51
9616.51
10102.43
10102.43
7319.35
7319.35
9183.63
9183.63
8918.04
8918.04
9950.47
9950.47
9408.63
9408.63
8711.95
8711.95
8772.75
8772.75
13.81
13.81
8716.52
8716.52
7673.27
7673.27
1431.72
1431.72
8300.88
8300.88
3421.74
3421.74
5271.93
5271.93
8214.98
8214.98
10877.76
10877.76
8795.00
8795.00
7178.93
7178.93
9916.93
9916.93
9476.69
9476.69
7665.81
7665.81
7117.72
7117.72
6981.02
6981.02
1793.98
1793.98
7195.58
7195.58
6703.56
6703.56
5778.51
5778.51
5234.46
5234.46
7707.59
7707.59
6031.82
6031.82
7866.30
7866.30
465.84
465.84
7161.49
7161.49
6320.35
6320.35
8443.97
8443.97
6365.38
6365.38
6126.02
6126.02
6126.02
6206.48
164.81
164.81
164.81
1862.17
8879.27
8879.27
8879.27
7043.48
7043.48
7043.48
7043.48
7043.48
8721.35
8721.35
8721.35
8721.35
8721.35
8721.35
8721.35
1886.35
1886.35
8189.17
8189.17
8819.72
8819.72
9498.16
9498.16
4144.81
4144.81
7268.72
7268.72
6153.12
6153.12
8047.89
8047.89
8047.89
7160.97
7160.97
7160.97
6292.51
6292.51
6292.51
6292.51
8870.60
8870.60
8422.78
8422.78
8805.22
8805.22
8506.66
8506.66
64.05
64.05
10832.12
10832.12
7667.32
7667.32
9648.52
9648.52
6696.14
6696.14
8495.69
8495.69
7950.57
7950.57
10645.13
10645.13
10645.13
10645.13
5501.56
5501.56
9974.62
9974.62
7215.09
7215.09
6085.51
6085.51
5521.12
5521.12
6591.77
6591.77
1840.14
1840.14
7911.96
7911.96
10025.24
10025.24
7400.27
7400.27
8503.58
8503.58
9871.46
9871.46
6518.74
6518.74
6518.74
6518.74
6518.74
6518.74
10722.23
10722.23
7260.37
7260.37
8360.79
8360.79
4531.63
4531.63
4531.63
4531.63
8247.69
8247.69
8247.69
8247.69
388.07
388.07
2306.67
2306.67
2306.67
2306.67
3049.96
3049.96
1551.76
1551.76
3748.39
3748.39
577.73
577.73
4500.55
4500.55
4500.55
4500.55
4025.71
4025.71
5587.42
5587.42
4037.70
4037.70
5033.15
5033.15
3702.44
3702.44
27.62
27.62
4168.46
4168.46
3777.16
3777.16
4269.41
4269.41
2163.50
2163.50
2938.10
2938.10
4781.52
4781.52
4072.76
4072.76
4360.40
4360.40
4223.21
4223.21
3295.37
3295.37
4540.14
4540.14
2635.55
2635.55
3226.49
3226.49
2625.41
2625.41
3144.94
3144.94
4930.75
4930.75
5595.70
5595.70
5290.65
5290.65
4252.54
4252.54
2574.85
2574.85
2560.67
2560.67
754.52
754.52
3952.72
3952.72
20.23
20.23
3994.44
3994.44
3223.51
3223.51
5733.34
5733.34
3068.23
3068.23
3068.23
2807.30
3630.25
3630.25
2883.84
2883.84
5541.91
5541.91
3786.97
3786.97
3971.90
3971.90
3418.79
3418.79
4245.30
4245.30
4557.64
4557.64
2354.72
2354.72
3051.90
3051.90
494.48
494.48
3536.68
3536.68
3102.28
3102.28
3087.05
3087.05
3802.79
3802.79
1712.70
1712.70
1901.05
1901.05
2302.41
2302.41
2861.28
2861.28
1027.90
1027.90
17.73
17.73
10.57
10.57
1885.51
1885.51
1317.12
1317.12
3185.98
3185.98
352.35
352.35
2579.93
2579.93
2397.02
2397.02
5005.58
5005.58
2983.82
2983.82
2292.43
2292.43
1710.50
1710.50
1325.22
1325.22
1922.55
1922.55
2847.50
2847.50
4224.31
4224.31
697.31
697.31
3337.28
3337.28
3629.12
3629.12
882.43
882.43
3367.60
3367.60
3634.16
3634.16
2940.18
2940.18
2243.22
2243.22
3423.86
3423.86
77.33
77.33
2270.15
2270.15
3150.13
3150.13
3402.05
3402.05
1094.67
1094.67
4111.78
4111.78
4599.24
4599.24
5641.75
5641.75
6380.03
6380.03
1491.22
1491.22
3476.21
3476.21
4440.29
4440.29
2720.42
2720.42
62.80
62.80
4052.46
4052.46
4902.79
4902.79
4467.17
4467.17
301.39
301.39
3724.13
3724.13
1987.45
1987.45
3640.17
3640.17
755.31
755.31
4415.47
4415.47
4966.36
4966.36
2790.00
2790.00
1816.84
1816.84
2162.76
2162.76
4255.60
4255.60
2871.38
2871.38
1211.64
1211.64
2808.13
2808.13
1163.33
1163.33
1630.15
1630.15
29.66
29.66
812.95
812.95
3454.58
3454.58
3584.43
3584.43
1012.85
1012.85
1735.63
1735.63
1901.85
1901.85
3280.93
3280.93
2789.76
2789.76
4267.75
4267.75
1587.88
1587.88
3417.06
3417.06
1907.11
1907.11
2920.09
2920.09
881.49
881.49
1904.04
1904.04
1912.86
1912.86
2738.66
2738.66
3723.11
3723.11
3524.12
3524.12
3186.95
3186.95
3561.88
3561.88
94.38
94.38
3800.54
3800.54
4087.99
4087.99
3291.43
3291.43
29.60
29.60
2721.42
2721.42
600.19
600.19
2750.02
2750.02
4493.38
4493.38
4381.12
4381.12
4278.11
4278.11
131.93
131.93
394.99
394.99
870.33
870.33
3284.19
3284.19
2828.70
2828.70
2828.70
5003.06
4895.86
4895.86
4582.38
4582.38
4065.56
4065.56
4058.90
4058.90
3929.31
3929.31
1819.06
1819.06
2749.29
2749.29
30.45
30.45
4285.95
4285.95
3008.51
3008.51
1417.81
1417.81
3474.59
3474.59
2833.56
2833.56
3917.30
3917.30
3781.10
3781.10
2863.24
2863.24
1946.21
1946.21
3152.45
3152.45
4935.03
4935.03
3294.55
3294.55
3875.41
3875.41
3181.72
3181.72
4684.82
4684.82
3066.63
3066.63
1420.10
1420.10
2459.82
2459.82
4047.10
4047.10
4253.26
4253.26
3451.37
3451.37
1308.45
1308.45
2213.57
2213.57
3300.62
3300.62
4645.14
4645.14
3298.22
3298.22
17.24
17.24
928.39
928.39
4159.58
4159.58
4266.74
4266.74
3580.01
3580.01
599.46
599.46
530.30
530.30
35.80
35.80
2032.94
2032.94
12.71
12.71
1093.16
1093.16
230.47
230.47
1970.38
1970.38
2735.55
2735.55
1512.52
1512.52
3948.71
3948.71
3068.02
3068.02
1495.94
1495.94
3477.46
3477.46
3405.68
3405.68
4890.11
4890.11
3496.71
3496.71
3803.34
3803.34
2801.45
2801.45
2801.45
4359.35
4844.88
4844.88
3771.97
3771.97
3370.30
3370.30
4725.39
4725.39
3789.26
3789.26
2755.53
2755.53
3336.61
3336.61
3480.89
3480.89
4336.74
4336.74
3395.93
3395.93
2901.03
2901.03
4811.06
4811.06
4132.47
4132.47
5189.69
5189.69
2667.63
2667.63
3144.83
3144.83
3819.73
3819.73
3819.73
3819.73
3436.82
3436.82
2323.01
2323.01
2817.06
2817.06
4283.90
4283.90
3104.12
3104.12
2453.93
2453.93
2617.96
2617.96
4582.27
4582.27
4862.11
4862.11
4447.74
4447.74
3675.22
3675.22
4780.16
4780.16
4780.16
4780.16
1827.69
1827.69
3942.99
3942.99
2267.09
2267.09
3814.14
3814.14
4819.84
4819.84
2908.04
2908.04
3772.17
3772.17
3589.12
3589.12
5034.65
5034.65
3105.65
3105.65
3105.65
3105.65
74.11
74.11
3743.13
3743.13
3206.78
3206.78
1030.21
1030.21
2680.06
2680.06
2529.81
2529.81
1632.15
1632.15
3144.41
3144.41
2570.34
2570.34
2691.96
2691.96
2993.05
2993.05
3608.27
3608.27
5548.94
5548.94
3826.91
3826.91
3826.91
3826.91
4553.37
4553.37
4178.93
4178.93
4192.48
4192.48
3772.11
3772.11
3629.81
3629.81
4305.37
4305.37
1938.77
1938.77
2982.24
2982.24
3250.98
3250.98
3501.54
3501.54
4644.43
4644.43
3105.30
3105.30
3139.78
3139.78
3313.84
3313.84
69.01
69.01
2327.49
2327.49
1588.71
1588.71
332.93
332.93
1778.30
1778.30
36.45
36.45
3999.58
3999.58
3338.28
3338.28
3102.64
3102.64
1349.01
1349.01
1264.21
1264.21
4344.51
4344.51
2953.50
2953.50
2953.50
4746.06
3232.71
3232.71
3717.87
3717.87
2617.21
2617.21
2301.30
2301.30
627.25
627.25
2195.96
2195.96
1651.65
1651.65
616.21
616.21
3211.12
3211.12
2568.23
2568.23
2568.23
2837.67
2837.67
3512.63
3512.63
2639.81
2639.81
3430.96
3430.96
3660.38
3660.38
3928.44
3928.44
4285.39
4285.39
2529.92
2529.92
21.18
21.18
2505.89
2505.89
4184.76
4184.76
2598.41
2598.41
3954.80
3954.80
1075.03
1075.03
1531.38
1531.38
2515.37
2515.37
2543.34
2543.34
1929.12
1929.12
2737.54
2737.54
3370.42
3370.42
2585.32
2585.32
1071.84
1071.84
2856.50
2856.50
2677.60
2677.60
3320.23
3320.23
1767.01
1767.01
34.13
34.13
1558.22
1558.22
1705.24
1705.24
1574.54
1574.54
2240.45
2240.45
3502.89
3502.89
2305.04
2305.04
2227.39
2227.39
199.51
199.51
2486.57
2486.57
959.10
959.10
3804.78
3804.78
1213.98
1213.98
3772.16
3772.16
2276.13
2276.13
1730.01
1730.01
2103.01
2103.01
1899.55
1899.55
372.94
372.94
2336.91
2336.91
1761.88
1761.88
4151.53
4151.53
3734.88
3734.88
3341.36
3341.36
780.18
780.18
2162.93
2162.93
2289.43
2289.43
2110.93
2110.93
427.18
427.18
1668.02
1668.02
139.99
139.99
115.97
115.97
630.21
630.21
404.77
404.77
2805.44
2805.44
2734.52
2734.52
1409.67
1409.67
2661.77
2661.77
1783.91
1783.91
4735.66
4735.66
24.08
24.08
1362.33
1362.33
2625.77
2625.77
2440.36
2440.36
2984.14
2984.14
4321.60
4321.60
2176.27
2176.27
3568.44
3568.44
3284.07
3284.07
1821.81
1821.81
10.00
10.00
2587.06
2587.06
2535.52
2535.52
1608.15
1608.15
1948.42
1948.42
425.41
425.41
2197.58
2197.58
2412.78
2412.78
15.23
15.23
3919.73
3919.73
3610.84
3610.84
3411.64
3411.64
3290.16
3290.16
3964.78
3964.78
4006.13
4006.13
4425.14
4425.14
2622.77
2622.77
114.86
114.86
10.00
10.00
2428.60
2428.60
3944.65
3944.65
4146.44
4146.44
4263.47
4263.47
5008.75
5008.75
4283.17
4283.17
142.07
142.07
4037.72
4037.72
4738.54
4738.54
4658.03
4658.03
4397.89
4397.89
65.00
65.00
2910.45
2910.45
34.29
34.29
3624.37
3624.37
3034.05
3034.05
3824.81
3824.81
3984.86
3984.86
3042.84
3042.84
14.81
14.81
4087.83
4087.83
1027.43
1027.43
3243.88
3243.88
4435.72
4435.72
373.44
373.44
2944.12
2944.12
2740.76
2740.76
3645.33
3645.33
10.00
10.00
181.50
181.50
2682.51
2682.51
1618.01
1618.01
3655.04
3655.04
2034.14
2034.14
2034.14
2034.14
3327.63
3327.63
2239.44
2239.44
1890.45
1890.45
4049.08
4049.08
52.10
52.10
3379.01
3379.01
2796.76
2796.76
2910.44
2910.44
2775.10
2775.10
2906.04
2906.04
4598.05
4598.05
4397.38
4397.38
3746.78
3746.78
3663.36
3663.36
3663.36
3663.36
3455.12
3455.12
3455.12
3455.12
5632.57
5632.57
2848.26
2848.26
2867.95
2867.95
2867.95
2867.95
3283.26
3283.26
2178.55
2178.55
3131.20
3131.20
3131.20
3131.20
3089.70
3089.70
2564.92
2564.92
3066.73
3066.73
3049.66
3049.66
2669.01
2669.01
3948.87
3948.87
3234.22
3234.22
1507.17
1507.17
3471.20
3471.20
2769.05
2769.05
3602.38
3602.38
1394.22
1394.22
3693.72
3693.72
2091.89
2091.89
4372.92
4372.92
4372.92
4372.92
5175.26
5175.26
3146.50
3146.50
4503.82
4503.82
288.30
288.30
912.93
912.93
5135.79
5135.79
3423.87
3423.87
3423.87
3423.87
5782.67
5782.67
4924.93
4924.93
6148.14
6148.14
6148.14
6148.14
6148.14
6148.14
6148.14
6148.14
4139.16
4139.16
1863.51
1863.51
3862.78
3862.78
4041.31
4041.31
4322.09
4322.09
4014.29
4014.29
4535.12
4535.12
736.76
736.76
838.64
838.64
3007.53
3007.53
2952.79
2952.79
1448.16
1448.16
1651.52
1651.52
1223.06
1223.06
1718.40
1718.40
2898.64
2898.64
1677.34
1677.34
3518.28
3518.28
4856.04
4856.04
3907.18
3907.18
3037.19
3037.19
4879.77
4879.77
4968.25
4968.25
3755.96
3755.96
4588.05
4588.05
3633.77
3633.77
4157.31
4157.31
3266.14
3266.14
2046.34
2046.34
25.73
25.73
1942.21
1942.21
349.77
349.77
16.31
16.31
36.34
36.34
866.28
866.28
364.67
364.67
2446.53
2446.53
22.57
22.57
3015.91
3015.91
1690.35
1690.35
3152.06
3152.06
2793.76
2793.76
2521.96
2521.96
2836.16
2836.16
2914.28
2914.28
1644.11
1644.11
1967.52
1967.52
1845.85
1845.85
1942.02
1942.02
2565.42
2565.42
3079.73
3079.73
1621.43
1621.43
4371.67
4371.67
3201.78
3201.78
2869.32
2869.32
2029.87
2029.87
2876.19
2876.19
2410.88
2410.88
2420.85
2420.85
4500.77
4500.77
2042.47
2042.47
205.36
205.36
2263.63
2263.63
2683.12
2683.12
2094.33
2094.33
1170.21
1170.21
675.86
675.86
3172.52
3172.52
26.09
26.09
4953.51
4953.51
3687.34
3687.34
4115.50
4115.50
608.08
608.08
5777.57
5777.57
3153.37
3153.37
5789.16
5789.16
2585.40
2585.40
3636.98
3636.98
3463.88
3463.88
3429.83
3429.83
2321.78
2321.78
3762.47
3762.47
4566.19
4566.19
3340.22
3340.22
1665.51
1665.51
2699.86
2699.86
27.12
27.12
2709.37
2709.37
2891.18
2891.18
51.20
51.20
938.47
938.47
2828.85
2828.85
2695.60
2695.60
1316.43
1316.43
3412.15
3412.15
1728.60
1728.60
1504.45
1504.45
2548.90
2548.90
11.79
11.79
2048.31
2048.31
2677.33
2677.33
3724.79
3724.79
2374.85
2374.85
3330.80
3330.80
2840.13
2840.13
2036.22
2036.22
2691.22
2691.22
3298.26
3298.26
2455.40
2455.40
1593.77
1593.77
766.50
766.50
3251.67
3251.67
2267.96
2267.96
3824.03
3824.03
1985.54
1985.54
2734.89
2734.89
476.44
476.44
1989.98
1989.98
367.12
367.12
2280.51
2280.51
3618.08
3618.08
10.00
10.00
1433.57
1433.57
1871.28
1871.28
1879.72
1879.72
177.28
177.28
12.02
12.02
3011.04
3011.04
1329.96
1329.96
3066.32
3066.32
1784.38
1784.38
1372.47
1372.47
3293.41
3293.41
261.86
261.86
1732.60
1732.60
2513.94
2513.94
2771.75
2771.75
971.77
971.77
2805.44
2805.44
3590.07
3590.07
5241.11
5241.11
1845.93
1845.93
3432.50
3432.50
2691.03
2691.03
2490.53
2490.53
2775.66
2775.66
2775.66
2775.66
2678.28
2678.28
3560.97
3560.97
2432.51
2432.51
4410.40
4410.40
3343.61
3343.61
384.72
384.72
2775.21
2775.21
1846.04
1846.04
3016.91
3016.91
1245.66
1245.66
1118.34
1118.34
394.30
394.30
2622.98
2622.98
844.32
844.32
2411.11
2411.11
2378.04
2378.04
1085.42
1085.42
2733.28
2733.28
14.74
14.74
3162.32
3162.32
3641.02
3641.02
3787.41
3787.41
1512.39
1512.39
26.96
26.96
2187.78
2187.78
3335.64
3335.64
1667.55
1667.55
3857.49
3857.49
1241.69
1241.69
1134.70
1134.70
2940.26
2940.26
3902.00
3902.00
2582.28
2582.28
696.95
696.95
2161.22
2161.22
3805.26
3805.26
3424.25
3424.25
3764.55
3764.55
4216.27
4216.27
3804.65
3804.65
2858.23
2858.23
2449.95
2449.95
2817.00
2817.00
4975.34
4975.34
5138.21
5138.21
3803.09
3803.09
5405.13
5405.13
4378.90
4378.90
4962.12
4962.12
3575.06
3575.06
1768.33
1768.33
26.10
26.10
2152.76
2152.76
3993.58
3993.58
1959.57
1959.57
1957.50
1957.50
1300.97
1300.97
2685.54
2685.54
4773.35
4773.35
3011.57
3011.57
2345.74
2345.74
2042.27
2042.27
4126.94
4126.94
2203.01
2203.01
3407.03
3407.03
182.82
182.82
2625.78
2625.78
3712.19
3712.19
1147.66
1147.66
208.10
208.10
2069.22
2069.22
438.48
438.48
3060.17
3060.17
3878.05
3878.05
1476.34
1476.34
2489.35
2489.35
3026.84
3026.84
4195.75
4195.75
4049.57
4049.57
2878.19
2878.19
3672.72
3672.72
410.87
410.87
2641.54
2641.54
2282.91
2282.91
878.35
878.35
2704.47
2704.47
2138.82
2138.82
946.52
946.52
2589.78
2589.78
2098.50
2098.50
99.95
99.95
10.00
10.00
10.00
102.91
2908.69
2908.69
2000.50
2000.50
2528.27
2528.27
2840.84
2840.84
3363.68
3363.68
2292.57
2292.57
131.29
131.29
384.47
384.47
21.15
21.15
2664.63
2664.63
1863.94
1863.94
4283.75
4283.75
1199.72
1199.72
3338.22
3338.22
2730.11
2730.11
34.14
34.14
4427.54
4427.54
2863.82
2863.82
544.85
544.85
339.05
339.05
2253.39
2253.39
268.41
268.41
1026.56
1026.56
437.36
437.36
156.85
156.85
3790.86
3790.86
535.12
535.12
4799.71
4799.71
3542.44
3542.44
2839.72
2839.72
2227.55
2227.55
5142.51
5142.51
2887.98
2887.98
3259.61
3259.61
3443.69
3443.69
3620.85
3620.85
39.01
39.01
3352.35
3352.35
3411.70
3411.70
2733.58
2733.58
3647.77
3647.77
4074.59
4074.59
3141.99
3141.99
2971.37
2971.37
2531.67
2531.67
2806.74
2806.74
2688.33
2688.33
3318.22
3318.22
2901.48
2901.48
3127.22
3127.22
3932.38
3932.38
3430.53
3430.53
3636.73
3636.73
3887.75
3887.75
2944.72
2944.72
4076.56
4076.56
32.51
32.51
5359.18
5359.18
3542.27
3542.27
6010.35
6010.35
4051.93
4051.93
49.73
49.73
4654.92
4654.92
2141.46
2141.46
3880.07
3880.07
3812.24
3812.24
3257.53
3257.53
266.33
266.33
2272.93
2272.93
1912.85
1912.85
1912.85
150.28
4101.94
4101.94
2262.83
2262.83
2599.94
2599.94
2032.72
2032.72
3421.97
3421.97
2626.55
2626.55
2626.55
706.08
4150.69
4150.69
4150.69
1756.79
1756.79
2559.86
2559.86
515.38
515.38
3812.36
3812.36
4394.43
4394.43
2507.28
2507.28
1975.49
1975.49
3676.99
3676.99
2305.85
2305.85
5173.98
5173.98
2665.62
3677.93
3677.93
3677.93
3580.03
3580.03
4057.50
4057.50
3655.29
3655.29
3386.31
3386.31
3375.52
3375.52
3052.11
3052.11
1123.78
1123.78
914.18
914.18
1190.54
1190.54
1269.36
1269.36
2477.29
2755.70
2755.70
2755.70
3660.30
3660.30
2639.37
2639.37
3056.24
3056.24
422.99
422.99
2037.03
2037.03
3069.14
3069.14
2784.00
2784.00
475.27
475.27
3293.08
3293.08
3875.09
3875.09
4403.77
4403.77
3392.63
3392.63
2936.45
2936.45
2512.09
2512.09
1074.56
1074.56
3272.26
3272.26
2142.36
2142.36
1929.11
1929.11
697.32
697.32
2862.31
2862.31
2223.80
2223.80
351.64
351.64
1437.91
1437.91
1437.91
970.68
970.68
2792.70
69.49
69.49
2935.98
2935.98
4279.74
4279.74
1513.64
1513.64
3951.86
3951.86
3425.06
3425.06
4263.77
4263.77
2571.81
2571.81
3585.13
3585.13
282.64
282.64
3134.20
3134.20
10.00
10.00
10.00
189.41
189.41
494.65
2387.16
2387.16
2832.40
2832.40
52.33
52.33
1115.36
1115.36
682.93
682.93
18.30
18.30
3022.09
3022.09
1678.72
1678.72
2863.58
2863.58
3216.18
3216.18
3801.62
3801.62
3808.78
3808.78
201.20
201.20
2092.86
2092.86
1322.12
1322.12
4844.07
4844.07
885.56
885.56
205.97
205.97
40.29
40.29
1957.99
1957.99
687.71
687.71
2605.45
2605.45
4029.51
4029.51
2432.30
2432.30
1670.26
1670.26
21.11
21.11
1212.58
1212.58
371.66
371.66
1549.03
1549.03
3134.97
3134.97
2196.87
2196.87
2846.84
2846.84
2664.23
2664.23
656.50
656.50
1423.08
1423.08
2570.92
2570.92
2809.22
2809.22
2476.06
2476.06
2778.48
2778.48
1687.38
1687.38
19.60
19.60
3837.80
3837.80
10.00
10.00
1472.54
1472.54
3554.01
3554.01
3327.65
3327.65
3009.19
3009.19
3551.99
3551.99
2741.76
2741.76
2354.71
2354.71
1760.27
1760.27
2084.98
2084.98
2280.05
2280.05
1431.17
1431.17
3065.00
3065.00
1657.47
1657.47
3531.20
3531.20
3867.68
3867.68
1615.86
1615.86
2295.80
2295.80
668.64
668.64
3188.76
3188.76
911.78
911.78
1599.45
1599.45
98.56
98.56
74.66
74.66
117.41
117.41
150.00
150.00
3816.93
3816.93
4356.73
4356.73
10.00
10.00
2657.57
2657.57
3496.40
3496.40
28.09
28.09
3265.79
3265.79
345.82
345.82
2633.17
2633.17
323.63
323.63
4313.79
4313.79
59.54
59.54
1486.26
1486.26
1986.93
1986.93
3523.00
3523.00
2938.43
2938.43
2374.13
2374.13
3337.40
3337.40
4629.26
4629.26
2733.94
2733.94
2664.23
2664.23
4105.11
4105.11
3593.41
3593.41
2367.65
2367.65
3499.13
3499.13
248.49
248.49
3053.65
3053.65
794.18
794.18
2363.87
2363.87
33.79
33.79
3549.28
3549.28
1348.54
1348.54
3691.62
3691.62
3691.62
3691.62
10.00
1484.35
2463.03
2463.03
14.54
14.54
93.24
93.24
119.89
119.89
1604.02
1604.02
2792.35
2792.35
1556.38
1556.38
3719.81
3719.81
3876.43
3876.43
2906.88
2906.88
3206.77
3206.77
4108.87
4108.87
613.42
613.42
137.15
137.15
671.29
671.29
19.40
19.40
1679.97
1679.97
743.05
743.05
537.01
537.01
2010.51
2010.51
2396.97
2396.97
2100.61
2100.61
910.77
910.77
519.19
519.19
3244.57
3244.57
1732.82
1732.82
1130.96
1130.96
24.35
24.35
1021.49
1021.49
1979.42
1979.42
355.68
355.68
52.15
52.15
1339.50
1339.50
2703.19
2703.19
1744.39
1744.39
2178.65
2178.65
2717.35
2717.35
2631.30
2631.30
2692.18
2692.18
2327.05
2327.05
390.99
390.99
1716.11
1716.11
3188.38
3188.38
2808.85
2808.85
2328.18
2328.18
3873.82
3873.82
2941.79
2941.79
2435.81
2435.81
2317.93
2317.93
2036.30
2036.30
2658.31
2658.31
1854.71
1854.71
4264.40
4264.40
2391.66
2391.66
1454.50
1454.50
2714.56
2714.56
2648.51
2648.51
2503.30
2503.30
1535.67
1535.67
3415.10
3415.10
3415.10
3415.10
1923.72
1923.72
2347.85
2347.85
2347.85
2347.85
2347.85
2347.85
2347.85
2347.85
3295.71
3295.71
2969.07
2969.07
1475.07
1475.07
2165.10
2165.10
2518.96
2518.96
3803.66
3803.66
518.41
518.41
3204.63
3204.63
2656.26
2656.26
2414.17
2414.17
2262.99
2262.99
2526.08
2526.08
3158.35
3158.35
924.49
924.49
1920.95
1920.95
6059.80
6059.80
2696.48
2696.48
4633.69
4633.69
4656.16
4656.16
4617.22
4617.22
3520.13
3520.13
775.47
775.47
3207.11
3207.11
4855.47
4855.47
39.99
39.99
4525.86
4525.86
2774.91
2774.91
4648.53
4648.53
3839.29
3839.29
3365.05
3365.05
1328.79
1328.79
4742.42
4742.42
3241.56
3241.56
520.90
520.90
4271.64
4271.64
5549.55
5549.55
3270.37
3270.37
60.53
60.53
4104.85
4104.85
2730.97
2730.97
4113.53
4113.53
5614.07
5614.07
4419.40
4419.40
683.83
683.83
1331.22
1331.22
4605.44
4605.44
3272.69
3272.69
4112.49
4112.49
6203.38
6203.38
31.08
31.08
4684.55
4684.55
866.94
866.94
4376.30
4376.30
4660.50
4660.50
4449.11
4449.11
4091.32
4091.32
3317.26
3317.26
2337.47
2337.47
3610.91
3610.91
3983.50
3983.50
3238.12
3238.12
1331.41
1331.41
4405.51
4405.51
1378.46
1378.46
1904.67
1904.67
3397.74
3397.74
2653.96
2653.96
4731.25
4731.25
5404.21
5404.21
621.79
621.79
200.05
200.05
4049.43
4049.43
5510.21
5510.21
3291.89
3291.89
4358.41
4358.41
10.26
10.26
5324.82
5324.82
6144.03
6144.03
2147.20
2147.20
4699.22
4699.22
1885.91
1885.91
109.66
109.66
3710.35
3710.35
2827.96
2827.96
892.64
892.64
2212.30
2212.30
757.22
757.22
6338.84
6338.84
3952.12
3952.12
5249.37
5249.37
4381.60
4381.60
4101.12
4101.12
4101.12
4101.12
4101.12
4101.12
4273.21
4273.21
4841.99
4841.99
3372.71
3372.71
3513.99
3513.99
5170.00
5170.00
3955.83
3955.83
3955.83
3955.83
5344.96
5344.96
3576.20
3576.20
3576.20
3576.20
2870.09
2870.09
5106.19
5106.19
25.88
25.88
25.80
25.80
4397.63
4397.63
4539.91
4539.91
6532.78
6532.78
5329.20
5329.20
4282.74
4282.74
4535.57
4535.57
4672.53
4672.53
4762.58
4762.58
4762.58
4762.58
3558.02
3558.02
179.09
179.09
3568.79
3568.79
5431.67
5431.67
3748.77
3748.77
4401.79
4401.79
2408.40
2408.40
2040.36
2040.36
5117.64
5117.64
5549.87
5549.87
3450.32
3450.32
3828.33
3828.33
3828.33
3828.33
3828.33
3828.33
2345.81
2345.81
3693.31
3693.31
5588.17
5588.17
4923.22
4923.22
3203.87
3203.87
3203.87
3203.87
4322.58
4322.58
6304.79
6304.79
3676.45
3676.45
3676.45
3676.45
4859.25
4859.25
3022.85
3022.85
3022.85
3022.85
4354.29
4354.29
4286.10
4286.10
4286.10
4286.10
3958.33
3958.33
4551.21
4551.21
2581.90
2581.90
6507.65
6507.65
4497.44
4497.44
2755.05
2755.05
3763.91
3763.91
2280.84
2280.84
4097.36
4097.36
29.09
29.09
4160.33
4160.33
4529.40
4529.40
3989.44
3989.44
10.00
10.00
5032.18
5032.18
3486.67
3486.67
6165.01
6165.01
795.76
795.76
5088.73
5088.73
4961.83
4961.83
3827.54
3827.54
3600.75
3600.75
6940.64
6940.64
5931.23
5931.23
160.07
160.07
2400.79
2400.79
4208.89
4208.89
4067.12
4067.12
3103.14
3103.14
917.88
917.88
4675.27
4675.27
3484.49
3484.49
1870.41
1870.41
666.13
666.13
2739.15
2739.15
3521.56
3521.56
2974.42
2974.42
4120.25
4120.25
3759.14
3759.14
640.62
640.62
4477.54
4477.54
4951.41
4951.41
5486.31
5486.31
4566.15
4566.15
18.70
18.70
1115.51
1115.51
4663.30
4663.30
59.62
59.62
2303.82
2303.82
31.00
31.00
193.05
193.05
2941.87
2941.87
2640.10
2640.10
3920.51
3920.51
4773.95
4773.95
5324.53
5324.53
27.37
27.37
675.19
675.19
47.78
47.78
70.02
70.02
717.32
717.32
16.95
16.95
399.07
399.07
4550.28
4550.28
3866.67
3866.67
2686.56
2686.56
3551.58
3551.58
1058.54
1058.54
2280.44
2280.44
3462.11
3462.11
1655.53
1655.53
223.92
223.92
1573.78
1573.78
1841.96
1841.96
287.99
287.99
159.57
159.57
3156.23
3156.23
3156.23
1283.96
1283.96
1283.96
1630.67
1630.67
1630.67
1462.85
255.95
255.95
2582.79
2582.79
2582.79
1855.03
2236.84
2236.84
2589.02
326.95
1441.20
1441.20
99.72
99.72
99.72
1226.73
2807.40
2807.40
1098.13
1098.13
413.04
413.04
2992.25
2992.25
33.42
33.42
33.42
41.75
50.41
50.41
50.41
166.70
166.70
174.74
174.74
225.39
225.39
974.25
974.25
165.42
165.42
3723.37
1288.57
1288.57
3778.33
3778.33
37.53
37.53
37.53
37.53
19.84
19.84
34.09
1078.26
1078.26
282.72
814.89
814.89
2736.95
2736.95
249.06
249.06
37.18
37.18
2840.95
2840.95
31.96
31.96
2133.89
2133.89
2133.89
332.17
332.17
180.43
180.43
227.91
227.91
1724.36
1724.36
2700.14
2700.14
2398.66
2398.66
172.19
172.19
4367.57
4367.57
3438.36
3438.36
2705.35
2705.35
3043.49
3043.49
602.94
602.94
2807.82
2807.82
2789.20
2789.20
2463.76
2463.76
4214.34
4214.34
2316.98
2316.98
3290.60
3290.60
532.51
532.51
2450.82
2450.82
503.75
503.75
3419.78
3419.78
34.88
34.88
1646.89
1646.89
35.30
35.30
582.52
582.52
3061.38
3061.38
203.33
203.33
4093.66
4093.66
1016.20
1016.20
20.51
20.51
2059.77
2059.77
471.62
471.62
1796.89
1796.89
1813.13
1813.13
1179.32
1179.32
342.56
342.56
1195.05
1195.05
2622.66
2622.66
4686.01
4686.01
4686.01
2029.78
2270.11
2270.11
52.45
52.45
2923.01
2923.01
2225.87
2225.87
3011.01
3011.01
1164.46
1164.46
2358.47
2358.47
1415.98
1415.98
2920.56
2920.56
3723.35
3723.35
1547.33
1547.33
642.31
642.31
2794.39
2794.39
2065.10
2065.10
350.00
350.00
1703.31
1703.31
2584.60
2584.60
47.02
47.02
3090.67
3090.67
31.63
31.63
2231.58
2231.58
1310.59
1310.59
2737.01
2737.01
2518.43
2518.43
1577.45
1577.45
88.28
88.28
2905.72
2905.72
2031.60
2031.60
2083.26
2083.26
1536.75
1536.75
1536.75
2065.16
196.18
196.18
261.77
261.77
2446.65
2446.65
796.06
796.06
2496.30
2496.30
2164.61
2164.61
2441.15
2441.15
3524.49
3524.49
137.25
137.25
1320.67
1320.67
2901.87
2901.87
2255.24
2255.24
2125.12
2125.12
3285.83
3285.83
2801.34
2801.34
185.14
185.14
900.36
900.36
299.56
299.56
282.33
282.33
334.50
334.50
333.89
333.89
4022.40
4022.40
1348.31
1348.31
3694.80
3694.80
1827.28
1827.28
3024.60
3024.60
3152.45
3152.45
2810.56
2810.56
2708.06
2708.06
1920.42
1920.42
45.95
45.95
3072.16
3072.16
2987.81
2987.81
1986.28
1986.28
1597.77
1597.77
2328.93
2328.93
3136.21
3136.21
662.91
662.91
2220.99
2220.99
2184.30
2184.30
1709.65
1709.65
497.21
497.21
1851.39
1851.39
2553.01
2553.01
2661.07
2661.07
1465.14
1465.14
2887.38
2887.38
2721.22
2721.22
2678.16
2678.16
1901.28
1901.28
246.75
246.75
1838.75
1838.75
3794.77
3794.77
1967.76
1967.76
3484.43
3484.43
3213.23
3213.23
3249.83
3249.83
2636.69
2636.69
2386.09
2386.09
2609.36
2609.36
1431.87
1431.87
757.25
757.25
10.00
10.00
2243.65
2243.65
1707.54
1707.54
1352.49
1352.49
72.43
72.43
1242.06
1242.06
3356.26
3356.26
3042.78
3042.78
1519.85
1519.85
1845.16
1845.16
2879.63
2879.63
216.20
216.20
166.04
166.04
39.70
39.70
2110.42
2110.42
35.67
35.67
1668.88
1668.88
1473.68
1473.68
145.20
145.20
145.20
66.52
2944.25
2944.25
777.78
777.78
3405.43
3405.43
2368.90
2368.90
1500.44
1500.44
2457.43
2457.43
3499.25
3499.25
1217.78
1217.78
4254.60
4254.60
24.16
24.16
2314.03
2314.03
38.91
38.91
1637.10
1637.10
3527.71
3527.71
1188.34
1188.34
1911.64
1911.64
137.47
137.47
1804.06
1804.06
131.04
131.04
58.91
58.91
3140.02
3140.02
15.52
15.52
15.52
89.85
32.34
32.34
1046.83
1046.83
144.81
144.81
249.51
249.51
249.51
14.57
14.57
56.02
57.69
57.69
33.44
33.44
92.97
92.97
220.28
220.28
3136.93
3136.93
1545.15
1545.15
2362.35
2362.35
1656.07
1656.07
2356.17
2356.17
1948.37
1948.37
52.80
52.80
52.80
1908.61
310.06
310.06
3279.55
3279.55
46.77
46.77
291.79
291.79
1864.23
1864.23
276.79
276.79
1043.55
1043.55
2548.98
2548.98
203.38
203.38
21.27
21.27
1540.08
1540.08
52.39
52.39
1786.19
1786.19
1248.83
1248.83
1216.32
1216.32
2054.64
2054.64
2778.68
2778.68
3481.12
3481.12
2474.04
2474.04
1941.27
1941.27
3269.76
3269.76
2527.51
2527.51
1320.56
1320.56
1029.62
1029.62
324.62
324.62
244.73
244.73
2784.84
2784.84
150.90
150.90
3889.55
3889.55
3889.55
120.02
104.60
104.60
23.99
23.99
440.41
440.41
268.06
268.06
1717.40
1717.40
669.15
669.15
2842.04
2842.04
2315.22
2315.22
1619.69
1619.69
3382.22
3382.22
2530.78
2530.78
3284.57
3284.57
3051.99
3051.99
1463.66
1463.66
2902.60
2902.60
1753.44
1753.44
1774.99
1774.99
2716.67
2716.67
3669.50
3669.50
1777.50
1777.50
3132.37
3132.37
2230.77
2230.77
36.57
36.57
1875.53
1875.53
431.34
431.34
1122.85
1122.85
2693.06
2693.06
2571.37
2571.37
1833.51
1833.51
46.90
46.90
329.73
329.73
2349.06
2349.06
3197.29
3197.29
2776.78
2776.78
39.25
39.25
4553.80
4553.80
107.19
107.19
3390.14
3390.14
2470.39
2470.39
1989.64
1989.64
109.31
109.31
3026.22
3026.22
76.74
76.74
3353.41
3353.41
4012.13
4012.13
3778.84
3778.84
1806.14
1806.14
582.43
582.43
2269.08
2269.08
2206.53
2206.53
2449.62
2449.62
17.11
17.11
4630.94
4630.94
3425.97
3425.97
2638.43
2638.43
2638.43
377.90
2193.92
2193.92
771.50
771.50
2349.37
2349.37
3164.13
3164.13
2635.41
2635.41
2224.93
2224.93
898.69
898.69
2519.66
2519.66
2519.66
2519.66
2838.13
2838.13
2838.13
2838.13
3687.53
3687.53
146.49
146.49
2602.22
2602.22
1743.76
1743.76
2165.44
2165.44
1675.05
1675.05
2370.80
2370.80
2770.18
2770.18
2204.33
2204.33
3236.39
3236.39
3503.21
3503.21
1657.63
1657.63
1657.63
1688.57
2249.55
2249.55
3056.87
3056.87
3056.87
3056.87
2555.92
2555.92
2685.16
2685.16
1602.01
1602.01
1469.63
1469.63
1469.63
2937.26
2937.26
16.17
279.58
279.58
2081.31
2081.31
660.95
660.95
2399.11
2399.11
2877.95
2877.95
1597.48
1597.48
2392.08
2392.08
2422.32
2422.32
2646.46
2646.46
2539.36
2539.36
838.15
838.15
2914.59
2914.59
1834.20
1834.20
174.33
174.33
2040.78
2040.78
2025.31
2025.31
2025.31
2025.31
2601.30
2601.30
1691.85
1691.85
2692.42
2692.42
1578.10
1578.10
2820.20
2820.20
1638.79
1638.79
2650.58
2650.58
3017.25
3017.25
2623.02
2623.02
10.00
10.00
1910.93
1910.93
805.72
805.72
2838.99
2838.99
2794.97
2794.97
1424.55
1424.55
1296.04
1296.04
2681.94
2681.94
1333.95
1333.95
545.91
545.91
3361.52
3361.52
687.34
687.34
3128.59
3128.59
3904.91
3904.91
3029.85
3029.85
3370.40
3370.40
4147.93
4147.93
2944.25
2944.25
2310.90
2310.90
1186.83
1186.83
1095.65
1095.65
832.60
832.60
1050.22
1050.22
329.87
329.87
643.88
643.88
2745.32
2745.32
2350.08
2350.08
93.91
93.91
2209.89
2209.89
2989.75
2989.75
2553.53
2553.53
2461.93
2461.93
3092.06
3092.06
3994.88
3994.88
2482.21
2482.21
842.55
842.55
4257.09
4257.09
4322.07
4322.07
10.00
10.00
2732.09
2732.09
2121.71
2121.71
2861.95
2861.95
2347.92
2347.92
2288.42
2288.42
2797.89
2797.89
2861.20
2861.20
3195.74
3195.74
1525.98
1525.98
1641.42
1641.42
1618.75
1618.75
3122.09
3122.09
3472.67
3472.67
1990.92
1990.92
2424.64
2424.64
818.08
818.08
3048.04
3048.04
1542.93
1542.93
27.77
27.77
2482.30
2482.30
4096.78
4096.78
3767.96
3767.96
1529.84
1529.84
4253.30
4253.30
2130.63
2130.63
2188.51
2188.51
1620.09
1620.09
2016.10
2016.10
1520.07
1520.07
3931.11
3931.11
2788.17
2788.17
2879.84
2879.84
1336.80
1336.80
3151.11
3151.11
13.39
13.39
4658.26
4658.26
3934.11
3934.11
61.03
61.03
2373.20
2373.20
2379.28
2379.28
3393.81
3393.81
20.41
20.41
2572.03
2572.03
638.82
638.82
1582.06
1582.06
2837.69
2837.69
1973.28
1973.28
1028.56
1028.56
3546.72
3546.72
2224.48
2224.48
2224.48
2023.87
3017.21
3017.21
1012.09
1012.09
1617.54
1617.54
2831.62
2831.62
2617.16
2617.16
2736.19
2736.19
2665.91
2665.91
3250.68
3250.68
1457.48
1457.48
3661.66
3661.66
915.04
915.04
3609.65
3609.65
3609.65
1311.18
1311.18
1311.18
2805.86
2805.86
3960.31
3960.31
3923.46
3923.46
2315.78
2315.78
2315.78
18.09
2111.72
2111.72
2111.72
2111.72
2111.72
2111.72
1916.03
1916.03
2211.20
2211.20
4577.82
4577.82
1746.78
1746.78
2050.11
2050.11
2043.50
2043.50
2492.55
2492.55
2853.76
2853.76
3333.25
3333.25
3333.25
4299.01
2933.20
2933.20
3128.62
3128.62
3110.40
3110.40
3110.40
3110.40
3110.40
3110.40
2657.90
2657.90
1072.98
1072.98
3784.81
3784.81
1028.58
1028.58
19.40
19.40
4385.76
4385.76
4974.91
4974.91
357.97
357.97
2961.33
2961.33
3038.08
3038.08
2866.36
2866.36
3478.38
3478.38
3632.39
3632.39
3682.70
3682.70
3146.14
3146.14
3146.14
3146.14
3146.14
2011.53
16.78
16.78
185.72
185.72
1966.50
1966.50
3107.51
3107.51
3107.51
2806.29
4072.85
4072.85
3416.92
3416.92
901.73
901.73
3177.60
3177.60
477.45
477.45
578.91
578.91
578.91
578.91
976.96
976.96
269.16
3020.64
24.44
24.44
1807.65
1807.65
1794.19
1794.19
689.61
689.61
3640.70
3640.70
3640.70
5329.88
5329.88
5329.88
5329.88
4184.43
4184.43
4067.03
4067.03
4067.03
4067.03
5199.64
5199.64
5199.64
5199.64
4296.46
4296.46
3853.22
3853.22
3281.28
3281.28
3173.39
3173.39
4041.53
4041.53
2351.44
2351.44
2351.44
2351.44
3634.25
3634.25
4104.99
4104.99
4268.69
4268.69
2303.96
2303.96
2258.34
2258.34
2935.48
3848.12
3848.12
3848.12
4559.61
4559.61
2724.66
2724.66
3720.73
3720.73
4184.55
4184.55
2537.27
2537.27
2745.84
2745.84
4242.56
4242.56
2811.23
2811.23
3556.10
3556.10
3183.98
3183.98
3514.73
3514.73
1938.15
1938.15
3327.58
3327.58
2464.06
2464.06
3521.95
3521.95
3346.78
3346.78
3994.93
3994.93
4332.83
4332.83
3651.83
3651.83
3651.65
3651.65
3885.24
3885.24
3715.31
3715.31
3715.31
3715.31
1265.48
1265.48
3435.01
3435.01
2927.62
2927.62
5511.72
5511.72
4441.79
4441.79
2576.08
2576.08
3969.75
3969.75
4144.14
4144.14
829.49
829.49
1847.33
1847.33
2692.64
2692.64
1888.08
1888.08
2950.15
2950.15
2556.96
2556.96
3425.03
3425.03
2151.06
2151.06
4345.58
4345.58
3591.13
3591.13
3567.97
3567.97
2901.13
2901.13
3387.88
3387.88
2849.29
2849.29
26.69
26.69
53.53
53.53
969.93
969.93
48.90
48.90
3210.30
3210.30
1448.67
1448.67
3855.03
3855.03
3373.91
3373.91
1085.07
1085.07
3137.66
3137.66
3071.51
3071.51
74.14
74.14
3758.34
3758.34
2788.94
2788.94
3201.65
3201.65
2331.33
2331.33
552.76
552.76
2218.87
2218.87
115.48
115.48
3618.22
3618.22
28.11
28.11
631.58
631.58
180.13
180.13
216.53
216.53
326.06
326.06
1419.09
1419.09
1519.87
1519.87
485.02
485.02
4393.10
4393.10
27.83
27.83
3461.79
3461.79
2612.64
2612.64
3011.86
3011.86
3590.94
3590.94
2471.66
2471.66
3102.90
3102.90
2075.20
2075.20
1500.69
1500.69
1049.82
1049.82
3171.59
3171.59
1291.54
1291.54
1577.50
1577.50
1940.33
1940.33
1936.07
1936.07
1422.37
1422.37
58.91
58.91
66.95
66.95
10.00
10.00
1907.29
1907.29
88.11
88.11
4186.91
4186.91
1850.36
1850.36
3284.52
3284.52
1664.42
1664.42
2557.85
2557.85
916.99
916.99
1573.29
1573.29
1573.29
1724.84
1724.84
3478.02
1993.15
1993.15
3200.84
3200.84
2256.74
2256.74
398.92
398.92
2645.54
2645.54
263.10
263.10
2407.51
2407.51
37.69
37.69
1562.68
1562.68
3842.30
3842.30
3769.96
3769.96
3117.98
3117.98
129.88
129.88
4523.80
4523.80
262.36
262.36
1141.22
1141.22
169.53
169.53
86.75
86.75
1304.00
1304.00
186.22
186.22
1483.19
1483.19
10.00
10.00
53.77
53.77
24.59
24.59
1320.65
1320.65
2839.85
2839.85
795.71
795.71
13.07
13.07
68.51
68.51
2787.17
2787.17
2025.89
2025.89
96.42
96.42
101.14
101.14
1393.72
1393.72
1802.55
1802.55
1052.88
1052.88
3430.09
3430.09
1540.99
1540.99
298.98
298.98
124.13
124.13
4802.08
4802.08
56.29
56.29
36.87
36.87
4204.32
4204.32
1588.91
1588.91
4347.57
4347.57
131.75
131.75
61.28
61.28
413.69
413.69
3419.89
3419.89
1427.96
1427.96
1570.69
1570.69
55.65
55.65
3694.53
3694.53
1462.62
1462.62
2954.09
2954.09
423.65
423.65
2544.05
2544.05
1837.37
1837.37
17.86
17.86
2457.33
2457.33
17.86
17.86
3534.06
3534.06
2359.61
2359.61
428.79
428.79
1622.28
1622.28
651.41
651.41
317.40
317.40
39.59
39.59
100.83
100.83
1011.43
1011.43
1859.07
1859.07
1994.39
1994.39
1361.39
1361.39
2428.79
2428.79
2776.34
2776.34
1624.03
1624.03
179.62
179.62
1504.82
1504.82
3413.49
3413.49
3231.77
3231.77
24.48
24.48
3361.25
3361.25
1846.42
1846.42
72.36
72.36
4985.63
4985.63
3870.20
3870.20
3792.47
3792.47
10.00
10.00
1019.56
1019.56
1090.70
1090.70
749.06
749.06
437.67
437.67
1548.95
1548.95
2205.18
2205.18
1759.47
1759.47
1129.88
1129.88
1935.58
1935.58
2930.82
2930.82
2569.57
2569.57
1933.66
1933.66
3949.39
3949.39
1415.60
1415.60
2769.21
2769.21
92.13
92.13
81.32
81.32
10.00
10.00
564.69
564.69
604.49
604.49
2784.82
2784.82
3458.43
3458.43
930.98
930.98
4180.21
4180.21
2310.16
2310.16
214.46
214.46
758.11
758.11
581.12
581.12
368.21
368.21
3282.75
3282.75
3464.86
3464.86
1744.56
1744.56
42.48
42.48
1533.45
1533.45
1710.76
1710.76
4419.74
4419.74
360.58
360.58
2568.04
2568.04
2931.70
2931.70
10.00
10.00
1322.07
1322.07
29.91
29.91
609.55
609.55
1285.06
1285.06
1230.39
1230.39
2554.14
2554.14
4171.40
4171.40
4692.11
4692.11
3971.53
3971.53
4387.14
4387.14
3598.05
3598.05
2564.68
2564.68
4229.05
4229.05
2862.66
2862.66
3080.55
3080.55
4168.69
4168.69
82.81
82.81
807.04
807.04
26.97
26.97
2815.93
2815.93
144.34
144.34
31.89
31.89
2203.18
2203.18
3302.16
3302.16
4111.53
4111.53
4111.53
4111.53
3096.34
3096.34
4952.70
4952.70
2655.88
2655.88
3381.47
3381.47
3523.32
3523.32
3845.91
3845.91
3845.91
3845.91
3845.91
3845.91
3845.91
3845.91
235.18
235.18
748.48
748.48
1027.27
1027.27
1894.24
1894.24
2694.61
2694.61
3400.64
3400.64
4335.85
4335.85
2491.39
2491.39
2491.39
2491.39
2968.80
2968.80
1297.23
1297.23
3659.78
3659.78
4279.40
4279.40
13.32
13.32
3878.98
3878.98
1685.56
1685.56
4370.86
4370.86
3438.90
3438.90
2892.75
2892.75
2653.92
2653.92
3441.42
3441.42
4475.50
4475.50
4887.40
4887.40
3820.94
3820.94
4101.23
4101.23
3816.01
3816.01
3068.71
3068.71
3379.16
3379.16
3379.16
3379.16
3379.16
3379.16
4996.81
4996.81
4663.41
4663.41
3766.10
3766.10
3532.01
3532.01
3161.38
3161.38
3090.37
3090.37
4720.14
4720.14
805.60
805.60
2471.68
2471.68
1731.71
1731.71
3110.60
3110.60
4336.22
4336.22
2259.27
2259.27
3676.35
3676.35
3676.35
3676.35
4701.67
4701.67
2484.51
2484.51
19.71
19.71
2266.30
2266.30
2094.48
2094.48
3239.79
3239.79
2115.66
2115.66
291.80
291.80
3254.10
3254.10
3254.10
3254.10
3254.10
3254.10
796.83
796.83
1866.94
1866.94
38.43
38.43
91.95
91.95
46.72
46.72
1668.23
1668.23
2595.48
2595.48
3265.27
3265.27
68.47
68.47
3491.51
3491.51
1987.77
1987.77
5696.27
5696.27
2683.53
2683.53
2975.51
2975.51
3805.00
3805.00
2309.88
2309.88
2724.15
2724.15
1111.33
1111.33
1208.85
1208.85
3503.68
3503.68
4211.32
4211.32
39.26
39.26
3300.43
3300.43
2477.34
2477.34
4501.80
4501.80
351.72
351.72
1085.63
1085.63
98.81
98.81
2452.11
2452.11
1419.52
1419.52
20.01
20.01
83.97
83.97
24.10
24.10
72.85
72.85
1074.14
1074.14
1074.14
2319.62
3188.40
3188.40
3118.83
3118.83
2659.46
2659.46
1009.98
1009.98
1009.98
453.79
2495.40
2495.40
2557.47
2557.47
3903.26
3903.26
3467.12
3467.12
351.31
351.31
2709.40
2709.40
2709.40
4295.25
1528.88
1528.88
2834.79
2834.79
720.87
720.87
304.53
304.53
4341.23
4341.23
546.79
546.79
2860.25
2860.25
1774.67
1774.67
3371.16
3371.16
1282.78
1282.78
904.01
904.01
1301.82
1301.82
1925.52
1925.52
2522.78
2522.78
2696.11
2696.11
960.91
960.91
3322.97
3322.97
1919.94
1919.94
3873.16
3873.16
53.14
53.14
267.76
267.76
31.26
31.26
47.47
47.47
1881.44
1881.44
2718.07
2718.07
1394.73
1394.73
500.58
500.58
1463.31
1463.31
4441.46
4441.46
1069.14
1069.14
32.20
32.20
2118.68
2118.68
2442.75
2442.75
792.81
792.81
3701.88
3701.88
1837.86
1837.86
3874.95
3874.95
735.80
735.80
4357.34
4357.34
2736.97
2736.97
28.35
28.35
170.43
170.43
103.04
103.04
291.29
291.29
1248.26
1248.26
36.51
36.51
1293.35
1293.35
1871.71
1871.71
180.91
180.91
1846.23
1846.23
2667.90
2667.90
2667.90
4261.33
4261.33
33.52
1216.16
1216.16
13.23
13.23
33.16
33.16
3551.59
3551.59
2713.08
2713.08
3198.75
3198.75
3544.36
3544.36
10.00
10.00
3814.16
3814.16
3881.78
3881.78
4071.69
4071.69
99.54
99.54
1901.36
1901.36
1094.57
1094.57
3420.95
3420.95
16.39
16.39
1500.03
1500.03
3202.21
3202.21
4569.44
4569.44
2915.44
2915.44
2578.82
2578.82
2688.99
2688.99
3849.43
3849.43
4038.95
4038.95
20.75
20.75
4064.68
4064.68
3812.11
3812.11
3936.05
3936.05
3097.23
3097.23
3140.80
3140.80
3712.66
3712.66
2523.29
2523.29
935.24
935.24
5419.57
5419.57
3140.45
3140.45
4367.32
4367.32
27.49
27.49
1327.21
1327.21
2689.64
2689.64
4890.27
4890.27
4837.13
4837.13
4967.94
4967.94
3170.59
3170.59
3584.10
3584.10
4573.20
4573.20
4285.02
4285.02
4025.59
4025.59
4025.59
2783.49
1303.63
1303.63
2278.67
2278.67
2913.25
2913.25
4061.64
4061.64
2207.68
2207.68
914.16
914.16
2439.66
2439.66
60.35
60.35
2012.24
2012.24
2012.24
2884.97
2884.97
2315.41
2315.41
4248.26
4248.26
4937.83
4937.83
3766.85
3766.85
72.24
72.24
2263.34
2263.34
2254.85
2254.85
4168.27
4168.27
14.11
14.11
1924.14
1924.14
3869.18
3869.18
4547.43
4547.43
3127.02
3127.02
1530.66
1530.66
5092.39
5092.39
1703.23
1703.23
2507.18
2507.18
2601.91
2601.91
3840.48
3840.48
3686.78
3686.78
3435.18
3435.18
3672.09
3672.09
3696.35
3696.35
1883.60
1883.60
1883.60
1883.60
3589.16
3589.16
3589.16
3589.16
1055.29
1055.29
3673.12
3673.12
1994.11
1994.11
4029.61
4029.61
3559.93
3559.93
2434.26
2434.26
5153.30
5153.30
1831.63
1831.63
3576.52
3576.52
2708.44
2708.44
3165.37
3165.37
2832.19
2832.19
1323.25
1323.25
3193.38
3193.38
29.99
29.99
33.03
33.03
2608.41
2608.41
2498.14
2498.14
144.02
144.02
977.23
977.23
3373.54
3373.54
1992.12
1992.12
2746.67
2746.67
2831.30
2831.30
1209.07
1209.07
709.29
709.29
1295.95
1295.95
1242.57
1242.57
1140.94
1140.94
1675.78
1675.78
46.50
46.50
1152.56
1152.56
3417.41
3417.41
4073.33
4073.33
14.93
14.93
4638.65
4638.65
2316.36
2316.36
1427.45
1427.45
3885.79
3885.79
2743.80
2743.80
1695.57
1695.57
2766.69
2766.69
2586.78
2586.78
1242.57
1242.57
103.86
103.86
930.08
930.08
1447.07
1447.07
2382.00
2382.00
2855.60
2855.60
4244.19
4244.19
2182.51
2182.51
2563.76
2563.76
74.50
74.50
18.21
18.21
114.77
114.77
38.07
38.07
229.78
229.78
15.29
15.29
2634.99
2634.99
67.66
67.66
4257.00
4257.00
4282.53
4282.53
4696.67
4696.67
6207.74
6207.74
425.58
425.58
4726.91
4726.91
2481.71
2481.71
1073.49
1073.49
3291.51
3291.51
1221.76
1221.76
518.45
518.45
16.48
16.48
3722.82
3722.82
922.51
922.51
34.67
34.67
4006.43
4006.43
18.38
18.38
3779.34
3779.34
4115.44
4115.44
282.48
282.48
254.05
254.05
543.49
543.49
853.71
853.71
868.32
868.32
1870.94
1870.94
3806.79
3806.79
3993.45
3993.45
885.95
885.95
3498.80
3498.80
13.54
13.54
3091.71
3091.71
1432.83
1432.83
1018.46
1018.46
2906.69
2906.69
609.44
609.44
783.95
783.95
783.95
1526.60
394.99
394.99
2308.08
2308.08
2964.87
2964.87
4389.76
4389.76
1251.46
1251.46
597.73
597.73
3279.97
3279.97
2942.53
2942.53
2994.20
2994.20
26.22
26.22
2122.96
2122.96
1598.13
1598.13
4318.82
4318.82
60.53
60.53
4127.17
4127.17
3412.04
3412.04
813.41
813.41
1232.08
1232.08
2083.64
2083.64
2553.13
2553.13
541.23
541.23
1249.33
1249.33
2866.69
2866.69
1775.44
1775.44
3345.18
3345.18
4209.07
4209.07
1964.18
1964.18
3101.20
3101.20
4080.12
4080.12
2798.85
2798.85
1555.84
1555.84
122.14
122.14
1884.64
1884.64
759.11
759.11
1842.51
1842.51
1286.43
1286.43
69.57
69.57
4280.81
4280.81
4299.99
4299.99
97.46
97.46
2433.50
2433.50
5151.18
5151.18
2867.80
2867.80
2384.61
2384.61
1114.73
1114.73
3969.01
3969.01
60.10
60.10
4336.66
4336.66
2386.21
2386.21
1728.66
1728.66
849.60
849.60
42.08
42.08
3842.39
3842.39
4260.78
4260.78
4260.78
4260.78
3573.14
3573.14
2970.37
2970.37
4381.43
4381.43
960.24
960.24
4126.69
4126.69
603.38
603.38
3406.43
3406.43
5405.30
5405.30
3675.09
3675.09
3492.91
3492.91
4662.32
4662.32
2720.61
2720.61
3549.22
3549.22
2416.07
2416.07
3130.00
3130.00
42.27
42.27
2356.32
2356.32
2425.23
2425.23
5810.16
5810.16
1124.93
1124.93
62.11
62.11
36.77
36.77
37.39
37.39
1924.00
1924.00
232.78
232.78
2012.68
2012.68
1724.77
1724.77
31.59
31.59
234.53
234.53
1263.88
1263.88
210.22
210.22
429.06
429.06
2935.99
2935.99
1265.52
1265.52
2826.26
2826.26
2262.12
2262.12
51.52
51.52
33.53
33.53
192.06
192.06
81.29
81.29
903.54
903.54
1727.46
1727.46
1384.39
1384.39
1690.69
1690.69
4501.02
4501.02
2608.66
2608.66
1336.26
1336.26
2843.96
2843.96
3269.97
3269.97
2804.60
2804.60
2687.95
2687.95
2139.44
2139.44
3233.92
3233.92
2853.81
2853.81
2853.81
2853.81
2853.81
2853.81
3797.28
3797.28
2312.46
2312.46
3784.45
3784.45
1907.93
1907.93
3078.26
3078.26
2394.04
2394.04
3642.43
3642.43
5152.68
5152.68
3579.61
3579.61
1349.35
1349.35
1995.41
1995.41
4835.49
4835.49
328.06
328.06
3756.82
3756.82
3756.82
3756.82
4504.71
4504.71
5113.32
5113.32
5228.53
5228.53
3202.35
3202.35
2337.09
2337.09
4070.42
4070.42
4250.51
4250.51
4250.51
4250.51
4250.51
4250.51
102.27
102.27
192.03
192.03
2422.04
2422.04
2045.57
2045.57
4259.29
4259.29
5801.54
5801.54
557.83
557.83
3486.80
3486.80
4834.78
4834.78
2926.04
2926.04
3645.63
3645.63
84.39
84.39
4149.35
4149.35
4105.60
4105.60
2919.37
2919.37
5341.22
5341.22
3142.38
3142.38
5558.14
5558.14
5215.67
5215.67
5215.67
5215.67
5215.67
5215.67
5215.67
5215.67
109.90
109.90
46.19
46.19
194.85
194.85
2681.69
2681.69
2681.69
2681.69
1900.86
1900.86
248.53
248.53
3836.39
3836.39
3236.51
3236.51
3236.51
3236.51
3236.51
3236.51
1740.58
1740.58
4098.32
4098.32
54.00
54.00
3358.55
3358.55
3422.63
3422.63
4803.59
4803.59
2841.11
2841.11
3509.04
3509.04
2644.56
2644.56
378.55
378.55
341.89
341.89
2069.84
2069.84
246.47
246.47
130.38
130.38
348.60
348.60
1595.63
1595.63
1347.25
1347.25
1572.24
1572.24
3086.33
3086.33
2533.82
2533.82
1821.00
1821.00
4165.06
4165.06
4079.25
4079.25
2757.69
2757.69
2050.56
2050.56
2645.84
2645.84
3524.76
3524.76
3148.51
3148.51
3621.18
3621.18
4739.30
4739.30
1506.17
1506.17
3240.17
3240.17
1722.95
1722.95
3228.82
3228.82
3206.79
3206.79
132.32
132.32
2722.15
2722.15
1760.15
1760.15
1824.69
1824.69
237.03
237.03
713.03
713.03
63.86
63.86
2708.57
2708.57
3298.48
3298.48
3298.48
2377.14
3368.19
3368.19
3078.55
3078.55
1547.88
1547.88
2766.55
2766.55
3627.44
3627.44
1830.27
1830.27
3451.39
3451.39
3341.86
3341.86
3406.44
3406.44
1707.60
1707.60
2843.37
2843.37
3755.58
3755.58
4581.54
4581.54
3001.90
3001.90
5404.55
5404.55
4770.59
4770.59
5094.48
5094.48
4435.45
4435.45
2429.21
2429.21
3992.95
3992.95
2275.67
2275.67
3600.62
3600.62
5536.68
5536.68
5463.30
5463.30
1164.75
1164.75
3930.82
3930.82
4504.23
4504.23
3784.06
3784.06
1623.34
1623.34
3153.65
3153.65
3153.65
3153.65
3153.65
3153.65
3153.65
3153.65
2271.89
2271.89
2348.78
2348.78
3300.29
3300.29
4238.15
4238.15
3408.77
3408.77
3882.56
3882.56
4294.96
4294.96
4282.26
4282.26
4282.26
4282.26
5138.24
5138.24
4343.70
4343.70
3173.25
3173.25
3927.15
3927.15
4847.59
4847.59
5664.57
5664.57
3862.01
3862.01
5056.84
5056.84
4030.88
4030.88
6081.46
6081.46
3543.51
3543.51
3543.51
3543.51
3543.51
3543.51
3604.38
3604.38
166.92
166.92
3798.69
3798.69
2771.38
2771.38
3935.72
3935.72
3935.72
3935.72
2537.94
2537.94
2839.93
2839.93
970.58
970.58
3102.10
3102.10
38.44
38.44
2350.38
2350.38
258.97
258.97
3959.17
3959.17
3618.47
3618.47
5353.63
5353.63
5136.52
5136.52
5136.52
5136.52
5873.90
5873.90
6507.76
6507.76
3765.02
3765.02
3765.02
3765.02
3765.02
3765.02
3782.75
3782.75
3557.32
3557.32
4728.73
4728.73
4728.73
4728.73
4880.75
4880.75
3050.40
3050.40
3494.11
3494.11
2009.50
2009.50
556.56
556.56
5696.62
5696.62
3815.05
3815.05
3496.53
3496.53
4481.99
4481.99
3844.12
3844.12
4891.69
4891.69
4654.17
4654.17
59.88
59.88
4675.74
4675.74
3212.64
3212.64
272.51
272.51
22.03
22.03
960.84
960.84
1011.53
1011.53
4571.23
4571.23
3655.44
3655.44
1256.12
1256.12
357.24
357.24
272.88
272.88
272.88
512.53
19.81
19.81
19.81
642.18
2594.29
2594.29
5079.25
5079.25
5079.25
5079.25
1766.34
1766.34
4870.09
4870.09
4422.56
4422.56
2510.61
2510.61
3364.09
3364.09
971.52
971.52
1611.61
1611.61
4170.45
4170.45
3146.00
3146.00
4022.88
4022.88
597.41
597.41
3882.29
3882.29
1500.27
1500.27
4263.11
4263.11
23.26
23.26
26.53
26.53
15.71
15.71
2224.38
2224.38
2577.24
2577.24
143.90
143.90
12.68
12.68
147.43
147.43
3446.38
3446.38
3230.67
3230.67
3321.60
3321.60
21.58
21.58
1431.81
1431.81
3883.74
3883.74
3883.74
3772.81
4116.62
4116.62
3648.99
3648.99
6109.88
6109.88
2705.22
2705.22
3679.03
3679.03
813.95
813.95
2009.90
2009.90
3253.84
3253.84
2662.15
2662.15
2163.76
2163.76
822.14
822.14
2770.34
2770.34
1804.35
1804.35
476.86
476.86
2730.23
2730.23
791.20
791.20
791.20
2954.13
2832.14
2832.14
2646.18
2646.18
2646.18
2107.58
1004.33
1004.33
1004.33
3081.08
3081.08
4129.53
4129.53
3203.59
3203.59
5244.11
5244.11
52.29
52.29
1276.30
1276.30
116.27
116.27
1897.11
1897.11
102.27
102.27
251.17
251.17
203.77
203.77
77.53
77.53
251.79
251.79
10.00
10.00
679.10
679.10
2390.73
2390.73
2860.46
2860.46
51.40
51.40
897.67
897.67
263.19
263.19
2752.00
2752.00
85.74
85.74
1341.15
1341.15
2969.66
2969.66
2601.72
2601.72
2447.83
2447.83
3015.88
3015.88
2497.27
2497.27
59.86
59.86
2124.33
2124.33
2587.18
2587.18
1989.22
1989.22
116.74
116.74
1734.76
1734.76
1558.32
1558.32
40.95
40.95
1210.41
1210.41
2806.02
2806.02
404.86
404.86
1615.77
1615.77
37.01
37.01
37.09
37.09
97.73
97.73
843.39
843.39
1598.76
1598.76
2784.12
2784.12
1465.84
1465.84
1964.57
1964.57
2924.50
2924.50
1851.40
1851.40
811.10
811.10
337.73
337.73
2921.95
2921.95
44.91
44.91
105.80
105.80
517.89
517.89
920.85
920.85
31.61
31.61
1800.28
1800.28
104.60
104.60
2603.84
2603.84
26.18
26.18
29.84
29.84
2691.57
2691.57
202.20
202.20
1164.62
1164.62
34.73
34.73
1771.22
1771.22
18.12
18.12
66.97
66.97
2785.17
2785.17
24.57
24.57
2529.96
2529.96
1318.31
1318.31
70.38
70.38
1060.25
1060.25
98.72
98.72
1741.53
1741.53
1776.40
1776.40
2514.00
2514.00
3411.06
3411.06
4630.30
4630.30
1973.55
1973.55
2812.80
2812.80
3169.75
3169.75
2073.81
2073.81
37.29
37.29
4332.60
4332.60
4821.49
4821.49
1530.05
1530.05
4564.03
4564.03
47.88
47.88
4411.20
4411.20
1931.49
1931.49
1931.49
2051.03
2383.63
2383.63
5298.55
5298.55
5128.09
5128.09
652.59
652.59
3145.13
3145.13
4714.91
4714.91
3854.81
3854.81
27.17
27.17
3903.34
3903.34
3461.37
3461.37
59.81
59.81
3806.97
3806.97
4020.88
4020.88
4704.42
4704.42
170.97
170.97
4200.26
4200.26
4163.87
4163.87
4296.62
4296.62
1732.26
1732.26
2802.30
2802.30
2472.69
2472.69
5314.65
5314.65
3261.04
3261.04
4219.46
4219.46
3669.28
3669.28
5589.14
5589.14
3335.26
3335.26
227.40
227.40
25.83
25.83
4779.87
4779.87
4779.87
4779.87
4779.87
4779.87
3510.22
3510.22
3538.56
3538.56
3354.74
3354.74
901.25
901.25
728.81
728.81
3200.82
3200.82
10.00
10.00
4165.65
4165.65
5372.21
5372.21
3961.60
3961.60
1356.51
1356.51
2716.34
2716.34
2909.01
2909.01
4812.35
4812.35
5670.35
5670.35
5670.35
5670.35
5670.35
5670.35
1838.88
1838.88
803.38
803.38
2801.72
2801.72
2632.61
2632.61
5300.39
5300.39
3839.32
3839.32
2681.19
2681.19
1425.25
1425.25
4001.70
4001.70
3070.57
3070.57
4468.05
4468.05
3645.92
3645.92
4529.55
4529.55
3101.92
3101.92
3269.01
3269.01
5691.85
5691.85
1761.67
1761.67
941.89
941.89
4731.87
4731.87
4309.67
4309.67
10.00
10.00
3010.39
3010.39
4077.50
4077.50
2610.75
2610.75
2610.75
2610.75
216.14
216.14
3767.51
3767.51
3408.79
3408.79
3829.67
3829.67
2748.92
2748.92
3797.06
3797.06
2664.20
2664.20
3052.61
3052.61
3271.10
3271.10
3382.14
3382.14
2466.01
2466.01
1783.53
1783.53
4682.35
4682.35
4682.35
4682.35
5041.98
5041.98
3810.26
3810.26
5297.75
5297.75
3293.77
3293.77
1411.99
1411.99
3357.18
3357.18
5015.11
5015.11
2102.77
2102.77
92.61
92.61
1844.58
1844.58
3512.41
3512.41
3729.66
3729.66
3666.47
3666.47
3229.44
3229.44
4249.96
4249.96
351.31
351.31
142.28
142.28
127.03
127.03
5996.86
5996.86
48.67
48.67
5581.61
5581.61
2735.34
2735.34
2276.57
2276.57
23.57
23.57
10.00
10.00
319.26
319.26
45.43
45.43
4159.47
4159.47
930.10
930.10
489.52
489.52
2930.32
2930.32
95.44
95.44
144.15
144.15
2035.78
2035.78
157.46
157.46
198.06
198.06
1455.02
1455.02
1897.57
1897.57
1678.62
1678.62
2996.59
2996.59
1628.81
1628.81
3152.42
3152.42
2194.02
2194.02
2536.42
2536.42
65.56
65.56
110.63
110.63
168.57
168.57
3497.97
3497.97
192.38
192.38
518.75
518.75
62.30
62.30
1623.56
1623.56
1623.56
1456.25
2607.52
2607.52
248.46
248.46
47.37
47.37
3353.48
3353.48
3353.48
3353.48
2438.52
2438.52
3077.57
3077.57
2747.34
2747.34
3022.85
3022.85
1411.53
1411.53
1915.42
1915.42
1033.05
1033.05
536.15
536.15
15.74
15.74
117.18
117.18
117.18
173.62
3809.49
3809.49
64.58
64.58
235.85
235.85
2468.79
2468.79
679.38
679.38
28.58
28.58
3578.52
3578.52
4314.06
4314.06
1712.57
1712.57
3861.00
3861.00
3861.00
279.76
3071.36
3071.36
54.29
54.29
23.82
23.82
40.21
40.21
106.69
106.69
559.57
559.57
497.58
497.58
3068.24
3068.24
2588.99
2588.99
4528.93
4528.93
4515.66
4515.66
416.90
416.90
2774.23
2774.23
2063.43
2063.43
2885.50
2885.50
4801.81
4801.81
3169.47
3169.47
3265.17
3265.17
3090.55
3090.55
3101.89
3101.89
1275.07
1275.07
3773.12
3773.12
4893.04
4893.04
4893.04
4893.04
4929.47
4929.47
3481.11
3481.11
2437.23
2437.23
3830.13
3830.13
3703.34
3703.34
2784.56
2784.56
1419.40
1419.40
1630.18
1630.18
2714.33
2714.33
677.00
677.00
4915.73
4915.73
5712.36
5712.36
5566.20
5566.20
2931.36
2931.36
1521.18
1521.18
1301.50
1301.50
459.94
459.94
403.53
403.53
2901.67
2901.67
2857.22
2857.22
26.28
26.28
3929.62
3929.62
3771.70
3771.70
3787.00
3787.00
5680.18
5680.18
2989.20
2989.20
3676.04
3676.04
3334.64
3334.64
2681.41
2681.41
5114.28
5114.28
3876.56
3876.56
636.76
636.76
4103.37
4103.37
4103.37
3185.75
4862.78
4862.78
21.87
21.87
6457.73
6457.73
6457.73
6457.73
6457.73
6457.73
4845.89
4845.89
4556.10
4556.10
3597.63
3597.63
4901.34
4901.34
3524.25
3524.25
1613.00
1613.00
1999.62
1999.62
4377.59
4377.59
4340.61
4340.61
4340.61
4340.61
5760.56
5760.56
3438.99
3438.99
5875.87
5875.87
4092.60
4092.60
4092.60
4092.60
2504.99
2504.99
5530.72
5530.72
3155.71
3155.71
3787.08
3787.08
4981.97
4981.97
22.64
22.64
3483.09
3483.09
4664.32
4664.32
4161.97
4161.97
1578.99
1578.99
3750.21
3750.21
5037.25
5037.25
33.98
33.98
38.55
38.55
1212.88
1212.88
1067.03
1067.03
239.28
239.28
1283.43
1283.43
1192.89
1192.89
4257.90
4257.90
4132.73
4132.73
1950.55
1950.55
4765.18
4765.18
3747.54
3747.54
216.15
216.15
3346.08
3346.08
2412.13
2412.13
1651.92
1651.92
703.40
703.40
254.71
254.71
476.08
476.08
249.64
249.64
76.59
76.59
4676.78
4676.78
3280.19
3280.19
3280.19
4778.54
363.51
363.51
32.59
32.59
1538.93
1538.93
3863.25
3863.25
3320.07
3320.07
1135.13
1135.13
5203.60
5203.60
763.67
763.67
2129.95
2129.95
3893.90
3893.90
6117.90
6117.90
5647.97
5647.97
1266.87
1266.87
4714.16
4714.16
5875.34
5875.34
4952.38
4952.38
5549.20
5549.20
4729.42
4729.42
3524.40
3524.40
672.99
672.99
2486.31
2486.31
5635.23
5635.23
3555.45
3555.45
3344.86
3344.86
783.94
783.94
3778.12
3778.12
4239.51
4239.51
5177.65
5177.65
4374.58
4374.58
44.34
44.34
3785.73
3785.73
2821.41
2821.41
4622.56
4622.56
1438.29
1438.29
4247.74
4247.74
264.04
264.04
1196.99
1196.99
1654.07
1654.07
1699.32
1699.32
1014.14
1014.14
2834.99
2834.99
6133.15
6133.15
4446.26
4446.26
40.19
40.19
2750.23
2750.23
5960.50
5960.50
5355.72
5355.72
4194.97
4194.97
2980.09
2980.09
205.00
205.00
3323.45
3323.45
4049.74
4049.74
4157.01
4157.01
3440.76
3440.76
3735.77
3735.77
2702.53
2702.53
3388.65
3388.65
4539.53
4539.53
4539.53
4042.62
4131.07
4131.07
255.12
255.12
1755.51
1755.51
3130.05
3130.05
43.59
43.59
3924.30
3924.30
4212.50
4212.50
4647.28
4647.28
3684.05
3684.05
2813.52
2813.52
5031.47
5031.47
104.17
104.17
42.56
42.56
105.99
105.99
1117.13
1117.13
4421.93
4421.93
634.06
634.06
4346.12
4346.12
4949.72
4949.72
4112.42
4112.42
5051.49
5051.49
4649.29
4649.29
3432.97
3432.97
2077.28
2077.28
4169.31
4169.31
4740.32
4740.32
4753.18
4753.18
3827.67
3827.67
4203.78
4203.78
4031.34
4031.34
1158.10
1158.10
3451.48
3451.48
4488.28
4488.28
4651.17
4651.17
6139.05
6139.05
4229.80
4229.80
818.58
818.58
3253.21
3253.21
5266.35
5266.35
5266.35
3934.23
4875.27
4875.27
3290.51
3290.51
2105.49
2105.49
3833.85
3833.85
3138.46
3138.46
5643.91
5643.91
5302.04
5302.04
3768.58
3768.58
3877.20
3877.20
3874.03
3874.03
10.00
10.00
90.54
90.54
260.10
260.10
106.54
106.54
4739.95
4739.95
4739.95
149.02
31.60
31.60
31.60
1451.97
4036.51
4036.51
69.69
69.69
69.69
4124.10
4124.10
4701.50
4701.50
4701.50
4159.08
4159.08
3754.81
3754.81
3754.81
4100.21
4100.21
4100.21
4100.21
4100.21
4100.21
4100.21
4100.21
3442.00
3442.00
4549.18
4549.18
3752.07
3752.07
5894.19
5894.19
6559.45
6559.45
5916.90
5916.90
50.30
50.30
2771.50
2771.50
5455.24
5455.24
3960.18
3960.18
5233.40
5233.40
4581.28
4581.28
5202.76
5202.76
5428.85
5428.85
5428.85
5428.85
2637.59
2637.59
368.18
368.18
5028.25
5028.25
4534.78
4534.78
143.86
143.86
6524.89
6524.89
60.44
60.44
2546.61
2546.61
4485.45
4485.45
868.83
868.83
2517.32
2517.32
4262.57
4262.57
4576.80
4576.80
2411.07
2411.07
3039.88
3039.88
3608.65
3608.65
3996.75
3996.75
3996.75
3996.75
3857.26
3857.26
3857.26
3857.26
4985.92
4985.92
6204.77
6204.77
2885.45
2885.45
3941.36
3941.36
3941.36
3941.36
4911.38
4911.38
4911.38
4911.38
4911.38
4911.38
4532.30
4532.30
5928.84
5928.84
4621.80
4621.80
3224.56
3224.56
3068.85
3068.85
5235.37
5235.37
5235.37
5235.37
5614.86
5614.86
1942.49
1942.49
4301.96
4301.96
4301.96
4301.96
5882.06
5882.06
5882.06
5882.06
4313.25
4313.25
101.20
101.20
173.84
173.84
1629.79
1629.79
884.17
884.17
137.30
137.30
1212.68
1212.68
106.56
106.56
1256.46
1256.46
1472.26
1472.26
1600.30
1600.30
3606.32
3606.32
861.18
861.18
3399.00
3399.00
4960.33
4960.33
54.06
54.06
1230.54
1230.54
117.28
117.28
3320.72
3320.72
4520.95
4520.95
3829.43
3829.43
5886.72
5886.72
4931.98
4931.98
2414.60
2414.60
261.08
261.08
4033.06
4033.06
2201.05
2201.05
103.90
103.90
926.68
926.68
41.81
41.81
3769.30
3769.30
5327.91
5327.91
2079.33
2079.33
3727.29
3727.29
2368.58
2368.58
5245.84
5245.84
3475.54
3475.54
4036.46
4036.46
3313.96
3313.96
1764.78
1764.78
2446.17
2446.17
2871.98
2871.98
4494.63
4494.63
2526.22
2526.22
44.30
44.30
3819.54
3819.54
3903.53
3903.53
3799.34
3799.34
3047.02
3047.02
4757.43
4757.43
5530.97
5530.97
4122.59
4122.59
837.92
837.92
1502.62
1502.62
19.60
19.60
4166.43
4166.43
4567.77
4567.77
4003.10
4003.10
4836.87
4836.87
1164.06
1164.06
3561.92
3561.92
2533.68
2533.68
3497.17
3497.17
101.78
101.78
4695.87
4695.87
4272.76
4272.76
3742.71
3742.71
991.49
991.49
3762.28
3762.28
1153.94
1153.94
3074.10
3074.10
4488.31
4488.31
1618.66
1618.66
1634.35
1634.35
4047.13
4047.13
757.75
757.75
2494.96
2494.96
40.80
40.80
2175.44
2175.44
1268.15
1268.15
3427.82
3427.82
29.45
29.45
591.35
591.35
42.49
42.49
164.13
164.13
2275.89
2275.89
149.06
149.06
276.10
276.10
71.48
71.48
2983.57
2983.57
27.38
27.38
27.38
1577.17
23.44
23.44
1132.00
1132.00
22.72
22.72
5024.29
5024.29
742.30
742.30
4072.80
4072.80
3297.03
3297.03
4024.17
4024.17
4222.34
4222.34
3120.09
3120.09
60.30
60.30
1689.98
1689.98
4516.18
4516.18
4516.18
4516.18
95.88
95.88
3895.90
3895.90
2295.21
2295.21
3459.23
3459.23
2236.20
2236.20
4044.17
4044.17
4044.17
4044.17
5264.76
5264.76
4757.74
4757.74
5015.29
5015.29
3136.48
3136.48
1799.56
1799.56
1799.56
1799.56
2002.20
2002.20
17.27
17.27
60.56
60.56
6988.23
6988.23
468.43
468.43
2893.18
2893.18
1786.11
1786.11
5038.50
5038.50
4050.64
4050.64
4175.59
4175.59
3535.34
3535.34
1209.34
1209.34
4270.17
4270.17
3995.06
3995.06
3995.06
3995.06
4700.51
4700.51
6063.98
6063.98
2630.01
2630.01
3775.88
3775.88
3597.18
3597.18
1682.62
1682.62
3735.05
3735.05
4019.64
4019.64
91.37
91.37
356.61
356.61
1737.46
1737.46
2773.54
2773.54
3269.68
3269.68
37.85
37.85
142.06
142.06
1765.23
1765.23
2218.69
2218.69
2658.67
2658.67
431.12
431.12
3997.45
3997.45
2364.27
2364.27
4002.65
4002.65
4002.65
4002.65
4002.65
4002.65
4226.06
4226.06
13.08
13.08
23.99
23.99
4311.30
4311.30
16.01
16.01
3642.37
3642.37
3642.37
3642.37
419.27
419.27
4798.13
4798.13
3159.97
3159.97
3182.05
3182.05
1732.91
1732.91
2227.44
2227.44
3665.81
3665.81
4198.16
4198.16
744.35
744.35
5413.42
5413.42
3238.33
3238.33
408.99
408.99
1472.67
1472.67
25.62
25.62
614.76
614.76
2412.84
2412.84
3835.71
3835.71
3855.20
3855.20
2485.94
2485.94
4135.65
4135.65
2289.27
2289.27
530.72
530.72
2466.20
2466.20
2930.65
2930.65
3233.82
3233.82
4289.38
4289.38
2303.07
2303.07
2303.07
2303.07
2303.07
2303.07
2303.07
2303.07
32.94
32.94
1096.98
1096.98
1929.32
1929.32
1497.44
1497.44
1497.44
1025.16
1025.16
1513.38
1766.84
1766.84
2461.19
2461.19
1156.24
1156.24
3085.07
3085.07
3047.07
3047.07
1984.56
1984.56
2768.66
2768.66
3463.19
3463.19
3351.48
3351.48
4004.90
4004.90
970.79
970.79
1706.01
1706.01
2224.76
2224.76
3302.66
3302.66
2741.55
2741.55
1803.74
1803.74
464.87
464.87
25.79
25.79
2489.19
2489.19
2059.11
2059.11
5371.42
5371.42
2913.01
2913.01
2765.20
2765.20
3466.73
3466.73
3055.20
3055.20
4074.73
4074.73
565.16
565.16
294.70
294.70
449.71
449.71
2356.31
2356.31
2314.23
2314.23
512.18
512.18
41.27
41.27
41.27
10.00
2515.28
2515.28
2774.42
2774.42
4501.43
4501.43
2622.85
2622.85
65.61
65.61
1119.09
1119.09
1772.31
1772.31
1233.22
1233.22
2915.42
2915.42
2159.62
2159.62
2416.35
2416.35
2622.92
2622.92
1592.43
1592.43
2710.89
2710.89
3761.62
3761.62
2334.10
2334.10
2415.93
2415.93
3270.63
3270.63
2867.47
2867.47
3554.41
3554.41
921.15
921.15
777.93
777.93
2138.29
2138.29
1239.70
1239.70
1239.70
391.44
391.44
45.47
2442.70
2442.70
373.28
373.28
316.91
316.91
3218.47
3218.47
1785.42
1785.42
3138.77
3138.77
2772.05
2772.05
307.18
307.18
66.28
66.28
1013.86
1013.86
884.60
884.60
31.59
31.59
2050.37
2050.37
29.04
29.04
1208.70
1208.70
36.29
36.29
1145.68
1145.68
1774.76
1774.76
1728.61
1728.61
69.16
69.16
121.51
121.51
2148.28
2148.28
1736.94
1736.94
546.39
546.39
172.29
172.29
36.09
36.09
79.45
79.45
1420.05
1420.05
783.19
783.19
159.10
159.10
49.13
49.13
69.85
69.85
1044.50
1044.50
1183.39
1183.39
2427.99
2427.99
3599.17
3599.17
40.82
40.82
1988.02
1988.02
617.17
617.17
1069.88
1069.88
33.64
33.64
36.92
36.92
62.14
62.14
2164.83
2164.83
2003.49
2003.49
142.92
142.92
1550.99
1550.99
21.83
21.83
1737.15
1737.15
1737.15
533.86
628.25
628.25
74.29
74.29
697.66
697.66
4144.85
4144.85
2123.95
2123.95
2579.05
2579.05
2579.05
2686.64
3609.20
3609.20
3609.20
1285.71
1354.95
1354.95
443.76
443.76
315.91
315.91
2340.78
2340.78
4231.88
4231.88
1757.19
1757.19
2246.12
2246.12
2246.12
2246.12
2246.12
2246.12
2246.12
2246.12
1889.56
1889.56
1889.56
2289.63
2289.63
4042.62
19.62
19.62
2369.64
2369.64
1347.98
1347.98
2875.48
2875.48
2875.48
1663.89
3307.79
3307.79
888.12
888.12
2543.96
2543.96
2782.28
2782.28
752.52
752.52
1686.48
1686.48
2774.97
2774.97
14.83
14.83
2627.59
2627.59
58.21
58.21
2039.00
2039.00
1695.23
1695.23
444.28
444.28
444.28
561.85
3757.33
3757.33
39.24
39.24
1554.20
1554.20
1492.90
1492.90
52.44
52.44
2524.44
2524.44
148.22
148.22
2298.80
2298.80
1225.07
1225.07
3589.59
3589.59
1119.35
1119.35
1119.35
398.36
398.36
540.18
74.98
74.98
1405.81
1405.81
2692.86
2692.86
2938.13
2938.13
376.89
376.89
2332.13
2332.13
2332.13
1485.40
2452.18
2452.18
2867.20
2867.20
2817.55
2817.55
2405.54
2405.54
523.43
523.43
2578.38
2578.38
1667.18
1667.18
1623.27
1623.27
1623.27
2823.35
2085.85
2085.85
2085.85
2895.36
2895.36
2898.51
3329.36
3329.36
2950.65
2950.65
2163.97
2163.97
3169.27
3169.27
4287.08
4287.08
4287.08
2597.42
3893.49
3893.49
4683.29
4683.29
2872.17
2872.17
2445.43
2445.43
2924.41
2924.41
2924.41
4576.00
4576.00
2853.95
2015.42
2015.42
2015.42
2602.18
2478.47
2478.47
3314.45
3314.45
3314.45
3314.45
3314.45
3314.45
3314.45
3314.45
3751.43
3751.43
2393.98
2393.98
4071.45
4071.45
2029.36
2029.36
4104.65
4104.65
3832.74
3832.74
1592.56
1592.56
2667.63
2667.63
2667.63
2937.37
3037.50
3037.50
1811.51
1811.51
1811.51
3093.68
3093.68
3093.68
3093.68
3093.68
2037.59
2037.59
3620.74
3620.74
3501.98
3501.98
1937.75
1937.75
3239.95
3239.95
1300.85
1300.85
3631.17
3631.17
1470.03
1470.03
2856.44
2856.44
2269.17
2269.17
2269.17
3037.56
3037.56
2072.43
2388.39
2388.39
2388.39
2388.39
2388.39
2388.39
2388.39
3663.63
3449.43
3449.43
1923.69
1923.69
3419.01
3419.01
3419.01
2301.85
2301.85
1867.59
1867.59
3123.58
3123.58
2348.96
2348.96
125.87
125.87
834.11
834.11
1385.61
1385.61
975.38
975.38
18.88
18.88
4455.43
4455.43
3430.06
3430.06
2068.68
2068.68
4002.32
4002.32
232.49
232.49
66.43
66.43
219.55
219.55
100.78
100.78
214.45
214.45
117.40
117.40
1307.28
1307.28
176.86
176.86
358.93
358.93
358.93
20.53
2292.98
2292.98
132.49
132.49
1843.65
1843.65
372.24
372.24
26.08
26.08
1941.50
1941.50
1160.44
1160.44
1160.91
1160.91
1184.27
1184.27
519.42
519.42
12.84
12.84
2762.47
2762.47
2101.79
2101.79
3246.13
3246.13
3748.01
3748.01
1400.57
1400.57
1693.38
1693.38
24.12
24.12
2099.66
2099.66
2454.34
2454.34
59.99
59.99
1403.87
1403.87
3572.24
3572.24
2393.33
2393.33
52.69
52.69
366.97
366.97
1146.36
1146.36
2252.92
2252.92
1986.82
1986.82
1598.98
1598.98
3004.01
3004.01
402.05
402.05
2390.81
2390.81
2020.33
2020.33
1972.08
1972.08
2347.01
2347.01
3447.83
3447.83
1972.83
1972.83
754.32
754.32
313.95
313.95
984.83
984.83
154.34
154.34
83.50
83.50
2726.42
2726.42
2659.38
2659.38
57.19
57.19
180.02
180.02
718.66
718.66
17.85
17.85
2309.84
2309.84
10.00
10.00
765.57
765.57
2273.49
2273.49
2319.81
2319.81
658.11
658.11
1463.33
1463.33
31.72
31.72
10.00
10.00
2964.00
2964.00
2226.82
2226.82
1240.11
1240.11
1762.00
1762.00
1429.80
1429.80
1211.65
1211.65
16.66
16.66
1719.70
1719.70
171.96
171.96
2820.26
2820.26
24.57
24.57
1510.45
1510.45
1271.66
1271.66
1786.30
1786.30
1672.85
1672.85
2180.60
2180.60
2499.45
2499.45
1121.85
1121.85
380.99
380.99
29.10
29.10
176.81
176.81
49.32
49.32
2177.16
2177.16
3909.43
3909.43
1152.41
1152.41
2504.16
2504.16
2277.88
2277.88
609.03
609.03
329.48
329.48
1669.47
1669.47
16.69
16.69
215.76
215.76
48.36
48.36
4527.66
4527.66
3836.90
3836.90
2954.08
2954.08
3446.03
3446.03
1224.68
1224.68
71.60
71.60
753.58
753.58
2255.95
2255.95
75.16
75.16
1226.22
1226.22
671.31
671.31
2293.26
2293.26
2221.41
2221.41
1595.16
1595.16
49.13
49.13
46.35
46.35
1171.51
1171.51
2669.57
2669.57
110.17
110.17
931.11
931.11
2384.44
2384.44
14.86
14.86
950.10
950.10
2713.61
2713.61
3160.22
3160.22
757.84
757.84
378.53
378.53
1704.32
1704.32
893.48
893.48
10.00
10.00
10.00
977.30
977.30
2616.88
1710.06
1710.06
570.30
570.30
300.15
300.15
3086.28
3086.28
245.41
245.41
175.36
175.36
2348.30
2348.30
2857.72
2857.72
2614.89
2614.89
2570.01
2570.01
2529.59
2529.59
1905.28
1905.28
50.77
50.77
567.32
567.32
1221.68
1221.68
1345.50
1345.50
643.54
643.54
659.28
659.28
183.55
183.55
1186.71
1186.71
614.48
614.48
68.89
68.89
181.77
181.77
3671.05
3671.05
3285.39
3285.39
3292.41
3292.41
3926.88
3926.88
2022.04
2022.04
3252.55
3252.55
1802.91
1802.91
1565.74
1565.74
2503.56
2503.56
1147.26
1147.26
4370.67
4370.67
4576.80
4576.80
70.23
70.23
86.94
86.94
340.70
340.70
68.04
68.04
437.39
437.39
115.19
115.19
4042.23
4042.23
856.90
856.90
3710.33
3710.33
88.51
88.51
1517.51
1517.51
2109.22
2109.22
370.86
370.86
1405.32
1405.32
3268.53
3268.53
1396.69
1396.69
2595.73
2595.73
45.02
45.02
774.75
774.75
177.83
177.83
1421.82
1421.82
1576.50
1576.50
2458.36
2458.36
10.00
10.00
2226.97
2226.97
3810.79
3810.79
3401.33
3401.33
1793.64
1793.64
1822.44
1822.44
4525.90
4525.90
758.42
758.42
649.66
649.66
4524.01
4524.01
2748.27
2748.27
2826.32
2826.32
3437.52
3437.52
963.02
963.02
3957.19
3957.19
2077.54
2077.54
2544.06
2544.06
2395.54
2395.54
225.14
225.14
367.32
367.32
553.23
553.23
2803.63
2803.63
3060.60
3060.60
1982.53
1982.53
885.92
885.92
1246.66
1246.66
44.59
44.59
346.52
346.52
590.97
590.97
1153.04
1153.04
815.56
815.56
490.43
490.43
2243.75
2243.75
3091.92
3091.92
4821.28
4821.28
2930.30
2930.30
304.58
304.58
2866.81
2866.81
3162.94
3162.94
2560.46
2560.46
993.08
993.08
1823.46
1823.46
1635.41
1635.41
1747.31
1747.31
4184.59
4184.59
1081.10
1081.10
1765.32
1765.32
17.43
17.43
4296.41
4296.41
2192.93
2192.93
104.39
104.39
2044.31
2044.31
2044.31
1130.34
2673.13
2673.13
1662.98
1662.98
1152.99
1152.99
3983.91
3983.91
2486.43
2486.43
2964.74
2964.74
2964.74
390.12
1640.68
1640.68
4812.15
4812.15
74.77
74.77
3454.66
3454.66
1456.10
1456.10
1765.27
1765.27
2253.15
2253.15
2646.94
2646.94
2484.12
2484.12
2147.97
2147.97
1493.75
1493.75
1278.14
1278.14
1293.30
1293.30
1967.49
1967.49
37.12
37.12
1531.54
1531.54
3748.36
3748.36
4261.06
4261.06
2204.14
2204.14
2948.07
2948.07
3438.37
3438.37
1458.46
1458.46
2478.44
2478.44
3139.31
3139.31
3549.24
3549.24
144.39
144.39
26.83
26.83
367.18
367.18
59.88
59.88
829.50
829.50
2795.02
2795.02
820.84
820.84
1288.01
1288.01
55.05
55.05
4972.41
4972.41
3572.80
3572.80
4624.93
4624.93
3937.09
3937.09
1065.15
1065.15
3222.87
3222.87
3133.79
3133.79
3682.09
3682.09
3536.95
3536.95
78.53
78.53
65.70
65.70
467.66
467.66
207.97
207.97
2960.10
2960.10
1834.17
1834.17
2287.35
2287.35
49.99
49.99
12.73
12.73
1922.66
1922.66
28.97
28.97
1888.76
1888.76
26.16
26.16
205.69
205.69
1587.74
1587.74
2319.21
2319.21
4601.34
4601.34
1139.15
1139.15
2990.65
2990.65
1753.29
1753.29
2879.95
2879.95
1131.67
1131.67
3708.34
3708.34
4547.02
4547.02
30.26
30.26
1016.12
1016.12
4604.53
4604.53
1083.28
1083.28
1013.33
1013.33
2050.27
2050.27
2446.55
2446.55
4139.76
4139.76
104.60
104.60
922.99
922.99
1201.49
1201.49
46.32
46.32
187.63
187.63
187.63
187.63
187.63
279.40
279.40
279.40
1509.95
1509.95
1509.95
31.07
2416.29
54.70
2797.45
2797.45
1153.68
1153.68
1064.33
1064.33
355.90
355.90
82.26
82.26
177.71
177.71
3596.25
3596.25
3596.25
692.94
299.44
299.44
305.64
305.64
1877.49
1877.49
1877.49
10.98
2288.29
2288.29
13.54
13.54
1175.30
1175.30
134.67
134.67
184.67
184.67
59.92
59.92
105.12
105.12
2862.70
2862.70
2989.85
2989.85
4712.03
4712.03
547.41
547.41
12.65
12.65
1268.90
1268.90
1887.92
1887.92
1887.92
2840.29
4718.49
4718.49
4718.49
1872.30
2505.66
2505.66
2505.66
3032.25
3032.25
2147.54
2147.54
1124.09
2922.16
2922.16
2922.16
1209.94
216.01
216.01
2399.11
2399.11
2258.17
2258.17
2258.17
2577.71
3069.49
3069.49
3069.49
3069.49
3069.49
3087.85
3999.85
3999.85
3999.85
3849.63
3849.63
2924.74
3556.07
3556.07
3556.07
2651.16
2651.16
800.70
360.20
360.20
360.20
370.52
1838.93
1838.93
3636.09
3636.09
3636.09
2100.44
2100.44
986.32
115.84
115.84
115.84
2465.27
2465.27
455.95
1701.71
1701.71
3135.99
3135.99
2794.75
2794.75
2794.75
2429.92
2429.92
2327.99
2327.99
1518.30
1518.30
836.15
836.15
3023.90
3023.90
1015.12
2396.28
2396.28
2396.28
1598.01
1708.55
1708.55
2448.70
2448.70
1670.04
1670.04
1670.04
2850.19
2850.19
2237.77
1033.95
1033.95
2635.11
2635.11
3455.43
3455.43
3352.29
3352.29
3352.29
1711.13
1711.13
1493.22
1493.22
2263.93
2263.93
2695.90
2695.90
2051.22
1888.03
1888.03
1888.03
2515.62
2155.20
2155.20
2155.20
463.58
1933.36
1933.36
2480.58
2480.58
3393.36
3393.36
2809.22
2809.22
1551.15
1551.15
21.11
21.11
21.11
2719.31
2260.91
2260.91
2260.91
2198.67
2198.67
2198.67
2198.67
1130.75
1606.99
1606.99
1867.16
1867.16
1867.16
1275.51
3038.07
3038.07
2567.91
2567.91
2480.49
2480.49
2277.69
2277.69
1336.82
1336.82
2704.14
2704.14
2042.08
2042.08
2350.55
2350.55
1879.98
1879.98
1879.98
1623.49
1623.49
2844.51
2844.51
1749.92
1749.92
2410.77
2410.77
1336.84
1336.84
2402.31
1520.53
1520.53
2276.62
2276.62
2276.62
2468.64
1924.51
1924.51
1924.51
2773.93
2332.08
2332.08
54.52
54.52
1141.91
1141.91
1141.91
1247.41
1247.41
387.05
387.05
174.92
174.92
2678.05
2678.05
739.12
1720.94
1720.94
1720.94
1293.99
2483.38
2483.38
660.31
660.31
660.31
632.11
632.11
3311.28
3311.28
166.23
17.17
17.17
2182.11
2182.11
919.75
919.75
344.79
344.79
166.23
166.23
166.23
828.74
828.74
2067.47
1239.00
1239.00
1239.00
47.90
47.90
397.64
397.64
397.64
1287.73
1287.73
757.69
757.69
14.98
2259.48
2919.71
2919.71
2919.71
2663.50
2663.50
666.85
666.85
1988.35
1988.35
1897.73
1897.73
1161.98
1161.98
12.11
12.11
4074.44
4074.44
3316.00
3316.00
2017.35
2017.35
2890.06
2890.06
2848.68
2848.68
40.40
40.40
1344.76
1344.76
1603.37
1603.37
1008.05
1008.05
1750.26
1750.26
3175.71
3175.71
1570.35
1570.35
1451.07
1451.07
2008.23
2008.23
1954.27
1954.27
1599.92
1599.92
4344.52
4344.52
2151.50
2151.50
2056.76
2056.76
3279.48
3279.48
2505.01
2505.01
2697.72
2697.72
3356.53
3356.53
28.39
28.39
341.07
341.07
533.98
533.98
247.72
247.72
795.07
795.07
4133.02
4133.02
4167.10
4167.10
2821.59
2821.59
4209.08
4209.08
4292.77
4292.77
2541.60
2541.60
4960.42
4960.42
848.95
848.95
10.00
10.00
40.51
40.51
221.99
221.99
524.37
524.37
2876.56
2876.56
1066.40
1066.40
559.29
559.29
1849.10
1849.10
1585.23
1585.23
3329.13
3329.13
465.60
465.60
1269.45
1269.45
3232.44
3232.44
1981.10
1981.10
2973.12
2973.12
2991.73
2991.73
2173.58
2173.58
1390.39
1390.39
23.47
23.47
247.54
247.54
1887.07
1887.07
99.74
99.74
2144.17
2144.17
2263.83
2263.83
337.94
337.94
2771.92
2771.92
3954.49
3954.49
2532.12
2532.12
1798.43
1798.43
1136.61
1136.61
1136.61
1136.61
10.00
10.00
10.00
1663.16
1663.16
1663.16
12.52
291.67
1759.70
33.72
3084.05
3084.05
3319.98
3319.98
2407.57
2407.57
3132.25
3132.25
1053.54
1053.54
72.22
72.22
12.54
12.54
488.56
488.56
207.58
207.58
1227.30
1227.30
4008.08
4008.08
2371.03
2371.03
2914.06
2914.06
90.12
90.12
2943.18
2943.18
2380.81
2380.81
1923.58
1923.58
3594.22
3594.22
60.68
60.68
1295.87
1295.87
59.99
59.99
1055.73
1055.73
878.96
878.96
45.53
45.53
3647.35
3647.35
340.44
340.44
2167.16
2167.16
1457.28
1457.28
4019.21
4019.21
3846.66
3846.66
890.78
890.78
1272.42
1272.42
1761.40
1761.40
1954.92
1954.92
2109.60
2109.60
3587.29
3587.29
4755.37
4755.37
4755.37
4755.37
4755.37
4755.37
3421.06
3421.06
10.00
10.00
3191.06
3191.06
2361.73
2361.73
2758.96
2758.96
3289.71
3289.71
1760.41
1760.41
1022.00
1022.00
3033.36
3033.36
3456.46
3456.46
4690.36
4690.36
4291.03
4291.03
431.37
431.37
1837.63
1837.63
3244.49
3244.49
5066.46
5066.46
750.71
750.71
750.71
750.71
3778.54
3778.54
3778.54
3778.54
4092.69
4092.69
4092.69
4092.69
2518.96
2518.96
2213.79
2213.79
3995.90
3995.90
2442.40
2442.40
1597.22
1597.22
2701.63
2701.63
2701.63
2701.63
2701.63
2701.63
2430.34
2430.34
3631.29
3631.29
3975.58
3975.58
2813.23
2813.23
3120.62
3120.62
3374.20
3374.20
3374.20
3374.20
3374.20
3374.20
3374.20
3374.20
3116.77
3116.77
2468.51
2468.51
1451.96
1451.96
2918.68
2918.68
3578.55
3578.55
1382.67
1382.67
3250.06
3250.06
3250.06
3250.06
3250.06
3250.06
2762.00
2762.00
2641.11
2641.11
2641.11
2641.11
4223.86
4223.86
2477.29
2477.29
1643.90
1643.90
1756.04
1756.04
3327.75
3327.75
1990.83
1990.83
2678.31
2678.31
2855.17
2855.17
2855.17
2855.17
2663.84
2663.84
1443.60
1443.60
916.79
916.79
2935.38
2935.38
180.36
180.36
1088.65
1088.65
3881.90
3881.90
3366.25
3366.25
184.56
184.56
192.08
192.08
2377.25
2377.25
4313.87
4313.87
189.65
189.65
1603.79
1603.79
166.58
166.58
134.92
134.92
1572.45
1572.45
23.60
23.60
3647.52
3647.52
1737.97
1737.97
206.82
206.82
3893.81
3893.81
2804.97
2804.97
1591.95
1591.95
3853.74
3853.74
2682.67
2682.67
777.99
777.99
2329.18
2329.18
670.46
670.46
452.83
452.83
2715.98
2715.98
473.24
473.24
3727.70
3727.70
2374.26
2374.26
1932.59
1932.59
2862.01
2862.01
653.48
653.48
943.36
943.36
36.87
36.87
3150.35
3150.35
2285.28
2285.28
2750.37
2750.37
1721.00
1721.00
1840.82
1840.82
3341.81
3341.81
4241.62
4241.62
1115.38
1115.38
825.50
825.50
31.50
31.50
3908.48
3908.48
4763.25
4763.25
4254.85
4254.85
3149.23
3149.23
3004.37
3004.37
954.58
954.58
139.17
139.17
2081.24
2081.24
2495.64
2495.64
3923.34
3923.34
26.46
26.46
3221.62
3221.62
941.80
941.80
262.25
262.25
179.94
179.94
3182.31
3182.31
849.06
849.06
3907.46
3907.46
46.65
46.65
45.43
45.43
1943.49
1943.49
12.22
12.22
3313.87
3313.87
613.47
613.47
2279.04
2279.04
2646.51
2646.51
4083.11
4083.11
2538.32
2538.32
370.20
370.20
1124.82
1124.82
1959.74
1959.74
71.56
71.56
13.48
13.48
516.36
516.36
1702.81
1702.81
4903.48
4903.48
1021.92
1021.92
933.83
933.83
1254.41
1254.41
3286.52
3286.52
1601.04
1601.04
3555.37
3555.37
5241.06
5241.06
4794.42
4794.42
1388.07
1388.07
422.13
422.13
1525.50
1525.50
2750.81
2750.81
3349.86
3349.86
3394.26
3394.26
1789.17
1789.17
2477.49
2477.49
2935.15
2935.15
246.87
246.87
3155.01
3155.01
39.28
39.28
3536.12
3536.12
2823.03
2823.03
1316.41
1316.41
1005.20
1005.20
1835.37
1835.37
1233.67
1233.67
1838.47
1838.47
3685.39
3685.39
2351.40
2351.40
3629.65
3629.65
3521.11
3521.11
4878.27
4878.27
2466.96
2466.96
2602.39
2602.39
3008.47
3008.47
4895.56
4895.56
3880.93
3880.93
3006.13
3006.13
3754.51
3754.51
3067.21
3067.21
2771.25
2771.25
3591.67
3591.67
3285.66
3285.66
3595.24
3595.24
2803.73
2803.73
284.25
284.25
2775.50
2775.50
2165.81
2165.81
1387.07
1387.07
1436.15
1436.15
66.98
66.98
2039.33
2039.33
2032.77
2032.77
3431.64
3431.64
1749.56
1749.56
4544.35
4544.35
3469.33
3469.33
916.60
916.60
3825.52
3825.52
2243.97
2243.97
5070.57
5070.57
925.93
925.93
2091.95
2091.95
4039.36
4039.36
3351.44
3351.44
4584.16
4584.16
29.00
29.00
2904.42
2904.42
3680.36
3680.36
3869.70
3869.70
35.29
35.29
2771.42
2771.42
3458.84
3458.84
3458.84
3458.84
86.11
86.11
4430.73
4430.73
3289.48
3289.48
3885.78
3885.78
3034.26
3034.26
2438.84
2438.84
4314.66
4314.66
4314.66
4314.66
4314.66
4314.66
3070.25
3070.25
4494.18
4494.18
3691.23
3691.23
4839.07
4839.07
4076.02
4076.02
2583.89
2583.89
4293.58
4293.58
4193.39
4193.39
2538.54
2538.54
2790.03
2790.03
2603.71
2603.71
3985.48
3985.48
325.06
325.06
2416.98
2416.98
3884.20
3884.20
2435.64
2435.64
3131.42
3131.42
2800.28
2800.28
1355.55
1355.55
4151.62
4151.62
2108.97
2108.97
3831.04
3831.04
2580.95
2580.95
321.29
321.29
4519.92
4519.92
2470.86
2470.86
3362.16
3362.16
3362.16
1276.80
3961.97
3961.97
2569.11
2569.11
2748.32
2748.32
2748.32
1144.20
4740.95
4740.95
2674.09
2674.09
2674.09
2728.30
2728.30
155.49
155.49
3689.03
3689.03
4226.41
4226.41
2113.26
2113.26
4174.81
4174.81
1435.47
1435.47
3105.66
3105.66
2463.30
2463.30
3917.87
3917.87
3917.87
3917.87
4054.41
4054.41
3741.28
3741.28
2512.25
2512.25
2512.25
2512.25
2462.19
2462.19
4013.17
4013.17
3075.05
3075.05
3132.59
3132.59
5323.25
5323.25
3028.60
3028.60
3028.60
3028.60
1708.83
1708.83
1463.31
1463.31
4803.05
3938.84
3938.84
3938.84
3938.84
3938.84
23.49
23.49
3334.67
3334.67
560.53
2603.49
2603.49
2603.49
115.57
115.57
1070.79
1070.79
2196.64
2196.64
2284.28
2284.28
2275.25
2275.25
1974.57
1974.57
2424.24
2424.24
2954.08
2954.08
3273.18
535.92
535.92
766.14
766.14
766.14
585.60
585.60
4942.72
4942.72
1246.00
1246.00
1487.90
1487.90
1242.42
1242.42
2842.46
2842.46
4162.97
4162.97
13.32
13.32
3226.41
3226.41
5039.41
5039.41
5039.41
5039.41
5039.41
5039.41
3036.93
3036.93
3875.44
3875.44
3875.44
3875.44
2410.49
2410.49
1477.87
1477.87
2210.66
380.73
380.73
380.73
1814.52
1814.52
31.44
31.44
168.24
168.24
4197.40
4197.40
3507.07
3507.07
10.00
10.00
3740.77
3740.77
4201.28
4201.28
2790.41
2790.41
6050.26
6050.26
1419.63
1419.63
3990.97
3990.97
24.63
24.63
4846.66
2540.78
2540.78
2540.78
3022.60
3022.60
2411.02
2411.02
3762.36
3762.36
3762.36
3762.36
3688.03
3688.03
4694.42
4694.42
3827.45
3827.45
3461.18
3461.18
3403.50
3403.50
4400.46
4400.46
4680.48
4680.48
912.72
912.72
3044.39
3044.39
3181.68
3181.68
3505.25
3991.16
3991.16
3991.16
1551.32
1551.32
4505.58
4505.58
2495.80
2495.80
2517.21
2517.21
612.42
612.42
3927.09
3927.09
3584.83
3584.83
2077.02
2077.02
1869.93
1869.93
782.96
3371.05
3371.05
3371.05
4274.36
4274.36
435.97
435.97
2346.51
2346.51
3617.85
2637.01
2637.01
2637.01
2381.50
2381.50
4532.42
3002.37
3002.37
3002.37
3494.96
3494.96
2208.84
2208.84
4170.50
4170.50
2909.40
2909.40
2909.40
2909.40
2909.40
2909.40
2909.40
2909.40
4514.63
4514.63
4514.63
4514.63
4514.63
4514.63
4514.63
4514.63
4514.63
4514.63
4514.63
3757.44
3891.15
3891.15
3465.92
3465.92
1738.24
1738.24
1359.25
1359.25
2834.17
2834.17
2077.93
2077.93
103.29
103.29
110.49
110.49
200.19
200.19
2272.14
2272.14
825.98
825.98
79.98
79.98
624.33
624.33
1351.00
1351.00
216.42
216.42
1156.27
1156.27
2414.46
2414.46
132.97
132.97
1979.77
1979.77
1666.01
1666.01
3647.54
3647.54
497.21
497.21
2216.41
2216.41
563.90
563.90
2021.94
2021.94
1302.60
1302.60
1474.77
1474.77
10.00
10.00
3670.20
3670.20
1423.71
1423.71
1070.00
1070.00
2378.09
2378.09
2695.70
2695.70
2823.58
2823.58
2913.94
2913.94
927.78
927.78
183.14
183.14
671.73
671.73
738.43
738.43
302.52
302.52
3193.07
3193.07
1697.33
1697.33
2149.42
2149.42
2386.99
2386.99
2861.42
2861.42
2682.64
2682.64
696.32
696.32
604.35
604.35
2216.95
2216.95
3353.88
3353.88
3673.13
3673.13
2389.91
2389.91
3403.57
3403.57
3131.46
3131.46
1371.08
1371.08
3352.25
3352.25
1009.17
1009.17
36.71
36.71
1073.47
1073.47
698.67
698.67
1800.43
1800.43
1495.74
1495.74
1495.74
39.87
1726.18
1726.18
244.03
244.03
3241.94
3241.94
1285.64
1285.64
2227.72
2227.72
303.52
303.52
381.22
381.22
3013.52
3013.52
38.42
38.42
31.49
31.49
1292.39
1292.39
2493.24
2493.24
2705.43
2705.43
2017.63
2017.63
2355.94
2355.94
418.40
418.40
418.40
1024.62
1024.62
121.84
610.67
610.67
2260.84
2260.84
1187.12
1187.12
2448.75
2448.75
494.54
494.54
2097.36
2097.36
37.86
37.86
2082.24
2082.24
2399.22
2399.22
2119.44
2119.44
2119.44
20.85
20.85
2444.86
1299.01
1299.01
2312.47
2312.47
2489.27
2489.27
1925.18
1925.18
1328.46
1328.46
919.15
919.15
3667.17
3667.17
1254.25
1254.25
2116.16
2116.16
2116.16
1194.11
1851.50
1851.50
854.75
854.75
199.74
199.74
2058.62
2058.62
1995.27
1995.27
1671.57
1671.57
1300.43
1300.43
971.59
971.59
31.87
31.87
2035.03
2035.03
2030.26
2030.26
3075.72
3075.72
2295.58
2295.58
2158.98
2158.98
2472.23
2472.23
3069.14
3069.14
418.89
418.89
109.52
109.52
2845.70
2845.70
334.05
334.05
222.36
222.36
2031.17
2031.17
3702.89
3702.89
2537.32
2537.32
24.20
24.20
2662.44
2662.44
2607.16
2607.16
2940.23
2940.23
4013.47
4013.47
2820.46
2820.46
3244.33
3244.33
555.38
555.38
89.59
89.59
3475.54
3475.54
3011.92
3011.92
3466.53
3466.53
4278.11
4278.11
3267.97
3267.97
3263.98
3263.98
29.14
29.14
34.09
34.09
58.06
58.06
1507.51
1507.51
121.04
121.04
2839.82
2839.82
3071.92
3071.92
1579.38
1579.38
2607.74
2607.74
68.47
68.47
1477.71
1477.71
2592.42
2592.42
4137.49
4137.49
2400.87
2400.87
293.64
293.64
2530.33
2530.33
634.46
634.46
2072.43
2072.43
2764.02
2764.02
2764.02
2764.02
2349.28
2349.28
2054.66
2054.66
1944.23
1944.23
2610.23
2610.23
2800.02
2800.02
2784.37
2784.37
3218.25
3218.25
2575.95
2575.95
2531.69
2531.69
3237.15
3237.15
4473.48
4473.48
49.68
49.68
953.23
953.23
674.06
674.06
2685.37
2685.37
3931.45
3931.45
3773.98
3773.98
2569.09
2569.09
2569.09
2569.09
2272.51
2272.51
1262.10
1262.10
1211.72
1211.72
13.22
13.22
1323.06
1323.06
3199.33
3199.33
2440.04
2440.04
2440.04
2440.04
2757.53
2757.53
2875.77
2875.77
1902.69
1902.69
1902.69
1902.69
2098.89
2098.89
48.51
48.51
3136.69
3136.69
4227.64
4227.64
2362.86
2362.86
2332.33
2332.33
3619.82
3619.82
2995.54
2995.54
3519.41
3519.41
2699.26
2699.26
2258.06
2258.06
2258.06
2258.06
3941.14
3941.14
3383.92
3383.92
1858.63
1858.63
37.49
37.49
3557.37
3557.37
2897.53
2897.53
4383.51
4383.51
3686.82
3686.82
2777.88
2777.88
3197.05
3197.05
2195.42
2195.42
1578.98
1578.98
3226.34
3226.34
935.69
935.69
609.23
609.23
2044.92
2044.92
2044.92
2044.92
3258.09
3258.09
1417.86
1417.86
1269.94
1269.94
208.39
208.39
324.53
324.53
1998.94
1998.94
2792.78
2792.78
1838.60
1838.60
1766.12
1766.12
3723.75
3723.75
2810.35
2810.35
3175.34
3175.34
112.88
112.88
1306.25
1306.25
2466.54
2466.54
1585.98
1585.98
708.92
708.92
4010.33
4010.33
3892.68
3892.68
2239.73
2239.73
2419.95
2419.95
2609.88
2609.88
1900.28
1900.28
2876.28
2876.28
5005.86
5005.86
780.61
780.61
918.40
918.40
1713.46
1713.46
887.29
887.29
419.49
419.49
2385.39
2385.39
1485.82
1485.82
2569.81
2569.81
14.82
14.82
2361.59
2361.59
637.23
637.23
930.10
930.10
2045.62
2045.62
1442.11
1442.11
63.16
63.16
759.78
759.78
63.52
63.52
17.29
17.29
1284.92
1284.92
3037.42
3037.42
537.84
537.84
3162.95
3162.95
1236.50
1236.50
2371.04
2371.04
2853.41
2853.41
3839.74
3839.74
983.76
983.76
2257.70
2257.70
2327.99
2327.99
425.42
425.42
1921.18
1921.18
3055.73
3055.73
4136.92
4136.92
2391.80
2391.80
3329.05
3329.05
36.05
36.05
2420.99
2420.99
1667.80
1667.80
4097.11
4097.11
2940.26
2940.26
146.29
146.29
159.16
159.16
1386.68
1386.68
4092.46
4092.46
2466.70
2466.70
1154.64
1154.64
52.76
52.76
4709.75
4709.75
19.87
19.87
1215.14
1215.14
60.27
60.27
1842.22
1842.22
3139.63
3139.63
3139.63
3139.63
3139.63
3139.63
2248.19
2248.19
2181.09
2181.09
566.70
566.70
75.16
75.16
5383.67
5383.67
830.82
830.82
1326.22
1326.22
2916.52
2916.52
4460.20
4460.20
5144.56
5144.56
97.70
97.70
4363.12
4363.12
4049.36
4049.36
635.05
635.05
719.30
719.30
4376.23
4376.23
24.05
24.05
814.41
814.41
2285.12
2285.12
43.79
43.79
613.45
613.45
957.14
957.14
203.17
203.17
18.88
18.88
57.40
57.40
2663.02
2663.02
3629.38
3629.38
3199.96
3199.96
3126.28
3126.28
2510.61
2510.61
1742.13
1742.13
3496.20
3496.20
4333.60
4333.60
5195.52
5195.52
2011.53
2011.53
3171.65
3171.65
2125.23
2125.23
39.03
39.03
2837.43
2837.43
1179.13
1179.13
237.33
237.33
24.76
24.76
3533.05
3533.05
947.42
947.42
3228.76
3228.76
2574.88
2574.88
3189.66
3189.66
999.58
999.58
2751.18
2751.18
199.42
199.42
15.97
15.97
1211.35
1211.35
3343.23
3343.23
3965.38
3965.38
3133.82
3133.82
3017.09
3017.09
4217.21
4217.21
119.86
119.86
1924.85
1924.85
83.46
83.46
2017.23
2017.23
3588.15
3588.15
4541.23
4541.23
355.38
355.38
29.42
29.42
3346.89
3346.89
3794.13
3794.13
4588.02
4588.02
4588.02
2633.30
3952.39
3952.39
3952.39
4365.68
4365.68
1593.79
1593.79
2473.86
2831.39
2831.39
2831.39
5525.13
5525.13
3720.46
3720.46
3239.73
3239.73
1708.07
1057.77
1057.77
1057.77
1872.74
1872.74
3084.40
3084.40
1974.11
1974.11
2367.70
2367.70
1255.20
1255.20
2190.85
1257.58
1257.58
1257.58
1299.05
1299.05
1814.56
1814.56
113.61
113.61
3719.68
3719.68
5291.84
5291.84
2959.91
2959.91
4485.30
4485.30
3829.00
3829.00
1022.52
1022.52
1330.08
1330.08
1330.08
4713.08
4713.08
4713.08
4104.03
4104.03
51.22
51.22
3503.59
3503.59
1248.30
1248.30
4164.17
4164.17
1531.78
1531.78
3239.01
3239.01
2183.58
2183.58
2956.01
2956.01
2624.02
2624.02
3057.22
3057.22
1347.63
1347.63
1522.86
1522.86
2048.37
2048.37
2390.26
2390.26
18.27
18.27
3673.33
3673.33
2776.77
2776.77
1949.48
1949.48
2947.43
2947.43
1486.20
1486.20
1486.20
1486.20
2547.89
2547.89
1226.53
1226.53
3599.08
3599.08
1472.96
1472.96
4467.64
4467.64
4929.67
4929.67
2118.97
2118.97
2118.97
2118.97
2118.97
2118.97
3720.52
3720.52
4447.12
4447.12
2292.74
2292.74
3527.34
3357.89
3357.89
3357.89
3499.01
3499.01
2378.09
2378.09
3239.10
3239.10
1495.16
1495.16
2697.12
2697.12
2244.14
2244.14
1655.80
1655.80
578.77
578.77
2382.39
2382.39
1961.58
1961.58
1542.90
1542.90
882.75
882.75
2658.40
2658.40
1749.40
1749.40
792.31
792.31
2376.94
2376.94
1500.54
1500.54
745.96
745.96
295.82
295.82
2945.34
2945.34
3373.65
3373.65
1809.05
1809.05
1554.02
1554.02
1013.67
1013.67
5231.41
5231.41
1564.25
1564.25
52.30
52.30
14.21
14.21
3512.94
3512.94
3720.84
3720.84
342.98
342.98
19.45
19.45
1720.95
1720.95
4994.70
4994.70
4819.13
4819.13
2879.01
2879.01
4403.22
4403.22
190.01
190.01
419.55
419.55
701.06
701.06
3154.64
3154.64
4326.27
4326.27
5601.11
5601.11
1536.52
1536.52
303.48
303.48
1529.41
1529.41
4862.38
4862.38
885.31
885.31
1320.58
1320.58
4049.23
4049.23
3077.71
3077.71
30.43
30.43
1876.45
1876.45
171.49
171.49
327.52
327.52
1606.69
1606.69
2194.55
2194.55
1912.27
1912.27
2796.58
2796.58
1305.71
1305.71
4443.38
4443.38
4594.03
4594.03
641.03
641.03
78.28
78.28
1455.91
1455.91
315.04
315.04
37.33
37.33
1856.79
1856.79
216.19
216.19
62.96
62.96
233.47
233.47
1232.63
1232.63
1063.56
1063.56
39.79
39.79
3060.37
3060.37
3175.57
3175.57
3687.25
3687.25
1555.85
1555.85
1086.00
1086.00
96.75
96.75
2011.94
2011.94
1522.60
1522.60
3866.33
3866.33
3763.13
3763.13
2856.38
2856.38
1058.99
1058.99
111.50
111.50
35.78
35.78
319.51
319.51
29.61
29.61
525.28
525.28
130.33
130.33
167.03
167.03
234.08
234.08
1185.15
1185.15
1083.10
1083.10
3551.57
3551.57
2598.48
2598.48
2063.52
2063.52
3806.75
3806.75
24.73
24.73
1796.15
1796.15
3236.28
3236.28
1948.49
1948.49
4881.70
4881.70
1318.62
1318.62
3808.94
3808.94
1587.72
1587.72
2259.23
2259.23
3038.70
3038.70
508.85
508.85
3106.93
3106.93
3183.52
3183.52
2686.93
2686.93
5086.22
5086.22
3440.63
3440.63
3510.73
3510.73
114.62
114.62
2089.87
2089.87
2648.79
2648.79
27.73
27.73
79.22
79.22
278.27
278.27
19.05
19.05
4870.84
4870.84
2621.44
2621.44
185.14
185.14
2621.78
2621.78
1593.28
1593.28
1490.12
1490.12
3110.10
3110.10
2282.16
2282.16
127.18
127.18
2301.40
2301.40
2169.79
2169.79
51.58
51.58
1290.69
1290.69
10.15
10.15
3578.11
3578.11
3594.32
3594.32
1973.85
1973.85
2170.81
2170.81
3557.91
3557.91
1302.24
1302.24
1027.47
1027.47
752.08
752.08
3849.54
3849.54
3362.67
3362.67
3383.46
3383.46
15.27
15.27
3442.78
3442.78
3774.44
3774.44
24.80
24.80
25.61
25.61
3144.11
3144.11
4794.61
4794.61
429.84
429.84
552.21
552.21
5497.92
5497.92
690.71
690.71
1914.08
1914.08
3542.78
3542.78
5402.87
5402.87
3708.12
3708.12
1921.51
1921.51
1623.04
1623.04
5355.94
5355.94
1546.79
1546.79
886.92
886.92
4381.86
4381.86
2497.28
2497.28
45.64
45.64
2601.90
2601.90
1989.02
1989.02
232.46
232.46
2353.57
2353.57
19.32
19.32
24.33
24.33
1058.25
1058.25
1865.60
1865.60
2184.42
2184.42
2369.23
2369.23
656.87
656.87
3621.89
3621.89
813.75
813.75
212.13
212.13
2761.57
2761.57
1873.82
1873.82
20.55
20.55
2300.53
2300.53
12.43
12.43
1394.05
1394.05
3295.61
3295.61
3078.37
3078.37
497.41
497.41
2399.16
2399.16
1290.81
1290.81
1768.05
1768.05
2788.63
2788.63
4627.91
4627.91
5173.53
5173.53
49.04
49.04
728.08
728.08
25.02
25.02
74.82
74.82
1989.84
1989.84
1500.76
1500.76
1341.87
1341.87
1755.41
1755.41
10.00
10.00
1360.62
1360.62
505.84
505.84
110.93
110.93
673.86
673.86
4372.90
4372.90
916.61
916.61
2566.62
2566.62
2556.39
2556.39
181.98
181.98
181.98
59.83
59.83
2234.53
1251.55
1251.55
868.15
868.15
1308.38
1308.38
305.31
305.31
3118.15
3118.15
712.59
712.59
70.88
70.88
3903.80
3903.80
2390.21
2390.21
2023.68
2023.68
2510.43
2510.43
1474.05
1474.05
3199.58
3199.58
3404.64
3404.64
5845.87
5845.87
3392.13
3392.13
3455.21
3455.21
2638.22
2638.22
3065.73
3065.73
3065.73
3065.73
3065.73
3065.73
271.96
271.96
1164.08
1164.08
1500.16
1500.16
2240.51
2240.51
2140.74
2140.74
493.25
493.25
2577.18
2577.18
904.37
904.37
3228.73
3228.73
4256.97
4256.97
3514.23
3514.23
3740.50
3740.50
11.23
11.23
2412.06
2412.06
2412.06
2412.06
685.92
685.92
3982.27
3982.27
3376.65
3376.65
3844.82
3844.82
4114.04
4114.04
5218.23
5218.23
2878.76
2878.76
5481.36
5481.36
422.69
422.69
763.67
763.67
2429.52
2429.52
2272.49
2272.49
2561.44
2561.44
2561.44
2561.44
3477.17
3477.17
3428.90
3428.90
3533.70
3533.70
2430.13
2430.13
1232.69
1232.69
2439.69
2439.69
3208.43
3208.43
2114.33
2114.33
1882.36
1882.36
3602.91
3602.91
3604.10
3604.10
3784.41
3784.41
3905.76
3905.76
3905.76
3905.76
3905.76
3905.76
2373.85
2373.85
3414.70
3414.70
3380.09
3380.09
4052.30
4052.30
4549.53
4549.53
2927.76
2927.76
4694.24
4694.24
2165.89
2165.89
4259.51
4259.51
3644.72
3644.72
3644.72
3644.72
3123.68
3123.68
2582.28
2582.28
3291.23
3291.23
2547.51
2547.51
148.50
148.50
1187.12
1187.12
597.80
597.80
3096.79
3096.79
3562.34
3562.34
3168.50
3168.50
3995.04
3995.04
2931.75
2931.75
3537.06
3537.06
1718.18
1718.18
999.71
999.71
2427.88
2427.88
3945.56
3945.56
2195.63
2195.63
2195.63
26.96
3004.38
3004.38
3383.03
3383.03
3875.47
3875.47
2411.90
2411.90
2921.78
2921.78
2951.11
2951.11
3467.00
3467.00
1649.75
1649.75
2440.88
2440.88
2788.43
2788.43
2788.43
2788.43
2682.85
2682.85
4282.05
4282.05
2904.51
2904.51
1698.79
1698.79
3037.52
3037.52
2877.32
2877.32
2894.59
2894.59
3187.85
3187.85
1840.54
1840.54
3325.33
3325.33
4743.76
4743.76
2935.62
2935.62
2805.24
2805.24
3204.06
3204.06
1798.35
1798.35
3321.84
3321.84
495.14
495.14
537.22
537.22
2805.14
2805.14
2860.45
2860.45
2894.01
2894.01
345.18
345.18
3505.20
3505.20
2354.89
2354.89
395.14
395.14
268.35
268.35
1945.90
1945.90
1450.79
1450.79
3586.32
3586.32
4905.39
4905.39
2416.42
2416.42
4377.99
4377.99
4377.99
59.41
4734.66
4734.66
1271.66
1271.66
96.59
96.59
427.00
427.00
390.77
390.77
390.77
41.33
20.57
20.57
2371.57
2371.57
3422.38
3422.38
3745.48
3745.48
4722.72
4722.72
2830.05
2830.05
183.94
183.94
3550.05
3550.05
602.20
602.20
52.64
52.64
401.30
401.30
172.89
172.89
422.43
422.43
2704.54
2704.54
288.96
288.96
539.92
539.92
290.03
290.03
962.40
962.40
1946.20
1946.20
1248.70
1248.70
2929.68
2929.68
2355.93
2355.93
32.95
32.95
3906.41
3906.41
3373.06
3373.06
535.01
535.01
4169.90
4169.90
1992.59
1992.59
1992.59
1992.59
2213.31
2213.31
1452.75
1452.75
1373.35
1373.35
3086.27
3086.27
2385.54
2385.54
3418.03
3418.03
3352.15
3352.15
3307.45
3307.45
2443.36
2443.36
2718.41
2718.41
2315.14
2315.14
1764.24
1764.24
98.32
98.32
1479.86
1479.86
1451.55
1451.55
1402.16
1402.16
2671.04
2671.04
2278.52
2278.52
1329.99
1329.99
1329.99
1329.99
1825.53
1825.53
109.15
109.15
1334.93
1334.93
1334.93
1334.93
186.27
186.27
3231.81
3231.81
2267.87
2267.87
2395.92
2395.92
4437.77
4437.77
52.28
52.28
2524.32
2524.32
2546.03
2546.03
2546.03
2546.03
2933.35
2933.35
2543.58
2543.58
2771.39
2771.39
3523.95
3523.95
2367.45
2367.45
2367.45
2367.45
1790.62
1790.62
1790.62
1349.76
1349.76
70.31
70.31
3051.34
3051.34
3099.12
3099.12
3749.31
3749.31
3139.48
3139.48
2828.62
2828.62
2556.92
2556.92
1238.51
1238.51
3796.49
3796.49
2554.68
2554.68
1036.25
1036.25
2155.67
2155.67
3265.34
3265.34
3384.55
3384.55
3384.55
3384.55
3563.69
3563.69
3286.78
3286.78
650.17
650.17
656.64
656.64
356.72
356.72
105.50
105.50
621.87
621.87
2101.46
2101.46
526.41
526.41
2075.71
2075.71
91.78
91.78
1395.48
1395.48
67.84
67.84
5968.78
5968.78
545.09
545.09
90.82
90.82
1300.37
1300.37
3546.76
3546.76
3698.00
3698.00
4208.06
4208.06
180.85
180.85
37.58
37.58
28.90
28.90
40.66
40.66
186.96
186.96
13.14
13.14
716.84
716.84
142.88
142.88
778.23
778.23
3748.54
3748.54
4418.50
4418.50
3356.23
3356.23
4142.73
4142.73
748.29
748.29
757.84
757.84
4342.63
4342.63
4409.84
4409.84
3307.87
3307.87
3287.00
3287.00
2208.05
2208.05
1069.63
1069.63
3645.00
3645.00
823.22
823.22
2917.21
2917.21
808.50
808.50
4525.73
4525.73
1939.46
1939.46
109.43
109.43
20.42
20.42
120.70
120.70
4254.37
4254.37
1792.41
1792.41
19.27
19.27
3268.23
3268.23
3956.70
3956.70
3628.80
3628.80
5057.52
5057.52
923.74
923.74
276.60
276.60
1041.60
1041.60
1523.10
1523.10
189.41
189.41
19.73
19.73
2997.73
2997.73
1641.15
1641.15
2397.44
2397.44
503.38
503.38
1320.93
1320.93
1605.99
1605.99
275.58
275.58
60.63
60.63
2137.79
2137.79
66.25
66.25
2452.63
2452.63
26.05
26.05
546.34
546.34
128.52
128.52
3647.72
3647.72
4192.15
4192.15
3049.51
3049.51
3293.29
3293.29
2913.66
2913.66
2391.64
2391.64
65.61
65.61
196.04
196.04
65.79
65.79
10.00
10.00
71.31
71.31
3302.34
3302.34
1392.20
1392.20
3480.67
3480.67
4214.47
4214.47
3327.06
3327.06
4830.49
4830.49
3233.68
3233.68
478.76
478.76
3441.23
3441.23
3105.10
3105.10
1373.89
1373.89
2784.93
2784.93
2336.23
2336.23
87.80
87.80
2625.87
2625.87
2283.63
2283.63
4975.62
4975.62
2896.78
2896.78
2865.22
2865.22
2515.75
2515.75
3941.14
3941.14
1747.44
1747.44
1481.07
1481.07
2557.67
2557.67
3141.59
3141.59
2683.92
2683.92
1216.83
1216.83
1045.91
1045.91
271.42
271.42
34.51
34.51
3479.19
3479.19
2890.32
2890.32
2490.35
2490.35
1984.89
1984.89
3361.85
3361.85
3340.41
3340.41
3941.07
3941.07
1708.13
1708.13
1816.33
1816.33
323.63
323.63
3853.34
3853.34
2734.64
2734.64
17.25
17.25
3213.67
3213.67
2794.39
2794.39
3478.31
3478.31
4440.34
4440.34
116.97
116.97
1613.59
1613.59
2210.23
2210.23
3955.98
3955.98
2649.86
2649.86
1032.77
1032.77
2505.89
2505.89
2494.00
2494.00
4222.02
4222.02
4083.22
4083.22
2983.43
2983.43
3798.77
3798.77
2411.65
2411.65
3319.75
3319.75
1933.24
1933.24
2444.47
2444.47
2508.01
2508.01
61.91
61.91
7748.56
7748.56
529.00
529.00
55.86
55.86
4355.68
4355.68
2882.80
2882.80
2890.46
2890.46
2745.41
2745.41
67.28
67.28
4373.35
4373.35
1845.38
1845.38
1888.72
1888.72
1195.78
1195.78
2636.11
2636.11
3363.24
3363.24
764.61
764.61
2103.46
2103.46
825.77
825.77
1198.45
1198.45
78.70
78.70
1429.73
1429.73
29.88
29.88
1230.65
1230.65
157.90
157.90
3186.12
3186.12
4210.91
4210.91
1431.64
1431.64
3271.03
3271.03
3004.26
3004.26
2834.30
2834.30
1532.17
1532.17
623.91
623.91
607.35
607.35
328.65
328.65
1344.20
1344.20
649.47
649.47
46.75
46.75
3385.17
3385.17
1826.55
1826.55
3970.11
3970.11
32.43
32.43
4547.44
4547.44
3812.17
3812.17
3292.56
3292.56
4288.06
4288.06
2609.14
2609.14
374.41
374.41
3459.33
3459.33
3624.16
3624.16
114.18
114.18
3308.72
3308.72
4003.97
4003.97
4060.96
4060.96
2654.86
2654.86
1252.24
1252.24
4432.37
4432.37
3663.52
3663.52
3048.88
3048.88
1674.06
1674.06
424.60
424.60
2936.42
2936.42
491.53
491.53
296.97
296.97
2523.26
2523.26
19.13
19.13
1760.17
1760.17
51.20
51.20
3150.27
3150.27
598.55
598.55
1589.61
1589.61
283.24
283.24
1409.48
1409.48
375.14
375.14
642.65
642.65
2283.59
2283.59
126.45
126.45
184.16
184.16
43.58
43.58
534.47
534.47
24.23
24.23
3153.35
3153.35
4003.77
4003.77
1599.39
1599.39
3141.65
3141.65
1461.78
1461.78
1303.51
1303.51
1753.52
1753.52
694.54
694.54
22.91
22.91
2384.44
2384.44
54.15
54.15
1215.47
1215.47
2583.48
2583.48
2085.48
2085.48
1682.27
1682.27
2950.24
2950.24
345.92
345.92
2075.66
2075.66
4071.54
4071.54
1370.59
1370.59
1187.76
1187.76
2166.16
2166.16
2589.28
2589.28
54.84
54.84
3730.53
3730.53
5981.17
5981.17
5423.25
5423.25
268.09
268.09
1913.99
1913.99
31.04
31.04
3010.36
3010.36
2009.55
2009.55
3207.71
3207.71
2963.98
2963.98
89.03
89.03
45.81
45.81
1988.73
1988.73
2810.87
2810.87
2618.11
2618.11
4047.96
4047.96
289.22
289.22
4699.50
4699.50
3834.37
3834.37
3153.26
3153.26
2678.80
2678.80
2678.80
2678.80
3126.77
3126.77
21.75
21.75
3858.21
3858.21
5065.82
5065.82
2543.58
2543.58
3750.05
3750.05
3750.05
3750.05
4983.78
4983.78
2610.11
2610.11
1350.39
1350.39
4621.96
4621.96
777.09
777.09
3097.72
3097.72
3691.40
3691.40
2679.74
2679.74
10.00
10.00
2927.76
2927.76
2364.01
2364.01
3958.21
3958.21
3384.85
3384.85
1729.28
1729.28
2375.83
2375.83
3757.33
3757.33
1990.42
1990.42
3062.89
3062.89
3091.27
3091.27
5603.82
5603.82
2184.30
2184.30
1250.95
1250.95
3617.22
3617.22
2507.88
2507.88
877.49
877.49
3707.51
3707.51
3118.63
3118.63
3336.43
3336.43
3102.54
3102.54
3102.54
3102.54
2545.18
2545.18
3611.65
3611.65
1637.36
1637.36
2814.03
2814.03
69.96
69.96
1337.62
1337.62
3655.88
3655.88
4689.39
4689.39
5044.27
5044.27
5044.27
5044.27
5496.66
5496.66
4750.01
4750.01
69.27
69.27
2744.95
2744.95
2744.95
2744.95
3430.47
3430.47
4773.41
4773.41
2771.40
2771.40
3168.44
3168.44
3612.83
3612.83
21.72
21.72
5672.40
5672.40
4322.81
4322.81
3155.54
3155.54
3763.75
3763.75
1572.56
1572.56
2032.38
2032.38
4143.66
4143.66
2949.82
2949.82
1533.64
1533.64
19.26
19.26
3209.35
3209.35
1812.98
1812.98
293.64
293.64
139.57
139.57
5685.48
5685.48
102.28
102.28
806.80
806.80
4043.45
4043.45
3049.22
3049.22
809.79
809.79
1611.60
1611.60
4676.97
4676.97
6006.25
6006.25
1964.44
1964.44
32.23
32.23
4170.51
4170.51
994.27
994.27
23.57
23.57
2858.45
2858.45
3282.36
3282.36
3548.20
3548.20
3891.65
3891.65
4926.60
4926.60
3531.16
3531.16
857.85
857.85
2504.75
2504.75
4237.08
4237.08
1611.58
1611.58
27.49
27.49
3339.56
3339.56
1932.13
1932.13
5845.63
5845.63
747.36
747.36
986.25
986.25
3665.44
3665.44
1021.35
1021.35
481.33
481.33
2610.68
2610.68
137.09
137.09
27.73
27.73
1385.94
1385.94
76.22
76.22
76.22
62.55
3688.32
3688.32
1912.27
1912.27
764.47
764.47
3423.69
3423.69
883.21
883.21
18.89
18.89
1480.34
1480.34
889.18
889.18
779.53
779.53
1628.62
1628.62
3966.58
3966.58
2946.03
2946.03
3262.85
3262.85
1362.19
1362.19
950.01
950.01
2512.18
2512.18
2076.34
2076.34
1599.73
1599.73
256.53
256.53
114.10
114.10
1333.07
1333.07
91.54
91.54
2527.31
2527.31
205.43
205.43
205.43
222.93
1518.82
1518.82
5182.71
5182.71
3030.01
3030.01
727.15
727.15
3951.84
3951.84
815.91
815.91
1547.75
1547.75
3809.22
3809.22
3809.22
3809.22
3455.90
3455.90
3064.54
3064.54
2724.01
2724.01
117.79
117.79
1048.58
1048.58
3827.88
3827.88
4383.57
4383.57
10.00
10.00
3814.99
3814.99
84.25
84.25
3775.85
3775.85
10.00
10.00
167.24
167.24
167.24
10.60
2492.62
2492.62
3583.92
3583.92
2466.36
2466.36
3409.26
3409.26
4931.54
4931.54
711.92
711.92
444.31
444.31
239.02
239.02
1769.11
1769.11
5962.44
5962.44
5256.99
5256.99
3516.81
3516.81
3967.08
3967.08
1840.44
1840.44
110.05
110.05
1652.40
1652.40
3781.93
3781.93
2817.62
2817.62
1148.83
1148.83
2009.99
2009.99
2015.78
2015.78
1476.66
1476.66
600.17
600.17
600.17
112.77
10.00
10.00
2193.05
2193.05
2314.38
2314.38
2555.89
2555.89
4041.90
4041.90
4250.39
4250.39
1685.98
1685.98
72.85
72.85
2997.68
2997.68
303.35
303.35
1300.01
1300.01
186.80
186.80
2801.34
2801.34
43.61
43.61
2591.18
2591.18
966.72
966.72
28.15
28.15
1637.96
1637.96
1398.01
1398.01
709.44
709.44
1595.46
1595.46
2735.54
2735.54
3154.26
3154.26
3154.26
2054.66
2054.66
251.70
146.09
146.09
146.09
2666.59
2666.59
4166.23
4166.23
2289.13
2289.13
34.22
34.22
60.65
60.65
3807.36
3807.36
1082.86
1082.86
2859.86
1251.94
1251.94
1251.94
591.28
591.28
2799.64
2799.64
3988.63
3988.63
281.56
281.56
1641.23
1641.23
1162.24
1162.24
31.34
31.34
2300.71
2300.71
2174.10
2174.10
2604.47
2604.47
1576.17
2701.76
2701.76
2701.76
2859.15
2859.15
234.83
234.83
1538.27
1538.27
1815.11
1815.11
1922.60
1922.60
21.19
21.19
144.05
144.05
10.00
10.00
38.07
38.07
559.32
559.32
3502.92
4555.44
4555.44
4555.44
28.62
28.62
265.59
265.59
30.55
30.55
1771.19
1771.19
43.49
43.49
2889.90
2889.90
2554.28
2554.28
2951.61
2951.61
1876.21
1876.21
12.45
12.45
3589.45
3662.54
3662.54
3662.54
68.74
68.74
40.71
40.71
1577.99
1577.99
1989.45
1989.45
1384.33
1384.33
791.65
791.65
1985.53
1985.53
32.65
32.65
1960.16
1960.16
3501.29
3501.29
2409.78
2409.78
1745.44
1745.44
660.49
660.49
480.90
480.90
3688.54
3688.54
25.30
25.30
1288.81
1288.81
3736.50
3736.50
4444.87
4444.87
1519.25
1519.25
2602.48
2602.48
3836.85
3836.85
12.64
12.64
1601.23
1601.23
745.70
745.70
14.19
14.19
2696.99
2696.99
3455.04
3455.04
4422.56
4422.56
2569.10
2569.10
2163.60
2163.60
2304.81
2304.81
2498.55
2498.55
102.41
102.41
509.89
509.89
165.80
165.80
2415.20
2415.20
2660.06
2660.06
223.05
223.05
3918.45
3918.45
3164.36
3164.36
915.74
915.74
145.80
145.80
68.86
68.86
295.00
295.00
44.87
44.87
44.87
44.87
44.87
46.92
46.92
1919.14
518.58
518.58
59.42
59.42
18.66
18.66
2462.44
2462.44
24.94
24.94
332.24
332.24
166.00
166.00
93.98
93.98
94.84
94.84
2969.02
2969.02
18.35
18.35
3578.77
3578.77
409.64
409.64
1706.08
1706.08
2627.44
2627.44
2080.32
2080.32
107.63
107.63
1456.04
1456.04
857.32
857.32
310.30
310.30
195.97
195.97
3742.67
3742.67
1044.47
1044.47
2295.91
2295.91
4298.05
4298.05
1017.95
1017.95
1255.42
1255.42
3291.63
3291.63
10.00
10.00
2772.95
2772.95
1256.28
1256.28
1626.67
1626.67
240.96
240.96
571.99
571.99
52.72
52.72
3676.74
3676.74
4516.84
4516.84
3404.34
3404.34
1709.04
1709.04
209.86
209.86
2332.54
2332.54
249.88
249.88
157.31
157.31
321.15
321.15
486.54
486.54
1400.44
1400.44
1533.23
1533.23
2147.88
2147.88
4439.15
4439.15
4031.08
4031.08
4097.90
4097.90
35.91
35.91
2484.01
2484.01
2437.71
2437.71
2973.06
2973.06
1347.22
1347.22
2707.93
2707.93
1660.64
1660.64
3026.33
3026.33
2489.85
2489.85
120.60
120.60
1852.94
1852.94
149.94
149.94
706.67
706.67
3305.60
3305.60
378.59
378.59
4551.96
4551.96
156.97
156.97
156.97
106.02
106.02
106.02
3062.30
3062.30
3062.30
1941.78
3887.39
3139.99
2852.79
2852.79
3717.60
3717.60
4239.28
4239.28
3370.73
3370.73
3370.73
3370.73
1339.27
1339.27
3120.72
3120.72
3120.72
3120.72
3120.72
3120.72
3429.23
3429.23
5334.71
5334.71
4164.09
4164.09
4164.09
4164.09
2072.00
2072.00
4007.08
4007.08
2317.62
2317.62
2699.98
2699.98
3303.90
3303.90
2695.52
2695.52
2732.15
2732.15
2942.11
2942.11
3055.87
3055.87
3055.87
3055.87
2447.55
2447.55
2492.29
2492.29
4940.02
4940.02
3378.86
3378.86
4529.07
4529.07
4529.07
4529.07
2721.50
2721.50
4421.14
4421.14
835.66
835.66
3798.41
3798.41
4120.17
4120.17
4005.11
4005.11
2452.56
2452.56
31.53
31.53
527.78
527.78
3731.66
3731.66
3202.44
3202.44
2964.19
2964.19
3755.83
3755.83
3281.70
3281.70
4272.78
4272.78
2772.74
2772.74
4301.82
4301.82
2366.07
2366.07
2364.71
2364.71
4098.40
4098.40
4828.04
4828.04
3050.63
3050.63
2321.37
2321.37
1008.02
1008.02
2998.26
2998.26
4533.43
4533.43
4069.59
4069.59
10.00
10.00
4268.54
4268.54
3359.75
3359.75
2143.41
2143.41
2421.44
2421.44
3568.43
3568.43
4531.22
4531.22
2729.13
2729.13
1689.78
1689.78
4302.73
4302.73
6392.12
6392.12
4028.50
4028.50
47.76
47.76
4832.91
4832.91
4832.91
4832.91
2545.04
2545.04
3414.80
3414.80
4528.01
4528.01
38.47
38.47
5265.45
5265.45
3897.90
3897.90
3371.07
3371.07
10.00
10.00
1969.71
1969.71
240.01
240.01
3829.99
3829.99
1022.54
1022.54
204.62
204.62
4482.75
4482.75
4341.67
4341.67
4341.67
4341.67
4341.67
4341.67
4341.67
4341.67
4341.67
4341.67
4341.67
4341.67
4343.83
4343.83
4343.83
4343.83
888.32
888.32
1734.76
1734.76
4004.89
4004.89
3950.40
3950.40
3808.88
3808.88
4584.65
4584.65
3623.59
3623.59
3967.58
3967.58
4790.42
4790.42
6224.85
6224.85
40.56
40.56
231.76
231.76
2989.41
2989.41
34.53
34.53
2270.95
2270.95
2949.85
2949.85
2125.27
2125.27
3684.92
3684.92
213.29
213.29
1832.75
1832.75
4361.43
4361.43
4026.90
4026.90
3275.60
3275.60
367.05
367.05
23.90
23.90
4769.32
4769.32
3328.99
3328.99
3246.50
3246.50
3381.42
3381.42
30.39
30.39
49.01
49.01
1599.25
1599.25
2975.52
2975.52
1236.53
1236.53
562.09
562.09
818.19
818.19
3773.28
3773.28
4040.08
4040.08
1712.79
1712.79
1428.47
1428.47
1124.15
1124.15
4082.98
4082.98
685.25
685.25
3729.21
3729.21
3056.89
3056.89
2300.81
2300.81
2597.95
2597.95
1372.23
1372.23
10.00
10.00
520.86
520.86
1369.61
1369.61
430.53
430.53
2215.88
2215.88
150.27
150.27
2325.24
2325.24
680.93
680.93
4018.00
4018.00
1557.33
1557.33
332.07
332.07
250.97
250.97
1529.20
1529.20
778.50
778.50
18.03
18.03
27.68
27.68
936.60
936.60
1024.41
1024.41
2302.78
2302.78
4119.04
4119.04
3917.89
3917.89
1612.69
1612.69
2710.34
2710.34
2055.86
2055.86
4169.06
4169.06
3962.95
3962.95
4369.10
4369.10
2619.73
2619.73
47.14
47.14
612.46
612.46
26.16
26.16
48.40
48.40
1458.32
1458.32
5824.50
5824.50
2075.66
2075.66
2396.27
2396.27
35.61
35.61
342.85
342.85
2697.84
2697.84
103.69
103.69
497.28
497.28
1349.38
1349.38
1838.79
1838.79
1532.06
1532.06
852.38
852.38
2428.49
2428.49
2083.63
2083.63
3151.44
3151.44
3151.44
2823.47
2765.24
2765.24
4497.84
4497.84
53.34
53.34
718.04
718.04
28.39
28.39
2624.79
2624.79
3528.36
3528.36
3666.88
3666.88
3430.52
3430.52
334.30
334.30
2074.86
2074.86
1339.32
1339.32
205.09
205.09
194.51
194.51
131.03
131.03
3134.25
3134.25
40.02
40.02
3367.39
3367.39
956.93
956.93
1327.47
1327.47
290.91
290.91
2844.03
2844.03
2154.11
2154.11
2818.70
2818.70
3127.43
3127.43
957.61
957.61
2349.20
2349.20
2311.94
2311.94
29.71
29.71
3488.55
3488.55
649.11
649.11
65.50
65.50
2060.89
2060.89
252.98
252.98
3874.97
3874.97
1413.66
1413.66
2869.74
2869.74
3757.35
3757.35
791.29
791.29
3390.44
3390.44
262.31
262.31
29.09
29.09
1636.11
1636.11
2870.73
2870.73
1206.84
1206.84
1206.84
2995.67
1018.58
1018.58
1712.23
1712.23
3212.37
3212.37
1168.36
1168.36
11.40
11.40
687.60
687.60
702.96
702.96
3040.49
3040.49
964.86
964.86
21.47
21.47
2814.13
2814.13
2255.77
2255.77
38.24
38.24
696.12
696.12
783.92
783.92
50.78
50.78
2082.38
2082.38
73.17
73.17
256.38
256.38
2203.82
2203.82
4115.81
4115.81
1740.60
1740.60
85.56
85.56
2013.52
2013.52
3096.01
3096.01
1295.29
1295.29
1150.38
1150.38
16.32
16.32
10.00
10.00
31.57
31.57
1411.51
1411.51
2236.19
2236.19
249.87
249.87
2358.30
2358.30
1628.69
1628.69
1868.02
1868.02
3048.32
3048.32
1539.23
1539.23
2276.87
2276.87
4401.28
4401.28
2388.19
2388.19
2755.94
2755.94
1528.71
1528.71
36.32
36.32
979.22
979.22
688.96
688.96
435.85
435.85
2942.19
2942.19
4016.20
4016.20
3899.67
3899.67
71.67
71.67
5783.57
5783.57
1802.89
1802.89
505.90
505.90
643.35
643.35
58.42
58.42
1054.70
1054.70
889.43
889.43
177.37
177.37
1899.28
1899.28
185.45
185.45
2121.56
2121.56
1409.12
1409.12
1110.51
1110.51
2418.10
2418.10
4632.68
4632.68
5202.39
5202.39
1190.14
1190.14
2498.76
2498.76
64.87
64.87
703.98
703.98
3516.53
3516.53
2666.12
2666.12
2128.85
2128.85
107.82
107.82
3377.84
3377.84
3699.99
3699.99
3812.71
3812.71
1606.93
1606.93
2518.77
2518.77
3399.93
3399.93
670.78
670.78
3352.84
3352.84
3319.89
3319.89
2781.72
2781.72
4115.91
4115.91
2808.62
2808.62
60.10
60.10
1979.07
1979.07
215.58
215.58
2958.69
2958.69
2958.69
3512.80
41.76
41.76
301.46
301.46
301.46
5822.61
5822.61
2846.70
2846.70
3188.68
3188.68
3448.91
3448.91
190.48
190.48
1284.92
1284.92
3690.09
3690.09
2969.11
2969.11
2612.97
2612.97
3199.10
3199.10
4393.65
4393.65
38.05
38.05
4899.56
4899.56
3961.72
3961.72
82.50
82.50
2131.59
2131.59
2661.72
2661.72
3099.41
3099.41
510.87
510.87
138.11
138.11
1530.92
1530.92
4681.94
4681.94
3717.14
3717.14
2120.82
2120.82
4064.54
4064.54
4862.56
4862.56
2076.02
2076.02
56.21
56.21
2804.45
2804.45
4497.28
4497.28
2158.11
2158.11
58.09
58.09
222.21
222.21
130.09
130.09
2526.88
2526.88
1837.21
1837.21
3557.46
3557.46
2115.78
2115.78
1239.42
1239.42
3538.11
3538.11
2670.96
2670.96
1786.98
1786.98
4552.61
4552.61
229.39
229.39
530.62
530.62
4342.80
4342.80
5888.94
5888.94
71.43
71.43
1771.94
1771.94
3525.45
3525.45
4427.87
4427.87
67.79
67.79
3440.76
3440.76
1525.05
1525.05
2411.00
2411.00
184.09
184.09
1333.92
1333.92
3906.29
3906.29
42.99
42.99
561.44
561.44
507.68
507.68
3172.76
3172.76
4258.42
4258.42
3546.99
3546.99
1969.90
1969.90
14.49
14.49
1836.68
1836.68
4089.15
4089.15
398.30
398.30
635.92
635.92
1793.93
1793.93
821.48
821.48
79.68
79.68
1610.38
1610.38
1886.69
1886.69
3043.06
3043.06
1224.97
1224.97
2425.86
2425.86
2571.07
2571.07
4066.81
4066.81
53.55
53.55
4043.00
4043.00
711.06
711.06
1831.90
1831.90
39.07
39.07
254.41
254.41
3024.74
3024.74
1621.46
1621.46
3115.20
3115.20
3427.25
3427.25
867.71
867.71
1540.36
1540.36
2758.16
2758.16
1885.33
1885.33
4290.76
4290.76
1402.73
1402.73
5970.81
5970.81
1287.35
1287.35
846.47
846.47
55.06
55.06
1246.89
1246.89
2324.89
2324.89
5043.08
5043.08
33.80
33.80
2652.97
2652.97
3472.09
3472.09
1546.69
1546.69
2802.91
2802.91
540.21
540.21
3176.07
3176.07
14.89
14.89
3714.98
3714.98
1016.42
1016.42
225.13
225.13
2358.87
2358.87
2606.53
2606.53
3691.75
3691.75
4532.00
4532.00
1540.12
1540.12
1194.69
1194.69
31.81
31.81
68.95
68.95
3701.61
3701.61
2590.13
2590.13
66.31
66.31
1228.37
1228.37
1610.42
1610.42
4705.53
4705.53
1782.18
1782.18
3592.93
3592.93
765.13
765.13
30.17
30.17
3703.97
3703.97
3324.76
3324.76
114.57
114.57
4362.46
4362.46
146.91
146.91
2030.98
2030.98
306.32
306.32
4398.06
4398.06
424.34
424.34
3063.35
3063.35
153.56
153.56
182.05
182.05
1602.25
1602.25
2162.75
2162.75
2110.38
2110.38
3952.49
3952.49
90.60
90.60
3739.30
3739.30
1240.63
1240.63
3211.65
3211.65
17.05
17.05
4044.24
4044.24
35.75
35.75
341.85
341.85
3229.63
3229.63
10.00
10.00
4449.52
4449.52
24.41
24.41
2656.79
2656.79
1149.64
1149.64
4028.14
4028.14
905.44
905.44
1953.14
1953.14
813.10
813.10
2856.69
2856.69
3498.44
3498.44
339.43
339.43
76.52
76.52
378.07
378.07
527.92
527.92
84.25
84.25
1178.77
1178.77
954.10
954.10
2519.79
2519.79
213.49
213.49
2550.73
2550.73
683.25
683.25
1347.41
1347.41
1224.09
1224.09
1281.89
1281.89
2747.12
2747.12
223.00
223.00
377.74
377.74
1227.92
1227.92
3875.21
3875.21
3959.06
3959.06
1070.97
1070.97
2095.06
2095.06
4505.16
4505.16
1108.56
1108.56
1736.53
1736.53
3096.74
3096.74
256.31
256.31
567.33
567.33
3136.17
3136.17
1720.08
1720.08
922.18
922.18
80.19
80.19
1276.33
1276.33
4519.40
4519.40
3910.62
3910.62
3341.42
3341.42
3057.50
3057.50
2895.20
2895.20
2602.62
2602.62
456.92
456.92
3619.12
3619.12
3194.61
3194.61
3408.94
3408.94
2035.77
2035.77
1761.56
1761.56
645.93
645.93
90.44
90.44
325.12
325.12
15.22
15.22
2053.54
2053.54
2573.96
2573.96
4798.23
4798.23
2838.35
2838.35
3839.52
3839.52
3818.87
3818.87
141.31
141.31
59.34
59.34
64.20
64.20
1302.35
1302.35
24.05
24.05
87.05
87.05
1376.09
1376.09
1315.12
1315.12
2619.13
2619.13
3893.63
3893.63
1711.03
1711.03
4602.81
4602.81
540.76
540.76
2209.36
2209.36
1632.24
1632.24
179.47
179.47
353.77
353.77
4236.17
4236.17
71.45
71.45
4391.54
4391.54
2584.61
2584.61
1238.25
1238.25
1313.61
1313.61
1569.85
1569.85
1510.01
1510.01
4597.72
4597.72
3447.18
3447.18
2666.34
2666.34
3726.18
3726.18
632.39
632.39
1653.78
1653.78
19.58
19.58
1211.57
1211.57
4057.43
4057.43
931.54
931.54
549.56
549.56
1703.44
1703.44
2800.30
2800.30
3414.43
3414.43
3295.64
3295.64
3756.64
3756.64
3910.06
3910.06
4398.31
4398.31
4906.80
4906.80
4049.34
4049.34
236.94
236.94
3542.50
3542.50
3330.67
3330.67
3540.34
3540.34
2499.76
2499.76
2866.12
2866.12
1680.09
1680.09
1902.12
1902.12
3890.96
3890.96
672.57
672.57
281.64
281.64
960.62
960.62
842.37
842.37
2986.58
2986.58
5351.60
5351.60
1583.95
1583.95
3837.78
3837.78
3837.78
3837.78
3837.78
3837.78
3296.29
3296.29
2402.18
2402.18
2402.18
2402.18
3853.46
3853.46
3686.13
3686.13
3496.77
3496.77
3914.40
3914.40
2353.62
2353.62
4287.34
4287.34
4287.34
4287.34
3282.22
3282.22
5606.49
5606.49
3577.66
3577.66
5654.65
5654.65
2906.07
2906.07
4484.56
4484.56
6459.53
6459.53
4199.94
4199.94
3427.16
3427.16
3029.22
3029.22
3283.26
3283.26
1508.69
1508.69
6693.41
6693.41
4251.06
4251.06
134.48
134.48
4523.96
4523.96
7689.03
7689.03
1745.21
1745.21
4105.37
4105.37
2484.73
2484.73
3184.22
3184.22
3762.15
3762.15
3247.17
3247.17
3247.17
2739.02
18.21
18.21
212.17
212.17
252.01
252.01
406.15
406.15
4565.61
4565.61
4445.95
4445.95
2280.74
2280.74
758.71
758.71
1680.34
1680.34
3850.10
3850.10
19.23
19.23
3938.22
3938.22
217.19
217.19
1426.87
1426.87
3283.05
3283.05
4327.46
4327.46
5000.28
5000.28
4552.87
4552.87
5272.05
5272.05
127.95
127.95
3915.69
3915.69
3915.69
188.75
3907.61
3907.61
4463.39
4463.39
2497.46
2497.46
43.38
43.38
364.86
364.86
4472.89
4472.89
931.90
931.90
2115.11
2115.11
2565.98
2565.98
287.03
287.03
16.83
16.83
3997.75
3997.75
3433.82
3433.82
4099.12
4099.12
3273.01
3273.01
1610.19
1610.19
636.49
636.49
3964.98
3964.98
3457.04
3457.04
3694.79
3694.79
549.02
549.02
2829.68
2829.68
10.96
10.96
94.73
94.73
1674.69
1674.69
6108.79
6108.79
3292.35
3292.35
1037.99
1037.99
1781.83
1781.83
504.14
504.14
101.43
101.43
101.43
2658.54
1862.62
1862.62
216.33
216.33
1897.65
1897.65
2335.82
2335.82
1677.46
1677.46
2508.00
2508.00
5228.39
5228.39
2340.23
2340.23
501.52
501.52
1092.09
1092.09
3804.58
3804.58
97.24
97.24
97.24
269.42
945.21
945.21
29.01
29.01
29.01
2315.74
2315.74
2315.74
1590.38
57.71
3181.99
3181.99
1959.77
1959.77
4036.63
4036.63
3282.62
3282.62
3356.02
3356.02
1505.87
1505.87
83.08
83.08
25.03
25.03
3286.72
3286.72
172.61
172.61
1478.71
1478.71
3341.51
3341.51
4047.10
4047.10
1299.27
1299.27
3015.46
3015.46
2680.98
2680.98
1263.83
1263.83
1263.83
125.29
1095.88
1095.88
3438.95
3438.95
2630.79
2630.79
357.82
357.82
1325.86
1325.86
2514.18
2514.18
23.61
23.61
3755.21
3755.21
892.31
892.31
1521.04
1521.04
28.76
28.76
28.76
1766.53
3220.68
3220.68
2952.13
2952.13
1453.06
1453.06
4041.09
4041.09
1676.10
1676.10
1185.73
1185.73
2773.23
2773.23
4273.09
4273.09
3167.03
3167.03
1639.75
1639.75
1956.03
1956.03
1956.03
328.37
3113.44
3113.44
2272.30
2272.30
3707.55
3707.55
2206.44
2206.44
1620.39
1620.39
1903.68
1903.68
1536.94
1536.94
2108.51
2108.51
2108.51
1678.06
1332.49
1332.49
1295.28
1295.28
1553.37
1553.37
1069.62
1069.62
1290.18
1290.18
1532.75
1532.75
293.55
293.55
491.38
491.38
1828.86
1828.86
1828.86
65.37
65.37
1603.53
1603.53
2881.11
2089.17
2089.17
1270.89
1270.89
3185.30
3185.30
3185.30
3185.30
2154.83
1657.86
558.62
558.62
2557.39
2557.39
3566.37
3566.37
1060.61
1060.61
3145.00
3145.00
2879.07
2879.07
1517.98
1517.98
2343.68
2343.68
1975.49
1975.49
1975.49
3929.98
1433.94
1433.94
2914.33
2914.33
3644.68
3644.68
1005.44
1005.44
1523.91
1523.91
1606.37
1606.37
2978.24
2978.24
145.62
145.62
599.12
599.12
1669.48
1669.48
5385.56
5385.56
3901.96
3901.96
200.97
200.97
200.97
200.97
1240.60
1240.60
1240.60
2943.83
2943.83
1065.49
1816.55
1816.55
2027.19
2027.19
2027.19
70.69
70.69
2201.18
2451.06
4590.63
20.22
20.22
554.22
554.22
29.28
29.28
276.84
276.84
2253.64
2253.64
87.40
87.40
2652.82
2652.82
2174.41
2174.41
41.40
41.40
41.40
297.38
297.38
628.37
628.37
1433.37
1433.37
2448.24
1483.96
1483.96
1483.96
58.06
58.06
3386.64
3386.64
125.37
125.37
3579.75
3579.75
2169.63
2169.63
1465.78
1465.78
2046.83
2046.83
10.00
10.00
3169.26
3169.26
4430.45
4430.45
2051.10
2726.99
2726.99
2726.99
23.16
23.16
121.03
121.03
47.56
47.56
4162.04
4162.04
1541.56
1541.56
35.09
35.09
494.44
494.44
2279.38
2279.38
632.76
632.76
60.61
60.61
1723.10
950.78
950.78
950.78
950.78
32.63
32.63
346.76
1044.30
1044.30
114.57
114.57
780.45
780.45
2402.03
2402.03
289.32
289.32
3579.28
3579.28
2145.96
2145.96
3210.24
3210.24
3157.17
3157.17
1850.23
1850.23
270.63
270.63
2165.86
2165.86
965.65
965.65
1457.89
1457.89
1190.48
1190.48
1728.90
1728.90
647.15
647.15
1427.17
1427.17
753.96
753.96
2913.53
2913.53
1331.86
1331.86
3698.89
3698.89
2478.76
2478.76
30.70
30.70
1178.69
1178.69
420.73
420.73
31.55
31.55
950.84
950.84
2861.89
2861.89
131.57
131.57
4969.64
4969.64
236.22
236.22
546.93
546.93
5198.49
5198.49
2148.85
2148.85
3194.07
3194.07
1017.40
1017.40
457.30
457.30
228.77
228.77
3211.43
3211.43
6147.20
6147.20
198.07
198.07
3864.78
3864.78
3796.41
3796.41
4074.70
4074.70
26.38
26.38
1346.90
1346.90
2052.79
2052.79
2683.16
2683.16
2045.23
2045.23
4322.41
4322.41
2941.18
2941.18
3026.05
3026.05
4782.44
4782.44
4463.02
4463.02
4463.02
4463.02
2441.05
2441.05
1449.75
1449.75
3861.89
3861.89
1605.20
1605.20
3367.11
3367.11
1813.62
1813.62
3639.38
3639.38
3639.38
3639.38
3639.38
3639.38
1517.12
1517.12
3257.22
3257.22
3257.22
3257.22
3257.22
3257.22
738.72
738.72
3492.39
3492.39
1365.61
1365.61
360.19
360.19
2027.27
2027.27
1274.04
1274.04
3483.51
3483.51
1756.84
1756.84
1032.12
1032.12
2465.14
2465.14
4050.22
4050.22
2765.72
2765.72
1230.26
1230.26
2540.73
2540.73
3995.97
3995.97
1652.57
1652.57
2883.39
2883.39
2468.25
2468.25
4521.89
4521.89
4489.68
4489.68
4659.41
4659.41
749.57
749.57
1081.17
1081.17
1681.76
1681.76
175.82
175.82
3357.63
3357.63
1026.88
1026.88
2803.13
2803.13
2803.13
2803.13
2803.13
2803.13
3394.98
3394.98
2666.05
2666.05
1592.65
1592.65
2634.27
2634.27
776.48
776.48
321.85
321.85
3504.46
3504.46
4100.49
4100.49
2992.17
2992.17
2670.14
2670.14
2099.83
2099.83
1239.73
1239.73
1923.91
1923.91
2482.13
2482.13
39.52
39.52
4870.53
4870.53
35.72
35.72
2524.46
2524.46
1117.52
1117.52
21.26
21.26
819.00
819.00
2147.82
2147.82
50.46
50.46
1157.13
1157.13
3044.79
3044.79
1660.89
1660.89
2293.28
2293.28
280.35
280.35
2770.48
2770.48
2035.88
2035.88
1740.57
1740.57
3390.34
3390.34
2509.55
2509.55
2329.00
2329.00
1934.75
1934.75
1752.82
1752.82
80.54
80.54
2225.75
2225.75
1149.45
1149.45
521.40
521.40
2550.16
2550.16
71.58
71.58
10.00
10.00
815.27
815.27
3292.92
3292.92
139.48
139.48
1907.82
1907.82
2311.79
2311.79
707.58
707.58
956.93
956.93
1252.11
1252.11
3569.01
3569.01
4148.42
4148.42
3435.00
3435.00
2265.15
2265.15
2551.53
2551.53
2572.30
2572.30
3235.93
3235.93
2640.55
2640.55
10.00
10.00
1611.85
1611.85
2871.28
2871.28
2130.12
2130.12
2166.11
2166.11
1723.18
1723.18
48.68
48.68
445.09
445.09
1790.72
1790.72
3866.80
3866.80
679.71
679.71
3796.06
3796.06
2746.39
2746.39
2577.43
2577.43
3253.41
3253.41
707.22
707.22
3486.45
3486.45
2083.24
2083.24
3657.25
3657.25
3151.09
3151.09
2645.61
2645.61
2838.63
2838.63
469.38
469.38
1907.68
1907.68
935.25
935.25
105.27
105.27
3299.61
3299.61
64.90
64.90
569.22
569.22
816.27
816.27
96.10
96.10
801.42
801.42
214.93
214.93
37.89
37.89
467.91
467.91
46.51
46.51
25.87
25.87
1164.06
1164.06
1082.64
1082.64
26.09
26.09
1342.54
1342.54
36.33
36.33
2743.48
2743.48
1376.70
1376.70
265.33
265.33
238.48
238.48
3836.46
3836.46
1525.39
1525.39
1003.50
1003.50
2669.73
2669.73
815.10
815.10
2171.36
2171.36
2151.74
2151.74
2151.74
2184.19
50.39
50.39
3241.85
3241.85
2882.38
2882.38
1150.46
1150.46
1030.66
1030.66
3482.90
3482.90
3868.06
3868.06
30.31
30.31
3285.49
3285.49
3108.53
3108.53
2018.71
2018.71
2765.50
2765.50
2012.64
2012.64
1150.04
1150.04
4321.24
4321.24
1200.73
1200.73
2924.27
2924.27
4023.16
4023.16
1468.06
1468.06
2211.69
2211.69
1383.77
1383.77
394.88
394.88
4082.85
4082.85
3491.49
3491.49
3379.72
3379.72
2030.37
2030.37
1300.94
1300.94
2038.00
2038.00
14.72
14.72
1622.73
1622.73
2772.18
2772.18
2967.45
2967.45
45.62
45.62
2843.57
2843.57
2585.64
2585.64
1232.65
1232.65
2773.55
2773.55
1754.35
1754.35
1903.42
1903.42
3604.34
3604.34
1677.29
1677.29
2424.34
2424.34
3749.90
3749.90
2606.02
2606.02
2507.05
2507.05
4062.24
4062.24
10.83
10.83
3416.00
3416.00
407.72
407.72
2080.53
2080.53
1247.07
1247.07
2052.36
2052.36
563.25
563.25
1228.54
1228.54
2444.78
2444.78
1841.88
1841.88
1841.88
3501.12
3109.69
3109.69
2934.14
2934.14
3184.94
3184.94
220.04
220.04
1951.85
1951.85
3027.22
3027.22
3294.92
3294.92
2098.24
2098.24
2910.27
2910.27
1097.62
1097.62
2550.22
2550.22
2550.22
2550.22
2550.22
2550.22
3491.96
3491.96
2154.04
2154.04
1647.42
1647.42
29.89
29.89
971.23
971.23
1572.25
1572.25
3084.85
3084.85
3568.76
3568.76
3611.30
3611.30
1737.04
1737.04
1537.49
1537.49
1687.20
1687.20
1856.38
1856.38
1210.49
1210.49
1328.98
1328.98
900.09
900.09
1276.19
1276.19
1983.88
1983.88
2437.91
2437.91
2366.46
2366.46
3173.81
3173.81
2025.31
2025.31
2165.67
2165.67
1634.64
1634.64
2106.64
2106.64
2635.80
2635.80
122.04
122.04
2450.34
2450.34
335.92
335.92
123.69
123.69
49.39
49.39
2119.61
2119.61
1054.39
1054.39
3000.06
3000.06
2385.22
2385.22
298.27
298.27
869.61
869.61
12.23
12.23
215.35
215.35
44.56
44.56
1980.18
1980.18
418.37
418.37
3353.35
3353.35
1952.24
1952.24
1602.65
1602.65
14.76
14.76
14.76
1029.47
1029.47
2751.48
220.07
220.07
74.91
74.91
108.57
108.57
937.12
937.12
1241.50
1241.50
15.35
15.35
12.22
12.22
221.62
221.62
1413.47
1413.47
1621.25
1621.25
1623.40
1623.40
3479.93
3479.93
2004.16
2004.16
1645.02
1645.02
2319.21
2319.21
2329.10
2329.10
963.65
963.65
2138.00
2138.00
1289.48
1289.48
946.89
946.89
67.83
67.83
149.81
149.81
1358.18
1358.18
214.93
214.93
191.28
191.28
90.34
90.34
125.34
125.34
1164.76
1164.76
85.66
85.66
14.85
14.85
756.95
756.95
126.54
126.54
2072.96
2072.96
977.23
977.23
1491.79
1491.79
160.97
160.97
191.68
191.68
97.80
97.80
1664.38
1664.38
1446.95
1446.95
1969.22
1969.22
105.35
105.35
2426.43
2426.43
187.08
187.08
23.29
23.29
338.55
338.55
1251.00
1251.00
23.87
23.87
261.52
261.52
188.62
188.62
1918.67
1918.67
2209.67
2209.67
22.04
22.04
33.13
33.13
95.00
95.00
59.68
59.68
1136.25
1136.25
1626.17
1626.17
1778.96
1778.96
276.62
276.62
43.39
43.39
1132.34
1132.34
218.24
218.24
836.18
836.18
1655.05
1655.05
800.55
800.55
10.00
10.00
146.18
146.18
25.09
25.09
10.00
10.00
259.27
259.27
259.27
370.34
72.05
72.05
357.49
357.49
194.11
194.11
43.89
43.89
310.00
310.00
504.63
504.63
30.83
30.83
10.00
10.00
189.82
189.82
1021.85
1021.85
1065.01
1065.01
1463.86
1463.86
243.39
243.39
154.08
154.08
57.17
57.17
735.40
735.40
2178.40
2178.40
1166.69
1166.69
1399.65
1399.65
833.05
833.05
2832.21
2832.21
145.76
145.76
1995.85
1995.85
2019.11
2019.11
243.11
243.11
929.19
929.19
16.18
16.18
24.16
24.16
20.83
20.83
1152.15
1152.15
1421.31
1421.31
2073.33
2073.33
957.08
957.08
13.15
13.15
1568.10
1568.10
3164.01
3164.01
1447.34
1447.34
374.43
374.43
805.07
805.07
28.25
28.25
28.25
698.23
698.23
709.51
1766.65
1766.65
2186.82
2186.82
2703.30
2703.30
2250.07
2250.07
22.61
22.61
1031.51
1031.51
1767.69
1767.69
1767.69
848.75
175.93
175.93
785.90
785.90
328.23
328.23
110.65
110.65
23.60
23.60
401.50
401.50
843.39
843.39
1749.61
1749.61
2374.18
2374.18
4749.07
4749.07
1613.25
1613.25
1904.45
1904.45
450.74
450.74
450.74
2085.38
31.23
31.23
31.23
90.71
90.71
3094.67
3094.67
1684.06
1684.06
481.35
481.35
1442.77
1442.77
2728.99
2728.99
2546.50
2546.50
1797.86
1797.86
2161.51
2161.51
1624.19
1624.19
2563.13
2563.13
2202.08
2202.08
2997.95
2997.95
3226.20
3226.20
2066.66
2066.66
3849.99
3849.99
3612.28
3612.28
1931.48
1931.48
945.87
945.87
44.70
44.70
3966.99
3966.99
2985.58
2985.58
4319.23
4319.23
12.72
12.72
1981.92
1981.92
21.79
21.79
4484.03
4484.03
4696.88
4696.88
42.02
42.02
2773.49
2773.49
3757.09
3757.09
2683.99
2683.99
3277.88
3277.88
1726.00
1726.00
2731.36
2731.36
22.96
22.96
2791.78
2791.78
2843.36
2843.36
2910.48
2910.48
2444.28
2444.28
1547.48
1547.48
3231.78
3231.78
2671.22
2671.22
88.83
88.83
3378.88
3378.88
2470.84
2470.84
3719.09
3719.09
3443.82
3443.82
4879.26
4879.26
3920.36
3920.36
2292.19
2292.19
2080.10
2080.10
78.77
78.77
4527.00
4527.00
2672.82
2672.82
68.13
68.13
2986.63
2986.63
2689.84
2689.84
757.55
757.55
3329.41
3329.41
4288.78
4288.78
19.25
19.25
1362.19
1362.19
1926.65
1926.65
232.52
232.52
28.06
28.06
70.46
70.46
3259.83
3259.83
2387.19
2387.19
51.54
51.54
163.43
163.43
543.41
543.41
19.74
19.74
882.07
882.07
37.01
37.01
28.40
28.40
2576.41
2576.41
20.73
20.73
1872.25
1872.25
1221.94
1221.94
1557.45
1557.45
1025.22
1025.22
2319.12
2319.12
1411.39
1411.39
1514.21
1514.21
2292.58
2292.58
3248.72
3248.72
96.85
96.85
3147.51
3147.51
1965.95
1965.95
1174.16
1174.16
1713.14
1713.14
466.65
466.65
2433.68
2433.68
798.14
798.14
473.73
473.73
1415.24
1415.24
727.01
727.01
2459.83
2459.83
98.55
98.55
395.11
395.11
40.72
40.72
2664.19
2664.19
212.07
212.07
2746.39
2746.39
2124.30
2124.30
1689.64
1689.64
53.16
53.16
3024.91
3024.91
382.81
382.81
630.93
630.93
191.71
191.71
19.74
19.74
112.55
112.55
685.87
685.87
41.80
41.80
3441.51
3441.51
120.82
120.82
2250.51
2250.51
711.91
711.91
1888.42
1888.42
1031.12
1031.12
11.29
11.29
2738.06
2738.06
2425.48
2425.48
45.35
45.35
1539.39
1539.39
1539.39
2641.71
2641.71
2641.71
228.94
228.94
2081.93
2081.93
2450.64
2450.64
12.93
12.93
1213.76
1213.76
1213.76
31.11
160.88
160.88
3914.72
806.59
957.77
957.77
1468.23
1468.23
2152.30
2152.30
50.33
50.33
2257.66
2257.66
285.78
285.78
2222.83
2222.83
2222.83
616.78
616.78
2270.69
944.07
944.07
944.07
3238.44
3238.44
1733.26
1541.54
1541.54
2106.59
2106.59
37.10
37.10
58.87
58.87
1094.27
1094.27
2020.48
2020.48
1408.44
1408.44
3274.95
3274.95
3274.95
3274.95
2305.36
10.00
19.72
19.72
10.00
10.00
785.28
785.28
889.01
889.01
1118.29
1118.29
1542.99
1542.99
3255.68
3255.68
1898.69
1898.69
344.19
344.19
455.86
455.86
345.99
345.99
2056.88
2056.88
2056.88
2056.88
3482.71
3482.71
3325.40
3325.40
595.56
595.56
1251.15
1251.15
1251.15
1251.15
1701.29
1701.29
2294.86
2294.86
23.79
23.79
24.10
24.10
2863.21
2863.21
2740.30
2740.30
30.41
30.41
36.14
36.14
965.03
965.03
1204.89
1204.89
969.75
969.75
2390.58
2390.58
10.00
10.00
2545.42
2545.42
1382.66
1382.66
1476.64
1476.64
2465.44
2465.44
2495.47
2495.47
3188.64
3188.64
2467.14
2467.14
1543.15
1543.15
425.76
425.76
1786.20
1786.20
1574.03
1574.03
2386.07
2386.07
3954.89
3954.89
3954.89
3954.89
4309.21
4309.21
1201.96
1201.96
1182.55
1182.55
2918.48
2918.48
1824.05
1824.05
4988.14
4988.14
4840.59
4840.59
906.18
906.18
849.74
849.74
2407.44
2407.44
2261.77
2261.77
817.83
817.83
189.05
189.05
2919.06
2919.06
110.31
110.31
2227.28
2227.28
2312.50
2312.50
24.53
24.53
16.87
16.87
1414.96
1414.96
3018.26
3018.26
2297.92
2297.92
3512.30
3512.30
2179.28
2179.28
2490.96
2490.96
3388.20
3388.20
272.86
272.86
995.60
995.60
2743.12
2743.12
973.53
973.53
1009.17
1009.17
1129.83
1129.83
21.03
21.03
1238.75
1238.75
433.87
433.87
1777.38
1777.38
1851.50
1851.50
2251.27
2251.27
2783.98
2783.98
2998.52
2998.52
2249.69
2249.69
1669.58
1669.58
1799.56
1799.56
2698.58
2698.58
1163.63
1163.63
1527.38
1527.38
3370.67
3370.67
2079.40
2079.40
1924.35
1924.35
1626.68
1626.68
1498.79
1498.79
1566.34
1566.34
10.00
10.00
1205.37
1205.37
1165.25
1165.25
1537.85
1537.85
1565.10
1565.10
2336.50
2336.50
53.27
53.27
1676.34
1676.34
447.44
447.44
2577.47
2577.47
1363.63
1363.63
1592.68
1592.68
11.05
11.05
1894.13
1894.13
1085.94
1085.94
1085.94
630.40
489.66
489.66
1119.97
1119.97
1119.97
367.99
1243.53
1243.53
2056.70
2056.70
2971.16
2971.16
2971.16
738.44
738.44
738.44
738.44
801.68
801.68
801.68
815.62
815.62
399.30
399.30
648.31
648.31
69.10
69.10
80.67
80.67
80.67
2112.12
2112.12
177.53
177.53
1165.57
1165.57
2499.18
2499.18
2499.18
775.78
775.78
775.78
104.26
104.26
104.26
2760.12
2760.12
512.54
512.54
512.54
512.54
17.40
17.40
1108.56
1108.56
1108.56
33.86
33.86
90.00
90.00
45.48
1554.72
1554.72
59.93
59.93
470.72
470.72
1521.02
1521.02
1521.02
1000.74
1000.74
165.37
165.37
2181.56
2181.56
421.11
1017.89
2133.53
3611.68
3611.68
1643.98
1643.98
522.63
2482.66
2482.66
2258.96
3162.38
2933.04
1094.97
129.39
129.39
559.83
559.83
350.83
161.01
161.01
161.01
170.11
170.11
376.88
376.88
79.05
996.03
996.03
996.03
996.03
87.44
1216.05
2016.01
95.48
95.48
185.08
185.08
656.94
656.94
246.76
246.76
246.76
1193.41
1193.41
549.80
834.26
834.26
1403.70
1403.70
19.57
19.57
443.70
443.70
14.71
14.71
14.71
1507.99
1507.99
724.16
922.55
1978.76
1978.76
2259.29
2259.29
2853.41
2853.41
2244.42
2244.42
2287.38
2287.38
3407.96
3407.96
880.31
880.31
2577.57
2577.57
216.21
216.21
84.41
84.41
11.85
11.85
3006.05
3006.05
1205.99
1205.99
1205.99
260.95
260.95
260.95
408.26
2412.30
2412.30
1651.63
3201.55
3201.55
2461.64
2461.64
2418.18
2418.18
625.69
625.69
1429.44
1429.44
44.87
44.87
3619.59
3619.59
151.23
151.23
1132.36
1132.36
1132.36
278.26
121.22
121.22
1389.24
1389.24
723.24
723.24
445.41
445.41
2019.82
2019.82
1707.60
1707.60
2128.99
2128.99
1702.95
1702.95
45.17
45.17
1961.58
1961.58
2598.48
2598.48
53.80
53.80
53.80
1477.93
1477.93
51.34
3310.30
3310.30
2213.93
2213.93
2653.00
2653.00
2352.91
2352.91
35.78
35.78
3008.62
3008.62
2873.42
2873.42
2148.55
2148.55
2148.55
441.19
441.19
1626.11
99.39
99.39
236.84
236.84
2717.80
2717.80
502.32
502.32
2814.09
2814.09
1006.69
1006.69
123.72
123.72
2012.66
2012.66
1918.04
1918.04
2403.89
2403.89
3570.20
3570.20
705.84
705.84
3509.14
3509.14
2107.49
2107.49
3180.60
3180.60
4622.49
4622.49
43.50
43.50
2668.20
2668.20
333.59
333.59
800.50
800.50
87.95
87.95
193.78
193.78
33.34
33.34
2618.01
2618.01
2618.01
226.23
2163.60
2163.60
2874.18
2874.18
3143.24
3143.24
3092.76
3092.76
1896.25
1896.25
90.55
90.55
3968.48
3968.48
2291.30
2291.30
25.68
25.68
823.13
823.13
1914.42
1914.42
16.56
16.56
3770.30
3770.30
3770.30
2292.18
1984.56
1984.56
1984.56
1984.56
1984.56
1984.56
1858.19
1858.19
1571.11
50.62
50.62
2774.75
2774.75
2225.40
2225.40
2700.91
2700.91
2700.91
78.70
78.70
78.70
488.77
488.77
2399.62
1400.34
1400.34
1400.34
168.89
168.89
1516.60
1516.60
1516.60
748.83
29.57
29.57
1995.77
2079.47
2079.47
2276.33
2276.33
1310.80
1310.80
1237.85
1237.85
19.27
19.27
1638.79
1638.79
2532.72
2532.72
2839.29
2839.29
1542.78
1542.78
1017.62
1017.62
1167.00
1167.00
2430.91
2430.91
1516.31
1516.31
1728.19
1728.19
2595.66
2595.66
1140.09
1140.09
1723.47
1723.47
2773.85
2773.85
2317.42
2317.42
938.14
938.14
3156.52
3156.52
2297.05
2297.05
2723.47
2723.47
1965.17
1965.17
5398.01
5398.01
2523.79
2523.79
2523.79
2523.79
2523.79
2523.79
15.07
15.07
1855.60
1855.60
1855.60
1855.60
1941.28
1941.28
2051.65
2051.65
1953.16
1953.16
2221.59
2221.59
1804.90
1804.90
29.22
29.22
2585.05
2585.05
1195.64
1195.64
1778.43
1778.43
2324.38
2324.38
137.37
137.37
2104.55
2104.55
2632.70
2632.70
3265.45
3265.45
1693.06
1693.06
1173.53
1173.53
1459.89
1459.89
12.80
12.80
15.62
15.62
1754.02
1754.02
1754.02
2423.80
2423.80
2423.80
2012.10
2012.10
2012.10
1278.48
1278.48
2232.54
2232.54
821.89
821.89
2168.39
2168.39
2769.52
2769.52
2042.82
2042.82
2444.37
2444.37
1668.02
1668.02
1896.09
1896.09
885.45
885.45
1450.42
1450.42
763.29
763.29
885.15
885.15
1612.42
1612.42
2472.81
2472.81
1361.66
1361.66
1703.62
1703.62
1703.62
1703.62
2717.35
2717.35
2281.32
2281.32
2961.39
2961.39
3131.91
2909.29
2909.29
2909.29
2030.46
2030.46
280.62
280.62
2282.74
2282.74
64.37
64.37
64.37
64.37
56.66
56.66
35.93
35.93
73.81
1357.04
1357.04
4065.76
692.99
692.99
63.59
1451.44
1451.44
1451.44
76.86
76.86
135.10
135.10
2287.02
2287.02
1761.09
1761.09
119.83
119.83
2554.09
2554.09
985.73
985.73
1042.15
1042.15
1977.10
1977.10
749.39
749.39
1979.44
1979.44
2333.91
2333.91
10.00
10.00
578.88
578.88
2177.24
2177.24
1491.91
1491.91
1088.06
1088.06
3346.09
3346.09
2446.64
2446.64
264.20
264.20
239.42
239.42
33.27
33.27
2513.71
2513.71
2351.86
2351.86
1670.99
1670.99
2918.91
2918.91
2830.61
2830.61
2830.61
3260.03
3260.03
3260.03
285.10
285.10
285.10
285.10
1736.23
1736.23
816.85
816.85
1832.88
1604.13
2615.42
2615.42
14.01
14.01
2020.08
2020.08
845.66
845.66
273.81
273.81
181.59
181.59
1187.87
1187.87
948.14
948.14
72.97
72.97
72.97
881.53
881.53
881.53
875.60
875.60
1564.51
1564.51
85.54
85.54
85.54
2734.91
2734.91
2734.91
1444.12
2805.82
2061.06
2061.06
66.00
66.00
1835.53
1835.53
2162.92
2162.92
2568.35
2568.35
219.10
219.10
404.40
404.40
1367.45
1367.45
991.07
991.07
1537.63
1537.63
2728.41
2728.41
1185.84
1185.84
1883.50
1883.50
2733.36
2733.36
2231.36
2231.36
2619.46
2619.46
3957.15
3957.15
2094.62
2094.62
3107.47
3107.47
275.47
275.47
2175.76
2175.76
2175.76
2175.76
2154.54
2154.54
414.93
3906.35
1406.37
1406.37
1400.54
1400.54
1727.98
1727.98
2671.75
2671.75
3640.41
3640.41
2172.01
2172.01
1190.19
1190.19
2315.88
2315.88
1397.73
1397.73
1397.73
1568.94
1568.94
383.12
383.12
577.78
577.78
1835.78
1835.78
1835.78
40.54
40.54
1588.42
1588.42
1588.42
1703.88
1703.88
144.29
1238.71
2086.52
923.72
923.72
2101.27
2101.27
4059.41
4059.41
3530.73
3530.73
3752.77
3752.77
447.46
447.46
1085.97
1085.97
3559.52
3559.52
3663.41
3663.41
3182.58
3182.58
3182.58
15.94
15.94
1664.26
22.15
22.15
2106.45
2106.45
26.12
26.12
14.21
14.21
2023.23
2023.23
2903.87
2903.87
1097.23
1097.23
3060.43
3060.43
2562.15
2562.15
176.19
176.19
2666.36
2666.36
29.03
29.03
3509.12
3509.12
2454.20
2454.20
2632.29
2632.29
1335.66
1335.66
3463.27
3463.27
2954.67
2954.67
703.63
703.63
27.15
27.15
3950.22
3950.22
32.67
32.67
2498.45
2498.45
59.05
59.05
467.23
467.23
146.55
146.55
359.35
359.35
1560.51
1560.51
1440.19
1440.19
1953.16
1953.16
2794.07
2794.07
4963.71
4963.71
890.86
890.86
26.00
26.00
492.33
492.33
1311.06
1311.06
1941.08
1941.08
1436.24
1436.24
1456.94
1456.94
1059.22
1059.22
1059.22
1069.41
30.50
30.50
377.91
377.91
59.11
59.11
10.00
10.00
1989.96
1989.96
1989.96
217.81
1983.12
1983.12
423.72
423.72
639.55
639.55
639.55
639.55
11.45
11.45
466.91
466.91
466.91
466.91
466.91
139.04
139.04
139.04
722.57
722.57
1982.66
1589.40
618.78
618.78
815.61
1260.09
1549.42
2052.62
1181.52
1181.52
1742.51
1742.51
614.09
614.09
3486.44
3486.44
1423.25
1423.25
2568.39
2568.39
158.28
158.28
3244.55
3244.55
2275.93
2275.93
1831.20
1831.20
39.13
39.13
1755.74
1755.74
32.96
32.96
442.11
442.11
1231.41
1231.41
693.92
693.92
2050.38
2050.38
1405.41
1405.41
3030.73
3030.73
3192.79
3192.79
2395.81
2395.81
2159.53
2159.53
1644.85
1644.85
2281.76
2281.76
2826.45
2826.45
104.39
104.39
778.44
778.44
2627.97
2627.97
1387.49
1387.49
3031.40
3031.40
2770.20
2770.20
353.36
353.36
371.78
371.78
4570.99
4570.99
519.98
519.98
1197.34
1197.34
20.31
20.31
399.73
399.73
3332.69
3332.69
49.06
49.06
960.23
960.23
2568.85
2568.85
447.14
447.14
3181.41
3181.41
3181.41
73.23
73.23
73.23
98.13
2594.45
918.57
918.57
19.96
19.96
19.96
234.47
234.47
234.47
234.47
2535.27
2535.27
2535.27
1061.09
1061.09
1751.90
1751.90
2622.10
2622.10
2622.10
2622.10
1940.55
1940.55
2845.62
2845.62
812.79
812.79
3105.63
3105.63
1068.69
1068.69
2968.47
2968.47
909.80
909.80
1655.13
1655.13
1336.48
1336.48
1336.48
1336.48
1483.74
1483.74
2447.32
2447.32
2505.79
2505.79
1816.41
1816.41
1769.05
1769.05
1700.86
1700.86
1639.94
1639.94
2247.26
2247.26
1848.35
1848.35
1513.05
1513.05
1513.05
1513.05
2307.91
2307.91
1067.82
1067.82
2838.04
2838.04
2534.79
2534.79
1899.91
1899.91
1849.62
1849.62
1849.62
1849.62
1562.91
1562.91
2079.70
2079.70
2079.70
2079.70
2418.68
2418.68
1247.36
1247.36
2243.98
2243.98
2243.98
2243.98
1253.04
1253.04
2545.57
2545.57
2545.57
2545.57
1750.86
1750.86
1166.42
1166.42
1452.84
1452.84
2629.31
2629.31
1274.29
1274.29
2121.94
2121.94
700.35
700.35
228.67
228.67
1748.62
1748.62
2699.64
2699.64
1613.83
1613.83
1806.18
1806.18
2710.84
2710.84
1186.60
1186.60
1816.24
1816.24
1816.24
1816.24
1320.77
1320.77
1320.77
1320.77
1320.77
1320.77
1562.51
1562.51
3180.41
3180.41
105.81
105.81
3765.29
3765.29
2766.94
2766.94
2488.56
2488.56
14.71
14.71
705.79
705.79
2545.45
2545.45
193.90
193.90
260.10
260.10
813.62
813.62
1900.13
1900.13
185.66
185.66
1085.36
1085.36
2279.54
2279.54
2279.54
1060.23
1060.23
2287.01
2476.76
2476.76
1935.55
1935.55
1137.89
1137.89
127.14
127.14
2957.37
2957.37
2402.66
2402.66
2792.39
2792.39
2661.06
2661.06
842.14
842.14
2388.90
2388.90
3609.12
3609.12
2505.81
2505.81
146.17
146.17
34.00
34.00
20.69
20.69
4580.33
4580.33
15.42
15.42
144.78
144.78
2462.35
2462.35
1658.71
1658.71
3685.41
3685.41
485.88
485.88
57.80
57.80
70.68
70.68
3333.29
3333.29
153.54
153.54
2932.34
2932.34
2019.23
2019.23
556.66
556.66
4166.50
4166.50
1818.07
1818.07
1286.26
1286.26
1647.04
1647.04
1223.54
1223.54
2051.42
2051.42
776.00
776.00
1775.49
1775.49
2870.83
2870.83
1438.81
1438.81
2566.48
2566.48
3279.14
3279.14
30.39
30.39
5127.86
5127.86
1102.31
1102.31
1870.68
1870.68
2758.88
2758.88
2403.28
2403.28
4113.36
4113.36
4376.80
4376.80
270.81
270.81
200.82
200.82
2599.25
2599.25
2599.25
559.51
559.51
559.51
189.27
189.27
59.84
59.84
3030.98
3030.98
343.25
343.25
3782.77
3782.77
2620.60
2620.60
4512.25
4512.25
2948.01
2948.01
81.29
81.29
3330.35
3330.35
1415.43
1415.43
2305.61
2305.61
445.73
445.73
24.53
24.53
175.86
175.86
972.10
972.10
350.20
350.20
2831.13
2831.13
542.54
542.54
777.47
777.47
1118.65
1118.65
3969.29
3969.29
3299.45
3299.45
809.41
809.41
513.75
513.75
1995.76
1995.76
1632.78
1632.78
2180.19
2180.19
5019.78
5019.78
882.49
882.49
2405.75
2405.75
1335.82
1335.82
1541.65
1541.65
1541.65
58.41
28.10
28.10
77.35
77.35
1154.86
1154.86
619.61
619.61
2674.54
2674.54
2674.54
2674.54
164.03
164.03
152.07
2368.53
1761.76
1761.76
1496.60
1496.60
1496.60
20.81
20.81
144.66
144.66
1971.20
2236.49
2236.49
3306.69
3306.69
1630.93
1630.93
2263.65
2263.65
250.71
250.71
2938.26
2938.26
2938.26
41.67
41.67
153.66
1088.30
1088.30
2396.76
2396.76
16.82
16.82
86.36
86.36
86.36
2417.26
101.73
101.73
2406.16
2406.16
2066.27
2066.27
2890.11
2890.11
2354.34
2354.34
2948.78
2948.78
3036.08
3036.08
1667.78
1667.78
3607.74
3607.74
1027.50
1027.50
17.09
17.09
923.48
923.48
4042.07
4042.07
1824.78
1824.78
2454.12
2454.12
3636.26
3636.26
169.75
169.75
2817.44
2817.44
3000.69
3000.69
45.76
45.76
45.76
45.76
62.98
62.98
1244.06
1244.06
797.80
1461.61
1461.61
1461.61
1371.24
1371.24
2722.39
2939.16
1881.16
1881.16
1583.79
1583.79
1996.98
1996.98
1729.27
1729.27
439.27
439.27
946.01
946.01
2068.74
2068.74
1908.60
1908.60
1723.89
1723.89
1685.56
1685.56
1682.32
1682.32
1459.51
1459.51
1913.84
1913.84
1477.39
1477.39
390.61
390.61
1829.93
1829.93
2706.54
2706.54
2082.14
2082.14
1404.20
1404.20
1584.43
1584.43
219.62
219.62
837.18
837.18
1530.76
1530.76
1814.96
1814.96
1814.96
2344.46
2344.46
1290.52
1290.52
3837.77
3837.77
2552.06
2552.06
3901.57
3901.57
3430.61
3430.61
1807.42
1807.42
1807.42
1265.69
2063.76
2063.76
2045.29
2045.29
1113.89
1113.89
2450.43
2450.43
33.77
33.77
4517.98
4517.98
992.58
992.58
531.28
531.28
154.05
154.05
33.10
33.10
2554.51
2554.51
4332.96
4332.96
3733.89
3733.89
3423.03
3423.03
57.54
57.54
686.07
686.07
686.07
686.07
686.07
10.00
900.94
900.94
11.53
11.53
223.37
223.37
223.37
223.37
1347.58
1347.58
836.43
836.43
836.43
638.51
638.51
638.51
53.70
53.70
44.67
44.67
117.20
117.20
117.20
1788.81
1788.81
1335.49
1335.49
281.60
2317.77
2344.17
3977.27
3107.38
2227.31
2227.31
3021.39
3021.39
1778.34
1778.34
3329.47
3329.47
2606.92
2606.92
2215.30
2215.30
278.36
278.36
2412.20
2412.20
1833.87
1833.87
2023.94
2023.94
1500.04
1500.04
1688.53
1688.53
1200.94
1200.94
1233.17
1233.17
2397.24
2397.24
2397.24
2397.24
2144.91
446.65
1963.63
1963.63
1551.38
1551.38
1597.72
1597.72
2113.64
2113.64
1769.66
1769.66
254.22
254.22
1388.42
1388.42
2122.55
2122.55
15.02
15.02
3382.60
3382.60
2394.44
2394.44
2569.63
2569.63
3552.82
3552.82
1423.71
1423.71
3545.25
3545.25
2532.78
2532.78
2391.39
2391.39
2095.86
2095.86
1869.60
1869.60
3361.17
3361.17
132.97
132.97
2168.36
2168.36
2451.39
2451.39
3363.11
3363.11
3363.11
3363.11
750.57
750.57
10.00
10.00
1434.40
1434.40
1972.01
1972.01
2314.12
2314.12
1393.73
1393.73
1722.98
1722.98
1722.98
1722.98
3654.22
3654.22
2867.70
2867.70
3104.30
3104.30
432.65
432.65
2965.64
2965.64
375.06
375.06
3025.48
3025.48
3884.84
3884.84
2499.63
2499.63
1322.01
1322.01
2775.01
2775.01
3685.41
3685.41
2497.22
2497.22
2497.22
2497.22
35.31
35.31
736.90
736.90
1700.20
1700.20
1700.20
1700.20
2325.76
2325.76
1925.37
1925.37
2982.29
2982.29
2083.01
2083.01
2446.12
2446.12
2085.69
2085.69
35.92
35.92
2828.50
2828.50
2215.83
2215.83
2215.83
3735.36
3735.36
2445.75
607.43
607.43
2402.30
2402.30
947.33
947.33
2271.54
2271.54
420.26
420.26
420.26
234.92
300.66
300.66
19.93
19.93
2421.49
2421.49
2891.36
2891.36
489.95
489.95
2737.92
2737.92
3972.04
3972.04
289.29
289.29
1844.10
1844.10
1222.37
1222.37
33.54
33.54
252.35
252.35
252.35
173.58
438.14
438.14
1559.26
1559.26
2808.88
2808.88
4475.44
4475.44
1270.33
1270.33
785.50
785.50
785.50
1554.48
1554.48
1554.48
1884.62
1884.62
1884.62
189.64
189.64
2081.55
2081.55
2227.23
2799.14
2799.14
1379.77
1379.77
1911.46
1911.46
2330.20
2330.20
307.84
307.84
58.85
58.85
58.85
58.85
1128.24
1885.92
1885.92
1333.60
1843.90
1843.90
676.47
676.47
18.15
18.15
955.37
955.37
1851.55
1851.55
2019.20
2019.20
514.99
514.99
1034.97
1034.97
1034.97
1857.95
2127.77
2127.77
997.25
997.25
28.64
28.64
2035.00
2035.00
1601.28
1601.28
1549.28
1549.28
1952.02
1952.02
2814.33
2814.33
2317.95
2317.95
1296.19
1296.19
1376.32
1376.32
2905.22
2905.22
2372.29
2372.29
2670.29
2670.29
1489.67
1489.67
39.25
39.25
2302.18
2302.18
2302.18
795.10
795.10
1311.83
1646.92
1646.92
3291.16
3291.16
2324.59
2324.59
1649.55
1649.55
2868.88
2868.88
38.50
38.50
4147.00
4147.00
1038.99
1038.99
1038.99
1572.94
1572.94
750.97
750.97
528.56
410.87
410.87
1609.08
1609.08
2732.82
2732.82
818.46
818.46
1747.40
1747.40
69.26
69.26
69.26
39.18
39.18
39.18
168.94
168.94
58.42
58.42
2422.49
2422.49
2422.49
1368.32
1368.32
1368.32
10.00
1644.61
1644.61
117.90
117.90
261.96
2434.87
2434.87
1968.90
1968.90
1619.55
1619.55
2778.68
2778.68
2219.58
2219.58
35.66
35.66
261.69
261.69
261.69
173.86
173.86
173.86
1440.16
2985.73
3003.37
3003.37
2949.79
2949.79
771.92
771.92
371.61
371.61
170.29
170.29
170.29
170.29
1548.13
1548.13
102.37
1294.43
1294.43
1294.43
149.11
149.11
1594.11
1594.11
858.75
858.75
2661.63
2661.63
1441.85
1441.85
2807.07
2807.07
2254.45
2254.45
3059.50
3059.50
2739.39
2739.39
3308.97
3308.97
1976.63
1976.63
4000.16
4000.16
2623.30
2623.30
2397.94
2397.94
2239.56
2239.56
2849.05
2849.05
152.36
152.36
2088.45
2088.45
2088.45
2088.45
2405.14
2405.14
3399.94
3399.94
2210.98
2210.98
1473.92
1473.92
2503.59
2503.59
1294.69
1294.69
2030.57
2030.57
3590.85
3590.85
2718.35
2718.35
2243.21
2243.21
2265.17
2265.17
130.41
130.41
1595.27
1595.27
1656.51
1656.51
10.00
10.00
2641.48
2641.48
793.46
793.46
2197.93
2197.93
716.76
716.76
15.88
15.88
2507.54
2507.54
2442.55
2442.55
2885.62
2885.62
43.29
43.29
1381.69
1381.69
1217.46
1217.46
149.87
149.87
2077.50
2077.50
2444.55
2444.55
2444.55
2444.55
2486.40
2486.40
3625.43
3625.43
2175.76
2175.76
2050.95
2050.95
1529.23
1529.23
1396.31
1396.31
1680.41
1680.41
2008.29
2008.29
2206.93
2206.93
19.27
19.27
2033.76
2033.76
2151.81
2151.81
1695.31
1695.31
346.92
346.92
754.17
754.17
2609.16
2609.16
1821.75
1821.75
2839.61
2839.61
3138.54
3138.54
2111.05
2111.05
59.13
59.13
3362.34
3362.34
3784.26
3784.26
2320.73
2320.73
1361.74
1361.74
799.98
799.98
65.08
65.08
1565.01
1565.01
1288.30
1288.30
2954.04
2954.04
1149.86
1149.86
1690.21
1690.21
1747.70
1747.70
2339.96
2339.96
2570.24
2570.24
1471.59
1471.59
2754.34
2754.34
2502.83
2502.83
2043.31
2043.31
1427.32
1427.32
313.59
313.59
664.08
664.08
664.08
1857.93
1857.93
1857.93
954.40
954.40
1460.71
1460.71
2033.04
2033.04
772.03
772.03
714.39
714.39
2224.97
2224.97
2938.97
2938.97
1395.54
1395.54
1734.58
1734.58
1734.58
260.68
260.68
260.68
55.14
55.14
1979.39
3001.81
2999.18
2999.18
2943.13
2943.13
177.03
177.03
10.21
10.21
10.21
103.67
1743.51
1743.51
1743.51
1093.22
1093.22
3004.18
3004.18
2046.18
2986.81
2986.81
2354.95
2354.95
2885.56
2885.56
2885.56
2223.20
2223.20
12.03
53.59
53.59
2798.26
2798.26
994.37
994.37
763.24
763.24
1097.63
1097.63
2893.46
2893.46
2282.45
2282.45
3330.09
3330.09
3412.17
3412.17
3961.17
3961.17
1671.38
1671.38
2760.35
2760.35
2760.35
2760.35
2760.35
2760.35
1147.69
1147.69
3044.08
3044.08
1940.89
1940.89
2462.37
2462.37
2044.94
2044.94
2029.77
2029.77
2217.94
2217.94
1900.50
1900.50
1125.77
1125.77
2707.28
2707.28
3212.54
3212.54
2727.53
2727.53
2468.81
2468.81
4143.89
4143.89
4143.89
4143.89
4120.91
4120.91
3696.65
3696.65
2459.24
2459.24
2876.56
2876.56
1328.89
1328.89
1323.12
1323.12
5317.07
5317.07
3627.02
3627.02
1842.40
1842.40
2156.22
2156.22
2226.44
2226.44
81.59
81.59
25.90
25.90
3487.31
3487.31
1875.03
1875.03
3095.51
3095.51
2723.55
2723.55
2488.28
2488.28
3115.18
3115.18
1498.58
1498.58
3069.77
3069.77
3031.09
3031.09
13.28
13.28
2138.44
2138.44
3211.59
3211.59
2722.01
2722.01
1689.44
1689.44
2285.49
2285.49
319.98
319.98
2259.01
2259.01
2156.44
2156.44
693.16
693.16
2670.84
2670.84
2175.64
2175.64
1030.50
1030.50
2651.18
2651.18
1795.42
1795.42
2197.77
2197.77
2834.71
2834.71
2112.07
2112.07
2099.68
2099.68
25.44
25.44
4240.99
4240.99
3027.14
3027.14
965.23
965.23
2569.48
2569.48
2147.65
2147.65
2534.66
2534.66
2534.66
2534.66
2534.66
212.19
212.19
298.65
298.65
298.65
1782.09
1782.09
96.94
1062.19
3948.36
3948.36
694.61
694.61
396.98
396.98
405.78
405.78
405.78
219.94
219.94
3072.11
27.52
27.52
2477.18
2477.18
997.12
997.12
3707.96
3707.96
3339.60
3339.60
3448.98
3448.98
2858.12
2858.12
2119.56
2119.56
1045.18
1045.18
2005.46
2005.46
2664.71
2664.71
1815.46
1815.46
1515.18
1515.18
32.13
32.13
2517.40
2517.40
193.62
193.62
379.63
379.63
1236.58
1236.58
200.69
200.69
1210.65
1210.65
194.31
194.31
1335.72
1335.72
514.03
514.03
1236.88
1236.88
2169.07
2169.07
62.43
62.43
3100.46
3100.46
3100.46
26.78
15.93
15.93
712.08
712.08
1565.45
1565.45
767.30
767.30
121.17
121.17
723.89
723.89
66.66
66.66
66.66
2204.98
3302.23
3302.23
4107.25
4107.25
251.55
251.55
18.88
18.88
21.82
21.82
21.82
1060.58
1060.58
29.40
416.43
416.43
2115.15
2115.15
82.95
82.95
28.60
28.60
2798.58
2798.58
2979.06
2979.06
2039.06
2039.06
21.65
21.65
21.65
2347.35
2347.35
236.38
1769.00
1769.00
1623.76
1623.76
1623.76
1753.36
1753.36
1285.79
1285.79
1201.29
1201.29
226.32
1134.56
1134.56
1134.56
915.50
905.46
905.46
957.78
957.78
957.78
29.45
29.45
10.00
10.00
948.03
948.03
35.27
35.27
1551.12
1551.12
1140.52
1140.52
100.33
100.33
209.41
209.41
209.41
334.03
334.03
34.54
34.54
34.54
34.54
34.54
34.54
34.05
34.05
34.05
34.05
34.05
34.05
34.05
764.04
764.04
1568.07
2109.76
2109.76
1556.08
10.00
730.92
2647.68
36.52
36.52
2605.22
535.48
2002.31
2002.31
2002.31
3946.57
3946.57
2376.26
2376.26
2555.81
2555.81
802.53
802.53
1829.91
1829.91
2767.89
2767.89
3240.71
3240.71
727.12
727.12
2129.26
2129.26
3859.76
3859.76
1892.93
2032.05
2032.05
2032.05
2318.69
2318.69
2229.41
2229.41
2470.83
2470.83
1888.94
1888.94
1460.10
1460.10
2260.03
2260.03
1853.86
1853.86
2480.60
2480.60
1744.62
1744.62
2488.60
2488.60
1452.20
1452.20
2163.81
2163.81
1118.09
1118.09
1118.09
1118.09
2175.32
2175.32
957.13
957.13
3114.72
3114.72
2943.34
2943.34
3216.08
3216.08
2365.08
2365.08
3044.84
3044.84
3068.84
3068.84
2773.15
2773.15
934.08
934.08
1943.67
1943.67
902.68
902.68
1341.28
1341.28
798.39
798.39
20.89
20.89
1895.80
1895.80
1063.49
1063.49
3044.40
3044.40
2714.34
2714.34
2660.69
2660.69
1074.26
1074.26
1156.63
1156.63
1156.63
1156.63
3584.87
3584.87
2022.88
2022.88
1968.51
1968.51
1823.73
1823.73
513.37
513.37
3836.21
3836.21
612.78
612.78
2768.02
2768.02
2272.36
2272.36
2272.36
2272.36
1441.21
1441.21
4435.48
4435.48
1721.02
1721.02
3612.06
3612.06
3699.86
3699.86
3699.86
3699.86
2040.70
2040.70
4246.28
4246.28
996.43
996.43
3355.79
3355.79
2303.86
2303.86
4033.23
4033.23
1601.14
1601.14
3507.05
3507.05
852.71
852.71
1931.17
1931.17
2445.28
2445.28
2346.96
2346.96
2873.20
2873.20
2083.33
2083.33
2328.13
2328.13
165.94
165.94
156.78
156.78
1955.53
1955.53
2541.05
2541.05
1193.69
1193.69
2750.29
2750.29
989.59
989.59
1463.23
1463.23
2157.25
2157.25
2075.67
2075.67
2662.88
2662.88
2934.55
2934.55
2091.33
2091.33
514.89
514.89
133.58
133.58
1476.32
1476.32
1966.23
1966.23
3580.60
3580.60
262.69
262.69
219.37
219.37
1499.73
1499.73
351.87
351.87
91.98
91.98
417.93
417.93
47.46
47.46
97.67
97.67
167.77
167.77
2954.71
2954.71
1511.50
1511.50
2535.82
2535.82
215.57
215.57
52.27
52.27
1565.40
1565.40
2613.66
2613.66
2211.28
2211.28
1823.90
1823.90
25.30
25.30
2850.34
2850.34
2108.63
2108.63
46.20
46.20
809.18
809.18
809.18
1681.60
1681.60
429.66
429.66
1151.60
71.90
71.90
1085.69
1085.69
3358.24
3358.24
1891.25
1891.25
244.98
244.98
2274.13
2274.13
2743.21
2743.21
2117.26
2117.26
779.46
779.46
212.47
212.47
317.81
317.81
33.11
33.11
52.42
52.42
93.45
93.45
2230.44
2230.44
412.96
412.96
3393.84
3393.84
274.32
274.32
27.69
27.69
541.33
541.33
4339.84
4339.84
18.96
18.96
11.28
11.28
492.13
492.13
1724.64
1724.64
505.19
505.19
2966.54
2966.54
1266.08
1266.08
1149.56
1149.56
2028.96
2028.96
2676.15
2676.15
2676.15
2676.15
1649.38
1649.38
2493.02
2493.02
2881.15
2881.15
2294.92
2294.92
2105.06
2105.06
1804.16
1804.16
1948.51
1948.51
2396.92
2396.92
2006.39
2006.39
3170.72
3170.72
2663.55
2663.55
1624.98
1624.98
195.93
195.93
2301.28
2301.28
22.62
22.62
2296.65
2296.65
1574.21
1574.21
2729.83
2729.83
3012.45
3012.45
315.44
315.44
1829.19
1829.19
1851.37
1851.37
679.68
679.68
1418.51
1418.51
2351.85
2351.85
2244.55
2244.55
1114.93
1114.93
1842.21
1842.21
1789.57
1789.57
2020.12
2020.12
2166.27
2166.27
1947.99
1947.99
2330.84
2330.84
2643.38
2643.38
1540.71
1540.71
2631.93
2631.93
2631.93
2631.93
2631.93
2631.93
2828.41
2828.41
2689.17
2689.17
2370.84
2370.84
296.54
296.54
1895.37
1895.37
2090.91
2090.91
2132.00
2132.00
1985.17
1985.17
2158.15
2158.15
2577.96
2577.96
2023.40
2023.40
2854.04
2854.04
1338.93
1338.93
2057.00
2057.00
2121.46
2121.46
1395.23
1395.23
1395.23
1395.23
1395.23
1395.23
1985.59
1985.59
2119.94
2119.94
1633.66
1633.66
2519.43
2519.43
679.92
679.92
70.42
70.42
798.55
798.55
2924.13
2924.13
715.73
715.73
1933.98
1933.98
1562.04
1562.04
1334.12
1334.12
1446.94
1446.94
60.88
60.88
60.88
60.88
1803.34
1803.34
2329.19
301.85
2293.22
2293.22
57.98
57.98
57.98
60.60
1308.71
1308.71
2118.99
2118.99
430.09
430.09
430.09
16.64
16.64
16.64
16.64
591.32
591.32
591.32
145.95
145.95
145.95
10.00
10.00
10.00
379.48
379.48
379.48
379.48
19.51
19.51
19.51
33.38
33.38
2364.13
2420.25
1899.88
508.58
508.58
10.00
3835.27
3835.27
3835.27
2398.31
268.07
268.07
571.15
571.15
59.94
91.30
91.30
1659.38
46.31
3913.10
3913.10
2661.61
2661.61
1111.56
1111.56
1111.56
356.73
356.73
356.73
1951.55
1142.05
1519.95
1519.95
2482.35
2482.35
5234.65
5234.65
4181.73
4181.73
3433.05
3433.05
4401.41
4401.41
31.87
31.87
31.87
112.78
112.78
312.06
30.13
30.13
1185.70
1185.70
101.88
101.88
2521.98
2521.98
4498.89
4498.89
3004.69
3004.69
286.65
286.65
878.08
878.08
49.98
49.98
558.55
558.55
30.59
30.59
1228.64
1228.64
3043.39
3043.39
3189.36
3189.36
1101.58
1101.58
1856.22
1856.22
25.07
25.07
3328.27
3328.27
441.83
441.83
250.01
250.01
3083.27
3083.27
1336.63
1336.63
2230.85
2230.85
661.08
661.08
1663.97
1663.97
571.71
571.71
1338.81
1338.81
2043.42
2043.42
1535.40
1535.40
391.46
391.46
2265.95
2265.95
3691.35
3691.35
3145.02
3145.02
3538.22
3538.22
2446.59
2446.59
2570.24
2570.24
1705.61
1705.61
589.45
589.45
2937.44
2937.44
669.35
669.35
1342.20
1342.20
2781.54
2781.54
2706.74
2706.74
2694.87
2694.87
3885.31
3885.31
3904.31
3904.31
2821.94
2821.94
3483.94
3483.94
2367.43
2367.43
3888.24
3888.24
800.66
800.66
2329.12
2329.12
1839.49
1839.49
1746.22
1746.22
1930.24
1930.24
1967.86
1967.86
1854.90
1854.90
2777.74
2777.74
1216.29
1216.29
1216.29
1216.29
2557.12
2557.12
1658.74
1658.74
2226.43
2226.43
2943.48
2943.48
13.58
13.58
2273.31
2273.31
2712.49
2712.49
238.34
238.34
959.85
959.85
827.10
827.10
1454.84
1454.84
1990.63
1990.63
3271.55
3271.55
1688.35
1688.35
3468.97
3468.97
334.47
334.47
1481.69
1481.69
2951.79
2951.79
2951.79
2951.79
2453.22
2453.22
263.29
263.29
1323.96
1323.96
2302.79
2302.79
2091.02
2091.02
1064.61
1064.61
3589.81
3589.81
2672.49
2672.49
1026.42
1026.42
3101.52
3101.52
3656.62
3656.62
1770.52
1770.52
1947.63
1947.63
1403.69
1403.69
1319.99
1319.99
2840.96
2840.96
2837.07
2837.07
572.82
572.82
2446.29
2446.29
1578.65
1578.65
826.18
826.18
2476.92
2476.92
1632.72
1632.72
1632.72
1632.72
1632.72
1632.72
1632.72
1632.72
2347.02
2347.02
2266.50
2266.50
1126.35
1126.35
2311.25
2311.25
2064.93
2064.93
23.52
23.52
1724.70
1724.70
1551.84
1551.84
2866.82
2866.82
2903.55
2903.55
2903.55
2903.55
1779.64
1779.64
1779.64
42.76
1764.70
1764.70
2819.96
2819.96
859.33
859.33
37.39
37.39
37.39
271.49
271.49
120.96
120.96
138.93
2847.73
2847.73
128.03
128.03
352.82
352.82
352.82
24.10
24.10
24.10
24.10
24.10
855.65
855.65
855.65
1531.10
3406.16
27.92
355.08
355.08
97.50
97.50
2844.32
2844.32
2927.09
2927.09
1578.55
1578.55
2361.40
2361.40
486.07
486.07
2010.17
2010.17
838.57
838.57
770.10
770.10
67.22
67.22
2286.74
2286.74
658.13
658.13
517.39
517.39
517.39
517.39
139.26
139.26
290.88
359.14
359.14
105.92
105.92
2621.98
1782.00
1782.00
1483.73
1483.73
998.47
998.47
1628.71
1628.71
2950.26
2950.26
48.70
48.70
1111.36
1111.36
1124.11
1124.11
1537.62
1537.62
56.76
56.76
152.87
152.87
311.96
311.96
1741.02
1741.02
2593.28
2593.28
455.93
455.93
2988.72
2988.72
124.52
124.52
425.73
425.73
1008.38
1008.38
29.36
29.36
1006.41
1006.41
2773.85
2773.85
3586.45
3586.45
1873.85
1873.85
38.56
38.56
1024.78
1024.78
1484.09
1484.09
141.34
141.34
141.34
601.28
2506.14
2506.14
760.80
760.80
693.38
693.38
403.32
403.32
403.32
197.84
197.84
197.84
197.84
125.70
125.70
125.70
16.84
16.84
16.84
16.84
2239.58
2239.58
2952.88
2952.88
2952.88
2952.88
2123.10
2123.10
2123.10
2123.10
87.45
176.64
3773.10
2637.09
2637.09
150.82
245.27
2089.68
1295.47
1574.40
699.14
349.90
349.90
1446.08
1446.08
3211.14
3211.14
879.83
879.83
1998.45
1998.45
4206.41
4206.41
36.53
36.53
2022.91
2022.91
778.99
778.99
568.10
568.10
3128.91
3128.91
1255.52
1255.52
355.31
355.31
2635.07
2635.07
32.13
32.13
147.10
147.10
812.36
812.36
900.12
900.12
10.00
10.00
10.00
270.73
270.73
86.63
86.63
4025.36
134.18
134.18
19.02
19.02
1213.49
1213.49
5043.44
5043.44
901.67
901.67
3977.80
3977.80
4379.61
4379.61
2638.76
2638.76
1551.36
1551.36
2556.20
2556.20
1259.69
1259.69
1231.58
1231.58
670.25
670.25
98.73
98.73
16.91
16.91
1947.14
1947.14
1247.28
1247.28
754.63
754.63
255.70
255.70
23.61
924.90
924.90
924.90
20.83
20.83
1714.70
1714.70
1714.70
1086.27
2010.85
2010.85
2010.85
17.61
540.83
540.83
26.78
26.78
1710.89
1710.89
308.84
308.84
1574.74
1574.74
2525.74
2525.74
735.97
735.97
98.91
98.91
2393.68
2393.68
1753.04
1753.04
22.99
22.99
24.11
24.11
41.65
41.65
41.65
1773.20
1773.20
78.67
78.67
246.34
246.34
246.34
20.72
20.72
20.72
175.61
175.61
2451.58
1374.57
663.80
2048.86
2048.86
1401.97
1401.97
27.04
27.04
1885.54
1885.54
1530.60
1530.60
2815.56
2815.56
2312.93
2312.93
2612.94
2612.94
757.49
757.49
168.61
168.61
1131.58
1131.58
1373.96
1373.96
1751.49
1751.49
1139.85
1139.85
265.67
265.67
298.41
298.41
298.41
85.36
85.36
85.36
363.01
363.01
62.64
62.64
62.64
62.64
89.55
89.55
89.55
89.55
962.58
962.58
1265.09
1265.09
1265.09
1265.09
1745.52
1921.31
2804.64
2124.57
28.57
1580.61
3998.15
228.29
228.29
2038.72
1478.21
1478.21
105.77
105.77
1240.35
1240.35
2222.27
2222.27
726.83
726.83
34.46
34.46
130.94
130.94
2115.64
2115.64
3069.55
3069.55
26.21
26.21
419.75
419.75
56.94
56.94
2472.06
2472.06
413.78
413.78
1817.24
1817.24
2297.27
2297.27
3695.65
3695.65
2718.19
2718.19
2321.47
2321.47
1991.37
1991.37
2772.94
2772.94
2772.94
32.10
24.18
24.18
24.18
2660.66
215.40
215.40
1843.92
1843.92
248.03
248.03
358.85
358.85
2535.02
2535.02
181.71
181.71
2264.73
2264.73
229.48
229.48
2188.16
2188.16
1966.13
1966.13
2288.35
2288.35
3013.41
3013.41
2503.98
2503.98
280.96
280.96
3709.03
3709.03
3051.81
3051.81
1664.66
1664.66
2607.38
2607.38
1977.67
1977.67
3220.65
3220.65
3011.80
3011.80
2945.62
2945.62
427.77
427.77
1233.38
1233.38
1942.34
1942.34
2517.17
2517.17
1803.66
1803.66
3532.07
3532.07
4461.73
4461.73
3439.89
3439.89
3646.35
3646.35
2462.96
2462.96
1625.20
1625.20
4869.47
4869.47
18.40
18.40
3066.06
3066.06
1825.63
1825.63
4525.23
4525.23
4182.54
4182.54
31.72
31.72
3177.43
3177.43
2547.82
2547.82
2547.82
2547.82
804.47
804.47
3581.48
3581.48
3161.35
3161.35
328.73
328.73
3036.16
3036.16
1797.51
1797.51
1156.53
1156.53
3732.09
3732.09
103.09
103.09
3828.90
3828.90
23.82
23.82
4177.60
4177.60
2160.72
2160.72
4487.23
4487.23
1549.46
1549.46
982.10
982.10
1544.59
1544.59
3129.82
3129.82
4438.57
4438.57
19.71
19.71
1917.32
1917.32
1802.03
1802.03
3875.99
3875.99
1147.12
1147.12
2935.40
2935.40
220.31
220.31
1176.13
1176.13
1805.39
1805.39
3345.39
3345.39
1067.79
1067.79
2953.01
2953.01
1490.16
1490.16
1490.16
1490.16
1490.16
1490.16
2224.38
2243.89
195.26
195.26
92.68
92.68
54.73
54.73
1372.75
1372.75
2417.22
2417.22
3311.27
3311.27
2330.19
2330.19
274.14
274.14
73.41
73.41
2320.59
2320.59
95.76
95.76
1788.14
1788.14
976.02
976.02
565.36
565.36
199.49
199.49
102.64
102.64
56.16
56.16
2495.21
2495.21
1582.74
1582.74
102.80
102.80
102.80
1751.35
1751.35
1187.90
40.57
40.57
3049.28
3049.28
54.41
54.41
169.94
169.94
371.97
371.97
50.54
50.54
50.54
50.54
50.54
65.65
65.65
65.65
65.65
111.18
1716.03
1716.03
460.94
460.94
173.39
3196.48
3196.48
274.59
274.59
274.59
654.61
2988.89
2055.58
2983.09
3436.33
3436.33
162.62
162.62
2873.60
2873.60
2486.19
2486.19
3266.80
3266.80
2301.82
2301.82
101.15
101.15
1567.31
1567.31
3065.26
3065.26
1460.61
1460.61
2625.38
2625.38
918.19
918.19
1576.33
1576.33
568.89
568.89
419.31
419.31
80.20
80.20
2126.20
2126.20
1168.94
1168.94
2257.38
2257.38
271.11
271.11
2705.43
2705.43
1415.28
1415.28
2909.43
2909.43
2183.84
2183.84
39.70
39.70
2185.36
2185.36
1491.60
1491.60
131.41
131.41
534.90
534.90
101.68
101.68
732.67
732.67
2549.03
2549.03
3030.43
3030.43
2868.33
2868.33
3131.06
3131.06
3739.37
3739.37
3739.37
2279.13
400.59
400.59
2892.41
2892.41
280.82
280.82
280.82
15.63
15.63
25.74
25.74
25.74
865.39
865.39
508.30
508.30
508.30
508.30
12.84
12.84
12.84
2593.70
2593.70
2593.70
1762.48
930.97
1673.93
1533.80
125.43
125.43
1882.01
1882.01
10.40
10.40
2251.35
2251.35
104.25
104.25
1974.40
1974.40
204.18
204.18
204.18
53.12
53.12
72.00
72.00
72.00
241.91
241.91
75.10
75.10
1178.50
2218.50
2237.39
2237.39
383.03
383.03
1179.60
1179.60
1105.47
1105.47
2126.79
2126.79
2145.80
2145.80
1167.73
1167.73
666.53
666.53
97.89
97.89
10.00
10.00
1998.87
1998.87
1330.09
1330.09
407.33
407.33
2102.61
2102.61
1553.48
1553.48
597.10
597.10
3262.34
3262.34
1556.35
1556.35
2203.00
2203.00
2597.69
2597.69
3752.04
3752.04
3051.48
3051.48
3286.74
3286.74
3836.87
3836.87
3053.14
3053.14
3763.89
3763.89
3266.39
3266.39
1487.09
1487.09
2610.93
2610.93
2585.71
2585.71
3897.87
3897.87
1923.46
1923.46
2879.27
2879.27
3271.39
3271.39
981.31
981.31
1811.95
1811.95
2278.43
2278.43
1241.76
1241.76
37.19
37.19
3632.81
3632.81
721.52
721.52
4537.72
4537.72
15.93
15.93
4159.16
4159.16
175.15
175.15
2361.22
2361.22
3317.35
3317.35
1135.70
1135.70
1622.51
1622.51
1622.51
26.66
26.66
26.66
149.34
1352.24
45.59
45.59
1665.08
1665.08
2238.52
2238.52
3757.21
3757.21
2574.59
2574.59
1176.98
1176.98
274.68
274.68
77.34
77.34
4012.22
4012.22
439.23
439.23
2500.86
2500.86
2941.62
2941.62
559.47
559.47
954.07
954.07
3012.34
3012.34
49.06
49.06
528.20
528.20
266.93
266.93
3062.03
3062.03
3383.36
3383.36
4411.45
4411.45
3756.88
3756.88
1385.00
1385.00
484.47
484.47
484.47
25.55
1259.92
1259.92
2503.00
2503.00
2431.33
2431.33
5091.93
5091.93
2777.61
2777.61
2777.61
2777.61
3309.38
3309.38
3620.53
3620.53
3719.27
3719.27
2332.38
2332.38
2323.42
2323.42
3912.50
3912.50
1749.37
1749.37
2516.27
2516.27
3476.89
3476.89
4548.20
4548.20
4429.98
4429.98
3296.51
3296.51
2562.41
2562.41
2367.26
2367.26
3129.85
3129.85
3397.33
3397.33
3397.33
3397.33
4858.74
4858.74
3524.84
3524.84
4220.26
4220.26
2486.57
2486.57
4563.86
4563.86
3659.77
3659.77
5664.93
5664.93
5664.93
5664.93
5664.93
5664.93
3514.39
3514.39
3514.39
3514.39
3514.39
3514.39
3420.65
3420.65
5608.27
5608.27
5360.70
5360.70
2058.50
2058.50
3710.90
3710.90
2211.14
2211.14
2868.94
2868.94
2868.94
2868.94
61.90
61.90
35.69
35.69
3358.22
3358.22
3636.01
3636.01
3413.09
3413.09
4506.69
4506.69
2542.82
2542.82
4353.90
4353.90
3926.37
3926.37
4686.40
4686.40
3274.48
3274.48
2538.12
2538.12
3974.30
3974.30
4519.43
4519.43
2713.71
2713.71
54.08
54.08
2045.40
2045.40
2360.51
2360.51
3069.08
3069.08
4560.29
4560.29
2660.01
2660.01
3537.23
3537.23
4082.21
4082.21
3954.87
3954.87
4708.76
4708.76
5087.23
5087.23
2920.88
2920.88
629.26
629.26
2660.00
2660.00
2921.40
2921.40
2678.64
2678.64
3436.90
3436.90
4818.74
4818.74
4106.96
4106.96
2296.14
2296.14
1193.24
1193.24
1193.24
68.02
2624.85
2624.85
617.32
617.32
1917.13
1917.13
11.32
11.32
367.56
367.56
367.56
59.87
59.87
59.21
59.21
1482.83
152.16
152.16
18.25
18.25
285.24
285.24
285.24
1881.53
158.05
158.05
55.79
55.79
55.79
235.66
235.66
235.66
229.97
229.97
229.97
200.02
200.02
586.78
1912.04
1124.31
1124.31
1124.31
1335.02
223.74
223.74
3041.88
3041.88
1312.32
818.07
818.07
3955.67
3955.67
23.83
23.83
4262.91
4262.91
943.19
943.19
151.03
151.03
347.42
347.42
146.00
146.00
2216.12
2216.12
2216.12
27.91
27.91
1327.17
2481.33
2481.33
2481.33
305.74
305.74
24.45
24.45
2306.33
2306.33
1570.05
1570.05
4128.05
4128.05
73.33
73.33
1445.15
1445.15
2388.72
2388.72
2244.75
2244.75
1200.41
1200.41
650.68
650.68
329.44
329.44
129.44
129.44
665.22
665.22
4001.62
4001.62
1058.80
1058.80
1349.99
1349.99
79.79
79.79
51.09
51.09
222.34
222.34
43.35
43.35
27.10
27.10
626.82
626.82
82.67
82.67
1289.55
1289.55
2720.39
2720.39
4348.36
4348.36
3163.22
3163.22
1075.65
1075.65
3229.14
3229.14
2288.46
2288.46
19.36
19.36
13.52
13.52
627.57
627.57
144.15
144.15
2870.88
2870.88
1536.87
1536.87
975.40
975.40
389.02
389.02
2406.94
2406.94
212.55
212.55
78.80
78.80
1723.24
1723.24
808.48
808.48
202.76
202.76
3348.55
3348.55
2667.48
1044.03
1044.03
1044.03
37.75
37.75
847.20
847.20
185.85
185.85
2469.15
2469.15
1907.98
1907.98
168.77
168.77
2144.62
2144.62
421.79
421.79
22.81
22.81
3820.20
3820.20
2283.64
2283.64
276.29
276.29
254.68
254.68
62.69
62.69
568.88
568.88
568.88
225.40
225.40
1379.23
1379.23
1750.01
1769.97
1769.97
1764.62
1764.62
598.21
598.21
686.97
686.97
3124.96
3124.96
28.46
28.46
778.51
778.51
2583.74
2583.74
456.74
456.74
1096.32
1096.32
1406.94
1406.94
945.07
945.07
2457.71
2457.71
982.00
982.00
1815.27
1815.27
1328.38
1328.38
2301.13
2301.13
2470.39
2470.39
1940.12
1940.12
1884.70
1884.70
936.08
936.08
2156.03
2156.03
417.18
417.18
56.68
56.68
232.39
232.39
361.95
361.95
361.95
2430.55
2516.47
2516.47
669.51
669.51
179.92
179.92
1851.60
1851.60
2643.51
2643.51
2571.21
2571.21
1172.65
1172.65
928.15
928.15
3257.29
3257.29
90.93
90.93
90.68
90.68
141.16
141.16
121.58
121.58
223.22
223.22
1288.49
1288.49
112.44
112.44
528.75
528.75
1172.28
1172.28
54.26
54.26
32.03
32.03
2430.80
2430.80
2917.42
2917.42
3411.27
3411.27
284.77
284.77
284.77
10.00
800.17
800.17
1178.82
1178.82
4870.22
4870.22
2100.08
2100.08
1548.88
1548.88
1935.87
1935.87
1813.21
1813.21
1826.70
1826.70
121.72
121.72
4091.14
4091.14
102.18
102.18
1429.69
1429.69
1524.23
1524.23
1524.23
1365.35
1365.35
31.35
31.35
853.01
853.01
10.00
2501.19
2501.19
1178.77
1178.77
630.69
630.69
173.78
173.78
141.59
141.59
141.59
141.59
3009.05
3009.05
2067.44
3540.37
2321.83
2321.83
1780.00
1780.00
730.81
730.81
653.05
653.05
351.56
351.56
2039.42
2039.42
208.47
208.47
1124.70
1124.70
1870.94
1870.94
136.86
136.86
1325.67
1325.67
212.88
212.88
212.88
917.57
917.57
431.35
2282.54
2282.54
1007.00
1007.00
770.97
770.97
3073.10
3073.10
1069.43
1069.43
1330.44
1330.44
1251.29
1251.29
1792.85
1792.85
2236.99
2236.99
3184.74
3184.74
86.58
86.58
181.02
181.02
25.00
25.00
2210.36
2210.36
2210.36
74.07
32.62
32.62
1815.95
1815.95
774.22
774.22
2405.59
2405.59
272.06
272.06
1860.33
1860.33
937.87
937.87
17.28
17.28
2189.41
2189.41
2720.98
2720.98
3839.16
3839.16
2589.77
2589.77
3209.54
3209.54
4052.09
4052.09
2922.09
2922.09
3538.72
3538.72
2180.27
2180.27
20.27
20.27
4405.59
4405.59
1110.19
1110.19
2074.33
2074.33
1667.30
1667.30
2880.57
2880.57
2293.15
2293.15
510.97
510.97
391.60
391.60
1616.61
1616.61
2391.75
2391.75
2683.39
2683.39
1759.19
1759.19
133.93
133.93
1563.08
1563.08
210.35
210.35
547.57
547.57
2475.68
2475.68
2565.10
2565.10
188.79
188.79
2221.26
2221.26
940.76
940.76
28.45
28.45
28.80
28.80
52.27
52.27
1155.09
1155.09
1289.70
1289.70
2541.30
2541.30
3736.94
3736.94
1903.52
1903.52
3082.86
3082.86
3862.89
3862.89
4304.66
4304.66
3182.56
3182.56
3284.04
3284.04
1538.99
1538.99
1720.14
1720.14
5074.33
5074.33
2075.08
2075.08
2364.31
2364.31
1262.97
1262.97
2669.92
2669.92
2473.47
2473.47
1408.28
1408.28
1077.92
1077.92
966.95
966.95
3996.23
3996.23
1838.29
1838.29
3059.66
3059.66
28.39
28.39
29.48
29.48
2056.07
2056.07
92.53
92.53
122.63
122.63
1730.26
1730.26
1189.10
1189.10
2418.36
2418.36
1968.10
1968.10
1986.70
1986.70
3319.82
3319.82
76.31
76.31
34.40
34.40
187.76
187.76
76.61
76.61
1786.96
1786.96
394.10
394.10
31.27
31.27
1931.60
1931.60
1312.02
1312.02
1357.77
1357.77
4048.81
4048.81
410.55
410.55
406.50
406.50
406.50
271.57
41.22
41.22
283.47
283.47
402.62
402.62
405.45
405.45
529.64
529.64
355.73
355.73
974.71
974.71
974.71
380.30
380.30
14.40
14.40
107.09
3608.84
3608.84
81.71
81.71
12.68
12.68
12.68
12.68
926.52
926.52
96.30
24.96
24.96
1146.59
1035.91
1035.91
3300.78
3300.78
221.65
221.65
221.65
221.65
75.98
75.98
75.98
75.98
1088.85
1088.85
50.21
2763.98
2050.77
1938.95
2142.51
2142.51
2195.08
2195.08
2088.44
2088.44
346.06
346.06
1732.93
1732.93
202.12
202.12
1204.30
1204.30
1956.67
1956.67
1956.67
1956.67
2422.87
2422.87
2422.87
2422.87
2422.87
2422.87
2214.14
2214.14
1898.45
1898.45
2939.71
2939.71
2981.68
2981.68
3335.44
3335.44
1005.10
1005.10
2863.07
2863.07
3079.18
3079.18
2568.76
2568.76
2457.08
2457.08
3481.57
3481.57
170.27
170.27
1809.89
1809.89
2667.42
2667.42
1818.46
1818.46
1652.54
1652.54
2617.74
2617.74
4035.30
4035.30
979.72
979.72
2750.45
2750.45
3637.56
3637.56
1584.37
1584.37
1566.37
1566.37
311.42
311.42
311.42
62.73
62.73
1662.87
2248.87
2248.87
984.49
984.49
2176.57
2176.57
4151.33
4151.33
14.66
14.66
1663.65
1663.65
382.26
382.26
3381.94
3381.94
1061.31
1061.31
3852.08
3852.08
3446.23
3446.23
458.57
458.57
458.57
1516.35
2476.25
2476.25
3104.52
3104.52
963.04
963.04
786.93
786.93
1094.78
1094.78
1817.69
1817.69
3880.82
3880.82
2718.94
2718.94
1284.06
1284.06
3656.72
3656.72
2131.43
2131.43
3469.38
3469.38
217.17
217.17
1264.21
1264.21
16.32
16.32
2063.32
2063.32
1326.98
1326.98
1494.70
1494.70
571.80
571.80
1544.70
1544.70
1048.35
1048.35
17.56
17.56
202.58
202.58
451.75
451.75
275.73
275.73
25.59
25.59
111.46
111.46
239.00
239.00
239.00
239.00
1756.45
1756.45
1314.95
1314.95
3490.17
3490.17
114.01
114.01
11.10
11.10
1811.30
1811.30
65.24
65.24
2382.08
2382.08
3432.62
3432.62
24.23
24.23
442.80
442.80
3094.60
3094.60
330.00
330.00
2447.10
2447.10
2447.10
2447.10
2447.10
2447.10
2447.10
2447.10
2549.82
2549.82
1988.93
1988.93
1493.06
1493.06
1924.65
1924.65
2205.88
2205.88
656.50
656.50
2551.27
2551.27
1551.51
1551.51
1849.67
1849.67
856.82
856.82
1550.19
1550.19
1379.30
1379.30
1399.64
1399.64
1144.92
1144.92
112.27
112.27
1001.99
1001.99
2200.46
2200.46
10.16
10.16
664.61
664.61
758.65
758.65
1809.36
1809.36
4170.67
4170.67
3386.95
3386.95
2547.22
2547.22
2077.55
2077.55
2784.42
2784.42
2644.81
2644.81
3043.95
3043.95
3928.46
3928.46
3434.52
3434.52
2028.67
2028.67
1319.36
1319.36
2040.68
2040.68
1544.18
1544.18
1544.18
1544.18
1909.35
1909.35
1625.76
1625.76
1368.30
1368.30
1482.47
1482.47
2351.56
2351.56
981.80
981.80
2485.34
2485.34
2123.14
2123.14
166.72
166.72
1173.58
1173.58
1865.54
1865.54
1809.06
1809.06
2618.74
2618.74
1489.07
1489.07
2127.85
2127.85
1596.51
1596.51
1537.04
1537.04
2572.88
2572.88
1805.07
1805.07
1805.07
1805.07
1387.32
1387.32
1491.46
1491.46
2604.74
2604.74
668.28
668.28
2859.76
2859.76
2766.35
2766.35
2766.35
2766.35
388.90
388.90
873.96
873.96
1691.59
1691.59
1691.59
1691.59
3737.56
3737.56
3579.35
3579.35
3765.68
3765.68
4510.09
4510.09
635.45
635.45
37.07
37.07
1974.60
1974.60
2227.64
2227.64
969.88
969.88
2563.27
2563.27
1635.39
1635.39
2301.24
2301.24
1315.55
1315.55
2279.73
2279.73
1603.89
1603.89
2888.67
2888.67
4464.51
4464.51
3420.34
3420.34
37.94
37.94
1867.03
1867.03
799.20
799.20
799.20
190.34
1527.77
1527.77
193.40
193.40
3638.27
3638.27
1646.63
1646.63
1748.73
1748.73
1837.87
1837.87
1807.61
1807.61
1646.53
1646.53
1584.85
1584.85
2535.36
2535.36
928.30
928.30
2645.83
2645.83
1981.85
1981.85
2840.88
2840.88
1736.19
1736.19
238.42
238.42
3489.84
3489.84
1595.39
1595.39
450.27
450.27
1831.34
1831.34
2028.00
2028.00
2028.00
2074.38
2074.38
2036.60
2036.60
2972.28
2972.28
3107.15
3107.15
2131.53
2131.53
4080.63
4080.63
4080.63
4080.63
2930.83
2930.83
2930.83
2930.83
1474.28
1474.28
2315.06
2315.06
2297.26
2297.26
112.56
112.56
502.41
502.41
140.03
140.03
2298.90
2298.90
2298.90
2298.90
3057.58
3057.58
4109.43
4109.43
3444.39
3444.39
2589.39
2589.39
4831.05
4831.05
5054.55
5054.55
1849.29
1849.29
2108.30
2108.30
4699.02
4699.02
3704.22
3704.22
3784.51
3784.51
3714.35
3714.35
5122.90
5122.90
35.43
35.43
3711.33
3711.33
4982.00
4982.00
2493.59
2493.59
3392.97
3392.97
10.00
10.00
1885.79
1885.79
2230.39
2230.39
2829.26
2829.26
2344.01
2344.01
1633.79
1633.79
2083.49
2083.49
2238.43
2238.43
2852.40
2852.40
2714.43
2714.43
2743.94
2743.94
1737.24
1737.24
3630.33
3630.33
2590.47
2590.47
2194.62
2194.62
2924.67
2924.67
925.56
925.56
3878.34
3878.34
1993.87
1993.87
4337.09
4337.09
4337.09
4337.09
4337.09
4337.09
2465.08
2465.08
1627.14
1627.14
2506.04
2506.04
1274.64
1274.64
1413.66
1413.66
4382.45
4382.45
2932.01
2932.01
3996.24
3996.24
3531.33
3531.33
21.36
21.36
247.18
247.18
3628.41
3628.41
412.88
412.88
151.02
151.02
53.92
53.92
2940.51
2940.51
565.70
565.70
2720.03
2720.03
4086.53
4086.53
2088.35
2088.35
4285.08
4285.08
1096.70
1096.70
1830.52
1830.52
3127.83
3127.83
1132.17
1132.17
3528.45
3528.45
3528.45
3528.45
3950.29
3950.29
2115.32
2115.32
3921.57
3921.57
3108.59
3108.59
1563.82
1563.82
1851.57
1851.57
3288.53
3288.53
3243.58
3243.58
2656.70
2656.70
2057.24
2057.24
3233.93
3233.93
2300.54
2300.54
2358.27
2358.27
2342.67
2342.67
3085.93
3085.93
1753.38
1753.38
1775.41
1775.41
3505.24
3505.24
3761.54
3761.54
528.41
528.41
74.71
74.71
2677.22
2677.22
214.57
214.57
2315.41
2315.41
2689.68
2689.68
2699.17
2699.17
1705.20
1705.20
41.65
41.65
1278.34
1278.34
52.99
52.99
1220.03
1220.03
582.19
582.19
2211.73
2211.73
1250.30
1250.30
100.36
100.36
375.44
375.44
206.79
206.79
2734.63
2734.63
3608.94
3608.94
2284.87
2284.87
5066.55
5066.55
3334.70
3334.70
2001.13
2001.13
2022.44
2022.44
36.34
36.34
169.66
169.66
4898.64
4898.64
3371.98
3371.98
37.95
37.95
3710.51
3710.51
3259.75
3259.75
1846.11
1846.11
3520.04
3520.04
4431.97
4431.97
3272.85
3272.85
3187.32
3187.32
2999.80
2999.80
4013.93
4013.93
2010.50
2010.50
2533.84
2533.84
1494.19
1494.19
2070.09
2070.09
2323.74
2323.74
2210.13
2210.13
2569.72
2569.72
2284.76
2284.76
1023.31
1023.31
1499.76
1499.76
3513.49
3513.49
2644.40
2644.40
1542.24
1542.24
3351.04
3351.04
2140.86
2140.86
2258.31
2258.31
2263.11
2263.11
3038.16
3038.16
5475.65
5475.65
1679.25
1679.25
2590.74
2590.74
2552.22
2552.22
326.51
326.51
609.90
609.90
797.40
797.40
402.97
402.97
2941.92
2941.92
2941.92
2941.92
2452.25
2452.25
1298.39
1298.39
3180.03
3180.03
3180.03
3180.03
2325.22
2325.22
2800.06
2800.06
2289.82
2289.82
1393.72
1393.72
3472.83
3472.83
1938.61
1938.61
31.61
31.61
2799.10
2799.10
1718.24
1718.24
2694.03
2694.03
285.19
285.19
1226.22
1226.22
1434.26
1434.26
2138.16
2138.16
18.26
18.26
543.22
543.22
1502.82
1502.82
1258.48
1258.48
1758.15
1758.15
2220.15
2220.15
1511.50
1511.50
2036.97
2036.97
2036.97
2036.97
2036.97
2036.97
2477.97
2477.97
2709.38
2709.38
2166.51
2166.51
1265.06
1265.06
2877.32
2877.32
2090.04
2090.04
2090.04
2090.04
3063.04
3063.04
1597.89
1597.89
3785.97
3785.97
2940.00
2940.00
2153.54
2153.54
2153.54
2153.54
2987.05
2987.05
2661.30
2661.30
2521.56
2521.56
2521.56
2521.56
2326.02
2326.02
3122.58
3122.58
489.20
489.20
2237.60
2237.60
2394.84
2394.84
131.87
131.87
2784.05
2784.05
1471.58
1471.58
3302.13
3302.13
4109.31
4109.31
2015.13
2015.13
2015.13
2015.13
2015.13
2015.13
2015.13
2015.13
2015.13
2015.13
2437.81
2437.81
1025.99
1025.99
2842.60
2842.60
2787.09
2787.09
3163.14
3163.14
1427.27
1427.27
14.97
14.97
3809.00
3809.00
3809.00
3809.00
3809.00
3809.00
2880.33
2880.33
1027.50
1027.50
2726.16
2726.16
2670.69
2670.69
4780.05
4780.05
3094.36
3094.36
3094.36
3094.36
4310.87
4310.87
1960.35
1960.35
3456.34
3456.34
3614.87
3614.87
2320.43
2320.43
2528.82
2528.82
2862.06
2862.06
2965.07
2965.07
3112.93
3112.93
2211.33
2211.33
1649.64
1649.64
2810.09
2810.09
2810.09
359.81
359.81
359.81
46.97
46.97
32.03
32.03
32.03
574.24
574.24
574.24
2883.37
2883.37
2883.37
2883.37
3046.58
3046.58
2718.70
1424.95
3905.21
3905.21
3986.31
3986.31
2994.55
2994.55
2808.50
2808.50
3253.08
3253.08
3093.80
3093.80
734.97
734.97
1613.62
1613.62
2416.96
2416.96
3371.66
3371.66
1383.88
1383.88
1383.88
356.09
356.09
743.06
353.27
353.27
353.27
353.27
157.11
157.11
157.11
386.33
386.33
386.33
386.33
386.33
60.94
128.91
43.80
167.34
167.34
273.02
413.93
413.93
351.20
1879.51
1879.51
596.22
2554.30
2554.30
1830.17
1830.17
169.12
169.12
169.12
245.23
672.64
672.64
582.79
582.79
1628.70
1628.70
1383.86
1383.86
675.01
675.01
2396.47
2396.47
379.28
379.28
1535.77
1535.77
1012.77
1012.77
1402.33
1402.33
1402.33
160.73
160.73
160.73
2400.79
2003.23
1258.93
1258.93
3301.24
3301.24
2419.26
2419.26
3535.74
3535.74
51.63
51.63
51.63
51.63
51.63
1446.86
1446.86
1446.86
49.95
10.00
10.00
159.25
159.25
159.25
159.25
501.41
501.41
311.58
311.58
3787.86
3628.47
2779.98
2144.72
2144.72
3669.62
3669.62
2702.53
2702.53
4885.47
4885.47
105.03
105.03
4171.63
4171.63
28.04
28.04
1038.89
1038.89
1678.62
1678.62
587.56
587.56
2090.51
2090.51
370.90
370.90
3082.22
3082.22
4106.46
4106.46
3222.27
3222.27
3042.92
3042.92
1420.33
1420.33
1914.62
1914.62
3063.04
3063.04
3456.84
3456.84
3540.60
3540.60
2864.16
2864.16
1426.19
1426.19
26.83
26.83
1734.47
1734.47
672.77
672.77
739.12
739.12
2712.76
2712.76
2189.57
2189.57
1740.18
1740.18
1771.04
1771.04
383.89
383.89
1951.65
1951.65
935.83
935.83
2693.41
2693.41
2693.41
52.23
52.23
1473.08
632.35
632.35
203.33
203.33
4088.77
4088.77
2377.93
2377.93
2226.59
2226.59
3468.26
3468.26
2647.78
2647.78
1335.21
1335.21
259.01
259.01
1245.97
1245.97
1197.06
1197.06
1092.99
1092.99
3136.68
3136.68
3509.99
3509.99
732.81
732.81
4423.72
4423.72
2796.43
2796.43
1417.75
1417.75
36.23
36.23
2322.86
2322.86
4956.02
4956.02
1787.44
1787.44
176.94
176.94
1419.38
1419.38
514.69
514.69
3618.87
3618.87
514.43
514.43
1034.14
1034.14
1982.17
1982.17
2308.30
2308.30
205.80
205.80
946.14
946.14
55.18
55.18
3147.63
3147.63
3562.67
3562.67
1378.04
1378.04
32.90
32.90
4754.78
4754.78
1436.18
1436.18
2409.77
2409.77
3038.87
3038.87
2769.76
2769.76
3813.33
3813.33
39.04
39.04
1733.94
1733.94
806.05
806.05
5468.79
5468.79
3194.02
3194.02
141.48
141.48
32.88
32.88
2899.12
2899.12
2962.37
2962.37
4028.42
4028.42
402.94
402.94
70.76
70.76
220.92
220.92
58.72
58.72
4013.85
4013.85
2839.68
2839.68
3099.45
3099.45
2194.52
2194.52
20.23
20.23
1432.85
1432.85
1628.02
1628.02
155.75
155.75
1878.84
1878.84
1880.75
1880.75
597.85
597.85
2020.61
2020.61
844.21
844.21
522.76
522.76
3971.75
3971.75
3971.75
3971.75
4010.59
4010.59
1551.76
1551.76
3870.54
3870.54
4494.61
4494.61
3275.58
3275.58
3636.22
3636.22
3636.22
3636.22
298.40
298.40
1877.28
1877.28
1949.21
1949.21
2047.20
2047.20
2797.43
2797.43
1781.63
1781.63
2901.60
2901.60
2877.53
2877.53
999.16
999.16
1833.51
1833.51
1114.09
1114.09
1413.04
1413.04
1413.04
1413.04
1808.97
1808.97
2037.59
2037.59
1953.14
1953.14
1385.63
1385.63
2083.89
2083.89
2090.89
2090.89
882.83
882.83
2757.05
2757.05
2526.44
2526.44
1391.05
1391.05
2790.42
2790.42
19.96
19.96
1597.33
1597.33
1427.49
1427.49
2230.07
2230.07
1549.43
1549.43
1979.71
1979.71
1258.67
1258.67
2060.00
2060.00
2213.01
2213.01
1526.26
1526.26
1159.92
1159.92
1745.62
1745.62
2052.44
2052.44
2186.75
2186.75
1234.67
1234.67
2095.07
2095.07
2095.07
2095.07
1489.55
1489.55
2121.77
2121.77
1268.52
1268.52
2100.17
2100.17
2375.91
2375.91
1787.20
1787.20
2852.53
2852.53
2852.53
2852.53
2852.53
2852.53
2852.53
2852.53
360.88
360.88
2165.93
2165.93
1796.18
1796.18
2055.95
2055.95
2055.95
2055.95
1879.09
1879.09
2577.11
2577.11
2577.11
2675.29
2675.29
33.88
2759.89
2759.89
2759.89
2759.89
2759.89
4098.09
4098.09
2430.62
2430.62
2302.74
2302.74
1851.86
1851.86
1100.33
1100.33
1299.52
1299.52
1731.35
1731.35
1841.90
1841.90
2209.56
2209.56
398.93
398.93
739.09
739.09
2765.72
2765.72
3177.63
3177.63
20.20
20.20
103.31
103.31
1520.51
1520.51
34.40
34.40
3361.60
2551.11
2551.11
2551.11
108.43
108.43
5688.95
5688.95
631.48
631.48
4275.67
4275.67
1567.96
1567.96
2380.65
2380.65
3721.38
3721.38
2928.51
2928.51
5327.58
5327.58
245.28
245.28
3724.86
4050.17
4050.17
4050.17
5120.36
5120.36
2361.91
2361.91
64.19
64.19
3480.76
3480.76
2415.20
2415.20
635.74
635.74
1125.44
1125.44
4067.62
4067.62
1508.89
1508.89
922.42
922.42
107.94
107.94
2181.38
2181.38
32.21
32.21
209.45
209.45
1718.54
1718.54
291.13
291.13
515.00
515.00
624.35
624.35
319.22
319.22
412.62
412.62
61.39
61.39
648.54
648.54
212.50
212.50
789.36
789.36
1601.49
1601.49
2566.69
2566.69
1293.14
1293.14
1053.56
1053.56
2339.78
2339.78
2679.08
2679.08
479.42
479.42
39.89
39.89
1241.07
1241.07
1569.63
1569.63
2151.92
2151.92
1767.89
1767.89
2286.93
2286.93
2100.65
2100.65
1257.99
1257.99
883.27
883.27
16.03
16.03
1834.49
1834.49
1076.46
1076.46
3998.17
3998.17
59.42
59.42
1298.71
1298.71
10.96
10.96
10.96
10.96
1919.33
873.82
873.82
374.28
374.28
374.28
226.32
226.32
226.32
226.32
226.32
976.82
32.93
154.39
154.39
12.17
12.17
12.17
737.29
737.29
737.29
737.29
737.29
737.29
737.29
457.65
457.65
457.65
457.65
1786.68
1130.16
1806.22
2235.08
2235.08
2753.43
1017.40
2212.40
2056.63
738.17
738.17
2108.21
2108.21
1936.81
1936.81
1304.93
1304.93
1796.58
1796.58
1977.41
1977.41
2227.89
2227.89
2275.03
2275.03
1848.30
1848.30
1472.29
1472.29
1759.91
1759.91
1766.52
1766.52
1273.24
1273.24
2870.71
2870.71
2408.29
2408.29
94.84
94.84
1371.91
1371.91
1860.30
1860.30
1193.37
1193.37
10.00
10.00
2347.73
2347.73
1852.68
1852.68
2940.86
2940.86
2598.71
2598.71
1473.23
1473.23
3183.59
3183.59
3183.59
3183.59
35.92
35.92
1540.77
1540.77
1134.60
1134.60
3452.69
3452.69
482.03
482.03
1884.24
1884.24
1402.08
1402.08
2882.22
2882.22
1986.13
1986.13
1827.71
1827.71
1575.75
1575.75
2489.66
2489.66
62.41
62.41
1960.25
1960.25
2769.83
2769.83
3249.49
3249.49
1057.60
1057.60
1127.53
1127.53
1137.54
1137.54
947.29
947.29
2070.93
2070.93
2033.95
2033.95
2033.95
2033.95
1884.92
1884.92
2930.41
2930.41
929.12
929.12
1826.26
1826.26
2155.45
2155.45
3181.31
3181.31
4110.02
4110.02
1471.77
1471.77
2911.76
2911.76
3116.01
3116.01
2289.78
2289.78
239.69
239.69
45.77
45.77
290.61
290.61
459.18
459.18
226.65
226.65
3074.18
3074.18
59.57
59.57
2019.18
2019.18
1320.38
1320.38
2961.42
2961.42
527.55
527.55
1889.21
1889.21
2150.52
2150.52
3262.96
3262.96
2396.47
2396.47
176.76
176.76
2784.51
2784.51
1683.26
1683.26
16.58
16.58
3100.27
3100.27
1219.56
1219.56
1010.84
1010.84
787.73
787.73
122.36
122.36
788.84
788.84
3499.42
3499.42
438.73
438.73
438.73
484.20
484.20
1451.97
2353.80
2353.80
2050.25
2050.25
1450.10
1450.10
1269.06
1269.06
2939.70
2939.70
2360.37
2360.37
15.76
15.76
1983.82
1983.82
3432.58
3432.58
2482.16
2482.16
341.75
341.75
168.35
168.35
2639.75
2639.75
1761.17
1761.17
2153.89
2153.89
4091.13
4091.13
1990.98
1990.98
2881.19
2881.19
264.24
264.24
264.24
318.70
318.70
1157.54
1157.54
1036.33
2562.59
2562.59
279.49
279.49
526.48
526.48
1213.29
1213.29
3589.95
3589.95
2381.90
2381.90
2233.42
2233.42
2980.96
2980.96
476.84
476.84
2643.24
2643.24
970.95
970.95
1385.20
1385.20
2072.31
2072.31
2763.21
2763.21
2097.03
2097.03
732.10
732.10
907.10
907.10
1276.47
1276.47
1276.47
76.72
76.72
1389.52
1389.52
2680.82
2680.82
13.21
13.21
94.11
94.11
42.20
42.20
42.20
42.20
105.91
105.91
10.00
10.00
2597.05
2597.05
1513.81
1112.53
1112.53
1639.37
1526.87
1789.50
1789.50
2646.08
2646.08
2928.37
2928.37
1548.70
1548.70
2114.36
2114.36
174.79
174.79
68.70
68.70
68.70
357.47
272.59
272.59
1344.82
1344.82
843.10
843.10
3029.36
3029.36
1346.54
1346.54
2204.83
2204.83
2291.35
2291.35
959.03
959.03
2304.07
2304.07
998.96
998.96
169.25
169.25
1570.50
1570.50
1265.00
1265.00
2423.73
2423.73
2476.52
2476.52
824.18
824.18
1750.29
1750.29
32.62
32.62
3047.62
3047.62
803.75
803.75
186.18
186.18
2743.53
2743.53
867.16
867.16
741.42
741.42
741.42
299.68
299.68
299.68
299.68
105.61
105.61
2791.79
2791.79
18.45
3074.72
22.04
22.04
710.47
3346.61
3346.61
162.34
162.34
1573.24
1573.24
311.87
311.87
311.87
1267.68
1267.68
112.86
112.86
79.72
79.72
79.72
3224.12
3224.12
518.65
1582.82
1582.82
295.60
10.00
10.00
130.64
130.64
390.32
390.32
1592.12
1592.12
1319.07
1319.07
769.42
769.42
769.42
769.42
98.50
98.50
98.50
3266.26
3266.26
3266.26
3266.26
1273.63
1273.63
1273.63
1273.63
1273.63
1273.63
10.00
1189.18
1782.79
1782.79
1811.58
135.37
1741.14
1723.09
13.06
1883.71
1883.71
1512.29
1512.29
38.89
38.89
439.73
439.73
1300.87
1300.87
401.80
401.80
2082.94
2082.94
245.84
245.84
132.87
132.87
111.73
111.73
1804.18
1804.18
1804.18
1804.18
1804.18
1804.18
1804.18
1804.18
1804.18
1804.18
1804.18
15.47
1981.80
268.66
268.66
268.66
268.66
268.66
220.72
44.91
22.37
1235.36
1235.36
17.95
632.96
1219.64
1219.64
136.81
136.81
1577.62
1577.62
300.73
1953.80
1953.80
568.59
568.59
568.59
1057.75
1057.75
1057.75
1222.98
1868.44
1868.44
1868.44
734.10
734.10
88.58
88.58
88.58
87.64
49.25
49.25
422.32
422.32
3222.05
207.63
207.63
207.63
2375.69
2375.69
2375.69
2361.79
2361.79
2361.79
2361.79
2361.79
439.98
439.98
885.45
885.45
348.68
348.68
22.32
56.56
56.56
264.04
154.08
154.08
2888.26
56.03
1601.82
1601.82
1967.10
1967.10
485.67
485.67
4509.95
4509.95
4101.75
4101.75
4101.75
4101.75
1574.47
1574.47
1267.20
1267.20
2135.48
2135.48
970.49
970.49
1948.66
1948.66
1187.93
1187.93
2076.97
2076.97
2958.04
2958.04
896.36
896.36
279.46
279.46
467.36
467.36
133.30
133.30
2278.67
2278.67
784.36
784.36
2078.02
2078.02
47.79
47.79
50.80
50.80
621.88
621.88
213.74
213.74
919.00
919.00
1845.05
1845.05
202.80
202.80
1813.42
1813.42
2356.49
2356.49
10.00
10.00
1498.69
1498.69
1749.54
1749.54
2499.48
2499.48
1046.81
1046.81
1364.38
1364.38
977.59
977.59
22.37
22.37
2166.78
2166.78
1871.92
1871.92
836.92
836.92
1787.83
1787.83
1787.83
1682.15
1682.15
430.11
605.92
605.92
605.92
605.92
605.92
605.92
330.01
330.01
14.17
14.17
16.60
1037.37
1037.37
1192.80
1192.80
112.75
16.38
16.38
1233.11
796.94
796.94
1419.37
551.08
551.08
1125.57
1125.57
311.83
311.83
311.83
567.97
567.97
567.97
1012.21
1012.21
1561.43
1561.43
1866.85
1866.85
1094.09
1094.09
189.60
189.60
1374.28
1374.28
186.36
186.36
2965.99
2965.99
1681.71
1681.71
976.30
976.30
26.24
26.24
2050.36
2050.36
1999.36
1999.36
2641.70
2641.70
1668.73
1668.73
1154.73
1154.73
2545.68
2545.68
2170.44
2170.44
3110.39
3110.39
1950.66
1950.66
3774.74
3774.74
2435.10
2435.10
3114.17
3114.17
10.00
10.00
1748.63
1748.63
1699.07
1699.07
1921.05
1921.05
4121.07
4121.07
4207.21
4207.21
2800.43
2800.43
2350.97
2350.97
2642.43
2642.43
1329.13
1329.13
1373.97
1373.97
2117.61
2117.61
2239.57
2239.57
2380.88
2380.88
1458.95
1458.95
1458.95
1458.95
1458.95
1458.95
598.93
598.93
2392.75
2392.75
1587.28
1587.28
2276.78
2276.78
1420.90
1420.90
2920.79
2920.79
1806.13
1806.13
2997.99
2997.99
2445.20
2445.20
2162.41
2162.41
3630.13
3630.13
211.55
211.55
2319.20
2319.20
216.76
216.76
2862.42
2862.42
2014.40
2014.40
1464.97
1464.97
2343.03
2343.03
195.48
195.48
1999.81
1999.81
274.23
274.23
970.09
970.09
1815.82
1815.82
1695.11
1695.11
3249.16
3249.16
986.44
986.44
2824.74
2824.74
1273.71
1273.71
2609.73
2609.73
2344.89
2344.89
154.26
154.26
1562.11
1562.11
1744.36
1744.36
1165.17
1165.17
2181.86
2181.86
3584.55
3584.55
3584.55
1489.09
1858.13
1858.13
1858.13
1581.01
2405.25
2405.25
2405.25
1592.44
1592.44
2913.75
2913.75
1377.30
1377.30
1895.22
1895.22
1054.89
1054.89
1685.11
1685.11
1685.11
1685.11
1685.11
1685.11
2606.61
2606.61
3472.68
3472.68
666.65
666.65
1191.59
1191.59
103.78
103.78
95.81
95.81
335.69
335.69
10.00
10.00
1578.38
1578.38
2245.95
2245.95
196.85
196.85
3357.06
3357.06
543.02
543.02
328.24
328.24
10.00
10.00
1697.25
1697.25
636.86
636.86
75.86
75.86
1384.00
1384.00
847.77
847.77
65.23
65.23
3372.87
3372.87
1675.88
1675.88
1236.02
1236.02
1414.40
1414.40
264.78
264.78
3744.76
3744.76
2908.26
2908.26
1429.51
1429.51
37.69
37.69
355.77
355.77
1710.38
1710.38
465.82
465.82
1979.45
1979.45
3758.43
3758.43
27.57
27.57
809.49
809.49
2674.74
2674.74
1117.51
1117.51
1544.11
1544.11
1649.41
1649.41
1649.41
613.15
2162.86
2162.86
85.36
85.36
38.25
38.25
1324.54
1324.54
1582.58
1582.58
2463.74
2463.74
37.00
37.00
2798.38
2798.38
2921.22
2921.22
1402.20
1402.20
3051.76
3051.76
1926.64
1926.64
492.20
492.20
68.02
68.02
642.58
642.58
642.58
642.58
89.91
89.91
89.91
138.22
2430.52
2430.52
818.80
818.80
44.33
44.33
2902.39
2902.39
1841.41
1841.41
27.28
27.28
17.62
17.62
541.26
541.26
2238.82
2238.82
39.19
39.19
489.64
489.64
2719.81
2719.81
2293.68
2293.68
986.88
986.88
1679.83
1679.83
2353.77
2353.77
2072.15
2072.15
297.92
297.92
1802.07
1802.07
566.39
566.39
2690.00
2690.00
2974.20
2974.20
3433.37
3433.37
1618.38
1618.38
2353.04
2353.04
538.62
538.62
581.76
581.76
307.04
307.04
10.00
10.00
10.00
16.95
16.95
187.90
187.90
215.68
215.68
1102.38
2359.62
2359.62
456.06
456.06
2049.73
2049.73
123.14
123.14
123.14
226.07
226.07
226.07
172.22
172.22
595.22
595.22
1526.78
1526.78
1526.78
1526.78
1526.78
1989.74
1989.74
1910.90
3121.11
315.34
315.34
1048.77
42.76
42.76
1767.38
1767.38
25.48
25.48
327.61
327.61
3094.82
3094.82
209.74
209.74
295.71
295.71
3504.12
3504.12
51.06
51.06
10.00
10.00
313.35
313.35
50.55
50.55
86.08
86.08
1240.44
1240.44
1552.53
1552.53
82.94
82.94
2387.22
2387.22
234.50
234.50
2323.68
2323.68
1746.89
1746.89
1460.90
1460.90
903.93
903.93
420.05
420.05
1637.14
1637.14
904.89
904.89
1121.47
1121.47
1648.93
1648.93
2194.44
2194.44
2906.81
2906.81
3671.64
3671.64
3292.44
3292.44
3517.67
3517.67
4408.52
4408.52
2156.54
2156.54
4216.08
4216.08
3193.15
3193.15
3193.15
3193.15
3397.39
3397.39
1545.30
1545.30
2586.77
2586.77
2632.95
2632.95
2421.09
2421.09
2384.49
2384.49
2220.70
2220.70
1925.62
1925.62
2725.42
2725.42
2963.14
2963.14
2963.14
2963.14
3057.55
3057.55
1905.24
1905.24
2329.00
2329.00
2097.43
2097.43
2971.13
2971.13
2971.13
2971.13
2971.13
2971.13
3339.00
3339.00
3643.40
3643.40
710.41
710.41
1053.76
1053.76
3712.84
3712.84
3480.03
3480.03
2765.56
2765.56
2765.56
2765.56
1050.28
1050.28
778.95
778.95
2180.66
2180.66
2198.14
2198.14
1525.38
1525.38
1658.88
1658.88
2042.28
2042.28
1699.59
1699.59
1933.19
1933.19
3114.97
3114.97
1129.23
1129.23
3322.36
3322.36
3322.36
3322.36
3322.36
3322.36
2020.23
2020.23
3053.08
3053.08
1868.46
1868.46
3013.17
3013.17
2667.55
2667.55
683.47
683.47
2640.18
2640.18
1777.26
1777.26
1777.26
1777.26
1777.26
1777.26
1809.08
1809.08
3120.46
3120.46
1863.22
1863.22
3248.01
3248.01
21.20
21.20
4350.98
4350.98
2968.23
2968.23
4381.25
4381.25
66.64
66.64
1011.56
1011.56
5483.12
5483.12
1114.96
1114.96
1545.04
1545.04
2801.12
2801.12
3151.03
3151.03
1124.23
1124.23
2933.34
2933.34
2523.51
2523.51
2674.12
2674.12
22.29
22.29
4810.06
4810.06
1074.89
1074.89
1490.15
1490.15
17.28
17.28
148.87
148.87
620.69
620.69
192.49
192.49
1613.66
1613.66
2560.60
2560.60
2415.97
2415.97
3115.59
3115.59
1710.99
1710.99
31.11
31.11
250.75
250.75
995.85
995.85
355.05
355.05
258.10
258.10
258.10
1704.69
1704.69
272.43
606.22
606.22
2027.64
2027.64
12.52
12.52
18.98
18.98
2095.63
2095.63
2177.23
2177.23
270.44
270.44
1608.57
1608.57
2541.04
2541.04
3989.42
3989.42
1937.90
1937.90
1776.86
1776.86
2098.11
2098.11
84.58
84.58
33.59
33.59
1212.15
1212.15
2867.80
2867.80
1288.33
1288.33
91.80
91.80
2046.94
2046.94
510.57
510.57
2180.25
2180.25
1830.82
1830.82
837.95
837.95
332.31
332.31
332.31
131.69
131.69
131.69
2265.07
804.44
389.31
389.31
1287.06
1287.06
258.24
258.24
258.24
54.29
1322.80
1322.80
201.06
201.06
69.77
69.77
387.51
387.51
125.45
125.45
1670.48
1670.48
737.61
737.61
13.72
13.72
329.47
329.47
19.11
19.11
37.48
37.48
528.81
528.81
528.81
528.81
1513.17
1513.17
1352.48
1352.48
2650.41
2650.41
2310.77
2310.77
281.93
281.93
1176.06
1176.06
455.07
455.07
18.34
18.34
42.56
42.56
967.46
967.46
1355.34
1355.34
2482.95
2482.95
73.86
73.86
397.46
397.46
155.75
155.75
783.43
783.43
827.66
827.66
116.12
116.12
53.23
53.23
14.32
14.32
1641.82
1641.82
1125.31
1125.31
33.47
33.47
78.52
78.52
135.27
135.27
314.42
314.42
66.73
66.73
31.95
31.95
17.94
17.94
634.67
634.67
33.90
33.90
1777.16
1777.16
1759.48
1759.48
3087.90
3087.90
452.25
452.25
452.25
1988.22
1789.21
1789.21
1134.43
1134.43
1338.72
1338.72
1699.54
1699.54
2678.49
2678.49
1341.96
1341.96
1849.59
1849.59
1856.42
1856.42
3085.88
3085.88
3051.53
3051.53
65.92
65.92
29.30
29.30
29.30
172.40
97.48
97.48
97.48
40.61
40.61
921.18
104.57
104.57
2648.63
2648.63
360.11
360.11
175.66
175.66
2867.63
2867.63
2867.63
115.33
115.33
434.27
1563.67
1563.67
2941.95
2941.95
1501.51
1501.51
2302.74
2302.74
2437.95
2437.95
1360.79
1360.79
875.78
875.78
1365.73
1365.73
914.32
914.32
1274.03
1274.03
84.59
84.59
84.59
177.66
177.66
2985.14
215.52
215.52
2608.01
2608.01
2855.92
2855.92
1676.42
1676.42
1716.46
1716.46
123.54
123.54
300.47
300.47
300.47
10.00
10.00
85.31
85.31
324.11
324.11
324.11
558.62
558.62
12.68
12.68
370.43
370.43
222.32
382.46
382.46
129.08
129.08
798.51
798.51
798.51
1304.36
142.34
142.34
2930.59
2876.82
2876.82
1533.86
1533.86
1093.29
1093.29
3525.11
3525.11
3442.93
3442.93
2276.88
2276.88
348.85
348.85
96.12
96.12
119.63
119.63
33.35
33.35
2456.99
2456.99
2336.15
2336.15
187.14
187.14
1719.46
1719.46
1719.46
396.69
396.69
1871.16
123.38
123.38
2420.20
2420.20
2420.20
1559.23
541.95
541.95
2209.45
2209.45
1588.95
1588.95
2127.69
2127.69
3720.05
3720.05
1554.04
1554.04
651.46
651.46
1867.32
1867.32
2765.82
2765.82
2196.68
2196.68
954.66
954.66
110.58
110.58
1941.06
1941.06
1110.31
1110.31
653.92
653.92
530.44
530.44
2258.45
2258.45
60.52
60.52
60.52
202.46
202.46
2238.69
2248.29
2248.29
2248.29
50.95
16.14
16.14
208.68
208.68
307.94
307.94
281.37
281.37
1627.61
1627.61
1924.74
1924.74
1699.47
1699.47
2280.13
2280.13
85.86
85.86
264.91
264.91
264.91
81.56
81.56
51.16
1596.48
1596.48
1996.93
1996.93
1253.81
1253.81
482.03
482.03
475.89
475.89
1790.58
1790.58
610.13
610.13
739.27
739.27
277.37
277.37
1463.58
1463.58
204.26
204.26
204.26
452.00
1576.80
1576.80
1540.86
1540.86
508.71
508.71
2223.96
2223.96
171.47
171.47
171.47
309.41
1426.24
1426.24
1426.24
48.75
48.75
385.87
385.87
385.87
2184.50
2184.50
2782.17
2782.17
1645.74
618.50
618.50
10.00
1385.04
1385.04
1028.87
1028.87
1648.75
1648.75
2180.91
2180.91
1333.80
1333.80
505.61
505.61
34.63
34.63
1919.30
1919.30
465.63
465.63
897.19
897.19
194.73
194.73
28.53
28.53
67.42
67.42
851.12
851.12
851.12
439.09
1273.86
1273.86
435.45
435.45
1600.22
1600.22
2343.59
2343.59
1565.64
1565.64
2591.44
2591.44
1772.02
1772.02
1772.02
979.71
979.71
1657.39
1446.68
1446.68
2529.45
2529.45
357.30
357.30
943.67
943.67
1535.14
1535.14
789.24
789.24
37.59
37.59
128.57
128.57
799.12
799.12
1040.64
1040.64
887.95
887.95
1344.51
1344.51
2484.03
2484.03
87.75
87.75
204.74
204.74
204.74
1911.35
2065.70
2065.70
2065.70
3195.15
169.12
169.12
169.12
1210.76
1210.76
2631.45
2631.45
1446.45
1446.45
1267.29
1267.29
2414.13
2414.13
2531.94
2531.94
3382.08
3382.08
1593.36
1593.36
1603.24
1603.24
1570.52
1570.52
1513.20
1513.20
2062.49
2062.49
1152.05
1152.05
2750.39
2750.39
2439.66
2439.66
2044.77
2044.77
901.02
901.02
2100.05
2100.05
1638.09
1638.09
1531.84
1531.84
2414.53
2414.53
2781.01
2781.01
1712.82
1712.82
1614.65
1614.65
2421.34
2421.34
3711.10
3711.10
3174.96
3174.96
1950.07
1950.07
2109.46
2109.46
726.11
726.11
129.01
129.01
1574.53
1574.53
554.26
554.26
1732.30
1732.30
97.12
97.12
201.24
201.24
1439.42
1439.42
1358.33
1358.33
2580.64
2580.64
26.12
26.12
2814.86
2814.86
2677.89
2677.89
856.30
856.30
10.00
10.00
2199.89
2199.89
975.34
975.34
2732.86
2732.86
4632.61
4632.61
2246.34
2246.34
3204.55
3204.55
22.14
22.14
688.10
688.10
531.82
531.82
562.16
562.16
28.88
28.88
1297.56
1297.56
2356.56
2356.56
742.91
742.91
1712.23
1712.23
37.15
37.15
165.30
165.30
165.30
233.77
233.77
233.77
221.48
241.59
22.69
22.69
104.50
104.50
104.50
104.50
104.50
81.97
81.97
264.01
1717.86
1717.86
1517.70
1630.16
3825.00
3825.00
161.92
161.92
545.51
545.51
335.08
335.08
1689.52
1689.52
169.54
169.54
303.89
303.89
122.19
122.19
133.92
133.92
1535.78
1535.78
629.75
629.75
1551.74
1551.74
1313.81
1313.81
361.78
361.78
64.71
64.71
31.89
31.89
18.56
18.56
133.95
133.95
104.08
104.08
34.44
34.44
23.58
23.58
3173.11
3173.11
1172.20
1172.20
3209.70
3209.70
2607.72
2607.72
1508.82
1508.82
1584.68
1584.68
3560.30
3560.30
32.83
32.83
73.11
73.11
2742.34
2742.34
3757.06
3757.06
2547.26
2547.26
26.21
26.21
10.00
10.00
145.19
145.19
47.19
47.19
468.92
468.92
76.53
76.53
1939.38
1939.38
2008.76
2008.76
3200.11
3200.11
254.65
254.65
2315.53
2315.53
1853.43
1853.43
3373.80
3373.80
566.31
566.31
189.52
189.52
1384.87
1384.87
4535.66
4535.66
141.20
141.20
1727.60
1727.60
1817.82
1817.82
845.52
845.52
3782.15
3782.15
2635.24
2635.24
2328.55
2328.55
31.23
31.23
39.70
39.70
589.17
589.17
798.61
798.61
60.73
60.73
4570.86
4570.86
225.53
225.53
1356.41
1356.41
1164.81
1164.81
3582.86
3582.86
2416.64
2416.64
3102.07
3102.07
2036.48
2036.48
2070.32
2070.32
3215.66
3215.66
1498.27
1498.27
1604.75
1604.75
645.99
645.99
1507.37
1507.37
2445.74
2445.74
2554.82
2554.82
2065.65
2065.65
2065.65
2065.65
2065.65
2065.65
2076.09
2076.09
4170.36
4170.36
1581.05
1581.05
3347.69
3347.69
3977.20
3977.20
3200.89
3200.89
3460.54
3460.54
3460.54
3460.54
2445.25
2445.25
831.71
831.71
239.19
239.19
50.69
50.69
171.81
171.81
1325.29
1325.29
2940.38
2940.38
2392.20
2392.20
2231.64
2231.64
3384.12
3384.12
2508.88
2508.88
286.63
286.63
3361.93
3361.93
1681.03
1681.03
1681.03
1681.03
18.46
18.46
1478.85
1478.85
24.68
24.68
1403.82
1403.82
419.98
419.98
1478.80
1478.80
211.36
211.36
37.94
37.94
2126.98
2126.98
2204.72
2204.72
10.00
10.00
22.15
22.15
1257.54
1257.54
1257.54
1257.54
1257.54
1257.54
1595.77
1595.77
2967.78
2967.78
1775.30
1775.30
2684.96
2684.96
2249.92
2249.92
2520.53
2520.53
2441.55
2441.55
2806.53
2806.53
2756.78
2756.78
1629.91
1629.91
1792.26
1792.26
1792.26
1792.26
10.00
10.00
1176.77
1176.77
1176.77
1176.77
2123.11
2123.11
1751.49
1751.49
1751.49
1751.49
2275.02
2275.02
2686.69
2686.69
2686.69
47.59
47.59
179.82
179.82
1348.66
3519.48
3519.48
2508.57
2508.57
95.82
95.82
294.43
294.43
3182.11
3182.11
1956.01
1956.01
79.13
79.13
2578.47
2578.47
4997.95
4997.95
2812.74
2812.74
2935.60
2935.60
2643.48
2643.48
3206.43
3206.43
2767.79
2767.79
244.56
244.56
280.50
280.50
566.36
566.36
566.36
566.36
693.02
2693.91
1012.22
1012.22
2757.29
2757.29
4766.05
4766.05
2356.76
2356.76
253.33
253.33
283.33
283.33
32.59
32.59
749.42
749.42
357.86
357.86
2380.13
2380.13
133.73
133.73
10.00
10.00
2413.03
2413.03
2413.03
2413.03
1991.61
1991.61
269.39
269.39
269.39
1720.56
1719.58
1535.02
1324.00
1324.00
1020.48
1020.48
2036.56
2036.56
1107.70
1107.70
741.53
741.53
10.00
10.00
3706.03
3706.03
68.09
68.09
245.35
245.35
245.35
390.80
390.80
45.41
45.41
45.41
2992.60
2992.60
295.77
1966.73
2447.55
2447.55
250.90
250.90
872.09
872.09
1776.12
1776.12
2692.64
2692.64
1683.46
1683.46
181.64
181.64
151.96
151.96
21.89
21.89
583.25
583.25
114.91
114.91
263.89
263.89
127.57
127.57
81.14
81.14
1641.09
1641.09
1348.27
1348.27
3029.98
3029.98
729.15
729.15
490.37
490.37
19.14
19.14
469.25
469.25
1084.74
1084.74
1325.54
1325.54
310.43
310.43
994.77
994.77
1620.53
1620.53
2266.24
2266.24
2117.26
2117.26
2040.12
2040.12
1640.35
1640.35
682.10
682.10
1690.88
1690.88
1130.43
1130.43
2811.46
2811.46
2763.09
2763.09
86.70
86.70
2733.98
2733.98
2891.61
2891.61
852.08
852.08
1807.34
1807.34
44.05
44.05
2560.14
2560.14
530.38
530.38
92.32
92.32
85.16
85.16
102.41
102.41
98.21
98.21
45.82
45.82
1885.96
1885.96
2388.64
2388.64
1501.86
1501.86
1268.92
1268.92
3267.74
3267.74
3267.74
3267.74
129.88
129.88
129.88
80.12
80.12
44.84
44.84
44.84
208.26
208.26
47.79
241.01
241.01
212.69
212.69
346.18
346.18
1514.96
1514.96
250.91
2966.81
2966.81
723.31
723.31
332.99
332.99
2480.41
2480.41
2690.86
2690.86
1381.70
1381.70
2075.71
2075.71
32.35
32.35
1992.35
1992.35
807.56
807.56
27.07
27.07
2708.90
2708.90
2619.06
2619.06
3387.35
3387.35
839.84
839.84
835.90
835.90
1526.34
1526.34
3080.28
3080.28
3782.22
3782.22
3765.58
3765.58
3765.58
161.26
161.26
1433.96
1433.96
1697.91
2428.37
2428.37
1810.37
1810.37
254.01
254.01
863.33
863.33
3410.34
3410.34
686.64
686.64
197.00
197.00
197.00
288.46
288.46
416.57
724.23
724.23
724.23
724.23
10.00
10.00
10.00
198.58
198.58
198.58
1219.80
2253.67
2253.67
2849.25
1845.85
1845.85
5560.76
5560.76
13.17
13.17
1754.30
1754.30
1973.52
1973.52
53.64
53.64
3071.57
3071.57
263.22
263.22
130.48
130.48
42.78
42.78
98.23
98.23
699.89
699.89
1613.86
1613.86
42.62
42.62
1907.48
1907.48
3614.63
3614.63
1722.24
1722.24
3305.57
3305.57
2460.01
2460.01
3970.76
3970.76
3740.97
3740.97
2969.51
2969.51
2225.63
2225.63
2083.13
2083.13
2388.56
2388.56
2468.77
2468.77
5222.33
5222.33
3590.43
3590.43
3590.43
3590.43
4985.98
4985.98
2164.75
2164.75
3284.78
3284.78
4925.27
4925.27
3437.09
3437.09
3437.09
3437.09
3002.43
3002.43
306.18
306.18
2214.49
2214.49
4507.28
4507.28
3204.61
3204.61
3204.61
3204.61
4354.65
4354.65
3869.44
3869.44
2307.15
2307.15
2215.73
2215.73
1314.98
1314.98
3094.22
3094.22
5154.97
5154.97
2997.86
2997.86
2130.31
2130.31
3406.31
3406.31
5415.46
5415.46
2839.82
2839.82
3148.96
3148.96
2510.22
2510.22
4986.57
4986.57
4986.57
4986.57
4986.57
4986.57
5747.63
5747.63
1849.80
1849.80
3205.46
3205.46
1174.43
1174.43
4923.69
4923.69
3395.72
3395.72
108.73
108.73
4284.19
4284.19
3822.68
3822.68
2037.16
2037.16
3639.19
3639.19
2913.36
2913.36
3031.28
3031.28
904.00
904.00
2417.14
2417.14
3828.10
3828.10
1987.78
1987.78
2139.03
2139.03
2176.53
2176.53
3787.02
3787.02
3679.70
3679.70
3679.70
3679.70
3679.70
3679.70
2971.00
2971.00
1613.88
1613.88
2500.28
2500.28
2717.44
2717.44
641.13
641.13
2040.59
2040.59
17.87
17.87
3832.02
3832.02
37.66
37.66
322.84
322.84
544.64
544.64
544.64
10.00
2777.69
2777.69
609.30
609.30
1231.32
1231.32
252.29
252.29
170.66
170.66
2316.89
2316.89
1960.83
1960.83
1760.36
1760.36
1560.41
1560.41
1525.49
1525.49
695.35
695.35
323.28
323.28
1338.77
1338.77
1751.18
1751.18
608.59
608.59
78.20
78.20
43.94
43.94
25.23
25.23
25.23
25.23
1072.62
1072.62
1072.62
928.34
1866.64
2037.28
2037.28
1231.27
2029.81
2029.81
1816.92
1816.92
3498.49
3498.49
4545.52
4545.52
66.23
66.23
4501.00
4501.00
303.63
303.63
303.63
892.29
892.29
500.27
500.27
1035.08
1035.08
1612.47
1612.47
1342.43
1282.66
1282.66
1282.66
48.37
48.37
3328.60
3328.60
636.54
636.54
1317.37
45.98
45.98
45.98
3058.61
3058.61
1435.86
1435.86
109.84
109.84
1065.20
1065.20
2623.79
2623.79
2578.49
2578.49
378.88
378.88
2732.90
2732.90
55.97
55.97
3065.39
3065.39
3065.39
2674.74
95.94
95.94
95.94
95.94
605.48
34.77
34.77
1462.38
1462.38
609.12
609.12
65.04
100.15
100.15
100.15
100.15
326.08
1434.69
1434.69
1604.81
1071.87
1071.87
954.91
954.91
976.16
976.16
52.22
52.22
52.22
666.25
666.25
666.25
10.00
10.00
10.00
240.82
240.82
240.82
240.82
1281.68
1281.68
2056.00
2056.00
18.43
18.43
1849.18
71.80
57.48
57.48
891.33
891.33
891.33
891.33
891.33
76.22
76.22
76.22
657.69
657.69
2688.93
1143.15
1143.15
366.60
1897.06
2934.00
537.53
929.97
929.97
40.62
40.62
420.19
420.19
384.75
384.75
61.54
61.54
529.07
529.07
841.35
841.35
682.88
682.88
1732.53
1732.53
1766.50
1766.50
1513.68
1513.68
1560.26
1560.26
403.93
403.93
1179.25
1179.25
717.91
717.91
274.10
274.10
1403.58
1403.58
46.79
46.79
2355.90
2355.90
1384.59
1384.59
666.51
666.51
2196.27
2196.27
2388.94
2388.94
2568.60
2568.60
674.99
674.99
222.49
222.49
1823.06
1823.06
1433.43
1433.43
2104.20
2104.20
3831.14
3831.14
190.99
190.99
1323.11
1323.11
140.48
140.48
2240.96
2240.96
2518.84
2518.84
188.02
188.02
264.00
264.00
264.00
49.83
2571.33
2571.33
681.29
681.29
1448.83
1448.83
2526.80
2526.80
1685.62
1685.62
431.14
431.14
1092.46
1092.46
478.50
478.50
887.44
887.44
596.05
596.05
234.32
234.32
1769.67
1769.67
1312.15
1312.15
1338.36
1338.36
3002.18
3002.18
891.48
891.48
16.53
16.53
104.02
104.02
152.34
152.34
912.43
912.43
114.40
114.40
10.00
10.00
4451.43
4451.43
248.88
248.88
74.91
74.91
297.84
297.84
10.00
10.00
49.88
49.88
78.89
78.89
400.44
400.44
2643.99
2643.99
123.99
123.99
369.53
369.53
181.13
181.13
86.62
86.62
1364.87
1364.87
373.17
373.17
1784.69
1784.69
1340.62
1340.62
3234.46
3234.46
2207.41
2207.41
3080.29
3080.29
579.00
579.00
63.19
63.19
1280.10
1280.10
157.48
157.48
560.20
560.20
560.20
1870.50
1870.50
1870.50
323.84
323.84
3241.07
3241.07
1109.70
1109.70
981.88
981.88
1220.01
1220.01
22.43
22.43
298.95
298.95
1234.45
1234.45
1824.37
1824.37
425.78
425.78
194.05
194.05
939.59
939.59
943.67
943.67
298.41
298.41
1957.24
1957.24
28.14
28.14
1594.71
1594.71
146.74
146.74
158.48
158.48
651.88
651.88
1022.62
1022.62
79.29
79.29
79.29
37.04
37.04
37.04
37.04
1271.30
1422.82
1466.32
18.61
18.61
1158.68
1158.68
1631.49
1631.49
759.60
759.60
673.04
673.04
489.21
489.21
37.05
37.05
10.00
10.00
1159.70
1159.70
1159.70
560.17
560.17
55.13
55.13
1456.19
46.27
46.27
194.10
194.10
975.45
975.45
1620.52
1620.52
1906.77
1906.77
430.94
430.94
1133.73
1133.73
1394.76
1394.76
1823.42
1823.42
469.62
469.62
469.62
10.00
10.00
10.00
1010.28
1010.28
1010.28
10.00
681.93
52.11
472.46
472.46
85.67
85.67
267.09
267.09
267.09
66.13
66.13
66.13
66.13
44.43
44.43
15.82
15.82
955.58
955.58
3467.90
1094.31
1730.81
435.78
435.78
3671.66
3671.66
1973.02
1973.02
2519.60
2519.60
995.47
995.47
2575.76
2575.76
2475.91
2475.91
2170.71
2170.71
2378.11
2378.11
3134.96
3134.96
2100.90
2100.90
3067.18
3067.18
738.27
738.27
684.01
684.01
2105.30
2105.30
664.42
664.42
664.42
14.05
14.05
623.75
623.75
1825.48
1825.48
1483.25
271.37
271.37
53.39
53.39
1756.20
1756.20
2606.81
2606.81
2606.81
2011.40
2011.40
1130.20
1130.20
232.64
232.64
232.64
488.66
1045.96
1045.96
271.96
271.96
1059.11
1059.11
1059.11
139.39
74.23
74.23
1777.39
645.61
645.61
177.86
177.86
2893.66
2893.66
104.19
104.19
948.88
948.88
2093.80
2093.80
517.43
517.43
1105.21
1105.21
488.09
488.09
2090.27
2090.27
1611.05
1611.05
681.67
681.67
29.09
29.09
2253.57
2253.57
1021.83
1021.83
192.37
192.37
2656.99
2656.99
10.00
10.00
303.59
303.59
328.48
328.48
641.48
641.48
641.48
1487.28
1586.43
1586.43
366.58
366.58
366.58
700.45
1027.36
1027.36
3000.02
3000.02
1772.40
1772.40
2150.15
2150.15
2387.97
2387.97
1920.92
1920.92
2240.81
2240.81
71.00
71.00
1624.39
1624.39
1473.88
1473.88
2261.33
2261.33
2404.52
2404.52
2971.89
2971.89
2762.58
2762.58
470.86
470.86
2104.50
2104.50
2925.12
2925.12
4049.37
4049.37
2401.93
2401.93
1462.71
1462.71
2476.09
2476.09
348.11
348.11
2113.83
2113.83
2207.89
2207.89
1312.03
1312.03
2773.63
2773.63
2081.70
2081.70
1826.57
1826.57
82.16
82.16
1703.43
1703.43
1712.26
1712.26
349.50
349.50
848.37
848.37
2449.62
2449.62
3711.64
3711.64
3652.22
3652.22
4176.07
4176.07
2856.25
2856.25
2030.67
2030.67
1752.73
1752.73
1447.42
1447.42
2271.67
2271.67
2176.62
2176.62
15.75
15.75
2971.58
2971.58
679.98
679.98
1986.79
1986.79
1596.05
1596.05
1770.20
1770.20
2141.21
2141.21
2823.20
2823.20
337.41
337.41
3398.56
3398.56
3634.96
3634.96
3720.23
3720.23
3720.23
3720.23
3568.07
3568.07
30.98
30.98
3812.25
3812.25
4042.77
4042.77
3499.44
3499.44
4153.57
4153.57
4582.49
4582.49
2448.35
2448.35
2448.35
2448.35
3034.29
3034.29
2675.41
2675.41
3481.82
3481.82
3392.73
3392.73
149.96
149.96
617.93
617.93
2862.84
2862.84
2705.30
2705.30
1203.85
1203.85
536.00
536.00
164.10
164.10
3107.38
3107.38
2697.62
2697.62
3129.28
3129.28
2836.97
2836.97
3773.16
3773.16
3888.98
3888.98
118.99
118.99
458.24
458.24
458.24
458.24
1477.13
72.62
72.62
188.31
1854.01
1854.01
3304.29
3304.29
2731.66
2731.66
1127.88
1127.88
2826.53
2826.53
1555.71
1555.71
2169.12
2169.12
2169.12
2169.12
2169.12
2169.12
2169.12
2169.12
789.39
789.39
599.91
599.91
2083.14
2083.14
2099.82
2099.82
1792.52
1792.52
1300.99
1300.99
2199.72
2199.72
1924.36
1924.36
156.38
156.38
705.25
705.25
1186.64
1186.64
2068.17
2068.17
964.60
964.60
594.00
594.00
3119.99
3119.99
3667.47
3667.47
1309.66
1309.66
628.77
628.77
2769.68
2769.68
1426.36
1426.36
2171.12
2171.12
48.59
48.59
786.48
786.48
2825.56
2825.56
4977.36
4977.36
2822.01
2822.01
2555.74
2555.74
3538.11
3538.11
877.83
877.83
1763.26
1763.26
3764.32
3764.32
2507.83
2507.83
3605.33
3605.33
4220.10
4220.10
1810.66
1810.66
4655.67
4655.67
3292.58
3292.58
476.26
476.26
744.29
744.29
1852.53
1852.53
1936.78
1936.78
1936.78
2573.98
2296.14
2296.14
3571.07
3571.07
3866.24
3866.24
1775.85
1775.85
2659.13
2659.13
4293.44
4293.44
3693.08
3693.08
3308.01
3308.01
2777.40
2777.40
4092.46
4092.46
675.32
675.32
4097.16
4097.16
3944.27
3944.27
1065.22
1065.22
1834.95
1834.95
1047.68
1047.68
1610.60
1610.60
204.43
204.43
187.22
187.22
187.22
836.98
250.35
250.35
25.77
25.77
407.69
407.69
79.51
79.51
3475.77
3475.77
4491.41
4491.41
3401.76
3401.76
1902.39
1902.39
1920.16
1920.16
1821.51
1821.51
1396.71
1396.71
22.59
22.59
2760.75
2760.75
33.15
33.15
2457.80
2457.80
2457.80
237.50
237.50
237.50
780.88
780.88
780.88
2363.94
1281.67
1281.67
456.65
456.65
2425.21
2425.21
1435.95
1435.95
3000.88
3000.88
136.19
136.19
5381.35
5381.35
3473.61
3473.61
2699.68
2699.68
2387.65
2387.65
1354.23
1354.23
358.29
358.29
4255.39
4255.39
2178.19
2178.19
2671.33
2671.33
615.29
615.29
5261.26
5261.26
11.17
11.17
4272.69
4272.69
4169.10
4169.10
45.77
45.77
1113.97
1113.97
880.59
880.59
809.29
809.29
282.11
282.11
64.71
64.71
565.90
565.90
149.82
149.82
33.28
33.28
565.69
565.69
222.03
222.03
964.14
964.14
53.50
53.50
12.92
12.92
881.61
881.61
2077.78
2077.78
1772.50
1772.50
18.11
18.11
2922.74
2922.74
238.90
238.90
770.29
770.29
753.81
753.81
753.81
92.82
92.82
92.82
142.07
142.07
2172.95
2172.95
2750.88
2750.88
1970.78
1970.78
1818.96
1818.96
1768.41
1768.41
1071.49
1071.49
1071.49
1681.32
1681.32
90.77
90.77
90.77
92.76
48.07
48.07
965.95
965.95
112.21
112.21
82.55
82.55
82.55
1546.84
1546.84
1546.84
98.28
98.28
1533.61
1533.61
1533.61
1282.53
2535.84
3051.65
3051.65
3118.27
3118.27
3664.21
3664.21
3664.21
84.96
84.96
1467.70
1467.70
2360.36
2360.36
45.84
45.84
16.37
16.37
2724.80
2724.80
2188.73
2188.73
210.06
210.06
1100.63
1100.63
2630.00
2630.00
17.88
17.88
1556.81
1556.81
2202.96
2202.96
1438.52
1438.52
215.77
215.77
669.94
669.94
2721.96
2721.96
1680.85
1680.85
2565.00
2565.00
2640.69
2640.69
1287.56
1287.56
1649.00
1649.00
2973.70
2973.70
1089.56
1089.56
3913.40
3913.40
160.24
160.24
2066.17
2066.17
1393.52
1393.52
1810.50
1810.50
133.98
133.98
2593.82
2593.82
312.87
312.87
28.06
28.06
494.18
494.18
1278.01
1278.01
2617.15
2617.15
2473.03
2473.03
348.54
348.54
4050.94
4050.94
3243.12
3243.12
3505.42
3505.42
3498.55
3498.55
928.03
928.03
3078.16
3078.16
2395.71
2395.71
2567.81
2567.81
703.43
703.43
806.59
806.59
3548.37
3548.37
1393.86
1393.86
856.38
856.38
3030.98
3030.98
1325.60
1325.60
2476.43
2476.43
3418.25
3418.25
1371.01
1371.01
2305.08
2305.08
2419.77
2419.77
2367.50
2367.50
29.69
29.69
1808.54
1808.54
1797.31
1797.31
2223.56
2223.56
1328.61
1328.61
2343.68
2343.68
282.31
282.31
446.32
446.32
613.42
613.42
1866.37
1866.37
50.86
50.86
1207.34
1207.34
2232.68
2232.68
2599.51
2599.51
2857.98
2857.98
2824.30
2824.30
3881.91
3881.91
44.69
44.69
1032.96
1032.96
1050.00
1050.00
179.89
179.89
438.53
438.53
2127.10
2127.10
959.79
959.79
147.18
147.18
18.18
18.18
2569.51
2569.51
738.98
738.98
37.52
37.52
361.15
361.15
945.29
945.29
2877.81
2877.81
2877.81
2195.68
3441.34
3441.34
1180.50
1180.50
26.94
26.94
2496.46
2496.46
2124.12
2124.12
10.00
10.00
1650.01
1650.01
1182.81
1182.81
1320.59
1320.59
473.13
473.13
54.92
54.92
2091.81
2091.81
680.87
680.87
2343.90
2343.90
476.18
476.18
1914.55
1914.55
2223.86
2223.86
311.70
311.70
1905.08
1905.08
1864.47
1864.47
2381.88
2381.88
2074.82
2074.82
14.19
14.19
543.61
543.61
2896.58
2896.58
3123.09
3123.09
462.40
462.40
2493.80
2493.80
4172.21
4172.21
2867.88
2867.88
2591.41
2591.41
1891.36
1891.36
1756.37
1756.37
243.08
243.08
1591.48
1591.48
10.00
10.00
28.71
28.71
102.89
102.89
55.16
55.16
48.00
48.00
48.57
48.57
135.75
135.75
2771.74
2771.74
4925.82
4925.82
93.50
93.50
3159.57
3159.57
12.43
12.43
112.47
112.47
44.43
44.43
1203.35
1203.35
1139.25
1139.25
4510.51
4510.51
50.34
50.34
2487.64
2487.64
4490.06
4490.06
2527.71
2527.71
4904.33
4904.33
567.58
567.58
37.41
37.41
2162.96
2162.96
139.73
139.73
879.37
879.37
1828.03
1828.03
3018.43
3018.43
3449.39
3449.39
3865.16
3865.16
2848.47
2848.47
2985.53
2985.53
2216.20
2216.20
3680.85
3680.85
1192.24
1192.24
2953.47
2953.47
1110.04
1110.04
1515.93
1515.93
1468.11
1468.11
2983.82
2983.82
333.93
333.93
4072.13
4072.13
2865.77
2865.77
1995.36
1995.36
1889.92
1889.92
3860.06
3860.06
2413.27
2413.27
1302.16
1302.16
2348.55
2348.55
3002.83
3002.83
3722.18
3722.18
569.78
569.78
215.72
215.72
315.64
315.64
258.35
258.35
73.28
73.28
4147.97
4147.97
3016.91
3016.91
3293.24
3293.24
3202.07
3202.07
3994.28
3994.28
4164.29
4164.29
3224.77
3224.77
4095.51
4095.51
3134.81
3134.81
960.84
960.84
4268.40
4268.40
4244.05
4244.05
4048.31
4048.31
3056.72
3056.72
3444.93
3444.93
3599.82
3599.82
4924.82
4924.82
180.62
180.62
1583.14
1583.14
4114.35
4114.35
4412.82
4412.82
219.84
219.84
219.84
219.84
1653.74
1653.74
22.35
22.35
3816.93
3816.93
4812.13
4812.13
4129.40
4129.40
3403.72
3403.72
2760.00
2760.00
6302.54
6302.54
2308.11
2308.11
3816.35
3816.35
3713.06
3713.06
4637.00
4637.00
6163.79
6163.79
6163.79
6163.79
6163.79
6163.79
6163.79
6163.79
6323.73
6323.73
5628.31
5628.31
4578.48
4578.48
4336.24
4336.24
5826.58
5826.58
3292.72
3292.72
3292.72
3292.72
3292.72
3292.72
2982.77
2982.77
2685.13
2685.13
3766.43
3766.43
3158.58
3158.58
3158.58
3158.58
4148.27
4148.27
4170.79
4170.79
1020.93
1020.93
3486.99
3486.99
3486.99
3486.99
4010.89
4010.89
4010.89
4010.89
4010.89
4010.89
4010.89
4010.89
4010.89
4010.89
3915.44
3915.44
2173.68
2173.68
1190.80
1190.80
4275.85
4275.85
18.66
18.66
913.34
913.34
106.59
106.59
1643.53
1643.53
289.98
289.98
1067.42
1067.42
3891.95
3891.95
929.83
929.83
885.35
885.35
2304.13
2304.13
1663.05
1663.05
1066.63
1066.63
945.23
945.23
945.23
18.68
18.68
1353.63
2256.34
2256.34
2079.89
2079.89
44.49
44.49
44.49
2674.04
2674.04
983.59
1311.65
1311.65
1326.14
1326.14
535.93
535.93
2314.35
2314.35
767.93
767.93
36.12
36.12
1050.63
1050.63
2815.04
2815.04
104.82
104.82
1977.43
1977.43
1578.25
1578.25
1467.12
1467.12
1268.92
1268.92
1106.89
1106.89
1998.73
1998.73
1491.59
1491.59
2641.87
2641.87
1893.51
1893.51
124.53
124.53
124.53
1100.47
1100.47
38.52
38.52
38.52
38.52
2041.15
2041.15
2430.64
994.86
529.51
529.51
844.88
1963.56
1963.56
978.70
978.70
2478.11
2478.11
16.03
16.03
102.48
102.48
1188.98
1188.98
923.89
923.89
2294.83
2294.83
1575.20
1575.20
2475.00
2475.00
200.84
200.84
1896.10
1896.10
1896.10
205.02
205.02
205.02
933.21
516.74
54.64
54.64
3059.70
3059.70
2568.10
2568.10
1689.88
1689.88
1649.66
1649.66
1649.66
1649.66
1649.66
1649.66
1649.66
1649.66
1649.66
1649.66
16.24
16.24
2234.52
2234.52
2691.31
2691.31
2040.78
2040.78
95.82
95.82
985.42
985.42
2582.50
2582.50
25.83
25.83
2656.69
2656.69
34.73
34.73
2770.15
2770.15
522.84
522.84
522.84
1786.32
44.82
44.82
123.96
123.96
120.65
120.65
1795.53
1795.53
1720.20
1720.20
1775.87
1775.87
1722.39
1722.39
1123.30
1123.30
1069.26
1069.26
377.29
377.29
3250.06
3250.06
1138.41
1138.41
2530.85
2530.85
2985.38
2985.38
734.57
734.57
35.99
35.99
1489.38
1489.38
2072.74
2072.74
2072.74
869.80
150.60
150.60
31.20
31.20
80.84
80.84
290.37
290.37
80.60
80.60
888.74
888.74
11.62
11.62
2329.97
2329.97
673.54
673.54
2380.87
2380.87
3760.55
3760.55
259.38
259.38
439.17
439.17
1512.25
1512.25
122.00
122.00
122.00
350.41
350.41
221.90
221.90
279.71
279.71
114.05
114.05
534.47
2150.38
2150.38
4006.48
4006.48
3447.42
3447.42
56.84
56.84
429.61
429.61
3155.09
3155.09
126.84
126.84
21.27
21.27
1407.30
1407.30
604.45
604.45
2878.42
2878.42
2839.71
2839.71
2286.70
2286.70
3485.17
3485.17
20.36
20.36
1458.05
1458.05
855.35
855.35
3458.10
3458.10
2468.22
2468.22
1763.80
1763.80
2563.13
2563.13
1558.69
1558.69
136.14
136.14
1320.50
1320.50
121.26
121.26
3220.80
3220.80
207.50
207.50
2355.18
2355.18
2097.97
2097.97
1423.75
1423.75
1245.07
1245.07
409.08
409.08
24.75
24.75
192.46
192.46
33.98
33.98
483.49
483.49
254.67
254.67
254.67
254.67
158.71
158.71
346.69
346.69
426.47
426.47
1685.76
1685.76
36.35
36.35
1824.42
1824.42
2373.36
2373.36
2144.72
2144.72
1338.55
1338.55
1441.35
1441.35
3945.33
3945.33
1538.64
1538.64
3582.86
3582.86
2394.56
2394.56
2320.89
2320.89
2027.13
2027.13
2808.81
2808.81
1229.52
1229.52
1891.29
1891.29
3131.80
3131.80
1759.71
1759.71
1834.50
1834.50
1268.74
1268.74
1787.06
1787.06
826.96
826.96
1806.33
1806.33
3748.81
3748.81
1357.17
1357.17
1585.21
1585.21
749.29
749.29
2988.99
2988.99
1622.26
1622.26
2986.61
2986.61
1918.67
1918.67
3195.43
3195.43
388.47
388.47
34.97
34.97
122.67
122.67
52.22
52.22
52.22
256.75
256.75
1267.62
69.01
69.01
15.49
15.49
15.49
15.49
103.03
103.03
103.03
103.03
24.38
24.38
24.38
24.38
340.21
93.14
93.14
93.14
274.33
274.33
274.33
119.64
119.64
95.72
95.72
95.72
1975.66
268.09
60.23
3040.82
16.53
3083.30
3063.81
2611.04
845.91
845.91
1876.22
1876.22
803.12
803.12
1213.89
1213.89
1213.89
397.35
397.35
469.87
227.18
227.18
1367.93
1367.93
132.10
132.10
968.33
968.33
2602.58
2602.58
2760.39
2760.39
3832.81
3832.81
3323.66
3323.66
15.22
15.22
216.64
216.64
28.55
