# 1Hz Kbps trace generated by import_real_world_traces.py
833.21
985.17
1452.74
1043.50
1018.55
658.53
546.41
834.12
817.34
817.34
1026.35
1026.35
946.48
946.48
800.71
800.71
923.29
923.29
855.29
855.29
772.91
772.91
763.79
763.79
1295.04
1295.04
1121.27
1121.27
947.71
947.71
1143.39
1143.39
1086.82
1086.82
899.22
899.22
878.07
878.07
1140.00
1140.00
1089.72
1089.72
917.69
917.69
1118.47
1118.47
866.90
866.90
1064.57
1064.57
1092.65
1092.65
993.21
993.21
747.53
747.53
782.70
782.70
949.96
949.96
942.41
942.41
942.41
803.78
901.08
901.08
1317.24
1317.24
948.40
948.40
770.61
770.61
880.37
880.37
1018.52
1018.52
981.56
981.56
968.92
968.92
880.60
880.60
1092.24
1092.24
949.70
949.70
1163.16
1163.16
1192.68
1192.68
642.09
642.09
981.91
981.91
1071.61
1071.61
878.09
878.09
1022.14
1022.14
943.50
943.50
399.65
399.65
507.50
507.50
1248.98
1248.98
377.88
377.88
336.46
336.46
963.43
963.43
1116.89
1116.89
1090.42
1090.42
570.63
570.63
584.38
584.38
1207.37
1207.37
876.57
876.57
575.44
575.44
1051.49
1051.49
893.79
893.79
969.34
969.34
467.46
467.46
355.24
355.24
1363.91
1363.91
1011.03
1011.03
885.00
885.00
1377.72
1377.72
910.32
910.32
1178.91
1178.91
923.31
923.31
932.65
932.65
1036.67
1036.67
998.25
998.25
1012.56
1012.56
1031.69
1031.69
558.11
558.11
1122.78
1122.78
1143.90
1143.90
871.04
871.04
850.57
850.57
1380.08
1380.08
787.44
787.44
919.82
919.82
1134.44
1134.44
486.06
486.06
788.14
788.14
928.41
928.41
667.04
667.04
919.24
919.24
1092.41
1092.41
1034.03
1034.03
644.16
644.16
873.70
873.70
1140.19
1140.19
783.66
783.66
954.98
954.98
1288.12
1288.12
902.60
902.60
1177.21
1177.21
1410.69
1410.69
1141.37
1141.37
851.09
851.09
1170.31
1170.31
965.22
965.22
924.68
924.68
1086.51
1086.51
837.91
837.91
1134.52
1134.52
866.48
866.48
852.71
852.71
912.63
912.63
1261.73
1261.73
1143.70
1143.70
1215.75
1215.75
982.00
982.00
1073.65
1073.65
1172.20
1172.20
1141.62
1141.62
925.71
925.71
770.44
770.44
688.34
688.34
1078.50
1078.50
838.96
838.96
1165.54
1165.54
1066.05
1066.05
816.24
816.24
946.41
946.41
785.09
785.09
586.03
586.03
1141.79
1141.79
467.31
467.31
1035.96
1035.96
882.64
882.64
802.87
802.87
883.60
883.60
919.37
919.37
1083.09
1083.09
1139.46
1139.46
926.13
926.13
1134.22
1134.22
931.83
931.83
989.67
989.67
779.06
779.06
982.79
982.79
866.55
866.55
1070.02
1070.02
684.27
684.27
919.95
919.95
875.50
875.50
793.24
793.24
1393.62
1393.62
1102.60
1102.60
1194.39
1194.39
1393.75
1393.75
920.04
920.04
920.04
1010.90
1174.32
1174.32
584.14
584.14
584.14
1108.70
1108.70
706.06
706.06
828.95
828.95
982.19
982.19
1253.57
1253.57
829.51
829.51
1297.51
1297.51
1140.67
1140.67
856.40
856.40
960.01
960.01
936.41
936.41
704.34
704.34
1003.30
1003.30
988.64
988.64
795.14
795.14
876.44
876.44
738.81
738.81
919.00
919.00
836.44
836.44
191.49
191.49
1034.46
1034.46
839.39
839.39
839.39
999.04
999.04
999.04
831.92
831.92
831.92
831.92
581.63
581.63
219.71
219.71
219.71
219.71
859.00
859.00
859.00
493.35
493.35
493.35
1085.03
741.72
1040.21
1040.21
921.09
1264.38
500.15
616.48
616.48
1164.41
636.61
636.61
1267.73
1267.73
1382.46
1382.46
900.89
900.89
997.56
997.56
900.22
900.22
818.84
818.84
851.71
851.71
1078.87
1078.87
1168.89
1168.89
858.11
858.11
1115.09
1115.09
1026.33
1026.33
1087.06
1087.06
1025.06
1025.06
1140.94
1140.94
847.46
847.46
1085.07
1085.07
714.85
714.85
646.83
646.83
893.77
893.77
883.72
883.72
852.28
852.28
576.85
576.85
1359.09
1359.09
584.93
584.93
690.82
690.82
995.21
995.21
1200.42
1200.42
834.88
834.88
928.20
928.20
1046.32
1046.32
967.51
967.51
1117.46
1117.46
878.99
878.99
1143.66
1143.66
941.02
941.02
1063.23
1063.23
852.91
852.91
1331.84
1331.84
1331.84
392.74
392.74
964.24
964.24
358.81
358.81
358.81
856.89
235.74
948.90
948.90
869.31
869.31
785.40
785.40
116.73
116.73
896.15
896.15
228.01
228.01
1083.69
1083.69
1319.32
1319.32
1076.22
1076.22
853.52
853.52
722.84
722.84
1075.81
1075.81
657.31
657.31
901.01
901.01
1118.08
1118.08
772.50
772.50
1360.16
1360.16
391.53
391.53
1352.53
1352.53
1622.71
1622.71
855.29
855.29
1091.42
1091.42
990.39
990.39
1138.75
1138.75
739.64
739.64
819.48
819.48
1137.30
1137.30
1165.03
1165.03
1055.81
1055.81
770.20
770.20
1271.70
1271.70
780.45
780.45
1135.21
1135.21
1311.05
1311.05
1180.83
1180.83
1556.66
1556.66
821.82
821.82
554.64
554.64
997.13
997.13
680.26
680.26
942.18
942.18
611.12
611.12
1036.32
1036.32
611.93
611.93
579.75
579.75
537.83
537.83
766.88
766.88
744.68
744.68
746.66
746.66
760.56
760.56
1178.39
1178.39
613.31
613.31
798.50
798.50
889.22
889.22
963.70
963.70
836.84
836.84
667.90
667.90
708.52
708.52
833.01
833.01
1143.26
1143.26
1146.58
1146.58
700.91
700.91
989.08
989.08
1029.67
1029.67
897.54
897.54
1044.01
1044.01
1278.62
1278.62
874.38
874.38
799.40
799.40
1084.09
1084.09
944.49
944.49
1136.95
1136.95
18.86
18.86
898.27
898.27
984.08
984.08
876.12
876.12
810.68
810.68
1139.36
1139.36
1096.64
1096.64
851.64
851.64
1206.02
1206.02
791.75
791.75
967.27
967.27
786.09
786.09
964.23
964.23
1130.55
1130.55
1114.69
1114.69
703.22
703.22
588.54
588.54
1065.03
1065.03
246.60
246.60
1163.98
1163.98
848.79
848.79
1088.26
1088.26
924.82
924.82
478.15
478.15
788.51
788.51
1325.77
1325.77
989.01
989.01
557.79
557.79
1143.14
1143.14
949.99
949.99
1217.34
1217.34
1086.43
1086.43
1069.26
1069.26
840.18
840.18
637.09
637.09
1045.36
1045.36
673.26
673.26
836.50
836.50
902.95
902.95
1071.11
1071.11
1019.06
1019.06
1062.59
1062.59
1046.72
1046.72
1059.10
1059.10
629.20
629.20
834.61
834.61
801.72
801.72
1138.33
1138.33
1039.06
1039.06
964.04
964.04
841.39
841.39
1048.50
1048.50
1195.74
1195.74
958.96
958.96
666.12
666.12
1042.37
1042.37
991.21
991.21
1166.57
1166.57
1059.66
1059.66
1067.70
1067.70
603.09
603.09
1282.62
1282.62
1183.89
1183.89
779.83
779.83
1303.54
1303.54
1069.19
1069.19
1290.22
1290.22
1140.42
1140.42
446.41
446.41
1554.42
1554.42
954.23
954.23
1165.52
1165.52
828.22
828.22
927.72
927.72
1073.59
1073.59
740.71
740.71
854.42
854.42
771.63
771.63
636.04
636.04
1135.06
1135.06
671.05
671.05
764.60
764.60
671.76
671.76
712.24
712.24
973.24
973.24
1335.15
1335.15
1393.20
1393.20
971.61
971.61
1070.33
1070.33
1096.56
1096.56
952.06
952.06
1241.89
1241.89
927.37
927.37
1300.64
1300.64
1130.93
1130.93
1039.40
1039.40
1023.09
1023.09
994.70
994.70
742.02
742.02
1134.44
1134.44
1044.64
1044.64
1060.24
1060.24
1239.78
1239.78
865.15
865.15
715.79
715.79
829.48
829.48
1115.98
1115.98
861.27
861.27
1279.53
1279.53
738.87
738.87
414.65
414.65
892.31
892.31
456.92
456.92
1152.96
1152.96
1019.89
1019.89
911.35
911.35
712.68
712.68
1274.73
1274.73
923.95
923.95
920.83
920.83
733.04
733.04
1332.12
1332.12
960.11
960.11
731.64
731.64
991.04
991.04
971.57
971.57
972.99
972.99
972.99
972.99
972.99
972.99
1046.87
1046.87
1018.57
1018.57
920.95
920.95
701.62
701.62
1041.61
1041.61
1073.96
1073.96
951.00
951.00
684.07
684.07
489.47
489.47
1198.79
1198.79
1076.91
1076.91
949.94
949.94
603.38
603.38
769.91
769.91
946.73
946.73
710.18
710.18
932.33
932.33
997.05
997.05
426.18
426.18
679.44
679.44
1088.30
1088.30
1287.77
1287.77
860.39
860.39
1169.85
1169.85
739.94
739.94
1044.87
1044.87
1066.17
1066.17
1060.75
1060.75
952.14
952.14
1165.14
1165.14
1062.65
1062.65
804.95
804.95
555.32
555.32
636.19
636.19
858.30
858.30
764.20
764.20
945.57
945.57
1141.60
1141.60
993.51
993.51
725.82
725.82
1276.70
1276.70
1159.73
1159.73
922.07
922.07
1047.31
1047.31
693.14
693.14
1135.50
1135.50
1005.89
1005.89
881.95
881.95
1150.17
1150.17
931.12
931.12
967.71
967.71
1005.97
1005.97
1086.03
1086.03
804.10
804.10
415.09
415.09
946.03
946.03
946.03
1304.74
1304.74
1304.74
1304.74
1340.05
1340.05
1340.05
1340.05
1340.05
1340.05
716.90
716.90
716.90
164.25
989.47
726.62
726.62
357.37
357.37
1289.52
1289.52
876.42
876.42
605.25
605.25
1113.41
1113.41
1045.74
1045.74
859.14
859.14
1066.18
1066.18
988.15
988.15
599.36
599.36
860.19
860.19
852.73
852.73
742.60
742.60
998.93
998.93
1148.45
1148.45
973.04
973.04
940.37
940.37
920.41
920.41
738.09
738.09
1059.62
1059.62
964.48
964.48
1051.47
1051.47
982.07
982.07
1138.70
1138.70
1063.07
1063.07
1046.80
1046.80
918.92
918.92
1025.80
1025.80
836.63
836.63
840.27
840.27
784.60
784.60
988.05
988.05
699.02
699.02
1073.51
1073.51
987.90
987.90
1051.82
1051.82
1140.83
1140.83
1073.10
1073.10
987.30
987.30
1209.43
1209.43
1165.61
1165.61
975.12
975.12
1381.21
1381.21
950.51
950.51
1114.77
1114.77
1161.62
1161.62
801.93
801.93
1139.94
1139.94
968.60
968.60
841.49
841.49
779.45
779.45
714.67
714.67
947.95
947.95
687.94
687.94
1085.31
1085.31
438.73
438.73
739.24
739.24
925.79
925.79
970.32
970.32
930.60
930.60
854.57
854.57
780.80
780.80
1090.92
1090.92
1074.27
1074.27
1146.54
1146.54
634.60
634.60
966.68
966.68
790.80
790.80
879.98
879.98
1073.64
1073.64
1372.06
1372.06
567.48
567.48
625.43
625.43
875.94
875.94
1134.34
1134.34
753.19
753.19
994.75
994.75
1042.10
1042.10
1040.54
1040.54
755.66
755.66
640.02
640.02
1063.06
1063.06
860.94
860.94
1089.08
1089.08
741.71
741.71
869.44
869.44
1019.98
1019.98
816.30
816.30
1347.13
1347.13
968.02
968.02
921.73
921.73
921.73
1083.43
1240.66
1240.66
1160.21
1160.21
773.87
773.87
1391.28
1391.28
1036.77
1036.77
873.59
873.59
994.30
994.30
1505.48
1505.48
994.74
994.74
1233.23
1233.23
458.03
458.03
402.12
402.12
343.85
343.85
714.19
714.19
598.28
598.28
1145.60
1145.60
757.33
757.33
710.83
710.83
731.37
731.37
1169.96
1169.96
1064.14
1064.14
1091.04
1091.04
1063.69
1063.69
876.49
876.49
876.49
876.49
899.93
899.93
991.92
991.92
1079.79
1079.79
964.10
964.10
896.68
896.68
899.15
899.15
783.51
783.51
1150.20
1150.20
931.12
931.12
1099.44
1099.44
739.45
739.45
521.53
521.53
945.63
945.63
1295.78
1295.78
1170.96
1170.96
974.18
974.18
974.18
974.18
1096.92
1096.92
983.48
983.48
900.47
900.47
1093.80
1093.80
997.68
997.68
793.10
793.10
1046.14
1046.14
1117.00
1117.00
962.79
962.79
986.50
986.50
627.52
627.52
777.40
777.40
727.29
727.29
727.29
344.16
344.16
1219.42
1219.42
1043.51
1043.51
963.89
963.89
1039.53
1039.53
1020.17
1020.17
1132.95
1132.95
1066.42
1066.42
1060.20
1060.20
756.51
756.51
793.59
793.59
1166.54
1166.54
875.44
875.44
1071.60
1071.60
768.44
11.77
11.77
11.77
984.28
984.28
848.42
848.42
730.79
730.79
1169.45
1169.45
1200.44
1200.44
615.37
615.37
781.67
781.67
760.53
760.53
958.66
958.66
1213.17
1213.17
854.13
854.13
1140.17
1140.17
1139.01
1139.01
1062.75
1062.75
944.58
944.58
685.06
685.06
1035.59
1035.59
966.86
966.86
925.78
925.78
824.76
824.76
797.20
797.20
947.70
947.70
791.33
791.33
963.90
963.90
718.45
718.45
699.84
699.84
835.01
835.01
846.99
846.99
975.36
975.36
988.81
988.81
1249.88
1249.88
1033.21
1033.21
938.20
938.20
579.29
579.29
632.83
632.83
965.52
965.52
346.51
346.51
800.36
800.36
876.94
876.94
795.00
795.00
1072.15
1072.15
841.93
841.93
750.66
750.66
722.13
722.13
924.76
924.76
939.66
939.66
975.74
975.74
1134.89
1134.89
729.48
729.48
993.90
993.90
733.07
733.07
800.23
800.23
1064.75
1064.75
538.56
538.56
925.94
925.94
780.64
780.64
992.02
992.02
998.90
998.90
24.49
24.49
1152.26
1152.26
806.91
806.91
874.05
874.05
990.21
990.21
1089.71
1089.71
1131.23
1131.23
995.95
995.95
1293.29
1293.29
779.74
779.74
532.57
532.57
962.48
962.48
871.41
871.41
965.35
965.35
605.00
605.00
807.06
807.06
837.89
837.89
927.86
927.86
1069.83
1069.83
898.13
898.13
738.40
738.40
1123.64
1123.64
917.56
917.56
947.22
947.22
998.58
998.58
1141.70
1141.70
973.14
973.14
661.99
661.99
927.71
927.71
1120.43
1120.43
1350.12
1350.12
1114.36
1114.36
1243.23
1243.23
899.06
899.06
13.80
13.80
1045.48
1045.48
1009.20
1009.20
1248.33
1248.33
858.28
858.28
959.93
959.93
661.89
661.89
1173.05
1173.05
1142.35
1142.35
839.33
839.33
988.34
988.34
855.12
855.12
1002.26
1002.26
977.19
977.19
758.72
758.72
939.94
939.94
966.29
966.29
956.57
956.57
920.86
920.86
942.60
942.60
1008.31
1008.31
1087.41
1087.41
1086.80
1086.80
612.82
612.82
961.50
961.50
639.24
639.24
1046.89
1046.89
1141.70
1141.70
1069.28
1069.28
1006.80
1006.80
585.07
585.07
899.99
899.99
841.74
841.74
460.48
460.48
740.73
740.73
420.83
420.83
873.49
873.49
157.07
157.07
319.55
319.55
733.66
733.66
898.72
898.72
664.11
664.11
1075.30
1075.30
1592.38
1592.38
1326.27
1326.27
1049.39
1049.39
835.72
835.72
759.97
759.97
841.64
841.64
33.36
33.36
929.16
929.16
1092.36
1092.36
355.37
355.37
899.12
899.12
719.09
719.09
1164.32
1164.32
1139.13
1139.13
1040.06
1040.06
998.48
998.48
941.25
941.25
844.42
844.42
1026.23
1026.23
881.81
881.81
922.68
922.68
966.80
966.80
1245.29
1245.29
946.90
946.90
984.75
984.75
1176.38
1176.38
784.43
784.43
849.87
849.87
822.84
822.84
1003.03
1003.03
602.11
602.11
1145.16
1145.16
1042.46
1042.46
1085.32
1085.32
942.12
942.12
860.16
860.16
898.51
898.51
1043.95
1043.95
963.93
963.93
917.45
917.45
676.92
676.92
927.59
927.59
972.62
972.62
1046.98
1046.98
1083.18
1083.18
676.42
676.42
823.31
823.31
948.99
948.99
895.70
895.70
837.03
837.03
1055.60
1055.60
965.12
965.12
901.82
901.82
830.46
830.46
213.46
213.46
906.85
906.85
1195.96
1195.96
786.32
786.32
1233.49
1233.49
874.60
874.60
1250.59
1250.59
1256.87
1256.87
1002.23
1002.23
967.66
967.66
838.28
838.28
875.79
875.79
839.23
839.23
876.24
876.24
1052.51
1052.51
1282.78
1282.78
855.80
855.80
1092.66
1092.66
897.38
897.38
1121.98
1121.98
947.70
947.70
857.00
857.00
1136.62
1136.62
926.13
926.13
957.62
957.62
1166.79
1166.79
1086.25
1086.25
615.05
615.05
851.95
851.95
716.39
716.39
964.15
964.15
1097.76
1097.76
760.47
760.47
919.72
919.72
291.33
291.33
825.69
825.69
1179.75
1179.75
951.04
951.04
978.57
978.57
566.46
566.46
1265.55
1265.55
1414.51
1414.51
1145.10
1145.10
942.89
942.89
1170.29
1170.29
1186.36
1186.36
1138.25
1138.25
1072.88
1072.88
1065.23
1065.23
875.60
875.60
1269.15
1269.15
319.94
319.94
913.94
913.94
849.71
849.71
145.47
145.47
982.99
982.99
1037.69
1037.69
1058.99
1058.99
1285.24
1285.24
875.63
875.63
983.60
983.60
1119.84
1119.84
921.55
921.55
1062.90
1062.90
1168.08
1168.08
963.42
963.42
924.46
924.46
1142.51
1142.51
67.43
67.43
980.90
980.90
1061.70
1061.70
901.78
901.78
1114.04
1114.04
756.06
756.06
920.70
920.70
1112.60
1112.60
966.66
966.66
731.48
731.48
620.52
620.52
1003.11
1003.11
1063.38
1063.38
1108.77
1108.77
902.43
902.43
1171.33
1171.33
1135.36
1135.36
919.70
919.70
1200.71
1200.71
1190.89
1190.89
1056.69
1056.69
1081.85
1081.85
1317.69
1317.69
1058.12
1058.12
292.13
292.13
768.79
768.79
619.19
619.19
1071.20
1071.20
1082.26
1082.26
792.96
792.96
1445.48
1445.48
1287.32
1287.32
1269.31
1269.31
1336.63
1336.63
1044.65
1044.65
1364.48
1364.48
930.67
930.67
610.45
610.45
588.38
588.38
919.17
919.17
832.19
832.19
1082.99
1082.99
662.36
662.36
994.42
994.42
821.49
821.49
870.77
870.77
774.07
774.07
1088.70
1088.70
897.25
897.25
1178.21
1178.21
442.02
442.02
445.87
445.87
1068.10
1068.10
1046.12
1046.12
1048.18
1048.18
992.46
992.46
1033.88
1033.88
738.04
738.04
512.16
512.16
291.12
291.12
1067.25
1067.25
926.01
926.01
765.59
765.59
1042.72
1042.72
532.33
532.33
1083.12
1083.12
797.71
797.71
1023.18
1023.18
1013.46
1013.46
854.20
854.20
1155.85
1155.85
1135.59
1135.59
876.96
876.96
962.26
962.26
834.26
834.26
992.24
992.24
860.82
860.82
999.57
999.57
1163.11
1163.11
681.13
681.13
1086.84
1086.84
975.20
975.20
766.19
766.19
11.14
11.14
925.42
925.42
1191.41
1191.41
843.89
843.89
899.64
899.64
1019.50
1019.50
939.04
939.04
1262.72
1262.72
842.45
842.45
1216.02
1216.02
908.46
908.46
1116.68
1116.68
1161.80
1161.80
1284.29
1284.29
874.37
874.37
739.23
739.23
949.09
949.09
1033.09
1033.09
781.42
781.42
1144.35
1144.35
915.75
915.75
960.45
960.45
1374.65
1374.65
789.02
789.02
861.85
861.85
873.38
873.38
1279.34
1279.34
964.11
964.11
844.67
844.67
981.11
981.11
1167.43
1167.43
11.31
11.31
1022.56
1022.56
1207.94
1207.94
1374.39
1374.39
923.82
923.82
1040.65
1040.65
983.84
983.84
1039.24
1039.24
454.28
454.28
665.81
665.81
1018.93
1018.93
852.23
852.23
1241.23
1241.23
1068.16
1068.16
663.63
663.63
1162.74
1162.74
916.44
916.44
705.65
705.65
859.74
859.74
1144.01
1144.01
947.79
947.79
986.93
986.93
972.62
972.62
1141.64
1141.64
1139.57
1139.57
816.48
816.48
915.23
915.23
706.84
706.84
1208.71
1208.71
927.90
927.90
1065.52
1065.52
1090.25
1090.25
922.13
922.13
1364.94
1364.94
936.57
936.57
546.39
546.39
1251.69
1251.69
792.69
792.69
743.76
743.76
176.45
176.45
715.14
715.14
811.11
811.11
1064.41
1064.41
1355.47
1355.47
1282.24
1282.24
706.64
706.64
1168.23
1168.23
993.23
993.23
989.51
989.51
1130.66
1130.66
552.64
552.64
1264.94
1264.94
857.06
857.06
1316.47
1316.47
605.67
605.67
986.42
986.42
1162.38
1162.38
1162.38
1162.38
721.10
721.10
857.08
857.08
825.06
825.06
990.06
990.06
1389.49
1389.49
999.19
999.19
757.97
757.97
556.26
556.26
948.55
948.55
982.73
982.73
977.38
977.38
1111.59
1111.59
945.07
945.07
800.93
800.93
966.74
966.74
1045.90
1045.90
840.00
840.00
857.36
857.36
841.30
841.30
847.24
847.24
852.47
852.47
543.82
543.82
658.07
658.07
667.52
667.52
667.52
893.87
893.87
1132.54
1132.54
1204.99
1204.99
1230.81
1230.81
563.93
563.93
824.42
824.42
905.31
905.31
853.20
853.20
737.69
737.69
1006.63
1006.63
1236.07
1236.07
1489.96
1489.96
994.27
994.27
839.12
839.12
744.75
744.75
739.71
739.71
807.92
807.92
1163.48
1163.48
1180.04
1180.04
1032.55
1032.55
846.44
846.44
1491.28
1491.28
1127.46
1127.46
965.86
965.86
906.30
906.30
962.40
962.40
1203.97
1203.97
1069.53
1069.53
601.57
601.57
731.38
731.38
794.27
794.27
1251.05
1251.05
405.34
405.34
1241.67
1241.67
1072.72
1072.72
914.49
914.49
771.11
771.11
1328.02
1328.02
945.00
945.00
1442.28
1442.28
1382.54
1382.54
1530.09
1530.09
1370.11
1370.11
801.46
801.46
963.66
963.66
263.84
263.84
1249.80
1249.80
1200.51
1200.51
1113.36
1113.36
840.77
840.77
1301.04
1301.04
1301.04
199.01
199.01
1328.34
1315.13
1315.13
754.36
754.36
1434.34
1434.34
1447.23
1447.23
962.85
962.85
650.86
650.86
915.57
915.57
903.70
903.70
848.92
848.92
802.92
802.92
858.02
858.02
1151.79
1151.79
965.93
965.93
839.57
839.57
241.51
241.51
699.99
699.99
916.82
916.82
689.56
689.56
1136.17
1136.17
784.64
784.64
744.48
744.48
614.43
614.43
794.95
794.95
983.32
983.32
889.19
889.19
674.18
674.18
778.11
778.11
832.14
832.14
280.69
280.69
723.93
723.93
664.25
664.25
863.81
863.81
583.07
583.07
977.47
977.47
1147.59
1147.59
742.27
742.27
1205.07
1205.07
986.55
986.55
610.66
610.66
694.93
694.93
932.71
932.71
1013.20
1013.20
876.60
876.60
854.99
854.99
682.02
682.02
996.48
996.48
742.78
742.78
922.74
922.74
836.26
836.26
492.61
492.61
782.50
782.50
156.33
156.33
974.65
974.65
866.98
866.98
959.97
959.97
907.99
907.99
872.34
872.34
812.53
812.53
971.23
971.23
1163.66
1163.66
1091.26
1091.26
782.54
782.54
825.62
825.62
487.64
487.64
1307.95
1307.95
28.33
28.33
818.07
818.07
679.89
679.89
608.55
608.55
1094.11
1094.11
1225.74
1225.74
126.23
126.23
1430.77
1430.77
1066.88
1066.88
1034.37
1034.37
599.27
599.27
813.06
813.06
513.48
513.48
215.20
215.20
871.74
871.74
777.62
777.62
829.93
829.93
840.10
840.10
1043.81
1043.81
1042.34
1042.34
931.58
931.58
1097.05
1097.05
675.67
675.67
851.64
851.64
1285.67
1285.67
1222.46
1222.46
342.39
342.39
524.02
524.02
1066.13
1066.13
1070.17
1070.17
1187.70
1187.70
1243.19
1243.19
887.68
887.68
981.08
981.08
846.25
846.25
1020.42
1020.42
1151.83
1151.83
910.77
910.77
783.13
783.13
849.74
849.74
1321.06
1321.06
990.39
990.39
1166.03
1166.03
825.91
825.91
419.66
419.66
802.51
802.51
1157.26
1157.26
1066.11
1066.11
1227.87
1227.87
1064.93
1064.93
1064.92
1064.92
920.82
920.82
987.17
987.17
982.88
982.88
1080.46
1080.46
695.95
695.95
1268.92
1268.92
932.37
932.37
647.21
647.21
915.09
915.09
1001.28
1001.28
1061.03
1061.03
1061.03
308.49
308.49
308.49
400.33
503.58
503.58
254.90
254.90
254.90
145.38
145.38
145.38
145.38
275.74
275.74
1405.67
1186.10
926.56
898.19
643.28
643.28
1397.27
1397.27
805.24
805.24
857.76
857.76
1454.01
1454.01
772.73
772.73
1277.37
1277.37
929.83
929.83
653.96
653.96
876.68
876.68
1169.72
1169.72
1470.83
1470.83
1101.34
1101.34
946.16
946.16
782.88
782.88
900.69
900.69
959.26
959.26
747.92
747.92
1044.52
1044.52
809.52
809.52
830.13
830.13
613.57
613.57
1200.66
1200.66
1112.12
1112.12
966.40
966.40
1317.28
1317.28
1348.37
1348.37
1036.95
1036.95
596.51
596.51
981.91
981.91
256.56
256.56
1274.95
1274.95
1153.84
1153.84
526.03
526.03
881.43
881.43
752.92
752.92
953.73
953.73
1023.87
1023.87
1297.75
1297.75
907.61
907.61
1315.98
1315.98
860.25
860.25
740.10
740.10
620.87
620.87
1050.96
1050.96
573.23
573.23
217.79
217.79
409.85
409.85
431.21
431.21
431.21
1076.02
1076.02
766.03
979.09
979.09
521.44
521.44
999.41
999.41
490.84
490.84
909.54
909.54
835.25
835.25
835.25
835.25
657.22
657.22
1466.76
1466.76
974.78
974.78
1020.10
1020.10
1140.75
1140.75
911.51
911.51
1169.19
1169.19
1112.88
1112.88
1102.78
1102.78
1028.56
1028.56
712.79
712.79
900.54
900.54
917.60
917.60
714.27
714.27
1326.68
1326.68
796.78
796.78
984.12
984.12
408.62
408.62
970.44
970.44
985.82
985.82
949.78
949.78
842.16
842.16
775.17
775.17
1289.01
1289.01
1190.33
1190.33
844.48
844.48
741.02
741.02
631.21
631.21
696.58
696.58
909.37
909.37
514.11
514.11
1189.94
1189.94
974.91
974.91
1068.53
1068.53
900.26
900.26
788.64
788.64
721.04
721.04
555.77
555.77
1021.69
1021.69
1351.97
1351.97
1148.08
1148.08
739.77
739.77
1063.44
1063.44
1398.60
1398.60
1351.60
1351.60
950.06
950.06
674.98
674.98
824.98
824.98
1230.36
1230.36
1380.91
1380.91
182.34
182.34
1342.81
1342.81
925.25
925.25
527.34
527.34
757.44
757.44
912.27
912.27
1025.49
1025.49
874.41
874.41
831.61
831.61
573.40
573.40
939.78
939.78
719.89
719.89
1182.01
1182.01
1419.78
1419.78
1420.39
1420.39
1008.90
1008.90
984.33
984.33
693.09
693.09
1338.45
1338.45
1024.15
1024.15
776.07
776.07
910.78
910.78
926.06
926.06
923.58
923.58
1396.80
1396.80
1404.41
1404.41
657.55
657.55
652.81
652.81
698.09
698.09
809.13
809.13
1043.22
1043.22
633.63
633.63
807.43
807.43
735.18
735.18
321.58
321.58
290.88
290.88
1329.66
1329.66
830.15
830.15
1437.10
1437.10
783.21
783.21
689.63
689.63
447.26
447.26
658.20
658.20
723.48
723.48
1065.63
1065.63
860.28
860.28
1276.73
1276.73
990.43
990.43
1119.63
1119.63
918.26
918.26
975.42
975.42
511.36
511.36
1114.59
1114.59
1581.25
1581.25
1401.04
1401.04
947.58
947.58
1276.98
1276.98
1052.61
1052.61
965.14
965.14
1597.13
1597.13
1168.40
1168.40
809.76
809.76
796.96
796.96
1132.53
1132.53
928.83
928.83
1065.26
1065.26
1032.17
1032.17
1366.00
1366.00
1160.03
1160.03
441.98
441.98
849.04
849.04
1271.83
1271.83
1076.97
1076.97
879.65
879.65
921.22
921.22
640.02
640.02
1131.43
1131.43
1039.27
1039.27
969.79
969.79
841.96
841.96
585.48
585.48
556.14
556.14
1078.35
1078.35
908.15
908.15
844.87
844.87
1207.34
1207.34
1169.54
1169.54
1270.12
1270.12
997.03
997.03
1064.21
1064.21
1162.85
1162.85
1181.88
1181.88
947.79
947.79
993.72
993.72
1215.19
1215.19
648.49
648.49
813.70
813.70
1107.65
1107.65
988.31
988.31
930.83
930.83
1059.90
1059.90
934.06
934.06
908.07
908.07
871.48
871.48
885.28
885.28
833.47
833.47
1218.61
1218.61
993.51
993.51
799.09
799.09
459.41
459.41
242.50
242.50
242.50
551.53
467.53
467.53
358.01
358.01
328.71
328.71
392.71
392.71
583.13
583.13
988.51
988.51
1057.52
1057.52
1165.06
1165.06
987.87
987.87
952.23
952.23
481.11
481.11
1163.64
1163.64
853.96
853.96
756.26
756.26
578.02
578.02
649.00
649.00
1075.13
1075.13
357.97
357.97
1278.89
1278.89
896.46
896.46
952.91
952.91
698.61
698.61
861.82
861.82
1517.19
1517.19
787.72
787.72
787.72
787.72
1020.21
1020.21
885.63
885.63
852.79
852.79
1091.82
1091.82
890.15
890.15
701.07
701.07
1121.58
1121.58
1039.47
1039.47
1065.02
1065.02
979.10
979.10
815.83
815.83
995.92
995.92
876.75
876.75
787.17
787.17
842.48
842.48
845.70
845.70
783.72
783.72
1113.78
1113.78
853.56
853.56
1120.15
1120.15
877.30
877.30
1017.42
1017.42
872.56
872.56
1540.97
1540.97
1607.93
1607.93
244.87
244.87
503.33
503.33
709.87
709.87
722.29
722.29
1089.61
1089.61
988.08
988.08
876.03
876.03
680.17
680.17
1391.15
1391.15
826.83
826.83
1209.88
1209.88
834.42
834.42
1173.16
1173.16
1155.00
1155.00
894.93
894.93
689.99
689.99
523.09
523.09
715.24
715.24
891.34
891.34
1077.77
1077.77
975.05
975.05
693.42
693.42
959.52
959.52
621.66
621.66
791.74
791.74
1242.01
1242.01
895.32
895.32
1126.86
1126.86
1074.26
1074.26
1063.65
1063.65
1281.30
1281.30
1093.55
1093.55
883.29
883.29
539.36
539.36
871.36
871.36
1165.55
1165.55
819.91
819.91
819.91
1099.17
1099.17
1045.57
1045.57
503.71
503.71
843.88
843.88
836.55
836.55
703.68
703.68
732.10
732.10
897.37
897.37
953.62
953.62
942.20
942.20
11.06
11.06
624.99
624.99
827.56
827.56
851.56
851.56
1197.88
1197.88
951.03
951.03
19.13
19.13
952.41
952.41
912.58
912.58
1036.14
1036.14
493.32
493.32
589.04
589.04
291.89
291.89
746.10
746.10
1093.22
1093.22
633.73
633.73
539.28
539.28
911.28
911.28
495.91
495.91
836.29
836.29
529.96
529.96
1171.93
1171.93
1171.93
1171.93
1041.21
1041.21
622.96
622.96
934.24
934.24
1120.12
1120.12
1237.14
1237.14
946.86
946.86
1407.24
1407.24
1123.90
1123.90
837.67
837.67
981.14
981.14
975.49
975.49
731.21
731.21
884.76
884.76
1233.42
1233.42
1082.02
1082.02
1192.54
1192.54
935.10
935.10
1218.08
1218.08
1301.39
1301.39
817.75
817.75
1299.19
1299.19
18.86
18.86
1353.45
1353.45
638.47
638.47
991.79
991.79
545.60
545.60
816.61
816.61
625.08
625.08
947.94
947.94
803.55
803.55
15.92
15.92
822.58
822.58
795.44
795.44
661.21
661.21
848.38
848.38
1340.48
1340.48
961.28
961.28
1560.53
1560.53
939.37
939.37
896.89
896.89
697.53
697.53
911.44
911.44
773.09
773.09
788.29
788.29
876.96
876.96
1135.85
1135.85
424.43
424.43
1129.76
1129.76
30.84
30.84
1168.75
1168.75
1209.02
1209.02
743.45
743.45
1176.64
1176.64
969.89
969.89
678.59
678.59
916.76
916.76
1056.81
1056.81
930.62
930.62
678.60
678.60
678.60
678.60
750.85
750.85
1055.12
1055.12
730.07
730.07
783.70
783.70
602.43
602.43
850.97
850.97
1061.05
1061.05
872.05
872.05
598.71
598.71
797.30
797.30
883.45
883.45
883.45
883.45
898.49
962.05
890.75
890.75
521.34
521.34
873.17
873.17
456.10
456.10
696.29
696.29
840.29
840.29
625.43
625.43
918.62
918.62
637.97
637.97
1006.78
1006.78
1059.66
1059.66
379.85
379.85
533.34
533.34
986.20
986.20
846.38
846.38
892.85
892.85
1219.22
1219.22
666.21
666.21
878.95
878.95
1052.88
1052.88
1005.86
1005.86
1137.19
1137.19
885.52
885.52
851.61
851.61
1064.33
1064.33
1121.49
1121.49
706.76
706.76
756.78
756.78
1432.58
1432.58
1123.60
1123.60
1211.07
1211.07
799.86
799.86
1385.47
1385.47
1041.35
1041.35
1280.88
1280.88
771.25
771.25
784.32
784.32
796.39
796.39
1059.05
1059.05
913.71
913.71
1002.22
1002.22
713.67
713.67
641.87
641.87
1125.97
1125.97
809.55
809.55
874.14
874.14
1256.78
1256.78
945.70
945.70
693.09
693.09
918.30
918.30
1056.99
1056.99
265.56
265.56
977.83
977.83
927.72
927.72
885.43
885.43
665.10
665.10
1191.31
1191.31
1033.88
1033.88
767.56
767.56
863.20
863.20
853.12
853.12
1021.27
1021.27
1044.14
1044.14
868.13
868.13
1252.44
1252.44
1141.99
1141.99
774.98
774.98
1076.73
1076.73
899.21
899.21
949.41
949.41
944.98
944.98
802.25
802.25
987.64
987.64
748.16
748.16
535.45
535.45
810.78
810.78
834.13
834.13
997.75
997.75
1144.71
1144.71
1190.56
1190.56
777.55
777.55
960.82
960.82
664.93
664.93
865.85
865.85
741.45
741.45
778.65
778.65
828.98
828.98
1068.13
1068.13
1147.16
1147.16
998.38
998.38
1051.68
1051.68
685.10
685.10
779.17
779.17
1169.36
1169.36
1230.92
1230.92
1138.80
1138.80
727.17
727.17
1081.73
1081.73
954.50
954.50
957.03
957.03
834.78
834.78
893.70
893.70
1140.32
1140.32
1071.47
1071.47
903.26
903.26
651.45
651.45
1039.84
1039.84
663.51
663.51
969.50
969.50
1095.74
1095.74
1046.33
1046.33
922.91
922.91
1091.05
1091.05
1064.92
1064.92
814.46
814.46
874.89
874.89
741.07
741.07
1131.30
1131.30
1243.54
1243.54
885.02
885.02
970.59
970.59
1346.93
1346.93
536.43
536.43
586.69
586.69
1246.38
1246.38
986.76
986.76
350.99
350.99
937.07
937.07
891.40
891.40
805.83
805.83
1002.20
1002.20
1321.67
1321.67
921.92
921.92
658.60
658.60
526.16
526.16
464.89
464.89
1210.61
1210.61
1329.98
1329.98
859.98
859.98
875.31
875.31
1437.97
1437.97
882.55
882.55
1298.12
1298.12
1362.21
1362.21
878.41
878.41
829.11
829.11
104.57
104.57
755.76
755.76
898.30
898.30
1164.65
1164.65
581.34
581.34
816.17
816.17
721.45
721.45
1125.90
1125.90
974.71
974.71
454.63
454.63
738.53
738.53
1242.55
1242.55
361.15
361.15
905.75
905.75
1134.59
1134.59
450.49
450.49
450.49
450.49
1105.30
1105.30
632.50
632.50
632.50
1030.85
1030.85
1050.90
1050.90
1050.90
1162.77
1162.77
1162.77
1068.03
1068.03
993.09
1081.76
1081.76
794.34
794.34
679.05
679.05
1024.03
1024.03
1032.65
1032.65
833.27
833.27
636.45
636.45
890.94
890.94
1299.28
1299.28
713.10
713.10
779.60
779.60
789.22
789.22
1082.36
1082.36
1310.16
1310.16
1114.38
1114.38
724.06
724.06
820.03
820.03
566.64
566.64
782.23
782.23
443.17
443.17
1034.56
1034.56
1168.03
1168.03
608.76
608.76
877.96
877.96
525.71
525.71
510.72
510.72
264.69
264.69
802.11
802.11
769.10
769.10
1520.87
1520.87
517.52
517.52
1200.60
1200.60
843.57
843.57
959.40
959.40
871.48
871.48
985.68
985.68
709.56
709.56
1056.03
1056.03
798.64
798.64
764.58
764.58
973.72
973.72
870.49
870.49
767.77
767.77
1178.31
1178.31
984.44
984.44
1069.33
1069.33
677.38
677.38
873.21
873.21
832.26
832.26
1525.27
1525.27
1402.89
1402.89
763.77
763.77
724.37
724.37
911.40
911.40
981.95
981.95
761.49
761.49
966.04
966.04
930.93
930.93
910.50
910.50
1503.27
1503.27
940.61
940.61
925.69
925.69
854.73
854.73
825.94
825.94
1249.42
1249.42
687.29
687.29
880.33
880.33
888.37
888.37
789.50
789.50
834.89
834.89
1117.37
1117.37
619.59
619.59
857.17
857.17
1115.75
1115.75
1329.41
1329.41
1038.71
1038.71
815.37
815.37
785.40
785.40
1004.36
1004.36
1073.06
1073.06
1073.27
1073.27
909.54
909.54
804.10
804.10
804.10
1060.10
1060.10
1060.10
1060.10
451.13
451.13
451.13
451.13
451.13
837.34
937.57
1108.93
1108.93
1273.15
1273.15
1565.64
1565.64
899.21
899.21
1158.04
1158.04
1125.62
1125.62
809.59
809.59
1067.76
1067.76
780.70
780.70
745.83
745.83
995.64
995.64
951.30
951.30
825.84
825.84
603.42
603.42
718.93
718.93
904.30
904.30
662.98
662.98
1025.72
1025.72
799.37
799.37
1020.54
1020.54
965.24
965.24
883.29
883.29
314.96
314.96
675.04
675.04
953.00
953.00
652.09
652.09
770.85
770.85
1109.40
1109.40
921.41
921.41
309.35
309.35
843.73
843.73
843.73
171.27
421.19
421.19
480.54
480.54
719.93
719.93
970.79
970.79
831.90
831.90
663.49
663.49
1041.86
1041.86
985.29
985.29
803.31
803.31
1024.51
1024.51
823.54
823.54
624.84
624.84
942.51
942.51
993.25
993.25
183.18
183.18
1062.94
1062.94
691.11
691.11
967.44
967.44
860.35
860.35
642.69
642.69
944.04
944.04
727.51
727.51
1144.81
1144.81
760.18
760.18
683.10
683.10
1107.70
1107.70
455.41
455.41
766.29
766.29
754.72
754.72
832.57
832.57
1069.29
1069.29
1004.35
1004.35
966.79
966.79
978.84
978.84
1140.79
1140.79
786.73
786.73
777.62
777.62
838.52
838.52
798.54
798.54
844.18
844.18
967.86
967.86
899.84
899.84
899.25
899.25
1045.86
1045.86
641.61
641.61
878.66
878.66
804.14
804.14
898.15
898.15
835.93
835.93
835.93
642.72
1194.87
1194.87
1171.57
1171.57
713.09
713.09
1427.70
1427.70
905.27
905.27
1455.67
1455.67
906.00
906.00
253.73
253.73
494.26
494.26
1056.20
1056.20
1056.20
1263.15
291.23
291.23
975.14
975.14
742.31
742.31
951.83
951.83
1314.52
1314.52
851.75
851.75
1079.10
1079.10
815.66
815.66
783.96
783.96
844.49
844.49
831.18
831.18
1115.02
1115.02
772.38
772.38
895.50
895.50
822.31
822.31
541.73
541.73
926.21
926.21
747.05
747.05
1042.93
1042.93
752.53
752.53
767.36
767.36
1024.82
1024.82
1254.90
1254.90
697.31
697.31
936.91
936.91
1146.34
1146.34
865.97
865.97
999.13
999.13
1041.21
1041.21
1110.41
1110.41
1149.72
1149.72
627.36
627.36
627.36
313.33
313.33
1310.78
1215.73
1215.73
925.31
925.31
874.04
874.04
1160.55
1160.55
852.93
852.93
774.05
774.05
774.05
1221.64
1221.64
221.86
452.20
452.20
452.20
239.82
239.82
1127.34
1127.34
1153.69
1153.69
943.72
943.72
831.98
831.98
708.62
708.62
1285.53
1285.53
897.32
897.32
649.91
649.91
708.83
708.83
794.28
794.28
1116.35
1116.35
1362.06
1362.06
719.05
719.05
1001.66
1001.66
851.59
851.59
593.96
593.96
808.64
808.64
1140.27
1140.27
744.67
744.67
774.66
774.66
818.43
818.43
991.47
991.47
1233.81
1233.81
1001.31
1001.31
1045.71
1045.71
593.53
593.53
557.12
557.12
328.78
328.78
1001.29
1001.29
927.11
927.11
971.21
971.21
769.62
769.62
964.70
964.70
999.21
999.21
969.87
969.87
979.87
979.87
1008.76
1008.76
905.94
905.94
821.04
821.04
784.78
784.78
877.40
877.40
1135.80
1135.80
779.32
779.32
763.97
763.97
810.33
810.33
772.52
772.52
918.14
918.14
853.57
853.57
902.98
902.98
1157.69
1157.69
871.07
871.07
1073.70
1073.70
714.12
714.12
928.21
928.21
990.07
990.07
957.00
957.00
941.76
941.76
921.61
921.61
1090.09
1090.09
1096.08
1096.08
855.17
855.17
541.73
541.73
861.05
861.05
1290.87
1290.87
776.57
776.57
1244.57
1244.57
967.58
967.58
904.46
904.46
474.59
474.59
894.93
894.93
848.01
848.01
969.19
969.19
872.11
872.11
875.86
875.86
911.90
911.90
1018.31
1018.31
651.63
651.63
1257.41
1257.41
534.38
534.38
989.37
989.37
688.37
688.37
915.07
915.07
15.79
15.79
356.91
356.91
1005.69
1005.69
881.82
881.82
874.41
874.41
1154.30
1154.30
966.52
966.52
1069.73
1069.73
847.38
847.38
1084.98
1084.98
825.66
825.66
798.99
798.99
978.76
978.76
1040.14
1040.14
738.03
738.03
510.05
510.05
929.83
929.83
1050.87
1050.87
1110.25
1110.25
1145.81
1145.81
529.78
529.78
681.64
681.64
890.44
890.44
1267.29
1267.29
814.65
814.65
544.13
544.13
563.40
563.40
825.04
825.04
1126.68
1126.68
1029.08
1029.08
879.80
879.80
1167.76
1167.76
948.34
948.34
801.79
801.79
502.74
502.74
1071.67
1071.67
783.74
783.74
849.85
849.85
750.72
750.72
917.69
917.69
638.74
638.74
713.28
713.28
929.38
929.38
878.49
878.49
765.65
765.65
614.67
614.67
724.79
724.79
884.10
884.10
561.98
561.98
879.98
879.98
1061.54
1061.54
470.09
470.09
412.32
412.32
705.20
705.20
706.71
706.71
444.76
444.76
683.11
683.11
630.70
630.70
510.23
510.23
654.53
654.53
1123.13
1123.13
749.70
749.70
685.51
685.51
614.84
614.84
833.12
833.12
298.71
298.71
320.98
320.98
865.81
865.81
400.43
400.43
626.91
626.91
847.01
847.01
728.21
728.21
521.92
521.92
984.29
984.29
981.21
981.21
898.09
898.09
560.20
560.20
450.32
450.32
860.45
860.45
679.66
679.66
283.95
283.95
618.60
618.60
503.27
503.27
676.93
676.93
975.41
975.41
692.50
692.50
883.83
883.83
13.43
13.43
614.92
614.92
458.58
458.58
835.63
835.63
707.66
707.66
749.28
749.28
35.28
35.28
308.61
308.61
137.57
137.57
669.31
669.31
778.61
778.61
738.74
738.74
773.29
773.29
891.47
891.47
882.85
882.85
636.35
636.35
1017.00
1017.00
739.67
739.67
748.79
748.79
755.73
755.73
645.94
645.94
769.19
769.19
982.62
982.62
1197.59
1197.59
921.57
921.57
781.00
781.00
633.08
633.08
749.03
749.03
732.40
732.40
582.04
582.04
973.09
973.09
629.32
629.32
727.31
727.31
1143.78
1143.78
911.99
911.99
963.59
963.59
748.73
748.73
1065.64
1065.64
216.45
216.45
801.52
801.52
1059.65
1059.65
957.28
957.28
776.21
776.21
1014.07
1014.07
992.66
992.66
1018.96
1018.96
1163.85
1163.85
1136.19
1136.19
896.42
896.42
969.75
969.75
1043.24
1043.24
857.54
857.54
876.62
876.62
989.87
989.87
895.92
895.92
685.71
685.71
581.62
581.62
1139.15
1139.15
836.60
836.60
895.03
895.03
883.59
883.59
877.73
877.73
832.56
832.56
906.22
906.22
941.02
941.02
771.13
771.13
701.51
701.51
814.80
814.80
1138.21
1138.21
912.56
912.56
1017.14
1017.14
920.58
920.58
719.74
719.74
668.32
668.32
624.97
624.97
700.97
700.97
1174.85
1174.85
1249.95
1249.95
999.02
999.02
810.21
810.21
1062.48
1062.48
1036.54
1036.54
942.34
942.34
184.74
184.74
751.88
751.88
765.23
765.23
593.58
593.58
729.49
729.49
909.89
909.89
405.29
405.29
454.87
454.87
1038.01
1038.01
893.46
893.46
1085.34
1085.34
1164.93
1164.93
1043.34
1043.34
1285.88
1285.88
967.95
967.95
1303.02
1303.02
631.31
631.31
369.67
369.67
903.28
903.28
945.20
945.20
521.51
521.51
1148.93
1148.93
976.54
976.54
1112.34
1112.34
1139.53
1139.53
990.09
990.09
877.04
877.04
873.09
873.09
1074.46
1074.46
1150.72
1150.72
981.34
981.34
727.60
727.60
836.32
836.32
1439.66
1439.66
1116.31
1116.31
1162.06
1162.06
1142.35
1142.35
967.96
967.96
544.12
544.12
1174.06
1174.06
492.31
492.31
961.05
961.05
1030.77
1030.77
569.76
569.76
948.64
948.64
963.12
963.12
1114.91
1114.91
1113.19
1113.19
1122.90
1122.90
1159.84
1159.84
1121.68
1121.68
1037.71
1037.71
958.48
958.48
1139.86
1139.86
967.30
967.30
1040.76
1040.76
1069.13
1069.13
897.31
897.31
987.73
987.73
1158.73
1158.73
1108.60
1108.60
555.63
555.63
648.91
648.91
838.62
838.62
730.61
730.61
834.25
834.25
900.75
900.75
1057.41
1057.41
715.33
715.33
1024.49
1024.49
1001.42
1001.42
1193.00
1193.00
137.56
137.56
866.87
866.87
534.38
534.38
1039.97
1039.97
501.50
501.50
704.77
704.77
698.72
698.72
1243.74
1243.74
637.83
637.83
1171.51
1171.51
1063.79
1063.79
734.14
734.14
852.65
852.65
959.84
959.84
1009.19
1009.19
532.18
532.18
919.51
919.51
569.51
569.51
1032.26
1032.26
786.97
786.97
1184.90
1184.90
1272.63
1272.63
1398.19
1398.19
961.60
961.60
729.71
729.71
569.53
569.53
1025.62
1025.62
962.23
962.23
838.62
838.62
1156.83
1156.83
1174.73
1174.73
688.13
688.13
921.23
921.23
1048.24
1048.24
1131.71
1131.71
851.89
851.89
1146.50
1146.50
798.23
798.23
539.43
539.43
350.80
350.80
384.57
384.57
960.88
960.88
1104.59
1104.59
1056.12
1056.12
1139.35
1139.35
1068.24
1068.24
1245.54
1245.54
920.58
920.58
834.75
834.75
993.84
993.84
1183.01
1183.01
1049.83
1049.83
952.16
952.16
1139.98
1139.98
1036.40
1036.40
860.51
860.51
899.42
899.42
1144.91
1144.91
933.99
933.99
932.41
932.41
1060.69
1060.69
800.67
800.67
544.19
544.19
597.87
597.87
1075.33
1075.33
771.75
771.75
938.34
938.34
920.51
920.51
722.39
722.39
808.70
808.70
1077.80
1077.80
998.60
998.60
923.27
923.27
760.85
760.85
943.25
943.25
921.77
921.77
1141.23
1141.23
1141.20
1141.20
983.60
983.60
1248.46
1248.46
964.94
964.94
789.45
789.45
914.72
914.72
1066.65
1066.65
997.09
997.09
1185.81
1185.81
529.97
529.97
799.29
799.29
993.13
993.13
967.07
967.07
781.15
781.15
718.60
718.60
962.41
962.41
964.76
964.76
799.25
799.25
843.25
843.25
948.73
948.73
997.40
997.40
770.39
770.39
864.58
864.58
925.87
925.87
1032.85
1032.85
687.79
687.79
660.33
660.33
863.89
863.89
1021.27
1021.27
944.68
944.68
837.49
837.49
1052.29
1052.29
854.48
854.48
629.65
629.65
907.95
907.95
763.24
763.24
1242.82
1242.82
986.47
986.47
1283.24
1283.24
988.31
988.31
990.30
990.30
1142.60
1142.60
1064.14
1064.14
1096.10
1096.10
617.59
617.59
828.11
828.11
824.40
824.40
466.88
466.88
740.56
740.56
1142.58
1142.58
1256.55
1256.55
697.36
697.36
437.49
437.49
969.83
969.83
584.59
584.59
1182.59
1182.59
965.45
965.45
476.17
476.17
878.28
878.28
988.37
988.37
1140.62
1140.62
765.04
765.04
918.72
918.72
1055.81
1055.81
989.65
989.65
1139.69
1139.69
1036.58
1036.58
1269.69
1269.69
916.99
916.99
1246.77
1246.77
1296.83
1296.83
1166.90
1166.90
970.58
970.58
837.03
837.03
1070.68
1070.68
857.56
857.56
1195.96
1195.96
643.38
643.38
793.61
793.61
1037.44
1037.44
879.72
879.72
858.01
858.01
889.83
889.83
943.37
943.37
814.34
814.34
972.11
972.11
1261.38
1261.38
1087.00
1087.00
760.15
760.15
856.03
856.03
969.41
969.41
965.85
965.85
873.24
873.24
787.24
787.24
673.72
673.72
974.45
974.45
974.45
813.42
813.42
1227.97
852.72
852.72
852.72
1068.05
797.27
797.27
797.27
899.68
899.68
1251.23
1251.23
1047.08
1047.08
898.92
898.92
947.39
947.39
793.18
793.18
966.43
966.43
1039.44
1039.44
1046.35
1046.35
1150.81
1150.81
968.75
968.75
958.97
958.97
1036.63
1036.63
858.47
858.47
1142.39
1142.39
852.79
852.79
1069.03
1069.03
899.67
899.67
939.38
939.38
233.42
233.42
996.32
996.32
1230.05
1230.05
1001.30
1001.30
170.68
170.68
396.94
396.94
916.95
916.95
1187.41
1187.41
879.90
879.90
815.27
815.27
1018.96
1018.96
895.61
895.61
708.04
708.04
854.31
854.31
1034.60
1034.60
1020.40
1020.40
857.30
857.30
948.76
948.76
665.43
665.43
949.13
949.13
673.47
673.47
925.42
925.42
920.89
920.89
1159.90
1159.90
931.36
931.36
1249.85
1249.85
1089.65
1089.65
851.89
851.89
860.37
860.37
370.74
370.74
1016.32
1016.32
901.60
901.60
738.88
738.88
943.07
943.07
794.92
794.92
1048.52
1048.52
948.18
948.18
1059.89
1059.89
615.63
615.63
705.45
705.45
1276.45
1276.45
966.54
966.54
1126.81
1126.81
1244.13
1244.13
847.67
847.67
877.69
877.69
1093.61
1093.61
959.75
959.75
1153.26
1153.26
1070.01
1070.01
696.94
696.94
1084.32
1084.32
1128.87
1128.87
1044.61
1044.61
795.85
795.85
957.08
957.08
898.96
898.96
643.16
643.16
1052.49
1052.49
21.80
21.80
1136.41
1136.41
1320.30
1320.30
181.25
181.25
1049.17
1049.17
702.01
702.01
958.28
958.28
1041.54
1041.54
799.57
799.57
989.92
989.92
1137.40
1137.40
712.49
712.49
1289.31
1289.31
1000.71
1000.71
1073.15
1073.15
1077.81
1077.81
1011.47
1011.47
837.74
837.74
857.77
857.77
971.77
971.77
805.25
805.25
1170.72
1170.72
944.64
944.64
747.31
747.31
970.25
970.25
581.80
581.80
973.95
973.95
1090.65
1090.65
1081.33
1081.33
314.05
314.05
746.78
746.78
860.66
860.66
956.31
956.31
526.46
526.46
759.16
759.16
432.20
432.20
654.68
654.68
686.93
686.93
1018.65
1018.65
953.57
953.57
1436.69
1436.69
774.60
774.60
1143.76
1143.76
1062.66
1062.66
1051.20
1051.20
1051.20
1051.20
736.83
736.83
359.44
359.44
839.78
839.78
882.09
882.09
442.07
442.07
966.53
966.53
935.33
935.33
933.21
933.21
1137.24
1137.24
843.57
843.57
767.13
767.13
843.21
843.21
721.54
721.54
1186.41
1186.41
730.82
730.82
841.53
841.53
1092.45
1092.45
1068.48
1068.48
360.77
360.77
359.99
359.99
1002.54
1002.54
1283.98
1283.98
1254.70
1254.70
1184.05
1184.05
973.02
973.02
520.73
520.73
1097.32
1097.32
1367.01
1367.01
1546.76
1546.76
659.21
659.21
1168.68
1168.68
886.52
886.52
1177.20
1177.20
1004.62
1004.62
964.07
964.07
1072.45
1072.45
1141.15
1141.15
782.67
782.67
817.13
817.13
878.27
878.27
791.37
791.37
806.68
806.68
873.31
873.31
1056.84
1056.84
1045.55
1045.55
674.65
674.65
946.62
946.62
1280.42
1280.42
792.24
792.24
865.09
865.09
657.30
657.30
866.04
866.04
1057.94
1057.94
562.81
562.81
718.71
718.71
554.03
554.03
880.55
880.55
920.37
920.37
1379.48
1379.48
754.58
754.58
943.11
943.11
955.57
955.57
1234.69
1234.69
874.82
874.82
1231.91
1231.91
839.20
839.20
1225.72
1225.72
1109.54
1109.54
1144.20
1144.20
1209.55
1209.55
1409.33
1409.33
1378.69
1378.69
1606.96
1606.96
835.83
835.83
1088.36
1088.36
830.60
830.60
1010.48
1010.48
916.86
916.86
760.46
760.46
898.49
898.49
1099.74
1099.74
1160.57
1160.57
1142.39
1142.39
1142.39
1142.39
897.06
897.06
965.88
965.88
1356.82
1356.82
1167.49
1167.49
748.34
748.34
1001.74
1001.74
649.36
649.36
601.85
601.85
1027.10
1027.10
797.14
797.14
353.53
353.53
715.24
715.24
986.61
986.61
1039.99
1039.99
918.72
918.72
1072.28
1072.28
1197.70
1197.70
811.11
811.11
877.04
877.04
724.68
724.68
1167.58
1167.58
896.04
896.04
1131.90
1131.90
822.43
822.43
1331.05
1331.05
853.14
853.14
357.62
357.62
1079.97
1079.97
215.48
215.48
212.30
212.30
730.84
730.84
955.13
955.13
772.74
772.74
851.96
851.96
1061.12
1061.12
970.86
970.86
1031.71
1031.71
614.21
614.21
804.14
804.14
832.98
832.98
707.56
707.56
870.62
870.62
877.82
877.82
610.93
610.93
801.15
801.15
872.08
872.08
715.64
715.64
738.74
738.74
1020.40
1020.40
665.30
665.30
955.96
955.96
988.98
988.98
917.46
917.46
837.80
837.80
807.51
807.51
600.36
600.36
913.47
913.47
925.73
925.73
767.00
767.00
813.34
813.34
653.50
653.50
720.08
720.08
353.33
353.33
672.02
672.02
691.54
691.54
916.45
916.45
1144.41
1144.41
927.06
927.06
908.89
908.89
582.34
582.34
901.55
901.55
601.69
601.69
1090.52
1090.52
736.18
736.18
800.72
800.72
1027.38
1027.38
782.88
782.88
371.28
371.28
855.62
855.62
1048.39
1048.39
1060.64
1060.64
524.43
524.43
1074.77
1074.77
855.14
855.14
1154.23
1154.23
811.34
811.34
1154.23
1154.23
983.71
983.71
943.15
943.15
732.59
732.59
1059.89
1059.89
810.21
810.21
453.93
453.93
996.04
996.04
562.94
562.94
614.00
614.00
738.31
738.31
644.32
644.32
685.76
685.76
604.21
604.21
1153.35
1153.35
661.29
661.29
524.02
524.02
704.72
704.72
605.05
605.05
369.89
369.89
675.88
675.88
280.49
280.49
981.17
981.17
1271.64
1271.64
809.63
809.63
954.71
954.71
610.66
610.66
262.55
262.55
750.23
750.23
637.50
637.50
815.51
815.51
672.76
672.76
936.33
936.33
676.90
676.90
775.79
775.79
974.99
974.99
582.95
582.95
289.12
289.12
763.25
763.25
739.05
739.05
929.26
929.26
599.66
599.66
467.21
467.21
393.98
393.98
958.27
958.27
1082.83
1082.83
1034.41
1034.41
847.61
847.61
870.76
870.76
1055.65
1055.65
1031.57
1031.57
1225.28
1225.28
988.98
988.98
414.82
414.82
1159.71
1159.71
410.64
410.64
739.24
739.24
336.45
336.45
811.99
811.99
508.13
508.13
711.62
711.62
776.02
776.02
922.09
922.09
877.30
877.30
726.39
726.39
527.35
527.35
1018.60
1018.60
807.67
807.67
1135.87
1135.87
1135.87
709.02
807.42
807.42
894.82
894.82
833.70
833.70
745.70
745.70
1211.44
1211.44
380.74
380.74
1069.64
1069.64
689.73
689.73
1103.47
1103.47
857.08
857.08
805.91
805.91
805.91
805.91
786.96
786.96
786.96
456.01
613.33
613.33
252.25
252.25
769.84
769.84
661.35
661.35
514.76
514.76
385.08
385.08
485.88
485.88
692.92
692.92
686.39
686.39
683.30
683.30
844.53
844.53
680.43
680.43
692.30
692.30
385.33
385.33
848.68
848.68
112.36
112.36
725.62
725.62
824.15
824.15
682.86
682.86
841.49
841.49
1140.21
1140.21
566.07
566.07
1056.96
1056.96
683.65
683.65
779.92
779.92
381.31
381.31
929.17
929.17
1143.08
1143.08
641.70
641.70
957.85
957.85
707.96
707.96
656.44
656.44
638.30
638.30
837.06
837.06
769.20
769.20
705.61
705.61
892.09
892.09
484.21
484.21
963.12
963.12
473.79
473.79
285.41
285.41
867.37
867.37
714.67
714.67
645.21
645.21
868.22
868.22
262.09
262.09
285.42
285.42
40.58
40.58
644.38
644.38
627.39
627.39
902.41
902.41
572.14
572.14
836.08
836.08
901.40
901.40
707.36
707.36
944.82
944.82
415.63
415.63
739.20
739.20
902.52
902.52
710.96
710.96
727.88
727.88
641.35
641.35
1015.33
1015.33
783.49
783.49
798.21
798.21
874.09
874.09
698.54
698.54
969.10
969.10
984.29
984.29
724.26
724.26
724.26
934.39
795.29
795.29
40.31
40.31
308.48
308.48
548.17
548.17
746.64
746.64
736.31
736.31
1038.13
1038.13
1005.17
1005.17
923.05
923.05
664.46
664.46
693.54
693.54
783.68
783.68
459.08
459.08
648.09
648.09
584.06
584.06
415.20
415.20
662.65
662.65
499.06
499.06
945.58
945.58
612.02
612.02
551.20
551.20
388.56
388.56
724.74
724.74
457.87
457.87
558.28
558.28
1011.33
1011.33
856.65
856.65
682.84
682.84
429.92
429.92
429.92
385.48
905.74
905.74
998.15
998.15
830.64
830.64
913.52
913.52
723.82
723.82
848.37
848.37
639.55
639.55
996.65
996.65
832.90
832.90
855.70
855.70
581.10
581.10
562.53
562.53
357.52
357.52
788.98
788.98
742.06
742.06
568.86
568.86
568.86
638.31
906.26
906.26
914.60
914.60
914.60
800.32
973.38
973.38
973.38
1305.79
1305.79
562.29
562.29
1049.92
1049.92
503.62
503.62
765.65
765.65
668.38
668.38
906.27
906.27
717.95
717.95
613.34
613.34
630.75
630.75
766.88
766.88
780.42
780.42
817.46
817.46
919.53
919.53
687.35
687.35
834.09
834.09
600.03
600.03
321.97
321.97
315.82
315.82
611.51
611.51
838.23
838.23
641.01
641.01
1165.01
1165.01
756.12
756.12
672.85
672.85
825.12
825.12
1052.41
1052.41
565.17
565.17
850.37
850.37
737.67
737.67
604.31
604.31
439.50
439.50
705.54
705.54
750.36
750.36
1043.13
1043.13
490.93
490.93
852.84
852.84
764.59
764.59
502.10
502.10
642.26
642.26
538.05
538.05
367.36
367.36
585.49
585.49
949.80
949.80
631.15
631.15
863.92
863.92
519.35
519.35
368.89
368.89
687.29
687.29
628.64
628.64
737.28
737.28
920.54
920.54
431.60
431.60
18.15
18.15
691.54
691.54
876.36
876.36
938.14
938.14
691.02
691.02
682.63
682.63
638.25
638.25
738.41
738.41
799.32
799.32
1125.11
1125.11
1144.97
1144.97
1114.81
1114.81
755.78
755.78
642.79
642.79
940.94
940.94
810.44
810.44
815.20
815.20
863.41
863.41
935.56
935.56
920.50
920.50
920.51
920.51
1005.82
1005.82
947.09
947.09
899.87
899.87
828.29
828.29
744.37
744.37
965.28
965.28
762.95
762.95
1040.85
1040.85
877.38
877.38
855.27
855.27
580.75
580.75
968.15
968.15
786.36
786.36
698.95
698.95
647.98
647.98
696.97
696.97
877.38
877.38
728.34
728.34
771.86
771.86
1148.27
1148.27
902.67
902.67
627.47
627.47
1112.14
1112.14
852.63
852.63
857.14
857.14
803.19
803.19
1001.94
1001.94
1018.64
1018.64
640.26
640.26
708.50
708.50
814.09
814.09
380.49
380.49
695.81
695.81
689.61
689.61
704.67
704.67
1080.84
1080.84
951.43
951.43
1228.24
1228.24
322.82
322.82
968.49
968.49
10.00
10.00
661.63
661.63
725.47
725.47
832.87
832.87
891.80
891.80
836.90
836.90
696.93
696.93
866.21
866.21
681.55
681.55
945.28
945.28
794.79
794.79
485.59
485.59
1133.38
1133.38
855.04
855.04
1036.01
1036.01
1019.33
1019.33
600.12
600.12
492.75
492.75
913.46
913.46
714.37
714.37
743.31
743.31
852.82
852.82
698.16
698.16
681.93
681.93
671.25
671.25
812.94
812.94
846.60
846.60
835.32
835.32
736.01
736.01
616.63
616.63
538.99
538.99
942.25
942.25
801.50
801.50
945.99
945.99
876.07
876.07
846.21
846.21
778.46
778.46
739.05
739.05
422.23
422.23
503.71
503.71
758.90
758.90
987.84
987.84
493.26
493.26
606.27
606.27
716.29
716.29
938.46
938.46
834.75
834.75
969.96
969.96
969.96
863.34
863.34
698.41
693.49
693.49
694.06
694.06
899.93
899.93
901.30
901.30
1058.37
1058.37
860.51
860.51
944.37
944.37
985.61
985.61
1050.30
1050.30
1157.58
1157.58
776.27
776.27
553.32
553.32
679.48
679.48
843.25
843.25
1097.55
1097.55
695.17
695.17
1141.41
1141.41
891.99
891.99
602.61
602.61
817.36
817.36
838.52
838.52
967.74
967.74
998.57
998.57
1177.20
1177.20
1042.53
1042.53
741.73
741.73
833.59
833.59
939.73
939.73
756.46
756.46
940.89
940.89
1131.21
1131.21
897.92
897.92
979.25
979.25
483.77
483.77
784.46
784.46
703.57
703.57
666.29
666.29
857.03
857.03
995.48
995.48
629.48
629.48
582.75
582.75
1082.00
1082.00
598.87
598.87
1275.47
1275.47
1419.70
1419.70
903.41
903.41
970.61
970.61
816.50
816.50
781.65
781.65
994.38
994.38
1078.05
1078.05
1040.94
1040.94
1173.60
1173.60
827.63
827.63
981.90
981.90
582.35
582.35
948.74
948.74
766.81
766.81
1268.80
1268.80
935.77
935.77
954.75
954.75
982.92
982.92
1143.66
1143.66
1094.07
1094.07
990.00
990.00
930.03
930.03
995.11
995.11
878.73
878.73
781.19
781.19
1044.66
1044.66
1069.86
1069.86
1070.47
1070.47
514.35
514.35
428.10
428.10
874.73
874.73
549.03
549.03
962.28
962.28
673.64
673.64
214.68
214.68
658.59
658.59
797.87
797.87
915.12
915.12
1107.07
1107.07
922.97
922.97
1046.77
1046.77
1122.06
1122.06
1275.19
1275.19
798.89
798.89
701.35
701.35
1143.97
1143.97
10.94
10.94
840.97
840.97
843.67
843.67
583.62
583.62
978.05
978.05
978.05
978.05
1162.50
1162.50
912.67
912.67
961.16
961.16
1022.48
1022.48
1068.30
1068.30
568.35
568.35
994.38
994.38
1033.65
1033.65
1059.83
1059.83
877.80
877.80
977.37
977.37
1167.28
1167.28
992.74
992.74
838.00
838.00
1136.80
1136.80
939.50
939.50
947.58
947.58
1067.07
1067.07
558.87
558.87
803.38
803.38
875.00
875.00
807.52
807.52
923.97
923.97
871.18
871.18
1095.37
1095.37
941.63
941.63
1032.59
1032.59
800.89
800.89
940.39
940.39
1059.64
1059.64
1119.69
1119.69
820.15
820.15
917.84
917.84
875.54
875.54
877.01
877.01
830.75
830.75
711.27
711.27
675.68
675.68
1161.66
1161.66
291.43
291.43
249.93
249.93
923.81
923.81
790.22
790.22
844.11
844.11
584.09
584.09
780.71
780.71
990.70
990.70
872.09
872.09
901.08
901.08
783.98
783.98
1062.43
1062.43
929.87
929.87
691.96
691.96
938.00
938.00
472.71
472.71
345.77
345.77
751.37
751.37
707.41
707.41
757.01
757.01
1033.86
1033.86
921.76
921.76
994.55
994.55
778.46
778.46
779.05
779.05
980.01
980.01
890.43
890.43
758.11
758.11
1060.63
1060.63
993.03
993.03
370.34
370.34
696.90
696.90
599.41
599.41
1178.32
1178.32
784.58
784.58
712.09
712.09
973.46
973.46
741.44
741.44
957.69
957.69
1029.90
1029.90
665.58
665.58
857.15
857.15
1137.71
1137.71
914.77
914.77
966.04
966.04
1046.61
1046.61
787.43
787.43
994.68
994.68
717.67
717.67
1016.09
1016.09
921.47
921.47
95.20
95.20
1049.12
1049.12
1041.23
1041.23
760.39
760.39
943.49
943.49
1137.86
1137.86
828.45
828.45
1019.13
1019.13
1224.13
1224.13
833.94
833.94
825.49
825.49
794.61
794.61
768.89
768.89
1069.70
1069.70
1140.93
1140.93
1037.93
1037.93
985.17
985.17
854.45
854.45
792.99
792.99
583.91
583.91
951.49
951.49
875.33
875.33
694.16
694.16
990.59
990.59
519.85
519.85
1083.24
1083.24
1133.31
1133.31
724.50
724.50
834.94
834.94
792.29
792.29
828.12
828.12
580.44
580.44
895.67
895.67
697.78
697.78
1073.97
1073.97
903.26
903.26
579.00
579.00
1044.92
1044.92
900.24
900.24
1051.89
1051.89
601.03
601.03
1261.94
1261.94
638.63
638.63
638.63
253.44
498.79
498.79
990.24
990.24
1030.26
1030.26
805.67
805.67
731.90
731.90
635.91
635.91
1148.37
1148.37
792.50
792.50
915.96
915.96
749.01
749.01
910.35
910.35
590.90
590.90
918.80
918.80
963.85
963.85
672.24
672.24
786.00
786.00
794.15
794.15
820.22
820.22
608.09
608.09
716.66
716.66
627.16
627.16
818.34
818.34
827.36
827.36
1289.21
1289.21
843.11
843.11
843.11
997.74
1006.40
1006.40
846.32
846.32
671.52
671.52
877.90
877.90
995.23
995.23
968.60
968.60
917.16
917.16
1270.88
1270.88
1047.58
1047.58
900.14
900.14
994.88
994.88
749.08
749.08
1239.14
1239.14
801.78
801.78
1042.58
1042.58
1059.86
1059.86
657.02
657.02
822.99
822.99
511.47
511.47
708.06
708.06
1135.63
1135.63
850.93
850.93
1347.85
1347.85
549.84
549.84
919.39
919.39
907.36
907.36
1018.96
1018.96
1062.31
1062.31
1064.37
1064.37
990.37
990.37
761.72
761.72
806.11
806.11
1072.10
1072.10
928.51
928.51
393.23
393.23
147.66
147.66
1382.16
1382.16
985.22
985.22
1067.18
1067.18
592.48
592.48
919.89
919.89
1113.65
1113.65
788.66
788.66
1129.16
1129.16
921.00
921.00
965.15
965.15
559.81
559.81
1024.05
1024.05
900.96
900.96
898.11
898.11
802.35
802.35
1136.87
1136.87
624.82
624.82
1016.73
1016.73
706.10
706.10
787.81
787.81
725.34
725.34
621.21
621.21
961.52
961.52
824.69
824.69
1070.85
1070.85
787.22
787.22
773.38
773.38
956.43
956.43
562.08
562.08
875.31
875.31
382.80
382.80
1054.62
1054.62
806.41
806.41
915.82
915.82
749.83
749.83
231.29
231.29
1027.33
1027.33
865.79
865.79
526.63
526.63
923.88
923.88
938.81
938.81
938.81
1070.75
1070.75
863.06
863.06
679.60
679.60
734.12
734.12
801.07
801.07
793.41
793.41
1033.11
1033.11
960.42
960.42
687.34
687.34
527.65
527.65
663.92
663.92
801.29
801.29
886.60
886.60
565.92
565.92
972.65
972.65
752.38
752.38
989.18
989.18
1060.14
1060.14
623.63
623.63
1012.87
1012.87
628.43
628.43
613.79
613.79
989.63
989.63
1063.08
1063.08
982.79
982.79
842.74
842.74
660.40
660.40
733.47
733.47
713.25
713.25
1050.85
1050.85
995.29
995.29
632.19
632.19
753.04
753.04
519.37
519.37
974.36
974.36
539.00
539.00
884.31
884.31
425.31
425.31
683.24
683.24
867.07
867.07
544.23
544.23
895.88
895.88
686.46
686.46
812.06
812.06
883.74
883.74
844.75
844.75
783.46
783.46
748.68
748.68
906.83
906.83
1003.77
1003.77
689.89
689.89
787.89
787.89
810.71
810.71
976.89
976.89
961.65
961.65
1321.95
1321.95
1050.53
1050.53
964.54
964.54
977.55
977.55
646.93
646.93
644.62
644.62
1129.91
1129.91
791.61
791.61
628.47
628.47
719.06
719.06
569.87
569.87
876.44
876.44
962.71
962.71
1033.72
1033.72
766.87
766.87
760.43
760.43
711.27
711.27
973.10
973.10
919.20
919.20
776.74
776.74
828.19
828.19
1085.31
1085.31
742.58
742.58
991.02
991.02
608.10
608.10
827.61
827.61
388.05
388.05
590.02
590.02
332.49
332.49
380.80
380.80
1300.23
1300.23
853.29
853.29
667.20
667.20
558.86
558.86
426.28
426.28
743.46
743.46
863.66
863.66
714.71
714.71
497.13
497.13
873.73
873.73
1051.80
1051.80
1266.85
1266.85
431.01
431.01
1447.87
1447.87
524.50
524.50
834.07
834.07
967.41
967.41
840.36
840.36
798.29
798.29
992.38
992.38
750.26
750.26
830.88
830.88
1325.88
1325.88
1018.82
1018.82
898.51
898.51
838.22
838.22
586.18
586.18
550.93
550.93
813.14
813.14
844.65
844.65
1139.22
1139.22
874.92
874.92
637.17
637.17
559.05
559.05
748.38
748.38
1067.54
1067.54
1023.38
1023.38
997.72
997.72
688.04
688.04
1165.77
1165.77
987.95
987.95
951.33
951.33
535.68
535.68
1430.13
1430.13
953.13
953.13
982.36
982.36
668.20
668.20
914.37
914.37
888.47
888.47
999.55
999.55
642.26
642.26
756.11
756.11
1122.92
1122.92
807.87
807.87
1423.10
1423.10
1306.72
1306.72
868.13
868.13
905.74
905.74
855.88
855.88
836.39
836.39
720.40
720.40
622.61
622.61
1104.81
1104.81
821.29
821.29
898.95
898.95
1272.20
1272.20
784.27
784.27
1062.91
1062.91
738.22
738.22
740.87
740.87
818.14
818.14
1144.32
1144.32
838.84
838.84
979.83
979.83
675.93
675.93
645.11
645.11
850.62
850.62
659.98
659.98
1131.27
1131.27
1047.31
1047.31
334.19
334.19
517.34
517.34
726.05
726.05
921.42
921.42
850.71
850.71
829.42
829.42
842.16
842.16
955.39
955.39
793.75
793.75
15.48
15.48
1390.41
1390.41
515.52
515.52
292.34
292.34
47.16
47.16
869.47
869.47
541.15
541.15
708.05
708.05
584.19
584.19
1141.99
1141.99
876.58
876.58
862.24
862.24
948.89
948.89
815.37
815.37
749.31
749.31
1042.57
1042.57
678.08
678.08
710.19
710.19
1133.87
1133.87
1173.24
1173.24
1110.96
1110.96
424.95
424.95
818.25
818.25
797.77
797.77
1059.88
1059.88
785.46
785.46
903.03
903.03
888.17
888.17
757.30
757.30
599.46
599.46
1312.13
1312.13
1009.55
1009.55
1135.92
1135.92
1037.02
1037.02
730.62
730.62
19.27
19.27
897.14
897.14
1051.15
1051.15
1042.99
1042.99
917.43
917.43
870.28
870.28
68.55
68.55
821.80
821.80
693.93
693.93
877.95
877.95
802.69
802.69
611.11
611.11
493.72
493.72
913.00
913.00
667.94
667.94
1011.95
1011.95
694.32
694.32
1131.64
1131.64
796.85
796.85
830.51
830.51
877.75
877.75
747.81
747.81
846.28
846.28
577.75
577.75
146.23
146.23
825.84
825.84
1279.11
1279.11
990.58
990.58
537.95
537.95
1044.99
1044.99
838.35
838.35
1033.08
1033.08
998.40
998.40
1150.81
1150.81
968.50
968.50
988.29
988.29
994.10
994.10
973.92
973.92
1196.65
1196.65
765.82
765.82
967.57
967.57
880.64
880.64
984.07
984.07
917.92
917.92
760.67
760.67
1050.29
1050.29
834.22
834.22
1060.41
1060.41
854.80
854.80
1104.21
1104.21
48.93
48.93
1350.31
1350.31
527.92
527.92
1011.39
1011.39
1052.01
1052.01
1350.88
1350.88
1030.78
1030.78
1391.93
1391.93
877.40
877.40
1299.25
1299.25
10.00
10.00
574.44
574.44
307.59
307.59
300.41
300.41
1024.17
1024.17
865.67
865.67
751.65
751.65
976.45
976.45
1200.84
1200.84
983.99
983.99
985.09
985.09
858.86
858.86
782.40
782.40
900.01
900.01
714.54
714.54
586.87
586.87
1093.05
1093.05
671.52
671.52
1236.55
1236.55
770.43
770.43
878.05
878.05
514.03
514.03
831.66
831.66
1046.11
1046.11
916.63
916.63
797.12
797.12
1349.21
1349.21
1026.39
1026.39
1034.67
1034.67
1064.67
1064.67
1165.82
1165.82
977.42
977.42
794.43
794.43
15.50
15.50
1129.60
1129.60
1291.72
1291.72
1048.39
1048.39
968.14
968.14
916.17
916.17
1090.72
1090.72
976.57
976.57
1163.37
1163.37
1040.80
1040.80
771.60
771.60
874.85
874.85
1140.01
1140.01
983.38
983.38
913.54
913.54
1259.07
1259.07
940.59
940.59
1168.17
1168.17
917.41
917.41
1140.40
1140.40
898.13
898.13
841.36
841.36
1063.08
1063.08
1006.60
1006.60
1270.36
1270.36
775.01
775.01
1069.99
1069.99
523.43
523.43
885.40
885.40
1359.58
1359.58
1173.01
1173.01
1280.96
1280.96
716.62
716.62
1039.47
1039.47
1421.19
1421.19
1051.70
1051.70
983.94
983.94
900.07
900.07
603.18
603.18
720.47
720.47
1038.32
1038.32
988.08
988.08
923.21
923.21
1070.31
1070.31
1009.72
1009.72
829.52
829.52
1064.24
1064.24
1143.92
1143.92
630.68
630.68
1198.22
1198.22
732.35
732.35
1137.19
1137.19
1032.70
1032.70
1138.31
1138.31
12.41
12.41
988.25
988.25
1041.80
1041.80
1161.20
1161.20
796.03
796.03
975.19
975.19
1317.86
1317.86
576.45
576.45
599.45
599.45
1168.13
1168.13
1072.26
1072.26
1111.73
1111.73
1069.81
1069.81
1117.29
1117.29
1227.33
1227.33
1106.54
1106.54
1105.12
1105.12
813.71
813.71
893.93
893.93
1071.74
1071.74
915.27
915.27
1222.99
1222.99
1000.02
1000.02
919.47
919.47
815.77
815.77
965.36
965.36
873.94
873.94
916.08
916.08
768.04
768.04
1106.85
1106.85
1114.79
1114.79
1161.84
1161.84
670.73
670.73
876.56
876.56
752.98
752.98
644.57
644.57
819.92
819.92
819.92
845.46
845.46
1394.91
69.96
69.96
457.89
457.89
919.47
919.47
1154.25
1154.25
1239.44
1239.44
1008.35
1008.35
158.65
158.65
917.16
917.16
1101.57
1101.57
1157.60
1157.60
834.34
834.34
559.05
559.05
1014.72
1014.72
1009.02
1009.02
855.60
855.60
670.80
670.80
833.99
833.99
1250.43
1250.43
1162.12
1162.12
1013.47
1013.47
964.54
964.54
966.35
966.35
928.67
928.67
1300.09
1300.09
989.49
989.49
1016.61
1016.61
800.84
800.84
1373.97
1373.97
1038.84
1038.84
899.16
899.16
1165.35
1165.35
817.88
817.88
930.61
930.61
690.02
690.02
756.58
756.58
1072.68
1072.68
837.13
837.13
1121.74
1121.74
1146.96
1146.96
1272.29
1272.29
1265.25
1265.25
1164.13
1164.13
779.26
779.26
803.75
803.75
999.15
999.15
1026.29
1026.29
965.34
965.34
1052.78
1052.78
807.84
807.84
1403.53
1403.53
1089.63
1089.63
1508.16
1508.16
904.71
904.71
883.70
883.70
851.36
851.36
852.27
852.27
247.09
247.09
1397.68
1397.68
1253.61
1253.61
1378.84
1378.84
1048.66
1048.66
1180.12
1180.12
628.22
628.22
628.22
377.90
1031.65
1031.65
1246.52
1246.52
1224.80
1224.80
1057.32
1057.32
935.83
935.83
829.50
829.50
1363.12
1363.12
1400.96
1400.96
1249.63
1249.63
465.99
465.99
843.99
843.99
1019.19
1019.19
908.08
908.08
1160.42
1160.42
877.13
877.13
1431.95
1431.95
995.28
995.28
768.21
768.21
1102.43
1102.43
1037.84
1037.84
1067.09
1067.09
1076.89
1076.89
851.82
851.82
1086.78
1086.78
933.18
933.18
1429.33
1429.33
1129.85
1129.85
610.10
610.10
1029.25
1029.25
830.71
830.71
969.14
969.14
1037.36
1037.36
1112.72
1112.72
881.81
881.81
808.37
808.37
13.17
13.17
854.56
854.56
545.45
545.45
766.28
766.28
892.81
892.81
952.97
952.97
858.95
858.95
858.95
1137.24
1137.24
1198.48
1198.48
1139.15
1139.15
933.92
933.92
1053.98
1053.98
1123.36
1123.36
1200.12
1200.12
780.13
780.13
134.22
134.22
931.51
931.51
1049.23
1049.23
1115.66
1115.66
1295.39
1295.39
994.79
994.79
615.34
615.34
849.05
849.05
31.18
31.18
894.19
894.19
894.19
894.19
1082.24
1082.24
560.71
560.71
720.95
720.95
925.81
925.81
999.89
999.89
998.00
998.00
941.26
941.26
807.96
807.96
637.66
637.66
1015.61
1015.61
1242.70
1242.70
851.90
851.90
53.43
53.43
860.39
860.39
581.81
581.81
725.42
725.42
724.26
724.26
1098.74
1098.74
957.22
957.22
777.23
777.23
777.23
1275.99
933.03
933.03
1463.62
1463.62
973.33
973.33
1391.62
1391.62
1038.59
1038.59
748.25
748.25
664.03
664.03
857.49
857.49
1198.30
1198.30
1061.01
1061.01
711.04
711.04
191.15
191.15
901.75
901.75
1159.55
1159.55
1415.29
1415.29
1352.09
1352.09
1197.46
1197.46
947.44
947.44
1167.25
1167.25
944.75
944.75
1214.95
1214.95
1000.80
1000.80
1292.17
1292.17
1144.83
1144.83
824.09
824.09
1060.03
1060.03
1073.99
1073.99
1258.90
1258.90
905.95
905.95
1140.93
1140.93
972.76
972.76
985.85
985.85
1269.62
1269.62
837.19
837.19
673.18
673.18
920.94
920.94
1023.53
1023.53
30.33
30.33
893.29
893.29
855.31
855.31
894.61
894.61
1118.29
1118.29
1111.09
1111.09
1481.61
1481.61
13.59
13.59
1374.73
1374.73
1027.52
1027.52
1080.10
1080.10
896.66
896.66
741.13
741.13
1030.22
1030.22
635.04
635.04
531.41
531.41
919.28
919.28
981.72
981.72
1161.35
1161.35
1315.92
1315.92
821.55
821.55
821.55
821.55
1168.68
1168.68
1173.80
1173.80
1150.49
1150.49
1113.86
1113.86
1228.96
1228.96
1239.51
1239.51
990.38
990.38
1001.99
1001.99
1056.28
1056.28
1279.10
1279.10
766.06
766.06
945.36
945.36
967.93
967.93
967.93
967.93
1070.11
1070.11
1168.30
1168.30
965.28
965.28
854.12
854.12
741.50
741.50
966.92
966.92
966.92
966.92
1088.70
1088.70
1133.46
1133.46
764.32
764.32
1006.46
1006.46
728.93
728.93
745.79
745.79
868.59
868.59
306.43
306.43
884.28
884.28
1080.68
1080.68
884.75
884.75
680.36
680.36
1020.61
1020.61
855.26
855.26
813.50
813.50
954.92
954.92
1314.30
1314.30
809.87
809.87
567.07
567.07
1365.22
1365.22
1119.88
1119.88
976.54
976.54
628.00
628.00
553.36
553.36
414.35
414.35
239.40
239.40
195.74
195.74
997.62
997.62
878.35
878.35
1132.44
1132.44
875.26
875.26
913.83
913.83
693.19
693.19
1122.52
1122.52
1167.94
1167.94
710.69
710.69
672.62
672.62
1294.59
1294.59
897.79
897.79
744.74
744.74
926.73
926.73
878.34
878.34
829.46
829.46
964.56
964.56
921.86
921.86
925.59
925.59
957.89
957.89
1054.95
1054.95
791.66
791.66
828.59
828.59
1128.62
1128.62
876.61
876.61
950.59
950.59
837.28
837.28
806.38
806.38
1241.64
1241.64
955.45
955.45
1082.30
1082.30
940.14
940.14
1158.48
1158.48
1111.57
1111.57
922.57
922.57
1240.37
1240.37
1091.76
1091.76
1165.48
1165.48
1350.63
1350.63
895.80
895.80
881.40
881.40
858.34
858.34
783.73
783.73
1024.32
1024.32
602.34
602.34
1283.06
1283.06
1076.01
1076.01
690.88
690.88
989.57
989.57
417.56
417.56
1020.65
1020.65
799.98
799.98
1145.39
1145.39
1098.51
1098.51
702.32
702.32
1069.98
1069.98
1141.39
1141.39
1047.10
1047.10
704.73
704.73
863.29
863.29
830.47
830.47
873.70
873.70
1209.03
1209.03
600.65
600.65
741.63
741.63
1070.01
1070.01
558.28
558.28
1057.71
1057.71
753.51
753.51
788.32
788.32
965.82
965.82
981.13
981.13
1042.41
1042.41
964.48
964.48
979.67
979.67
767.19
767.19
1098.13
1098.13
982.31
982.31
879.23
879.23
776.81
776.81
705.35
705.35
1256.58
1256.58
1461.08
1461.08
1270.24
1270.24
988.37
988.37
1069.05
1069.05
1018.59
1018.59
672.18
672.18
863.07
863.07
1118.94
1118.94
537.05
537.05
551.73
551.73
299.93
299.93
1168.11
1168.11
967.27
967.27
1028.69
1028.69
1319.84
1319.84
1169.02
1169.02
1039.43
1039.43
1011.25
1011.25
1232.77
1232.77
1139.26
1139.26
1142.29
1142.29
955.21
955.21
1014.69
1014.69
1148.28
1148.28
942.27
942.27
1141.29
1141.29
925.77
925.77
902.19
902.19
970.39
970.39
1027.74
1027.74
986.43
986.43
983.06
983.06
957.32
957.32
1137.44
1137.44
749.37
749.37
992.64
992.64
1179.88
1179.88
1238.53
1238.53
859.13
859.13
991.54
991.54
1093.67
1093.67
901.60
901.60
983.52
983.52
545.18
545.18
1160.13
1160.13
1114.04
1114.04
1171.19
1171.19
963.84
963.84
766.21
766.21
982.00
982.00
962.76
962.76
875.94
875.94
1163.26
1163.26
985.71
985.71
777.31
777.31
1052.51
1052.51
1041.78
1041.78
945.47
945.47
853.89
853.89
819.90
819.90
1051.76
1051.76
985.62
985.62
1003.88
1003.88
1185.98
1185.98
975.79
975.79
921.97
921.97
1088.62
1088.62
991.77
991.77
924.92
924.92
959.31
959.31
1067.16
1067.16
1006.19
1006.19
986.33
986.33
1032.19
1032.19
76.89
76.89
858.07
858.07
838.16
838.16
967.21
967.21
1112.30
1112.30
1172.58
1172.58
1185.09
1185.09
1352.57
1352.57
787.91
787.91
902.41
902.41
982.38
982.38
980.15
980.15
1028.71
1028.71
1068.96
1068.96
1069.22
1069.22
782.71
782.71
1061.67
1061.67
671.63
671.63
1254.19
1254.19
1167.55
1167.55
1092.69
1092.69
976.78
976.78
972.31
972.31
1048.83
1048.83
880.09
880.09
814.15
814.15
940.66
940.66
883.54
883.54
1114.85
1114.85
675.30
675.30
378.19
378.19
395.36
395.36
898.68
898.68
1135.86
1135.86
1220.71
1220.71
918.24
918.24
1161.22
1161.22
1235.53
1235.53
816.84
816.84
976.39
976.39
900.93
900.93
951.88
951.88
942.09
942.09
1030.14
1030.14
905.23
905.23
1175.66
1175.66
1353.00
1353.00
1067.07
1067.07
994.97
994.97
802.72
802.72
1167.34
1167.34
1067.06
1067.06
1030.05
1030.05
763.83
763.83
1294.14
1294.14
908.78
908.78
919.31
919.31
1044.38
1044.38
1036.19
1036.19
1166.03
1166.03
816.64
816.64
988.75
988.75
936.67
936.67
1061.91
1061.91
1140.73
1140.73
1101.51
1101.51
1231.13
1231.13
847.02
847.02
860.54
860.54
1248.62
1248.62
835.25
835.25
896.34
896.34
1162.35
1162.35
902.57
902.57
897.83
897.83
1012.74
1012.74
1133.76
1133.76
987.26
987.26
749.84
749.84
872.87
872.87
752.51
752.51
995.06
995.06
987.05
987.05
1045.97
1045.97
1090.98
1090.98
1354.39
1354.39
1063.00
1063.00
1136.48
1136.48
1090.68
1090.68
692.60
692.60
924.29
924.29
872.98
872.98
1164.37
1164.37
1256.90
1256.90
784.05
784.05
1264.38
1264.38
1169.32
1169.32
967.05
967.05
1032.51
1032.51
557.87
557.87
1051.79
1051.79
141.68
141.68
1250.80
1250.80
1139.01
1139.01
1299.83
1299.83
900.38
900.38
1002.16
1002.16
1163.62
1163.62
841.41
841.41
1113.57
1113.57
875.74
875.74
854.06
854.06
832.78
832.78
1185.61
1185.61
694.12
694.12
1114.65
1114.65
904.60
904.60
857.68
857.68
1119.06
1119.06
1043.03
1043.03
604.35
604.35
740.22
740.22
641.13
641.13
641.13
775.13
783.10
783.10
783.10
535.08
1116.68
1116.68
1372.48
1372.48
1383.06
1383.06
893.79
893.79
875.19
875.19
971.57
971.57
1137.88
1137.88
710.13
710.13
786.65
786.65
877.99
877.99
924.31
924.31
554.14
554.14
899.95
899.95
1055.42
1055.42
886.09
886.09
717.76
717.76
1043.46
1043.46
1086.21
1086.21
933.59
933.59
924.16
924.16
1061.08
1061.08
1094.36
1094.36
1094.36
1291.26
1348.88
1348.88
1373.89
1373.89
1156.44
1156.44
1138.89
1138.89
997.20
997.20
851.93
851.93
919.99
919.99
911.32
911.32
835.90
835.90
1141.50
1141.50
854.50
854.50
1278.61
1278.61
835.93
835.93
960.34
960.34
857.65
857.65
601.24
601.24
966.81
966.81
992.23
992.23
897.49
897.49
987.12
987.12
798.93
798.93
899.67
899.67
745.47
745.47
1384.27
1384.27
772.70
772.70
1129.46
1129.46
926.49
926.49
924.25
924.25
1086.15
1086.15
944.78
944.78
780.33
780.33
615.33
615.33
773.84
773.84
825.08
825.08
504.90
504.90
707.54
707.54
1218.22
1218.22
1319.07
1319.07
1261.24
1261.24
1194.18
1194.18
711.38
711.38
1198.06
1198.06
847.96
847.96
847.96
847.96
656.34
656.34
656.34
814.83
679.21
679.21
679.21
893.41
893.41
522.44
522.44
670.51
670.51
669.99
669.99
734.95
734.95
913.58
913.58
841.54
841.54
687.26
687.26
902.99
902.99
601.22
601.22
780.51
780.51
1206.34
1206.34
1023.43
1023.43
884.00
884.00
747.54
747.54
1140.36
1140.36
711.92
711.92
987.08
987.08
920.63
920.63
642.17
642.17
599.00
599.00
281.79
281.79
1027.95
1027.95
716.13
716.13
1060.04
1060.04
831.13
831.13
963.57
963.57
789.85
789.85
966.00
966.00
678.42
678.42
984.19
984.19
948.39
948.39
900.10
900.10
964.47
964.47
920.21
920.21
759.56
759.56
877.88
877.88
627.62
627.62
974.20
974.20
694.77
694.77
975.59
975.59
1176.49
1176.49
1098.42
1098.42
639.11
639.11
691.26
691.26
1010.13
1010.13
898.56
898.56
499.24
499.24
897.92
897.92
1073.58
1073.58
1013.31
1013.31
1050.30
1050.30
603.61
603.61
1001.42
1001.42
1079.26
1079.26
1136.79
1136.79
916.97
916.97
655.28
655.28
778.68
778.68
1041.07
1041.07
857.27
857.27
646.55
646.55
1154.74
1154.74
1173.10
1173.10
871.49
871.49
840.66
840.66
856.69
856.69
948.15
948.15
957.23
957.23
754.23
754.23
595.27
595.27
758.56
758.56
1110.18
1110.18
935.80
935.80
966.07
966.07
925.71
925.71
988.67
988.67
977.35
977.35
630.12
630.12
1046.37
1046.37
956.40
956.40
1023.89
1023.89
710.25
710.25
899.72
899.72
785.37
785.37
91.11
91.11
971.87
971.87
719.94
719.94
691.13
691.13
898.09
898.09
774.78
774.78
1079.64
1079.64
996.88
996.88
984.34
984.34
975.32
975.32
862.71
862.71
957.89
957.89
899.60
899.60
1043.78
1043.78
1075.45
1075.45
1057.26
1057.26
724.29
724.29
982.75
982.75
1042.96
1042.96
705.19
705.19
287.68
287.68
780.99
780.99
996.90
996.90
1038.27
1038.27
874.17
874.17
930.16
930.16
873.64
873.64
1166.45
1166.45
1009.48
1009.48
600.11
600.11
943.07
943.07
930.39
930.39
734.85
734.85
986.49
986.49
876.56
876.56
896.68
896.68
1091.88
1091.88
1087.02
1087.02
697.64
697.64
957.79
957.79
1105.72
1105.72
941.18
941.18
1083.63
1083.63
828.54
828.54
1000.19
1000.19
1172.22
1172.22
877.44
877.44
460.81
460.81
957.21
957.21
876.12
876.12
988.64
988.64
10.16
10.16
752.97
752.97
1114.08
1114.08
873.19
873.19
901.45
901.45
1284.93
1284.93
1073.76
1073.76
838.35
838.35
942.89
942.89
1065.75
1065.75
831.80
831.80
704.16
704.16
964.08
964.08
944.62
944.62
899.75
899.75
1053.56
1053.56
853.02
853.02
1079.65
1079.65
922.26
922.26
923.27
923.27
1159.88
1159.88
797.75
797.75
711.15
711.15
918.99
918.99
874.80
874.80
876.82
876.82
700.03
700.03
1046.35
1046.35
876.05
876.05
568.45
568.45
793.59
793.59
856.85
856.85
876.54
876.54
967.50
967.50
968.44
968.44
965.16
965.16
1046.38
1046.38
937.70
937.70
878.43
878.43
799.35
799.35
1065.66
1065.66
968.86
968.86
966.84
966.84
944.93
944.93
783.36
783.36
1166.68
1166.68
833.93
833.93
853.00
853.00
991.94
991.94
799.57
799.57
1197.87
1197.87
663.01
663.01
1111.03
1111.03
964.90
964.90
901.82
901.82
1270.85
1270.85
1143.78
1143.78
802.44
802.44
954.39
954.39
703.65
703.65
872.36
872.36
960.13
960.13
757.34
757.34
897.77
897.77
714.67
714.67
1248.19
1248.19
1049.85
1049.85
1045.13
1045.13
1015.94
1015.94
417.14
417.14
1033.34
1033.34
644.68
644.68
633.39
633.39
401.22
401.22
247.71
247.71
944.08
944.08
837.06
837.06
1149.56
1149.56
571.24
571.24
988.40
988.40
1018.55
1018.55
1040.03
1040.03
1185.98
1185.98
997.09
997.09
1004.53
1004.53
1058.22
1058.22
947.20
947.20
1042.44
1042.44
1138.02
1138.02
1134.44
1134.44
816.18
816.18
583.64
583.64
821.59
821.59
952.00
952.00
1134.75
1134.75
1388.08
1388.08
916.73
916.73
1215.92
1215.92
942.08
942.08
1162.48
1162.48
680.72
680.72
1137.73
1137.73
1057.28
1057.28
808.73
808.73
817.54
817.54
875.38
875.38
797.10
797.10
883.75
883.75
926.05
926.05
1137.71
1137.71
1215.15
1215.15
876.07
876.07
952.76
952.76
1197.73
1197.73
786.44
786.44
699.52
699.52
652.66
652.66
840.34
840.34
1172.71
1172.71
652.03
652.03
986.11
986.11
988.98
988.98
1036.19
1036.19
965.85
965.85
903.87
903.87
1090.13
1090.13
848.89
848.89
1107.39
1107.39
981.72
981.72
804.74
804.74
978.30
978.30
968.75
968.75
1046.61
1046.61
836.57
836.57
766.92
766.92
954.09
954.09
977.63
977.63
1044.18
1044.18
851.23
851.23
785.36
785.36
800.76
800.76
1084.81
1084.81
974.22
974.22
1059.94
1059.94
1122.53
1122.53
987.61
987.61
797.26
797.26
899.30
899.30
942.94
942.94
1142.64
1142.64
1181.25
1181.25
776.66
776.66
1281.52
1281.52
654.82
654.82
1030.18
1030.18
849.12
849.12
1037.60
1037.60
738.03
738.03
873.93
873.93
784.71
784.71
1162.38
1162.38
1161.88
1161.88
989.14
989.14
959.98
959.98
755.79
755.79
714.82
714.82
291.91
291.91
352.53
352.53
1161.83
1161.83
1087.20
1087.20
586.82
586.82
1115.78
1115.78
1002.53
1002.53
1260.77
1260.77
1049.10
1049.10
758.47
758.47
666.96
666.96
742.80
742.80
870.10
870.10
938.29
938.29
1087.04
1087.04
1163.30
1163.30
1105.87
1105.87
922.97
922.97
1106.10
1106.10
1002.54
1002.54
988.15
988.15
457.63
457.63
852.88
852.88
897.11
897.11
933.28
933.28
986.46
986.46
943.37
943.37
819.67
819.67
599.20
599.20
1235.96
1235.96
854.87
854.87
1360.28
1360.28
774.38
774.38
1210.04
1210.04
1135.52
1135.52
583.09
583.09
765.40
765.40
712.92
712.92
984.63
984.63
1223.17
1223.17
1356.19
1356.19
1203.36
1203.36
623.33
623.33
1366.50
1366.50
1102.82
1102.82
1484.45
1484.45
1400.23
1400.23
951.66
951.66
916.56
916.56
886.16
886.16
1387.16
1387.16
1422.09
1422.09
1036.08
1036.08
1173.91
1173.91
929.92
929.92
1167.07
1167.07
1262.26
1262.26
1167.53
1167.53
758.55
758.55
848.51
848.51
233.62
233.62
899.53
899.53
738.62
738.62
989.63
989.63
989.63
989.63
953.32
953.32
965.42
965.42
1140.00
1140.00
1045.93
1045.93
1231.75
1231.75
1065.59
1065.59
1182.93
1182.93
777.98
777.98
1105.49
1105.49
1033.17
1033.17
922.74
922.74
1111.11
1111.11
1253.49
1253.49
998.33
998.33
848.91
848.91
893.72
893.72
676.58
676.58
877.43
877.43
1069.28
1069.28
1080.83
1080.83
966.42
966.42
1147.08
1147.08
832.04
832.04
1068.55
1068.55
1019.92
1019.92
1084.81
1084.81
1049.29
1049.29
728.91
728.91
513.83
513.83
369.59
369.59
888.44
888.44
699.52
699.52
717.25
717.25
924.47
924.47
1135.62
1135.62
824.47
824.47
959.89
959.89
907.56
907.56
1066.17
1066.17
957.45
957.45
1030.79
1030.79
1065.96
1065.96
550.25
550.25
1251.74
1251.74
856.93
856.93
1022.90
1022.90
924.67
924.67
1173.87
1173.87
1088.36
1088.36
826.08
826.08
975.40
975.40
1127.02
1127.02
1046.59
1046.59
880.32
880.32
1035.14
1035.14
1082.07
1082.07
1117.12
1117.12
929.38
929.38
1067.33
1067.33
791.38
791.38
590.45
590.45
871.08
871.08
856.10
856.10
859.09
859.09
493.20
493.20
1023.33
1023.33
663.72
663.72
1139.15
1139.15
990.75
990.75
1169.91
1169.91
666.82
666.82
1063.11
1063.11
1137.90
1137.90
768.36
768.36
872.39
872.39
900.66
900.66
652.24
652.24
942.22
942.22
969.10
969.10
1381.45
1381.45
778.72
778.72
999.97
999.97
889.69
889.69
801.50
801.50
1078.93
1078.93
603.02
603.02
1099.64
1099.64
1001.12
1001.12
464.11
464.11
464.11
619.23
988.52
988.52
386.51
386.51
858.03
858.03
956.78
956.78
985.71
985.71
1067.72
1067.72
798.67
798.67
875.07
875.07
993.21
993.21
824.05
824.05
1247.23
1247.23
1247.23
15.37
1035.20
1035.20
1216.51
1216.51
1112.44
1112.44
986.97
986.97
1113.53
1113.53
823.99
823.99
1518.99
1518.99
1171.57
1171.57
1171.57
828.34
647.49
647.49
802.52
802.52
760.75
760.75
1137.14
1137.14
947.18
947.18
471.20
471.20
1037.05
1037.05
1090.27
1090.27
1190.03
1190.03
939.80
939.80
1008.71
1008.71
1008.71
444.83
444.83
387.42
984.72
984.72
750.36
750.36
991.86
991.86
593.22
593.22
985.59
985.59
919.30
919.30
569.90
569.90
814.59
814.59
814.59
546.38
819.26
819.26
819.26
1125.41
1125.41
969.34
969.34
1326.77
1326.77
856.52
856.52
793.05
793.05
698.99
698.99
1416.10
1416.10
1317.89
1317.89
1390.01
1390.01
1233.88
1233.88
922.42
922.42
845.67
845.67
1084.94
1084.94
729.10
729.10
669.16
669.16
1055.94
1055.94
891.58
891.58
1200.03
1200.03
712.49
712.49
846.95
846.95
984.01
984.01
518.51
518.51
1069.74
1069.74
1008.67
1008.67
887.56
887.56
1068.58
1068.58
951.80
951.80
608.59
608.59
937.14
937.14
961.24
961.24
874.60
874.60
987.13
987.13
799.78
799.78
800.80
800.80
986.58
986.58
1060.22
1060.22
694.49
694.49
974.94
974.94
1098.80
1098.80
821.24
821.24
911.64
911.64
1109.54
1109.54
1067.84
1067.84
1076.57
1076.57
1143.03
1143.03
816.42
816.42
540.61
540.61
697.79
697.79
1010.69
1010.69
1069.29
1069.29
1255.75
1255.75
795.88
795.88
1277.03
1277.03
810.14
810.14
1064.30
1064.30
1130.44
1130.44
1210.83
1210.83
987.73
987.73
1066.17
1066.17
1024.42
1024.42
874.57
874.57
978.22
978.22
1131.17
1131.17
1131.60
1131.60
1054.91
1054.91
1188.01
1188.01
1106.72
1106.72
1069.40
1069.40
943.49
943.49
583.98
583.98
1023.94
1023.94
997.88
997.88
901.36
901.36
1125.94
1125.94
966.47
966.47
876.40
876.40
718.92
718.92
719.23
719.23
1083.09
1083.09
851.72
851.72
807.20
807.20
989.54
989.54
1043.10
1043.10
392.41
392.41
357.36
357.36
796.03
796.03
1190.44
1190.44
907.78
907.78
1144.90
1144.90
782.08
782.08
1143.10
1143.10
898.82
898.82
928.38
928.38
709.87
709.87
1071.24
1071.24
969.39
969.39
994.96
994.96
919.92
919.92
997.90
997.90
804.93
804.93
1055.98
1055.98
945.76
945.76
958.87
958.87
1140.46
1140.46
868.24
868.24
759.37
759.37
772.50
772.50
761.98
761.98
1128.41
1128.41
817.17
817.17
872.59
872.59
1172.06
1172.06
583.83
583.83
1168.81
1168.81
502.10
502.10
1117.35
1117.35
921.23
921.23
319.77
319.77
1120.00
1120.00
859.04
859.04
927.39
927.39
571.12
571.12
1076.64
1076.64
1163.85
1163.85
816.17
816.17
1005.71
1005.71
944.63
944.63
1361.70
1361.70
1361.70
1361.70
683.35
683.35
1161.22
1161.22
659.26
659.26
654.41
654.41
1053.79
1053.79
1180.85
1180.85
778.74
778.74
926.27
926.27
1288.56
1288.56
985.03
985.03
1348.62
1348.62
796.44
796.44
657.73
657.73
1021.64
1021.64
1021.64
1021.64
965.19
965.19
759.85
759.85
948.27
948.27
697.64
697.64
230.35
230.35
1195.25
1195.25
1140.99
1140.99
1003.25
1003.25
1212.31
1212.31
925.78
925.78
494.09
494.09
947.36
947.36
1100.16
1100.16
699.72
699.72
697.57
697.57
716.30
716.30
1225.32
1225.32
781.13
781.13
830.80
830.80
790.85
790.85
853.47
853.47
1031.07
1031.07
840.19
840.19
1206.45
1206.45
1114.53
1114.53
39.26
39.26
1000.91
1000.91
1210.61
1210.61
1196.60
1196.60
848.25
848.25
700.68
700.68
247.51
247.51
1025.55
1025.55
1082.95
1082.95
854.52
854.52
721.61
721.61
874.05
874.05
925.15
925.15
979.97
979.97
1117.70
1117.70
1077.36
1077.36
299.59
299.59
999.95
999.95
907.19
907.19
1153.87
1153.87
1061.21
1061.21
1141.78
1141.78
1007.72
1007.72
1578.26
1578.26
1135.39
1135.39
1282.28
1282.28
341.51
341.51
1286.68
1286.68
1266.61
1266.61
1281.70
1281.70
1041.52
1041.52
1079.38
1079.38
1203.97
1203.97
1162.15
1162.15
694.80
694.80
1165.50
1165.50
1048.46
1048.46
1110.14
1110.14
921.39
921.39
1301.93
1301.93
1600.36
1600.36
668.85
668.85
875.87
875.87
941.47
941.47
1137.70
1137.70
1176.28
1176.28
856.99
856.99
1143.19
1143.19
1287.06
1287.06
1263.76
1263.76
1162.82
1162.82
136.48
136.48
324.55
324.55
702.56
702.56
1000.55
1000.55
980.44
980.44
1252.57
1252.57
1403.15
1403.15
719.10
719.10
1288.02
1288.02
936.83
936.83
1250.12
1250.12
766.81
766.81
1032.25
1032.25
1001.69
1001.69
1221.73
1221.73
1397.81
1397.81
1033.34
1033.34
765.29
765.29
888.91
888.91
855.69
855.69
744.26
744.26
1030.33
1030.33
1128.91
1128.91
1120.86
1120.86
769.76
769.76
1145.47
1145.47
653.85
653.85
1043.22
1043.22
244.33
244.33
1159.36
1159.36
1005.25
1005.25
802.17
802.17
836.52
836.52
1052.82
1052.82
859.25
859.25
1041.37
1041.37
1159.04
1159.04
964.85
964.85
762.09
762.09
965.12
965.12
1120.14
1120.14
914.62
914.62
1273.18
1273.18
897.14
897.14
1087.49
1087.49
1038.32
1038.32
1264.12
1264.12
811.56
811.56
1021.08
1021.08
1006.33
1006.33
388.50
388.50
409.92
409.92
1085.52
1085.52
772.00
772.00
958.47
958.47
962.84
962.84
946.09
946.09
855.53
855.53
1140.56
1140.56
51.81
51.81
1058.30
1058.30
1085.50
1085.50
1171.19
1171.19
1050.75
1050.75
894.37
894.37
896.66
896.66
1055.24
1055.24
1111.84
1111.84
855.93
855.93
1080.56
1080.56
1284.05
1284.05
991.15
991.15
943.25
943.25
899.83
899.83
722.35
722.35
1170.55
1170.55
1199.06
1199.06
1133.23
1133.23
1067.39
1067.39
1139.63
1139.63
950.47
950.47
974.11
974.11
1130.66
1130.66
1014.34
1014.34
835.08
835.08
962.01
962.01
1226.25
1226.25
888.67
888.67
873.77
873.77
963.31
963.31
742.17
742.17
913.39
913.39
195.38
195.38
923.08
923.08
1105.08
1105.08
926.74
926.74
1040.37
1040.37
1043.64
1043.64
1035.89
1035.89
1052.65
1052.65
1161.54
1161.54
1225.52
1225.52
1139.69
1139.69
986.21
986.21
1154.02
1154.02
920.22
920.22
1132.97
1132.97
944.86
944.86
1044.84
1044.84
878.65
878.65
923.62
923.62
1160.72
1160.72
1090.01
1090.01
1250.70
1250.70
770.09
770.09
1044.30
1044.30
902.40
902.40
812.74
812.74
1360.19
1360.19
1109.38
1109.38
1256.81
1256.81
1283.95
1283.95
853.36
853.36
383.05
383.05
936.74
936.74
1336.57
1336.57
1259.93
1259.93
779.40
779.40
1137.13
1137.13
847.02
847.02
1128.32
1128.32
1065.87
1065.87
981.78
981.78
758.37
758.37
989.53
989.53
1111.67
1111.67
1178.32
1178.32
835.84
835.84
1019.38
1019.38
1152.02
1152.02
892.47
892.47
965.36
965.36
1004.88
1004.88
701.97
701.97
913.81
913.81
900.42
900.42
545.94
545.94
909.09
909.09
1338.39
1338.39
984.40
984.40
1295.86
1295.86
1163.64
1163.64
1115.01
1115.01
1285.70
1285.70
1225.69
1225.69
559.97
559.97
1036.14
1036.14
1229.58
1229.58
1228.74
1228.74
1203.49
1203.49
977.23
977.23
1160.83
1160.83
852.77
852.77
817.59
817.59
954.40
954.40
1167.71
1167.71
1263.05
1263.05
1131.13
1131.13
1075.61
1075.61
1189.61
1189.61
835.97
835.97
853.28
853.28
945.22
945.22
956.60
956.60
1045.74
1045.74
971.72
971.72
947.44
947.44
795.39
795.39
1059.35
1059.35
962.34
962.34
921.02
921.02
809.41
809.41
1019.01
1019.01
1019.01
1141.50
877.91
877.91
1280.51
1280.51
631.73
631.73
1179.32
1179.32
933.28
933.28
1230.89
1230.89
1068.60
1068.60
1116.47
1116.47
1143.30
1143.30
1131.56
1131.56
774.40
774.40
803.38
803.38
839.11
839.11
77.66
77.66
834.46
834.46
718.92
718.92
1106.94
1106.94
862.48
862.48
1088.01
1088.01
925.07
925.07
955.95
955.95
901.87
901.87
1225.83
1225.83
1225.83
876.76
904.32
904.32
968.36
968.36
921.42
921.42
899.69
899.69
852.09
852.09
1136.19
1136.19
739.52
739.52
922.01
922.01
1140.98
1140.98
755.13
755.13
1095.41
1095.41
763.90
763.90
853.43
853.43
1017.34
1017.34
836.02
836.02
1164.82
1164.82
853.70
853.70
871.43
871.43
921.44
921.44
1136.98
1136.98
782.31
782.31
1233.35
1233.35
942.90
942.90
1321.21
1321.21
939.93
939.93
1319.41
1319.41
853.13
853.13
997.03
997.03
1000.12
1000.12
1000.12
711.54
904.84
904.84
343.58
343.58
1135.08
1135.08
709.38
709.38
1030.26
1030.26
1078.40
1078.40
813.50
813.50
1254.35
1254.35
756.94
756.94
847.78
847.78
847.78
1202.82
664.73
664.73
808.21
808.21
797.82
797.82
1135.40
1135.40
785.37
785.37
1282.06
1282.06
862.39
862.39
862.39
759.68
986.99
986.99
798.87
798.87
645.94
645.94
122.33
122.33
671.54
671.54
1040.27
1040.27
837.88
837.88
735.70
735.70
1100.56
1100.56
951.59
951.59
265.12
265.12
975.39
975.39
561.07
561.07
832.87
832.87
897.55
897.55
800.81
800.81
705.12
705.12
757.94
757.94
1052.47
1052.47
1056.04
1056.04
1056.04
1221.99
902.60
902.60
902.60
821.30
821.30
716.78
716.78
902.24
902.24
804.25
517.83
517.83
517.83
839.46
839.46
754.96
754.96
960.04
960.04
911.70
911.70
1042.81
1042.81
1123.92
1123.92
873.18
873.18
778.17
778.17
641.50
641.50
1060.29
1060.29
689.75
689.75
861.01
861.01
682.82
682.82
1185.11
1185.11
894.58
894.58
585.67
585.67
1189.39
1189.39
829.85
829.85
581.97
581.97
548.60
548.60
415.31
415.31
1271.75
1271.75
1173.27
1173.27
831.81
831.81
790.10
790.10
684.19
684.19
973.54
973.54
855.20
855.20
1042.87
1042.87
477.22
477.22
584.23
584.23
801.74
801.74
120.52
120.52
739.56
739.56
1143.81
1143.81
837.44
837.44
534.24
534.24
772.93
772.93
1236.38
1236.38
948.64
948.64
893.37
893.37
919.86
919.86
912.89
912.89
692.36
692.36
979.85
979.85
1137.28
1137.28
996.35
996.35
604.15
604.15
367.95
367.95
336.69
336.69
1056.92
1056.92
855.71
855.71
978.00
978.00
713.28
713.28
983.65
983.65
938.83
938.83
684.28
684.28
1068.24
1068.24
1141.68
1141.68
874.83
874.83
974.04
974.04
1580.88
1580.88
1136.89
1136.89
792.33
792.33
1017.77
1017.77
24.97
24.97
987.93
987.93
875.70
875.70
844.50
844.50
846.40
846.40
1019.76
1019.76
826.94
826.94
628.94
628.94
902.36
902.36
1275.30
1275.30
1003.93
1003.93
1136.66
1136.66
717.86
717.86
806.00
806.00
840.09
840.09
763.49
763.49
1086.33
1086.33
967.46
967.46
1076.06
1076.06
690.11
690.11
1639.40
1639.40
948.86
948.86
1401.60
1401.60
1376.19
1376.19
1104.36
1104.36
1164.91
1164.91
204.55
204.55
1134.52
1134.52
919.85
919.85
918.25
918.25
872.91
872.91
1088.95
1088.95
1189.81
1189.81
158.23
158.23
840.09
840.09
1060.13
1060.13
623.56
623.56
1032.51
1032.51
853.34
853.34
949.27
949.27
917.87
917.87
1384.92
1384.92
764.61
764.61
1129.52
1129.52
948.21
948.21
1084.02
1084.02
942.96
942.96
1088.56
1088.56
998.95
998.95
813.72
813.72
1006.02
1006.02
621.44
621.44
1090.73
1090.73
1177.49
1177.49
545.59
545.59
1066.22
1066.22
798.14
798.14
1271.37
1271.37
995.01
995.01
1092.36
1092.36
938.19
938.19
1129.93
1129.93
1230.38
1230.38
1071.95
1071.95
979.46
979.46
964.57
964.57
984.88
984.88
613.78
613.78
1137.38
1137.38
1158.92
1158.92
805.97
805.97
1028.61
1028.61
932.81
932.81
1133.12
1133.12
1135.45
1135.45
1081.48
1081.48
596.00
596.00
349.32
349.32
313.28
313.28
622.63
622.63
1039.05
1039.05
970.52
970.52
830.94
830.94
900.50
900.50
858.81
858.81
913.63
913.63
985.44
985.44
1062.01
1062.01
1168.89
1168.89
999.50
999.50
1038.62
1038.62
1120.72
1120.72
874.73
874.73
878.90
878.90
990.60
990.60
1124.36
1124.36
875.34
875.34
889.76
889.76
785.63
785.63
1244.30
1244.30
740.24
740.24
1109.36
1109.36
1151.36
1151.36
1025.77
1025.77
1107.64
1107.64
1000.22
1000.22
931.47
931.47
1088.48
1088.48
1000.72
1000.72
728.99
728.99
1170.49
1170.49
1082.09
1082.09
755.61
755.61
1083.20
1083.20
18.08
18.08
697.56
697.56
408.15
408.15
1533.69
1533.69
698.11
698.11
871.62
871.62
1282.40
1282.40
1026.15
1026.15
1044.42
1044.42
1085.95
1085.95
541.76
541.76
1065.75
1065.75
1369.90
1369.90
394.53
394.53
806.87
806.87
1034.95
1034.95
1115.80
1115.80
1067.39
1067.39
1069.90
1069.90
939.02
939.02
833.49
833.49
805.44
805.44
1065.38
1065.38
969.25
969.25
1141.16
1141.16
1208.78
1208.78
1075.60
1075.60
1436.08
1436.08
965.34
965.34
487.23
487.23
487.23
1190.34
675.95
675.95
934.77
934.77
1271.70
1271.70
1182.57
1182.57
1357.74
1357.74
1419.60
1419.60
1174.28
1174.28
643.80
643.80
1132.80
1132.80
879.45
879.45
794.02
794.02
784.20
784.20
827.10
827.10
1119.97
1119.97
898.27
898.27
951.44
951.44
1069.54
1069.54
1247.38
1247.38
636.11
636.11
934.34
934.34
922.31
922.31
900.66
900.66
856.23
856.23
896.86
896.86
638.32
638.32
641.55
641.55
341.88
341.88
829.03
829.03
570.44
570.44
1086.13
1086.13
1005.57
1005.57
653.80
653.80
1196.23
1196.23
918.69
918.69
993.36
993.36
615.38
615.38
1255.88
1255.88
886.77
886.77
1067.52
1067.52
988.98
988.98
948.64
948.64
808.05
808.05
675.55
675.55
269.40
269.40
852.69
852.69
952.13
952.13
1120.87
1120.87
803.66
803.66
894.79
894.79
1116.77
1116.77
1238.36
1238.36
939.99
939.99
519.91
519.91
1040.18
1040.18
909.41
909.41
187.70
187.70
1143.62
1143.62
1071.91
1071.91
1366.62
1366.62
862.17
862.17
1032.70
1032.70
803.07
803.07
867.16
867.16
756.57
756.57
1186.51
1186.51
1078.78
1078.78
584.84
584.84
1109.26
1109.26
743.51
743.51
834.63
834.63
985.67
985.67
976.32
976.32
1028.41
1028.41
1055.88
1055.88
990.13
990.13
670.08
670.08
1294.14
1294.14
940.07
940.07
826.95
826.95
801.68
801.68
977.16
977.16
970.45
970.45
1011.95
1011.95
818.56
818.56
960.68
960.68
712.29
712.29
598.62
598.62
843.54
843.54
834.65
834.65
768.65
768.65
490.11
490.11
941.57
941.57
949.69
949.69
681.64
681.64
955.47
955.47
831.14
831.14
1201.89
1201.89
663.81
663.81
940.06
940.06
905.53
905.53
986.63
986.63
896.43
896.43
751.36
751.36
1138.12
1138.12
857.07
857.07
1057.09
1057.09
1111.55
1111.55
895.99
895.99
996.06
996.06
1071.68
1071.68
895.19
895.19
1017.46
1017.46
895.83
895.83
1040.82
1040.82
746.82
746.82
10.29
10.29
833.73
833.73
759.50
759.50
261.02
261.02
385.21
385.21
385.21
390.44
390.44
1042.75
709.45
709.45
1069.35
1069.35
856.25
856.25
1338.85
1338.85
779.45
779.45
649.50
649.50
1122.75
1122.75
1005.11
1005.11
1132.66
1132.66
617.25
617.25
1252.69
1252.69
1034.49
1034.49
1142.06
1142.06
967.08
967.08
660.16
660.16
1086.63
1086.63
925.24
925.24
566.14
566.14
1142.45
1142.45
707.41
707.41
1044.24
1044.24
719.87
719.87
964.48
964.48
896.51
896.51
713.80
713.80
800.36
800.36
781.19
781.19
1194.63
1194.63
748.14
748.14
851.42
851.42
723.90
723.90
988.82
988.82
757.52
757.52
876.06
876.06
1195.91
1195.91
1232.31
1232.31
1166.01
1166.01
1011.32
1011.32
876.55
876.55
1395.14
1395.14
809.55
809.55
798.54
798.54
559.69
559.69
963.03
963.03
1356.03
1356.03
1071.36
1071.36
855.66
855.66
1167.13
1167.13
953.56
953.56
992.42
992.42
729.68
729.68
1096.16
1096.16
782.53
782.53
857.56
857.56
874.71
874.71
669.89
669.89
1059.81
1059.81
896.20
896.20
832.68
832.68
478.22
478.22
992.64
992.64
945.17
945.17
948.68
948.68
1142.31
1142.31
813.69
813.69
833.07
833.07
833.07
908.78
983.02
983.02
1139.07
1139.07
1044.90
1044.90
781.37
781.37
729.72
729.72
1012.21
1012.21
1252.69
1252.69
786.54
786.54
1241.09
1241.09
195.35
195.35
1021.75
1021.75
1021.75
991.37
596.96
596.96
923.47
923.47
1119.18
1119.18
1169.64
1169.64
1024.35
1024.35
1135.51
1135.51
867.38
867.38
805.80
805.80
1034.93
1034.93
1023.31
1023.31
994.37
994.37
559.23
559.23
962.81
962.81
962.81
377.83
951.20
951.20
1049.18
1049.18
739.11
739.11
925.87
925.87
1006.30
1006.30
641.74
641.74
1249.65
1249.65
989.57
989.57
892.67
892.67
1174.02
1174.02
916.69
916.69
1046.18
1046.18
924.65
924.65
1033.17
1033.17
1230.58
1230.58
1146.60
1146.60
687.26
687.26
1020.45
1020.45
1167.60
1167.60
1167.60
697.34
697.34
896.87
1051.89
1051.89
1085.62
1085.62
587.88
587.88
1099.64
1099.64
1099.64
700.23
831.42
831.42
1086.79
1086.79
1060.51
1060.51
1164.19
1164.19
850.70
850.70
850.70
988.54
950.71
950.71
950.71
874.84
904.17
904.17
1128.33
1128.33
942.21
942.21
942.21
1495.68
1495.68
938.00
972.23
972.23
1115.05
1115.05
919.14
919.14
1159.01
1159.01
1062.32
1062.32
1045.84
1045.84
924.99
924.99
873.86
873.86
874.10
874.10
1141.93
1141.93
1034.45
1034.45
1063.91
1063.91
781.51
781.51
686.17
686.17
1044.96
1044.96
1137.40
1137.40
605.42
605.42
1054.13
1054.13
884.26
884.26
742.24
742.24
814.36
814.36
814.36
964.20
1256.35
1256.35
896.16
896.16
1022.68
1022.68
970.31
970.31
797.74
797.74
797.74
16.26
826.73
826.73
826.73
1221.29
989.62
989.62
938.59
938.59
938.59
1199.64
1199.64
837.47
837.47
1251.87
1251.87
1170.19
1170.19
1109.02
1109.02
980.82
980.82
1004.28
1004.28
1051.64
1051.64
653.00
653.00
1165.92
1165.92
991.34
991.34
874.00
874.00
1041.56
1041.56
923.97
923.97
729.03
729.03
833.28
833.28
986.21
986.21
799.06
799.06
898.07
898.07
1032.42
1032.42
560.95
560.95
1251.78
1251.78
1008.56
1008.56
469.17
469.17
1102.38
1102.38
1278.74
1278.74
1256.81
1256.81
847.28
847.28
738.80
738.80
1178.41
1178.41
879.22
879.22
1331.79
1331.79
848.72
848.72
706.25
706.25
988.84
988.84
895.90
895.90
805.55
805.55
895.97
895.97
1169.98
1169.98
1245.15
1245.15
828.66
828.66
972.07
972.07
1119.86
1119.86
1252.79
1252.79
860.02
860.02
1275.31
1275.31
877.42
877.42
1118.06
1118.06
237.14
237.14
946.22
946.22
962.47
962.47
1143.99
1143.99
999.35
999.35
1138.91
1138.91
876.46
876.46
1048.57
1048.57
972.05
972.05
998.25
998.25
928.78
928.78
681.74
681.74
875.57
875.57
961.87
961.87
1041.66
1041.66
765.49
765.49
904.62
904.62
987.11
987.11
431.96
431.96
1137.74
1137.74
624.74
624.74
795.77
795.77
799.93
799.93
899.28
899.28
482.85
482.85
992.74
992.74
1142.51
1142.51
937.27
937.27
1043.13
1043.13
1069.12
1069.12
872.63
872.63
1004.71
1004.71
1167.13
1167.13
883.10
883.10
1031.17
1031.17
1119.84
1119.84
1078.46
1078.46
970.50
970.50
1198.05
1198.05
1165.41
1165.41
990.32
990.32
926.68
926.68
1116.48
1116.48
1159.00
1159.00
1188.79
1188.79
965.95
965.95
1143.76
1143.76
919.42
919.42
936.84
936.84
900.83
900.83
1393.96
1393.96
859.39
859.39
777.30
777.30
1036.14
1036.14
640.46
640.46
741.86
741.86
854.26
854.26
853.84
853.84
771.10
771.10
759.95
759.95
1167.24
1167.24
972.26
972.26
918.03
918.03
967.65
967.65
614.70
614.70
679.41
679.41
632.52
632.52
1012.86
1012.86
1061.68
1061.68
740.79
740.79
921.23
921.23
1137.63
1137.63
636.27
636.27
12.29
12.29
1083.07
1083.07
836.60
836.60
1421.52
1421.52
1165.22
1165.22
901.43
901.43
1294.93
1294.93
989.03
989.03
878.15
878.15
1038.84
1038.84
633.43
633.43
97.75
97.75
1223.88
1223.88
1013.28
1013.28
899.19
899.19
1263.05
1263.05
1297.75
1297.75
1115.02
1115.02
951.50
951.50
685.98
685.98
1246.88
1246.88
742.47
742.47
742.47
742.47
651.63
651.63
853.78
853.78
964.23
964.23
1095.67
1095.67
857.10
857.10
754.17
754.17
1071.45
1071.45
962.93
962.93
967.87
967.87
928.01
928.01
781.40
781.40
687.21
687.21
628.92
628.92
1052.55
1052.55
965.93
965.93
1146.98
1146.98
589.15
589.15
675.31
675.31
583.75
583.75
989.30
989.30
1141.29
1141.29
1001.22
1001.22
1425.78
1425.78
927.80
927.80
918.32
918.32
979.14
979.14
1145.14
1145.14
836.45
836.45
1130.76
1130.76
1446.91
1446.91
937.99
937.99
1234.60
1234.60
812.87
812.87
1160.10
1160.10
1169.55
1169.55
839.09
839.09
874.63
874.63
1008.47
1008.47
1144.85
1144.85
798.92
798.92
1141.93
1141.93
785.21
785.21
968.45
968.45
1084.99
1084.99
701.67
701.67
1033.86
1033.86
820.64
820.64
971.39
971.39
881.01
881.01
966.54
966.54
1141.89
1141.89
1035.39
1035.39
1042.27
1042.27
788.60
788.60
751.75
751.75
1129.40
1129.40
1072.69
1072.69
896.19
896.19
908.60
908.60
1033.92
1033.92
1044.71
1044.71
925.70
925.70
1031.56
1031.56
631.57
631.57
992.83
992.83
275.52
275.52
146.45
146.45
1045.01
1045.01
1142.45
1142.45
987.41
987.41
1223.88
1223.88
1134.79
1134.79
898.81
898.81
780.26
780.26
982.40
982.40
797.70
797.70
1138.85
1138.85
900.73
900.73
714.05
714.05
1048.46
1048.46
979.95
979.95
922.27
922.27
748.75
748.75
1093.01
1093.01
965.73
965.73
904.10
904.10
1349.26
1349.26
714.31
714.31
1088.90
1088.90
944.50
944.50
964.47
964.47
1141.37
1141.37
599.75
599.75
1143.08
1143.08
629.16
629.16
835.68
835.68
1000.46
1000.46
1145.26
1145.26
968.48
968.48
1158.44
1158.44
1199.72
1199.72
885.89
885.89
919.29
919.29
1051.68
1051.68
837.08
837.08
1082.20
1082.20
892.89
892.89
947.72
947.72
1040.57
1040.57
1067.07
1067.07
1383.89
1383.89
811.69
811.69
997.57
997.57
1053.52
1053.52
874.20
874.20
914.27
914.27
867.40
867.40
786.08
786.08
1015.74
1015.74
962.32
962.32
1012.43
1012.43
806.19
806.19
1189.80
1189.80
1060.43
1060.43
984.11
984.11
1165.71
1165.71
898.85
898.85
1136.62
1136.62
948.18
948.18
1112.14
1112.14
1145.77
1145.77
1177.16
1177.16
1051.43
1051.43
921.49
921.49
1167.36
1167.36
878.39
878.39
1045.08
1045.08
929.37
929.37
929.37
929.37
927.62
927.62
975.53
975.53
1034.50
1034.50
971.25
971.25
846.50
846.50
969.04
969.04
1165.99
1165.99
897.83
897.83
976.31
976.31
574.44
574.44
985.99
985.99
835.88
835.88
1147.73
1147.73
896.98
896.98
840.63
840.63
1115.22
1115.22
592.53
592.53
1127.49
1127.49
637.58
637.58
614.79
614.79
647.44
647.44
954.86
954.86
778.03
778.03
692.30
692.30
760.79
760.79
828.64
828.64
1168.46
1168.46
1040.89
1040.89
1192.35
1192.35
1056.90
1056.90
741.13
741.13
702.21
702.21
813.91
813.91
985.50
985.50
1184.43
1184.43
709.43
709.43
1017.91
1017.91
1033.15
1033.15
1255.52
1255.52
1113.88
1113.88
1159.32
1159.32
1196.88
1196.88
991.27
991.27
417.02
417.02
837.20
837.20
460.14
460.14
666.70
666.70
571.20
571.20
1210.89
1210.89
1174.06
1174.06
1091.02
1091.02
913.58
913.58
987.81
987.81
748.60
748.60
1200.61
1200.61
943.40
943.40
781.48
781.48
978.04
978.04
1070.85
1070.85
761.72
761.72
902.23
902.23
1063.69
1063.69
835.60
835.60
1064.76
1064.76
649.17
649.17
1136.84
1136.84
920.36
920.36
1324.13
1324.13
941.52
941.52
582.50
582.50
837.94
837.94
969.38
969.38
1116.96
1116.96
995.11
995.11
899.94
899.94
832.56
832.56
525.73
525.73
937.26
937.26
1068.42
1068.42
1282.01
1282.01
925.32
925.32
1140.02
1140.02
1118.37
1118.37
995.33
995.33
994.35
994.35
859.33
859.33
964.75
964.75
1151.24
1151.24
1117.45
1117.45
1136.10
1136.10
657.43
657.43
908.54
908.54
1427.94
1427.94
1256.59
1256.59
871.77
871.77
943.09
943.09
875.39
875.39
875.06
875.06
1089.95
1089.95
798.06
798.06
1257.45
1257.45
1171.82
1171.82
1118.02
1118.02
1187.82
1187.82
903.21
903.21
1355.14
1355.14
769.20
769.20
881.70
881.70
903.20
903.20
789.29
789.29
1086.80
1086.80
919.54
919.54
1010.25
1010.25
377.74
377.74
342.18
342.18
1286.21
1286.21
1090.29
1090.29
1199.45
1199.45
1229.50
1229.50
815.68
815.68
855.08
855.08
868.77
868.77
1255.93
1255.93
1146.71
1146.71
1255.90
1255.90
1171.41
1171.41
840.57
840.57
840.57
878.93
878.93
1180.73
1180.73
1138.56
1109.18
1109.18
816.05
816.05
669.91
669.91
1057.97
1057.97
1057.97
851.65
1069.99
1069.99
1144.72
1144.72
1144.72
928.51
896.90
896.90
1234.70
1234.70
1234.70
1072.22
1085.05
1085.05
1076.30
1076.30
1076.30
744.35
600.51
600.51
850.60
850.60
465.28
465.28
942.73
942.73
833.73
833.73
939.83
939.83
939.83
970.28
970.28
184.67
803.36
803.36
948.70
948.70
835.29
835.29
799.29
799.29
799.29
1153.49
1153.49
729.59
729.59
966.53
966.53
992.31
1092.54
1092.54
986.55
986.55
855.68
855.68
966.05
966.05
875.43
875.43
968.83
968.83
968.83
993.95
876.04
876.04
876.04
782.53
924.29
924.29
893.65
893.65
1072.65
1072.65
1072.65
1140.33
1160.55
1160.55
818.11
818.11
1495.76
1495.76
1495.76
1226.35
1047.45
1047.45
1047.45
928.38
928.38
1288.33
965.28
965.28
965.28
883.23
951.01
951.01
951.01
1012.24
1012.24
904.61
943.29
943.29
1112.72
1112.72
972.65
972.65
814.17
814.17
814.17
988.57
992.61
992.61
1070.56
1070.56
1070.56
989.69
989.69
835.60
449.25
449.25
449.25
888.41
1072.41
1072.41
933.73
933.73
945.07
945.07
966.37
966.37
966.37
947.80
1140.21
1140.21
1140.21
973.37
828.41
828.41
1051.57
1051.57
1051.57
579.66
579.66
570.77
570.77
307.81
307.81
370.27
943.50
943.50
943.50
943.50
892.89
892.89
763.90
763.90
763.90
1045.44
1164.91
1164.91
1070.10
1070.10
1070.10
1135.45
1135.45
918.58
918.58
966.87
966.87
1073.87
1109.69
1109.69
1109.69
994.04
994.04
1069.81
1069.81
896.08
896.08
896.76
896.76
1047.35
1047.35
894.50
894.50
966.45
966.45
1021.57
1021.57
908.89
908.89
1027.82
1027.82
1140.62
1140.62
1233.49
1233.49
1012.72
1012.72
1248.62
1248.62
1416.21
1416.21
1153.69
1153.69
977.21
977.21
1029.32
1029.32
1136.76
1136.76
1044.24
1044.24
754.50
754.50
921.07
921.07
720.51
720.51
990.78
990.78
734.94
734.94
1074.39
1074.39
986.89
986.89
924.00
924.00
918.73
918.73
990.49
990.49
795.49
795.49
1156.83
1156.83
838.92
838.92
1138.70
1138.70
894.38
894.38
694.65
694.65
856.00
856.00
1135.61
1135.61
996.85
996.85
880.02
880.02
1164.76
1164.76
949.14
949.14
1245.36
1245.36
837.71
837.71
962.85
962.85
1069.90
1069.90
1269.16
1269.16
1351.14
1351.14
936.48
936.48
942.43
942.43
1254.10
1254.10
983.43
983.43
964.41
964.41
1001.42
1001.42
1042.28
1042.28
922.64
922.64
1026.48
1026.48
1138.56
1138.56
1253.85
1253.85
1552.31
1552.31
1066.96
1066.96
1117.37
1117.37
746.33
746.33
722.39
722.39
1138.78
1138.78
585.14
585.14
970.86
970.86
1073.17
1073.17
854.62
854.62
1140.02
1140.02
1065.62
1065.62
1047.94
1047.94
1145.91
1145.91
864.99
864.99
840.86
840.86
804.79
804.79
1056.82
1056.82
712.88
712.88
973.95
973.95
529.16
529.16
401.77
401.77
931.33
931.33
795.63
795.63
966.49
966.49
845.33
845.33
938.89
938.89
1025.42
1025.42
1071.60
1071.60
1166.24
1166.24
830.03
830.03
998.01
998.01
1105.08
1105.08
921.53
921.53
985.64
985.64
770.93
770.93
979.97
979.97
1113.59
1113.59
1082.94
1082.94
1113.73
1113.73
854.24
854.24
1037.82
1037.82
989.85
989.85
923.59
923.59
774.34
774.34
714.21
714.21
922.92
922.92
988.06
988.06
1094.09
1094.09
1074.30
1074.30
963.56
963.56
432.46
432.46
801.95
801.95
1149.52
1149.52
1247.66
1247.66
675.96
675.96
943.83
943.83
964.66
964.66
1146.00
1146.00
1159.11
1159.11
981.75
981.75
1121.49
1121.49
964.84
964.84
851.17
851.17
939.61
939.61
1083.26
1083.26
879.61
879.61
1428.25
1428.25
984.05
984.05
1045.79
1045.79
582.16
582.16
534.51
534.51
1258.02
1258.02
1041.67
1041.67
986.09
986.09
1089.63
1089.63
947.13
947.13
1243.27
1243.27
693.00
693.00
821.34
821.34
904.83
904.83
612.82
612.82
1165.33
1165.33
873.41
873.41
1088.26
1088.26
886.84
886.84
1009.31
1009.31
1025.20
1025.20
686.61
686.61
1140.77
1140.77
690.07
690.07
667.41
667.41
682.46
682.46
639.26
639.26
593.67
593.67
582.20
582.20
432.11
432.11
311.22
311.22
742.98
742.98
1236.74
1236.74
966.02
966.02
1275.23
1275.23
807.49
807.49
1166.03
1166.03
748.74
748.74
908.33
908.33
806.59
806.59
1009.48
1009.48
1020.22
1020.22
1075.16
1075.16
1069.42
1069.42
1074.52
1074.52
882.76
882.76
659.61
659.61
1116.39
1116.39
66.72
66.72
348.88
348.88
758.80
758.80
1101.67
1101.67
503.83
503.83
1246.80
1246.80
1013.26
1013.26
984.63
984.63
1326.26
1326.26
1220.32
1220.32
926.01
926.01
1009.52
1009.52
1053.75
1053.75
934.51
934.51
762.80
762.80
904.69
904.69
1157.12
1157.12
1141.95
1141.95
1062.76
1062.76
946.73
946.73
1087.59
1087.59
840.99
840.99
901.51
901.51
887.65
887.65
987.52
987.52
829.16
829.16
1163.47
1163.47
878.02
878.02
1088.86
1088.86
1079.97
1079.97
918.89
918.89
782.51
782.51
1085.13
1085.13
829.81
829.81
1493.48
1493.48
805.29
805.29
895.39
895.39
1012.56
1012.56
839.03
839.03
704.10
704.10
1090.33
1090.33
1053.64
1053.64
917.94
917.94
424.53
424.53
1011.10
1011.10
1011.10
352.88
352.88
917.39
464.81
464.81
1134.13
1134.13
870.89
870.89
900.85
900.85
771.57
771.57
729.14
729.14
1046.37
1046.37
981.04
981.04
523.34
523.34
971.01
971.01
852.94
852.94
867.54
867.54
750.41
750.41
986.01
986.01
972.77
972.77
795.03
795.03
932.03
932.03
806.21
806.21
1091.36
1091.36
856.09
856.09
1072.34
1072.34
1058.77
1058.77
877.06
877.06
696.29
696.29
947.33
947.33
1033.67
1033.67
815.53
815.53
988.89
988.89
730.95
730.95
835.72
835.72
1091.97
1091.97
965.93
965.93
1266.71
1266.71
644.71
644.71
1062.64
1062.64
852.68
852.68
1229.33
1229.33
1031.21
1031.21
898.79
898.79
928.84
928.84
932.53
932.53
870.09
870.09
1526.17
1526.17
876.98
876.98
942.51
942.51
966.41
966.41
104.75
104.75
269.35
269.35
633.62
633.62
1133.74
1133.74
998.20
998.20
633.72
633.72
512.37
512.37
1118.47
1118.47
1043.71
1043.71
967.90
967.90
1129.76
1129.76
472.17
472.17
1088.94
1088.94
1080.36
1080.36
954.65
954.65
1331.20
1331.20
611.98
611.98
1424.32
1424.32
817.87
817.87
1004.36
1004.36
1139.10
1139.10
830.44
830.44
10.00
10.00
679.70
679.70
745.05
745.05
1234.30
1234.30
1087.28
1087.28
1044.48
1044.48
882.16
882.16
952.68
952.68
1119.20
1119.20
448.03
448.03
1146.25
1146.25
925.69
925.69
1111.82
1111.82
1174.55
1174.55
978.19
978.19
796.09
796.09
932.50
932.50
1249.75
1249.75
1048.63
1048.63
556.62
556.62
1112.27
1112.27
1435.28
1435.28
671.96
671.96
1117.22
1117.22
293.31
293.31
841.62
841.62
749.35
749.35
1138.96
1138.96
1061.09
1061.09
821.19
821.19
860.19
860.19
854.02
854.02
969.99
969.99
940.56
940.56
1021.93
1021.93
982.47
982.47
961.73
961.73
1141.27
1141.27
1220.37
1220.37
962.94
962.94
811.48
811.48
781.42
781.42
1059.26
1059.26
930.42
930.42
914.32
914.32
1089.59
1089.59
1054.19
1054.19
1229.53
1229.53
1140.09
1140.09
1033.84
1033.84
1054.79
1054.79
1124.02
1124.02
1086.69
1086.69
1136.33
1136.33
390.22
390.22
1385.93
1385.93
1247.80
1247.80
966.44
966.44
1053.28
1053.28
813.71
813.71
996.14
996.14
1020.66
1020.66
1068.18
1068.18
939.17
939.17
786.77
786.77
1059.49
1059.49
942.33
942.33
895.64
895.64
746.27
746.27
1053.81
1053.81
1036.14
1036.14
993.80
993.80
1037.01
1037.01
1070.74
1070.74
817.83
817.83
1008.40
1008.40
837.76
837.76
996.52
996.52
1144.49
1144.49
1225.15
1225.15
875.02
875.02
1095.66
1095.66
336.15
336.15
1241.11
1241.11
811.13
811.13
1025.37
1025.37
999.03
999.03
1077.86
1077.86
769.87
769.87
1316.82
1316.82
1298.03
1298.03
959.86
959.86
1514.06
1514.06
1114.99
1114.99
1073.74
1073.74
945.77
945.77
1044.33
1044.33
785.37
785.37
918.83
918.83
966.02
966.02
1166.22
1166.22
1032.25
1032.25
741.31
741.31
894.38
894.38
780.34
780.34
892.12
892.12
892.12
772.19
772.19
1132.74
1132.74
348.55
392.62
392.62
392.62
796.41
796.41
750.36
750.36
1058.49
1058.49
1193.45
1193.45
627.44
627.44
752.22
929.09
929.09
877.15
877.15
1000.63
1000.63
1132.52
1132.52
1132.52
1140.87
1116.50
1116.50
850.57
850.57
850.57
899.76
963.46
963.46
380.41
380.41
380.41
669.10
669.10
751.06
751.06
381.57
381.57
364.53
364.53
777.37
777.37
855.36
876.43
876.43
573.54
573.54
558.19
558.19
558.19
976.44
976.44
756.80
1396.23
1396.23
1396.23
965.77
472.41
472.41
472.41
554.55
554.55
891.34
891.34
960.95
960.95
1237.38
1171.04
1171.04
1171.04
653.25
1159.99
1159.99
1159.99
976.34
976.34
968.35
995.10
995.10
995.10
1064.01
1064.01
761.70
1203.72
1203.72
311.53
311.53
311.53
1249.15
799.27
799.27
799.27
1036.44
1540.76
1540.76
1540.76
986.32
986.32
832.95
1062.40
1062.40
758.73
758.73
758.73
1060.12
1060.12
897.52
553.39
553.39
553.39
740.29
740.29
200.77
200.77
648.93
648.93
895.38
1011.51
1011.51
1011.51
760.15
760.15
924.55
924.55
922.24
1172.20
1172.20
1172.20
650.88
1138.02
1138.02
1138.02
856.56
856.56
1162.19
1072.99
1072.99
1072.99
815.75
815.75
1045.53
1045.53
1063.35
901.40
901.40
901.40
1057.11
460.44
460.44
460.44
904.31
904.31
894.00
894.00
1402.02
1130.76
1130.76
1130.76
851.02
851.02
880.56
880.56
728.76
728.76
794.79
794.79
583.75
772.87
772.87
772.87
276.16
276.16
480.33
747.07
747.07
747.07
811.42
554.38
554.38
554.38
895.77
895.77
672.06
672.06
878.09
878.09
773.96
773.96
1031.43
1048.34
1048.34
1048.34
844.32
844.32
960.33
960.33
695.74
695.74
1087.27
1087.27
679.86
679.86
894.15
894.15
813.53
813.53
1076.79
1076.79
825.90
825.90
917.43
917.43
1297.09
1297.09
1143.55
1143.55
1076.81
1076.81
975.82
975.82
613.04
613.04
1166.72
1166.72
994.78
994.78
919.00
919.00
716.07
716.07
555.72
555.72
768.14
768.14
786.57
786.57
460.05
460.05
958.44
958.44
942.92
942.92
863.83
863.83
1164.76
1164.76
963.87
963.87
504.94
504.94
584.67
584.67
818.70
818.70
524.63
524.63
880.13
880.13
450.74
450.74
965.40
965.40
753.57
753.57
718.47
718.47
1031.37
1031.37
875.22
875.22
692.87
692.87
990.61
990.61
1005.61
1005.61
986.23
986.23
922.03
922.03
800.84
800.84
890.27
890.27
961.10
961.10
1019.42
1019.42
494.87
494.87
973.89
973.89
611.95
611.95
838.96
838.96
1267.04
1267.04
1024.32
1024.32
799.44
799.44
781.24
781.24
775.99
775.99
775.99
775.99
785.76
785.76
1334.20
1334.20
764.31
764.31
891.92
891.92
715.88
715.88
1129.00
1129.00
1070.97
1070.97
1148.93
1148.93
1111.78
1111.78
936.05
936.05
830.23
830.23
1089.69
1089.69
893.47
893.47
886.10
886.10
1024.46
1024.46
968.18
968.18
1165.23
1165.23
1126.81
1126.81
1288.59
1288.59
1150.93
1150.93
818.52
818.52
1029.96
1029.96
737.59
737.59
969.63
969.63
1074.04
1074.04
1107.68
1107.68
796.10
796.10
710.16
710.16
632.19
632.19
1418.24
1418.24
742.59
742.59
968.89
968.89
1275.08
1275.08
1021.88
1021.88
776.52
776.52
879.72
879.72
1045.44
1045.44
925.82
925.82
589.12
589.12
576.74
576.74
1135.60
1135.60
771.20
771.20
895.39
895.39
1035.31
1035.31
806.52
806.52
658.79
658.79
766.02
766.02
998.36
998.36
954.10
954.10
983.03
983.03
271.71
271.71
925.48
925.48
735.33
735.33
435.81
435.81
848.73
848.73
664.34
664.34
903.64
903.64
949.11
949.11
976.23
976.23
989.52
989.52
965.24
965.24
878.14
878.14
918.55
918.55
961.23
961.23
694.01
694.01
969.83
969.83
613.11
613.11
924.88
924.88
881.09
881.09
399.97
399.97
507.92
507.92
787.50
787.50
1140.56
1140.56
713.62
713.62
1070.81
1070.81
741.09
741.09
969.00
969.00
948.42
948.42
848.90
848.90
593.97
593.97
1055.94
1055.94
1074.59
1074.59
890.62
890.62
967.05
967.05
1057.57
1057.57
487.25
487.25
840.08
840.08
942.99
942.99
518.92
518.92
407.53
407.53
266.35
266.35
897.36
897.36
1080.40
1080.40
421.52
421.52
1076.08
1076.08
1161.66
1161.66
838.15
838.15
1041.91
1041.91
965.41
965.41
428.11
428.11
40.24
40.24
1027.98
1027.98
751.66
751.66
899.61
899.61
1265.70
1265.70
768.92
768.92
512.26
512.26
1047.60
1047.60
1049.17
1049.17
942.04
942.04
916.83
916.83
808.08
808.08
1204.40
1204.40
678.60
678.60
1084.09
1084.09
1289.94
1289.94
954.14
954.14
906.05
906.05
800.75
800.75
799.60
799.60
1168.51
1168.51
985.08
985.08
1140.42
1140.42
1171.21
1171.21
794.33
794.33
1017.66
1017.66
917.67
917.67
674.10
674.10
579.92
579.92
541.57
541.57
913.15
913.15
1199.56
1199.56
1145.20
1145.20
1130.23
1130.23
948.89
948.89
943.17
943.17
968.29
968.29
1092.54
1092.54
942.89
942.89
1142.72
1142.72
1150.49
1150.49
615.82
615.82
882.16
882.16
1169.59
1169.59
898.58
898.58
920.31
920.31
950.94
950.94
649.18
649.18
857.10
857.10
858.10
858.10
382.15
382.15
1009.43
1009.43
718.13
718.13
1071.15
1071.15
988.41
988.41
1115.96
1115.96
827.81
827.81
1111.37
1111.37
1157.26
1157.26
773.76
773.76
856.23
856.23
1022.85
1022.85
724.50
724.50
1549.59
1549.59
1140.16
1140.16
665.46
665.46
989.95
989.95
1269.85
1269.85
1073.22
1073.22
1087.47
1087.47
1393.51
1393.51
945.54
945.54
1154.90
1154.90
1162.55
1162.55
855.05
855.05
292.24
292.24
1092.49
1092.49
1163.43
1163.43
1139.53
1139.53
700.18
700.18
1016.00
1016.00
923.17
923.17
944.62
944.62
389.13
389.13
942.89
942.89
987.30
987.30
803.84
803.84
1022.27
1022.27
1217.49
1217.49
1180.75
1180.75
825.65
825.65
799.08
799.08
1250.07
1250.07
1035.52
1035.52
1139.42
1139.42
768.70
768.70
700.22
700.22
959.26
959.26
959.26
977.42
1047.99
1047.99
1047.07
1047.07
896.72
896.72
896.72
1169.82
978.21
978.21
1452.59
1452.59
1063.73
1063.73
739.16
739.16
1073.71
1073.71
1164.78
1164.78
983.61
983.61
964.57
964.57
1143.99
1143.99
1081.74
1081.74
459.40
459.40
1148.26
1148.26
996.87
996.87
568.57
568.57
1034.92
1034.92
964.97
964.97
901.13
901.13
988.16
988.16
789.63
789.63
951.52
951.52
760.53
760.53
992.74
992.74
794.42
794.42
898.23
898.23
1063.52
1063.52
719.43
719.43
851.57
851.57
981.20
981.20
1357.48
1357.48
964.02
964.02
1119.92
1119.92
942.56
942.56
897.84
897.84
1268.18
1268.18
525.72
525.72
510.79
510.79
1027.95
1027.95
968.17
968.17
942.76
942.76
820.49
820.49
772.17
772.17
771.23
771.23
893.53
893.53
740.05
740.05
1163.39
1163.39
1120.90
1120.90
779.24
779.24
920.87
920.87
851.60
851.60
618.45
618.45
1086.70
1086.70
864.63
864.63
855.35
855.35
944.08
944.08
916.52
916.52
957.43
957.43
1085.19
1085.19
1052.25
1052.25
680.77
680.77
832.60
832.60
1015.99
1015.99
1115.07
1115.07
825.92
825.92
1033.64
1033.64
1086.44
1086.44
944.93
944.93
923.44
923.44
739.30
739.30
1045.18
1045.18
923.12
923.12
944.29
944.29
988.98
988.98
961.48
961.48
1042.55
1042.55
395.62
395.62
264.03
264.03
753.84
753.84
661.96
661.96
618.82
618.82
428.71
428.71
1096.60
1096.60
1096.60
