# 1Hz Kbps trace generated by import_real_world_traces.py
942.12
1377.99
1377.99
1377.99
219.07
1551.00
1804.94
1995.27
1995.27
1944.11
1944.11
1944.11
774.76
774.76
1403.68
1490.69
1490.69
309.54
309.54
309.54
484.96
626.53
626.53
500.95
500.95
1696.95
1696.95
1696.95
1696.95
1696.95
1696.95
1130.26
1130.26
273.18
273.18
1908.23
1908.23
2192.55
2192.55
384.27
384.27
384.27
1903.47
1903.47
1775.71
1472.83
1472.83
737.38
737.38
533.64
533.64
533.64
435.48
435.48
10.00
10.00
411.69
411.69
358.12
358.12
162.62
162.62
418.55
775.44
775.44
943.46
943.46
1147.60
1147.60
957.48
957.48
961.98
961.98
1172.94
1172.94
878.55
878.55
878.55
878.55
878.55
779.40
779.40
779.40
1583.17
772.87
14.18
14.18
1097.64
1097.64
861.78
861.78
1032.36
1032.36
1552.85
1552.85
2043.32
2043.32
1106.37
1106.37
148.13
148.13
1121.61
1121.61
1565.01
1565.01
1407.85
1407.85
1875.40
1875.40
1875.40
1039.49
1039.49
2041.19
1512.00
1512.00
24.46
24.46
1398.28
1398.28
748.60
748.60
1811.95
1811.95
1680.31
1680.31
1277.81
1277.81
1540.30
1540.30
69.98
69.98
439.18
439.18
1285.91
1285.91
1743.13
1743.13
1170.42
1170.42
1275.00
1275.00
2004.50
2004.50
1006.55
1006.55
1804.94
1804.94
1575.26
1575.26
2171.53
2171.53
1102.98
1102.98
17.18
17.18
17.18
2306.52
1270.19
1270.19
1086.06
1086.06
1764.28
1764.28
2556.74
2556.74
2009.43
2009.43
1939.48
1939.48
1922.40
1922.40
1947.92
1947.92
1239.35
1239.35
1827.52
1827.52
1060.13
1060.13
1414.75
1414.75
979.26
979.26
307.30
307.30
220.70
220.70
1894.75
1894.75
1736.56
1736.56
1635.09
1635.09
1635.09
1528.90
813.63
813.63
813.63
859.88
859.88
28.68
11.28
11.28
11.28
278.19
278.19
558.78
558.78
1241.97
1241.97
1241.97
1263.54
1263.54
1263.54
1070.62
1070.62
1762.11
1762.11
1344.98
1344.98
1770.93
1770.93
1068.31
1068.31
1440.07
1440.07
1457.52
1457.52
1192.93
1192.93
1232.05
1232.05
938.34
938.34
1064.72
1064.72
2043.98
2043.98
569.23
569.23
736.81
736.81
1013.81
1013.81
1519.36
1519.36
1326.93
1326.93
1207.53
330.31
330.31
330.31
1189.91
1189.91
1308.82
1308.82
1448.33
1448.33
1645.56
1645.56
1899.59
1899.59
1674.30
1674.30
702.93
702.93
661.06
661.06
828.17
828.17
1079.62
1079.62
1412.99
1412.99
1339.82
1339.82
971.53
971.53
1498.07
1498.07
1438.25
1737.65
1737.65
1737.65
1229.46
1229.46
277.11
277.11
1035.92
1035.92
1168.54
1168.54
1030.32
1030.32
1551.77
1551.77
309.80
309.80
1031.37
1031.37
1657.13
1657.13
1409.85
1409.85
107.30
579.50
579.50
579.50
773.00
773.00
1548.04
1548.04
1515.65
1515.65
1575.60
1575.60
1273.54
1273.54
1882.93
1882.93
1884.77
1884.77
1556.12
1556.12
1277.41
1277.41
1440.71
1440.71
1309.73
2086.76
2086.76
2086.76
1840.65
1840.65
1316.20
1316.20
1401.31
1401.31
1833.52
1833.52
1833.52
1833.52
1833.52
1833.52
1607.78
1607.78
2276.32
2276.32
1548.87
1548.87
1035.42
1035.42
188.71
188.71
552.15
552.15
12.40
12.40
1419.40
1419.40
1372.78
1372.78
1498.97
1498.97
1411.66
1411.66
1381.01
1381.01
928.16
928.16
1179.47
1179.47
1421.00
1421.00
1706.19
1706.19
2131.37
2131.37
933.70
933.70
1837.35
1837.35
287.23
287.23
725.72
725.72
1158.10
1158.10
1822.84
1822.84
1903.80
1903.80
2022.93
2022.93
1253.26
1253.26
1172.79
1172.79
430.37
430.37
383.78
383.78
409.80
409.80
355.35
355.35
355.35
355.35
427.08
427.08
546.49
546.49
798.20
798.20
304.80
304.80
1075.59
1075.59
1304.37
1304.37
1462.83
1462.83
1402.39
1402.39
1653.66
1653.66
1409.37
1409.37
1397.14
1397.14
946.86
946.86
74.14
74.14
1614.99
1614.99
1279.38
1279.38
1566.27
1566.27
1127.27
1127.27
1064.69
1064.69
2290.73
2290.73
763.00
763.00
1474.79
1474.79
1648.24
1648.24
1343.80
1343.80
2253.95
2253.95
79.49
79.49
1146.17
1146.17
1222.74
1222.74
2595.73
2595.73
1292.68
1292.68
831.11
831.11
743.46
743.46
842.86
842.86
1262.83
1262.83
1236.67
1236.67
1142.34
1142.34
865.49
865.49
1734.53
1734.53
1500.68
1500.68
1527.05
1527.05
2346.59
2346.59
2346.59
407.92
492.87
492.87
247.98
247.98
1359.55
1359.55
1173.10
1173.10
1254.03
1254.03
1322.11
1322.11
1462.55
1462.55
1852.29
1852.29
1374.17
1374.17
2447.22
2447.22
108.14
108.14
2503.07
2503.07
1351.53
1351.53
1939.20
1939.20
991.78
991.78
1557.39
1557.39
877.27
877.27
1685.25
1685.25
1523.92
1523.92
925.69
925.69
1502.82
1502.82
1334.89
1334.89
89.93
89.93
855.33
855.33
528.19
528.19
1146.82
1146.82
581.33
581.33
581.33
902.55
1399.46
1399.46
1404.40
1404.40
1447.48
1447.48
1664.72
1664.72
1559.65
1559.65
2081.47
2081.47
1990.55
1990.55
1481.01
1481.01
13.12
13.12
699.94
699.94
734.34
734.34
1358.55
1358.55
1308.54
1308.54
1718.10
1718.10
1619.43
1619.43
824.55
824.55
1302.24
1302.24
1176.64
1176.64
1337.52
1337.52
744.33
744.33
1115.12
1115.12
1170.60
1170.60
1808.76
1808.76
1936.03
1936.03
1732.25
1732.25
1429.94
1429.94
1189.00
1189.00
1261.41
1261.41
1337.25
1337.25
1354.11
1354.11
1834.31
1834.31
1444.40
1444.40
76.12
76.12
1046.88
1046.88
762.34
762.34
271.10
271.10
1107.99
1107.99
1250.48
1250.48
1250.48
1250.48
1250.48
1250.48
1244.16
1244.16
1264.12
1264.12
1095.48
1095.48
1451.25
1451.25
1439.32
1439.32
1335.50
1335.50
1659.48
1659.48
681.00
681.00
1353.32
1353.32
374.05
374.05
1424.93
1424.93
1580.93
1580.93
1385.79
1385.79
642.84
642.84
1013.41
1013.41
1493.67
1493.67
1376.75
1376.75
77.54
77.54
1137.21
1137.21
1648.91
1648.91
1514.94
1514.94
1630.96
1630.96
1630.96
1630.96
1658.05
1658.05
32.98
32.98
2002.40
2002.40
1329.83
1329.83
2075.41
2075.41
225.40
225.40
2115.35
2115.35
1021.12
1021.12
1313.39
1313.39
1094.92
1094.92
745.29
745.29
1321.12
1321.12
1127.34
1127.34
693.97
693.97
1122.76
1122.76
809.34
809.34
1156.00
1156.00
1869.41
1869.41
1869.41
1976.87
1976.87
1534.45
291.81
291.81
660.85
660.85
100.01
100.01
465.65
465.65
1526.32
1526.32
1286.28
1286.28
157.25
157.25
951.97
951.97
905.17
905.17
1165.94
1165.94
2066.61
2066.61
1806.97
1806.97
77.33
77.33
735.55
735.55
1917.84
1917.84
1125.83
1125.83
898.15
898.15
1448.63
1448.63
663.30
663.30
1584.47
1584.47
1986.29
1986.29
922.93
922.93
1015.91
1015.91
615.31
615.31
1837.80
1837.80
642.64
642.64
57.01
57.01
1468.33
1468.33
1654.98
1654.98
2321.57
2321.57
2137.53
2137.53
1905.14
1905.14
713.19
713.19
2215.11
2215.11
1373.29
1373.29
150.79
150.79
1798.36
1798.36
2127.76
2127.76
877.78
877.78
28.73
28.73
16.64
16.64
1284.63
1284.63
1360.88
1360.88
923.15
923.15
545.47
545.47
1857.23
1857.23
1604.26
1604.26
1557.95
1557.95
1898.35
1898.35
489.82
489.82
1360.55
1360.55
1360.55
1138.73
1557.45
1557.45
1076.76
1076.76
801.22
801.22
1435.04
1435.04
354.56
354.56
1259.42
1259.42
1144.21
1144.21
1743.62
1743.62
1233.86
1233.86
1789.28
1789.28
1266.26
1266.26
1038.96
1038.96
1003.77
1003.77
15.32
15.32
1043.10
1043.10
1612.17
1612.17
1643.04
1643.04
1268.63
1268.63
1266.05
1266.05
1266.05
1266.05
1799.03
1799.03
1713.43
1713.43
1713.43
1713.43
2159.37
2159.37
2840.72
2840.72
995.08
995.08
1595.86
1595.86
3015.29
3015.29
2987.11
2987.11
1642.19
1642.19
1642.19
1642.19
1642.19
10.36
10.36
10.36
832.83
1636.14
411.74
411.74
1682.19
1682.19
1449.78
1449.78
20.94
20.94
20.94
20.94
379.04
326.15
326.15
399.44
456.06
456.06
698.51
698.51
1007.54
1007.54
1022.01
1022.01
1022.01
1022.01
731.28
731.28
181.29
181.29
1486.97
1486.97
1498.40
1498.40
959.55
959.55
1313.62
1313.62
1838.81
1838.81
1689.99
1689.99
1722.29
1722.29
865.94
865.94
13.25
13.25
550.43
550.43
1167.45
1167.45
1236.99
1236.99
1258.46
1258.46
652.58
652.58
418.79
418.79
1304.50
1304.50
1634.72
1634.72
342.50
342.50
1928.84
1928.84
1814.13
1814.13
1263.33
1263.33
1319.89
1319.89
1306.20
1306.20
1306.20
1306.20
1481.69
1481.69
1177.01
1177.01
13.96
13.96
2036.78
2036.78
562.85
562.85
987.98
987.98
334.31
334.31
1704.10
1704.10
1725.68
1725.68
822.06
822.06
822.06
643.82
643.82
1264.61
1264.61
1264.61
1141.75
1141.75
1707.14
1707.14
1793.77
1793.77
2090.98
2090.98
1441.28
1441.28
946.23
946.23
345.48
345.48
1082.06
1082.06
1850.08
1850.08
1392.44
1392.44
1064.48
1064.48
978.24
978.24
408.90
408.90
408.90
201.40
201.40
321.96
321.96
389.31
385.05
385.05
436.92
436.92
379.36
379.36
281.98
281.98
347.73
347.73
385.67
385.67
405.16
405.16
436.77
436.77
397.13
397.13
374.09
374.09
331.26
331.26
331.26
489.93
489.93
617.25
1023.25
1023.25
1104.63
1104.63
1574.46
1574.46
1055.34
1055.34
1695.25
1695.25
617.46
617.46
1260.65
1260.65
1746.67
1746.67
1434.91
1434.91
1723.52
1723.52
1207.53
1207.53
1207.53
1006.34
2213.55
2213.55
16.45
16.45
405.69
405.69
1235.71
1235.71
823.50
823.50
1036.10
1036.10
1179.37
1179.37
1585.22
1585.22
803.53
803.53
805.84
805.84
1439.93
1439.93
1238.16
1238.16
1238.16
1238.16
1238.16
1238.16
1238.16
1238.16
1238.16
1238.16
1486.95
1486.95
1516.68
1516.68
1373.18
1373.18
279.73
279.73
1491.11
1491.11
1310.62
1310.62
1682.81
1682.81
1745.63
1745.63
1745.63
870.46
357.47
357.47
1334.09
1334.09
168.17
168.17
909.24
909.24
777.26
777.26
480.37
480.37
480.37
480.37
395.24
395.24
391.04
118.69
118.69
417.67
586.47
586.47
804.04
804.04
883.33
883.33
1331.97
1331.97
1653.10
1653.10
1405.77
1405.77
1242.43
1242.43
1655.11
1655.11
586.62
586.62
586.62
586.62
372.31
372.31
383.00
383.00
412.67
412.67
422.07
422.07
147.73
444.55
494.16
494.16
632.16
632.16
953.93
953.93
1167.59
1167.59
1112.90
1112.90
1155.49
1155.49
1173.78
1173.78
1332.13
1332.13
2128.10
2128.10
1971.36
1971.36
970.10
970.10
901.13
901.13
901.13
2017.42
2017.42
2348.00
2348.00
1104.25
1392.83
1392.83
1392.83
1929.47
780.22
780.22
780.22
2480.53
2480.53
1714.89
1714.89
1596.05
1596.05
1596.05
1029.82
15.39
15.39
1635.80
1635.80
70.58
70.58
1102.58
1102.58
1433.63
1433.63
2042.30
2042.30
13.30
13.30
1979.60
1979.60
1979.60
1004.59
1278.19
1278.19
1382.64
1382.64
1039.95
607.51
607.51
607.51
1699.25
1699.25
3006.09
3006.09
144.99
144.99
973.04
973.04
472.40
472.40
1199.33
405.59
405.59
405.59
1261.87
1261.87
640.34
640.34
1301.83
1301.83
697.06
697.06
471.35
471.35
656.10
656.10
656.10
656.10
1757.10
1757.10
1542.47
1542.47
1040.77
1040.77
1087.78
1087.78
1935.99
1935.99
64.76
64.76
1167.35
1167.35
859.41
859.41
1130.27
1130.27
1045.20
1045.20
1009.00
1009.00
1849.51
1849.51
1537.85
1537.85
1643.48
1643.48
1113.80
1113.80
1153.91
1153.91
491.95
491.95
936.56
936.56
1195.82
1195.82
1381.45
1381.45
414.48
414.48
400.98
400.98
60.98
60.98
460.52
460.52
813.52
813.52
272.54
272.54
851.98
851.98
10.00
10.00
1089.81
1089.81
887.85
887.85
1369.42
1369.42
599.12
599.12
1344.81
1344.81
37.53
37.53
1195.73
1195.73
271.88
271.88
689.73
689.73
1520.06
1520.06
1897.43
1897.43
221.13
221.13
1304.14
1304.14
1304.14
1304.14
1925.51
1925.51
1568.91
1568.91
1603.82
1603.82
1723.33
1723.33
1819.24
1819.24
1860.22
1860.22
1894.69
1894.69
1190.56
1190.56
1734.97
1734.97
1889.32
1889.32
1889.32
1889.32
1715.32
1715.32
1196.62
1196.62
1196.62
1196.62
1084.65
1084.65
1296.08
1296.08
912.95
912.95
1381.22
1381.22
1272.72
1272.72
910.47
910.47
1804.86
1804.86
1887.76
1887.76
961.02
961.02
10.00
10.00
905.99
905.99
1373.51
1373.51
1373.51
1373.51
1215.08
1215.08
1215.08
1215.08
1291.13
1291.13
1397.45
1397.45
779.51
779.51
1303.96
1303.96
1218.77
1218.77
1218.77
355.00
1915.67
1915.67
1451.00
1451.00
1390.78
1390.78
1861.51
1861.51
1111.14
1111.14
1876.76
1876.76
1458.99
1458.99
1233.40
1233.40
736.01
736.01
387.11
387.11
387.11
586.78
1431.85
1431.85
1441.25
1441.25
1405.23
1405.23
1323.60
1323.60
1210.05
1210.05
1210.05
1210.05
569.66
569.66
770.78
770.78
1091.67
1091.67
1109.68
1109.68
863.86
863.86
1398.83
1398.83
569.93
569.93
143.66
143.66
457.58
457.58
244.48
244.48
486.53
486.53
631.09
631.09
894.38
894.38
974.47
974.47
840.43
840.43
1173.32
1173.32
1015.56
1015.56
903.43
903.43
381.36
381.36
921.02
921.02
712.16
712.16
639.95
639.95
617.95
617.95
623.30
623.30
623.79
623.79
1516.92
1516.92
1662.30
1662.30
140.57
140.57
949.55
949.55
1229.64
1229.64
1201.31
1201.31
205.14
205.14
131.13
131.13
1300.99
1300.99
1300.99
373.36
373.36
10.00
10.00
335.69
335.69
128.75
540.44
540.44
779.60
779.60
1149.52
1149.52
857.66
857.66
1118.13
1118.13
1157.97
1157.97
863.58
863.58
834.46
834.46
999.90
999.90
388.08
388.08
388.08
177.47
452.53
452.53
864.97
864.97
1143.22
1143.22
1551.68
1551.68
1374.11
1374.11
1439.22
1439.22
1054.08
1054.08
389.84
389.84
144.53
144.53
144.53
364.10
337.45
337.45
227.94
227.94
295.12
295.12
434.36
434.36
338.62
338.62
382.14
382.14
426.20
426.20
682.72
682.72
887.15
887.15
1285.60
1285.60
1680.16
1680.16
1503.20
1503.20
889.63
889.63
1420.71
1420.71
183.71
183.71
1974.24
1974.24
174.31
174.31
1508.34
1508.34
1250.41
1250.41
1166.06
1166.06
1099.25
1099.25
1201.51
1201.51
1134.73
1134.73
1140.25
1140.25
749.89
749.89
442.38
442.38
1498.53
1498.53
883.89
883.89
16.33
16.33
628.83
628.83
1445.61
1445.61
1445.61
1445.61
1445.61
426.68
546.46
546.46
791.43
791.43
652.59
652.59
735.33
735.33
407.80
407.80
222.69
222.69
498.11
498.11
94.14
94.14
366.21
366.21
603.14
603.14
406.26
406.26
723.18
723.18
817.19
817.19
1204.82
1204.82
1230.88
1230.88
1387.14
1387.14
1897.44
1897.44
12.13
12.13
12.13
1281.81
1412.25
1412.25
1137.35
1137.35
1639.10
1639.10
1531.67
1531.67
1394.12
1394.12
853.87
853.87
853.87
292.05
292.05
418.11
418.11
411.53
769.79
769.79
895.59
895.59
755.31
755.31
1294.29
1294.29
1023.36
1023.36
1208.88
1208.88
1227.88
1227.88
1542.01
1542.01
1167.27
1167.27
960.50
960.50
1604.16
1604.16
2053.23
2053.23
948.73
948.73
1410.76
1410.76
1982.91
1982.91
2353.86
2353.86
2279.35
2279.35
1267.43
1267.43
1027.21
1027.21
391.88
391.88
391.88
10.00
2179.06
2179.06
1363.65
1363.65
779.70
779.70
849.39
849.39
237.06
237.06
1505.19
1505.19
787.60
787.60
1257.61
1257.61
56.03
56.03
1949.34
1949.34
1827.27
1827.27
1066.72
1066.72
1159.16
1159.16
564.66
564.66
1012.46
1012.46
920.37
920.37
471.86
471.86
1164.71
1164.71
1042.76
1042.76
1397.60
1397.60
1131.15
1131.15
1621.51
1621.51
1099.15
1099.15
1160.15
1160.15
996.55
996.55
1502.72
1502.72
1103.35
1103.35
1111.84
1111.84
10.00
10.00
797.45
797.45
12.31
12.31
1268.39
1268.39
1594.48
1594.48
1552.65
1552.65
1453.45
1453.45
652.64
652.64
1058.98
1058.98
645.58
645.58
822.02
822.02
1329.62
1329.62
13.41
13.41
2045.29
2045.29
1489.37
1489.37
1813.56
1813.56
2489.03
2489.03
666.17
666.17
1596.67
1596.67
1571.12
1571.12
2324.40
2324.40
2318.95
2318.95
2356.46
2356.46
2011.93
2011.93
1472.06
1472.06
1470.07
1470.07
1612.12
1612.12
1079.53
1079.53
1666.95
1666.95
2209.86
2209.86
1595.77
1595.77
1903.75
1903.75
249.93
249.93
2879.24
2879.24
679.57
679.57
2094.93
2094.93
1277.30
1277.30
1277.30
908.54
1515.47
1515.47
1979.31
1979.31
1975.67
1975.67
1152.06
1152.06
1304.04
1304.04
141.10
141.10
10.00
10.00
1834.76
1834.76
1914.14
1914.14
1354.71
1354.71
137.55
137.55
1148.57
1148.57
1148.57
277.77
277.77
404.03
485.40
485.40
1213.46
1213.46
1136.22
1136.22
1726.87
1726.87
1573.62
1573.62
1364.72
1364.72
1048.29
1048.29
305.89
305.89
1445.39
1445.39
1615.90
1615.90
1949.17
1949.17
1492.56
1492.56
1492.56
1492.56
145.28
833.39
833.39
1393.62
777.25
777.25
14.59
14.59
1001.16
1001.16
459.00
459.00
1037.27
1037.27
1556.81
1556.81
1538.66
1538.66
1651.62
1651.62
1651.62
1527.98
1151.97
1151.97
526.00
526.00
1065.10
1065.10
1065.10
1065.10
404.59
92.19
413.85
413.85
368.90
368.90
10.00
10.00
411.84
411.84
254.74
254.74
531.88
531.88
1037.90
1037.90
984.39
984.39
1654.81
1654.81
1414.54
1414.54
1590.05
1590.05
733.46
733.46
1388.38
1388.38
911.89
911.89
2054.85
2054.85
1480.80
1480.80
436.35
436.35
312.05
312.05
1891.83
1891.83
2847.69
2847.69
2847.69
2847.69
802.62
802.62
1471.54
1471.54
10.00
10.00
1673.85
1673.85
1499.38
1499.38
12.71
12.71
12.71
1109.59
1571.28
1571.28
382.81
382.81
1342.80
1342.80
893.79
893.79
1995.89
1995.89
1995.89
604.69
604.69
2163.38
2163.38
808.21
50.77
50.77
17.18
17.18
486.71
486.71
1641.62
1641.62
492.04
492.04
1404.91
1404.91
1367.37
1367.37
839.32
839.32
1483.48
1483.48
540.47
540.47
1087.93
1087.93
1799.56
1799.56
1785.49
1785.49
1238.62
1238.62
1975.08
1975.08
1387.65
1387.65
178.93
178.93
1352.16
1352.16
18.12
18.12
1582.22
1582.22
1122.40
1122.40
62.39
62.39
1903.96
1903.96
1133.26
1133.26
636.73
636.73
1941.77
1941.77
1394.47
1394.47
651.01
651.01
2278.51
2278.51
970.84
970.84
1114.01
1114.01
1749.30
1749.30
2091.23
2091.23
2404.30
2404.30
232.93
232.93
1901.52
1901.52
1094.90
1094.90
672.76
672.76
2373.33
2373.33
168.89
168.89
31.48
31.48
1601.77
1601.77
17.75
17.75
867.00
867.00
1761.91
1761.91
35.25
35.25
1836.68
1836.68
1686.09
1686.09
1681.60
1681.60
1827.67
1827.67
1045.41
1045.41
278.25
278.25
1767.60
1767.60
974.98
974.98
1613.33
1613.33
1613.33
1588.71
1588.71
836.16
1516.35
1516.35
1136.54
1136.54
840.52
840.52
1732.64
1732.64
679.46
679.46
679.46
913.57
1944.26
1944.26
1796.06
1796.06
1367.48
1367.48
576.49
576.49
1075.26
1075.26
1722.04
1722.04
1354.73
1354.73
1920.55
1920.55
1421.33
1421.33
947.45
947.45
690.07
690.07
1304.90
1304.90
1304.90
906.93
906.93
585.38
1493.08
1493.08
1493.08
850.56
227.87
227.87
1079.19
1079.19
1215.36
1215.36
1561.56
1561.56
839.14
839.14
1478.62
1478.62
1478.62
1222.78
976.96
976.96
160.23
160.23
160.23
2044.00
2044.00
375.90
375.90
1316.56
1316.56
1858.48
1503.18
1503.18
1503.18
1704.90
1704.90
1450.97
1450.97
883.48
883.48
93.90
93.90
1490.50
1490.50
1433.68
1433.68
639.93
639.93
1530.81
1530.81
906.05
906.05
375.49
375.49
375.49
378.81
409.54
409.54
476.80
476.80
691.23
691.23
1251.70
1251.70
553.39
553.39
224.77
224.77
1541.49
1315.68
1315.68
1315.68
978.19
978.19
1892.59
1892.59
646.39
646.39
1158.79
1158.79
603.52
603.52
970.52
970.52
1579.69
1579.69
697.11
697.11
1445.51
1445.51
1574.99
1574.99
518.76
936.24
936.24
936.24
1445.26
1445.26
1160.47
1160.47
1680.09
1680.09
2069.51
2069.51
1603.60
1603.60
1603.60
1603.60
2280.61
2280.61
1318.78
1318.78
737.45
737.45
1699.71
1699.71
52.65
52.65
522.73
522.73
1432.65
1432.65
1479.11
1479.11
421.20
421.20
421.20
421.20
413.69
413.69
413.69
413.69
267.66
267.66
353.88
353.88
431.62
431.62
382.72
382.72
223.44
223.44
550.68
550.68
595.20
595.20
762.66
762.66
945.68
945.68
945.68
945.68
811.08
811.08
1465.01
1465.01
1206.62
1206.62
1206.62
1206.62
1206.62
1206.62
1853.43
1853.43
806.10
1454.73
1454.73
1454.73
18.20
18.20
1474.01
1474.01
1474.01
1474.01
1474.01
1474.01
1122.08
1122.08
883.93
883.93
1521.13
1521.13
1521.13
1521.13
1392.53
1392.53
1606.59
1606.59
1563.36
1563.36
2445.78
2445.78
25.47
25.47
1355.09
1355.09
2110.66
2110.66
1740.70
1740.70
988.39
988.39
841.98
841.98
1012.72
1012.72
403.49
403.49
1238.38
1238.38
1528.65
1528.65
1660.55
1660.55
1660.55
1660.55
1198.24
1198.24
1888.74
1888.74
1862.96
1862.96
217.00
217.00
1808.74
1808.74
10.00
10.00
1501.17
1501.17
1310.33
1310.33
91.94
91.94
851.74
851.74
1907.32
1907.32
1709.64
1709.64
1128.23
1128.23
1088.04
1088.04
1378.84
1378.84
1322.24
1322.24
1230.65
1230.65
1332.58
1332.58
1440.55
1440.55
916.16
916.16
659.10
659.10
1726.37
1726.37
1841.46
1841.46
1317.09
1317.09
1801.59
1801.59
279.71
279.71
1740.83
1740.83
1740.83
126.55
1404.13
1404.13
1240.64
1240.64
940.68
940.68
131.05
131.05
963.32
963.32
1451.42
1451.42
1283.50
1283.50
1518.71
1518.71
1401.97
1401.97
1449.30
1449.30
1932.28
1932.28
1460.34
1460.34
871.59
871.59
804.00
804.00
1364.29
1364.29
1131.64
1131.64
471.62
471.62
1325.83
1325.83
1089.62
1089.62
698.38
698.38
1315.93
1315.93
1315.93
14.65
14.65
1547.93
18.98
18.98
1786.48
1786.48
864.21
864.21
124.96
124.96
1256.25
1256.25
1227.12
1227.12
1472.17
1472.17
1472.17
58.53
900.77
900.77
1722.40
1722.40
1389.22
1389.22
743.08
743.08
1628.29
1628.29
1878.00
1878.00
2870.53
2870.53
694.36
694.36
1268.57
1268.57
39.28
39.28
939.98
939.98
818.23
818.23
1555.47
1555.47
1555.47
47.15
47.15
47.15
47.15
582.44
305.39
305.39
1442.65
1442.65
1525.87
1525.87
1618.03
1618.03
1885.82
1885.82
12.48
12.48
1839.17
1839.17
115.89
115.89
1353.41
1353.41
1614.72
1614.72
337.89
337.89
10.00
10.00
300.82
300.82
2607.10
2607.10
160.82
160.82
1440.05
1440.05
10.00
10.00
2026.63
2026.63
2199.31
2199.31
1486.05
1486.05
1524.69
1524.69
1233.56
1233.56
1769.48
1769.48
65.16
65.16
715.54
715.54
1116.36
1116.36
1958.48
1958.48
1453.93
1453.93
199.53
199.53
2066.60
2066.60
10.00
10.00
1816.87
1816.87
1355.09
1355.09
1316.92
1316.92
1282.12
1282.12
1578.25
1578.25
1696.76
1696.76
2200.43
2200.43
2127.56
2127.56
1874.65
1874.65
986.56
986.56
435.01
435.01
574.01
574.01
1495.71
1495.71
1404.59
1404.59
520.60
520.60
1196.96
1196.96
1193.64
1193.64
889.35
889.35
643.63
643.63
2264.28
2264.28
984.62
984.62
1382.71
1382.71
2351.84
2351.84
1195.70
1195.70
10.63
10.63
1712.41
1712.41
1960.56
1960.56
1960.56
1960.56
1960.56
1960.56
1960.56
1960.56
1960.56
1960.56
1755.92
1755.92
1527.17
1527.17
1241.47
1241.47
1169.50
1169.50
2395.35
2395.35
1814.61
1814.61
1700.17
1700.17
10.00
10.00
753.10
753.10
1657.92
1657.92
1527.64
1527.64
676.01
676.01
1290.27
1290.27
2282.70
2282.70
1582.21
1582.21
2163.68
2163.68
1276.54
1276.54
436.06
436.06
1862.47
1862.47
1660.51
1660.51
1574.71
1574.71
19.60
19.60
1397.81
1397.81
1281.20
1281.20
2565.65
2565.65
583.86
583.86
1429.67
1429.67
1844.21
1844.21
1271.56
1271.56
1288.64
1288.64
1738.66
1738.66
1668.22
1668.22
1027.13
1027.13
1254.37
1254.37
2150.85
2150.85
1310.45
1310.45
823.97
823.97
642.28
642.28
799.28
799.28
931.69
931.69
1385.68
1385.68
1385.68
1385.68
1385.68
129.90
129.90
223.85
337.41
337.41
337.41
249.74
249.74
393.65
395.27
395.27
117.81
117.81
117.81
329.58
414.87
414.87
356.07
356.07
511.94
511.94
903.89
903.89
1131.35
1131.35
1070.73
1070.73
1398.90
1398.90
1562.01
1562.01
2107.78
2107.78
1493.41
1493.41
430.03
430.03
675.98
675.98
1712.68
1712.68
2669.76
2669.76
1402.67
1402.67
232.17
232.17
1801.72
1801.72
1453.75
1453.75
1272.21
1272.21
1922.78
1922.78
2184.87
2184.87
1095.38
1095.38
201.00
201.00
1335.50
1335.50
1629.64
1629.64
2681.95
2681.95
1033.61
1033.61
345.89
345.89
345.89
1204.01
1204.01
1204.01
119.47
119.47
1745.36
1745.36
1718.41
1718.41
387.25
387.25
1999.63
1999.63
1463.25
1463.25
10.00
10.00
2037.73
2037.73
1662.36
1662.36
882.12
882.12
1251.44
1251.44
1353.35
1353.35
1560.26
1560.26
1297.27
1297.27
1690.10
1690.10
1243.18
1243.18
1147.43
1147.43
646.04
646.04
646.04
135.79
135.79
385.86
385.86
389.06
389.06
688.74
892.56
892.56
1138.05
1138.05
12.62
12.62
1186.16
1186.16
1514.89
1514.89
993.55
993.55
1319.58
1319.58
656.61
656.61
1147.52
1147.52
76.12
76.12
634.60
634.60
1291.48
1291.48
1413.98
1413.98
1568.40
1568.40
1359.22
1359.22
1683.62
1683.62
813.64
813.64
1764.53
1764.53
1608.52
1608.52
1409.94
1409.94
1597.49
1597.49
1903.92
1903.92
989.44
989.44
709.78
709.78
1064.99
1064.99
1402.03
1402.03
2008.28
2008.28
1047.33
1047.33
1047.33
1047.33
1047.33
1047.33
10.00
10.00
1682.24
1682.24
1904.35
1904.35
1943.91
1943.91
1943.91
1943.91
1040.48
1040.48
2028.01
2028.01
1940.27
1940.27
726.47
726.47
2598.71
2598.71
2598.71
2598.71
2225.46
2225.46
1003.93
1003.93
1748.08
1748.08
1575.38
1575.38
1184.72
1184.72
16.09
16.09
1614.52
1614.52
1466.01
1466.01
576.72
576.72
410.07
410.07
404.08
404.08
897.99
897.99
1246.94
1246.94
1411.31
1411.31
1037.54
1037.54
804.74
804.74
1531.84
1531.84
1559.89
1559.89
2018.91
2018.91
2303.98
2303.98
2022.65
2022.65
671.60
671.60
433.16
433.16
455.73
455.73
734.08
734.08
10.00
10.00
1335.53
1335.53
1664.03
1664.03
1210.36
1210.36
1676.90
1676.90
1825.41
1825.41
1024.23
1024.23
10.00
10.00
653.47
653.47
653.47
1117.82
1117.82
1117.82
1117.82
2427.52
987.50
987.50
704.35
704.35
2250.03
2250.03
74.48
74.48
10.00
10.00
2155.77
2155.77
650.22
650.22
2719.59
2719.59
1710.46
1710.46
1047.00
1047.00
1777.34
1777.34
1843.49
1843.49
1323.67
1323.67
1323.67
1150.92
1150.92
1217.76
1217.76
787.90
1144.26
1144.26
1144.26
94.78
608.93
608.93
1668.51
1668.51
1668.51
791.26
791.26
995.17
1103.32
1103.32
649.07
649.07
961.65
961.65
505.95
505.95
1470.06
1470.06
19.04
19.04
1017.65
1017.65
1210.96
1210.96
2312.97
2312.97
602.30
602.30
626.15
626.15
1627.62
1627.62
1814.48
1814.48
1771.92
1771.92
326.65
326.65
231.46
231.46
1701.96
1701.96
152.16
152.16
16.83
16.83
976.47
976.47
1367.70
1367.70
987.21
987.21
987.21
987.21
987.21
279.92
417.93
417.93
417.93
120.45
120.45
278.47
287.28
287.28
478.08
478.08
262.84
262.84
824.57
824.57
978.20
978.20
900.37
900.37
1147.02
1147.02
1070.40
1070.40
1362.00
1362.00
1362.00
33.93
33.93
1720.02
113.08
113.08
1213.16
1213.16
1683.34
1683.34
2111.45
2111.45
2640.54
2640.54
1832.82
1832.82
314.02
314.02
314.02
1315.41
1521.99
1521.99
117.95
117.95
812.43
812.43
899.71
899.71
398.42
398.42
1911.09
1911.09
751.78
751.78
1522.04
1522.04
1351.58
1351.58
1118.99
1118.99
1094.71
1094.71
1228.43
1228.43
1191.73
1191.73
1224.75
1224.75
1224.75
1224.75
1224.75
650.45
1017.10
1017.10
1017.10
595.28
595.28
1572.14
2474.50
2474.50
2474.50
1800.32
1087.85
1087.85
1087.85
1757.38
1757.38
214.59
1364.30
1364.30
1364.30
229.88
229.88
1378.76
1378.76
74.68
74.68
731.62
1873.90
1873.90
1873.90
1199.88
1199.88
588.89
588.89
878.89
878.89
128.11
128.11
1445.72
1445.72
1447.86
1447.86
1900.83
1900.83
1800.85
1800.85
1358.71
1358.71
20.16
20.16
1165.86
1165.86
917.57
917.57
1041.28
1041.28
1753.78
13.15
13.15
13.15
1946.89
1745.97
1745.97
1745.97
1788.10
1788.10
720.93
720.93
1526.28
1526.28
1686.30
1686.30
939.92
939.92
177.36
177.36
1532.13
1532.13
2233.21
2233.21
738.89
738.89
2774.84
2774.84
1463.61
1463.61
1463.61
950.17
950.17
950.17
1775.76
1775.76
193.98
193.98
3311.43
3311.43
13.16
13.16
839.61
839.61
2005.39
2005.39
1986.28
1986.28
1678.05
1678.05
1734.05
1734.05
43.91
43.91
10.26
10.26
10.26
821.35
21.79
21.79
1499.93
1499.93
416.67
416.67
1730.23
1730.23
943.38
943.38
950.83
950.83
1241.80
1241.80
822.59
822.59
1089.20
1089.20
1676.37
1676.37
1239.81
1239.81
82.72
82.72
1443.96
1443.96
81.19
81.19
1586.27
1586.27
1555.78
1555.78
255.05
255.05
1589.45
1589.45
824.95
824.95
932.98
932.98
932.98
303.79
303.79
172.67
221.20
221.20
428.03
428.03
707.29
707.29
971.15
971.15
926.37
926.37
1032.93
1032.93
1217.28
1217.28
1540.75
1540.75
1407.24
1407.24
1407.24
1407.24
397.67
397.67
424.82
424.82
424.82
406.85
406.85
10.00
310.33
310.33
427.68
427.68
399.87
399.87
281.98
281.98
373.94
373.94
469.66
469.66
124.09
124.09
463.17
463.17
585.83
585.83
1076.13
1076.13
1128.34
1128.34
1128.34
1128.34
917.50
917.50
1320.87
1320.87
1246.61
1246.61
1587.77
1587.77
1555.91
1555.91
1363.28
1363.28
1581.29
1581.29
1661.99
1661.99
1057.63
1057.63
930.53
930.53
1134.30
1134.30
256.48
256.48
1444.74
1444.74
1444.74
1444.74
1387.39
1387.39
1241.76
1241.76
1141.10
1141.10
1141.10
1141.10
1472.39
1472.39
1822.40
1822.40
733.96
733.96
2149.59
2149.59
1877.18
1877.18
11.78
11.78
610.65
610.65
184.48
184.48
973.80
973.80
1423.40
1423.40
1936.63
1936.63
1083.11
1083.11
1411.74
1411.74
1789.84
1789.84
2416.55
2416.55
1355.36
1355.36
177.39
177.39
1346.67
1346.67
473.00
473.00
988.84
988.84
829.16
829.16
829.16
829.16
828.09
828.09
1782.76
1782.76
2107.84
2107.84
983.37
983.37
2268.52
2268.52
162.27
162.27
1357.76
1357.76
2007.09
2007.09
275.48
275.48
1773.51
1773.51
678.20
678.20
16.88
16.88
1291.29
1291.29
1611.41
1611.41
219.63
219.63
1087.96
1087.96
1197.95
1197.95
579.75
579.75
1244.14
1244.14
58.60
58.60
1656.60
1656.60
2044.88
2044.88
802.40
802.40
1716.60
1716.60
2836.45
2836.45
1129.68
1129.68
146.94
146.94
1830.19
1830.19
1940.44
1940.44
1277.11
1277.11
299.44
299.44
1891.31
1891.31
1692.64
1692.64
1855.16
1855.16
1102.35
1102.35
1831.35
1831.35
1089.63
1089.63
1089.63
1089.63
144.90
452.14
452.14
407.24
95.43
95.43
95.43
338.73
380.82
380.82
387.73
387.73
10.00
10.00
319.98
319.98
378.74
378.74
244.05
244.05
312.17
312.17
171.74
171.74
171.74
622.12
1115.80
1115.80
1139.91
1139.91
1097.35
1097.35
1452.32
1452.32
1629.86
1629.86
2122.77
2122.77
1888.39
1888.39
1158.22
1158.22
841.63
841.63
1238.68
1238.68
165.75
165.75
281.69
281.69
1304.25
1304.25
1324.43
1324.43
1009.36
1009.36
116.26
116.26
1570.67
1570.67
16.84
16.84
999.35
999.35
999.35
999.35
1030.13
1030.13
1488.29
1488.29
1134.04
1134.04
1253.38
1253.38
1495.81
1495.81
929.98
929.98
1236.70
1236.70
1564.62
1564.62
2170.23
2170.23
1586.58
1586.58
1093.54
1093.54
1508.13
1508.13
1488.97
1488.97
1266.41
1266.41
1681.65
1681.65
1451.76
1451.76
1236.45
1236.45
1539.34
1539.34
1192.74
1192.74
1456.23
1456.23
110.76
110.76
1341.55
1341.55
276.95
276.95
1302.11
1302.11
1368.98
1368.98
1329.34
1329.34
1238.86
1238.86
293.65
293.65
1823.99
1823.99
12.29
12.29
1533.81
1533.81
1147.00
1147.00
2674.02
2674.02
1261.29
1261.29
12.71
12.71
1354.88
1354.88
1187.65
1187.65
604.33
604.33
1397.14
1397.14
1327.12
1327.12
259.40
259.40
1539.57
1539.57
1737.53
1737.53
1605.07
1605.07
1869.53
1869.53
1869.53
1869.53
127.96
127.96
629.95
629.95
1626.80
1626.80
631.96
631.96
798.44
798.44
1522.16
1522.16
1522.16
1522.16
22.07
22.07
1593.47
1593.47
88.22
88.22
1359.86
1359.86
514.20
514.20
2037.69
2037.69
602.43
602.43
31.56
31.56
396.67
396.67
425.14
425.14
425.14
418.81
418.81
409.05
409.05
349.69
326.92
326.92
452.81
452.81
355.04
355.04
385.91
385.91
120.84
120.84
679.57
679.57
744.59
744.59
714.42
714.42
1252.31
1252.31
1039.22
1039.22
1388.07
1388.07
795.15
795.15
1385.56
1385.56
477.64
477.64
1036.50
1036.50
475.42
475.42
1313.97
1313.97
1606.73
1606.73
239.12
239.12
1848.13
1848.13
1918.44
1918.44
17.19
17.19
1204.23
1204.23
10.00
10.00
690.00
690.00
1322.29
1322.29
1480.63
1480.63
2293.49
2293.49
10.00
10.00
1718.60
1718.60
1400.26
1400.26
1701.76
1701.76
1227.33
1227.33
1122.11
1122.11
1527.07
1527.07
1245.69
1245.69
1245.69
1614.99
1614.99
374.40
374.40
374.40
10.00
10.00
1408.54
1408.54
2123.20
2123.20
388.89
388.89
388.89
384.35
384.35
390.12
504.07
504.07
696.32
696.32
940.14
940.14
1023.22
1023.22
1510.26
1510.26
1491.89
1491.89
1752.61
1752.61
1489.64
1489.64
1555.55
1555.55
518.57
518.57
1005.72
1005.72
12.16
12.16
202.14
202.14
900.18
900.18
800.66
800.66
800.66
275.91
2536.22
2536.22
426.50
426.50
1430.83
1430.83
2351.05
2351.05
2166.12
2166.12
1654.65
1654.65
2180.97
2180.97
2628.21
2628.21
1453.40
1453.40
1604.63
1604.63
876.21
876.21
1957.66
1957.66
2294.19
2294.19
1488.85
1488.85
2356.38
2356.38
2923.26
2923.26
1143.96
1143.96
1152.67
1152.67
32.66
32.66
1864.68
1864.68
2075.18
2075.18
1714.19
1714.19
368.49
368.49
1704.17
1704.17
1160.43
1160.43
25.39
25.39
1414.45
1414.45
1867.63
1867.63
700.20
700.20
1475.38
1475.38
10.00
10.00
1844.50
1844.50
1774.61
1774.61
1380.23
1380.23
1378.97
1378.97
33.60
33.60
1462.44
1462.44
265.51
265.51
1500.89
1500.89
192.95
192.95
1091.60
1091.60
1417.95
1417.95
1081.71
1081.71
1591.67
1591.67
1059.94
1059.94
1432.47
1432.47
1432.47
1702.60
1702.60
1805.25
2661.72
2661.72
719.57
719.57
974.83
974.83
1307.98
1307.98
1408.80
1408.80
23.46
23.46
1117.75
1117.75
2468.97
2468.97
2359.91
2359.91
1299.02
1299.02
1960.53
1960.53
1100.47
1100.47
1100.47
1100.47
1273.00
136.43
1763.60
1763.60
898.97
898.97
1506.20
1506.20
956.28
956.28
1472.89
1472.89
50.22
50.22
10.00
10.00
1258.16
1258.16
1471.89
1471.89
1803.29
1803.29
86.60
86.60
86.60
888.16
1377.31
1377.31
1371.98
1371.98
1344.08
1344.08
80.37
80.37
651.87
651.87
16.70
16.70
1415.58
1415.58
1569.21
1569.21
10.00
10.00
877.04
877.04
364.62
364.62
418.37
418.37
132.05
132.05
132.05
380.06
398.66
398.66
433.46
433.46
418.16
418.16
384.99
384.99
216.02
216.02
104.06
104.06
163.69
163.69
193.64
193.64
317.18
317.18
877.48
877.48
1268.62
1268.62
1197.69
1197.69
1301.12
1301.12
1260.16
1260.16
14.52
14.52
1220.54
1220.54
961.92
961.92
1136.81
1136.81
1526.95
1526.95
936.50
936.50
1549.36
1549.36
1422.76
1422.76
1948.74
1948.74
1712.09
1712.09
1330.20
1330.20
978.32
978.32
1715.70
1715.70
981.18
981.18
1485.31
1485.31
1985.80
1985.80
107.73
107.73
1696.91
1696.91
145.79
145.79
2008.94
2008.94
1734.17
1734.17
1765.23
1765.23
2149.96
2149.96
1563.27
1563.27
882.09
882.09
1905.44
1905.44
1621.16
1621.16
2226.08
2226.08
1567.69
1567.69
130.20
130.20
1196.40
1196.40
622.81
622.81
929.51
929.51
1042.65
1042.65
948.78
948.78
948.78
948.78
1153.48
1153.48
834.90
834.90
1530.49
1530.49
1288.49
1288.49
1239.67
1239.67
1239.67
1239.67
1080.73
1080.73
1551.30
1551.30
1449.76
1449.76
1023.91
1023.91
1023.91
1023.91
471.08
471.08
1277.41
1277.41
1810.53
1810.53
1283.22
1283.22
1032.70
1032.70
1032.70
1032.70
1032.70
1032.70
1032.70
398.77
480.24
478.30
478.30
858.05
1013.97
1013.97
1013.97
1482.61
1648.25
1648.25
707.08
707.08
707.08
1154.73
1514.20
1514.20
1514.20
666.68
666.68
2059.50
2059.50
761.33
761.33
977.18
977.18
2146.64
2146.64
1707.40
1707.40
1714.93
1714.93
1114.44
1114.44
1114.44
1114.44
787.31
787.31
1153.55
1153.55
1302.12
1302.12
1151.34
1151.34
530.28
11.76
11.76
11.76
117.77
117.77
853.71
853.71
1593.41
1593.41
521.51
521.51
972.79
972.79
63.42
63.42
363.50
363.50
902.30
902.30
1271.95
1271.95
2293.86
2293.86
1489.87
700.05
700.05
700.05
1524.36
1524.36
680.90
680.90
2179.63
2179.63
2145.17
2145.17
622.16
622.16
19.05
19.05
249.10
249.10
249.10
1145.37
1724.41
1724.41
1190.50
1190.50
1565.37
1565.37
914.60
914.60
1739.84
1739.84
148.03
148.03
1237.47
1237.47
1397.79
1397.79
873.52
873.52
1834.50
1834.50
224.86
224.86
1052.14
1052.14
2101.91
2101.91
878.28
878.28
26.31
2644.48
2644.48
2644.48
1394.62
1394.62
1417.40
1417.40
224.11
224.11
1554.48
1554.48
1490.97
1490.97
18.80
18.80
1129.89
1129.89
10.00
10.00
10.00
10.00
894.56
894.56
941.03
941.03
941.81
941.81
968.70
968.70
1388.95
1388.95
377.54
377.54
1763.28
1763.28
1104.70
1104.70
1518.84
1518.84
261.37
261.37
222.65
222.65
92.67
92.67
1801.95
1801.95
214.34
214.34
28.35
28.35
1359.37
1359.37
1344.43
1344.43
1971.82
1971.82
1388.61
1388.61
1388.61
1388.61
1649.55
1649.55
1816.25
1816.25
95.19
95.19
268.06
268.06
605.74
605.74
1733.89
1733.89
660.70
660.70
1034.83
1034.83
1120.05
1120.05
1598.82
1598.82
1598.82
1598.82
1911.06
1911.06
1603.85
1603.85
1240.16
1240.16
224.08
224.08
1489.28
1489.28
1696.30
1696.30
1420.32
1420.32
552.62
552.62
952.59
952.59
1289.98
1289.98
1703.88
1703.88
1195.63
1195.63
1296.07
1296.07
1421.45
1421.45
1210.33
1210.33
1210.33
1210.33
1210.33
269.39
1444.71
1444.71
1475.50
1475.50
1649.74
1649.74
1242.77
1242.77
1266.10
1266.10
658.89
658.89
888.99
888.99
888.99
888.99
415.52
415.52
1069.16
1069.16
1497.73
1497.73
1497.73
381.80
430.44
430.44
379.31
379.31
278.21
278.21
707.15
707.15
826.78
826.78
980.72
980.72
891.94
891.94
1223.87
1223.87
1410.23
1410.23
1654.97
1654.97
123.93
123.93
1269.27
1269.27
801.96
801.96
619.42
619.42
606.47
606.47
1385.24
1385.24
1606.82
1606.82
1410.40
1410.40
1466.35
1466.35
1351.68
1351.68
1351.68
1558.15
1466.54
1466.54
120.84
120.84
1584.10
1584.10
19.65
19.65
19.65
31.85
632.13
632.13
540.62
540.62
1839.97
1839.97
2041.65
2041.65
2264.00
2264.00
2348.86
2348.86
1981.36
1981.36
1826.30
1826.30
266.49
266.49
2220.63
2220.63
2555.67
2555.67
1479.49
1479.49
1791.18
1791.18
2167.26
2167.26
2289.25
2289.25
2499.60
2499.60
2809.72
2809.72
729.36
729.36
988.22
988.22
1850.26
1850.26
187.58
187.58
499.86
499.86
1147.66
1147.66
1302.90
1302.90
630.63
630.63
776.99
776.99
1893.75
1893.75
878.58
878.58
1723.47
1723.47
594.00
594.00
1972.63
1972.63
2114.13
2114.13
2373.24
2373.24
2373.24
16.12
1739.93
1739.93
1809.48
1809.48
700.00
700.00
34.25
34.25
1441.20
1441.20
2318.32
2318.32
2318.32
893.58
47.27
47.27
343.18
343.18
1017.87
1017.87
1423.12
1423.12
1240.89
1240.89
680.50
680.50
12.63
12.63
1245.02
1245.02
631.49
631.49
1293.99
1293.99
1290.33
1290.33
738.03
738.03
948.32
948.32
675.13
675.13
597.26
597.26
1636.85
1636.85
686.11
686.11
1087.25
1087.25
1165.34
1165.34
852.21
852.21
2134.08
2134.08
1761.59
1761.59
1761.59
341.22
349.65
349.65
1120.87
1120.87
1134.12
1134.12
555.96
555.96
911.20
911.20
1046.59
1046.59
1238.75
1238.75
1083.80
1083.80
559.86
559.86
12.47
12.47
459.41
459.41
1343.41
1343.41
1258.91
1258.91
2345.93
2345.93
12.52
12.52
12.52
1409.58
1409.58
1337.12
2086.89
2086.89
1780.67
1780.67
1300.25
1300.25
592.65
592.65
1509.67
1509.67
477.55
477.55
1360.34
1360.34
1426.06
1426.06
1213.55
1213.55
1063.79
1063.79
1441.27
1441.27
940.76
940.76
1590.71
1590.71
853.30
853.30
995.30
995.30
1402.15
1402.15
762.61
762.61
1295.83
1295.83
1935.96
1935.96
1484.17
1484.17
996.88
996.88
1682.77
1682.77
1598.96
1598.96
1270.40
1270.40
1587.14
1587.14
969.14
969.14
742.96
742.96
1515.59
1515.59
1349.44
1349.44
1521.32
1521.32
720.76
720.76
30.64
30.64
507.00
507.00
1092.53
1092.53
1380.20
1380.20
926.21
926.21
1627.91
1627.91
1622.09
1622.09
1298.93
1298.93
1649.19
1649.19
1391.83
1391.83
11.85
11.85
1222.02
1222.02
1473.85
1473.85
1339.61
1339.61
1177.54
1177.54
815.37
815.37
1595.61
1595.61
1520.21
1520.21
10.00
10.00
619.12
619.12
1630.44
1630.44
1474.91
1474.91
1372.89
1372.89
1693.45
1693.45
1567.68
1567.68
1567.68
1567.68
854.84
854.84
1307.44
1307.44
1631.98
1631.98
2208.96
2208.96
1298.49
1298.49
1298.49
1298.49
929.50
929.50
1331.56
1331.56
1527.29
1527.29
1527.29
171.49
171.49
327.80
327.80
17.18
17.18
426.64
426.64
298.14
314.77
314.77
308.71
308.71
468.17
468.17
768.27
768.27
1078.61
1078.61
1091.93
1091.93
1408.89
1408.89
1428.11
1428.11
1237.42
1237.42
1255.17
1255.17
1470.17
1470.17
1020.23
1020.23
1453.90
1453.90
1307.62
1307.62
203.45
203.45
816.67
816.67
1105.69
1105.69
775.33
775.33
1239.41
1239.41
561.85
561.85
1163.31
1163.31
803.21
803.21
803.21
424.68
424.68
424.68
370.03
416.67
416.67
159.65
525.72
525.72
644.86
644.86
967.59
967.59
994.41
994.41
792.52
792.52
1429.20
1429.20
1488.16
1488.16
881.49
881.49
1215.83
1215.83
1043.51
1043.51
251.18
251.18
251.18
331.00
331.00
390.29
390.29
353.35
332.35
332.35
394.75
394.75
917.12
917.12
890.55
890.55
1145.59
1145.59
1376.69
1376.69
1634.55
1634.55
1458.01
1458.01
323.93
323.93
235.27
235.27
1131.65
1131.65
1131.65
691.47
691.47
691.47
691.47
691.47
413.94
708.11
1610.04
1610.04
417.44
417.44
534.10
534.10
1815.23
1815.23
1201.88
1201.88
1332.91
1332.91
968.75
968.75
964.12
964.12
660.58
660.58
1207.74
1207.74
597.75
597.75
13.32
13.32
1246.06
1246.06
1075.72
1075.72
1329.42
1329.42
1182.82
1182.82
1296.71
1296.71
1064.79
1064.79
431.22
431.22
2496.45
2496.45
22.27
22.27
1734.34
1734.34
1747.88
1747.88
1412.60
1412.60
1003.78
1003.78
702.04
702.04
1010.72
1010.72
956.73
956.73
1684.73
1684.73
2260.12
2260.12
2050.55
2050.55
2793.69
2793.69
1050.85
1050.85
2109.29
2109.29
1956.05
1956.05
1956.05
963.61
1469.51
1469.51
39.51
39.51
1593.13
1593.13
480.23
480.23
54.83
54.83
1722.54
1722.54
1529.14
1529.14
19.65
19.65
293.71
293.71
1674.13
1674.13
10.00
10.00
1650.60
1650.60
1261.80
1261.80
1316.72
1316.72
1730.74
1730.74
12.94
12.94
2062.16
2062.16
994.64
994.64
1420.59
1420.59
1121.67
1121.67
996.41
996.41
1009.52
1009.52
90.82
90.82
1860.10
1860.10
16.12
16.12
1467.42
1467.42
968.65
968.65
987.03
987.03
878.42
878.42
858.80
858.80
833.21
833.21
1452.70
1452.70
1452.70
1434.20
1350.61
1350.61
985.58
985.58
1341.21
1341.21
1031.84
1031.84
110.38
110.38
1628.71
1628.71
2020.09
2020.09
1656.90
1656.90
956.78
956.78
681.25
681.25
49.37
49.37
769.67
769.67
1695.34
1695.34
1695.34
1695.34
12.96
2475.85
24.71
24.71
24.71
231.89
1228.17
1228.17
2002.37
2002.37
1481.39
1481.39
323.26
323.26
323.26
323.26
1728.17
1637.62
1090.44
1090.44
2024.32
2024.32
17.70
17.70
1239.13
1239.13
16.64
16.64
1404.91
1404.91
220.47
220.47
75.70
75.70
1004.34
1004.34
1397.85
1397.85
18.76
18.76
1329.46
1329.46
1596.26
1596.26
1527.08
1527.08
2092.10
2092.10
473.75
473.75
473.75
1023.00
1551.73
1551.73
1649.60
1649.60
1158.28
1158.28
1158.28
1246.07
294.25
294.25
1124.38
1124.38
549.81
549.81
549.81
207.19
207.19
423.53
165.96
165.96
165.96
412.01
412.01
447.86
391.35
391.35
302.59
302.59
590.25
590.25
619.53
619.53
361.98
361.98
10.00
10.00
62.07
62.07
400.92
400.92
400.92
400.92
427.22
427.22
385.96
385.96
656.18
656.18
124.26
124.26
397.62
397.62
416.21
416.21
325.18
325.18
325.18
656.59
656.59
231.24
812.86
812.86
812.86
941.37
1224.88
1224.88
1598.71
1598.71
1011.85
1011.85
16.55
16.55
16.55
898.61
898.61
898.61
479.23
1165.55
1165.55
1936.14
1936.14
520.66
520.66
922.52
922.52
1618.48
1618.48
1898.20
1898.20
1958.61
1958.61
1603.63
1603.63
864.93
864.93
1456.10
1456.10
2112.10
2112.10
1885.22
1885.22
2157.79
2157.79
1002.68
1002.68
1312.62
1312.62
1792.69
1792.69
1996.94
1996.94
1813.61
1813.61
2262.01
2262.01
2307.96
2307.96
559.75
559.75
1530.86
1530.86
1553.71
1553.71
1784.93
1784.93
1624.57
1624.57
1065.38
1065.38
510.56
510.56
1302.41
944.97
944.97
944.97
416.76
416.76
1100.98
1100.98
1338.92
1338.92
439.80
439.80
206.93
206.93
959.57
959.57
839.98
839.98
716.50
716.50
965.51
965.51
1480.59
1480.59
824.47
824.47
1125.05
1125.05
1125.05
1125.05
1564.57
1564.57
12.55
12.55
1472.06
1472.06
900.70
900.70
2108.75
2108.75
2520.88
2520.88
2367.19
2367.19
2367.19
2367.19
1572.96
1572.96
18.71
18.71
814.89
814.89
1920.31
1920.31
1607.70
1607.70
1453.22
1453.22
645.39
645.39
1152.41
1152.41
292.00
292.00
1829.48
1829.48
13.64
13.64
903.23
903.23
392.55
392.55
392.55
392.55
797.22
797.22
1163.48
1163.48
1142.88
1142.88
813.90
813.90
1169.96
1169.96
1161.85
1161.85
1847.95
1847.95
1624.73
1624.73
1568.43
1568.43
2383.65
2383.65
1734.04
1734.04
335.08
335.08
1682.26
1682.26
769.82
769.82
1341.61
1341.61
1908.24
1908.24
1908.24
1908.24
753.19
753.19
2018.55
2018.55
2306.16
2306.16
1640.13
1640.13
1293.67
1293.67
2688.68
2688.68
1580.29
1580.29
36.62
36.62
865.97
865.97
1947.19
1947.19
10.00
10.00
674.79
674.79
499.96
499.96
672.16
672.16
2581.71
2581.71
13.19
13.19
2210.86
2210.86
1289.69
1289.69
545.80
545.80
801.90
801.90
1125.96
1125.96
1730.51
1730.51
1437.79
1437.79
1595.86
1595.86
1158.57
1158.57
1158.57
1700.70
76.79
76.79
1144.84
1144.84
1052.85
1052.85
917.27
917.27
1070.78
1070.78
1578.92
1578.92
1445.55
1445.55
1804.45
1804.45
1670.11
1670.11
525.86
525.86
894.51
894.51
213.88
213.88
302.90
302.90
1422.01
1422.01
1011.63
1011.63
728.99
728.99
728.99
728.99
351.99
351.99
351.99
164.77
390.84
390.84
271.32
271.32
413.45
413.45
365.53
365.53
316.56
316.56
401.04
401.04
368.37
368.37
142.29
142.29
43.49
43.49
132.65
132.65
403.45
403.45
614.07
614.07
1038.98
1038.98
874.41
874.41
891.95
891.95
1276.35
1276.35
1436.88
1436.88
1704.61
1704.61
1828.95
1828.95
274.31
274.31
806.14
806.14
1514.79
1514.79
1074.08
1074.08
2380.00
2380.00
782.45
782.45
1793.63
1793.63
934.67
934.67
1086.65
1086.65
1720.75
1720.75
735.01
735.01
769.71
769.71
893.00
893.00
460.12
460.12
627.45
627.45
1603.36
1603.36
1277.81
1277.81
1408.51
1408.51
1847.05
1847.05
1497.05
1497.05
728.79
728.79
826.47
826.47
1508.40
1508.40
184.71
184.71
1881.30
1881.30
2099.93
2099.93
848.75
848.75
1782.14
1782.14
1648.68
1648.68
2313.67
2313.67
2395.35
2395.35
2011.86
2011.86
171.45
171.45
837.13
837.13
18.14
18.14
715.49
715.49
565.77
565.77
1511.70
1511.70
677.14
677.14
202.51
202.51
748.72
748.72
246.21
246.21
1285.26
1285.26
1160.62
1160.62
1160.62
14.38
705.76
705.76
48.78
48.78
1221.03
1221.03
684.74
684.74
1225.71
1225.71
2099.87
2099.87
1296.52
1296.52
38.10
38.10
1859.71
1859.71
18.57
18.57
18.57
18.57
414.17
405.73
405.73
392.06
813.52
813.52
1234.88
1234.88
1432.83
1432.83
1113.44
1113.44
1590.78
1590.78
1349.94
1349.94
1715.89
1715.89
1072.23
1072.23
1033.66
1033.66
10.00
10.00
2852.05
2852.05
1423.41
1423.41
27.52
27.52
590.07
590.07
993.91
993.91
352.66
352.66
1624.03
1624.03
1607.51
1607.51
577.95
577.95
790.67
790.67
972.11
972.11
966.14
966.14
966.14
966.14
966.14
372.03
143.92
143.92
425.03
397.73
397.73
391.37
564.75
564.75
738.80
738.80
699.50
699.50
1253.78
1253.78
10.00
10.00
1200.60
1200.60
697.04
697.04
1890.74
1890.74
1301.41
1301.41
720.36
720.36
1969.01
1969.01
2281.06
2281.06
10.00
10.00
2359.37
2359.37
1691.60
1691.60
2110.71
2110.71
2062.77
2062.77
937.92
937.92
1470.26
1470.26
1147.97
1147.97
1449.26
1449.26
1439.55
1439.55
2234.62
2234.62
1053.12
1053.12
718.62
718.62
10.00
10.00
221.28
221.28
1236.06
1236.06
903.23
903.23
2250.34
2250.34
782.64
782.64
1074.15
1074.15
686.59
686.59
197.69
197.69
1009.33
1009.33
1294.35
1294.35
859.72
859.72
513.97
513.97
162.49
162.49
1550.43
1550.43
880.53
880.53
697.87
697.87
1063.41
1063.41
933.11
933.11
1248.81
1248.81
1248.81
1248.81
1248.81
1370.46
692.97
692.97
434.08
434.08
753.44
753.44
1208.54
1208.54
1292.05
1292.05
16.75
16.75
1847.74
1847.74
850.55
850.55
1085.71
1085.71
1577.24
1577.24
46.48
46.48
1876.01
1876.01
1257.60
1257.60
804.06
804.06
1073.86
1073.86
1027.07
1027.07
595.10
595.10
1317.24
1317.24
91.85
91.85
1635.72
1635.72
1545.16
1545.16
1043.87
1043.87
889.29
889.29
12.93
12.93
13.22
13.22
1265.73
1265.73
1155.35
1155.35
1155.35
230.00
1371.87
1371.87
1745.51
1745.51
13.32
13.32
10.00
10.00
1150.72
1150.72
2268.13
2268.13
29.35
29.35
1463.13
1463.13
1920.60
1920.60
1517.32
1517.32
1623.11
1623.11
1549.09
1549.09
2387.42
2387.42
354.42
354.42
354.42
13.42
294.34
294.34
2420.05
2420.05
2302.53
2302.53
26.09
26.09
15.86
15.86
2660.77
2660.77
60.40
60.40
2467.90
2467.90
434.32
434.32
1603.61
1603.61
504.83
504.83
1635.28
1635.28
17.66
17.66
17.58
17.58
2911.49
2911.49
1534.77
1534.77
2545.04
2545.04
25.82
25.82
513.15
513.15
2696.77
2696.77
1294.16
1294.16
1644.78
1644.78
1835.33
1835.33
1190.21
1190.21
1178.99
1178.99
716.19
716.19
1723.09
1723.09
987.77
987.77
1041.12
1041.12
16.44
16.44
1219.04
1219.04
984.00
984.00
86.35
86.35
13.20
13.20
1220.79
1220.79
1198.86
1198.86
52.17
52.17
813.57
813.57
1046.13
1046.13
1739.38
1739.38
1739.38
57.94
57.94
868.50
868.50
1237.11
1095.21
1095.21
927.54
927.54
897.07
897.07
1388.31
1388.31
1081.78
1081.78
765.97
765.97
652.47
652.47
1131.10
1131.10
1611.14
1611.14
1123.44
1123.44
1503.93
1503.93
14.40
14.40
2257.16
2257.16
499.33
499.33
1624.25
1624.25
1763.86
1763.86
865.12
865.12
640.59
640.59
968.55
968.55
968.55
1380.46
278.68
278.68
1125.41
1125.41
1769.11
1769.11
1522.00
1522.00
1693.57
1693.57
991.90
991.90
1486.96
1486.96
604.88
604.88
836.90
836.90
836.90
836.90
2171.16
2171.16
565.99
565.99
2072.58
2072.58
993.07
993.07
471.88
471.88
1786.74
1786.74
2243.87
2243.87
1649.61
1649.61
1221.03
1221.03
2903.62
2903.62
1986.81
1986.81
2231.62
2231.62
10.00
10.00
998.42
998.42
998.42
998.42
2747.74
2747.74
453.12
453.12
1641.08
1641.08
1176.67
1176.67
2227.22
2227.22
2201.62
2201.62
2201.62
2201.62
1209.00
1209.00
1242.04
1242.04
1215.76
1215.76
819.49
819.49
17.68
17.68
889.28
889.28
997.46
997.46
1523.69
1523.69
1516.44
1516.44
1591.14
1591.14
2339.52
2339.52
1461.77
1461.77
1461.77
21.13
1547.73
1547.73
1026.54
1026.54
1538.81
1538.81
1639.17
1639.17
1196.53
1196.53
683.73
683.73
12.10
12.10
1042.41
1042.41
1330.84
1330.84
1290.15
1290.15
1290.15
1290.15
1284.76
1284.76
1888.79
1888.79
1072.99
1072.99
2230.23
2230.23
1584.48
1584.48
1364.24
1364.24
262.03
262.03
759.88
759.88
713.50
713.50
1522.29
1522.29
1612.07
1612.07
2444.57
2444.57
1625.10
1625.10
2103.19
2103.19
1742.31
1742.31
1742.31
1845.59
1492.83
1492.83
2650.36
2650.36
2650.36
206.53
572.96
572.96
13.84
13.84
34.23
34.23
1178.41
1178.41
24.83
24.83
623.22
623.22
1296.69
1296.69
414.63
414.63
1162.69
1162.69
1500.33
1500.33
2034.74
2034.74
101.72
101.72
2549.63
2549.63
335.89
335.89
786.53
786.53
12.93
12.93
1492.79
1492.79
1365.52
1365.52
204.36
204.36
1253.38
1253.38
983.90
983.90
1849.97
1849.97
1460.86
1460.86
1378.40
1378.40
2268.46
2268.46
2268.46
42.66
1350.07
1350.07
1585.08
1585.08
1585.08
405.47
405.47
405.47
405.47
405.47
252.60
332.76
388.72
388.72
388.72
408.28
537.66
537.66
721.49
721.49
721.49
926.68
926.68
19.00
1150.38
1150.38
1150.38
1381.90
1895.49
1895.49
1895.49
1672.74
1672.74
1983.40
1744.86
1744.86
1744.86
10.00
10.00
539.24
539.24
539.24
81.73
81.73
2161.00
1906.38
1906.38
1871.34
1871.34
1295.21
1295.21
1334.80
1334.80
1227.41
1227.41
1270.91
1270.91
456.05
456.05
276.04
276.04
2012.92
2012.92
1178.20
1178.20
1737.60
1737.60
1759.40
1759.40
1619.05
1619.05
1580.25
1580.25
784.72
784.72
1045.84
1045.84
907.50
907.50
89.29
89.29
1748.13
1748.13
539.14
539.14
2418.63
2418.63
743.57
743.57
1633.24
1633.24
1002.18
1002.18
437.28
437.28
850.34
850.34
1488.46
615.08
615.08
615.08
1164.85
1164.85
1107.37
1107.37
1504.47
1504.47
1504.47
1504.47
913.21
913.21
913.21
913.21
387.66
387.66
1352.44
1352.44
1844.26
1844.26
1664.94
1664.94
1636.85
1636.85
2148.86
2148.86
1976.90
1976.90
1855.88
1855.88
1598.27
1598.27
2046.09
2046.09
2083.89
2083.89
21.35
21.35
1616.63
1616.63
395.80
395.80
395.80
395.80
1129.06
1129.06
1759.50
1759.50
623.35
623.35
1818.97
1818.97
276.43
276.43
1276.95
1276.95
1553.53
1553.53
1419.32
1419.32
1124.32
1124.32
1124.04
1124.04
1284.78
1284.78
1675.46
1675.46
896.12
896.12
1797.54
1797.54
1778.10
1778.10
1660.43
1660.43
625.39
625.39
973.87
973.87
1378.33
1378.33
762.15
762.15
1566.35
1566.35
441.94
441.94
1166.82
1166.82
1414.23
1414.23
1383.37
1383.37
59.62
59.62
1854.28
1854.28
380.67
380.67
310.15
310.15
1952.80
1952.80
1323.18
1323.18
1323.18
1323.18
1706.46
1706.46
1663.76
1663.76
34.36
34.36
687.35
687.35
941.97
941.97
1770.28
1770.28
2450.85
2450.85
1595.20
1595.20
2113.97
2113.97
2384.40
2384.40
1256.71
1256.71
685.74
685.74
2678.73
2678.73
586.25
586.25
2416.01
2416.01
44.62
44.62
1362.49
1362.49
1663.50
1663.50
1442.91
1442.91
1811.08
1811.08
2355.37
2355.37
1419.80
1419.80
1502.47
1502.47
1228.78
1228.78
1830.88
1830.88
13.14
13.14
291.15
291.15
1598.55
1598.55
2257.22
2257.22
1233.79
1233.79
665.31
665.31
1419.67
1419.67
10.00
10.00
1922.05
1922.05
27.82
27.82
1620.79
1620.79
14.81
14.81
596.93
596.93
51.13
51.13
1596.50
1596.50
1035.18
1035.18
340.58
340.58
2108.41
2108.41
185.21
185.21
1598.53
1598.53
1674.75
1674.75
1567.08
1567.08
709.11
709.11
19.14
19.14
1322.23
1322.23
1316.05
1316.05
1742.73
1742.73
16.47
16.47
24.71
24.71
24.71
1230.18
1659.11
1659.11
1027.51
1027.51
1737.38
1737.38
157.73
157.73
1605.36
1605.36
1865.40
1865.40
725.25
725.25
2199.93
2199.93
238.02
238.02
2205.76
2205.76
114.93
114.93
823.67
823.67
275.90
275.90
769.56
769.56
2149.55
2149.55
1484.70
1484.70
2039.95
2039.95
317.17
317.17
1165.82
1165.82
289.03
289.03
235.18
235.18
1957.02
1957.02
1611.24
1611.24
1542.93
1542.93
735.11
735.11
1424.45
1424.45
1694.46
1694.46
1089.70
1089.70
1505.42
1505.42
1366.07
1366.07
11.91
11.91
1334.93
1334.93
1955.46
1955.46
1800.30
1800.30
36.16
36.16
2077.94
2077.94
1967.17
1967.17
2708.93
2708.93
17.22
17.22
1693.97
1693.97
1644.32
1644.32
1044.38
1044.38
949.75
949.75
1796.99
1796.99
843.75
843.75
1004.76
1004.76
234.35
234.35
899.79
899.79
996.58
996.58
1283.04
1283.04
799.41
799.41
1657.32
1657.32
837.27
837.27
1021.93
1021.93
1203.14
1203.14
1702.87
1702.87
713.90
713.90
1132.01
1132.01
1404.55
1404.55
710.97
710.97
557.70
557.70
1101.22
1101.22
18.37
18.37
1839.18
1839.18
1122.28
1122.28
1673.88
1673.88
2220.17
2220.17
1988.51
1988.51
2048.09
2048.09
15.93
15.93
1827.49
1827.49
725.93
725.93
1309.14
1309.14
1957.83
1957.83
2003.16
2003.16
1665.66
1665.66
1877.85
1877.85
1902.55
1902.55
2259.97
2259.97
995.13
995.13
93.08
93.08
1649.32
1649.32
1347.52
1347.52
766.19
766.19
409.12
409.12
1810.81
1810.81
1529.15
1529.15
372.64
372.64
1540.45
1540.45
1139.39
1139.39
2240.99
2240.99
935.50
935.50
140.74
140.74
2843.23
2843.23
1680.63
1680.63
552.16
552.16
2068.25
2068.25
2068.25
196.39
1775.67
1775.67
661.73
661.73
956.36
956.36
2321.83
2321.83
1825.89
1825.89
1838.46
1838.46
2423.96
2423.96
2610.90
2610.90
230.35
230.35
650.14
650.14
165.39
165.39
721.61
721.61
1098.57
1098.57
1463.34
1463.34
1868.37
1868.37
1227.51
1227.51
987.97
987.97
2505.82
2505.82
2515.31
2515.31
2515.31
2515.31
1431.24
1431.24
1090.03
1090.03
2083.81
2083.81
1576.27
1576.27
808.61
808.61
1902.61
1902.61
1866.15
1866.15
2856.97
2856.97
2846.40
2846.40
2846.40
2064.42
433.19
433.19
19.54
19.54
2153.85
2153.85
1852.48
1852.48
321.12
321.12
1514.72
1514.72
2781.28
2781.28
18.58
18.58
2916.83
2916.83
2428.86
2428.86
728.74
728.74
18.14
18.14
2206.94
2206.94
1532.33
1532.33
1459.39
1459.39
1517.74
1517.74
172.88
172.88
1375.95
1375.95
1119.84
1119.84
2383.76
2383.76
2417.12
2417.12
2222.98
2222.98
2454.48
2454.48
209.52
209.52
1022.09
1022.09
1848.36
1848.36
2913.96
2913.96
753.84
753.84
753.84
170.06
2278.10
2278.10
2011.18
2011.18
1517.01
1517.01
1755.80
1755.80
2641.45
2641.45
1822.23
1822.23
1210.51
1210.51
2498.85
2498.85
1801.11
1801.11
2206.10
2206.10
2146.32
2146.32
932.38
932.38
180.23
180.23
11.30
11.30
1760.29
1760.29
609.77
609.77
14.18
14.18
845.68
845.68
20.05
20.05
2208.06
2208.06
2721.79
2721.79
1317.23
1317.23
1291.12
1291.12
768.66
768.66
2645.77
2645.77
1695.72
1695.72
1834.91
1834.91
35.34
35.34
1681.71
1681.71
2019.98
2019.98
1885.19
1885.19
2139.72
2139.72
1883.00
1883.00
841.23
841.23
2210.53
2210.53
2387.86
2387.86
1874.47
1874.47
1784.16
1784.16
2793.25
2793.25
1316.91
1316.91
1145.54
1145.54
1998.80
1998.80
1414.37
1414.37
1228.72
1228.72
1059.88
1059.88
1204.49
1204.49
1993.85
1993.85
1587.40
1587.40
1001.14
1001.14
13.47
13.47
1094.99
1094.99
1279.78
1279.78
1056.86
1056.86
2638.69
2638.69
192.00
192.00
192.00
880.47
533.24
533.24
726.21
726.21
1534.14
1534.14
257.43
257.43
26.91
26.91
1065.10
1065.10
1078.51
1078.51
1303.83
1303.83
1255.26
1255.26
609.89
609.89
1313.07
1313.07
1876.66
1876.66
1300.10
1300.10
204.52
204.52
1390.81
1390.81
288.88
288.88
593.42
593.42
1139.10
1139.10
593.17
593.17
202.66
202.66
1248.77
1248.77
1447.72
1447.72
1847.59
1847.59
893.18
893.18
85.05
85.05
19.06
19.06
1349.29
1349.29
1913.63
1913.63
1387.13
1387.13
537.60
537.60
537.60
1177.94
1967.34
1967.34
1695.73
1695.73
1872.24
1872.24
1333.85
1333.85
720.73
720.73
1670.18
1670.18
814.48
814.48
638.55
638.55
987.23
987.23
983.17
983.17
192.83
192.83
1840.68
1840.68
2609.11
2609.11
185.43
185.43
631.43
631.43
1027.66
1027.66
10.25
10.25
10.25
1226.65
1226.65
1003.45
2556.36
2556.36
314.03
314.03
1369.68
1369.68
18.00
18.00
1995.03
1995.03
1674.48
1674.48
31.15
31.15
1797.98
1797.98
53.96
53.96
53.96
10.00
1530.16
1530.16
2237.59
2237.59
825.06
825.06
243.07
243.07
243.07
1614.42
29.63
29.63
2490.26
2490.26
158.06
158.06
158.06
2031.76
2083.27
2083.27
2574.51
2574.51
2574.51
10.00
10.00
564.76
1804.27
1804.27
972.00
972.00
1938.72
1938.72
1770.53
1770.53
2455.84
2455.84
2251.03
2251.03
2367.53
2367.53
112.49
112.49
17.28
17.28
2106.55
2106.55
1053.85
1053.85
1326.63
1326.63
2325.96
2325.96
2325.96
1426.75
1970.91
1970.91
958.78
958.78
1810.58
1810.58
1763.38
1763.38
1763.38
601.69
601.69
75.29
75.29
2184.54
1606.51
1606.51
1965.09
1965.09
258.25
258.25
2052.57
2052.57
2550.32
2550.32
1411.48
1411.48
520.59
520.59
520.59
414.44
414.44
12.06
12.06
12.06
1729.42
237.35
1268.76
1268.76
683.13
683.13
955.14
955.14
1757.56
1757.56
1832.40
1832.40
2164.89
2164.89
823.53
823.53
786.43
786.43
1215.52
1215.52
1164.56
1164.56
1338.62
1338.62
1673.63
1673.63
1673.63
1673.63
1673.63
1673.63
1673.63
1673.63
2597.74
2597.74
2398.27
2398.27
2398.27
2398.27
1979.65
1979.65
1505.18
1505.18
2348.57
2348.57
2348.57
2348.57
299.66
299.66
1455.16
1455.16
1691.63
1691.63
1845.47
1845.47
1939.99
1939.99
2210.62
2210.62
751.84
751.84
751.84
1953.35
1909.33
1909.33
1719.19
1719.19
1719.19
1424.30
1424.30
2025.04
384.62
384.62
384.62
714.40
297.77
297.77
297.77
11.20
11.20
1662.94
1479.27
1479.27
1479.27
263.00
263.00
1998.20
1998.20
2353.43
2353.43
1059.37
1059.37
2467.41
2467.41
1556.93
1556.93
1556.93
1556.93
1556.93
1556.93
1893.69
1893.69
2001.11
2001.11
1830.73
1830.73
1830.73
1830.73
1607.11
1607.11
1348.74
1348.74
1183.94
1183.94
1612.52
1612.52
987.81
987.81
1905.83
1905.83
1905.83
1905.83
1905.83
1905.83
990.98
990.98
607.18
607.18
1483.28
1483.28
1396.24
1396.24
1585.21
1585.21
1585.21
1585.21
1810.49
1810.49
1595.85
1595.85
1556.74
1556.74
1837.89
1837.89
1653.41
1653.41
804.51
804.51
18.36
18.36
13.75
13.75
1953.88
1953.88
12.50
12.50
786.34
786.34
937.76
937.76
3108.19
3108.19
3108.19
3108.19
3032.50
3032.50
1474.82
1474.82
17.25
17.25
1093.94
1093.94
1463.37
1463.37
544.80
544.80
2025.27
2025.27
805.23
805.23
2221.09
2221.09
1980.42
1980.42
144.23
144.23
700.34
700.34
2137.16
2137.16
696.70
696.70
2035.57
2035.57
37.45
37.45
126.21
126.21
985.05
985.05
2065.50
2065.50
1383.99
1383.99
2922.47
2922.47
2153.81
2153.81
1913.73
1913.73
3063.61
3063.61
1844.38
1844.38
1798.18
1798.18
2582.81
2582.81
1981.96
1981.96
1879.45
1879.45
2026.04
2026.04
1516.35
1516.35
1911.71
1911.71
324.40
324.40
2931.89
2931.89
12.92
12.92
84.96
84.96
1697.97
1697.97
966.29
966.29
2024.53
2024.53
10.00
10.00
2276.90
2276.90
10.00
10.00
867.26
867.26
1733.47
1733.47
1940.00
1940.00
2197.38
2197.38
2149.29
2149.29
2094.57
2094.57
2562.22
2562.22
1657.67
1657.67
2193.80
2193.80
1999.51
1999.51
17.21
17.21
2041.48
2041.48
1307.01
1307.01
1626.55
1626.55
356.64
356.64
2534.80
2534.80
1772.71
1772.71
1436.57
1436.57
1436.57
1436.57
1436.57
1436.57
1436.57
1436.57
1436.57
1436.57
1436.57
1436.57
1436.57
1436.57
2112.07
2112.07
1634.69
1634.69
1614.99
1614.99
1614.99
1614.99
1618.44
1618.44
1745.93
1745.93
2106.50
2106.50
315.95
315.95
409.41
409.41
2381.95
2381.95
1599.65
1599.65
2588.61
2588.61
2125.76
2125.76
2201.13
2201.13
2029.03
2029.03
1508.68
1508.68
1609.19
1609.19
1052.16
1052.16
2078.34
2078.34
1617.76
1617.76
2565.59
2565.59
507.44
507.44
818.15
818.15
1830.37
1830.37
521.95
521.95
1423.78
1423.78
702.63
702.63
1548.10
1548.10
2391.90
2391.90
659.59
659.59
2435.49
2435.49
1313.21
1313.21
637.15
637.15
76.95
76.95
839.39
839.39
2616.64
2616.64
2256.77
2256.77
2134.42
2134.42
2066.30
2066.30
2113.42
2113.42
603.60
603.60
1633.15
1633.15
1574.48
1574.48
1394.85
1394.85
1704.42
1704.42
786.41
786.41
1805.01
1805.01
1176.03
1176.03
1771.59
1771.59
213.57
213.57
1883.25
1883.25
1957.70
1957.70
2269.38
2269.38
2252.76
2252.76
560.00
560.00
10.00
10.00
2486.26
2486.26
2174.63
2174.63
725.93
725.93
18.95
18.95
2206.57
2206.57
213.42
213.42
1134.74
1134.74
2907.67
2907.67
10.00
10.00
643.47
643.47
2800.48
2800.48
681.93
681.93
2235.59
2235.59
1750.46
1750.46
650.34
650.34
650.34
650.34
1381.45
1381.45
2283.76
2283.76
1969.10
1969.10
2544.80
2544.80
1471.09
1471.09
1989.40
1989.40
2725.85
2725.85
1413.09
1413.09
1102.35
1102.35
2375.30
2375.30
2645.14
2645.14
2552.19
2552.19
1765.43
1765.43
250.95
250.95
250.95
250.95
1516.42
1516.42
894.85
894.85
983.85
983.85
563.75
563.75
1308.05
1308.05
333.90
333.90
1615.35
1615.35
1614.47
1614.47
1630.09
1630.09
1588.45
1588.45
1614.41
1614.41
2249.87
2249.87
2965.41
2965.41
782.49
782.49
1876.53
1876.53
11.18
11.18
1764.48
1764.48
1939.92
1939.92
1502.86
1502.86
331.48
331.48
628.79
628.79
2340.74
2340.74
2343.81
2343.81
10.00
10.00
1176.93
1176.93
1631.50
1631.50
991.76
991.76
1376.87
1376.87
1706.10
1706.10
1536.21
1536.21
24.53
24.53
2331.24
2331.24
10.00
10.00
10.00
10.00
1942.91
1942.91
1960.00
1960.00
1128.09
1128.09
2415.72
2415.72
1264.03
1264.03
1455.44
1455.44
1105.65
1105.65
1105.65
12.84
1730.46
1730.46
1865.98
1865.98
1865.98
1865.98
269.72
269.72
409.91
263.21
375.17
375.17
344.48
344.48
409.28
409.28
741.52
741.52
914.80
914.80
987.28
987.28
1014.78
1014.78
1581.85
1581.85
1358.34
1358.34
1210.33
1210.33
914.70
914.70
1063.96
1063.96
1063.96
1063.96
1178.33
1178.33
1145.35
1145.35
1851.98
1851.98
62.13
62.13
1153.12
1153.12
152.94
152.94
152.94
1855.45
2108.21
2108.21
1420.46
1420.46
1518.31
1518.31
1440.12
1440.12
2058.61
2058.61
2360.34
2360.34
1640.01
1640.01
850.89
850.89
1554.51
1554.51
1842.41
1842.41
1125.22
1125.22
2135.35
2135.35
2135.35
2135.35
1530.25
1530.25
1676.11
1676.11
1676.11
1676.11
1676.11
1676.11
2131.41
2131.41
1610.50
1610.50
1959.10
1959.10
1638.20
1638.20
934.72
934.72
1278.14
1278.14
1278.14
1278.14
1278.14
1278.14
1704.50
1704.50
959.72
959.72
2199.55
2199.55
1820.85
1820.85
1507.10
1507.10
1767.90
1767.90
1510.95
1510.95
1925.49
1925.49
1715.54
1715.54
931.16
931.16
2002.51
2002.51
514.98
514.98
1977.16
1977.16
1542.22
1542.22
2003.18
2003.18
2003.18
2003.18
2003.18
2003.18
421.18
421.18
1381.02
1381.02
1580.84
1580.84
1580.84
1580.84
1394.90
1394.90
1717.06
1717.06
1852.08
1852.08
1341.71
1341.71
1761.70
1761.70
1048.14
1048.14
1141.06
1141.06
1397.80
1397.80
1349.92
1349.92
1761.54
1761.54
1163.65
1163.65
1064.60
1064.60
2333.23
2333.23
2521.95
2521.95
1425.30
1425.30
363.84
363.84
2630.23
2630.23
2264.14
2264.14
451.76
451.76
38.95
38.95
2015.35
2015.35
2015.35
2838.59
1493.25
1493.25
1493.25
409.26
409.26
392.16
1172.79
1172.79
384.08
384.08
958.61
958.61
924.87
924.87
1217.67
1217.67
1375.51
1375.51
1375.51
1375.51
1765.48
1765.48
1765.48
1765.48
836.87
836.87
1305.25
1305.25
1312.33
1312.33
1634.48
1634.48
1396.91
1396.91
820.20
820.20
1765.64
1765.64
760.80
760.80
1726.96
1726.96
1600.46
1600.46
424.60
424.60
749.41
749.41
12.52
12.52
2571.00
2571.00
2125.25
2125.25
1813.28
1813.28
84.01
84.01
84.01
1737.55
1671.96
1671.96
1885.70
1885.70
107.94
107.94
1680.28
1680.28
1907.26
1907.26
221.89
221.89
1718.53
1718.53
664.92
664.92
277.82
277.82
375.81
375.81
992.23
992.23
1726.22
1726.22
1030.14
1030.14
1579.52
1579.52
972.99
972.99
1576.73
1576.73
989.13
989.13
989.13
721.47
1579.13
1579.13
1218.22
1218.22
1218.22
1297.69
1297.69
1379.43
1379.43
2054.03
1926.77
1926.77
2526.63
2526.63
278.19
278.19
2372.70
2372.70
1002.22
1002.22
2161.05
2161.05
1507.61
1507.61
2813.58
2813.58
904.76
904.76
634.70
634.70
1731.58
1731.58
198.17
198.17
1797.41
1797.41
872.45
872.45
1465.56
1465.56
1184.79
1184.79
1184.79
1417.66
11.34
11.34
693.87
693.87
2109.31
2109.31
1734.92
1734.92
1022.75
1022.75
1053.59
1053.59
911.07
911.07
1120.60
1120.60
663.19
663.19
1517.30
1517.30
1713.90
1713.90
999.35
999.35
1726.91
1726.91
309.08
309.08
843.93
843.93
721.49
721.49
2208.71
2208.71
2303.37
2303.37
2215.96
2215.96
2215.96
331.82
331.82
1278.53
1107.25
1107.25
2491.34
2491.34
956.40
956.40
2759.74
2759.74
2759.74
1154.20
1154.20
297.13
10.00
10.00
1837.94
1837.94
1600.15
1600.15
1228.82
1228.82
803.20
803.20
2612.93
2612.93
12.21
12.21
1634.50
1634.50
2917.97
2917.97
1775.70
1775.70
1438.32
1438.32
1069.15
1069.15
1549.98
1549.98
492.72
492.72
2366.29
2366.29
2417.56
2417.56
2417.56
2417.56
559.30
559.30
1135.63
234.52
1112.65
1112.65
1211.88
1211.88
1370.20
1370.20
754.21
754.21
925.95
925.95
925.95
2084.96
889.48
889.48
1250.66
1250.66
766.46
766.46
1455.94
1455.94
23.13
23.13
1251.68
1251.68
1286.88
1286.88
1825.02
1825.02
823.50
823.50
662.99
662.99
1866.47
1866.47
1547.67
1547.67
1656.28
1656.28
1031.82
1031.82
468.71
468.71
468.71
10.00
885.34
885.34
23.55
23.55
1529.51
1529.51
367.85
367.85
1580.61
1580.61
1124.21
1124.21
1451.69
1451.69
1409.04
1409.04
1839.15
1839.15
18.43
18.43
16.79
16.79
2181.89
2181.89
595.12
595.12
2412.48
2412.48
1241.04
1241.04
2166.33
2166.33
1317.87
1317.87
1943.85
1943.85
1706.49
1706.49
1787.61
1787.61
1337.49
1337.49
850.51
850.51
850.51
914.42
1281.81
1281.81
1281.81
1137.17
1137.17
1857.06
10.00
10.00
10.00
1218.58
1218.58
624.71
17.32
17.32
17.32
1614.16
1425.08
1425.08
1425.08
113.64
113.64
1205.96
1376.78
1376.78
1376.78
21.26
21.26
986.26
986.26
2193.25
2193.25
1047.58
1047.58
276.42
276.42
20.15
513.21
513.21
513.21
1924.15
1924.15
2518.24
1632.49
1632.49
1324.66
1324.66
1324.66
98.46
98.46
1458.89
1458.89
184.72
184.72
871.34
562.54
562.54
562.54
2244.47
2244.47
1992.79
1992.79
1149.14
1149.14
13.45
13.45
1130.97
1130.97
2439.59
2439.59
299.56
299.56
167.09
167.09
2726.39
2726.39
1081.91
1081.91
236.17
725.35
725.35
725.35
3086.42
3086.42
365.20
365.20
14.24
575.34
575.34
575.34
10.00
10.00
12.72
12.72
2225.37
2225.37
2357.03
1555.13
1555.13
1555.13
480.45
480.45
1972.81
675.55
675.55
675.55
1748.23
1748.23
235.49
235.49
789.35
789.35
1876.51
1876.51
1348.00
1348.00
2117.07
2117.07
2237.43
2237.43
2379.07
2379.07
2309.51
2309.51
1225.09
1225.09
1208.89
1208.89
436.69
436.69
424.15
424.15
1359.41
1359.41
2063.53
2063.53
2063.53
32.52
32.52
32.52
892.18
331.01
331.01
367.37
507.70
507.70
54.88
54.88
1559.08
1559.08
1611.97
1611.97
1920.38
1920.38
2245.70
2245.70
2302.40
2302.40
1804.57
1804.57
1429.04
1429.04
2568.65
2568.65
1584.16
1584.16
1584.16
1584.16
2526.21
2526.21
677.56
677.56
10.00
10.00
1586.06
1586.06
705.66
705.66
1687.94
1687.94
225.14
225.14
1552.53
1552.53
1180.22
1180.22
20.41
20.41
922.58
922.58
1634.55
1634.55
634.78
634.78
750.01
750.01
615.53
615.53
1595.32
1595.32
1210.95
1210.95
17.05
17.05
2083.38
2083.38
420.02
420.02
682.09
682.09
585.66
585.66
2311.60
2311.60
2311.60
2311.60
980.62
980.62
74.45
74.45
585.20
585.20
1291.39
1291.39
1362.31
1362.31
1809.61
1809.61
1013.34
1013.34
1482.38
1482.38
19.60
19.60
1287.71
1287.71
1682.30
1682.30
373.33
373.33
1465.81
1465.81
1583.60
1583.60
1181.85
1181.85
1805.77
1805.77
1382.48
1382.48
1432.48
1432.48
857.46
857.46
1275.96
1275.96
1831.76
1831.76
1808.10
1808.10
565.93
565.93
565.93
565.93
565.93
885.21
314.27
314.27
1163.46
1163.46
1163.46
1163.46
1060.87
1060.87
1214.60
1214.60
1583.76
1583.76
570.86
570.86
1172.67
1172.67
685.88
685.88
1368.12
1368.12
1935.06
1935.06
1658.24
1658.24
20.12
20.12
2349.97
2349.97
209.06
209.06
1552.99
1552.99
1346.88
1346.88
1620.62
1620.62
2584.10
2584.10
2069.72
2069.72
716.61
716.61
125.20
125.20
665.16
665.16
1446.31
1446.31
760.73
760.73
1871.12
1871.12
630.15
630.15
1010.29
1010.29
2447.38
2447.38
1260.35
1260.35
276.32
276.32
104.90
104.90
852.07
852.07
1608.95
1608.95
1997.78
1997.78
1566.39
1566.39
2074.88
2074.88
209.61
209.61
398.77
398.77
2199.00
2199.00
501.38
501.38
1663.49
1663.49
341.63
341.63
1134.63
1134.63
1854.48
1854.48
53.58
53.58
1075.19
1075.19
25.04
25.04
2076.38
2076.38
857.47
857.47
1147.69
1147.69
723.06
723.06
2301.66
2301.66
2005.95
2005.95
2024.81
2024.81
1107.87
1107.87
2382.02
2382.02
1686.55
1686.55
2074.97
2074.97
1591.99
1591.99
12.71
12.71
2086.12
2086.12
1749.02
1749.02
1710.30
1710.30
264.08
264.08
50.54
50.54
1045.27
1045.27
2785.28
2785.28
2067.53
2067.53
1731.81
1731.81
2222.42
2222.42
1529.86
1529.86
749.56
749.56
14.92
14.92
13.98
13.98
2567.89
2567.89
16.02
16.02
1346.55
1346.55
2274.36
2274.36
1466.46
1466.46
1466.46
1648.44
1648.44
1638.68
1392.23
1392.23
24.59
24.59
12.70
12.70
414.06
414.06
18.56
18.56
1231.54
1231.54
122.53
122.53
1021.86
1021.86
1724.37
1724.37
1449.83
1449.83
1989.00
1989.00
194.67
194.67
1532.70
1532.70
10.00
10.00
153.97
153.97
830.91
830.91
1074.98
1074.98
672.34
672.34
61.85
61.85
18.66
18.66
1907.56
1907.56
1847.35
1847.35
1035.62
1035.62
962.01
962.01
962.01
527.35
1506.53
1506.53
1389.93
1389.93
1992.93
1992.93
1683.95
1683.95
1726.03
1726.03
1178.99
1178.99
2304.95
2304.95
2129.77
2129.77
1288.22
1288.22
729.12
729.12
587.19
587.19
1721.92
1721.92
955.57
955.57
2568.79
2568.79
2557.50
2557.50
1746.00
1746.00
1700.68
1700.68
1503.33
1503.33
2158.40
2158.40
2691.47
2691.47
2008.18
2008.18
2544.31
2544.31
1836.09
1836.09
1095.47
1095.47
1432.37
1432.37
12.34
12.34
2320.70
2320.70
1012.56
1012.56
1352.32
1352.32
16.75
16.75
259.57
259.57
270.44
270.44
285.25
285.25
949.37
949.37
554.30
554.30
1127.08
1127.08
1973.04
1973.04
2075.77
2075.77
1487.98
1487.98
1999.41
1999.41
530.95
530.95
1958.77
1958.77
1936.61
1936.61
932.50
932.50
1316.71
1316.71
1383.93
1383.93
458.66
458.66
446.01
446.01
1663.86
1663.86
1654.17
1654.17
1327.14
1327.14
252.57
252.57
29.73
29.73
29.73
1096.42
18.57
18.57
23.10
23.10
1210.82
1210.82
824.60
824.60
12.72
12.72
765.80
765.80
765.80
23.14
141.28
141.28
1926.77
1926.77
202.75
202.75
1479.08
1479.08
26.30
26.30
26.30
13.00
13.00
327.89
10.00
10.00
1191.62
1191.62
1485.82
1485.82
848.10
848.10
2030.57
2030.57
642.28
642.28
14.71
14.71
850.90
850.90
632.66
632.66
1314.33
1314.33
2373.77
2373.77
156.58
156.58
1229.49
1229.49
2031.05
2031.05
147.57
147.57
1611.52
1611.52
177.64
177.64
2591.40
2591.40
1545.29
1545.29
1699.13
1699.13
827.00
827.00
301.40
301.40
119.29
119.29
1490.61
1490.61
1503.97
1503.97
2657.07
2657.07
444.67
444.67
2346.98
2346.98
211.37
211.37
1815.64
1815.64
2401.57
2401.57
2311.59
2311.59
10.02
10.02
401.77
401.77
11.94
11.94
2598.93
2598.93
11.16
11.16
160.42
160.42
160.42
26.48
1857.95
1857.95
2515.59
2515.59
2935.42
2935.42
2935.42
1620.55
1620.55
1620.55
1040.96
1040.96
1010.74
1010.74
1609.20
1609.20
14.54
14.54
965.26
965.26
1664.58
1664.58
12.08
12.08
622.20
622.20
1347.92
1347.92
1522.94
1522.94
1248.05
1248.05
13.00
13.00
504.68
504.68
504.68
345.11
298.30
298.30
103.18
103.18
494.87
494.87
1801.48
1801.48
1731.99
1731.99
640.18
640.18
831.06
831.06
1703.51
1703.51
2000.45
2000.45
1630.42
1630.42
1007.18
1007.18
13.11
13.11
13.11
1468.88
1779.73
1779.73
1495.78
1495.78
1421.08
1421.08
953.59
953.59
581.47
581.47
924.81
924.81
1092.84
1092.84
1719.39
1719.39
1336.66
1336.66
1336.66
17.27
17.27
1733.54
1282.34
1282.34
1626.94
1626.94
1360.41
1360.41
1360.41
2169.02
450.87
450.87
832.66
832.66
10.00
10.00
10.47
10.47
302.81
302.81
2206.41
2206.41
1605.75
1605.75
37.43
37.43
2241.29
2241.29
12.12
12.12
14.44
14.44
1353.45
1353.45
1694.52
1694.52
1694.52
1614.60
1802.38
1802.38
1387.83
1387.83
124.09
124.09
1207.87
1207.87
2089.78
2089.78
1673.54
1673.54
1221.06
1221.06
1059.26
1059.26
195.29
195.29
971.11
971.11
1919.27
1919.27
1978.07
1978.07
1978.07
1978.07
2245.01
2245.01
258.63
258.63
1715.19
1715.19
2055.51
2055.51
2418.27
2418.27
730.34
730.34
1695.24
1695.24
1451.39
1451.39
1451.39
1451.39
1647.30
1647.30
1461.12
1461.12
735.35
735.35
1575.45
1575.45
1543.13
1543.13
2113.82
2113.82
278.09
278.09
339.70
339.70
765.42
765.42
1561.40
1561.40
1118.49
1118.49
1636.51
1636.51
1200.16
1200.16
866.33
866.33
1125.64
1125.64
1352.43
1352.43
16.09
16.09
927.95
927.95
1398.47
1398.47
2067.08
2067.08
1224.13
1224.13
404.83
404.83
404.83
379.94
115.69
115.69
67.74
67.74
533.42
533.42
677.27
677.27
1242.13
1242.13
1242.13
1242.13
1133.32
1133.32
1233.56
1233.56
1473.11
1473.11
1546.62
1546.62
1666.64
1666.64
1587.83
1587.83
258.35
258.35
1799.79
1799.79
2196.28
2196.28
951.30
951.30
1164.95
1164.95
296.86
296.86
566.02
566.02
1478.77
1478.77
360.38
360.38
1535.04
1535.04
2308.26
2308.26
11.02
11.02
133.88
133.88
2101.25
2101.25
2195.50
2195.50
2195.50
332.30
332.30
539.56
1810.97
1810.97
1468.84
1468.84
897.44
897.44
2071.43
2071.43
2078.01
2078.01
2051.42
2051.42
2845.94
2845.94
20.43
20.43
2153.59
2153.59
161.85
161.85
587.88
587.88
2831.77
2831.77
1284.68
1284.68
20.35
20.35
21.91
21.91
1883.48
1883.48
1273.44
1273.44
1046.90
1046.90
1046.90
1409.54
1409.54
1153.56
1488.60
1488.60
1488.60
18.58
164.91
164.91
10.00
10.00
10.00
2519.77
11.86
11.86
11.86
881.03
881.03
1945.57
539.68
539.68
539.68
834.92
834.92
1437.54
1437.54
1970.32
1970.32
1421.19
1421.19
2937.65
1555.42
1555.42
1555.42
60.00
60.00
60.00
1468.32
1580.72
1580.72
24.17
356.60
356.60
356.60
810.26
810.26
2306.88
2306.88
1409.93
1409.93
1237.22
1237.22
372.03
372.03
936.28
1014.88
1014.88
1014.88
1670.53
1670.53
1851.77
1851.77
19.06
19.06
2510.20
2510.20
1139.93
1139.93
434.86
434.86
434.86
387.34
199.06
199.06
317.80
317.80
205.25
205.25
12.26
12.26
731.66
731.66
1302.58
1302.58
1114.31
1114.31
1263.53
1263.53
953.64
953.64
377.38
377.38
660.43
660.43
282.07
282.07
550.14
550.14
1527.91
1527.91
400.00
400.00
1508.35
1508.35
1674.23
1674.23
304.36
304.36
304.36
304.36
253.24
253.24
426.04
426.04
433.83
337.15
337.15
359.04
455.71
455.71
738.33
738.33
907.36
907.36
482.65
482.65
1577.89
1577.89
14.29
14.29
1334.27
1334.27
1241.21
1241.21
34.23
34.23
34.23
455.14
1518.73
1518.73
3033.09
3033.09
740.73
740.73
973.61
973.61
1882.95
1882.95
12.99
12.99
1807.49
1807.49
1807.49
217.14
217.14
845.12
106.50
106.50
2321.65
2321.65
775.45
775.45
885.47
885.47
2259.94
2259.94
2006.94
2006.94
14.19
14.19
2388.69
2388.69
2010.32
2010.32
2840.90
2840.90
2415.48
2415.48
1508.45
1508.45
13.46
13.46
2257.06
2257.06
2297.70
2297.70
12.61
12.61
12.12
12.12
763.51
763.51
1750.05
1750.05
96.67
96.67
411.41
411.41
411.41
1544.64
920.83
920.83
920.83
1656.51
1414.36
1414.36
1151.40
1151.40
10.05
10.05
329.98
329.98
431.78
431.78
50.07
50.07
343.28
343.28
284.26
284.26
457.14
457.14
326.33
326.33
112.38
112.38
355.21
355.21
266.37
266.37
27.69
27.69
349.12
349.12
384.64
384.64
360.91
360.91
360.91
360.91
164.70
164.70
330.58
317.34
317.34
183.52
183.52
63.48
601.54
601.54
846.44
846.44
793.81
793.81
10.00
10.00
1159.69
1159.69
614.74
614.74
869.44
869.44
10.00
10.00
1396.44
1396.44
10.00
10.00
779.61
779.61
1234.60
1234.60
1614.31
1614.31
1538.88
1538.88
1270.79
1270.79
1718.95
1718.95
458.26
458.26
2483.27
2483.27
143.67
143.67
572.53
572.53
287.88
287.88
1473.59
1473.59
2087.68
2087.68
2218.02
2218.02
38.51
38.51
2383.92
2383.92
1597.61
1597.61
2431.88
2431.88
310.58
310.58
1414.05
1414.05
766.75
766.75
1681.62
1681.62
1553.76
1553.76
1500.48
1500.48
1890.06
1890.06
2117.07
2117.07
75.81
75.81
2296.87
2296.87
1599.42
1599.42
1599.42
1599.42
1599.42
1599.42
1599.42
1599.42
1599.42
1599.42
1599.42
1599.42
1599.42
1599.42
466.86
466.86
1310.48
1310.48
1692.22
1692.22
1692.22
1692.22
1509.33
1509.33
13.01
13.01
177.62
177.62
139.20
139.20
1617.15
1617.15
632.88
632.88
404.04
404.04
1814.06
1814.06
1305.78
1305.78
1305.78
1305.78
1587.40
1587.40
1099.49
1099.49
1566.37
1566.37
1580.21
1580.21
1580.21
1580.21
1822.17
1822.17
1277.30
1277.30
1743.18
1743.18
145.44
145.44
1560.84
1560.84
1999.75
1999.75
2201.72
2201.72
1875.50
1875.50
1789.00
1789.00
2280.50
2280.50
2186.27
2186.27
1055.51
1055.51
2297.72
2297.72
1392.17
1392.17
954.09
954.09
1935.31
1935.31
2105.04
2105.04
615.74
615.74
1296.91
1296.91
562.53
562.53
2773.71
2773.71
2409.76
2409.76
1300.03
1300.03
1165.53
1165.53
2613.12
2613.12
1715.92
1715.92
1275.08
1275.08
2105.49
2105.49
2105.49
2105.49
663.79
663.79
583.17
583.17
2011.22
2011.22
1293.63
1293.63
728.54
728.54
1386.23
1386.23
2019.25
2019.25
1461.57
1461.57
1508.28
1508.28
2451.32
2451.32
2355.89
2355.89
1385.34
1385.34
2440.31
2440.31
2357.10
2357.10
2437.34
2437.34
25.54
25.54
1892.19
1892.19
13.22
13.22
883.97
883.97
1324.63
1324.63
1914.47
1914.47
1914.47
1914.47
1224.48
2918.93
2918.93
2918.93
1981.12
1981.12
904.96
904.96
1524.11
1524.11
1440.02
1440.02
2676.58
2676.58
662.63
662.63
1947.04
1947.04
1385.07
1385.07
34.27
34.27
1553.33
1553.33
1913.81
1913.81
1093.43
1093.43
1741.66
1741.66
2557.46
2557.46
2234.47
2234.47
14.74
14.74
1813.06
1813.06
386.24
386.24
2497.57
2497.57
2279.37
2279.37
1685.09
1685.09
693.93
693.93
1125.76
1125.76
12.43
12.43
162.78
162.78
2153.84
2153.84
35.37
35.37
1950.92
1950.92
1818.04
1818.04
2139.17
2139.17
140.67
140.67
2027.08
2027.08
1184.13
1184.13
2245.21
2245.21
13.03
13.03
650.84
650.84
1726.21
1726.21
1234.90
1234.90
1234.90
1234.90
1234.90
434.50
434.50
377.74
377.74
367.07
367.07
160.74
418.32
418.32
426.89
426.89
372.47
372.47
743.86
743.86
846.58
846.58
1108.27
1108.27
1200.30
1200.30
1802.85
1802.85
204.45
204.45
1091.55
1091.55
1428.89
1428.89
1572.37
1572.37
718.20
718.20
1890.59
1890.59
1890.59
1890.59
384.30
384.30
1118.90
1118.90
1550.23
1550.23
1929.79
1929.79
1816.22
1816.22
1203.02
1203.02
1150.19
1150.19
2011.49
2011.49
1423.04
1423.04
656.99
656.99
1702.84
1702.84
1879.79
1879.79
1635.01
1635.01
1348.54
1348.54
589.20
589.20
589.20
589.20
589.20
589.20
589.20
589.20
589.20
589.20
589.20
589.20
937.68
993.54
532.40
532.40
311.69
311.69
1799.32
1799.32
1378.95
1378.95
1393.16
1393.16
67.83
67.83
2250.95
2250.95
891.62
891.62
1641.94
1641.94
1810.32
1810.32
13.90
13.90
456.86
456.86
2145.56
2145.56
31.71
31.71
596.33
596.33
1791.70
1791.70
1026.27
1026.27
501.48
501.48
673.56
673.56
1543.81
1543.81
1398.63
1398.63
1398.63
1398.63
1242.86
1242.86
1400.29
1400.29
110.40
110.40
1859.68
1859.68
1859.68
1859.68
25.88
25.88
2073.61
2073.61
1607.44
1607.44
1640.99
1640.99
1931.72
1931.72
1942.66
1942.66
1942.66
1942.66
1942.66
1942.66
1942.66
1942.66
1568.66
1568.66
1568.66
1568.66
2233.49
2233.49
1875.89
1875.89
1045.26
1045.26
1045.26
1045.26
1045.26
1045.26
1045.26
1045.26
1045.26
1045.26
1557.91
1557.91
1349.45
1349.45
1349.45
1349.45
1950.14
1950.14
2400.39
2400.39
2199.54
2199.54
624.62
624.62
726.48
726.48
1916.58
1916.58
1186.29
1186.29
627.81
627.81
2627.57
2627.57
2627.57
1907.40
107.59
107.59
1725.35
1725.35
118.61
118.61
1468.16
1468.16
1005.11
1005.11
1005.11
1098.34
1098.34
1098.34
1458.33
1818.41
970.58
970.58
10.66
10.66
1706.96
1706.96
1970.44
1970.44
98.58
98.58
1301.47
1301.47
1154.81
1154.81
35.48
35.48
961.66
961.66
1584.43
1584.43
2067.47
2067.47
1537.80
1537.80
1568.43
1568.43
2164.47
2164.47
2025.37
2025.37
405.70
405.70
1122.92
1122.92
1122.92
405.20
11.34
11.34
1499.79
1499.79
1919.60
1919.60
820.89
820.89
36.27
36.27
2240.15
2240.15
1214.79
1214.79
2108.26
2108.26
1225.66
1225.66
646.31
646.31
872.48
872.48
858.33
858.33
1738.99
1738.99
12.43
12.43
18.23
18.23
567.88
567.88
367.54
367.54
1581.82
1581.82
1091.42
1091.42
1091.42
1179.35
24.65
24.65
917.60
917.60
11.06
11.06
1756.06
1756.06
132.03
132.03
1437.99
1437.99
1526.34
1526.34
17.33
17.33
1381.35
1381.35
1071.28
1071.28
1071.28
24.36
591.56
591.56
1849.00
1849.00
1648.43
1648.43
1520.31
1520.31
697.00
697.00
1937.94
1937.94
1247.37
1247.37
1576.36
1576.36
1404.15
1404.15
1033.91
1033.91
841.95
841.95
680.17
680.17
1693.96
1693.96
1048.52
1048.52
1048.52
1048.52
1048.52
1048.52
1048.52
1048.52
1612.11
1612.11
1594.43
1594.43
2370.70
2370.70
1696.81
1696.81
1895.27
1895.27
2404.28
2404.28
1608.05
1608.05
1473.72
1473.72
71.59
71.59
1328.46
1328.46
1970.55
1970.55
214.54
214.54
214.54
166.32
166.32
166.32
402.25
402.25
131.91
131.91
250.29
250.29
320.50
381.08
467.01
467.01
10.34
10.34
78.27
78.27
365.08
365.08
462.47
462.47
982.84
982.84
869.15
869.15
771.99
771.99
1516.91
1516.91
2058.44
2058.44
2058.44
2058.44
2058.44
2058.44
1459.01
1459.01
1876.79
1876.79
724.10
724.10
404.10
404.10
1131.88
1131.88
1755.08
1755.08
509.88
509.88
958.86
958.86
627.33
627.33
1160.86
1160.86
1608.81
1608.81
998.21
998.21
887.85
887.85
1153.97
1153.97
881.99
881.99
881.99
881.99
98.94
98.94
933.15
933.15
1192.77
1192.77
1192.77
1490.38
1379.50
1379.50
1459.82
1459.82
1459.82
403.94
403.94
447.28
586.08
586.08
779.44
779.44
1096.90
1096.90
1096.90
966.42
966.42
253.86
870.54
870.54
870.54
1126.68
1488.37
1488.37
1488.37
762.70
762.70
762.70
309.82
309.82
352.10
352.10
340.04
254.31
254.31
426.69
426.69
396.98
396.98
409.96
409.96
432.12
432.12
392.69
392.69
383.91
383.91
335.59
335.59
370.76
370.76
418.18
418.18
234.56
234.56
436.13
436.13
376.15
376.15
372.42
372.42
372.35
372.35
372.35
400.36
598.46
598.46
731.99
731.99
897.25
897.25
21.66
21.66
10.00
10.00
1464.36
1464.36
1569.12
1569.12
1719.00
1719.00
1363.23
1363.23
2599.97
2599.97
20.68
20.68
1794.63
1794.63
18.59
2255.44
2255.44
2255.44
1171.13
1171.13
1279.18
1279.18
2453.56
2453.56
67.55
67.55
836.25
836.25
2792.09
2792.09
2038.98
2038.98
2290.07
2290.07
10.25
10.25
1880.98
1880.98
1408.73
2096.82
2096.82
2096.82
2789.54
2789.54
11.88
11.88
977.78
977.78
1824.48
1824.48
1970.61
1970.61
1471.12
1471.12
1493.04
1493.04
578.20
578.20
497.80
497.80
2471.53
2471.53
1202.97
1202.97
56.42
56.42
34.48
34.48
457.21
457.21
2059.34
2059.34
462.03
462.03
592.32
592.32
1856.01
1856.01
1246.96
1246.96
1764.99
1764.99
82.73
82.73
440.21
440.21
667.77
667.77
1191.20
1191.20
928.68
928.68
1374.31
1374.31
1451.39
1451.39
2162.77
2162.77
1736.07
1736.07
1469.93
1469.93
376.96
376.96
861.02
861.02
1067.05
1067.05
1412.68
1412.68
1412.68
75.48
75.48
345.62
345.62
451.75
451.75
346.22
438.31
438.31
514.94
514.94
458.30
458.30
711.92
711.92
775.85
775.85
953.97
953.97
177.12
177.12
1757.84
1757.84
10.00
10.00
11.72
11.72
1186.30
1186.30
1374.99
1374.99
1929.84
1929.84
148.12
148.12
1715.23
1715.23
13.21
13.21
1077.12
1077.12
424.36
424.36
10.00
10.00
1540.02
1540.02
1274.56
1274.56
808.81
808.81
1801.03
1801.03
1526.59
1526.59
401.46
401.46
401.46
391.86
410.61
410.61
301.48
301.48
381.40
381.40
267.92
267.92
347.72
347.72
416.72
416.72
392.69
392.69
392.66
392.66
385.09
385.09
532.81
532.81
29.32
29.32
635.96
635.96
1216.18
1216.18
665.77
665.77
1255.03
1255.03
1235.56
1235.56
2004.61
2004.61
438.71
438.71
438.71
398.92
398.92
351.58
351.58
10.74
627.77
627.77
922.46
922.46
823.65
823.65
1398.11
1398.11
1375.81
1375.81
744.25
744.25
1977.76
1977.76
1377.22
1377.22
528.44
528.44
962.55
962.55
442.57
442.57
711.39
711.39
1139.26
1139.26
1014.07
1014.07
1648.19
1648.19
1481.46
1481.46
1314.91
1314.91
628.75
628.75
1063.95
1063.95
1944.64
1944.64
1673.18
1673.18
1930.52
1930.52
907.25
907.25
907.25
907.25
447.91
447.91
1430.67
1430.67
1730.22
1730.22
1083.55
1083.55
1032.14
1032.14
1617.83
1617.83
880.55
880.55
1897.49
1897.49
1855.86
1855.86
1682.50
1682.50
515.76
515.76
13.22
13.22
13.22
227.13
1101.97
1101.97
1712.99
1712.99
809.05
809.05
981.65
981.65
562.97
562.97
1163.66
1163.66
304.11
304.11
1388.65
1388.65
1205.95
1205.95
499.23
499.23
207.47
207.47
261.50
261.50
786.57
786.57
786.57
786.57
414.94
414.94
414.94
981.33
30.97
825.14
984.74
984.74
984.74
375.84
706.04
706.04
344.05
344.05
883.04
883.04
947.87
947.87
1263.09
1263.09
629.13
629.13
1557.74
1557.74
2034.03
2034.03
1670.72
1670.72
1289.57
1289.57
739.62
739.62
874.39
874.39
536.32
536.32
208.22
208.22
1030.61
1030.61
1931.70
1931.70
1662.33
1662.33
1450.33
1450.33
1416.62
1416.62
1622.72
1622.72
848.06
848.06
640.94
640.94
1343.08
1343.08
1073.66
1073.66
16.03
16.03
327.00
327.00
1580.46
1580.46
32.58
32.58
839.50
839.50
1055.25
1055.25
810.28
810.28
1378.63
1378.63
530.43
530.43
1060.52
1060.52
1724.67
1724.67
1848.76
1848.76
1267.89
1267.89
2266.39
2266.39
1328.41
1328.41
1786.14
1786.14
2430.70
2430.70
519.94
519.94
1548.13
1548.13
87.04
87.04
1197.81
1197.81
455.11
455.11
1192.54
1192.54
1069.14
1069.14
843.64
843.64
843.64
843.64
429.86
429.86
429.86
35.19
35.19
401.35
401.35
380.40
394.45
394.45
405.36
405.36
392.24
392.24
557.47
557.47
554.09
554.09
992.45
992.45
1369.08
1369.08
1414.09
1414.09
1440.01
1440.01
1659.02
1659.02
1659.02
1659.02
1422.93
1422.93
913.28
913.28
667.95
667.95
19.18
19.18
1177.52
1177.52
1160.63
1160.63
1743.30
1743.30
2082.58
2082.58
1840.11
1840.11
180.44
180.44
2415.40
2415.40
1399.24
1399.24
2362.29
2362.29
1931.76
1931.76
1190.03
1190.03
1190.03
2381.24
1904.94
1904.94
291.72
291.72
1788.83
1788.83
112.47
112.47
2563.12
2563.12
1152.95
1152.95
1711.36
1711.36
1938.45
1938.45
373.75
373.75
514.15
514.15
2387.68
2387.68
2558.91
2558.91
994.45
994.45
2546.73
2546.73
2962.81
2962.81
79.54
79.54
2275.82
2275.82
870.41
870.41
1902.37
1902.37
1009.95
1009.95
1800.30
1800.30
16.61
16.61
84.40
84.40
616.58
616.58
663.68
663.68
2261.86
2261.86
643.81
643.81
746.66
746.66
1221.09
1221.09
1221.09
302.44
87.03
87.03
1201.35
1201.35
1070.36
1070.36
648.90
648.90
817.80
817.80
1190.59
1190.59
755.51
755.51
958.04
958.04
1461.75
1461.75
801.99
801.99
1196.77
1196.77
982.23
982.23
1261.04
1261.04
1559.24
1559.24
10.00
10.00
1311.17
1311.17
805.62
805.62
775.09
775.09
2137.20
2137.20
1589.58
1589.58
1167.99
1167.99
1159.36
1159.36
1159.36
1378.37
775.50
775.50
28.02
28.02
1501.53
1501.53
117.33
117.33
859.57
859.57
1143.42
1143.42
1143.42
1143.42
287.78
287.78
287.78
998.15
1097.67
1097.67
1773.06
1773.06
1212.76
1212.76
937.29
937.29
300.89
300.89
1305.67
1305.67
1505.90
1505.90
2307.87
2307.87
16.76
16.76
1285.30
1285.30
656.56
656.56
361.74
361.74
854.69
854.69
1941.49
1941.49
1941.49
1374.71
396.46
396.46
2484.58
2484.58
756.50
756.50
1375.34
1375.34
826.71
826.71
1680.27
1680.27
1202.65
1202.65
1423.95
1423.95
1680.33
1680.33
2146.65
2146.65
2893.54
2893.54
47.20
47.20
2618.07
2618.07
911.45
911.45
28.48
28.48
1238.91
1238.91
1304.03
1304.03
777.02
777.02
1419.21
1419.21
1018.78
1018.78
1937.05
1937.05
1993.17
1993.17
407.82
407.82
709.32
709.32
1882.44
1882.44
1396.29
1396.29
1018.97
1018.97
1277.16
1277.16
937.33
937.33
437.48
437.48
437.48
437.48
393.55
358.66
358.66
17.62
17.62
35.47
35.47
397.21
390.25
390.25
257.21
257.21
386.83
386.83
665.13
665.13
935.31
935.31
643.09
643.09
772.29
772.29
1198.17
1198.17
632.69
632.69
1321.43
1321.43
1251.69
1251.69
133.11
133.11
1665.88
1665.88
1546.96
1546.96
1546.96
180.18
1369.51
1369.51
966.17
966.17
1107.20
1107.20
1640.58
1640.58
623.54
623.54
17.77
17.77
987.69
987.69
334.23
334.23
1639.41
1639.41
1095.79
1095.79
941.76
941.76
927.09
927.09
953.97
953.97
528.85
528.85
528.85
181.94
181.94
181.94
704.06
704.06
924.32
924.32
1211.72
1211.72
369.35
369.35
331.47
331.47
278.25
278.25
434.67
434.67
370.38
370.38
382.08
382.08
430.44
430.44
697.46
697.46
794.41
794.41
983.61
983.61
826.44
826.44
881.06
881.06
855.81
855.81
1746.82
1746.82
741.90
741.90
1022.11
1022.11
352.81
352.81
1157.24
1157.24
1446.38
1446.38
713.59
713.59
713.59
713.59
1106.45
1106.45
1106.45
1106.45
1322.67
1322.67
1262.63
1262.63
2200.09
2200.09
2200.09
2200.09
2070.40
2070.40
1929.09
1929.09
846.16
846.16
846.16
846.16
1594.90
1594.90
1872.48
1872.48
1702.87
1702.87
1632.25
1632.25
1856.99
1856.99
2002.16
2002.16
2000.02
2000.02
1528.84
1528.84
2249.21
2249.21
1148.83
1148.83
1749.46
1749.46
2377.87
2377.87
1868.58
1868.58
1285.79
1285.79
769.70
769.70
2278.96
2278.96
1219.26
1219.26
2209.94
2209.94
1807.12
1807.12
1568.28
1568.28
432.67
432.67
1832.27
1832.27
1749.47
1749.47
1749.47
1749.47
1299.12
1299.12
1711.19
1711.19
1381.94
1381.94
1984.84
1984.84
2410.28
2410.28
2410.28
2410.28
444.14
444.14
135.50
135.50
1478.85
1478.85
1034.81
1034.81
669.17
669.17
848.09
848.09
725.65
725.65
2483.55
2483.55
12.61
12.61
1350.49
1350.49
1153.30
1153.30
646.32
646.32
1385.34
1385.34
1385.34
1654.49
10.00
10.00
918.54
918.54
1005.36
1005.36
893.45
893.45
868.63
868.63
868.63
1145.75
1904.37
1904.37
1904.37
1419.62
1419.62
2005.12
1443.52
1443.52
1443.52
16.76
16.76
1548.10
838.15
838.15
838.15
480.06
480.06
683.87
683.87
11.48
11.48
1216.16
1216.16
787.25
787.25
45.18
45.18
915.77
915.77
12.72
12.72
18.45
18.45
13.70
13.70
944.96
944.96
871.98
871.98
964.69
964.69
466.53
1249.33
1249.33
1249.33
1226.83
1226.83
18.36
18.36
23.61
23.61
1180.88
1180.88
1573.12
1573.12
912.27
912.27
955.78
955.78
851.41
851.41
851.41
1564.62
1564.62
1044.41
477.99
477.99
1695.97
1695.97
1091.83
1091.83
390.78
390.78
40.16
40.16
388.38
388.38
602.47
602.47
1652.34
1652.34
604.13
604.13
2068.42
2068.42
16.40
16.40
806.91
806.91
1548.91
1548.91
489.95
489.95
1663.07
1663.07
913.25
913.25
1852.09
1852.09
604.92
604.92
10.00
10.00
668.31
668.31
698.44
698.44
12.72
12.72
640.00
640.00
1679.19
1679.19
2422.96
2422.96
1109.51
1109.51
634.76
634.76
2112.61
2112.61
2168.36
2168.36
1453.35
1453.35
13.17
13.17
2291.92
2291.92
149.86
149.86
294.13
294.13
998.82
998.82
12.08
12.08
1502.01
1502.01
970.20
970.20
1044.88
1044.88
1044.88
374.82
425.87
425.87
921.11
921.11
1582.25
1582.25
1366.95
1366.95
2008.55
2008.55
421.12
421.12
725.03
725.03
175.45
175.45
1692.60
1692.60
18.00
18.00
478.21
478.21
1506.87
1506.87
1950.50
1950.50
725.62
725.62
2142.58
2142.58
28.05
28.05
11.14
11.14
1701.93
1701.93
1962.06
1962.06
1710.67
1710.67
930.40
930.40
258.05
258.05
1628.96
1628.96
1491.82
1491.82
1790.43
1790.43
2280.31
2280.31
1957.46
1957.46
1957.46
1957.46
472.13
472.13
1880.83
1880.83
1578.46
1578.46
1466.85
1466.85
1605.43
1605.43
1641.15
1641.15
12.74
12.74
17.68
17.68
803.46
803.46
1321.71
1321.71
1312.58
1312.58
181.50
181.50
219.42
219.42
1046.15
1046.15
375.14
375.14
881.26
881.26
585.88
585.88
1658.24
1658.24
1564.27
1564.27
156.71
156.71
2339.81
2339.81
1686.28
1686.28
1429.25
1429.25
12.87
12.87
1037.84
1037.84
92.88
92.88
978.99
978.99
13.44
13.44
492.01
492.01
574.06
574.06
1316.04
1316.04
18.08
18.08
467.36
467.36
803.33
803.33
1222.22
1222.22
1047.21
1047.21
2256.16
2256.16
13.79
13.79
876.50
876.50
843.38
843.38
995.63
995.63
212.18
212.18
1837.59
1837.59
1313.81
1313.81
1206.33
1206.33
2839.88
2839.88
1638.71
1638.71
1451.30
1451.30
54.84
54.84
855.17
855.17
11.75
11.75
30.72
30.72
708.71
708.71
907.70
907.70
22.00
22.00
263.22
263.22
671.09
671.09
2191.91
2191.91
25.13
25.13
752.70
752.70
550.36
550.36
1420.78
1420.78
2372.29
2372.29
1818.04
1818.04
843.97
843.97
1272.41
1272.41
596.52
596.52
596.52
596.52
596.52
360.77
360.77
404.92
404.92
350.58
568.54
568.54
900.44
900.44
780.43
780.43
1421.36
1421.36
847.73
847.73
1170.05
1170.05
1290.60
1290.60
994.40
994.40
1832.51
1832.51
483.38
483.38
1590.50
1590.50
1344.90
1344.90
2160.48
2160.48
2292.39
2292.39
1567.67
1567.67
2148.60
2148.60
10.00
10.00
28.48
28.48
879.65
879.65
12.73
12.73
12.73
20.43
1311.22
1311.22
2282.78
2282.78
2145.03
2145.03
1520.46
1520.46
2477.47
2477.47
868.27
868.27
1485.02
1485.02
1773.53
1773.53
1392.72
1392.72
1837.99
1837.99
2250.71
2250.71
2365.59
2365.59
809.28
809.28
1397.27
1397.27
1318.52
1318.52
1278.31
1278.31
2247.41
2247.41
68.95
68.95
68.95
988.89
1146.53
1146.53
1187.04
1187.04
1105.12
1105.12
1881.30
1881.30
14.13
14.13
1907.05
1907.05
800.91
800.91
1665.15
1665.15
593.85
593.85
1721.85
1721.85
1353.59
1353.59
110.80
110.80
160.43
160.43
592.46
592.46
1224.76
1224.76
1454.27
1454.27
12.25
12.25
1263.56
1263.56
1012.86
1012.86
1358.15
1358.15
468.77
468.77
1050.93
1050.93
1005.61
1005.61
1390.89
1390.89
1198.14
1198.14
1043.10
1043.10
230.81
230.81
828.51
828.51
1744.20
1744.20
29.02
29.02
851.00
851.00
12.43
12.43
612.78
612.78
178.43
178.43
2113.28
2113.28
2613.87
2613.87
1580.71
1580.71
26.03
26.03
437.51
437.51
436.72
436.72
1636.72
1636.72
297.00
297.00
1507.96
1507.96
13.64
13.64
1771.80
1771.80
2043.01
2043.01
83.54
83.54
2232.15
2232.15
1243.52
1243.52
908.11
908.11
1599.51
1599.51
701.30
701.30
1963.54
1963.54
2467.41
2467.41
2262.06
2262.06
1186.33
1186.33
901.04
901.04
1532.29
1532.29
1766.10
1766.10
2148.98
2148.98
1689.22
1689.22
2342.01
2342.01
2331.52
2331.52
965.47
965.47
1265.18
1265.18
1691.50
1691.50
147.40
147.40
2071.32
2071.32
746.67
746.67
1892.84
1892.84
423.05
423.05
466.53
466.53
1720.10
1720.10
894.51
894.51
2251.51
2251.51
761.23
761.23
1353.74
1353.74
10.00
10.00
10.00
10.00
1659.24
1659.24
613.43
613.43
1704.15
1704.15
142.63
142.63
895.66
895.66
811.59
811.59
914.52
914.52
1847.67
1847.67
559.26
559.26
12.90
12.90
1531.11
1531.11
1141.75
1141.75
102.92
102.92
1208.12
1208.12
317.83
317.83
1279.78
1279.78
1000.62
1000.62
2086.31
2086.31
158.69
158.69
1133.96
1133.96
893.44
893.44
637.77
637.77
1909.64
1909.64
1851.27
1851.27
1194.51
1194.51
794.61
794.61
1712.76
1712.76
12.83
12.83
801.50
801.50
948.08
948.08
436.05
436.05
1132.28
1132.28
973.13
973.13
918.11
918.11
1421.95
1421.95
1464.38
1464.38
13.28
13.28
1542.48
1542.48
1542.48
427.81
427.81
396.93
396.93
129.24
129.24
380.29
380.29
413.01
419.27
419.27
356.90
356.90
386.27
386.27
373.04
373.04
411.03
411.03
432.87
432.87
458.69
458.69
677.59
677.59
1047.34
1047.34
605.83
605.83
1256.76
1256.76
243.41
243.41
779.68
779.68
892.67
892.67
892.67
1155.29
1155.29
2023.01
851.91
851.91
851.91
1057.87
1057.87
911.91
1347.44
1347.44
1131.60
1131.60
430.35
430.35
430.35
398.08
398.08
37.40
92.75
92.75
382.41
382.41
414.91
414.91
10.00
10.00
331.97
331.97
329.92
329.92
411.21
411.21
433.85
433.85
326.51
326.51
386.72
386.72
487.66
487.66
1076.57
1076.57
1366.86
1366.86
1263.93
1263.93
363.18
363.18
475.01
475.01
1520.55
1520.55
638.13
638.13
1670.05
1670.05
1670.05
1550.03
1904.33
1904.33
24.12
24.12
14.15
14.15
950.84
950.84
36.78
36.78
407.09
407.09
52.62
52.62
620.40
620.40
1023.40
1023.40
18.41
18.41
10.00
10.00
10.00
454.05
56.90
56.90
1230.79
1230.79
45.29
45.29
874.96
874.96
874.96
384.75
384.75
48.70
48.70
48.70
343.81
374.75
436.35
436.35
722.02
722.02
751.75
751.75
1074.70
1074.70
1160.19
1160.19
1091.47
1091.47
1260.08
1260.08
2144.63
2144.63
1584.90
1584.90
2632.99
2632.99
2013.21
2013.21
2268.38
2268.38
1254.82
1254.82
1526.89
1526.89
552.80
552.80
1273.62
1273.62
1377.38
1377.38
1117.11
1117.11
1117.11
506.89
1225.70
1225.70
949.15
949.15
1154.75
1154.75
1154.75
403.31
26.73
26.73
1481.95
1481.95
856.77
856.77
1238.33
1238.33
1391.77
1391.77
1213.75
1213.75
697.99
697.99
11.52
11.52
24.18
24.18
356.09
356.09
635.53
635.53
50.03
50.03
13.46
13.46
13.46
13.46
35.13
35.13
35.04
35.04
637.13
1693.60
1693.60
1672.91
692.27
692.27
66.68
66.68
1229.76
1229.76
1229.76
802.00
1418.28
1418.28
1429.01
1429.01
1121.47
1121.47
1121.47
416.73
416.73
1460.99
891.10
891.10
98.99
98.99
2212.55
2212.55
510.49
510.49
1584.83
1584.83
931.60
931.60
240.19
240.19
240.19
238.60
238.60
183.61
183.61
183.61
183.61
413.18
413.18
291.49
291.49
455.59
297.56
297.56
10.00
10.00
973.56
973.56
351.55
351.55
103.64
103.64
40.51
40.51
10.00
10.00
38.85
38.85
890.30
890.30
890.30
17.10
17.10
17.10
10.00
10.00
1988.16
1170.91
2234.90
2234.90
2857.31
2857.31
1601.06
1601.06
23.80
23.80
2356.09
2356.09
38.19
38.19
13.81
13.81
36.00
36.00
17.45
17.45
10.00
10.00
152.18
152.18
12.28
12.28
2321.72
2321.72
1744.38
1744.38
1744.38
573.86
2352.57
2352.57
834.31
834.31
834.31
1311.46
1311.46
27.48
1956.63
1956.63
18.30
18.30
1254.53
1254.53
2503.09
2503.09
2063.83
2063.83
2063.83
544.27
24.68
24.68
24.68
475.76
475.76
1533.26
1280.11
1280.11
1280.11
576.39
1523.95
1523.95
810.06
810.06
810.06
112.60
112.60
2343.95
2343.95
1278.10
1278.10
1637.59
1405.57
1405.57
1405.57
2167.66
2167.66
1873.15
1873.15
1445.72
1445.72
1658.65
1658.65
1685.07
1685.07
1143.27
1143.27
1357.76
1357.76
610.75
610.75
135.63
135.63
302.72
302.72
1494.88
2514.60
2514.60
2514.60
1531.30
1531.30
2107.67
2107.67
17.81
17.81
1383.23
1383.23
1383.23
1383.23
1383.23
1383.23
1773.56
1773.56
1616.25
1616.25
1616.25
1616.25
1468.07
1468.07
1723.60
586.70
586.70
586.70
543.36
543.36
10.00
10.00
1365.60
1365.60
1679.32
1679.32
918.62
918.62
1806.68
1806.68
1874.11
1874.11
1771.43
1771.43
1850.06
1850.06
379.56
379.56
379.56
604.72
604.72
604.72
1516.49
1516.49
1532.24
1532.24
1282.88
1282.88
10.00
10.00
600.93
600.93
1269.86
1269.86
866.72
866.72
1483.90
1483.90
1493.48
1493.48
705.89
705.89
1798.78
737.96
737.96
737.96
295.05
295.05
1485.36
1485.36
337.62
337.62
1068.30
1068.30
2114.04
2114.04
71.41
71.41
1609.94
1609.94
340.93
340.93
12.92
12.92
17.21
17.21
190.07
190.07
697.08
697.08
1403.11
1403.11
382.90
382.90
19.10
19.10
1291.63
1291.63
26.29
26.29
2114.18
2114.18
27.67
27.67
260.75
260.75
1436.39
1436.39
679.08
679.08
1268.05
1268.05
1512.42
1512.42
1103.36
1103.36
1511.15
1511.15
396.13
396.13
218.27
218.27
490.73
490.73
10.28
10.28
1547.33
1547.33
1365.70
1365.70
1756.06
1756.06
532.50
532.50
966.91
966.91
1543.01
1543.01
1648.78
1648.78
47.48
47.48
1090.81
1090.81
1576.77
1576.77
1120.72
1120.72
196.43
196.43
1002.43
1002.43
1688.48
1688.48
962.44
962.44
1057.95
1057.95
739.41
739.41
609.62
609.62
12.77
12.77
614.82
614.82
1268.13
1268.13
975.62
975.62
975.62
138.14
218.21
218.21
249.21
249.21
10.00
10.00
29.65
29.65
896.57
896.57
1254.92
1254.92
1254.92
1254.92
2174.84
2174.84
616.78
616.78
149.34
149.34
1198.61
1198.61
10.00
10.00
416.03
416.03
621.83
621.83
1602.52
1602.52
16.00
16.00
521.89
521.89
1496.02
1496.02
2093.74
2093.74
1651.76
1651.76
1651.76
1651.76
1625.22
1625.22
1625.22
1625.22
1625.22
1625.22
1144.82
1144.82
841.55
841.55
1132.42
1132.42
1767.21
1767.21
1235.20
1235.20
966.52
966.52
660.08
660.08
2075.36
2075.36
1370.09
1370.09
950.94
950.94
738.22
738.22
1073.81
1073.81
1073.81
1073.81
1299.89
1299.89
1437.96
1437.96
1176.08
1176.08
614.26
614.26
1051.56
1051.56
1928.44
1928.44
395.71
395.71
414.17
414.17
993.76
993.76
532.41
532.41
936.98
936.98
1499.04
1499.04
1499.04
1499.04
1499.04
1499.04
876.37
876.37
174.76
174.76
959.29
959.29
802.05
802.05
119.51
119.51
1134.56
1134.56
1135.99
1135.99
997.06
997.06
1063.70
1063.70
1159.61
1159.61
811.47
811.47
1156.92
1156.92
1564.57
1564.57
1330.39
1330.39
904.17
904.17
904.17
904.17
276.20
276.20
1468.18
1468.18
1558.46
1558.46
19.02
19.02
16.14
16.14
22.15
22.15
1286.17
1286.17
2028.26
2028.26
1507.59
1507.59
1599.75
1599.75
1698.73
1698.73
1115.95
1115.95
1525.00
1525.00
81.23
81.23
534.22
534.22
534.22
181.00
72.03
72.03
657.79
657.79
1062.60
1062.60
1052.89
1052.89
731.11
731.11
1425.27
1425.27
1397.75
1397.75
1444.37
1444.37
2121.21
2121.21
12.72
12.72
277.20
277.20
1963.00
1963.00
18.40
18.40
1717.21
1717.21
1291.83
1291.83
261.11
261.11
404.51
404.51
404.51
404.51
1006.41
358.08
1948.88
1948.88
12.17
12.17
859.73
859.73
460.32
460.32
1107.35
1107.35
1338.28
1338.28
1222.08
1222.08
1250.37
1250.37
511.38
511.38
10.00
10.00
10.00
10.00
363.51
188.70
516.73
516.73
706.34
706.34
898.99
898.99
1378.31
1378.31
10.11
10.11
1606.15
1606.15
351.24
351.24
943.97
943.97
1667.27
1667.27
1667.27
1667.27
1418.39
1007.48
1076.64
1076.64
635.86
635.86
266.98
266.98
1046.29
1046.29
1026.73
1026.73
1257.11
1257.11
1536.18
1536.18
1546.69
1546.69
1457.03
1457.03
1368.20
1368.20
370.05
370.05
1109.35
1109.35
1109.35
410.24
530.95
530.95
381.91
381.91
14.80
14.80
16.45
16.45
160.20
160.20
2001.33
2001.33
478.91
478.91
478.91
10.00
10.00
732.47
732.47
10.00
10.00
1140.73
950.75
950.75
25.02
25.02
1505.44
1505.44
1505.44
321.80
321.80
553.32
849.65
849.65
19.91
19.91
28.26
28.26
1394.57
1394.57
12.55
12.55
969.21
969.21
867.31
867.31
191.06
191.06
100.58
100.58
53.36
53.36
111.31
111.31
111.31
747.48
747.48
156.20
156.20
156.20
1837.27
1837.27
1351.38
919.60
59.09
59.09
213.06
213.06
213.06
1229.02
1229.02
1229.02
80.67
80.67
10.00
280.63
24.54
24.54
685.47
685.47
12.30
12.30
897.91
897.91
51.56
51.56
683.35
683.35
44.82
44.82
155.46
155.46
16.82
16.82
12.99
12.99
1010.62
1010.62
39.63
39.63
39.63
572.57
572.57
1177.59
1177.59
419.73
2177.54
2177.54
931.61
931.61
452.94
452.94
485.42
485.42
272.90
272.90
1686.33
1686.33
1627.97
1627.97
1152.68
1152.68
515.35
515.35
584.99
584.99
455.83
455.83
406.18
406.18
973.02
973.02
1396.01
1396.01
1572.01
1572.01
23.88
23.88
146.62
146.62
12.21
12.21
1487.23
1487.23
480.03
480.03
480.03
18.71
92.78
92.78
2069.52
2069.52
10.00
10.00
10.00
10.00
74.36
74.36
74.36
446.34
446.34
1293.92
1317.07
1317.07
696.93
696.93
289.82
289.82
27.43
27.43
27.43
27.43
12.09
12.09
1639.87
1639.87
2347.14
2347.14
1218.11
1218.11
1867.84
1867.84
1133.58
1133.58
28.52
28.52
53.98
53.98
1417.76
1417.76
1271.99
1271.99
1065.80
1065.80
1065.80
1065.80
10.00
383.02
383.02
12.07
12.65
12.65
510.94
510.94
1075.13
1075.13
514.35
514.35
1376.49
1376.49
1511.49
1511.49
1395.15
1395.15
699.26
699.26
383.68
383.68
12.24
12.24
1457.65
1457.65
188.41
188.41
1026.36
1026.36
1273.40
1273.40
617.17
617.17
692.03
692.03
2088.73
2088.73
1287.44
1287.44
894.06
894.06
423.86
423.86
1327.80
1327.80
972.14
972.14
562.77
562.77
2028.33
2028.33
1053.28
1053.28
1595.53
1595.53
10.96
10.96
10.96
1759.28
505.94
505.94
540.66
540.66
34.41
34.41
641.46
641.46
616.14
616.14
1529.27
1529.27
2487.89
2487.89
13.09
13.09
1371.11
1371.11
1362.04
1362.04
1362.04
1495.20
973.91
973.91
1172.75
1172.75
708.84
708.84
149.13
149.13
856.81
856.81
1303.15
1303.15
743.72
743.72
1448.38
1448.38
1448.38
12.29
12.29
12.29
1825.67
1825.67
527.94
527.94
861.86
861.86
1287.39
1287.39
348.56
348.56
1430.74
1430.74
1437.02
1437.02
979.93
979.93
12.62
12.62
1505.36
1505.36
12.50
12.50
13.16
13.16
735.77
735.77
1361.01
1361.01
498.17
498.17
886.14
886.14
225.20
225.20
354.09
354.09
1775.32
1775.32
1871.51
1871.51
1442.98
1442.98
1793.02
1793.02
14.45
14.45
1231.74
1231.74
747.06
747.06
933.89
933.89
504.04
504.04
1488.02
1488.02
1409.25
1409.25
783.20
783.20
18.10
18.10
325.55
325.55
2153.36
2153.36
1663.19
1663.19
1663.19
12.46
1217.89
1217.89
1632.13
1632.13
969.16
969.16
1391.04
1391.04
1594.79
1594.79
238.47
238.47
238.47
655.37
655.37
976.97
161.74
161.74
95.52
95.52
2072.71
2072.71
189.39
189.39
189.39
12.10
1256.60
1256.60
60.30
60.30
60.30
292.89
292.89
1734.43
528.23
528.23
27.71
27.71
2114.88
2114.88
1565.26
1565.26
2097.49
2097.49
1422.38
1422.38
94.21
94.21
1864.79
1864.79
1641.98
1641.98
10.97
10.97
10.97
317.85
941.49
941.49
941.49
105.47
99.16
99.16
1267.97
1267.97
78.29
78.29
751.47
751.47
567.06
567.06
1098.46
1098.46
1098.46
59.13
59.13
708.47
72.53
72.53
10.68
10.68
10.68
10.68
10.68
16.75
25.71
25.71
13.60
13.60
380.98
1406.85
57.80
57.80
57.80
33.17
33.17
33.17
67.63
67.63
67.63
22.30
22.30
22.30
42.98
14.99
14.99
809.12
809.12
1623.59
293.57
293.57
1747.14
1747.14
1011.79
1011.79
1011.79
1132.80
1132.80
91.18
91.18
10.00
15.44
15.44
1811.95
1811.95
1811.95
30.83
713.27
713.27
713.27
130.47
130.47
833.77
1869.60
1869.60
1869.60
1869.60
1869.60
1869.60
1869.60
1869.60
27.11
10.01
356.67
356.67
447.18
20.06
20.06
422.26
422.26
52.42
52.42
403.42
403.42
387.33
387.33
435.35
435.35
423.24
423.24
395.37
395.37
797.64
797.64
659.76
659.76
214.31
214.31
858.16
858.16
54.24
54.24
21.94
21.94
1233.78
1233.78
533.01
533.01
319.89
319.89
207.77
207.77
207.77
790.67
790.67
177.06
1346.07
1346.07
853.78
853.78
962.78
962.78
1139.47
1139.47
449.82
449.82
1423.51
1423.51
2790.38
2790.38
2790.38
2790.38
1941.78
1941.78
1941.78
1025.00
1136.98
1136.98
783.35
783.35
1541.13
1541.13
651.92
651.92
651.92
651.92
399.23
399.23
345.70
345.70
215.61
215.61
922.16
922.16
922.16
922.16
922.16
922.16
1267.48
1267.48
981.47
981.47
1242.92
1242.92
598.38
598.38
1299.68
1299.68
2003.35
2003.35
974.91
974.91
888.76
888.76
1681.62
1681.62
755.85
755.85
860.11
860.11
1492.43
1492.43
121.55
121.55
2121.64
2121.64
2060.92
2060.92
1802.97
1802.97
1703.79
1703.79
1428.53
1428.53
518.00
518.00
646.57
646.57
1923.84
1923.84
1195.83
1195.83
1471.17
1471.17
418.82
418.82
166.03
166.03
10.00
10.00
415.11
415.11
421.82
421.82
379.58
379.58
614.52
614.52
761.77
761.77
843.26
843.26
1289.79
1289.79
1539.91
1539.91
1238.18
1238.18
1922.12
1922.12
2297.97
2297.97
2297.97
2297.97
2297.97
2297.97
1685.27
1685.27
2058.43
2058.43
705.93
705.93
1148.14
1148.14
1510.63
1510.63
2197.85
2197.85
1075.21
1075.21
2422.05
2422.05
95.60
95.60
1193.47
1193.47
1253.71
1253.71
1592.85
1592.85
1286.48
1286.48
884.96
884.96
821.85
821.85
1742.47
1742.47
1707.70
1707.70
2013.42
2013.42
13.58
13.58
2632.22
2632.22
2665.99
2665.99
300.60
300.60
1975.42
1975.42
1583.22
1583.22
1480.02
1480.02
2483.61
2483.61
2444.14
2444.14
1420.91
1420.91
1344.72
1344.72
1670.42
1670.42
1240.97
1240.97
901.62
901.62
1652.45
1652.45
1957.45
1957.45
2342.21
2342.21
627.32
627.32
2049.57
2049.57
1539.72
1539.72
439.64
439.64
439.64
439.64
25.50
25.50
1316.02
1316.02
1174.51
1174.51
1319.62
1319.62
1309.80
1309.80
1472.18
1472.18
18.98
18.98
53.12
53.12
2395.04
2395.04
760.90
760.90
34.96
34.96
2065.96
2065.96
1609.83
1609.83
1773.47
1773.47
960.46
960.46
664.83
664.83
10.00
10.00
1974.51
1974.51
11.29
11.29
1781.24
1781.24
1781.24
244.41
38.23
38.23
1618.53
1618.53
1444.90
1444.90
29.19
29.19
1777.39
1777.39
1293.98
1293.98
1947.34
1947.34
1858.71
1858.71
1503.37
1503.37
1855.63
1855.63
1855.63
11.93
1593.42
1593.42
272.21
272.21
272.21
1687.25
329.69
329.69
1604.53
1604.53
655.88
655.88
44.98
44.98
106.49
106.49
2268.26
2268.26
1154.30
1154.30
1163.01
1163.01
1074.03
1074.03
1772.60
1772.60
1392.83
1392.83
813.39
813.39
10.00
10.00
1656.38
1656.38
1148.95
1148.95
2227.95
2227.95
743.57
743.57
1785.72
1785.72
1785.72
1785.72
2063.83
2063.83
975.70
975.70
1630.65
1630.65
2100.22
2100.22
2599.93
2599.93
1347.38
1347.38
1419.69
1419.69
1842.70
1842.70
1943.99
1943.99
1437.20
1437.20
1276.16
1276.16
487.33
487.33
1681.35
1681.35
518.84
518.84
17.36
17.36
384.72
384.72
306.27
306.27
306.27
273.87
273.87
341.14
332.93
332.93
502.86
502.86
665.97
665.97
1393.78
1393.78
1029.30
1029.30
1279.93
1279.93
472.52
472.52
1704.40
1704.40
297.21
297.21
486.37
486.37
1226.70
1226.70
1996.47
1996.47
1294.27
1294.27
1972.71
1972.71
808.70
808.70
896.30
896.30
896.30
1620.00
2390.02
2390.02
1745.60
1745.60
1442.27
1442.27
1130.39
1130.39
2445.58
2445.58
605.82
605.82
211.13
211.13
378.17
378.17
925.10
925.10
1286.30
1286.30
1286.30
1286.30
1348.85
1348.85
1656.89
1656.89
1707.71
1707.71
538.28
538.28
18.36
18.36
1896.58
1896.58
2561.54
2561.54
29.02
29.02
1635.60
1635.60
1666.80
1666.80
356.25
356.25
735.59
735.59
501.16
501.16
1823.82
1823.82
1416.93
1416.93
1493.09
1493.09
13.17
13.17
2026.11
2026.11
2026.11
2026.11
2026.11
2026.11
1082.18
1082.18
1399.82
1399.82
1540.25
1540.25
774.43
774.43
922.92
922.92
74.04
74.04
74.04
534.13
2372.15
2372.15
979.69
979.69
1711.07
1711.07
228.50
228.50
688.70
688.70
1515.43
1515.43
1515.43
1515.43
1515.43
1515.43
867.59
867.59
1155.85
1155.85
860.71
860.71
941.41
941.41
1536.48
1536.48
843.22
843.22
777.26
777.26
1811.79
1811.79
2118.66
2118.66
652.30
652.30
1601.12
1601.12
175.47
175.47
1631.00
1631.00
2102.78
2102.78
1432.63
1432.63
1432.63
1432.63
17.32
17.32
17.32
1207.39
1207.39
1254.93
760.57
760.57
1365.23
1365.23
24.15
24.15
1002.97
1002.97
1479.69
1479.69
1683.65
1683.65
26.83
26.83
1848.24
1848.24
871.69
871.69
1658.30
1658.30
873.35
873.35
873.35
873.35
250.87
552.59
1610.43
1610.43
1029.87
1029.87
1714.60
1714.60
407.49
407.49
391.07
391.07
410.20
410.20
410.20
374.92
530.32
530.32
607.94
607.94
869.10
869.10
888.51
888.51
682.06
682.06
1107.93
1107.93
1293.36
1293.36
920.33
920.33
953.14
953.14
1622.53
1622.53
1622.53
1622.53
1478.95
1478.95
2109.67
2109.67
1804.09
1804.09
1465.61
1465.61
388.20
388.20
1124.14
1124.14
1666.71
1666.71
1187.66
1187.66
1066.38
1066.38
1501.90
1501.90
46.05
46.05
960.64
960.64
1023.61
1023.61
892.90
892.90
1781.03
1781.03
1714.28
1714.28
2255.95
2255.95
1769.14
1769.14
544.36
544.36
122.79
122.79
2340.17
2340.17
10.87
10.87
10.87
1893.22
2231.76
2231.76
1504.32
1504.32
2271.48
2271.48
1358.09
1358.09
1577.60
1577.60
1375.46
1375.46
10.00
10.00
629.72
629.72
10.42
10.42
1577.30
1577.30
1795.72
1795.72
1336.12
1336.12
2196.30
2196.30
15.14
15.14
390.11
390.11
1898.89
1898.89
2188.47
2188.47
2672.54
2672.54
1984.91
1984.91
752.47
752.47
17.45
17.45
2195.21
2195.21
1088.56
1088.56
1642.44
1642.44
670.53
670.53
24.38
24.38
1574.12
1574.12
1683.77
1683.77
1837.46
1837.46
2012.78
2012.78
1557.20
1557.20
1557.20
391.53
1565.16
1565.16
1697.47
1697.47
832.44
832.44
832.44
395.07
395.07
2075.58
1670.48
1670.48
1784.95
1784.95
1130.08
1130.08
236.73
236.73
2025.31
2025.31
1194.50
1194.50
31.09
31.09
553.09
553.09
185.03
185.03
185.03
65.82
65.82
60.68
15.80
15.80
323.56
323.56
1762.76
1762.76
18.36
18.36
18.36
57.88
333.52
333.52
17.53
17.53
11.80
11.80
743.16
743.16
1200.98
1200.98
377.30
377.30
1658.33
1658.33
32.59
32.59
704.36
704.36
581.68
581.68
907.17
907.17
346.32
346.32
957.64
957.64
601.94
601.94
645.26
645.26
2052.99
2052.99
1173.36
1173.36
1210.64
1210.64
1210.64
83.43
1524.28
1524.28
64.09
64.09
12.64
12.64
12.64
941.02
941.02
13.35
13.35
13.35
13.35
1063.78
1063.78
1063.78
15.90
434.99
10.15
133.56
10.36
10.36
1039.32
1039.32
18.82
18.82
10.00
10.00
12.70
12.70
13.46
13.46
278.23
278.23
204.55
204.55
661.26
661.26
1370.14
1370.14
1370.14
10.00
252.31
252.31
17.45
17.45
1441.32
1441.32
567.95
567.95
12.89
12.89
15.45
15.45
403.57
403.57
403.57
403.57
1203.05
1203.05
846.50
354.89
59.82
59.82
993.59
993.59
19.10
19.10
140.70
140.70
140.70
140.70
140.70
140.70
140.70
140.70
140.70
140.70
660.40
343.50
23.56
462.81
576.33
576.33
932.60
932.60
147.72
147.72
25.74
25.74
42.18
42.18
42.18
797.42
797.42
797.42
83.95
83.95
83.95
1986.01
1986.01
1210.83
1210.83
1154.93
45.97
72.92
72.92
492.30
492.30
492.30
492.30
492.30
448.08
131.55
100.61
403.98
427.99
427.99
427.99
427.99
427.99
425.07
425.07
442.68
442.68
446.65
693.15
693.15
733.70
733.70
910.25
910.25
902.61
902.61
167.10
167.10
135.14
135.14
708.70
708.70
334.78
334.78
148.96
148.96
906.72
906.72
1668.50
1668.50
70.68
70.68
836.84
836.84
1153.38
1153.38
623.64
623.64
1004.53
1004.53
1013.13
1013.13
794.99
794.99
13.42
13.42
14.41
14.41
1177.17
1177.17
1205.40
1205.40
200.90
200.90
200.90
16.83
1143.17
1143.17
1314.84
1314.84
1358.00
1358.00
24.07
24.07
24.07
528.02
528.02
39.44
476.28
476.28
809.26
809.26
809.26
730.94
47.13
47.13
10.00
10.00
10.00
460.80
460.80
1835.37
1835.37
982.44
982.44
317.81
317.81
1281.31
1281.31
23.44
23.44
520.62
520.62
24.96
17.41
17.41
17.41
735.59
735.59
1719.11
1719.11
1624.38
1624.38
1271.90
1271.90
1271.90
1775.95
1775.95
1858.22
795.80
795.80
10.86
10.86
1392.18
1392.18
520.31
520.31
1816.04
1816.04
110.99
110.99
417.02
417.02
1794.59
1794.59
890.18
890.18
1726.93
1726.93
1726.93
12.86
12.86
472.83
799.19
799.19
597.40
597.40
120.95
120.95
968.11
968.11
1534.44
1534.44
325.02
325.02
22.15
22.15
1781.32
1781.32
1868.00
1868.00
1090.95
1090.95
153.94
153.94
153.94
153.94
153.94
153.94
153.94
153.94
153.94
679.19
707.23
707.23
578.63
578.63
547.55
547.55
776.16
776.16
1080.27
1080.27
148.69
622.64
622.64
622.64
622.64
622.64
370.47
370.47
273.47
574.88
1323.22
1323.22
1858.23
1858.23
1726.81
1726.81
1375.75
1375.75
1312.11
1312.11
953.80
953.80
594.95
594.95
1453.39
1412.21
1412.21
1412.21
2534.76
2534.76
317.26
317.26
178.20
178.20
789.71
789.71
1778.67
1778.67
552.45
552.45
875.14
875.14
1163.47
1163.47
1551.41
1551.41
1517.58
1517.58
1737.88
1737.88
1180.58
1180.58
1749.03
1749.03
986.07
986.07
1325.39
1325.39
1374.28
1374.28
1233.71
1233.71
1312.88
1312.88
705.16
705.16
705.16
705.16
796.74
796.74
1666.09
1666.09
2006.32
2006.32
2019.89
2019.89
1137.83
1137.83
1715.77
1715.77
1158.15
1158.15
2165.00
2165.00
1770.78
1770.78
1121.56
1121.56
1426.79
1426.79
1729.67
1729.67
2216.05
2216.05
1967.63
1967.63
1318.58
1318.58
880.03
880.03
1199.63
1199.63
546.05
546.05
1111.70
1111.70
1457.40
1457.40
14.90
14.90
618.46
618.46
1673.84
1673.84
1744.03
1744.03
911.86
911.86
545.60
545.60
1287.05
1287.05
2221.03
2221.03
381.30
381.30
1075.09
1075.09
1075.09
1075.09
483.11
483.11
1519.95
1519.95
1731.36
1731.36
1387.39
1387.39
1530.26
1530.26
1534.51
1534.51
1534.51
663.81
755.96
755.96
553.41
553.41
1395.90
1395.90
1035.08
1035.08
1370.86
1370.86
26.30
26.30
1450.49
1450.49
1450.49
1450.49
1643.28
1643.28
1660.27
1660.27
14.46
14.46
265.99
265.99
696.94
696.94
619.54
619.54
1986.38
1986.38
2113.35
2113.35
1460.08
1460.08
1061.03
1061.03
25.61
25.61
61.64
61.64
472.90
472.90
12.47
12.47
1708.37
1708.37
29.91
29.91
344.11
344.11
344.11
344.11
18.68
2374.47
1727.61
1727.61
825.77
825.77
285.19
285.19
785.65
785.65
792.57
792.57
1692.94
1692.94
1577.34
1577.34
30.00
30.00
1167.84
1167.84
36.04
36.04
685.41
685.41
1396.28
1396.28
1368.52
1368.52
259.89
259.89
1529.77
1529.77
10.00
10.00
279.93
279.93
12.96
12.96
873.41
873.41
1282.73
1282.73
358.75
358.75
45.80
45.80
1043.10
1043.10
360.71
360.71
757.94
757.94
448.21
448.21
1243.90
1243.90
498.79
498.79
261.39
261.39
261.39
1782.75
1833.16
1833.16
159.43
159.43
1334.24
1334.24
995.19
995.19
626.85
626.85
1815.46
1815.46
1291.50
1291.50
559.25
559.25
219.33
219.33
684.70
684.70
161.64
161.64
664.21
664.21
1476.78
1476.78
1602.19
1602.19
155.40
155.40
183.72
183.72
1220.20
1220.20
809.15
809.15
1088.22
1088.22
571.45
571.45
22.60
22.60
738.15
738.15
822.76
822.76
539.94
539.94
11.79
11.79
928.94
928.94
1271.26
1271.26
482.63
482.63
31.78
31.78
728.74
728.74
728.74
1707.96
169.33
169.33
730.03
730.03
351.30
351.30
1559.71
1559.71
48.29
48.29
421.84
421.84
421.84
235.92
319.66
319.66
13.69
13.69
649.29
649.29
302.80
302.80
183.80
183.80
1572.94
1572.94
203.89
203.89
19.94
19.94
597.15
597.15
1475.01
1475.01
1916.06
1916.06
47.17
47.17
511.36
511.36
11.02
11.02
1054.94
1054.94
10.00
10.00
18.57
18.57
395.45
395.45
525.24
525.24
598.88
598.88
1380.78
1380.78
1728.57
1728.57
13.70
13.70
1808.21
1808.21
1808.21
141.56
463.32
463.32
113.58
113.58
367.14
367.14
515.74
515.74
893.77
893.77
1571.59
1571.59
15.96
15.96
101.42
101.42
1169.02
1169.02
953.23
953.23
1547.73
1547.73
1773.19
1773.19
948.11
948.11
309.36
309.36
10.00
10.00
101.13
101.13
726.23
726.23
12.95
12.95
36.87
36.87
150.66
150.66
695.28
695.28
1671.24
1671.24
684.05
684.05
1598.70
1598.70
1532.60
1532.60
1119.94
1119.94
1050.75
1050.75
575.74
575.74
415.87
415.87
1889.40
1889.40
861.69
861.69
1662.41
1662.41
1486.19
1486.19
1720.88
1720.88
1915.67
1915.67
997.38
997.38
1295.93
1295.93
2065.50
2065.50
1645.03
1645.03
1817.58
1817.58
436.60
436.60
1905.26
1905.26
1564.45
1564.45
10.00
10.00
780.51
780.51
1781.98
1781.98
1266.83
1266.83
296.10
296.10
1558.65
1558.65
1678.22
1678.22
1674.18
1674.18
1760.71
1760.71
13.66
13.66
1017.39
1017.39
675.85
675.85
1484.31
1484.31
1484.31
1484.31
1646.87
1646.87
1866.36
1866.36
2064.28
2064.28
2438.13
2438.13
2208.80
2208.80
1590.47
1590.47
1590.47
1590.47
1332.59
1332.59
2363.62
2363.62
2218.29
2218.29
2323.53
2323.53
1635.98
1635.98
13.48
13.48
901.91
901.91
674.25
674.25
974.96
974.96
679.31
679.31
1203.47
1203.47
13.38
13.38
2064.80
2064.80
1328.74
1328.74
1094.86
1094.86
1508.99
1508.99
1790.82
1790.82
1300.88
1300.88
1300.88
1300.88
1540.28
1540.28
1540.28
1540.28
27.55
27.55
12.83
12.83
1138.39
1138.39
1899.35
1899.35
1508.28
1508.28
1508.28
10.00
10.00
655.82
1203.59
1203.59
1045.80
1045.80
1836.92
1836.92
314.74
314.74
1658.44
1658.44
1430.27
1430.27
15.07
15.07
1570.88
1570.88
1230.89
1230.89
157.06
157.06
157.06
157.06
491.17
543.42
1466.84
1466.84
1824.89
1824.89
1824.89
575.42
145.80
145.80
18.12
18.12
614.11
614.11
25.36
25.36
18.58
18.58
1652.77
1652.77
13.55
13.55
1839.37
1839.37
220.21
220.21
220.21
795.21
795.21
1199.18
1199.18
1199.18
614.94
614.94
569.98
569.98
569.98
663.23
663.23
1152.50
1223.17
1223.17
1470.77
1470.77
1181.84
1181.84
1500.02
1500.02
1643.55
1643.55
1643.55
417.69
1026.58
1026.58
367.64
367.64
1642.21
1642.21
1479.07
1479.07
599.50
599.50
757.12
757.12
692.28
692.28
925.99
925.99
244.96
244.96
10.00
10.00
10.00
12.47
208.58
208.58
960.15
960.15
10.00
10.00
1087.23
1087.23
70.46
70.46
17.14
17.14
1557.68
1557.68
1648.82
1648.82
731.86
731.86
2032.54
2032.54
97.82
97.82
97.82
97.82
97.82
409.86
409.86
429.59
356.28
426.52
1018.07
1018.07
1129.10
1129.10
327.29
327.29
1538.88
1538.88
1475.85
1475.85
1288.30
1288.30
1505.34
1505.34
826.23
826.23
118.99
118.99
372.03
372.03
372.03
1282.62
1282.62
12.66
12.66
1229.27
608.80
608.80
1070.32
1070.32
12.84
12.84
261.25
261.25
880.05
880.05
2121.63
2121.63
52.84
52.84
18.12
18.12
1449.07
1449.07
1449.07
184.25
1746.44
1746.44
1746.44
1746.44
1746.44
386.24
20.28
1305.54
1317.73
1317.73
566.36
566.36
896.10
896.10
1309.41
1309.41
827.58
827.58
1391.73
1391.73
757.94
757.94
174.36
174.36
174.36
174.36
1157.68
1157.68
244.27
244.27
673.91
673.91
1621.29
1621.29
1718.11
1718.11
1158.03
1158.03
1045.94
1045.94
1996.54
1996.54
2536.61
2536.61
2536.61
414.31
414.31
192.24
375.88
375.88
1270.15
1270.15
617.35
617.35
336.89
336.89
418.84
418.84
992.74
992.74
1673.49
1673.49
257.26
257.26
48.05
48.05
37.40
37.40
1487.46
1487.46
1584.35
1584.35
1584.35
13.31
325.20
325.20
1148.95
1148.95
553.43
553.43
1180.91
1180.91
11.82
11.82
1194.28
1194.28
1194.28
11.62
1218.38
1218.38
926.74
926.74
1952.28
1952.28
398.92
398.92
10.00
10.00
10.00
10.00
10.00
10.00
934.42
934.42
934.42
1298.10
250.77
250.77
1720.90
1720.90
1720.90
2158.09
2242.16
2242.16
1190.11
1190.11
1462.42
1462.42
1639.29
1639.29
10.89
10.89
1738.74
1738.74
1863.91
1863.91
2661.12
2661.12
1905.60
1905.60
546.68
546.68
1873.96
1873.96
2108.32
2108.32
1821.30
1821.30
1523.01
1523.01
1523.01
1585.40
27.52
27.52
13.21
13.21
13.21
1378.14
164.63
164.63
164.63
391.42
391.42
391.42
16.92
16.92
392.36
482.29
482.29
920.53
502.85
502.85
502.85
612.94
1379.13
1379.13
1379.13
907.32
907.32
341.09
341.09
277.76
277.76
10.00
10.00
10.00
745.78
745.78
36.81
36.81
36.81
35.27
35.27
17.70
1459.95
1459.95
1459.95
1017.52
1017.52
32.02
688.84
34.77
34.77
60.46
988.39
988.39
988.39
988.39
1254.67
1254.67
1254.67
1044.16
2440.06
2440.06
2440.06
1651.44
1651.44
1250.31
1250.31
2319.43
2319.43
10.00
10.00
1438.13
1438.13
10.65
10.65
1114.64
1114.64
1471.17
1471.17
1467.84
1467.84
19.17
19.17
1383.75
1383.75
1533.14
1533.14
1529.20
1529.20
1511.70
1511.70
126.83
126.83
1039.54
1039.54
1059.07
1059.07
171.01
171.01
798.33
798.33
1477.27
1477.27
1087.82
1087.82
1969.96
1969.96
1615.13
1615.13
1615.13
1615.13
1303.15
1303.15
1933.40
1933.40
151.42
151.42
636.29
636.29
1894.21
1894.21
450.01
450.01
1319.55
1319.55
875.92
875.92
1954.32
1954.32
1550.74
1550.74
1531.73
1531.73
366.57
366.57
820.03
820.03
1552.59
1552.59
1730.89
1730.89
1730.89
1730.89
649.06
2082.18
2060.44
2060.44
1847.52
1847.52
1180.29
1180.29
1738.16
1738.16
810.49
810.49
514.29
514.29
2288.29
2288.29
1220.79
1220.79
100.63
100.63
2089.06
2089.06
923.57
923.57
1709.90
1709.90
2468.01
2468.01
1791.29
1791.29
2176.52
2176.52
2176.52
2176.52
631.81
631.81
631.81
631.81
631.81
437.08
437.08
437.08
437.08
437.08
437.08
437.08
267.21
357.60
378.52
378.52
78.09
78.09
302.70
302.70
444.09
444.09
298.29
298.29
318.54
318.54
240.35
240.35
336.38
336.38
410.08
410.08
395.46
395.46
855.63
855.63
15.25
15.25
892.30
892.30
607.86
607.86
40.52
40.52
339.31
339.31
106.41
106.41
1267.63
1267.63
1267.63
1001.62
1001.62
1001.62
391.98
391.98
680.12
680.12
680.12
680.12
1054.03
1054.03
1025.21
1025.21
1436.82
1436.82
1926.73
1926.73
1546.31
1546.31
520.59
520.59
1569.58
1569.58
1754.97
1754.97
1899.60
1899.60
937.83
937.83
753.19
753.19
1687.11
1687.11
201.24
201.24
201.24
238.88
1068.62
1068.62
530.14
530.14
931.72
931.72
193.45
193.45
15.38
15.38
1586.01
1586.01
39.39
39.39
981.90
981.90
10.00
10.00
433.62
433.62
433.62
433.62
433.62
561.22
19.02
1520.60
1507.87
1507.87
1153.77
1153.77
1519.83
1519.83
2031.54
2031.54
225.56
225.56
1657.44
1657.44
456.53
456.53
160.20
160.20
15.90
15.90
377.78
377.78
804.82
804.82
2445.17
2445.17
1966.85
1966.85
1789.57
1789.57
1654.38
1654.38
2293.72
2293.72
333.10
333.10
2204.57
2204.57
537.58
537.58
1198.90
1198.90
2062.53
2062.53
1597.32
1597.32
1103.22
1103.22
1895.96
1895.96
1991.41
1991.41
1967.92
1967.92
1725.27
1725.27
1493.52
1493.52
251.98
251.98
964.57
964.57
695.15
695.15
695.15
695.15
695.15
695.15
695.15
695.15
1681.76
1681.76
1243.61
1243.61
1008.44
1008.44
178.14
178.14
1018.97
1018.97
1631.86
1631.86
881.72
881.72
556.42
556.42
1120.86
1120.86
1231.61
1231.61
1201.27
1201.27
2006.32
2006.32
572.71
572.71
1921.90
1921.90
1072.76
1072.76
2097.23
2097.23
1591.19
1591.19
894.99
894.99
1283.59
1283.59
10.00
10.00
518.07
518.07
1025.50
1025.50
35.60
35.60
2129.80
2129.80
1757.89
1757.89
210.14
210.14
2234.66
2234.66
1416.89
1416.89
1595.83
1595.83
1835.09
1835.09
1774.96
1774.96
1866.13
1866.13
1879.08
1879.08
479.09
479.09
661.10
661.10
806.49
806.49
1029.33
1029.33
1029.33
722.00
1441.65
1441.65
1351.97
1351.97
1391.69
1391.69
1321.64
1321.64
1715.47
1715.47
1715.47
1715.47
10.00
10.00
1634.84
1634.84
2061.38
2061.38
1368.85
1368.85
1368.85
1368.85
1228.22
1228.22
711.35
711.35
10.00
10.00
96.15
96.15
1071.26
1071.26
1113.08
1113.08
661.20
661.20
1140.46
1140.46
779.02
779.02
1483.69
1483.69
1253.36
1253.36
296.65
296.65
22.62
22.62
559.56
559.56
548.97
548.97
1207.43
1207.43
1245.30
1245.30
89.53
89.53
37.11
37.11
489.50
489.50
2099.52
2099.52
1723.12
1723.12
78.28
78.28
59.57
59.57
19.03
19.03
19.03
56.56
39.68
39.68
39.68
621.39
2070.08
2070.08
2070.08
2070.08
2070.08
2070.08
85.22
85.22
526.27
526.27
10.79
10.79
18.72
18.72
1444.92
1444.92
18.52
18.52
18.52
2479.61
2580.05
2580.05
771.45
771.45
1177.40
1177.40
126.25
126.25
476.71
476.71
75.07
75.07
270.88
270.88
270.88
93.32
72.86
72.86
372.00
372.00
266.24
266.24
15.83
15.83
71.03
71.03
71.03
124.64
124.64
388.15
388.15
215.28
215.28
332.16
332.16
316.98
316.98
316.98
316.98
410.43
330.45
582.08
1224.39
1224.39
1169.56
1169.56
588.25
588.25
1028.76
1028.76
47.23
47.23
1518.45
1518.45
740.68
740.68
517.55
517.55
30.15
30.15
30.15
720.89
720.89
12.99
12.99
1897.54
1897.54
32.65
32.65
32.65
32.65
12.67
1812.77
1812.77
10.00
10.00
333.10
333.10
23.06
23.06
1511.98
1511.98
895.92
895.92
608.73
608.73
1272.80
1272.80
1272.80
1272.80
1272.80
1272.80
1272.80
1272.80
1272.80
192.09
192.09
192.09
16.61
57.95
57.95
57.95
56.25
279.52
10.00
515.44
447.21
447.21
447.58
447.58
760.88
760.88
757.39
757.39
896.82
896.82
1096.51
1096.51
109.15
109.15
1199.40
1199.40
12.70
12.70
12.70
501.60
501.60
2063.72
2063.72
1646.50
1646.50
1646.50
299.43
299.43
60.34
60.34
1784.82
1784.82
665.65
665.65
1211.41
1211.41
1648.05
1648.05
1134.51
1134.51
1486.07
1486.07
2282.23
2282.23
2340.88
2340.88
1868.03
1868.03
1577.03
1577.03
1570.23
1570.23
1697.15
1697.15
370.60
370.60
18.49
18.49
1452.81
1452.81
1452.81
14.53
14.53
80.89
282.90
282.90
282.90
1294.49
10.00
10.00
124.63
124.63
124.63
10.46
710.47
710.47
710.47
710.47
14.20
14.20
139.34
139.34
234.34
318.03
318.03
423.49
15.45
15.45
637.69
637.69
866.49
866.49
611.74
611.74
276.83
276.83
1055.61
1055.61
1542.21
1542.21
1542.21
1542.21
1542.21
1542.21
1542.21
10.00
398.60
398.60
413.33
431.66
431.66
238.81
344.72
344.72
134.98
338.42
346.85
346.85
231.36
231.36
271.56
271.56
542.72
542.72
69.55
69.55
979.78
979.78
925.33
925.33
925.33
1307.60
1127.70
1127.70
1616.41
1616.41
774.69
774.69
737.75
737.75
512.97
512.97
17.16
17.16
2252.52
2252.52
613.74
613.74
10.00
10.00
175.17
175.17
150.10
150.10
1508.81
1508.81
1343.88
1343.88
1212.59
1212.59
584.10
584.10
67.19
67.19
23.60
23.60
1458.09
1458.09
477.11
477.11
477.11
477.11
785.96
785.96
851.12
851.12
658.21
658.21
631.13
631.13
143.67
143.67
71.93
71.93
554.56
554.56
1268.59
1268.59
1191.50
1191.50
2242.87
2242.87
1198.28
1198.28
1198.28
91.27
1149.61
1149.61
1918.91
1918.91
2914.31
2914.31
1761.60
1761.60
830.80
830.80
830.80
830.80
65.52
65.52
13.35
13.35
470.59
470.59
1877.32
1877.32
995.23
995.23
995.23
995.23
10.00
10.00
13.41
13.41
1338.74
1338.74
1074.98
1074.98
1342.74
1342.74
1342.74
1342.74
1841.60
1841.60
13.56
13.56
1931.41
1931.41
902.34
902.34
364.06
364.06
1384.68
1384.68
145.77
145.77
1585.59
1585.59
497.25
497.25
925.09
925.09
1560.74
1560.74
1540.39
1540.39
1564.71
1564.71
2377.11
2377.11
1229.60
1229.60
1229.60
1229.60
1229.60
1229.60
445.13
445.13
174.00
174.00
907.79
907.79
1688.46
1688.46
346.94
346.94
1865.29
1865.29
1100.09
1100.09
907.76
907.76
1889.91
1889.91
1042.93
1042.93
1725.11
1725.11
1906.77
1906.77
1965.15
1965.15
1470.98
1470.98
1472.49
1472.49
1617.52
1617.52
1383.40
1383.40
669.14
669.14
1691.25
1691.25
1896.20
1896.20
643.30
643.30
2210.01
2210.01
840.84
840.84
840.84
1158.68
1158.68
1158.68
1273.30
1273.30
1114.00
1114.00
1491.82
1491.82
73.14
73.14
10.00
10.00
210.20
210.20
313.89
313.89
817.23
817.23
51.93
51.93
473.18
473.18
87.59
87.59
652.33
652.33
652.33
1651.99
1651.99
1651.99
2607.93
2607.93
226.19
226.19
2212.68
2212.68
1225.44
1225.44
1247.71
1247.71
125.49
125.49
146.09
146.09
146.09
38.15
555.87
555.87
42.52
42.52
806.03
806.03
706.17
706.17
2693.19
2693.19
1125.50
1125.50
1125.50
1214.59
1214.59
21.52
331.13
331.13
331.13
950.11
1210.53
1210.53
1368.57
1368.57
1368.57
1016.68
886.72
886.72
886.72
13.68
13.68
1674.86
1674.86
67.78
67.78
349.94
349.94
464.53
464.53
24.04
24.04
24.04
399.78
399.78
19.16
19.16
19.16
10.00
375.52
10.97
26.96
26.96
26.96
10.04
10.04
2354.47
2354.47
40.71
40.71
778.05
778.05
691.92
691.92
555.90
1445.94
1445.94
1445.94
10.28
10.28
2386.94
2386.94
127.01
127.01
848.95
848.95
16.14
16.14
440.51
440.51
10.00
10.00
15.74
15.74
145.16
145.16
1433.81
1433.81
747.44
1034.72
1034.72
1034.72
1342.24
1342.24
1342.24
1342.24
1342.24
1342.24
1271.88
1271.88
1271.88
1271.88
857.45
857.45
1305.99
141.71
141.71
141.71
252.81
252.81
1237.74
1237.74
24.43
24.43
562.48
562.48
10.00
10.00
1017.30
1017.30
687.45
687.45
23.36
23.36
1110.59
1110.59
911.17
911.17
911.17
911.17
911.17
516.35
1101.26
1101.26
1101.26
390.26
1385.57
387.12
595.41
595.41
960.36
960.36
13.65
13.65
918.94
918.94
2165.77
2165.77
2165.77
2165.77
722.27
18.28
223.49
223.49
15.09
15.09
459.37
459.37
594.27
594.27
248.31
248.31
623.07
623.07
555.33
555.33
818.85
818.85
1059.42
1059.42
667.54
667.54
1299.34
1299.34
184.69
184.69
12.50
12.50
756.25
756.25
492.15
492.15
517.26
517.26
1642.04
1642.04
1385.64
1385.64
1027.42
1027.42
795.28
795.28
795.28
795.28
2183.44
2183.44
1160.76
1160.76
172.97
172.97
1652.97
1652.97
1435.99
1435.99
689.69
689.69
433.37
433.37
93.40
93.40
13.40
13.40
272.41
272.41
796.93
796.93
701.48
701.48
1162.30
1162.30
979.55
979.55
828.25
828.25
254.85
254.85
1467.67
1467.67
408.93
408.93
630.12
630.12
825.68
825.68
375.81
375.81
1440.75
1440.75
1561.79
1561.79
1791.80
1791.80
533.04
533.04
1887.78
1887.78
2314.22
2314.22
1352.88
1352.88
1347.78
1347.78
1496.55
1496.55
542.97
542.97
1849.14
1849.14
1826.61
1826.61
832.53
832.53
141.76
141.76
716.53
716.53
1733.27
1733.27
1733.27
1733.27
1733.27
1733.27
1898.16
1898.16
1819.13
1819.13
418.40
418.40
557.94
557.94
1778.81
1778.81
1780.24
1780.24
482.94
482.94
2283.36
2283.36
440.25
440.25
2205.64
2205.64
1886.47
1886.47
11.31
11.31
689.60
689.60
1717.98
1717.98
1664.39
1664.39
15.00
15.00
767.45
767.45
1111.46
1111.46
12.33
12.33
815.18
815.18
2315.37
2315.37
1667.78
1667.78
1885.22
1885.22
1358.63
1358.63
2348.97
2348.97
2400.39
2400.39
1988.02
1988.02
929.08
929.08
2025.96
2025.96
18.97
18.97
215.95
215.95
509.82
509.82
509.82
1257.72
1257.72
283.59
283.59
16.83
2006.78
2006.78
1575.05
1575.05
95.19
95.19
655.48
655.48
1365.60
1365.60
34.03
34.03
44.18
44.18
14.75
14.75
12.97
12.97
16.41
16.41
10.00
10.00
10.00
10.00
1207.59
1207.59
1207.59
1201.91
21.27
10.00
11.00
11.00
1831.05
1831.05
1831.05
1831.05
426.26
426.26
14.70
14.70
10.00
13.03
691.78
691.78
15.39
15.39
883.93
883.93
1186.77
1186.77
637.91
637.91
1091.53
1091.53
572.32
572.32
1119.89
1119.89
388.35
388.35
1617.37
1617.37
1085.60
1085.60
982.82
982.82
188.58
188.58
362.24
362.24
1464.76
1464.76
529.69
529.69
1287.79
1287.79
1262.22
1262.22
1262.22
18.67
1664.33
1664.33
35.31
35.31
686.97
686.97
119.15
119.15
38.17
38.17
227.34
227.34
1096.65
1096.65
1023.78
1023.78
1003.57
1003.57
575.63
575.63
249.26
249.26
51.05
51.05
100.44
100.44
100.44
100.44
1350.52
1350.52
1350.52
60.55
19.57
19.57
182.66
441.63
441.63
249.81
1633.28
1633.28
385.43
385.43
13.26
13.26
57.04
57.04
13.44
13.44
1832.14
1832.14
18.75
18.75
490.67
490.67
1619.74
1619.74
10.00
10.00
10.00
470.58
470.58
179.22
51.31
51.31
960.34
960.34
640.71
640.71
1281.55
1281.55
10.00
10.00
687.74
687.74
15.68
15.68
823.96
823.96
748.60
748.60
243.90
243.90
191.75
191.75
15.28
15.28
579.83
579.83
923.07
923.07
1280.25
1280.25
86.38
86.38
29.54
29.54
1211.72
1211.72
1211.72
1317.33
1407.24
1407.24
969.46
969.46
1650.58
1650.58
1775.86
1775.86
2115.38
2115.38
354.97
354.97
354.97
183.50
1128.67
1128.67
1779.21
1779.21
819.84
819.84
25.43
25.43
1019.54
1019.54
574.07
574.07
85.43
85.43
574.35
574.35
981.58
981.58
917.28
917.28
1544.83
1544.83
445.19
445.19
312.83
312.83
1316.60
1316.60
1316.60
1316.60
10.00
1106.48
663.33
663.33
867.97
867.97
1081.26
1081.26
2004.05
2004.05
69.38
69.38
12.70
12.70
1820.86
1820.86
363.76
363.76
1555.73
1555.73
691.65
691.65
902.06
902.06
30.17
30.17
13.12
13.12
13.12
1609.46
668.10
668.10
2262.81
2262.81
16.85
16.85
12.81
12.81
1787.31
1787.31
968.11
968.11
707.02
707.02
2485.83
2485.83
10.00
10.00
1461.52
1461.52
1461.52
1461.52
1870.33
1870.33
1431.35
1431.35
1608.98
1608.98
1069.85
1069.85
1069.85
1069.85
885.76
885.76
1480.18
1480.18
1725.68
1725.68
1960.92
1960.92
1146.57
1146.57
181.76
181.76
1336.43
1336.43
626.11
626.11
1259.95
1259.95
1227.81
1227.81
1447.35
1447.35
1531.13
1531.13
329.60
329.60
1468.04
1468.04
1703.49
1703.49
1703.49
1703.49
342.87
342.87
1416.99
1416.99
917.05
917.05
428.34
428.34
428.34
318.83
318.83
344.59
404.29
404.29
404.29
404.29
409.95
409.95
571.84
571.84
753.24
753.24
661.32
661.32
17.65
17.65
1181.37
1181.37
827.90
827.90
1003.89
1003.89
1118.21
1118.21
1414.90
1414.90
881.75
881.75
18.92
18.92
858.06
858.06
225.63
225.63
621.61
621.61
948.95
948.95
827.88
827.88
1631.77
1631.77
714.66
714.66
559.26
559.26
850.13
850.13
496.84
496.84
808.87
808.87
558.61
558.61
1289.29
1289.29
1309.99
1309.99
1016.03
1016.03
1666.01
1666.01
803.71
803.71
723.20
723.20
723.20
723.20
19.39
19.39
1004.99
1004.99
10.00
10.00
10.00
1526.75
872.92
872.92
872.92
574.67
574.67
17.96
1333.94
1333.94
1333.94
441.84
10.77
10.77
1186.41
1186.41
1186.41
553.31
789.23
789.23
1148.70
1148.70
1148.70
1531.03
1688.42
1688.42
37.51
37.51
42.96
42.96
10.48
10.48
23.53
23.53
17.56
17.56
1595.65
1595.65
1313.44
1313.44
13.43
13.43
1608.21
1608.21
1823.93
1823.93
1823.93
1823.93
432.12
432.12
993.26
993.26
27.15
27.15
243.58
243.58
2325.25
2325.25
10.00
10.00
637.36
637.36
1211.77
1211.77
24.17
24.17
1726.43
1726.43
219.36
219.36
408.48
408.48
10.00
10.00
2152.66
2152.66
2117.66
2117.66
2447.18
2447.18
1583.17
1583.17
2495.63
2495.63
14.76
14.76
352.74
352.74
1571.38
1571.38
1530.46
1530.46
1660.23
1660.23
1047.61
1047.61
1626.92
1626.92
69.60
69.60
1502.90
1502.90
297.79
297.79
702.17
702.17
426.76
426.76
1983.56
1983.56
338.40
338.40
1606.29
1606.29
1606.29
1003.10
781.53
781.53
410.14
410.14
648.92
648.92
848.59
848.59
848.59
528.71
289.74
289.74
629.70
629.70
1045.46
1045.46
968.94
968.94
518.71
518.71
518.71
130.34
130.34
536.03
1256.38
1256.38
1256.38
896.34
1136.51
1136.51
388.67
388.67
753.58
753.58
15.01
15.01
10.00
10.00
291.78
291.78
1194.34
1194.34
1303.63
1303.63
458.64
458.64
86.32
86.32
139.80
139.80
1011.30
1011.30
1011.30
32.02
32.02
1583.75
1583.75
445.85
35.06
35.06
27.07
27.07
13.14
13.14
1531.46
1531.46
648.48
648.48
1422.20
1422.20
288.09
288.09
1173.26
1173.26
2337.83
2337.83
747.02
747.02
1098.43
1098.43
130.14
130.14
23.99
23.99
1879.99
1879.99
1647.13
1647.13
541.09
541.09
59.03
59.03
335.88
335.88
492.12
492.12
492.12
492.12
492.12
12.57
12.57
12.57
412.27
881.16
868.87
868.87
1013.69
1013.69
1033.03
1033.03
1703.15
1703.15
392.57
392.57
1116.03
1116.03
805.68
805.68
805.68
805.68
1453.75
1453.75
1324.56
1324.56
845.45
845.45
1653.96
1653.96
2028.86
2028.86
2059.69
2059.69
789.74
789.74
1090.80
1090.80
1011.92
1011.92
18.90
18.90
1779.51
1779.51
34.25
34.25
34.25
34.25
34.25
422.40
10.47
10.47
10.47
148.81
148.81
342.65
328.50
328.50
328.50
12.22
12.22
644.70
1019.27
1019.27
1019.27
925.28
1173.11
1173.11
1173.11
26.80
26.80
1290.23
1290.23
1457.35
1457.35
1409.51
1409.51
24.35
24.35
900.67
900.67
46.16
46.16
1320.30
1320.30
1355.08
1355.08
1872.59
1872.59
1395.94
1395.94
1733.63
1733.63
1699.51
1699.51
1403.99
1403.99
1403.99
1403.99
1146.61
1146.61
1498.00
1498.00
2475.40
2475.40
2474.60
2474.60
667.70
667.70
12.91
12.91
1501.05
1501.05
1501.05
1501.05
2035.55
2035.55
772.20
772.20
285.65
285.65
610.52
610.52
1776.85
1776.85
1961.90
1961.90
1421.58
1421.58
741.70
741.70
1217.52
1217.52
1811.59
1811.59
783.95
783.95
1355.33
1355.33
410.94
410.94
101.45
101.45
1105.77
1105.77
1510.55
1510.55
1510.55
1510.55
217.40
10.00
976.89
976.89
817.97
817.97
1599.82
1599.82
1079.10
1079.10
216.33
216.33
1611.50
1611.50
10.00
10.00
1347.94
1347.94
2160.59
2160.59
1266.05
1266.05
1797.13
1797.13
1797.13
1797.13
1797.13
1797.13
1146.60
1146.60
631.13
631.13
1511.35
1511.35
1694.32
1694.32
964.99
964.99
686.55
686.55
1443.94
1443.94
388.80
388.80
2018.02
2018.02
10.00
10.00
12.91
12.91
12.91
687.23
2099.68
2099.68
582.37
582.37
10.00
10.00
2644.59
2644.59
1973.49
1973.49
22.97
22.97
42.83
42.83
32.65
32.65
873.63
873.63
28.92
28.92
28.92
1743.69
1743.69
1322.50
504.17
504.17
2461.97
2461.97
1630.89
1630.89
1971.24
1971.24
2378.22
2378.22
2360.47
2360.47
2507.40
2507.40
1721.44
1721.44
1190.27
1190.27
13.18
13.18
3015.71
3015.71
2050.44
2050.44
1600.34
1600.34
1326.90
1326.90
1958.11
1958.11
2282.09
2282.09
1960.16
1960.16
867.67
867.67
451.28
451.28
42.07
42.07
1835.77
1835.77
12.24
12.24
125.71
125.71
1208.71
1208.71
415.58
415.58
711.46
711.46
150.76
150.76
16.43
16.43
2112.95
2112.95
53.07
53.07
1910.97
1910.97
1611.72
1611.72
149.22
149.22
1387.26
1387.26
509.79
509.79
1512.33
1512.33
1461.63
1461.63
1188.75
1188.75
105.91
105.91
62.40
62.40
1327.41
1327.41
661.85
661.85
1134.81
1134.81
1749.65
1749.65
332.44
332.44
1000.03
1000.03
304.23
304.23
968.23
968.23
1417.12
1417.12
692.62
692.62
12.59
12.59
36.14
36.14
13.58
13.58
2215.98
2215.98
1632.53
1632.53
1973.71
1973.71
1611.63
1611.63
795.81
795.81
12.71
12.71
16.09
16.09
773.23
773.23
1528.39
1528.39
41.38
41.38
2020.88
2020.88
13.08
13.08
103.93
103.93
1842.94
1842.94
51.46
51.46
582.95
582.95
2132.63
2132.63
81.62
81.62
20.21
20.21
25.83
25.83
15.19
15.19
29.19
29.19
715.98
715.98
399.27
399.27
12.25
12.25
817.06
817.06
817.06
146.82
146.82
1953.42
1953.42
2692.95
2501.70
2501.70
177.67
177.67
1518.03
1518.03
2013.09
2013.09
163.03
163.03
11.39
11.39
339.40
339.40
1745.02
1745.02
37.13
37.13
38.34
38.34
38.34
16.38
1679.75
1679.75
1392.05
1392.05
1254.86
1254.86
12.94
12.94
1250.59
1250.59
10.00
10.00
38.14
38.14
18.52
18.52
18.52
11.49
30.00
30.00
13.48
13.48
945.63
945.63
1618.71
1618.71
1618.71
1618.71
1618.71
1618.71
1618.71
1618.71
1618.71
1618.71
1618.71
1618.71
1618.71
1618.71
13.14
13.14
1298.19
1298.19
48.54
48.54
14.14
14.14
606.41
606.41
606.41
342.25
1339.71
1339.71
1032.65
1032.65
1121.28
1121.28
293.22
293.22
1292.19
1292.19
711.37
711.37
790.95
790.95
210.14
210.14
24.27
24.27
28.60
28.60
599.10
599.10
1436.58
1436.58
1506.59
1506.59
47.06
47.06
47.06
47.06
1539.51
1539.51
1539.51
446.33
1654.95
1654.95
672.61
672.61
1447.27
1447.27
1743.46
1743.46
12.77
12.77
619.31
619.31
154.94
154.94
182.76
182.76
101.61
101.61
78.85
78.85
40.77
40.77
1524.88
1524.88
1524.88
782.16
1445.47
1445.47
1888.27
1888.27
839.94
839.94
839.94
839.94
13.45
3021.95
11.30
11.30
498.63
498.63
1354.47
1354.47
1360.33
1360.33
1525.54
1525.54
2433.38
2433.38
2380.86
2380.86
2271.20
2271.20
13.55
13.55
1109.74
1109.74
2241.58
2241.58
1330.34
1330.34
19.18
19.18
1788.69
1788.69
1821.20
1821.20
1347.85
1347.85
51.72
51.72
713.23
713.23
1643.95
1643.95
599.43
599.43
1676.67
1676.67
16.85
16.85
751.76
751.76
1708.94
1708.94
1744.37
1744.37
1490.32
1490.32
1069.81
1069.81
1591.68
1591.68
1591.68
1591.68
1717.97
1717.97
1585.90
1585.90
1989.41
1989.41
1836.95
1836.95
530.73
530.73
1612.01
1612.01
992.49
992.49
1416.65
1416.65
1829.82
1829.82
633.82
633.82
1217.32
1217.32
1529.44
1529.44
2211.69
2211.69
2495.26
2495.26
2495.26
2495.26
2495.26
2495.26
907.06
907.06
391.37
391.37
134.45
134.45
399.85
399.85
429.41
429.41
313.79
313.79
316.58
316.58
358.18
358.18
278.26
278.26
287.78
287.78
661.77
661.77
896.77
896.77
889.33
889.33
889.33
889.33
889.33
889.33
1047.21
1047.21
1037.19
1037.19
1295.61
1295.61
551.00
551.00
1022.34
1022.34
668.08
668.08
1140.84
1140.84
526.94
526.94
1326.00
1326.00
1326.00
1326.00
312.35
312.35
312.35
378.29
378.29
378.29
368.32
368.32
406.03
497.75
871.63
871.63
51.42
51.42
43.53
43.53
1008.02
1008.02
1127.22
1127.22
122.12
122.12
496.48
496.48
93.66
93.66
16.79
16.79
1273.58
1273.58
1273.58
1273.58
208.03
208.03
208.03
208.03
1202.65
2619.25
156.80
156.80
685.98
685.98
31.48
31.48
966.18
966.18
1770.58
1770.58
1003.23
1003.23
1107.51
1107.51
1592.52
1592.52
610.89
610.89
1827.54
1827.54
174.21
174.21
2780.20
2780.20
774.54
774.54
622.12
622.12
61.52
61.52
978.95
978.95
18.20
18.20
236.80
236.80
2403.39
2403.39
2883.78
2883.78
660.77
660.77
910.05
910.05
1537.29
1537.29
1047.90
1047.90
969.91
969.91
1200.40
1200.40
1350.59
1350.59
13.19
13.19
25.25
25.25
25.25
2684.08
2684.08
2056.82
1860.60
1860.60
643.66
643.66
11.33
11.33
611.90
611.90
18.65
18.65
58.33
58.33
58.33
58.33
372.65
372.65
372.65
42.69
31.96
31.96
397.25
397.25
17.59
568.72
349.96
349.96
714.03
714.03
35.86
35.86
1382.66
1382.66
122.59
122.59
43.33
43.33
34.38
34.38
10.00
10.00
10.00
10.00
455.48
455.48
53.05
53.05
53.05
53.05
1358.84
1358.84
1082.45
2419.47
490.73
490.73
969.70
969.70
1033.48
1033.48
35.15
35.15
25.37
25.37
2138.83
2138.83
68.29
68.29
43.64
43.64
11.51
11.51
104.88
104.88
64.34
64.34
64.34
64.34
40.84
40.84
536.48
536.48
536.48
13.18
1395.27
31.00
143.28
143.28
10.65
10.65
120.85
120.85
2202.99
2202.99
36.38
36.38
31.02
31.02
31.02
1530.06
1530.06
1221.61
1972.13
1972.13
1613.77
1613.77
1897.17
1897.17
28.97
28.97
1306.23
1306.23
62.44
62.44
365.89
365.89
767.57
767.57
165.75
165.75
25.44
25.44
30.15
30.15
28.28
28.28
248.92
248.92
59.86
59.86
59.86
16.07
16.07
30.14
30.14
1786.57
1617.62
1617.62
1606.26
1606.26
1722.89
1722.89
39.06
39.06
492.14
492.14
1867.33
1867.33
2100.16
2100.16
91.55
91.55
25.33
25.33
16.44
16.44
38.64
38.64
503.92
503.92
819.93
819.93
21.39
21.39
155.16
155.16
74.50
74.50
549.29
549.29
2339.26
2339.26
1161.48
1161.48
70.15
70.15
88.99
88.99
125.61
125.61
125.61
13.41
13.41
10.00
10.00
10.00
52.93
52.93
21.00
21.00
39.94
39.94
39.94
170.02
170.02
170.02
170.02
1823.37
12.70
12.70
2157.06
2157.06
17.75
17.75
12.82
12.82
125.50
125.50
10.00
10.00
10.00
10.00
567.29
249.86
249.86
1327.49
1327.49
1487.27
623.95
623.95
842.55
842.55
842.55
842.55
617.24
1597.16
14.47
14.47
1091.46
1091.46
14.13
14.13
68.13
68.13
68.13
443.58
443.58
394.13
394.13
14.25
411.27
411.27
377.59
377.59
15.24
15.24
403.97
403.97
326.23
326.23
575.25
575.25
17.59
17.59
808.81
808.81
11.33
11.33
489.65
489.65
406.11
406.11
304.22
304.22
670.68
670.68
10.05
10.05
16.57
16.57
10.00
10.00
10.00
1011.06
1011.06
288.82
1106.16
1106.16
1635.47
1635.47
1458.38
1458.38
1397.59
1397.59
1478.76
1478.76
1478.76
1840.93
1840.93
487.40
299.55
299.55
299.55
604.28
11.13
11.13
1118.12
1118.12
1118.12
1837.71
2137.17
2137.17
2137.17
1960.49
1960.49
25.49
25.49
834.04
2262.71
2262.71
2262.71
186.63
186.63
721.64
721.64
10.00
10.00
370.18
370.18
1384.26
1384.26
1474.38
1474.38
171.06
171.06
636.05
636.05
1258.62
1258.62
290.09
40.96
40.96
40.96
2257.82
2257.82
12.93
12.93
12.93
2086.86
2086.86
868.97
1387.50
1387.50
255.48
255.48
374.37
374.37
53.07
24.75
24.75
24.75
32.10
32.10
565.86
565.86
627.89
627.89
396.76
396.76
396.76
512.69
512.69
35.92
35.92
599.29
838.80
838.80
12.48
12.48
2422.73
2422.73
1020.00
1020.00
819.02
819.02
1270.90
1270.90
606.89
635.32
635.32
635.32
1866.90
1866.90
1320.20
1320.20
1793.73
1793.73
575.27
575.27
78.12
78.12
52.45
52.45
1398.97
1398.97
2077.58
2077.58
1199.01
1199.01
653.72
653.72
786.83
786.83
2194.91
2194.91
191.28
191.28
67.99
67.99
1718.63
1718.63
1004.38
1004.38
1822.87
1822.87
1283.09
1283.09
1818.18
1818.18
2240.29
2240.29
2074.63
2074.63
1900.45
1900.45
725.87
725.87
1864.36
1864.36
1768.58
1768.58
967.69
967.69
345.17
345.17
753.72
753.72
2377.82
2377.82
2046.96
2046.96
11.73
11.73
11.20
11.20
564.99
564.99
979.51
979.51
1233.58
1233.58
643.54
643.54
886.26
886.26
1093.41
1093.41
614.09
614.09
1080.27
1080.27
21.96
21.96
1523.37
1523.37
1944.66
1944.66
13.27
13.27
318.14
318.14
47.99
47.99
1694.28
1694.28
162.03
162.03
32.02
32.02
443.46
443.46
1636.02
1636.02
585.65
585.65
1019.95
1019.95
2129.43
2129.43
1330.41
1330.41
837.71
837.71
2359.09
2359.09
2490.37
2490.37
1507.85
1507.85
481.24
481.24
211.76
211.76
853.41
853.41
617.77
617.77
617.77
67.30
818.19
818.19
28.14
28.14
1434.08
1434.08
1674.54
1674.54
1004.12
1004.12
2257.68
2257.68
51.40
51.40
35.30
35.30
35.30
11.60
11.60
11.60
1129.26
1129.26
171.58
884.21
1488.34
1488.34
1042.92
1042.92
1628.70
1628.70
2033.55
2033.55
1398.65
1398.65
1408.07
1408.07
302.87
302.87
1238.02
1238.02
1692.55
1692.55
213.84
213.84
1354.77
1354.77
24.10
24.10
18.44
18.44
20.62
20.62
20.62
443.35
443.35
1513.37
20.37
20.37
609.55
609.55
317.52
317.52
603.42
603.42
1260.56
1260.56
183.72
183.72
190.58
190.58
190.58
10.00
854.30
854.30
13.32
13.32
574.31
574.31
1572.13
1572.13
1643.13
1643.13
72.32
72.32
36.97
36.97
200.42
200.42
25.04
25.04
24.44
24.44
79.68
79.68
79.68
31.79
31.79
341.73
341.73
12.68
12.68
42.49
42.49
42.49
1257.67
1257.67
67.91
39.04
39.04
1475.35
1475.35
615.53
1446.81
1446.81
1446.81
1206.49
1206.49
1246.41
1951.56
1951.56
694.37
694.37
1420.37
1420.37
623.64
623.64
2039.35
2039.35
1712.72
1712.72
47.20
47.20
18.54
18.54
1563.30
1563.30
1807.48
1807.48
11.51
11.51
2469.84
2469.84
1690.58
1690.58
1632.29
1632.29
1943.84
1943.84
2015.12
2015.12
1783.60
1783.60
1369.30
1369.30
1301.83
1301.83
1596.88
1596.88
1248.76
1248.76
1663.95
1663.95
1663.95
1663.95
17.24
17.24
1590.74
1590.74
1859.56
1859.56
1132.18
1132.18
1101.07
1101.07
1913.65
1913.65
1899.17
1899.17
783.40
783.40
783.40
783.40
1564.45
1564.45
1359.23
1359.23
776.43
776.43
1267.95
1267.95
984.94
984.94
1054.31
1054.31
361.10
361.10
1310.10
1310.10
1278.70
1278.70
981.62
981.62
1490.26
1490.26
1740.42
1740.42
2074.77
2074.77
2153.23
2153.23
2006.50
2006.50
2496.08
2496.08
2005.38
2005.38
2125.96
2125.96
220.42
220.42
702.05
702.05
2218.74
2218.74
1378.05
1378.05
1802.96
1802.96
387.54
387.54
387.54
421.86
421.86
106.59
255.14
255.14
598.14
598.14
708.95
708.95
881.47
881.47
1305.40
1305.40
1309.41
1309.41
1079.18
1079.18
1582.25
1582.25
1682.23
1682.23
2024.91
2024.91
1983.86
1983.86
1096.78
1096.78
1394.80
1394.80
246.25
246.25
988.33
988.33
1612.10
1612.10
359.39
359.39
2389.02
2389.02
1570.43
1570.43
1570.43
1570.43
10.00
10.00
13.17
13.17
10.00
10.00
647.51
647.51
10.00
10.00
262.02
262.02
2106.61
2106.61
790.85
790.85
790.85
12.53
12.53
1208.88
1317.37
1317.37
2141.43
2141.43
297.97
297.97
12.95
12.95
2479.90
2479.90
2768.07
2768.07
24.13
24.13
203.07
203.07
203.07
1679.29
2150.94
2150.94
83.25
83.25
671.61
671.61
38.48
38.48
1610.69
1610.69
1344.15
1344.15
1344.15
1161.65
1161.65
911.37
911.37
1975.90
1975.90
1961.85
761.89
761.89
10.72
10.72
14.41
14.41
14.41
41.44
654.18
654.18
1824.24
1824.24
556.23
556.23
1380.23
1380.23
20.99
20.99
10.00
10.00
222.32
222.32
1727.71
1727.71
160.39
160.39
36.65
36.65
30.95
30.95
2028.46
2028.46
112.71
112.71
283.53
283.53
704.89
704.89
776.64
776.64
37.23
37.23
1869.69
1869.69
977.79
977.79
1193.78
1193.78
26.65
26.65
70.35
70.35
70.35
1808.12
1808.12
1533.68
842.18
842.18
842.86
842.86
2202.34
2202.34
19.02
19.02
1734.84
1734.84
1696.28
1696.28
2128.86
2128.86
23.31
23.31
16.99
16.99
30.15
30.15
567.83
567.83
549.85
549.85
700.23
700.23
2620.82
2620.82
12.62
12.62
459.81
459.81
559.47
559.47
23.64
23.64
23.64
13.39
1672.00
1672.00
14.18
14.18
1788.68
1788.68
2191.19
2191.19
2008.28
2008.28
137.82
137.82
148.61
148.61
330.09
330.09
1537.34
1537.34
91.15
91.15
768.82
768.82
328.50
328.50
1503.79
1503.79
2228.33
2228.33
1086.26
1086.26
1955.63
1955.63
22.54
22.54
687.11
687.11
117.69
117.69
12.85
12.85
1859.02
1859.02
2198.68
2198.68
2287.49
2287.49
1347.44
1347.44
46.31
46.31
1445.55
1445.55
1445.55
1896.60
11.52
11.52
12.84
12.84
12.27
12.27
11.91
11.91
1812.06
1812.06
2284.71
2284.71
2057.37
2057.37
1341.72
1341.72
796.07
796.07
2196.37
2196.37
1627.84
1627.84
1249.53
1249.53
21.28
21.28
10.95
10.95
50.40
50.40
1409.84
1409.84
898.07
898.07
500.42
500.42
1588.57
1588.57
626.71
626.71
36.61
36.61
2096.31
2096.31
60.45
60.45
60.45
159.41
159.41
159.41
159.41
159.41
159.41
159.41
159.41
159.41
159.41
159.41
159.41
159.41
159.41
159.41
159.41
621.20
637.99
888.38
1518.52
1518.52
17.66
17.66
1669.85
1669.85
457.69
457.69
72.95
72.95
72.95
1500.96
12.18
12.18
141.08
141.08
1950.05
1950.05
18.43
18.43
260.70
260.70
323.72
323.72
738.45
738.45
2056.83
2056.83
12.10
12.10
12.10
443.91
443.91
1366.05
18.38
18.38
51.31
51.31
957.54
957.54
339.94
339.94
2657.16
2657.16
624.99
624.99
10.00
10.00
685.17
685.17
10.00
10.00
459.73
459.73
17.27
17.27
1852.66
1852.66
2097.17
2097.17
1784.90
1784.90
1632.35
1632.35
2406.24
2406.24
2406.24
2406.24
2406.24
2406.24
2616.25
2616.25
547.88
547.88
210.74
210.74
100.55
100.55
100.55
100.55
1513.53
1513.53
2107.20
2107.20
2029.83
2029.83
25.50
25.50
1729.27
1729.27
758.62
47.73
43.95
43.95
1061.70
1061.70
35.65
35.65
375.89
375.89
375.89
375.89
17.79
950.64
950.64
950.64
1423.08
1423.08
1139.67
1139.67
1569.14
1569.14
1226.91
1226.91
10.00
10.00
1721.90
1721.90
1633.72
1633.72
1479.62
1479.62
1608.13
1608.13
1613.01
1613.01
1613.01
1613.01
1613.01
1613.01
1480.12
1480.12
2162.97
2162.97
1311.29
1311.29
14.85
14.85
1511.82
1511.82
1839.10
1839.10
1839.10
1839.10
1715.84
1715.84
1715.84
1715.84
1548.72
1548.72
1173.46
1173.46
795.96
795.96
387.03
387.03
1949.71
1949.71
12.78
12.78
1843.32
1843.32
1050.93
1050.93
10.00
10.00
289.38
289.38
1796.12
1796.12
1796.12
1796.12
1922.70
1922.70
2501.91
2501.91
310.56
310.56
923.14
923.14
2400.04
2400.04
1215.12
1215.12
2311.66
2311.66
2891.61
2891.61
2713.82
2713.82
12.29
12.29
610.40
610.40
13.06
13.06
1436.57
1436.57
32.02
32.02
28.90
28.90
2076.22
2076.22
26.97
26.97
26.97
26.97
795.84
2230.39
2230.39
21.40
209.92
209.92
110.82
110.82
622.50
622.50
10.00
10.00
480.07
480.07
480.07
480.07
54.95
34.35
1092.38
1092.38
1092.38
1178.63
101.31
101.31
1099.42
1099.42
1099.42
1154.85
1154.85
2446.67
1993.33
1993.33
585.20
585.20
2028.72
2028.72
12.48
12.48
12.48
632.52
632.52
12.54
12.54
743.41
743.41
19.03
19.03
1758.16
1758.16
374.15
374.15
886.30
189.48
189.48
189.48
521.21
521.21
2254.41
2254.41
132.89
132.89
1158.26
1158.26
1551.59
1551.59
1551.59
692.97
692.97
692.97
1892.40
1892.40
38.11
38.11
45.17
45.17
2307.42
2307.42
2518.80
2518.80
13.70
13.70
702.00
702.00
1658.80
1658.80
385.11
385.11
44.60
44.60
12.70
12.70
12.70
15.86
15.86
456.84
798.25
798.25
18.10
18.10
280.47
280.47
837.56
837.56
50.18
50.18
655.38
655.38
11.93
11.93
1495.79
1495.79
10.00
10.00
479.00
479.00
479.00
15.89
1040.10
1040.10
1582.00
1582.00
13.52
13.52
13.52
13.52
13.52
92.97
92.97
10.00
349.43
349.43
202.72
407.68
377.83
377.83
225.41
225.41
1049.05
1049.05
543.02
543.02
618.21
618.21
55.15
55.15
931.85
931.85
2673.53
2673.53
17.02
17.02
726.30
726.30
2312.39
2312.39
2312.39
1124.06
11.67
11.67
46.67
46.67
937.67
937.67
2164.18
2164.18
1321.61
1321.61
2003.81
2003.81
2732.33
2732.33
2753.57
2753.57
645.33
645.33
588.56
588.56
2169.55
2169.55
182.49
182.49
1378.78
1378.78
3067.43
3067.43
2331.24
2331.24
1283.13
1283.13
12.80
12.80
1730.20
1730.20
1773.23
1773.23
15.61
15.61
18.97
18.97
15.68
15.68
578.54
578.54
324.72
324.72
380.51
380.51
677.35
677.35
2037.22
2037.22
2127.42
2127.42
155.12
155.12
236.98
236.98
14.17
14.17
75.72
75.72
788.77
788.77
1240.13
1240.13
820.31
820.31
1897.21
1897.21
1996.48
1996.48
2121.24
2121.24
933.62
933.62
1820.41
1820.41
337.36
337.36
10.37
10.37
579.34
579.34
1305.44
1305.44
1683.90
1683.90
1604.00
1604.00
1860.01
1860.01
42.94
42.94
255.79
255.79
972.86
972.86
1355.33
1355.33
670.86
670.86
1331.08
1331.08
2140.26
2140.26
1751.94
1751.94
2073.81
2073.81
15.43
15.43
1986.87
1986.87
1610.02
1610.02
19.66
19.66
334.96
334.96
855.37
855.37
1696.24
1696.24
1566.47
1566.47
16.33
16.33
172.39
172.39
1124.55
1124.55
1371.95
1371.95
1940.73
1940.73
1808.30
1808.30
2210.01
2210.01
2210.01
2210.01
595.85
595.85
1145.97
1145.97
10.00
10.00
43.42
43.42
11.11
11.11
1067.66
1067.66
1814.19
1814.19
1814.19
1814.19
1814.19
1814.19
1390.01
1390.01
1168.90
1168.90
1216.73
1216.73
1662.11
1662.11
1524.05
1524.05
87.91
87.91
1322.45
1322.45
2011.43
2011.43
2012.73
2012.73
1715.65
1715.65
12.71
12.71
822.80
822.80
727.39
727.39
26.78
26.78
1660.50
1660.50
1601.17
1601.17
1548.09
1548.09
10.46
10.46
2056.32
2056.32
1581.34
1581.34
594.50
594.50
1607.97
1607.97
666.51
666.51
522.19
522.19
1733.06
1733.06
1747.36
1747.36
106.68
106.68
1200.90
1200.90
1628.35
1628.35
1606.73
1606.73
867.06
867.06
2153.04
2153.04
620.17
620.17
162.73
162.73
35.28
35.28
813.05
813.05
14.00
14.00
1573.81
1573.81
1680.23
1680.23
192.88
192.88
202.30
202.30
202.30
820.03
1346.60
1346.60
1647.51
1647.51
1647.51
1647.51
131.71
131.71
29.24
29.24
439.54
439.54
439.54
439.54
610.83
610.83
24.94
24.94
1033.72
1033.72
2155.94
2155.94
398.07
398.07
332.71
332.71
781.09
781.09
1793.69
1793.69
1088.06
1088.06
1695.15
1695.15
1427.53
1427.53
600.34
600.34
12.78
12.78
29.87
29.87
1453.09
1453.09
2483.15
2483.15
2273.33
2273.33
723.60
723.60
525.35
525.35
2124.00
2124.00
1759.98
1759.98
2804.65
2804.65
2687.00
2687.00
3050.08
3050.08
369.42
369.42
3090.82
3090.82
3090.82
3090.82
1654.28
1654.28
743.10
743.10
1920.13
1920.13
1920.13
1920.13
661.51
661.51
1160.40
1160.40
1674.47
1674.47
559.01
559.01
1014.54
1014.54
1508.12
1508.12
1508.12
1508.12
177.06
177.06
1562.00
1562.00
1422.21
1422.21
1422.21
1422.21
1714.84
1714.84
15.14
15.14
69.02
69.02
1598.14
1598.14
1260.69
1260.69
1705.31
1705.31
22.88
22.88
2029.65
2029.65
736.59
736.59
2165.35
2165.35
94.24
94.24
2458.97
2458.97
93.54
93.54
1617.95
1617.95
1595.66
1595.66
2397.90
2397.90
39.36
39.36
10.00
10.00
1485.43
1485.43
269.64
269.64
2113.03
2113.03
1319.95
1319.95
1319.95
1319.95
1818.99
1818.99
2199.49
2199.49
1943.32
1943.32
2052.95
2052.95
237.05
237.05
2175.55
2175.55
2437.48
2437.48
2279.38
2279.38
1860.10
1860.10
704.36
704.36
1535.80
1535.80
13.25
13.25
927.62
927.62
750.38
750.38
1593.21
1593.21
2173.91
2173.91
816.90
816.90
1061.01
1061.01
1980.56
1980.56
2272.51
2272.51
2076.73
2076.73
1876.20
1876.20
2997.23
2997.23
639.73
639.73
1679.59
1679.59
369.90
369.90
1160.99
1160.99
1725.38
1725.38
1831.53
1831.53
2399.02
2399.02
2694.22
2694.22
1672.48
1672.48
49.68
49.68
521.99
521.99
1693.06
1693.06
1693.06
1693.06
1693.06
1693.06
1693.06
1693.06
2464.50
2464.50
2464.50
2464.50
2464.50
2464.50
702.37
702.37
967.63
967.63
967.63
967.63
1007.24
1007.24
1252.24
1252.24
10.72
10.72
10.72
10.72
680.67
680.67
49.07
49.07
10.00
10.00
845.74
845.74
52.12
52.12
34.89
34.89
1288.96
1288.96
474.00
474.00
11.29
11.29
676.11
676.11
18.33
18.33
486.29
486.29
10.00
10.00
10.00
12.66
12.66
12.66
728.50
728.50
728.50
1514.12
12.80
1061.85
2244.31
2244.31
1716.47
1716.47
56.31
56.31
1391.28
1391.28
1113.57
1113.57
1166.70
1166.70
779.29
779.29
915.65
915.65
2053.86
2053.86
1150.95
1150.95
1297.43
1297.43
617.38
617.38
12.55
12.55
1049.08
1049.08
10.57
10.57
1984.33
1984.33
1984.33
12.68
2126.50
2126.50
2404.95
2404.95
282.44
282.44
546.69
546.69
2331.43
2331.43
769.62
769.62
1819.04
1819.04
1803.64
1803.64
2056.39
2056.39
1555.81
1555.81
1477.00
1477.00
68.86
68.86
834.93
834.93
2064.68
2064.68
2032.06
2032.06
653.29
653.29
2263.37
2263.37
1745.02
1745.02
1013.83
1013.83
1751.92
1751.92
19.54
19.54
132.46
132.46
964.37
964.37
23.59
23.59
1868.10
1868.10
1003.83
1003.83
1003.83
10.00
1267.99
1267.99
117.21
117.21
10.00
10.00
1977.60
1977.60
960.67
960.67
87.12
87.12
35.22
35.22
1592.79
1592.79
1135.22
1135.22
1625.57
1625.57
541.65
541.65
197.16
197.16
1372.28
1372.28
1372.28
1468.57
1468.57
47.53
47.53
1399.25
1399.25
863.29
1726.29
1726.29
1946.15
1946.15
878.71
878.71
1844.84
1844.84
118.35
118.35
911.49
911.49
911.49
12.62
1352.85
1352.85
10.00
10.00
387.32
387.32
222.77
222.77
14.73
14.73
703.90
703.90
703.90
24.53
1286.69
1286.69
17.77
17.77
1643.71
1643.71
1857.85
1857.85
18.55
18.55
18.55
1992.15
1992.15
1002.65
2326.02
2326.02
898.90
898.90
1065.96
1065.96
14.72
14.72
1797.07
1797.07
594.12
594.12
1006.08
1006.08
1006.08
788.13
788.13
1250.65
1422.78
1422.78
1286.05
1286.05
1585.08
1585.08
1377.45
1377.45
1408.87
1408.87
2011.24
2011.24
173.46
173.46
173.46
173.46
173.46
173.46
10.00
113.86
424.02
424.02
145.68
417.93
405.01
405.01
96.32
96.32
392.23
392.23
677.59
677.59
1884.03
1884.03
22.74
22.74
810.53
810.53
2050.37
2050.37
2155.82
2155.82
553.48
553.48
553.48
11.32
30.91
30.91
85.23
85.23
430.37
430.37
37.09
37.09
852.74
852.74
348.14
348.14
313.53
313.53
313.53
313.53
1518.09
1518.09
679.66
679.66
1904.15
1904.15
10.00
10.00
273.65
939.67
1103.85
1103.85
10.00
10.00
10.00
1147.08
1181.06
1181.06
1780.39
1780.39
2034.57
2034.57
496.04
496.04
1406.24
1406.24
656.61
656.61
1889.98
1889.98
963.53
963.53
2026.48
2026.48
2026.48
2026.48
2221.99
2221.99
1048.95
1048.95
2709.11
2709.11
193.33
193.33
1946.50
1946.50
1076.17
1076.17
1790.85
1790.85
1520.62
1520.62
508.55
508.55
1692.11
1692.11
1584.75
1584.75
900.01
900.01
900.01
900.01
1594.37
1594.37
650.62
650.62
359.60
359.60
18.14
18.14
2001.83
2001.83
538.35
538.35
22.97
22.97
195.67
195.67
34.88
34.88
2684.89
2684.89
1157.30
1157.30
749.49
749.49
857.92
857.92
174.37
174.37
1839.75
1839.75
1448.03
1448.03
519.90
519.90
952.60
952.60
629.40
629.40
629.40
1431.72
1431.72
10.00
1757.65
1757.65
1757.65
1107.82
1107.82
331.84
418.82
418.82
391.13
391.13
934.48
934.48
934.48
1469.21
1469.21
468.98
468.98
731.18
731.18
1040.58
1040.58
1283.25
1283.25
1346.29
1346.29
377.45
377.45
1120.79
1120.79
1737.62
1737.62
18.03
786.56
786.56
786.56
261.35
261.35
261.35
261.35
261.35
378.78
10.00
634.45
805.54
805.54
1140.82
1140.82
1092.32
1092.32
1092.32
1125.33
1125.33
1125.33
1125.33
1125.33
1125.33
128.08
1384.70
384.66
32.59
32.59
1665.86
1665.86
13.17
13.17
24.71
24.71
595.38
595.38
10.36
10.36
1066.42
1066.42
1676.06
1676.06
10.00
10.00
856.34
856.34
1037.11
1029.16
1029.16
1029.16
444.93
444.93
11.38
11.38
1253.84
1253.84
582.89
582.89
1008.84
1008.84
1602.72
1602.72
1455.27
1455.27
692.82
692.82
327.36
327.36
10.35
10.35
613.30
613.30
475.39
475.39
225.44
225.44
704.26
704.26
946.39
946.39
10.04
10.04
713.35
713.35
1289.67
1289.67
17.18
17.18
1507.85
1507.85
13.17
13.17
1751.86
1751.86
33.51
33.51
868.02
868.02
810.79
810.79
810.79
12.81
1673.77
1673.77
1678.73
1678.73
1772.28
1772.28
10.00
10.00
1950.46
1950.46
882.53
882.53
1496.47
1496.47
680.24
680.24
10.17
10.17
696.79
696.79
12.23
12.23
12.79
12.79
12.79
12.79
86.22
86.22
761.73
761.73
10.00
10.00
10.62
10.62
1062.25
1062.25
899.82
899.82
1466.93
1466.93
12.69
12.69
841.57
841.57
841.57
13.68
13.68
887.51
887.51
887.51
26.54
611.71
423.45
423.45
532.28
532.28
1672.82
1672.82
491.06
491.06
654.03
654.03
1116.23
1116.23
747.51
747.51
1333.71
1333.71
1342.71
1342.71
1342.71
1225.03
736.72
736.72
1393.42
1393.42
1820.42
1820.42
1813.22
1813.22
1545.98
1545.98
18.30
18.30
1381.94
1381.94
876.94
876.94
16.07
16.07
1914.54
1914.54
2006.86
2006.86
1852.96
1852.96
1852.96
595.18
1702.84
1702.84
1111.11
1111.11
1865.19
1865.19
12.36
12.36
51.38
51.38
371.87
371.87
756.93
756.93
756.93
52.39
1084.74
1084.74
37.57
37.57
1311.28
1311.28
165.08
165.08
165.08
165.08
165.08
198.59
198.59
281.16
254.33
787.67
839.21
839.21
1048.77
1048.77
242.58
242.58
1158.26
1158.26
967.68
967.68
279.77
279.77
399.36
399.36
268.56
268.56
2044.00
2044.00
1471.02
1471.02
377.20
377.20
325.29
325.29
1433.37
1433.37
1872.70
1872.70
1643.44
1643.44
10.00
10.00
10.00
402.54
1331.07
1331.07
13.01
13.01
1408.18
1408.18
1523.96
1523.96
1523.96
1762.37
484.93
484.93
612.33
612.33
15.63
15.63
10.00
10.00
1220.82
1220.82
2559.27
2559.27
610.32
610.32
2179.82
2179.82
1805.24
1805.24
156.70
156.70
156.70
156.70
18.86
18.86
162.95
11.31
1597.05
1597.05
12.80
12.80
12.80
83.99
2276.36
2276.36
1100.72
1100.72
361.51
361.51
1583.36
1583.36
992.16
992.16
1578.11
1578.11
1822.74
1822.74
341.21
341.21
2178.61
2178.61
586.69
586.69
17.61
17.61
2078.25
2078.25
1986.41
1986.41
955.19
955.19
3226.32
3226.32
1992.87
1992.87
1724.86
1724.86
151.71
151.71
29.70
29.70
48.45
48.45
882.12
882.12
680.53
680.53
943.37
943.37
1912.33
1912.33
15.52
15.52
973.98
973.98
560.29
560.29
883.57
883.57
1543.80
1543.80
793.21
793.21
793.21
793.21
52.34
604.33
170.66
170.66
1049.01
1049.01
1136.65
1136.65
1145.33
1145.33
1515.07
1515.07
958.40
958.40
1329.75
1329.75
697.54
697.54
1864.13
1864.13
920.39
920.39
1504.78
1504.78
1334.07
1334.07
1497.92
1497.92
1676.99
1676.99
1961.94
1961.94
1177.78
1177.78
16.14
16.14
876.47
876.47
1763.72
1763.72
1138.52
1138.52
411.02
411.02
1684.10
1684.10
1684.10
1684.10
1684.10
1684.10
31.69
31.69
554.48
554.48
1858.78
1858.78
10.00
10.00
1573.42
1573.42
1899.61
1899.61
2211.21
2211.21
2211.21
2211.21
1902.33
1902.33
707.87
707.87
2130.48
2130.48
990.88
990.88
1989.54
1989.54
2091.33
2091.33
243.65
243.65
1363.23
1363.23
34.75
34.75
12.67
12.67
1658.28
1658.28
583.58
583.58
353.00
353.00
10.55
10.55
1944.95
1944.95
806.44
806.44
1352.90
1352.90
594.14
594.14
1829.87
1829.87
10.00
10.00
686.71
686.71
13.24
13.24
13.82
13.82
13.82
106.96
106.96
36.03
2006.93
2006.93
2148.45
2148.45
1109.77
1109.77
675.24
675.24
2294.70
2294.70
1297.24
1297.24
576.10
576.10
1189.14
1189.14
2790.46
2790.46
1858.76
1858.76
13.22
13.22
902.10
902.10
2412.28
2412.28
2412.28
2412.28
1588.82
1588.82
1588.82
1588.82
1355.56
1355.56
2202.57
2202.57
1979.97
1979.97
1979.97
960.29
960.29
1527.22
1527.22
1712.01
1160.53
1160.53
1579.90
1579.90
189.08
189.08
1931.38
1931.38
1542.73
1542.73
467.57
467.57
1057.08
1057.08
1110.70
1110.70
456.96
456.96
456.96
448.87
13.92
13.92
76.00
76.00
808.36
808.36
18.66
18.66
547.89
547.89
17.38
17.38
480.21
480.21
1335.78
1335.78
572.25
572.25
572.25
17.07
17.07
17.07
17.07
17.07
17.77
17.77
17.77
37.21
561.92
561.92
691.41
691.41
81.52
81.52
709.96
709.96
59.32
59.32
681.35
681.35
1098.62
1098.62
379.17
379.17
1376.93
1376.93
1651.15
1651.15
1436.32
1436.32
678.99
678.99
1504.46
1504.46
21.12
21.12
49.93
49.93
370.29
370.29
700.29
700.29
1039.18
1039.18
250.88
250.88
12.83
12.83
1848.35
1848.35
697.82
697.82
56.08
56.08
1335.20
1335.20
976.65
976.65
1203.64
1203.64
12.69
12.69
939.04
939.04
232.21
232.21
638.90
638.90
673.01
673.01
972.32
972.32
2121.06
2121.06
636.52
636.52
10.00
10.00
17.00
17.00
1615.99
1615.99
1029.10
1029.10
1748.75
1748.75
1297.52
1297.52
26.74
26.74
525.35
525.35
1889.86
1889.86
13.43
13.43
2799.67
2799.67
32.36
32.36
1723.14
1723.14
2147.90
2147.90
2726.99
2726.99
2547.62
2547.62
1114.24
1114.24
2340.12
2340.12
363.23
363.23
11.65
11.65
186.84
186.84
472.96
472.96
64.72
64.72
64.72
776.86
776.86
1884.60
269.52
269.52
1420.34
1420.34
14.56
14.56
14.56
14.56
803.75
803.75
2225.43
2225.43
2225.43
1982.93
969.80
969.80
10.00
10.00
1544.77
1544.77
34.28
34.28
18.30
18.30
17.53
17.53
98.23
98.23
2407.91
2407.91
110.14
110.14
962.17
962.17
1980.06
1980.06
13.17
13.17
17.16
17.16
2186.59
2186.59
2186.59
10.00
1805.25
1805.25
13.52
13.52
564.97
564.97
1154.04
1154.04
645.46
645.46
1135.58
1135.58
14.94
14.94
14.94
18.54
49.44
49.44
30.15
30.15
26.29
26.29
26.29
1567.91
1228.93
1228.93
2042.38
2042.38
1692.65
1692.65
12.65
12.65
1890.39
1890.39
1016.85
1016.85
104.32
104.32
1163.76
1163.76
651.80
651.80
651.80
651.80
1105.61
642.79
642.79
561.58
30.25
30.25
1533.98
1533.98
1376.52
1376.52
1262.88
1262.88
1548.52
1548.52
12.90
12.90
2180.77
2180.77
881.29
881.29
444.84
444.84
683.60
683.60
2839.12
2839.12
899.62
899.62
29.04
29.04
36.08
36.08
36.08
10.00
18.45
18.45
2765.12
2765.12
2916.30
2916.30
2916.30
277.85
36.43
36.43
38.28
38.28
38.28
284.39
11.14
11.14
477.31
477.31
846.21
846.21
417.62
417.62
951.72
951.72
1549.38
1549.38
2424.65
2424.65
3030.36
3030.36
10.00
10.00
2908.89
2908.89
432.00
432.00
2109.51
2109.51
750.24
750.24
24.73
24.73
24.73
1387.53
1389.23
1389.23
1078.45
1078.45
1621.09
1621.09
507.83
507.83
631.50
631.50
631.50
1654.02
1324.15
1324.15
1523.20
1523.20
11.58
11.58
12.26
12.26
109.29
109.29
100.84
100.84
90.74
90.74
90.74
90.74
90.74
90.74
148.86
1052.63
1052.63
1052.63
1500.07
29.40
10.00
743.27
734.63
734.63
1195.44
1195.44
1581.41
1581.41
12.73
12.73
612.59
612.59
12.15
12.15
673.40
673.40
1456.21
1456.21
2839.16
2839.16
2350.39
2350.39
2749.50
2749.50
2036.08
2036.08
56.16
56.16
2533.29
2533.29
10.00
10.00
661.92
661.92
479.22
479.22
10.00
10.00
1383.88
1383.88
10.00
10.00
1135.77
1135.77
397.13
397.13
1588.71
1588.71
610.21
610.21
1343.12
1343.12
1380.74
1380.74
1695.12
1695.12
1273.65
1273.65
176.14
176.14
1180.97
1180.97
1180.97
1514.61
1514.61
1522.49
1543.90
1543.90
1543.90
2206.82
2206.82
2437.62
2074.05
2074.05
2074.05
1574.12
2076.16
2076.16
2076.16
1799.80
1799.80
13.57
2107.55
2107.55
2107.55
1555.72
1555.72
1903.67
2423.83
2423.83
2423.83
2423.83
2423.83
1292.93
1292.93
1292.93
1292.93
1483.82
1483.82
1028.36
1028.36
1299.79
1299.79
1299.79
1237.59
1493.68
1493.68
1566.81
1566.81
1779.36
1779.36
606.03
606.03
1441.77
1441.77
1890.60
1890.60
805.44
805.44
2142.93
2142.93
2142.93
2142.93
2029.05
2029.05
2278.06
2278.06
19.24
19.24
1732.94
1732.94
10.00
10.00
551.00
551.00
1102.56
1102.56
217.60
217.60
2097.39
2097.39
1349.91
1349.91
1349.91
1349.91
2257.31
2257.31
1380.60
1380.60
1058.50
1058.50
271.65
271.65
1472.31
1472.31
184.15
184.15
1918.62
1918.62
1918.62
2041.78
2277.18
2277.18
674.79
674.79
1641.36
1641.36
452.36
452.36
1099.91
1099.91
283.09
283.09
534.58
534.58
1584.07
1584.07
681.62
681.62
2160.06
2160.06
675.75
675.75
1621.58
1621.58
451.93
451.93
226.04
226.04
445.96
445.96
890.92
890.92
1125.25
1125.25
1830.04
1830.04
916.28
916.28
90.85
90.85
105.43
105.43
1337.40
1337.40
10.71
10.71
2453.94
2453.94
2100.39
2100.39
686.66
686.66
1343.19
1343.19
1860.21
1860.21
1915.24
1915.24
282.46
282.46
2974.92
2974.92
699.36
699.36
14.14
14.14
2633.60
2633.60
18.38
18.38
1820.77
1820.77
2076.20
2076.20
34.07
34.07
10.00
10.00
1468.18
1468.18
2969.65
2969.65
2791.11
2791.11
673.26
673.26
1703.82
1703.82
21.29
21.29
281.52
281.52
11.02
11.02
338.55
338.55
509.30
509.30
33.66
33.66
12.59
12.59
2027.81
2027.81
18.43
18.43
802.17
802.17
1334.61
1334.61
388.20
388.20
1823.84
1823.84
435.51
435.51
1094.98
1094.98
2087.13
2087.13
2087.13
202.39
1375.85
1375.85
23.53
23.53
14.48
14.48
1824.38
1824.38
104.32
104.32
1653.48
1653.48
1681.17
1681.17
344.21
344.21
10.63
10.63
31.87
31.87
1213.20
1213.20
1213.20
1605.93
1780.65
1780.65
1165.39
1165.39
14.10
14.10
14.53
14.53
30.06
30.06
18.69
18.69
40.19
40.19
608.33
608.33
10.00
10.00
14.62
14.62
2088.74
2088.74
1478.50
1478.50
1412.93
1412.93
1935.97
1935.97
846.68
846.68
995.07
995.07
995.07
995.07
1186.72
1186.72
44.51
44.51
1612.66
1612.66
1862.98
1862.98
1835.93
1835.93
1572.33
1572.33
1484.93
1484.93
1184.76
1184.76
1178.48
1178.48
12.72
12.72
42.35
42.35
1866.40
1866.40
755.43
755.43
1312.27
1312.27
1479.20
1479.20
1115.91
1115.91
2003.04
2003.04
16.75
16.75
1340.89
1340.89
1340.89
1340.89
913.93
913.93
1067.58
1067.58
1067.58
1067.58
1067.58
1067.58
1478.67
1478.67
1623.48
1623.48
228.56
228.56
1144.71
1144.71
13.41
13.41
2071.79
2071.79
2071.79
2071.79
697.98
697.98
1264.72
1264.72
1306.00
1306.00
302.88
302.88
770.21
770.21
1899.56
1899.56
2147.63
2147.63
2147.63
2147.63
1734.72
1734.72
1461.89
1461.89
1758.73
1758.73
2297.36
2297.36
1881.43
1881.43
1647.08
1647.08
800.78
800.78
60.15
60.15
232.78
232.78
630.82
630.82
507.26
507.26
665.56
665.56
1552.88
1552.88
1700.97
1700.97
465.15
465.15
2208.88
2208.88
2208.88
2208.88
1352.51
1352.51
1839.47
1839.47
190.97
190.97
22.85
22.85
971.87
971.87
971.87
971.87
68.26
180.39
321.20
321.20
436.90
436.90
501.67
501.67
23.35
23.35
497.18
497.18
13.78
13.78
2656.86
2656.86
57.10
57.10
57.10
500.11
500.11
500.11
500.11
1383.18
1092.67
1092.67
20.55
20.55
555.94
555.94
555.94
915.28
915.28
915.28
915.28
14.48
648.06
36.59
30.45
30.45
915.05
915.05
1914.43
1914.43
42.27
42.27
31.07
31.07
663.12
663.12
434.78
434.78
186.23
186.23
1516.61
1516.61
184.39
184.39
413.81
413.81
613.75
613.75
1608.57
1608.57
1466.05
1466.05
12.66
12.66
13.21
13.21
908.36
908.36
602.82
602.82
2005.46
2005.46
1028.69
1028.69
1455.31
1455.31
1236.41
1236.41
45.37
45.37
1866.75
1866.75
1067.82
1067.82
1218.72
1218.72
58.79
58.79
428.13
428.13
382.07
382.07
382.07
445.05
12.54
12.54
18.57
18.57
1508.49
1508.49
590.66
590.66
20.66
20.66
20.66
12.80
12.80
1482.21
1482.21
378.21
378.21
1318.74
1318.74
3005.93
132.71
132.71
148.12
148.12
11.02
11.02
18.86
18.86
27.82
27.82
10.00
10.00
1167.30
1167.30
319.38
319.38
525.55
525.55
12.34
12.34
12.34
57.59
57.59
57.59
10.00
10.00
1813.35
19.10
1339.57
1339.57
1934.05
1934.05
13.17
13.17
10.00
10.00
27.87
27.87
341.10
341.10
586.77
586.77
252.65
252.65
252.65
53.88
69.88
69.88
25.00
25.00
631.64
631.64
54.07
54.07
1372.66
1372.66
18.48
18.48
859.42
859.42
1177.99
1177.99
20.02
20.02
1465.89
1465.89
12.91
12.91
134.50
134.50
1216.39
1216.39
2160.08
2160.08
2474.78
2474.78
10.00
10.00
12.34
12.34
10.98
10.98
1527.24
1527.24
19.10
19.10
36.94
36.94
2263.72
2263.72
67.22
67.22
173.01
173.01
33.46
33.46
105.18
105.18
958.51
958.51
2226.66
2226.66
2221.93
2221.93
371.80
371.80
2256.11
2256.11
780.25
780.25
886.41
886.41
908.92
908.92
549.36
549.36
1574.41
1574.41
1476.06
1476.06
1449.70
1449.70
628.31
628.31
1975.83
1975.83
1430.68
1430.68
1430.68
1430.68
19.27
36.35
36.35
17.41
1692.89
1692.89
2215.79
2215.79
13.62
13.62
37.51
37.51
37.51
35.96
35.96
35.96
35.96
35.96
278.81
278.81
278.81
278.81
278.81
278.81
278.81
278.81
278.81
278.81
278.81
28.32
10.00
206.65
28.93
190.19
169.34
68.35
339.91
468.32
273.81
273.81
587.18
587.18
483.26
483.26
868.76
