# 1Hz Kbps trace generated by import_real_world_traces.py
389.97
1419.02
1674.20
1787.09
1787.09
2106.67
2106.67
2632.03
2632.03
2652.41
2652.41
2798.26
2798.26
3037.89
3037.89
3364.66
3364.66
848.48
848.48
3893.80
3893.80
3928.15
3928.15
3928.15
3928.15
3928.15
3928.15
578.94
578.94
3886.52
3886.52
3913.09
3913.09
3913.09
3913.09
3913.09
3913.09
3918.86
3918.86
3928.83
3928.83
3894.10
3894.10
3894.10
3894.10
3894.10
3894.10
3894.10
3894.10
3212.25
3212.25
3212.25
3212.25
3212.25
3212.25
1930.95
1930.95
3072.08
3072.08
3055.30
3055.30
2533.70
2533.70
3562.40
3562.40
3475.74
3475.74
3958.61
3958.61
3958.61
3958.61
3941.06
3941.06
3941.06
3941.06
1147.42
1147.42
4145.69
4145.69
4046.35
4046.35
4046.35
4046.35
3992.87
3992.87
3847.06
3847.06
54.93
54.93
1865.62
1865.62
4310.40
4310.40
645.08
645.08
962.44
962.44
5183.95
5183.95
1788.47
1788.47
2833.43
2833.43
5155.48
5155.48
5155.48
5155.48
5155.48
5155.48
5155.48
5155.48
5155.48
5155.48
987.68
987.68
5488.40
5488.40
1143.47
1143.47
4754.57
4754.57
4316.68
4316.68
6234.73
6234.73
7184.39
7184.39
7434.78
7434.78
7434.78
7434.78
2311.20
2311.20
2426.88
2426.88
2579.06
2579.06
2579.06
2579.06
2579.06
2579.06
2579.06
2579.06
3171.19
3171.19
3171.19
3171.19
3171.19
3171.19
3599.59
3599.59
7072.45
7072.45
7040.14
7040.14
7040.14
7040.14
777.38
777.38
2408.89
2408.89
2408.89
2408.89
2468.08
2468.08
2468.08
2468.08
3330.34
3330.34
3330.34
3330.34
3330.34
3330.34
3330.34
3330.34
3330.34
3330.34
3330.34
3330.34
3330.34
3330.34
7262.29
7262.29
7129.10
7129.10
7685.00
7685.00
7236.50
7236.50
7236.50
7236.50
7236.50
7236.50
7236.50
7236.50
7236.50
7236.50
7236.50
7236.50
7236.50
7236.50
7236.50
7236.50
7236.50
7236.50
7236.50
7236.50
7236.50
7236.50
7236.50
7236.50
7236.50
7236.50
1942.83
1942.83
1942.83
1942.83
1971.19
1971.19
2270.58
2270.58
2413.99
2413.99
2561.08
2561.08
2591.73
2591.73
2591.73
2591.73
2459.44
2459.44
2872.00
2872.00
3062.08
3062.08
3062.08
3062.08
3000.81
3000.81
156.53
156.53
148.56
148.56
1282.12
1282.12
3312.55
3312.55
3775.32
3775.32
4012.59
4012.59
4216.47
4216.47
4216.47
4216.47
1994.19
1994.19
475.83
475.83
5406.74
5406.74
5406.74
5406.74
5406.74
5406.74
3474.81
3474.81
259.06
259.06
1467.76
1467.76
1607.55
1607.55
2003.20
2003.20
2003.20
2003.20
2003.20
2003.20
2003.20
2003.20
2058.79
2058.79
2228.71
2228.71
2228.71
2228.71
20.03
20.03
20.03
20.03
283.62
499.32
725.31
725.31
691.52
691.52
772.54
772.54
1010.25
1010.25
230.30
230.30
1395.68
1395.68
1575.61
1575.61
1846.67
1846.67
2038.67
2038.67
2089.26
2089.26
2089.26
2089.26
2025.17
2025.17
1967.82
1967.82
1994.15
1994.15
2136.08
2136.08
2279.28
2279.28
2287.04
2287.04
2447.60
2447.60
2447.60
2447.60
2812.58
2812.58
140.97
140.97
3296.24
3296.24
3296.24
3296.24
3296.24
3296.24
3417.68
3417.68
3417.68
3417.68
3417.68
3417.68
3457.63
3457.63
3663.24
3663.24
3822.20
3822.20
3806.79
3806.79
3806.79
3806.79
3806.79
3806.79
3806.79
3806.79
3806.79
3806.79
80.61
80.61
3645.77
3645.77
3608.10
3608.10
2819.28
2819.28
3695.30
3695.30
3695.30
3695.30
3695.30
3695.30
3729.69
3729.69
4055.49
4055.49
4464.79
4464.79
2133.28
2133.28
4664.38
4664.38
4664.38
4664.38
4664.38
4664.38
4664.38
4664.38
4664.38
4664.38
4664.38
4664.38
4664.38
4664.38
4664.38
4664.38
278.93
278.93
445.33
445.33
54.82
54.82
1016.95
1016.95
1248.11
1248.11
1248.11
1248.11
1394.22
1394.22
1423.70
1423.70
1423.70
1423.70
1682.88
1682.88
1734.19
1734.19
2024.58
2024.58
2469.88
2469.88
155.54
155.54
2498.57
2498.57
2646.16
2646.16
2854.61
2854.61
3054.05
3054.05
3287.06
3287.06
3299.97
3299.97
3237.91
3237.91
3237.91
3348.77
3348.77
3911.53
3911.53
3900.07
3900.07
3900.07
3900.07
3900.07
3900.07
3900.07
3900.07
3900.07
3900.07
3900.07
3900.07
3900.07
3900.07
3900.07
3900.07
3900.07
3900.07
3900.07
3900.07
3900.07
3900.07
3900.07
3900.07
3900.07
3900.07
3900.07
3900.07
3900.07
3900.07
4160.55
4160.55
4160.55
4160.55
4357.37
4357.37
10.00
10.00
5054.63
5054.63
4969.10
4969.10
4882.93
4882.93
4882.93
4882.93
4882.93
4882.93
4882.93
4882.93
4882.93
4882.93
5961.99
5961.99
5961.99
5961.99
2018.50
2018.50
5702.96
5702.96
3949.06
3949.06
6157.21
6157.21
6043.66
6043.66
6304.92
6304.92
6304.92
6304.92
2367.00
2367.00
1790.32
1790.32
2848.45
2848.45
7487.05
7487.05
7816.16
7816.16
7569.31
7569.31
8705.33
8705.33
9132.32
9132.32
9463.66
9463.66
4995.04
4995.04
9557.12
9557.12
9689.97
9689.97
10.00
10.00
8321.19
8321.19
8321.19
8321.19
1329.15
1329.15
9167.95
9167.95
4646.17
4646.17
3002.63
3002.63
491.03
491.03
8385.25
8385.25
69.91
69.91
10.00
10.00
37.32
37.32
10.00
10.00
2784.79
2784.79
2784.79
2784.79
3145.88
3145.88
2670.76
2670.76
2670.76
2670.76
2670.76
2670.76
1702.49
1702.49
10.00
10.00
182.73
182.73
74.63
74.63
36.55
36.55
4470.21
4470.21
54.43
54.43
2999.43
2999.43
3968.09
3968.09
911.48
911.48
5359.23
5359.23
5272.96
5272.96
5739.79
5739.79
5715.00
5715.00
1549.45
1549.45
1474.46
1474.46
2157.97
2157.97
3611.59
3611.59
4524.26
4524.26
2176.80
2176.80
2701.23
2701.23
6363.32
6363.32
108.92
108.92
4155.31
4155.31
216.54
216.54
842.11
842.11
1715.45
1715.45
7493.84
7493.84
7493.28
7493.28
4753.27
4753.27
10.00
10.00
100.51
100.51
436.18
436.18
1468.23
1468.23
194.10
194.10
1256.61
1256.61
1693.12
1693.12
2057.22
2057.22
509.69
509.69
46.82
46.82
1914.89
1914.89
880.17
880.17
783.21
783.21
17.77
17.77
592.74
592.74
2335.12
2335.12
2670.71
2670.71
1223.09
1223.09
511.31
511.31
3360.89
3360.89
3152.73
3152.73
3058.54
3058.54
531.96
531.96
3811.32
3811.32
4645.81
4645.81
243.82
243.82
1407.97
1407.97
480.36
480.36
445.57
445.57
113.85
113.85
366.66
366.66
166.09
166.09
499.19
499.19
107.63
107.63
3051.26
3051.26
383.60
383.60
5631.18
5631.18
6042.59
6042.59
596.25
596.25
313.25
313.25
1020.52
1020.52
46.29
46.29
6745.02
6745.02
1240.29
1240.29
489.56
489.56
5020.48
5020.48
6890.59
6890.59
1932.31
1932.31
325.40
325.40
1989.16
1989.16
44.73
44.73
223.85
223.85
270.84
270.84
102.62
102.62
10.00
10.00
2226.38
2226.38
7084.58
7084.58
1111.99
1111.99
4257.42
4257.42
1507.00
1507.00
3424.81
3424.81
7566.35
7566.35
7970.74
7970.74
200.25
200.25
3879.45
3879.45
52.80
52.80
647.81
647.81
1910.56
1910.56
459.53
459.53
788.35
788.35
6556.94
6556.94
2524.82
2524.82
1484.27
1484.27
18.40
18.40
827.86
827.86
7645.28
7645.28
7721.02
7721.02
7994.11
7994.11
89.02
89.02
1263.74
1263.74
497.29
497.29
6874.40
6874.40
7726.99
7726.99
4264.43
4264.43
3714.99
3714.99
10436.60
10436.60
10698.16
10698.16
9400.11
9400.11
3807.91
3807.91
4566.80
4566.80
10.00
10.00
6476.94
6476.94
4225.06
4225.06
9033.36
9033.36
2539.48
2539.48
657.51
657.51
8263.71
8263.71
9153.11
9153.11
10244.42
10244.42
10377.71
10377.71
9030.80
9030.80
10755.11
10755.11
3240.65
3240.65
2937.94
2937.94
2154.81
2154.81
480.19
480.19
419.71
419.71
2178.99
2178.99
2177.30
2177.30
627.06
627.06
779.31
779.31
1737.04
1737.04
2367.74
2367.74
2665.77
2665.77
2777.63
2777.63
2188.10
2188.10
135.72
135.72
2768.49
2768.49
2743.88
2743.88
1280.42
1280.42
1835.34
1835.34
436.63
436.63
1332.91
1332.91
2621.04
2621.04
2848.17
2848.17
2848.17
2848.17
2848.17
2848.17
2848.17
2848.17
242.55
242.55
234.30
234.30
478.49
478.49
1868.53
1868.53
1998.23
1998.23
2144.28
2144.28
2021.65
2021.65
81.41
81.41
2302.06
2302.06
1186.98
1186.98
2820.29
2820.29
3181.47
3181.47
2324.92
2324.92
350.68
350.68
447.67
447.67
1011.04
1011.04
1471.23
1471.23
867.03
867.03
125.03
125.03
3054.07
3054.07
1402.65
1402.65
540.25
540.25
170.70
170.70
1502.20
1502.20
3157.62
3157.62
3292.22
3292.22
3355.39
3355.39
3110.72
3110.72
3269.70
3269.70
10.00
10.00
3582.53
3582.53
462.74
462.74
4101.25
4101.25
4154.85
4154.85
4154.85
4154.85
4154.85
4154.85
4154.85
4154.85
2360.68
2360.68
2360.68
2360.68
2360.68
2360.68
2360.68
2360.68
4418.99
4418.99
4904.05
4904.05
4893.43
4893.43
3118.95
3118.95
27.64
27.64
5731.04
5731.04
5997.53
5997.53
3509.06
3509.06
6967.24
6967.24
7846.76
7846.76
7559.97
7559.97
2000.38
2000.38
7405.12
7405.12
82.78
82.78
8214.86
8214.86
6068.06
6068.06
7837.59
7837.59
10.00
10.00
8171.79
8171.79
2101.72
2101.72
8083.88
8083.88
8197.32
8197.32
8220.58
8220.58
8337.86
8337.86
8634.97
8634.97
7209.00
7209.00
7748.37
7748.37
8499.89
8499.89
8499.89
8499.89
8499.89
8499.89
6233.63
6233.63
8555.19
8555.19
2923.06
2923.06
7666.91
7666.91
276.65
276.65
4731.05
4731.05
345.21
345.21
8990.07
8990.07
5949.22
5949.22
5949.22
5949.22
6577.33
6577.33
8920.57
8920.57
9243.99
9243.99
9157.65
9157.65
9673.62
9673.62
312.27
312.27
10.00
10.00
1010.13
1010.13
10093.65
10093.65
7538.28
7538.28
2717.80
2717.80
9865.56
9865.56
1351.01
1351.01
10188.63
10188.63
10188.63
10188.63
4261.57
4261.57
5065.32
5065.32
7582.15
7582.15
2884.66
2884.66
5444.33
5444.33
5357.20
5357.20
1198.97
1198.97
982.85
982.85
6315.19
6315.19
6357.68
6357.68
7693.53
7693.53
7883.55
7883.55
319.16
319.16
2634.90
2634.90
261.67
261.67
3873.15
3873.15
3403.89
3403.89
10.00
10.00
53.81
53.81
1714.07
1714.07
383.37
383.37
2354.88
2354.88
73.65
73.65
281.19
281.19
222.12
222.12
3052.43
3052.43
2056.30
2056.30
73.88
73.88
564.55
564.55
3537.03
3537.03
3537.03
3537.03
3537.03
3537.03
3537.03
3537.03
1588.58
1588.58
1406.72
1406.72
3332.28
3332.28
463.33
463.33
18.60
18.60
456.37
456.37
221.68
221.68
73.84
73.84
1162.52
1162.52
81.81
81.81
453.26
453.26
258.33
258.33
2797.36
2797.36
194.96
194.96
3812.36
3812.36
62.76
62.76
3880.80
3880.80
3249.01
3249.01
3894.23
3894.23
3981.28
3981.28
3981.28
3981.28
3981.28
3981.28
3981.28
3981.28
3981.28
3981.28
3981.28
3981.28
3981.28
3981.28
2022.38
2022.38
44.25
44.25
27.64
27.64
1121.89
1121.89
1121.89
1121.89
1780.69
1780.69
10.00
10.00
1446.10
1446.10
1817.80
1817.80
1625.90
1625.90
1828.83
1828.83
1976.11
1976.11
1976.11
1976.11
1976.11
1976.11
4092.96
4092.96
2788.47
2788.47
2788.47
2788.47
10.00
10.00
17.98
17.98
83.46
83.46
2837.96
2837.96
1620.65
1620.65
3825.80
3825.80
3825.80
3825.80
62.35
62.35
47.21
47.21
462.44
462.44
1400.80
1400.80
157.31
157.31
532.49
532.49
888.51
888.51
81.83
81.83
478.38
478.38
3536.90
3536.90
693.59
693.59
2505.94
2505.94
4798.42
4798.42
5248.35
5248.35
2078.56
2078.56
483.88
483.88
1892.00
1892.00
342.76
342.76
699.63
699.63
53.45
53.45
10.00
10.00
109.32
109.32
1295.76
1295.76
786.34
786.34
2869.97
2869.97
7071.55
7071.55
5698.34
5698.34
2947.74
2947.74
2037.51
2037.51
18.43
18.43
482.23
482.23
7012.86
7012.86
204.35
204.35
7039.90
7039.90
6882.85
6882.85
8024.54
8024.54
8239.13
8239.13
8127.99
8127.99
8407.40
8407.40
8634.47
8634.47
7044.83
7044.83
8836.00
8836.00
515.65
515.65
9156.04
9156.04
662.06
662.06
6698.67
6698.67
2136.04
2136.04
8845.13
8845.13
7572.94
7572.94
152.89
152.89
1987.90
1987.90
1987.90
1987.90
2666.42
2666.42
9843.93
9843.93
9523.66
9523.66
649.43
649.43
9702.66
9702.66
10323.44
10323.44
11096.83
11096.83
11496.52
11496.52
11238.15
11238.15
362.41
362.41
5973.76
5973.76
493.94
493.94
8298.67
8298.67
8298.67
8298.67
8298.67
8298.67
11569.75
11569.75
11569.75
11569.75
7634.18
7634.18
7634.18
7634.18
7634.18
7634.18
7984.25
7984.25
88.55
88.55
4234.16
4234.16
4234.16
4234.16
4234.16
4234.16
4234.16
4234.16
8566.78
8566.78
8073.77
8073.77
4422.55
4422.55
9189.91
9189.91
6826.01
6826.01
546.60
546.60
2580.74
2580.74
10340.88
10340.88
11206.01
11206.01
11045.12
11045.12
11045.12
11045.12
8309.74
8309.74
10.00
10.00
10865.80
10865.80
1708.68
1708.68
5630.63
5630.63
9182.19
9182.19
9182.19
9182.19
9182.19
9182.19
9182.19
9182.19
9182.19
9182.19
9182.19
3877.32
3877.32
4387.04
4387.04
6736.30
6736.30
7832.87
7832.87
7832.87
7832.87
7832.87
7832.87
7832.87
7832.87
10144.86
10144.86
3764.02
3764.02
9616.25
9616.25
10.00
10.00
4574.80
4574.80
4811.36
4811.36
5113.45
5113.45
10477.15
10477.15
1145.71
1145.71
6896.90
6896.90
6896.90
6896.90
2861.86
2861.86
5024.24
5024.24
10803.93
10803.93
10803.93
10803.93
472.86
472.86
9313.09
9313.09
5250.95
5250.95
5250.95
5250.95
1629.90
1629.90
3919.71
3919.71
4196.15
4196.15
2885.13
2885.13
2137.49
2137.49
9103.26
9103.26
1130.62
1130.62
11390.83
11390.83
11390.83
11390.83
342.91
342.91
166.68
166.68
4963.98
4963.98
55.47
55.47
1073.04
1073.04
27.73
27.73
286.23
286.23
10.00
10.00
480.16
480.16
1196.61
1196.61
1750.86
1750.86
10.00
10.00
2395.15
2395.15
2395.15
2395.15
2043.17
2043.17
2976.13
2976.13
4706.54
4706.54
6415.93
6415.93
6261.17
6261.17
542.75
542.75
3240.08
3240.08
6487.28
6487.28
18.39
18.39
835.72
835.72
6074.88
6074.88
10.00
10.00
638.89
638.89
3188.89
3188.89
3590.63
3590.63
3545.36
3545.36
806.26
806.26
54.32
54.32
485.79
485.79
327.91
327.91
10.00
10.00
338.25
338.25
6329.60
6329.60
491.46
491.46
6764.75
6764.75
6764.75
6764.75
6764.75
6764.75
6942.16
6942.16
257.85
257.85
6783.60
6783.60
494.09
494.09
1347.23
1347.23
251.13
251.13
6046.14
6046.14
2122.93
2122.93
362.85
362.85
1213.64
1213.64
4519.88
4519.88
423.92
423.92
4576.64
4576.64
44.95
44.95
8871.22
8871.22
8501.30
8501.30
4839.50
4839.50
1833.43
1833.43
10.00
10.00
292.91
292.91
10.00
10.00
1603.32
1603.32
4651.90
4651.90
4577.11
4577.11
3095.62
3095.62
3353.77
3353.77
3128.28
3128.28
492.36
492.36
1157.65
1157.65
1145.25
1145.25
6496.40
6496.40
3348.73
3348.73
129.42
129.42
247.78
247.78
1001.61
1001.61
6729.29
6729.29
470.75
470.75
8210.85
8210.85
1267.69
1267.69
7882.27
7882.27
1932.53
1932.53
9405.47
9405.47
9405.47
9405.47
9405.47
9405.47
437.69
437.69
2143.60
2143.60
942.03
942.03
2858.42
2858.42
2858.42
2858.42
1635.76
1635.76
1635.76
1635.76
2833.11
2833.11
2833.11
2833.11
2904.17
2904.17
2904.17
2904.17
2904.17
2904.17
2904.17
2904.17
2904.17
2904.17
2904.17
2904.17
2623.67
2623.67
3206.34
3206.34
1875.48
1875.48
458.26
458.26
989.33
989.33
10.00
10.00
3506.08
3506.08
37.16
37.16
4006.24
4006.24
1540.39
1540.39
2853.64
2853.64
3950.99
3950.99
3518.33
3518.33
4459.69
4459.69
1079.04
1079.04
1919.34
1919.34
1052.96
1052.96
342.46
342.46
2601.36
2601.36
2601.36
2601.36
2741.25
2741.25
4177.80
4177.80
110.62
110.62
2440.83
2440.83
1385.63
1385.63
4511.74
4511.74
3222.31
3222.31
4156.60
4156.60
951.94
951.94
5922.21
5922.21
3853.45
3853.45
5920.43
5920.43
5979.29
5979.29
5907.55
5907.55
2806.64
2806.64
4619.66
4619.66
4619.66
4619.66
5615.52
5615.52
5779.91
5779.91
5959.68
5959.68
6826.75
6826.75
6826.75
6826.75
6826.75
6826.75
7295.67
7295.67
3386.76
3386.76
636.79
636.79
1258.96
1258.96
490.96
490.96
7142.50
7142.50
403.66
403.66
10.00
10.00
1613.94
1613.94
491.70
491.70
1470.34
1470.34
4722.43
4722.43
5430.90
5430.90
3749.86
3749.86
145.17
145.17
1258.02
1258.02
474.07
474.07
276.60
276.60
2630.18
2630.18
486.04
486.04
3835.08
3835.08
2003.08
2003.08
744.45
744.45
468.40
468.40
457.60
457.60
92.39
92.39
501.34
501.34
153.58
153.58
1688.61
1688.61
1688.61
1688.61
1740.26
1740.26
1750.68
1750.68
1801.24
1801.24
1810.80
1810.80
7370.99
7370.99
8231.45
8231.45
8909.29
8909.29
9485.44
9485.44
5406.52
5406.52
5137.60
5137.60
1621.58
1621.58
3690.31
3690.31
3690.31
3690.31
2902.40
2902.40
5012.59
5012.59
5102.08
5102.08
6329.00
6329.00
6895.27
6895.27
7189.47
7189.47
3304.49
3304.49
3745.09
3745.09
3790.25
3790.25
7620.61
7620.61
7620.61
7620.61
7620.61
7620.61
8481.31
8481.31
7302.94
7302.94
8411.91
8411.91
5059.22
5059.22
5059.22
5059.22
5059.22
5059.22
5059.22
5059.22
5059.22
5059.22
8993.65
8993.65
9062.32
9062.32
9419.78
9419.78
3080.49
3080.49
1343.73
1343.73
4695.85
4695.85
488.40
488.40
2556.43
2556.43
3335.01
3335.01
471.98
471.98
6081.45
6081.45
180.72
180.72
8932.53
8932.53
5305.15
5305.15
5947.73
5947.73
5129.34
5129.34
7680.31
7680.31
9645.59
9645.59
10977.85
10977.85
1427.11
1427.11
4413.53
4413.53
4413.53
4413.53
6962.54
6962.54
5439.24
5439.24
10740.17
10740.17
2097.45
2097.45
184.54
184.54
781.86
781.86
10.00
10.00
4769.29
4769.29
5880.43
5880.43
4838.52
4838.52
10481.68
10481.68
10570.41
10570.41
9804.60
9804.60
8355.37
8355.37
8608.26
8608.26
8608.26
8608.26
8608.26
8608.26
8608.26
8608.26
10.00
10.00
3345.86
3345.86
8487.01
8487.01
1241.70
1241.70
4056.03
4056.03
4056.03
4056.03
7658.24
7658.24
576.52
576.52
3605.43
3605.43
54.32
54.32
751.20
751.20
62.16
62.16
2540.84
2540.84
58.34
58.34
2977.54
2977.54
7273.27
7273.27
2847.46
2847.46
2847.46
2847.46
2847.46
2847.46
2847.46
2847.46
2847.46
2847.46
3078.98
3078.98
3419.08
3419.08
7823.55
7823.55
7828.72
7828.72
7828.72
7828.72
7828.72
7828.72
4555.89
4555.89
5681.75
5681.75
4694.42
4694.42
4694.42
4694.42
469.00
469.00
5503.36
5503.36
364.43
364.43
3839.37
3839.37
865.41
865.41
753.22
753.22
17.86
17.86
3852.98
3852.98
5510.93
5510.93
2436.49
2436.49
6783.45
6783.45
6428.65
6428.65
45.58
45.58
3807.51
3807.51
3961.49
3961.49
37.43
37.43
3805.43
3805.43
5332.20
5332.20
5332.20
5332.20
45.22
45.22
45.22
45.22
45.22
45.22
447.39
623.08
568.53
568.53
499.06
499.06
292.74
292.74
833.68
833.68
160.56
160.56
1132.18
1132.18
1251.90
1251.90
1561.35
1561.35
1549.40
1549.40
1621.67
1621.67
1745.42
1745.42
1936.19
1936.19
2358.67
2358.67
2305.09
2305.09
242.80
242.80
1289.98
1289.98
1289.98
1289.98
2640.03
2640.03
2925.50
2925.50
3168.31
3168.31
3277.39
3277.39
3277.39
3277.39
3277.39
3277.39
189.47
189.47
14.46
14.46
3272.22
3272.22
3439.75
3439.75
3356.89
3356.89
3393.68
3393.68
2697.38
2697.38
2697.38
2697.38
2697.38
2697.38
3514.57
3514.57
1791.88
1791.88
3541.48
3541.48
3673.27
3673.27
4530.39
4530.39
4500.25
4500.25
2194.63
2194.63
3626.61
3626.61
5423.62
5423.62
5960.69
5960.69
4904.56
4904.56
6012.68
6012.68
6012.68
6012.68
2476.23
2476.23
6145.20
6145.20
6145.20
6145.20
6145.20
6145.20
6145.20
6145.20
6145.20
6145.20
6145.20
6145.20
2665.70
2665.70
1556.38
1556.38
2181.75
2181.75
2987.51
2987.51
436.13
436.13
2139.62
2139.62
27.52
27.52
3369.35
3369.35
3189.30
3189.30
3456.94
3456.94
3456.94
3456.94
3456.94
3456.94
3466.66
3466.66
3466.66
3466.66
3466.66
3466.66
3466.66
3466.66
3466.66
3466.66
3466.66
3466.66
3452.01
3452.01
3878.57
3878.57
4061.66
4061.66
4514.22
4514.22
4514.22
4514.22
4514.22
4514.22
4514.22
4514.22
4514.22
4514.22
4514.22
4514.22
4988.91
4988.91
4054.93
4054.93
4900.75
4900.75
4872.53
4872.53
2121.01
2121.01
46.64
46.64
4043.72
4043.72
6310.87
6310.87
2148.70
2148.70
7675.20
7675.20
7665.90
7665.90
7531.99
7531.99
804.11
804.11
267.26
267.26
389.19
389.19
486.09
486.09
319.54
319.54
511.42
511.42
1563.39
1563.39
4041.96
4041.96
4041.96
4041.96
1115.70
1115.70
6717.99
6717.99
37.18
37.18
6481.71
6481.71
565.34
565.34
541.88
541.88
1205.82
1205.82
1882.70
1882.70
1221.54
1221.54
6137.55
6137.55
571.12
571.12
7032.77
7032.77
1708.33
1708.33
2611.24
2611.24
2091.13
2091.13
5610.09
5610.09
265.79
265.79
3086.62
3086.62
8101.04
8101.04
747.68
747.68
453.56
453.56
2961.45
2961.45
1215.89
1215.89
3475.49
3475.49
1086.82
1086.82
7899.64
7899.64
4892.70
4892.70
8905.83
8905.83
8792.19
8792.19
773.10
773.10
3394.20
3394.20
660.31
660.31
3963.76
3963.76
722.87
722.87
6147.75
6147.75
1217.73
1217.73
6530.17
6530.17
5493.80
5493.80
2919.50
2919.50
1228.52
1228.52
147.35
147.35
1421.60
1421.60
2735.58
2735.58
319.52
319.52
10.00
10.00
5313.35
5313.35
5313.35
5313.35
6378.10
6378.10
6378.10
6378.10
1419.97
1419.97
7221.18
7221.18
6703.03
6703.03
1138.59
1138.59
1131.31
1131.31
484.67
484.67
7915.08
7915.08
518.47
518.47
6978.96
6978.96
2267.03
2267.03
523.14
523.14
166.92
166.92
166.92
392.38
392.38
2651.90
2651.90
27.66
27.66
83.04
83.04
869.58
869.58
3490.48
3490.48
3698.63
3698.63
3698.63
3698.63
6537.19
6537.19
435.36
435.36
8161.75
8161.75
2082.80
2082.80
558.71
558.71
7151.64
7151.64
3899.27
3899.27
558.76
558.76
8406.74
8406.74
8233.03
8233.03
2255.99
2255.99
3046.64
3046.64
3046.64
3046.64
3046.64
3046.64
8597.02
8597.02
8597.02
8597.02
8872.60
8872.60
4768.76
4768.76
8785.82
8785.82
9111.38
9111.38
9482.88
9482.88
4672.98
4672.98
2569.01
2569.01
10.00
10.00
26.66
26.66
2378.70
2378.70
6012.35
6012.35
6012.35
6012.35
6012.35
6012.35
6012.35
6012.35
4780.60
4780.60
5016.37
5016.37
2358.41
2358.41
3563.82
3563.82
3882.94
3882.94
271.90
271.90
26.58
26.58
6125.22
6125.22
6308.74
6308.74
1190.25
1190.25
778.82
778.82
873.55
873.55
2867.65
2867.65
1837.23
1837.23
6148.79
6148.79
3026.42
3026.42
1853.26
1853.26
3491.53
3491.53
6117.93
6117.93
6117.93
6117.93
200.99
200.99
1095.21
1095.21
614.66
614.66
659.65
659.65
1316.65
1316.65
43.91
43.91
2433.79
2433.79
3543.30
3543.30
1156.76
1156.76
1807.62
1807.62
3055.60
3055.60
326.92
326.92
156.48
156.48
1540.27
1540.27
1540.27
1540.27
1600.85
1600.85
1203.72
1203.72
10.00
10.00
2502.11
2502.11
1175.03
1175.03
1937.38
1937.38
788.01
788.01
10.00
10.00
789.44
789.44
753.37
753.37
101.47
101.47
2560.96
2560.96
963.91
963.91
243.77
243.77
102.11
102.11
347.03
347.03
474.20
474.20
1987.38
1987.38
1832.06
1832.06
2168.09
2168.09
2069.51
2069.51
2050.42
2050.42
2158.95
2158.95
2158.95
2158.95
2409.44
2409.44
995.74
995.74
842.41
842.41
2730.47
2730.47
2748.35
2748.35
2791.18
2791.18
2796.69
2796.69
3187.00
3187.00
3354.20
3354.20
3145.12
3145.12
1769.34
1769.34
3325.96
3325.96
3841.55
3841.55
3683.10
3683.10
3683.10
3683.10
3961.76
3961.76
2037.41
2037.41
3897.14
3897.14
1059.33
1059.33
1563.03
1563.03
1635.90
1635.90
1635.90
1635.90
4213.89
4213.89
4737.03
4737.03
4625.93
4625.93
4625.93
4625.93
4625.93
4625.93
4625.93
4625.93
4625.93
4625.93
4625.93
4625.93
4625.93
4625.93
4625.93
4625.93
4625.93
4625.93
4625.93
4625.93
4625.93
4625.93
4625.93
4625.93
93.48
93.48
5438.42
5438.42
5268.23
5268.23
5268.23
5268.23
5665.98
5665.98
5616.56
5616.56
1904.99
1904.99
5653.25
5653.25
1454.47
1454.47
5439.35
5439.35
6262.04
6262.04
6524.18
6524.18
6699.23
6699.23
988.76
988.76
6519.84
6519.84
6409.59
6409.59
6577.21
6577.21
2212.57
2212.57
3969.41
3969.41
7522.71
7522.71
3742.20
3742.20
3742.20
3742.20
7869.43
7869.43
7950.39
7950.39
9030.77
9030.77
3289.53
3289.53
9609.83
9609.83
9367.60
9367.60
10538.86
10538.86
11251.85
11251.85
10973.24
10973.24
10973.24
10973.24
10973.24
10973.24
10973.24
10973.24
10973.24
10973.24
317.67
317.67
11179.45
11179.45
10755.53
10755.53
10755.53
10755.53
10755.53
10755.53
10755.53
10755.53
10755.53
10755.53
10755.53
10755.53
10755.53
10755.53
1186.23
1186.23
11080.26
11080.26
10133.99
10133.99
8433.38
8433.38
135.54
135.54
7030.25
7030.25
8682.14
8682.14
3491.92
3491.92
4473.22
4473.22
4547.17
4547.17
5437.71
5437.71
5373.84
5373.84
7548.66
7548.66
1394.45
1394.45
4770.29
4770.29
8857.83
8857.83
3322.33
3322.33
9682.99
9682.99
10.00
10.00
182.64
182.64
891.95
891.95
5751.06
5751.06
5751.06
5751.06
863.01
863.01
1082.63
1082.63
18.75
18.75
2127.02
2127.02
142.82
142.82
708.34
708.34
2855.72
2855.72
3216.47
3216.47
777.29
777.29
2432.71
2432.71
1062.54
1062.54
3072.87
3072.87
6335.91
6335.91
6285.92
6285.92
6285.92
6285.92
336.32
336.32
73.96
73.96
5957.64
5957.64
2775.61
2775.61
4325.10
4325.10
4352.22
4352.22
474.36
474.36
3467.77
3467.77
5149.97
5149.97
1384.31
1384.31
5886.36
5886.36
3547.72
3547.72
6828.13
6828.13
284.52
284.52
3583.22
3583.22
7062.22
7062.22
7062.22
7062.22
7062.22
7062.22
4098.58
4098.58
7263.82
7263.82
2424.58
2424.58
8049.96
8049.96
6344.31
6344.31
8822.51
8822.51
1687.57
1687.57
4136.18
4136.18
3173.70
3173.70
772.07
772.07
10.00
10.00
4700.37
4700.37
178.34
178.34
92.34
92.34
2840.53
2840.53
5234.34
5234.34
3356.50
3356.50
4969.32
4969.32
4944.27
4944.27
3023.98
3023.98
5792.50
5792.50
5748.14
5748.14
2800.14
2800.14
5727.68
5727.68
351.62
351.62
2150.11
2150.11
1149.49
1149.49
1080.64
1080.64
1041.26
1041.26
2499.38
2499.38
2231.25
2231.25
2703.67
2703.67
2947.22
2947.22
4262.26
4262.26
10.00
10.00
3498.68
3498.68
4221.31
4221.31
2757.21
2757.21
9535.04
9535.04
1334.25
1334.25
10284.83
10284.83
436.74
436.74
10124.71
10124.71
6111.58
6111.58
6111.58
6111.58
3210.75
3210.75
6275.91
6275.91
4485.41
4485.41
10210.73
10210.73
3871.13
3871.13
9832.46
9832.46
4435.38
4435.38
10331.38
10331.38
63.85
63.85
8420.13
8420.13
8420.13
8420.13
8420.13
8420.13
8420.13
8420.13
10525.31
10525.31
11474.16
11474.16
518.81
518.81
7344.59
7344.59
510.07
510.07
3018.38
3018.38
12603.77
12603.77
12603.77
12603.77
12603.77
12603.77
13104.92
13104.92
13104.92
13104.92
13104.92
13104.92
13104.92
13104.92
13104.92
13104.92
13104.92
13104.92
13104.92
13104.92
13104.92
13104.92
13104.92
13104.92
13104.92
13104.92
13104.92
13104.92
1471.30
1471.30
1428.66
1428.66
1492.85
1492.85
1860.93
1860.93
1860.21
1860.21
2167.01
2167.01
1424.54
1424.54
1424.54
1424.54
2534.85
2534.85
2707.09
2707.09
953.54
953.54
953.54
953.54
213.07
213.07
2792.49
2792.49
3255.23
3255.23
3789.82
3789.82
2427.18
2427.18
1450.33
1450.33
4633.00
4633.00
4609.83
4609.83
5485.65
5485.65
5341.85
5341.85
6216.89
6216.89
10.00
10.00
2279.34
2279.34
6613.99
6613.99
3582.80
3582.80
1687.69
1687.69
6600.84
6600.84
6600.84
6600.84
6600.84
6600.84
6600.84
6600.84
6600.84
6600.84
6600.84
6600.84
6600.84
6600.84
2951.20
2951.20
4021.16
4021.16
671.96
671.96
1569.83
1569.83
356.83
356.83
811.32
811.32
667.37
667.37
1230.87
1230.87
1529.94
1529.94
1765.64
1765.64
1043.11
1043.11
306.94
306.94
2445.90
2445.90
2156.08
2156.08
455.37
455.37
450.89
450.89
154.40
154.40
2310.90
2310.90
1485.16
1485.16
5647.69
5647.69
4546.28
4546.28
341.06
341.06
529.53
529.53
311.20
311.20
2149.38
2149.38
4729.19
4729.19
4456.95
4456.95
3820.82
3820.82
3471.04
3471.04
3192.15
3192.15
5210.10
5210.10
6380.71
6380.71
517.41
517.41
2503.01
2503.01
732.29
732.29
6365.06
6365.06
1685.38
1685.38
8191.03
8191.03
8883.69
8883.69
9126.38
9126.38
9126.38
9126.38
9126.38
9126.38
9126.38
9126.38
9126.38
9126.38
9126.38
9126.38
9126.38
9126.38
9126.38
9126.38
9126.38
9126.38
9126.38
9126.38
3264.24
3264.24
8992.78
8992.78
880.10
880.10
4727.40
4727.40
4727.40
4727.40
8785.71
8785.71
8785.71
8785.71
1012.90
1012.90
479.74
479.74
9010.45
9010.45
1368.29
1368.29
10.00
10.00
4166.40
4166.40
3875.89
3875.89
4959.02
4959.02
6018.42
6018.42
4270.06
4270.06
5735.22
5735.22
6420.44
6420.44
191.84
191.84
1687.80
1687.80
6465.12
6465.12
6236.06
6236.06
6236.06
6236.06
6236.06
6236.06
6236.06
6236.06
6236.06
6236.06
6236.06
6236.06
2432.08
2432.08
3283.88
3283.88
349.88
349.88
6816.44
6816.44
2848.64
2848.64
2370.24
2370.24
37.39
37.39
5915.42
5915.42
5915.42
5915.42
5915.42
5915.42
5915.42
5915.42
3838.27
3838.27
3838.27
3838.27
3838.27
3838.27
3838.27
3838.27
1912.64
1912.64
124.83
124.83
2826.01
2826.01
1138.57
1138.57
1632.97
1632.97
1954.05
1954.05
1954.05
1954.05
1954.05
1954.05
2076.23
2076.23
2270.74
2270.74
2270.74
2270.74
2270.74
2270.74
18.12
18.12
18.12
18.12
289.51
633.22
634.16
634.16
881.00
881.00
1032.08
1032.08
238.89
238.89
1062.65
1062.65
591.56
591.56
1637.33
1637.33
1747.50
1747.50
1784.67
1784.67
2060.65
2060.65
2376.21
2376.21
2398.11
2398.11
2799.43
2799.43
2778.70
2778.70
10.00
10.00
3367.87
3367.87
2692.70
2692.70
2136.29
2136.29
2136.29
2136.29
2136.29
2136.29
2136.29
2136.29
2136.29
2136.29
2136.29
2136.29
2136.29
2136.29
3628.44
3628.44
18.34
18.34
2620.15
2620.15
598.94
598.94
1037.08
1037.08
1028.08
1028.08
1200.00
1200.00
2787.39
2787.39
2784.19
2784.19
3316.00
3316.00
3344.31
3344.31
3409.33
3409.33
4165.71
4165.71
4030.19
4030.19
4123.95
4123.95
4103.07
4103.07
4103.07
4103.07
1529.14
1529.14
4732.51
4732.51
4893.54
4893.54
4893.54
4893.54
943.51
943.51
4682.98
4682.98
5450.25
5450.25
5450.25
2089.12
2089.12
5433.58
5433.58
530.51
530.51
2477.43
2477.43
2477.43
2477.43
2644.60
2644.60
5635.65
5635.65
894.04
894.04
469.42
469.42
1033.00
1033.00
1033.00
1033.00
1193.80
1193.80
1193.80
1193.80
3554.62
3554.62
6156.74
6156.74
6048.08
6048.08
2641.99
2641.99
3515.61
3515.61
4170.27
4170.27
1578.90
1578.90
7505.66
7505.66
7216.42
7216.42
7216.42
7216.42
7614.49
7614.49
4701.56
4701.56
4701.56
4701.56
7542.89
7542.89
6888.66
6888.66
4336.30
4336.30
7643.61
7643.61
7997.13
7997.13
5793.52
5793.52
7969.44
7969.44
7791.92
7791.92
7791.92
7791.92
7984.38
7984.38
8018.28
8018.28
8018.28
8018.28
8628.37
8628.37
9113.29
9113.29
9754.95
9754.95
10224.88
10224.88
3065.58
3065.58
4072.36
4072.36
6246.99
6246.99
8911.59
8911.59
9589.70
9589.70
9311.45
9311.45
9998.38
9998.38
634.88
634.88
2778.63
2778.63
27.04
27.04
3838.24
3838.24
3893.51
3893.51
4447.50
4447.50
3211.44
3211.44
199.17
199.17
156.61
156.61
498.69
498.69
10469.43
10469.43
10.00
10.00
4416.70
4416.70
4416.70
4416.70
4416.70
4416.70
4416.70
4416.70
3803.04
3803.04
3767.49
3767.49
10680.20
10680.20
54.63
54.63
3478.80
3478.80
1623.75
1623.75
5117.44
5117.44
1248.79
1248.79
764.34
764.34
1413.00
1413.00
674.32
674.32
1868.31
1868.31
508.83
508.83
323.56
323.56
131.89
131.89
64.45
64.45
1651.17
1651.17
1978.68
1978.68
1305.04
1305.04
588.61
588.61
1698.55
1698.55
5547.56
5547.56
2003.37
2003.37
6637.74
6637.74
4040.46
4040.46
5749.18
5749.18
1431.07
1431.07
6867.71
6867.71
7462.82
7462.82
7462.82
7462.82
729.21
729.21
1919.77
1919.77
7443.36
7443.36
6903.22
6903.22
486.07
486.07
8172.78
8172.78
656.97
656.97
4011.02
4011.02
1265.82
1265.82
10.00
10.00
752.58
752.58
2815.75
2815.75
1017.97
1017.97
404.94
404.94
3652.03
3652.03
1808.16
1808.16
7797.09
7797.09
10.00
10.00
493.27
493.27
1107.76
1107.76
875.45
875.45
10.00
10.00
1713.38
1713.38
2003.98
2003.98
2666.55
2666.55
2666.55
2666.55
2666.55
2666.55
2666.55
2666.55
300.67
300.67
607.84
607.84
607.84
899.75
635.72
635.72
1515.18
1515.18
596.43
596.43
638.40
638.40
513.76
513.76
10.00
10.00
498.14
498.14
55.73
55.73
571.51
571.51
525.48
525.48
660.93
660.93
2965.84
2965.84
246.18
246.18
414.36
414.36
3061.17
3061.17
2299.83
2299.83
1970.26
1970.26
655.61
655.61
4719.00
4719.00
5815.14
5815.14
6411.38
6411.38
5047.77
5047.77
5299.74
5299.74
1923.55
1923.55
3213.80
3213.80
6458.01
6458.01
5400.08
5400.08
261.37
261.37
1796.75
1796.75
372.08
372.08
7877.34
7877.34
9468.96
9468.96
8312.60
8312.60
455.14
455.14
2016.57
2016.57
7165.44
7165.44
8907.73
8907.73
703.98
703.98
9137.48
9137.48
1493.86
1493.86
4189.01
4189.01
4189.01
4189.01
4189.01
4189.01
4189.01
4189.01
9549.42
9549.42
9663.30
9663.30
11564.37
11564.37
1966.81
1966.81
1992.35
1992.35
6738.00
6738.00
10.00
10.00
683.76
683.76
12779.69
12779.69
6704.88
6704.88
4387.62
4387.62
13285.83
13285.83
10162.32
10162.32
13092.58
13092.58
636.37
636.37
2709.56
2709.56
1195.75
1195.75
1081.57
1081.57
6853.15
6853.15
6853.15
6853.15
6853.15
6853.15
6853.15
6853.15
13180.69
13180.69
246.29
246.29
224.65
224.65
15559.30
15559.30
27.03
27.03
9599.92
9599.92
2195.02
2195.02
2377.34
2377.34
10890.96
10890.96
10890.96
10890.96
10890.96
10890.96
5342.72
5342.72
5480.77
5480.77
3741.57
3741.57
3741.57
3741.57
5524.32
5524.32
3305.95
3305.95
5783.78
5783.78
5636.47
5636.47
1726.39
1726.39
6742.85
6742.85
5307.55
5307.55
6649.87
6649.87
3863.48
3863.48
6478.77
6478.77
88.80
88.80
6691.42
6691.42
83.09
83.09
7889.45
7889.45
6078.83
6078.83
7677.28
7677.28
7677.28
7677.28
7677.28
7677.28
7677.28
7677.28
7677.28
7677.28
1121.38
1121.38
2190.34
2190.34
2190.34
2190.34
2301.37
2301.37
2301.37
2301.37
2301.37
2301.37
2301.37
2301.37
2301.37
2583.47
3487.90
3487.90
3673.57
3673.57
3643.91
3643.91
457.72
457.72
3589.93
3589.93
3626.81
3626.81
3734.34
3734.34
3900.97
3900.97
3917.44
3917.44
3917.44
3917.44
3917.44
3917.44
3917.44
3917.44
3917.44
3917.44
4192.11
4192.11
1808.26
1808.26
518.04
518.04
4105.49
4105.49
4167.23
4167.23
520.51
520.51
4319.37
4319.37
3693.01
3693.01
2778.16
2778.16
3078.27
3078.27
149.58
149.58
2156.71
2156.71
4450.28
4450.28
1935.41
1935.41
4136.57
4136.57
4283.52
4283.52
4394.05
4394.05
4261.42
4261.42
4261.42
4261.42
4261.42
4261.42
268.20
268.20
2137.92
2137.92
2240.06
2240.06
2240.06
2240.06
2240.06
2240.06
2240.06
2240.06
2240.06
2240.06
2240.06
2240.06
2240.06
2240.06
2240.06
2240.06
165.92
165.92
1086.35
1086.35
1227.81
1227.81
1230.40
1230.40
1201.48
1201.48
1202.78
1202.78
1895.84
1895.84
2096.98
2096.98
2048.68
2048.68
2146.95
2146.95
938.74
938.74
781.98
781.98
932.01
932.01
2737.69
2737.69
2663.57
2663.57
3074.49
3074.49
3759.38
3759.38
3824.60
3824.60
3824.60
3824.60
495.08
495.08
4254.13
4254.13
2045.22
2045.22
708.27
708.27
4927.48
4927.48
3878.84
3878.84
3641.42
3641.42
4873.30
4873.30
1895.91
1895.91
4694.07
4694.07
4553.29
4553.29
275.95
275.95
346.97
346.97
373.49
373.49
3791.31
3791.31
480.30
480.30
5937.54
5937.54
1522.07
1522.07
6448.31
6448.31
6572.44
6572.44
1711.75
1711.75
2667.53
2667.53
1900.61
1900.61
666.60
666.60
148.17
148.17
412.05
412.05
458.90
458.90
537.10
537.10
3439.19
3439.19
7621.99
7621.99
71.44
71.44
5783.10
5783.10
485.70
485.70
4827.63
4827.63
919.87
919.87
84.57
84.57
7832.33
7832.33
893.12
893.12
37.71
37.71
493.16
493.16
555.43
555.43
4076.95
4076.95
3473.75
3473.75
1905.72
1905.72
498.87
498.87
2010.04
2010.04
7838.62
7838.62
2487.72
2487.72
2833.57
2833.57
9681.34
9681.34
790.06
790.06
1603.85
1603.85
10.00
10.00
4662.79
4662.79
10.00
10.00
2878.56
2878.56
470.93
470.93
4698.66
4698.66
2810.72
2810.72
2126.65
2126.65
4884.69
4884.69
708.04
708.04
8891.17
8891.17
5093.99
5093.99
436.91
436.91
5720.22
5720.22
431.60
431.60
5833.63
5833.63
1125.75
1125.75
3552.40
3552.40
1844.21
1844.21
6487.80
6487.80
3372.94
3372.94
10.00
10.00
10.00
10.00
1003.76
1003.76
1953.66
1953.66
243.87
243.87
7869.33
7869.33
8225.55
8225.55
111.48
111.48
8097.76
8097.76
8096.79
8096.79
301.32
301.32
27.72
27.72
8676.75
8676.75
522.69
522.69
476.91
476.91
92.20
92.20
415.56
415.56
8190.30
8190.30
3894.02
3894.02
3894.02
3894.02
3894.02
3894.02
8537.67
8537.67
8760.01
8760.01
4724.67
4724.67
335.37
335.37
222.56
222.56
385.44
385.44
10.00
10.00
4962.58
4962.58
10.00
10.00
4384.88
4384.88
5638.78
5638.78
165.97
165.97
2886.86
2886.86
1803.46
1803.46
1391.84
1391.84
1391.84
283.71
2126.45
2126.45
1627.64
1627.64
1838.67
1838.67
1838.67
1838.67
2027.28
2027.28
2220.76
2220.76
170.59
170.59
639.62
639.62
137.23
137.23
310.12
310.12
593.73
593.73
386.76
386.76
2106.17
2106.17
447.31
447.31
1060.50
1060.50
129.14
129.14
1125.22
1125.22
2181.69
2181.69
2181.69
2181.69
2181.69
2181.69
2181.69
2181.69
2181.69
2181.69
2181.69
2181.69
2226.30
2226.30
2226.30
2226.30
426.98
426.98
426.98
426.98
2220.14
2220.14
2410.69
2410.69
2670.52
2670.52
2606.80
2606.80
2555.13
2555.13
3043.12
3043.12
3634.22
3634.22
2687.46
2687.46
2687.46
2687.46
2687.46
2687.46
2687.46
2687.46
2687.46
2687.46
2687.46
2687.46
2687.46
2687.46
2687.46
2687.46
588.12
588.12
543.48
543.48
591.49
591.49
707.79
707.79
690.27
690.27
866.94
866.94
875.88
875.88
1007.17
1007.17
1453.91
1453.91
1700.66
1700.66
2050.65
2050.65
2052.66
2052.66
1509.93
1509.93
2393.10
2393.10
2438.53
2438.53
2889.46
2889.46
3099.15
3099.15
3528.76
3528.76
3793.20
3793.20
3870.02
3870.02
4162.21
4162.21
4102.16
4102.16
4068.04
4068.04
4448.33
4448.33
3818.34
3818.34
4991.66
4991.66
5552.92
5552.92
5882.17
5882.17
5568.43
5568.43
6394.35
6394.35
3665.20
3665.20
3665.20
3665.20
3665.20
3665.20
3665.20
3665.20
7977.88
7977.88
8142.90
8142.90
2035.87
2035.87
8767.03
8767.03
8751.87
8751.87
3967.82
3967.82
3741.46
3741.46
8778.12
8778.12
8086.92
8086.92
7241.32
7241.32
2768.35
2768.35
1297.72
1297.72
6790.03
6790.03
8775.86
8775.86
1258.73
1258.73
584.88
584.88
1533.98
1533.98
772.16
772.16
772.16
95.67
95.67
55.25
55.25
18.12
18.12
89.90
89.90
1413.77
1413.77
459.48
459.48
46.30
46.30
27.60
27.60
5911.72
5911.72
4605.08
4605.08
4605.08
4605.08
1083.97
1083.97
3358.27
3358.27
5311.08
5311.08
1500.93
1500.93
503.02
503.02
389.29
389.29
2186.64
2186.64
736.63
736.63
11294.53
11294.53
11294.53
11294.53
262.87
262.87
1085.95
1085.95
1056.21
1056.21
9758.11
9758.11
82.98
82.98
1480.31
1480.31
480.71
480.71
4927.86
4927.86
4665.94
4665.94
4665.94
4665.94
4665.94
4665.94
4665.94
4665.94
5632.23
5632.23
5965.26
5965.26
6227.79
6227.79
6446.28
6446.28
6229.02
6229.02
6323.67
6323.67
1375.42
1375.42
201.20
201.20
3094.59
3094.59
3094.59
3094.59
3094.59
3094.59
3094.59
3094.59
3094.59
3094.59
28.10
28.10
3080.22
3080.22
112.34
112.34
393.69
393.69
214.15
214.15
463.25
463.25
776.73
776.73
460.50
460.50
35.49
35.49
1592.16
1592.16
630.63
630.63
488.79
488.79
486.02
486.02
478.13
478.13
356.20
356.20
13.74
13.74
5983.76
5983.76
2940.05
2940.05
398.83
398.83
453.14
453.14
767.62
767.62
1535.93
1535.93
1337.35
1337.35
69.76
69.76
6194.31
6194.31
3166.30
3166.30
2595.89
2595.89
6920.88
6920.88
6637.71
6637.71
1974.76
1974.76
707.73
707.73
1577.27
1577.27
916.49
916.49
389.03
389.03
798.89
798.89
7142.43
7142.43
2756.84
2756.84
2667.28
2667.28
636.17
636.17
2842.29
2842.29
6274.79
6274.79
2840.99
2840.99
620.31
620.31
7164.37
7164.37
669.40
669.40
4333.81
4333.81
4333.81
4333.81
4333.81
4333.81
5259.43
5259.43
1636.97
1636.97
6789.60
6789.60
707.33
707.33
3998.88
3998.88
215.97
215.97
1947.91
1947.91
1947.91
1947.91
414.14
414.14
2725.60
2725.60
262.10
262.10
3017.49
3017.49
1491.57
1491.57
1543.00
1543.00
6437.62
6437.62
4678.54
4678.54
6891.78
6891.78
1261.30
1261.30
6600.63
6600.63
466.03
466.03
4132.00
4132.00
806.09
806.09
515.24
515.24
5407.20
5407.20
4422.56
4422.56
4348.09
4348.09
465.00
465.00
4252.87
4252.87
2811.56
2811.56
2992.28
2992.28
7969.84
7969.84
8033.62
8033.62
5707.30
5707.30
4032.95
4032.95
668.36
668.36
1022.64
1022.64
498.68
498.68
299.83
299.83
1268.92
1268.92
8673.66
8673.66
584.29
584.29
480.45
480.45
27.97
27.97
2653.19
2653.19
3451.90
3451.90
3451.90
3451.90
8322.95
8322.95
8806.83
8806.83
8219.14
8219.14
1257.44
1257.44
442.95
442.95
1306.40
1306.40
10.00
10.00
475.42
475.42
773.32
773.32
4726.09
4726.09
766.13
766.13
312.21
312.21
5879.20
5879.20
354.22
354.22
8318.23
8318.23
7798.64
7798.64
5667.42
5667.42
3241.04
3241.04
757.04
757.04
3842.33
3842.33
7609.41
7609.41
8502.73
8502.73
72.30
72.30
1701.88
1701.88
402.96
402.96
9702.39
9702.39
978.97
978.97
3068.91
3068.91
492.04
492.04
2690.04
2690.04
617.55
617.55
8656.15
8656.15
10.00
10.00
3884.12
3884.12
3216.23
3216.23
51.32
51.32
5216.94
5216.94
543.56
543.56
36.99
36.99
1514.10
1514.10
2478.81
2478.81
5014.50
5014.50
1633.99
1633.99
4633.83
4633.83
4633.83
4633.83
7098.13
7098.13
212.53
212.53
172.27
172.27
10.00
10.00
1261.99
1261.99
4241.60
4241.60
4241.60
4241.60
950.24
950.24
418.19
418.19
2564.64
2564.64
55.62
55.62
5434.23
5434.23
962.44
962.44
2837.16
2837.16
1703.18
1703.18
5527.86
5527.86
1966.15
1966.15
6725.38
6725.38
3892.86
3892.86
2112.44
2112.44
1171.92
1171.92
79.76
79.76
1357.32
1357.32
256.31
256.31
474.07
474.07
5915.68
5915.68
1878.35
1878.35
6013.10
6013.10
177.83
177.83
4333.37
4333.37
10.00
10.00
642.94
642.94
2456.76
2456.76
1314.29
1314.29
51.82
51.82
2481.90
2481.90
81.87
81.87
10.00
10.00
2233.34
2233.34
3256.07
3256.07
448.44
448.44
3254.75
3254.75
441.87
441.87
7448.81
7448.81
3286.18
3286.18
1157.03
1157.03
2884.21
2884.21
2305.31
2305.31
3307.87
3307.87
7315.46
7315.46
4580.19
4580.19
2301.77
2301.77
2866.17
2866.17
3458.24
3458.24
3560.01
3560.01
497.81
497.81
2705.10
2705.10
2705.10
2705.10
2705.10
2705.10
2705.10
2705.10
2705.10
2705.10
2705.10
2705.10
2705.10
2705.10
2705.10
2705.10
2705.10
2705.10
2705.10
2705.10
3077.88
3077.88
3526.00
3526.00
3526.00
3526.00
3526.00
3526.00
3526.00
3526.00
6061.16
6061.16
6061.16
6061.16
7616.59
7616.59
4581.00
4581.00
6644.46
6644.46
3908.69
3908.69
6210.77
6210.77
6210.77
6210.77
6210.77
6210.77
8188.05
8188.05
8188.05
8188.05
8188.05
8188.05
8188.05
8188.05
4244.00
4244.00
7798.38
7798.38
7000.80
7000.80
259.47
259.47
618.25
618.25
102.12
102.12
2165.35
2165.35
480.45
480.45
756.38
756.38
641.19
641.19
2410.83
2410.83
350.31
350.31
4203.96
4203.96
4735.02
4735.02
6956.60
6956.60
6956.60
6956.60
2613.84
2613.84
4670.18
4670.18
7791.74
7791.74
7791.74
7791.74
7791.74
7791.74
2216.01
2216.01
240.88
240.88
36.13
36.13
4580.97
4580.97
2055.87
2055.87
3658.41
3658.41
10.00
10.00
8333.77
8333.77
5006.50
5006.50
5006.50
5006.50
4880.66
4880.66
1571.09
1571.09
3065.56
3065.56
7094.47
7094.47
569.34
569.34
470.05
470.05
4009.51
4009.51
4009.51
4009.51
4009.51
4009.51
4009.51
4009.51
4009.51
4009.51
4009.51
4009.51
4009.51
4009.51
4009.51
4009.51
4009.51
4009.51
8955.36
8955.36
399.45
399.45
8871.87
8871.87
773.13
773.13
836.19
836.19
410.94
410.94
615.24
615.24
4216.43
4216.43
4216.43
4216.43
4216.43
4216.43
1724.42
1724.42
8740.27
8740.27
341.67
341.67
788.94
788.94
2936.90
2936.90
257.26
257.26
10.00
10.00
2105.53
2105.53
2124.38
2124.38
6441.63
6441.63
8246.75
8246.75
475.63
475.63
102.80
102.80
1662.67
1662.67
8440.67
8440.67
240.10
240.10
300.43
300.43
212.97
212.97
1379.35
1379.35
2027.92
2027.92
3996.92
3996.92
484.57
484.57
1369.70
1369.70
7394.28
7394.28
4475.41
4475.41
1218.28
1218.28
10.00
10.00
6742.02
6742.02
4898.91
4898.91
1466.14
1466.14
3532.40
3532.40
3532.40
3532.40
46.26
46.26
2469.58
2469.58
2469.58
2469.58
2894.61
2894.61
2894.61
2894.61
2894.61
2894.61
3293.49
3293.49
3320.41
3320.41
3320.41
3320.41
7643.53
7643.53
8583.75
8583.75
8518.35
8518.35
6563.90
6563.90
8371.82
8371.82
7979.80
7979.80
8940.78
8940.78
8940.78
8940.78
8728.22
8728.22
8728.22
8728.22
8660.33
8660.33
9203.18
9203.18
9203.18
9203.18
9203.18
9203.18
9203.18
9203.18
8774.32
8774.32
7965.62
7965.62
8806.49
8806.49
8158.42
8158.42
1699.26
1699.26
1290.99
1290.99
293.65
293.65
9817.32
9817.32
5273.70
5273.70
3593.64
3593.64
4171.18
4171.18
4699.67
4699.67
4699.67
4699.67
9156.61
9156.61
9816.70
9816.70
9816.70
9816.70
9816.70
9816.70
9816.70
9816.70
9816.70
9816.70
800.46
800.46
924.41
924.41
542.60
542.60
9966.65
9966.65
10434.28
10434.28
10111.12
10111.12
7054.95
7054.95
4944.02
4944.02
9333.82
9333.82
9333.82
9333.82
9333.82
9333.82
9333.82
9333.82
9333.82
9333.82
9333.82
9333.82
9333.82
9333.82
9333.82
9333.82
9333.82
9333.82
9333.82
9333.82
9333.82
9333.82
9333.82
9333.82
9333.82
9333.82
9333.82
9333.82
2233.26
2233.26
2206.31
2206.31
2445.63
2445.63
2802.91
2802.91
782.49
782.49
2829.92
2829.92
3209.68
3209.68
3224.63
3224.63
18.31
18.31
3255.57
3255.57
3283.97
3283.97
4266.21
4266.21
4861.94
4861.94
10.00
10.00
1450.69
1450.69
1450.69
1450.69
1966.43
1966.43
469.68
469.68
2148.39
2148.39
2148.39
2148.39
2398.12
2398.12
2398.12
2398.12
2398.12
2398.12
2398.12
2398.12
2398.12
2398.12
2398.12
2398.12
2398.12
2398.12
424.92
424.92
409.43
409.43
438.95
438.95
438.95
209.44
1177.66
1177.66
213.55
213.55
1326.01
1326.01
508.75
508.75
192.10
192.10
625.65
625.65
1818.73
1818.73
2190.53
2190.53
522.74
522.74
498.50
498.50
2835.49
2835.49
435.84
435.84
763.98
763.98
2950.16
2950.16
2950.16
2950.16
2843.34
2843.34
2665.19
2665.19
3288.83
3288.83
3800.97
3800.97
18.70
18.70
766.87
766.87
491.16
491.16
4201.49
4201.49
247.24
247.24
622.07
622.07
257.27
257.27
827.96
827.96
468.42
468.42
148.03
148.03
3107.20
3107.20
267.22
267.22
2944.33
2944.33
1650.30
1650.30
54.59
54.59
4634.61
4634.61
1972.26
1972.26
2622.31
2622.31
1752.96
1752.96
316.22
316.22
805.95
805.95
2874.16
2874.16
1329.35
1329.35
10.00
10.00
5811.64
5811.64
4631.00
4631.00
3471.33
3471.33
3471.33
4685.05
4685.05
496.89
496.89
3255.91
3255.91
3102.78
3102.78
3182.60
3182.60
3557.62
3557.62
5873.09
5873.09
356.03
356.03
1126.07
1126.07
75.15
75.15
5579.73
5579.73
6399.14
6399.14
6877.56
6877.56
322.03
322.03
3471.36
3471.36
5276.48
5276.48
1005.94
1005.94
1803.06
1803.06
153.78
153.78
428.21
428.21
601.47
601.47
3864.40
3864.40
480.89
480.89
3977.39
3977.39
7132.78
7132.78
1309.54
1309.54
7636.47
7636.47
10.00
10.00
1568.66
1568.66
486.62
486.62
2640.69
2640.69
92.26
92.26
1515.09
1515.09
1547.83
1547.83
1162.09
1162.09
5890.03
5890.03
26.96
26.96
5197.00
5197.00
169.14
169.14
7449.83
7449.83
337.67
337.67
8609.94
8609.94
27.47
27.47
3093.64
3093.64
4186.18
4186.18
803.65
803.65
8159.89
8159.89
658.32
658.32
4110.63
4110.63
627.28
627.28
3780.08
3780.08
10.00
10.00
126.98
126.98
6506.30
6506.30
1505.41
1505.41
2250.49
2250.49
1802.12
1802.12
3483.40
3483.40
487.06
487.06
2048.13
2048.13
32.56
32.56
152.52
152.52
390.16
390.16
10.00
10.00
4295.48
4295.48
4999.39
4999.39
3472.08
3472.08
1643.00
1643.00
9067.93
9067.93
8371.96
8371.96
8371.96
8371.96
8371.96
8371.96
3663.25
3663.25
4211.12
4211.12
4118.22
4118.22
27.43
27.43
3333.44
3333.44
492.65
492.65
1166.13
1166.13
474.92
474.92
1103.63
1103.63
2127.64
2127.64
3299.45
3299.45
5909.95
5909.95
3144.68
3144.68
4611.57
4611.57
5643.37
5643.37
6397.45
6397.45
27.23
27.23
6480.38
6480.38
5417.83
5417.83
6989.76
6989.76
6736.51
6736.51
6905.51
6905.51
4341.81
4341.81
7601.65
7601.65
6698.54
6698.54
6060.34
6060.34
7680.13
7680.13
10.00
10.00
3533.86
3533.86
3533.86
3533.86
6803.23
6803.23
6803.23
6803.23
6803.23
6803.23
6803.23
6803.23
6803.23
6803.23
635.75
635.75
2216.25
2216.25
3474.49
3474.49
2642.23
2642.23
2642.23
2642.23
3708.65
3708.65
3708.65
3708.65
3591.74
3591.74
3946.11
3946.11
710.48
710.48
60.51
60.51
10.00
10.00
331.89
331.89
5005.79
5005.79
5015.67
5015.67
5230.37
5230.37
5125.76
5125.76
5125.76
5125.76
5125.76
5125.76
5125.76
5125.76
5125.76
5125.76
5125.76
5125.76
5125.76
5125.76
5125.76
5125.76
5125.76
5125.76
5125.76
5125.76
5125.76
5125.76
5125.76
5125.76
5125.76
5125.76
5125.76
5125.76
5125.76
5125.76
5125.76
5125.76
5125.76
5125.76
5125.76
5125.76
5125.76
5125.76
5125.76
5125.76
5125.76
5125.76
5125.76
5125.76
5125.76
5125.76
5125.76
5125.76
5125.76
5125.76
5125.76
5125.76
5125.76
5125.76
5125.76
5125.76
167.63
167.63
4372.45
4372.45
1318.59
1318.59
6137.92
6137.92
6119.68
6119.68
6119.68
6119.68
6119.68
6119.68
139.47
139.47
7251.80
7251.80
7251.80
7251.80
7251.80
7251.80
7251.80
7251.80
4323.87
4323.87
6700.92
6700.92
573.67
573.67
703.17
703.17
6994.53
6994.53
2545.42
2545.42
3823.42
3823.42
7796.30
7796.30
8277.18
8277.18
209.11
209.11
487.33
487.33
1343.53
1343.53
7545.96
7545.96
340.51
340.51
233.59
233.59
3354.37
3354.37
1041.16
1041.16
4177.70
4177.70
795.93
795.93
447.01
447.01
10.00
10.00
5703.70
5703.70
5703.70
5703.70
2983.32
2983.32
8246.82
8246.82
624.39
624.39
843.47
843.47
10.00
10.00
4409.11
4409.11
1544.99
1544.99
2786.28
2786.28
1712.82
1712.82
10.00
10.00
530.94
530.94
3740.05
3740.05
2934.76
2934.76
485.04
485.04
4030.12
4030.12
3562.02
3562.02
4982.30
4982.30
291.52
291.52
468.47
468.47
743.77
743.77
3455.47
3455.47
2123.17
2123.17
6090.38
6090.38
5989.23
5989.23
1803.70
1803.70
6495.15
6495.15
1613.68
1613.68
5904.69
5904.69
1587.89
1587.89
293.66
293.66
1272.81
1272.81
27.41
27.41
284.80
284.80
4960.03
4960.03
2667.92
2667.92
6242.03
6242.03
6242.03
6242.03
6242.03
6242.03
6182.76
6182.76
2428.90
2428.90
10.00
10.00
45.68
45.68
2254.16
2254.16
3407.79
3407.79
6927.21
6927.21
1598.46
1598.46
3006.59
3006.59
2685.54
2685.54
5783.37
5783.37
229.69
229.69
469.69
469.69
3156.47
3156.47
7088.43
7088.43
4881.33
4881.33
3643.19
3643.19
1781.32
1781.32
2907.39
2907.39
92.40
92.40
10.00
10.00
483.69
483.69
6882.64
6882.64
472.23
472.23
118.78
118.78
212.03
212.03
1346.33
1346.33
34.24
34.24
1228.59
1228.59
1348.02
1348.02
3717.30
3717.30
1362.14
1362.14
3323.25
3323.25
4356.68
4356.68
7151.12
7151.12
5326.76
5326.76
7131.37
7131.37
6718.35
6718.35
4336.21
4336.21
7167.71
7167.71
7417.88
7417.88
7417.88
7417.88
6786.89
6786.89
98.05
98.05
9069.51
9069.51
54.63
54.63
10.00
10.00
185.07
185.07
3914.59
3914.59
57.04
57.04
985.93
985.93
41.93
41.93
486.15
486.15
3980.72
3980.72
3980.72
3980.72
9780.23
9780.23
9710.47
9710.47
72.12
72.12
10287.73
10287.73
10397.46
10397.46
8576.08
8576.08
8576.08
8576.08
8576.08
8576.08
8576.08
8576.08
305.69
305.69
1653.36
1653.36
1675.15
1675.15
1713.57
1713.57
2808.08
2808.08
3602.63
3602.63
3902.94
3902.94
3902.94
3902.94
3902.94
3902.94
4515.85
4515.85
1019.09
1019.09
10039.09
10039.09
2316.67
2316.67
9727.60
9727.60
9727.60
9727.60
6717.60
6717.60
6717.60
6717.60
6717.60
6717.60
6717.60
6717.60
6717.60
6717.60
10202.89
10202.89
684.07
684.07
1023.46
1023.46
1151.92
1151.92
3598.43
3598.43
7398.12
7398.12
1434.30
1434.30
9528.57
9528.57
9109.19
9109.19
6358.16
6358.16
9860.23
9860.23
7406.38
7406.38
1992.66
1992.66
2535.67
2535.67
9305.84
9305.84
10054.21
10054.21
10054.21
10054.21
8748.54
8748.54
6691.86
6691.86
9999.21
9999.21
3122.23
3122.23
496.68
496.68
5400.59
5400.59
5400.59
5400.59
5400.59
5400.59
5400.59
5400.59
10.00
10.00
8388.15
8388.15
9814.43
9814.43
8248.46
8248.46
10370.59
10370.59
10370.59
10370.59
10370.59
10370.59
10384.63
10384.63
8473.13
8473.13
8473.13
8473.13
8473.13
8473.13
5401.92
5401.92
10.00
10.00
485.84
485.84
10342.84
10342.84
1026.38
1026.38
10322.62
10322.62
5756.88
5756.88
155.44
155.44
796.64
796.64
2430.59
2430.59
8631.47
8631.47
6219.82
6219.82
10458.91
10458.91
7606.22
7606.22
10330.69
10330.69
6972.09
6972.09
1764.18
1764.18
2806.34
2806.34
6697.90
6697.90
6697.90
6697.90
6697.90
6697.90
6697.90
6697.90
10488.48
10488.48
10683.97
10683.97
1256.42
1256.42
9474.01
9474.01
11235.84
11235.84
6804.55
6804.55
6804.55
6804.55
1726.84
1726.84
5189.84
5189.84
4124.62
4124.62
305.69
305.69
488.63
488.63
4799.82
4799.82
4848.36
4848.36
4848.36
4848.36
4848.36
4848.36
4848.36
4848.36
4848.36
4848.36
4298.05
4298.05
4050.10
4050.10
2871.72
2871.72
1483.62
1483.62
6949.08
6949.08
6906.44
6906.44
473.82
473.82
7040.81
7040.81
1704.26
1704.26
792.80
792.80
3686.27
3686.27
3686.27
3686.27
1236.15
1236.15
2972.00
2972.00
2972.00
2972.00
2972.00
2972.00
3285.02
3285.02
1904.16
1904.16
1986.55
1986.55
2123.86
2123.86
2269.36
2269.36
2267.69
2267.69
2246.18
2246.18
2566.77
2566.77
2501.86
2501.86
3046.73
3046.73
3552.43
3552.43
4063.04
4063.04
264.96
264.96
4366.60
4366.60
13.97
13.97
4460.98
4460.98
4865.04
4865.04
4974.27
4974.27
5514.40
5514.40
5542.79
5542.79
5451.92
5451.92
91.37
91.37
2556.38
2556.38
2847.21
2847.21
3275.81
3275.81
1559.67
1559.67
1747.54
1747.54
177.58
177.58
312.61
312.61
403.65
403.65
4641.02
4641.02
6575.68
6575.68
6575.68
6575.68
6575.68
6575.68
6575.68
6575.68
3909.39
3909.39
3909.39
3909.39
6569.87
6569.87
6569.87
6569.87
1371.38
1371.38
1745.75
1745.75
495.10
495.10
1651.21
1651.21
3716.87
3716.87
7323.21
7323.21
7323.21
7323.21
7323.21
7323.21
7323.21
7323.21
7323.21
7323.21
7323.21
7323.21
7323.21
7323.21
7323.21
7323.21
1663.60
1663.60
346.45
346.45
1719.06
1719.06
1844.41
1844.41
976.03
976.03
2367.82
2367.82
2658.52
2658.52
2709.28
2709.28
2786.34
2786.34
2864.79
2864.79
3391.13
3391.13
3448.28
3448.28
3559.52
3559.52
3559.52
3559.52
3559.52
3559.52
535.75
535.75
3620.20
3620.20
3672.21
3672.21
979.55
979.55
4117.41
4117.41
5048.23
5048.23
5576.31
5576.31
2663.90
2663.90
6006.16
6006.16
6108.20
6108.20
1785.17
1785.17
3174.00
3174.00
6596.30
6596.30
4161.24
4161.24
4161.24
4161.24
4161.24
4161.24
4161.24
4161.24
4161.24
4161.24
6664.49
6664.49
7633.43
7633.43
8655.66
8655.66
5561.98
5561.98
5177.52
5177.52
5177.52
5177.52
2983.73
2983.73
1177.34
1177.34
6333.03
6333.03
108.02
108.02
1570.25
1570.25
10.00
10.00
3604.62
3604.62
344.14
344.14
149.50
149.50
149.50
456.92
456.92
55.00
55.00
75.30
75.30
169.40
169.40
833.72
833.72
766.41
766.41
1592.79
1592.79
1163.58
1163.58
1588.72
1588.72
4534.00
4534.00
457.85
457.85
4494.54
4494.54
4328.40
4328.40
51.70
51.70
538.47
538.47
10.00
10.00
73.36
73.36
3287.32
3287.32
4972.25
4972.25
439.67
439.67
1682.47
1682.47
2727.98
2727.98
2998.04
2998.04
1407.63
1407.63
671.10
671.10
174.67
174.67
570.58
570.58
391.66
391.66
3205.86
3205.86
5453.93
5453.93
5715.17
5715.17
6034.64
6034.64
6230.76
6230.76
6070.74
6070.74
6070.74
6070.74
3916.76
3916.76
3916.76
3916.76
1612.47
1612.47
1727.12
1727.12
1226.24
1226.24
1437.45
1437.45
1621.36
1621.36
1874.16
1874.16
1958.66
1958.66
1493.71
1493.71
1939.38
1939.38
809.74
809.74
1939.14
1939.14
1924.64
1924.64
1924.64
1924.64
1953.82
1953.82
406.81
406.81
2330.65
2330.65
1332.33
1332.33
602.28
602.28
224.81
224.81
3049.30
3049.30
1278.72
1278.72
1533.18
1533.18
525.31
525.31
913.88
913.88
3385.18
3385.18
3744.13
3744.13
2435.12
2435.12
1742.22
1742.22
4765.01
4765.01
397.36
397.36
46.92
46.92
1813.61
1813.61
3022.66
3022.66
5252.00
5252.00
197.14
197.14
3904.01
3904.01
5479.05
5479.05
3586.65
3586.65
525.36
525.36
3470.65
3470.65
183.23
183.23
1517.18
1517.18
3120.05
3120.05
63.73
63.73
35.03
35.03
461.94
461.94
18.54
18.54
4220.19
4220.19
4635.21
4635.21
1115.68
1115.68
10.00
10.00
431.40
431.40
1972.02
1972.02
266.23
266.23
2084.55
2084.55
2084.55
2084.55
1880.07
1880.07
1880.07
1880.07
1880.07
1880.07
2070.83
2070.83
1683.02
1683.02
2266.66
2266.66
2228.83
2228.83
2228.83
2228.83
419.09
419.09
819.08
819.08
2248.57
2248.57
2458.61
2458.61
2707.40
2707.40
2916.62
2916.62
1168.56
1168.56
2591.52
2591.52
2401.97
2401.97
2401.97
2401.97
468.43
468.43
219.10
219.10
3482.95
3482.95
36.16
36.16
1455.38
1455.38
1048.55
1048.55
707.90
707.90
1362.12
1362.12
2615.81
2615.81
478.19
478.19
2036.93
2036.93
93.33
93.33
514.92
514.92
3881.75
3881.75
3449.59
3449.59
1687.71
1687.71
464.36
464.36
2320.17
2320.17
1672.68
1672.68
3080.94
3080.94
316.61
316.61
26.97
26.97
1036.63
1036.63
2811.60
2811.60
2555.85
2555.85
1101.40
1101.40
1754.45
1754.45
1330.63
1330.63
1293.09
1293.09
4454.65
4454.65
1611.15
1611.15
1999.11
1999.11
2202.47
2202.47
2202.47
2202.47
4490.60
4490.60
4535.27
4535.27
4333.45
4333.45
2619.52
2619.52
4981.66
4981.66
4734.75
4734.75
4869.84
4869.84
4960.06
4960.06
4928.20
4928.20
4928.20
4928.20
5051.34
5051.34
5051.34
5051.34
5051.34
5051.34
5051.34
5051.34
5051.34
5051.34
5518.64
5518.64
5980.93
5980.93
5589.26
5589.26
5795.11
5795.11
5795.11
5795.11
5795.11
5795.11
5795.11
5795.11
6158.89
6158.89
2625.85
2625.85
7280.55
7280.55
7519.11
7519.11
1941.79
1941.79
3198.07
3198.07
322.78
322.78
8886.87
8886.87
8190.69
8190.69
8190.69
8190.69
8190.69
8190.69
8190.69
8190.69
8190.69
8190.69
8190.69
8190.69
9141.57
9141.57
9141.57
9141.57
9141.57
9141.57
9141.57
9141.57
9141.57
9141.57
9141.57
9141.57
2247.27
2247.27
2809.29
2809.29
2859.77
2859.77
147.62
147.62
2473.31
2473.31
2832.59
2832.59
2976.14
2976.14
3350.55
3350.55
3272.51
3272.51
4019.57
4019.57
4441.30
4441.30
5507.46
5507.46
5484.98
5484.98
6309.19
6309.19
308.95
308.95
6353.69
6353.69
826.62
826.62
481.43
481.43
1266.71
1266.71
2807.45
2807.45
55.48
55.48
7113.03
7113.03
6965.05
6965.05
7541.94
7541.94
1909.95
1909.95
7401.43
7401.43
7121.97
7121.97
1280.85
1280.85
3696.41
3696.41
26.77
26.77
913.85
913.85
183.13
183.13
2460.56
2460.56
1394.09
1394.09
63.71
63.71
1426.55
1426.55
1712.48
1712.48
2727.44
2727.44
1096.29
1096.29
28.01
28.01
1150.43
1150.43
3065.17
3065.17
6571.68
6571.68
6487.63
6487.63
10.00
10.00
4353.49
4353.49
738.18
738.18
3477.11
3477.11
6546.82
6546.82
1999.17
1999.17
153.97
153.97
103.19
103.19
684.09
684.09
171.03
171.03
18.60
18.60
3845.93
3845.93
10.00
10.00
1643.51
1643.51
485.60
485.60
237.03
237.03
529.50
529.50
4377.67
4377.67
447.32
447.32
527.98
527.98
2021.57
2021.57
1002.86
1002.86
7264.77
7264.77
7698.00
7698.00
36.80
36.80
7497.60
7497.60
7505.41
7505.41
2924.83
2924.83
497.86
497.86
27.45
27.45
4449.58
4449.58
10.00
10.00
3909.23
3909.23
76.55
76.55
226.78
226.78
84.35
84.35
36.68
36.68
553.33
553.33
6971.83
6971.83
1860.32
1860.32
2881.30
2881.30
1678.61
1678.61
5496.58
5496.58
80.62
80.62
237.56
237.56
137.38
137.38
1066.94
1066.94
18.58
18.58
1145.62
1145.62
199.55
199.55
6405.28
6405.28
2540.75
2540.75
1223.77
1223.77
3076.46
3076.46
120.37
120.37
3538.47
3538.47
8172.01
8172.01
7813.86
7813.86
8608.57
8608.57
8608.57
8608.57
8608.57
8608.57
8608.57
8608.57
8873.41
8873.41
253.96
253.96
37.08
37.08
3166.84
3166.84
3583.76
3583.76
3583.76
3583.76
3930.21
3930.21
10.00
10.00
6959.53
6959.53
6959.53
6959.53
243.04
243.04
3490.84
3490.84
37.66
37.66
4981.63
4981.63
62.94
62.94
3301.56
3301.56
4360.72
4360.72
10.00
10.00
1837.55
1837.55
155.57
155.57
16.92
16.92
7471.19
7471.19
2205.18
2205.18
3825.28
3825.28
3825.28
3825.28
2413.28
2413.28
8448.87
8448.87
7639.29
7639.29
2019.04
2019.04
2320.19
2320.19
8930.02
8930.02
8258.09
8258.09
8205.89
8205.89
8403.89
8403.89
2355.75
2355.75
6010.75
6010.75
1482.94
1482.94
997.60
997.60
617.95
617.95
4050.31
4050.31
1100.27
1100.27
6632.14
6632.14
6632.14
6632.14
9171.83
9171.83
9200.11
9200.11
9333.02
9333.02
90.28
90.28
3899.39
3899.39
498.23
498.23
1715.22
1715.22
3018.43
3018.43
3018.43
3018.43
3018.43
3018.43
3295.95
3295.95
3295.95
3295.95
3295.95
3295.95
3295.95
3295.95
1489.54
1489.54
2552.14
2552.14
2552.14
2552.14
443.42
443.42
2845.11
2845.11
2623.43
2623.43
2832.40
2832.40
2827.24
2827.24
3428.91
3428.91
3276.61
3276.61
3293.09
3293.09
2291.53
2291.53
3398.72
3398.72
3302.12
3302.12
3407.08
3407.08
3543.40
3543.40
3878.05
3878.05
3947.49
3947.49
3947.49
3947.49
3160.51
3160.51
10.00
10.00
1537.86
1537.86
3860.07
3860.07
4018.95
4018.95
561.96
561.96
4857.84
4857.84
3241.56
3241.56
1211.90
1211.90
4649.19
4649.19
817.83
817.83
2757.99
2757.99
2757.99
2757.99
2950.27
2950.27
2950.27
2950.27
442.43
442.43
442.43
442.43
465.37
465.37
1828.66
1828.66
2603.34
2603.34
5552.64
5552.64
1986.97
1986.97
2692.72
2692.72
2739.75
2739.75
2739.75
2739.75
4386.52
4386.52
4386.52
4386.52
5765.58
5765.58
6209.48
6209.48
6209.48
6209.48
6209.48
6209.48
6209.48
6209.48
6209.48
6209.48
6808.90
6808.90
4087.16
4087.16
1597.38
1597.38
2206.54
2206.54
4912.39
4912.39
6941.47
6941.47
6941.47
6941.47
6941.47
7364.86
7381.52
7381.52
5212.06
5212.06
5212.06
5212.06
10.00
10.00
200.41
200.41
8125.59
8125.59
8474.25
8474.25
9346.91
9346.91
8984.93
8984.93
8984.93
8984.93
1824.17
1824.17
3849.93
3849.93
3849.93
3849.93
133.11
133.11
5008.67
5008.67
9586.17
9586.17
9456.26
9456.26
7559.12
7559.12
9700.38
9700.38
6236.30
6236.30
10.00
10.00
2700.13
2700.13
2700.13
2700.13
1278.58
1278.58
2149.44
2149.44
2149.44
2149.44
4445.92
4445.92
738.46
738.46
1963.12
1963.12
2767.76
2767.76
1767.86
1767.86
201.03
201.03
18.14
18.14
4172.75
4172.75
1782.40
1782.40
5528.71
5528.71
5683.35
5683.35
4474.19
4474.19
1761.39
1761.39
209.83
209.83
7251.84
7251.84
7286.23
7286.23
6682.99
6682.99
6682.99
6682.99
1976.41
1976.41
2471.00
2471.00
2969.37
2969.37
1529.18
1529.18
8079.95
8079.95
1836.88
1836.88
209.94
209.94
45.48
45.48
1385.67
1385.67
8894.34
8894.34
8894.34
8894.34
342.47
342.47
5910.88
5910.88
8471.02
8471.02
3806.09
3806.09
8546.77
8546.77
485.44
485.44
8246.82
8246.82
130.23
130.23
5081.61
5081.61
44.44
44.44
4227.19
4227.19
134.84
134.84
2189.05
2189.05
1841.37
1841.37
230.12
230.12
3137.91
3137.91
1170.14
1170.14
7066.66
7066.66
2966.29
2966.29
1550.88
1550.88
97.40
97.40
3033.22
3033.22
2549.87
2549.87
802.86
802.86
950.81
950.81
1718.28
1718.28
4008.78
4008.78
63.76
63.76
10.00
10.00
461.52
461.52
1391.63
1391.63
1762.07
1762.07
6117.58
6117.58
7185.17
7185.17
478.51
478.51
478.51
4608.20
4608.20
3561.57
3561.57
3281.19
3281.19
2047.38
2047.38
2466.84
2466.84
7953.77
7953.77
3385.77
3385.77
2760.36
2760.36
2120.05
2120.05
8394.35
8394.35
3853.36
3853.36
3853.36
3853.36
545.07
545.07
4199.33
4199.33
5393.41
5393.41
7687.67
7687.67
8531.25
8531.25
5458.21
5458.21
1850.00
1850.00
5484.14
5484.14
1372.64
1372.64
4929.14
4929.14
10.00
10.00
5682.61
5682.61
5682.61
5682.61
9024.75
9024.75
2975.60
2975.60
2957.78
2957.78
513.75
513.75
208.58
208.58
536.29
536.29
1973.22
1973.22
3912.58
3912.58
2404.74
2404.74
3675.95
3675.95
674.79
674.79
2116.45
2116.45
7740.99
7740.99
7740.99
7740.99
7460.07
7460.07
3742.39
3742.39
1002.60
1002.60
3368.13
3368.13
1972.52
1972.52
6859.90
6859.90
18.43
18.43
10.00
10.00
1104.23
1104.23
302.61
302.61
1330.73
1330.73
6906.84
6906.84
4891.45
4891.45
1566.26
1566.26
1475.56
1475.56
1727.70
1727.70
1955.03
1955.03
4079.64
4079.64
3836.77
3836.77
6103.94
6103.94
3592.50
3592.50
734.44
734.44
7791.84
7791.84
3129.20
3129.20
4983.92
4983.92
1672.35
1672.35
3344.07
3344.07
1324.94
1324.94
771.39
771.39
5495.90
5495.90
10.00
10.00
54.29
54.29
2306.98
2306.98
6235.09
6235.09
4336.77
4336.77
1637.70
1637.70
3790.23
3790.23
468.09
468.09
6422.74
6422.74
2398.22
2398.22
502.46
502.46
2872.57
2872.57
10.00
10.00
6187.48
6187.48
4451.21
4451.21
2720.27
2720.27
2368.73
2368.73
63.13
63.13
7512.09
7512.09
3087.79
3087.79
319.21
319.21
197.15
197.15
1261.63
1261.63
374.87
374.87
3308.32
3308.32
5187.69
5187.69
504.28
504.28
356.46
356.46
3895.30
3895.30
195.36
195.36
26.93
26.93
881.88
881.88
547.01
547.01
145.54
145.54
3650.93
3650.93
3650.93
3650.93
3650.93
3650.93
3650.93
3650.93
701.70
701.70
355.01
355.01
1188.34
1188.34
2171.67
2171.67
3278.21
3278.21
485.24
485.24
5329.56
5329.56
5134.64
5134.64
52.64
52.64
2123.38
2123.38
1280.04
1280.04
1128.10
1128.10
654.00
654.00
3039.89
3039.89
505.10
505.10
142.75
142.75
839.85
839.85
4215.35
4215.35
5641.23
5641.23
6022.18
6022.18
37.01
37.01
2154.51
2154.51
3742.86
3742.86
575.39
575.39
457.65
457.65
870.48
870.48
4933.45
4933.45
104.00
104.00
3078.45
3078.45
6338.48
6338.48
6133.57
6133.57
4855.83
4855.83
486.00
486.00
3227.03
3227.03
2319.27
2319.27
671.52
671.52
502.58
502.58
88.88
88.88
420.44
420.44
192.78
192.78
382.74
382.74
10.00
10.00
1754.64
1754.64
474.40
474.40
6209.52
6209.52
6033.64
6033.64
7243.02
7243.02
3397.49
3397.49
7456.18
7456.18
1126.72
1126.72
490.73
490.73
7777.49
7777.49
7777.49
7777.49
8899.62
8899.62
8899.62
8899.62
8899.62
8899.62
9992.05
9992.05
9796.22
9796.22
10.00
10.00
9876.88
9876.88
10185.12
10185.12
11718.88
11718.88
203.56
203.56
12055.61
12055.61
12810.69
12810.69
13358.74
13358.74
12933.36
12933.36
12933.36
12933.36
12933.36
12933.36
3364.15
3364.15
7193.72
7193.72
4527.00
4527.00
397.28
397.28
7659.53
7659.53
7659.53
7659.53
7659.53
7659.53
7659.53
7659.53
12365.43
12365.43
9652.67
9652.67
486.35
486.35
447.94
447.94
1395.19
1395.19
12052.51
12052.51
1014.25
1014.25
5334.66
5334.66
5334.66
5334.66
5421.19
5421.19
5748.66
5748.66
12744.91
12744.91
3809.38
3809.38
4620.59
4620.59
2035.75
2035.75
2719.52
2719.52
2719.52
2719.52
605.75
605.75
1900.43
1900.43
2372.19
2372.19
2372.19
2372.19
2372.19
2372.19
2372.19
2372.19
1742.93
1742.93
1742.68
1742.68
1768.40
1768.40
1988.23
1988.23
1848.89
1848.89
1682.60
1682.60
2245.64
2245.64
2157.21
2157.21
2157.21
2157.21
2071.27
2071.27
2549.27
2549.27
2634.76
2634.76
2605.92
2605.92
2768.42
2768.42
2840.69
2840.69
3426.44
3426.44
3062.82
3062.82
1076.53
1076.53
3907.43
3907.43
4113.53
4113.53
4046.68
4046.68
3663.43
3663.43
10.00
10.00
3128.14
3128.14
3128.14
3128.14
4131.25
4131.25
126.63
126.63
4667.53
4667.53
1313.12
1313.12
1971.33
1971.33
4767.90
4767.90
4834.12
4834.12
4834.12
4834.12
331.42
331.42
1904.74
1904.74
2011.19
2011.19
2235.01
2235.01
2297.96
2297.96
2297.96
2297.96
3152.55
3152.55
105.52
105.52
910.81
910.81
645.04
645.04
3109.80
3109.80
1300.08
1300.08
1360.36
1360.36
3418.57
3418.57
3469.73
3469.73
2246.85
2246.85
2246.85
2246.85
2246.85
2246.85
1280.47
1280.47
1280.47
1280.47
1412.36
1412.36
304.38
304.38
370.65
370.65
189.63
189.63
461.12
461.12
2201.30
2201.30
18.38
18.38
4829.16
4829.16
354.91
354.91
4498.48
4498.48
164.57
164.57
5165.08
5165.08
5429.13
5429.13
2525.82
2525.82
3961.64
3961.64
2399.12
2399.12
6578.97
6578.97
207.20
207.20
433.56
433.56
1913.90
1913.90
935.70
935.70
3158.67
3158.67
3158.67
3158.67
1825.19
1825.19
6314.75
6314.75
1240.14
1240.14
1262.13
1262.13
1587.80
1587.80
1411.21
1411.21
472.95
472.95
7414.98
7414.98
143.41
143.41
4971.97
4971.97
615.67
615.67
2010.72
2010.72
1057.34
1057.34
4287.78
4287.78
4287.78
4287.78
8555.73
8555.73
64.64
64.64
10.00
10.00
479.56
479.56
523.04
523.04
771.72
771.72
52.81
52.81
7081.21
7081.21
7568.33
7568.33
1648.09
1648.09
478.05
478.05
2554.30
2554.30
6542.55
6542.55
3553.38
3553.38
7335.23
7335.23
5261.14
5261.14
1046.58
1046.58
5210.91
5210.91
276.97
276.97
3768.53
3768.53
999.78
999.78
2607.09
2607.09
2881.28
2881.28
8880.80
8880.80
2461.48
2461.48
89.36
89.36
8771.73
8771.73
6270.31
6270.31
8926.52
8926.52
8926.52
8926.52
8926.52
8926.52
316.19
316.19
4487.46
4487.46
229.07
229.07
9032.15
9032.15
8663.39
8663.39
9482.58
9482.58
8492.63
8492.63
4005.28
4005.28
5794.28
5794.28
7556.18
7556.18
6122.32
6122.32
9607.87
9607.87
1680.67
1680.67
9597.24
9597.24
5862.36
5862.36
685.03
685.03
3899.79
3899.79
4571.38
4571.38
7012.19
7012.19
2457.85
2457.85
9337.03
9337.03
35.69
35.69
4206.87
4206.87
5878.54
5878.54
5878.54
5878.54
3795.18
3795.18
3837.38
3837.38
4954.91
4954.91
5074.09
5074.09
5252.52
5252.52
4467.41
4467.41
5866.64
5866.64
5888.32
5888.32
5549.55
5549.55
5777.24
5777.24
5492.50
5492.50
5711.00
5711.00
3573.54
3573.54
3033.31
3033.31
8047.03
8047.03
8132.11
8132.11
2803.49
2803.49
421.46
421.46
8720.81
8720.81
9672.08
9672.08
6264.02
6264.02
2477.08
2477.08
981.07
981.07
2765.88
2765.88
1594.37
1594.37
6570.94
6570.94
6812.81
6812.81
3356.22
3356.22
9736.47
9736.47
10.00
10.00
2112.48
2112.48
10443.64
10443.64
9507.46
9507.46
1388.62
1388.62
10210.47
10210.47
5215.37
5215.37
6463.07
6463.07
10.00
10.00
8990.59
8990.59
10811.52
10811.52
572.86
572.86
135.97
135.97
9591.90
9591.90
265.38
265.38
10549.30
10549.30
9299.85
9299.85
116.70
116.70
11345.75
11345.75
3255.21
3255.21
2379.89
2379.89
2142.77
2142.77
249.01
249.01
4494.49
4494.49
4529.62
4529.62
1930.04
1930.04
3174.97
3174.97
6837.84
6837.84
3726.66
3726.66
6477.92
6477.92
6298.88
6298.88
6298.88
6298.88
616.53
616.53
716.51
716.51
330.93
330.93
1311.14
1311.14
6087.36
6087.36
1529.27
1529.27
495.73
495.73
7651.94
7651.94
1766.94
1766.94
240.66
240.66
1258.42
1258.42
144.54
144.54
1554.41
1554.41
552.68
552.68
3613.59
3613.59
3613.59
3613.59
10.00
10.00
6638.75
6638.75
490.12
490.12
1693.86
1693.86
1770.14
1770.14
269.74
269.74
933.26
933.26
267.41
267.41
668.01
668.01
6175.29
6175.29
1739.34
1739.34
2845.47
2845.47
10.00
10.00
6626.56
6626.56
310.25
310.25
5023.63
5023.63
372.17
372.17
658.61
658.61
4872.73
4872.73
300.36
300.36
2739.29
2739.29
374.74
374.74
3742.78
3742.78
5752.16
5752.16
3840.41
3840.41
2080.24
2080.24
83.04
83.04
7158.15
7158.15
1934.12
1934.12
97.49
97.49
1564.32
1564.32
486.17
486.17
2328.44
2328.44
163.80
163.80
259.62
259.62
1624.73
1624.73
4211.79
4211.79
529.59
529.59
1468.00
1468.00
120.11
120.11
4471.72
4471.72
1528.88
1528.88
1869.72
1869.72
3938.99
3938.99
3938.99
3938.99
3938.99
3938.99
2191.50
2191.50
4451.32
4451.32
3582.82
3582.82
3582.82
3582.82
474.57
474.57
1943.53
1943.53
1943.53
1943.53
1301.66
1301.66
671.60
671.60
961.31
961.31
4432.13
4432.13
4432.13
4432.13
4245.22
4245.22
110.35
110.35
2026.20
2026.20
2026.20
2026.20
2026.20
2026.20
2026.20
2026.20
2026.20
2026.20
428.11
428.11
617.75
617.75
730.40
730.40
778.54
778.54
778.54
850.27
850.27
1002.18
1002.18
1099.91
1099.91
1251.43
1251.43
1331.32
1331.32
943.05
943.05
1580.21
1580.21
903.41
903.41
2002.74
2002.74
1937.92
1937.92
1937.92
1937.92
2337.09
2337.09
2474.41
2474.41
2420.95
2420.95
1398.47
1398.47
2846.57
2846.57
2846.57
2846.57
2846.57
2846.57
415.90
415.90
723.46
723.46
553.11
553.11
1427.25
1427.25
10.00
10.00
1064.52
1064.52
3465.38
3465.38
316.03
316.03
1373.00
1373.00
634.72
634.72
2131.55
2131.55
3639.93
3639.93
3677.56
3677.56
4411.85
4411.85
5203.58
5203.58
146.52
146.52
10.00
10.00
355.99
355.99
1106.80
1106.80
2343.65
2343.65
2343.65
2343.65
388.70
388.70
2812.52
2812.52
1300.83
1300.83
6162.13
6162.13
3589.51
3589.51
3598.76
3598.76
7072.10
7072.10
499.11
499.11
925.12
925.12
485.05
485.05
1085.08
1085.08
301.27
301.27
7490.02
7490.02
2307.63
2307.63
10.00
10.00
1782.63
1782.63
2637.26
2637.26
4722.28
4722.28
3109.47
3109.47
484.58
484.58
1354.04
1354.04
486.56
486.56
2143.09
2143.09
51.69
51.69
36.58
36.58
324.00
324.00
574.59
574.59
4801.07
4801.07
3762.34
3762.34
4784.23
4784.23
2397.57
2397.57
10.00
10.00
4902.94
4902.94
4303.68
4303.68
4088.50
4088.50
1466.23
1466.23
2920.30
2920.30
3040.24
3040.24
3594.62
3594.62
5974.47
5974.47
6374.77
6374.77
7513.90
7513.90
3743.34
3743.34
7108.64
7108.64
1488.50
1488.50
2132.46
2132.46
2618.65
2618.65
2618.65
2618.65
2618.65
2618.65
16.49
16.49
2041.39
2041.39
765.03
765.03
3825.08
3825.08
258.32
258.32
1861.81
1861.81
10.00
10.00
471.14
471.14
3790.49
3790.49
2563.58
2563.58
1477.80
1477.80
3734.40
3734.40
8370.44
8370.44
1301.47
1301.47
7310.15
7310.15
1023.99
1023.99
8114.60
8114.60
5115.08
5115.08
18.68
18.68
101.40
101.40
4003.44
4003.44
3560.14
3560.14
1014.81
1014.81
828.96
828.96
2241.09
2241.09
4256.60
4256.60
2319.59
2319.59
3547.81
3547.81
2499.41
2499.41
2003.03
2003.03
3857.00
3857.00
3967.44
3967.44
1757.62
1757.62
357.09
357.09
1764.79
1764.79
17.91
17.91
136.14
136.14
6076.36
6076.36
6076.36
6076.36
6076.36
6076.36
6076.36
6076.36
6076.36
6076.36
8907.30
8907.30
8902.99
8902.99
7859.71
7859.71
8715.60
8715.60
8715.00
8715.00
2918.92
2918.92
965.90
965.90
924.73
924.73
9515.22
9515.22
6483.42
6483.42
8808.40
8808.40
8808.40
8808.40
10168.46
10168.46
9749.68
9749.68
4081.92
4081.92
4323.37
4323.37
10143.39
10143.39
10143.39
10143.39
10753.84
10753.84
3032.71
3032.71
4830.49
4830.49
5203.85
5203.85
5203.85
5203.85
5203.85
5203.85
5433.79
5433.79
5433.79
5433.79
5433.79
5433.79
5433.79
5433.79
5433.79
5433.79
5522.46
5522.46
6421.84
6421.84
6421.84
6421.84
6924.16
6924.16
7336.56
7336.56
7705.40
7705.40
5162.45
5162.45
8263.56
8263.56
399.70
399.70
6163.37
6163.37
6163.37
6163.37
3468.61
3468.61
939.74
939.74
1022.13
1022.13
1468.43
1468.43
1613.55
1613.55
2269.52
2269.52
2269.52
2269.52
2437.64
2437.64
2672.94
2672.94
2692.87
2692.87
2692.87
2692.87
2692.87
2692.87
2692.87
2692.87
2922.40
2922.40
2922.40
2922.40
2922.40
2922.40
2922.40
2922.40
2922.40
2922.40
3337.66
3337.66
3969.52
3969.52
10.00
10.00
10.00
10.00
10.00
10.00
10.00
10.00
1178.98
749.30
1680.82
2080.82
2555.70
2555.70
2775.24
2775.24
2147.21
2147.21
819.62
819.62
3706.15
3706.15
3645.10
3645.10
3807.14
3807.14
4240.33
4240.33
4516.31
4516.31
4693.72
4693.72
4377.22
4377.22
4391.82
4391.82
4391.82
4391.82
4391.82
4391.82
4391.82
4391.82
4391.82
4391.82
4391.82
4391.82
4391.82
4391.82
4391.82
4391.82
4391.82
4391.82
4391.82
4391.82
4391.82
4391.82
4391.82
4391.82
4391.82
4391.82
4391.82
4391.82
285.09
285.09
496.22
496.22
606.61
606.61
707.62
707.62
1094.74
1094.74
805.92
805.92
959.30
959.30
1407.86
1407.86
1330.90
1330.90
1719.13
1719.13
1897.50
1897.50
1952.02
1952.02
2297.27
2297.27
2304.54
2304.54
2262.87
2262.87
283.93
283.93
1280.36
1280.36
2697.99
2697.99
2012.49
2012.49
3269.70
3269.70
168.48
168.48
1147.99
1147.99
1238.36
1238.36
1238.36
1238.36
1244.71
1244.71
1244.71
1244.71
1244.71
1244.71
3443.21
3443.21
1259.75
1259.75
294.76
294.76
4022.80
4022.80
462.53
462.53
10.00
10.00
469.81
469.81
3190.03
3190.03
18.44
18.44
2119.76
2119.76
111.46
111.46
691.40
691.40
5317.67
5317.67
6031.24
6031.24
282.62
282.62
6091.71
6091.71
10.00
10.00
2476.14
2476.14
4119.91
4119.91
2361.70
2361.70
6463.77
6463.77
351.58
351.58
6814.72
6814.72
6803.43
6803.43
6467.56
6467.56
6404.74
6404.74
1592.22
1592.22
5546.09
5546.09
1137.58
1137.58
614.28
614.28
7780.67
7780.67
6413.21
6413.21
7469.94
7469.94
7977.11
7977.11
595.01
595.01
801.30
801.30
4515.66
4515.66
4055.91
4055.91
10.00
10.00
1627.01
1627.01
1026.77
1026.77
245.96
245.96
497.81
497.81
5189.51
5189.51
1591.15
1591.15
365.83
365.83
7255.26
7255.26
8362.06
8362.06
9196.62
9196.62
3751.84
3751.84
6587.15
6587.15
6587.15
6587.15
6587.15
6587.15
6587.15
6587.15
9089.35
9089.35
5060.25
5060.25
9140.47
9140.47
8088.31
8088.31
1315.73
1315.73
2634.96
2634.96
5182.95
5182.95
9089.59
9089.59
383.28
383.28
2269.35
2269.35
6122.20
6122.20
6663.16
6663.16
9180.35
9180.35
9210.50
9210.50
5879.48
5879.48
4662.09
4662.09
325.68
325.68
6794.08
6794.08
719.37
719.37
9987.54
9987.54
9987.54
9987.54
9332.30
9332.30
1394.32
1394.32
4049.31
4049.31
2131.71
2131.71
3514.89
3514.89
4414.97
4414.97
27.79
27.79
6534.46
6534.46
6534.46
6534.46
6534.46
6534.46
9368.04
9368.04
784.98
784.98
73.97
73.97
27.91
27.91
404.34
404.34
3840.83
3840.83
4867.94
4867.94
4867.94
4867.94
4867.94
4867.94
9901.66
9901.66
2648.17
2648.17
2509.52
2509.52
10360.02
10360.02
1417.23
1417.23
5651.19
5651.19
2033.17
2033.17
9806.86
9806.86
9806.86
9806.86
9806.86
9806.86
9806.86
9806.86
10.00
10.00
2661.91
2661.91
1081.94
1081.94
165.31
165.31
1463.53
1463.53
5089.31
5089.31
7426.13
7426.13
6885.84
6885.84
151.35
151.35
5955.61
5955.61
5955.61
5955.61
267.10
267.10
6457.53
6457.53
826.02
826.02
3649.90
3649.90
986.42
986.42
540.01
540.01
4167.95
4167.95
6094.03
6094.03
493.23
493.23
3585.03
3585.03
313.61
313.61
776.38
776.38
9658.11
9658.11
405.93
405.93
847.95
847.95
3277.94
3277.94
2985.97
2985.97
4904.10
4904.10
7426.74
7426.74
486.84
486.84
10.00
10.00
5078.79
5078.79
26.93
26.93
11756.63
11756.63
11756.63
11756.63
11756.63
11756.63
8960.30
8960.30
8960.30
8960.30
8960.30
8960.30
7925.67
7925.67
7925.67
7925.67
7925.67
7925.67
500.16
500.16
10.00
10.00
487.61
487.61
1583.75
1583.75
4141.83
4141.83
4612.89
4612.89
4612.89
4612.89
4612.89
4612.89
4612.89
4612.89
4612.89
4612.89
4612.89
4612.89
4612.89
4612.89
10.00
10.00
979.14
979.14
1485.66
1485.66
1770.43
1770.43
1028.36
1028.36
91.52
91.52
420.46
420.46
152.22
152.22
3177.49
3177.49
3320.72
3320.72
2740.53
2740.53
3914.49
3914.49
818.90
818.90
132.02
132.02
454.70
454.70
36.08
36.08
554.51
554.51
776.17
776.17
4784.82
4784.82
129.27
129.27
3502.44
3502.44
4953.66
4953.66
787.83
787.83
1603.29
1603.29
63.17
63.17
3151.51
3151.51
3151.51
3151.51
3897.69
3897.69
5385.81
5385.81
10.00
10.00
4103.71
4103.71
4558.82
4558.82
6005.61
6005.61
1622.27
1622.27
4983.14
4983.14
1603.67
1603.67
10.00
10.00
1363.55
1363.55
140.36
140.36
3915.97
3915.97
699.54
699.54
10.00
10.00
138.52
138.52
10.00
10.00
307.10
307.10
423.43
423.43
2481.02
2481.02
1239.75
1239.75
4209.53
4209.53
3752.84
3752.84
4198.75
4198.75
512.23
512.23
216.35
216.35
45.89
45.89
133.94
133.94
10.00
10.00
193.69
193.69
990.03
990.03
151.76
151.76
1077.91
1077.91
137.81
137.81
4624.84
4624.84
3000.77
3000.77
5019.32
5019.32
4525.46
4525.46
327.72
327.72
1165.33
1165.33
203.21
203.21
218.93
218.93
466.64
466.64
2340.88
2340.88
5586.76
5586.76
3191.21
3191.21
1601.48
1601.48
467.39
467.39
1731.36
1731.36
2869.67
2869.67
189.85
189.85
2445.48
2445.48
475.29
475.29
136.17
136.17
483.60
483.60
172.87
172.87
1891.92
1891.92
111.81
111.81
883.89
883.89
148.58
148.58
163.88
163.88
1097.26
1097.26
1265.40
1265.40
267.02
267.02
10.00
10.00
10.00
264.02
264.02
430.76
430.76
3514.49
3514.49
2048.04
2048.04
2048.04
2048.04
2048.04
2048.04
2048.04
2048.04
3810.46
3810.46
2893.27
2893.27
141.15
141.15
1804.65
1804.65
2220.34
2220.34
1760.84
1760.84
1086.80
1086.80
3237.90
3237.90
3518.47
3518.47
449.34
449.34
3524.48
3524.48
35.16
35.16
333.19
333.19
653.67
653.67
3019.70
3019.70
1389.13
1389.13
2868.08
2868.08
657.00
657.00
355.87
355.87
53.79
53.79
1346.93
1346.93
407.76
407.76
1896.32
1896.32
2512.20
2512.20
2512.58
2512.58
2722.40
2722.40
35.57
35.57
2971.02
2971.02
2990.78
2990.78
3012.74
3012.74
637.97
637.97
3224.51
3224.51
3204.44
3204.44
3941.11
3941.11
4048.99
4048.99
4000.65
4000.65
80.30
80.30
2162.32
2162.32
3997.56
3997.56
3821.55
3821.55
3999.76
3999.76
3963.39
3963.39
3972.27
3972.27
3495.98
3495.98
4165.14
4165.14
4165.14
4165.14
4165.14
4165.14
4165.14
4165.14
4165.14
4165.14
4165.14
4165.14
4165.14
4165.14
4165.14
4165.14
4271.21
4271.21
4219.11
4219.11
4219.11
4219.11
4219.11
4219.11
4219.11
4219.11
10.00
10.00
1617.79
1617.79
2279.45
2279.45
2673.11
2673.11
4626.76
4626.76
4569.88
4569.88
4728.92
4728.92
4630.91
4630.91
4921.52
4921.52
4824.70
4824.70
5167.98
5167.98
5167.98
5167.98
5167.98
5167.98
4887.89
4887.89
5486.00
5486.00
958.21
958.21
1834.07
1834.07
4095.31
4095.31
640.20
640.20
3738.86
3738.86
3075.44
3075.44
1747.11
1747.11
2531.19
2531.19
1431.56
1431.56
3810.16
3810.16
2330.56
2330.56
4033.06
4033.06
4832.19
4832.19
4832.19
4832.19
4577.84
4577.84
1639.27
1639.27
1166.18
1166.18
2685.59
2685.59
2557.96
2557.96
3677.95
3677.95
5445.41
5445.41
4953.88
4953.88
389.97
389.97
2657.07
2657.07
3213.07
3213.07
1121.04
1121.04
4584.51
4584.51
4584.51
4584.51
4584.51
4584.51
119.91
119.91
3034.41
3034.41
6700.52
6700.52
1462.35
1462.35
1414.38
1414.38
2628.77
2628.77
486.16
486.16
3737.06
3737.06
7258.06
7258.06
7515.15
7515.15
8053.30
8053.30
45.44
45.44
7085.66
7085.66
7651.62
7651.62
7719.97
7719.97
7535.49
7535.49
7535.49
7535.49
3187.58
3187.58
7186.40
7186.40
7186.40
7186.40
5679.51
5679.51
5679.51
5679.51
7848.27
7848.27
7932.91
7932.91
8311.02
8311.02
4508.51
4508.51
8276.36
8276.36
3943.26
3943.26
7932.60
7932.60
1683.66
1683.66
1340.89
1340.89
9140.76
9140.76
490.11
490.11
8730.98
8730.98
7013.03
7013.03
3383.14
3383.14
4506.27
4506.27
2336.45
2336.45
8732.02
8732.02
4129.46
4129.46
5194.25
5194.25
5194.25
5194.25
4530.14
4530.14
958.83
958.83
3424.23
3424.23
104.36
104.36
2472.55
2472.55
2784.00
2784.00
5283.01
5283.01
296.18
296.18
2625.01
2625.01
1473.52
1473.52
1445.23
1445.23
3387.34
3387.34
3251.06
3251.06
2930.88
2930.88
477.84
477.84
150.64
150.64
4714.42
4714.42
10.00
10.00
1100.98
1100.98
6027.14
6027.14
1150.11
1150.11
1479.51
1479.51
5283.91
5283.91
4571.14
4571.14
396.08
396.08
1111.19
1111.19
2308.55
2308.55
6162.89
6162.89
2661.24
2661.24
3149.90
3149.90
6076.68
6076.68
2202.14
2202.14
1009.73
1009.73
2621.64
2621.64
1000.57
1000.57
7114.07
7114.07
737.58
737.58
2355.75
2355.75
491.71
491.71
7507.82
7507.82
109.44
109.44
411.39
411.39
2492.70
2492.70
538.93
538.93
6355.41
6355.41
833.97
833.97
26.04
26.04
5785.77
5785.77
5785.77
5785.77
5785.77
5785.77
483.68
483.68
6505.89
6505.89
1555.21
1555.21
6436.28
6436.28
7663.85
7663.85
6734.19
6734.19
6734.19
6734.19
7083.89
7083.89
8288.94
8288.94
8558.84
8558.84
81.76
81.76
10.00
10.00
5213.93
5213.93
7914.37
7914.37
1538.80
1538.80
373.27
373.27
6885.33
6885.33
7390.48
7390.48
5212.20
5212.20
2393.39
2393.39
2692.60
2692.60
2692.60
2692.60
2692.60
2692.60
1616.83
1616.83
1689.24
1689.24
2257.06
2257.06
2257.06
2257.06
2928.03
2928.03
669.54
669.54
125.64
125.64
891.82
891.82
3421.60
3421.60
917.56
917.56
1573.35
1573.35
172.89
172.89
3516.42
3516.42
1914.36
1914.36
2059.33
2059.33
3547.78
3547.78
446.95
446.95
1212.92
1212.92
3492.91
3492.91
3148.74
3148.74
2390.49
2390.49
1111.90
1111.90
5163.30
5163.30
4959.29
4959.29
1479.91
1479.91
4780.38
4780.38
20.63
20.63
1227.52
1227.52
155.49
155.49
374.01
374.01
674.98
674.98
792.97
792.97
474.34
474.34
4942.33
4942.33
591.84
591.84
13.41
13.41
6120.73
6120.73
849.65
849.65
1604.97
1604.97
409.62
409.62
214.71
214.71
789.60
789.60
163.69
163.69
2478.75
2478.75
2211.60
2211.60
1497.55
1497.55
406.15
406.15
10.00
10.00
5518.80
5518.80
1012.21
1012.21
2898.94
2898.94
183.69
183.69
6970.49
6970.49
2090.95
2090.95
496.30
496.30
1661.06
1661.06
450.11
450.11
36.76
36.76
44.99
44.99
231.31
231.31
425.27
425.27
1511.66
1511.66
355.24
355.24
434.24
434.24
1506.50
1506.50
3284.19
3284.19
72.94
72.94
8506.81
8506.81
8530.09
8530.09
8530.09
8530.09
7541.12
7541.12
8471.83
8471.83
7882.45
7882.45
8832.52
8832.52
8763.19
8763.19
8763.19
8763.19
8896.58
8896.58
8655.14
8655.14
602.52
602.52
270.91
270.91
1837.50
1837.50
1573.82
1573.82
537.72
537.72
7640.87
7640.87
7770.45
7770.45
6574.88
6574.88
1661.79
1661.79
3203.97
3203.97
8242.24
8242.24
3945.59
3945.59
491.62
491.62
7066.11
7066.11
1747.59
1747.59
1231.75
1231.75
2713.94
2713.94
7804.18
7804.18
7899.38
7899.38
505.55
505.55
35.12
35.12
374.23
374.23
10.00
10.00
2017.37
2017.37
5415.17
5415.17
1353.36
1353.36
1419.96
1419.96
1852.49
1852.49
2807.92
2807.92
2971.13
2971.13
1114.96
1114.96
2194.17
2194.17
2623.72
2623.72
2780.49
2780.49
4580.15
4580.15
4580.15
4580.15
4580.15
4580.15
472.25
472.25
2157.13
2157.13
4282.74
4282.74
1621.63
1621.63
1621.63
1621.63
1801.95
1801.95
541.41
541.41
3071.91
3071.91
3802.03
3802.03
456.56
456.56
1797.94
1797.94
4100.11
4100.11
4236.17
4236.17
3676.20
3676.20
3613.09
3613.09
3918.29
3918.29
4101.63
4101.63
1115.46
1115.46
447.46
447.46
447.46
447.46
1650.72
1650.72
2278.15
2278.15
708.40
708.40
1108.80
1108.80
2205.57
2205.57
4665.41
4665.41
4651.34
4651.34
4680.81
4680.81
4680.81
4680.81
4680.81
4680.81
444.96
444.96
1844.57
1844.57
1844.57
1844.57
1990.90
1990.90
1990.90
1990.90
1990.90
1990.90
2923.00
2923.00
3633.65
3633.65
5116.41
5116.41
4871.72
4871.72
4901.67
4901.67
4957.49
4957.49
4957.49
4957.49
2384.74
2384.74
4918.75
4918.75
2679.24
2679.24
3120.51
3120.51
5028.49
5028.49
4481.71
4481.71
4481.71
4481.71
1641.84
1641.84
154.33
154.33
1394.26
1394.26
5465.66
5465.66
5192.91
5192.91
992.40
992.40
639.75
639.75
4797.75
4797.75
2430.46
2430.46
5854.83
5854.83
5854.83
5854.83
80.98
80.98
3209.36
3209.36
5951.61
5951.61
582.71
582.71
1385.75
1385.75
854.12
854.12
5771.34
5771.34
5423.70
5423.70
5842.86
5842.86
4205.54
4205.54
5763.42
5763.42
1590.79
1590.79
3510.94
3510.94
3510.94
268.11
329.76
329.76
910.20
910.20
432.55
432.55
83.20
83.20
970.70
970.70
1432.54
1432.54
3978.56
3978.56
942.93
942.93
759.84
759.84
1965.87
1965.87
182.12
182.12
215.09
215.09
482.89
482.89
2832.23
2832.23
534.28
534.28
275.00
275.00
82.70
82.70
212.85
212.85
838.53
838.53
1775.11
1775.11
2878.78
2878.78
6551.51
6551.51
6714.37
6714.37
6714.37
6714.37
6653.17
6653.17
6775.52
6775.52
1899.93
1899.93
6682.31
6682.31
910.23
910.23
7139.69
7139.69
2478.39
2478.39
7211.46
7211.46
529.60
529.60
6825.51
6825.51
107.81
107.81
1171.75
1171.75
4542.10
4542.10
10.00
10.00
853.14
853.14
937.80
937.80
7304.73
7304.73
7427.59
7427.59
7185.01
7185.01
7165.38
7165.38
6990.52
6990.52
7228.04
7228.04
7597.99
7597.99
231.38
231.38
3164.14
3164.14
4860.42
4860.42
3982.43
3982.43
7291.61
7291.61
6165.86
6165.86
6168.64
6168.64
6223.20
6223.20
7591.06
7591.06
498.68
498.68
3511.86
3511.86
6570.21
6570.21
163.15
163.15
1493.96
1493.96
6994.06
6994.06
251.68
251.68
4951.50
4951.50
2950.92
2950.92
6473.21
6473.21
63.74
63.74
2766.22
2766.22
312.05
312.05
1376.45
1376.45
18.37
18.37
1219.81
1219.81
353.43
353.43
7512.85
7512.85
7549.32
7549.32
4590.77
4590.77
4590.77
4590.77
7355.89
7355.89
7117.36
7117.36
10.00
10.00
6917.14
6917.14
145.25
145.25
7288.25
7288.25
6324.12
6324.12
1028.62
1028.62
10.00
10.00
7870.65
7870.65
503.77
503.77
7759.26
7759.26
7759.26
7735.47
7735.47
2641.09
2641.09
3482.20
3482.20
176.10
176.10
2373.84
2373.84
2658.96
2658.96
1393.66
1393.66
7736.75
7736.75
80.86
80.86
6666.15
6666.15
1827.89
1827.89
3954.85
3954.85
7468.94
7468.94
1935.08
1935.08
2454.85
2454.85
6008.17
6008.17
7041.09
7041.09
4824.40
4824.40
2680.75
2680.75
4611.18
4611.18
81.08
81.08
3055.56
3055.56
4531.20
4531.20
3533.05
3533.05
6164.26
6164.26
2709.99
2709.99
5006.27
5006.27
10.00
10.00
848.38
848.38
7218.48
7218.48
3437.75
3437.75
378.05
378.05
1031.13
1031.13
2653.92
2653.92
1185.50
1185.50
2518.83
2518.83
5488.19
5488.19
47.53
47.53
1590.98
1590.98
6735.17
6735.17
20.84
20.84
1224.61
1224.61
6360.42
6360.42
6353.06
6353.06
251.37
251.37
4631.79
4631.79
4631.79
4631.79
4631.79
4631.79
3502.17
3502.17
4171.64
4171.64
4171.64
4171.64
3482.63
3482.63
4719.62
4719.62
479.04
479.04
420.03
420.03
1012.90
1012.90
347.00
347.00
518.50
518.50
479.17
479.17
5982.91
5982.91
6472.56
6472.56
2121.45
2121.45
1918.16
1918.16
10.00
10.00
712.78
712.78
235.19
235.19
6739.73
6739.73
6888.96
6888.96
6948.09
6948.09
269.47
269.47
1470.39
1470.39
803.43
803.43
468.95
468.95
6535.08
6535.08
370.14
370.14
7577.74
7577.74
7709.60
7709.60
1215.79
1215.79
7962.44
7962.44
7746.38
7746.38
231.22
231.22
7739.95
7739.95
7452.53
7452.53
2673.31
2673.31
7189.30
7189.30
3831.90
3831.90
7853.66
7853.66
470.04
470.04
1304.47
1304.47
4239.37
4239.37
767.40
767.40
2674.71
2674.71
1180.02
1180.02
1471.59
1471.59
498.86
498.86
7963.88
7963.88
7619.09
7619.09
7977.18
7977.18
6991.50
6991.50
6835.92
6835.92
188.32
188.32
27.00
27.00
2384.36
2384.36
45.64
45.64
2172.25
2172.25
260.42
260.42
492.14
492.14
690.49
690.49
856.80
856.80
8404.97
8404.97
6952.69
6952.69
10.00
10.00
2934.60
2934.60
2956.32
2956.32
3474.07
3474.07
4826.98
4826.98
5200.11
5200.11
1326.56
1326.56
1326.56
1326.56
1747.56
1747.56
1771.72
1771.72
2002.91
2002.91
2002.91
2002.91
1710.33
1710.33
1882.67
1882.67
2001.22
2001.22
2039.99
2039.99
1944.08
1944.08
1181.49
1181.49
1181.49
1181.49
1181.49
1181.49
1181.49
1181.49
1181.49
1181.49
1181.49
1181.49
1998.41
1998.41
1942.43
1942.43
1924.35
1924.35
1924.35
1924.35
2199.24
2199.24
2553.12
2553.12
2553.12
2553.12
2822.55
2822.55
3071.37
3071.37
3248.65
3248.65
3248.65
3248.65
3248.65
3248.65
3248.65
3248.65
3150.30
3150.30
3083.43
3083.43
3135.29
3135.29
3241.86
3241.86
3241.86
3241.86
3241.86
3241.86
3241.86
3241.86
3241.86
3241.86
3241.86
3241.86
3241.86
3241.86
3263.87
3263.87
3260.88
3260.88
162.23
162.23
1442.87
1442.87
3231.29
3231.29
3231.29
3231.29
3635.17
3635.17
1714.78
1714.78
253.49
253.49
3676.18
3676.18
4138.59
4138.59
331.16
331.16
2202.87
2202.87
4340.26
4340.26
5183.87
5183.87
5095.66
5095.66
5159.42
5159.42
5511.81
5511.81
4595.79
4595.79
417.08
417.08
2574.89
2574.89
2574.89
2574.89
2894.99
2894.99
5245.87
5245.87
2951.31
2951.31
2974.44
2974.44
10.00
10.00
3022.51
3022.51
3022.51
3022.51
3022.51
3022.51
1085.90
1085.90
437.07
437.07
843.57
843.57
212.24
212.24
1478.57
1478.57
1757.42
1757.42
2045.69
2045.69
2002.89
2002.89
2002.89
2002.89
2002.89
2002.89
420.75
420.75
623.35
623.35
1258.60
1258.60
1330.28
1330.28
319.87
319.87
1888.73
1888.73
2712.26
2712.26
1149.56
1149.56
524.29
524.29
3280.55
3280.55
3356.64
3356.64
1664.77
1664.77
2330.83
2330.83
200.66
200.66
485.71
485.71
3696.04
3696.04
4174.01
4174.01
3658.00
3658.00
4545.99
4545.99
4572.84
4572.84
4348.21
4348.21
1790.98
1790.98
4379.98
4379.98
1568.14
1568.14
5052.67
5052.67
666.10
666.10
718.79
718.79
317.97
317.97
1362.63
1362.63
1394.30
1394.30
1208.49
1208.49
733.25
733.25
3090.52
3090.52
2083.91
2083.91
384.72
384.72
55.90
55.90
4462.10
4462.10
1107.23
1107.23
463.08
463.08
697.36
697.36
357.55
357.55
487.05
487.05
984.53
984.53
522.60
522.60
4074.90
4074.90
135.54
135.54
281.83
281.83
4550.96
4550.96
4550.96
4550.96
5016.80
5016.80
5016.80
5016.80
1828.88
1828.88
790.62
790.62
6125.05
6125.05
1114.65
1114.65
2671.51
2671.51
2311.23
2311.23
6408.93
6408.93
10.00
10.00
1692.19
1692.19
3210.64
3210.64
746.70
746.70
138.46
138.46
281.14
281.14
1827.30
1827.30
7753.61
7753.61
3921.91
3921.91
3921.91
3921.91
3921.91
3921.91
4390.35
4390.35
10.00
10.00
518.70
518.70
2518.98
2518.98
3710.25
3710.25
6882.76
6882.76
5239.99
5239.99
2098.38
2098.38
10.00
10.00
2256.46
2256.46
3230.74
3230.74
3881.24
3881.24
2238.78
2238.78
2238.78
2238.78
2238.78
2238.78
2238.78
2238.78
579.90
579.90
1923.70
1923.70
1662.49
1662.49
1299.95
1299.95
1835.05
1835.05
1057.19
1057.19
18.22
18.22
1165.92
1165.92
1165.92
1165.92
1165.92
1165.92
1302.22
1302.22
1302.22
1302.22
2383.86
2383.86
2397.06
2397.06
1763.59
1763.59
2998.77
2998.77
2915.13
2915.13
3144.83
3144.83
3144.83
3144.83
3144.83
3144.83
1161.28
1161.28
3219.79
3219.79
3149.57
3149.57
3248.32
3248.32
1748.08
1748.08
3453.08
3453.08
3453.08
3453.08
3556.18
3556.18
10.00
10.00
3524.31
3524.31
447.46
447.46
10.00
10.00
1487.93
1487.93
3126.84
3126.84
3126.84
3126.84
3126.84
3126.84
3126.84
3126.84
36.07
36.07
3982.12
3982.12
3674.44
3674.44
3674.44
3674.44
3674.44
3674.44
4334.50
4334.50
4551.88
4551.88
5135.99
5135.99
1655.60
1655.60
5126.22
5126.22
4971.16
4971.16
5376.05
5376.05
5063.33
5063.33
5266.28
5266.28
194.19
194.19
3117.66
3117.66
3117.66
3117.66
485.83
485.83
5702.17
5702.17
6429.10
6429.10
6429.10
6429.10
6362.08
6362.08
478.57
478.57
593.73
593.73
44.49
44.49
1707.43
1707.43
2660.99
2660.99
17.99
17.99
402.21
402.21
191.93
191.93
3314.22
3314.22
5040.20
5040.20
6702.14
6702.14
3852.24
3852.24
6718.92
6718.92
3938.27
3938.27
7285.97
7285.97
1335.82
1335.82
479.17
479.17
17.97
17.97
4875.77
4875.77
5520.52
5520.52
5427.28
5427.28
789.17
789.17
5852.76
5852.76
7401.28
7401.28
4722.74
4722.74
636.94
636.94
6055.84
6055.84
6055.84
6055.84
6055.84
6055.84
6055.84
6055.84
6055.84
6055.84
6055.84
6055.84
6055.84
6055.84
6055.84
6055.84
1623.98
1623.98
1642.61
1642.61
284.23
284.23
2029.44
2029.44
130.18
130.18
379.18
379.18
922.11
922.11
82.90
82.90
2990.27
2990.27
678.87
678.87
55.37
55.37
1802.09
1802.09
437.37
437.37
1586.67
1586.67
725.05
725.05
1447.37
1447.37
166.46
166.46
240.56
240.56
2428.97
2428.97
3727.74
3727.74
2411.51
2411.51
1690.44
1690.44
4167.56
4167.56
441.27
441.27
3506.40
3506.40
291.98
291.98
5083.62
5083.62
5787.59
5787.59
5765.41
5765.41
1216.84
1216.84
870.95
870.95
3044.74
3044.74
3044.74
3044.74
475.04
475.04
860.07
860.07
3506.15
3506.15
938.82
938.82
4099.75
4099.75
4109.09
4109.09
4069.44
4069.44
940.81
940.81
37.01
37.01
620.31
620.31
10.00
10.00
2203.25
2203.25
441.26
441.26
4347.13
4347.13
5134.48
5134.48
2156.50
2156.50
2372.50
2372.50
3621.69
3621.69
3621.69
3621.69
517.56
517.56
2467.64
2467.64
4765.26
4765.26
1458.99
1458.99
44.58
44.58
5443.18
5443.18
5449.42
5449.42
5449.42
5449.42
6181.42
6181.42
5432.90
5432.90
5969.65
5969.65
2211.53
2211.53
6098.70
6098.70
604.03
604.03
6286.54
6286.54
2714.95
2714.95
6593.61
6593.61
7000.60
7000.60
6966.60
6966.60
6606.20
6606.20
6854.65
6854.65
6944.58
6944.58
6126.10
6126.10
2228.75
2228.75
5938.64
5938.64
6213.06
6213.06
2418.28
2418.28
7055.78
7055.78
7088.51
7088.51
6344.29
6344.29
7748.58
7748.58
8162.47
8162.47
6517.02
6517.02
3515.10
3515.10
353.84
353.84
7483.77
7483.77
3348.42
3348.42
3357.76
3357.76
2422.61
2422.61
3887.49
3887.49
8176.39
8176.39
8175.13
8175.13
3304.84
3304.84
474.62
474.62
7748.45
7748.45
8672.44
8672.44
8862.74
8862.74
8973.82
8973.82
72.06
72.06
8046.59
8046.59
5838.50
5838.50
9232.79
9232.79
8888.19
8888.19
7352.38
7352.38
8769.66
8769.66
8682.22
8682.22
8421.27
8421.27
8668.86
8668.86
8702.43
8702.43
6688.79
6688.79
8858.84
8858.84
8975.58
8975.58
2784.00
2784.00
8578.61
8578.61
5572.65
5572.65
5572.65
5572.65
7078.16
7078.16
7078.16
7078.16
7078.16
7078.16
7078.16
7078.16
7078.16
7078.16
7078.16
7078.16
7078.16
7078.16
7078.16
7078.16
7078.16
7078.16
7078.16
4131.23
4131.23
3756.44
3756.44
3888.82
3888.82
3822.39
3822.39
3353.97
3353.97
4302.51
4302.51
2924.29
2924.29
10.00
10.00
3067.17
3067.17
2616.81
2616.81
2616.81
2616.81
2616.81
2616.81
2616.81
2616.81
2616.81
2616.81
2616.81
2616.81
2616.81
2616.81
2616.81
2616.81
2616.81
2616.81
2616.81
2616.81
2616.81
2616.81
2616.81
2616.81
133.30
133.30
4743.35
4743.35
5415.79
5415.79
6180.90
6180.90
5528.07
5528.07
484.60
484.60
1547.78
1547.78
484.18
484.18
387.75
387.75
5662.79
5662.79
6526.65
6526.65
81.60
81.60
6554.87
6554.87
6384.13
6384.13
7316.68
7316.68
7323.65
7323.65
7481.23
7481.23
5887.18
5887.18
7214.71
7214.71
7101.45
7101.45
3573.43
3573.43
3573.43
3573.43
4898.65
4898.65
1051.45
1051.45
5701.68
5701.68
5701.68
5701.68
4338.50
4338.50
4338.50
4338.50
4212.24
4212.24
4451.47
4451.47
2552.84
2552.84
2385.72
2385.72
949.03
949.03
5365.92
5365.92
6505.70
6505.70
6101.44
6101.44
6006.46
6006.46
6489.04
6489.04
2024.06
2024.06
3538.72
3538.72
3538.72
3538.72
65.23
65.23
7347.75
7347.75
169.42
169.42
7147.14
7147.14
7500.25
7500.25
7322.94
7322.94
7211.15
7211.15
7223.23
7223.23
7731.01
7731.01
7731.01
7731.01
7731.01
7731.01
3611.12
3611.12
7493.21
7493.21
6875.05
6875.05
7611.58
7611.58
6056.94
6056.94
4007.98
4007.98
10.00
10.00
209.60
209.60
27.64
27.64
125.24
125.24
827.72
827.72
920.93
920.93
199.06
199.06
638.08
638.08
97.62
97.62
27.43
27.43
671.82
671.82
268.76
268.76
62.48
62.48
243.04
243.04
137.18
137.18
4257.00
4257.00
8859.84
8859.84
1703.25
1703.25
777.12
777.12
100.58
100.58
3774.75
3774.75
409.43
409.43
5068.99
5068.99
5068.99
5068.99
112.01
112.01
1930.27
1930.27
7196.47
7196.47
8453.86
8453.86
8298.54
8298.54
6594.74
6594.74
6594.74
6594.74
891.16
891.16
3868.93
3868.93
1289.37
1289.37
2473.42
2473.42
2473.42
2473.42
10.00
10.00
1355.54
1355.54
10.00
10.00
168.96
168.96
1972.89
1972.89
1596.50
1596.50
2684.86
2684.86
1575.12
1575.12
3313.00
3313.00
98.19
98.19
3651.38
3651.38
4346.58
4346.58
5087.99
5087.99
4710.87
4710.87
5135.41
5135.41
5381.57
5381.57
5486.71
5486.71
5845.81
5845.81
5598.18
5598.18
5622.81
5622.81
5687.79
5687.79
6142.28
6142.28
6055.10
6055.10
5459.51
5459.51
305.92
305.92
6180.02
6180.02
6001.99
6001.99
5013.80
5013.80
5750.70
5750.70
814.71
814.71
6804.01
6804.01
6962.83
6962.83
6962.83
6962.83
5135.84
5135.84
5362.97
5362.97
6860.69
6860.69
10.00
10.00
5725.28
5725.28
3758.11
3758.11
7768.01
7768.01
1572.33
1572.33
3573.11
3573.11
3573.11
3573.11
3573.11
3573.11
3573.11
3573.11
7870.65
7870.65
8479.21
8479.21
9194.28
9194.28
9046.00
9046.00
72.04
72.04
88.16
88.16
8141.41
8141.41
3909.80
3909.80
3923.58
3923.58
7506.27
7506.27
10292.63
10292.63
9719.43
9719.43
9618.70
9618.70
1784.58
1784.58
1718.73
1718.73
10.00
10.00
3590.62
3590.62
3590.62
3590.62
3590.62
3590.62
3590.62
3590.62
3590.62
3590.62
3890.98
3890.98
4745.81
4745.81
861.65
861.65
2204.58
2204.58
7603.22
7603.22
7603.22
7603.22
10314.27
10314.27
1870.88
1870.88
496.52
496.52
4418.63
4418.63
7540.72
7540.72
5632.50
5632.50
11177.24
11177.24
5557.22
5557.22
6629.10
6629.10
6247.51
6247.51
2518.75
2518.75
4745.67
4745.67
4931.42
4931.42
2490.11
2490.11
45.12
45.12
4758.59
4758.59
497.21
497.21
9864.89
9864.89
2601.62
2601.62
498.91
498.91
5723.19
5723.19
491.93
491.93
4620.91
4620.91
2417.44
2417.44
5481.66
5481.66
5481.66
5481.66
5481.66
5481.66
311.45
311.45
7189.45
7189.45
3841.16
3841.16
3841.16
3841.16
218.81
218.81
3565.42
3565.42
7371.84
7371.84
7495.02
7495.02
6167.98
6167.98
574.23
574.23
2585.79
2585.79
10.00
10.00
1181.43
1181.43
2544.16
2544.16
125.75
125.75
799.75
799.75
3459.18
3459.18
7754.74
7754.74
9411.40
9411.40
848.63
848.63
6126.89
6126.89
421.12
421.12
10147.32
10147.32
1132.30
1132.30
1185.85
1185.85
100.05
100.05
747.88
747.88
8352.45
8352.45
46.68
46.68
4102.96
4102.96
598.73
598.73
174.58
174.58
945.02
945.02
18.53
18.53
655.19
655.19
290.41
290.41
267.27
267.27
2598.56
2598.56
1461.04
1461.04
3731.87
3731.87
295.65
295.65
83.05
83.05
486.31
486.31
148.83
148.83
1539.00
1539.00
635.32
635.32
224.18
224.18
17.68
17.68
10.00
10.00
10.00
10.00
542.41
542.41
27.68
27.68
47.15
47.15
846.52
846.52
479.91
479.91
1583.68
1583.68
2109.33
2109.33
2742.67
2742.67
103.64
103.64
26.24
26.24
308.31
308.31
36.33
36.33
760.07
760.07
4833.67
4833.67
3404.44
3404.44
194.81
194.81
118.60
118.60
138.42
138.42
442.55
442.55
848.35
848.35
231.37
231.37
36.83
36.83
10.00
10.00
887.25
887.25
3971.18
3971.18
2229.24
2229.24
54.55
54.55
720.06
720.06
164.28
164.28
1580.34
1580.34
459.46
459.46
1955.51
1955.51
626.14
626.14
27.68
27.68
264.48
264.48
44.53
44.53
969.86
969.86
332.40
332.40
2695.68
2695.68
277.75
277.75
119.72
119.72
93.66
93.66
1188.08
1188.08
896.69
896.69
331.66
331.66
146.44
146.44
180.74
180.74
1847.87
1847.87
3183.98
3183.98
507.22
507.22
293.28
293.28
454.34
454.34
36.84
36.84
2084.33
2084.33
785.31
785.31
3219.25
3219.25
627.15
627.15
304.46
304.46
967.16
967.16
338.02
338.02
308.41
308.41
2954.10
2954.10
1445.09
1445.09
652.42
652.42
110.60
110.60
723.92
723.92
487.09
487.09
303.12
303.12
5697.24
5697.24
4962.32
4962.32
6413.73
6413.73
4173.76
4173.76
148.18
148.18
666.18
666.18
10.00
10.00
175.16
175.16
6301.16
6301.16
7033.90
7033.90
906.20
906.20
1289.25
1289.25
1696.41
1696.41
2541.10
2541.10
1434.83
1434.83
212.43
212.43
794.47
794.47
2927.35
2927.35
2283.45
2283.45
72.67
72.67
3425.86
3425.86
4297.85
4297.85
4682.07
4682.07
4680.38
4680.38
520.86
520.86
2310.17
2310.17
289.55
289.55
577.56
577.56
2948.78
2948.78
706.54
706.54
761.10
761.10
5205.51
5205.51
26.78
26.78
2206.71
2206.71
7188.42
7188.42
7381.63
7381.63
4977.93
4977.93
5614.18
5614.18
8330.05
8330.05
8330.05
8330.05
8330.05
8330.05
1945.23
1945.23
10.00
10.00
6451.78
6451.78
6451.78
6451.78
6451.78
6451.78
8487.81
8487.81
1680.38
1680.38
130.07
130.07
6312.22
6312.22
6312.22
6312.22
5312.70
5312.70
1186.49
1186.49
5722.37
5722.37
5722.37
5722.37
5722.37
5722.37
5722.37
5722.37
5722.37
5722.37
5722.37
5722.37
5722.37
5722.37
8124.75
8124.75
4820.56
4820.56
4820.56
4820.56
4820.56
4820.56
4820.56
4820.56
4820.56
4820.56
4820.56
4820.56
2143.93
2143.93
2222.45
2222.45
2334.29
2334.29
2617.00
2617.00
2766.23
2766.23
2780.88
2780.88
2735.53
2735.53
3281.81
3281.81
3286.57
3286.57
4099.88
4099.88
4131.93
4131.93
4696.80
4696.80
4733.78
4733.78
4406.41
4406.41
1752.30
1752.30
1255.03
1255.03
6306.05
6306.05
6800.44
6800.44
6800.44
6800.44
6800.44
6800.44
6812.74
6812.74
4698.32
4698.32
683.82
683.82
5845.18
5845.18
4604.56
4604.56
10.00
10.00
516.31
516.31
139.76
139.76
2941.16
2941.16
2234.41
2234.41
4316.41
4316.41
809.77
809.77
18.53
18.53
623.85
623.85
138.94
138.94
3419.00
3419.00
2402.72
2402.72
2964.99
2964.99
3341.06
3341.06
6197.12
6197.12
6747.93
6747.93
10.00
10.00
1696.26
1696.26
6358.20
6358.20
939.50
939.50
2038.60
2038.60
1451.62
1451.62
2296.27
2296.27
3417.47
3417.47
5533.40
5533.40
1578.94
1578.94
835.28
835.28
267.94
267.94
4750.67
4750.67
596.86
596.86
8968.74
8968.74
54.76
54.76
430.85
430.85
355.31
355.31
334.60
334.60
4067.98
4067.98
2625.42
2625.42
652.31
652.31
2485.08
2485.08
2312.95
2312.95
4989.10
4989.10
3909.43
3909.43
5655.38
5655.38
183.72
183.72
2160.77
2160.77
199.66
199.66
203.54
203.54
714.93
714.93
3912.33
3912.33
522.07
522.07
1512.43
1512.43
944.30
944.30
832.21
832.21
326.06
326.06
854.62
854.62
3110.99
3110.99
18.74
18.74
3778.05
3778.05
81.60
81.60
100.09
100.09
505.67
505.67
406.02
406.02
2999.85
2999.85
1830.30
1830.30
3768.72
3768.72
631.76
631.76
820.15
820.15
362.08
362.08
1593.23
1593.23
3219.65
3219.65
242.59
242.59
5163.64
5163.64
2514.92
2514.92
2514.92
1400.38
1400.38
2582.17
2582.17
1118.33
1118.33
1356.81
1356.81
1327.98
1327.98
3544.52
3544.52
2254.15
2254.15
3207.51
3207.51
5556.60
5556.60
5324.57
5324.57
720.94
720.94
10.00
10.00
5674.36
5674.36
5952.25
5952.25
5777.62
5777.62
4764.20
4764.20
5545.20
5545.20
6568.79
6568.79
1509.26
1509.26
7086.37
7086.37
3491.84
3491.84
4694.71
4694.71
4694.71
4694.71
4694.71
4694.71
4694.71
4694.71
4694.71
4694.71
4694.71
4694.71
4694.71
4694.71
4694.71
4694.71
4694.71
4694.71
4694.71
4694.71
4694.71
4694.71
8404.97
8404.97
8185.63
8185.63
8320.91
8320.91
7281.32
7281.32
7705.17
7705.17
8078.22
8078.22
8517.20
8517.20
8028.65
8028.65
10.00
10.00
8169.75
8169.75
8208.99
8208.99
8723.34
8723.34
7952.20
7952.20
10433.22
10433.22
1980.09
1980.09
9688.66
9688.66
1360.97
1360.97
3981.07
3981.07
3981.07
3981.07
374.08
374.08
8884.89
8884.89
4842.76
4842.76
8666.74
8666.74
5288.16
5288.16
3879.43
3879.43
3603.07
3603.07
3852.12
3852.12
4434.31
4434.31
8236.85
8236.85
8236.85
8236.85
8236.85
8236.85
8729.34
8729.34
190.15
190.15
55.04
55.04
2560.47
2560.47
3898.05
3898.05
5203.56
5203.56
1984.66
1984.66
1028.15
1028.15
2580.68
2580.68
1166.56
1166.56
476.17
476.17
5804.34
5804.34
2535.28
2535.28
2798.74
2798.74
6488.33
6488.33
6500.11
6500.11
5896.93
5896.93
7608.37
7608.37
671.43
671.43
3665.98
3665.98
7414.87
7414.87
7033.41
7033.41
806.92
806.92
3581.83
3581.83
3581.83
3581.83
4434.59
4434.59
4434.59
4434.59
4434.59
4434.59
4434.59
4434.59
4647.50
4647.50
6390.70
6390.70
6522.68
6522.68
6989.91
6989.91
6950.68
6950.68
6300.46
6300.46
7879.89
7879.89
4959.63
4959.63
4959.63
4959.63
4959.63
4959.63
4959.63
4959.63
4959.63
4959.63
4959.63
4959.63
4959.63
4959.63
4959.63
4959.63
4959.63
4959.63
4959.63
4959.63
4959.63
4959.63
8657.04
8657.04
8657.04
8657.04
7587.77
7587.77
7587.77
7587.77
7587.77
7587.77
4570.64
4570.64
7308.83
7308.83
7308.83
7308.83
1383.36
1383.36
728.30
728.30
1948.31
1948.31
485.41
485.41
3251.85
3251.85
3325.00
3325.00
3497.29
3497.29
7439.73
7439.73
474.23
474.23
7187.53
7187.53
7220.20
7220.20
3852.16
3852.16
2164.65
2164.65
1012.99
1012.99
3959.76
3959.76
83.25
83.25
17.47
17.47
2673.30
2673.30
228.66
228.66
5835.45
5835.45
156.27
156.27
1869.18
1869.18
210.74
210.74
631.57
631.57
1187.17
1187.17
1310.17
1310.17
3056.08
3056.08
14.09
14.09
1748.25
1748.25
493.54
493.54
908.19
908.19
250.12
250.12
725.82
725.82
46.17
46.17
219.29
219.29
1156.65
1156.65
1401.69
1401.69
1442.37
1442.37
2616.83
2616.83
1845.16
1845.16
1469.63
1469.63
430.83
430.83
432.13
432.13
162.32
162.32
961.66
961.66
765.51
765.51
213.58
213.58
267.89
267.89
173.90
173.90
5036.66
5036.66
2828.63
2828.63
17.77
17.77
157.48
157.48
505.57
505.57
177.99
177.99
1526.13
1526.13
3308.10
3308.10
2219.96
2219.96
327.55
327.55
850.35
850.35
1817.55
1817.55
221.42
221.42
10.00
10.00
5932.53
5932.53
792.55
792.55
489.00
489.00
134.29
134.29
2449.39
2449.39
26.68
26.68
2659.56
2659.56
490.99
490.99
237.77
237.77
2574.32
2574.32
6501.24
6501.24
26.86
26.86
1012.95
1012.95
36.88
36.88
1391.23
1391.23
1557.79
1557.79
201.51
201.51
479.07
479.07
1278.99
1278.99
3900.57
3900.57
2746.51
2746.51
87.88
87.88
1029.84
1029.84
5941.73
5941.73
708.39
708.39
959.09
959.09
4283.14
4283.14
232.56
232.56
3331.52
3331.52
516.35
516.35
910.80
910.80
72.20
72.20
459.06
459.06
4590.18
4590.18
1126.52
1126.52
1608.52
1608.52
1311.58
1311.58
1072.71
1072.71
3045.98
3045.98
4039.01
4039.01
1439.79
1439.79
4623.34
4623.34
1319.81
1319.81
272.94
272.94
139.31
139.31
307.04
307.04
73.86
73.86
1732.17
1732.17
405.39
405.39
5001.15
5001.15
478.59
478.59
607.62
607.62
3328.79
3328.79
10.00
10.00
2968.18
2968.18
18.24
18.24
566.79
566.79
542.99
542.99
27.99
27.99
293.98
293.98
5644.26
5644.26
1944.05
1944.05
2161.81
2161.81
6233.75
6233.75
2467.68
2467.68
1743.12
1743.12
1458.90
1458.90
63.71
63.71
317.67
317.67
871.41
871.41
877.19
877.19
3704.12
3704.12
1117.15
1117.15
1772.92
1772.92
1163.59
1163.59
765.49
765.49
36.96
36.96
6466.52
6466.52
7269.62
7269.62
6339.28
6339.28
6687.57
6687.57
3028.45
3028.45
10.00
10.00
6515.45
6515.45
1936.91
1936.91
635.00
635.00
5541.42
5541.42
3081.27
3081.27
7187.71
7187.71
1944.74
1944.74
2406.16
2406.16
2267.48
2267.48
4364.02
4364.02
247.29
247.29
7862.04
7862.04
2391.91
2391.91
3342.24
3342.24
3396.52
3396.52
291.11
291.11
272.26
272.26
950.23
950.23
10.00
10.00
3168.23
3168.23
3480.84
3480.84
42.84
42.84
953.82
953.82
7181.61
7181.61
5212.20
5212.20
5155.05
5155.05
1247.72
1247.72
462.93
462.93
45.60
45.60
2142.09
2142.09
4899.48
4899.48
3543.41
3543.41
155.66
155.66
3085.57
3085.57
1192.49
1192.49
190.05
190.05
2662.73
2662.73
2055.62
2055.62
2128.81
2128.81
107.87
107.87
499.57
499.57
1299.94
1299.94
700.54
700.54
2414.86
2414.86
2522.28
2522.28
5600.66
5600.66
5501.07
5501.07
5501.07
5501.07
3953.62
3953.62
3953.62
3953.62
3953.62
3953.62
6330.52
6330.52
6103.21
6103.21
415.55
415.55
4160.74
4160.74
5297.32
5297.32
35.17
35.17
5792.32
5792.32
1387.70
1387.70
598.14
598.14
4107.58
4107.58
5940.13
5940.13
3791.16
3791.16
5900.86
5900.86
6055.28
6055.28
2111.44
2111.44
2778.44
2778.44
2778.44
2778.44
3854.01
3854.01
6205.23
6205.23
5907.12
5907.12
6692.97
6692.97
6616.66
6616.66
27.00
27.00
4980.77
4980.77
288.54
288.54
5199.21
5199.21
6158.21
6158.21
10.00
10.00
3738.43
3738.43
3738.43
3738.43
3738.43
3738.43
6333.37
6333.37
6295.50
6295.50
6345.88
6345.88
1386.75
1386.75
5516.40
5516.40
5596.46
5596.46
3854.51
3854.51
668.20
668.20
170.82
170.82
2018.26
2018.26
584.07
584.07
584.25
584.25
4196.54
4196.54
3397.67
3397.67
2561.80
2561.80
4743.83
4743.83
171.21
171.21
210.77
210.77
1449.38
1449.38
3869.21
3869.21
2713.61
2713.61
3002.10
3002.10
5102.97
5102.97
4290.69
4290.69
4290.69
4290.69
4290.69
4290.69
6770.31
6770.31
137.59
137.59
6587.98
6587.98
184.77
184.77
6566.30
6566.30
6636.30
6636.30
10.00
10.00
6661.94
6661.94
7674.25
7674.25
7659.01
7659.01
7508.81
7508.81
6919.71
6919.71
7857.91
7857.91
45.44
45.44
10.00
10.00
486.58
486.58
149.09
149.09
439.87
439.87
6703.10
6703.10
249.74
249.74
2942.07
2942.07
339.01
339.01
1184.64
1184.64
304.19
304.19
924.17
924.17
2079.36
2079.36
6258.69
6258.69
5990.30
5990.30
5517.02
5517.02
846.84
846.84
10.00
10.00
2372.30
2372.30
2873.94
2873.94
2821.81
2821.81
2942.13
2942.13
950.65
950.65
2631.80
2631.80
3077.59
3077.59
18.67
18.67
3580.50
3580.50
46.47
46.47
4109.82
4109.82
4700.59
4700.59
5325.31
5325.31
345.38
345.38
1145.01
1145.01
5483.88
5483.88
1377.57
1377.57
5767.19
5767.19
1320.96
1320.96
4473.03
4473.03
5741.77
5741.77
453.30
453.30
149.37
149.37
10.00
10.00
1110.80
1110.80
222.82
222.82
5393.38
5393.38
5811.90
5811.90
269.73
269.73
5801.96
5801.96
45.71
45.71
2621.01
2621.01
70.30
70.30
1788.22
1788.22
251.22
251.22
246.00
246.00
424.02
424.02
254.60
254.60
410.56
410.56
443.03
443.03
714.96
714.96
429.61
429.61
1003.41
1003.41
10.00
10.00
3892.31
3892.31
3892.31
3892.31
5188.56
5188.56
5010.50
5010.50
5025.88
5025.88
5309.77
5309.77
264.85
264.85
739.22
739.22
1302.52
1302.52
5214.72
5214.72
133.76
133.76
5672.59
5672.59
726.22
726.22
2752.32
2752.32
2807.91
2807.91
4125.08
4125.08
4125.08
4125.08
4125.08
4125.08
4125.08
4125.08
4125.08
4125.08
2528.81
2528.81
2467.70
2467.70
10.00
10.00
2558.23
2558.23
432.62
432.62
520.88
520.88
1987.58
1987.58
1987.58
1987.58
1987.58
1987.58
1987.58
1987.58
1987.58
1987.58
403.09
403.09
716.80
716.80
18.46
18.46
540.76
540.76
341.30
341.30
436.67
436.67
46.27
46.27
158.83
158.83
136.35
136.35
1239.00
1239.00
432.49
432.49
215.31
215.31
428.68
428.68
2011.32
2011.32
2446.05
2446.05
10.00
10.00
1326.07
1326.07
449.11
449.11
210.89
210.89
1442.47
1442.47
10.00
10.00
594.87
594.87
3216.70
3216.70
3216.70
3367.60
3367.60
1686.55
1686.55
1120.19
1120.19
3409.45
3409.45
3841.02
3841.02
4422.52
4422.52
463.81
463.81
1180.30
1180.30
1180.30
1180.30
10.00
10.00
3297.99
3297.99
97.81
97.81
1047.23
1047.23
1279.76
1279.76
1973.72
1973.72
2697.27
2697.27
2648.36
2648.36
2825.87
2825.87
2825.87
2825.87
2825.87
2825.87
1127.69
1127.69
2433.70
2433.70
1039.17
1039.17
1917.40
1917.40
3485.10
3485.10
1035.53
1035.53
873.84
873.84
98.42
98.42
543.52
543.52
320.96
320.96
468.36
468.36
156.91
156.91
462.88
462.88
1443.79
1443.79
1605.01
1605.01
3041.31
3041.31
562.29
562.29
465.73
465.73
1998.97
1998.97
1644.51
1644.51
2502.54
2502.54
1051.24
1051.24
18.21
18.21
2040.90
2040.90
721.26
721.26
18.46
18.46
1378.70
1378.70
212.22
212.22
3143.87
3143.87
943.77
943.77
1763.82
1763.82
5131.94
5131.94
10.00
10.00
1659.04
1659.04
2595.40
2595.40
1673.68
1673.68
464.01
464.01
259.51
259.51
474.87
474.87
938.94
938.94
1848.75
1848.75
6280.39
6280.39
1127.71
1127.71
554.90
554.90
4787.93
4787.93
4152.37
4152.37
1530.86
1530.86
401.77
401.77
479.41
479.41
177.42
177.42
577.33
577.33
4162.52
4162.52
4162.52
4162.52
4329.01
4329.01
5766.86
5766.86
1495.68
1495.68
64.34
64.34
2171.87
2171.87
270.82
270.82
7997.48
7997.48
8099.64
8099.64
7222.10
7222.10
7222.10
7222.10
7222.10
7222.10
2415.47
2415.47
36.88
36.88
8940.08
8940.08
6136.55
6136.55
45.43
45.43
3463.93
3463.93
1078.82
1078.82
2889.13
2889.13
4667.68
4667.68
10.00
10.00
388.63
388.63
503.53
503.53
7775.66
7775.66
490.38
490.38
949.30
949.30
402.77
402.77
2873.43
2873.43
109.41
109.41
500.73
500.73
160.00
160.00
495.06
495.06
960.10
960.10
845.02
845.02
18.72
18.72
10.00
10.00
485.64
485.64
3798.78
3798.78
139.23
139.23
101.51
101.51
65.49
65.49
561.01
561.01
5372.17
5372.17
5179.67
5179.67
591.20
591.20
2820.24
2820.24
5426.75
5426.75
5440.19
5440.19
5257.75
5257.75
2548.20
2548.20
5951.91
5951.91
2889.26
2889.26
2611.09
2611.09
6446.27
6446.27
1951.93
1951.93
6569.16
6569.16
6309.50
6309.50
4271.18
4271.18
6348.32
6348.32
6520.51
6520.51
4385.71
4385.71
4385.71
4385.71
4385.71
4385.71
6811.27
6811.27
6900.79
6900.79
6884.72
6884.72
202.67
202.67
7270.62
7270.62
6909.87
6909.87
8363.39
8363.39
10.00
10.00
8295.40
8295.40
5045.74
5045.74
8155.73
8155.73
8322.11
8322.11
8054.86
8054.86
545.04
545.04
6629.51
6629.51
8641.53
8641.53
8685.13
8685.13
8685.13
8685.13
1728.09
1728.09
2901.38
2901.38
3306.77
3306.77
1824.10
1824.10
362.76
362.76
9187.26
9187.26
9728.00
9728.00
9843.29
9843.29
9922.92
9922.92
6690.09
6690.09
480.13
480.13
10109.05
10109.05
10109.05
10109.05
10109.05
10109.05
10109.05
10109.05
3040.51
3040.51
3687.90
3687.90
3968.66
3968.66
5637.05
5637.05
5637.05
5637.05
2041.27
2041.27
2726.80
2726.80
2963.44
2963.44
2976.40
2976.40
3687.02
3687.02
2142.58
2142.58
4460.59
4460.59
4413.15
4413.15
1946.60
1946.60
4019.81
4019.81
1385.37
1385.37
724.72
724.72
2985.19
2985.19
2307.05
2307.05
1360.53
1360.53
942.13
942.13
275.69
275.69
4587.47
4587.47
4587.47
4587.47
681.64
681.64
10.00
10.00
341.67
341.67
62.74
62.74
1082.42
1082.42
753.20
753.20
1166.83
1166.83
473.14
473.14
2707.78
2707.78
5247.82
5247.82
239.50
239.50
2150.60
2150.60
2278.08
2278.08
5290.99
5290.99
4893.72
4893.72
2442.72
2442.72
1148.93
1148.93
807.00
807.00
583.65
583.65
1825.00
1825.00
861.57
861.57
62.43
62.43
2387.76
2387.76
165.69
165.69
2278.66
2278.66
19.33
19.33
103.39
103.39
74.85
74.85
792.70
792.70
1041.34
1041.34
1758.60
1758.60
2945.25
2945.25
1969.66
1969.66
2803.92
2803.92
10.00
10.00
5336.80
5336.80
923.02
923.02
4682.36
4682.36
36.60
36.60
37.64
37.64
1150.93
1150.93
459.35
459.35
270.62
270.62
1281.81
1281.81
443.35
443.35
5639.30
5639.30
533.78
533.78
56.14
56.14
730.34
730.34
175.73
175.73
4244.16
4244.16
2251.18
2251.18
1417.00
1417.00
6386.49
6386.49
130.03
130.03
487.30
487.30
45.61
45.61
923.84
923.84
10.00
10.00
6387.53
6387.53
7234.19
7234.19
1027.11
1027.11
3539.64
3539.64
4082.84
4082.84
5613.47
5613.47
5613.47
5613.47
5613.47
5613.47
1355.09
1355.09
3008.90
3008.90
285.37
285.37
748.90
748.90
46.23
46.23
70.99
70.99
901.67
901.67
1777.11
1777.11
3926.56
3926.56
228.81
228.81
1208.86
1208.86
2476.03
2476.03
2476.03
2476.03
4248.05
4248.05
866.61
866.61
4041.18
4041.18
1146.58
1146.58
80.09
80.09
850.34
850.34
5195.85
5195.85
54.82
54.82
2556.79
2556.79
10.00
10.00
1056.55
1056.55
3904.42
3904.42
552.66
552.66
2058.49
2058.49
10.00
10.00
79.87
79.87
912.29
912.29
242.82
242.82
590.02
590.02
449.09
449.09
288.47
288.47
54.69
54.69
680.10
680.10
508.45
508.45
1689.31
1689.31
528.83
528.83
63.47
63.47
712.41
712.41
477.81
477.81
4866.85
4866.85
463.75
463.75
1258.22
1258.22
3245.91
3245.91
516.02
516.02
144.44
144.44
1438.80
1438.80
127.95
127.95
980.18
980.18
696.38
696.38
2312.17
2312.17
2585.49
2585.49
569.47
569.47
5274.12
5274.12
2864.63
2864.63
3096.43
3096.43
3076.92
3076.92
5047.27
5047.27
1269.38
1269.38
2454.77
2454.77
5252.54
5252.54
10.00
10.00
4544.80
4544.80
3660.23
3660.23
682.81
682.81
626.23
626.23
1962.69
1962.69
195.23
195.23
138.80
138.80
10.00
10.00
489.25
489.25
854.50
854.50
73.14
73.14
748.59
748.59
1749.66
1749.66
2851.82
2851.82
3645.31
3645.31
3720.77
3720.77
3103.77
3103.77
511.91
511.91
1812.72
1812.72
1942.01
1942.01
468.88
468.88
640.70
640.70
585.30
585.30
1089.87
1089.87
1147.39
1147.39
1125.15
1125.15
1459.54
1459.54
378.51
378.51
1539.68
1539.68
1747.40
1747.40
1743.51
1743.51
1805.50
1805.50
1994.13
1994.13
2409.78
2409.78
969.59
969.59
497.72
497.72
1992.98
1992.98
2701.09
2701.09
2701.09
2701.09
2701.09
2701.09
1738.98
1738.98
301.04
301.04
27.04
27.04
64.59
64.59
3400.97
3400.97
626.92
626.92
18.36
18.36
602.74
602.74
169.28
169.28
400.89
400.89
256.51
256.51
465.42
465.42
400.77
400.77
1112.52
1112.52
338.08
338.08
1188.88
1188.88
1785.10
1785.10
627.34
627.34
3054.30
3054.30
36.16
36.16
1860.13
1860.13
458.16
458.16
914.25
914.25
447.31
447.31
75.11
75.11
71.86
71.86
61.82
61.82
316.85
316.85
448.39
448.39
183.42
183.42
416.55
416.55
879.01
879.01
36.84
36.84
1444.51
1444.51
301.02
301.02
3276.76
3276.76
3380.11
3380.11
666.33
666.33
3637.43
3637.43
3906.20
3906.20
3994.18
3994.18
4349.64
4349.64
4341.21
4341.21
4194.88
4194.88
4265.20
4265.20
4357.60
4357.60
4650.77
4650.77
4648.54
4648.54
5126.19
5126.19
5332.52
5332.52
5332.52
5332.52
194.47
194.47
475.91
475.91
3748.95
3748.95
64.78
64.78
2761.01
2761.01
2761.01
2761.01
486.38
486.38
5284.11
5284.11
5310.66
5310.66
5310.66
5310.66
5310.66
5310.66
5315.66
5315.66
5315.66
5315.66
5315.66
5315.66
5315.66
5315.66
5315.66
5315.66
5130.57
5130.57
5219.80
5219.80
5329.10
5329.10
6277.08
6277.08
6766.50
6766.50
4699.58
4699.58
4699.58
4699.58
4699.58
4699.58
4699.58
4699.58
4699.58
4699.58
4699.58
4699.58
4699.58
4699.58
4699.58
4699.58
4699.58
4699.58
4699.58
4699.58
4699.58
4699.58
4699.58
4699.58
4699.58
4699.58
4699.58
4699.58
4699.58
4699.58
4699.58
4699.58
4699.58
4699.58
4699.58
4699.58
6144.01
6144.01
6648.68
6648.68
4539.37
4539.37
6715.91
6715.91
7196.66
7196.66
7196.66
7196.66
934.09
934.09
737.64
737.64
10.00
10.00
73.99
73.99
1679.03
1679.03
1939.45
1939.45
2096.64
2096.64
2113.47
2113.47
2158.07
2158.07
1318.61
1318.61
2387.22
2387.22
128.54
128.54
743.35
743.35
743.35
743.35
1655.53
1655.53
700.49
700.49
2635.05
2635.05
362.35
362.35
1280.96
1280.96
17.94
17.94
471.10
471.10
870.16
870.16
835.75
835.75
2070.04
2070.04
649.49
649.49
1208.31
1208.31
27.17
27.17
3470.76
3470.76
331.40
331.40
3310.43
3310.43
1896.45
1896.45
1210.76
1210.76
2431.66
2431.66
879.07
879.07
1211.63
1211.63
3172.47
3172.47
3315.36
3315.36
4089.77
4089.77
4016.80
4016.80
175.36
175.36
175.36
2042.36
2042.36
3652.49
3652.49
4478.88
4478.88
602.87
602.87
996.70
996.70
440.83
440.83
411.92
411.92
10.00
10.00
356.36
356.36
10.00
10.00
10.00
10.00
392.36
392.36
466.80
466.80
3559.69
3559.69
1225.36
1225.36
1731.22
1731.22
1403.63
1403.63
412.38
412.38
412.38
412.38
593.77
593.77
1788.38
1788.38
1891.53
1891.53
108.22
108.22
2770.24
2770.24
2551.18
2551.18
592.38
592.38
1251.29
1251.29
1977.55
1977.55
2846.95
2846.95
2958.15
2958.15
2922.15
2922.15
3376.25
3376.25
3134.39
3134.39
400.99
400.99
486.44
486.44
3554.23
3554.23
3698.89
3698.89
3389.64
3389.64
3812.22
3812.22
347.65
347.65
4333.36
4333.36
4333.36
4333.36
771.67
771.67
466.65
466.65
3171.20
3171.20
3736.25
3736.25
3880.29
3880.29
3880.29
3880.29
3880.29
3880.29
2763.95
2763.95
2763.95
2763.95
979.57
979.57
1493.54
1493.54
125.74
125.74
2614.59
2614.59
598.72
598.72
1225.52
1225.52
93.52
93.52
10.00
10.00
1198.91
1198.91
1472.21
1472.21
4579.40
4579.40
626.31
626.31
4448.75
4448.75
4448.75
4448.75
243.82
243.82
122.02
122.02
438.71
438.71
818.51
818.51
384.30
384.30
2137.40
2137.40
4829.25
4829.25
1181.70
1181.70
1000.68
1000.68
1332.99
1332.99
93.15
93.15
4910.55
4910.55
10.00
10.00
1628.01
1628.01
2068.29
2068.29
431.25
431.25
71.98
71.98
10.00
10.00
377.67
377.67
325.18
325.18
119.98
119.98
1293.06
1293.06
1508.83
1508.83
987.96
987.96
282.45
282.45
653.34
653.34
406.26
406.26
109.22
109.22
350.35
350.35
656.63
656.63
1712.77
1712.77
217.99
217.99
82.43
82.43
427.89
427.89
2101.51
2101.51
2528.79
2528.79
2675.91
2675.91
2675.91
2675.91
2675.91
2675.91
2675.91
2675.91
2650.15
2650.15
2592.28
2592.28
2592.28
2592.28
2592.28
2592.28
2570.11
2570.11
2621.18
2621.18
2621.18
2621.18
2621.18
2621.18
2703.41
2703.41
2703.41
2703.41
2703.41
2703.41
2703.41
2703.41
947.44
947.44
2858.86
2858.86
3561.23
3561.23
3543.80
3543.80
3534.87
3534.87
708.39
708.39
1103.33
1103.33
168.78
168.78
4044.28
4044.28
4025.58
4025.58
4643.59
4643.59
4643.59
4643.59
4643.59
4643.59
4643.59
4643.59
4643.59
4643.59
4643.59
4643.59
4686.41
4686.41
538.83
538.83
4712.87
4712.87
630.11
630.11
3782.24
3782.24
5101.88
5101.88
2321.40
2321.40
73.08
73.08
2758.94
2758.94
2758.94
2758.94
2758.94
2758.94
2758.94
2758.94
2773.01
2773.01
2773.01
2773.01
2773.01
2773.01
5854.65
5854.65
5854.65
5854.65
5854.65
5854.65
446.76
446.76
2223.44
2223.44
5671.55
5671.55
1926.93
1926.93
18.19
18.19
2443.03
2443.03
2443.03
2443.03
2885.41
2885.41
2994.06
2994.06
2994.06
2994.06
4992.29
4992.29
4758.24
4758.24
3915.59
3915.59
2490.32
2490.32
4535.44
4535.44
413.46
413.46
2634.09
2634.09
4125.85
4125.85
5021.39
5021.39
5021.39
5021.39
2347.83
2347.83
3864.72
3864.72
4789.72
4789.72
1026.28
1026.28
5197.20
5197.20
2442.77
2442.77
2442.77
2442.77
3359.95
3359.95
5985.83
5985.83
6030.94
6030.94
5485.81
5485.81
3955.41
3955.41
3955.41
3955.41
998.09
998.09
27.44
27.44
2071.53
2071.53
135.83
135.83
2160.12
2160.12
1920.74
1920.74
2028.99
2028.99
2028.99
2028.99
2028.99
2028.99
2315.91
2315.91
2120.58
2120.58
495.55
495.55
10.00
10.00
10.00
10.00
228.83
228.83
437.75
437.75
62.64
62.64
2478.23
2478.23
501.20
501.20
504.42
504.42
148.50
148.50
623.43
623.43
146.81
146.81
10.00
10.00
147.58
147.58
187.44
187.44
186.47
186.47
527.52
527.52
529.58
529.58
1356.68
1356.68
2420.20
2420.20
1225.99
1225.99
45.85
45.85
1251.02
1251.02
277.83
277.83
3050.07
3050.07
3036.71
3036.71
2888.02
2888.02
3703.75
3703.75
3821.51
3821.51
4018.07
4018.07
3076.86
3076.86
4057.46
4057.46
3143.74
3143.74
796.25
796.25
2222.76
2222.76
1885.32
1885.32
4798.24
4798.24
2891.67
2891.67
5559.80
5559.80
5559.80
5559.80
5559.80
5559.80
5559.80
5559.80
5559.80
5559.80
5559.80
5559.80
5559.80
5559.80
5559.80
5559.80
1328.02
1328.02
1293.34
1293.34
1631.77
1631.77
1550.26
1550.26
1827.30
1827.30
37.94
37.94
2616.23
2616.23
2456.46
2456.46
1439.58
1439.58
3249.86
3249.86
3384.16
3384.16
3819.29
3819.29
316.37
316.37
4526.26
4526.26
4743.88
4743.88
1440.38
1440.38
10.00
10.00
3093.02
3093.02
4724.92
4724.92
4436.23
4436.23
73.77
73.77
4574.00
4574.00
4036.82
4036.82
4568.87
4568.87
5233.21
5233.21
3198.57
3198.57
5478.02
5478.02
5432.62
5432.62
5752.47
5752.47
2445.99
2445.99
2840.03
2840.03
2852.66
2852.66
2223.58
2223.58
3428.29
3428.29
5643.60
5643.60
81.80
81.80
5688.70
5688.70
5519.90
5519.90
2258.12
2258.12
6016.33
6016.33
6769.50
6769.50
1685.38
1685.38
7839.76
7839.76
7459.75
7459.75
1639.50
1639.50
2929.11
2929.11
3529.50
3529.50
3529.50
3529.50
3632.56
3632.56
3632.56
3632.56
3758.30
3758.30
3758.30
3758.30
63.30
63.30
63.30
63.30
63.30
63.30
63.30
63.30
36.85
36.85
481.92
481.92
283.74
37.42
291.46
10.00
249.94
340.49
1124.88
1124.88
922.11
922.11
1403.00
1403.00
1551.53
1551.53
1730.71
1730.71
420.14
420.14
2053.92
2053.92
1980.34
1980.34
2318.33
2318.33
2453.99
2453.99
2592.33
2592.33
3017.15
3017.15
426.93
426.93
1044.67
1044.67
1613.14
1613.14
10.00
10.00
10.00
10.00
277.23
277.23
191.15
191.15
3749.83
3749.83
1385.52
1385.52
713.49
713.49
10.00
10.00
108.81
108.81
4330.48
4330.48
2155.44
2155.44
2155.44
2155.44
1902.50
1902.50
1732.84
1732.84
2430.68
2430.68
1254.74
1254.74
91.32
91.32
2719.49
2719.49
407.45
407.45
120.75
120.75
18.46
18.46
473.77
473.77
350.74
350.74
2719.03
2719.03
478.08
478.08
283.38
283.38
90.50
90.50
10.00
10.00
187.35
187.35
4211.08
4211.08
75.00
75.00
4327.57
4327.57
512.68
512.68
2008.27
2008.27
189.47
189.47
1190.33
1190.33
837.15
837.15
1684.73
1684.73
1684.73
1684.73
1684.73
1684.73
1684.73
1684.73
1684.73
1684.73
55.41
55.41
71.95
71.95
199.01
199.01
474.33
474.33
283.16
283.16
440.63
440.63
2243.90
2243.90
204.99
204.99
780.86
780.86
273.41
273.41
1445.12
1445.12
369.67
369.67
1762.44
1762.44
1264.21
1264.21
83.76
83.76
481.06
481.06
182.65
182.65
428.61
428.61
92.06
92.06
18.57
18.57
54.24
54.24
179.13
179.13
446.38
446.38
1395.13
1395.13
148.20
148.20
484.14
484.14
205.87
205.87
1184.89
1184.89
583.45
583.45
3303.80
3303.80
243.50
243.50
3893.44
3893.44
3971.21
3971.21
4780.09
4780.09
486.72
486.72
3154.99
3154.99
5678.17
5678.17
6092.05
6092.05
6056.33
6056.33
1992.12
1992.12
6044.64
6044.64
6251.20
6251.20
8201.37
8201.37
3172.63
3172.63
8587.17
8587.17
8587.17
8587.17
9020.59
9020.59
8862.23
8862.23
5128.44
5128.44
8740.22
8740.22
4372.83
4372.83
9384.13
9384.13
9786.60
9786.60
10050.88
10050.88
420.77
420.77
4592.43
4592.43
5052.03
5052.03
5052.03
5052.03
5164.55
5164.55
6124.04
6124.04
5493.77
5493.77
3257.05
3257.05
2004.04
2004.04
6926.57
6926.57
7315.99
7315.99
7997.92
7997.92
8312.65
8312.65
73.43
73.43
4435.30
4435.30
4435.30
4435.30
9023.29
9023.29
8002.38
8002.38
2385.79
2385.79
2740.51
2740.51
9866.62
9866.62
11404.53
11404.53
1153.72
1153.72
4780.68
4780.68
11277.35
11277.35
11277.35
11277.35
4724.45
4724.45
5505.45
5505.45
10793.65
10793.65
5832.33
5832.33
4303.28
4303.28
64.82
64.82
64.82
3441.64
4352.03
4352.03
4352.03
4352.03
5452.10
5452.10
5452.10
5452.10
5452.10
5452.10
3593.11
3593.11
844.93
844.93
7194.34
7194.34
7044.22
7044.22
7087.04
7087.04
7563.76
7563.76
7985.33
7985.33
7763.07
7763.07
8788.40
8788.40
8818.02
8818.02
9097.07
9097.07
3545.59
3545.59
1339.70
1339.70
8953.21
8953.21
1082.60
1082.60
7218.64
7218.64
426.66
426.66
10.00
10.00
28.04
28.04
5669.86
5669.86
4505.18
4505.18
1152.84
1152.84
1740.02
1740.02
18.22
18.22
3456.32
3456.32
4078.81
4078.81
4160.82
4160.82
6554.14
6554.14
6554.14
6554.14
6554.14
6554.14
6554.14
6554.14
6554.14
6554.14
6554.14
6554.14
6554.14
6554.14
4009.28
4009.28
496.39
496.39
4106.49
4106.49
524.16
524.16
856.08
856.08
468.37
468.37
189.63
189.63
233.14
233.14
186.93
186.93
46.01
46.01
586.83
586.83
428.38
428.38
251.16
251.16
380.11
380.11
365.27
365.27
365.27
616.41
616.41
1509.98
1509.98
1351.09
1351.09
3736.38
3736.38
1791.61
1791.61
4133.84
4133.84
4340.15
4340.15
209.91
209.91
1938.38
1938.38
1184.17
1184.17
2754.91
2754.91
21.20
21.20
18.74
18.74
27.55
27.55
701.80
701.80
453.86
453.86
298.20
298.20
1068.58
1068.58
631.54
631.54
1364.35
1364.35
276.72
276.72
2916.02
2916.02
91.63
91.63
298.94
298.94
565.68
565.68
468.32
468.32
269.43
269.43
471.63
471.63
73.81
73.81
4804.20
4804.20
2629.16
2629.16
18.01
18.01
152.65
152.65
518.04
518.04
10.00
10.00
94.14
94.14
1474.51
1474.51
27.18
27.18
27.42
27.42
4084.18
4084.18
4281.53
4281.53
6906.02
6906.02
6909.60
6909.60
7215.32
7215.32
195.62
195.62
6468.75
6468.75
8424.05
8424.05
7883.55
7883.55
198.32
198.32
4981.30
4981.30
4403.11
4403.11
6252.31
6252.31
6252.31
6252.31
8323.64
8323.64
8517.82
8517.82
8643.88
8643.88
481.83
481.83
3079.47
3079.47
5490.25
5490.25
6700.59
6700.59
6700.59
6700.59
6700.59
6700.59
6700.59
6700.59
9025.12
9025.12
5281.52
5281.52
6518.96
6518.96
492.45
492.45
82.57
82.57
9860.93
9860.93
6838.16
6838.16
9988.37
9988.37
10.00
10.00
3810.60
3810.60
502.57
502.57
4705.22
4705.22
3984.64
3984.64
9502.61
9502.61
9599.11
9599.11
6887.75
6887.75
2957.21
2957.21
4693.70
4693.70
4693.70
4693.70
4693.70
4693.70
6210.20
6210.20
6210.20
6210.20
6210.20
6210.20
6210.20
6210.20
6210.20
6210.20
874.04
874.04
841.19
841.19
1263.51
1263.51
1293.24
1293.24
1626.29
1626.29
453.97
453.97
2045.08
2045.08
2457.54
2457.54
2502.08
2502.08
2853.91
2853.91
1490.38
1490.38
3302.45
3302.45
3649.32
3649.32
3602.82
3602.82
4114.90
4114.90
4109.41
4109.41
4058.04
4058.04
4714.28
4714.28
10.00
10.00
223.42
223.42
10.00
10.00
467.76
467.76
1350.01
1350.01
758.06
758.06
1925.83
1925.83
2047.18
2047.18
1340.16
1340.16
102.78
102.78
92.60
92.60
27.27
27.27
10.00
10.00
4240.78
4240.78
1117.04
1117.04
1481.48
1481.48
148.30
148.30
433.65
433.65
801.37
801.37
955.85
955.85
36.97
36.97
27.26
27.26
149.94
149.94
56.21
56.21
176.21
176.21
10.00
10.00
1370.83
1370.83
424.45
424.45
623.21
623.21
358.66
358.66
10.00
10.00
1163.26
1163.26
1200.69
1200.69
1350.53
1350.53
386.40
386.40
408.00
408.00
110.60
110.60
468.16
468.16
796.80
796.80
109.53
109.53
148.54
148.54
14.55
14.55
354.85
354.85
121.50
121.50
305.85
305.85
388.32
388.32
102.38
102.38
1534.69
1534.69
1891.55
1891.55
1847.29
1847.29
2205.37
2205.37
930.01
930.01
1152.37
1152.37
359.81
359.81
932.77
932.77
64.91
64.91
18.80
18.80
909.54
909.54
390.21
390.21
1467.65
1467.65
64.37
64.37
74.38
74.38
102.96
102.96
82.88
82.88
1128.73
1128.73
408.19
408.19
725.03
725.03
322.67
322.67
1760.68
1760.68
1817.31
1817.31
407.39
407.39
1240.89
1240.89
18.49
18.49
44.33
44.33
55.06
55.06
233.60
233.60
137.31
137.31
159.06
159.06
708.29
708.29
674.07
674.07
867.06
867.06
299.94
299.94
425.34
425.34
1969.38
1969.38
166.38
166.38
300.45
300.45
1166.98
1166.98
1824.04
1824.04
10.00
10.00
2296.68
2296.68
2213.19
2213.19
118.16
118.16
409.95
409.95
2411.93
2411.93
437.75
437.75
2041.51
2041.51
2511.73
2511.73
1855.69
1855.69
1029.68
1029.68
2591.19
2591.19
492.97
492.97
2682.36
2682.36
1821.58
1821.58
3124.72
3124.72
3099.39
3099.39
1842.18
1842.18
3063.03
3063.03
3087.74
3087.74
3240.64
3240.64
3371.87
3371.87
3371.87
3371.87
453.84
453.84
3197.70
3197.70
258.14
258.14
3312.67
3312.67
4047.81
4047.81
4069.38
4069.38
200.03
200.03
3134.98
3134.98
2403.71
2403.71
6378.14
6378.14
6994.76
6994.76
7095.92
7095.92
7119.90
7119.90
7119.90
7119.90
91.70
91.70
2153.48
2153.48
3444.29
3444.29
10.00
10.00
7054.24
7054.24
6656.09
6656.09
44.92
44.92
7901.97
7901.97
7894.60
7894.60
6833.64
6833.64
8129.10
8129.10
8129.10
8129.10
8089.61
8089.61
8089.61
8089.61
8089.61
8089.61
9047.67
9047.67
8846.24
8846.24
4536.80
4536.80
9285.19
9285.19
9077.72
9077.72
9607.78
9607.78
7232.13
7232.13
860.45
860.45
94.04
94.04
5860.96
5860.96
4203.51
4203.51
6625.55
6625.55
1747.18
1747.18
6671.05
6671.05
9473.74
9473.74
5130.50
5130.50
1999.00
1999.00
1947.45
1947.45
3316.14
3316.14
4207.29
4207.29
4207.29
4207.29
4207.29
4207.29
4207.29
4207.29
1130.47
1130.47
2942.07
2942.07
4255.41
4255.41
4512.09
4512.09
5146.15
5146.15
5553.49
5553.49
4442.10
4442.10
7183.77
7183.77
3477.41
