# 1Hz Kbps trace generated by import_real_world_traces.py
2009.07
2069.54
2069.54
1723.74
1723.74
2507.99
2507.99
2660.10
2660.10
1852.29
1852.29
2298.75
2298.75
1016.87
1016.87
1366.73
1366.73
1183.31
1183.31
1421.80
1421.80
2037.87
2037.87
1014.96
1014.96
1565.05
1565.05
1926.90
1926.90
2216.60
2216.60
2152.72
2152.72
1279.50
1279.50
2214.73
2214.73
1690.39
1690.39
1619.66
1619.66
1221.08
1221.08
1221.08
1586.41
2381.12
2381.12
2058.18
2058.18
1312.12
1312.12
1479.18
1479.18
2003.13
2003.13
908.13
908.13
2065.16
2065.16
899.11
899.11
1623.95
1623.95
2079.70
2079.70
1347.94
1347.94
1803.51
1803.51
1232.69
1232.69
1437.40
1437.40
1437.40
2221.25
1145.27
1145.27
1757.66
1757.66
1757.66
2163.96
1482.89
1482.89
2211.44
2211.44
1911.81
1911.81
1927.74
1927.74
2089.43
2089.43
1651.50
1651.50
1651.50
2110.76
2378.37
2378.37
2458.80
2458.80
2458.80
2169.25
1280.80
1280.80
1280.80
2042.39
1450.43
1450.43
1731.04
1731.04
1731.04
1604.74
2198.13
2198.13
1385.77
1385.77
998.69
998.69
998.69
2356.43
2016.93
2016.93
2094.23
2094.23
2094.23
2401.49
1896.49
1896.49
1897.47
1897.47
1645.47
1645.47
1645.47
1953.61
800.61
800.61
971.38
971.38
971.38
1011.28
1011.28
1718.24
922.26
922.26
798.32
798.32
798.32
1167.27
1557.96
1557.96
1605.10
1605.10
1605.10
394.92
394.92
1202.92
1113.39
1113.39
1098.09
1098.09
1373.56
1373.56
924.97
924.97
1571.61
1571.61
1571.61
2252.35
2252.35
1001.53
1001.53
1172.55
1747.15
1747.15
2303.65
2303.65
2303.65
1462.99
1462.99
1559.59
2525.58
2525.58
2132.14
2132.14
2132.14
1832.06
1832.06
1316.40
1668.45
1668.45
1717.35
1717.35
2619.77
2619.77
2619.77
1163.89
1163.89
918.98
918.98
2029.41
1705.27
1705.27
1705.27
2232.51
2232.51
631.97
1733.41
1733.41
1733.41
1840.47
1840.47
2273.40
1860.01
1860.01
1860.01
1745.42
1745.42
2241.20
2241.20
2307.44
2307.44
1286.54
2600.91
2600.91
2056.81
2056.81
2056.81
2071.47
2071.47
2292.72
2214.41
2214.41
2214.41
2706.12
2706.12
2081.91
2081.91
2074.86
2074.86
1271.59
2574.68
2574.68
2574.68
2415.87
2415.87
2076.60
2076.60
2154.80
2154.80
1617.21
1468.77
1468.77
1468.77
1823.70
1823.70
2227.43
2227.43
2782.49
2782.49
2315.39
2315.39
1062.98
1062.98
2600.83
2600.83
1628.97
1628.97
2184.50
2184.50
1390.97
1390.97
2589.84
2589.84
1911.00
1997.86
1997.86
1997.86
2657.55
2657.55
2504.47
2504.47
2699.64
2699.64
2064.41
2064.41
920.59
920.59
1904.82
1904.82
2394.18
2394.18
1607.45
1607.45
2250.80
2250.80
2529.05
2529.05
1619.47
1619.47
2019.35
2019.35
1727.60
1727.60
2254.07
2254.07
2916.71
2916.71
2429.01
2429.01
1933.44
1933.44
2024.47
2024.47
2359.42
2359.42
32.80
32.80
315.06
315.06
1506.80
1506.80
1961.82
1961.82
1574.01
1574.01
1372.58
1372.58
2036.12
2036.12
2437.32
2437.32
1790.53
1790.53
1569.49
1569.49
2117.74
2117.74
2068.16
2068.16
2069.81
2069.81
2140.56
2140.56
2352.62
2352.62
1880.44
1880.44
2150.53
2150.53
1960.26
1960.26
1810.95
1810.95
2435.62
2435.62
1533.05
1533.05
2257.95
2257.95
1117.06
1117.06
2178.67
2178.67
1662.20
1662.20
2218.34
2218.34
1560.20
1560.20
1974.95
1974.95
972.24
972.24
2334.93
2334.93
2022.17
2022.17
1760.52
1760.52
2118.49
2118.49
1757.87
1757.87
2571.68
2571.68
2646.42
2646.42
2929.66
2929.66
2425.44
2425.44
2435.21
2435.21
1967.21
1967.21
1929.67
1929.67
1649.37
1649.37
1979.01
1979.01
2225.36
2225.36
2133.07
2133.07
2080.36
2080.36
2669.66
2669.66
2024.13
2024.13
382.41
382.41
2153.52
2153.52
2460.54
2460.54
2231.83
2231.83
1827.76
1827.76
1748.59
1748.59
2089.65
2089.65
2258.83
2258.83
1925.61
1925.61
2069.02
2069.02
2556.95
2556.95
2364.35
2364.35
2685.77
2685.77
1732.30
1732.30
1009.74
1009.74
1514.05
1514.05
1826.94
1826.94
1997.61
1997.61
2331.45
2331.45
1779.24
1779.24
998.72
998.72
1953.37
1953.37
1333.73
1333.73
2242.06
2242.06
1529.12
1529.12
2375.81
2375.81
2551.95
2551.95
2220.01
2220.01
2087.11
2087.11
2450.30
2450.30
2126.47
2126.47
2515.51
2515.51
2306.16
2306.16
2335.55
2335.55
1726.74
1726.74
2026.79
2026.79
2516.68
2516.68
2100.76
2100.76
1941.31
1941.31
1854.44
1854.44
1507.59
1507.59
2055.67
2055.67
2325.07
2325.07
2662.38
2662.38
2095.40
2095.40
39.46
39.46
1959.11
1959.11
1264.16
1264.16
2252.82
2252.82
1883.38
1883.38
2076.20
2076.20
2059.60
2059.60
2197.70
2197.70
2302.43
2302.43
2534.25
2534.25
2411.48
2411.48
2228.50
2228.50
1005.30
1005.30
1975.73
1975.73
2016.15
2016.15
970.49
970.49
1847.11
1847.11
1055.48
1055.48
1155.48
1155.48
1673.51
1673.51
1679.69
1679.69
1761.77
1761.77
2117.47
2117.47
1909.53
1909.53
1539.34
1539.34
2396.22
2396.22
1100.34
1100.34
2037.87
2037.87
2346.66
2346.66
1964.25
1964.25
1578.24
1578.24
2093.61
2093.61
1379.04
1379.04
1206.05
1206.05
1956.19
1956.19
1596.10
1596.10
2297.24
2297.24
2176.73
2176.73
3001.72
3001.72
2153.13
2153.13
1747.28
1747.28
2533.27
2533.27
2142.40
2142.40
1830.63
1830.63
2224.90
2224.90
1589.25
1589.25
1927.43
1927.43
2222.57
2222.57
977.00
977.00
1677.09
1677.09
2066.28
2066.28
2344.78
2344.78
1995.50
1995.50
2336.53
2336.53
2338.66
2338.66
2377.24
2377.24
1817.72
1817.72
2852.15
2852.15
2373.97
2373.97
981.05
981.05
670.53
670.53
2205.01
2205.01
2009.75
2009.75
1166.69
1166.69
2727.47
2727.47
2225.24
2225.24
2488.29
2488.29
2604.39
2604.39
2246.57
2246.57
2240.67
2240.67
2358.11
2358.11
1740.29
1740.29
1715.15
1715.15
2063.11
2063.11
1236.72
1236.72
1748.73
1748.73
2081.13
2081.13
2641.05
2641.05
2410.20
2410.20
2014.14
2014.14
2027.15
2027.15
2426.40
2426.40
1695.47
1695.47
1485.74
1485.74
1500.34
1500.34
2380.17
2380.17
2442.79
2442.79
1240.97
1240.97
2458.64
2458.64
870.27
870.27
1345.87
1345.87
1233.85
1233.85
502.16
502.16
2164.91
2164.91
1576.65
1576.65
2741.76
2741.76
2831.26
2831.26
1533.81
1533.81
182.88
182.88
2777.68
2777.68
2184.28
2184.28
3178.91
3178.91
2378.17
2378.17
1602.97
1602.97
1044.15
1044.15
1801.42
1801.42
1821.26
1821.26
779.24
779.24
1713.99
1713.99
1639.02
1639.02
1111.90
1111.90
1957.50
1957.50
1591.03
1591.03
2163.50
2163.50
2025.76
2025.76
1896.31
1896.31
1957.45
1957.45
1957.45
1957.45
2176.24
2176.24
2359.09
2359.09
495.26
495.26
591.66
591.66
2460.82
2460.82
1656.62
1656.62
1043.31
1043.31
1957.95
1957.95
2398.84
2398.84
1772.87
1772.87
2438.73
2438.73
1659.68
1659.68
2912.33
2912.33
1574.50
1574.50
2283.24
2283.24
2384.68
2384.68
1305.24
1305.24
1879.93
1879.93
2001.47
2001.47
2507.46
2507.46
1930.30
1930.30
2138.87
2138.87
2118.36
2118.36
1968.71
1968.71
2502.94
2502.94
1401.50
1401.50
2424.72
2424.72
2101.81
2101.81
1703.18
1703.18
729.09
729.09
2506.44
2506.44
2326.46
2326.46
2189.91
2189.91
2087.62
2087.62
2466.58
2466.58
2275.45
2275.45
2410.99
2410.99
2482.10
2482.10
2384.45
2384.45
2502.91
2502.91
1742.28
1742.28
1545.42
1545.42
2406.71
2406.71
2010.34
2010.34
2519.32
2519.32
2152.06
2152.06
2465.89
2465.89
2508.94
2508.94
1377.07
1377.07
991.07
991.07
2199.54
2199.54
1588.81
1588.81
2444.16
2444.16
2231.97
2231.97
1389.75
1389.75
2339.14
2339.14
1343.18
1343.18
2003.87
2003.87
1602.24
1602.24
2336.58
2336.58
2091.44
2091.44
1502.94
1502.94
3028.58
3028.58
2557.94
2557.94
1219.54
1219.54
456.88
456.88
2163.47
2163.47
2401.42
2401.42
2124.27
2124.27
2102.11
2102.11
2593.12
2593.12
1866.38
1866.38
1248.74
1248.74
2017.78
2017.78
1693.30
1693.30
1009.89
1009.89
1788.70
1788.70
1986.47
1986.47
2446.20
2446.20
2380.38
2380.38
2132.35
2132.35
1696.29
1696.29
1833.09
1833.09
2159.73
2159.73
1728.15
1728.15
2575.38
2575.38
2203.36
2203.36
992.49
992.49
1675.46
1675.46
2354.48
2354.48
1616.87
1616.87
1341.48
1341.48
2209.63
2209.63
1635.64
1635.64
1336.15
1336.15
1160.17
1160.17
1375.11
1375.11
1614.26
1614.26
2896.41
2896.41
1801.64
1801.64
1855.06
1855.06
796.15
796.15
1804.09
1804.09
1190.59
1190.59
1665.46
1665.46
2024.43
2024.43
2264.33
2264.33
1930.07
1930.07
2466.12
2466.12
2270.28
2270.28
1396.76
1396.76
2298.12
2298.12
768.74
768.74
2162.12
2162.12
2177.97
2177.97
3037.56
3037.56
1626.09
1626.09
1930.77
1930.77
2175.30
2175.30
2139.87
2139.87
2407.83
2407.83
701.81
701.81
2120.17
2120.17
2725.72
2725.72
1358.71
1358.71
2014.87
2014.87
1652.74
1652.74
2263.92
2263.92
1774.02
1774.02
808.90
808.90
2543.21
2543.21
1832.12
1832.12
1419.69
1419.69
675.10
675.10
2671.12
2671.12
1580.99
1580.99
1978.39
1978.39
2777.71
2777.71
1802.96
1802.96
1780.37
1780.37
2484.86
2484.86
1636.09
1636.09
1862.10
1862.10
1087.31
1087.31
2427.05
2427.05
2187.51
2187.51
2779.58
2779.58
1821.00
1821.00
1858.99
1858.99
362.90
362.90
2305.87
2305.87
2317.15
2317.15
1835.32
1835.32
1835.32
2030.11
1875.05
1875.05
2564.60
2564.60
1855.54
1855.54
884.16
884.16
1097.26
1097.26
1722.12
1722.12
1327.57
1327.57
2540.80
2540.80
2141.28
2141.28
2194.14
2194.14
2276.53
2276.53
803.89
803.89
1617.92
1617.92
1809.63
1809.63
1809.63
2051.59
2115.41
2115.41
2310.43
2310.43
1992.14
1992.14
1548.55
1548.55
1645.94
1645.94
2026.83
2026.83
2026.83
1769.67
1433.81
1433.81
2006.25
2006.25
1890.68
1890.68
1890.68
2161.77
2412.69
2412.69
2276.73
2276.73
2311.56
2311.56
2311.56
1558.31
1558.31
2200.56
1602.00
1602.00
2067.74
2067.74
2390.99
2390.99
2390.99
1739.72
64.93
64.93
911.38
911.38
2114.16
2114.16
2114.16
1670.58
1091.62
1091.62
1906.52
1906.52
1969.06
1969.06
1925.53
1925.53
1925.53
1971.81
1296.76
1296.76
2369.68
2369.68
2221.65
2221.65
2208.28
2208.28
2240.84
2240.84
2065.62
2065.62
2065.62
1555.22
2291.41
2291.41
2587.66
2587.66
2057.50
2057.50
2057.50
2135.94
2135.94
1290.27
1698.06
1698.06
2199.07
2199.07
2199.07
2797.83
2052.50
2052.50
785.59
785.59
785.59
1611.64
1611.64
1418.75
1925.36
1925.36
1925.36
2288.86
2288.86
2169.68
1015.77
1015.77
1015.77
942.24
942.24
1695.81
1241.71
1241.71
1241.71
953.58
2439.24
2439.24
1829.20
1829.20
1829.20
2167.49
2167.49
2050.34
964.96
964.96
1612.79
1612.79
1612.79
1612.79
1612.79
813.58
1810.19
1810.19
1810.19
1590.63
1590.63
979.06
1842.93
1842.93
1842.93
1924.22
1924.22
857.66
857.66
1782.94
1782.94
1163.12
1163.12
2396.70
2396.70
2334.73
2334.73
1705.02
1705.02
2010.63
2010.63
1646.53
1646.53
1911.05
1911.05
2046.38
2046.38
1321.82
1374.54
1374.54
1374.54
1145.01
1145.01
863.52
2117.53
2117.53
2117.53
676.34
676.34
1896.36
1505.31
1505.31
1505.31
918.93
918.93
1928.17
1928.17
494.76
494.76
2014.44
2014.44
2073.08
1554.21
1554.21
1554.21
1448.78
1448.78
1983.82
1983.82
990.58
990.58
1435.77
1435.77
2613.52
2613.52
1382.54
1382.54
1857.20
1857.20
923.10
923.10
1879.23
1879.23
2124.21
2124.21
1156.71
1156.71
1969.61
1969.61
2120.55
2120.55
2098.37
2098.37
2314.64
2314.64
1768.32
1768.32
1426.02
1426.02
2172.67
2172.67
1007.56
1007.56
729.61
729.61
1768.17
1768.17
1832.82
1832.82
2157.09
2157.09
2672.73
2672.73
2331.88
2331.88
1988.36
1988.36
1001.79
1001.79
1043.76
1043.76
1125.40
1125.40
1844.35
1844.35
2007.14
2007.14
944.64
944.64
2192.20
2192.20
2038.30
2038.30
1714.16
1714.16
2112.87
2112.87
1023.91
1023.91
1262.37
1262.37
2163.70
2163.70
1577.42
1577.42
1245.92
1245.92
1710.25
1710.25
1883.61
1883.61
1615.60
1615.60
889.97
889.97
2118.67
2118.67
1390.89
1390.89
1214.17
1214.17
1696.55
1696.55
1713.69
1713.69
1389.04
1389.04
1852.63
1852.63
2245.15
2245.15
772.88
772.88
2122.16
2122.16
921.90
921.90
2264.19
2264.19
2338.89
2338.89
1537.96
1537.96
2362.63
2362.63
1302.42
1302.42
1927.28
1927.28
1855.28
1855.28
1957.34
1957.34
2153.01
2153.01
1503.28
1503.28
2382.08
2382.08
1887.37
1887.37
812.83
812.83
2053.20
2053.20
1678.14
1678.14
2608.92
2608.92
1948.87
1948.87
2165.90
2165.90
1756.34
1756.34
1647.02
1647.02
2221.92
2221.92
1760.32
1760.32
1922.62
1922.62
2228.42
2228.42
2434.51
2434.51
1505.12
1505.12
2012.15
2012.15
1358.18
1358.18
1770.87
1770.87
1303.95
1303.95
1596.18
1596.18
1735.85
1735.85
2076.06
2076.06
1518.60
1518.60
1846.52
1846.52
2260.96
2260.96
615.86
615.86
1744.73
1744.73
761.70
761.70
1293.93
1293.93
2254.86
2254.86
747.54
747.54
2399.36
2399.36
1411.11
1411.11
2783.36
2783.36
1917.84
1917.84
754.30
754.30
1532.85
1532.85
196.88
196.88
2737.87
2737.87
1319.00
1319.00
2781.06
2781.06
2331.93
2331.93
789.09
789.09
1079.16
1079.16
850.26
850.26
1006.55
1006.55
1690.66
1690.66
913.74
913.74
450.62
450.62
1540.42
1540.42
828.08
828.08
2269.13
2269.13
2781.09
2781.09
1290.95
1290.95
1258.71
1258.71
731.61
731.61
2178.52
2178.52
900.92
900.92
2457.05
2457.05
2381.51
2381.51
2124.74
2124.74
2388.47
2388.47
615.56
615.56
2175.47
2175.47
2270.60
2270.60
2142.10
2142.10
2221.25
2221.25
2541.96
2541.96
1621.65
1621.65
2793.91
2793.91
1865.55
1865.55
1441.63
1441.63
1955.58
1955.58
2272.62
2272.62
1809.06
1809.06
1218.57
1218.57
2476.92
2476.92
1607.26
1607.26
1619.61
1619.61
990.46
990.46
1750.57
1750.57
2498.28
2498.28
1662.48
1662.48
1832.72
1832.72
1657.04
1657.04
956.50
956.50
1988.24
1988.24
2385.31
2385.31
2502.37
2502.37
1248.86
1248.86
1322.07
1322.07
2031.62
2031.62
1655.92
1655.92
1833.20
1833.20
1456.02
1456.02
2263.59
2263.59
1896.02
1896.02
1003.87
1003.87
2162.55
2162.55
713.15
713.15
1315.88
1315.88
1810.87
1810.87
1604.15
1604.15
2733.45
2733.45
716.34
716.34
1105.53
1105.53
353.39
353.39
2394.64
2394.64
1787.34
1787.34
1233.73
1233.73
2050.01
2050.01
1283.00
1283.00
2347.79
2347.79
831.34
831.34
2229.04
2229.04
2101.66
2101.66
2036.85
2036.85
1645.56
1645.56
2097.42
2097.42
1478.72
1478.72
1621.14
1621.14
1543.43
1543.43
335.84
335.84
851.06
851.06
2037.56
2037.56
1608.24
1608.24
1522.05
1522.05
1777.69
1777.69
1752.40
1752.40
2520.72
2520.72
2507.98
2507.98
915.98
915.98
954.80
954.80
1202.97
1202.97
904.45
904.45
769.50
769.50
1386.11
1386.11
1559.93
1559.93
1251.95
1251.95
1886.14
1886.14
1856.14
1856.14
611.12
611.12
1624.29
1624.29
1928.99
1928.99
1926.76
1926.76
2531.58
2531.58
2505.02
2505.02
1545.87
1545.87
2314.82
2314.82
733.17
733.17
1792.93
1792.93
2213.35
2213.35
2257.38
2257.38
1271.68
1271.68
1110.27
1110.27
2018.71
2018.71
2572.63
2572.63
2086.81
2086.81
2284.30
2284.30
2032.40
2032.40
1965.61
1965.61
1210.96
1210.96
1897.67
1897.67
1509.09
1509.09
1412.94
1412.94
2284.32
2284.32
402.46
402.46
1152.40
1152.40
1970.94
1970.94
2132.97
2132.97
1045.34
1045.34
1330.12
1330.12
1416.99
1416.99
2558.24
2558.24
2081.04
2081.04
1116.84
1116.84
1539.36
1539.36
2664.68
2664.68
1527.88
1527.88
1219.24
1219.24
2300.79
2300.79
485.18
485.18
2104.15
2104.15
2078.71
2078.71
2076.34
2076.34
2237.43
2237.43
2037.33
2037.33
2031.09
2031.09
1788.01
1788.01
952.13
952.13
1785.80
1785.80
1764.21
1764.21
1397.99
1397.99
1548.70
1548.70
886.75
886.75
1588.90
1588.90
1723.49
1723.49
870.19
870.19
1741.01
1741.01
1987.56
1987.56
1427.30
1427.30
1641.73
1641.73
2145.03
2145.03
1568.48
1568.48
1947.89
1947.89
1883.06
1883.06
2333.36
2333.36
1810.39
1810.39
2300.09
2300.09
1917.36
1917.36
2036.10
2036.10
1878.83
1878.83
2172.27
2172.27
1741.06
1741.06
2091.01
2091.01
1852.76
1852.76
1873.00
1873.00
1499.18
1499.18
1020.52
1020.52
1751.79
1751.79
1920.12
1920.12
497.43
497.43
1664.93
1664.93
2634.16
2634.16
1964.26
1964.26
2453.93
2453.93
1447.25
1447.25
1699.87
1699.87
2144.62
2144.62
1920.87
1920.87
576.20
576.20
1842.54
1842.54
2173.95
2173.95
2158.24
2158.24
1492.56
1492.56
1809.54
1809.54
1195.10
1195.10
2409.33
2409.33
2320.45
2320.45
2207.88
2207.88
2207.88
2207.88
1891.75
1891.75
2063.28
2063.28
1672.30
1672.30
2382.91
2382.91
2284.53
2284.53
1732.85
1732.85
1771.06
1771.06
1464.48
1464.48
2593.21
2593.21
2383.80
2383.80
2403.52
2403.52
1298.32
1298.32
2018.40
2018.40
2126.26
2126.26
2189.10
2189.10
2514.90
2514.90
1756.55
1756.55
1777.32
1777.32
2641.99
2641.99
1858.66
1858.66
2101.08
2101.08
789.19
789.19
2079.57
2079.57
1679.51
1679.51
1623.49
1623.49
1835.26
1835.26
1915.49
1915.49
2699.03
2699.03
1919.09
1919.09
2082.53
2082.53
2373.24
2373.24
1383.67
1383.67
2101.61
2101.61
868.62
868.62
2578.91
2578.91
1846.32
1846.32
1026.23
1026.23
2389.42
2389.42
1744.05
1744.05
1834.08
1834.08
2181.26
2181.26
1377.35
1377.35
1846.78
1846.78
1592.38
1592.38
2050.75
2050.75
2090.11
2090.11
1309.89
1309.89
2047.54
2047.54
1959.24
1959.24
2120.47
2120.47
1703.27
1703.27
2620.11
2620.11
1788.45
1788.45
1465.28
1465.28
791.24
791.24
1911.46
1911.46
2228.52
2228.52
1112.13
1112.13
2131.55
2131.55
1306.34
1306.34
1380.17
1380.17
1766.64
1766.64
1989.51
1989.51
1304.40
1304.40
584.00
584.00
1693.84
1693.84
1350.80
1350.80
1922.38
1922.38
2342.40
2342.40
1136.67
1136.67
2397.18
2397.18
2173.40
2173.40
1550.62
1550.62
1633.43
1633.43
1970.96
1970.96
927.61
927.61
2311.18
2311.18
1944.17
1944.17
1446.94
1446.94
1854.41
1854.41
2051.85
2051.85
2051.85
1967.00
1770.27
1770.27
2443.61
2443.61
1745.67
1745.67
2247.72
2247.72
2188.68
2188.68
1513.57
1513.57
1209.94
1209.94
1634.22
1634.22
933.09
933.09
1742.64
1742.64
2687.15
2687.15
1876.93
1876.93
1876.93
1384.59
1970.62
1970.62
1909.10
1909.10
1909.10
1869.39
2318.76
2318.76
2318.76
2157.93
2157.93
2128.68
1357.34
1357.34
1440.57
1440.57
1854.81
1854.81
1854.81
2532.40
2191.52
2191.52
2166.55
2166.55
2166.55
1663.05
2120.97
2120.97
2028.30
2028.30
2028.30
2001.96
2062.88
2062.88
1229.43
1229.43
2400.00
2400.00
2400.00
1635.36
1149.57
1149.57
2280.99
2280.99
1040.54
1040.54
1040.54
2710.64
1010.11
1010.11
1747.05
1747.05
1532.50
1532.50
1532.50
521.85
2191.42
2191.42
1175.75
1175.75
1175.75
2321.06
1579.85
1579.85
849.86
849.86
902.12
902.12
902.12
1879.53
1879.53
1218.32
1316.13
1316.13
1611.82
1611.82
1611.82
2585.19
2034.06
2034.06
1598.85
1598.85
1598.85
929.41
929.41
2359.29
2359.29
1360.77
1360.77
1713.42
1954.53
1954.53
1954.53
605.48
605.48
1512.33
1512.33
1487.45
1394.08
1394.08
2192.89
2192.89
2192.89
1574.45
1574.45
1912.02
1912.02
1506.14
2263.27
2263.27
2263.27
2279.81
2279.81
1326.06
1578.54
1578.54
1225.54
1225.54
1225.54
1908.05
1908.05
1803.68
1803.68
1075.51
1513.11
1513.11
1513.11
1884.68
1884.68
863.58
1715.58
1715.58
1571.31
1571.31
1571.31
2027.73
2027.73
463.12
2135.87
2135.87
2135.87
1506.99
1506.99
1982.83
1514.20
1514.20
1514.20
1562.64
1562.64
1593.24
1593.24
1665.33
1665.33
2052.72
2042.51
2042.51
2042.51
1173.27
1173.27
1765.99
2539.39
2539.39
2539.39
1237.35
1237.35
1781.82
1781.82
2294.66
2294.66
1351.93
1351.93
1804.01
1804.01
1602.21
1602.21
2030.91
2388.71
2388.71
2388.71
1369.29
1369.29
2246.49
1622.05
1622.05
1622.05
1957.77
1957.77
2047.77
2047.77
1583.60
1583.60
2348.20
2348.20
1927.02
1927.02
1973.12
1791.52
1791.52
1791.52
1497.12
1497.12
1448.86
1448.86
599.68
599.68
1524.99
1524.99
2266.57
2266.57
1001.84
1001.84
1248.80
1248.80
1658.85
1658.85
2194.88
2194.88
1144.39
1144.39
1923.33
1923.33
2205.94
2205.94
1278.54
1278.54
1521.97
1521.97
2062.78
2062.78
1645.75
1645.75
2071.81
2071.81
2393.27
2393.27
2125.76
2125.76
2130.51
2130.51
2293.56
2293.56
1838.99
1838.99
1523.24
1523.24
2211.49
2211.49
1673.47
1673.47
2158.01
2158.01
2306.09
2306.09
1967.15
1967.15
1721.59
1721.59
1916.12
1916.12
2115.29
2115.29
1978.37
1978.37
2053.93
2053.93
1984.77
1984.77
1393.11
1393.11
2512.91
2512.91
2231.97
2231.97
2106.11
2106.11
1514.69
1514.69
2281.88
2281.88
1600.66
1600.66
1745.26
1745.26
1849.99
1849.99
2202.32
2202.32
1419.16
1419.16
1733.73
1733.73
1550.17
1550.17
2014.96
2014.96
1839.76
1839.76
2206.90
2206.90
1882.24
1882.24
1275.51
1275.51
2422.37
2422.37
2248.38
2248.38
1974.22
1974.22
863.13
863.13
1908.62
1908.62
1795.43
1795.43
1795.65
1795.65
1919.61
1919.61
1705.26
1705.26
1999.60
1999.60
1963.92
1963.92
1626.68
1626.68
946.34
946.34
1889.47
1889.47
1681.96
1681.96
1387.15
1387.15
2332.96
2332.96
1438.47
1438.47
933.17
933.17
1719.07
1719.07
1513.30
1513.30
736.52
736.52
1642.73
1642.73
1455.03
1455.03
1465.60
1465.60
1840.43
1840.43
1865.31
1865.31
1027.94
1027.94
2518.56
2518.56
1739.00
1739.00
2553.08
2553.08
1544.15
1544.15
1924.59
1924.59
2202.64
2202.64
1892.43
1892.43
1976.03
1976.03
308.22
308.22
1850.66
1850.66
1769.74
1769.74
1283.04
1283.04
1410.41
1410.41
1427.79
1427.79
1447.68
1447.68
1008.34
1008.34
1372.65
1372.65
804.06
804.06
1554.05
1554.05
939.96
939.96
2317.96
2317.96
1929.24
1929.24
2515.72
2515.72
1327.40
1327.40
2925.21
2925.21
2266.05
2266.05
2004.95
2004.95
1168.19
1168.19
2603.42
2603.42
2031.64
2031.64
2352.17
2352.17
2894.22
2894.22
1017.63
1017.63
2509.02
2509.02
2060.74
2060.74
1268.49
1268.49
2518.77
2518.77
1665.20
1665.20
1490.97
1490.97
2245.81
2245.81
760.13
760.13
1948.40
1948.40
2505.24
2505.24
1968.28
1968.28
869.29
869.29
2153.00
2153.00
2283.57
2283.57
2243.94
2243.94
1761.20
1761.20
2098.51
2098.51
2138.67
2138.67
882.02
882.02
1840.81
1840.81
2407.08
2407.08
1958.93
1958.93
1942.03
1942.03
2086.19
2086.19
2008.30
2008.30
2012.68
2012.68
1955.37
1955.37
2650.55
2650.55
2398.15
2398.15
2235.72
2235.72
2127.32
2127.32
2092.46
2092.46
2645.98
2645.98
1545.68
1545.68
2606.80
2606.80
2270.14
2270.14
2370.23
2370.23
2125.39
2125.39
2216.25
2216.25
2634.79
2634.79
759.43
759.43
2198.01
2198.01
2008.66
2008.66
2022.51
2022.51
2692.46
2692.46
1993.10
1993.10
1854.02
1854.02
1568.03
1568.03
2388.20
2388.20
2546.71
2546.71
1857.45
1857.45
2753.92
2753.92
1714.19
1714.19
2208.58
2208.58
2203.91
2203.91
2443.86
2443.86
2345.40
2345.40
2196.30
2196.30
1763.63
1763.63
2351.08
2351.08
1910.93
1910.93
1485.37
1485.37
1360.34
1360.34
2566.51
2566.51
2221.62
2221.62
1954.99
1954.99
2540.75
2540.75
2064.34
2064.34
2574.27
2574.27
2133.85
2133.85
2052.78
2052.78
2284.40
2284.40
2230.38
2230.38
1891.96
1891.96
2389.73
2389.73
2811.34
2811.34
1834.04
1834.04
1949.92
1949.92
2585.14
2585.14
2345.67
2345.67
2396.03
2396.03
1984.38
1984.38
1762.69
1762.69
1983.10
1983.10
2097.08
2097.08
1672.39
1672.39
2354.30
2354.30
2804.57
2804.57
700.78
700.78
2066.67
2066.67
1789.12
1789.12
2319.81
2319.81
2502.09
2502.09
956.88
956.88
1364.74
1364.74
2795.69
2795.69
2429.58
2429.58
2324.92
2324.92
2517.44
2517.44
2764.15
2764.15
1452.11
1452.11
2199.89
2199.89
2284.59
2284.59
1592.22
1592.22
2450.57
2450.57
1395.14
1395.14
2185.98
2185.98
1000.81
1000.81
1696.57
1696.57
1609.29
1609.29
2398.70
2398.70
2749.46
2749.46
1212.06
1212.06
2863.43
2863.43
2498.85
2498.85
797.40
797.40
889.02
889.02
2187.84
2187.84
1453.96
1453.96
1691.56
1691.56
2399.70
2399.70
1997.82
1997.82
1943.74
1943.74
2133.49
2133.49
946.72
946.72
2467.64
2467.64
2570.75
2570.75
1678.78
1678.78
1984.72
1984.72
1964.36
1964.36
839.12
839.12
2240.94
2240.94
1656.64
1656.64
2023.05
2023.05
2396.61
2396.61
2180.30
2180.30
1603.79
1603.79
2209.84
2209.84
1865.55
1865.55
1460.43
1460.43
2252.68
2252.68
999.77
999.77
1454.61
1454.61
2280.66
2280.66
1613.17
1613.17
897.40
897.40
1531.80
1531.80
1684.75
1684.75
2155.64
2155.64
1909.28
1909.28
1838.76
1838.76
2209.39
2209.39
2013.27
2013.27
818.44
818.44
1552.15
1552.15
1709.49
1709.49
2603.12
2603.12
2106.36
2106.36
2057.18
2057.18
2160.94
2160.94
1685.71
1685.71
2329.51
2329.51
1358.83
1358.83
1903.18
1903.18
1924.78
1924.78
1538.81
1538.81
2150.91
2150.91
1662.49
1662.49
2337.95
2337.95
2197.32
2197.32
1415.49
1415.49
2032.24
2032.24
1461.38
1461.38
2385.18
2385.18
2392.88
2392.88
2401.94
2401.94
2376.93
2376.93
1810.36
1810.36
2816.21
2816.21
2000.70
2000.70
2117.25
2117.25
2053.07
2053.07
1600.78
1600.78
2099.54
2099.54
1621.03
1621.03
2361.30
2361.30
1339.84
1339.84
2174.34
2174.34
1996.53
1996.53
2052.00
2052.00
2429.76
2429.76
1589.86
1589.86
2011.25
2011.25
1715.78
1715.78
1859.69
1859.69
2271.46
2271.46
1421.76
1421.76
2145.90
2145.90
2358.17
2358.17
2081.03
2081.03
2407.97
2407.97
2557.52
2557.52
2452.79
2452.79
1613.36
1613.36
2153.39
2153.39
1787.69
1787.69
1730.26
1730.26
1504.81
1504.81
1557.27
1557.27
1934.64
1934.64
2114.75
2114.75
1096.42
1096.42
2157.19
2157.19
1794.48
1794.48
2464.67
2464.67
2060.05
2060.05
1030.61
1030.61
1822.02
1822.02
1994.42
1994.42
2069.03
2069.03
1805.90
1805.90
2039.91
2039.91
2203.10
2203.10
1916.89
1916.89
2245.30
2245.30
1779.04
1779.04
2436.60
2436.60
2150.08
2150.08
2387.17
2387.17
1844.16
1844.16
2006.92
2006.92
2594.57
2594.57
1986.86
1986.86
1228.09
1228.09
1591.17
1591.17
1134.98
1134.98
1322.57
1322.57
2015.63
2015.63
2471.39
2471.39
2069.72
2069.72
2500.94
2500.94
1987.73
1987.73
1058.17
1058.17
473.28
473.28
2019.85
2019.85
2176.29
2176.29
1903.19
1903.19
1809.72
1809.72
1960.89
1960.89
1403.50
1403.50
1765.40
1765.40
2032.92
2032.92
2206.04
2206.04
1868.09
1868.09
1564.56
1564.56
2300.84
2300.84
1029.96
1029.96
2705.88
2705.88
1915.16
1915.16
1098.62
1098.62
2110.32
2110.32
1920.91
1920.91
1482.54
1482.54
2261.10
2261.10
2399.73
2399.73
2144.09
2144.09
2171.17
2171.17
2115.83
2115.83
2261.37
2261.37
2536.41
2536.41
29.74
29.74
1928.83
1928.83
2320.23
2320.23
2093.29
2093.29
1157.93
1157.93
1941.74
1941.74
2903.22
2903.22
1952.64
1952.64
2390.48
2390.48
3173.98
3173.98
2265.77
2265.77
2422.79
2422.79
1556.24
1556.24
1878.53
1878.53
2472.36
2472.36
2472.36
2362.39
1182.70
1182.70
2504.78
2504.78
2546.08
2546.08
2663.95
2663.95
2663.95
2215.78
1962.14
1962.14
2590.39
2590.39
2904.28
2904.28
1594.24
1594.24
1594.24
2183.74
2220.86
2220.86
2401.85
2401.85
2651.84
2651.84
2651.84
2142.00
2932.64
2932.64
2586.92
2586.92
2673.43
2673.43
2721.78
2721.78
2721.78
2425.51
2305.33
2305.33
1196.02
1196.02
2477.29
2477.29
2477.29
1554.40
1185.10
1185.10
2379.59
2379.59
2580.36
2580.36
2748.13
2748.13
2748.13
2358.53
2358.53
2238.01
873.99
873.99
2497.28
2497.28
2497.28
3023.14
2377.39
2377.39
2439.30
2439.30
2439.30
2799.25
2799.25
2468.99
2468.99
2862.62
1803.66
1803.66
1803.66
2828.35
2828.35
2346.49
2346.49
2255.97
2425.93
2425.93
2226.88
2226.88
2226.88
2598.66
2598.66
2356.02
2497.74
2497.74
2120.63
2120.63
2418.96
2418.96
2418.96
2752.74
2752.74
2549.82
2857.53
2857.53
2857.53
2344.04
2344.04
2508.22
2508.22
2473.90
2296.23
2296.23
2296.23
2488.53
2488.53
2744.76
2068.01
2068.01
2068.01
2240.37
2240.37
1705.60
2272.34
2272.34
2272.34
2278.96
2278.96
2710.71
2710.71
1294.03
2365.75
2365.75
2365.75
1279.69
1279.69
2536.76
2536.76
2477.56
1225.43
1225.43
1225.43
2663.02
2663.02
1224.79
1224.79
2521.37
2521.37
2158.54
2229.44
2229.44
2229.44
2569.83
2569.83
1125.80
1125.80
1054.74
2508.72
2508.72
2508.72
2345.98
2345.98
2290.47
2290.47
2202.34
2183.90
2183.90
2269.11
2269.11
2269.11
2340.58
2340.58
2384.90
2384.90
1999.44
1999.44
2744.28
2744.28
2989.70
2989.70
2109.72
2109.72
2845.30
2845.30
2845.30
2845.30
2243.32
2243.32
1965.89
1965.89
2976.18
2976.18
2567.61
2567.61
1794.63
1794.63
1189.15
1189.15
1881.07
1881.07
2557.33
2557.33
2594.91
2594.91
2594.91
2594.91
2841.45
2841.45
2411.00
2411.00
2425.22
2425.22
2408.73
2408.73
2492.77
2492.77
2272.65
2272.65
2235.74
2235.74
2539.84
2539.84
2034.20
2034.20
2793.77
2793.77
2682.19
2682.19
2481.40
2481.40
2260.14
2260.14
2213.29
2213.29
2546.66
2546.66
1192.73
1192.73
2189.17
2189.17
2233.05
2233.05
2651.01
2651.01
2335.19
2335.19
2275.37
2275.37
2203.73
2203.73
2450.12
2450.12
2580.00
2580.00
2451.59
2451.59
1691.67
1691.67
2538.57
2538.57
2403.71
2403.71
514.21
514.21
785.56
785.56
651.51
651.51
2774.57
2774.57
2181.12
2181.12
2553.62
2553.62
1939.26
1939.26
2441.20
2441.20
2084.68
2084.68
2288.86
2288.86
2625.39
2625.39
2237.53
2237.53
2497.05
2497.05
2404.00
2404.00
2571.45
2571.45
2120.75
2120.75
2291.84
2291.84
2724.87
2724.87
2035.25
2035.25
2583.93
2583.93
2343.57
2343.57
1440.83
1440.83
2404.64
2404.64
2235.98
2235.98
2470.00
2470.00
2489.09
2489.09
2275.50
2275.50
2746.41
2746.41
2065.74
2065.74
2547.50
2547.50
1971.56
1971.56
2007.62
2007.62
2307.07
2307.07
2446.99
2446.99
2513.88
2513.88
2158.75
2158.75
2104.01
2104.01
2350.94
2350.94
2251.68
2251.68
2543.57
2543.57
1516.07
1516.07
1354.21
1354.21
2131.56
2131.56
1240.83
1240.83
2358.38
2358.38
2475.48
2475.48
1647.36
1647.36
2194.26
2194.26
1307.52
1307.52
2540.35
2540.35
2133.33
2133.33
2736.06
2736.06
2093.10
2093.10
2864.18
2864.18
2245.16
2245.16
993.91
993.91
2104.56
2104.56
2221.63
2221.63
2431.72
2431.72
2135.09
2135.09
2844.21
2844.21
1436.18
1436.18
2325.37
2325.37
2540.93
2540.93
2078.80
2078.80
2711.97
2711.97
1827.26
1827.26
2059.96
2059.96
2459.69
2459.69
2100.13
2100.13
2309.25
2309.25
2287.47
2287.47
3016.39
3016.39
2261.28
2261.28
2296.17
2296.17
3099.51
3099.51
2354.25
2354.25
2890.70
2890.70
2345.96
2345.96
2220.85
2220.85
2356.10
2356.10
1436.59
1436.59
878.98
878.98
2137.07
2137.07
2621.84
2621.84
2497.08
2497.08
2116.90
2116.90
2761.87
2761.87
2240.85
2240.85
2753.57
2753.57
2059.29
2059.29
2053.45
2053.45
2279.79
2279.79
2114.32
2114.32
2726.49
2726.49
2186.06
2186.06
2435.19
2435.19
2403.62
2403.62
2457.56
2457.56
1753.12
1753.12
2128.27
2128.27
2309.94
2309.94
2719.24
2719.24
1326.10
1326.10
2302.61
2302.61
2509.79
2509.79
2345.28
2345.28
2264.38
2264.38
1243.91
1243.91
2289.41
2289.41
2509.77
2509.77
878.63
878.63
2573.43
2573.43
1232.16
1232.16
1209.79
1209.79
2533.97
2533.97
2327.28
2327.28
2363.48
2363.48
1368.71
1368.71
1102.33
1102.33
2583.12
2583.12
2269.96
2269.96
1271.41
1271.41
2691.68
2691.68
2103.04
2103.04
2730.53
2730.53
2729.40
2729.40
2319.90
2319.90
2192.91
2192.91
2511.73
2511.73
2634.30
2634.30
1395.01
1395.01
2067.25
2067.25
2339.44
2339.44
1671.12
1671.12
2948.06
2948.06
2995.10
2995.10
2327.31
2327.31
2355.24
2355.24
2285.52
2285.52
2430.13
2430.13
1151.71
1151.71
1434.15
1434.15
2250.85
2250.85
2696.69
2696.69
2139.18
2139.18
1113.73
1113.73
2435.50
2435.50
2458.97
2458.97
2507.72
2507.72
2265.31
2265.31
2332.22
2332.22
1349.32
1349.32
2097.26
2097.26
2614.59
2614.59
2496.73
2496.73
2435.09
2435.09
2596.76
2596.76
2160.91
2160.91
2693.04
2693.04
2089.52
2089.52
3025.56
3025.56
2196.10
2196.10
2601.43
2601.43
2423.86
2423.86
1771.05
1771.05
2880.19
2880.19
2257.91
2257.91
2574.63
2574.63
1999.12
1999.12
1755.71
1755.71
2445.85
2445.85
733.08
733.08
903.18
903.18
1970.17
1970.17
2723.38
2723.38
1980.50
1980.50
2320.15
2320.15
620.28
620.28
2018.40
2018.40
2384.32
2384.32
1977.88
1977.88
1248.25
1248.25
2068.38
2068.38
1831.53
1831.53
2145.54
2145.54
2002.19
2002.19
1817.04
1817.04
765.41
765.41
2221.09
2221.09
2928.24
2928.24
1366.19
1366.19
1391.07
1391.07
2059.63
2059.63
900.83
900.83
1879.28
1879.28
1473.11
1473.11
2251.49
2251.49
2072.63
2072.63
2667.16
2667.16
2031.92
2031.92
934.59
934.59
2162.67
2162.67
1878.17
1878.17
2363.63
2363.63
2057.34
2057.34
2209.87
2209.87
2181.47
2181.47
1698.61
1698.61
2083.10
2083.10
1951.22
1951.22
2135.96
2135.96
1718.66
1718.66
1919.19
1919.19
2240.10
2240.10
2133.98
2133.98
2059.77
2059.77
2095.52
2095.52
2346.09
2346.09
2067.78
2067.78
1977.68
1977.68
2616.41
2616.41
1975.41
1975.41
3004.49
3004.49
2206.92
2206.92
2000.57
2000.57
2383.51
2383.51
2610.84
2610.84
2555.76
2555.76
2250.47
2250.47
2164.26
2164.26
1927.83
1927.83
2249.86
2249.86
2393.93
2393.93
2328.55
2328.55
2457.70
2457.70
2547.44
2547.44
2052.26
2052.26
2454.14
2454.14
2224.79
2224.79
1719.09
1719.09
1137.18
1137.18
2484.35
2484.35
1520.41
1520.41
2230.09
2230.09
2623.46
2623.46
1979.75
1979.75
2522.76
2522.76
1206.45
1206.45
2158.00
2158.00
2426.87
2426.87
1250.76
1250.76
2177.38
2177.38
2384.16
2384.16
2092.27
2092.27
2017.61
2017.61
2427.12
2427.12
2406.37
2406.37
2225.68
2225.68
2545.29
2545.29
1166.51
1166.51
2276.31
2276.31
2766.11
2766.11
2591.89
2591.89
2143.73
2143.73
2450.70
2450.70
1241.83
1241.83
2786.55
2786.55
2375.14
2375.14
2815.52
2815.52
2295.95
2295.95
2164.33
2164.33
2208.60
2208.60
1179.14
1179.14
2380.58
2380.58
2100.35
2100.35
2649.97
2649.97
1583.10
1583.10
2092.39
2092.39
2299.31
2299.31
2172.79
2172.79
2291.88
2291.88
2201.00
2201.00
2351.04
2351.04
2296.47
2296.47
1280.16
1280.16
1259.53
1259.53
1160.34
1160.34
1901.08
1901.08
2178.76
2178.76
2259.17
2259.17
1106.80
1106.80
2183.14
2183.14
2654.96
2654.96
2411.74
2411.74
2810.07
2810.07
2210.44
2210.44
2239.10
2239.10
2218.54
2218.54
2384.48
2384.48
2309.14
2309.14
1159.39
1159.39
875.47
875.47
1294.53
1294.53
1009.04
1009.04
2939.57
2939.57
2599.64
2599.64
2421.80
2421.80
2018.38
2018.38
1941.90
1941.90
2209.59
2209.59
1818.37
1818.37
2449.83
2449.83
2308.68
2308.68
2445.24
2445.24
2318.98
2318.98
2281.34
2281.34
2281.34
2281.34
2085.60
2085.60
2806.78
2806.78
2660.11
2660.11
765.92
765.92
2906.45
2906.45
2391.37
2391.37
2496.53
2496.53
1823.17
1823.17
2243.34
2243.34
1228.10
1228.10
2497.80
2497.80
2323.23
2323.23
1437.87
1437.87
2705.65
2705.65
1245.85
1245.85
2288.29
2288.29
2272.96
2272.96
2281.11
2281.11
2281.11
3001.55
2141.46
2141.46
2812.83
2812.83
2336.96
2336.96
2193.24
2193.24
2214.44
2214.44
2210.34
2210.34
2813.21
2813.21
2198.20
2198.20
2273.13
2273.13
2576.40
2576.40
2576.40
2576.40
2778.26
2778.26
2087.63
2087.63
1614.64
1614.64
2166.41
2166.41
2406.25
2406.25
1498.51
1498.51
588.54
588.54
1607.65
1607.65
1838.34
1838.34
2429.58
2429.58
2412.94
2412.94
933.45
933.45
933.45
2201.61
1910.45
1910.45
2171.97
2171.97
2171.97
1253.61
1810.19
1810.19
893.31
893.31
893.31
740.11
2632.06
2632.06
1250.30
1250.30
1995.16
1995.16
1995.16
2245.00
2504.07
2504.07
2332.74
2332.74
2622.94
2622.94
2355.48
2355.48
2285.58
2285.58
2059.70
2059.70
2059.70
2483.86
1034.52
1034.52
2589.01
2589.01
2589.01
2071.80
2507.28
2507.28
1201.83
1201.83
2266.33
2266.33
2266.33
2656.12
1468.32
1468.32
3043.00
3043.00
3043.00
2067.88
2394.70
2394.70
2975.45
2975.45
2975.45
2167.19
1396.12
1396.12
1067.80
1067.80
1067.80
2480.65
2207.31
2207.31
1913.02
1913.02
1913.02
1456.95
2573.79
2573.79
2711.80
2711.80
2711.80
1331.72
2185.68
2185.68
2380.75
2380.75
2380.75
2232.50
2336.59
2336.59
1932.03
1932.03
1932.03
2644.10
2644.10
2497.97
2497.97
2376.25
2530.74
2530.74
2567.50
2567.50
2567.50
2484.58
2484.58
2210.09
2049.79
2049.79
2416.71
2416.71
2416.71
2675.99
2024.59
2024.59
2024.59
902.94
902.94
2121.67
2114.52
2114.52
2220.47
2220.47
2220.47
2638.51
2212.91
2212.91
2618.81
2618.81
2618.81
2253.92
2253.92
1859.88
1859.88
2514.41
2514.41
2269.10
2269.10
2587.18
2236.38
2236.38
2236.38
2272.42
2272.42
2355.27
2235.69
2235.69
2235.69
2728.56
2728.56
2250.89
2250.89
3236.86
2251.05
2251.05
2251.05
2085.04
2085.04
3042.76
2603.48
2603.48
2603.48
2570.63
2570.63
2211.12
2211.12
2066.20
2066.20
2421.99
2421.99
1310.06
1310.06
2606.61
2606.61
2498.79
2498.79
2577.70
2577.70
2250.08
1313.10
1313.10
2721.78
2721.78
2721.78
2360.29
2360.29
2744.97
2744.97
2280.61
2280.61
1888.49
1888.49
2286.04
2286.04
2155.37
1292.16
1292.16
1292.16
2407.42
2407.42
2234.51
2234.51
1143.06
1143.06
1884.10
1884.10
2509.20
2509.20
2529.92
2529.92
2304.45
2304.45
2397.14
2397.14
2439.27
2439.27
2419.89
2419.89
1952.86
1952.86
2342.86
2342.86
2182.19
2182.19
2281.93
2218.24
2218.24
2218.24
1710.09
1710.09
1222.66
2490.61
2490.61
2490.61
2561.48
2561.48
1886.28
1886.28
2610.86
2610.86
2250.01
2250.01
1723.39
1723.39
1693.25
1693.25
2417.95
2417.95
1078.61
1078.61
1914.86
1914.86
2377.49
2377.49
2105.53
2105.53
2288.56
2288.56
2382.97
2382.97
2234.53
2234.53
1027.09
1027.09
2177.18
2177.18
1970.15
1970.15
2382.45
2382.45
2571.36
2571.36
2703.95
2703.95
2577.85
2577.85
2524.22
2524.22
2928.25
2928.25
2321.85
2321.85
2810.59
2810.59
2289.71
2289.71
2492.31
2492.31
2652.67
2652.67
2412.21
2412.21
2193.41
2193.41
2451.78
2451.78
2164.84
2164.84
1069.81
1069.81
2504.14
2504.14
2626.69
2626.69
1256.30
1256.30
2396.68
2396.68
2235.74
2235.74
2183.98
2183.98
2300.21
2300.21
1003.37
1003.37
2487.91
2487.91
2216.35
2216.35
1878.39
1878.39
2371.60
2371.60
2542.08
2542.08
2911.39
2911.39
2400.51
2400.51
2617.19
2617.19
2252.68
2252.68
2331.96
2331.96
2528.68
2528.68
2311.35
2311.35
2390.51
2390.51
2088.50
2088.50
2455.42
2455.42
1448.68
1448.68
2370.00
2370.00
3120.66
3120.66
1026.46
1026.46
2380.13
2380.13
2323.94
2323.94
2197.61
2197.61
2523.32
2523.32
2381.49
2381.49
2526.11
2526.11
2060.01
2060.01
3017.96
3017.96
2119.66
2119.66
2475.89
2475.89
2325.41
2325.41
2160.84
2160.84
2913.95
2913.95
2257.07
2257.07
2192.15
2192.15
2352.35
2352.35
2604.26
2604.26
2380.68
2380.68
2333.13
2333.13
2784.76
2784.76
1885.32
1885.32
2291.11
2291.11
2193.08
2193.08
2002.09
2002.09
2145.24
2145.24
2054.13
2054.13
2441.40
2441.40
681.39
681.39
2187.91
2187.91
1993.74
1993.74
1946.35
1946.35
2762.65
2762.65
1014.31
1014.31
2432.47
2432.47
2600.76
2600.76
2464.97
2464.97
1837.90
1837.90
2323.99
2323.99
2541.02
2541.02
1916.81
1916.81
2314.21
2314.21
2525.93
2525.93
2499.34
2499.34
1906.50
1906.50
1824.31
1824.31
2537.09
2537.09
2547.25
2547.25
2270.36
2270.36
2454.57
2454.57
2498.04
2498.04
1819.22
1819.22
2502.53
2502.53
2079.79
2079.79
2578.74
2578.74
2225.70
2225.70
1865.85
1865.85
2365.59
2365.59
2419.89
2419.89
2589.90
2589.90
2163.13
2163.13
2617.97
2617.97
2192.66
2192.66
2000.97
2000.97
1756.55
1756.55
2475.12
2475.12
2490.77
2490.77
2376.75
2376.75
3010.54
3010.54
2433.82
2433.82
2312.57
2312.57
2283.71
2283.71
2194.46
2194.46
2519.19
2519.19
2087.86
2087.86
1465.49
1465.49
1734.34
1734.34
2197.51
2197.51
2509.92
2509.92
2098.09
2098.09
2940.81
2940.81
2122.36
2122.36
2490.54
2490.54
2358.02
2358.02
2272.83
2272.83
2499.41
2499.41
2425.73
2425.73
2742.06
2742.06
2378.45
2378.45
2233.51
2233.51
2322.55
2322.55
2433.22
2433.22
2769.69
2769.69
2590.57
2590.57
2192.05
2192.05
2315.36
2315.36
1734.76
1734.76
2633.91
2633.91
2145.62
2145.62
2111.30
2111.30
2323.48
2323.48
2161.34
2161.34
2772.24
2772.24
2277.09
2277.09
2017.61
2017.61
1577.22
1577.22
2656.96
2656.96
2393.91
2393.91
2479.22
2479.22
2764.54
2764.54
2313.71
2313.71
2591.55
2591.55
2641.96
2641.96
1631.15
1631.15
1380.78
1380.78
954.29
954.29
2173.83
2173.83
1636.77
1636.77
1798.87
1798.87
1974.81
1974.81
1162.21
1162.21
2038.07
2038.07
1254.69
1254.69
2198.37
2198.37
2181.74
2181.74
1505.60
1505.60
2951.58
2951.58
2012.06
2012.06
1790.34
1790.34
2817.74
2817.74
2817.74
2817.74
1748.92
1748.92
1118.28
1118.28
2218.56
2218.56
635.78
635.78
2363.18
2363.18
1431.44
1431.44
2122.27
2122.27
1507.18
1507.18
2078.18
2078.18
2508.46
2508.46
1666.26
1666.26
1902.09
1902.09
2275.50
2275.50
2674.80
2674.80
1158.79
1158.79
2119.59
2119.59
2647.72
2647.72
2005.42
2005.42
2603.77
2603.77
2453.49
2453.49
2329.84
2329.84
2948.98
2948.98
2507.19
2507.19
2071.59
2071.59
2235.53
2235.53
2028.67
2028.67
2219.40
2219.40
2158.61
2158.61
2363.19
2363.19
2270.56
2270.56
2000.60
2000.60
2254.28
2254.28
2395.70
2395.70
2989.44
2989.44
2438.94
2438.94
2182.22
2182.22
1256.99
1256.99
2365.04
2365.04
2713.17
2713.17
1272.72
1272.72
2446.60
2446.60
915.22
915.22
2266.63
2266.63
2461.02
2461.02
2019.19
2019.19
1874.48
1874.48
2359.10
2359.10
2167.04
2167.04
1609.51
1609.51
1965.13
1965.13
1509.49
1509.49
2353.33
2353.33
2141.02
2141.02
2211.06
2211.06
1994.15
1994.15
2199.90
2199.90
1230.85
1230.85
2297.08
2297.08
2427.82
2427.82
2423.10
2423.10
2307.50
2307.50
1997.11
1997.11
2235.06
2235.06
925.13
925.13
2665.21
2665.21
1513.37
1513.37
1465.23
1465.23
2157.20
2157.20
2347.15
2347.15
1584.35
1584.35
1931.72
1931.72
1295.44
1295.44
2130.27
2130.27
2502.27
2502.27
2554.12
2554.12
2143.78
2143.78
3012.10
3012.10
1944.62
1944.62
2392.66
2392.66
2415.64
2415.64
2313.26
2313.26
2155.87
2155.87
2606.57
2606.57
2381.46
2381.46
1137.76
1137.76
2317.08
2317.08
1287.50
1287.50
2353.07
2353.07
3016.39
3016.39
2398.93
2398.93
2236.68
2236.68
953.88
953.88
2550.46
2550.46
2445.78
2445.78
1716.93
1716.93
1932.10
1932.10
1896.39
1896.39
1119.77
1119.77
1143.80
1143.80
1401.25
1401.25
2175.03
2175.03
2402.45
2402.45
2102.02
2102.02
2439.39
2439.39
2368.64
2368.64
2299.58
2299.58
1342.58
1342.58
1432.28
1432.28
2452.29
2452.29
2530.38
2530.38
2736.40
2736.40
1234.57
1234.57
2287.52
2287.52
1903.20
1903.20
2046.66
2046.66
2308.58
2308.58
2463.26
2463.26
2683.40
2683.40
2231.61
2231.61
2357.34
2357.34
1854.20
1854.20
1291.92
1291.92
2890.34
2890.34
2251.16
2251.16
2509.66
2509.66
1371.02
1371.02
1629.24
1629.24
1552.25
1552.25
2876.22
2876.22
2122.70
2122.70
1255.04
1255.04
2786.84
2786.84
2319.17
2319.17
2063.03
2063.03
2735.49
2735.49
2072.60
2072.60
2510.65
2510.65
1977.47
1977.47
2145.68
2145.68
898.86
898.86
1295.49
1295.49
2351.13
2351.13
2372.22
2372.22
2591.29
2591.29
2549.70
2549.70
2573.45
2573.45
2351.28
2351.28
1991.81
1991.81
2152.47
2152.47
2228.11
2228.11
2436.40
2436.40
984.24
984.24
2542.55
2542.55
2382.20
2382.20
1445.65
1445.65
2446.01
2446.01
1229.93
1229.93
1667.76
1667.76
2577.33
2577.33
2193.50
2193.50
2708.90
2708.90
1235.28
1235.28
2042.63
2042.63
2328.00
2328.00
1349.51
1349.51
1150.28
1150.28
1795.59
1795.59
1978.85
1978.85
2086.11
2086.11
1211.80
1211.80
2195.11
2195.11
753.13
753.13
2409.93
2409.93
2253.41
2253.41
1654.81
1654.81
2385.99
2385.99
1447.53
1447.53
2552.35
2552.35
2564.25
2564.25
2634.16
2634.16
2324.22
2324.22
2265.18
2265.18
2791.83
2791.83
226.80
226.80
226.80
2408.68
1351.97
1351.97
739.59
739.59
2344.16
2344.16
1465.98
1465.98
2570.10
2570.10
1168.92
1168.92
2734.67
2734.67
2122.72
2122.72
2122.72
2753.84
1510.82
1510.82
2139.37
2139.37
2770.94
2770.94
2316.98
2316.98
2604.03
2604.03
2496.73
2496.73
2496.73
2451.15
841.39
841.39
2765.53
2765.53
2273.31
2273.31
1247.32
1247.32
2137.06
2137.06
2137.06
1140.88
1267.76
1267.76
2513.76
2513.76
1342.13
1342.13
2407.84
2407.84
2243.59
2243.59
1012.64
1012.64
1012.64
1805.41
2102.24
2102.24
2768.67
2768.67
2768.67
595.98
1235.24
1235.24
2579.92
2579.92
2579.92
2321.47
2651.96
2651.96
2450.79
2450.79
2196.25
2196.25
2196.25
2223.91
2150.18
2150.18
2618.27
2618.27
2618.27
1556.89
2721.62
2721.62
2036.53
2036.53
2036.53
2418.38
2621.30
2621.30
1297.63
1297.63
1297.63
2739.34
2149.25
2149.25
2500.43
2500.43
2500.43
1185.50
1185.50
2559.35
2727.64
2727.64
2727.64
2394.91
2394.91
2735.01
2382.03
2382.03
1658.15
1658.15
1658.15
2145.92
2145.92
2318.57
2548.48
2548.48
2579.92
2579.92
2579.92
1257.45
1257.45
2319.42
2070.44
2070.44
2713.09
2713.09
2713.09
2549.64
2549.64
2630.98
2181.66
2181.66
2161.38
2161.38
2161.38
2724.09
2724.09
2325.13
2144.70
2144.70
2520.64
2520.64
2520.64
2405.86
2405.86
2177.85
2177.85
2364.45
2473.12
2473.12
2473.12
2270.33
2270.33
2717.65
2219.16
2219.16
2219.16
2232.24
2232.24
2658.50
2658.50
2268.70
2835.34
2835.34
2835.34
2328.27
2328.27
2336.58
2336.58
2154.55
2154.55
1287.99
2813.10
2813.10
2813.10
2301.37
2301.37
2383.03
2383.03
2586.59
2304.25
2304.25
2304.25
2196.39
2196.39
2338.47
2338.47
2510.08
2402.02
2402.02
2402.02
2349.84
2349.84
2547.06
2547.06
1197.59
1197.59
2604.67
2604.67
2237.35
2237.35
3013.41
3013.41
2437.06
2437.06
2425.01
2425.01
1478.49
1478.49
2550.08
2550.08
1688.73
1688.73
2306.94
2306.94
2640.82
2640.82
2399.26
2399.26
1174.33
1174.33
2784.55
2784.55
864.38
864.38
1374.58
2372.36
2372.36
2372.36
2429.81
2429.81
2153.45
2153.45
2348.74
2348.74
2751.49
2751.49
2571.84
2571.84
2261.57
2261.57
2041.95
2041.95
2680.43
2680.43
2399.09
2399.09
1946.30
1946.30
2964.68
2964.68
2088.63
2088.63
2493.70
2493.70
2242.62
2242.62
1958.25
1958.25
31.56
31.56
2364.90
2364.90
2319.45
2319.45
910.80
910.80
2021.36
2021.36
2103.29
2103.29
2155.31
2155.31
2799.66
2799.66
1735.68
1735.68
2513.04
2513.04
1476.35
1476.35
2383.07
2383.07
2492.94
2492.94
2327.42
2327.42
2469.58
2469.58
2277.76
2277.76
2565.14
2565.14
2541.90
2541.90
2506.96
2506.96
2471.47
2471.47
2770.02
2770.02
2222.84
2222.84
2231.87
2231.87
2027.54
2027.54
3022.55
3022.55
2453.99
2453.99
2560.40
2560.40
2204.88
2204.88
2593.91
2593.91
3072.48
3072.48
2169.19
2169.19
1913.90
1913.90
2468.65
2468.65
1179.36
1179.36
1579.33
1579.33
2323.86
2323.86
220.38
220.38
2399.33
2399.33
2777.51
2777.51
2494.03
2494.03
2295.96
2295.96
2167.46
2167.46
2316.97
2316.97
1146.30
1146.30
2088.19
2088.19
991.45
991.45
2373.87
2373.87
2436.85
2436.85
839.05
839.05
1901.29
1901.29
2245.38
2245.38
2201.88
2201.88
1458.82
1458.82
1222.77
1222.77
1870.76
1870.76
2755.81
2755.81
2255.77
2255.77
2330.21
2330.21
2230.59
2230.59
2482.75
2482.75
2040.20
2040.20
2066.03
2066.03
2160.27
2160.27
1255.57
1255.57
2262.34
2262.34
1231.18
1231.18
1949.78
1949.78
2527.20
2527.20
2584.84
2584.84
2454.61
2454.61
2207.81
2207.81
2160.64
2160.64
2587.46
2587.46
2192.68
2192.68
2141.15
2141.15
1168.31
1168.31
2590.69
2590.69
2528.68
2528.68
1341.20
1341.20
2935.94
2935.94
2642.18
2642.18
1932.92
1932.92
2196.82
2196.82
2263.14
2263.14
2567.66
2567.66
2454.39
2454.39
2483.85
2483.85
2181.86
2181.86
2067.17
2067.17
3013.88
3013.88
2258.04
2258.04
2176.11
2176.11
2426.31
2426.31
2267.81
2267.81
2128.66
2128.66
2361.64
2361.64
2128.30
2128.30
1770.32
1770.32
2690.54
2690.54
2049.03
2049.03
2451.11
2451.11
2759.77
2759.77
2309.13
2309.13
2781.46
2781.46
2474.66
2474.66
2440.15
2440.15
2496.27
2496.27
2286.87
2286.87
2740.17
2740.17
2199.38
2199.38
1496.54
1496.54
2176.51
2176.51
1867.29
1867.29
2751.88
2751.88
2400.55
2400.55
2567.33
2567.33
2197.32
2197.32
2172.95
2172.95
2030.84
2030.84
2281.12
2281.12
2495.48
2495.48
2658.22
2658.22
2193.61
2193.61
2331.00
2331.00
2377.91
2377.91
2274.38
2274.38
2634.15
2634.15
2352.86
2352.86
2148.73
2148.73
1968.00
1968.00
2387.31
2387.31
2079.23
2079.23
2912.69
2912.69
1675.90
1675.90
2453.25
2453.25
751.00
751.00
1980.71
1980.71
2166.25
2166.25
2439.34
2439.34
3167.03
3167.03
2334.46
2334.46
2364.33
2364.33
2414.29
2414.29
2190.62
2190.62
2658.69
2658.69
2304.74
2304.74
2238.53
2238.53
2466.71
2466.71
2527.86
2527.86
1089.48
1089.48
2115.48
2115.48
3309.21
3309.21
2256.73
2256.73
2067.96
2067.96
2263.32
2263.32
2198.14
2198.14
2675.47
2675.47
856.75
856.75
2950.10
2950.10
2614.52
2614.52
2061.10
2061.10
2368.36
2368.36
2380.64
2380.64
2437.03
2437.03
2409.63
2409.63
1026.89
1026.89
2115.61
2115.61
2224.72
2224.72
27.14
27.14
1927.72
1927.72
2803.10
2803.10
2056.70
2056.70
814.39
814.39
2003.09
2003.09
1079.44
1079.44
2160.78
2160.78
2146.49
2146.49
1159.58
1159.58
2437.76
2437.76
2359.23
2359.23
1989.33
1989.33
2039.34
2039.34
2295.18
2295.18
2017.94
2017.94
1957.93
1957.93
2235.93
2235.93
2190.74
2190.74
2496.45
2496.45
1401.24
1401.24
1914.16
1914.16
2524.71
2524.71
2445.49
2445.49
2555.77
2555.77
2558.26
2558.26
2528.50
2528.50
2117.02
2117.02
2154.64
2154.64
2506.38
2506.38
1963.31
1963.31
1406.36
1406.36
2457.42
2457.42
2484.72
2484.72
2160.50
2160.50
2031.56
2031.56
2695.82
2695.82
2425.13
2425.13
2474.38
2474.38
2534.33
2534.33
2504.15
2504.15
2224.73
2224.73
2314.90
2314.90
2287.73
2287.73
2004.96
2004.96
2848.05
2848.05
1995.64
1995.64
2431.65
2431.65
2387.44
2387.44
2096.17
2096.17
2769.63
2769.63
2081.93
2081.93
2412.76
2412.76
2459.36
2459.36
2035.89
2035.89
1578.87
1578.87
2422.45
2422.45
3026.92
3026.92
2559.04
2559.04
2334.94
2334.94
2716.20
2716.20
2396.61
2396.61
2935.26
2935.26
2103.01
2103.01
2051.48
2051.48
3000.95
3000.95
2286.69
2286.69
2580.43
2580.43
1905.23
1905.23
2789.16
2789.16
2295.51
2295.51
2183.00
2183.00
2435.71
2435.71
2241.89
2241.89
2466.01
2466.01
1895.21
1895.21
2481.35
2481.35
1144.26
1144.26
2024.25
2024.25
2808.83
2808.83
1241.87
1241.87
2588.06
2588.06
1527.27
1527.27
2300.16
2300.16
1144.01
1144.01
2697.77
2697.77
2231.71
2231.71
2373.55
2373.55
2428.33
2428.33
1246.01
1246.01
1583.88
1583.88
1341.37
1341.37
2113.72
2113.72
2328.52
2328.52
2098.61
2098.61
2518.30
2518.30
2707.09
2707.09
1942.32
1942.32
2540.57
2540.57
2045.12
2045.12
1480.42
1480.42
1930.88
1930.88
2299.69
2299.69
2211.88
2211.88
1206.54
1206.54
2269.38
2269.38
2151.04
2151.04
2664.61
2664.61
2113.36
2113.36
2329.69
2329.69
2997.17
2997.17
2356.31
2356.31
2426.59
2426.59
2342.95
2342.95
2446.35
2446.35
2346.03
2346.03
1736.30
1736.30
2674.30
2674.30
1084.54
1084.54
1955.64
1955.64
2445.78
2445.78
1968.20
1968.20
2851.85
2851.85
862.79
862.79
2376.68
2376.68
2276.40
2276.40
2509.88
2509.88
2884.29
2884.29
2192.99
2192.99
2459.89
2459.89
1350.40
1350.40
2476.99
2476.99
2564.95
2564.95
2105.16
2105.16
2651.39
2651.39
1684.46
1684.46
2190.17
2190.17
1365.22
1365.22
2208.95
2208.95
2714.57
2714.57
2322.17
2322.17
2623.90
2623.90
2603.05
2603.05
2126.83
2126.83
2248.24
2248.24
2071.36
2071.36
2254.06
2254.06
2255.87
2255.87
2091.74
2091.74
1382.13
1382.13
2287.43
2287.43
1727.60
1727.60
2286.85
2286.85
2326.47
2326.47
2006.94
2006.94
1187.03
1187.03
2335.24
2335.24
2488.00
2488.00
2468.17
2468.17
2316.44
2316.44
1104.98
1104.98
2555.37
2555.37
2448.41
2448.41
2012.86
2012.86
2199.07
2199.07
2593.35
2593.35
2457.65
2457.65
2543.29
2543.29
2483.88
2483.88
2537.76
2537.76
2471.85
2471.85
2354.87
2354.87
2266.37
2266.37
2240.63
2240.63
2338.20
2338.20
2348.59
2348.59
2007.95
2007.95
2086.17
2086.17
1287.21
1287.21
770.74
770.74
985.13
985.13
2071.98
2071.98
1983.61
1983.61
1429.21
1429.21
1909.96
1909.96
2140.75
2140.75
2659.75
2659.75
2083.02
2083.02
2130.76
2130.76
2787.76
2787.76
2462.41
2462.41
1505.47
1505.47
1051.43
1051.43
2341.74
2341.74
2277.54
2277.54
2268.86
2268.86
968.08
968.08
2028.93
2028.93
2668.13
2668.13
2890.81
2890.81
2890.81
643.69
2608.97
2608.97
720.27
720.27
2050.62
2050.62
2050.62
1076.51
451.56
451.56
888.24
888.24
888.24
263.85
920.90
920.90
1742.01
1742.01
1581.40
1581.40
1581.40
2497.84
2404.38
2404.38
2261.54
2261.54
2261.54
1942.83
2433.29
2433.29
697.94
697.94
697.94
2245.75
1104.07
1104.07
2311.03
2311.03
1602.82
1602.82
1602.82
2206.36
2206.36
2512.98
1295.21
1295.21
347.39
347.39
347.39
2036.44
2309.08
2309.08
462.81
462.81
2283.14
2283.14
2283.14
2623.98
2708.42
2708.42
2159.91
2159.91
2159.91
2917.14
2917.14
1961.02
972.84
972.84
1648.52
1648.52
1648.52
1697.12
569.82
569.82
1041.14
1041.14
1041.14
1028.32
1764.91
1764.91
2524.09
2524.09
2615.21
2615.21
2615.21
2390.01
2336.30
2336.30
1580.86
1580.86
1580.86
1358.91
1101.38
1101.38
2320.52
2320.52
2320.52
2410.13
2410.13
2083.02
1458.52
1458.52
1458.52
1169.18
1169.18
923.69
2550.32
2550.32
2385.25
2385.25
2385.25
2390.79
1177.66
1177.66
2616.78
2616.78
2616.78
2789.79
2789.79
1923.02
2679.38
2679.38
2679.38
2425.15
2425.15
2338.89
2133.80
2133.80
2133.80
744.87
744.87
2957.71
2227.51
2227.51
2354.07
2354.07
2354.07
2261.43
2261.43
1988.47
587.01
587.01
2392.83
2392.83
2392.83
1335.67
1335.67
2312.58
2515.73
2515.73
2515.73
2023.22
2023.22
2106.39
2727.56
2727.56
2727.56
2529.45
2402.09
2402.09
2192.25
2192.25
2192.25
1710.19
1710.19
2413.09
2276.29
2276.29
2276.29
2430.07
2430.07
2252.87
2252.87
2393.20
2610.02
2610.02
2610.02
1287.32
1287.32
2555.34
2124.95
2124.95
2124.95
2051.70
2051.70
1085.82
992.70
992.70
992.70
1957.37
1957.37
2036.26
2036.26
1921.79
1921.79
1440.93
1440.93
2425.79
2425.79
1346.42
2310.78
2310.78
2310.78
2278.01
2278.01
2780.61
2780.61
2491.28
2491.28
1639.86
1639.86
2063.47
2063.47
2129.24
2129.24
2194.44
2194.44
2886.77
2886.77
2054.75
2058.37
2058.37
2058.37
3024.44
3024.44
1236.88
1236.88
2585.01
2585.01
1967.61
1967.61
2655.62
2655.62
2430.98
2430.98
2450.39
2450.39
2469.01
2469.01
2628.63
2628.63
2037.65
2037.65
2406.58
2406.58
2215.94
2215.94
2050.81
2050.81
1352.34
1352.34
2647.98
2647.98
2216.76
2216.76
2751.35
2751.35
1244.35
1244.35
2193.09
2193.09
1453.41
1453.41
2000.67
2000.67
2134.00
2134.00
2459.28
2459.28
10.00
10.00
2290.99
2290.99
1125.87
1125.87
10.00
10.00
1875.19
1875.19
1925.96
1925.96
2130.47
2130.47
1840.56
1840.56
1351.28
1351.28
1801.59
1801.59
2043.96
2043.96
634.64
634.64
2177.45
2177.45
2092.89
2092.89
2289.54
2289.54
2739.66
2739.66
2174.96
2174.96
2616.40
2616.40
2297.78
2297.78
2417.47
2417.47
2839.30
2839.30
2423.28
2423.28
2597.24
2597.24
2265.57
2265.57
2599.31
2599.31
1993.95
1993.95
1777.45
1777.45
2643.77
2643.77
2256.33
2256.33
2666.86
2666.86
2339.15
2339.15
2002.33
2002.33
2660.07
2660.07
2155.82
2155.82
2357.78
2357.78
2018.13
2018.13
1215.79
1215.79
1623.99
1623.99
2401.92
2401.92
2375.04
2375.04
2412.50
2412.50
2582.03
2582.03
2178.82
2178.82
2261.46
2261.46
2193.78
2193.78
1492.05
1492.05
2770.33
2770.33
2231.45
2231.45
2134.06
2134.06
1943.80
1943.80
1968.20
1968.20
2782.66
2782.66
2473.12
2473.12
2970.63
2970.63
2164.62
2164.62
2212.54
2212.54
2670.93
2670.93
2493.80
2493.80
2362.22
2362.22
2306.98
2306.98
2296.62
2296.62
2624.74
2624.74
2632.66
2632.66
2653.75
2653.75
2224.90
2224.90
2187.45
2187.45
2184.00
2184.00
2407.20
2407.20
2629.33
2629.33
2464.40
2464.40
2563.24
2563.24
2459.85
2459.85
2555.88
2555.88
1989.10
1989.10
2209.50
2209.50
2823.47
2823.47
2823.47
2823.47
2331.94
2331.94
1639.88
1639.88
2510.51
2510.51
2433.56
2433.56
2097.57
2097.57
2687.16
2687.16
2369.41
2369.41
2203.57
2203.57
2071.88
2071.88
2201.44
2201.44
2630.96
2630.96
2164.81
2164.81
2789.93
2789.93
2128.04
2128.04
2482.69
2482.69
2374.83
2374.83
2105.24
2105.24
2709.62
2709.62
2418.34
2418.34
2537.18
2537.18
2196.27
2196.27
2216.25
2216.25
2811.50
2811.50
2264.53
2264.53
2406.89
2406.89
2300.80
2300.80
2485.73
2485.73
1808.43
1808.43
2152.85
2152.85
2484.41
2484.41
2526.27
2526.27
3050.64
3050.64
2268.37
2268.37
2328.18
2328.18
1656.10
1656.10
1173.54
1173.54
1516.24
1516.24
2093.45
2093.45
2141.65
2141.65
1024.04
1024.04
1330.63
1330.63
2980.27
2980.27
2336.05
2336.05
2266.49
2266.49
3119.66
3119.66
1043.16
1043.16
979.75
979.75
1689.54
1689.54
2194.78
2194.78
2269.61
2269.61
2111.89
2111.89
2735.16
2735.16
1733.11
1733.11
2423.08
2423.08
1798.51
1798.51
2158.74
2158.74
2405.10
2405.10
2464.95
2464.95
2892.50
2892.50
2286.34
2286.34
2717.20
2717.20
1173.00
1173.00
2064.37
2064.37
749.33
749.33
1311.03
1311.03
33.84
33.84
1806.79
1806.79
619.19
619.19
1606.70
1606.70
2420.18
2420.18
1123.43
1123.43
2114.62
2114.62
2260.83
2260.83
2192.49
2192.49
1424.60
1424.60
1926.79
1926.79
1023.16
1023.16
2749.23
2749.23
2834.71
2834.71
2295.50
2295.50
2064.37
2064.37
2186.80
2186.80
2572.69
2572.69
2506.81
2506.81
2800.14
2800.14
610.26
610.26
2247.92
2247.92
2141.80
2141.80
2702.63
2702.63
2300.70
2300.70
2090.13
2090.13
2220.21
2220.21
1933.35
1933.35
1137.27
1137.27
3147.09
3147.09
2105.74
2105.74
2116.42
2116.42
456.89
456.89
729.12
729.12
2333.61
2333.61
851.99
851.99
1834.13
1834.13
1862.00
1862.00
536.04
536.04
2255.35
2255.35
2606.59
2606.59
1441.93
1441.93
2691.17
2691.17
1101.87
1101.87
2478.70
2478.70
990.41
990.41
2657.32
2657.32
2483.23
2483.23
2810.59
2810.59
1655.10
1655.10
1162.93
1162.93
1445.72
1445.72
1536.40
1536.40
2374.82
2374.82
2409.45
2409.45
1868.92
1868.92
2248.55
2248.55
1368.58
1368.58
2445.52
2445.52
1383.65
1383.65
2129.16
2129.16
2262.30
2262.30
1628.66
1628.66
1482.67
1482.67
1834.47
1834.47
2338.85
2338.85
1899.21
1899.21
2744.25
2744.25
2371.64
2371.64
3080.69
3080.69
2465.38
2465.38
1928.92
1928.92
2669.52
2669.52
1295.13
1295.13
2170.11
2170.11
2438.12
2438.12
1266.88
1266.88
2480.43
2480.43
2256.40
2256.40
2523.26
2523.26
2269.38
2269.38
2538.69
2538.69
2042.74
2042.74
2414.11
2414.11
2866.26
2866.26
2335.13
2335.13
441.87
441.87
1460.12
1460.12
1861.54
1861.54
2009.57
2009.57
1753.64
1753.64
2491.52
2491.52
582.86
582.86
2069.74
2069.74
2169.69
2169.69
2087.24
2087.24
2765.63
2765.63
2765.63
2765.63
2510.61
2510.61
2221.31
2221.31
2221.31
2221.31
2286.32
2286.32
2263.24
2263.24
2455.52
2455.52
1258.51
1258.51
1997.61
1997.61
2400.17
2400.17
2416.21
2416.21
2762.02
2762.02
2576.21
2576.21
2399.34
2399.34
2126.38
2126.38
2480.33
2480.33
2638.10
2638.10
2260.75
2260.75
2631.51
2631.51
2071.57
2071.57
2118.32
2118.32
932.32
932.32
1921.38
1921.38
2164.10
2164.10
2605.83
2605.83
2274.86
2274.86
2345.75
2345.75
419.14
419.14
2779.30
2779.30
2144.64
2144.64
2448.79
2448.79
1161.58
1161.58
1845.70
1845.70
673.63
673.63
2385.99
2385.99
2815.08
2815.08
2470.90
2470.90
2555.77
2555.77
1858.39
1858.39
1999.91
1999.91
2352.72
2352.72
1766.25
1766.25
2790.11
2790.11
2238.53
2238.53
1899.56
1899.56
2351.88
2351.88
2404.59
2404.59
764.78
764.78
1987.12
1987.12
2515.95
2515.95
2231.05
2231.05
1360.24
1360.24
2166.86
2166.86
1317.10
1317.10
2568.69
2568.69
1987.98
1987.98
2693.06
2693.06
2346.46
2346.46
2124.32
2124.32
2936.02
2936.02
1012.82
1012.82
1012.82
175.28
1637.69
1637.69
1073.28
1073.28
1200.07
1200.07
1034.68
1034.68
533.18
533.18
533.18
533.18
1407.63
1407.63
1155.17
1155.17
1882.82
1882.82
2221.28
2221.28
2540.95
2540.95
3169.27
3169.27
1456.17
1456.17
2112.55
2112.55
1893.39
1893.39
2339.31
2339.31
917.54
917.54
1827.92
1827.92
2158.20
2158.20
1307.39
1307.39
2036.38
2036.38
2360.58
2360.58
2160.89
2160.89
705.15
705.15
886.36
886.36
2103.82
2103.82
2201.20
2201.20
2020.02
2020.02
1038.24
1038.24
2386.51
2386.51
2605.48
2605.48
2011.26
2011.26
2393.95
2393.95
2423.85
2423.85
1497.54
1497.54
2080.55
2080.55
1328.63
1328.63
1096.65
1096.65
1044.82
1044.82
1372.67
1372.67
853.36
853.36
2377.33
2377.33
2607.64
2607.64
1184.01
1184.01
1982.63
1982.63
2735.03
2735.03
2151.65
2151.65
2513.76
2513.76
2395.40
2395.40
2252.61
2252.61
2513.54
2513.54
2122.72
2122.72
2707.92
2707.92
2335.74
2335.74
2605.53
2605.53
2070.92
2070.92
1129.76
1129.76
846.87
846.87
2187.80
2187.80
1239.05
1239.05
2362.56
2362.56
2143.69
2143.69
2032.14
2032.14
2688.62
2688.62
2650.74
2650.74
1409.38
1409.38
1711.72
1711.72
1711.72
2197.62
1633.43
1633.43
2442.08
2442.08
1317.52
1317.52
1789.42
1789.42
1311.10
1311.10
2136.43
2136.43
2092.97
2092.97
2092.97
1234.98
2484.68
2484.68
2017.16
2017.16
2017.16
2524.81
2519.95
2519.95
2421.82
2421.82
2069.59
2069.59
2069.59
2541.44
2375.14
2375.14
2558.63
2558.63
2558.63
2329.42
2674.48
2674.48
2491.71
2491.71
2491.71
2362.74
2362.74
2121.53
2803.84
2803.84
2301.32
2301.32
2301.32
1743.35
2357.12
2357.12
2335.42
2335.42
2335.42
2451.95
2451.95
2216.50
730.39
730.39
2081.77
2081.77
2081.77
1911.61
2774.88
2774.88
1771.57
1771.57
2090.77
2090.77
2090.77
1329.16
1636.94
1636.94
1636.94
433.08
433.08
2692.77
490.08
490.08
2300.52
2300.52
678.68
678.68
678.68
375.15
1092.55
1092.55
933.68
933.68
933.68
1714.43
2252.97
2252.97
1241.57
1241.57
1241.57
1349.61
1549.70
1549.70
1549.70
365.12
365.12
860.58
860.58
2088.19
2075.65
2075.65
1008.18
1008.18
1008.18
1601.73
1601.73
2203.63
1315.17
1315.17
1315.17
602.84
602.84
726.79
1369.27
1369.27
1369.27
1182.11
1182.11
1750.34
340.30
340.30
506.31
506.31
506.31
1223.06
677.11
677.11
1287.56
1287.56
1287.56
1842.26
1842.26
1832.84
1207.19
1207.19
1207.19
1984.47
1984.47
1770.53
1172.18
1172.18
975.52
975.52
975.52
1568.56
1568.56
109.81
1396.70
1396.70
1396.70
1244.47
1244.47
898.68
1241.04
1241.04
1241.04
1688.00
1688.00
1469.82
1469.82
1043.64
1043.64
455.02
455.02
2168.94
2168.94
995.97
995.97
2180.18
2180.18
1942.90
1942.90
2554.24
2554.24
2003.08
2003.08
1865.00
1865.00
1026.82
1026.82
1683.77
1683.77
1956.16
1956.16
910.72
910.72
1517.63
1517.63
1046.93
1046.93
2093.94
2377.06
2377.06
2377.06
1031.54
1031.54
1786.97
1786.97
2352.53
2352.53
1280.65
1280.65
2332.00
2332.00
1636.10
1636.10
2210.97
2210.97
2155.73
2155.73
2312.54
2312.54
2105.85
2105.85
2445.11
2445.11
2809.42
2809.42
1375.03
1375.03
2304.65
2304.65
1625.79
1625.79
1899.18
1899.18
2522.74
2522.74
1294.09
1294.09
2915.04
2915.04
2070.35
2070.35
1912.91
1912.91
2293.51
2293.51
2263.75
2263.75
2633.48
2633.48
1895.94
1895.94
1453.76
1453.76
1184.91
1184.91
2446.67
2446.67
2516.58
2516.58
2228.66
2228.66
2064.03
2064.03
2353.11
2353.11
1926.23
1926.23
2332.38
2332.38
1980.94
1980.94
2315.52
2315.52
2223.02
2223.02
2561.53
2561.53
2368.83
2368.83
1954.33
1954.33
2817.70
2817.70
2206.28
2206.28
2388.43
2388.43
2109.87
2109.87
1997.08
1997.08
2384.28
2384.28
2059.13
2059.13
2333.94
2333.94
816.88
816.88
1932.94
1932.94
2394.31
2394.31
2171.77
2171.77
2113.97
2113.97
1789.27
1789.27
2516.47
2516.47
2338.82
2338.82
2097.95
2097.95
2416.99
2416.99
2358.02
2358.02
1038.26
1038.26
1944.77
1944.77
2836.70
2836.70
1023.82
1023.82
2266.58
2266.58
2787.88
2787.88
1898.67
1898.67
2636.10
2636.10
1847.71
1847.71
1738.56
1738.56
2416.08
2416.08
2021.51
2021.51
2180.39
2180.39
2698.34
2698.34
1449.29
1449.29
872.53
872.53
2341.66
2341.66
2265.39
2265.39
1573.91
1573.91
2585.59
2585.59
1891.55
1891.55
462.95
462.95
1539.29
1539.29
298.69
298.69
1710.23
1710.23
697.73
697.73
1844.61
1844.61
2094.04
2094.04
2430.37
2430.37
969.53
969.53
1409.77
1409.77
2417.32
2417.32
2082.50
2082.50
2355.34
2355.34
2403.37
2403.37
2071.28
2071.28
800.02
800.02
2509.52
2509.52
864.42
864.42
1785.20
1785.20
2274.40
2274.40
786.19
786.19
666.63
666.63
2721.79
2721.79
1337.63
1337.63
853.92
853.92
929.59
929.59
1840.37
1840.37
2061.09
2061.09
1025.36
1025.36
356.49
356.49
855.62
855.62
2137.91
2137.91
239.33
239.33
2347.37
2347.37
2517.15
2517.15
2186.50
2186.50
2121.50
2121.50
2485.61
2485.61
2276.34
2276.34
2364.26
2364.26
1799.37
1799.37
969.44
969.44
479.70
479.70
574.26
574.26
2356.44
2356.44
2522.20
2522.20
2126.17
2126.17
1227.91
1227.91
2009.33
2009.33
2175.96
2175.96
2336.71
2336.71
2099.44
2099.44
1575.64
1575.64
2200.51
2200.51
1866.34
1866.34
1222.24
1222.24
2216.84
2216.84
1848.44
1848.44
1574.14
1574.14
802.96
802.96
1324.33
1324.33
1928.57
1928.57
2029.50
2029.50
1998.33
1998.33
2163.98
2163.98
444.79
444.79
1503.37
1503.37
2347.03
2347.03
2304.68
2304.68
2121.27
2121.27
2665.03
2665.03
2050.31
2050.31
1684.26
1684.26
2118.59
2118.59
2358.97
2358.97
2185.30
2185.30
1943.08
1943.08
2500.91
2500.91
2172.67
2172.67
1490.55
1490.55
2414.46
2414.46
2114.97
2114.97
2366.50
2366.50
2246.07
2246.07
1799.82
1799.82
2484.20
2484.20
2207.00
2207.00
2007.06
2007.06
2442.64
2442.64
2124.68
2124.68
2368.88
2368.88
1464.15
1464.15
1957.96
1957.96
1732.08
1732.08
2447.74
2447.74
1986.11
1986.11
2286.74
2286.74
2358.93
2358.93
2033.25
2033.25
2610.67
2610.67
2520.72
2520.72
2154.57
2154.57
746.80
746.80
2249.83
2249.83
2022.64
2022.64
2103.04
2103.04
2382.30
2382.30
675.82
675.82
2076.59
2076.59
2491.37
2491.37
2000.45
2000.45
2208.73
2208.73
1970.49
1970.49
2004.44
2004.44
2140.67
2140.67
2161.81
2161.81
2385.24
2385.24
2635.50
2635.50
2386.20
2386.20
1869.29
1869.29
2278.01
2278.01
2270.35
2270.35
637.09
637.09
1018.17
1018.17
1273.54
1273.54
2852.27
2852.27
2164.79
2164.79
2217.00
2217.00
2089.43
2089.43
1921.88
1921.88
2313.66
2313.66
2170.77
2170.77
2274.08
2274.08
2195.53
2195.53
2368.60
2368.60
2289.54
2289.54
1861.51
1861.51
2556.09
2556.09
2207.14
2207.14
2154.53
2154.53
2105.29
2105.29
2217.81
2217.81
2731.17
2731.17
2197.91
2197.91
2555.55
2555.55
2153.53
2153.53
2164.76
2164.76
2276.19
2276.19
838.73
838.73
2787.39
2787.39
2117.66
2117.66
1261.96
1261.96
2568.68
2568.68
2224.52
2224.52
2384.45
2384.45
1484.19
1484.19
1847.14
1847.14
886.81
886.81
1248.46
1248.46
2624.12
2624.12
1143.56
1143.56
2405.79
2405.79
2038.50
2038.50
2134.91
2134.91
941.80
941.80
919.90
919.90
904.27
904.27
2195.06
2195.06
2450.01
2450.01
2404.91
2404.91
1959.07
1959.07
2302.08
2302.08
906.45
906.45
2717.46
2717.46
2444.26
2444.26
2358.45
2358.45
664.15
664.15
1573.79
1573.79
2213.31
2213.31
2583.66
2583.66
2652.02
2652.02
2624.81
2624.81
2191.08
2191.08
2019.28
2019.28
961.77
961.77
2418.00
2418.00
2113.87
2113.87
1854.21
1854.21
2252.38
2252.38
2286.66
2286.66
2617.13
2617.13
2217.40
2217.40
2557.79
2557.79
2210.87
2210.87
2084.91
2084.91
1238.34
1238.34
2587.57
2587.57
2474.93
2474.93
2266.24
2266.24
2174.76
2174.76
2156.60
2156.60
2428.55
2428.55
2406.19
2406.19
1243.27
1243.27
2480.14
2480.14
2211.82
2211.82
1556.53
1556.53
2499.90
2499.90
2155.20
2155.20
2165.81
2165.81
1922.74
1922.74
2264.39
2264.39
2072.44
2072.44
2337.65
2337.65
706.84
706.84
2260.20
2260.20
2638.84
2638.84
1974.69
1974.69
2152.33
2152.33
2637.86
2637.86
2486.58
2486.58
2675.28
2675.28
2297.79
2297.79
2240.35
2240.35
1134.87
1134.87
2241.27
2241.27
2515.95
2515.95
2292.32
2292.32
2692.57
2692.57
2433.19
2433.19
2653.46
2653.46
2398.83
2398.83
2284.47
2284.47
2666.67
2666.67
2298.51
2298.51
2063.55
2063.55
1161.57
1161.57
2097.01
2097.01
2583.36
2583.36
2583.36
2583.36
1230.54
1230.54
1840.69
1840.69
1903.69
1903.69
2195.34
2195.34
2221.51
2221.51
2826.16
2826.16
1376.24
1376.24
2283.50
2283.50
1973.92
1973.92
2308.83
2308.83
2452.95
2452.95
2216.58
2216.58
2444.40
2444.40
2285.98
2285.98
2082.85
2082.85
2265.32
2265.32
2373.66
2373.66
2876.87
2876.87
1095.12
1095.12
2031.63
2031.63
2274.22
2274.22
2451.95
2451.95
2476.73
2476.73
1206.89
1206.89
2640.31
2640.31
1308.04
1308.04
1583.60
1583.60
2580.67
2580.67
1843.93
1843.93
2159.91
2159.91
1451.45
1451.45
1192.65
1192.65
2423.18
2423.18
1610.35
1610.35
2254.41
2254.41
2091.00
2091.00
2706.81
2706.81
2091.06
2091.06
2097.93
2097.93
2211.50
2211.50
2211.50
496.30
2801.04
2801.04
2308.28
2308.28
1156.09
1156.09
2013.93
2013.93
2240.51
2240.51
1918.33
1918.33
2032.93
2032.93
2865.05
2865.05
2324.82
2324.82
2652.37
2652.37
2248.90
2248.90
2233.04
2233.04
2656.07
2656.07
2541.14
2541.14
2795.84
2795.84
1959.74
1959.74
2439.15
2439.15
3152.81
3152.81
1156.97
1156.97
2736.00
2736.00
2116.11
2116.11
2334.96
2334.96
2303.14
2303.14
1677.74
1677.74
2940.68
2940.68
2940.68
2370.59
2414.88
2414.88
2191.31
2191.31
2222.92
2222.92
2115.02
2115.02
1313.69
1313.69
2663.06
2663.06
2098.99
2098.99
1469.69
1469.69
1469.69
1624.71
1624.71
882.53
882.53
882.53
903.69
1782.66
2041.76
2041.76
1968.12
1968.12
2400.49
2400.49
2768.56
2768.56
2768.56
1559.23
2423.37
2423.37
1110.69
1110.69
1110.69
2309.71
2543.42
2543.42
1976.20
1976.20
1976.20
2678.26
1948.85
1948.85
1979.21
1979.21
2156.80
2156.80
2156.80
1808.51
1846.68
1846.68
2460.61
2460.61
2460.61
1810.09
1810.09
1938.38
1260.46
1260.46
2312.92
2312.92
2312.92
1360.49
2692.68
2692.68
1056.98
1056.98
2455.42
2455.42
2455.42
2275.30
2138.28
2138.28
1147.84
1147.84
1147.84
1680.17
2518.56
2518.56
2311.52
2311.52
1275.66
1275.66
1275.66
2177.12
2177.12
2419.89
1857.34
1857.34
2421.56
2421.56
2421.56
2363.11
2363.11
2287.39
2789.13
2789.13
2464.39
2464.39
2464.39
1919.46
1919.46
2332.09
1677.35
1677.35
1816.03
1816.03
1816.03
2489.00
2489.00
2333.63
2479.36
2479.36
2101.39
2101.39
2101.39
1809.46
1809.46
1874.29
2480.75
2480.75
2258.63
2258.63
2258.63
2254.32
2254.32
1347.29
1239.63
1239.63
1239.63
2410.12
2410.12
2475.02
1694.86
1694.86
2223.44
2223.44
2048.14
2048.14
2048.14
1869.75
1869.75
2431.26
2054.59
2054.59
1610.41
1610.41
1610.41
1723.92
1723.92
1516.64
1535.00
1535.00
1711.40
1711.40
1711.40
2325.97
2325.97
2221.05
2221.05
2577.87
2577.87
2150.85
2150.85
2412.99
2412.99
2194.00
2194.00
2059.39
2283.93
2283.93
2283.93
1822.32
1822.32
1825.32
1825.32
2186.15
2186.15
2081.25
2081.25
2469.13
2469.13
2340.15
2340.15
2467.35
2467.35
2188.11
2188.11
2537.32
2537.32
1910.19
1925.91
1925.91
1925.91
1523.32
1523.32
1341.22
1341.22
2528.68
2528.68
1375.92
1375.92
2322.35
2322.35
2333.40
2333.40
2262.09
2262.09
2896.95
2896.95
2504.00
2504.00
2459.68
2459.68
2385.28
2385.28
2717.94
2717.94
2555.62
2555.62
2192.93
2192.93
2471.50
2471.50
2408.94
2408.94
2392.14
2392.14
2476.59
2476.59
2183.37
2245.03
2245.03
2245.03
2302.56
2302.56
2245.64
2245.64
2370.50
2370.50
2402.93
2402.93
2293.21
2293.21
1182.56
1182.56
2731.20
2731.20
2065.01
2065.01
1680.72
1680.72
1322.14
1322.14
2535.50
2535.50
2299.64
2299.64
2097.65
2097.65
2454.72
2454.72
2508.91
2508.91
2098.61
2098.61
2531.06
2531.06
2078.25
2078.25
2761.51
2761.51
2636.84
2636.84
2567.74
2567.74
2641.93
2641.93
2358.10
2358.10
2825.58
2825.58
2179.90
2179.90
3023.16
3023.16
1998.32
1998.32
2162.24
2162.24
3151.34
3151.34
2111.21
2111.21
2881.22
2881.22
2742.22
2742.22
2227.36
2227.36
2519.14
2519.14
2047.41
2047.41
2436.01
2436.01
2395.99
2395.99
2059.64
2059.64
2420.50
2420.50
2091.03
2091.03
2104.55
2104.55
1082.11
1082.11
2628.29
2628.29
1751.16
1751.16
1846.74
1846.74
2093.05
2093.05
2378.64
2378.64
2020.45
2020.45
2281.66
2281.66
987.65
987.65
2132.00
2132.00
1413.11
1413.11
2921.63
2921.63
2397.16
2397.16
2707.05
2707.05
2200.61
2200.61
2085.04
2085.04
2459.20
2459.20
1922.00
1922.00
2448.05
2448.05
2153.93
2153.93
2733.70
2733.70
2496.14
2496.14
2499.35
2499.35
2389.61
2389.61
2243.13
2243.13
1891.29
1891.29
1991.50
1991.50
2541.71
2541.71
2399.64
2399.64
771.47
771.47
2037.20
2037.20
1791.04
1791.04
2291.22
2291.22
2418.83
2418.83
1296.41
1296.41
2284.96
2284.96
2021.52
2021.52
1543.44
1543.44
2377.70
2377.70
2194.49
2194.49
2260.95
2260.95
2261.30
2261.30
2545.54
2545.54
1990.48
1990.48
1184.94
1184.94
2170.41
2170.41
2611.53
2611.53
2367.24
2367.24
2241.12
2241.12
2393.76
2393.76
2117.65
2117.65
2110.71
2110.71
1855.59
1855.59
2550.05
2550.05
2648.64
2648.64
2156.79
2156.79
1190.42
1190.42
2377.03
2377.03
2089.68
2089.68
2257.88
2257.88
2245.31
2245.31
2157.67
2157.67
2299.13
2299.13
1581.53
1581.53
2122.79
2122.79
2150.66
2150.66
2612.11
2612.11
2398.48
2398.48
1629.99
1629.99
2192.90
2192.90
2564.63
2564.63
2407.23
2407.23
2332.39
2332.39
2311.64
2311.64
2356.63
2356.63
2372.08
2372.08
2060.63
2060.63
2240.26
2240.26
2348.56
2348.56
1394.89
1394.89
2917.29
2917.29
2133.96
2133.96
2244.01
2244.01
2400.08
2400.08
2209.57
2209.57
2289.03
2289.03
1861.14
1861.14
2272.34
2272.34
1878.87
1878.87
2641.55
2641.55
2732.67
2732.67
1771.66
1771.66
2464.71
2464.71
1486.19
1486.19
1586.48
1586.48
2000.93
2000.93
2342.02
2342.02
2890.05
2890.05
1057.60
1057.60
2294.23
2294.23
2688.59
2688.59
857.17
857.17
2270.36
2270.36
2008.52
2008.52
2043.22
2043.22
1996.10
1996.10
1344.30
1344.30
1263.85
1263.85
2211.41
2211.41
3149.49
3149.49
896.86
896.86
2842.96
2842.96
2376.41
2376.41
1187.80
1187.80
3180.81
3180.81
2297.65
2297.65
1008.22
1008.22
1333.34
1333.34
2148.17
2148.17
2083.26
2083.26
1351.77
1351.77
2492.47
2492.47
2154.93
2154.93
2829.25
2829.25
2336.38
2336.38
2106.69
2106.69
2393.76
2393.76
2187.47
2187.47
2603.83
2603.83
2646.61
2646.61
855.24
855.24
2334.33
2334.33
1032.99
1032.99
2908.00
2908.00
1471.34
1471.34
2515.35
2515.35
2635.05
2635.05
929.39
929.39
2345.84
2345.84
1477.09
1477.09
2538.94
2538.94
2593.51
2593.51
2593.51
2046.61
2046.61
1413.95
2553.06
2553.06
1485.08
1485.08
2267.87
2267.87
2660.07
2660.07
2437.58
2437.58
2918.14
2918.14
2539.71
2539.71
687.08
687.08
2381.26
2381.26
2226.57
2226.57
1559.37
1559.37
2558.28
2558.28
1257.32
1257.32
2966.01
2966.01
1996.96
1996.96
1943.37
1943.37
2262.62
2262.62
1787.27
1787.27
2332.23
2332.23
2285.68
2285.68
778.28
778.28
2106.33
2106.33
1148.51
1148.51
2175.49
2175.49
1153.20
1153.20
1582.06
1582.06
1711.43
1711.43
1823.45
1823.45
1952.36
1952.36
837.42
837.42
2551.80
2551.80
2303.09
2303.09
2472.61
2472.61
2131.91
2131.91
2447.36
2447.36
2412.49
2412.49
1066.47
1066.47
2109.07
2109.07
2405.99
2405.99
3048.10
3048.10
2342.57
2342.57
1708.18
1708.18
2138.81
2138.81
2579.28
2579.28
2286.34
2286.34
1016.17
1016.17
1812.07
1812.07
2405.78
2405.78
2306.84
2306.84
2501.58
2501.58
1409.71
1409.71
2327.25
2327.25
1001.86
1001.86
2150.55
2150.55
1816.98
1816.98
2271.23
2271.23
1277.65
1277.65
2482.10
2482.10
2323.23
2323.23
1996.18
1996.18
1916.97
1916.97
1731.08
1731.08
2447.48
2447.48
1863.66
1863.66
551.57
551.57
2099.21
2099.21
2277.09
2277.09
1939.71
1939.71
2793.52
2793.52
2053.01
2053.01
2485.10
2485.10
2490.84
2490.84
2490.84
2490.84
2007.34
2007.34
2165.78
2165.78
2700.45
2700.45
1934.67
1934.67
2290.23
2290.23
2015.92
2015.92
1970.41
1970.41
2626.37
2626.37
2176.91
2176.91
1788.21
1788.21
1963.10
1963.10
2361.83
2361.83
2880.12
2880.12
1784.88
1784.88
2916.29
2916.29
1555.49
1555.49
2100.84
2100.84
2421.66
2421.66
2454.19
2454.19
2988.33
2988.33
2398.27
2398.27
2409.08
2409.08
1166.74
1166.74
2378.64
2378.64
2153.90
2153.90
2475.94
2475.94
2321.81
2321.81
2096.05
2096.05
1757.08
1757.08
2533.07
2533.07
2150.47
2150.47
2573.43
2573.43
2517.47
2517.47
2355.05
2355.05
2478.08
2478.08
2142.14
2142.14
2093.90
2093.90
2257.93
2257.93
2644.56
2644.56
1465.10
1465.10
2242.48
2242.48
734.32
734.32
2094.08
2094.08
2499.07
2499.07
2243.74
2243.74
2756.18
2756.18
1098.68
1098.68
1834.18
1834.18
2580.47
2580.47
2015.66
2015.66
2342.46
2342.46
1227.45
1227.45
2063.92
2063.92
2135.15
2135.15
2474.30
2474.30
2612.29
2612.29
2152.07
2152.07
1120.19
1120.19
2500.54
2500.54
2265.00
2265.00
2303.78
2303.78
900.84
900.84
2113.00
2113.00
1316.35
1316.35
1922.89
1922.89
2445.69
2445.69
2295.84
2295.84
2536.87
2536.87
1904.92
1904.92
2801.25
2801.25
2431.67
2431.67
2565.56
2565.56
2494.44
2494.44
2001.23
2001.23
2621.20
2621.20
1691.46
1691.46
2153.22
2153.22
2235.28
2235.28
2401.82
2401.82
1211.85
1211.85
2508.67
2508.67
1721.14
1721.14
2386.65
2386.65
2458.12
2458.12
2465.78
2465.78
2321.26
2321.26
1711.18
1711.18
2386.07
2386.07
1249.29
1249.29
2298.78
2298.78
2361.46
2361.46
3056.96
3056.96
2201.79
2201.79
2185.11
2185.11
2512.87
2512.87
2118.40
2118.40
2640.38
2640.38
2122.16
2122.16
2024.59
2024.59
28.91
28.91
1270.75
1270.75
2397.95
2397.95
2119.96
2119.96
2390.24
2390.24
1925.24
1925.24
2600.29
2600.29
2331.02
2331.02
1278.31
1278.31
2798.20
2798.20
1319.01
1319.01
875.30
875.30
1284.30
1284.30
2170.27
2170.27
867.25
867.25
1086.48
1086.48
2342.04
2342.04
2150.60
2150.60
2713.01
2713.01
2465.90
2465.90
2121.56
2121.56
2183.27
2183.27
2044.91
2044.91
2211.26
2211.26
2539.31
2539.31
2396.75
2396.75
2622.51
2622.51
1234.48
1234.48
1929.20
1929.20
1080.60
1080.60
2719.66
2719.66
2512.22
2512.22
2241.46
2241.46
2775.52
2775.52
2251.81
2251.81
2251.81
2201.37
2425.25
2425.25
2609.18
2609.18
1226.59
1226.59
1226.59
2386.80
2478.57
2478.57
2361.98
2361.98
1688.61
1688.61
1688.61
2399.34
2238.15
2238.15
2647.39
2647.39
2345.82
2345.82
2345.82
2885.52
2179.82
2179.82
2300.24
2300.24
2348.46
2348.46
2348.46
2137.60
1922.75
1922.75
2295.78
2295.78
2152.08
2152.08
2152.08
2605.41
2053.54
2053.54
1421.39
1421.39
1020.86
1020.86
2442.63
2442.63
2442.63
2142.32
2142.32
2429.47
921.29
921.29
1181.28
1181.28
2366.80
2366.80
2366.80
2282.90
2282.90
2700.96
2394.08
2394.08
1047.71
1047.71
1595.43
1595.43
1595.43
1170.94
1170.94
2696.23
2475.74
2475.74
2643.97
2643.97
3070.41
3070.41
3070.41
2266.05
2266.05
1812.21
2115.92
2115.92
2219.20
2219.20
2219.20
2483.79
2483.79
2610.79
2610.79
2447.76
2222.67
2222.67
2222.67
2475.53
2475.53
1325.81
2595.76
2595.76
1934.34
1934.34
1934.34
1585.07
1585.07
1632.63
2389.63
2389.63
2813.45
2813.45
2813.45
2257.88
2257.88
2357.27
2357.27
2701.59
2031.01
2031.01
2031.01
2525.48
2525.48
2490.68
2490.68
2447.04
2447.04
2283.01
2824.73
2824.73
2824.73
2771.72
2771.72
2048.04
2048.04
2220.93
2169.05
2169.05
2223.79
2223.79
2223.79
2652.78
2652.78
1504.42
2396.03
2396.03
2529.90
2529.90
2529.90
1978.77
1978.77
2241.50
2518.11
2518.11
2518.11
1648.47
1648.47
2012.20
3159.25
3159.25
3159.25
2454.00
2454.00
1578.49
1578.49
1662.87
1662.87
2128.98
2128.98
3002.75
3002.75
1950.60
2312.60
2312.60
2312.60
2430.71
2430.71
2537.03
2764.61
2764.61
2764.61
2330.40
2330.40
1296.72
1296.72
2125.67
2125.67
920.37
920.37
1942.07
1942.07
1709.49
1709.49
1713.58
1713.58
1027.02
1027.02
1107.17
1107.17
1369.94
1369.94
1923.39
1923.39
465.10
465.10
2280.83
2280.83
2664.38
2664.38
2130.45
2130.45
1401.37
1401.37
2281.84
2281.84
2425.35
2425.35
727.55
727.55
1713.53
1713.53
2484.96
2484.96
2144.80
2144.80
1394.47
1394.47
1055.57
1055.57
1897.60
1897.60
2825.11
2825.11
918.54
918.54
1079.86
1079.86
2934.27
2934.27
1138.47
1138.47
2231.86
2231.86
1017.64
1017.64
2988.09
2988.09
911.46
911.46
2128.48
2128.48
1467.90
1467.90
2195.61
2195.61
2848.94
2848.94
2449.98
2449.98
2018.36
2018.36
2552.44
2552.44
2352.70
2352.70
2383.23
2383.23
887.70
887.70
2350.50
2350.50
1108.87
1108.87
1600.59
1600.59
2468.43
2468.43
2285.47
2285.47
2374.31
2374.31
2190.86
2190.86
1906.74
1906.74
2397.83
2397.83
1098.84
1098.84
2128.26
2128.26
2252.92
2252.92
2414.61
2414.61
1956.59
1956.59
1235.64
1235.64
1274.29
1274.29
2067.09
2067.09
2557.53
2557.53
2007.93
2007.93
686.77
686.77
2174.35
2174.35
1076.46
1076.46
2113.62
2113.62
38.39
38.39
746.91
746.91
1624.19
1624.19
1466.69
1466.69
639.63
639.63
1940.57
1940.57
2467.35
2467.35
1275.89
1275.89
2454.73
2454.73
2145.37
2145.37
2193.73
2193.73
2671.42
2671.42
2540.53
2540.53
2639.04
2639.04
2164.57
2164.57
2116.42
2116.42
1363.45
1363.45
2253.11
2253.11
2305.44
2305.44
2124.09
2124.09
1101.29
1101.29
2263.69
2263.69
1914.69
1914.69
2754.49
2754.49
1378.65
1378.65
2463.24
2463.24
1495.94
1495.94
2178.19
2178.19
2745.98
2745.98
2745.98
2745.98
1715.57
1715.57
1322.31
1322.31
1779.59
1779.59
2541.39
2541.39
2382.61
2382.61
2679.14
2679.14
1745.73
1745.73
2504.04
2504.04
1708.38
1708.38
1097.02
1097.02
2419.76
2419.76
2758.62
2758.62
2581.99
2581.99
2072.39
2072.39
2405.78
2405.78
39.83
39.83
2152.42
2152.42
723.46
723.46
1020.01
1020.01
1602.88
1602.88
2345.04
2345.04
2966.83
2966.83
2114.67
2114.67
2299.62
2299.62
2505.05
2505.05
1431.97
1431.97
743.66
743.66
2233.60
2233.60
1135.43
1135.43
2670.48
2670.48
2029.79
2029.79
2412.29
2412.29
2579.37
2579.37
1331.27
1331.27
2319.23
2319.23
1069.98
1069.98
2517.79
2517.79
2767.81
2767.81
2327.08
2327.08
2475.66
2475.66
2120.91
2120.91
2520.76
2520.76
2151.75
2151.75
2209.69
2209.69
1417.37
1417.37
2127.57
2127.57
2159.04
2159.04
2251.05
2251.05
2643.79
2643.79
2410.55
2410.55
887.95
887.95
2012.40
2012.40
2072.33
2072.33
1290.43
1290.43
2894.21
2894.21
2179.87
2179.87
2571.96
2571.96
2493.79
2493.79
2113.26
2113.26
2466.91
2466.91
3035.37
3035.37
2269.55
2269.55
2283.55
2283.55
2120.30
2120.30
2459.75
2459.75
2613.20
2613.20
2253.23
2253.23
3014.75
3014.75
2244.08
2244.08
2290.36
2290.36
2531.37
2531.37
2215.48
2215.48
2366.81
2366.81
2226.90
2226.90
2374.23
2374.23
2510.27
2510.27
2162.96
2162.96
2254.77
2254.77
2276.27
2276.27
2576.85
2576.85
2130.45
2130.45
2217.66
2217.66
2532.21
2532.21
2901.70
2901.70
2684.45
2684.45
1928.86
1928.86
2443.05
2443.05
2403.64
2403.64
2117.12
2117.12
2945.69
2945.69
1856.38
1856.38
2718.98
2718.98
2817.57
2817.57
2061.97
2061.97
1529.33
1529.33
2506.32
2506.32
2646.48
2646.48
1262.09
1262.09
2356.36
2356.36
1957.51
1957.51
1349.80
1349.80
2402.26
2402.26
667.42
667.42
2488.63
2488.63
1596.67
1596.67
1154.40
1154.40
2808.68
2808.68
1216.67
1216.67
2915.90
2915.90
2137.73
2137.73
2114.92
2114.92
1989.43
1989.43
1986.37
1986.37
2208.76
2208.76
2308.10
2308.10
2467.96
2467.96
2152.45
2152.45
1130.47
1130.47
442.38
442.38
2294.97
2294.97
3078.15
3078.15
2098.83
2098.83
2828.66
2828.66
2718.58
2718.58
1312.44
1312.44
1719.43
1719.43
1395.39
1395.39
2441.45
2441.45
1130.92
1130.92
1193.40
1193.40
2492.75
2492.75
2307.22
2307.22
963.81
963.81
2101.18
2101.18
1914.16
1914.16
1199.50
1199.50
1942.61
1942.61
2287.35
2287.35
874.91
874.91
2338.88
2338.88
2415.69
2415.69
2407.88
2407.88
2389.88
2389.88
2171.76
2171.76
1416.71
1416.71
2103.71
2103.71
2411.21
2411.21
2061.95
2061.95
1185.59
1185.59
2722.45
2722.45
2361.80
2361.80
2568.16
2568.16
1303.31
1303.31
2268.87
2268.87
2072.42
2072.42
2349.50
2349.50
2879.25
2879.25
2355.17
2355.17
2452.95
2452.95
1743.61
1743.61
2225.07
2225.07
2849.66
2849.66
2390.88
2390.88
2186.45
2186.45
2018.19
2018.19
2423.69
2423.69
740.08
740.08
2219.71
2219.71
2170.08
2170.08
2084.30
2084.30
2193.88
2193.88
2279.74
2279.74
1167.68
1167.68
2261.29
2261.29
2418.22
2418.22
2449.08
2449.08
2403.06
2403.06
2267.53
2267.53
1268.40
1268.40
1427.66
1427.66
2104.10
2104.10
2004.37
2004.37
2773.44
2773.44
2145.66
2145.66
2447.53
2447.53
2580.53
2580.53
2618.12
2618.12
2438.86
2438.86
1876.82
1876.82
2362.52
2362.52
1885.48
1885.48
2168.40
2168.40
2125.35
2125.35
2432.01
2432.01
2799.19
2799.19
2216.03
2216.03
1810.31
1810.31
2308.39
2308.39
1838.87
1838.87
2627.37
2627.37
2143.80
2143.80
2325.54
2325.54
2273.68
2273.68
2041.63
2041.63
2215.16
2215.16
2450.81
2450.81
2688.01
2688.01
1477.55
1477.55
1710.62
1710.62
1097.34
1097.34
2775.29
2775.29
2646.21
2646.21
2188.29
2188.29
2311.50
2311.50
1983.77
1983.77
2523.06
2523.06
2702.75
2702.75
2165.37
2165.37
2644.31
2644.31
2162.71
2162.71
2230.06
2230.06
2494.12
2494.12
2511.93
2511.93
2317.85
2317.85
1847.93
1847.93
963.12
963.12
610.09
610.09
1025.40
1025.40
2145.44
2145.44
1622.59
1622.59
2209.39
2209.39
2630.04
2630.04
2259.47
2259.47
2682.67
2682.67
1903.56
1903.56
2404.07
2404.07
2726.31
2726.31
2179.64
2179.64
2396.25
2396.25
2285.88
2285.88
2186.93
2186.93
1983.68
1983.68
2737.03
2737.03
2304.04
2304.04
2747.76
2747.76
2815.92
2815.92
2345.83
2345.83
2147.56
2147.56
2237.30
2237.30
2140.18
2140.18
1078.01
1078.01
2150.99
2150.99
892.70
892.70
2197.88
2197.88
2577.69
2577.69
1920.19
1920.19
2173.99
2173.99
2648.31
2648.31
2071.39
2071.39
2416.32
2416.32
2201.87
2201.87
2126.27
2126.27
2423.93
2423.93
2437.36
2437.36
2784.71
2784.71
2273.82
2273.82
2428.12
2428.12
2336.36
2336.36
2274.89
2274.89
2273.93
2273.93
2457.03
2457.03
3093.88
3093.88
2224.82
2224.82
1923.95
1923.95
1868.65
1868.65
2149.08
2149.08
2279.83
2279.83
2056.39
2056.39
2567.12
2567.12
2385.97
2385.97
2267.76
2267.76
3010.10
3010.10
2300.62
2300.62
2539.52
2539.52
2149.86
2149.86
2227.37
2227.37
1997.72
1997.72
2127.90
2127.90
1900.27
1900.27
2145.63
2145.63
1886.67
1886.67
769.80
769.80
1187.30
1187.30
651.05
651.05
651.05
776.55
1438.75
1438.75
1052.21
1052.21
878.85
878.85
885.18
885.18
1211.75
1211.75
1809.93
1809.93
1456.31
1456.31
2407.48
2407.48
2407.48
1411.14
1408.23
1408.23
2021.01
2021.01
1720.87
1720.87
1720.87
2533.18
2318.28
2318.28
2115.89
2115.89
2028.01
2028.01
2469.14
2469.14
2627.16
2627.16
2627.16
2342.28
2793.40
2793.40
2112.31
2112.31
2008.98
2008.98
2008.98
1990.83
2518.67
2518.67
2249.13
2249.13
2352.84
2352.84
2123.93
2123.93
2123.93
2402.93
2330.64
2330.64
2850.73
2850.73
2170.15
2170.15
2414.46
2414.46
2414.46
2290.48
2290.48
2245.50
2103.07
2103.07
2132.71
2132.71
2132.71
2641.59
2641.59
2345.91
2157.11
2157.11
1475.55
1475.55
2121.74
2121.74
2668.68
2668.68
2668.68
2098.93
2098.93
2438.95
2217.24
2217.24
1357.28
1357.28
2480.83
2480.83
2480.83
1703.52
1703.52
2411.03
740.19
740.19
2264.86
2264.86
2264.86
2283.64
2283.64
2390.50
2351.21
2351.21
2352.96
2352.96
2352.96
2762.76
2762.76
2238.53
2384.29
2384.29
2399.33
2399.33
2110.73
2110.73
2110.73
2410.86
2410.86
2017.03
1822.30
1822.30
2118.20
2118.20
2118.20
2234.15
2234.15
2456.25
2429.50
2429.50
2429.50
2427.81
2427.81
2277.49
2194.21
2194.21
2194.21
2384.31
2384.31
2352.21
2352.21
2771.84
2263.29
2263.29
2629.99
2629.99
2629.99
1852.35
1852.35
2524.28
2524.28
2235.29
1930.92
1930.92
1930.92
1653.64
1653.64
2278.35
2278.35
2111.74
2327.80
2327.80
2088.36
2088.36
2088.36
2320.89
2320.89
893.74
2351.63
2351.63
2351.63
2316.63
2316.63
2442.97
2442.97
2297.43
2135.97
2135.97
2135.97
2584.91
2584.91
2308.74
2308.74
2198.45
2198.45
2357.56
2357.56
1688.09
1688.09
2196.93
2196.93
2134.81
2134.81
2385.75
2385.75
2366.86
2366.86
2375.42
2375.42
2723.72
2418.55
2418.55
2418.55
3101.64
3101.64
1231.07
1231.07
1264.39
2217.17
2217.17
2217.17
1887.99
1887.99
2176.75
2176.75
1847.16
2451.25
2451.25
2451.25
2049.69
2049.69
2244.62
2244.62
1722.32
1722.32
1977.13
1977.13
2290.39
2290.39
2171.43
2171.43
2373.07
2373.07
2145.45
2145.45
1967.23
1967.23
2753.97
2753.97
2322.22
2322.22
2231.94
2231.94
2335.34
2335.34
2247.32
2247.32
1262.80
1262.80
2458.52
2458.52
1412.96
1412.96
2387.30
2387.30
1984.28
1984.28
2467.83
2467.83
630.45
630.45
2706.99
2706.99
2286.41
2286.41
2677.58
2677.58
1239.57
1239.57
1998.78
1998.78
2205.79
2205.79
2057.12
2057.12
2731.26
2731.26
2475.62
2475.62
2471.54
2471.54
2271.75
2271.75
1875.19
1875.19
2844.66
2844.66
2226.31
2226.31
2757.36
2757.36
2274.15
2274.15
2609.14
2609.14
1120.35
1120.35
1729.76
1729.76
1917.00
1917.00
2354.48
2354.48
1335.07
1335.07
2027.31
2027.31
2400.72
2400.72
2491.63
2491.63
1276.42
1276.42
2522.64
2522.64
2290.38
2290.38
1703.90
1703.90
1703.90
1703.90
480.99
480.99
2008.69
2008.69
1761.03
1761.03
1999.55
1999.55
2199.31
2199.31
1445.92
1445.92
1884.79
1884.79
1884.79
1884.79
1720.44
1720.44
812.08
812.08
432.72
432.72
693.75
693.75
2016.46
2016.46
2454.42
2454.42
1037.66
1037.66
2412.02
2412.02
2409.31
2409.31
2281.87
2281.87
2174.24
2174.24
898.92
898.92
1783.49
1783.49
2292.32
2292.32
1255.69
1255.69
2431.93
2431.93
2199.71
2199.71
1900.88
1900.88
2212.42
2212.42
1255.21
1255.21
2119.99
2119.99
1982.57
1982.57
2198.95
2198.95
451.73
451.73
2226.46
2226.46
2019.44
2019.44
1623.22
1623.22
2478.87
2478.87
1071.90
1071.90
2360.63
2360.63
2469.39
2469.39
1133.05
1133.05
1611.33
1611.33
690.96
690.96
1510.76
1510.76
1446.63
1446.63
2197.22
2197.22
2377.82
2377.82
2401.59
2401.59
581.16
581.16
2503.27
2503.27
2302.42
2302.42
2319.83
2319.83
2672.94
2672.94
2098.81
2098.81
2391.23
2391.23
2308.42
2308.42
1095.28
1095.28
2727.76
2727.76
2333.09
2333.09
2501.32
2501.32
1327.07
1327.07
1995.04
1995.04
2200.37
2200.37
1293.36
1293.36
2918.22
2918.22
2549.44
2549.44
2543.76
2543.76
3049.84
3049.84
2699.98
2699.98
2912.82
2912.82
2214.24
2214.24
2205.70
2205.70
2303.87
2303.87
2565.44
2565.44
2651.20
2651.20
2552.09
2552.09
2707.90
2707.90
1305.45
1305.45
2070.55
2070.55
1191.31
1191.31
1392.15
1392.15
1864.68
1864.68
2358.85
2358.85
2373.00
2373.00
905.37
905.37
2504.73
2504.73
2320.59
2320.59
2489.91
2489.91
1978.99
1978.99
2131.51
2131.51
2128.77
2128.77
1135.55
1135.55
2093.41
2093.41
2802.15
2802.15
2369.87
2369.87
2437.76
2437.76
2286.60
2286.60
2126.11
2126.11
3014.06
3014.06
2242.19
2242.19
2190.33
2190.33
2496.05
2496.05
2353.71
2353.71
2203.55
2203.55
2128.77
2128.77
2280.52
2280.52
2360.33
2360.33
2143.21
2143.21
1085.31
1085.31
2729.01
2729.01
2872.01
2872.01
2078.36
2078.36
1899.22
1899.22
2018.20
2018.20
2342.30
2342.30
2505.29
2505.29
1081.63
1081.63
2671.09
2671.09
1386.09
1386.09
2341.02
2341.02
2359.15
2359.15
2072.89
2072.89
2406.18
2406.18
782.68
782.68
2692.18
2692.18
2124.25
2124.25
2429.92
2429.92
2470.42
2470.42
2075.77
2075.77
2701.19
2701.19
2700.88
2700.88
1225.03
1225.03
2225.06
2225.06
2396.43
2396.43
1184.62
1184.62
2143.10
2143.10
2565.28
2565.28
2416.54
2416.54
1384.29
1384.29
2547.59
2547.59
2457.46
2457.46
2832.16
2832.16
2195.96
2195.96
2664.41
2664.41
1340.76
1340.76
2237.97
2237.97
2657.50
2657.50
2424.40
2424.40
2421.05
2421.05
2615.34
2615.34
1194.83
1194.83
156.84
156.84
786.28
786.28
2591.28
2591.28
2288.29
2288.29
1837.84
1837.84
899.23
899.23
2044.99
2044.99
1549.72
1549.72
1333.17
1333.17
11.58
11.58
2309.33
2309.33
2124.84
2124.84
2534.67
2534.67
720.35
720.35
550.81
550.81
2171.80
2171.80
1726.45
1726.45
2211.83
2211.83
1071.62
1071.62
665.88
665.88
1994.57
1994.57
897.99
897.99
2215.09
2215.09
1216.00
1216.00
725.43
725.43
1471.62
1471.62
623.26
623.26
2010.79
2010.79
1848.70
1848.70
2398.72
2398.72
1764.61
1764.61
2795.54
2795.54
20.54
20.54
1336.85
1336.85
941.66
941.66
1861.23
1861.23
2730.49
2730.49
807.32
807.32
2729.33
2729.33
2493.57
2493.57
2551.65
2551.65
2314.49
2314.49
2166.54
2166.54
2680.11
2680.11
2300.58
2300.58
2644.12
2644.12
2094.36
2094.36
2182.45
2182.45
2169.20
2169.20
2514.58
2514.58
1818.35
1818.35
1171.57
1171.57
2096.05
2096.05
2302.85
2302.85
2446.86
2446.86
1724.24
1724.24
2131.84
2131.84
2073.18
2073.18
2391.15
2391.15
1987.85
1987.85
2265.84
2265.84
2220.60
2220.60
2718.37
2718.37
1043.00
1043.00
2067.67
2067.67
1842.66
1842.66
1391.59
1391.59
707.65
707.65
832.68
832.68
2569.00
2569.00
1261.38
1261.38
514.72
514.72
2420.65
2420.65
1778.94
1778.94
2130.25
2130.25
1967.32
1967.32
2287.00
2287.00
2634.92
2634.92
1785.90
1785.90
2269.63
2269.63
2060.74
2060.74
1966.14
1966.14
1967.90
1967.90
1698.44
1698.44
1380.37
1380.37
1970.11
1970.11
33.15
33.15
1930.73
1930.73
2553.45
2553.45
636.06
636.06
2144.81
2144.81
136.58
136.58
1067.65
1067.65
1705.65
1705.65
2037.57
2037.57
2438.85
2438.85
1979.53
1979.53
2370.60
2370.60
2445.72
2445.72
2667.03
2667.03
2100.37
2100.37
2076.52
2076.52
2022.88
2022.88
1647.72
1647.72
2020.25
2020.25
2303.93
2303.93
1707.61
1707.61
1015.98
1015.98
2332.32
2332.32
1920.48
1920.48
2708.32
2708.32
2253.82
2253.82
2332.21
2332.21
988.65
988.65
1941.27
1941.27
2502.16
2502.16
2128.97
2128.97
2286.38
2286.38
1188.27
1188.27
2098.18
2098.18
900.47
900.47
2295.79
2295.79
2395.18
2395.18
2274.06
2274.06
2365.51
2365.51
1968.32
1968.32
2148.80
2148.80
696.67
696.67
1867.79
1867.79
59.81
59.81
2064.02
2064.02
1960.93
1960.93
147.76
147.76
2294.84
2294.84
2581.85
2581.85
1769.19
1769.19
2275.74
2275.74
562.93
562.93
2149.11
2149.11
384.77
384.77
1662.19
1662.19
2174.66
2174.66
1799.89
1799.89
2184.50
2184.50
2552.44
2552.44
542.80
542.80
2215.24
2215.24
2121.61
2121.61
2310.36
2310.36
2376.75
2376.75
2053.98
2053.98
2187.91
2187.91
1998.55
1998.55
2049.50
2049.50
1570.23
1570.23
912.89
912.89
2151.01
2151.01
1222.89
1222.89
2193.50
2193.50
2335.70
2335.70
2212.63
2212.63
2018.69
2018.69
2680.12
2680.12
2696.29
2696.29
2275.12
2275.12
2427.25
2427.25
2198.21
2198.21
975.40
975.40
2316.64
2316.64
1967.69
1967.69
1925.29
1925.29
2293.60
2293.60
2261.42
2261.42
1806.79
1806.79
1340.00
1340.00
729.28
729.28
2254.95
2254.95
2661.97
2661.97
1220.58
1220.58
2690.42
2690.42
2090.08
2090.08
2545.62
2545.62
2722.95
2722.95
1071.84
1071.84
2446.09
2446.09
1299.83
1299.83
2143.13
2143.13
1004.50
1004.50
2162.80
2162.80
2162.80
2096.59
1599.05
1599.05
2241.72
2241.72
2241.72
992.33
2351.72
2351.72
2943.10
2943.10
2045.86
2045.86
2936.95
2936.95
1804.73
1804.73
2204.96
2204.96
2274.02
2274.02
2274.02
1197.33
3036.45
3036.45
2512.99
2512.99
2512.99
1438.98
2182.54
2182.54
2303.27
2303.27
2303.27
2699.75
1314.86
1314.86
2440.51
2440.51
2440.51
2600.69
1279.57
1279.57
2359.96
2359.96
2167.15
2167.15
2167.15
848.32
2198.62
2198.62
1639.95
1639.95
1236.61
1236.61
2315.35
2315.35
2399.09
2399.09
2246.90
2246.90
2246.90
2791.19
2813.23
2813.23
2286.15
2286.15
2286.15
1300.19
2137.95
2137.95
2826.48
2826.48
2826.48
2251.73
2251.73
779.08
2340.28
2340.28
2340.28
1596.38
1596.38
746.74
1710.68
1710.68
1710.68
1752.57
1029.84
1029.84
2442.84
2442.84
2442.84
2653.96
2653.96
2256.05
2469.67
2469.67
1787.71
1787.71
1787.71
1443.42
1443.42
1959.33
1078.98
1078.98
1078.98
2348.54
2348.54
2348.24
1770.66
1770.66
2749.94
2749.94
2749.94
2692.85
2692.85
1216.15
2432.41
2432.41
2432.41
2632.87
2632.87
2680.97
2608.70
2608.70
1621.35
1621.35
1621.35
2110.26
2110.26
1670.40
2499.35
2499.35
2499.35
2409.99
2409.99
2049.59
2344.10
2344.10
2344.10
2860.93
2860.93
2195.39
2645.20
2645.20
2645.20
2540.14
2532.88
2532.88
2250.53
2250.53
2250.53
2077.98
2077.98
1629.16
2463.06
2463.06
2463.06
2231.29
2231.29
2405.80
2405.80
1059.68
1059.68
2176.79
2176.79
1451.46
1451.46
1122.46
1899.09
1899.09
1899.09
1878.37
1878.37
1974.14
1974.14
1338.73
1338.73
736.21
736.21
1090.42
1090.42
1129.69
1129.69
991.28
991.28
1191.58
1191.58
1998.69
1998.69
2273.44
2273.44
1517.64
1517.64
1747.77
1747.77
2350.49
2350.49
2751.99
2218.26
2218.26
2218.26
2027.45
2027.45
2347.26
2347.26
1658.80
1658.80
1587.34
1587.34
2172.82
2172.82
2169.45
2169.45
2113.64
2113.64
2518.35
2518.35
2325.49
2325.49
2019.96
2019.96
1972.15
1972.15
2141.68
2141.68
1249.38
1249.38
2096.82
2096.82
2943.78
2943.78
704.35
704.35
2304.20
2304.20
2755.02
2755.02
2282.80
2282.80
3017.57
3017.57
2182.53
2182.53
908.54
908.54
1497.15
1497.15
1859.84
1859.84
2425.56
2425.56
2159.36
2159.36
2798.86
2798.86
2296.21
2296.21
2098.69
2098.69
1109.39
1109.39
1959.53
1959.53
2622.49
2622.49
2393.76
2393.76
2208.51
2208.51
1457.71
1457.71
2332.07
2332.07
3035.11
3035.11
621.04
621.04
2755.45
2755.45
1045.43
1045.43
1118.58
1118.58
2052.04
2052.04
2036.74
2036.74
762.53
762.53
2171.86
2171.86
3026.56
3026.56
2388.63
2388.63
2322.45
2322.45
2669.78
2669.78
1299.91
1299.91
2510.75
2510.75
2536.19
2536.19
2322.14
2322.14
544.95
544.95
2007.84
2007.84
2272.31
2272.31
2545.43
2545.43
1355.07
1355.07
2127.71
2127.71
1047.14
1047.14
2340.74
2340.74
944.32
944.32
2658.96
2658.96
1620.44
1620.44
2189.85
2189.85
2357.80
2357.80
2307.86
2307.86
2108.77
2108.77
2630.27
2630.27
1882.18
1882.18
1389.86
1389.86
765.24
765.24
2631.40
2631.40
2340.63
2340.63
2192.22
2192.22
589.53
589.53
2172.52
2172.52
2053.97
2053.97
2248.30
2248.30
2638.05
2638.05
2218.77
2218.77
2745.65
2745.65
2048.23
2048.23
1993.10
1993.10
2302.00
2302.00
1184.20
1184.20
2411.03
2411.03
2549.47
2549.47
2731.70
2731.70
908.04
908.04
2088.90
2088.90
2485.09
2485.09
2390.62
2390.62
1918.83
1918.83
2079.49
2079.49
2462.67
2462.67
2127.22
2127.22
2193.51
2193.51
2432.33
2432.33
1668.38
1668.38
1873.42
1873.42
1507.75
1507.75
1882.65
1882.65
2411.40
2411.40
2189.90
2189.90
2302.88
2302.88
1927.98
1927.98
2062.97
2062.97
2844.52
2844.52
2094.55
2094.55
3031.86
3031.86
2437.69
2437.69
2488.32
2488.32
2398.19
2398.19
2381.41
2381.41
2224.19
2224.19
1862.02
1862.02
2085.28
2085.28
1964.46
1964.46
2101.30
2101.30
2646.65
2646.65
1921.75
1921.75
2725.03
2725.03
2074.54
2074.54
1424.09
1424.09
2176.84
2176.84
2305.63
2305.63
2059.26
2059.26
1862.12
1862.12
2348.44
2348.44
2037.71
2037.71
2183.33
2183.33
2481.53
2481.53
1190.25
1190.25
2951.73
2951.73
2225.93
2225.93
2148.94
2148.94
2249.26
2249.26
2246.46
2246.46
2568.38
2568.38
2299.12
2299.12
2830.77
2830.77
2259.47
2259.47
2438.72
2438.72
2299.84
2299.84
1522.86
1522.86
2547.19
2547.19
2327.85
2327.85
2314.11
2314.11
2596.31
2596.31
2412.59
2412.59
2391.86
2391.86
2246.35
2246.35
2851.64
2851.64
2455.80
2455.80
2211.05
2211.05
2229.40
2229.40
1766.82
1766.82
2622.27
2622.27
831.11
831.11
2380.47
2380.47
2373.65
2373.65
2081.14
2081.14
2483.84
2483.84
2443.54
2443.54
2389.00
2389.00
2245.13
2245.13
2293.64
2293.64
2469.52
2469.52
1697.92
1697.92
1524.14
1524.14
1149.17
1149.17
2441.72
2441.72
2076.59
2076.59
2198.01
2198.01
2317.53
2317.53
2092.45
2092.45
2702.67
2702.67
2223.20
2223.20
812.26
812.26
1989.08
1989.08
1853.35
1853.35
1136.39
1136.39
2271.87
2271.87
876.04
876.04
1306.49
1306.49
833.14
833.14
1012.07
1012.07
2017.03
2017.03
2726.87
2726.87
1302.60
1302.60
2474.44
2474.44
1277.67
1277.67
2424.14
2424.14
2684.11
2684.11
2559.21
2559.21
2367.60
2367.60
2185.84
2185.84
2341.10
2341.10
2519.73
2519.73
2229.64
2229.64
2785.53
2785.53
2201.93
2201.93
1099.76
1099.76
723.15
723.15
1717.81
1717.81
2153.05
2153.05
2037.50
2037.50
2719.35
2719.35
1281.62
1281.62
918.23
918.23
1881.59
1881.59
2186.87
2186.87
3090.15
3090.15
2155.29
2155.29
1867.59
1867.59
1905.90
1905.90
2312.91
2312.91
2854.19
2854.19
1015.51
1015.51
2330.14
2330.14
2020.24
2020.24
1888.63
1888.63
2407.92
2407.92
2438.26
2438.26
2661.08
2661.08
2372.55
2372.55
2616.89
2616.89
1953.73
1953.73
1255.78
1255.78
1316.60
1316.60
2538.16
2538.16
2530.21
2530.21
1980.75
1980.75
2396.31
2396.31
1306.15
1306.15
1714.91
1714.91
2552.33
2552.33
2491.02
2491.02
1132.74
1132.74
1981.70
1981.70
2295.79
2295.79
1816.01
1816.01
2049.97
2049.97
2606.75
2606.75
1292.79
1292.79
1856.35
1856.35
1519.85
1519.85
2251.15
2251.15
2760.64
2760.64
2332.25
2332.25
2679.37
2679.37
2004.89
2004.89
2376.67
2376.67
1810.48
1810.48
1411.96
1411.96
2245.84
2245.84
2022.09
2022.09
2174.08
2174.08
2314.73
2314.73
2084.59
2084.59
2563.51
2563.51
2036.15
2036.15
2218.78
2218.78
1970.13
1970.13
2296.06
2296.06
2732.91
2732.91
2053.81
2053.81
2148.12
2148.12
2340.15
2340.15
2647.00
2647.00
2044.31
2044.31
2035.16
2035.16
2441.26
2441.26
2243.34
2243.34
1052.46
1052.46
1344.49
1344.49
2525.20
2525.20
2825.59
2825.59
1056.92
1056.92
2653.73
2653.73
2297.03
2297.03
2269.26
2269.26
2606.32
2606.32
2339.50
2339.50
2829.69
2829.69
2155.73
2155.73
2588.59
2588.59
2228.27
2228.27
2526.05
2526.05
2527.37
2527.37
2136.51
2136.51
2624.02
2624.02
2222.78
2222.78
2555.49
2555.49
2279.38
2279.38
2109.88
2109.88
2629.82
2629.82
2347.33
2347.33
2219.61
2219.61
2071.07
2071.07
2525.52
2525.52
1919.54
1919.54
2236.99
2236.99
2414.30
2414.30
2127.49
2127.49
2119.06
2119.06
2793.12
2793.12
2224.38
2224.38
2751.06
2751.06
2627.38
2627.38
2116.97
2116.97
2452.92
2452.92
2233.75
2233.75
749.65
749.65
1020.27
1020.27
2830.14
2830.14
2427.16
2427.16
1139.80
1139.80
2503.09
2503.09
2274.72
2274.72
2457.78
2457.78
1010.11
1010.11
849.81
849.81
2394.96
2394.96
2314.95
2314.95
2392.81
2392.81
2488.33
2488.33
2580.10
2580.10
2339.92
2339.92
1756.83
1756.83
1593.59
1593.59
2152.25
2152.25
2499.25
2499.25
607.13
607.13
2539.12
2539.12
1599.88
1599.88
2363.69
2363.69
2402.82
2402.82
1435.57
1435.57
2509.69
2509.69
2469.19
2469.19
2039.50
2039.50
1988.47
1988.47
1246.24
1246.24
2649.93
2649.93
1014.46
1014.46
2421.13
2421.13
2347.44
2347.44
2170.02
2170.02
2516.58
2516.58
2150.10
2150.10
2540.73
2540.73
1178.84
1178.84
2405.21
2405.21
2656.72
2656.72
1104.06
1104.06
2514.60
2514.60
2359.72
2359.72
2579.72
2579.72
2228.70
2228.70
1970.77
1970.77
2345.04
2345.04
2392.74
2392.74
2706.11
2706.11
1413.00
1413.00
1665.79
1665.79
2213.25
2213.25
2423.61
2423.61
1396.05
1396.05
1166.86
1166.86
528.28
528.28
1924.80
1924.80
1566.64
1566.64
1480.95
1480.95
2399.71
2399.71
2507.74
2507.74
2435.96
2435.96
2126.24
2126.24
92.30
92.30
1922.16
1922.16
2054.91
2054.91
2739.37
2739.37
2074.43
2074.43
2339.96
2339.96
2184.17
2184.17
1303.42
1303.42
2276.81
2276.81
1161.65
1161.65
2345.77
2345.77
2180.25
2180.25
2468.60
2468.60
2023.03
2023.03
2680.48
2680.48
2184.09
2184.09
2674.42
2674.42
1929.53
1929.53
2653.20
2653.20
2653.20
2476.75
2227.60
2227.60
2686.86
2686.86
2129.29
2129.29
1636.99
1636.99
1841.68
1841.68
1719.73
1719.73
1719.73
2316.85
1781.13
1781.13
1668.26
1668.26
2093.45
2093.45
2245.47
2245.47
2696.63
2696.63
1980.25
1980.25
1980.25
2371.52
2350.06
2350.06
1134.29
1134.29
1134.29
2420.35
2241.70
2241.70
3035.47
3035.47
3035.47
2216.27
2409.66
2409.66
2068.86
2068.86
2068.86
2114.59
2605.72
2605.72
2536.56
2536.56
2536.56
2576.43
2576.43
2191.25
2201.24
2201.24
2265.94
2265.94
2265.94
1773.75
2739.16
2739.16
2059.03
2059.03
2059.03
3029.76
3029.76
2486.13
2040.79
2040.79
2061.53
2061.53
2061.53
1929.13
1303.16
1303.16
1744.23
1744.23
1744.23
2209.30
2209.30
2337.29
2156.07
2156.07
2213.93
2213.93
2213.93
2474.82
2425.69
2425.69
2425.69
1901.16
1901.16
1737.07
2605.06
2605.06
2318.68
2318.68
2318.68
2496.30
2182.90
2182.90
1376.08
1376.08
1376.08
2420.26
2420.26
1458.29
2744.85
2744.85
2841.45
2841.45
1680.04
1680.04
1720.15
1720.15
2250.87
2250.87
2250.87
2448.13
1451.70
1451.70
2638.18
2638.18
2638.18
1765.68
1765.68
2677.44
2580.88
2580.88
2580.88
2353.93
2353.93
2131.74
967.50
967.50
967.50
2554.05
2554.05
1166.75
1166.75
1141.93
2233.57
2233.57
2233.57
2254.48
2254.48
2188.57
2286.34
2286.34
2286.34
1208.19
1208.19
2577.40
2577.40
2227.47
2145.63
2145.63
2145.63
1269.99
2981.59
2981.59
2981.59
1735.78
1735.78
459.28
459.28
2505.73
2246.06
2246.06
2246.06
2287.92
2287.92
2137.65
2137.65
2254.08
2477.92
2477.92
2477.92
1910.29
1910.29
2109.38
2450.36
2450.36
2450.36
2250.78
2250.78
1959.18
2097.17
2097.17
2097.17
2567.88
2567.88
1863.88
1863.88
1637.66
1965.01
1965.01
1965.01
2286.36
2286.36
2236.99
2236.99
2240.37
2240.37
2552.44
2552.44
2074.33
2074.33
2135.37
2135.37
1145.71
1145.71
1354.91
1354.91
1831.88
1831.88
1147.64
1147.64
2020.90
2020.90
2321.15
2321.15
1486.43
1486.43
2316.16
2316.16
2615.36
2615.36
2155.41
2155.41
2381.34
2381.34
2187.00
2187.00
2180.54
2180.54
1991.99
1991.99
2755.04
2755.04
2613.99
2613.99
2293.83
2293.83
1584.28
1584.28
1959.22
1959.22
2426.56
2426.56
2459.47
2459.47
1191.42
1191.42
2080.66
2080.66
2760.89
2760.89
2184.07
2184.07
1219.11
1219.11
2421.76
2421.76
2389.39
2389.39
2224.52
2224.52
2407.35
2407.35
1063.55
1063.55
1918.72
1918.72
2585.14
2585.14
1561.66
1561.66
2381.25
2381.25
2953.56
2953.56
2041.31
2041.31
2330.55
2330.55
1725.10
1725.10
2367.07
2367.07
2208.50
2208.50
2192.43
2192.43
2575.07
2575.07
2364.02
2364.02
2138.15
2138.15
1488.19
1488.19
1867.26
1867.26
1637.50
1637.50
2037.21
2037.21
2747.91
2747.91
2563.97
2563.97
2383.93
2383.93
2907.91
2907.91
2612.76
2612.76
2727.04
2727.04
2324.88
2324.88
1927.96
1927.96
1692.66
1692.66
2538.32
2538.32
2256.22
2256.22
1921.42
1921.42
1524.31
1524.31
2450.18
2450.18
2151.19
2151.19
2567.21
2567.21
2273.23
2273.23
2083.98
2083.98
2504.20
2504.20
2342.70
2342.70
431.12
431.12
2085.12
2085.12
2550.62
2550.62
151.79
151.79
764.53
764.53
2146.66
2146.66
1962.49
1962.49
2669.03
2669.03
2164.37
2164.37
1267.69
1267.69
1008.62
1008.62
2515.02
2515.02
2345.53
2345.53
1595.41
1595.41
2794.16
2794.16
2215.57
2215.57
2640.24
2640.24
2121.65
2121.65
2404.03
2404.03
2645.40
2645.40
1914.25
1914.25
2195.57
2195.57
1837.86
1837.86
1320.16
1320.16
2529.00
2529.00
1465.67
1465.67
2429.04
2429.04
2046.62
2046.62
2497.29
2497.29
2323.49
2323.49
1597.74
1597.74
2203.12
2203.12
1778.81
1778.81
2230.44
2230.44
2177.05
2177.05
2356.78
2356.78
2291.71
2291.71
2310.91
2310.91
2831.25
2831.25
2197.27
2197.27
2109.71
2109.71
2285.22
2285.22
2272.20
2272.20
2591.20
2591.20
2321.91
2321.91
1738.76
1738.76
2189.25
2189.25
1705.20
1705.20
2069.54
2069.54
2231.20
2231.20
1693.29
1693.29
1696.71
1696.71
1900.45
1900.45
2376.61
2376.61
2436.88
2436.88
2761.15
2761.15
2124.95
2124.95
2337.79
2337.79
936.18
936.18
2217.84
2217.84
2445.27
2445.27
2477.70
2477.70
1982.56
1982.56
859.60
859.60
2453.63
2453.63
2252.99
2252.99
2148.66
2148.66
2739.00
2739.00
2049.84
2049.84
1832.06
1832.06
2295.90
2295.90
2220.72
2220.72
1830.50
1830.50
572.22
572.22
2562.16
2562.16
1713.39
1713.39
2302.11
2302.11
2234.70
2234.70
2360.85
2360.85
2289.03
2289.03
2260.65
2260.65
2026.02
2026.02
1002.64
1002.64
2057.15
2057.15
2225.73
2225.73
2859.27
2859.27
2854.52
2854.52
1307.86
1307.86
2471.06
2471.06
2247.48
2247.48
2079.11
2079.11
2447.01
2447.01
2319.74
2319.74
2532.74
2532.74
1741.65
1741.65
1945.65
1945.65
1104.50
1104.50
2297.50
2297.50
1393.56
1393.56
2041.25
2041.25
2124.61
2124.61
2110.60
2110.60
1706.59
1706.59
1575.31
1575.31
1928.35
1928.35
1987.31
1987.31
2239.24
2239.24
1911.00
1911.00
2393.52
2393.52
1128.33
1128.33
2717.43
2717.43
1404.16
1404.16
2372.81
2372.81
1359.22
1359.22
925.50
925.50
1915.87
1915.87
2108.33
2108.33
2890.18
2890.18
2097.97
2097.97
1417.21
1417.21
2459.40
2459.40
1992.39
1992.39
2545.82
2545.82
2291.41
2291.41
798.04
798.04
2330.39
2330.39
2182.04
2182.04
1109.66
1109.66
2064.81
2064.81
2009.78
2009.78
2149.72
2149.72
1145.19
1145.19
2495.95
2495.95
2092.16
2092.16
2586.58
2586.58
245.13
245.13
1448.23
1448.23
2141.25
2141.25
1702.22
1702.22
2123.59
2123.59
2192.99
2192.99
1655.02
1655.02
2434.10
2434.10
1399.28
1399.28
2621.60
2621.60
1165.37
1165.37
2277.23
2277.23
2183.34
2183.34
2479.54
2479.54
1957.29
1957.29
1195.51
1195.51
2866.43
2866.43
2190.73
2190.73
3025.21
3025.21
1884.06
1884.06
1862.63
1862.63
2239.80
2239.80
907.55
907.55
2266.36
2266.36
2443.13
2443.13
2657.64
2657.64
2353.11
2353.11
2284.58
2284.58
2340.47
2340.47
1989.27
1989.27
1461.26
1461.26
2037.97
2037.97
2517.88
2517.88
2913.66
2913.66
2463.87
2463.87
1245.00
1245.00
2446.76
2446.76
1863.17
1863.17
2180.17
2180.17
2192.52
2192.52
1390.97
1390.97
2051.31
2051.31
2984.40
2984.40
2405.78
2405.78
2390.43
2390.43
2598.23
2598.23
2146.96
2146.96
2586.96
2586.96
2529.24
2529.24
2719.56
2719.56
2161.66
2161.66
2125.80
2125.80
2359.45
2359.45
2498.24
2498.24
1969.04
1969.04
2248.41
2248.41
2371.92
2371.92
2489.90
2489.90
2279.19
2279.19
3013.40
3013.40
2535.21
2535.21
2134.59
2134.59
2222.98
2222.98
2299.82
2299.82
2827.02
2827.02
1941.96
1941.96
2627.46
2627.46
2008.02
2008.02
2467.13
2467.13
1358.29
1358.29
2206.59
2206.59
2380.81
2380.81
2130.06
2130.06
1570.31
1570.31
1310.86
1310.86
1512.97
1512.97
2010.35
2010.35
2389.21
2389.21
2460.99
2460.99
2205.83
2205.83
765.06
765.06
1061.65
1061.65
2292.23
2292.23
2133.74
2133.74
2353.31
2353.31
2393.83
2393.83
2277.99
2277.99
1776.21
1776.21
2595.36
2595.36
2162.08
2162.08
2342.52
2342.52
2171.18
2171.18
2265.68
2265.68
2111.46
2111.46
2006.22
2006.22
3392.16
3392.16
2284.50
2284.50
2425.95
2425.95
2007.73
2007.73
2008.66
2008.66
2460.69
2460.69
2107.11
2107.11
1921.20
1921.20
2204.62
2204.62
2080.22
2080.22
1995.69
1995.69
2102.73
2102.73
1741.24
1741.24
1707.89
1707.89
2422.51
2422.51
1910.18
1910.18
2142.50
2142.50
2228.85
2228.85
2117.98
2117.98
2680.11
2680.11
2421.66
2421.66
2587.61
2587.61
1093.53
1093.53
2282.09
2282.09
3054.08
3054.08
2127.20
2127.20
2613.30
2613.30
2360.68
2360.68
2191.11
2191.11
2263.58
2263.58
2168.02
2168.02
2631.08
2631.08
2354.50
2354.50
2199.87
2199.87
1362.83
1362.83
1042.23
1042.23
2179.82
2179.82
2018.99
2018.99
2385.12
2385.12
2111.72
2111.72
2421.91
2421.91
913.19
913.19
2158.20
2158.20
2604.59
2604.59
2246.65
2246.65
2596.88
2596.88
2120.08
2120.08
1152.38
1152.38
1870.70
1870.70
1628.68
1628.68
2951.73
2951.73
2155.25
2155.25
989.12
989.12
2711.97
2711.97
2262.79
2262.79
2807.08
2807.08
2266.47
2266.47
2324.84
2324.84
2422.57
2422.57
2803.96
2803.96
2693.28
2693.28
1820.13
1820.13
2877.64
2877.64
1301.67
1301.67
2179.45
2179.45
1335.60
1335.60
1208.92
1208.92
2307.21
2307.21
2087.70
2087.70
2401.29
2401.29
2392.91
2392.91
2316.82
2316.82
2580.52
2580.52
2465.99
2465.99
397.19
397.19
2290.31
2290.31
2109.76
2109.76
2497.27
2497.27
2119.45
2119.45
2919.15
2919.15
2546.91
2546.91
2503.84
2503.84
2449.03
2449.03
2449.03
1597.82
1447.60
1447.60
1705.75
1705.75
1931.48
1931.48
2014.99
2014.99
2187.07
2187.07
3017.98
3017.98
2564.54
2564.54
2564.54
1771.26
2305.86
2305.86
2216.16
2216.16
2293.63
2293.63
2193.11
2193.11
2665.21
2665.21
2328.49
2328.49
2975.82
2975.82
2546.70
2546.70
2406.08
2406.08
1390.40
1390.40
1390.40
1916.29
3016.24
3016.24
1189.22
1189.22
2434.53
2434.53
2514.45
2514.45
1772.14
1772.14
2534.54
2534.54
1478.41
1478.41
2335.71
2335.71
2335.71
1747.78
2473.34
2473.34
2700.59
2700.59
2429.70
2429.70
2429.70
2388.62
2226.05
2226.05
1336.88
1336.88
2326.71
2326.71
2326.71
353.74
353.74
2707.10
2135.14
2135.14
2902.09
2902.09
2902.09
2301.47
2597.74
2597.74
2505.20
2505.20
2314.31
2314.31
2314.31
2747.75
2280.36
2280.36
2523.19
2523.19
2388.63
2388.63
2499.66
2499.66
2499.66
3100.01
2432.63
2432.63
2501.90
2501.90
2268.29
2268.29
2268.29
2212.89
2212.89
1300.67
2103.14
2103.14
2070.11
2070.11
2070.11
2079.52
2079.52
2443.06
2425.39
2425.39
2201.67
2201.67
2201.67
2711.20
2711.20
2533.95
2803.84
2803.84
2489.43
2489.43
2212.67
2212.67
2212.67
1261.40
1261.40
2136.73
2538.57
2538.57
2352.01
2352.01
2352.01
2377.11
2377.11
1405.85
1405.85
2328.70
2649.91
2649.91
2226.14
2226.14
2226.14
2291.80
2291.80
1711.35
1711.35
2349.80
2349.80
2383.28
2567.60
2567.60
2567.60
3038.53
3038.53
2519.06
2106.76
2106.76
2106.76
2279.21
2192.28
2192.28
2192.28
2385.57
2385.57
2772.68
2772.68
2542.49
2004.85
2004.85
2004.85
2179.02
2179.02
2505.75
2505.75
2230.13
2230.13
3164.98
2119.49
2119.49
2033.05
2033.05
2033.05
2058.99
2058.99
2385.28
2385.28
3031.66
3031.66
1779.85
1779.85
2815.49
2815.49
2279.82
2279.82
2131.79
2361.74
2361.74
2361.74
2139.50
2139.50
2628.93
2628.93
2111.67
2999.75
2999.75
1047.07
1047.07
1047.07
2476.96
2476.96
2829.08
2829.08
2331.81
2331.81
2541.68
2541.68
2204.40
2204.40
2454.24
2454.24
2285.12
2285.12
2370.66
2370.66
2467.98
2467.98
2519.45
2519.45
1931.85
1931.85
2116.14
2116.14
2372.84
2372.84
2714.16
2714.16
2082.27
2082.27
2450.64
2450.64
1614.71
1614.71
1321.27
1321.27
2248.13
2248.13
2378.28
2378.28
2363.01
2363.01
1924.58
1924.58
2415.33
2415.33
2461.70
2461.70
2633.96
2633.96
2589.04
2589.04
2418.42
2418.42
2618.84
2618.84
2326.06
2326.06
2307.78
2307.78
2235.44
2235.44
2197.16
2197.16
2815.61
2815.61
2053.48
2053.48
1891.99
1891.99
2292.32
2292.32
2064.21
2064.21
2649.60
2649.60
2640.80
2640.80
2384.79
2384.79
2200.77
2200.77
2729.94
2729.94
2252.15
2252.15
2332.93
2332.93
2686.19
2686.19
2203.32
2203.32
2526.32
2526.32
2232.66
2232.66
2391.51
2391.51
2616.11
2616.11
2450.37
2450.37
2299.22
2299.22
2038.77
2038.77
2207.02
2207.02
2407.06
2407.06
1202.63
1202.63
2695.12
2695.12
2572.94
2572.94
2478.44
2478.44
2651.21
2651.21
2383.25
2383.25
1315.07
1315.07
1961.47
1961.47
2646.54
2646.54
2035.21
2035.21
1477.40
1477.40
2240.02
2240.02
2410.95
2410.95
1720.78
1720.78
876.66
876.66
1116.93
1116.93
2248.89
2248.89
2132.92
2132.92
2491.64
2491.64
1915.42
1915.42
2908.45
2908.45
2488.65
2488.65
1788.26
1788.26
2479.90
2479.90
1815.33
1815.33
1972.90
1972.90
2526.91
2526.91
3151.50
3151.50
2109.40
2109.40
2346.31
2346.31
2901.10
2901.10
2168.12
2168.12
2656.40
2656.40
2088.99
2088.99
2271.24
2271.24
2563.13
2563.13
2229.82
2229.82
1364.82
1364.82
2440.98
2440.98
2912.16
2912.16
2403.27
2403.27
2175.69
2175.69
2676.76
2676.76
2043.26
2043.26
2523.17
2523.17
2273.75
2273.75
2603.17
2603.17
2319.61
2319.61
2246.81
2246.81
2827.47
2827.47
2297.34
2297.34
2983.92
2983.92
1156.91
1156.91
2512.74
2512.74
2083.48
2083.48
1851.99
1851.99
2818.88
2818.88
1540.22
1540.22
2042.71
2042.71
2502.96
2502.96
1894.86
1894.86
2829.71
2829.71
1787.98
1787.98
2643.30
2643.30
2175.79
2175.79
2170.21
2170.21
2261.24
2261.24
2147.30
2147.30
3156.91
3156.91
2281.63
2281.63
2016.05
2016.05
2052.78
2052.78
2099.71
2099.71
2653.74
2653.74
1770.54
1770.54
2183.05
2183.05
2299.80
2299.80
1817.19
1817.19
1929.62
1929.62
1882.11
1882.11
2878.86
2878.86
2424.27
2424.27
2337.50
2337.50
2057.38
2057.38
2164.87
2164.87
2637.96
2637.96
1885.66
1885.66
2730.08
2730.08
2119.71
2119.71
2088.78
2088.78
1952.47
1952.47
2414.92
2414.92
1300.02
1300.02
2521.77
2521.77
2082.71
2082.71
1096.78
1096.78
1834.07
1834.07
2204.60
2204.60
2423.42
2423.42
2721.19
2721.19
1335.38
1335.38
2183.85
2183.85
2331.33
2331.33
2014.63
2014.63
2047.05
2047.05
1846.22
1846.22
2274.87
2274.87
2336.09
2336.09
2544.56
2544.56
3032.49
3032.49
2221.44
2221.44
3154.61
3154.61
1854.36
1854.36
2238.88
2238.88
1905.96
1905.96
1964.61
1964.61
2816.85
2816.85
2068.01
2068.01
1997.95
1997.95
1042.28
1042.28
2287.59
2287.59
2367.53
2367.53
2279.37
2279.37
3165.01
3165.01
2445.76
2445.76
1969.94
1969.94
2288.37
2288.37
2410.88
2410.88
2774.68
2774.68
93.80
93.80
2076.99
2076.99
2227.88
2227.88
2212.43
2212.43
3018.28
3018.28
2368.07
2368.07
3018.45
3018.45
2145.35
2145.35
2262.17
2262.17
2518.06
2518.06
2512.50
2512.50
2581.18
2581.18
2013.22
2013.22
2593.67
2593.67
2271.34
2271.34
1817.35
1817.35
2044.23
2044.23
2168.52
2168.52
2384.30
2384.30
2437.10
2437.10
2447.85
2447.85
2175.80
2175.80
2101.95
2101.95
2780.06
2780.06
2370.21
2370.21
2480.97
2480.97
2448.91
2448.91
1870.15
1870.15
2956.49
2956.49
2431.14
2431.14
3138.29
3138.29
1458.12
1458.12
1821.86
1821.86
2206.84
2206.84
1894.90
1894.90
2384.14
2384.14
2324.33
2324.33
2986.45
2986.45
2299.26
2299.26
1903.47
1903.47
2428.36
2428.36
2033.76
2033.76
2172.62
2172.62
2070.00
2070.00
2237.90
2237.90
2536.98
2536.98
2018.19
2018.19
2804.23
2804.23
1995.92
1995.92
2474.23
2474.23
2043.09
2043.09
1873.95
1873.95
2491.07
2491.07
2308.70
2308.70
3004.66
3004.66
358.65
358.65
2396.11
2396.11
2425.85
2425.85
2099.28
2099.28
2196.33
2196.33
2066.11
2066.11
489.22
489.22
1666.08
1666.08
2534.59
2534.59
2567.03
2567.03
2220.83
2220.83
2508.99
2508.99
2038.16
2038.16
2099.29
2099.29
1169.56
1169.56
1919.56
1919.56
2530.01
2530.01
2086.81
2086.81
2870.09
2870.09
2264.78
2264.78
2304.90
2304.90
2433.66
2433.66
2004.78
2004.78
2858.69
2858.69
1993.71
1993.71
1743.80
1743.80
2159.31
2159.31
2304.72
2304.72
2076.21
2076.21
1240.98
1240.98
2214.69
2214.69
2140.57
2140.57
2105.99
2105.99
2730.87
2730.87
2205.24
2205.24
2896.38
2896.38
776.90
776.90
2307.69
2307.69
1746.92
1746.92
2290.21
2290.21
2705.19
2705.19
2053.48
2053.48
2898.23
2898.23
1998.83
1998.83
2133.18
2133.18
1073.59
1073.59
611.61
611.61
2299.04
2299.04
1201.91
1201.91
2560.45
2560.45
2242.75
2242.75
2078.49
2078.49
2298.16
2298.16
1199.08
1199.08
2418.65
2418.65
1812.66
1812.66
942.43
942.43
2363.84
2363.84
2108.48
2108.48
2723.94
2723.94
2482.49
2482.49
2077.47
2077.47
2387.59
2387.59
2361.92
2361.92
2771.33
2771.33
1381.25
1381.25
1486.39
1486.39
1902.11
1902.11
2061.20
2061.20
2195.35
2195.35
1947.10
1947.10
2519.51
2519.51
1929.71
1929.71
2319.59
2319.59
2137.97
2137.97
2140.58
2140.58
1220.11
1220.11
1666.85
1666.85
1199.08
1199.08
1989.78
1989.78
2345.14
2345.14
1310.94
1310.94
2292.32
2292.32
2399.89
2399.89
2350.36
2350.36
2271.04
2271.04
2201.15
2201.15
2226.69
2226.69
2822.71
2822.71
2055.75
2055.75
2449.45
2449.45
2368.72
2368.72
2559.37
2559.37
1745.60
1745.60
1972.55
1972.55
2971.44
2971.44
2291.29
2291.29
2254.56
2254.56
866.06
866.06
1492.38
1492.38
2529.40
2529.40
2339.88
2339.88
1484.24
1484.24
2161.16
2161.16
1200.26
1200.26
2465.17
2465.17
1740.70
1740.70
2635.45
2635.45
2321.45
2321.45
838.30
838.30
2006.20
2006.20
773.12
773.12
2222.14
2222.14
2168.46
2168.46
2820.58
2820.58
2612.55
2612.55
2454.96
2454.96
2352.16
2352.16
2404.10
2404.10
2591.90
2591.90
49.37
49.37
2155.39
2155.39
1980.65
1980.65
2320.75
2320.75
2694.48
2694.48
2369.58
2369.58
1239.09
1239.09
2269.94
2269.94
2382.86
2382.86
2231.94
2231.94
1486.24
1486.24
2093.62
2093.62
2769.62
2769.62
2122.36
2122.36
1498.58
1498.58
2103.57
2103.57
2452.34
2452.34
2026.67
2026.67
3016.68
3016.68
2292.11
2292.11
2397.09
2397.09
1013.01
1013.01
2136.54
2136.54
2286.81
2286.81
2351.24
2351.24
2155.70
2155.70
2020.41
2020.41
2238.68
2238.68
3068.30
3068.30
2120.55
2120.55
1429.98
1429.98
1519.25
1519.25
2084.70
2084.70
2210.00
2210.00
2693.45
2693.45
2793.15
2793.15
2793.15
1190.28
1868.69
1868.69
2132.10
2132.10
2407.54
2407.54
2204.70
2204.70
2259.95
2259.95
2140.26
2140.26
2444.47
2444.47
2052.02
2052.02
2421.45
2421.45
2397.51
2397.51
2727.95
2727.95
2087.74
2087.74
1995.72
1995.72
2449.90
2449.90
2073.25
2073.25
2576.16
2576.16
2454.24
2454.24
2322.74
2322.74
2322.74
2157.59
2346.71
2346.71
1291.74
1291.74
1291.74
2494.40
2533.55
2533.55
2036.07
2036.07
1242.50
1242.50
1242.50
2176.92
2310.73
2310.73
2456.24
2456.24
2456.24
2278.40
2917.68
2917.68
1844.36
1844.36
1844.36
2010.35
2010.35
2011.05
2269.00
2269.00
2272.64
2272.64
2272.64
2077.01
2426.07
2426.07
1327.53
1327.53
1327.53
2010.79
2010.79
2384.05
2256.83
2256.83
2256.83
2414.41
2254.98
2254.98
2211.04
2211.04
2256.57
2256.57
2256.57
2357.91
2619.03
2619.03
2271.46
2271.46
1144.37
1144.37
1144.37
969.50
1730.89
1730.89
1961.43
1961.43
1961.43
1650.05
2385.58
2385.58
2127.18
2127.18
2127.18
2417.99
2158.35
2158.35
2158.35
2176.10
2176.10
2903.26
810.23
810.23
810.23
2041.56
2041.56
2536.19
2267.42
2267.42
1164.79
1164.79
1164.79
2389.05
2389.05
2435.29
2435.29
2322.84
2524.34
2524.34
2524.34
2495.78
2495.78
1634.96
2786.86
2786.86
2786.86
1952.49
1952.49
2654.18
2654.18
2329.75
973.60
973.60
973.60
1452.13
1452.13
1915.26
1651.06
1651.06
1651.06
1086.74
1086.74
1086.74
1086.74
2064.89
2064.89
2058.81
2058.81
2625.57
2625.57
1932.34
2204.15
2204.15
2188.46
2188.46
2188.46
1985.19
1985.19
2386.30
797.09
797.09
797.09
2507.82
2507.82
2472.34
2472.34
2033.61
2364.48
2364.48
2364.48
1879.19
1879.19
2678.50
2678.50
2015.22
2281.41
2281.41
2281.41
2162.72
2162.72
2185.32
2185.32
2181.05
2181.05
1798.88
1798.88
2372.37
2372.37
2122.67
2122.67
2382.19
2382.19
1388.43
1388.43
2214.60
2214.60
2782.37
2782.37
2479.78
2479.78
2275.74
2275.74
1582.38
1582.38
2273.40
2273.40
2787.27
2787.27
1596.70
1596.70
3013.10
3013.10
2226.79
2226.79
2323.31
2323.31
2352.12
2352.12
2055.83
2055.83
2740.57
2740.57
1739.76
1739.76
2438.92
2438.92
2207.49
2207.49
2004.86
2004.86
1963.21
1963.21
2397.72
2397.72
2632.40
2632.40
2065.50
2065.50
1822.69
1822.69
1188.04
1188.04
2001.62
2001.62
695.73
695.73
1712.08
1712.08
2234.24
2234.24
2114.70
2114.70
1917.90
1917.90
2281.04
2281.04
1980.82
1980.82
2460.55
2460.55
2147.26
2147.26
2113.83
2113.83
2213.26
2213.26
2006.50
2006.50
1924.26
1924.26
2479.94
2479.94
2791.53
2791.53
1974.21
1974.21
2068.36
2068.36
2079.61
2079.61
2444.26
2444.26
2267.34
2267.34
1418.72
1418.72
1534.36
1534.36
2131.53
2131.53
2125.05
2125.05
2565.91
2565.91
2355.35
2355.35
2171.67
2171.67
2557.17
2557.17
2649.24
2649.24
2221.33
2221.33
2386.40
2386.40
2493.97
2493.97
2493.97
2493.97
2526.55
2526.55
1653.67
1653.67
1653.67
1653.67
2410.88
2410.88
2870.73
2870.73
2409.38
2409.38
2409.38
2409.38
2359.48
2359.48
1181.25
1181.25
1948.79
1948.79
1827.81
1827.81
2321.31
2321.31
2493.01
2493.01
1759.92
1759.92
1868.58
1868.58
2674.31
2674.31
2467.69
2467.69
2429.46
2429.46
2240.52
2240.52
1973.88
1973.88
2643.13
2643.13
2383.29
2383.29
2305.59
2305.59
2116.89
2116.89
2136.65
2136.65
2224.09
2224.09
2387.90
2387.90
2618.83
2618.83
2347.37
2347.37
2898.14
2898.14
2628.75
2628.75
1136.32
1136.32
2411.05
2411.05
2368.85
2368.85
2814.89
2814.89
1441.22
1441.22
3033.40
3033.40
2619.40
2619.40
2280.90
2280.90
2405.88
2405.88
2367.32
2367.32
2448.19
2448.19
2370.69
2370.69
2427.81
2427.81
2656.64
2656.64
2208.44
2208.44
2050.90
2050.90
2057.78
2057.78
2234.37
2234.37
2494.13
2494.13
1905.33
1905.33
880.37
880.37
1929.96
1929.96
1582.73
1582.73
2015.76
2015.76
2213.49
2213.49
2463.29
2463.29
2330.62
2330.62
2630.51
2630.51
2167.69
2167.69
1300.63
1300.63
2169.81
2169.81
2285.76
2285.76
2302.62
2302.62
2641.39
2641.39
2674.42
2674.42
2357.65
2357.65
2152.50
2152.50
1146.97
1146.97
1722.66
1722.66
1329.73
1329.73
2158.72
2158.72
1575.18
1575.18
1924.88
1924.88
1590.98
1590.98
2642.03
2642.03
2636.87
2636.87
2662.30
2662.30
2572.17
2572.17
1755.31
1755.31
1786.07
1786.07
2154.74
2154.74
2768.30
2768.30
2204.07
2204.07
2796.11
2796.11
2023.78
2023.78
1555.63
1555.63
2206.87
2206.87
804.33
804.33
2076.55
2076.55
2049.92
2049.92
2153.51
2153.51
2150.06
2150.06
1493.46
1493.46
2763.68
2763.68
2032.71
2032.71
1630.36
1630.36
2058.81
2058.81
1930.04
1930.04
2169.96
2169.96
1637.38
1637.38
2612.13
2612.13
1510.88
1510.88
1580.82
1580.82
2086.55
2086.55
2772.88
2772.88
2508.08
2508.08
1816.20
1816.20
2577.41
2577.41
2082.35
2082.35
2515.39
2515.39
2115.18
2115.18
1281.34
1281.34
2480.42
2480.42
2095.52
2095.52
2884.25
2884.25
2168.66
2168.66
2819.88
2819.88
2106.87
2106.87
2121.46
2121.46
2251.22
2251.22
1974.15
1974.15
2067.23
2067.23
2554.48
2554.48
2212.99
2212.99
2506.86
2506.86
1559.83
1559.83
2299.45
2299.45
2421.84
2421.84
2132.03
2132.03
2617.84
2617.84
1151.48
1151.48
2647.54
2647.54
2326.82
2326.82
1260.79
1260.79
2758.44
2758.44
1878.94
1878.94
2648.97
2648.97
1019.75
1019.75
2372.89
2372.89
1961.47
1961.47
1893.52
1893.52
2731.61
2731.61
1930.53
1930.53
2516.91
2516.91
1984.74
1984.74
2415.04
2415.04
2994.58
2994.58
2487.23
2487.23
2430.80
2430.80
2258.76
2258.76
2252.71
2252.71
1803.00
1803.00
2166.81
2166.81
3140.46
3140.46
2281.45
2281.45
2758.03
2758.03
2449.59
2449.59
1659.36
1659.36
2508.57
2508.57
1779.11
1779.11
2177.67
2177.67
1992.32
1992.32
2134.79
2134.79
2062.38
2062.38
2216.81
2216.81
2468.39
2468.39
2492.29
2492.29
2187.09
2187.09
2363.75
2363.75
2268.16
2268.16
2014.19
2014.19
2578.21
2578.21
2821.21
2821.21
2502.10
2502.10
2279.85
2279.85
1892.18
1892.18
1885.93
1885.93
2608.91
2608.91
1003.30
1003.30
1454.86
1454.86
1897.51
1897.51
1722.61
1722.61
1744.90
1744.90
1888.85
1888.85
2509.50
2509.50
651.67
651.67
1803.45
1803.45
1920.95
1920.95
646.46
646.46
2787.62
2787.62
782.22
782.22
2618.22
2618.22
2346.73
2346.73
2029.80
2029.80
1382.17
1382.17
1113.02
1113.02
2804.16
2804.16
2329.34
2329.34
785.11
785.11
2325.97
2325.97
1943.93
1943.93
2520.65
2520.65
2566.67
2566.67
2902.90
2902.90
2201.19
2201.19
2233.94
2233.94
2365.33
2365.33
2066.48
2066.48
2625.70
2625.70
2110.59
2110.59
2398.62
2398.62
2124.40
2124.40
2203.68
2203.68
2249.95
2249.95
2164.60
2164.60
2879.30
2879.30
2111.96
2111.96
2115.29
2115.29
2129.49
2129.49
2045.60
2045.60
2520.74
2520.74
1096.53
1096.53
1398.95
1398.95
2067.80
2067.80
2501.76
2501.76
2285.69
2285.69
2299.51
2299.51
2742.00
2742.00
2310.72
2310.72
2393.90
2393.90
2239.80
2239.80
2436.36
2436.36
2560.87
2560.87
2277.63
2277.63
2500.99
2500.99
2119.15
2119.15
2327.25
2327.25
2606.45
2606.45
1199.00
1199.00
2473.83
2473.83
2190.51
2190.51
2249.43
2249.43
2186.74
2186.74
1253.44
1253.44
2184.47
2184.47
1983.21
1983.21
2280.36
2280.36
2038.17
2038.17
1147.42
1147.42
2434.85
2434.85
2111.42
2111.42
2913.73
2913.73
2697.25
2697.25
2158.90
2158.90
1722.10
1722.10
2080.11
2080.11
2412.29
2412.29
1781.49
1781.49
2612.72
2612.72
1996.57
1996.57
2574.26
2574.26
2259.94
2259.94
2595.85
2595.85
2572.02
2572.02
2191.28
2191.28
2053.61
2053.61
2481.38
2481.38
2315.71
2315.71
2691.20
2691.20
1462.87
1462.87
2190.30
2190.30
2185.77
2185.77
2066.51
2066.51
2688.63
2688.63
1946.55
1946.55
2598.29
2598.29
2075.28
2075.28
2485.82
2485.82
2362.53
2362.53
1948.11
1948.11
1715.02
1715.02
2532.95
2532.95
2814.82
2814.82
2470.53
2470.53
2167.12
2167.12
2501.69
2501.69
2517.00
2517.00
2441.24
2441.24
2458.57
2458.57
2164.44
2164.44
860.08
860.08
2454.48
2454.48
2614.43
2614.43
992.70
992.70
1805.82
1805.82
1838.51
1838.51
1778.66
1778.66
993.29
993.29
2150.72
2150.72
2536.45
2536.45
999.85
999.85
1680.96
1680.96
2368.50
2368.50
1549.25
1549.25
1854.18
1854.18
2478.07
2478.07
2191.73
2191.73
2106.97
2106.97
2319.14
2319.14
2364.19
2364.19
2085.79
2085.79
2104.84
2104.84
2130.26
2130.26
2241.16
2241.16
2510.45
2510.45
2330.87
2330.87
2212.18
2212.18
2215.17
2215.17
2464.48
2464.48
1817.84
1817.84
1944.11
1944.11
2080.75
2080.75
2153.67
2153.67
2715.95
2715.95
2642.55
2642.55
2150.20
2150.20
1067.85
1067.85
2316.16
2316.16
2350.50
2350.50
2350.50
2239.78
3034.48
3034.48
2095.42
2095.42
2515.42
2515.42
1037.25
1037.25
2414.28
2414.28
2023.46
2023.46
2460.21
2460.21
2163.97
2163.97
2277.23
2277.23
2160.53
2160.53
2160.53
2483.13
2343.29
2343.29
2867.16
2867.16
552.83
552.83
701.41
701.41
2480.15
2480.15
2404.72
2404.72
2404.72
2247.64
2285.07
2285.07
2164.98
2164.98
2043.69
2043.69
2005.00
2005.00
1932.88
1932.88
1932.88
1255.67
2992.57
2992.57
2220.42
2220.42
2220.42
1220.63
2506.92
2506.92
2348.27
2348.27
2348.27
2227.76
2378.24
2378.24
1985.05
1985.05
1985.05
2214.14
1653.25
1653.25
2563.68
2563.68
2563.68
2141.68
2141.68
2236.71
2537.57
2537.57
2537.57
2337.13
2337.13
2265.17
2405.74
2405.74
2405.74
2241.47
2119.46
2119.46
1225.71
1225.71
1225.71
2373.41
2321.62
2321.62
2720.92
2720.92
2720.92
2394.95
2052.12
2052.12
2301.52
2301.52
2301.52
1734.66
1149.70
1149.70
2345.41
2345.41
2345.41
2638.26
1504.65
1504.65
2428.96
2428.96
2428.96
2057.58
2057.58
1249.71
2753.65
2753.65
2753.65
2279.07
3114.73
3114.73
2288.22
2288.22
2288.22
2421.73
2411.36
2411.36
2217.06
2217.06
2217.06
2730.32
2504.89
2504.89
2504.89
1858.52
1858.52
2363.79
2654.14
2654.14
2654.14
1318.79
1318.79
2083.68
2824.77
2824.77
2824.77
2249.56
2249.56
2365.63
2433.39
2433.39
2433.39
1573.38
1573.38
1155.60
2262.51
2262.51
2262.51
2109.39
2109.39
1069.32
1787.23
1787.23
1787.23
2665.88
2665.88
684.88
2296.21
2296.21
2296.21
2577.28
2577.28
1476.73
2129.46
2129.46
2129.46
1956.88
1956.88
2584.05
2170.80
2170.80
2170.80
2168.98
2168.98
2156.65
2406.87
2406.87
2406.87
2788.13
2788.13
2219.04
2223.05
2223.05
2223.05
1385.81
1385.81
1408.51
1577.93
1577.93
1577.93
1727.91
1727.91
1631.67
2482.70
2482.70
2482.70
2191.53
2191.53
1899.20
1899.20
2271.69
2271.69
2049.03
2049.03
2433.81
2433.81
2700.95
2700.95
1356.24
1356.24
2222.14
2222.14
2738.71
2738.71
2092.94
2092.94
2013.26
2013.26
1269.24
1269.24
1929.62
1929.62
1137.78
1137.78
2146.89
2146.89
1420.61
1420.61
1668.30
1668.30
2812.58
2812.58
2495.52
2495.52
2053.60
2053.60
2085.43
2085.43
1518.27
1518.27
2421.67
2421.67
1687.78
1687.78
1869.39
1869.39
1239.45
1239.45
2270.07
2270.07
1173.89
1173.89
1852.21
1852.21
2503.12
2503.12
1282.85
1282.85
2180.53
2180.53
2333.35
2333.35
1938.29
1938.29
2829.32
2829.32
2462.99
2462.99
2726.92
2726.92
2220.93
2220.93
2040.87
2040.87
2508.10
2508.10
2303.58
2303.58
2654.89
2654.89
2234.79
2234.79
1630.06
1630.06
1438.49
1438.49
2423.06
2423.06
2164.05
2164.05
2357.17
2357.17
2126.69
2126.69
2292.12
2292.12
2386.03
2386.03
2559.02
2559.02
2209.10
2209.10
2637.17
2637.17
2222.33
2222.33
2341.16
2341.16
2492.75
2492.75
2339.94
2339.94
2300.00
2300.00
2022.37
2022.37
2798.98
2798.98
1578.07
1578.07
2368.75
2368.75
2912.38
2912.38
1644.26
1644.26
2655.40
2655.40
707.89
707.89
361.13
361.13
385.79
385.79
1868.26
1868.26
1734.31
1734.31
1297.10
1297.10
473.95
473.95
1775.00
1775.00
2080.62
2080.62
2377.03
2377.03
1774.43
1774.43
1005.92
1005.92
2584.03
2584.03
864.42
864.42
391.84
391.84
2311.69
2311.69
734.77
734.77
1039.78
1039.78
2105.50
2105.50
750.43
750.43
2010.84
2010.84
2376.33
2376.33
426.52
426.52
1537.34
1537.34
1755.90
1755.90
1073.79
1073.79
343.20
343.20
579.25
579.25
1132.96
1132.96
848.94
848.94
1930.15
1930.15
1289.07
1289.07
1899.79
1899.79
1735.65
1735.65
1043.77
1043.77
1783.43
1783.43
1794.54
1794.54
502.69
502.69
764.83
764.83
764.83
2065.00
2065.00
2036.40
2208.37
2208.37
2121.47
2121.47
1665.91
1665.91
1609.29
1609.29
1856.09
1856.09
722.25
722.25
2562.79
2562.79
1869.02
1869.02
864.18
864.18
603.81
603.81
1238.14
1238.14
2079.78
2079.78
1885.53
1885.53
698.75
698.75
957.79
957.79
755.67
755.67
656.27
656.27
712.22
712.22
1048.69
1048.69
1508.47
1508.47
1419.25
1419.25
1356.20
1356.20
913.75
913.75
1858.91
1858.91
1699.26
1699.26
1803.43
1803.43
928.24
928.24
785.91
785.91
2235.72
2235.72
630.26
630.26
1533.74
1533.74
1049.28
1049.28
1406.71
1406.71
362.56
362.56
1228.08
1228.08
2287.42
2287.42
234.62
234.62
2146.01
2146.01
833.14
833.14
1196.86
1196.86
572.71
572.71
1375.71
1375.71
1517.68
1517.68
1366.17
1366.17
1023.60
1023.60
1393.78
1393.78
430.95
430.95
1181.08
1181.08
1398.47
1398.47
1585.50
1585.50
2021.88
2021.88
1792.32
1792.32
2119.74
2119.74
2214.85
2214.85
2572.61
2572.61
2431.61
2431.61
2341.92
2341.92
2317.49
2317.49
2204.65
2204.65
2392.25
2392.25
2472.65
2472.65
2812.50
2812.50
2295.80
2295.80
2362.31
2362.31
1333.66
1333.66
2200.59
2200.59
2386.05
2386.05
2028.97
2028.97
2177.08
2177.08
2604.05
2604.05
1888.16
1888.16
2681.86
2681.86
2151.47
2151.47
2146.00
2146.00
1592.09
1592.09
2132.03
2132.03
2405.72
2405.72
2245.25
2245.25
2528.63
2528.63
2278.38
2278.38
2169.49
2169.49
1773.06
1773.06
2132.44
2132.44
1881.51
1881.51
1747.08
1747.08
2187.31
2187.31
1550.24
1550.24
1996.26
1996.26
2294.46
2294.46
2407.33
2407.33
1772.81
1772.81
2407.17
2407.17
2112.29
2112.29
1913.54
1913.54
1832.48
1832.48
2105.19
2105.19
1870.23
1870.23
1625.17
1625.17
834.33
834.33
1819.73
1819.73
1945.78
1945.78
2133.29
2133.29
1744.68
1744.68
2168.21
2168.21
876.09
876.09
2229.11
2229.11
1933.92
1933.92
2096.22
2096.22
2283.45
2283.45
2833.43
2833.43
2038.02
2038.02
1978.01
1978.01
1199.20
1199.20
1561.30
1561.30
2118.96
2118.96
456.11
456.11
1646.28
1646.28
2558.91
2558.91
1856.32
1856.32
2445.36
2445.36
2285.89
2285.89
2327.52
2327.52
2076.89
2076.89
1956.53
1956.53
2030.06
2030.06
1859.97
1859.97
2648.39
2648.39
1156.63
1156.63
2663.64
2663.64
2192.88
2192.88
2159.97
2159.97
2667.16
2667.16
2107.34
2107.34
1985.91
1985.91
1758.53
1758.53
1210.75
1210.75
2108.82
2108.82
1835.43
1835.43
1922.89
1922.89
1836.78
1836.78
2640.77
2640.77
1862.12
1862.12
1423.24
1423.24
2316.54
2316.54
1570.00
1570.00
2494.24
2494.24
1701.30
1701.30
1935.05
1935.05
2117.65
2117.65
2012.23
2012.23
846.87
846.87
2062.12
2062.12
1456.39
1456.39
1111.03
1111.03
779.62
779.62
2412.76
2412.76
1045.15
1045.15
2227.60
2227.60
1986.05
1986.05
2280.76
2280.76
2072.61
2072.61
1915.02
1915.02
1430.96
1430.96
2118.27
2118.27
2027.36
2027.36
1069.67
1069.67
2000.81
2000.81
2384.45
2384.45
1218.51
1218.51
2514.75
2514.75
1853.75
1853.75
1244.55
1244.55
1761.27
1761.27
1897.40
1897.40
2134.70
2134.70
2078.28
2078.28
2079.79
2079.79
914.89
914.89
1164.75
1164.75
887.02
887.02
1937.83
1937.83
2129.20
2129.20
1867.97
1867.97
1888.62
1888.62
2228.20
2228.20
1910.21
1910.21
2593.09
2593.09
1869.48
1869.48
1842.74
1842.74
1161.32
1161.32
1076.50
1076.50
1721.87
1721.87
1323.13
1323.13
2017.42
2017.42
1021.79
1021.79
1248.66
1248.66
1927.78
1927.78
1730.77
1730.77
1023.30
1023.30
1844.48
1844.48
2517.20
2517.20
1960.65
1960.65
1834.63
1834.63
1873.59
1873.59
1822.71
1822.71
1331.05
1331.05
2012.75
2012.75
1919.43
1919.43
2287.15
2287.15
2197.75
2197.75
2319.24
2319.24
1829.20
1829.20
1883.96
1883.96
938.18
938.18
1546.64
1546.64
2105.57
2105.57
1626.03
1626.03
1821.81
1821.81
1894.21
1894.21
969.58
969.58
2361.84
2361.84
1775.06
1775.06
2204.66
2204.66
2001.15
2001.15
2246.64
2246.64
1310.77
1310.77
2155.17
2155.17
2158.73
2158.73
1150.52
1150.52
1587.62
1587.62
1863.49
1863.49
899.71
899.71
1417.72
1417.72
1160.87
1160.87
1571.55
1571.55
821.39
821.39
2543.68
2543.68
1771.10
1771.10
1777.48
1777.48
2472.72
2472.72
2158.83
2158.83
2445.94
2445.94
2458.33
2458.33
923.85
923.85
2156.83
2156.83
2003.31
2003.31
2220.54
2220.54
2411.87
2411.87
2292.17
2292.17
1960.80
1960.80
2306.28
2306.28
2564.22
2564.22
2347.95
2347.95
2244.48
2244.48
1948.61
1948.61
1688.91
1688.91
660.49
660.49
2155.65
2155.65
1971.43
1971.43
1445.71
1445.71
2542.39
2542.39
2461.18
2461.18
2052.57
2052.57
2308.03
2308.03
2173.45
2173.45
1960.31
1960.31
1362.65
1362.65
2159.29
2159.29
976.84
976.84
996.52
996.52
2730.91
2730.91
2436.81
2436.81
2614.70
2614.70
2226.26
2226.26
2020.00
2020.00
2530.14
2530.14
1956.17
1956.17
2454.79
2454.79
1322.89
1322.89
2685.66
2685.66
2002.77
2002.77
2002.77
2002.77
2463.43
2463.43
2107.53
2107.53
2194.41
2194.41
2343.90
2343.90
2188.21
2188.21
2188.21
2493.92
1356.27
1356.27
2564.94
2564.94
2564.94
1892.57
1793.10
1793.10
1079.70
1079.70
1079.70
1656.02
1783.25
1783.25
1883.64
1883.64
1883.64
2140.57
2131.64
2131.64
1545.35
1545.35
1970.25
1970.25
686.42
686.42
2211.36
2211.36
2211.36
1225.34
1225.34
1804.03
1804.03
1841.92
1841.92
2408.96
1274.47
1274.47
2165.99
2165.99
2369.78
2369.78
2369.78
1154.82
2160.46
2160.46
1137.62
1137.62
2447.18
2447.18
2447.18
2028.63
2243.18
2243.18
2674.19
2674.19
2674.19
2210.09
2337.64
2337.64
1393.22
1393.22
1393.22
1016.59
2717.70
2717.70
1179.60
1179.60
1179.60
2498.26
2264.41
2264.41
2264.41
2303.60
2303.60
2296.47
2593.79
2593.79
2593.79
2510.14
2425.36
2425.36
2288.02
2288.02
2288.02
2345.68
2345.68
2069.25
2894.53
2894.53
1724.85
1724.85
1724.85
2051.73
2051.73
2140.89
2140.89
2014.40
2025.36
2025.36
1839.69
1839.69
2120.83
2120.83
2552.52
2552.52
2166.25
2166.25
2166.25
2774.27
2498.77
2498.77
3014.63
3014.63
3014.63
2214.80
1874.17
1874.17
1751.80
1751.80
1751.80
1733.28
1733.28
2595.04
2111.04
2111.04
2895.98
2895.98
2895.98
1899.46
2343.33
2343.33
1662.39
1662.39
1662.39
2230.95
2230.95
2328.87
2328.87
2410.17
2093.10
2093.10
2093.10
2110.86
2110.86
1402.27
1402.27
2722.26
2323.23
2323.23
2323.23
2765.15
2765.15
2029.48
