# 1Hz Kbps trace generated by import_real_world_traces.py
1067.31
1746.56
969.36
665.73
665.73
2256.58
2256.58
1982.33
1982.33
3668.82
3668.82
926.59
926.59
549.85
549.85
2049.28
2049.28
1650.62
1650.62
807.79
807.79
2772.66
2772.66
1643.25
1643.25
14.33
14.33
1373.26
1373.26
459.62
459.62
2300.65
2300.65
1078.05
1078.05
2897.24
2897.24
1154.78
1154.78
1411.25
1411.25
2048.75
2048.75
443.21
443.21
1198.89
1198.89
2685.26
2685.26
2286.48
2286.48
2151.71
2151.71
3492.64
3492.64
2473.27
2473.27
543.70
543.70
3477.04
3477.04
1085.63
1085.63
2492.55
2492.55
635.42
635.42
742.97
742.97
650.84
650.84
187.48
187.48
2997.14
2997.14
1871.63
1871.63
17.10
17.10
1813.94
1813.94
80.03
80.03
80.03
2524.56
1830.59
1830.59
4007.21
4007.21
4007.21
949.28
949.28
1122.67
1122.67
657.61
2797.14
2797.14
2797.14
3923.58
3923.58
3969.70
3969.70
1710.76
1710.76
2447.97
2447.97
782.37
782.37
345.34
345.34
972.26
972.26
1109.08
1109.08
59.92
59.92
2589.16
2589.16
4759.45
793.70
793.70
793.70
3220.28
3220.28
27.86
27.86
62.25
62.25
443.74
443.74
1123.64
1123.64
5674.10
5674.10
422.25
422.25
2955.64
2955.64
1443.28
1443.28
834.74
834.74
771.38
771.38
962.62
962.62
2054.12
2054.12
2154.59
2154.59
60.51
60.51
320.06
320.06
2561.37
2561.37
338.68
338.68
27.88
27.88
2223.48
2223.48
765.47
765.47
1556.15
1556.15
1052.95
865.26
865.26
865.26
3344.02
3344.02
1548.15
1548.15
1729.77
1729.77
639.27
639.27
3733.01
3733.01
16.04
1867.20
1867.20
1867.20
1562.11
1562.11
1554.12
1554.12
467.53
467.53
1531.81
716.26
716.26
716.26
1289.56
1289.56
2166.69
2166.69
1645.81
1645.81
1143.69
1143.69
1600.33
1600.33
1758.94
1758.94
735.99
735.99
4148.17
4148.17
4148.17
4148.17
4087.91
4087.91
463.01
463.01
825.07
825.07
1598.16
1598.16
2157.03
2157.03
2608.12
2608.12
1368.73
1368.73
751.39
751.39
5169.46
5169.46
316.54
316.54
776.75
776.75
776.75
776.75
1095.01
1095.01
11.72
11.72
1962.55
1962.55
1796.10
1796.10
566.03
566.03
2627.59
2627.59
1627.19
1627.19
97.40
97.40
1385.58
1385.58
2545.74
2545.74
2218.95
2218.95
481.32
481.32
2383.63
2383.63
1074.11
1074.11
279.66
279.66
991.21
991.21
1274.15
1274.15
2343.08
2343.08
840.73
840.73
994.15
994.15
2088.41
2088.41
1870.84
1870.84
251.33
251.33
5166.01
5166.01
2292.57
2292.57
33.57
33.57
883.34
883.34
1872.49
1872.49
2028.05
2028.05
3185.20
3185.20
1772.32
1772.32
1347.96
1347.96
178.74
178.74
161.13
161.13
12.26
12.26
1092.61
1092.61
1614.45
1614.45
10.00
10.00
1691.03
1691.03
2159.55
933.06
933.06
933.06
12.85
12.85
3078.24
3078.24
214.47
214.47
1633.29
1633.29
2725.60
2725.60
3742.95
3742.95
2265.76
2265.76
792.66
792.66
2482.37
2482.37
3831.81
3831.81
2547.43
2547.43
276.62
276.62
922.12
922.12
861.92
861.92
758.21
758.21
69.84
69.84
637.47
637.47
1874.21
1874.21
249.93
249.93
39.93
39.93
1085.64
1085.64
3480.87
3480.87
16.57
16.57
2277.10
2277.10
2837.20
2837.20
82.98
82.98
431.45
431.45
1375.88
1375.88
1775.96
1775.96
1804.12
1804.12
660.86
660.86
566.32
566.32
1146.32
1146.32
789.30
789.30
12.05
12.05
2427.78
2427.78
235.77
235.77
754.38
754.38
398.97
398.97
3925.41
3925.41
3443.86
3443.86
2082.37
2082.37
262.92
262.92
3701.82
3701.82
1245.90
1245.90
10.00
10.00
3597.49
3597.49
1180.52
1180.52
1798.19
1798.19
255.94
255.94
56.52
56.52
526.55
526.55
3208.05
3208.05
3361.63
3361.63
3447.57
3447.57
883.89
883.89
85.23
85.23
1101.04
1101.04
687.64
687.64
850.21
850.21
3253.99
3253.99
1126.27
1126.27
3078.65
3078.65
2007.83
2007.83
1437.01
1437.01
236.25
236.25
3457.57
3457.57
1945.55
1945.55
1517.69
1517.69
2983.09
2983.09
3564.69
3564.69
3404.02
3404.02
1017.22
1017.22
835.56
835.56
794.74
794.74
660.76
660.76
2130.16
2130.16
603.49
603.49
1471.50
1471.50
2842.03
2842.03
4071.95
4071.95
849.50
849.50
1747.40
1747.40
1666.68
1666.68
3051.80
3051.80
47.00
47.00
966.17
966.17
1629.40
1629.40
3740.60
3740.60
3920.02
3920.02
3622.30
3622.30
971.00
971.00
47.89
47.89
3419.80
3419.80
85.99
85.99
438.01
438.01
2221.50
2221.50
20.76
20.76
3149.43
3149.43
1027.41
1027.41
1854.96
1854.96
3023.59
3023.59
12.81
12.81
449.41
449.41
4575.75
4575.75
468.02
468.02
2875.22
2875.22
3761.35
3761.35
645.71
645.71
64.78
64.78
3740.31
3740.31
257.42
257.42
1723.48
1723.48
2135.14
2135.14
660.73
660.73
10.00
10.00
10.00
10.00
324.94
324.94
736.20
736.20
1664.44
1664.44
793.46
793.46
3579.45
3579.45
823.19
823.19
1494.05
1494.05
826.61
826.61
2950.17
2950.17
403.59
403.59
3638.88
3638.88
2413.47
2413.47
168.14
168.14
1854.07
1854.07
4964.35
4964.35
126.74
126.74
1128.51
1128.51
271.69
271.69
10.00
10.00
839.08
839.08
610.42
610.42
114.67
114.67
558.86
558.86
10.00
10.00
318.19
318.19
653.31
653.31
4264.62
4264.62
745.22
745.22
3050.39
3050.39
122.33
122.33
1091.67
1091.67
756.09
756.09
1254.09
1254.09
4449.26
4449.26
2461.14
2461.14
1121.70
1121.70
656.52
656.52
485.95
485.95
10.00
10.00
1294.86
1294.86
1974.64
1974.64
3366.10
3366.10
3136.11
3136.11
564.63
564.63
4438.65
4438.65
1245.44
1245.44
1465.05
1465.05
665.44
665.44
470.42
470.42
10.00
10.00
594.37
594.37
2905.88
2905.88
10.00
10.00
523.74
523.74
1036.33
1036.33
1007.34
1007.34
1995.54
1995.54
2463.98
2463.98
63.21
63.21
3917.70
3917.70
3008.01
3008.01
4079.32
4079.32
4079.32
4079.32
556.20
556.20
94.95
94.95
1399.05
1399.05
1964.79
1964.79
796.37
796.37
1350.01
1350.01
427.53
427.53
2490.28
2490.28
668.70
668.70
4297.81
4297.81
161.62
161.62
1754.15
1754.15
1464.97
1464.97
13.30
13.30
563.63
563.63
87.34
87.34
906.62
906.62
1622.53
1622.53
2769.35
2769.35
495.30
495.30
1903.90
1903.90
1643.92
1643.92
567.35
567.35
42.11
42.11
199.76
199.76
2452.11
2452.11
1922.51
1922.51
178.38
178.38
841.22
841.22
1136.44
1136.44
429.68
429.68
2227.43
2227.43
1674.52
1674.52
384.29
384.29
416.57
416.57
1886.88
1886.88
271.84
271.84
1893.63
1893.63
1893.63
1893.63
1893.63
1893.63
789.67
789.67
49.09
49.09
969.50
969.50
2559.98
2559.98
1928.56
1928.56
1981.19
1981.19
2801.13
2801.13
698.43
698.43
1236.87
1236.87
601.12
601.12
3645.53
3645.53
3881.04
3881.04
518.33
518.33
3479.66
3479.66
225.20
225.20
3035.95
3035.95
2134.97
2134.97
169.65
169.65
438.97
438.97
681.68
681.68
1690.33
1690.33
1690.33
1690.33
1690.33
1690.33
1690.33
1690.33
1851.61
1851.61
25.79
25.79
514.09
514.09
366.89
366.89
201.61
201.61
394.31
394.31
491.02
491.02
491.02
491.02
514.04
514.04
465.14
465.14
743.37
743.37
398.62
398.62
1232.67
1232.67
962.13
962.13
1533.70
1533.70
1822.05
1822.05
2266.27
2266.27
113.70
113.70
2325.65
2325.65
2415.04
2415.04
10.00
10.00
1605.68
1605.68
23.70
23.70
2036.00
2036.00
2454.34
2454.34
774.50
774.50
356.22
356.22
220.74
220.74
1177.10
1177.10
513.96
513.96
2109.01
2109.01
454.06
454.06
1138.42
1138.42
1802.50
1802.50
18.48
18.48
1331.34
1331.34
1113.36
1113.36
184.07
184.07
2164.08
2164.08
858.36
858.36
2369.52
2369.52
1014.84
1014.84
745.16
745.16
4107.85
4107.85
3249.80
3249.80
10.00
10.00
900.64
900.64
586.54
586.54
2331.70
2331.70
2370.54
2370.54
1600.33
1600.33
1868.42
1868.42
1314.30
1314.30
532.92
532.92
1522.55
1522.55
673.27
673.27
2383.44
2383.44
3207.95
3207.95
14.33
14.33
79.45
79.45
3266.54
3266.54
12.35
12.35
10.00
10.00
4039.39
4039.39
1587.52
1587.52
2370.59
2370.59
2278.97
2278.97
1565.13
1565.13
11.71
11.71
64.92
64.92
1389.07
1389.07
731.04
731.04
10.79
10.79
936.74
936.74
1674.56
1674.56
2161.38
2161.38
11.17
11.17
566.04
566.04
931.73
931.73
2015.03
2015.03
1344.03
1344.03
173.19
173.19
620.20
620.20
205.58
205.58
10.00
10.00
45.49
45.49
123.06
123.06
791.43
791.43
2061.38
2061.38
2095.07
2095.07
3056.94
3056.94
2640.51
2640.51
3508.48
3508.48
2870.55
2870.55
663.81
663.81
23.26
23.26
10.00
10.00
4294.79
4294.79
731.01
731.01
11.73
11.73
3279.31
3279.31
784.08
784.08
2208.92
2208.92
10.79
10.79
1322.79
1322.79
1022.85
1022.85
1286.28
1286.28
11.02
11.02
2055.60
2055.60
10.00
10.00
12.81
12.81
11.07
11.07
456.50
456.50
2784.68
2784.68
1995.29
1995.29
2187.86
2187.86
2688.91
2688.91
4166.40
4166.40
10.00
10.00
12.03
12.03
1617.13
1617.13
11.25
11.25
2000.69
2000.69
224.16
224.16
901.14
901.14
2052.02
2052.02
2310.17
2310.17
1567.20
1567.20
1505.61
1505.61
1143.03
1143.03
863.09
863.09
10.00
10.00
517.62
517.62
1395.41
1395.41
10.00
10.00
108.60
108.60
108.60
10.00
547.09
547.09
2708.68
2708.68
2012.58
2012.58
2012.58
204.35
204.35
1043.66
33.05
33.05
33.05
2618.21
2618.21
1835.68
1835.68
34.66
2627.69
2627.69
2627.69
2078.98
2078.98
3228.84
3228.84
3164.59
3164.59
2576.92
2576.92
631.70
631.70
10.00
10.00
2279.16
2279.16
1762.59
1762.59
1878.97
387.53
387.53
387.53
891.39
2034.62
2034.62
2034.62
2788.87
2788.87
25.32
25.32
1656.85
1656.85
1892.26
768.20
768.20
768.20
3585.03
10.12
10.12
10.12
3885.09
3300.18
3300.18
3300.18
829.77
829.77
128.10
128.10
3809.95
3809.95
2781.11
2781.11
759.89
759.89
470.57
103.82
103.82
103.82
1747.76
1747.76
166.68
166.68
4410.38
4410.38
466.88
466.88
12.36
12.36
3663.49
3663.49
2438.26
2438.26
10.65
10.65
2875.18
2875.18
17.03
17.03
4596.05
4596.05
946.36
946.36
10.00
10.00
10.00
10.00
4199.17
4199.17
628.70
628.70
866.87
866.87
10.00
10.00
681.90
12.96
12.96
12.96
1047.52
1047.52
3543.84
3543.84
2459.81
2459.81
37.13
37.13
725.23
725.23
126.45
126.45
2581.69
2581.69
2840.68
2840.68
10.00
10.00
806.82
806.82
98.97
98.97
746.56
746.56
27.68
27.68
23.27
23.27
2642.95
2642.95
1663.17
1663.17
10.08
10.08
1866.59
1866.59
106.81
106.81
989.77
989.77
2360.59
2360.59
10.00
10.00
3140.28
3140.28
4410.15
4410.15
10.00
10.00
1396.20
1396.20
467.98
467.98
11.79
11.79
2831.33
2831.33
10.00
10.00
1550.46
1550.46
2702.99
2702.99
16.85
16.85
1771.45
1771.45
1924.04
1924.04
1711.18
1711.18
3828.99
3828.99
414.29
414.29
3296.82
3296.82
132.10
132.10
716.86
716.86
3604.35
3604.35
265.67
265.67
232.71
232.71
2584.34
2584.34
3843.75
3843.75
627.06
627.06
10.29
10.29
10.00
10.00
2554.21
3965.34
3965.34
22.43
22.43
766.01
766.01
766.01
17.14
17.14
1475.66
1475.66
25.27
25.27
911.02
911.02
776.37
776.37
4340.77
4340.77
299.63
299.63
13.50
13.50
441.54
441.54
864.75
864.75
1190.89
1190.89
471.93
471.93
3106.73
3106.73
741.76
741.76
924.59
924.59
1610.37
1610.37
862.66
862.66
361.15
361.15
1950.76
1950.76
3226.67
3226.67
641.76
641.76
10.00
10.00
18.18
18.18
1531.26
1531.26
1278.87
1278.87
2527.61
2527.61
1151.97
1151.97
1872.76
1872.76
2070.85
2070.85
2141.63
2141.63
10.00
10.00
1234.46
1234.46
16.97
16.97
26.97
26.97
1975.73
1975.73
1327.41
1327.41
3757.67
3757.67
475.48
475.48
2456.09
2456.09
1607.90
1607.90
649.88
649.88
660.51
660.51
796.59
796.59
209.95
209.95
3102.90
3102.90
10.00
10.00
1032.43
1032.43
468.02
468.02
549.61
549.61
717.76
717.76
1674.65
1674.65
1674.65
1674.65
4372.98
4372.98
3078.13
3078.13
775.52
775.52
22.38
22.38
1788.46
1788.46
3567.22
3567.22
2586.64
2586.64
2586.64
2586.64
2586.64
2586.64
1280.91
1280.91
919.44
919.44
3589.04
3589.04
1644.72
1644.72
18.13
18.13
2290.74
2290.74
47.97
47.97
744.36
744.36
487.84
487.84
12.05
12.05
10.00
10.00
3281.41
3281.41
2930.76
2930.76
2614.95
2614.95
2930.18
2930.18
3787.98
3787.98
649.90
649.90
1081.65
1081.65
261.36
261.36
363.99
363.99
2856.87
2856.87
10.37
10.37
10.00
10.00
10.00
10.00
1468.95
1468.95
2821.09
2821.09
1655.10
1655.10
1151.63
1151.63
436.05
436.05
2031.49
2031.49
729.00
729.00
3883.54
3883.54
1867.40
1867.40
4110.83
4110.83
1989.65
1989.65
1989.65
1989.65
748.43
748.43
292.05
292.05
1399.96
1399.96
2693.27
2693.27
2693.27
2693.27
2341.98
2341.98
3158.32
3158.32
248.70
248.70
15.01
15.01
1790.05
1790.05
2055.46
2055.46
508.85
508.85
1025.88
1025.88
13.37
13.37
3627.21
3627.21
10.00
10.00
1774.24
1774.24
10.00
10.00
1685.26
1685.26
19.32
19.32
2489.02
2489.02
2489.02
2489.02
468.58
468.58
3008.72
3008.72
34.60
34.60
2789.84
2789.84
1074.96
1074.96
1879.72
1879.72
3901.64
3901.64
37.41
37.41
3758.38
3758.38
23.03
23.03
2052.52
2052.52
602.66
602.66
1855.16
1855.16
1876.75
1876.75
2761.34
2761.34
10.00
10.00
4001.02
4001.02
783.65
783.65
2439.04
2439.04
1530.61
1530.61
10.75
10.75
16.84
16.84
3320.45
3320.45
911.58
911.58
1052.13
1052.13
30.12
30.12
967.74
967.74
1412.48
1412.48
1471.50
1471.50
687.65
687.65
11.24
11.24
2407.11
2407.11
662.50
662.50
2607.16
2607.16
3974.38
3974.38
2777.38
2777.38
10.00
10.00
13.45
13.45
692.33
692.33
1935.34
1935.34
949.55
949.55
10.00
10.00
14.79
14.79
2145.34
2145.34
178.87
178.87
4472.79
4472.79
16.62
16.62
2661.41
2661.41
2978.11
2978.11
3285.89
3285.89
745.69
745.69
10.00
10.00
10.00
10.00
805.46
805.46
4638.12
4638.12
865.75
865.75
60.38
60.38
10.07
10.07
2972.47
2972.47
39.99
39.99
4004.04
4004.04
626.82
626.82
770.03
770.03
3517.79
3517.79
3809.57
3809.57
3154.36
3154.36
11.24
11.24
2355.11
2355.11
1476.38
1476.38
93.55
93.55
2257.45
2257.45
10.00
10.00
2346.10
2346.10
1882.29
1882.29
507.17
507.17
11.28
11.28
2466.42
2466.42
1353.78
1353.78
2287.96
2287.96
1227.91
1227.91
152.91
152.91
446.05
446.05
1462.89
1462.89
5438.49
5438.49
839.21
839.21
3135.64
3135.64
810.27
810.27
3017.41
3017.41
231.19
231.19
783.26
783.26
1922.13
1922.13
869.99
869.99
2584.18
2584.18
4785.17
4785.17
2147.27
2147.27
18.85
18.85
3588.37
3588.37
769.87
769.87
742.24
742.24
3185.63
3185.63
675.47
675.47
3159.38
3159.38
14.22
14.22
10.00
10.00
2666.88
2666.88
299.65
299.65
1313.41
1313.41
2467.98
2467.98
3991.34
3991.34
843.03
843.03
317.74
317.74
304.70
304.70
568.32
568.32
11.72
11.72
29.66
29.66
3644.37
3644.37
18.51
18.51
19.39
19.39
591.22
591.22
3046.28
3046.28
1258.15
1258.15
12.14
12.14
783.47
783.47
235.99
235.99
206.88
206.88
10.00
10.00
587.03
587.03
48.40
48.40
1682.04
1682.04
10.00
10.00
4691.91
4691.91
1858.06
1858.06
3787.79
3787.79
2958.16
2958.16
860.46
860.46
21.42
21.42
2988.29
2988.29
738.58
738.58
738.58
738.58
2317.79
2317.79
72.81
72.81
1099.43
1099.43
2031.27
2031.27
403.47
403.47
10.00
10.00
2608.20
2608.20
1092.47
1092.47
338.59
338.59
1689.40
1689.40
2530.48
2530.48
1336.91
1336.91
2053.41
2053.41
19.33
19.33
3547.84
3547.84
1199.47
1199.47
1176.74
1176.74
2365.49
2365.49
2550.68
2550.68
38.65
38.65
1633.28
1633.28
1147.03
1147.03
48.83
48.83
3480.75
3480.75
925.90
925.90
12.15
12.15
2846.02
2846.02
814.41
814.41
2635.07
2635.07
788.79
788.79
14.33
14.33
2181.14
2181.14
10.00
10.00
3016.45
3016.45
1689.49
1689.49
3719.47
3719.47
530.77
530.77
774.68
774.68
607.72
607.72
1334.28
1334.28
2336.88
2336.88
1423.77
1423.77
1961.15
1961.15
2141.00
2141.00
3026.37
3026.37
12.99
12.99
10.00
10.00
3405.83
3405.83
526.87
526.87
1968.96
1968.96
757.72
757.72
3622.27
3622.27
20.29
20.29
1943.88
1943.88
2545.81
2545.81
1810.61
1810.61
204.61
204.61
1053.11
1053.11
1572.48
1572.48
2310.97
2310.97
2315.95
2315.95
1397.81
1397.81
2269.89
2269.89
1213.39
1213.39
1256.12
1256.12
773.86
773.86
674.13
674.13
530.28
530.28
3612.79
3612.79
10.00
10.00
1171.04
1171.04
2729.26
2729.26
3852.24
3852.24
2981.90
2981.90
2621.76
2621.76
1591.02
1591.02
1799.62
1799.62
10.00
10.00
305.12
305.12
2206.69
2206.69
3896.45
3896.45
3912.74
3912.74
335.67
335.67
1202.79
1202.79
10.00
10.00
1891.28
1891.28
914.79
914.79
166.19
166.19
3188.30
3188.30
3188.30
3188.30
1845.50
1845.50
1118.50
1118.50
2573.17
2573.17
552.58
552.58
661.23
661.23
1312.66
1312.66
1486.14
1486.14
3070.05
3070.05
109.50
109.50
3182.77
3182.77
1757.78
1757.78
1564.45
1564.45
1188.97
1188.97
653.64
653.64
413.23
413.23
1711.76
1711.76
3373.18
3373.18
2201.32
2201.32
2332.75
2332.75
13.35
13.35
11.60
11.60
20.77
20.77
1712.83
1712.83
2295.91
2295.91
1415.77
1415.77
1117.00
1117.00
131.69
131.69
2247.97
2247.97
2247.97
2247.97
2614.63
2614.63
3097.38
3097.38
199.66
199.66
4262.24
4262.24
2960.43
2960.43
32.44
32.44
32.44
411.48
12.60
12.60
12.60
469.42
469.42
88.81
88.81
3532.92
3112.71
3112.71
3112.71
2395.65
2395.65
2283.40
2283.40
877.55
1318.70
1318.70
1318.70
2439.20
2439.20
2013.93
2013.93
3523.20
3523.20
16.75
16.75
792.81
792.81
1667.87
1667.87
3337.57
3337.57
97.09
97.09
353.54
353.54
717.42
717.42
2911.61
730.66
730.66
730.66
2530.16
2530.16
2530.16
2530.16
877.80
877.80
2014.78
2014.78
3375.77
3375.77
3695.81
3695.81
2242.81
2242.81
411.16
411.16
3971.06
3971.06
2611.41
2611.41
4040.42
746.45
746.45
746.45
1310.73
1310.73
11.18
11.18
10.00
10.00
10.40
10.40
465.59
465.59
3690.50
3690.50
2618.72
2618.72
3339.95
3339.95
291.68
291.68
757.67
757.67
2655.11
776.68
776.68
776.68
1847.85
1847.85
4824.88
4824.88
4911.67
4911.67
1145.17
1145.17
783.68
783.68
1279.57
1279.57
2400.15
2400.15
212.56
212.56
10.00
10.00
1443.36
1443.36
450.29
450.29
2462.01
2462.01
2200.65
2200.65
21.58
21.58
3568.87
3568.87
3608.11
15.79
15.79
15.79
82.79
82.79
314.89
314.89
10.53
10.53
699.97
699.97
12.37
31.13
31.13
31.13
2241.01
2241.01
12.38
12.38
26.27
26.27
994.91
994.91
10.00
10.00
1452.63
1452.63
81.01
81.01
198.34
198.34
20.47
20.47
1266.04
1266.04
2293.77
2293.77
1497.23
1497.23
1976.26
1976.26
4031.00
4031.00
22.16
22.16
1273.85
1273.85
155.33
155.33
468.13
468.13
10.00
10.00
490.27
490.27
1753.96
1753.96
10.00
10.00
701.26
701.26
635.92
635.92
778.40
778.40
40.31
40.31
3096.98
3096.98
17.11
17.11
11.23
11.23
3851.22
3851.22
717.61
717.61
3020.62
3020.62
3137.62
3137.62
464.15
464.15
793.75
793.75
1064.13
1064.13
733.17
733.17
2175.83
2175.83
2356.09
2356.09
820.42
820.42
2137.57
2137.57
1192.51
1192.51
11.18
11.18
1431.83
1431.83
2285.98
2285.98
12.85
12.85
10.00
10.00
4002.33
4002.33
3474.67
3474.67
3932.99
3932.99
3337.66
3337.66
3962.22
3962.22
11.59
11.59
3480.27
3480.27
355.25
355.25
3729.61
3729.61
1648.92
1648.92
3051.51
3051.51
885.82
885.82
2109.74
2109.74
465.72
465.72
2153.54
2153.54
1985.68
1985.68
900.95
900.95
17.07
17.07
782.72
782.72
1231.19
1231.19
1291.51
1291.51
2969.98
2969.98
565.88
565.88
177.98
177.98
681.08
681.08
775.97
775.97
1129.92
1129.92
3953.28
3953.28
12.84
12.84
1183.29
1183.29
869.97
869.97
2513.50
2513.50
796.90
796.90
10.00
10.00
33.72
33.72
3268.66
3268.66
688.32
688.32
781.79
781.79
171.78
171.78
1344.07
1344.07
33.89
33.89
2833.84
2833.84
3095.43
3095.43
2861.11
2861.11
1384.19
1384.19
2665.81
2665.81
555.25
555.25
631.76
631.76
1126.02
1126.02
2110.61
2110.61
31.18
31.18
347.89
347.89
238.00
238.00
2937.71
2937.71
788.05
788.05
4034.81
4034.81
781.70
781.70
190.72
190.72
471.79
471.79
3416.60
3416.60
3172.12
3172.12
4456.77
4456.77
10.00
10.00
21.64
21.64
1310.84
1310.84
753.44
753.44
2507.77
2507.77
51.86
51.86
4234.07
4234.07
11.23
11.23
239.09
239.09
3053.46
3053.46
4618.20
4618.20
2725.60
2725.60
3345.24
3345.24
3078.16
3078.16
12.82
12.82
5420.20
5420.20
860.89
860.89
1268.14
1268.14
789.28
789.28
2685.99
2685.99
295.94
295.94
19.11
19.11
279.65
279.65
1774.94
1774.94
4672.18
4672.18
743.11
743.11
3423.10
3423.10
3721.73
3721.73
807.42
807.42
1914.30
1914.30
1473.33
1473.33
1458.05
1458.05
1170.60
1170.60
792.11
792.11
4471.85
4471.85
825.78
825.78
2846.32
2846.32
355.76
355.76
14.97
14.97
1969.80
1969.80
2204.22
2204.22
90.48
90.48
775.07
775.07
2106.88
2106.88
1247.35
1247.35
1026.21
1026.21
1135.23
1135.23
1262.34
1262.34
1263.44
1263.44
1263.44
1263.44
1284.30
1284.30
1284.30
1284.30
2276.04
2276.04
2276.04
2276.04
144.47
144.47
2120.79
2120.79
2545.46
2545.46
1570.29
1570.29
1038.36
1038.36
10.00
10.00
1577.17
1577.17
19.26
19.26
22.79
22.79
1813.05
1813.05
2293.08
2293.08
12.29
12.29
1657.13
1657.13
205.12
205.12
1525.67
1525.67
1525.67
1525.67
516.92
516.92
1294.11
1294.11
14.43
14.43
1253.51
1253.51
105.33
105.33
2796.93
2796.93
1798.53
1798.53
1395.43
1395.43
2655.93
2655.93
2222.21
2222.21
2749.16
2749.16
2749.16
2749.16
2749.16
2749.16
2749.16
2749.16
1874.00
1874.00
12.31
12.31
10.00
10.00
10.00
10.00
894.13
894.13
1574.67
1574.67
1574.67
1574.67
1574.67
1574.67
1574.67
1574.67
1574.67
1574.67
1574.67
1574.67
1574.67
1574.67
1574.67
1574.67
1574.67
1574.67
1007.22
1007.22
306.77
306.77
906.01
906.01
611.87
611.87
470.40
470.40
478.50
478.50
1246.04
1246.04
521.94
521.94
1160.00
1160.00
1021.54
1021.54
694.37
694.37
1148.48
1148.48
39.37
39.37
863.55
863.55
1756.65
1756.65
745.73
745.73
1778.68
1778.68
1778.68
1778.68
1340.80
1340.80
1542.99
1542.99
528.68
528.68
686.59
686.59
1253.88
1253.88
1848.36
1848.36
63.53
63.53
2057.64
2057.64
2053.90
2053.90
1618.84
1618.84
1476.98
1476.98
1951.33
1951.33
1420.29
1420.29
815.73
815.73
1228.32
1228.32
494.34
494.34
1124.75
1124.75
10.00
10.00
2127.59
2127.59
1906.22
1906.22
159.75
159.75
1263.48
1263.48
729.28
729.28
1290.22
1290.22
1368.68
1368.68
682.93
682.93
1297.33
1297.33
1231.80
1231.80
22.46
22.46
1036.25
1036.25
1401.63
1401.63
1102.98
1102.98
1102.98
1102.98
1094.97
1094.97
1681.97
1681.97
1209.35
1209.35
1277.13
1277.13
10.00
10.00
10.00
10.00
2005.55
2005.55
1153.54
1153.54
47.72
47.72
1469.60
1469.60
328.27
328.27
1212.59
1212.59
1959.07
1959.07
1959.07
1959.07
1959.07
1959.07
1862.68
1862.68
107.71
107.71
10.37
10.37
1762.53
1762.53
1460.41
1460.41
2111.15
2111.15
20.07
20.07
1044.72
1044.72
10.00
10.00
1357.06
1357.06
1165.42
1165.42
1388.01
1388.01
1872.51
1872.51
2029.35
2029.35
1694.73
1694.73
711.98
711.98
2243.48
2243.48
1431.17
1431.17
1860.30
1860.30
161.19
161.19
64.46
64.46
2344.57
2344.57
1465.45
1465.45
1284.80
1284.80
1801.18
1801.18
17.21
17.21
2559.04
2559.04
2424.26
2424.26
882.62
882.62
2597.38
2597.38
1666.10
1666.10
437.69
437.69
2246.43
2246.43
2426.34
2426.34
959.95
959.95
1310.61
1310.61
2711.91
2711.91
1222.05
1222.05
2456.08
2456.08
1293.67
1293.67
2363.90
2363.90
706.47
706.47
1792.41
1792.41
1356.86
1356.86
317.14
317.14
2489.60
2489.60
1453.00
1453.00
1284.90
1284.90
1380.36
1380.36
2265.15
2265.15
2300.59
2300.59
1557.67
1557.67
1876.70
1876.70
2620.16
2620.16
2620.16
2620.16
21.78
21.78
706.75
706.75
2124.29
2124.29
2124.29
2124.29
2124.29
2124.29
814.26
814.26
1727.40
1727.40
478.28
478.28
706.15
706.15
1818.42
1818.42
464.39
464.39
21.55
21.55
1535.48
1535.48
2420.82
2420.82
2707.16
2707.16
430.59
430.59
2800.67
2800.67
139.78
139.78
1499.10
1499.10
1562.61
1562.61
1525.68
1525.68
1525.68
1525.68
675.92
675.92
1650.51
1650.51
1358.80
1358.80
23.30
23.30
188.71
188.71
480.19
480.19
1088.64
1088.64
1190.56
1190.56
10.00
10.00
827.08
827.08
10.00
10.00
21.71
21.71
465.03
465.03
564.99
564.99
2557.90
2557.90
1420.98
1420.98
457.32
457.32
10.44
10.44
2434.22
2434.22
10.00
10.00
2892.12
2892.12
2703.40
2703.40
1939.31
1939.31
10.00
10.00
1651.85
1651.85
10.00
10.00
22.49
22.49
1352.65
1352.65
1163.40
1163.40
1533.28
1533.28
1641.41
1641.41
2588.39
2588.39
13.46
13.46
1379.69
1379.69
848.69
848.69
1702.67
1702.67
607.28
607.28
1668.41
1668.41
1302.29
1302.29
493.71
493.71
1716.22
1716.22
1952.24
1952.24
2338.42
2338.42
1180.65
1180.65
1276.23
1276.23
482.66
482.66
429.94
429.94
1322.64
1322.64
2600.14
2600.14
69.80
69.80
1045.21
1045.21
1142.03
1142.03
2043.90
2043.90
702.25
702.25
2058.30
2058.30
423.94
423.94
1763.51
1763.51
1763.51
1763.51
1569.73
1569.73
2461.04
2461.04
773.85
773.85
1608.60
1608.60
60.53
60.53
2598.73
2598.73
1314.37
1314.37
686.83
686.83
11.26
11.26
2891.11
2891.11
140.91
140.91
1687.13
1687.13
1191.33
1191.33
1191.33
954.42
1609.28
1609.28
1628.05
1628.05
702.53
702.53
2023.11
2023.11
2947.48
2947.48
2947.48
782.55
782.55
1174.79
11.71
11.71
207.06
207.06
207.06
668.92
731.13
731.13
731.13
306.32
10.13
10.13
10.13
12.65
1111.91
1111.91
1111.91
549.82
549.82
2729.97
2729.97
1779.62
1779.62
1841.12
1021.72
1021.72
1021.72
1876.96
1876.96
10.00
10.00
2065.06
2065.06
14.29
10.93
10.93
10.93
2870.16
2870.16
62.76
62.76
2624.65
2624.65
49.98
49.98
2949.38
2949.38
2730.80
2730.80
1205.70
1205.70
3080.11
3080.11
89.93
89.93
1534.68
1534.68
2832.68
2832.68
1175.15
1175.15
2398.41
2398.41
533.00
533.00
2078.28
2078.28
2078.28
2078.28
2149.33
2149.33
1905.57
708.50
708.50
708.50
2348.32
2348.32
1079.08
1079.08
1839.16
1839.16
657.78
657.78
10.45
10.45
2116.18
2116.18
2275.82
2275.82
1736.86
1736.86
1840.01
1840.01
898.90
898.90
1629.30
1629.30
1401.58
1401.58
76.89
76.89
1187.90
1187.90
2624.94
2624.94
1540.57
1540.57
1348.78
1348.78
1636.08
1636.08
106.48
106.48
657.34
657.34
22.84
22.84
1689.68
1689.68
10.00
10.00
979.38
979.38
10.00
10.00
2822.25
2822.25
2737.01
2737.01
2737.01
2737.01
1934.65
1934.65
1049.35
1049.35
631.07
631.07
1305.32
1305.32
2909.72
2909.72
1426.74
1426.74
10.00
10.00
2161.63
2161.63
2495.79
2495.79
1660.47
1660.47
3056.19
3056.19
2666.16
2666.16
11.23
11.23
2387.00
2387.00
2455.64
2455.64
2899.48
2899.48
2070.45
2070.45
2545.00
2545.00
3096.77
3096.77
527.51
527.51
1460.98
1460.98
1621.07
1621.07
2833.75
2833.75
10.00
10.00
1768.66
1768.66
3173.85
3173.85
1955.79
1955.79
17.62
17.62
101.08
101.08
467.87
467.87
2493.26
2493.26
2547.59
2547.59
1571.92
1571.92
2353.21
2353.21
2005.42
2057.94
2057.94
2057.94
1643.13
1643.13
2195.06
2195.06
1890.18
1890.18
529.13
529.13
76.87
76.87
468.48
468.48
20.75
20.75
1681.78
1681.78
1001.44
1001.44
543.13
543.13
783.45
783.45
10.00
10.00
2220.23
2220.23
1333.58
1333.58
964.08
964.08
16.86
16.86
10.38
10.38
460.25
460.25
2124.39
2124.39
1849.88
1849.88
275.10
275.10
10.91
10.91
82.55
1633.65
1633.65
1633.65
718.76
718.76
1243.98
1243.98
1838.24
1838.24
2513.02
2513.02
2637.26
2637.26
1902.92
1902.92
28.39
28.39
780.95
780.95
1799.06
1799.06
191.98
191.98
816.90
816.90
1719.52
1719.52
10.96
10.96
2009.42
2009.42
976.60
976.60
1200.90
1200.90
1988.98
1988.98
2466.87
2466.87
10.00
10.00
928.90
928.90
807.40
807.40
2015.51
2015.51
671.56
671.56
2108.51
2108.51
517.79
517.79
1560.91
1560.91
583.42
583.42
30.27
30.27
1415.80
1415.80
712.69
712.69
1682.64
1682.64
711.03
711.03
1639.16
1639.16
1704.28
1704.28
2397.23
2397.23
1538.16
1538.16
547.36
547.36
1931.23
1931.23
18.78
18.78
18.10
18.10
1427.81
1427.81
1342.90
1342.90
881.07
881.07
1562.13
1562.13
1424.65
1424.65
1424.65
1424.65
1697.48
1697.48
1255.51
1255.51
133.65
133.65
882.72
882.72
10.45
10.45
1331.69
1331.69
64.24
64.24
312.04
312.04
1259.88
1259.88
1077.86
1077.86
55.38
55.38
1673.11
1673.11
1546.28
1546.28
2277.43
2277.43
837.85
837.85
469.47
469.47
1939.78
1939.78
2029.59
2029.59
2029.59
2029.59
2035.63
2035.63
2094.63
2094.63
2094.63
2094.63
1972.45
1972.45
638.27
638.27
10.00
10.00
1355.40
1355.40
1324.22
1324.22
1176.50
1176.50
1949.75
1949.75
1242.06
1242.06
1810.80
1810.80
1577.63
1577.63
1759.51
1759.51
1759.51
1759.51
1468.98
1468.98
1379.18
1379.18
1003.77
1003.77
1050.58
1050.58
208.41
208.41
971.43
971.43
879.67
879.67
1146.72
1146.72
1018.62
1018.62
1107.99
1107.99
1623.69
1623.69
616.72
616.72
1564.32
1564.32
1030.17
1030.17
72.38
72.38
14.69
14.69
717.14
717.14
1542.96
1542.96
1081.51
1081.51
1574.38
1574.38
1753.02
1753.02
1045.41
1045.41
515.55
515.55
1793.67
1793.67
1651.59
1651.59
1513.30
1513.30
1513.30
1513.30
324.44
324.44
14.86
14.86
1105.44
1105.44
536.51
536.51
1502.79
1502.79
152.26
152.26
1473.11
1473.11
458.32
458.32
635.15
635.15
1238.29
1238.29
908.41
908.41
1710.04
1710.04
1618.55
1618.55
1510.16
1510.16
1510.16
1510.16
1654.48
1654.48
790.69
790.69
11.33
11.33
1187.46
1187.46
316.70
316.70
1560.58
1560.58
11.23
11.23
598.18
598.18
1165.89
1165.89
974.00
974.00
1458.08
1458.08
895.37
895.37
1930.74
1930.74
109.64
109.64
1739.82
1739.82
2305.45
2305.45
1908.14
1908.14
470.71
470.71
1749.03
1749.03
23.44
23.44
1843.26
1843.26
1669.84
1669.84
2396.94
2396.94
2396.94
2396.94
724.38
724.38
2655.13
2655.13
2689.64
2689.64
1619.50
1619.50
797.07
797.07
2490.44
2490.44
2076.92
2076.92
2542.19
2542.19
11.75
11.75
868.53
868.53
719.45
719.45
1239.27
1239.27
1239.27
1239.27
10.00
10.00
534.90
534.90
10.00
10.00
481.56
481.56
708.54
708.54
287.08
287.08
867.90
867.90
545.88
545.88
262.32
262.32
862.78
862.78
732.82
732.82
1096.66
1096.66
635.42
635.42
1186.96
1186.96
1067.03
1067.03
1134.68
1134.68
651.62
651.62
651.62
651.62
656.65
656.65
1063.81
1063.81
845.27
845.27
1536.48
1536.48
1223.24
1223.24
2138.86
2138.86
2162.42
2162.42
2132.41
2132.41
1340.08
1340.08
2456.22
2456.22
1855.79
1855.79
2016.21
2016.21
2970.23
2970.23
530.38
530.38
2110.11
2110.11
1386.42
1386.42
752.01
752.01
534.07
534.07
1173.84
1173.84
3293.39
3293.39
10.00
10.00
1040.01
1040.01
3132.98
3132.98
2989.09
2989.09
1010.49
1010.49
10.00
10.00
2203.58
2203.58
15.03
15.03
1833.41
1833.41
2352.29
2352.29
2517.62
2517.62
998.03
998.03
499.50
499.50
2398.39
2398.39
3732.73
3732.73
2921.33
2921.33
118.44
118.44
532.03
532.03
1541.41
1541.41
1779.29
1779.29
2772.44
2772.44
3364.56
3364.56
13.59
13.59
498.64
498.64
3308.27
3308.27
1144.30
1144.30
2537.96
2537.96
2537.96
2537.96
433.03
433.03
10.00
10.00
2413.87
2413.87
638.45
638.45
1406.98
1406.98
2122.14
2122.14
23.68
23.68
3296.96
3296.96
2847.79
2847.79
2898.87
2898.87
468.29
468.29
2487.53
2487.53
123.52
123.52
15.16
15.16
2781.78
2781.78
814.01
814.01
3293.17
3293.17
316.88
316.88
244.90
244.90
569.85
569.85
1881.64
1881.64
10.00
10.00
1579.35
1579.35
1451.82
1451.82
31.00
31.00
1656.96
1656.96
454.04
454.04
1447.00
1447.00
347.45
347.45
1265.78
1265.78
1216.50
1216.50
3502.49
3502.49
3326.52
3326.52
3590.98
3590.98
3227.05
3227.05
88.42
88.42
2492.19
2492.19
3390.88
3390.88
3627.68
3627.68
48.67
48.67
2790.62
2790.62
1467.55
1467.55
4062.68
4062.68
18.68
18.68
654.39
654.39
2734.43
2734.43
468.00
468.00
1588.71
1588.71
2197.78
2197.78
2936.28
2936.28
245.17
245.17
2849.30
2849.30
1690.32
1690.32
746.16
746.16
2068.86
2068.86
21.41
21.41
82.49
82.49
20.81
20.81
2085.85
2085.85
2994.90
2994.90
17.01
17.01
27.00
27.00
894.19
894.19
10.00
10.00
2190.12
2190.12
3224.45
3224.45
10.00
10.00
10.00
10.00
14.97
14.97
2405.23
2405.23
965.15
965.15
2284.07
2284.07
4097.22
4097.22
502.22
502.22
2441.17
2441.17
2441.17
2441.17
2664.07
2664.07
782.36
782.36
2426.72
2426.72
2426.72
2426.72
16.83
16.83
4063.18
4063.18
3341.06
3341.06
2798.32
2798.32
10.00
10.00
1043.94
1043.94
1248.13
1248.13
318.02
318.02
2118.01
2118.01
2596.41
2596.41
517.91
517.91
808.36
808.36
10.00
10.00
3387.33
3387.33
3438.10
3438.10
1760.77
1760.77
1039.93
1039.93
200.57
200.57
2238.10
2238.10
479.50
479.50
20.44
20.44
775.53
775.53
785.80
785.80
1181.20
1181.20
2181.66
2181.66
685.40
685.40
10.00
10.00
10.00
10.00
2051.40
2051.40
2497.91
2497.91
20.76
20.76
1941.73
1941.73
1937.92
1937.92
526.79
526.79
2119.93
2119.93
2238.76
2238.76
3906.01
3906.01
2523.93
2523.93
1418.10
1418.10
3402.12
3402.12
1316.94
1316.94
1963.38
1963.38
1310.90
1310.90
2197.23
2197.23
2755.70
2755.70
1060.13
1060.13
1978.62
1978.62
124.09
124.09
36.99
36.99
990.30
990.30
723.81
723.81
334.38
334.38
1415.56
1415.56
963.16
963.16
3272.28
3272.28
2438.98
2438.98
1616.44
1616.44
782.18
782.18
1027.92
1027.92
1895.92
1895.92
2622.74
2622.74
1400.40
1400.40
14.61
14.61
14.61
195.24
132.11
132.11
14.95
14.95
25.42
25.42
3072.01
3072.01
3072.01
815.46
815.46
815.46
815.46
815.46
104.11
104.11
104.11
39.84
39.84
2754.01
2754.01
785.13
785.13
2907.75
2907.75
3412.23
3412.23
1277.88
1277.88
635.74
635.74
1899.93
1899.93
665.28
665.28
10.00
10.00
11.71
11.71
2431.60
2431.60
18.03
18.03
2990.75
606.88
606.88
606.88
2523.28
2523.28
1019.71
1019.71
19.27
19.27
1901.87
1901.87
483.08
483.08
2051.76
2051.76
790.77
790.77
2028.44
2028.44
1327.67
1327.67
1890.53
1890.53
820.32
820.32
18.02
18.02
923.35
923.35
20.53
612.02
612.02
612.02
15.11
15.11
10.00
10.00
595.08
595.08
752.82
752.82
24.96
24.96
137.99
137.99
1318.46
1318.46
2081.29
2081.29
479.53
479.53
27.07
772.73
772.73
772.73
120.61
120.61
2421.88
2421.88
1438.33
1438.33
10.00
10.00
1424.68
1424.68
2325.56
2325.56
2965.44
2965.44
10.00
10.00
2072.69
2072.69
79.31
79.31
2207.82
2207.82
2590.56
2590.56
1751.11
1751.11
3313.12
3313.12
797.09
797.09
1412.96
1412.96
2442.14
2442.14
2168.37
2168.37
2420.35
2420.35
10.00
10.00
3290.97
3290.97
3833.95
1641.15
1641.15
1641.15
1994.34
1605.66
1605.66
2264.04
2264.04
1413.85
1413.85
2771.55
2771.55
2771.55
3892.49
3892.49
407.81
407.81
1572.04
1572.04
3105.40
3105.40
3549.02
3549.02
3549.02
3549.02
1785.04
1785.04
3368.72
3368.72
1047.85
1047.85
10.00
10.00
3044.25
3044.25
2709.58
2709.58
953.07
953.07
3607.19
3607.19
2497.24
2497.24
261.55
261.55
664.45
664.45
181.94
181.94
1398.07
1398.07
1445.07
1445.07
25.23
25.23
87.22
87.22
2987.37
2987.37
3238.06
3238.06
3238.06
3238.06
3238.06
3238.06
452.16
452.16
1663.52
1663.52
442.16
442.16
3155.88
3155.88
38.88
38.88
469.24
469.24
1138.41
1138.41
39.33
39.33
3122.34
3122.34
935.51
832.99
832.99
832.99
2891.94
2891.94
2619.38
2619.38
780.78
780.78
10.00
10.00
10.00
10.00
10.09
10.09
2580.46
1405.48
1405.48
1405.48
2518.22
2518.22
3213.92
3213.92
2352.51
2352.51
10.00
10.00
1902.79
1902.79
2568.06
2568.06
424.43
424.43
835.54
835.54
2413.66
2413.66
394.29
394.29
29.12
29.12
757.36
757.36
677.76
677.76
11.33
11.33
2462.36
2462.36
2151.91
2151.91
84.99
84.99
465.06
465.06
2865.56
2865.56
1019.04
1019.04
1065.24
1065.24
55.13
55.13
975.91
975.91
1712.77
1712.77
33.59
33.59
19.55
19.55
2897.13
2897.13
3111.97
3111.97
2958.76
2958.76
775.28
775.28
2047.12
2047.12
1546.19
1546.19
2144.60
2144.60
1911.68
1911.68
2139.39
2139.39
29.99
29.99
1326.53
1326.53
2785.46
2785.46
2497.75
2497.75
774.16
774.16
38.21
38.21
2768.95
2768.95
3356.54
3356.54
10.00
10.00
1011.54
1011.54
2981.59
2981.59
2417.23
2417.23
2417.23
2417.23
783.22
783.22
21.60
21.60
317.40
317.40
1155.99
1155.99
1054.26
1054.26
770.91
770.91
1407.95
1407.95
15.91
15.91
875.31
875.31
43.58
43.58
774.47
774.47
55.65
55.65
922.93
922.93
10.00
10.00
705.06
705.06
10.00
10.00
3229.10
3229.10
3032.16
3032.16
3913.73
3913.73
1527.52
1527.52
2426.62
2426.62
2672.04
2672.04
3567.50
3567.50
931.56
931.56
35.80
35.80
66.78
66.78
3560.82
3560.82
3792.24
3792.24
3181.32
3181.32
3197.57
3197.57
663.21
663.21
3286.52
3286.52
3414.69
3414.69
3414.69
3414.69
3211.82
3211.82
779.33
779.33
2560.57
2560.57
13.47
13.47
38.97
38.97
775.22
775.22
18.61
18.61
3829.89
3829.89
525.89
525.89
2766.74
2766.74
3259.91
3259.91
3259.91
3259.91
3231.30
3231.30
3231.30
3231.30
13.84
13.84
3505.28
3505.28
20.66
20.66
465.56
465.56
11.01
11.01
10.00
10.00
3166.83
3166.83
3688.99
3688.99
1951.01
1951.01
4386.06
4386.06
869.92
869.92
56.90
56.90
1363.82
1363.82
14.95
14.95
10.89
10.89
10.00
10.00
4833.05
4833.05
815.57
815.57
1187.81
1187.81
40.50
40.50
741.80
741.80
202.69
202.69
1043.10
1043.10
3923.87
3923.87
10.48
10.48
3443.84
3443.84
158.58
158.58
2105.21
2105.21
21.22
21.22
631.91
631.91
1366.21
1366.21
10.00
10.00
2013.45
2013.45
3233.88
3233.88
16.27
16.27
988.17
988.17
10.00
10.00
809.79
809.79
3334.81
3334.81
637.20
637.20
33.67
33.67
467.98
467.98
1743.47
1743.47
1006.62
1006.62
1844.31
1844.31
951.66
951.66
2187.89
2187.89
1439.62
1439.62
2272.13
2272.13
1707.38
1707.38
1365.22
1365.22
1088.18
1088.18
3487.97
3487.97
387.88
387.88
2703.90
2703.90
881.55
881.55
1402.92
1402.92
2657.45
2657.45
786.39
786.39
309.11
309.11
132.92
132.92
10.00
10.00
830.17
830.17
10.37
10.37
23.90
23.90
1740.20
1740.20
1740.20
1740.20
637.73
637.73
10.00
10.00
1316.46
1316.46
782.46
782.46
2038.48
2038.48
852.69
852.69
2738.51
2738.51
13.09
13.09
917.15
917.15
1451.42
1451.42
464.11
464.11
43.32
43.32
2618.34
2618.34
1405.78
1405.78
1725.89
1725.89
468.31
468.31
10.00
10.00
1456.29
1456.29
1936.78
1936.78
82.79
82.79
2342.62
2342.62
10.00
10.00
20.61
20.61
1517.58
1517.58
2361.65
2361.65
24.81
24.81
645.73
645.73
1936.89
1936.89
367.80
367.80
2877.76
2877.76
683.85
683.85
2196.73
2196.73
2196.73
2196.73
1839.30
1839.30
1859.87
1859.87
16.75
16.75
2007.15
2007.15
2793.08
2793.08
2793.08
2793.08
754.61
754.61
1434.67
1434.67
1868.26
1868.26
1954.72
1954.72
259.75
259.75
1528.88
1528.88
572.41
572.41
10.00
10.00
1093.91
1093.91
290.42
290.42
719.51
719.51
1155.00
1155.00
652.59
652.59
1018.39
1018.39
389.54
389.54
1378.23
1378.23
1208.74
1208.74
1127.77
1127.77
506.54
506.54
144.30
144.30
979.71
979.71
929.30
929.30
2006.02
2006.02
1123.80
1123.80
1142.04
1142.04
2053.51
2053.51
1475.26
1475.26
610.01
610.01
2118.56
2118.56
1549.56
1549.56
462.64
462.64
1943.52
1943.52
2175.60
2175.60
2806.17
2806.17
2762.05
2762.05
120.66
120.66
3083.70
3083.70
21.55
21.55
2012.15
2012.15
2183.75
2183.75
16.89
16.89
2162.59
2162.59
3218.31
3218.31
441.84
441.84
2059.79
2059.79
18.61
18.61
668.42
668.42
10.00
10.00
2433.85
2433.85
3408.43
3408.43
616.75
616.75
1968.26
1968.26
2604.94
2604.94
1301.92
1301.92
3183.35
3183.35
797.83
797.83
797.83
127.17
2082.08
2082.08
20.78
20.78
153.78
153.78
10.00
10.00
2228.84
2228.84
1504.32
1504.32
33.36
33.36
4069.55
4069.55
10.00
10.00
3284.42
3284.42
470.56
470.56
731.36
731.36
598.94
598.94
17.61
17.61
4130.62
4130.62
4301.58
4301.58
2950.24
2950.24
822.08
822.08
2001.34
2001.34
27.12
27.12
1310.67
1310.67
428.83
428.83
3332.36
3332.36
3000.77
3000.77
1273.71
1273.71
18.03
18.03
3362.58
3362.58
10.00
10.00
264.86
264.86
767.73
767.73
194.79
194.79
24.74
24.74
606.30
606.30
3635.05
3635.05
2104.11
2104.11
957.37
957.37
134.21
134.21
3103.35
3103.35
3103.35
3103.35
3379.44
3379.44
1256.91
1256.91
3119.28
3119.28
3346.10
3346.10
12.36
12.36
1453.21
1453.21
610.56
610.56
10.00
10.00
10.00
10.00
1347.33
1347.33
624.28
624.28
242.37
242.37
589.36
589.36
10.00
10.00
10.00
10.00
65.49
65.49
14.79
14.79
746.90
746.90
414.25
414.25
537.83
537.83
18.79
18.79
1601.78
1601.78
638.66
638.66
304.76
304.76
317.72
317.72
31.14
31.14
3302.08
3302.08
3522.99
3522.99
860.16
860.16
1998.18
1998.18
531.00
531.00
1922.12
1922.12
11.62
11.62
557.89
557.89
475.28
475.28
871.18
871.18
709.66
709.66
3387.27
3387.27
746.42
746.42
93.90
93.90
11.80
11.80
781.89
781.89
640.90
640.90
10.00
10.00
1731.68
1731.68
1648.12
1648.12
15.01
15.01
3287.15
3287.15
775.89
775.89
81.51
81.51
1463.92
1463.92
56.83
56.83
20.00
20.00
2522.10
2522.10
2272.32
2272.32
734.84
734.84
45.64
45.64
748.10
748.10
2074.95
2074.95
2764.56
2764.56
749.17
749.17
1881.89
1881.89
2106.34
2106.34
1944.53
1944.53
1792.65
1792.65
2547.03
2547.03
716.17
716.17
2114.86
2114.86
858.63
858.63
858.63
2002.34
11.95
11.95
2075.91
2075.91
776.00
776.00
2327.51
2327.51
1433.10
1433.10
993.58
993.58
322.50
322.50
18.78
18.78
18.78
15.12
15.12
11.36
11.36
245.61
245.61
80.89
80.89
134.69
134.69
1320.55
1320.55
497.88
497.88
2010.21
2010.21
787.20
787.20
985.64
985.64
10.00
10.00
11.26
49.04
49.04
49.04
543.67
543.67
992.09
992.09
3326.06
3326.06
2429.02
2429.02
763.86
763.86
1747.28
1747.28
62.01
62.01
3586.01
3586.01
3217.83
3217.83
3287.86
3287.86
2394.99
2394.99
657.78
657.78
4490.69
4490.69
339.52
339.52
10.00
10.00
1998.37
1998.37
3613.69
3613.69
1347.01
491.50
491.50
491.50
2033.10
2033.10
2033.10
2033.10
2033.10
2033.10
608.12
608.12
1277.14
1277.14
933.86
933.86
1241.04
1241.04
351.65
351.65
1245.46
1245.46
1653.34
1653.34
324.30
324.30
1290.60
1290.60
715.23
715.23
1201.60
1201.60
10.00
10.00
1862.34
1862.34
1862.34
1862.34
1068.98
1068.98
1639.00
1639.00
1633.00
1633.00
1696.45
1696.45
658.35
658.35
1126.29
1126.29
874.34
874.34
99.51
99.51
842.51
842.51
1128.93
1128.93
2133.72
2133.72
1980.22
1980.22
966.13
966.13
272.21
272.21
3108.50
3108.50
10.36
10.36
492.51
492.51
941.23
941.23
732.05
732.05
920.47
920.47
1747.64
1747.64
4271.47
4271.47
3730.63
3730.63
10.00
10.00
867.11
867.11
4012.68
783.68
783.68
783.68
3887.76
3887.76
216.95
216.95
409.18
409.18
25.35
25.35
763.33
763.33
706.51
706.51
1373.98
1373.98
14.98
14.98
31.20
31.20
10.00
10.00
3147.96
3147.96
158.98
158.98
20.91
20.91
465.33
465.33
2411.81
2411.81
1236.47
1236.47
548.74
548.74
1222.19
1222.19
857.98
857.98
702.61
702.61
1097.09
1097.09
782.87
782.87
2806.67
2806.67
2302.96
2302.96
386.85
386.85
2787.97
2787.97
1588.92
1588.92
10.00
10.00
841.83
841.83
1880.78
1880.78
19.51
19.51
1346.98
1346.98
2694.56
2694.56
2068.59
2068.59
10.00
10.00
479.34
479.34
2509.58
2509.58
1856.74
1856.74
756.79
756.79
2635.06
2635.06
745.71
745.71
839.47
839.47
10.00
10.00
2741.84
2741.84
2465.66
2465.66
974.71
974.71
1927.47
1927.47
1575.99
1575.99
652.40
652.40
39.65
39.65
49.56
49.56
738.06
738.06
2828.63
2828.63
1579.80
1579.80
1342.10
1342.10
2881.95
2881.95
12.13
12.13
500.19
500.19
10.00
10.00
62.58
62.58
1297.38
1297.38
10.00
10.00
1871.28
1871.28
281.02
281.02
749.56
749.56
60.83
60.83
12.70
12.70
2524.62
2524.62
299.50
299.50
2232.23
2232.23
2851.14
2851.14
2527.21
2527.21
1550.53
1550.53
1080.63
1080.63
2491.90
2491.90
1835.44
1835.44
10.00
10.00
597.00
597.00
2474.47
2474.47
2019.12
2019.12
492.87
492.87
2121.41
2121.41
1026.34
1026.34
562.05
562.05
1204.94
1204.94
2892.02
2892.02
10.00
10.00
3427.65
3427.65
2122.86
2122.86
2724.20
2724.20
3288.67
3288.67
3288.67
3288.67
648.51
648.51
994.61
994.61
757.63
757.63
2693.42
2693.42
1422.44
1422.44
661.54
661.54
686.59
686.59
17.97
17.97
1642.78
1642.78
10.00
10.00
4193.22
4193.22
17.96
17.96
10.00
10.00
1005.12
1005.12
1937.79
1937.79
1491.99
1491.99
3177.06
3177.06
372.05
372.05
2236.76
2236.76
781.92
781.92
1164.21
1164.21
476.20
476.20
10.00
10.00
14.15
14.15
95.87
95.87
2311.01
2311.01
1592.93
1592.93
641.01
641.01
4049.88
4049.88
3318.10
3318.10
10.00
10.00
3918.99
3918.99
4118.65
4118.65
1815.98
1815.98
4176.30
4176.30
1990.76
1990.76
586.86
586.86
1343.18
1343.18
19.01
19.01
1331.89
1331.89
559.68
559.68
1816.89
1816.89
2313.08
2313.08
355.00
355.00
1554.05
1554.05
39.41
39.41
1885.45
1885.45
10.00
10.00
2515.65
2515.65
3199.91
3199.91
3199.91
3199.91
1640.71
1640.71
26.69
26.69
2435.94
2435.94
1453.28
1453.28
764.04
764.04
3221.30
3221.30
2103.11
2103.11
2278.67
2278.67
2151.45
2151.45
2711.47
2711.47
895.14
895.14
948.69
948.69
2577.63
2577.63
2064.98
2064.98
3905.41
3905.41
1722.44
1722.44
3802.38
3802.38
2633.34
2633.34
3291.12
3291.12
539.44
539.44
3186.30
3186.30
1619.06
1619.06
1921.28
1921.28
26.19
26.19
769.80
769.80
1587.08
1587.08
2983.38
2983.38
3622.67
3622.67
10.00
10.00
666.98
666.98
3920.71
3920.71
10.00
10.00
3714.95
3714.95
19.85
19.85
641.79
641.79
4292.64
4292.64
735.64
735.64
10.60
10.60
2507.29
2507.29
20.94
20.94
14.33
14.33
397.57
397.57
11.56
11.56
781.84
781.84
1907.06
1907.06
293.98
293.98
11.25
11.25
2310.52
2310.52
2310.52
2310.52
81.00
81.00
96.14
96.14
2720.11
2720.11
380.30
380.30
353.24
353.24
2417.34
2417.34
2598.75
2598.75
3043.85
3043.85
1504.42
1504.42
2101.94
2101.94
1976.54
1976.54
3189.53
3189.53
1866.33
1866.33
1614.04
1614.04
2426.71
2426.71
303.22
303.22
636.64
636.64
1392.64
1392.64
1668.60
1668.60
797.90
797.90
2767.80
2767.80
3268.49
3268.49
3308.74
3308.74
891.88
891.88
555.65
555.65
4059.10
4059.10
1249.19
1249.19
437.80
437.80
1989.06
1989.06
1354.04
1354.04
823.40
823.40
1268.14
1268.14
34.00
34.00
1758.07
1758.07
2346.31
2346.31
11.50
11.50
27.07
27.07
1589.07
1589.07
1745.99
1745.99
1339.88
1339.88
657.53
657.53
871.55
871.55
3424.64
3424.64
1108.42
1108.42
1336.85
1336.85
930.20
930.20
1212.35
1212.35
1518.69
1518.69
1891.70
1891.70
2869.78
2869.78
1917.22
1917.22
2253.20
2253.20
662.63
662.63
1899.52
1899.52
468.56
468.56
525.86
525.86
674.88
674.88
3286.41
3286.41
10.00
10.00
473.68
473.68
63.17
63.17
2127.29
2127.29
597.77
597.77
1446.34
1446.34
1324.31
1324.31
3114.05
3114.05
2373.77
2373.77
1910.56
1910.56
10.00
10.00
1322.56
1322.56
2196.12
2196.12
471.39
471.39
713.36
713.36
94.53
94.53
1103.44
1103.44
2278.57
2278.57
2312.16
2312.16
1594.55
1594.55
789.16
789.16
25.33
25.33
1332.52
1332.52
879.21
879.21
628.76
628.76
135.52
135.52
539.77
539.77
385.21
385.21
2860.02
2860.02
1528.68
1528.68
2316.14
2316.14
809.99
809.99
782.81
782.81
10.00
10.00
415.08
415.08
506.12
506.12
3874.19
3874.19
3874.19
3874.19
1538.23
1538.23
2557.07
2557.07
10.43
10.43
10.40
10.40
1012.90
1012.90
2385.65
2385.65
317.68
317.68
17.57
17.57
4200.82
4200.82
1666.31
1666.31
3972.43
3972.43
467.59
467.59
2482.50
2482.50
93.52
93.52
2166.11
2166.11
268.22
268.22
690.49
690.49
270.48
270.48
795.14
795.14
2601.91
2601.91
2284.94
2284.94
2873.25
2873.25
144.56
144.56
10.00
10.00
360.36
360.36
2316.73
2316.73
61.22
61.22
12.89
12.89
3452.01
3452.01
26.23
26.23
745.45
745.45
2329.73
2329.73
10.32
10.32
436.71
436.71
11.70
11.70
467.67
467.67
1100.01
1100.01
16.63
16.63
98.68
98.68
802.73
802.73
496.94
496.94
174.99
174.99
1771.93
1771.93
3365.27
3365.27
53.30
53.30
2618.23
2618.23
2942.45
2942.45
2942.45
2942.45
4023.13
4023.13
3035.27
3035.27
3336.71
3336.71
1248.40
1248.40
10.00
10.00
299.06
299.06
10.00
10.00
506.23
506.23
687.65
687.65
513.49
513.49
1850.98
1850.98
10.00
10.00
2020.04
2020.04
553.39
553.39
1815.57
1815.57
278.14
278.14
467.91
467.91
2970.83
2970.83
630.05
630.05
198.49
198.49
732.30
732.30
2857.46
2857.46
1099.88
1099.88
2319.07
2319.07
2904.79
2904.79
819.77
819.77
1784.56
1784.56
20.77
20.77
10.00
10.00
58.95
58.95
783.19
783.19
915.57
915.57
10.00
10.00
3303.32
3303.32
1516.64
1516.64
1825.80
1825.80
1328.58
1328.58
2027.16
2027.16
1772.60
1772.60
673.80
673.80
481.66
481.66
291.02
291.02
1996.99
1996.99
1882.18
1882.18
2261.43
2261.43
2261.43
2261.43
10.00
10.00
29.03
29.03
1631.80
1631.80
772.35
772.35
2306.42
2306.42
1056.86
1056.86
53.85
53.85
2558.90
2558.90
317.82
317.82
2399.35
2399.35
2785.97
2785.97
1155.20
1155.20
40.47
40.47
1883.69
1883.69
2390.93
2390.93
2802.95
2802.95
2680.61
2680.61
3252.56
3252.56
2769.12
2769.12
19.31
19.31
14.81
14.81
1511.57
1511.57
16.92
16.92
3335.69
3335.69
134.97
134.97
2860.38
2860.38
43.14
43.14
1587.55
1587.55
20.90
20.90
20.90
2899.25
2690.49
2690.49
221.25
221.25
221.25
772.67
83.34
83.34
660.79
660.79
667.53
667.53
667.53
3659.41
3659.41
3659.41
3659.41
3342.37
3342.37
318.41
318.41
3315.84
3315.84
3421.00
3421.00
10.00
10.00
828.92
828.92
17.70
17.70
2014.93
2014.93
2564.41
2564.41
1367.93
144.71
144.71
144.71
1670.63
1670.63
2704.68
2704.68
3245.50
300.13
300.13
300.13
1070.76
1186.50
1186.50
1186.50
1073.51
1073.51
3604.22
3604.22
1139.35
1139.35
2377.46
2377.46
2706.24
2263.66
2263.66
2263.66
2263.66
2263.66
191.50
467.83
467.83
467.83
2339.82
2339.82
3623.16
756.07
756.07
756.07
2704.16
2704.16
466.95
466.95
817.57
691.47
691.47
691.47
1963.55
1963.55
2144.50
2144.50
3488.85
11.72
11.72
3699.84
3699.84
3699.84
25.73
25.73
2408.19
2408.19
2941.66
2941.66
388.27
388.27
2149.62
280.73
280.73
280.73
3808.97
3808.97
3808.97
2135.48
2135.48
2135.48
999.19
999.19
978.19
841.84
841.84
841.84
11.24
11.24
10.00
10.24
10.24
10.24
40.50
1925.48
1925.48
1925.48
3907.99
3907.99
1858.73
1858.73
899.27
899.27
239.95
239.95
1917.62
1917.62
1809.47
1809.47
877.01
877.01
803.80
803.80
1998.79
1998.79
732.68
732.68
11.21
11.21
987.88
987.88
886.58
886.58
1022.67
1022.67
1295.35
1295.35
521.68
521.68
3596.36
3596.36
3372.05
3372.05
1325.23
1325.23
1580.13
1580.13
3302.39
3302.39
742.75
742.75
19.42
19.42
470.22
470.22
2651.97
2651.97
10.00
10.00
820.53
820.53
175.65
175.65
525.28
525.28
240.34
240.34
794.75
794.75
16.64
16.64
772.13
772.13
2617.72
2617.72
1430.14
1430.14
1377.78
1377.78
503.96
503.96
179.65
179.65
2237.70
3831.32
3831.32
468.36
468.36
468.36
1692.09
1692.09
923.03
923.03
1933.86
1933.86
15.00
15.00
1610.32
1610.32
14.15
14.15
869.42
869.42
26.25
26.25
3253.36
3253.36
184.19
184.19
3916.73
3916.73
2669.26
2669.26
1100.58
1100.58
753.28
753.28
36.81
36.81
44.52
44.52
490.04
490.04
25.61
25.61
468.68
468.68
10.00
10.00
10.00
10.00
307.47
307.47
1084.98
1084.98
1215.35
1215.35
213.40
213.40
1876.81
1876.81
3019.99
3019.99
493.45
493.45
868.19
868.19
2377.27
2377.27
2377.27
2377.27
2364.74
2364.74
2662.95
2662.95
1524.92
1524.92
2045.68
2045.68
467.94
467.94
1122.57
1122.57
2259.60
2259.60
699.19
699.19
1687.43
1687.43
3280.80
3280.80
38.90
38.90
2098.75
2098.75
2269.10
2269.10
10.80
10.80
1664.14
1664.14
2067.81
2067.81
636.11
636.11
277.12
277.12
3147.53
3147.53
367.77
367.77
3142.92
3142.92
820.41
820.41
2713.64
2713.64
10.00
10.00
943.79
943.79
2011.49
2011.49
2818.40
2818.40
1202.72
1202.72
1659.57
1659.57
90.29
90.29
824.94
824.94
2736.90
2736.90
1247.61
1247.61
80.48
80.48
2573.83
2573.83
2294.33
2294.33
23.48
23.48
778.21
778.21
13.59
13.59
13.40
13.40
523.30
523.30
1834.14
1834.14
639.49
639.49
74.48
74.48
427.70
427.70
11.69
11.69
1278.71
1278.71
826.15
826.15
11.08
11.08
781.00
781.00
902.82
902.82
2251.72
2251.72
10.00
10.00
2465.81
2465.81
693.32
693.32
33.74
33.74
2434.40
2434.40
33.88
33.88
534.36
534.36
1324.14
1324.14
16.67
16.67
510.23
510.23
929.01
929.01
115.84
115.84
516.61
516.61
447.60
447.60
2802.33
2802.33
13.53
13.53
11.16
11.16
14.76
14.76
2645.39
2645.39
1435.49
1435.49
1844.42
1844.42
859.91
859.91
2020.43
2020.43
772.61
772.61
720.97
720.97
2729.75
2729.75
606.68
606.68
1260.26
1260.26
194.68
194.68
244.71
244.71
79.70
79.70
2633.25
2633.25
2361.24
2361.24
10.00
10.00
3320.38
3320.38
33.59
33.59
785.09
785.09
3163.23
3163.23
612.28
612.28
20.76
20.76
1667.90
1667.90
759.25
759.25
822.90
822.90
229.66
229.66
2781.37
2781.37
782.68
782.68
2305.75
2305.75
930.18
930.18
510.11
510.11
2789.13
2789.13
3385.44
3385.44
3731.18
3731.18
17.09
17.09
2357.52
2357.52
1558.08
1558.08
1628.21
1628.21
2612.31
2612.31
3258.11
3258.11
3258.11
3258.11
2886.37
2886.37
2118.03
2118.03
1003.15
1003.15
2572.54
2572.54
337.21
337.21
2078.38
2078.38
1100.31
1100.31
140.95
140.95
633.28
633.28
1173.76
1173.76
1903.51
1903.51
2781.43
2781.43
1187.25
1187.25
1518.26
1518.26
2014.28
2014.28
547.22
547.22
3632.12
3632.12
10.00
10.00
10.00
10.00
3566.22
3566.22
3566.22
3566.22
22.40
22.40
2337.64
2337.64
528.50
528.50
36.47
36.47
1358.51
1358.51
46.64
46.64
10.37
10.37
766.85
766.85
1368.34
1368.34
693.47
693.47
11.14
11.14
3091.74
3091.74
2822.67
2822.67
2976.69
2976.69
23.47
23.47
2811.26
2811.26
10.78
10.78
4519.27
4519.27
1981.38
1981.38
4436.30
4436.30
18.02
18.02
1004.52
1004.52
2618.87
2618.87
638.95
638.95
1517.21
1517.21
479.84
479.84
397.84
397.84
19.99
19.99
10.00
10.00
4264.25
4264.25
344.32
344.32
26.46
26.46
2777.46
2777.46
62.99
62.99
1006.08
1006.08
609.34
609.34
160.06
160.06
10.00
10.00
15.94
15.94
1650.74
1650.74
1976.81
1976.81
22.46
22.46
2119.62
2119.62
2119.62
2119.62
12.96
12.96
12.96
12.96
12.96
91.18
91.18
124.46
86.66
171.77
171.77
313.71
223.19
223.19
408.27
408.27
602.19
602.19
516.63
516.63
530.48
530.48
1042.38
1042.38
472.07
472.07
1287.96
1287.96
12.62
12.62
1232.39
1232.39
1752.32
1752.32
157.86
157.86
1356.15
1356.15
10.00
10.00
154.44
154.44
1543.26
1543.26
495.13
495.13
2528.98
2528.98
43.47
43.47
2718.11
2718.11
571.43
571.43
789.82
789.82
1993.88
1993.88
10.00
10.00
3820.72
3820.72
19.99
19.99
420.88
420.88
1736.63
1736.63
466.97
466.97
1352.65
1352.65
1881.12
1881.12
1386.41
1386.41
2686.69
2686.69
555.51
555.51
2428.76
2428.76
780.92
780.92
2245.64
2245.64
2045.51
2045.51
992.42
992.42
1532.15
1532.15
670.34
670.34
1503.44
1503.44
25.21
25.21
3350.39
3350.39
10.00
10.00
10.00
1434.14
633.45
633.45
44.96
44.96
1477.87
1477.87
1477.87
1477.87
1608.31
1608.31
2459.61
2459.61
2359.36
2359.36
1258.02
1258.02
32.37
32.37
1698.40
1698.40
1698.40
1698.40
1763.57
1763.57
606.37
606.37
1175.28
1175.28
1661.34
1661.34
1661.34
1661.34
10.00
10.00
41.70
41.70
1266.85
1266.85
1771.22
1771.22
1061.65
1061.65
2447.81
2447.81
239.86
239.86
10.00
10.00
102.89
102.89
961.64
961.64
1878.44
1878.44
1615.86
1615.86
34.87
34.87
1175.50
1175.50
465.22
465.22
14.12
14.12
307.14
307.14
850.83
850.83
2020.93
2020.93
10.00
10.00
1176.34
1176.34
988.97
988.97
567.24
567.24
1287.62
1287.62
1287.62
1287.62
1658.36
1658.36
1379.66
1379.66
1516.10
1516.10
1957.41
1957.41
1957.41
1957.41
1957.41
1957.41
305.72
305.72
2170.22
2170.22
19.51
19.51
496.02
496.02
118.41
118.41
1333.38
1333.38
493.15
493.15
530.10
530.10
1219.72
1219.72
637.23
637.23
217.18
217.18
87.52
87.52
2200.46
2200.46
717.62
717.62
497.11
497.11
510.98
510.98
25.81
25.81
2050.23
2050.23
718.34
718.34
390.86
390.86
1428.26
1428.26
1428.26
1428.26
10.00
10.00
1295.13
1295.13
500.91
500.91
10.00
10.00
76.56
76.56
1176.99
1176.99
1867.32
1867.32
10.00
10.00
73.85
73.85
11.23
11.23
1791.27
1791.27
697.15
697.15
40.54
40.54
77.34
77.34
547.77
547.77
414.10
414.10
511.53
511.53
638.58
638.58
582.40
582.40
928.61
928.61
1004.57
1004.57
938.80
938.80
689.16
689.16
865.84
865.84
802.66
802.66
975.06
975.06
554.92
554.92
233.57
233.57
516.80
516.80
768.50
768.50
272.38
272.38
804.89
804.89
1508.13
1508.13
660.93
660.93
591.24
591.24
897.66
897.66
1318.49
1318.49
343.21
343.21
1411.11
1411.11
1715.80
1715.80
1095.51
1095.51
1209.82
1209.82
953.05
953.05
1135.59
1135.59
1135.59
1135.59
468.60
468.60
1036.58
1036.58
1064.96
1064.96
1028.32
1028.32
1120.76
1120.76
1120.76
113.06
969.35
969.35
1334.51
1334.51
425.42
425.42
951.97
951.97
1255.07
1255.07
1664.26
1664.26
15.21
15.21
170.22
170.22
990.04
990.04
1031.42
1031.42
1237.79
1237.79
1237.79
24.41
1424.42
1424.42
17.99
17.99
93.44
93.44
93.44
1227.63
326.36
326.36
413.71
413.71
459.66
459.66
459.66
459.66
1075.94
1075.94
1075.94
1075.94
1075.94
372.47
372.47
223.82
223.82
497.54
497.54
943.96
943.96
1076.77
1076.77
694.53
694.53
11.55
11.55
38.11
334.88
334.88
334.88
280.86
731.72
731.72
984.80
984.80
11.09
11.09
11.09
927.09
927.09
136.20
904.50
904.50
904.50
1032.14
1080.61
1080.61
298.66
298.66
298.66
1178.41
1178.41
1287.79
1287.79
1178.50
614.66
614.66
1616.11
1616.11
1616.11
1388.38
1480.60
1480.60
950.50
950.50
950.50
1043.40
1043.40
1347.99
1347.99
1175.67
1175.67
739.50
739.50
10.00
10.00
31.88
31.88
1001.90
28.35
28.35
28.35
1256.29
1256.29
642.15
642.15
38.87
38.87
728.02
728.02
641.52
641.52
166.06
166.06
725.87
725.87
1250.50
1250.50
678.49
678.49
831.43
831.43
55.47
55.47
690.45
690.45
761.22
761.22
1010.85
1010.85
1248.32
1248.32
1185.34
1185.34
1221.63
1221.63
1518.62
1518.62
1503.37
1503.37
306.61
306.61
825.91
825.91
1162.66
1162.66
1703.64
1703.64
1590.29
1590.29
1214.53
1214.53
1201.60
1201.60
1881.79
1881.79
723.06
470.19
470.19
470.19
1375.49
1375.49
1225.59
1225.59
1967.88
1967.88
1272.95
1272.95
1820.29
1820.29
1550.91
1550.91
1439.23
1439.23
439.91
439.91
1744.63
1744.63
293.28
293.28
663.62
663.62
1898.32
1898.32
322.40
322.40
1933.93
1933.93
1418.79
1418.79
67.39
67.39
1520.63
1520.63
1500.18
1500.18
24.89
24.89
1682.07
1682.07
2315.09
2315.09
1387.97
1387.97
485.16
485.16
1747.37
1747.37
1747.37
1747.37
1214.82
1214.82
1543.56
1543.56
1331.24
1331.24
468.20
468.20
2040.54
2040.54
681.08
681.08
917.53
917.53
1271.18
1271.18
11.23
11.23
1198.14
1198.14
1217.83
1217.83
559.21
559.21
1128.52
1128.52
426.95
426.95
2260.34
2260.34
527.33
527.33
1109.67
1109.67
711.43
711.43
1435.13
1435.13
2356.76
2356.76
1447.31
1447.31
2294.18
2294.18
497.46
497.46
10.00
10.00
1220.54
1220.54
12.15
12.15
2021.60
2021.60
10.00
10.00
647.15
647.15
333.61
333.61
1196.20
1196.20
855.94
855.94
577.77
577.77
2263.62
2263.62
1818.84
1818.84
54.91
54.91
2229.51
2229.51
1606.60
1606.60
614.13
614.13
711.93
711.93
1790.19
1790.19
167.27
167.27
967.87
967.87
1532.99
1532.99
2189.31
2189.31
2189.31
2189.31
2085.34
2085.34
10.00
10.00
2321.57
2321.57
1805.88
1805.88
90.79
90.79
910.43
910.43
2140.97
2140.97
681.19
681.19
10.00
10.00
1389.53
1389.53
1361.29
1361.29
1711.87
1711.87
317.67
317.67
36.17
36.17
593.89
593.89
805.44
805.44
183.18
183.18
1590.84
1590.84
2399.09
2399.09
782.72
782.72
281.42
281.42
10.00
10.00
785.01
785.01
1932.63
1932.63
467.24
467.24
192.03
192.03
469.07
469.07
1596.86
1596.86
1217.37
1217.37
2538.09
2538.09
1588.77
1588.77
10.00
10.00
534.07
534.07
2254.88
2254.88
1989.76
1989.76
1107.03
1107.03
495.57
495.57
1611.26
1611.26
463.89
463.89
2229.83
2229.83
837.31
837.31
908.40
908.40
1425.15
1425.15
2924.93
2924.93
1788.47
1788.47
176.35
176.35
543.19
543.19
1145.69
1145.69
467.49
467.49
2517.68
2517.68
524.21
524.21
82.45
82.45
591.27
591.27
468.19
468.19
109.41
109.41
114.53
114.53
267.81
267.81
1670.51
1670.51
10.38
10.38
916.68
916.68
10.38
10.38
34.12
34.12
468.29
468.29
1495.10
1495.10
134.26
134.26
526.20
526.20
1654.84
1654.84
792.63
792.63
198.06
198.06
385.34
385.34
1544.81
1544.81
639.56
639.56
1044.22
1044.22
1641.35
1641.35
110.88
110.88
1329.35
1329.35
1329.35
1329.35
468.27
468.27
855.37
855.37
659.70
659.70
10.00
10.00
93.87
93.87
2071.82
2071.82
1821.35
1821.35
957.43
957.43
1862.37
1862.37
2021.74
2021.74
1147.00
1147.00
1349.56
1349.56
2469.72
2469.72
1382.61
1382.61
1298.05
1298.05
1938.77
1938.77
1511.86
1511.86
22.49
22.49
1697.48
1697.48
1984.94
1984.94
943.93
943.93
470.97
470.97
2734.22
2734.22
2060.04
2060.04
10.00
10.00
694.31
694.31
1322.19
1322.19
1587.41
1587.41
775.90
775.90
1347.35
1347.35
2517.48
2517.48
2010.85
2010.85
910.38
910.38
1345.67
1345.67
212.75
212.75
158.24
158.24
46.20
46.20
719.69
719.69
465.63
465.63
930.44
930.44
673.59
673.59
270.09
270.09
338.34
338.34
1160.98
1160.98
1160.98
1160.98
1385.24
1385.24
12.84
12.84
16.85
16.85
675.24
675.24
2867.51
2867.51
1400.95
1400.95
27.01
27.01
10.00
10.00
711.28
711.28
1068.52
1068.52
2155.38
2155.38
199.13
199.13
10.38
10.38
2119.33
2119.33
283.51
283.51
1532.95
1532.95
31.27
31.27
1277.21
1277.21
1195.88
1195.88
1463.58
1463.58
2734.51
2734.51
25.78
25.78
788.74
788.74
2265.57
2265.57
871.22
871.22
473.52
473.52
352.72
352.72
2003.76
2003.76
1765.54
1765.54
1021.44
1021.44
2248.63
2248.63
785.08
785.08
705.62
705.62
790.52
790.52
10.00
10.00
80.83
80.83
2354.94
2354.94
2354.94
2354.94
2303.99
2303.99
1609.48
1609.48
2102.74
2102.74
19.37
19.37
2995.34
2995.34
1454.65
1454.65
282.00
282.00
1637.81
1637.81
23.52
23.52
28.86
28.86
682.97
682.97
1044.97
1044.97
2114.13
2114.13
754.69
754.69
2728.84
2728.84
530.25
530.25
28.97
28.97
10.00
10.00
10.00
10.00
1456.82
1456.82
1456.82
784.07
17.08
17.08
10.38
10.38
296.10
296.10
1290.89
1290.89
2442.38
2442.38
402.51
402.51
2284.29
2284.29
1593.97
1593.97
1314.37
1314.37
140.13
140.13
2576.27
2576.27
465.81
465.81
10.00
10.00
807.43
807.43
2681.76
2681.76
2681.76
2681.76
726.20
726.20
2108.09
2108.09
468.46
468.46
28.52
28.52
775.84
775.84
36.48
36.48
345.88
345.88
592.28
592.28
738.26
738.26
1085.21
1085.21
39.02
39.02
39.02
120.21
110.28
110.28
129.65
129.65
188.72
188.72
222.88
222.88
298.87
298.87
454.44
454.44
81.62
81.62
429.75
429.75
616.46
616.46
280.97
280.97
644.76
644.76
614.83
614.83
737.50
737.50
1028.38
1028.38
734.33
734.33
944.58
944.58
611.24
611.24
172.16
172.16
935.21
935.21
865.29
865.29
919.64
919.64
853.83
853.83
603.35
603.35
373.26
373.26
531.15
531.15
204.81
204.81
1332.66
1332.66
127.33
127.33
1088.24
1088.24
946.73
946.73
793.34
793.34
323.52
323.52
1247.79
1247.79
1465.77
1465.77
831.31
831.31
465.57
465.57
994.47
994.47
371.26
371.26
1905.14
1905.14
484.11
484.11
675.79
675.79
848.19
848.19
1494.91
1494.91
1878.75
1878.75
1287.32
1287.32
163.61
163.61
1622.22
1622.22
1638.82
1638.82
872.23
872.23
18.10
18.10
10.00
10.00
2234.30
2234.30
710.57
710.57
1257.10
1257.10
2007.05
2007.05
246.94
246.94
1590.74
1590.74
2288.31
2288.31
10.00
10.00
272.29
272.29
594.36
594.36
1171.02
1171.02
784.62
784.62
2208.45
2208.45
10.37
10.37
1495.85
1495.85
2176.12
2176.12
2723.95
2723.95
1049.77
1049.77
65.11
65.11
1641.99
1641.99
2279.37
2279.37
2914.86
2914.86
19.97
19.97
1224.26
1224.26
10.00
10.00
1440.60
1440.60
696.37
696.37
230.90
230.90
687.52
687.52
608.32
608.32
287.49
287.49
700.54
700.54
938.95
938.95
896.07
896.07
1703.63
1703.63
1186.06
1186.06
2144.41
2144.41
2144.41
2144.41
1978.04
1978.04
1231.10
1231.10
458.26
458.26
1835.51
1835.51
551.42
551.42
2173.59
2173.59
2173.59
2173.59
2835.33
2835.33
426.48
426.48
2001.85
2001.85
1752.16
1752.16
781.11
781.11
1643.92
1643.92
1741.92
1741.92
1599.62
1599.62
480.64
480.64
2369.25
2369.25
2439.90
2439.90
99.30
99.30
2150.35
2150.35
2650.28
2650.28
976.05
976.05
2844.71
2844.71
775.49
775.49
3379.86
3379.86
3379.86
3379.86
3379.86
3379.86
600.43
600.43
1674.24
1674.24
1674.24
20.75
2129.13
2129.13
2577.67
2577.67
1628.81
1628.81
10.00
10.00
2376.90
2376.90
2318.04
2318.04
309.91
309.91
2062.65
2062.65
3130.46
3130.46
31.19
31.19
1134.53
1134.53
1678.59
1678.59
17.98
17.98
17.98
2910.77
1338.65
1338.65
1676.57
1676.57
1676.57
1978.60
1091.63
1091.63
1786.63
1786.63
1786.63
704.64
135.71
135.71
135.71
2030.40
2030.40
2694.71
2694.71
124.77
492.44
492.44
492.44
10.78
10.78
258.49
258.49
11.76
11.76
1563.16
1563.16
3123.26
3123.26
1376.23
1376.23
3411.63
3411.63
3644.36
3644.36
3369.03
3369.03
2290.51
2290.51
1078.58
1078.58
14.05
14.05
2521.48
2521.48
2788.83
2788.83
10.00
10.00
57.14
57.14
78.16
78.16
33.88
20.73
20.73
11.34
11.34
11.34
3733.50
3733.50
666.19
666.19
19.95
2967.62
2967.62
2967.62
606.08
606.08
133.59
133.59
10.00
10.00
674.40
674.40
782.25
782.25
512.88
512.88
129.64
129.64
17.09
17.09
179.35
179.35
18.10
18.10
2222.89
2222.89
2222.89
2222.89
1086.76
1086.76
587.84
587.84
13.61
13.61
2327.83
2327.83
1309.51
1309.51
488.83
488.83
339.50
339.50
16.82
16.82
2941.69
2941.69
10.00
10.00
18.01
2501.93
2501.93
2501.93
61.13
1237.14
1237.14
1237.14
1814.28
1814.28
569.25
569.25
10.32
10.32
2144.93
2144.93
10.81
10.81
24.14
24.14
10.00
900.65
900.65
900.65
10.80
10.80
10.40
2616.47
2616.47
2616.47
1159.87
1159.87
1532.44
1532.44
1532.44
10.00
10.00
10.00
48.48
48.48
624.53
624.53
61.92
61.92
1830.71
1830.71
11.75
11.75
1810.75
1810.75
727.71
727.71
2484.83
2484.83
10.00
10.00
501.01
501.01
76.36
76.36
2244.95
2244.95
1193.96
1193.96
1041.34
1041.34
1456.37
1456.37
660.05
660.05
625.88
625.88
2223.09
2223.09
2372.59
1967.69
1967.69
1967.69
1967.69
1967.69
718.38
718.38
2212.89
2212.89
2783.66
2783.66
19.26
19.26
10.38
10.38
2714.65
2714.65
367.52
367.52
715.02
715.02
1599.96
1599.96
2353.59
2353.59
394.34
394.34
2487.89
2487.89
12.83
12.83
1185.35
1185.35
612.04
612.04
1553.27
1553.27
2905.92
2905.92
14.81
14.81
10.00
10.00
411.75
411.75
1315.36
1315.36
13.51
13.51
814.16
2486.67
2486.67
2486.67
2486.67
72.61
72.61
72.61
612.64
612.64
1317.56
1317.56
2975.49
2975.49
14.83
14.83
2126.37
2126.37
3017.59
3017.59
3116.92
3116.92
3116.92
3116.92
1418.92
1418.92
14.21
14.21
1324.98
1324.98
20.94
20.94
10.99
10.99
3098.34
3098.34
1810.72
1810.72
528.87
528.87
245.58
245.58
743.54
743.54
650.25
650.25
2101.26
2101.26
10.00
10.00
1550.13
1550.13
682.84
682.84
1094.70
1094.70
10.00
10.00
1653.39
1653.39
1150.56
1150.56
2896.16
2896.16
166.65
166.65
1414.73
1414.73
1950.89
1950.89
869.31
869.31
1875.20
1875.20
630.41
630.41
10.39
10.39
1759.32
1759.32
13.17
13.17
1465.55
1465.55
13.39
13.39
1830.88
1830.88
10.00
10.00
2048.20
2048.20
10.80
10.80
282.97
282.97
12.24
12.24
54.16
54.16
1841.84
1841.84
10.05
10.05
12.47
12.47
2697.38
2697.38
134.76
134.76
28.52
28.52
271.10
271.10
744.37
744.37
2434.37
2434.37
2351.71
2351.71
973.96
973.96
15.66
15.66
2265.30
2265.30
359.00
359.00
2316.49
2316.49
1021.08
1021.08
828.52
828.52
404.16
404.16
992.46
992.46
92.52
92.52
10.00
10.00
2024.55
2024.55
71.76
71.76
10.00
10.00
263.20
263.20
948.55
948.55
467.82
467.82
2084.40
2084.40
12.86
12.86
3513.80
3513.80
3567.53
3567.53
15.44
15.44
565.25
565.25
80.84
80.84
957.80
957.80
366.49
366.49
2034.13
2034.13
513.73
513.73
613.99
613.99
34.02
34.02
757.21
757.21
10.38
10.38
26.95
26.95
750.97
750.97
1301.33
1301.33
12.61
12.61
294.33
294.33
1848.25
1848.25
21.22
21.22
3120.10
3120.10
3120.10
3120.10
1352.48
1352.48
10.40
10.40
2240.02
2240.02
3610.97
3610.97
572.31
572.31
1419.87
1419.87
778.31
778.31
12.14
12.14
1777.69
1777.69
3063.51
3063.51
345.41
345.41
10.00
10.00
10.00
10.00
3879.71
3879.71
10.00
10.00
10.00
10.00
12.68
12.68
2423.85
2423.85
4119.04
4119.04
17.96
17.96
23.62
23.62
31.67
31.67
1363.35
1363.35
2332.23
2332.23
2332.23
2332.23
2332.23
2332.23
2469.77
2469.77
2469.77
2469.77
443.89
443.89
291.05
291.05
657.31
657.31
639.45
639.45
958.90
958.90
280.80
280.80
614.10
614.10
951.54
951.54
10.00
10.00
712.68
712.68
1164.54
1164.54
2350.57
2350.57
1561.27
1561.27
1078.31
1078.31
965.21
965.21
2937.14
2937.14
11.25
11.25
2754.56
2754.56
2156.20
2156.20
378.88
378.88
1492.08
1492.08
687.88
687.88
2697.53
2697.53
2236.31
2236.31
1626.68
1626.68
493.72
493.72
1282.56
1282.56
12.85
12.85
772.23
772.23
1863.44
1863.44
301.02
301.02
1113.06
1113.06
1809.12
1809.12
1591.94
1591.94
10.38
10.38
900.92
900.92
569.18
569.18
27.01
27.01
11.27
11.27
453.20
453.20
3236.78
3236.78
2921.26
2921.26
2921.26
2921.26
464.94
464.94
29.93
29.93
540.02
540.02
577.06
577.06
2374.23
2374.23
654.99
654.99
23.36
23.36
2042.92
2042.92
2646.71
2646.71
201.37
201.37
56.63
56.63
202.74
202.74
1145.31
1145.31
12.26
12.26
302.61
302.61
302.61
332.90
332.90
332.90
66.01
66.01
1071.15
1071.15
825.97
825.97
1149.55
1149.55
2271.17
2271.17
15.49
15.49
1186.72
1186.72
563.58
563.58
1434.81
1434.81
10.78
10.78
34.42
34.42
12.15
12.15
10.75
10.75
2422.84
2422.84
10.00
10.00
17.09
17.09
1913.92
1913.92
1852.13
1852.13
10.00
10.00
833.24
833.24
1377.14
1377.14
796.00
796.00
1079.65
1079.65
102.31
102.31
23.65
23.65
1164.89
1164.89
1008.00
1008.00
179.29
179.29
258.70
258.70
3292.82
3292.82
1701.96
1701.96
600.00
600.00
2578.76
2578.76
793.12
793.12
2112.13
2112.13
11.32
11.32
1629.26
1629.26
25.93
25.93
34.19
34.19
453.95
453.95
40.42
40.42
18.05
18.05
24.54
24.54
38.66
38.66
855.99
855.99
10.44
10.44
908.46
908.46
832.35
832.35
955.98
955.98
10.00
10.00
54.84
54.84
1409.21
1409.21
2820.52
2820.52
5220.30
5220.30
4171.24
4171.24
5041.38
5041.38
13.48
13.48
773.75
773.75
19.27
19.27
3231.14
3231.14
846.52
846.52
1145.04
1145.04
12.46
12.46
1440.32
1440.32
106.32
106.32
1824.24
1824.24
1434.24
1434.24
397.54
397.54
1432.23
1432.23
260.71
260.71
1717.56
1717.56
1829.86
1829.86
1829.86
1829.86
1825.38
1825.38
1329.28
1329.28
57.81
57.81
782.74
782.74
24.53
24.53
1623.28
1623.28
1623.28
546.50
1668.47
1668.47
1668.47
1668.47
12.80
12.80
866.19
866.19
10.85
10.85
3427.12
3427.12
3427.12
3427.12
923.59
923.59
745.83
745.83
1165.52
1165.52
27.07
27.07
12.40
12.40
1939.13
1939.13
2072.51
2072.51
2477.37
2477.37
2291.60
2291.60
2377.19
2377.19
2028.98
2028.98
2385.68
2385.68
2495.49
2495.49
1378.01
1378.01
50.88
50.88
1303.52
1303.52
1250.59
1250.59
736.78
736.78
3014.27
3014.27
468.31
468.31
33.65
33.65
14.98
14.98
3419.18
3419.18
10.88
10.88
3245.52
3245.52
10.06
10.06
259.36
259.36
1391.19
1391.19
4082.89
4082.89
3546.80
3546.80
781.19
781.19
2981.11
2981.11
2152.62
2152.62
210.18
210.18
339.55
339.55
734.22
734.22
34.80
34.80
611.72
611.72
1550.77
1550.77
744.91
744.91
570.37
570.37
2049.12
2049.12
3006.13
3006.13
1499.57
1499.57
903.02
903.02
11.25
11.25
1248.87
1248.87
663.27
663.27
157.40
157.40
3865.87
3865.87
10.37
10.37
518.12
518.12
614.18
614.18
318.72
318.72
63.10
63.10
63.10
887.73
3876.79
3876.79
11.22
11.22
2008.28
2008.28
1390.69
1390.69
2049.78
2049.78
503.57
503.57
1179.98
1179.98
688.85
688.85
588.06
588.06
1773.10
1773.10
468.48
468.48
1263.50
1263.50
1043.16
1043.16
1071.17
1071.17
1303.94
1303.94
1303.94
84.88
92.78
92.78
1271.51
1271.51
82.89
82.89
1306.00
1306.00
604.26
604.26
10.00
10.00
693.05
693.05
1670.77
1670.77
1196.65
1196.65
1716.57
1716.57
1300.29
1300.29
10.29
10.29
1019.68
1019.68
1143.89
1143.89
1842.37
1842.37
11.71
11.71
1567.09
1567.09
1697.28
1697.28
1697.28
713.77
1669.57
1669.57
10.00
10.00
787.03
787.03
902.37
902.37
1960.73
1960.73
956.14
956.14
2019.29
2019.29
28.58
28.58
1259.47
1259.47
1930.92
1930.92
851.98
851.98
177.38
177.38
748.69
748.69
622.74
622.74
161.80
161.80
480.79
480.79
870.81
870.81
543.86
543.86
492.36
492.36
492.36
836.23
10.00
10.00
10.00
931.26
13.59
13.59
648.42
648.42
902.37
902.37
902.37
899.43
652.75
652.75
652.75
971.12
971.12
1215.95
1215.95
687.78
687.78
1060.72
1060.72
876.39
876.39
203.35
203.35
1854.44
1854.44
1964.31
1964.31
1869.87
1869.87
1151.74
1151.74
1409.91
1409.91
13.33
13.33
29.79
29.79
1909.85
1909.85
10.60
10.60
10.11
10.11
1147.05
1147.05
14.65
14.65
1005.39
1005.39
87.20
87.20
433.55
433.55
581.00
581.00
1810.31
1810.31
1803.20
1803.20
610.81
610.81
20.60
20.60
2824.20
2824.20
2905.94
2905.94
2905.94
2905.94
1452.19
1452.19
1459.17
1459.17
2476.30
2476.30
203.17
203.17
1463.58
1463.58
383.35
383.35
2294.74
2294.74
2294.74
2294.74
724.03
724.03
2473.48
2473.48
1302.97
1302.97
72.14
72.14
951.37
951.37
1494.16
1494.16
1590.24
1590.24
10.37
10.37
2333.94
2333.94
2333.94
2333.94
2620.27
2620.27
2620.27
2620.27
16.36
16.36
11.89
11.89
551.38
551.38
1407.69
1407.69
1633.26
1633.26
10.00
10.00
2354.37
2354.37
711.63
711.63
20.76
20.76
800.84
800.84
2450.57
2450.57
2530.57
2530.57
10.00
10.00
2434.08
2434.08
2009.68
2009.68
698.73
698.73
1567.19
1567.19
214.74
214.74
2878.08
2878.08
10.37
10.37
565.22
565.22
1523.43
1523.43
28.65
28.65
135.89
135.89
707.91
707.91
14.01
14.01
1636.98
1636.98
2269.27
2269.27
14.96
14.96
45.28
45.28
2747.28
2747.28
27.03
27.03
1435.05
1435.05
531.42
531.42
587.73
587.73
19.44
19.44
10.00
25.17
25.17
25.17
1092.10
1092.10
4009.22
4009.22
1958.96
1958.96
524.35
524.35
10.00
10.00
1720.89
1720.89
19.33
19.33
647.28
647.28
342.03
342.03
3403.31
3403.31
1967.90
1967.90
13.38
13.38
10.92
10.92
175.18
175.18
1513.10
1513.10
85.69
85.69
1892.51
1892.51
649.58
649.58
1519.54
1519.54
10.86
10.86
1100.51
1100.51
1483.65
1483.65
405.84
405.84
3947.45
3947.45
496.64
496.64
228.92
228.92
1009.60
1009.60
795.82
795.82
556.19
556.19
10.38
10.38
285.92
285.92
2487.37
2487.37
196.25
196.25
16.82
16.82
987.27
987.27
4108.14
4108.14
610.78
610.78
109.37
109.37
445.42
445.42
29.93
29.93
908.12
908.12
10.00
10.00
12.82
12.82
1010.08
1010.08
10.00
10.00
1614.04
1614.04
869.12
869.12
1525.61
1525.61
497.10
497.10
795.25
795.25
52.69
52.69
617.52
617.52
1748.22
1748.22
459.84
459.84
1328.26
1328.26
1552.09
1552.09
1289.19
1289.19
60.23
60.23
714.03
714.03
138.28
138.28
208.18
208.18
587.69
587.69
1217.72
1217.72
1012.59
1012.59
628.82
628.82
15.91
15.91
919.50
919.50
217.83
217.83
1552.22
1552.22
787.38
787.38
780.58
780.58
269.77
269.77
1634.59
1634.59
630.76
630.76
10.00
10.00
29.97
29.97
19.15
19.15
776.64
776.64
12.65
12.65
1990.29
1990.29
16.88
16.88
609.59
609.59
10.00
10.00
2561.37
2561.37
95.38
95.38
33.84
33.84
79.21
79.21
38.48
38.48
2208.41
2208.41
20.96
20.96
2051.19
2051.19
3605.85
3605.85
1809.50
1809.50
3180.11
3180.11
822.92
822.92
1819.70
1819.70
1717.16
1717.16
580.90
580.90
2145.34
2145.34
67.53
67.53
3375.34
3375.34
1210.48
1210.48
312.79
312.79
710.64
710.64
26.27
26.27
164.72
164.72
10.00
10.00
918.99
918.99
734.19
734.19
538.71
538.71
125.65
125.65
1051.64
1051.64
26.70
26.70
1710.56
1710.56
10.00
10.00
10.37
10.37
17.88
17.88
1214.50
1214.50
1815.53
1815.53
337.92
337.92
863.81
863.81
2588.70
2588.70
211.13
211.13
1719.89
1719.89
5029.07
5029.07
783.19
783.19
14.21
14.21
840.65
840.65
360.99
360.99
135.55
135.55
399.70
399.70
1468.80
1468.80
3877.66
3877.66
125.32
125.32
1451.80
1451.80
46.62
46.62
406.29
406.29
14.93
14.93
10.42
10.42
10.37
10.37
18.78
18.78
10.00
10.00
48.56
48.56
3437.35
3437.35
15.93
15.93
2426.46
2426.46
10.00
10.00
2094.39
2094.39
1626.57
1626.57
782.92
782.92
2015.56
2015.56
837.99
837.99
1196.85
1196.85
13.49
13.49
16.87
16.87
57.37
57.37
10.00
10.00
24.22
24.22
10.00
10.00
1898.40
1898.40
2558.87
2558.87
2558.87
2558.87
1705.16
1705.16
745.06
745.06
10.81
10.81
2092.79
2092.79
10.46
10.46
124.41
124.41
1680.13
1680.13
135.50
135.50
10.00
10.00
303.62
303.62
2156.64
2156.64
14.76
14.76
16.50
16.50
1598.77
1598.77
10.00
10.00
41.19
41.19
10.45
10.45
1094.03
1094.03
465.51
465.51
53.46
53.46
986.69
986.69
3486.69
3486.69
2884.01
2884.01
467.66
467.66
761.77
761.77
385.15
385.15
555.35
555.35
2866.57
2866.57
1586.36
1586.36
2022.87
2022.87
23.72
23.72
1077.34
1077.34
2754.40
2754.40
2547.21
2547.21
1498.37
1498.37
1551.70
1551.70
2504.72
2504.72
10.32
10.32
1474.56
1474.56
3196.17
3196.17
3472.09
3472.09
38.56
38.56
781.73
781.73
2892.74
2892.74
1524.46
1524.46
58.16
58.16
2310.60
2310.60
1365.56
1365.56
3662.27
3662.27
891.55
891.55
200.91
200.91
990.05
990.05
529.71
529.71
12.06
12.06
2025.29
2025.29
43.13
43.13
2141.07
2141.07
398.03
398.03
1594.55
1594.55
2067.62
2067.62
10.00
10.00
361.68
361.68
79.52
79.52
20.67
20.67
1288.28
1288.28
35.05
35.05
2152.73
2152.73
1686.05
1686.05
467.66
467.66
165.57
165.57
16.86
16.86
1403.32
1403.32
2537.91
2537.91
86.34
86.34
1028.50
1028.50
1592.03
1592.03
1263.89
1263.89
19.73
19.73
703.90
703.90
532.38
532.38
711.37
711.37
10.00
10.00
107.19
107.19
1923.61
1923.61
1392.50
1392.50
791.22
791.22
1349.07
1349.07
3377.81
3377.81
1987.03
1987.03
3574.70
3574.70
880.64
880.64
944.22
944.22
1931.91
1931.91
1836.62
1836.62
28.25
28.25
10.36
10.36
1456.67
1456.67
1456.67
1456.67
11.47
11.47
736.18
736.18
164.52
164.52
1619.14
1619.14
1029.64
1029.64
13.50
13.50
1174.77
1174.77
981.71
981.71
439.34
439.34
818.86
818.86
27.30
27.30
960.01
960.01
26.96
26.96
20.26
20.26
337.72
337.72
26.76
26.76
10.00
10.00
2594.46
2594.46
2594.46
2594.46
388.03
388.03
58.15
58.15
1724.55
1724.55
2639.35
2639.35
568.46
568.46
991.87
991.87
18.25
18.25
2953.48
2953.48
3395.99
3395.99
318.22
318.22
10.00
10.00
10.48
10.48
1371.83
1371.83
1137.32
1137.32
723.89
723.89
1630.27
1630.27
165.91
165.91
14.56
14.56
619.77
619.77
3327.39
3327.39
23.58
23.58
467.35
467.35
642.49
642.49
155.20
155.20
40.06
40.06
2264.80
2264.80
10.00
10.00
679.32
679.32
780.37
780.37
12.22
12.22
10.00
10.00
667.74
667.74
2959.44
2959.44
3949.57
3949.57
13.49
13.49
21.59
21.59
2401.62
2401.62
302.24
302.24
3567.80
3567.80
10.00
10.00
784.46
784.46
4653.80
4653.80
134.35
134.35
22.99
22.99
1955.44
1955.44
10.00
10.00
595.67
595.67
1845.97
1845.97
77.67
77.67
10.72
10.72
867.97
867.97
1185.67
1185.67
44.92
44.92
13.48
13.48
10.00
10.00
1154.17
1154.17
2763.76
2763.76
1160.50
1160.50
11.97
11.97
673.04
673.04
124.74
124.74
506.09
506.09
314.01
314.01
813.37
813.37
407.76
407.76
22.76
22.76
1944.15
1944.15
232.29
232.29
36.01
36.01
504.08
504.08
288.69
288.69
513.85
513.85
1822.15
1822.15
884.47
884.47
714.73
714.73
773.41
773.41
862.32
862.32
10.00
10.00
605.11
605.11
1160.37
1160.37
36.07
36.07
1523.17
1523.17
12.25
12.25
494.16
494.16
265.62
265.62
2768.84
2768.84
2768.84
2768.84
2280.49
2280.49
452.39
452.39
3225.35
3225.35
19.32
19.32
1910.00
1910.00
1971.69
1971.69
610.32
610.32
2517.71
2517.71
481.93
481.93
402.12
402.12
1904.88
1904.88
10.89
10.89
1028.39
1028.39
782.86
782.86
491.33
491.33
256.19
256.19
22.33
22.33
2764.75
2764.75
1585.40
1585.40
24.59
24.59
1473.67
1473.67
727.84
727.84
21.50
21.50
75.97
75.97
168.47
168.47
513.45
513.45
10.00
10.00
2141.86
2141.86
107.83
107.83
2839.55
2839.55
293.96
293.96
74.43
74.43
13.61
13.61
2393.62
2393.62
2393.62
10.00
12.38
12.38
12.38
1632.96
515.11
515.11
1037.98
1037.98
117.42
117.42
117.42
574.59
574.59
1592.44
1592.44
11.01
11.01
3492.44
3492.44
496.48
496.48
634.95
634.95
684.78
684.78
10.38
10.38
1909.05
1909.05
416.24
416.24
10.00
3329.94
3329.94
3329.94
973.79
973.79
1157.15
1157.15
688.35
2918.27
2918.27
494.40
494.40
494.40
567.64
567.64
1819.98
1819.98
518.85
518.85
22.45
22.45
16.52
16.52
299.93
1151.02
1151.02
1151.02
1079.97
1079.97
97.64
97.64
1881.99
1881.99
10.44
10.44
704.72
704.72
1875.00
1875.00
194.60
194.60
28.82
28.82
586.59
586.59
2215.03
2215.03
403.29
4153.37
4153.37
4153.37
100.24
100.24
10.00
10.00
2400.14
2400.14
21.34
21.34
2253.70
2253.70
67.43
67.43
2415.96
2415.96
14.15
14.15
1626.87
1626.87
10.00
10.00
2219.02
2219.02
456.95
456.95
856.67
27.02
27.02
306.10
306.10
306.10
1597.64
1597.64
598.46
598.46
11.28
11.28
850.62
850.62
10.40
10.40
481.58
481.58
2078.31
2078.31
2881.93
2881.93
183.15
183.15
740.49
740.49
2500.51
2500.51
3212.32
3212.32
30.88
30.88
12.84
12.84
774.30
774.30
2411.06
2411.06
15.15
15.15
1539.95
1539.95
15.61
15.61
1319.61
1319.61
99.67
99.67
430.13
430.13
31.15
31.15
555.22
555.22
1613.31
1613.31
622.93
622.93
337.56
337.56
1128.88
1128.88
1128.88
1128.88
2446.06
2446.06
10.32
10.32
469.91
469.91
2108.65
2108.65
1383.88
1383.88
1228.62
1228.62
1907.80
1907.80
2022.09
2022.09
687.51
687.51
1004.03
1004.03
282.10
282.10
10.38
10.38
15.75
15.75
711.24
711.24
489.38
489.38
3068.97
3068.97
1074.02
1074.02
220.87
220.87
1839.20
1839.20
748.66
748.66
824.58
824.58
2853.93
2853.93
159.04
159.04
420.13
420.13
420.13
420.13
617.60
617.60
1095.06
1095.06
724.23
724.23
936.00
936.00
454.99
454.99
524.35
524.35
24.94
841.66
841.66
841.66
2738.78
2738.78
55.43
55.43
21.45
21.45
17.34
17.34
15.87
15.87
2428.81
2428.81
1874.51
1874.51
18.09
18.09
2353.02
2353.02
1201.31
1201.31
942.07
942.07
48.87
48.87
1472.21
1472.21
2053.49
2053.49
10.00
10.00
11.74
11.74
89.98
89.98
3225.06
3225.06
461.87
461.87
17.08
17.08
10.00
10.00
3397.63
3397.63
11.07
11.07
10.00
10.00
24.68
24.68
1839.15
1839.15
2761.63
2761.63
28.24
28.24
111.14
111.14
2444.70
2444.70
418.67
418.67
2456.26
2456.26
685.48
685.48
830.42
830.42
2455.50
2455.50
1515.58
1515.58
1532.24
1532.24
1523.10
1523.10
20.14
20.14
1773.99
1773.99
233.80
233.80
14.65
14.65
1878.46
1878.46
2387.19
2387.19
1481.05
1481.05
1469.35
1469.35
10.00
10.00
21.11
21.11
10.00
10.00
733.02
733.02
3035.53
3035.53
3035.53
3035.53
543.16
543.16
1129.11
1129.11
468.12
468.12
1241.57
1241.57
1956.72
1956.72
418.30
418.30
36.88
36.88
574.46
574.46
306.05
306.05
768.87
768.87
1988.87
1988.87
1824.92
1824.92
10.00
10.00
1028.43
1028.43
899.90
899.90
10.00
10.00
10.00
10.00
3377.36
3377.36
280.41
280.41
10.00
10.00
909.04
909.04
424.14
424.14
2760.00
2760.00
1577.12
1577.12
30.57
30.57
10.00
10.00
790.77
790.77
462.09
462.09
2327.64
2327.64
278.50
278.50
665.71
665.71
774.40
774.40
494.55
494.55
2654.55
2654.55
45.08
45.08
24.57
24.57
364.21
364.21
362.90
362.90
728.17
728.17
1223.75
1223.75
1844.73
1844.73
1332.87
1332.87
17.07
17.07
10.00
10.00
2906.06
2906.06
1850.42
1850.42
1100.22
1100.22
10.00
10.00
649.11
649.11
131.00
131.00
10.00
10.00
3413.84
3413.84
16.25
16.25
1386.12
1386.12
235.09
235.09
1463.17
1463.17
102.05
102.05
10.74
10.74
205.55
205.55
37.02
37.02
697.75
697.75
57.89
57.89
991.89
991.89
1865.45
1865.45
1841.74
1841.74
16.84
16.84
1076.80
1076.80
10.00
10.00
375.17
375.17
3267.54
3267.54
10.00
10.00
15.04
15.04
871.81
871.81
11.81
11.81
274.00
274.00
763.55
763.55
658.28
658.28
1260.15
1260.15
828.34
828.34
1592.89
1592.89
712.86
712.86
837.83
837.83
743.85
743.85
16.09
16.09
36.93
36.93
28.36
28.36
1372.12
1372.12
1274.56
1274.56
1366.12
1366.12
780.23
780.23
258.77
258.77
685.41
685.41
421.81
421.81
1848.68
1848.68
1859.29
1859.29
1194.63
1194.63
661.44
661.44
935.66
935.66
467.16
467.16
3423.58
3423.58
1338.07
1338.07
2346.34
2346.34
2330.42
2330.42
1922.87
1922.87
19.89
19.89
1112.59
1112.59
1269.92
1269.92
827.49
827.49
500.52
500.52
2578.49
2578.49
729.33
729.33
1133.16
1133.16
1722.14
1722.14
573.17
573.17
2161.35
2161.35
1938.23
1938.23
58.88
58.88
708.38
708.38
99.66
99.66
10.00
10.00
510.01
510.01
331.44
331.44
68.84
68.84
628.42
628.42
10.00
10.00
1503.48
1503.48
857.61
857.61
1815.60
1815.60
977.14
977.14
443.95
443.95
1406.91
1406.91
890.94
890.94
37.50
37.50
2578.59
2578.59
909.56
909.56
141.25
141.25
2104.76
2104.76
2874.17
2874.17
475.06
475.06
10.00
10.00
2798.88
2798.88
780.40
780.40
2013.27
2013.27
45.12
45.12
904.76
904.76
155.48
155.48
713.34
713.34
2604.57
2604.57
11.71
11.71
1303.78
1303.78
10.00
10.00
470.25
470.25
106.71
106.71
465.95
465.95
1320.84
1320.84
1403.57
1403.57
298.52
298.52
91.84
91.84
64.44
64.44
158.03
158.03
1314.31
1314.31
17.49
17.49
454.72
454.72
110.22
110.22
10.00
10.00
2203.33
2203.33
1513.36
1513.36
1640.51
1640.51
146.07
146.07
1010.46
1010.46
712.88
712.88
10.00
10.00
335.11
335.11
11.61
11.61
677.54
677.54
803.16
803.16
714.89
714.89
488.59
488.59
1171.83
1171.83
10.39
10.39
794.34
794.34
124.82
124.82
22.32
22.32
196.22
196.22
2837.03
2837.03
740.22
740.22
1956.81
1956.81
729.15
729.15
1146.96
1146.96
1054.14
1054.14
753.11
753.11
888.54
888.54
1266.69
1266.69
545.87
545.87
545.87
466.90
910.67
910.67
32.59
32.59
2207.91
2207.91
2207.91
2207.91
1086.03
1086.03
10.00
10.00
1566.56
1566.56
1566.56
1566.56
1566.56
1566.56
558.02
558.02
746.26
746.26
11.42
11.42
10.00
10.00
10.00
10.00
10.00
10.00
10.00
10.00
10.00
10.00
396.87
396.87
398.53
457.80
965.31
10.00
390.08
209.21
1159.82
1159.82
243.91
243.91
25.10
25.10
1364.55
1364.55
106.13
106.13
1892.56
1892.56
543.24
543.24
73.68
73.68
2220.94
2220.94
853.21
853.21
786.22
786.22
396.69
396.69
24.43
24.43
10.00
10.00
454.11
454.11
1907.18
1907.18
610.85
610.85
23.63
23.63
10.00
10.00
1086.97
1086.97
1618.31
1618.31
1058.07
1058.07
2005.40
2005.40
10.00
10.00
10.00
10.00
249.09
249.09
739.13
739.13
1054.06
1054.06
1054.06
1054.06
349.77
349.77
631.12
631.12
297.97
297.97
271.73
271.73
861.74
861.74
229.97
229.97
1709.46
1709.46
1052.78
1052.78
552.41
552.41
363.91
363.91
98.50
98.50
922.20
922.20
1622.94
1622.94
454.14
454.14
10.00
10.00
1140.37
1140.37
1153.33
1153.33
410.26
410.26
201.70
201.70
14.10
14.10
393.55
393.55
1275.66
1275.66
2145.76
2145.76
1183.69
1183.69
2104.42
2104.42
384.25
384.25
2359.67
2359.67
1925.65
1925.65
1681.18
1681.18
302.61
302.61
1094.20
1094.20
166.11
166.11
10.00
10.00
431.88
431.88
498.14
498.14
459.14
459.14
477.37
477.37
697.87
697.87
731.75
731.75
15.40
15.40
155.69
155.69
234.23
234.23
3511.50
3511.50
3511.50
3511.50
36.81
36.81
1061.19
1061.19
44.49
44.49
543.16
543.16
1498.07
1498.07
1423.85
1423.85
75.01
75.01
882.41
882.41
878.34
878.34
1364.52
1364.52
1007.67
1007.67
10.40
10.40
789.80
789.80
71.13
71.13
752.70
752.70
1003.70
1003.70
593.06
593.06
2128.67
2128.67
2271.64
2271.64
1164.99
1164.99
12.68
12.68
412.07
412.07
873.04
873.04
10.00
10.00
525.11
525.11
63.87
63.87
650.74
650.74
667.81
667.81
22.48
22.48
406.45
406.45
17.07
17.07
1163.69
1163.69
2999.12
2999.12
2999.12
2999.12
399.75
399.75
42.26
42.26
3079.60
3079.60
23.19
23.19
1904.34
1904.34
1904.34
2322.20
2322.20
2322.20
2322.20
1009.50
1009.50
1419.07
1419.07
1491.22
595.89
595.89
595.89
595.89
595.89
2330.91
2330.91
1073.64
1073.64
1914.75
1914.75
1057.17
1057.17
1256.41
1256.41
784.92
248.96
248.96
248.96
10.00
10.00
2268.45
2268.45
2220.64
2220.64
961.98
961.98
139.56
139.56
2213.32
2213.32
10.00
10.00
3657.92
3657.92
972.97
972.97
1853.71
1853.71
2296.70
2296.70
796.15
796.15
868.96
868.96
791.00
791.00
10.00
713.44
713.44
713.44
24.27
24.27
1162.99
1162.99
1127.99
1127.99
959.80
959.80
1097.77
1097.77
793.71
793.71
793.71
793.71
1036.36
1036.36
1052.21
1364.91
1364.91
1364.91
793.95
793.95
871.83
871.83
1542.30
1542.30
1469.99
1469.99
23.80
23.80
1686.99
1686.99
1686.99
1686.99
114.12
10.00
10.00
10.00
26.87
26.87
10.00
691.30
691.30
691.30
40.18
40.18
490.74
490.74
490.74
490.74
1171.38
1171.38
156.17
1015.51
1015.51
1015.51
24.99
11.72
11.72
1141.57
1141.57
1141.57
1361.68
1510.60
1510.60
1510.60
959.60
959.60
1636.27
1636.27
724.38
22.46
22.46
1603.41
1603.41
1603.41
12.05
1411.71
1411.71
616.60
616.60
616.60
663.64
1909.70
1909.70
29.14
29.14
1220.22
1220.22
957.61
957.61
3368.77
3368.77
751.18
751.18
751.18
629.50
629.50
390.47
2107.92
2107.92
34.61
34.61
2387.18
2387.18
632.07
632.07
632.07
11.16
11.16
27.22
27.22
1059.88
1059.88
250.00
250.00
116.95
116.95
10.00
10.00
1330.16
1330.16
819.72
819.72
1220.05
1220.05
1940.07
1940.07
816.72
816.72
1580.38
1580.38
393.24
393.24
27.36
27.36
10.00
10.00
1899.65
1899.65
2129.36
2129.36
24.92
24.92
118.01
118.01
2248.23
2248.23
10.00
10.00
124.99
124.99
441.25
441.25
120.17
120.17
748.55
748.55
37.07
37.07
10.00
10.00
1419.31
1419.31
10.00
10.00
840.05
40.21
40.21
40.21
2548.53
10.00
10.00
618.04
618.04
10.00
10.00
1014.13
1014.13
10.30
10.30
10.30
518.20
518.20
10.00
10.00
117.97
1974.66
1974.66
1974.66
922.11
922.11
1504.75
1504.75
1079.69
1079.69
2040.22
2040.22
2040.22
2040.22
1881.53
1881.53
378.95
378.95
915.30
915.30
2273.82
2273.82
25.95
25.95
18.60
18.60
2147.08
2147.08
449.50
449.50
1991.84
1991.84
823.77
823.77
661.83
661.83
19.85
19.85
18.21
18.21
1715.56
1715.56
693.36
693.36
10.00
10.00
1192.54
1192.54
292.70
292.70
813.54
813.54
10.00
10.00
671.54
671.54
1118.62
1118.62
686.38
686.38
1309.31
1309.31
10.00
10.00
13.39
13.39
11.32
11.32
38.50
38.50
2499.03
2499.03
15.19
15.19
32.05
32.05
989.82
989.82
2786.57
2786.57
2786.57
2786.57
2375.49
2375.49
10.00
10.00
83.04
83.04
598.52
598.52
1155.36
1155.36
894.02
894.02
655.69
655.69
156.55
156.55
180.84
180.84
1490.68
1490.68
14.81
14.81
528.78
528.78
565.61
565.61
591.11
591.11
930.93
930.93
1622.16
1622.16
1017.79
1017.79
1581.71
1581.71
1894.97
1894.97
10.02
10.02
2442.48
2442.48
2442.48
2442.48
20.00
20.00
1762.12
1762.12
404.84
404.84
51.82
51.82
926.37
926.37
11.24
11.24
1832.35
1832.35
309.02
309.02
1256.82
1256.82
10.00
10.00
349.18
349.18
449.11
449.11
1468.26
1468.26
1780.85
1780.85
3051.11
3051.11
11.92
11.92
2691.57
2691.57
2691.57
2691.57
10.00
10.00
2546.59
2546.59
21.31
21.31
22.49
22.49
395.97
395.97
20.62
20.62
717.21
717.21
716.44
716.44
1577.82
1577.82
10.00
10.00
13.75
13.75
1364.97
1364.97
831.07
831.07
1354.07
1354.07
574.08
574.08
15.86
15.86
25.15
25.15
1017.51
1017.51
1017.51
1017.51
1017.51
1017.51
1619.37
1619.37
1485.50
1485.50
637.25
637.25
1939.27
1939.27
10.00
10.00
1585.37
1585.37
1317.82
1317.82
666.56
666.56
254.57
254.57
10.00
10.00
2207.67
2207.67
1826.35
1826.35
48.21
48.21
209.15
209.15
711.71
711.71
1840.31
1840.31
486.40
486.40
920.85
920.85
524.25
524.25
2485.19
2485.19
2583.29
2583.29
2652.74
2652.74
505.73
505.73
2396.87
2396.87
10.00
10.00
185.31
185.31
2361.76
2361.76
45.68
45.68
663.09
663.09
3039.38
3039.38
562.15
562.15
19.26
19.26
546.43
546.43
2968.23
2968.23
80.00
80.00
475.89
475.89
722.39
722.39
2577.36
2577.36
1334.40
1334.40
2863.68
2863.68
123.01
123.01
454.03
454.03
1620.21
1620.21
1620.21
1620.21
879.25
879.25
130.42
130.42
263.86
263.86
10.00
10.00
102.96
102.96
238.90
238.90
1041.77
1041.77
16.88
16.88
10.00
10.00
467.83
467.83
786.77
786.77
72.62
72.62
17.94
17.94
1030.12
1030.12
316.21
316.21
470.26
470.26
268.19
268.19
353.24
353.24
17.68
17.68
1097.75
1097.75
620.96
620.96
1424.67
1424.67
1057.40
1057.40
434.08
434.08
2965.16
2965.16
40.21
40.21
10.00
10.00
743.17
743.17
641.95
641.95
20.43
20.43
1473.44
1473.44
16.00
16.00
465.75
465.75
18.03
18.03
1734.04
1734.04
1546.80
1546.80
1474.46
1474.46
896.85
896.85
827.45
827.45
2793.95
2793.95
10.00
10.00
598.16
598.16
1443.28
1443.28
1898.08
1898.08
662.61
662.61
271.00
271.00
714.27
714.27
16.85
16.85
582.42
582.42
125.35
125.35
62.00
62.00
10.87
10.87
172.36
172.36
87.76
87.76
836.04
836.04
18.09
18.09
1696.80
1696.80
268.77
268.77
734.59
734.59
299.37
299.37
1130.87
1130.87
10.74
10.74
88.32
88.32
2241.19
2241.19
2412.46
2412.46
2412.46
2412.46
566.03
566.03
316.35
316.35
2943.26
2943.26
2943.26
2943.26
2943.26
2943.26
2943.26
2943.26
505.77
505.77
177.43
177.43
93.42
93.42
1761.71
1761.71
1913.17
1913.17
914.93
914.93
155.75
155.75
698.09
698.09
249.02
249.02
11.60
11.60
902.06
902.06
429.13
429.13
2383.24
2383.24
596.08
596.08
77.86
77.86
10.00
10.00
18.23
18.23
1078.20
1078.20
1801.87
1801.87
872.41
872.41
10.00
10.00
1098.58
1098.58
1098.58
3377.05
2313.10
2313.10
2080.75
2080.75
3402.37
3402.37
346.29
346.29
449.57
449.57
28.98
28.98
29.75
29.75
34.85
34.85
1773.82
1773.82
1326.83
1326.83
21.94
21.94
1121.42
1121.42
10.00
10.00
27.45
27.45
781.97
781.97
2562.18
2562.18
10.00
10.00
249.26
249.26
1052.59
1052.59
3520.45
3520.45
36.81
36.81
10.00
10.00
25.19
25.19
519.97
519.97
29.61
29.61
1999.12
1999.12
1819.52
1819.52
3932.73
3932.73
651.45
651.45
1948.02
1948.02
1377.23
1377.23
27.54
27.54
852.57
852.57
10.00
10.00
22.32
22.32
18.10
18.10
998.65
998.65
3526.60
3526.60
1615.84
1615.84
1615.84
1386.35
10.00
10.00
3034.94
3034.94
1629.68
1629.68
628.14
628.14
2445.41
2445.41
10.69
10.69
102.77
102.77
776.38
776.38
453.69
453.69
1153.06
1153.06
516.53
516.53
3206.30
3206.30
1370.94
1370.94
1370.94
1370.94
37.70
37.70
164.06
164.06
14.88
14.88
464.10
464.10
1422.69
1422.69
3261.82
3261.82
76.43
76.43
19.41
19.41
772.49
772.49
1881.27
1881.27
594.86
594.86
893.91
893.91
202.59
202.59
1453.67
1453.67
2542.61
2542.61
2454.82
2454.82
908.33
908.33
662.09
662.09
1614.37
1614.37
27.37
27.37
1680.09
1680.09
10.00
10.00
2113.03
2113.03
525.01
525.01
2522.12
2522.12
3013.16
3013.16
2530.51
2530.51
1714.55
1714.55
913.43
913.43
604.39
604.39
2248.04
2248.04
103.75
103.75
617.05
617.05
356.40
356.40
1459.41
1459.41
2165.17
2165.17
1408.98
1408.98
718.16
718.16
1703.39
1703.39
83.19
83.19
141.92
141.92
1464.90
1464.90
2114.44
2114.44
2416.27
2416.27
611.82
611.82
11.72
11.72
589.35
589.35
98.19
98.19
20.74
20.74
3216.74
3216.74
846.26
846.26
513.19
513.19
21.05
21.05
98.39
98.39
2026.29
2026.29
2026.29
2026.29
110.33
110.33
150.60
150.60
175.90
175.90
242.82
242.82
36.19
36.19
24.08
24.08
243.94
243.94
441.92
441.92
649.91
649.91
61.93
61.93
515.44
515.44
267.23
267.23
22.48
22.48
689.34
689.34
459.53
459.53
926.90
926.90
926.90
926.90
17.01
17.01
543.34
543.34
186.47
186.47
186.47
448.14
476.62
476.62
561.52
561.52
561.52
561.52
780.07
780.07
780.07
28.62
28.62
934.55
1316.08
1316.08
898.46
898.46
898.46
70.01
70.01
12.26
12.26
1468.87
1468.87
72.84
72.84
29.71
29.71
209.21
209.21
434.95
434.95
37.68
37.68
2960.16
2960.16
10.00
10.00
26.96
26.96
1805.57
1805.57
345.98
345.98
29.93
29.93
1635.45
1635.45
10.00
10.00
785.38
785.38
999.15
999.15
2708.64
2708.64
1262.96
1262.96
42.16
42.16
15.82
15.82
963.94
675.78
675.78
675.78
712.15
712.15
80.12
80.12
18.16
18.16
1705.66
1705.66
658.07
658.07
20.91
20.91
936.50
936.50
1123.05
1123.05
1813.20
1813.20
433.94
433.94
982.24
864.46
864.46
864.46
75.77
75.77
1413.42
1413.42
2293.61
2293.61
2305.08
2305.08
10.07
10.07
10.81
10.81
19.31
19.31
576.81
576.81
65.17
65.17
467.41
467.41
1199.30
1630.93
1630.93
1630.93
36.07
36.07
998.04
998.04
11.84
11.84
672.28
672.28
10.00
10.00
17.28
17.28
46.48
46.48
42.43
42.43
10.00
10.00
786.88
786.88
14.28
1006.14
1006.14
1006.14
1348.80
1348.80
186.20
186.20
991.68
991.68
2870.73
2870.73
10.67
10.67
10.00
10.00
1059.76
1059.76
629.45
629.45
3815.01
3815.01
4259.08
4259.08
30.00
30.00
3412.72
3412.72
3412.72
3412.72
1253.12
1253.12
775.91
775.91
1503.77
1503.77
10.00
10.00
797.89
797.89
1259.61
1259.61
383.19
383.19
950.23
950.23
578.91
578.91
1071.77
1071.77
390.33
390.33
1593.30
1593.30
1506.73
1506.73
60.73
60.73
325.95
1225.81
1225.81
1225.81
145.96
145.96
10.00
10.00
980.80
980.80
2012.42
2012.42
1416.64
1416.64
603.55
603.55
10.38
10.38
489.09
489.09
406.76
406.76
2130.69
2130.69
10.00
2065.53
2065.53
2065.53
1853.65
1853.65
300.38
300.38
1267.79
1267.79
10.00
10.00
523.54
523.54
536.11
536.11
377.49
377.49
1785.10
1785.10
1465.33
1465.33
1069.16
1069.16
286.63
286.63
53.94
53.94
1928.22
1928.22
25.73
25.73
1372.53
1372.53
2015.14
2015.14
287.07
287.07
543.18
543.18
29.42
29.42
123.34
123.34
1962.53
1962.53
865.79
865.79
926.82
926.82
171.70
171.70
1503.91
1503.91
423.81
423.81
13.16
13.16
2073.04
2073.04
10.00
10.00
1018.27
1018.27
756.48
756.48
227.70
227.70
2308.09
2308.09
10.00
10.00
2298.54
2298.54
10.00
10.00
1807.91
1807.91
227.45
227.45
2290.00
2290.00
1817.04
1817.04
552.67
552.67
133.24
133.24
720.18
720.18
959.67
959.67
715.70
715.70
1590.06
1590.06
436.45
436.45
2130.44
2130.44
2196.25
2196.25
299.55
299.55
24.73
24.73
30.00
30.00
171.58
171.58
33.77
33.77
1647.54
1647.54
582.53
582.53
2838.52
2838.52
1151.30
1151.30
299.86
299.86
1152.67
1152.67
915.46
915.46
272.41
272.41
1616.09
1616.09
800.35
800.35
1349.66
1349.66
22.86
22.86
271.55
271.55
2067.89
2067.89
1792.71
1792.71
789.43
789.43
20.72
20.72
10.00
10.00
1600.14
1600.14
151.59
151.59
795.14
795.14
1523.91
1523.91
10.00
10.00
2547.22
2547.22
596.67
596.67
1589.29
1589.29
850.18
850.18
1670.33
1670.33
1698.06
1698.06
471.00
471.00
1229.74
1229.74
100.50
100.50
2045.48
2045.48
2382.40
2382.40
2572.69
2572.69
497.69
497.69
10.00
10.00
1892.48
1892.48
1465.73
1465.73
273.43
273.43
2056.58
2056.58
10.00
10.00
23.64
23.64
11.32
11.32
20.91
20.91
570.42
570.42
584.69
584.69
782.02
782.02
1598.23
1598.23
3494.47
3494.47
96.41
96.41
33.78
33.78
1440.21
1440.21
3099.35
3099.35
345.69
345.69
66.80
66.80
2590.05
2590.05
1432.23
1432.23
10.00
10.00
23.72
23.72
10.00
10.00
1811.96
1811.96
1711.84
1711.84
21.31
21.31
196.84
196.84
1140.59
1140.59
2365.64
2365.64
863.02
863.02
2256.30
2256.30
2256.30
2256.30
10.00
10.00
1220.64
1220.64
706.27
706.27
706.27
706.27
17.27
17.27
328.76
328.76
1549.19
1549.19
10.00
10.00
1728.82
1728.82
39.28
39.28
710.90
710.90
96.52
96.52
3059.97
3059.97
867.08
867.08
718.86
718.86
1600.95
1600.95
1600.95
1600.95
152.71
152.71
718.42
718.42
81.72
81.72
1068.11
1068.11
701.49
701.49
337.49
337.49
2826.69
2826.69
24.11
24.11
1382.83
1382.83
1532.57
1532.57
654.11
654.11
1647.18
1647.18
948.94
948.94
3330.17
3330.17
3330.17
3330.17
3330.17
3330.17
3330.17
3330.17
1906.93
1906.93
16.63
16.63
1382.78
1382.78
1015.49
1015.49
10.46
10.46
764.60
764.60
702.36
702.36
1444.18
1444.18
10.00
10.00
199.03
199.03
699.78
699.78
211.24
211.24
55.58
55.58
16.50
16.50
345.18
345.18
498.31
498.31
261.28
261.28
1245.44
1245.44
11.82
11.82
2340.31
2340.31
53.79
53.79
10.00
10.00
1764.29
1764.29
924.24
924.24
2481.14
2481.14
1395.59
1395.59
2164.34
2164.34
534.16
534.16
10.00
10.00
1783.75
1783.75
1888.37
1888.37
1020.88
1020.88
181.02
181.02
604.01
604.01
16.85
16.85
11.23
11.23
505.29
505.29
10.00
10.00
10.00
10.00
3382.05
3382.05
10.00
10.00
473.54
473.54
684.96
684.96
2372.08
2372.08
3544.07
3544.07
2005.22
2005.22
23.85
23.85
84.96
84.96
174.84
174.84
253.47
253.47
10.00
10.00
31.49
31.49
1203.56
1203.56
473.41
473.41
28.54
28.54
12.99
12.99
1518.39
1518.39
1885.98
1885.98
3152.50
3152.50
1469.98
1469.98
2598.47
2598.47
1213.72
1213.72
10.00
10.00
1888.36
1888.36
2913.67
2913.67
11.93
11.93
90.11
90.11
14.85
14.85
180.70
180.70
434.06
434.06
805.07
805.07
1415.22
1415.22
2481.86
2481.86
2772.59
2772.59
180.88
180.88
370.47
370.47
10.24
10.24
503.92
503.92
40.05
40.05
29.14
29.14
1078.30
1078.30
468.07
468.07
1481.72
1481.72
149.74
149.74
2516.63
2516.63
515.37
515.37
10.00
10.00
722.33
722.33
10.00
10.00
219.10
219.10
559.98
559.98
19.28
19.28
53.98
53.98
145.55
145.55
49.12
49.12
1511.30
1511.30
921.45
921.45
10.00
10.00
20.57
20.57
515.84
515.84
268.17
268.17
1349.47
1349.47
1146.23
1146.23
3097.33
3097.33
3097.33
11.85
1937.68
1937.68
10.00
10.00
858.69
858.69
1892.69
1892.69
1881.65
1881.65
2401.54
2401.54
2416.70
2416.70
532.34
532.34
10.00
10.00
655.49
655.49
866.57
866.57
973.22
973.22
27.38
27.38
2502.62
2502.62
19.87
19.87
2874.83
2874.83
10.30
10.30
604.18
604.18
11.83
11.83
10.37
10.37
38.53
38.53
10.81
10.81
10.00
10.00
1995.77
1995.77
1033.75
1033.75
441.73
441.73
78.11
78.11
876.26
876.26
387.61
387.61
14.39
14.39
31.64
31.64
496.13
496.13
377.27
377.27
746.12
746.12
10.00
10.00
609.95
609.95
10.00
10.00
339.77
339.77
782.87
782.87
887.16
887.16
663.88
663.88
10.00
10.00
3786.17
3786.17
1389.65
1389.65
2146.65
2146.65
776.12
776.12
31.40
31.40
10.00
10.00
17.98
17.98
1930.77
1930.77
655.84
655.84
15.82
15.82
334.53
334.53
2022.65
2022.65
1756.47
1756.47
58.45
58.45
2258.21
2258.21
962.15
962.15
19.98
19.98
10.00
10.00
10.00
10.00
11.28
11.28
2702.07
2702.07
10.32
10.32
10.00
10.00
81.04
81.04
17.99
17.99
728.11
728.11
57.76
57.76
488.27
488.27
1066.19
1066.19
40.40
40.40
202.07
202.07
189.70
189.70
1844.07
1844.07
945.06
945.06
914.22
914.22
2040.53
2040.53
11.82
11.82
488.97
488.97
325.58
325.58
1468.85
1468.85
54.39
54.39
491.70
491.70
2101.84
2101.84
16.26
16.26
10.00
10.00
10.00
2163.79
269.43
269.43
10.00
10.00
16.85
16.85
10.00
10.00
17.46
17.46
710.45
710.45
1562.80
1562.80
2275.54
2275.54
157.43
157.43
10.00
10.00
1011.27
1011.27
25.60
25.60
852.16
852.16
1775.66
1775.66
2042.64
2042.64
10.00
10.00
751.48
751.48
896.09
896.09
1490.15
1490.15
2934.34
2934.34
10.00
10.00
42.94
42.94
698.69
698.69
12.78
12.78
434.33
434.33
468.96
468.96
16.81
16.81
16.81
318.32
10.00
10.00
22.86
22.86
22.86
1798.11
20.66
20.66
20.66
96.08
96.08
577.64
89.24
89.24
382.36
382.36
382.36
237.63
237.63
1068.68
1068.68
516.30
516.30
469.93
469.93
18.16
18.16
691.44
691.44
1689.57
49.36
49.36
49.36
12.80
12.80
2517.38
2517.38
29.14
29.14
149.25
149.25
116.73
116.73
18.85
18.85
1115.88
1115.88
10.97
10.97
2092.86
2092.86
2195.62
71.97
71.97
71.97
276.42
276.42
11.03
11.03
10.00
10.00
1007.89
1007.89
630.23
630.23
10.00
10.00
18.07
18.07
17.86
474.51
474.51
474.51
298.37
298.37
669.41
669.41
721.64
721.64
2777.63
1631.49
1631.49
1591.05
1591.05
1591.05
10.00
10.00
1639.15
1639.15
3027.29
1079.97
1079.97
2093.20
2093.20
963.09
963.09
963.09
1876.29
1876.29
11.13
11.13
460.18
460.18
1086.09
1086.09
10.53
10.53
787.46
787.46
471.04
471.04
2063.11
2063.11
426.20
426.20
1854.73
1854.73
491.83
491.83
758.38
758.38
813.66
813.66
2207.49
2207.49
546.73
546.73
1028.22
1028.22
1858.07
1858.07
30.63
30.63
11.33
11.33
103.80
103.80
614.86
614.86
50.49
50.49
842.99
539.76
539.76
539.76
574.36
574.36
15.87
15.87
775.07
775.07
171.28
1704.66
1704.66
1704.66
1528.07
1528.07
1963.36
1963.36
14.81
14.81
541.83
275.70
275.70
275.70
834.24
21.61
21.61
21.61
1374.44
597.27
597.27
597.27
285.56
285.56
1352.23
1352.23
624.87
624.87
743.18
681.94
681.94
681.94
1090.84
1090.84
10.00
10.00
1867.44
1867.44
149.85
149.85
10.00
10.00
12.81
12.81
571.93
571.93
361.08
361.08
153.71
153.71
198.05
198.05
15.76
15.76
216.92
216.92
1319.60
1319.60
539.09
539.09
90.30
90.30
401.03
401.03
427.80
427.80
1178.15
1178.15
492.27
492.27
10.00
10.00
23.13
23.13
1251.95
1251.95
1970.60
1970.60
16.87
16.87
49.59
49.59
1104.95
1104.95
543.72
765.77
765.77
765.77
1686.30
1343.62
1343.62
1343.62
576.07
576.07
391.94
1685.51
1685.51
1685.51
22.43
22.43
761.83
12.66
12.66
1673.48
1673.48
1673.48
916.19
916.19
1419.43
1009.78
1009.78
1009.78
654.99
654.99
1395.82
11.25
11.25
11.25
439.67
439.67
20.74
20.74
15.02
15.02
1770.76
1770.76
1217.93
1217.93
1665.89
1665.89
1566.15
1566.15
45.96
45.96
33.37
33.37
439.85
439.85
1146.59
1146.59
564.77
564.77
2052.32
2052.32
10.00
10.00
13.71
13.71
628.09
628.09
467.24
467.24
213.08
213.08
1312.11
1312.11
10.90
10.90
10.00
10.00
10.00
10.00
31.56
31.56
10.58
10.58
1090.69
1090.69
17.60
17.60
1393.90
1393.90
1163.25
1163.25
23.40
23.40
1370.25
1370.25
559.39
559.39
1377.50
1377.50
26.77
26.77
562.66
562.66
550.75
550.75
166.22
166.22
702.10
702.10
104.83
104.83
10.70
10.70
980.56
980.56
591.76
591.76
661.05
661.05
331.01
331.01
729.09
729.09
1690.78
1690.78
176.29
176.29
562.41
562.41
455.76
455.76
679.92
679.92
139.36
139.36
1231.02
1231.02
247.74
247.74
10.00
10.00
10.00
10.00
474.28
474.28
755.17
755.17
14.04
14.04
1542.26
1542.26
1555.57
1555.57
564.19
564.19
141.20
141.20
1273.60
1273.60
114.02
114.02
13.51
13.51
546.99
546.99
1348.20
1348.20
569.61
569.61
2231.10
2231.10
384.01
384.01
137.84
137.84
2245.69
2245.69
791.03
791.03
57.36
57.36
38.99
38.99
42.16
42.16
38.32
38.32
658.96
658.96
608.97
608.97
134.72
134.72
134.72
134.72
2494.39
2494.39
296.59
296.59
1933.13
1933.13
1578.53
1578.53
40.91
40.91
1035.90
1035.90
1634.23
1634.23
796.40
796.40
93.45
93.45
58.22
58.22
12.74
12.74
10.04
10.04
19.30
19.30
88.35
88.35
163.66
163.66
10.27
10.27
2588.11
2588.11
40.24
40.24
2759.28
2759.28
17.44
17.44
11.31
11.31
660.14
660.14
470.03
470.03
10.00
10.00
10.00
10.00
1572.50
1572.50
119.66
119.66
1963.86
1963.86
624.07
624.07
1229.49
1229.49
490.67
490.67
694.70
694.70
1577.22
1577.22
38.44
38.44
445.39
445.39
11.27
11.27
11.74
11.74
16.59
16.59
10.00
10.00
604.67
604.67
1441.18
1441.18
588.32
588.32
162.23
162.23
654.64
654.64
710.72
710.72
502.77
502.77
703.13
703.13
979.85
979.85
81.80
81.80
1660.75
1660.75
1461.44
1461.44
113.83
113.83
709.30
709.30
20.90
20.90
57.43
57.43
69.87
69.87
13.71
13.71
1345.74
1345.74
783.41
783.41
731.03
731.03
10.00
10.00
442.45
442.45
17.95
17.95
10.18
10.18
113.22
113.22
662.16
662.16
812.65
812.65
10.00
10.00
1454.00
1454.00
831.97
831.97
1069.04
1069.04
34.11
34.11
1571.36
1571.36
202.01
202.01
11.77
11.77
11.06
11.06
543.22
543.22
1803.31
1803.31
623.08
623.08
1913.54
1913.54
680.94
680.94
2665.92
2665.92
683.00
683.00
10.79
10.79
2298.34
2298.34
113.20
113.20
1343.54
1343.54
68.13
68.13
2182.31
2182.31
503.26
503.26
1337.60
1337.60
619.29
619.29
1744.52
1744.52
259.44
259.44
793.01
793.01
740.85
740.85
394.36
394.36
212.97
212.97
597.55
597.55
722.72
722.72
36.07
36.07
674.24
674.24
124.61
124.61
365.04
365.04
747.09
747.09
593.41
593.41
1142.19
1142.19
1148.57
1148.57
870.24
870.24
1083.93
1083.93
1291.51
1291.51
946.90
946.90
620.64
620.64
15.05
15.05
966.18
966.18
1542.47
1542.47
1563.32
1563.32
475.36
475.36
224.15
224.15
1667.22
1667.22
1167.90
1167.90
18.77
18.77
1321.99
1321.99
10.00
10.00
453.91
453.91
696.31
696.31
1214.08
1214.08
883.09
883.09
330.37
330.37
20.16
20.16
22.81
22.81
794.18
794.18
181.86
181.86
186.75
186.75
815.38
815.38
2092.56
2092.56
159.81
159.81
1042.43
1042.43
1882.60
1882.60
1457.31
1457.31
10.00
10.00
1415.24
1415.24
625.44
625.44
17.73
17.73
222.57
222.57
633.18
633.18
356.63
356.63
705.99
705.99
705.99
310.93
1600.36
1600.36
1290.85
1290.85
10.00
10.00
111.74
111.74
80.99
80.99
14.70
14.70
389.46
389.46
56.42
56.42
828.49
828.49
623.03
623.03
623.03
628.88
10.41
10.41
1041.53
1041.53
1151.29
1151.29
967.60
967.60
144.52
144.52
771.00
771.00
537.80
537.80
759.22
759.22
1101.31
1101.31
869.31
869.31
313.99
313.99
917.38
917.38
1102.90
1102.90
400.63
400.63
400.63
759.75
991.83
991.83
187.10
187.10
1807.13
1807.13
10.00
10.00
197.45
197.45
364.49
364.49
240.72
240.72
52.22
52.22
566.46
566.46
354.43
354.43
1424.89
1424.89
706.99
706.99
1153.45
1153.45
28.25
28.25
54.99
54.99
136.13
136.13
149.33
149.33
833.20
833.20
10.00
10.00
525.40
525.40
52.77
52.77
1719.17
1719.17
1642.24
1642.24
400.56
400.56
904.88
904.88
822.33
822.33
417.48
417.48
39.54
39.54
269.22
269.22
269.22
269.22
1226.87
1226.87
1003.00
1003.00
181.21
181.21
241.46
241.46
816.47
816.47
377.08
377.08
1794.53
1794.53
480.88
480.88
24.24
24.24
951.17
951.17
10.00
10.00
23.57
23.57
345.79
345.79
405.89
405.89
125.13
125.13
758.45
758.45
768.34
768.34
796.79
796.79
524.50
524.50
1933.59
1933.59
1298.00
1298.00
1307.50
1307.50
10.00
10.00
420.37
420.37
97.83
97.83
475.83
475.83
49.52
49.52
296.66
296.66
319.31
319.31
10.81
10.81
76.00
76.00
35.05
35.05
815.23
815.23
131.60
131.60
1433.48
1433.48
10.00
10.00
66.92
66.92
1002.66
1002.66
168.54
168.54
1762.66
1762.66
665.13
665.13
13.07
13.07
318.95
318.95
498.00
498.00
269.22
269.22
302.55
302.55
302.55
302.55
756.00
756.00
10.00
10.00
368.81
368.81
14.29
14.29
842.87
842.87
649.87
649.87
740.93
740.93
1241.12
1241.12
66.76
66.76
1696.03
1696.03
777.73
777.73
79.85
79.85
1387.51
1387.51
262.24
262.24
1016.32
1016.32
635.65
635.65
20.08
20.08
1210.98
1210.98
135.99
135.99
27.18
27.18
222.33
222.33
567.43
567.43
718.29
718.29
18.30
18.30
1041.04
1041.04
26.95
26.95
75.62
75.62
75.62
10.00
1355.38
1355.38
756.18
756.18
1133.07
1133.07
1133.07
21.21
3307.49
3307.49
835.73
835.73
10.00
10.00
10.00
37.62
37.62
1350.94
1350.94
15.96
15.96
47.05
47.05
783.63
783.63
229.06
229.06
550.04
550.04
697.48
697.48
129.64
166.07
166.07
166.07
27.89
27.89
383.43
383.43
1396.49
2480.71
2480.71
2480.71
1367.42
1367.42
1622.98
1622.98
36.87
36.87
2152.87
2152.87
22.54
22.54
239.64
239.64
76.00
76.00
2085.66
2085.66
31.91
31.91
15.98
15.98
24.36
1709.07
1709.07
1709.07
18.49
18.49
11.59
11.59
1858.29
1858.29
345.32
345.32
12.13
12.13
45.73
45.73
2521.10
2521.10
876.75
876.75
548.48
548.48
133.81
133.81
747.61
747.61
462.35
462.35
2449.92
2449.92
1944.19
1944.19
1409.45
1409.45
19.31
19.31
10.00
10.00
10.38
10.38
2030.61
2030.61
946.26
946.26
1630.81
1630.81
18.01
18.01
10.40
660.77
660.77
660.77
1399.25
1399.25
38.77
38.77
81.18
81.18
11.32
10.53
10.53
10.53
19.00
19.00
10.00
10.00
185.06
185.06
1654.96
1654.96
467.71
20.14
20.14
30.94
30.94
30.94
2041.52
10.00
10.00
10.00
87.35
87.35
172.36
172.36
680.59
680.59
1656.38
10.00
10.00
10.00
11.83
11.83
24.71
24.71
19.37
19.37
1141.24
1141.24
690.25
690.25
20.37
20.37
274.38
274.38
23.16
23.16
87.18
87.18
526.17
526.17
445.40
445.40
786.58
786.58
1282.33
1282.33
605.91
605.91
471.69
471.69
2240.87
2240.87
10.79
10.79
34.63
34.63
1187.22
1187.22
720.29
720.29
914.80
1205.37
1205.37
1205.37
180.60
180.60
19.91
19.91
18.66
18.66
806.27
806.27
10.00
142.02
142.02
142.02
665.36
665.36
489.36
489.36
12.46
12.46
691.11
691.11
373.72
373.72
783.93
783.93
1147.12
1147.12
10.00
10.00
2827.59
2827.59
423.49
2192.04
2192.04
2192.04
280.98
280.98
10.00
10.00
59.53
252.69
252.69
252.69
37.85
37.85
22.72
22.72
466.62
466.62
24.35
24.35
863.72
863.72
275.77
275.77
2251.52
2251.52
381.65
381.65
1494.93
1494.93
442.78
442.78
465.65
465.65
2174.02
2174.02
196.27
196.27
10.28
10.28
16.82
16.82
19.97
19.97
1883.05
1883.05
2122.19
2122.19
41.70
41.70
19.20
19.20
2634.58
2634.58
149.98
149.98
611.01
611.01
1180.11
1180.11
1360.13
1360.13
11.14
11.14
550.92
550.92
10.00
10.00
3139.53
3139.53
20.96
20.96
38.21
38.21
185.38
185.38
10.00
10.00
2801.68
2801.68
26.14
26.14
281.54
281.54
2329.11
2329.11
2580.50
2580.50
467.42
467.42
36.15
36.15
45.91
45.91
1017.66
1017.66
106.06
106.06
662.95
662.95
54.63
54.63
10.00
10.00
3177.60
3177.60
63.59
63.59
19.30
19.30
288.23
288.23
778.64
778.64
10.02
10.02
807.87
807.87
2383.22
2383.22
69.64
69.64
10.00
10.00
87.19
87.19
888.89
888.89
631.25
631.25
122.27
122.27
24.63
24.63
310.44
310.44
32.08
32.08
666.52
666.52
153.29
153.29
403.47
403.47
30.37
30.37
1952.20
1952.20
11.45
11.45
452.08
452.08
28.54
28.54
1686.84
1686.84
16.25
16.25
67.76
67.76
737.20
737.20
656.34
656.34
1059.82
1059.82
540.08
540.08
1711.43
1711.43
675.24
675.24
1949.75
1949.75
3069.88
3069.88
14.64
14.64
24.97
24.97
1381.82
1381.82
1565.28
1565.28
547.69
547.69
2727.57
2727.57
198.87
198.87
1839.73
1839.73
37.26
37.26
2726.58
2726.58
14.06
14.06
31.38
31.38
10.00
10.00
1702.46
1702.46
695.01
695.01
1253.46
1253.46
15.39
15.39
603.25
603.25
368.40
368.40
603.75
603.75
114.57
114.57
1781.44
1781.44
1781.44
1781.44
688.68
688.68
10.00
10.00
2119.96
2119.96
1512.04
1512.04
1261.38
1261.38
189.27
189.27
16.83
16.83
522.37
522.37
10.00
10.00
801.10
801.10
21.18
21.18
687.27
687.27
712.17
712.17
10.00
10.00
26.05
26.05
11.55
11.55
2137.70
2137.70
704.35
704.35
18.02
18.02
293.93
293.93
428.32
428.32
17.01
17.01
331.48
331.48
16.85
16.85
10.00
10.00
61.36
61.36
708.61
708.61
1214.70
1214.70
1250.30
1250.30
706.93
706.93
16.24
16.24
2108.24
2108.24
45.26
45.26
10.00
10.00
10.00
10.00
549.65
549.65
470.81
470.81
10.00
10.00
1110.23
1110.23
14.11
14.11
56.07
56.07
594.03
594.03
37.48
37.48
143.79
143.79
196.30
196.30
1448.51
1448.51
1294.40
1294.40
19.12
19.12
305.89
305.89
11.55
11.55
865.16
865.16
19.98
19.98
975.56
975.56
1492.73
1492.73
1531.96
1531.96
10.00
10.00
46.66
46.66
49.32
49.32
500.54
500.54
10.00
10.00
43.14
43.14
672.68
672.68
16.86
16.86
40.78
40.78
31.93
31.93
38.57
38.57
123.40
123.40
482.16
482.16
1199.03
1199.03
409.98
409.98
835.29
835.29
78.65
78.65
10.79
10.79
1631.97
1631.97
26.05
26.05
47.75
47.75
17.39
17.39
739.14
739.14
19.59
19.59
2701.26
2701.26
1841.96
1841.96
284.32
284.32
278.21
278.21
48.16
48.16
515.87
515.87
12.37
12.37
40.90
40.90
793.85
793.85
12.26
12.26
783.11
783.11
18.15
18.15
539.72
539.72
10.00
10.00
58.21
58.21
1547.50
1547.50
1676.89
1676.89
1332.57
1332.57
30.16
30.16
1347.20
1347.20
1491.63
1491.63
691.27
691.27
465.17
465.17
2503.86
2503.86
12.81
12.81
53.74
53.74
417.55
417.55
761.30
761.30
103.81
103.81
572.65
572.65
571.11
571.11
1269.52
1269.52
61.59
61.59
1761.88
1761.88
36.42
36.42
201.71
201.71
628.23
628.23
1317.12
1317.12
34.54
34.54
1926.74
1926.74
48.01
48.01
10.00
10.00
10.00
10.00
2770.27
2770.27
12.11
12.11
36.69
36.69
10.00
10.00
767.38
767.38
576.63
576.63
25.95
25.95
12.83
12.83
19.28
19.28
750.23
750.23
10.90
10.90
1137.39
1137.39
18.14
18.14
567.18
567.18
47.71
47.71
13.31
13.31
31.67
31.67
591.03
591.03
17.17
17.17
19.07
19.07
23.07
23.07
960.25
960.25
467.70
467.70
1152.23
1152.23
81.65
81.65
35.91
35.91
38.24
38.24
156.57
156.57
934.19
934.19
43.59
43.59
439.87
439.87
539.28
539.28
56.06
56.06
67.88
67.88
881.38
881.38
1994.28
1994.28
1989.94
1989.94
176.16
176.16
313.22
313.22
313.22
10.00
709.66
709.66
16.69
16.69
35.65
35.65
523.59
523.59
30.92
30.92
1246.96
1246.96
19.45
19.45
10.66
10.66
33.36
33.36
10.00
10.00
57.59
57.59
19.17
19.17
285.03
285.03
10.00
10.00
510.98
510.98
1537.19
1537.19
813.27
813.27
504.37
504.37
74.73
74.73
110.94
110.94
731.81
731.81
10.00
10.00
43.04
43.04
518.93
518.93
10.00
10.00
14.83
14.83
451.53
451.53
24.66
24.66
319.70
319.70
1685.08
1685.08
999.68
999.68
1986.11
1986.11
642.04
642.04
31.58
31.58
35.34
35.34
115.69
115.69
808.08
808.08
10.00
10.00
267.76
267.76
18.00
18.00
1425.70
1425.70
1425.70
1425.70
255.98
255.98
651.40
651.40
1816.21
1816.21
551.72
551.72
487.13
487.13
32.38
32.38
1046.61
1046.61
2023.14
2023.14
902.85
902.85
10.00
10.00
199.63
199.63
35.27
35.27
616.71
616.71
55.90
55.90
572.14
572.14
2851.99
2851.99
102.66
102.66
537.08
537.08
879.84
879.84
1912.86
1912.86
43.21
43.21
148.60
148.60
1114.22
1114.22
10.00
10.00
72.72
72.72
563.81
563.81
470.37
470.37
226.63
226.63
211.09
211.09
10.00
10.00
787.74
787.74
15.15
15.15
773.66
773.66
639.07
639.07
17.55
17.55
829.41
829.41
752.75
752.75
260.51
260.51
328.72
328.72
16.93
16.93
28.35
28.35
26.43
26.43
23.86
23.86
675.07
675.07
1615.23
1615.23
467.28
467.28
2133.29
2133.29
10.00
10.00
393.63
393.63
892.30
892.30
662.60
662.60
440.76
440.76
88.64
88.64
22.51
22.51
22.51
19.02
81.55
81.55
11.91
11.91
553.35
553.35
553.35
630.79
2786.53
2786.53
21.86
21.86
21.86
185.43
185.43
553.82
1441.17
1441.17
1441.17
44.73
44.73
1663.87
1663.87
22.49
22.49
901.89
901.89
284.89
284.89
10.80
10.80
286.16
286.16
422.27
422.27
1889.49
1889.49
29.73
1361.01
1361.01
1361.01
29.10
29.10
1152.55
1152.55
2896.73
2896.73
745.23
745.23
1925.80
1925.80
37.69
37.69
503.85
503.85
15.86
15.86
183.65
183.65
140.89
140.89
927.01
927.01
468.05
468.05
492.43
492.43
1188.85
1188.85
522.31
522.31
12.23
12.23
545.18
545.18
113.90
113.90
10.00
10.00
25.68
25.68
449.26
449.26
1086.08
1086.08
328.76
328.76
19.32
19.32
125.83
125.83
118.23
118.23
32.73
32.73
319.55
319.55
2053.11
2053.11
400.01
576.47
576.47
576.47
16.96
16.96
786.05
786.05
10.00
10.00
1336.12
1336.12
23.94
23.94
11.69
11.69
19.86
19.86
25.29
25.29
243.18
243.18
607.47
607.47
566.10
566.10
823.81
823.81
1236.83
1236.83
1076.16
1076.16
509.39
509.39
296.80
21.13
21.13
21.13
1171.31
1171.31
101.00
318.46
318.46
318.46
1214.66
1214.66
1058.47
1058.47
1169.78
1169.78
28.90
28.90
1229.65
1229.65
1879.24
1879.24
351.64
351.64
613.27
613.27
34.84
34.84
50.31
50.31
533.25
712.97
712.97
712.97
559.55
559.55
662.00
382.50
382.50
382.50
712.67
712.67
49.93
49.93
1747.28
1747.28
15.01
15.01
289.37
289.37
612.34
612.34
911.59
911.59
134.88
134.88
28.22
28.22
1910.73
1910.73
521.57
521.57
848.67
848.67
11.89
11.89
11.89
11.89
11.89
67.43
67.43
145.66
145.66
106.03
106.03
113.98
217.10
152.93
209.25
209.25
255.71
255.71
384.10
384.10
65.02
65.02
24.55
24.55
155.63
155.63
345.63
345.63
401.72
401.72
457.92
457.92
456.53
388.52
388.52
388.52
602.33
602.33
396.06
396.06
35.18
35.18
306.09
306.09
871.15
871.15
971.73
971.73
243.43
243.43
569.98
569.98
574.54
574.54
10.00
10.00
46.64
46.64
311.44
311.44
319.86
319.86
389.67
389.67
358.47
358.47
433.78
433.78
417.68
417.68
17.05
17.05
467.72
467.72
419.01
419.01
740.22
740.22
533.70
533.70
368.88
368.88
483.23
483.23
483.23
1278.39
407.24
407.24
782.49
782.49
337.84
337.84
21.02
21.02
1432.26
1432.26
1137.56
1137.56
845.49
845.49
10.00
10.00
511.66
511.66
120.16
120.16
10.00
10.00
523.90
523.90
2403.43
2403.43
14.23
14.23
792.45
792.45
490.66
490.66
15.72
15.72
446.09
446.09
720.92
720.92
408.13
408.13
567.18
567.18
1965.73
1965.73
837.71
837.71
10.00
10.00
15.96
15.96
10.00
10.00
23.67
23.67
10.00
10.00
10.00
10.00
641.91
641.91
834.31
834.31
10.00
10.00
487.80
487.80
457.28
457.28
66.63
66.63
658.07
658.07
27.12
27.12
512.06
512.06
89.38
89.38
21.68
21.68
10.00
10.00
1160.16
1160.16
1278.31
1278.31
971.43
971.43
77.80
77.80
442.00
442.00
584.87
584.87
40.77
40.77
51.44
51.44
168.41
168.41
11.23
11.23
10.00
10.00
291.50
291.50
765.85
765.85
699.32
699.32
846.05
846.05
1062.70
1062.70
216.66
216.66
468.73
468.73
33.70
33.70
1697.56
1697.56
33.44
33.44
2033.21
2033.21
455.71
455.71
10.00
10.00
10.43
10.43
33.52
33.52
114.34
114.34
18.50
18.50
388.48
388.48
10.00
10.00
10.00
10.00
176.09
176.09
259.06
259.06
59.74
59.74
558.65
558.65
2055.41
2055.41
467.08
467.08
28.42
28.42
230.04
230.04
10.00
10.00
401.83
401.83
522.22
522.22
23.12
23.12
25.27
25.27
19.24
19.24
1215.79
1215.79
27.75
27.75
1048.69
1048.69
577.55
577.55
701.12
701.12
197.90
197.90
463.97
463.97
42.90
42.90
858.92
858.92
1926.44
1926.44
10.00
10.00
1147.96
1147.96
288.34
288.34
10.00
10.00
373.60
373.60
10.81
10.81
23.30
23.30
226.75
226.75
15.16
15.16
1473.26
1473.26
257.92
257.92
479.26
479.26
1226.92
1226.92
35.90
35.90
10.00
10.00
105.57
105.57
1580.45
1580.45
467.60
467.60
23.35
23.35
1815.08
1815.08
539.00
539.00
1766.33
1766.33
16.63
16.63
1177.25
1177.25
25.78
25.78
10.00
10.00
25.01
25.01
520.69
520.69
520.69
10.00
1275.58
1275.58
20.24
20.24
10.00
10.00
407.77
407.77
1104.68
1104.68
10.24
10.24
161.65
161.65
17.59
17.59
10.00
10.00
10.00
10.00
31.64
31.64
338.02
338.02
26.76
26.76
771.96
771.96
277.50
277.50
10.00
10.00
611.17
611.17
21.33
21.33
610.94
610.94
11.32
11.32
10.00
10.00
167.09
167.09
454.07
454.07
10.00
10.00
10.00
10.00
50.57
50.57
52.59
52.59
10.00
10.00
13.63
13.63
235.57
235.57
42.85
42.85
10.00
10.00
165.54
165.54
10.00
10.00
14.98
14.98
10.00
10.00
17.21
17.21
1411.06
1411.06
143.18
143.18
221.81
221.81
1020.59
1020.59
17.36
17.36
339.87
339.87
214.56
214.56
10.00
10.00
260.78
260.78
97.42
97.42
33.80
33.80
750.66
750.66
574.33
574.33
275.03
275.03
275.03
128.17
2343.89
2343.89
512.72
512.72
22.95
22.95
1498.01
1498.01
10.00
10.00
106.68
106.68
750.15
750.15
208.43
208.43
16.67
16.67
176.96
176.96
648.79
648.79
689.15
689.15
63.17
63.17
406.06
406.06
1060.76
1060.76
18.18
18.18
2796.51
2796.51
36.86
36.86
10.00
10.00
17.62
17.62
55.79
55.79
19.27
19.27
675.36
675.36
36.12
36.12
48.46
48.46
699.11
699.11
889.67
889.67
194.42
194.42
561.21
561.21
18.11
18.11
19.51
19.51
1106.24
1106.24
37.46
37.46
32.01
32.01
133.67
133.67
20.35
20.35
19.11
19.11
780.70
780.70
10.00
10.00
919.08
919.08
52.09
52.09
1909.60
1909.60
317.88
317.88
79.93
79.93
21.71
21.71
1821.29
1821.29
1108.31
1108.31
29.00
29.00
16.85
16.85
10.00
10.00
641.00
641.00
51.81
51.81
185.00
185.00
10.00
10.00
10.00
10.00
831.27
831.27
1500.90
1500.90
75.25
75.25
633.64
633.64
1311.53
1311.53
411.83
411.83
446.88
446.88
13.84
13.84
637.63
637.63
167.66
167.66
18.47
18.47
10.00
10.00
464.53
464.53
601.81
601.81
23.23
23.23
140.87
140.87
11.60
11.60
10.00
10.00
496.53
496.53
10.03
10.03
343.78
343.78
833.35
833.35
10.00
10.00
457.32
457.32
10.00
10.00
29.99
29.99
10.00
10.00
26.94
26.94
368.32
368.32
10.00
10.00
900.62
900.62
943.10
943.10
723.79
723.79
96.02
96.02
815.38
815.38
699.98
699.98
181.24
181.24
10.00
10.00
754.20
754.20
40.40
40.40
440.27
440.27
10.86
10.86
317.32
317.32
428.12
428.12
1741.73
1741.73
1150.97
1150.97
24.78
24.78
22.41
22.41
187.04
187.04
1238.01
1238.01
1337.96
1337.96
367.85
367.85
689.79
689.79
48.82
48.82
48.82
1229.59
10.46
10.46
428.41
428.41
200.39
200.39
151.29
151.29
548.82
548.82
21.46
21.46
451.69
451.69
10.00
10.00
10.00
10.00
2533.86
2533.86
2533.86
820.95
537.68
537.68
942.31
942.31
823.37
823.37
33.11
33.11
1411.47
1411.47
30.91
30.91
19.35
19.35
19.35
30.68
83.86
83.86
10.00
10.00
24.00
24.00
263.10
263.10
17.42
17.42
24.55
24.55
711.27
711.27
139.53
139.53
32.44
32.44
1062.36
1062.36
21.31
21.31
507.18
507.18
395.43
395.43
1472.02
1472.02
1472.02
1019.03
939.99
939.99
38.49
38.49
18.60
18.60
1270.17
1270.17
931.08
931.08
10.00
10.00
15.90
15.90
741.37
741.37
123.06
123.06
17.43
17.43
1281.00
1281.00
1487.98
1487.98
517.70
517.70
10.00
10.00
15.25
15.25
463.78
463.78
16.37
16.37
459.71
459.71
10.74
10.74
361.08
361.08
680.07
680.07
678.42
678.42
423.29
423.29
25.86
25.86
366.32
366.32
30.97
30.97
615.24
615.24
566.00
566.00
163.78
163.78
709.47
709.47
36.78
36.78
36.78
445.54
445.54
14.28
244.06
244.06
390.74
390.74
390.74
38.55
18.55
18.55
18.55
597.77
597.77
467.31
10.00
10.00
10.00
584.24
584.24
72.17
72.17
10.00
10.00
337.41
337.41
1257.49
1257.49
1034.71
466.96
466.96
466.96
51.52
51.52
2106.80
2106.80
612.86
612.86
484.75
10.00
10.00
10.00
67.67
67.67
798.61
798.61
977.04
977.04
81.65
81.65
537.28
537.28
438.70
469.80
469.80
469.80
570.75
570.75
3028.57
3028.57
2272.88
2272.88
2882.73
10.00
10.00
10.00
317.86
317.86
203.47
203.47
14.56
14.56
29.01
29.01
558.52
558.52
1582.69
1582.69
978.07
978.07
21.10
21.10
1600.01
1600.01
486.05
486.05
552.11
552.11
10.00
10.00
235.34
235.34
220.63
220.63
301.14
301.14
829.34
829.34
720.47
720.47
1549.10
1549.10
543.59
39.99
39.99
39.99
904.37
904.37
481.72
481.72
646.69
646.69
12.84
22.11
22.11
22.11
116.51
116.51
896.50
896.50
24.58
24.58
10.00
10.00
29.93
468.25
468.25
468.25
42.68
42.68
995.36
995.36
578.18
578.18
114.29
114.29
1243.81
1243.81
638.24
638.24
1246.92
15.71
15.71
15.71
10.00
10.00
12.85
12.85
47.41
47.41
684.53
684.53
2402.71
2402.71
308.40
308.40
10.00
10.00
48.39
48.39
414.86
414.86
17.92
17.92
50.38
50.38
1750.52
1750.52
12.31
12.31
10.00
10.00
1073.47
1884.94
1884.94
1884.94
1168.79
1168.79
886.68
886.68
719.62
719.62
93.72
93.72
151.60
151.60
10.00
10.00
1189.40
1189.40
377.87
377.87
75.10
75.10
10.00
10.00
601.07
601.07
1775.70
1775.70
38.92
38.92
32.21
32.21
10.00
10.00
1781.63
1781.63
10.00
10.00
777.81
777.81
48.37
48.37
377.05
377.05
832.67
832.67
10.88
10.88
314.52
314.52
1434.14
1434.14
1968.23
1968.23
44.92
44.92
469.75
469.75
497.01
497.01
10.43
10.43
10.00
1108.84
1108.84
1108.84
10.00
10.00
610.92
610.92
545.98
545.98
68.69
68.69
509.26
509.26
874.25
874.25
2535.30
2535.30
951.26
951.26
130.13
130.13
324.35
324.35
12.48
12.48
10.00
10.00
16.10
16.10
14.30
14.30
1378.07
1378.07
1936.84
1936.84
259.93
259.93
1029.54
1029.54
36.77
36.77
637.07
637.07
1410.43
1410.43
752.07
752.07
1606.93
1606.93
74.66
74.66
645.88
645.88
38.65
38.65
1052.32
1052.32
881.61
881.61
11.77
11.77
10.00
10.00
1546.48
1546.48
32.46
32.46
659.26
659.26
44.80
44.80
327.66
327.66
18.56
18.56
11.21
11.21
887.57
887.57
29.90
29.90
1975.71
1975.71
800.11
800.11
56.07
56.07
251.35
251.35
11.04
11.04
10.00
10.00
1185.70
1185.70
10.00
10.00
39.27
39.27
12.61
12.61
10.00
10.00
887.13
887.13
1451.40
1451.40
602.25
602.25
33.71
33.71
1288.37
1288.37
1710.52
1710.52
259.74
259.74
16.65
16.65
16.55
16.55
555.10
555.10
1268.78
1268.78
1151.85
1151.85
74.92
74.92
15.88
15.88
453.68
453.68
81.99
81.99
869.03
869.03
16.99
16.99
2654.16
2654.16
470.43
470.43
1351.18
1351.18
27.03
27.03
10.00
10.00
1290.14
1290.14
406.27
406.27
964.54
964.54
23.14
23.14
786.80
786.80
66.13
66.13
14.37
14.37
1364.06
1364.06
10.00
10.00
196.72
196.72
1073.04
1073.04
17.10
17.10
182.20
182.20
697.66
697.66
492.97
492.97
16.53
16.53
889.25
889.25
16.79
16.79
692.14
692.14
10.00
10.00
2249.11
2249.11
390.01
390.01
20.12
20.12
17.89
17.89
174.34
174.34
2087.47
2087.47
11.19
11.19
468.05
468.05
631.45
631.45
772.74
772.74
60.02
60.02
375.21
375.21
25.66
25.66
15.45
15.45
1165.51
1165.51
2006.13
2006.13
193.95
193.95
311.31
311.31
2018.60
2018.60
15.44
15.44
442.80
442.80
1379.00
1379.00
11.21
11.21
1840.83
1840.83
98.07
98.07
31.15
31.15
28.09
28.09
1626.62
1626.62
86.41
86.41
652.77
652.77
289.84
289.84
17.69
17.69
10.00
10.00
18.80
18.80
21.05
21.05
17.73
17.73
10.00
10.00
1241.75
1241.75
195.41
195.41
10.00
10.00
16.88
16.88
658.23
658.23
15.67
15.67
172.24
172.24
181.85
181.85
821.32
821.32
16.24
16.24
2767.56
2767.56
521.91
521.91
1558.00
1558.00
10.00
10.00
691.78
691.78
10.00
10.00
654.26
654.26
529.03
529.03
431.25
431.25
104.88
104.88
695.28
695.28
17.08
17.08
1441.53
1441.53
16.80
16.80
915.22
915.22
490.37
490.37
2853.83
2853.83
473.61
473.61
3032.16
3032.16
1431.92
1431.92
1845.32
1845.32
1736.05
1736.05
546.28
546.28
98.15
98.15
442.53
442.53
164.67
164.67
229.07
229.07
168.41
168.41
49.52
49.52
2132.84
2132.84
18.01
18.01
523.85
523.85
2462.20
2462.20
10.00
10.00
559.80
559.80
1083.59
1083.59
19.29
19.29
672.09
672.09
134.18
134.18
1588.99
1588.99
18.82
18.82
22.32
22.32
48.35
48.35
401.50
401.50
23.55
23.55
1060.68
1060.68
21.16
21.16
24.83
24.83
371.25
371.25
10.00
10.00
694.99
694.99
558.44
558.44
1056.32
1056.32
104.46
104.46
10.00
10.00
25.57
25.57
17.50
17.50
205.22
205.22
10.00
10.00
41.26
41.26
1358.96
1358.96
377.72
377.72
341.75
341.75
236.91
236.91
1560.31
1560.31
1581.76
1581.76
45.57
45.57
788.40
788.40
331.23
331.23
17.05
17.05
498.82
498.82
515.94
515.94
2109.26
2109.26
453.86
453.86
55.84
55.84
534.19
534.19
2508.00
2508.00
17.75
17.75
1107.09
1107.09
1495.39
1495.39
10.00
10.00
872.06
872.06
526.50
526.50
2295.13
2295.13
279.37
279.37
456.46
456.46
703.97
703.97
109.94
109.94
379.78
379.78
12.31
12.31
90.24
90.24
1271.65
1271.65
335.14
335.14
2164.07
2164.07
388.16
388.16
190.18
190.18
10.00
10.00
583.74
583.74
1185.30
1185.30
605.52
605.52
242.57
242.57
456.69
456.69
10.00
10.00
10.00
10.00
10.00
10.00
10.00
10.00
166.24
166.24
25.10
25.10
1251.42
1251.42
1251.42
13.21
27.91
27.91
903.82
903.82
478.74
478.74
882.82
882.82
494.73
494.73
2345.09
2345.09
23.82
23.82
622.25
622.25
592.39
592.39
995.21
995.21
301.36
301.36
652.15
652.15
20.07
20.07
20.07
654.72
695.33
695.33
155.74
155.74
10.36
10.36
15.62
15.62
648.12
648.12
10.00
10.00
338.76
338.76
1255.71
1255.71
100.33
100.33
825.52
825.52
10.00
10.00
468.55
468.55
726.76
726.76
726.76
10.00
13.47
13.47
37.11
37.11
610.18
610.18
10.00
10.00
430.62
430.62
10.00
10.00
1966.14
1966.14
1122.56
1122.56
665.39
665.39
622.81
622.81
334.68
334.68
31.98
31.98
1550.56
1550.56
103.79
103.79
336.78
336.78
423.50
423.50
20.84
20.84
10.00
10.00
778.23
778.23
446.41
446.41
270.75
270.75
10.00
10.00
24.56
24.56
10.17
10.17
37.62
37.62
85.21
85.21
320.95
320.95
688.83
688.83
526.29
526.29
179.32
179.32
521.82
521.82
10.00
10.00
839.13
839.13
615.42
615.42
923.06
923.06
23.65
23.65
188.97
188.97
20.63
20.63
10.00
10.00
204.92
204.92
205.34
205.34
157.86
157.86
414.18
414.18
40.61
40.61
46.49
46.49
24.39
24.39
277.81
277.81
631.73
631.73
555.13
555.13
527.67
527.67
10.00
10.00
824.92
824.92
850.58
850.58
333.39
333.39
62.78
62.78
419.38
419.38
791.40
791.40
580.39
580.39
419.83
419.83
821.42
821.42
10.87
10.87
16.94
16.94
10.00
10.00
12.83
12.83
60.54
60.54
655.09
655.09
188.63
188.63
991.59
991.59
165.11
165.11
623.86
623.86
10.00
10.00
1230.94
1230.94
677.29
677.29
10.00
10.00
15.15
15.15
10.00
10.00
29.99
29.99
602.97
602.97
14.93
14.93
249.59
249.59
248.74
248.74
308.02
308.02
1116.54
1116.54
277.35
277.35
552.08
552.08
709.00
709.00
1180.62
1180.62
66.56
66.56
783.12
783.12
757.99
757.99
322.68
322.68
322.68
494.95
26.31
26.31
471.11
471.11
43.24
43.24
11.26
11.26
258.56
258.56
258.56
582.14
582.14
1734.66
1734.66
817.76
817.76
483.15
39.77
39.77
39.77
498.24
498.24
643.87
643.87
10.00
10.00
98.45
10.00
10.00
570.05
570.05
570.05
10.00
10.00
21.32
21.32
579.43
721.11
721.11
503.68
503.68
503.68
1062.66
1062.66
10.00
10.00
21.58
21.58
10.00
10.00
16.55
16.55
944.32
944.32
863.20
863.20
41.03
41.03
10.00
10.00
13.23
13.23
347.65
489.59
489.59
489.59
10.00
10.00
654.99
654.99
10.00
10.00
985.56
985.56
566.09
566.09
594.46
594.46
429.00
429.00
866.16
866.16
10.00
10.00
17.73
17.73
479.56
479.56
493.75
493.75
265.25
265.25
646.12
646.12
1115.44
1115.44
33.70
33.70
497.39
497.39
269.94
10.00
10.00
10.00
10.00
10.00
14.07
2129.05
2129.05
2129.05
516.29
516.29
603.02
603.02
10.00
11.19
11.19
11.19
106.09
106.09
29.86
29.86
11.71
11.71
18.53
18.53
23.95
23.95
786.36
786.36
25.27
25.27
629.85
629.85
12.32
12.32
403.84
403.84
969.87
969.87
659.81
659.81
29.98
29.98
23.30
23.30
578.96
578.96
136.37
136.37
22.57
22.57
15.98
15.98
10.00
10.00
530.51
530.51
131.79
131.79
10.00
10.00
1283.95
1283.95
10.00
10.00
312.61
312.61
42.89
42.89
10.00
10.00
233.29
233.29
17.95
17.95
408.11
408.11
110.39
110.39
97.70
97.70
492.24
452.67
452.67
452.67
122.06
122.06
168.07
168.07
169.50
169.50
15.45
109.97
109.97
109.97
10.00
10.00
1343.26
1343.26
42.00
42.00
23.06
22.70
22.70
22.70
334.16
334.16
510.92
510.92
234.69
234.69
508.46
508.46
280.53
280.53
10.00
10.00
448.18
448.18
192.04
192.04
127.11
127.11
584.32
584.32
438.43
438.43
16.55
16.55
1021.92
1021.92
603.35
603.35
16.92
16.92
1903.65
1903.65
21.22
21.22
1322.51
1322.51
462.30
462.30
324.97
23.20
23.20
23.20
11.71
11.71
873.52
873.52
473.49
473.49
32.86
32.86
723.22
723.22
196.05
196.05
372.25
372.25
527.20
527.20
443.07
443.07
423.81
423.81
656.71
656.71
577.39
577.39
73.50
73.50
110.31
110.31
377.18
377.18
571.70
571.70
175.95
175.95
854.04
854.04
910.09
910.09
155.61
155.61
506.09
506.09
357.56
357.56
883.37
883.37
1034.96
1034.96
905.70
905.70
747.43
747.43
507.59
507.59
639.75
639.75
42.27
42.27
10.00
10.00
10.00
10.00
71.17
71.17
843.21
843.21
398.52
398.52
215.05
215.05
14.83
14.83
10.00
10.00
140.29
140.29
27.81
27.81
774.82
774.82
10.00
10.00
559.98
559.98
96.02
96.02
653.95
653.95
664.01
664.01
189.50
189.50
19.72
19.72
464.41
464.41
191.88
191.88
10.00
10.00
702.56
702.56
489.97
489.97
475.01
475.01
1128.48
1128.48
167.59
167.59
454.43
454.43
612.99
612.99
17.90
17.90
99.50
99.50
428.31
428.31
10.00
10.00
957.85
957.85
35.31
35.31
119.75
119.75
500.11
500.11
343.91
343.91
405.49
405.49
886.58
886.58
12.00
12.00
23.10
23.10
94.69
94.69
462.71
462.71
63.67
63.67
387.66
387.66
236.34
236.34
92.40
92.40
18.26
18.26
667.78
667.78
47.70
47.70
1838.26
1838.26
10.00
10.00
239.69
239.69
144.21
144.21
955.71
955.71
10.00
10.00
10.00
10.00
41.70
41.70
268.49
268.49
480.16
480.16
94.55
94.55
463.73
463.73
10.00
10.00
450.09
450.09
301.81
301.81
38.40
38.40
138.69
138.69
596.30
596.30
338.28
338.28
21.73
21.73
67.86
67.86
18.80
18.80
41.62
41.62
795.41
795.41
56.93
56.93
678.09
678.09
171.54
171.54
269.41
269.41
152.14
152.14
957.46
957.46
46.89
46.89
11.98
11.98
12.37
12.37
69.16
69.16
13.12
13.12
297.59
297.59
10.00
10.00
35.79
35.79
16.83
16.83
1447.17
1447.17
351.33
351.33
164.88
164.88
957.35
957.35
21.29
21.29
10.00
10.00
10.00
10.00
90.08
90.08
1537.97
1537.97
59.09
59.09
687.68
687.68
38.76
38.76
175.50
175.50
567.49
567.49
10.00
10.00
1285.98
1285.98
906.52
906.52
1401.09
1401.09
598.80
598.80
10.00
10.00
22.30
22.30
21.58
21.58
10.00
10.00
714.54
714.54
714.54
714.54
542.32
542.32
1019.62
1019.62
1201.91
1201.91
141.96
141.96
206.72
206.72
25.99
25.99
516.30
516.30
58.33
58.33
36.06
36.06
485.53
485.53
664.17
664.17
936.94
936.94
323.84
323.84
61.83
61.83
1071.58
1071.58
10.00
10.00
147.62
147.62
113.06
113.06
61.31
61.31
31.82
31.82
10.00
10.00
101.16
101.16
10.00
10.00
251.14
251.14
10.00
10.00
10.00
10.00
703.40
703.40
76.29
76.29
25.30
25.30
1178.19
1178.19
896.92
896.92
1213.02
1213.02
1226.70
1226.70
1026.14
1026.14
16.76
16.76
21.47
21.47
498.22
498.22
616.64
616.64
212.38
212.38
618.89
618.89
1718.65
1718.65
503.95
503.95
407.74
407.74
1149.95
1149.95
107.01
107.01
171.70
171.70
710.08
710.08
17.14
17.14
968.48
968.48
1568.25
1568.25
57.54
57.54
57.54
465.63
206.65
206.65
553.00
553.00
10.00
10.00
107.72
107.72
13.27
13.27
762.26
762.26
48.74
48.74
415.07
415.07
610.30
610.30
174.72
174.72
1029.34
1029.34
347.09
347.09
341.37
341.37
534.35
534.35
804.28
804.28
42.68
42.68
683.90
683.90
129.74
129.74
526.44
526.44
1033.55
1033.55
540.77
540.77
902.96
902.96
31.40
31.40
1213.67
1213.67
181.80
181.80
437.72
437.72
1200.89
1200.89
20.31
20.31
37.91
37.91
640.56
640.56
729.75
729.75
122.68
122.68
10.00
10.00
468.14
468.14
228.97
228.97
1503.56
1503.56
471.28
471.28
10.00
10.00
1340.50
1340.50
694.81
694.81
25.55
25.55
411.62
411.62
496.52
496.52
1039.47
1039.47
462.28
462.28
163.01
163.01
196.15
196.15
882.99
882.99
212.84
212.84
1145.47
1145.47
56.92
56.92
319.99
319.99
237.01
237.01
48.84
48.84
116.74
116.74
36.59
36.59
622.28
622.28
636.55
636.55
636.55
636.55
10.00
10.00
167.05
167.05
10.00
10.00
1414.47
1414.47
476.52
476.52
1209.09
1209.09
911.67
911.67
30.44
30.44
38.55
38.55
1297.70
1297.70
665.86
665.86
131.02
131.02
668.83
668.83
522.42
522.42
10.00
10.00
17.90
17.90
10.10
10.10
759.16
759.16
302.51
302.51
188.66
188.66
52.35
52.35
14.45
14.45
172.64
172.64
18.14
18.14
12.85
12.85
475.95
475.95
861.85
861.85
36.91
36.91
452.15
452.15
72.20
72.20
137.05
137.05
235.75
235.75
690.48
690.48
607.42
607.42
305.32
305.32
317.41
317.41
13.28
13.28
161.08
161.08
617.72
617.72
18.20
18.20
426.81
426.81
185.78
185.78
22.43
22.43
22.29
22.29
376.09
376.09
455.41
455.41
846.15
846.15
696.06
696.06
1734.94
1734.94
352.14
352.14
10.00
10.00
1213.05
1213.05
466.01
466.01
45.89
45.89
18.09
18.09
186.27
186.27
517.19
517.19
663.54
663.54
496.10
496.10
18.69
18.69
415.03
415.03
15.15
15.15
699.28
699.28
64.88
64.88
565.56
565.56
45.80
45.80
26.59
26.59
389.50
389.50
389.50
291.46
1370.45
1370.45
30.11
30.11
339.63
339.63
851.28
851.28
358.93
358.93
10.00
10.00
354.58
354.58
333.46
333.46
615.68
615.68
10.00
10.00
250.57
250.57
17.40
17.40
11.12
11.12
248.07
248.07
1255.88
1255.88
772.56
772.56
200.14
200.14
306.42
306.42
2222.52
2222.52
319.78
319.78
944.61
944.61
10.00
10.00
353.39
353.39
1252.22
1252.22
843.64
843.64
265.64
265.64
256.69
256.69
602.71
602.71
10.00
10.00
10.00
10.00
142.41
142.41
885.08
885.08
948.32
948.32
347.45
347.45
25.95
25.95
1020.30
1020.30
464.45
464.45
13.04
13.04
26.92
26.92
176.28
176.28
26.80
26.80
437.39
437.39
29.08
29.08
29.08
389.77
112.43
112.43
112.43
810.97
606.77
606.77
606.77
113.03
113.03
588.18
706.68
706.68
80.19
80.19
741.60
741.60
164.00
164.00
164.00
348.60
348.60
13.78
226.61
226.61
226.61
403.15
403.15
835.10
835.10
656.84
656.84
139.64
59.23
59.23
59.23
165.87
529.24
529.24
529.24
1010.47
1010.47
95.71
95.71
162.50
162.50
11.44
11.44
56.85
56.85
382.37
382.37
12.23
12.23
465.17
465.17
255.94
255.94
17.66
17.66
577.09
577.09
514.17
514.17
844.62
34.00
34.00
34.00
509.12
509.12
646.78
646.78
10.00
10.00
15.10
15.10
377.37
377.37
14.51
14.51
544.56
544.56
60.93
60.93
12.27
12.27
600.36
600.36
969.35
969.35
940.80
940.80
163.66
163.66
780.94
83.46
83.46
83.46
856.42
84.53
84.53
12.10
12.10
12.10
10.00
1498.53
1498.53
1498.53
10.00
592.64
592.64
592.64
694.68
694.68
13.48
13.48
1775.27
24.09
24.09
24.09
674.76
674.76
26.72
26.72
793.94
793.94
1236.14
1236.14
20.80
20.80
467.91
467.91
286.21
286.21
292.30
292.30
741.81
741.81
407.24
407.24
476.93
476.93
16.86
16.86
28.91
28.91
1083.23
1083.23
1268.95
1268.95
157.43
157.43
259.61
259.61
903.98
903.98
409.92
409.92
1219.28
1219.28
1613.61
1613.61
907.29
907.29
217.68
217.68
36.55
36.55
280.78
280.78
38.60
38.60
442.89
442.89
501.96
501.96
1204.97
1204.97
21.22
21.22
1297.99
1297.99
475.25
1355.80
1355.80
1355.80
192.65
192.65
10.00
10.00
16.48
16.48
907.12
907.12
55.84
55.84
19.31
19.31
1238.64
1238.64
1040.93
1040.93
586.60
586.60
268.27
268.27
540.83
540.83
1481.47
1481.47
54.27
54.27
1908.31
1908.31
46.45
46.45
692.57
692.57
17.85
17.85
10.00
10.00
361.06
361.06
1193.56
496.63
496.63
496.63
32.41
32.41
1545.98
1545.98
711.26
711.26
1250.66
1250.66
10.00
10.00
10.00
10.00
470.38
470.38
44.83
44.83
65.80
65.80
1325.62
1325.62
961.71
961.71
10.00
10.00
571.53
571.53
438.58
438.58
307.55
307.55
584.75
584.75
427.10
427.10
64.25
64.25
158.68
158.68
89.61
89.61
710.98
710.98
740.24
740.24
636.00
636.00
432.46
432.46
714.47
714.47
504.57
504.57
10.00
10.00
218.65
218.65
29.96
29.96
15.76
15.76
594.85
594.85
674.00
674.00
16.85
16.85
60.45
60.45
858.22
858.22
204.10
204.10
212.78
212.78
64.42
64.42
1054.41
1054.41
43.59
43.59
143.18
143.18
46.92
46.92
30.56
30.56
492.56
492.56
508.35
508.35
1672.73
1672.73
1404.09
1404.09
566.76
566.76
1183.95
1183.95
1175.18
1175.18
18.61
18.61
10.00
10.00
10.00
10.00
247.83
247.83
252.53
252.53
428.10
428.10
62.26
62.26
1591.01
1591.01
19.13
19.13
10.00
10.00
10.00
10.00
275.73
275.73
17.38
17.38
422.26
422.26
18.98
18.98
755.71
755.71
408.82
408.82
647.66
647.66
235.93
235.93
590.21
590.21
580.86
580.86
1534.47
1534.47
497.00
497.00
553.27
553.27
19.01
19.01
359.87
359.87
846.47
846.47
12.43
12.43
317.68
317.68
300.60
300.60
778.27
778.27
391.91
391.91
1154.22
1154.22
704.74
704.74
742.71
742.71
142.33
142.33
18.04
18.04
10.00
10.00
1026.26
1026.26
156.21
156.21
673.56
673.56
112.52
112.52
530.94
530.94
1208.23
1208.23
374.98
374.98
483.42
483.42
103.13
103.13
166.48
166.48
10.00
10.00
10.00
10.00
54.62
54.62
1845.25
1845.25
10.00
10.00
1249.84
1249.84
18.13
18.13
1005.48
1005.48
747.92
747.92
265.92
265.92
759.54
759.54
523.97
523.97
59.65
59.65
66.57
66.57
10.00
10.00
10.00
10.00
625.09
625.09
956.27
956.27
46.86
46.86
789.15
789.15
131.43
131.43
401.44
401.44
1086.08
1086.08
473.31
473.31
1013.68
1013.68
387.45
387.45
540.06
540.06
61.29
61.29
709.03
709.03
372.14
372.14
2053.61
2053.61
11.14
11.14
662.23
662.23
697.90
697.90
27.10
27.10
576.19
576.19
591.81
591.81
162.07
162.07
410.80
410.80
29.25
29.25
10.37
10.37
296.80
296.80
11.51
11.51
1456.93
1456.93
19.70
19.70
18.19
18.19
386.70
386.70
134.73
134.73
387.11
387.11
960.58
960.58
10.00
10.00
21.76
21.76
10.00
10.00
24.85
24.85
579.17
579.17
926.96
926.96
811.47
811.47
34.51
34.51
38.58
38.58
132.70
132.70
65.82
65.82
745.82
745.82
15.47
15.47
880.99
880.99
598.73
598.73
10.00
10.00
491.66
491.66
1169.11
1169.11
10.00
10.00
10.00
10.00
408.73
408.73
526.64
526.64
1491.48
1491.48
216.10
216.10
651.03
651.03
12.67
12.67
594.37
594.37
21.11
21.11
10.00
10.00
1462.90
1462.90
51.88
51.88
46.91
46.91
180.48
180.48
647.36
647.36
784.34
784.34
891.67
891.67
20.79
20.79
525.98
525.98
83.84
83.84
10.00
10.00
510.74
510.74
680.95
680.95
1180.28
1180.28
16.88
16.88
1388.72
1388.72
680.14
680.14
20.29
20.29
357.17
357.17
44.08
44.08
10.53
10.53
473.12
473.12
689.66
689.66
620.67
620.67
226.57
226.57
856.44
856.44
53.56
53.56
1279.93
1279.93
19.96
19.96
894.43
894.43
894.43
894.43
523.71
523.71
120.80
120.80
27.54
27.54
453.78
453.78
611.34
611.34
287.28
287.28
10.00
10.00
10.80
10.80
885.68
885.68
460.90
460.90
576.63
576.63
10.00
10.00
172.85
172.85
607.69
607.69
694.79
694.79
1201.38
1201.38
1138.58
1138.58
72.90
72.90
766.12
766.12
339.57
339.57
66.99
66.99
602.88
602.88
10.63
10.63
510.49
510.49
10.00
10.00
1420.87
1420.87
276.15
276.15
128.86
128.86
532.45
532.45
10.00
10.00
23.57
23.57
509.55
509.55
12.51
12.51
281.65
281.65
26.46
26.46
51.97
51.97
12.18
12.18
508.28
508.28
825.97
825.97
10.00
10.00
592.68
592.68
1369.22
1369.22
1214.87
1214.87
278.91
278.91
237.82
237.82
66.17
66.17
281.10
281.10
1518.55
1518.55
878.85
878.85
711.45
711.45
13.44
13.44
12.08
12.08
458.40
458.40
10.00
10.00
1064.02
1064.02
373.27
373.27
120.64
120.64
612.18
612.18
229.56
229.56
10.00
10.00
620.24
620.24
620.24
1341.06
1647.10
1647.10
57.33
57.33
22.47
22.47
154.38
154.38
333.52
333.52
25.45
25.45
10.00
10.00
321.81
321.81
10.00
10.00
20.27
20.27
164.43
164.43
19.54
19.54
11.68
11.68
10.00
10.00
631.85
631.85
16.97
16.97
158.24
158.24
621.25
621.25
747.78
747.78
240.12
240.12
757.53
757.53
1435.39
1435.39
241.10
241.10
354.37
354.37
1022.32
1022.32
1014.99
1014.99
18.97
18.97
18.97
32.91
1410.89
1410.89
10.00
10.00
329.21
329.21
764.12
764.12
1495.64
1495.64
31.90
31.90
10.00
10.00
25.37
25.37
818.65
818.65
11.46
11.46
713.83
713.83
529.86
529.86
319.18
319.18
25.40
25.40
864.79
864.79
975.55
975.55
22.48
22.48
30.93
30.93
23.27
23.27
361.74
361.74
10.00
10.00
571.25
571.25
454.49
454.49
622.94
622.94
420.46
420.46
208.02
208.02
1939.03
1939.03
718.60
718.60
22.75
22.75
435.34
435.34
665.71
665.71
13.39
13.39
215.66
215.66
1091.15
1091.15
409.77
409.77
315.59
315.59
95.29
95.29
374.95
374.95
10.00
10.00
704.43
704.43
219.27
219.27
11.17
11.17
11.17
72.10
288.87
288.87
639.03
639.03
1140.47
1140.47
10.00
10.00
24.34
24.34
842.92
842.92
194.95
194.95
762.60
762.60
1130.07
1130.07
164.34
164.34
630.19
630.19
14.52
14.52
189.45
189.45
106.59
106.59
27.41
27.41
168.68
168.68
238.41
238.41
836.46
836.46
855.06
855.06
231.82
231.82
202.33
202.33
58.17
58.17
24.41
24.41
34.65
34.65
1036.08
1036.08
105.45
105.45
87.02
87.02
24.32
24.32
55.72
55.72
725.34
725.34
241.69
241.69
146.44
146.44
766.22
766.22
507.15
507.15
382.66
382.66
861.75
861.75
70.94
70.94
16.01
16.01
60.75
60.75
505.43
505.43
1351.97
1351.97
10.85
10.85
10.00
10.00
56.61
56.61
56.61
22.88
240.45
240.45
833.64
833.64
182.76
182.76
182.76
259.31
212.35
212.35
212.35
342.95
342.95
82.85
82.85
650.59
650.59
464.33
464.33
1130.24
1130.24
26.74
26.74
10.00
10.00
413.07
413.07
436.25
436.25
445.61
445.61
254.30
254.30
44.60
44.60
169.61
169.61
459.97
459.97
980.30
980.30
540.57
540.57
662.72
662.72
10.00
579.09
579.09
579.09
251.13
553.65
553.65
553.65
561.65
561.65
38.64
38.64
10.00
10.00
55.31
55.31
522.57
522.57
110.83
110.83
480.03
480.03
57.23
57.23
26.30
26.30
438.28
438.28
928.48
589.11
589.11
589.11
902.16
902.16
973.63
973.63
496.32
496.32
52.67
52.67
106.00
106.00
38.57
38.57
1050.02
1050.02
335.17
335.17
1623.80
1623.80
11.97
11.97
16.80
472.27
472.27
472.27
446.37
446.37
33.71
33.71
57.40
57.40
158.88
158.88
32.95
32.95
516.81
516.81
363.55
363.55
456.82
456.82
623.75
623.75
10.00
10.00
905.81
630.18
630.18
630.18
347.20
347.20
164.68
164.68
27.98
27.98
119.34
119.34
457.03
457.03
236.53
236.53
16.00
16.00
642.33
642.33
27.02
27.02
422.61
422.61
33.72
33.72
557.60
557.60
776.01
17.09
17.09
17.09
254.43
254.43
42.00
42.00
11.38
11.38
10.00
10.00
237.42
237.42
73.36
73.36
1419.55
1419.55
829.37
829.37
498.25
536.04
536.04
536.04
166.00
166.00
683.25
683.25
578.24
578.24
592.78
592.78
215.16
215.16
703.12
703.12
702.95
702.95
1213.64
1213.64
10.00
10.00
876.64
876.64
1443.29
1443.29
351.85
351.85
98.20
98.20
11.68
11.68
342.11
342.11
10.00
10.00
1534.40
1534.40
22.99
22.99
245.50
245.50
37.78
37.78
10.00
10.00
10.79
10.79
43.75
43.75
448.87
448.87
15.56
15.56
30.19
30.19
613.08
613.08
154.98
755.84
755.84
755.84
10.00
10.00
29.17
29.17
360.04
360.04
41.58
41.58
1300.15
1300.15
42.24
42.24
2464.82
2464.82
34.24
34.24
1493.94
1493.94
16.23
16.23
11.14
470.81
470.81
470.81
929.55
929.55
26.53
26.53
75.92
75.92
91.95
91.95
1868.12
1868.12
297.21
297.21
10.00
10.00
1065.51
1065.51
1065.51
1065.51
974.34
974.34
616.76
616.76
471.06
471.06
588.76
588.76
443.46
443.46
102.20
102.20
737.50
737.50
794.49
794.49
19.26
19.26
607.36
607.36
1168.44
1168.44
769.67
769.67
550.26
550.26
30.71
30.71
797.83
797.83
738.69
738.69
410.51
410.51
16.85
16.85
48.22
48.22
151.74
151.74
895.81
895.81
469.39
469.39
469.39
469.39
10.00
10.00
48.39
48.39
1491.99
1491.99
454.36
454.36
1544.96
1544.96
457.75
457.75
35.75
35.75
195.77
195.77
544.94
544.94
38.93
38.93
979.60
979.60
185.70
185.70
824.40
824.40
24.80
24.80
600.41
600.41
16.27
16.27
2044.22
2044.22
112.59
112.59
1341.91
1341.91
60.50
60.50
564.73
564.73
505.67
505.67
1728.79
1728.79
18.07
18.07
700.87
700.87
24.39
24.39
294.87
294.87
10.00
10.00
1293.56
1293.56
120.52
120.52
375.10
375.10
522.26
522.26
768.08
768.08
20.66
20.66
473.31
473.31
76.19
76.19
10.00
10.00
36.20
36.20
591.34
591.34
456.27
456.27
550.12
550.12
421.61
421.61
784.62
784.62
48.66
48.66
26.63
26.63
1565.06
1565.06
399.07
399.07
1407.14
1407.14
20.70
20.70
10.78
10.78
35.78
35.78
11.39
11.39
22.47
22.47
11.15
11.15
40.13
40.13
13.38
13.38
712.15
712.15
409.99
409.99
665.06
665.06
1645.41
1645.41
10.00
10.00
10.00
10.00
1564.45
1564.45
19.10
19.10
56.82
56.82
2007.92
2007.92
493.42
493.42
224.81
224.81
40.03
40.03
1417.32
1417.32
1657.56
1657.56
20.68
20.68
436.50
436.50
15.95
15.95
531.60
531.60
10.00
10.00
10.00
10.00
460.40
460.40
649.13
649.13
1004.19
1004.19
361.77
361.77
1566.90
1566.90
246.66
246.66
19.26
19.26
1595.55
1595.55
18.63
18.63
797.95
797.95
1385.43
1385.43
753.85
753.85
1684.35
1684.35
980.53
980.53
1034.58
1034.58
36.96
36.96
1477.71
1477.71
258.64
258.64
1263.99
1263.99
56.24
56.24
22.48
22.48
746.81
746.81
705.43
705.43
1013.59
1013.59
673.44
673.44
10.00
10.00
2468.58
2468.58
30.97
30.97
33.71
33.71
10.00
10.00
1956.69
1956.69
1582.08
1582.08
10.87
10.87
224.66
224.66
730.59
730.59
55.12
55.12
10.00
10.00
24.50
24.50
23.35
23.35
29.11
29.11
826.59
826.59
719.47
719.47
32.18
32.18
167.98
167.98
10.00
10.00
10.00
10.00
10.00
10.00
87.20
87.20
691.50
691.50
1029.28
1029.28
333.72
333.72
1077.78
1077.78
25.66
25.66
710.71
710.71
28.80
28.80
491.18
491.18
335.48
335.48
280.99
280.99
17.97
17.97
10.15
10.15
10.00
10.00
134.98
134.98
33.92
33.92
25.19
25.19
1253.42
1253.42
10.00
10.00
962.99
962.99
962.99
1685.54
1393.06
1393.06
15.41
15.41
646.91
646.91
218.62
218.62
635.32
635.32
427.78
427.78
1743.16
1743.16
661.66
661.66
24.54
24.54
27.85
27.85
279.10
279.10
32.34
32.34
801.92
801.92
1219.62
1219.62
30.68
30.68
1895.06
1895.06
1085.52
1085.52
63.32
63.32
10.00
10.00
196.81
196.81
154.76
154.76
2119.29
2119.29
1515.60
1515.60
516.91
516.91
10.00
10.00
44.15
44.15
2435.68
2435.68
42.31
42.31
903.08
903.08
1911.81
1911.81
1758.69
1758.69
19.82
19.82
161.34
161.34
202.35
202.35
10.00
10.00
34.74
34.74
220.53
220.53
1925.76
1925.76
478.11
478.11
1469.00
1469.00
383.64
383.64
55.42
55.42
498.72
498.72
16.62
16.62
30.92
30.92
434.85
434.85
979.50
979.50
928.73
928.73
13.80
13.80
1932.35
1932.35
10.00
10.00
35.03
35.03
630.71
630.71
630.71
16.88
107.86
107.86
451.94
451.94
429.29
429.29
79.83
79.83
12.37
12.37
43.63
43.63
61.22
61.22
35.94
35.94
10.00
10.00
10.00
190.21
10.00
10.00
363.01
363.01
335.33
335.33
22.74
22.74
1062.14
1062.14
10.00
10.00
555.82
555.82
143.55
143.55
1048.81
1048.81
113.98
113.98
453.51
453.51
152.76
152.76
29.81
29.81
24.65
24.65
2002.73
2002.73
116.42
116.42
247.55
247.55
512.65
512.65
30.43
30.43
931.51
931.51
674.05
674.05
631.82
631.82
12.57
12.57
25.16
25.16
465.09
465.09
19.98
19.98
57.65
57.65
65.66
65.66
397.14
397.14
174.17
174.17
407.93
407.93
1212.85
1212.85
270.35
270.35
270.35
603.65
296.12
296.12
495.57
495.57
674.44
674.44
175.16
175.16
104.74
104.74
27.05
27.05
821.08
821.08
10.00
10.00
1162.26
1162.26
1585.70
1585.70
49.74
49.74
11.93
11.93
10.88
10.88
438.71
438.71
10.00
10.00
408.27
408.27
881.16
881.16
777.63
777.63
777.63
708.12
24.32
24.32
130.75
130.75
32.56
32.56
50.90
50.90
30.77
30.77
288.72
288.72
1058.48
1058.48
11.19
11.19
2114.26
2114.26
53.81
53.81
1481.47
1481.47
75.39
75.39
58.06
58.06
371.67
371.67
1862.01
1862.01
379.08
379.08
1370.43
1370.43
10.00
10.00
48.88
48.88
16.05
16.05
505.25
505.25
163.34
163.34
18.00
18.00
18.85
18.85
19.37
19.37
10.00
10.00
457.86
457.86
281.83
281.83
573.67
573.67
697.31
697.31
27.95
27.95
568.91
568.91
462.82
462.82
1104.69
1104.69
10.00
10.00
244.71
244.71
26.98
26.98
28.88
28.88
471.71
471.71
333.10
333.10
333.10
543.92
649.76
649.76
21.21
21.21
320.90
320.90
1149.62
1149.62
10.00
10.00
1370.14
1370.14
10.00
10.00
124.60
124.60
10.00
10.00
11.14
11.14
323.54
323.54
913.80
913.80
25.40
25.40
11.53
11.53
10.00
10.00
28.89
28.89
22.85
22.85
551.10
551.10
104.98
104.98
10.00
10.00
987.43
987.43
11.25
11.25
11.25
28.42
146.24
146.24
492.24
492.24
492.24
17.58
27.01
27.01
2154.50
2154.50
2154.50
226.06
226.06
2978.10
2978.10
768.54
768.54
36.95
92.54
92.54
10.05
10.05
10.05
21.00
21.00
706.15
706.15
857.92
857.92
647.52
647.52
440.52
440.52
10.00
10.00
41.61
41.61
266.80
266.80
10.00
13.80
13.80
10.00
10.00
10.00
10.00
10.00
1081.82
1081.82
321.38
321.38
24.53
24.53
386.15
386.15
10.00
10.00
497.72
497.72
955.91
955.91
10.00
10.00
19.36
19.36
467.37
467.37
10.00
10.00
459.48
459.48
1234.32
1234.32
122.42
122.42
19.35
19.35
1344.38
1344.38
209.48
209.48
742.06
742.06
10.00
10.00
17.40
17.40
664.66
664.66
11.15
11.15
44.15
11.44
11.44
11.44
10.00
10.00
54.46
54.46
124.92
124.92
29.60
29.60
1553.10
1553.10
16.88
16.88
18.89
18.89
1039.36
1039.36
103.72
103.72
576.43
576.43
20.90
20.90
10.00
10.00
204.23
204.23
89.18
89.18
803.55
803.55
1114.27
1114.27
380.40
380.40
13.42
13.42
850.30
850.30
1818.11
1818.11
22.07
22.07
317.15
317.15
1711.56
10.00
10.00
10.00
43.17
43.17
478.20
478.20
30.04
30.04
33.02
33.02
564.55
564.55
270.81
270.81
1396.18
1396.18
1789.47
1789.47
10.00
10.00
24.42
144.44
144.44
144.44
669.88
669.88
471.48
471.48
1193.07
1193.07
13.22
13.22
49.97
49.97
10.00
10.00
50.58
50.58
23.06
23.06
31.34
31.34
420.23
420.23
14.49
14.49
1296.57
674.02
674.02
674.02
475.21
475.21
11.78
11.78
1392.59
1392.59
2022.72
2022.72
469.83
469.83
10.00
10.00
2044.28
2044.28
255.90
255.90
48.92
18.11
18.11
18.11
35.04
35.04
22.64
22.64
24.30
24.30
12.17
12.17
20.66
597.13
597.13
597.13
564.15
564.15
1112.22
1112.22
30.73
30.73
44.91
44.91
55.75
55.75
624.86
624.86
557.90
557.90
10.00
410.47
410.47
410.47
36.30
36.30
16.31
16.31
616.43
616.43
1136.50
1136.50
416.02
416.02
1171.11
1171.11
475.73
475.73
249.51
249.51
14.52
14.52
411.86
411.86
325.64
325.64
26.87
26.87
506.73
506.73
59.94
59.94
1414.70
1414.70
12.12
12.12
35.14
35.14
11.41
11.41
10.00
10.00
39.45
39.45
10.00
10.00
28.36
28.36
10.00
10.00
34.82
34.82
345.87
345.87
83.95
83.95
49.01
49.01
22.52
22.52
609.65
609.65
541.53
541.53
10.00
10.00
10.62
10.62
489.36
489.36
887.59
887.59
539.52
539.52
718.22
718.22
373.97
373.97
65.41
65.41
339.84
339.84
511.60
511.60
1405.92
1405.92
764.14
764.14
26.89
26.89
493.05
493.05
21.25
21.25
1856.36
1856.36
521.52
521.52
974.91
974.91
1055.50
1055.50
688.88
688.88
69.01
69.01
10.00
10.00
746.11
746.11
721.67
721.67
43.56
43.56
49.99
49.99
416.84
416.84
10.00
10.00
10.00
10.00
72.38
72.38
674.09
674.09
27.19
27.19
20.64
20.64
557.43
557.43
21.31
21.31
21.31
237.80
237.80
296.68
109.39
109.39
481.64
481.64
434.80
434.80
694.27
694.27
98.77
98.77
111.13
111.13
56.49
56.49
23.05
23.05
515.76
515.76
19.46
19.46
286.27
286.27
789.29
789.29
618.76
618.76
58.65
58.65
947.60
947.60
23.99
23.99
21.55
21.55
724.10
724.10
19.07
19.07
16.89
16.89
15.35
15.35
131.22
131.22
432.21
432.21
341.04
341.04
16.92
16.92
1684.69
1684.69
19.86
19.86
15.74
15.74
14.55
14.55
314.14
314.14
1792.18
1792.18
1593.01
1593.01
10.00
10.00
49.67
49.67
477.95
477.95
69.91
69.91
87.04
87.04
223.90
223.90
282.45
282.45
353.83
353.83
58.79
58.79
2108.68
2108.68
144.25
144.25
258.24
258.24
651.65
651.65
154.74
154.74
447.64
447.64
19.96
19.96
1085.75
1085.75
13.95
13.95
100.88
100.88
20.18
20.18
85.59
85.59
250.16
250.16
10.00
10.00
299.58
299.58
705.08
705.08
1442.32
1442.32
694.76
694.76
585.21
585.21
891.83
891.83
18.05
18.05
1553.10
1553.10
10.38
10.38
177.94
177.94
1424.57
1424.57
38.32
38.32
254.28
254.28
613.70
613.70
27.72
27.72
17.97
17.97
1210.06
1210.06
1388.16
1388.16
19.08
19.08
35.93
35.93
10.00
10.00
248.96
248.96
539.60
539.60
134.90
134.90
134.90
215.08
26.93
26.93
11.67
11.67
11.67
420.61
2099.36
2099.36
406.27
406.27
29.90
29.90
319.80
319.80
33.30
33.30
752.80
752.80
10.00
10.00
1367.45
1367.45
206.39
206.39
616.75
616.75
847.93
847.93
274.14
274.14
723.48
723.48
2035.80
2035.80
1064.99
1064.99
632.08
632.08
144.71
144.71
717.55
717.55
97.07
97.07
14.62
14.62
647.33
647.33
42.10
42.10
35.20
35.20
10.00
10.00
10.00
10.00
239.99
239.99
50.22
50.22
10.00
10.00
551.43
551.43
213.53
213.53
22.32
22.32
14.04
14.04
1388.69
1388.69
631.51
631.51
439.28
439.28
1040.73
1040.73
1040.73
1040.73
425.34
425.34
1433.89
1433.89
1021.79
1021.79
708.94
708.94
16.95
16.95
496.89
496.89
402.78
402.78
16.98
16.98
30.49
30.49
17.86
17.86
255.58
255.58
1147.23
1147.23
60.52
60.52
347.01
347.01
1301.44
1301.44
13.71
13.71
2158.16
2158.16
10.00
10.00
327.47
327.47
524.23
524.23
10.67
10.67
690.06
690.06
93.40
93.40
24.53
24.53
612.51
612.51
21.47
21.47
754.31
754.31
754.31
754.31
10.00
10.00
96.41
96.41
22.81
22.81
317.97
317.97
239.91
239.91
10.00
10.00
25.51
25.51
11.09
11.09
32.24
32.24
1455.50
1455.50
16.85
16.85
875.60
875.60
27.07
27.07
265.66
265.66
859.83
859.83
24.98
24.98
1353.32
1353.32
87.04
87.04
10.36
10.36
1442.55
1442.55
329.36
329.36
175.63
175.63
2598.07
2598.07
467.32
467.32
1112.50
1112.50
1371.64
1371.64
1139.25
1139.25
10.00
10.00
1312.66
1312.66
10.00
10.00
24.04
24.04
87.15
87.15
35.83
35.83
10.00
10.00
580.57
580.57
1635.19
1635.19
961.17
961.17
608.53
608.53
39.18
39.18
20.58
20.58
586.44
586.44
57.49
57.49
19.30
19.30
565.19
565.19
682.48
682.48
997.40
997.40
689.33
689.33
30.66
30.66
261.78
261.78
688.58
688.58
1897.64
1897.64
45.08
45.08
10.00
10.00
192.43
192.43
247.18
247.18
1191.48
1191.48
601.24
601.24
16.76
16.76
72.70
72.70
492.80
492.80
21.17
21.17
10.40
10.40
153.63
153.63
68.01
68.01
361.07
361.07
27.90
27.90
454.02
454.02
46.58
46.58
125.64
125.64
1037.78
1037.78
140.41
140.41
562.37
562.37
419.17
419.17
420.59
420.59
1049.86
1049.86
647.38
647.38
18.24
18.24
1474.65
1474.65
10.00
10.00
250.03
250.03
10.00
10.00
10.00
10.00
28.25
28.25
628.03
628.03
1267.17
1267.17
1267.17
660.45
63.61
63.61
248.76
248.76
10.00
10.00
417.74
417.74
290.61
290.61
530.67
530.67
530.67
176.08
519.90
519.90
116.65
116.65
10.00
10.00
108.27
108.27
10.00
10.00
285.18
285.18
750.75
750.75
1202.42
1202.42
1202.42
1582.74
25.48
25.48
42.61
42.61
753.05
753.05
578.81
578.81
14.34
14.34
71.48
71.48
949.62
949.62
31.62
31.62
10.00
10.00
10.00
10.00
951.42
951.42
800.31
800.31
1401.23
1401.23
21.56
21.56
489.85
489.85
461.36
461.36
352.72
352.72
129.75
129.75
1236.40
1236.40
10.00
10.00
1407.41
1407.41
827.46
827.46
987.16
987.16
200.87
200.87
189.90
189.90
189.90
71.70
271.19
271.19
65.30
65.30
50.99
50.99
23.55
23.55
29.54
29.54
10.00
10.00
742.33
742.33
47.41
47.41
63.37
63.37
293.55
293.55
10.00
10.00
10.00
10.00
10.67
10.67
13.63
13.63
10.00
10.00
20.82
20.82
10.00
10.00
10.00
10.00
554.08
554.08
21.46
21.46
375.03
375.03
1886.92
1886.92
709.64
709.64
299.38
299.38
107.91
107.91
301.19
301.19
1737.02
1737.02
16.65
16.65
426.91
426.91
470.40
470.40
708.25
708.25
1305.04
1305.04
200.72
200.72
71.64
71.64
10.00
10.00
49.72
49.72
88.74
88.74
18.44
18.44
28.89
28.89
28.89
98.28
237.92
237.92
237.92
441.54
30.06
30.06
10.00
10.00
10.00
19.01
19.01
38.71
38.71
467.75
467.75
660.87
660.87
49.65
49.65
1282.65
1282.65
1818.85
1818.85
110.64
110.64
1446.77
1446.77
10.62
10.62
65.67
65.67
11.68
11.68
19.41
19.41
58.13
58.13
75.93
75.93
1336.96
564.05
564.05
564.05
700.75
700.75
788.57
788.57
1015.66
1015.66
198.03
198.03
27.25
27.25
429.81
429.81
839.75
839.75
41.95
41.95
534.43
534.43
686.46
686.46
21.72
21.72
341.40
341.40
93.89
93.89
128.18
128.18
10.00
10.00
1563.35
16.73
16.73
16.73
636.03
25.82
25.82
49.13
49.13
49.13
58.27
45.00
45.00
45.00
651.15
625.73
625.73
625.73
41.22
41.22
10.00
10.00
362.04
362.04
130.36
130.36
470.32
2052.54
2052.54
2052.54
11.40
11.40
18.23
18.23
222.05
222.05
733.34
733.34
11.79
11.79
469.20
469.20
32.60
32.60
571.37
571.37
46.80
46.80
819.17
819.17
539.10
539.10
137.74
137.74
110.83
110.83
32.35
32.35
10.00
10.00
620.15
620.15
10.00
861.89
861.89
861.89
150.63
150.63
1595.88
1595.88
955.54
955.54
356.79
356.79
568.84
568.84
167.08
167.08
10.00
10.00
1670.52
1670.52
1022.66
1022.66
17.98
17.98
15.02
731.75
731.75
731.75
531.70
11.57
11.57
11.57
175.03
175.03
149.95
149.95
10.00
10.00
15.30
15.30
549.15
549.15
41.46
41.46
685.24
685.24
10.00
10.00
677.27
567.47
567.47
567.47
23.38
23.38
11.18
11.18
1804.96
1804.96
546.54
546.54
26.60
26.60
784.07
784.07
436.86
436.86
622.47
622.47
787.85
787.85
16.96
16.96
332.00
332.00
665.15
211.08
211.08
211.08
72.05
382.17
382.17
382.17
1045.21
1266.84
1266.84
403.47
403.47
403.47
316.86
316.86
242.24
90.49
90.49
90.49
14.14
14.14
22.02
22.02
606.94
606.94
145.90
145.90
103.96
103.96
506.25
506.25
252.86
252.86
632.86
632.86
547.03
547.03
51.59
51.59
76.74
76.74
948.37
948.37
461.61
461.61
460.13
460.13
10.00
10.00
37.23
37.23
72.79
72.79
946.42
946.42
118.47
118.47
680.81
680.81
74.51
74.51
666.51
666.51
10.00
10.00
1480.11
1480.11
475.34
475.34
136.36
136.36
1381.76
1381.76
31.00
31.00
290.14
290.14
14.09
14.09
1724.88
1724.88
12.87
12.87
2738.83
2738.83
459.38
459.38
27.00
27.00
36.48
36.48
16.72
16.72
78.43
78.43
10.00
10.00
2325.12
2325.12
830.83
830.83
20.04
20.04
644.91
644.91
465.66
465.66
1706.13
1706.13
204.66
204.66
3122.93
3122.93
131.75
131.75
189.44
189.44
1541.12
1541.12
590.78
590.78
12.15
12.15
78.43
78.43
15.81
15.81
1961.00
1961.00
10.00
10.00
43.39
43.39
460.03
460.03
1027.64
1027.64
405.25
405.25
487.71
487.71
17.69
17.69
556.01
556.01
1018.11
1018.11
80.67
80.67
63.47
63.47
26.18
26.18
640.65
640.65
1763.84
1763.84
596.30
596.30
10.00
10.00
31.51
31.51
440.06
440.06
16.99
16.99
24.56
24.56
334.61
334.61
12.07
12.07
103.39
103.39
20.43
20.43
432.96
432.96
388.33
388.33
1880.35
1880.35
60.32
60.32
1689.46
1689.46
2694.64
2694.64
10.35
10.35
653.30
653.30
16.61
16.61
1336.31
1336.31
10.00
10.00
42.13
42.13
156.98
156.98
19.15
19.15
43.89
43.89
27.13
27.13
40.63
40.63
306.59
306.59
10.00
10.00
515.07
515.07
10.00
10.00
1539.89
1539.89
14.82
14.82
10.00
10.00
873.40
873.40
24.31
24.31
746.94
746.94
380.53
380.53
888.93
888.93
1647.00
1647.00
21.05
21.05
533.43
533.43
10.00
10.00
304.96
304.96
10.00
10.00
26.28
26.28
771.52
771.52
977.52
977.52
17.32
17.32
40.26
40.26
1786.63
1786.63
665.32
665.32
17.97
17.97
21.41
21.41
215.71
215.71
137.63
137.63
11.26
11.26
47.39
47.39
1497.36
1497.36
256.21
256.21
207.17
207.17
1177.25
1177.25
286.10
286.10
224.33
224.33
160.03
160.03
879.46
879.46
195.10
195.10
1040.04
1040.04
12.87
12.87
12.02
12.02
163.94
163.94
323.33
323.33
17.21
17.21
10.00
10.00
1702.04
1702.04
83.30
83.30
36.74
36.74
495.37
495.37
47.33
47.33
17.31
17.31
881.17
881.17
76.50
76.50
469.05
469.05
327.76
327.76
723.11
723.11
1391.86
1391.86
46.02
46.02
645.67
645.67
51.34
51.34
1060.97
1060.97
63.02
63.02
50.11
50.11
491.64
491.64
36.07
36.07
497.52
497.52
39.05
39.05
18.16
18.16
21.70
21.70
22.64
22.64
10.00
10.00
70.44
70.44
23.07
23.07
1482.19
1482.19
357.08
357.08
27.39
27.39
24.89
24.89
625.27
625.27
72.01
72.01
10.00
10.00
609.68
609.68
52.11
52.11
63.02
63.02
33.61
33.61
468.19
468.19
557.72
557.72
557.72
557.72
27.02
27.02
10.00
10.00
538.57
538.57
816.86
816.86
549.12
549.12
34.70
34.70
45.96
45.96
18.08
18.08
651.41
651.41
10.01
10.01
1144.88
1144.88
410.90
410.90
885.55
885.55
1196.37
1196.37
608.08
608.08
541.65
541.65
735.03
735.03
58.36
58.36
240.48
240.48
2122.15
2122.15
15.56
15.56
14.59
14.59
791.04
791.04
10.00
10.00
15.37
15.37
730.85
730.85
10.00
10.00
21.72
21.72
27.02
27.02
642.37
642.37
10.00
10.00
18.87
18.87
357.35
357.35
588.50
588.50
76.02
76.02
163.62
163.62
974.75
974.75
77.55
77.55
23.99
23.99
50.70
50.70
42.70
42.70
54.70
54.70
1134.35
1134.35
1017.96
1017.96
240.61
240.61
1030.77
1030.77
405.86
405.86
1080.12
1080.12
33.16
33.16
130.66
130.66
473.14
473.14
957.54
957.54
451.68
451.68
1490.87
1490.87
58.39
58.39
717.28
717.28
1735.72
1735.72
1735.72
14.62
14.62
14.62
14.62
16.72
16.72
667.85
1182.38
1182.38
454.84
454.84
10.00
10.00
31.12
31.12
721.25
721.25
258.89
258.89
18.71
18.71
443.86
443.86
454.00
454.00
11.16
11.16
30.27
30.27
30.27
10.00
23.46
23.46
716.34
716.34
480.26
480.26
588.54
588.54
588.54
27.72
2259.37
2259.37
285.34
285.34
640.23
640.23
473.47
473.47
10.00
10.00
588.33
588.33
775.99
775.99
886.47
886.47
669.86
669.86
125.91
125.91
310.36
310.36
10.00
10.00
23.45
23.45
1264.63
1264.63
31.19
31.19
31.19
300.72
30.02
30.02
662.67
662.67
43.56
43.56
43.56
389.54
46.47
46.47
2243.09
2243.09
626.79
626.79
2101.74
2101.74
19.09
19.09
22.41
22.41
1881.89
1881.89
10.00
10.00
248.18
248.18
1227.78
1227.78
104.79
104.79
1346.87
1346.87
640.97
640.97
76.94
76.94
561.29
561.29
818.16
818.16
26.98
26.98
865.40
865.40
134.81
134.81
17.96
17.96
16.28
16.28
473.84
473.84
83.07
83.07
2671.01
2671.01
670.19
670.19
12.25
12.25
546.12
546.12
1337.19
1337.19
159.51
159.51
18.53
18.53
10.80
10.80
464.26
464.26
256.67
256.67
512.72
512.72
436.14
436.14
11.40
11.40
209.31
209.31
71.84
71.84
71.84
1534.88
528.90
528.90
727.06
727.06
48.07
48.07
24.23
24.23
19.48
19.48
165.05
165.05
10.00
10.00
183.57
183.57
1345.24
1345.24
578.50
578.50
778.99
778.99
64.29
64.29
49.64
49.64
92.23
92.23
500.59
500.59
103.63
103.63
23.17
23.17
2293.99
2293.99
20.90
20.90
12.24
12.24
10.00
10.00
43.99
43.99
13.04
13.04
539.10
539.10
259.47
259.47
10.00
10.00
469.55
469.55
33.86
33.86
619.12
619.12
126.70
126.70
463.56
463.56
10.00
10.00
42.03
42.03
375.76
375.76
21.23
21.23
10.24
10.24
25.67
25.67
154.29
154.29
585.49
585.49
10.00
10.00
1159.67
1159.67
54.36
54.36
518.25
518.25
157.91
157.91
297.42
297.42
636.30
636.30
12.18
12.18
571.39
571.39
168.31
168.31
1129.05
1129.05
10.99
10.99
10.00
10.00
662.79
662.79
662.79
27.73
31.14
31.14
299.07
299.07
10.00
10.00
38.36
38.36
241.41
241.41
605.47
605.47
605.47
17.82
297.14
297.14
22.42
22.42
22.42
48.70
48.70
34.61
311.78
311.78
311.78
1289.64
1289.64
498.88
498.88
973.42
973.42
75.48
75.48
1324.04
1324.04
10.00
10.00
249.47
249.47
15.25
15.25
25.39
25.39
1190.94
1190.94
17.66
17.66
10.00
37.05
37.05
37.05
11.12
11.12
19.32
19.32
25.36
25.36
439.19
247.29
247.29
1554.86
1554.86
1554.86
25.57
25.57
1556.97
1556.97
982.33
982.33
854.99
305.81
305.81
455.17
455.17
455.17
563.07
563.07
12.72
12.72
875.67
875.67
112.84
112.84
499.78
499.78
573.07
11.06
11.06
11.06
488.21
488.21
10.00
10.00
31.13
31.13
2137.17
2137.17
16.90
16.90
454.65
454.65
33.71
33.71
24.63
24.63
201.51
201.51
21.85
21.85
797.93
797.93
29.33
29.33
1409.99
1409.99
10.00
10.00
155.78
155.78
248.16
248.16
19.70
19.70
13.07
13.07
10.00
10.00
27.45
27.45
1959.15
1959.15
565.85
565.85
75.67
75.67
423.10
423.10
47.15
47.15
1715.32
1715.32
28.30
28.30
12.16
12.16
944.29
944.29
49.20
49.20
786.58
786.58
1217.43
1217.43
1368.58
1368.58
1053.88
1053.88
957.99
957.99
502.56
502.56
635.74
635.74
434.07
434.07
542.68
542.68
1133.64
1133.64
284.55
284.55
15.64
34.23
34.23
34.23
17.38
17.38
1090.31
1090.31
58.27
58.27
182.81
182.81
518.69
518.69
843.78
843.78
597.84
597.84
488.91
488.91
599.44
599.44
15.32
15.32
77.95
23.14
23.14
55.84
55.84
55.84
971.28
971.28
640.12
640.12
1100.15
1100.15
14.62
14.62
1027.87
1027.87
10.00
143.97
143.97
143.97
50.32
50.32
163.89
163.89
419.64
419.64
373.24
373.24
460.23
460.23
10.00
10.00
103.30
1485.82
1485.82
1485.82
133.30
133.30
330.95
330.95
482.65
482.65
10.00
10.00
617.18
617.18
41.45
41.45
14.08
14.08
1423.18
1423.18
1992.50
1992.50
778.28
778.28
385.15
385.15
65.52
65.52
455.35
455.35
46.83
46.83
277.59
277.59
94.76
94.76
617.61
617.61
325.58
325.58
314.67
314.67
170.66
170.66
149.72
149.72
782.64
782.64
1163.81
1163.81
15.82
15.82
1573.24
1573.24
193.57
193.57
24.56
24.56
29.76
29.76
45.25
45.25
213.40
213.40
583.78
583.78
1455.35
1455.35
14.60
14.60
370.38
370.38
1035.79
1035.79
1122.45
1122.45
472.47
472.47
336.42
336.42
23.30
23.30
18.00
18.00
191.54
191.54
389.31
389.31
270.79
270.79
512.99
512.99
208.27
208.27
805.10
805.10
44.86
44.86
476.63
476.63
463.74
463.74
989.33
989.33
17.26
17.26
56.45
56.45
55.02
55.02
46.49
46.49
10.00
10.00
10.00
10.00
11.19
11.19
374.50
374.50
526.28
526.28
533.26
533.26
478.02
478.02
16.76
16.76
573.45
573.45
10.00
10.00
452.41
452.41
342.96
342.96
477.91
477.91
912.74
912.74
625.43
625.43
654.25
654.25
310.31
310.31
582.91
582.91
1221.76
1221.76
1795.81
1795.81
303.64
303.64
59.10
59.10
41.13
41.13
10.00
10.00
123.21
123.21
10.00
10.00
26.61
26.61
235.81
235.81
10.00
10.00
325.89
325.89
10.00
10.00
10.86
10.86
32.98
32.98
1538.12
1538.12
18.52
18.52
782.22
782.22
117.85
117.85
11.91
11.91
10.00
10.00
817.17
817.17
15.81
15.81
15.65
15.65
502.20
502.20
888.11
888.11
101.00
101.00
568.53
568.53
469.08
469.08
16.80
16.80
60.94
60.94
21.59
21.59
330.07
330.07
197.72
197.72
46.57
46.57
160.83
160.83
438.18
438.18
1353.79
1353.79
34.04
34.04
467.64
467.64
15.27
15.27
422.20
422.20
10.00
10.00
70.33
70.33
37.36
37.36
282.45
282.45
454.41
454.41
99.18
99.18
460.49
460.49
16.23
16.23
2360.00
2360.00
10.00
10.00
594.98
594.98
10.00
10.00
20.96
20.96
515.97
515.97
10.00
10.00
816.81
816.81
318.98
318.98
1301.00
1301.00
783.77
783.77
15.48
15.48
50.15
50.15
10.00
10.00
10.01
10.01
10.00
10.00
819.84
819.84
10.00
10.00
909.77
909.77
383.91
383.91
182.42
182.42
10.00
10.00
301.39
301.39
178.14
178.14
42.46
42.46
35.23
35.23
10.00
10.00
15.48
15.48
2553.45
2553.45
437.52
437.52
32.48
32.48
359.82
359.82
609.09
609.09
17.07
17.07
21.87
21.87
49.68
49.68
43.51
43.51
12.81
12.81
1081.82
1081.82
15.59
15.59
10.00
10.00
442.01
442.01
1695.03
1695.03
32.72
32.72
542.95
542.95
10.00
10.00
10.00
10.00
488.05
488.05
62.88
62.88
16.41
16.41
62.41
62.41
639.82
639.82
20.14
20.14
11.02
11.02
17.29
17.29
126.10
126.10
126.10
11.23
10.00
10.00
1085.94
1085.94
268.78
268.78
57.63
57.63
20.74
20.74
10.37
10.37
459.67
459.67
912.54
912.54
584.04
584.04
10.00
10.00
381.65
381.65
11.72
11.72
10.00
10.00
2913.97
2913.97
69.11
69.11
783.45
783.45
575.02
575.02
31.83
31.83
10.00
10.00
18.91
18.91
1241.62
1241.62
182.07
182.07
10.00
10.00
309.29
309.29
1434.43
1434.43
1450.74
1450.74
468.58
468.58
468.58
1163.82
680.88
680.88
53.97
53.97
17.46
17.46
79.03
79.03
578.51
578.51
1327.34
1327.34
13.43
13.43
13.40
13.40
1321.98
1321.98
15.76
15.76
30.25
30.25
10.00
10.00
12.97
12.97
187.09
187.09
10.00
10.00
725.36
725.36
433.13
433.13
1595.34
1595.34
1783.46
1783.46
1239.10
1239.10
99.82
99.82
20.19
20.19
17.95
17.95
994.06
994.06
22.38
22.38
871.77
871.77
12.73
12.73
22.80
22.80
449.28
449.28
597.58
597.58
10.00
10.00
23.34
23.34
25.53
25.53
24.98
24.98
587.85
587.85
1316.62
1316.62
27.01
27.01
19.46
19.46
337.09
337.09
281.59
281.59
463.52
463.52
412.90
412.90
181.77
181.77
49.98
49.98
15.74
15.74
573.37
573.37
10.00
10.00
21.64
21.64
794.56
794.56
10.00
10.00
284.63
284.63
269.77
269.77
1369.31
1369.31
658.00
658.00
29.94
29.94
273.53
273.53
1926.89
1926.89
463.13
463.13
15.73
15.73
885.09
885.09
815.16
815.16
364.17
364.17
763.61
763.61
1257.43
1257.43
137.86
137.86
843.73
843.73
819.15
819.15
10.00
10.00
176.54
176.54
74.50
74.50
1043.87
1043.87
403.94
403.94
15.66
15.66
735.94
735.94
18.19
18.19
915.47
915.47
49.07
49.07
80.86
80.86
10.00
10.00
184.24
184.24
623.82
623.82
495.66
495.66
16.08
16.08
303.32
303.32
10.37
10.37
1642.21
1642.21
10.00
10.00
10.00
10.00
1474.82
1474.82
659.78
659.78
13.19
13.19
25.87
25.87
202.28
202.28
18.36
18.36
18.36
187.55
1565.14
1565.14
45.26
45.26
335.17
335.17
668.35
668.35
1115.63
1115.63
964.15
964.15
164.44
164.44
495.43
495.43
495.43
46.78
38.04
38.04
467.61
467.61
530.31
530.31
28.17
28.17
357.40
357.40
46.54
46.54
172.63
172.63
402.99
402.99
534.42
534.42
134.62
134.62
1055.57
1055.57
1789.57
1789.57
494.83
494.83
718.20
718.20
216.33
216.33
35.12
35.12
82.84
82.84
1830.46
1830.46
2032.51
2032.51
23.19
23.19
21.58
21.58
459.45
459.45
837.31
837.31
1125.49
1125.49
200.37
200.37
200.37
356.05
245.12
245.12
1434.80
1434.80
197.08
197.08
197.08
2328.46
16.99
16.99
33.71
33.71
645.06
645.06
1465.98
1465.98
1623.63
1623.63
434.12
434.12
251.52
251.52
493.75
493.75
1475.58
1475.58
17.99
17.99
472.30
472.30
10.00
10.00
863.76
863.76
1771.21
1771.21
482.15
482.15
140.30
140.30
353.88
353.88
66.53
66.53
814.42
814.42
631.43
631.43
63.37
63.37
713.33
713.33
759.15
759.15
511.48
511.48
1335.26
1335.26
127.02
127.02
2025.41
2025.41
1383.86
1383.86
1448.37
1448.37
2129.99
2129.99
10.13
10.13
663.99
663.99
10.00
10.00
426.81
426.81
238.06
238.06
10.00
10.00
11.40
11.40
173.94
173.94
230.23
230.23
902.26
902.26
582.92
582.92
10.00
10.00
641.62
641.62
641.62
1345.14
55.06
55.06
1036.73
1036.73
644.19
644.19
18.94
18.94
18.94
982.92
65.55
65.55
10.00
10.00
10.00
596.13
596.13
189.91
189.91
1516.42
1516.42
24.07
24.07
85.43
85.43
10.99
466.31
466.31
466.31
10.00
10.00
40.23
40.23
24.44
24.44
282.61
282.61
24.58
24.58
10.35
10.35
270.43
270.43
17.53
17.53
512.53
512.53
445.88
445.88
604.04
484.38
484.38
36.94
36.94
804.88
804.88
804.88
41.54
41.54
1818.67
1818.67
496.77
496.77
24.55
24.55
763.88
763.88
486.69
486.69
141.83
141.83
11.32
11.32
525.21
1085.77
1085.77
1085.77
1404.64
1404.64
2329.00
468.93
468.93
10.00
10.00
10.00
1341.29
318.67
318.67
318.67
1152.30
1152.30
24.62
24.62
31.13
31.13
16.64
16.64
119.86
2227.44
2227.44
2227.44
682.04
682.04
553.75
553.75
1027.76
1027.76
368.26
512.22
512.22
398.15
398.15
398.15
156.80
156.80
27.02
27.02
200.70
200.70
444.31
444.31
644.45
644.45
433.00
433.00
130.41
130.41
215.79
215.79
32.26
32.26
1312.73
1312.73
681.56
681.56
457.14
457.14
323.87
323.87
1847.28
1847.28
10.00
10.00
737.76
737.76
366.01
366.01
1158.15
99.50
99.50
99.50
1203.60
1203.60
973.26
973.26
2407.07
2407.07
10.00
10.00
369.01
369.01
1263.45
1263.45
17.06
17.06
10.00
10.00
10.00
10.00
25.81
25.81
513.12
513.12
57.31
57.31
438.56
438.56
10.00
10.00
545.96
545.96
760.23
760.23
161.78
161.78
1242.23
1242.23
843.50
843.50
1814.70
1814.70
983.61
983.61
45.08
461.95
461.95
461.95
772.59
772.59
18.89
18.89
496.07
496.07
152.09
152.09
435.36
435.36
163.63
163.63
716.88
716.88
17.16
17.16
408.09
408.09
464.49
464.49
14.42
14.42
139.45
139.45
11.35
11.35
14.72
14.72
114.82
114.82
10.81
10.81
747.91
747.91
18.92
18.92
10.04
10.04
1442.47
1442.47
237.74
237.74
467.12
21.90
21.90
21.90
667.31
667.31
563.19
563.19
396.88
396.88
462.17
462.17
116.74
116.74
30.43
30.43
700.80
700.80
10.00
10.00
859.65
859.65
548.28
548.28
488.23
488.23
899.76
899.76
620.20
620.20
1098.94
1098.94
114.00
114.00
1217.09
1217.09
262.45
262.45
10.00
10.00
515.60
515.60
203.23
203.23
19.32
19.32
33.79
33.79
1760.50
1760.50
521.49
521.49
10.00
10.00
38.99
38.99
111.02
111.02
236.22
236.22
41.56
41.56
10.00
10.00
1038.19
1038.19
546.43
546.43
15.04
15.04
701.22
701.22
15.28
15.28
252.00
252.00
1649.29
1649.29
16.84
16.84
1899.01
1899.01
54.02
54.02
2196.01
2196.01
397.26
397.26
681.49
681.49
315.03
315.03
362.65
362.65
10.00
10.00
995.60
995.60
110.48
110.48
10.00
10.00
10.86
10.86
161.91
161.91
10.00
10.00
60.67
60.67
10.00
10.00
11.75
11.75
18.64
18.64
533.15
533.15
110.34
110.34
11.67
11.67
21.46
21.46
454.72
454.72
27.02
27.02
1831.11
1831.11
43.17
43.17
12.10
12.10
413.44
413.44
908.28
908.28
750.28
750.28
230.97
230.97
184.11
184.11
569.77
569.77
454.10
454.10
19.79
19.79
904.20
904.20
48.52
48.52
237.65
237.65
30.97
30.97
1537.15
1537.15
18.74
18.74
675.78
675.78
93.12
93.12
10.00
10.00
33.64
33.64
30.99
30.99
442.84
442.84
1050.03
1050.03
699.34
699.34
10.37
10.37
72.04
72.04
10.00
10.00
698.35
698.35
733.43
733.43
23.34
23.34
2213.88
2213.88
579.39
579.39
318.62
318.62
464.88
464.88
10.00
10.00
176.65
176.65
726.76
726.76
18.13
18.13
1137.05
1137.05
10.00
10.00
10.00
10.00
56.32
56.32
1020.45
1020.45
525.52
525.52
1433.95
1433.95
1141.44
1141.44
22.48
22.48
21.54
21.54
2246.09
2246.09
10.00
10.00
426.84
426.84
92.83
92.83
646.63
646.63
10.00
10.00
46.94
46.94
10.14
10.14
1058.15
1058.15
10.00
10.00
254.76
254.76
22.64
22.64
76.88
76.88
716.41
716.41
548.23
548.23
10.00
10.00
460.48
460.48
773.21
773.21
820.76
820.76
1359.45
1359.45
636.63
636.63
447.35
447.35
605.82
605.82
321.27
321.27
1195.44
1195.44
15.89
15.89
650.55
650.55
595.56
595.56
495.28
495.28
153.61
153.61
411.80
411.80
1103.23
1103.23
383.59
383.59
17.63
17.63
41.30
41.30
35.27
35.27
250.48
250.48
1608.05
1608.05
14.69
14.69
1172.85
1172.85
132.86
132.86
579.65
579.65
14.18
14.18
469.46
469.46
309.93
309.93
467.84
467.84
1153.09
1153.09
10.00
10.00
2287.01
2287.01
35.77
35.77
179.60
179.60
905.99
905.99
15.89
15.89
14.73
14.73
1188.46
1188.46
10.00
10.00
65.26
65.26
20.01
20.01
644.71
644.71
16.67
16.67
35.36
35.36
419.36
419.36
10.00
10.00
2034.61
2034.61
723.44
723.44
10.00
10.00
937.86
937.86
819.66
819.66
297.45
297.45
592.99
592.99
661.69
661.69
135.20
135.20
258.35
258.35
44.89
44.89
16.81
16.81
17.80
17.80
34.29
34.29
103.70
103.70
581.22
581.22
65.95
65.95
36.00
36.00
757.68
757.68
108.56
108.56
39.82
39.82
78.01
78.01
49.63
49.63
470.03
470.03
34.43
34.43
684.67
684.67
536.69
536.69
2465.88
2465.88
10.00
10.00
550.54
550.54
550.54
58.44
10.00
10.00
40.11
40.11
29.40
29.40
10.27
10.27
26.24
26.24
646.44
646.44
453.76
453.76
14.14
14.14
23.85
23.85
45.71
45.71
16.73
16.73
22.13
22.13
14.98
14.98
1371.15
1371.15
18.06
18.06
902.25
902.25
23.31
23.31
361.31
361.31
469.80
469.80
14.09
14.09
171.59
171.59
32.06
32.06
34.86
34.86
115.27
115.27
1102.14
1102.14
45.22
45.22
63.39
63.39
19.48
19.48
221.82
221.82
17.98
17.98
10.00
10.00
10.00
10.00
35.60
35.60
10.00
10.00
359.46
359.46
435.40
435.40
1439.20
1439.20
17.40
17.40
447.43
447.43
96.90
96.90
739.49
739.49
266.66
266.66
430.10
430.10
27.36
27.36
466.52
466.52
10.00
10.00
736.69
736.69
1052.75
1052.75
1302.26
1302.26
451.62
451.62
425.79
425.79
517.48
517.48
634.51
634.51
24.41
24.41
20.89
20.89
1216.72
1216.72
891.14
891.14
10.00
10.00
43.45
43.45
472.12
472.12
55.21
55.21
1401.07
1401.07
16.62
16.62
18.01
18.01
10.00
10.00
186.50
186.50
465.01
465.01
285.62
285.62
1666.87
1666.87
10.00
10.00
785.85
785.85
785.85
30.53
952.01
952.01
388.21
388.21
1791.29
1791.29
43.11
43.11
86.88
86.88
32.23
32.23
32.23
455.00
26.77
26.77
663.43
663.43
1142.98
1142.98
942.34
942.34
1095.91
1095.91
435.00
435.00
1174.36
1174.36
29.96
29.96
54.00
54.00
74.83
74.83
34.92
34.92
467.77
467.77
50.93
50.93
19.29
19.29
11.43
11.43
115.60
115.60
10.00
10.00
332.06
332.06
154.02
154.02
888.25
888.25
10.00
10.00
28.65
28.65
46.78
46.78
10.00
10.00
40.61
40.61
1088.54
1088.54
16.71
16.71
1215.67
1215.67
10.00
10.00
22.91
22.91
427.93
427.93
20.71
20.71
10.00
10.00
39.64
39.64
17.16
17.16
303.42
303.42
93.66
93.66
272.12
272.12
869.86
869.86
634.48
634.48
29.68
29.68
95.94
95.94
556.61
556.61
508.52
508.52
2055.98
2055.98
309.40
309.40
12.37
12.37
519.13
519.13
133.51
133.51
683.11
683.11
10.00
10.00
342.38
342.38
10.00
10.00
956.92
956.92
1408.83
1408.83
1408.83
1887.84
546.34
546.34
43.15
43.15
934.82
934.82
43.61
43.61
16.74
16.74
275.04
275.04
378.66
378.66
1097.98
1097.98
797.38
797.38
48.05
48.05
690.14
690.14
2422.47
2422.47
1313.29
1313.29
454.85
454.85
40.99
40.99
11.71
11.71
44.05
44.05
625.69
625.69
1064.26
1064.26
278.69
278.69
18.05
18.05
38.58
38.58
10.78
10.78
23.83
23.83
29.72
29.72
10.00
10.00
712.80
712.80
1501.79
1501.79
532.89
532.89
317.02
317.02
486.87
486.87
40.48
40.48
640.30
640.30
662.65
662.65
662.65
467.57
467.57
32.65
32.65
10.00
10.00
12.83
12.83
362.71
362.71
499.92
499.92
319.44
319.44
982.00
982.00
20.92
20.92
65.51
65.51
468.92
468.92
2683.40
2683.40
454.28
454.28
420.91
420.91
546.15
546.15
145.87
145.87
37.25
37.25
10.07
10.07
232.21
232.21
606.71
606.71
16.90
16.90
29.09
29.09
10.00
10.00
1615.43
1615.43
686.77
686.77
10.00
10.00
55.86
55.86
997.09
997.09
10.00
10.00
10.00
10.00
49.55
49.55
855.28
855.28
39.91
39.91
279.51
279.51
17.95
17.95
47.87
47.87
613.43
613.43
17.19
17.19
19.60
19.60
69.51
69.51
32.25
32.25
337.07
337.07
621.27
621.27
201.63
201.63
43.05
43.05
21.31
728.43
728.43
130.83
130.83
130.83
626.27
626.27
171.43
171.43
36.42
36.42
579.03
579.03
227.38
227.38
643.94
643.94
26.39
26.39
47.08
1788.26
1788.26
94.53
94.53
94.53
23.18
208.46
208.46
208.46
622.45
622.45
636.73
636.73
415.47
415.47
23.45
23.45
231.50
231.50
753.70
753.70
1113.29
1113.29
39.82
39.82
10.00
10.00
524.00
524.00
17.02
17.02
10.00
10.00
636.13
636.13
192.92
192.92
1326.53
1326.53
10.94
10.94
480.97
480.97
31.29
31.29
401.67
401.67
48.88
48.88
38.99
38.99
20.63
20.63
11.74
11.74
42.01
42.01
543.45
10.00
10.00
10.00
27.98
27.98
1377.98
1377.98
18.69
626.27
626.27
626.27
210.91
210.91
551.32
551.32
481.22
481.22
66.27
66.27
456.42
934.85
934.85
934.85
10.00
10.00
531.34
531.34
17.19
17.19
27.06
27.06
68.25
68.25
14.80
14.80
841.36
841.36
229.02
229.02
73.41
73.41
40.86
40.86
23.36
23.36
874.71
874.71
130.94
130.94
11.90
164.62
164.62
164.62
10.00
10.00
18.08
18.08
10.00
10.00
26.96
26.96
350.44
350.44
214.32
261.21
261.21
261.21
190.79
190.79
100.21
100.21
468.22
468.22
1353.53
1353.53
67.38
67.38
75.15
75.15
812.43
812.43
27.41
27.41
10.00
10.00
365.73
365.73
165.89
165.89
173.35
173.35
1012.30
1012.30
954.19
954.19
612.94
612.94
2188.43
2188.43
1055.03
1055.03
1284.54
1284.54
15.83
15.83
10.00
10.00
26.11
26.11
197.39
197.39
23.29
23.29
242.72
242.72
16.91
16.91
41.14
41.14
15.35
15.35
475.15
475.15
54.59
54.59
198.07
198.07
1986.97
1986.97
10.00
10.00
963.87
963.87
459.69
459.69
14.91
14.91
216.30
216.30
466.27
466.27
19.31
19.31
1063.39
1063.39
17.05
17.05
36.23
36.23
30.79
30.79
1196.94
1196.94
15.62
15.62
11.18
11.18
510.80
510.80
1084.52
1084.52
10.00
10.00
471.21
471.21
38.52
38.52
11.93
11.93
12.82
12.82
56.97
56.97
532.09
532.09
10.00
10.00
139.55
139.55
1351.14
1351.14
452.51
452.51
42.21
42.21
16.82
16.82
10.00
10.00
267.74
267.74
418.85
418.85
50.19
50.19
40.72
40.72
793.05
793.05
718.33
718.33
689.79
689.79
286.42
286.42
10.96
10.96
23.10
23.10
27.30
27.30
19.65
19.65
18.05
18.05
496.47
496.47
645.15
645.15
22.63
22.63
143.63
143.63
391.39
391.39
1928.84
1928.84
10.00
10.00
2092.53
2092.53
332.87
332.87
250.08
250.08
30.09
30.09
1070.11
1070.11
446.52
446.52
54.08
54.08
27.78
27.78
17.92
17.92
44.18
44.18
743.99
743.99
10.00
10.00
416.65
416.65
434.29
434.29
998.65
998.65
70.83
70.83
1985.20
1985.20
10.00
10.00
188.65
188.65
932.98
932.98
10.00
10.00
60.75
60.75
630.79
630.79
15.43
15.43
1098.62
1098.62
48.44
48.44
1208.59
1208.59
929.06
929.06
18.73
18.73
669.47
669.47
26.94
26.94
10.00
10.00
21.43
21.43
10.00
10.00
11.85
11.85
10.00
10.00
612.33
612.33
10.00
10.00
27.79
27.79
10.00
10.00
10.00
10.00
15.32
15.32
54.06
54.06
1933.30
1933.30
903.06
903.06
2080.19
2080.19
10.00
10.00
34.59
34.59
563.68
563.68
249.17
249.17
300.92
300.92
574.44
574.44
33.68
33.68
446.77
446.77
206.56
206.56
641.20
641.20
697.14
697.14
396.82
396.82
23.60
23.60
13.02
13.02
809.56
809.56
10.72
10.72
131.30
131.30
17.00
17.00
10.00
10.00
608.46
608.46
1845.35
1845.35
340.96
340.96
15.92
15.92
255.35
255.35
14.36
14.36
120.87
120.87
350.51
350.51
957.69
957.69
277.24
277.24
592.85
592.85
965.95
965.95
1359.21
1359.21
111.44
111.44
443.63
443.63
294.03
294.03
164.01
164.01
10.00
10.00
1033.22
1033.22
78.52
78.52
268.65
268.65
10.00
10.00
10.00
10.00
10.00
10.00
717.03
717.03
17.71
17.71
223.85
223.85
10.00
10.00
13.06
13.06
21.88
21.88
1128.27
1128.27
13.06
13.06
453.42
453.42
119.75
119.75
458.50
458.50
10.00
10.00
631.31
631.31
227.23
227.23
657.24
657.24
10.00
10.00
26.94
26.94
368.65
368.65
450.78
450.78
713.12
713.12
10.00
10.00
16.84
16.84
18.53
18.53
100.14
100.14
243.66
243.66
762.71
762.71
67.61
67.61
28.39
28.39
46.53
46.53
72.30
72.30
94.92
94.92
864.12
864.12
919.36
919.36
919.36
80.94
13.48
13.48
215.86
215.86
14.20
14.20
15.70
15.70
522.83
522.83
395.47
395.47
18.60
18.60
1149.71
1149.71
2461.94
2461.94
2266.06
2266.06
306.66
306.66
175.06
175.06
71.93
71.93
300.48
300.48
671.80
671.80
650.51
650.51
459.52
459.52
2292.63
2292.63
608.63
608.63
46.98
46.98
21.75
21.75
33.49
33.49
13.45
13.45
160.69
160.69
12.96
12.96
22.47
22.47
371.85
371.85
1926.28
1926.28
435.37
435.37
17.00
17.00
146.59
146.59
198.74
198.74
20.89
20.89
31.15
31.15
10.00
10.00
50.03
50.03
10.00
10.00
175.31
175.31
651.94
651.94
434.53
434.53
550.60
550.60
16.75
16.75
2219.44
2219.44
31.32
31.32
2708.94
2708.94
452.69
452.69
10.00
10.00
645.47
645.47
984.41
984.41
119.59
119.59
10.00
10.00
1081.42
1081.42
1081.42
1081.42
45.85
45.85
29.83
29.83
27.97
27.97
307.70
307.70
319.91
319.91
34.28
34.28
10.78
10.78
98.90
98.90
89.53
89.53
12.23
12.23
207.54
207.54
10.00
10.00
35.48
35.48
2128.82
2128.82
433.41
433.41
16.29
16.29
20.99
20.99
175.23
175.23
1695.66
1695.66
65.62
65.62
1438.70
1438.70
10.00
10.00
1047.50
1047.50
436.71
436.71
10.00
10.00
82.33
82.33
63.00
63.00
34.83
34.83
904.33
904.33
20.41
20.41
1512.70
1512.70
24.86
24.86
167.07
167.07
1539.64
1539.64
1539.64
23.96
19.42
19.42
608.44
608.44
12.60
12.60
47.37
47.37
831.50
831.50
838.09
838.09
14.43
14.43
264.77
264.77
462.69
462.69
462.69
10.00
10.00
10.00
728.34
728.34
14.74
14.74
502.53
502.53
1265.71
1265.71
1265.71
145.04
717.81
717.81
155.70
155.70
976.07
976.07
236.18
236.18
210.80
210.80
1252.48
1252.48
20.30
20.30
1078.71
1078.71
470.11
470.11
649.61
649.61
1022.99
1022.99
182.49
182.49
1475.60
1475.60
972.28
972.28
65.38
65.38
26.96
26.96
10.00
10.00
124.46
124.46
74.23
74.23
21.00
21.00
588.92
588.92
55.22
55.22
36.17
36.17
42.47
42.47
137.60
137.60
1697.49
1697.49
10.00
10.00
26.00
26.00
116.95
116.95
49.46
49.46
30.05
30.05
59.28
59.28
10.00
10.00
10.00
10.00
10.00
10.00
19.34
19.34
71.26
71.26
293.41
293.41
42.84
42.84
10.00
10.00
518.66
518.66
24.99
24.99
15.38
15.38
489.25
489.25
441.01
441.01
220.85
220.85
2508.44
2508.44
777.11
777.11
49.29
49.29
10.00
10.00
53.80
53.80
58.20
58.20
1916.78
1916.78
360.14
360.14
14.75
14.75
52.15
52.15
459.14
459.14
10.00
10.00
35.71
35.71
428.55
428.55
2551.14
2551.14
10.00
10.00
213.29
213.29
569.54
569.54
175.74
175.74
774.21
774.21
414.37
414.37
1360.75
1360.75
1360.75
584.50
15.84
15.84
15.84
381.75
40.10
40.10
40.10
211.51
211.51
57.20
57.20
55.73
55.73
17.07
17.07
538.58
538.58
768.46
768.46
24.43
24.43
463.77
463.77
10.00
10.00
21.14
21.14
65.43
65.43
16.66
16.66
557.57
557.57
10.00
10.00
2128.73
1331.95
1331.95
1179.56
1179.56
1179.56
10.00
10.00
567.04
567.04
253.08
253.08
1056.25
1056.25
51.31
51.31
153.84
153.84
10.00
10.00
1228.26
1228.26
320.50
320.50
10.00
10.00
10.72
10.72
16.88
16.88
476.35
476.35
920.22
920.22
10.00
10.00
472.25
472.25
10.00
10.00
371.95
371.95
2563.34
2563.34
10.00
10.00
851.23
851.23
17.97
464.24
464.24
464.24
36.07
36.07
640.88
640.88
10.00
10.00
49.66
49.66
10.00
10.00
257.09
257.09
18.37
18.37
1241.14
1241.14
10.00
10.00
278.88
278.88
29.31
774.72
774.72
774.72
39.13
39.13
29.76
29.76
10.00
10.00
141.85
141.85
11.71
11.71
18.54
18.54
205.67
205.67
593.21
593.21
45.40
45.40
10.00
10.00
476.97
636.42
636.42
636.42
30.16
30.16
260.12
260.12
650.16
650.16
15.52
15.52
539.56
539.56
31.73
31.73
840.18
840.18
18.74
18.74
41.26
41.26
558.54
558.54
51.41
51.41
451.28
451.28
720.27
720.27
10.00
10.00
12.31
12.31
824.79
427.23
427.23
1600.16
1600.16
2271.63
2271.63
2271.63
84.23
84.23
479.73
479.73
10.00
10.00
41.44
854.60
854.60
854.60
10.00
10.00
124.70
124.70
22.69
22.69
204.89
204.89
10.00
10.00
821.54
821.54
48.19
48.19
17.99
17.99
13.82
13.82
454.23
454.23
610.95
610.95
861.22
861.22
325.73
325.73
213.49
213.49
1417.60
1417.60
234.97
234.97
93.18
93.18
236.93
236.93
700.32
700.32
45.47
45.47
295.27
295.27
487.17
487.17
493.80
493.80
221.32
221.32
316.81
316.81
58.83
58.83
641.66
641.66
10.00
10.00
12.32
12.32
10.00
322.07
322.07
322.07
760.20
760.20
27.09
27.09
100.84
100.84
1502.80
1502.80
509.65
509.65
543.43
543.43
452.68
452.68
19.07
19.07
693.91
693.91
531.62
531.62
132.66
132.66
24.84
24.84
203.26
203.26
32.79
32.79
36.28
36.28
364.14
364.14
992.19
992.19
257.84
257.84
53.50
53.50
2269.24
2269.24
63.97
63.97
508.72
508.72
296.97
296.97
453.10
453.10
700.22
700.22
885.15
885.15
569.13
569.13
1861.41
1861.41
23.98
23.98
12.58
12.58
28.35
28.35
1290.42
1290.42
797.87
797.87
92.70
92.70
10.00
10.00
2195.97
2195.97
417.60
417.60
36.96
36.96
19.78
19.78
196.78
196.78
900.69
900.69
51.78
51.78
15.75
15.75
28.90
28.90
571.94
571.94
17.63
17.63
135.16
135.16
49.99
49.99
290.13
290.13
117.69
117.69
10.00
10.00
29.32
29.32
243.58
243.58
289.24
289.24
546.36
546.36
56.71
56.71
97.06
97.06
13.83
13.83
74.93
74.93
494.27
494.27
422.40
422.40
896.45
896.45
674.90
674.90
260.20
260.20
594.62
594.62
26.69
26.69
14.18
14.18
155.14
155.14
248.35
248.35
10.00
10.00
94.03
94.03
25.07
25.07
699.06
699.06
42.56
42.56
16.17
16.17
528.73
528.73
1357.48
1357.48
181.47
181.47
503.30
503.30
840.29
840.29
1169.66
1169.66
19.88
19.88
104.87
104.87
216.64
216.64
1863.29
1863.29
2332.54
2332.54
763.31
763.31
26.97
26.97
631.58
631.58
1946.00
1946.00
521.92
521.92
28.89
28.89
244.62
244.62
10.00
10.00
297.14
297.14
1015.51
1015.51
379.97
379.97
950.05
950.05
1495.30
1495.30
357.45
357.45
18.12
18.12
46.74
46.74
39.40
39.40
285.95
285.95
11.04
11.04
27.91
27.91
2214.96
2214.96
51.50
51.50
671.53
671.53
61.15
61.15
17.64
17.64
1609.55
1609.55
541.33
541.33
54.57
54.57
51.56
51.56
36.96
36.96
10.00
10.00
574.25
574.25
1260.22
1260.22
23.62
23.62
2526.67
2526.67
1613.63
1613.63
43.70
43.70
41.65
41.65
16.50
16.50
29.86
29.86
19.91
19.91
10.65
10.65
16.40
16.40
10.00
10.00
479.82
479.82
692.27
692.27
23.03
23.03
27.94
27.94
749.38
749.38
10.00
10.00
1619.47
1619.47
97.89
97.89
29.57
29.57
164.01
164.01
1213.96
1213.96
15.31
15.31
47.28
47.28
205.78
205.78
444.63
444.63
388.54
388.54
827.17
827.17
323.85
323.85
18.90
18.90
23.15
23.15
1900.26
1900.26
2102.72
2102.72
10.00
10.00
25.49
25.49
201.67
201.67
1438.33
1438.33
1905.82
1905.82
11.71
11.71
154.31
154.31
14.99
14.99
12.05
12.05
12.05
1592.07
1029.72
1029.72
176.34
176.34
20.83
20.83
469.08
469.08
274.65
274.65
549.70
549.70
397.62
397.62
41.90
41.90
10.00
10.00
21.16
21.16
456.93
456.93
10.00
10.00
555.24
555.24
1394.70
1394.70
78.23
78.23
11.01
11.01
1137.26
1137.26
599.85
599.85
967.91
967.91
16.98
16.98
34.05
34.05
609.23
609.23
10.00
10.00
1151.08
1151.08
67.11
67.11
1164.75
1164.75
804.03
804.03
804.03
520.11
2066.69
2066.69
746.00
746.00
1018.54
1018.54
48.09
48.09
21.86
21.86
203.67
203.67
20.92
20.92
1761.52
1761.52
306.51
306.51
33.70
33.70
47.07
47.07
10.00
10.00
10.00
10.00
416.35
416.35
1235.11
1235.11
481.49
481.49
1970.09
1970.09
10.00
10.00
442.97
442.97
171.17
171.17
24.99
24.99
29.69
29.69
315.96
315.96
10.00
10.00
1189.75
1189.75
1278.72
1278.72
489.83
489.83
16.85
16.85
456.26
456.26
18.05
18.05
16.80
16.80
49.94
49.94
636.89
636.89
55.74
55.74
280.95
280.95
436.51
436.51
88.57
88.57
317.99
317.99
125.78
125.78
10.00
10.00
45.23
45.23
48.38
48.38
580.87
580.87
58.40
58.40
704.28
704.28
177.33
177.33
501.57
501.57
10.00
10.00
351.37
351.37
1228.12
1228.12
24.75
24.75
2605.21
2605.21
501.14
501.14
468.07
468.07
17.62
17.62
1348.91
1348.91
269.15
269.15
791.91
791.91
1841.41
1841.41
130.01
130.01
1076.21
1076.21
587.71
587.71
33.70
33.70
687.31
687.31
13.16
13.16
46.16
46.16
20.85
20.85
353.79
353.79
769.14
769.14
41.86
41.86
1853.04
1853.04
10.00
10.00
674.10
674.10
2261.36
2261.36
230.62
230.62
10.00
10.00
10.00
10.00
375.99
375.99
1712.88
1712.88
22.46
22.46
443.28
443.28
10.00
10.00
40.91
40.91
583.47
583.47
624.08
624.08
16.47
16.47
1079.41
1079.41
163.12
163.12
33.62
33.62
410.17
410.17
10.00
10.00
311.14
311.14
22.54
22.54
16.89
16.89
1042.03
1042.03
459.56
459.56
465.36
465.36
172.20
172.20
10.83
10.83
1343.58
1343.58
11.36
11.36
1175.39
1175.39
1175.39
10.00
521.13
521.13
528.04
528.04
227.01
227.01
227.01
34.10
40.08
40.08
121.77
121.77
10.86
10.86
85.08
85.08
34.87
34.87
771.86
771.86
1398.43
1398.43
470.62
470.62
86.86
86.86
1497.43
1497.43
1121.40
1121.40
1536.84
1536.84
1018.45
1018.45
19.47
19.47
1434.92
1434.92
903.47
