# 1Hz Kbps trace generated by import_real_world_traces.py
1367.86
1239.85
1395.70
1395.70
1837.61
1837.61
543.90
543.90
1918.37
1918.37
2670.24
2670.24
2544.01
2544.01
2255.21
2255.21
2255.21
2750.78
2750.78
2962.43
2962.43
2428.81
2428.81
1183.50
1183.50
2751.14
2751.14
605.27
605.27
3352.77
3352.77
1972.23
1972.23
2338.71
2338.71
4021.57
4021.57
1990.79
1990.79
1886.14
1886.14
969.54
969.54
2963.70
2963.70
4254.50
4254.50
3232.22
3232.22
1391.93
1391.93
1155.75
1155.75
2278.57
2278.57
2278.57
2278.57
186.15
186.15
3527.72
3527.72
518.96
518.96
3124.03
3124.03
527.25
527.25
2809.52
2809.52
128.99
128.99
12.55
12.55
3983.63
3983.63
4042.32
4042.32
3404.51
3404.51
2102.16
2102.16
1596.50
1596.50
229.73
229.73
552.56
552.56
681.45
681.45
244.07
244.07
512.67
512.67
1457.47
1457.47
493.48
493.48
16.26
16.26
1424.52
1424.52
2892.67
2892.67
2892.67
2892.67
1010.97
1010.97
3680.10
3680.10
4128.64
4128.64
1427.34
1427.34
2978.90
2978.90
4168.86
4168.86
5638.23
5638.23
2801.70
2801.70
5032.48
5032.48
1270.89
1270.89
1367.19
1367.19
4995.39
4995.39
4995.39
4995.39
4995.39
4995.39
1528.09
1528.09
2237.40
2237.40
2237.40
2237.40
1144.32
1144.32
2432.63
2432.63
5099.47
5099.47
5099.47
5099.47
5099.47
5099.47
5085.84
5085.84
4557.46
4557.46
4296.54
4296.54
3915.46
3915.46
3915.46
3915.46
3915.46
3915.46
4986.22
4986.22
4815.18
4815.18
4817.81
4817.81
2560.02
2560.02
963.81
963.81
5018.40
5018.40
1823.49
1823.49
5245.56
5245.56
2423.28
2423.28
5671.40
5671.40
1398.17
1398.17
3370.35
3370.35
3370.35
3370.35
3388.17
3388.17
3388.17
3388.17
5299.88
5299.88
5299.88
5299.88
5299.88
5299.88
5299.88
5299.88
5299.88
5299.88
1548.17
1548.17
5569.98
5569.98
5569.98
5569.98
1836.92
1836.92
5519.97
5519.97
5519.97
5519.97
5519.97
5519.97
5559.89
5559.89
5559.89
5559.89
5559.89
5559.89
5213.20
5213.20
2385.45
2385.45
2519.58
2519.58
156.17
156.17
452.27
452.27
1558.63
1558.63
3105.38
3105.38
3849.81
3849.81
3849.81
3849.81
4652.13
4652.13
4976.47
4976.47
4927.33
4927.33
4927.33
4927.33
600.33
600.33
2624.18
2624.18
2502.25
2502.25
1516.87
1516.87
5266.14
5266.14
5266.14
5266.14
1540.05
1540.05
1680.94
1680.94
3311.43
3311.43
4048.56
4048.56
4048.56
4048.56
5310.34
5310.34
2662.23
2662.23
2730.13
2730.13
2730.13
2730.13
2730.13
2730.13
958.08
958.08
570.01
570.01
4464.87
4464.87
495.28
495.28
760.49
760.49
2652.35
2652.35
675.54
675.54
3293.94
3293.94
536.27
536.27
2658.47
2658.47
120.31
120.31
3505.43
3505.43
633.17
633.17
1731.60
1731.60
1596.98
1596.98
3880.29
3880.29
2837.99
2837.99
2441.41
2441.41
4447.10
4447.10
3371.95
3371.95
248.45
248.45
1898.92
1898.92
2428.61
2428.61
32.21
32.21
706.86
706.86
1064.20
1064.20
4748.69
4748.69
2632.44
2632.44
2098.87
2098.87
1841.21
1841.21
597.55
597.55
72.78
72.78
572.20
572.20
1371.40
1371.40
115.63
115.63
758.67
758.67
2110.67
2110.67
2814.49
2814.49
2814.49
2814.49
2814.49
2814.49
2925.40
2925.40
3133.62
3133.62
3133.62
3133.62
183.11
183.11
2799.38
2799.38
1032.52
1032.52
392.12
392.12
226.76
226.76
1992.42
1992.42
787.38
787.38
1064.20
1064.20
574.22
574.22
2691.40
2691.40
379.34
379.34
112.27
112.27
1056.87
1056.87
566.51
566.51
1272.07
1272.07
1419.02
1419.02
117.34
117.34
636.44
636.44
1339.74
1339.74
807.50
807.50
651.03
651.03
482.01
482.01
10.00
10.00
460.95
460.95
1443.50
1443.50
61.47
61.47
1636.54
1636.54
600.43
600.43
12.10
12.10
24.13
24.13
683.31
683.31
421.97
421.97
43.56
43.56
3655.68
3655.68
13.06
13.06
12.78
12.78
1699.11
1699.11
501.11
501.11
197.55
197.55
964.53
964.53
3363.73
3363.73
2726.42
2726.42
590.25
590.25
188.67
188.67
282.50
282.50
326.56
326.56
361.40
361.40
55.85
55.85
756.94
756.94
632.81
632.81
238.77
238.77
12.47
12.47
655.52
655.52
834.08
834.08
3864.13
3864.13
1788.22
1788.22
583.57
583.57
4308.92
4308.92
1492.59
1492.59
1222.92
1222.92
2364.49
2364.49
2317.37
2317.37
2369.11
2369.11
1077.76
1077.76
1388.05
1388.05
3581.10
3581.10
3581.10
3581.10
3581.10
3581.10
596.77
596.77
3833.13
3833.13
1168.05
1168.05
1578.39
1578.39
3817.14
3817.14
3817.14
3817.14
3911.44
3911.44
1650.21
1650.21
115.74
115.74
3952.36
3952.36
54.52
54.52
2214.54
2214.54
533.19
533.19
1948.35
1948.35
2044.29
2044.29
709.22
709.22
2027.74
2027.74
579.57
579.57
934.71
934.71
1858.89
1858.89
1627.53
1627.53
3473.23
3473.23
1180.12
1180.12
1927.55
1927.55
1927.55
1927.55
4291.67
4291.67
443.78
443.78
4007.78
4007.78
160.10
160.10
1090.20
1090.20
116.55
116.55
1563.68
1563.68
930.70
930.70
290.97
290.97
597.00
597.00
330.10
330.10
3547.41
3547.41
1408.77
1408.77
1005.34
1005.34
2353.62
2353.62
3972.50
3972.50
4006.28
4006.28
239.34
239.34
1366.39
1366.39
3699.00
3699.00
1911.37
1911.37
2802.39
2802.39
1056.01
1056.01
4265.08
4265.08
3143.70
3143.70
29.05
29.05
11.58
11.58
2105.12
2105.12
2355.11
2355.11
2453.30
2453.30
3919.84
3919.84
4619.90
4619.90
3589.11
3589.11
4202.46
4202.46
67.01
67.01
3266.86
3266.86
292.69
292.69
1749.03
1749.03
1580.42
1580.42
1372.74
1372.74
203.45
203.45
343.95
343.95
1147.90
1147.90
2797.56
2797.56
957.61
957.61
1026.42
1026.42
927.00
927.00
4184.42
4184.42
1335.47
1335.47
2670.54
2670.54
12.84
12.84
4366.78
4366.78
4432.20
4432.20
3685.75
3685.75
3648.00
3648.00
1243.93
1243.93
2459.49
2459.49
1863.59
1863.59
3219.45
3219.45
3958.09
3958.09
2239.38
2239.38
1366.06
1366.06
734.61
734.61
4438.42
4438.42
4684.00
4684.00
2165.74
2165.74
4393.95
4393.95
343.56
343.56
1524.35
1524.35
974.86
974.86
4981.33
4981.33
4061.31
4061.31
4933.61
4933.61
3802.26
3802.26
3802.26
3802.26
654.71
654.71
594.85
594.85
2656.41
2656.41
2418.52
2418.52
1218.65
1218.65
4039.89
4039.89
815.62
815.62
2834.40
2834.40
2605.54
2605.54
239.95
239.95
678.63
678.63
169.90
169.90
4108.82
4108.82
4195.80
4195.80
4478.46
4478.46
174.49
174.49
225.35
225.35
93.06
93.06
637.67
637.67
637.67
1005.24
3761.22
3761.22
242.71
242.71
1910.64
1910.64
2238.72
2238.72
848.67
848.67
848.67
1317.25
1832.48
1832.48
2437.19
2437.19
3049.17
3049.17
506.03
506.03
557.44
557.44
4197.54
4197.54
592.94
592.94
3956.34
3956.34
3956.34
476.14
4475.83
4475.83
421.65
421.65
1238.34
1238.34
2143.78
2143.78
22.10
22.10
2122.71
2122.71
2122.71
2122.71
1277.29
1277.29
1061.22
1061.22
2467.12
2467.12
2467.12
2467.12
430.14
430.14
624.55
624.55
935.93
935.93
356.75
356.75
291.31
291.31
1159.15
1159.15
715.26
715.26
715.26
360.38
670.53
670.53
456.57
456.57
1204.27
1204.27
203.73
203.73
487.04
487.04
487.04
1446.10
38.63
38.63
313.72
313.72
1903.60
1903.60
471.64
471.64
1271.54
1271.54
803.79
803.79
547.00
547.00
304.49
304.49
2724.48
2724.48
2946.02
2946.02
436.79
436.79
12.39
12.39
658.71
658.71
1865.63
1865.63
1938.08
1938.08
1124.16
1124.16
538.80
538.80
551.65
551.65
3513.42
3513.42
2197.10
2197.10
263.07
263.07
675.36
675.36
1094.07
1094.07
26.36
26.36
3290.74
3290.74
2245.81
2245.81
3077.25
3077.25
3077.25
2777.23
950.45
950.45
1881.12
1881.12
627.96
627.96
85.57
85.57
85.57
804.05
804.05
2099.66
3255.23
3255.23
3255.23
3195.63
3195.63
2969.12
1356.30
1356.30
1356.30
1043.50
647.49
647.49
647.49
1550.92
1550.92
1100.80
1100.80
10.59
10.59
133.03
133.03
55.83
55.83
653.81
653.81
769.78
769.78
13.22
13.22
4609.83
4609.83
765.00
765.00
2844.93
2844.93
371.43
371.43
4496.85
4496.85
4496.85
4496.85
4496.85
4496.85
4496.85
4496.85
4496.85
4496.85
4570.53
4570.53
1256.29
1256.29
4518.48
4518.48
4758.63
4758.63
4758.63
4758.63
4442.60
4442.60
725.63
725.63
1557.36
1557.36
4848.86
4848.86
2313.08
2313.08
2799.38
2799.38
4921.98
4921.98
4555.25
4555.25
2873.85
2873.85
4861.18
4861.18
5577.04
5577.04
3621.92
3621.92
5684.02
5684.02
2576.99
2576.99
3216.20
3216.20
4530.43
4530.43
320.78
320.78
2931.37
2931.37
2948.30
2948.30
3426.49
3426.49
3426.49
3426.49
4647.73
4647.73
4647.73
4647.73
4647.73
4647.73
4647.73
4647.73
4756.72
4756.72
4756.72
4756.72
4756.72
4756.72
11.90
11.90
1885.14
1885.14
2135.00
2135.00
3578.19
3578.19
4643.77
4643.77
4410.29
4410.29
2768.94
2768.94
3081.32
3081.32
3956.45
3956.45
2396.11
2396.11
4663.19
4663.19
4663.19
4663.19
4461.08
4461.08
3570.74
3570.74
4395.87
4395.87
669.92
669.92
2148.15
2148.15
2516.13
2516.13
3708.81
3708.81
4564.41
4564.41
4564.41
4564.41
768.25
768.25
3389.10
3389.10
4788.19
4788.19
4788.19
4788.19
1537.50
1537.50
3489.72
3489.72
4749.51
4749.51
4783.31
4783.31
4783.31
4783.31
4377.31
4377.31
4092.93
4092.93
4092.93
4092.93
3621.04
3621.04
4034.97
4034.97
3178.22
3178.22
3178.22
3178.22
2043.44
2043.44
2094.70
2094.70
2709.78
2709.78
1940.94
1940.94
2472.31
2472.31
2472.31
2472.31
3317.09
3317.09
2735.38
2735.38
2735.38
2735.38
2191.45
2191.45
2244.77
2244.77
3736.36
3736.36
3506.04
3506.04
3506.04
3506.04
3662.70
3662.70
3662.70
3662.70
1408.63
1408.63
2413.08
2413.08
2737.18
2737.18
3999.18
3999.18
1667.71
1667.71
4480.66
4480.66
4480.66
4480.66
4480.66
4480.66
4480.66
4480.66
3125.18
3125.18
3703.05
3703.05
3618.16
3618.16
3618.16
3618.16
3618.16
3618.16
3618.16
3618.16
4920.76
4920.76
4920.76
4920.76
2091.29
2091.29
4969.10
4969.10
1221.77
1221.77
4024.61
4024.61
4024.61
4024.61
2353.11
2353.11
4075.76
4075.76
650.39
650.39
948.68
948.68
1087.18
1087.18
796.00
796.00
472.33
472.33
4020.56
4020.56
178.87
178.87
1631.92
1631.92
2613.72
2613.72
12.41
12.41
1073.33
1073.33
1778.11
1778.11
3424.53
3424.53
3424.53
3424.53
2512.88
2512.88
126.42
126.42
2543.04
2543.04
272.47
272.47
2661.75
2661.75
3277.68
3277.68
3277.68
3277.68
3277.68
3277.68
3077.52
3077.52
3724.40
3724.40
1780.76
1780.76
2094.70
2094.70
662.80
662.80
4026.88
4026.88
3985.17
3985.17
3985.17
3985.17
3985.17
3985.17
3428.14
3428.14
669.68
669.68
2480.54
2480.54
2480.54
2480.54
1104.47
1104.47
2363.21
2363.21
2469.56
2469.56
4200.97
4200.97
2668.20
2668.20
602.22
602.22
3281.49
3281.49
4424.56
4424.56
598.11
598.11
2141.36
2141.36
2141.36
2141.36
2334.35
2334.35
2088.62
2088.62
230.24
230.24
4513.93
4513.93
3532.36
3532.36
4044.34
4044.34
4044.34
4044.34
4044.34
4044.34
4044.34
4044.34
4044.34
4044.34
4044.34
4044.34
2858.43
2858.43
2858.43
2858.43
2858.43
2858.43
2858.43
2858.43
2858.43
2858.43
2858.43
2858.43
4452.85
4452.85
4452.85
4452.85
4452.85
4452.85
4452.85
4452.85
4452.85
4452.85
155.00
155.00
859.76
859.76
1320.88
1320.88
2292.80
2292.80
1894.20
1894.20
1523.53
1523.53
1079.28
1079.28
3910.68
3910.68
2258.26
2258.26
134.99
134.99
1171.12
1171.12
2243.77
2243.77
1049.31
1049.31
3984.60
3984.60
3984.60
3984.60
3984.60
3984.60
3772.52
3772.52
3772.52
3772.52
3772.52
3772.52
3772.52
3772.52
4170.11
4170.11
3529.09
3529.09
3529.09
3529.09
3529.09
3529.09
3529.09
3529.09
3529.09
3529.09
3529.09
3529.09
3529.09
3529.09
3529.09
3529.09
3529.09
3529.09
4121.17
4121.17
2082.94
2082.94
1172.35
1172.35
1631.19
1631.19
4447.47
4447.47
4424.95
4424.95
4424.95
4424.95
4424.95
4424.95
4424.95
4424.95
4424.95
4424.95
4424.95
4424.95
4424.95
4424.95
1436.67
1436.67
4079.43
4079.43
654.95
654.95
2236.29
2236.29
3479.45
3479.45
3479.45
3479.45
3479.45
3479.45
3479.45
3479.45
4019.99
4019.99
4019.99
4019.99
4019.99
4019.99
1885.88
1885.88
2122.74
2122.74
2520.93
2520.93
2520.93
2520.93
2520.93
2520.93
2520.93
2520.93
2520.93
2520.93
2520.93
2520.93
2754.56
2754.56
2754.56
2754.56
4225.66
4225.66
4225.66
4225.66
4225.66
4225.66
4225.66
4225.66
4225.66
4225.66
2628.39
2628.39
1157.94
1157.94
4004.30
4004.30
2485.51
2485.51
1958.75
1958.75
1958.75
1958.75
1958.75
1958.75
2116.49
2116.49
2116.49
2116.49
2116.49
2116.49
2290.95
2290.95
2290.95
2290.95
2036.19
2036.19
841.18
841.18
575.83
575.83
2361.11
2361.11
1347.48
1347.48
1347.48
1347.48
2425.16
2425.16
2425.16
2425.16
2425.16
2425.16
2090.94
2090.94
2520.32
2520.32
2692.08
2692.08
2853.75
2853.75
3165.99
3165.99
2729.10
2729.10
3145.16
3145.16
3374.93
3374.93
2991.50
2991.50
3543.24
3543.24
3152.69
3152.69
4155.04
4155.04
875.88
875.88
3565.48
3565.48
4230.35
4230.35
4230.35
4230.35
4230.35
4230.35
4230.35
4230.35
4230.35
4230.35
4230.35
4230.35
4230.35
4230.35
4230.35
4230.35
4230.35
4230.35
4534.64
4534.64
4534.64
4534.64
4534.64
4534.64
4534.64
4534.64
4534.64
4534.64
4534.64
4534.64
2264.89
2264.89
2264.89
2264.89
1974.60
1974.60
2841.16
2841.16
1024.36
1024.36
2948.03
2948.03
3450.70
3450.70
3450.70
3450.70
153.96
153.96
904.97
904.97
1547.35
1547.35
465.53
465.53
654.62
654.62
1704.81
1704.81
4999.05
4999.05
4999.05
4999.05
4833.48
4833.48
4736.70
4736.70
2223.76
2223.76
2223.76
2223.76
816.68
816.68
818.50
818.50
1647.13
1647.13
3619.98
3619.98
2048.46
2048.46
1698.60
1698.60
3034.33
3034.33
3132.91
3132.91
1926.80
1926.80
579.69
579.69
2211.75
2211.75
3275.74
3275.74
2513.51
2513.51
408.58
408.58
2589.87
2589.87
533.16
533.16
601.75
601.75
1087.12
1087.12
1126.36
1126.36
4447.04
4447.04
2189.64
2189.64
620.69
620.69
1105.92
1105.92
1061.04
1061.04
2244.25
2244.25
2459.84
2459.84
271.10
271.10
2242.99
2242.99
1565.92
1565.92
2231.13
2231.13
122.55
122.55
12.28
12.28
12.28
327.65
327.65
697.92
1429.22
1429.22
2680.17
2680.17
2002.80
2002.80
732.91
732.91
568.98
568.98
3956.43
3956.43
3320.35
3320.35
1079.12
1079.12
3959.70
3959.70
3959.70
1996.31
4188.21
4188.21
3763.35
3763.35
1011.15
1011.15
3115.76
3115.76
4616.60
4616.60
4616.60
1872.03
1872.03
615.19
160.12
160.12
115.97
115.97
10.00
10.00
372.89
372.89
372.89
2336.67
2336.67
3436.05
2469.64
2469.64
58.27
58.27
58.27
3824.66
130.92
130.92
210.35
210.35
280.62
280.62
1687.11
1687.11
1687.11
1687.11
2241.09
2241.09
2029.36
2029.36
67.18
67.18
2614.44
2614.44
2614.44
980.32
980.32
127.59
127.59
101.77
173.61
173.61
295.35
295.35
295.35
2588.75
1052.18
1052.18
10.00
10.00
1989.20
1989.20
1989.20
2182.06
979.37
979.37
1282.79
1282.79
1282.79
2133.81
4845.32
4845.32
3376.53
3376.53
80.72
80.72
3082.26
3082.26
10.71
10.71
10.71
150.57
2756.40
2756.40
10.00
10.00
10.00
2355.69
206.51
206.51
32.46
32.46
20.55
20.55
3687.25
3687.25
291.34
291.34
26.55
26.55
10.00
10.00
1445.45
1445.45
75.47
75.47
595.47
595.47
1042.34
1042.34
1042.34
1364.81
77.15
77.15
347.08
347.08
168.08
168.08
1345.37
1345.37
1856.47
1856.47
63.48
63.48
63.48
3352.83
2154.32
2154.32
278.29
278.29
278.29
25.21
328.30
328.30
124.59
124.59
533.90
533.90
3138.78
3138.78
3318.62
3318.62
2391.64
2391.64
2391.64
1793.14
1237.95
1237.95
3222.34
3222.34
13.58
13.58
2017.64
2017.64
1285.11
1285.11
385.90
385.90
2941.58
2941.58
29.41
29.41
2053.89
2053.89
4675.53
4675.53
3409.20
3409.20
163.15
163.15
153.88
153.88
10.00
10.00
10.23
10.23
2950.72
2950.72
623.82
623.82
623.82
4789.74
10.00
10.00
653.75
653.75
2603.58
2603.58
1050.53
1050.53
40.38
40.38
137.71
137.71
137.71
396.39
396.39
2242.70
1977.33
1977.33
2766.51
2766.51
2766.51
3303.02
3853.27
3853.27
1884.56
1884.56
1884.56
4207.81
20.96
20.96
1399.16
1399.16
2262.95
2262.95
1479.55
1479.55
3511.43
3511.43
2015.61
2015.61
2015.61
3830.83
180.36
180.36
180.36
328.43
328.43
2587.82
333.48
333.48
333.48
283.98
3772.77
3772.77
3772.77
1931.59
1931.59
3917.71
3917.71
819.36
819.36
403.56
403.56
1743.18
1743.18
1743.18
1743.18
1743.18
1743.18
1671.18
1671.18
143.82
143.82
1325.85
1325.85
2863.70
2863.70
2863.70
2863.70
1665.61
1665.61
867.32
867.32
435.31
435.31
33.18
33.18
114.35
114.35
1426.84
1426.84
868.69
868.69
771.03
771.03
3395.55
3395.55
3395.55
3395.55
3395.55
3395.55
940.77
940.77
597.02
597.02
2035.00
2035.00
1382.89
1382.89
1730.52
1730.52
1961.97
1961.97
2102.93
2102.93
1451.96
1451.96
2723.95
2723.95
2350.75
2350.75
2623.76
2623.76
2850.74
2850.74
21.35
21.35
461.91
461.91
21.84
21.84
629.22
629.22
1959.42
1959.42
2638.47
2638.47
777.70
777.70
2649.19
2649.19
2649.19
2649.19
3056.39
3056.39
3056.39
3056.39
3176.80
3176.80
2906.79
2906.79
3024.02
3024.02
32.25
32.25
3225.50
3225.50
2824.54
2824.54
2833.67
2833.67
2974.36
2974.36
3113.71
3113.71
593.05
593.05
158.72
158.72
3767.63
3767.63
2973.57
2973.57
3718.17
3718.17
3046.01
3046.01
3046.01
3046.01
3046.01
3046.01
3342.90
3342.90
222.08
222.08
2847.12
2847.12
747.26
747.26
1278.91
1278.91
3511.74
3511.74
3867.64
3867.64
3747.51
3747.51
4469.50
4469.50
4023.50
4023.50
3818.16
3818.16
4718.23
4718.23
3087.66
3087.66
5162.09
5162.09
2649.18
2649.18
2677.59
2677.59
4543.56
4543.56
2981.04
2981.04
4959.26
4959.26
4091.95
4091.95
4662.40
4662.40
4841.11
4841.11
4468.98
4468.98
4464.45
4464.45
1680.72
1680.72
2251.50
2251.50
2716.50
2716.50
4530.03
4530.03
1567.78
1567.78
1270.66
1270.66
10.18
10.18
1558.99
1558.99
3631.58
3631.58
3854.94
3854.94
1214.87
1214.87
3042.32
3042.32
284.21
284.21
4577.15
4577.15
5042.09
5042.09
4142.50
4142.50
5167.84
5167.84
1888.17
1888.17
10.84
10.84
540.92
540.92
4005.54
4005.54
4667.22
4667.22
2106.22
2106.22
2106.22
2106.22
2106.22
2106.22
2106.22
2106.22
2106.22
2106.22
2106.22
2106.22
2106.22
2106.22
2106.22
2106.22
2106.22
2106.22
2106.22
2106.22
2106.22
2106.22
1859.43
5462.16
752.49
2386.29
3157.96
3452.79
1691.78
1691.78
964.04
964.04
2128.03
2128.03
1068.62
1068.62
1771.43
1771.43
143.41
143.41
2920.13
2920.13
1250.76
1250.76
3013.50
3013.50
5096.42
5096.42
301.48
301.48
18.96
18.96
4237.11
4237.11
714.29
714.29
565.70
565.70
2283.60
2283.60
850.05
850.05
977.77
977.77
1990.93
1990.93
1017.88
1017.88
89.18
89.18
290.78
290.78
1530.62
1530.62
2310.99
2310.99
3393.19
3393.19
1998.82
1998.82
1998.82
1998.82
465.17
465.17
465.17
465.17
746.94
746.94
923.48
923.48
596.82
596.82
715.09
715.09
598.47
598.47
467.45
467.45
2155.07
2155.07
1741.39
1741.39
1633.23
1633.23
109.79
109.79
561.07
561.07
561.07
561.07
697.03
697.03
2704.62
2704.62
2866.85
2866.85
1869.26
1869.26
2312.79
2312.79
2963.45
2963.45
3404.41
3404.41
1345.94
1345.94
2850.73
2850.73
3071.49
3071.49
3357.41
3357.41
3156.78
3156.78
1937.15
1937.15
1937.15
1937.15
1937.15
1937.15
1937.15
1937.15
1937.15
1937.15
3282.75
3282.75
305.22
305.22
3202.71
3202.71
2827.74
2827.74
1445.16
1445.16
1445.16
1445.16
1250.68
1250.68
10.78
10.78
1451.37
1451.37
2066.32
2066.32
831.26
831.26
2077.10
2077.10
645.27
645.27
1353.83
1353.83
1353.83
1353.83
1527.25
1527.25
1110.00
1110.00
1110.00
1110.00
1110.00
1110.00
117.16
117.16
3617.36
3617.36
2864.99
2864.99
2864.99
2864.99
3163.13
3163.13
2770.01
2770.01
2418.21
2418.21
375.29
375.29
157.80
157.80
618.02
618.02
698.98
698.98
2664.52
2664.52
3559.48
3559.48
3950.71
3950.71
3950.71
3950.71
3907.21
3907.21
3907.21
3907.21
3907.21
430.95
2328.45
2328.45
1566.07
1566.07
1566.07
1632.71
3528.76
3528.76
3528.76
238.49
976.92
976.92
3719.15
3719.15
3719.15
1752.41
3157.24
3157.24
729.05
729.05
1278.68
1278.68
1278.68
2435.49
114.35
114.35
114.35
1300.15
1300.15
217.27
1897.11
1897.11
235.56
235.56
3578.29
3578.29
4870.14
4870.14
2383.01
2383.01
1867.38
1867.38
2766.31
2766.31
1435.97
1435.97
1435.97
10.00
10.00
710.02
2905.48
2905.48
1442.46
1442.46
146.00
146.00
146.00
4290.00
2354.77
2354.77
2354.77
90.42
444.27
444.27
444.27
1284.09
1284.09
2953.39
593.85
593.85
3736.64
3736.64
3736.64
4191.43
1045.14
1045.14
2521.54
2521.54
2521.54
595.63
2479.50
2479.50
1218.52
1218.52
1218.52
463.42
463.42
2694.21
2694.21
3976.48
1841.15
1841.15
1956.23
1956.23
5042.29
5042.29
4159.01
4159.01
2618.40
2618.40
3977.19
3977.19
4065.93
4065.93
1861.95
1861.95
5245.14
5245.14
5116.75
5116.75
2865.25
2865.25
4788.00
4788.00
4788.00
1515.14
1515.14
457.20
4495.35
4495.35
2129.46
2129.46
4758.70
4758.70
3562.92
3562.92
2707.06
2707.06
94.18
94.18
94.18
1800.82
2883.82
2883.82
4946.91
4946.91
2950.80
2950.80
2381.97
2381.97
3457.74
3457.74
2342.87
2342.87
2488.49
2488.49
2911.81
2911.81
2911.81
1603.66
4456.11
4456.11
3049.69
3049.69
1453.73
1453.73
4068.41
4068.41
4876.71
4876.71
4876.71
4068.31
4068.31
3934.34
4481.51
4481.51
4481.51
4689.85
662.00
662.00
3222.69
3222.69
10.55
10.55
4677.62
4677.62
3926.55
3926.55
3926.55
3982.29
2537.20
2537.20
4027.53
4027.53
4027.53
4348.97
349.98
349.98
4880.94
4880.94
4880.94
5455.44
5076.49
5076.49
3449.09
3449.09
457.41
457.41
457.41
1853.85
4135.52
4135.52
4058.02
4058.02
1829.19
1829.19
2490.29
2490.29
597.36
597.36
209.55
209.55
2360.20
2360.20
10.00
10.00
1675.24
1675.24
3626.61
3626.61
5781.81
5781.81
5067.74
5067.74
2210.85
2210.85
10.00
10.00
10.00
10.00
10.00
523.72
12.03
12.03
4581.01
4581.01
4581.01
646.93
646.93
968.71
3310.07
3310.07
3310.07
922.93
1325.63
1325.63
1325.63
554.99
554.99
1019.59
10.00
10.00
10.00
1181.18
1181.18
398.39
398.39
100.10
100.10
10.09
10.09
2834.65
2834.65
1854.97
1854.97
2615.59
2615.59
4261.76
4261.76
2511.44
2511.44
451.82
451.82
2818.07
2818.07
405.41
405.41
4702.25
4702.25
172.46
172.46
1343.32
1343.32
1242.76
1242.76
608.61
608.61
457.01
457.01
2607.18
2607.18
1031.20
1031.20
3353.76
3353.76
363.43
363.43
1099.92
1099.92
1790.93
1790.93
689.30
689.30
21.27
21.27
115.60
115.60
980.66
980.66
938.80
938.80
110.00
110.00
1922.39
1922.39
2080.50
2080.50
2966.90
2966.90
284.04
284.04
3898.65
3898.65
3898.65
3898.65
3032.29
3032.29
375.68
375.68
93.67
93.67
2898.27
2898.27
3036.98
3036.98
250.85
250.85
1183.20
1183.20
3403.50
3403.50
2163.28
2163.28
1758.33
1758.33
527.33
527.33
2990.27
2990.27
486.84
486.84
2203.56
2203.56
10.41
10.41
483.91
483.91
22.34
22.34
29.77
29.77
568.01
568.01
3302.94
3302.94
663.14
663.14
687.68
687.68
3867.05
3867.05
763.83
763.83
3410.10
3410.10
4901.17
4901.17
4017.11
4017.11
232.24
232.24
647.74
647.74
902.54
902.54
3656.29
3656.29
3041.63
3041.63
1790.77
1790.77
592.22
592.22
767.33
767.33
3685.72
3685.72
3644.46
3644.46
4070.67
4070.67
2981.97
2981.97
129.18
129.18
611.41
611.41
1216.72
1216.72
11.63
11.63
1314.63
1314.63
1648.93
1648.93
1736.65
1736.65
2120.22
2120.22
2120.22
2120.22
2187.18
2187.18
2187.18
2187.18
2187.18
2187.18
2187.18
2187.18
2211.01
2211.01
2211.01
2211.01
1331.04
1331.04
1174.14
1174.14
1174.14
1174.14
1174.14
1174.14
153.48
153.48
1247.56
1247.56
1511.24
1511.24
353.52
353.52
280.11
280.11
307.20
307.20
315.64
315.64
1826.54
1826.54
1595.70
1595.70
845.87
845.87
1287.63
1287.63
1468.85
1468.85
547.59
547.59
2268.56
2268.56
396.27
396.27
1173.15
1173.15
3409.80
3409.80
2049.06
2049.06
636.03
636.03
1084.21
1084.21
419.85
419.85
605.23
605.23
3453.72
3453.72
3409.93
3409.93
69.56
69.56
585.39
585.39
1622.94
1622.94
3340.03
3340.03
657.28
657.28
4542.68
4542.68
1421.89
1421.89
577.47
577.47
2474.62
2474.62
12.66
12.66
2717.30
2717.30
566.40
566.40
1177.92
1177.92
950.21
950.21
2245.80
2245.80
4154.42
4154.42
3992.34
3992.34
970.32
970.32
641.19
641.19
105.28
105.28
1605.06
1605.06
2538.71
2538.71
2422.11
2422.11
1181.33
1181.33
19.72
19.72
2004.20
2004.20
595.94
595.94
1905.36
1905.36
3771.93
3771.93
3035.00
3035.00
1233.50
1233.50
2568.63
2568.63
817.28
817.28
22.38
22.38
133.74
133.74
605.33
605.33
2133.22
2133.22
609.64
609.64
1430.65
1430.65
3187.95
3187.95
772.02
772.02
3341.42
3341.42
658.55
658.55
406.32
406.32
2463.82
2463.82
1293.57
1293.57
796.85
796.85
4002.93
4002.93
4002.93
4002.93
4002.93
4002.93
4002.93
4002.93
4002.93
4002.93
4002.93
4002.93
4002.93
4002.93
4002.93
4002.93
3426.14
3426.14
3928.81
3928.81
4990.75
4990.75
4340.73
4340.73
2710.07
2710.07
587.88
587.88
993.95
993.95
4807.11
4807.11
2298.79
2298.79
4793.29
4793.29
2798.07
2798.07
570.81
570.81
1829.64
1829.64
4575.78
4575.78
4794.27
4794.27
3688.59
3688.59
2806.26
2806.26
4087.25
4087.25
4636.17
4636.17
10.30
10.30
4513.73
4513.73
5239.11
5239.11
3751.18
3751.18
4792.77
4792.77
1722.50
1722.50
282.45
282.45
1980.69
1980.69
4349.56
4349.56
4280.47
4280.47
1478.68
1478.68
74.31
74.31
960.94
960.94
1451.66
1451.66
2945.80
2945.80
3485.29
3485.29
4335.23
4335.23
458.48
458.48
4252.01
4252.01
3995.11
3995.11
2811.75
2811.75
945.85
945.85
2179.75
2179.75
4145.04
4145.04
3282.39
3282.39
3450.26
3450.26
4513.71
4513.71
2290.86
2290.86
4351.11
4351.11
135.52
135.52
943.16
943.16
2495.38
2495.38
78.87
78.87
56.13
56.13
878.68
878.68
742.02
742.02
3692.78
3692.78
4630.41
4630.41
4351.21
4351.21
1469.63
1469.63
48.24
48.24
5066.01
5066.01
2745.78
2745.78
60.58
60.58
4397.28
4397.28
713.47
713.47
4847.65
4847.65
610.51
610.51
5400.44
5400.44
3480.82
3480.82
3480.82
3480.82
3909.84
3909.84
298.18
298.18
1393.52
1393.52
72.20
72.20
397.78
397.78
149.38
149.38
790.31
790.31
639.71
639.71
2101.41
2101.41
2444.56
2444.56
2730.70
2730.70
2718.27
2718.27
3857.72
3857.72
4864.82
4864.82
3143.57
3143.57
3007.55
3007.55
3007.55
3007.55
3007.55
3007.55
3007.55
3007.55
3007.55
3007.55
4645.46
4645.46
1538.87
1538.87
2664.08
2664.08
12.34
12.34
1323.24
1323.24
1038.87
1038.87
3173.10
3173.10
905.43
905.43
3626.63
3626.63
261.41
261.41
4966.37
4966.37
759.00
759.00
27.68
27.68
1124.05
1124.05
1035.91
1035.91
3559.95
3559.95
1959.35
1959.35
3375.74
3375.74
3730.13
3730.13
1523.28
1523.28
2092.90
2092.90
11.61
11.61
72.82
72.82
3529.97
3529.97
93.82
93.82
1467.79
1467.79
113.44
113.44
2034.59
2034.59
45.45
45.45
4334.96
4334.96
526.32
526.32
4446.48
4446.48
4446.48
4446.48
4446.48
4446.48
4446.48
4446.48
4446.48
4446.48
4446.48
4446.48
4446.48
4446.48
4446.48
4446.48
4446.48
4446.48
3415.82
3415.82
540.66
540.66
2935.51
2935.51
2728.06
2728.06
3499.14
3499.14
3234.14
3234.14
877.58
877.58
3245.20
3245.20
3245.20
3245.20
3245.20
3245.20
2968.79
2968.79
3970.91
3970.91
500.65
500.65
3092.90
3092.90
3092.90
3092.90
3092.90
3092.90
3092.90
3092.90
3092.90
3092.90
660.54
660.54
1884.94
1884.94
3823.12
3823.12
3823.12
3823.12
159.03
159.03
633.30
633.30
1448.71
1448.71
3247.76
3247.76
3521.10
3521.10
4908.01
4908.01
4716.90
4716.90
4716.90
4716.90
2725.20
2725.20
725.64
725.64
3564.59
3564.59
4445.50
4445.50
3520.03
3520.03
10.07
10.07
5363.67
5363.67
5151.02
5151.02
561.74
561.74
4178.46
4178.46
4178.46
4178.46
4178.46
4178.46
4178.46
4178.46
4178.46
4178.46
4178.46
4178.46
4178.46
4178.46
1861.65
1861.65
4735.28
4735.28
4556.45
4556.45
1353.95
1353.95
4170.68
4170.68
4170.68
4170.68
5018.37
5018.37
4292.24
4292.24
4947.77
4947.77
4947.77
4947.77
4947.77
4947.77
4947.77
4947.77
4947.77
4947.77
4947.77
4947.77
4947.77
4947.77
4947.77
4947.77
4947.77
4947.77
3331.35
3331.35
3331.35
3331.35
1860.51
1860.51
4420.27
4420.27
4420.27
4420.27
1496.46
1496.46
3404.26
3404.26
4338.63
4338.63
4154.46
4154.46
343.42
343.42
343.42
1847.12
1847.12
2279.22
2953.49
2953.49
2953.49
1638.86
1346.93
1346.93
11.16
11.16
2288.17
2288.17
2288.17
4192.15
1346.30
1346.30
702.56
702.56
702.56
49.84
836.62
836.62
2447.12
2447.12
2921.61
2921.61
2921.61
446.83
2293.22
2293.22
2293.22
2293.22
403.74
403.74
2249.87
2249.87
2249.87
378.72
378.72
215.75
2910.52
2910.52
2316.16
2316.16
10.02
10.02
1754.43
1754.43
1622.90
1622.90
1545.11
1545.11
178.73
178.73
20.20
20.20
884.97
884.97
351.06
351.06
1967.57
1967.57
3889.19
3889.19
925.05
925.05
1188.19
1188.19
1888.78
1888.78
10.00
10.00
110.60
110.60
2716.08
2716.08
834.95
834.95
834.95
990.04
228.45
228.45
3409.87
3409.87
2203.84
2203.84
2175.77
2175.77
2133.21
2133.21
3847.17
3847.17
3246.11
3246.11
2150.32
2150.32
451.04
451.04
596.59
596.59
592.11
592.11
10.00
10.00
530.62
530.62
41.75
41.75
1268.20
1268.20
1983.24
1983.24
366.23
366.23
444.31
444.31
187.94
187.94
10.00
10.00
3277.58
3277.58
3277.58
2149.26
2854.09
2854.09
1525.17
1525.17
405.49
405.49
2081.18
2081.18
649.32
649.32
649.32
10.00
3026.46
3026.46
320.88
320.88
3261.97
3261.97
2173.84
2173.84
89.25
89.25
91.18
91.18
20.24
20.24
250.08
250.08
242.84
242.84
41.12
41.12
41.12
154.06
21.96
21.96
3640.63
3640.63
3640.63
4008.50
3665.74
3665.74
1944.36
1944.36
920.86
920.86
43.29
43.29
439.73
439.73
439.73
1946.11
122.85
122.85
1524.38
1524.38
1245.71
1245.71
32.47
32.47
1901.44
1901.44
748.71
748.71
633.67
633.67
290.35
290.35
290.35
3305.05
1785.43
1785.43
176.95
176.95
1905.52
1905.52
4420.42
4420.42
4420.42
4420.42
11.25
11.25
11.25
1606.65
3956.96
3956.96
3956.96
507.97
1331.04
1331.04
1331.04
523.52
946.36
946.36
143.04
143.04
1999.96
1999.96
1999.96
64.70
10.39
10.39
10.39
1232.00
1232.00
3527.96
3527.96
3527.96
3527.96
3527.96
3527.96
3898.16
1616.01
1616.01
1616.01
474.08
474.08
57.25
57.25
1476.84
1476.84
1509.91
2017.22
2017.22
2017.22
10.11
10.11
2109.19
2109.19
102.10
102.10
110.44
110.44
499.19
499.19
2564.34
2564.34
605.06
605.06
302.93
302.93
10.21
10.21
554.18
554.18
2192.17
2192.17
2499.17
2499.17
2994.98
2994.98
2994.98
2994.98
538.98
538.98
3256.87
3256.87
508.13
508.13
477.57
477.57
1145.25
1145.25
869.51
869.51
1629.83
1629.83
4101.03
4101.03
216.33
216.33
305.47
305.47
4305.57
4305.57
4305.57
4305.57
2023.96
2023.96
1726.30
1726.30
1726.30
1726.30
634.72
634.72
860.79
860.79
1384.07
1384.07
1189.69
1189.69
510.93
510.93
1652.03
1652.03
2474.69
2474.69
2197.57
2197.57
2003.00
2003.00
26.70
26.70
628.90
628.90
1598.81
1598.81
2095.97
2095.97
2353.87
2353.87
2997.93
2997.93
2997.93
2997.93
3136.18
3136.18
2848.02
2848.02
1366.33
1366.33
531.61
531.61
279.74
279.74
2145.04
2145.04
2145.04
2145.04
2145.04
2145.04
2333.25
2333.25
3389.49
3389.49
2941.00
2941.00
3414.95
3414.95
1437.29
1437.29
1287.90
1287.90
1981.35
1981.35
2834.87
2834.87
2834.87
2834.87
3784.59
3784.59
3953.67
3953.67
3354.07
3354.07
3354.07
3354.07
3744.38
3744.38
3744.38
3744.38
3907.32
3907.32
754.01
754.01
2825.40
2825.40
2825.40
2825.40
2793.22
2793.22
2793.22
2793.22
2793.22
2793.22
4367.17
4367.17
2546.92
2546.92
4524.22
4524.22
1580.56
1580.56
2623.27
2623.27
2552.88
2552.88
2552.88
2552.88
2552.88
2552.88
2552.88
2552.88
2552.88
2552.88
4448.90
4448.90
4287.15
4287.15
4287.15
4287.15
4287.15
4287.15
3847.38
3847.38
4385.83
4385.83
4908.69
4908.69
1726.02
1726.02
4139.05
4139.05
4961.08
4961.08
4961.08
4961.08
2172.91
2172.91
2586.42
2586.42
2367.84
2367.84
3556.32
3556.32
4997.31
4997.31
1158.37
1158.37
5314.18
5314.18
3965.12
3965.12
371.12
371.12
2226.07
2226.07
3709.22
3709.22
4702.44
4702.44
4022.47
4022.47
1946.58
1946.58
5305.15
5305.15
130.93
130.93
3086.57
3086.57
3867.74
3867.74
4299.67
4299.67
4108.39
4108.39
5078.48
5078.48
4185.11
4185.11
3056.77
3056.77
3971.92
3971.92
5129.71
5129.71
955.46
955.46
5120.13
5120.13
2695.81
2695.81
5061.82
5061.82
1805.51
1805.51
4768.11
4768.11
3570.95
3570.95
1288.02
1288.02
902.18
902.18
241.30
241.30
421.58
421.58
1657.92
1657.92
299.46
299.46
2762.66
2762.66
3083.92
3083.92
4454.09
4454.09
3997.59
3997.59
3134.36
3134.36
803.78
803.78
2252.64
2252.64
196.79
196.79
1401.25
1401.25
894.26
894.26
4119.42
4119.42
1955.49
1955.49
2047.38
2047.38
32.45
32.45
210.52
210.52
4842.00
4842.00
5538.72
5538.72
28.72
28.72
555.20
555.20
688.95
688.95
4120.67
4120.67
573.60
573.60
383.69
383.69
1925.89
1925.89
1693.45
1693.45
1126.93
1126.93
539.78
539.78
1403.19
1403.19
2517.93
2517.93
2557.08
2557.08
4323.46
4323.46
1477.28
1477.28
2294.74
2294.74
599.91
599.91
787.85
787.85
719.28
719.28
636.91
636.91
250.65
250.65
162.01
162.01
2012.61
2012.61
2315.27
2315.27
2867.96
2867.96
987.55
987.55
1341.70
1341.70
1711.83
1711.83
1789.42
1789.42
3329.10
3329.10
4509.31
4509.31
3566.92
3566.92
1687.01
1687.01
1756.87
1756.87
4049.68
4049.68
1077.91
1077.91
556.60
556.60
4045.05
4045.05
542.67
542.67
946.49
946.49
905.10
905.10
4062.22
4062.22
4246.47
4246.47
2601.83
2601.83
218.72
218.72
93.56
93.56
2066.02
2066.02
1130.70
1130.70
25.04
25.04
10.20
10.20
1572.38
1572.38
1116.22
1116.22
1350.40
1350.40
632.68
632.68
997.77
997.77
596.99
596.99
2810.14
2810.14
568.14
568.14
10.00
10.00
745.19
745.19
1380.18
1380.18
1676.48
1676.48
12.57
12.57
271.15
271.15
316.64
316.64
2772.72
2772.72
10.00
10.00
4666.68
4666.68
3351.29
3351.29
1621.33
1621.33
1046.46
1046.46
2570.80
2570.80
3765.60
3765.60
3476.76
3476.76
634.65
634.65
33.68
33.68
498.26
498.26
894.62
894.62
3480.70
3480.70
1822.47
1822.47
2788.20
2788.20
652.97
652.97
2812.89
2812.89
1904.54
1904.54
4031.66
4031.66
406.00
406.00
4678.31
4678.31
4912.32
4912.32
3357.06
3357.06
4992.62
4992.62
2729.93
2729.93
4876.57
4876.57
457.22
457.22
542.29
542.29
219.65
219.65
2900.13
2900.13
2005.64
2005.64
3571.09
3571.09
2693.94
2693.94
1040.74
1040.74
595.78
595.78
3103.09
3103.09
5525.54
5525.54
11.81
11.81
2381.29
2381.29
5351.68
5351.68
1990.26
1990.26
2538.93
2538.93
1981.50
1981.50
2513.98
2513.98
4449.93
4449.93
5403.98
5403.98
5403.98
5403.98
5403.98
5403.98
4741.11
4741.11
4741.11
4741.11
4741.11
4741.11
769.24
769.24
5826.65
5826.65
4831.84
4831.84
2147.84
2147.84
5331.74
5331.74
5331.74
5331.74
5331.74
5331.74
5331.74
5331.74
5331.74
5331.74
5331.74
5331.74
5331.74
5331.74
4012.85
4012.85
3647.82
3647.82
3647.82
3647.82
953.83
953.83
4867.86
4867.86
3839.72
3839.72
725.40
725.40
2098.48
2098.48
1077.70
1077.70
721.18
721.18
205.56
205.56
131.98
131.98
1912.52
1912.52
5669.19
5669.19
4547.51
4547.51
2811.05
2811.05
485.94
485.94
2027.25
2027.25
359.31
359.31
1229.34
1229.34
1229.34
1229.34
1229.34
1229.34
1973.85
1973.85
2961.18
2961.18
2390.94
2390.94
1120.41
1120.41
30.73
30.73
3141.36
3141.36
2074.84
2074.84
2074.84
2074.84
483.26
483.26
121.67
121.67
546.55
546.55
953.14
953.14
486.19
486.19
10.00
10.00
602.30
602.30
3541.21
3541.21
2331.91
2331.91
3748.95
3748.95
190.30
190.30
168.96
168.96
1587.49
1587.49
34.93
34.93
661.23
661.23
82.19
82.19
5168.11
5168.11
62.42
62.42
30.00
30.00
666.83
666.83
3718.72
3718.72
2161.66
2161.66
3561.17
3561.17
3561.17
3561.17
789.12
789.12
3360.19
3360.19
3758.27
3758.27
196.55
196.55
2274.45
2274.45
1740.40
1740.40
2390.90
2390.90
3742.05
3742.05
3984.20
3984.20
1151.54
1151.54
2604.99
2604.99
103.45
103.45
463.82
463.82
1551.51
1551.51
722.12
722.12
3431.50
3431.50
291.05
291.05
2813.82
2813.82
3112.06
3112.06
2759.55
2759.55
3109.27
3109.27
157.51
157.51
155.79
155.79
409.91
409.91
957.31
957.31
1122.03
1122.03
993.64
993.64
360.40
360.40
4635.60
4635.60
1446.89
1446.89
854.16
854.16
2001.64
2001.64
2001.64
3133.09
1966.10
1966.10
812.32
812.32
3524.62
3524.62
3926.51
3926.51
2094.28
2094.28
2094.28
869.13
3651.95
3651.95
3651.95
2062.34
2062.34
2062.34
2062.34
2062.34
2062.34
2062.34
2062.34
2062.34
4324.34
4324.34
271.72
271.72
913.64
913.64
1237.68
1237.68
1212.07
1212.07
532.32
532.32
2806.32
2806.32
1497.60
1497.60
4227.22
4227.22
3963.93
3963.93
3963.93
3701.68
853.16
853.16
4826.25
4826.25
2029.15
2029.15
4712.77
4712.77
1074.17
1074.17
3447.81
3447.81
1422.25
1422.25
3364.80
3364.80
3364.80
3364.80
680.91
680.91
2302.36
2302.36
2302.36
2302.36
2302.36
2302.36
2431.43
2431.43
576.37
576.37
499.60
499.60
2362.93
2362.93
2237.46
2237.46
593.57
593.57
593.57
1231.92
13.13
13.13
1932.64
1932.64
1932.64
3155.68
3155.68
3155.68
10.00
10.00
4473.43
4473.43
3796.64
3796.64
3796.64
3796.64
2076.61
2076.61
4155.82
4155.82
4155.82
4155.82
4155.82
4155.82
505.03
505.03
4839.55
4839.55
4839.55
4839.55
4839.55
4839.55
4723.64
4723.64
4078.67
4078.67
4078.67
4078.67
169.36
169.36
569.66
569.66
1750.39
1750.39
2075.99
2075.99
2292.98
2292.98
3757.17
3757.17
3894.52
3894.52
369.69
369.69
1390.05
1390.05
2121.10
2121.10
2121.10
3709.59
3825.52
3825.52
3825.52
3825.52
3825.52
3825.52
526.81
526.81
3483.92
3483.92
3483.92
3483.92
2194.41
2194.41
2194.41
1335.99
3483.35
3483.35
1047.70
1047.70
1770.12
1770.12
1471.35
1471.35
1794.36
1794.36
2227.53
2227.53
2227.53
2227.53
3768.85
3768.85
636.69
636.69
4947.16
4947.16
4683.14
4683.14
3235.49
3235.49
4509.98
4509.98
4509.98
4509.98
624.74
624.74
4906.35
4906.35
4100.46
4100.46
3661.09
3661.09
3661.09
4889.25
4889.25
4889.25
4889.25
4889.25
4889.25
4889.25
4889.25
4889.25
826.56
826.56
5268.48
5268.48
5268.48
577.42
2067.97
2067.97
634.40
634.40
634.40
4057.45
4458.56
4458.56
626.12
626.12
3592.47
3592.47
4542.53
4542.53
4061.08
4061.08
4665.61
4665.61
5253.37
5253.37
5253.37
5351.26
2250.37
2250.37
4350.09
4350.09
2366.42
2366.42
5542.07
5542.07
2512.03
2512.03
2512.03
632.53
1124.79
1124.79
1124.79
615.45
2416.63
2416.63
2416.63
3920.96
4486.09
4486.09
4486.09
12.36
12.36
4315.81
1837.62
1837.62
1837.62
439.68
439.68
2895.00
2895.00
80.46
80.46
44.46
44.46
2176.75
2176.75
1868.06
1868.06
1422.07
1422.07
2823.50
2823.50
1782.72
1782.72
981.19
981.19
1480.09
1480.09
1437.66
1437.66
605.46
605.46
172.87
172.87
958.73
958.73
920.27
920.27
2380.08
2380.08
2139.96
2139.96
5253.32
5253.32
3409.76
3409.76
573.00
573.00
2863.21
2863.21
177.35
177.35
74.96
74.96
429.41
429.41
43.93
43.93
1743.38
1743.38
3491.90
3491.90
2238.93
2238.93
608.23
608.23
1258.85
1258.85
488.14
488.14
1311.65
1311.65
245.40
245.40
1132.93
1132.93
4132.81
4132.81
526.52
526.52
3924.93
3924.93
2023.94
2023.94
2654.02
2654.02
158.16
158.16
34.37
34.37
10.24
10.24
1452.60
1452.60
378.27
378.27
2377.88
2377.88
2864.72
2864.72
1875.36
1875.36
725.31
725.31
3602.11
3602.11
3462.13
3462.13
1722.65
1722.65
901.40
901.40
776.58
776.58
779.15
779.15
1035.99
1035.99
2285.75
2285.75
538.15
538.15
1203.06
1203.06
451.98
451.98
1103.28
1103.28
121.06
121.06
122.50
122.50
12.57
12.57
1995.10
1995.10
1695.78
1695.78
85.49
85.49
568.26
568.26
55.16
55.16
10.00
10.00
1630.62
1630.62
77.83
77.83
1018.71
1018.71
217.89
217.89
1121.91
1121.91
11.89
11.89
1096.46
1096.46
602.21
602.21
853.67
853.67
1335.78
1335.78
476.45
476.45
1213.22
1213.22
327.74
327.74
235.69
235.69
223.29
223.29
47.24
47.24
2143.67
2143.67
72.74
72.74
92.98
92.98
589.74
589.74
21.72
21.72
554.77
554.77
2200.17
2200.17
17.38
17.38
34.96
34.96
49.41
49.41
2308.42
2308.42
4415.73
4415.73
1189.32
1189.32
273.99
273.99
680.12
680.12
628.28
628.28
641.77
641.77
908.83
908.83
1159.17
1159.17
90.25
90.25
33.01
33.01
2303.41
2303.41
1591.71
1591.71
107.11
107.11
27.72
27.72
17.94
17.94
747.77
747.77
12.57
12.57
2792.61
2792.61
527.65
527.65
228.85
228.85
4231.70
4231.70
4608.48
4608.48
396.10
396.10
618.73
618.73
20.40
20.40
3826.57
3826.57
3595.09
3595.09
4322.97
4322.97
3979.40
3979.40
3914.34
3914.34
4422.69
4422.69
459.81
459.81
169.66
169.66
10.00
10.00
1964.03
1964.03
16.65
16.65
866.71
866.71
622.61
622.61
1502.80
1502.80
1584.82
1584.82
4208.74
4208.74
2953.33
2953.33
2241.39
2241.39
39.05
39.05
4493.88
4493.88
4779.82
4779.82
4425.89
4425.89
5138.48
5138.48
2819.10
2819.10
3619.20
3619.20
10.78
10.78
3972.79
3972.79
10.00
10.00
10.00
10.00
562.15
562.15
26.73
26.73
1793.18
1793.18
2152.02
2152.02
360.40
360.40
4039.10
4039.10
3676.66
3676.66
4992.96
4992.96
3926.65
3926.65
3926.65
3926.65
3926.65
3926.65
3926.65
3926.65
4008.85
4008.85
555.60
555.60
1286.22
1286.22
2472.11
2472.11
4364.83
4364.83
608.97
608.97
1816.57
1816.57
10.00
10.00
392.19
392.19
2124.86
2124.86
686.05
686.05
1939.18
1939.18
517.54
517.54
2981.81
2981.81
3877.69
3877.69
2078.83
2078.83
2899.93
2899.93
4147.19
4147.19
2628.55
2628.55
2628.55
2628.55
3196.64
3196.64
24.47
24.47
606.40
606.40
1814.05
1814.05
555.83
555.83
802.21
802.21
1807.38
1807.38
2144.79
2144.79
639.91
639.91
17.29
17.29
10.22
10.22
32.60
32.60
3191.48
3191.48
616.61
616.61
1765.30
1765.30
2164.38
2164.38
3550.28
3550.28
3808.33
3808.33
3594.77
3594.77
3458.50
3458.50
3458.50
3458.50
3891.94
3891.94
3891.94
3891.94
3891.94
3891.94
2641.20
2641.20
17.86
17.86
1630.43
1630.43
1960.18
1960.18
776.43
776.43
1439.79
1439.79
3271.59
3271.59
18.16
18.16
1042.59
1042.59
64.23
64.23
3678.67
3678.67
3678.67
3678.67
3400.22
3400.22
734.84
734.84
4016.06
4016.06
3624.83
3624.83
584.59
584.59
1735.16
1735.16
1735.16
1735.16
1735.16
1735.16
1735.16
1735.16
4138.15
4138.15
4138.15
4138.15
4138.15
4138.15
4138.15
4138.15
4138.15
4138.15
531.00
531.00
1920.91
1920.91
3632.43
3632.43
3632.43
3632.43
3657.92
3657.92
3571.82
3571.82
3571.82
3571.82
3571.82
3571.82
3571.82
3571.82
3016.22
3016.22
3170.06
3170.06
3066.56
3066.56
598.20
598.20
3839.93
3839.93
2345.11
2345.11
1535.41
1535.41
2277.42
2277.42
3904.67
3904.67
10.00
10.00
10.00
10.00
480.04
480.04
3089.72
3089.72
1296.77
1296.77
4343.25
4343.25
2710.60
2710.60
207.74
207.74
23.05
23.05
10.00
10.00
1323.22
1323.22
1490.52
1490.52
332.50
332.50
51.51
51.51
2110.53
2110.53
1037.33
1037.33
3435.38
3435.38
3435.38
3435.38
772.27
772.27
40.93
40.93
4036.77
4036.77
760.94
760.94
2793.37
2793.37
44.90
44.90
31.85
31.85
647.19
647.19
47.65
47.65
2012.86
2012.86
2485.37
2485.37
29.05
29.05
4281.28
4281.28
267.37
267.37
538.31
538.31
48.25
48.25
2549.47
2549.47
12.18
12.18
18.55
18.55
4313.45
4313.45
492.98
492.98
600.43
600.43
1738.15
1738.15
29.50
29.50
12.03
12.03
39.07
39.07
576.81
576.81
2409.55
2409.55
96.15
96.15
1608.17
1608.17
25.08
25.08
3041.97
3041.97
178.21
178.21
498.89
498.89
10.00
10.00
53.02
53.02
981.73
981.73
558.90
558.90
4319.22
4319.22
1110.81
1110.81
4834.14
4834.14
4120.35
4120.35
1259.98
1259.98
2184.86
2184.86
10.23
10.23
516.17
516.17
220.13
220.13
10.00
10.00
3366.72
3366.72
245.09
245.09
1970.07
1970.07
14.61
14.61
11.69
11.69
12.27
12.27
1150.40
1150.40
10.00
10.00
119.44
119.44
453.69
453.69
63.73
63.73
2359.00
2359.00
201.52
201.52
1885.46
1885.46
3454.41
3454.41
4131.67
4131.67
2324.57
2324.57
2860.82
2860.82
4766.20
4766.20
3834.04
3834.04
985.65
985.65
1655.22
1655.22
3216.72
3216.72
968.88
968.88
3299.93
3299.93
3200.54
3200.54
3990.83
3990.83
15.87
15.87
3268.96
3268.96
1296.25
1296.25
43.73
43.73
10.00
10.00
4947.10
4947.10
3619.20
3619.20
826.24
826.24
57.26
57.26
721.69
721.69
2409.57
2409.57
543.43
543.43
46.64
46.64
1205.99
1205.99
79.93
79.93
186.28
186.28
16.12
16.12
29.44
29.44
580.55
580.55
1702.42
1702.42
1704.29
1704.29
1928.88
1928.88
2286.76
2286.76
2286.76
2286.76
1270.50
1270.50
1270.50
1270.50
1270.50
120.98
381.04
381.04
1459.70
1459.70
1491.66
1491.66
19.37
19.37
1768.47
1768.47
1408.16
1408.16
1408.16
1408.16
1618.40
1618.40
1591.88
1591.88
1258.90
1258.90
1504.72
1504.72
1566.58
1566.58
1728.12
1728.12
562.36
562.36
1682.38
1682.38
1881.89
1881.89
1880.70
1880.70
2051.45
2051.45
549.81
549.81
942.30
942.30
2119.18
2119.18
2119.18
2119.18
1525.67
1525.67
2094.04
2094.04
2077.85
2077.85
2407.18
2407.18
2325.75
2325.75
2631.36
2631.36
862.88
862.88
862.88
2700.83
2700.83
2700.83
551.69
551.69
3276.03
3276.03
3246.95
3246.95
2837.58
2837.58
2837.58
2837.58
2585.67
2585.67
2585.67
2585.67
2585.67
2585.67
2585.67
2585.67
2585.67
2585.67
2585.67
2585.67
2585.67
2585.67
2585.67
2585.67
2585.67
2585.67
2527.14
2527.14
3093.16
3093.16
3093.16
3345.49
3345.49
2793.69
4250.13
4250.13
4250.13
1676.60
4316.12
4316.12
2790.71
2790.71
2790.71
2790.71
2790.71
4366.76
4366.76
534.85
4127.72
4127.72
4432.99
4432.99
3337.53
3337.53
4300.56
4300.56
2023.58
2023.58
5056.57
5056.57
5056.57
5056.57
2250.60
2250.60
2829.50
2829.50
4465.14
4465.14
4465.14
4411.60
4411.60
1757.34
2830.99
2830.99
2830.99
2830.99
2830.99
2830.99
863.44
863.44
668.04
668.04
4707.69
4707.69
21.73
21.73
2145.46
2145.46
2145.46
3158.96
1585.78
1585.78
3421.55
3421.55
2690.14
2690.14
641.07
641.07
2213.94
2213.94
2213.94
2213.94
361.98
361.98
361.98
25.24
1352.95
1352.95
69.85
69.85
643.80
643.80
174.50
174.50
174.50
15.85
15.85
81.16
81.16
81.16
23.87
60.92
650.73
650.73
594.96
594.96
1421.14
1421.14
260.49
260.49
4233.17
4233.17
3779.41
3779.41
3501.20
3501.20
14.52
14.52
202.92
202.92
3338.22
3338.22
3338.22
425.01
4199.79
4199.79
4074.78
4074.78
4074.78
494.86
4818.44
4818.44
2601.99
2601.99
2601.99
3235.32
1089.61
1089.61
2416.68
2416.68
23.43
23.43
2681.23
2681.23
34.49
34.49
2612.65
2612.65
2612.65
3160.25
3735.74
3735.74
4772.46
4772.46
4772.46
4772.46
10.06
10.06
4615.07
4615.07
4615.07
5347.69
1218.02
1218.02
44.73
44.73
211.26
211.26
211.26
241.87
241.87
1199.37
1199.37
2754.79
2754.79
4020.42
4020.42
15.74
15.74
1980.31
1980.31
95.58
95.58
724.27
724.27
146.26
146.26
17.32
17.32
102.91
102.91
150.52
150.52
4470.35
4470.35
1491.44
1491.44
646.37
646.37
94.73
94.73
590.80
590.80
67.83
67.83
1251.97
1251.97
91.40
91.40
1095.30
1095.30
10.54
10.54
47.80
47.80
568.32
568.32
52.17
52.17
299.05
299.05
1469.01
1469.01
1306.43
1306.43
3718.07
3718.07
2762.18
2762.18
470.11
470.11
1746.10
1746.10
1264.93
1264.93
16.34
16.34
710.48
710.48
510.65
510.65
2240.41
2240.41
451.21
451.21
12.60
12.60
13.44
13.44
13.23
13.23
2785.80
2785.80
955.80
955.80
1259.25
1259.25
11.60
11.60
569.66
569.66
38.18
38.18
10.00
10.00
1111.01
1111.01
2429.42
2429.42
409.31
409.31
1162.53
1162.53
608.08
608.08
34.88
34.88
1507.71
1507.71
761.92
761.92
84.36
84.36
572.90
572.90
34.68
34.68
51.61
51.61
2898.43
2898.43
2030.87
2030.87
17.03
17.03
206.94
206.94
602.65
602.65
179.34
179.34
3752.65
3752.65
1902.88
1902.88
820.12
820.12
5164.14
5164.14
4853.06
4853.06
898.19
898.19
5733.68
5733.68
3685.42
3685.42
2000.26
2000.26
2183.30
2183.30
10.00
10.00
25.12
25.12
18.79
18.79
22.43
22.43
2532.69
2532.69
162.19
162.19
545.04
545.04
1785.15
1785.15
1504.93
1504.93
4299.30
4299.30
1776.73
1776.73
575.56
575.56
585.01
585.01
79.70
79.70
25.82
25.82
51.69
51.69
20.44
20.44
626.10
626.10
1345.38
1345.38
10.00
10.00
14.68
14.68
921.50
921.50
4768.84
4768.84
5025.44
5025.44
5070.94
5070.94
10.00
10.00
3126.24
3126.24
1994.49
1994.49
25.71
25.71
10.00
10.00
19.96
19.96
38.00
38.00
34.86
34.86
119.68
119.68
769.67
769.67
3165.94
3165.94
822.30
822.30
859.09
859.09
2795.20
2795.20
595.06
595.06
137.10
137.10
541.12
541.12
13.52
13.52
2149.21
2149.21
90.91
90.91
647.55
647.55
45.05
45.05
1465.13
1465.13
49.16
49.16
2028.02
2028.02
565.01
565.01
2098.41
2098.41
3519.76
3519.76
476.32
476.32
1404.39
1404.39
1927.96
1927.96
861.83
861.83
32.36
32.36
13.24
13.24
681.65
681.65
2906.43
2906.43
73.31
73.31
1214.64
1214.64
3486.28
3486.28
3455.07
3455.07
2108.12
2108.12
3153.77
3153.77
3776.68
3776.68
2021.48
2021.48
1962.05
1962.05
395.17
395.17
890.71
890.71
3925.69
3925.69
2147.87
2147.87
5155.32
5155.32
1716.06
1716.06
1460.41
1460.41
25.54
25.54
629.45
629.45
526.48
526.48
27.43
27.43
3150.06
3150.06
152.22
152.22
2721.14
2721.14
3531.41
3531.41
1608.31
1608.31
2414.07
2414.07
1214.49
1214.49
821.09
821.09
10.00
10.00
427.07
427.07
572.67
572.67
37.17
37.17
22.94
22.94
54.68
54.68
1219.10
1219.10
17.05
17.05
19.25
19.25
3022.66
3022.66
23.03
23.03
199.65
199.65
29.43
29.43
3380.20
3380.20
532.38
532.38
688.81
688.81
1757.26
1757.26
2831.12
2831.12
10.00
10.00
638.38
638.38
1214.72
1214.72
3724.27
3724.27
2450.91
2450.91
1264.80
1264.80
1475.46
1475.46
1865.23
1865.23
611.59
611.59
22.41
22.41
748.10
748.10
616.99
616.99
4254.71
4254.71
10.00
10.00
10.00
10.00
27.16
27.16
4563.53
4563.53
1018.03
1018.03
2395.96
2395.96
2788.84
2788.84
2588.12
2588.12
4543.77
4543.77
1278.40
1278.40
1875.96
1875.96
2108.18
2108.18
2159.48
2159.48
2159.48
2159.48
291.02
291.02
11.38
11.38
3988.13
3988.13
534.47
534.47
1813.51
1813.51
2718.09
2718.09
2207.26
2207.26
2207.26
2207.26
1984.94
1984.94
4073.22
4073.22
2751.14
2751.14
1477.30
1477.30
4192.06
4192.06
10.00
10.00
2475.89
2475.89
632.89
632.89
913.07
913.07
4616.78
4616.78
3197.57
3197.57
1510.22
1510.22
982.65
982.65
3762.03
3762.03
487.02
487.02
4662.53
4662.53
181.14
181.14
127.05
127.05
13.29
13.29
597.27
597.27
37.60
37.60
585.26
585.26
10.00
10.00
10.00
10.00
10.07
10.07
38.70
38.70
1877.31
1877.31
3542.10
3542.10
2955.42
2955.42
3663.17
3663.17
3963.10
3963.10
3783.43
3783.43
95.08
95.08
2085.46
2085.46
154.68
154.68
168.12
168.12
4129.74
4129.74
2997.68
2997.68
3668.96
3668.96
48.14
48.14
477.92
477.92
2224.03
2224.03
486.82
486.82
2722.01
2722.01
1463.16
1463.16
606.33
606.33
2910.77
2910.77
2857.26
2857.26
1876.10
1876.10
4177.11
4177.11
1273.74
1273.74
4268.52
4268.52
1163.63
1163.63
3176.26
3176.26
1699.55
1699.55
2563.45
2563.45
3090.96
3090.96
622.50
622.50
1501.33
1501.33
1167.88
1167.88
248.91
248.91
506.07
506.07
10.01
10.01
1056.34
1056.34
3752.36
3752.36
2241.85
2241.85
64.48
64.48
2441.61
2441.61
1348.31
1348.31
30.62
30.62
11.05
11.05
27.90
27.90
208.99
208.99
85.64
85.64
603.41
603.41
1659.27
1659.27
1920.94
1920.94
585.65
585.65
1616.70
1616.70
177.74
177.74
358.86
358.86
53.80
53.80
142.01
142.01
255.85
255.85
535.72
535.72
112.14
112.14
246.43
246.43
10.00
10.00
35.54
35.54
38.46
38.46
29.11
29.11
760.33
760.33
2200.42
2200.42
585.75
585.75
1478.84
1478.84
18.74
18.74
4447.46
4447.46
4035.43
4035.43
4794.98
4794.98
10.00
10.00
2618.43
2618.43
5323.30
5323.30
5323.30
5323.30
5323.30
5323.30
86.70
86.70
486.57
486.57
2696.52
2696.52
2696.52
2696.52
1041.60
1041.60
3951.71
3951.71
512.52
512.52
3876.72
3876.72
2229.13
2229.13
3274.11
3274.11
61.68
61.68
3380.72
3380.72
4677.07
4677.07
3079.14
3079.14
1134.45
1134.45
4854.11
4854.11
1158.49
1158.49
1683.90
1683.90
4819.91
4819.91
4031.22
4031.22
1408.41
1408.41
4902.49
4902.49
2841.52
2841.52
2818.21
2818.21
11.77
11.77
1394.03
1394.03
2551.96
2551.96
87.31
87.31
25.42
25.42
2921.45
2921.45
993.07
993.07
1359.00
1359.00
2094.89
2094.89
2590.00
2590.00
2561.91
2561.91
2198.36
2198.36
519.81
519.81
2674.95
2674.95
2551.45
2551.45
2788.80
2788.80
653.59
653.59
1861.06
1861.06
2513.18
2513.18
1954.56
1954.56
1743.67
1743.67
2506.58
2506.58
258.36
258.36
1515.58
1515.58
696.53
696.53
2022.53
2022.53
2022.53
2243.43
3276.02
3276.02
3586.17
3586.17
3405.98
3405.98
3405.98
3405.98
3405.98
3405.98
3405.98
3405.98
2300.52
2300.52
2300.52
2300.52
2300.52
2300.52
3675.94
3675.94
199.39
199.39
199.39
3470.64
3470.64
3470.64
3759.60
3759.60
3227.48
3227.48
916.82
916.82
1322.84
1322.84
3350.99
3350.99
3350.99
4272.93
1385.80
1385.80
639.76
639.76
4440.30
4440.30
109.47
109.47
4210.05
4210.05
4480.57
4480.57
4480.57
4480.57
4480.57
4480.57
4480.57
4480.57
674.69
674.69
1281.15
1281.15
4028.55
4028.55
4028.55
4028.55
608.98
608.98
809.82
809.82
809.82
809.82
1754.89
1754.89
483.46
483.46
1888.22
1888.22
1888.22
32.04
598.04
598.04
346.70
346.70
358.40
358.40
1092.87
1092.87
686.52
686.52
1221.08
1221.08
1593.11
1593.11
1593.11
1426.15
1426.15
1908.08
379.83
379.83
2078.96
2078.96
1435.21
1435.21
17.29
17.29
1222.40
1222.40
676.54
676.54
1324.63
1324.63
598.48
598.48
2270.33
2270.33
2270.33
2270.33
21.02
21.02
2354.14
2354.14
2804.13
2804.13
10.00
10.00
20.45
20.45
20.45
77.32
10.00
10.00
572.97
572.97
1182.02
1182.02
2005.68
2005.68
639.97
639.97
639.97
925.26
10.00
10.00
10.00
134.75
24.63
24.63
2381.32
2381.32
2381.32
329.56
1321.45
1321.45
1925.88
1925.88
589.31
589.31
589.31
4534.72
2187.47
2187.47
20.58
20.58
212.18
212.18
22.82
22.82
50.32
50.32
50.32
4148.38
971.88
971.88
55.39
55.39
2058.21
2058.21
4031.91
4031.91
1635.08
1635.08
2988.29
2988.29
2988.29
2260.97
689.25
689.25
2633.53
2633.53
624.83
624.83
389.10
389.10
1261.37
1261.37
1515.88
1515.88
3301.74
3301.74
552.90
552.90
840.11
840.11
569.51
569.51
569.51
1538.62
202.88
202.88
3211.17
3211.17
469.09
469.09
620.02
620.02
2793.43
2793.43
1389.04
1389.04
4146.65
4146.65
384.24
384.24
3573.70
3573.70
10.08
10.08
1544.04
1544.04
10.00
10.00
969.90
969.90
969.90
10.00
10.00
2815.24
10.00
10.00
554.94
554.94
2405.68
2405.68
2405.68
2979.19
2979.19
2022.51
2022.51
2022.51
2022.51
2022.51
2022.51
2022.51
2022.51
2022.51
2022.51
2022.51
2022.51
2022.51
2022.51
2022.51
2022.51
2022.51
2022.51
2022.51
2022.51
2022.51
2022.51
2022.51
2022.51
143.66
300.01
1222.94
788.12
859.31
859.31
1115.35
930.89
930.89
1149.12
1149.12
1149.12
817.40
1631.04
1631.04
1631.04
1393.68
1169.62
1169.62
1579.05
1579.05
615.96
615.96
109.61
109.61
10.00
10.00
2501.04
2501.04
3001.07
3001.07
776.57
776.57
2209.78
2209.78
2209.78
594.46
594.46
38.57
4109.54
4109.54
4109.54
24.92
24.92
4301.45
4250.89
4250.89
2032.58
2032.58
1753.41
1753.41
36.07
36.07
36.07
650.18
650.18
1725.51
1301.43
1301.43
585.21
585.21
585.21
3458.41
454.10
454.10
1389.14
1389.14
10.13
10.13
462.83
462.83
10.00
10.00
13.46
13.46
35.97
35.97
718.65
718.65
780.35
780.35
780.35
5276.65
5276.65
5276.65
1377.71
1377.71
1025.88
1025.88
4841.43
4841.43
138.51
138.51
597.39
597.39
597.39
332.00
332.00
2006.27
3131.73
3131.73
2601.00
2601.00
947.74
947.74
947.74
10.00
10.00
4979.79
4979.79
3198.05
4778.61
4778.61
67.19
67.19
62.05
62.05
62.05
5195.27
1984.79
1984.79
25.09
25.09
5633.97
5633.97
5633.97
5633.97
5633.97
5633.97
14.80
14.80
14.80
2042.27
2042.27
74.73
74.73
36.29
647.89
647.89
647.89
155.43
2496.80
2496.80
2496.80
2496.80
2496.80
4124.94
4124.94
3532.85
3532.85
4270.66
4270.66
5049.31
5049.31
195.29
195.29
3359.84
3359.84
3359.84
3359.84
3359.84
3359.84
4161.08
4161.08
4161.08
4161.08
1580.76
1580.76
4662.93
4662.93
4222.08
4222.08
4645.31
4645.31
3809.70
3809.70
3809.70
3809.70
3809.70
3809.70
3809.70
3809.70
3809.70
3809.70
3809.70
3809.70
3809.70
3809.70
853.85
853.85
859.82
859.82
910.86
910.86
1158.41
1158.41
66.59
66.59
1093.27
1093.27
1415.48
1415.48
982.13
982.13
1551.68
1551.68
1144.33
1144.33
1144.33
1144.33
1421.88
1421.88
1071.27
1071.27
10.00
10.00
1537.76
1537.76
605.80
605.80
2828.90
2828.90
2572.11
2572.11
3172.07
3172.07
3199.28
3199.28
3133.39
3133.39
3417.08
3417.08
3516.50
3516.50
2135.23
2135.23
1889.44
1889.44
562.36
562.36
1518.06
1518.06
3765.21
3765.21
1816.49
1816.49
148.85
148.85
2127.15
2127.15
467.07
467.07
10.00
10.00
10.00
10.00
1534.14
1534.14
10.00
10.00
24.92
24.92
226.81
226.81
4017.13
4017.13
3905.94
3905.94
15.12
15.12
2385.84
2385.84
25.67
25.67
62.38
62.38
1368.32
1368.32
1598.21
1598.21
10.00
10.00
845.37
845.37
3957.83
3957.83
638.55
638.55
3084.75
3084.75
3525.91
3525.91
3064.48
3064.48
1412.82
1412.82
2122.16
2122.16
700.44
700.44
3704.89
3704.89
1609.58
1609.58
5768.23
5768.23
2498.11
2498.11
434.07
434.07
1136.92
1136.92
213.78
213.78
2024.00
2024.00
345.14
345.14
3753.50
3753.50
2766.26
2766.26
238.92
238.92
356.65
356.65
2370.73
2370.73
4558.25
4558.25
4182.11
4182.11
4367.38
4367.38
1711.51
1711.51
58.22
58.22
566.89
566.89
1013.67
1013.67
131.80
131.80
18.81
18.81
5069.43
5069.43
5010.97
5010.97
451.82
451.82
108.19
108.19
2678.81
2678.81
65.85
65.85
779.82
779.82
28.63
28.63
570.09
570.09
40.97
40.97
886.04
886.04
10.14
10.14
10.00
10.00
17.69
17.69
74.35
74.35
73.31
73.31
10.00
10.00
234.27
234.27
457.23
457.23
3415.29
3415.29
1816.45
1816.45
1565.44
1565.44
89.04
89.04
72.63
72.63
501.31
501.31
2106.70
2106.70
93.53
93.53
1534.47
1534.47
2181.01
2181.01
2994.74
2994.74
608.25
608.25
1459.37
1459.37
1795.64
1795.64
2506.76
2506.76
1799.61
1799.61
25.21
25.21
1405.38
1405.38
1943.15
1943.15
3138.43
3138.43
3451.37
3451.37
3397.58
3397.58
4130.57
4130.57
4230.20
4230.20
3308.27
3308.27
1608.06
1608.06
2747.29
2747.29
879.65
879.65
3660.27
3660.27
30.66
30.66
577.35
577.35
1127.99
1127.99
3373.22
3373.22
211.40
211.40
2481.15
2481.15
2816.41
2816.41
3339.35
3339.35
1849.44
1849.44
842.42
842.42
2987.11
2987.11
2224.26
2224.26
10.00
10.00
4635.53
4635.53
10.46
10.46
1706.43
1706.43
4309.78
4309.78
10.00
10.00
3953.65
3953.65
1069.94
1069.94
3901.58
3901.58
3736.34
3736.34
438.48
438.48
1855.19
1855.19
1855.19
1855.19
1100.38
1100.38
1897.59
1897.59
654.25
654.25
664.74
664.74
1271.63
1271.63
1022.90
1022.90
1646.76
1646.76
1399.75
1399.75
1933.62
1933.62
874.94
874.94
1062.12
1062.12
2149.11
2149.11
721.10
721.10
3916.24
3916.24
384.10
384.10
3695.58
3695.58
10.00
10.00
2636.65
2636.65
10.00
10.00
1363.53
1363.53
3241.52
3241.52
4541.64
4541.64
406.45
406.45
2074.81
2074.81
504.07
504.07
2585.97
2585.97
2617.60
2617.60
22.89
22.89
2664.71
2664.71
728.87
728.87
4529.25
4529.25
26.52
26.52
1979.58
1979.58
1979.58
1979.58
1718.64
1718.64
1552.28
1552.28
1834.51
1834.51
31.77
31.77
2710.28
2710.28
3338.89
3338.89
5001.61
5001.61
1591.16
1591.16
3915.59
3915.59
631.43
631.43
2324.68
2324.68
372.33
372.33
18.10
18.10
462.74
462.74
609.75
609.75
801.42
801.42
2872.04
2872.04
4656.07
4656.07
4656.07
4656.07
12.59
12.59
1141.16
1141.16
4735.26
4735.26
4126.81
4126.81
589.70
589.70
3945.36
3945.36
4333.61
4333.61
530.13
530.13
3583.36
3583.36
570.26
570.26
5486.82
5486.82
1160.64
1160.64
4551.24
4551.24
3155.66
3155.66
3840.62
3840.62
3845.84
3845.84
3760.62
3760.62
1439.28
1439.28
14.82
14.82
34.10
34.10
54.99
54.99
13.93
13.93
1481.66
1481.66
2021.92
2021.92
3718.92
3718.92
562.57
562.57
4067.20
4067.20
2652.61
2652.61
3278.44
3278.44
3796.09
3796.09
3648.81
3648.81
1211.40
1211.40
4205.20
4205.20
1001.25
1001.25
1805.83
1805.83
2374.04
2374.04
10.10
10.10
2754.88
2754.88
10.00
10.00
2427.49
2427.49
78.22
78.22
3979.61
3979.61
3979.61
3979.61
4167.66
4167.66
1842.08
1842.08
533.15
533.15
2146.67
2146.67
4741.74
4741.74
353.89
353.89
5142.53
5142.53
2631.83
2631.83
529.31
529.31
4083.05
4083.05
3096.07
3096.07
5365.65
5365.65
5365.65
5365.65
193.35
193.35
565.93
565.93
2667.65
2667.65
2667.65
2667.65
3077.81
3077.81
4097.09
4097.09
5291.42
5291.42
5340.43
5340.43
5032.39
5032.39
2090.09
2090.09
2838.28
2838.28
4865.45
4865.45
4865.45
4865.45
4522.38
4522.38
4522.38
4522.38
5417.76
5417.76
5417.76
5417.76
126.89
126.89
843.13
843.13
4173.92
4173.92
38.03
38.03
2917.55
2917.55
3997.72
3997.72
10.00
10.00
347.42
347.42
3608.64
3608.64
3608.64
3608.64
5054.77
5054.77
5054.77
5054.77
5659.24
5659.24
2939.21
2939.21
334.47
334.47
4774.34
4774.34
10.00
10.00
21.53
21.53
4750.76
4750.76
4750.76
4750.76
4494.85
4494.85
3248.37
3248.37
2009.35
2009.35
2009.35
2009.35
2627.48
2627.48
2627.48
2627.48
334.04
334.04
767.08
767.08
1995.64
1995.64
1429.87
1429.87
4905.21
4905.21
3159.60
3159.60
3882.28
3882.28
4073.17
4073.17
4073.17
4073.17
4073.17
4073.17
4073.17
4073.17
10.00
10.00
349.32
349.32
2703.17
2703.17
1269.64
1269.64
4339.37
4339.37
3631.83
3631.83
2929.97
2929.97
4101.46
4101.46
4101.46
4101.46
4791.96
4791.96
4320.83
4320.83
5145.99
5145.99
5145.99
5145.99
3259.25
3259.25
3828.74
3828.74
3828.74
3828.74
3828.74
3828.74
880.54
880.54
5159.94
5159.94
4820.33
4820.33
2739.11
2739.11
2176.06
2176.06
2608.26
2608.26
1342.26
1342.26
4966.56
4966.56
3915.21
3915.21
5309.92
5309.92
3967.33
3967.33
3967.33
3967.33
5309.97
5309.97
90.17
90.17
3815.60
3815.60
3815.60
3815.60
3815.60
3815.60
3815.60
3815.60
1185.83
1185.83
626.28
626.28
10.00
10.00
2183.11
2183.11
10.16
10.16
18.33
18.33
11.80
11.80
565.01
565.01
577.65
577.65
332.15
332.15
71.21
71.21
71.21
43.85
43.85
45.81
578.90
578.90
449.21
449.21
1244.67
1244.67
64.19
64.19
3064.69
3064.69
694.78
694.78
1422.70
1422.70
553.31
553.31
28.61
28.61
2201.74
2201.74
1754.18
1754.18
30.94
30.94
2372.75
2372.75
62.16
62.16
3313.11
3313.11
3694.11
3694.11
18.04
18.04
1666.62
1666.62
5077.47
5077.47
10.00
10.00
58.22
58.22
58.22
34.94
643.67
643.67
443.28
443.28
1294.93
1294.93
2772.14
2772.14
2772.14
4938.42
1119.32
1119.32
1119.32
2365.68
2365.68
2832.84
2832.84
2832.84
4422.89
4422.89
523.66
523.66
523.66
2922.10
4543.90
4543.90
4543.90
3712.54
3712.54
4503.16
262.73
262.73
2476.25
2476.25
955.36
955.36
955.36
16.00
16.00
991.47
1244.00
1244.00
1760.39
1760.39
1760.39
1760.39
1760.39
1760.39
1760.39
2035.68
2035.68
29.91
29.91
29.91
186.17
220.59
367.89
367.89
310.69
310.69
386.68
386.68
386.68
305.87
305.87
643.83
643.83
1321.38
1997.08
1997.08
16.76
16.76
1991.28
1991.28
2519.00
2519.00
574.92
574.92
574.92
2538.38
2538.38
1257.00
987.31
987.31
1352.84
1352.84
1352.84
303.38
31.86
31.86
567.56
567.56
567.56
208.29
208.29
2647.13
232.95
232.95
1594.45
1594.45
17.29
17.29
17.29
10.00
10.00
883.05
883.05
3574.91
2286.45
2286.45
3429.47
3429.47
1068.48
1068.48
590.05
590.05
590.05
2114.71
2114.71
974.80
974.80
10.35
2403.26
2403.26
4754.34
4754.34
29.46
29.46
2666.88
2666.88
4198.44
4198.44
1361.43
1361.43
1361.43
4999.57
638.05
638.05
967.36
967.36
3180.66
3180.66
4390.55
4390.55
4390.55
4390.55
4390.55
4390.55
4390.55
22.62
1865.27
1865.27
2390.22
2390.22
2390.22
4310.41
4310.41
4310.41
4310.41
4310.41
4310.41
4310.41
4310.41
16.03
1155.80
1155.80
1374.36
1374.36
1920.91
1920.91
1920.91
1920.91
4265.16
4265.16
4367.70
4367.70
4367.70
4367.70
4367.70
1948.53
2067.44
2067.44
2175.80
2175.80
2175.80
2362.52
2362.52
2725.13
2725.13
10.00
10.00
1656.52
1656.52
1394.32
1394.32
1394.32
1904.15
1904.15
1469.29
1469.29
1469.29
1752.06
17.05
17.05
17.05
1984.53
1984.53
1984.53
1984.53
23.45
23.45
38.52
38.52
382.51
382.51
2158.34
2158.34
361.10
361.10
2289.42
2289.42
1821.66
1821.66
2700.07
2700.07
39.48
39.48
38.27
38.27
3444.59
3444.59
2735.58
2735.58
3775.80
3775.80
10.00
10.00
10.00
10.00
3223.88
3223.88
1473.97
1473.97
1732.29
1732.29
1732.29
1732.29
2540.52
2540.52
2540.52
2540.52
13.53
13.53
3014.19
3014.19
2402.25
2402.25
3036.23
3036.23
19.97
19.97
1464.11
1464.11
2195.92
2195.92
470.07
470.07
3351.48
3351.48
3351.48
3351.48
2512.64
2512.64
2420.57
2420.57
2420.57
2420.57
2420.57
2420.57
2420.57
2420.57
2152.68
2152.68
3759.14
3759.14
1887.94
1887.94
646.82
646.82
646.82
646.82
1514.51
1514.51
2059.62
2059.62
2882.69
2882.69
550.93
550.93
2932.30
2932.30
46.09
46.09
2619.74
2619.74
760.98
760.98
1274.68
1274.68
4930.50
4930.50
2871.91
2871.91
4992.89
4992.89
4255.18
4255.18
4255.18
4255.18
4255.18
4255.18
4152.44
4152.44
4707.08
4707.08
1862.88
1862.88
2670.89
2670.89
529.93
529.93
4057.16
4057.16
4441.19
4441.19
4441.19
4441.19
4441.19
4441.19
4204.17
4204.17
2568.19
2568.19
4124.38
4124.38
3170.24
3170.24
3729.67
3729.67
3685.47
3685.47
1756.06
1756.06
1918.45
1918.45
609.46
609.46
510.47
510.47
607.55
607.55
4138.15
4138.15
1518.63
1518.63
4933.60
4933.60
2530.74
2530.74
4367.80
4367.80
19.94
19.94
32.92
32.92
100.59
100.59
28.66
28.66
582.78
582.78
29.30
29.30
592.31
592.31
24.71
24.71
403.99
403.99
1871.01
1871.01
660.78
660.78
1471.17
1471.17
1319.48
1319.48
5083.69
5083.69
11.48
11.48
4678.40
4678.40
750.86
750.86
10.00
10.00
512.20
512.20
1881.88
1881.88
412.49
412.49
2514.12
2514.12
2188.29
2188.29
16.39
16.39
28.04
28.04
2832.45
2832.45
1203.39
1203.39
59.61
59.61
466.43
466.43
570.92
570.92
10.00
10.00
62.74
62.74
2864.92
2864.92
61.29
61.29
135.47
135.47
38.25
38.25
35.54
35.54
3870.41
3870.41
1664.51
1664.51
63.97
63.97
570.95
570.95
2878.63
2878.63
18.38
18.38
1021.22
1021.22
813.01
813.01
225.15
225.15
3646.86
3646.86
2093.90
2093.90
15.95
15.95
10.00
10.00
197.42
197.42
1133.42
1133.42
598.10
598.10
61.37
61.37
40.89
40.89
663.61
663.61
3260.06
3260.06
3973.05
3973.05
57.87
57.87
1041.19
1041.19
18.22
18.22
3270.13
3270.13
2601.37
2601.37
40.21
40.21
16.02
16.02
3252.63
3252.63
1561.29
1561.29
829.90
829.90
31.98
31.98
3681.87
3681.87
19.33
19.33
4135.53
4135.53
2464.02
2464.02
5080.58
5080.58
25.60
25.60
1617.14
1617.14
6304.89
6304.89
1333.34
1333.34
1998.43
1998.43
1557.21
1557.21
2795.75
2795.75
19.14
19.14
14.74
14.74
1040.06
1040.06
1241.92
1241.92
10.00
10.00
10.00
10.00
3633.56
3633.56
656.79
656.79
1352.51
1352.51
547.85
547.85
2154.01
2154.01
3554.11
3554.11
38.39
38.39
3896.70
3896.70
16.70
16.70
2719.66
2719.66
840.54
840.54
13.44
13.44
314.19
314.19
2659.68
2659.68
28.82
28.82
10.00
10.00
58.17
58.17
2195.38
2195.38
2536.70
2536.70
2190.02
2190.02
2546.76
2546.76
10.00
10.00
1048.93
1048.93
31.90
31.90
3777.70
3777.70
18.06
18.06
3608.06
3608.06
3531.33
3531.33
2789.37
2789.37
3040.49
3040.49
3303.19
3303.19
3693.51
3693.51
498.79
498.79
2950.58
2950.58
509.25
509.25
4078.72
4078.72
312.16
312.16
1618.43
1618.43
37.94
37.94
5059.81
5059.81
2887.43
2887.43
46.81
46.81
46.90
46.90
2400.79
2400.79
4138.61
4138.61
796.29
796.29
5000.71
5000.71
4995.67
4995.67
106.39
106.39
2640.18
2640.18
133.05
133.05
23.23
23.23
1039.10
1039.10
1044.71
1044.71
3568.09
3568.09
2087.79
2087.79
1460.74
1460.74
1878.62
1878.62
2215.79
2215.79
2215.79
2215.79
2215.79
2215.79
905.55
905.55
1742.06
1742.06
2259.41
2259.41
2259.41
2259.41
2338.74
2338.74
2223.63
2223.63
1951.46
1951.46
1945.20
1945.20
1945.20
1945.20
2384.26
2384.26
2505.06
2505.06
2505.06
2505.06
693.22
693.22
1196.75
1196.75
10.00
10.00
2824.01
2824.01
2824.01
2824.01
2978.17
2978.17
2978.17
2978.17
3176.07
3176.07
2228.78
2228.78
3770.74
3770.74
3913.19
3913.19
3384.23
3384.23
4220.13
4220.13
4220.13
4220.13
4139.39
4139.39
4139.39
4139.39
4152.14
4152.14
4240.95
4240.95
1120.96
1120.96
1120.96
1120.96
1120.96
1120.96
1120.96
1120.96
2011.29
2011.29
2756.10
2756.10
2941.63
2941.63
2941.63
2941.63
4628.09
4628.09
4622.39
4622.39
4622.39
4622.39
4788.60
4788.60
4788.60
4788.60
582.56
582.56
1499.07
1499.07
5048.47
5048.47
5037.02
5037.02
4522.87
4522.87
4602.28
4602.28
5050.49
5050.49
1086.21
1086.21
3376.09
3376.09
5184.13
5184.13
2597.10
2597.10
468.27
468.27
2343.54
2343.54
1103.69
1103.69
220.44
220.44
318.42
318.42
10.00
10.00
5214.18
5214.18
10.00
10.00
4043.83
4043.83
395.15
395.15
249.37
249.37
4499.57
4499.57
37.35
37.35
1918.59
1918.59
4251.48
4251.48
496.40
496.40
4942.08
4942.08
4701.29
4701.29
4213.52
4213.52
696.92
696.92
2207.89
2207.89
29.47
29.47
1286.46
1286.46
1539.24
1539.24
39.15
39.15
1420.29
1420.29
3503.25
3503.25
520.20
520.20
78.33
78.33
3508.65
3508.65
26.57
26.57
3437.30
3437.30
4183.57
4183.57
2327.93
2327.93
4401.73
4401.73
29.50
29.50
3060.15
3060.15
3063.79
3063.79
1245.71
1245.71
2579.01
2579.01
23.35
23.35
2277.87
2277.87
2992.25
2992.25
2802.07
2802.07
610.53
610.53
3075.66
3075.66
2774.42
2774.42
3114.53
3114.53
2095.94
2095.94
1759.72
1759.72
11.84
11.84
620.96
620.96
2617.69
2617.69
5351.67
5351.67
10.00
10.00
12.79
12.79
608.15
608.15
189.58
189.58
10.57
10.57
4501.24
4501.24
1352.49
1352.49
925.63
925.63
4598.48
4598.48
551.21
551.21
38.56
38.56
3861.04
3861.04
10.00
10.00
1899.57
1899.57
2039.06
2039.06
4203.93
4203.93
3554.61
3554.61
4579.23
4579.23
252.08
252.08
646.70
646.70
4199.14
4199.14
1097.40
1097.40
1160.21
1160.21
99.61
99.61
12.93
12.93
183.73
183.73
524.26
524.26
1646.15
1646.15
2998.43
2998.43
12.79
12.79
1192.43
1192.43
4318.50
4318.50
4318.50
2117.05
1855.95
1855.95
4475.77
4475.77
4475.77
2832.83
2032.08
2032.08
1199.06
1199.06
4573.77
4573.77
2136.33
2136.33
881.10
881.10
1133.21
1133.21
1133.21
2033.22
43.27
43.27
2503.16
2503.16
2503.16
2503.16
200.70
200.70
1620.30
1620.30
682.66
682.66
172.99
172.99
1563.54
1563.54
241.97
241.97
1415.62
1415.62
3861.21
3861.21
811.16
811.16
43.92
43.92
24.17
24.17
24.17
456.04
11.51
11.51
44.10
44.10
4337.82
4337.82
1199.49
1199.49
667.56
667.56
2014.37
2014.37
2014.37
606.39
606.39
718.11
1873.81
1873.81
4465.88
4465.88
1157.37
1157.37
1157.37
4075.86
2809.50
2809.50
4529.66
4529.66
2829.50
2829.50
1288.96
1288.96
1288.96
1657.02
1334.03
1334.03
87.39
87.39
90.76
90.76
526.29
526.29
1094.86
1094.86
1094.86
2332.72
3966.24
3966.24
2934.44
2934.44
2934.44
622.88
622.88
557.09
1226.85
1226.85
70.06
70.06
1787.86
1787.86
86.59
86.59
1109.30
1109.30
1109.30
2864.05
828.10
828.10
10.00
10.00
990.05
990.05
990.05
114.98
114.98
10.06
3597.97
3597.97
3597.97
3009.49
3009.49
27.67
1540.41
1540.41
10.00
10.00
10.00
3312.95
3312.95
49.91
3347.02
3347.02
4679.14
4679.14
4679.14
1194.30
1194.30
10.09
1756.00
1756.00
3970.32
3970.32
2920.45
2920.45
2920.45
517.24
3417.45
3417.45
52.27
52.27
1203.67
1203.67
56.58
56.58
2444.68
2444.68
4299.25
4299.25
4299.25
823.34
4522.19
4522.19
3856.49
3856.49
10.00
10.00
15.23
15.23
1008.67
1008.67
1008.67
2839.50
4770.54
4770.54
2515.84
2515.84
121.88
121.88
87.22
87.22
1802.83
1802.83
1802.83
4145.64
1262.14
1262.14
2296.15
2296.15
3279.30
3279.30
3279.30
2242.41
12.51
12.51
1000.91
1000.91
1000.91
3500.27
3500.27
3427.34
33.80
33.80
4230.37
4230.37
385.93
385.93
559.04
559.04
559.04
2618.21
2618.21
2042.00
2438.47
2438.47
19.86
19.86
19.86
10.00
10.00
10.00
10.00
2181.18
2181.18
150.05
1834.38
1834.38
1834.38
1136.86
817.84
817.84
817.84
3413.78
3413.78
1389.65
1389.65
2758.92
2932.87
2932.87
2932.87
2929.51
2929.51
449.45
449.45
452.92
452.92
1093.12
1093.12
143.37
143.37
882.88
882.88
481.84
481.84
29.31
29.31
1191.04
1191.04
743.55
743.55
3051.47
3051.47
26.12
26.12
625.72
625.72
493.31
493.31
3489.33
3489.33
608.43
608.43
66.89
66.89
43.84
43.84
11.22
11.22
76.95
76.95
661.03
661.03
206.10
206.10
52.01
52.01
47.90
47.90
953.80
953.80
2695.46
2695.46
2689.35
2689.35
742.42
742.42
1918.02
1918.02
3701.39
3701.39
2220.64
2220.64
1937.92
1937.92
1036.92
1036.92
3632.81
3632.81
3265.52
3265.52
3581.30
3581.30
3913.13
3913.13
3784.22
3784.22
3754.10
3754.10
2335.71
2335.71
1752.44
1752.44
1601.11
1601.11
2246.15
2246.15
32.88
32.88
625.86
625.86
1719.13
1719.13
4401.11
4401.11
2381.81
2381.81
63.80
63.80
4203.48
4203.48
197.16
197.16
1500.38
1500.38
1050.49
1050.49
3553.50
3553.50
2288.13
2288.13
746.13
746.13
451.31
451.31
4878.38
4878.38
5094.82
5094.82
2638.73
2638.73
2339.16
2339.16
627.72
627.72
1679.92
1679.92
541.27
541.27
1867.90
1867.90
3287.17
3287.17
433.32
433.32
949.61
949.61
5329.00
5329.00
3083.03
3083.03
3590.48
3590.48
1525.61
1525.61
1753.87
1753.87
2907.50
2907.50
3921.94
3921.94
4262.91
4262.91
3712.07
3712.07
3888.51
3888.51
4024.22
4024.22
4822.47
4822.47
4822.47
4822.47
4822.47
4822.47
486.01
486.01
1108.17
1108.17
1737.52
1737.52
2760.44
2760.44
2760.44
2760.44
2760.44
2760.44
5031.78
5031.78
24.05
24.05
2075.76
2075.76
2285.55
2285.55
3211.05
3211.05
3211.05
3211.05
3211.05
3211.05
3211.05
3211.05
2640.38
2640.38
2640.38
2640.38
2814.03
2814.03
2945.68
2945.68
937.34
937.34
2340.00
2340.00
1618.56
1618.56
378.89
378.89
3290.04
3290.04
3152.84
3152.84
4234.22
4234.22
4634.65
4634.65
1814.37
1814.37
3182.26
3182.26
390.28
390.28
3721.57
3721.57
3721.57
3721.57
3721.57
3721.57
3721.57
3721.57
3721.57
3721.57
3721.57
3721.57
3721.57
3721.57
3721.57
3721.57
3721.57
3721.57
3721.57
3721.57
3721.57
3721.57
3436.59
1303.66
1303.66
3096.00
3096.00
3096.00
3096.00
3646.30
3163.24
3163.24
3163.24
2744.06
2744.06
2744.06
2744.06
14.65
14.65
866.63
866.63
3783.84
3783.84
28.54
28.54
2244.59
2244.59
479.21
479.21
495.51
495.51
3478.64
3478.64
3460.96
3460.96
3689.68
3689.68
1627.00
1627.00
2416.00
2416.00
464.63
464.63
984.70
984.70
1919.22
1919.22
37.59
37.59
438.89
438.89
2217.45
2217.45
475.18
475.18
529.00
529.00
1559.84
1559.84
92.76
92.76
635.72
635.72
10.00
10.00
35.62
35.62
100.73
100.73
2347.36
2347.36
3599.57
3599.57
3435.94
3435.94
688.01
688.01
3315.43
3315.43
2589.80
2589.80
849.62
849.62
248.05
248.05
840.37
840.37
1735.57
1735.57
525.08
525.08
1598.66
1598.66
544.59
544.59
1056.52
1056.52
4332.99
4332.99
417.06
417.06
3044.60
3044.60
3293.59
3293.59
57.09
57.09
2965.09
2965.09
22.38
22.38
307.29
307.29
573.77
573.77
672.47
672.47
1352.21
1352.21
22.23
22.23
24.24
24.24
47.87
47.87
129.41
129.41
11.04
11.04
10.33
10.33
53.57
53.57
58.02
58.02
3915.09
3915.09
2368.33
2368.33
3387.93
3387.93
3924.32
3924.32
1366.17
1366.17
4591.23
4591.23
66.28
66.28
211.55
211.55
566.71
566.71
4195.72
4195.72
253.29
253.29
320.29
320.29
4692.95
4692.95
2550.55
2550.55
2011.81
2011.81
2157.18
2157.18
10.00
10.00
2316.16
2316.16
11.23
11.23
5368.44
5368.44
17.58
17.58
292.40
292.40
1401.41
1401.41
4576.48
4576.48
4672.65
4672.65
939.89
939.89
60.69
60.69
607.89
607.89
5205.81
5205.81
3978.57
3978.57
4558.31
4558.31
1416.37
1416.37
5367.21
5367.21
1413.47
1413.47
39.07
39.07
1248.68
1248.68
5376.70
5376.70
3341.23
3341.23
2470.06
2470.06
2317.85
2317.85
3247.38
3247.38
1359.11
1359.11
1836.53
1836.53
1770.84
1770.84
3122.14
3122.14
10.08
10.08
4283.11
4283.11
5015.40
5015.40
2950.25
2950.25
3662.64
3662.64
1664.81
1664.81
480.25
480.25
3047.60
3047.60
652.35
652.35
24.60
24.60
1788.62
1788.62
643.59
643.59
3201.46
3201.46
4323.80
4323.80
970.72
970.72
801.15
801.15
2958.27
2958.27
5084.51
5084.51
625.34
625.34
17.45
17.45
2332.55
2332.55
10.37
10.37
78.80
78.80
30.35
30.35
20.86
20.86
31.36
31.36
40.54
40.54
44.99
44.99
600.32
600.32
18.33
18.33
36.45
36.45
6009.18
6009.18
46.28
46.28
735.92
735.92
399.95
399.95
679.32
679.32
212.93
212.93
112.55
112.55
2263.30
2263.30
13.92
13.92
596.96
596.96
862.40
862.40
17.06
17.06
61.20
61.20
10.00
10.00
11.96
11.96
2820.06
2820.06
3984.97
3984.97
19.27
19.27
4901.73
4901.73
141.97
141.97
651.80
651.80
4569.56
4569.56
2006.62
2006.62
813.27
813.27
1477.57
1477.57
1707.32
1707.32
12.88
12.88
30.84
30.84
994.46
994.46
1900.13
1900.13
155.23
155.23
10.00
10.00
2041.35
2041.35
525.46
525.46
318.86
318.86
497.16
497.16
1502.02
1502.02
124.10
124.10
54.61
54.61
1729.43
1729.43
485.54
485.54
1494.08
1494.08
2310.07
2310.07
19.18
19.18
641.68
641.68
61.59
61.59
174.33
174.33
44.86
44.86
102.17
102.17
752.34
752.34
10.37
10.37
1272.80
1272.80
52.35
52.35
2158.52
2158.52
765.00
765.00
533.32
533.32
31.80
31.80
43.14
43.14
424.98
424.98
569.29
569.29
608.90
608.90
11.44
11.44
1414.50
1414.50
127.17
127.17
3046.92
3046.92
12.44
12.44
848.09
848.09
1372.17
1372.17
1648.68
1648.68
1572.00
1572.00
53.64
53.64
11.22
11.22
19.37
19.37
33.86
33.86
10.00
10.00
1588.11
1588.11
2579.49
2579.49
63.62
63.62
830.50
830.50
46.22
46.22
881.80
881.80
598.92
598.92
2555.00
2555.00
2555.00
2555.00
4025.06
4025.06
4025.06
4025.06
4025.06
4025.06
4133.09
4133.09
3379.66
3379.66
3379.66
3379.66
2330.96
2330.96
3724.99
3724.99
18.58
18.58
4124.25
4124.25
770.75
770.75
25.30
25.30
156.69
156.69
2918.95
2918.95
745.26
745.26
1306.85
1306.85
4480.43
4480.43
2083.15
2083.15
23.28
23.28
1863.80
1863.80
2027.73
2027.73
2147.29
2147.29
3914.36
3914.36
3914.36
3914.36
3329.79
3329.79
4091.85
4091.85
10.98
10.98
4086.40
4086.40
566.86
566.86
1290.71
1290.71
3021.36
3021.36
3021.36
3021.36
899.08
899.08
1999.72
1999.72
2296.97
2296.97
3292.76
3292.76
781.50
781.50
1434.38
1434.38
3415.22
3415.22
3415.22
3415.22
19.52
19.52
3363.65
3363.65
3270.46
3270.46
3452.34
3452.34
3592.84
3592.84
590.74
590.74
1667.07
1667.07
601.22
601.22
1596.80
1596.80
1394.52
1394.52
2096.30
2096.30
334.56
334.56
963.42
963.42
963.42
963.42
1612.15
1612.15
3638.70
3638.70
28.40
28.40
23.19
23.19
3916.92
3916.92
10.00
10.00
573.62
573.62
327.21
327.21
12.17
12.17
18.29
18.29
1928.32
1928.32
80.55
80.55
452.30
452.30
4220.95
4220.95
2206.24
2206.24
1071.15
1071.15
2834.49
2834.49
600.99
600.99
2090.53
2090.53
35.79
35.79
11.51
11.51
2015.60
2015.60
620.05
620.05
3408.37
3408.37
1706.93
1706.93
44.92
44.92
2769.28
2769.28
3419.50
3419.50
25.38
25.38
478.40
478.40
61.04
61.04
213.96
213.96
793.68
793.68
3497.54
3497.54
573.29
573.29
10.59
10.59
522.15
522.15
2942.27
2942.27
3388.68
3388.68
3480.11
3480.11
3944.72
3944.72
618.99
618.99
2576.74
2576.74
1373.87
1373.87
497.10
497.10
10.00
10.00
3047.29
3047.29
3047.29
3047.29
617.04
617.04
16.27
16.27
1663.28
1663.28
2430.87
2430.87
10.00
10.00
4881.81
4881.81
2224.33
2224.33
1699.43
1699.43
4381.66
4381.66
3100.82
3100.82
5060.43
5060.43
750.45
750.45
3332.55
3332.55
55.73
55.73
1738.35
1738.35
23.04
23.04
2937.20
2937.20
675.21
675.21
2732.02
2732.02
2732.02
2732.02
2732.02
2732.02
39.08
39.08
582.96
582.96
69.95
69.95
1131.41
1131.41
30.30
30.30
3500.61
3500.61
696.41
696.41
28.28
28.28
789.12
789.12
512.58
512.58
61.07
61.07
105.27
105.27
2044.76
2044.76
537.87
537.87
2621.42
2621.42
556.53
556.53
2264.81
2264.81
1614.84
1614.84
3885.33
3885.33
3958.96
3958.96
16.43
16.43
2438.99
2438.99
1361.33
1361.33
634.22
634.22
566.59
566.59
650.61
650.61
715.71
715.71
3045.19
3045.19
1433.67
1433.67
620.46
620.46
48.65
48.65
2804.14
2804.14
3359.45
3359.45
4676.54
4676.54
585.66
585.66
17.12
17.12
3496.35
3496.35
3496.35
613.92
613.92
1667.55
536.33
536.33
34.22
34.22
2928.47
2928.47
668.26
668.26
73.37
73.37
1940.17
1940.17
1940.17
3716.32
1167.11
1167.11
15.97
15.97
51.18
51.18
51.18
551.95
551.95
2540.42
2540.42
2773.19
1688.50
1688.50
1688.50
1688.50
1688.50
280.02
531.13
531.13
485.94
485.94
3706.23
3706.23
3634.83
3634.83
4861.66
4861.66
5233.33
5233.33
667.83
667.83
838.25
838.25
838.25
554.13
4053.89
4053.89
1480.66
1480.66
3661.25
3661.25
3661.25
195.09
4104.09
4104.09
4131.79
4131.79
4569.96
4569.96
2588.49
2588.49
1074.24
1074.24
511.55
511.55
2517.21
2517.21
2735.61
2735.61
4243.50
4243.50
4184.47
4184.47
2058.77
2058.77
385.31
385.31
4764.21
4764.21
4764.21
4271.80
2996.58
2996.58
2996.58
2996.58
2996.58
4410.92
4410.92
4410.92
4410.92
4410.92
4410.92
4410.92
4410.92
4410.92
4410.92
4410.92
3782.83
3782.83
3782.83
4351.04
4351.04
1176.40
2028.20
2028.20
2028.20
2028.20
2028.20
1844.43
4328.97
4328.97
559.26
559.26
1650.42
1650.42
2050.25
2050.25
2050.25
1219.12
1219.12
10.00
4258.35
4258.35
928.18
928.18
4812.91
4812.91
218.64
218.64
3267.10
3267.10
2751.61
2751.61
301.03
301.03
301.03
460.75
4427.99
4427.99
2508.37
2508.37
3704.72
3704.72
4204.87
4204.87
4204.87
11.64
396.37
396.37
10.00
10.00
23.39
23.39
547.77
547.77
1818.54
1818.54
1818.54
1818.54
1821.91
1821.91
2461.72
2461.72
2461.72
2461.72
2461.72
2461.72
2461.72
2461.72
15.53
15.53
15.53
15.53
15.53
112.26
112.26
112.26
300.42
300.42
211.40
526.36
529.34
529.34
589.53
589.53
692.64
692.64
837.90
837.90
996.07
996.07
813.30
813.30
1634.02
1634.02
1634.02
1614.00
571.82
571.82
1692.14
1692.14
2110.45
2110.45
39.52
39.52
1685.45
1685.45
1685.45
566.09
566.09
1018.72
1018.72
2430.94
993.06
993.06
993.06
1564.43
1564.43
1564.43
2572.12
2572.12
2572.12
1009.56
1009.56
2558.90
2558.90
26.41
26.41
1499.78
1499.78
571.49
571.49
459.82
459.82
1154.86
1154.86
10.00
10.00
331.47
331.47
225.23
225.23
868.40
868.40
309.20
309.20
782.01
782.01
10.24
10.24
577.47
577.47
10.59
10.59
2056.49
2056.49
21.07
21.07
3047.96
3047.96
2944.19
2944.19
3769.52
3769.52
3693.57
3693.57
3781.32
3781.32
1797.07
1797.07
4301.94
4301.94
57.53
57.53
1715.92
1715.92
10.00
10.00
3341.15
3341.15
3073.13
3073.13
679.91
679.91
4521.70
4521.70
41.48
41.48
100.30
100.30
157.59
157.59
1742.47
1742.47
138.47
138.47
19.63
19.63
650.61
650.61
124.46
124.46
10.00
10.00
374.51
374.51
3272.11
3272.11
3819.74
3819.74
10.00
10.00
510.19
510.19
4419.02
4419.02
1877.07
1877.07
512.15
512.15
285.14
285.14
4566.86
4566.86
4566.86
4566.86
2071.25
2071.25
11.12
11.12
3166.84
3166.84
46.17
46.17
3070.38
3070.38
801.33
801.33
648.68
648.68
614.74
614.74
649.31
649.31
178.21
178.21
1246.68
1246.68
910.84
910.84
3777.82
3777.82
32.12
32.12
3538.95
3538.95
17.71
17.71
644.01
644.01
3384.20
3384.20
46.34
46.34
12.61
12.61
4533.14
4533.14
293.77
293.77
553.05
553.05
2582.55
2582.55
2702.33
2702.33
125.48
125.48
137.11
137.11
552.41
552.41
32.65
32.65
1318.91
1318.91
2435.18
2435.18
2442.92
2442.92
2024.45
2024.45
3492.35
3492.35
3361.97
3361.97
15.62
15.62
16.08
16.08
435.14
435.14
367.59
367.59
676.38
676.38
4759.21
4759.21
2610.23
2610.23
1312.91
1312.91
508.72
508.72
4434.75
4434.75
74.80
74.80
14.66
14.66
642.94
642.94
21.73
21.73
29.18
29.18
3151.25
3151.25
11.67
11.67
975.48
975.48
396.10
396.10
283.75
283.75
88.49
88.49
598.97
598.97
1562.10
1562.10
1546.38
1546.38
2941.04
2941.04
1792.73
1792.73
17.15
17.15
670.11
670.11
497.97
497.97
4130.81
4130.81
1826.37
1826.37
984.21
984.21
842.61
842.61
18.53
18.53
10.00
10.00
523.83
523.83
3147.38
3147.38
10.00
10.00
663.64
663.64
944.31
944.31
4443.53
4443.53
10.00
10.00
4084.72
4084.72
1638.84
1638.84
519.68
519.68
10.40
10.40
20.55
20.55
600.77
600.77
3521.41
3521.41
10.00
10.00
4213.23
4213.23
1941.12
1941.12
586.61
586.61
256.28
256.28
5968.68
5968.68
1533.86
1533.86
46.44
46.44
29.60
29.60
2102.05
2102.05
2051.74
2051.74
10.00
10.00
26.17
26.17
966.82
966.82
88.13
88.13
2254.11
2254.11
3599.66
3599.66
2845.62
2845.62
2845.62
2845.62
2452.83
2452.83
19.60
19.60
1755.27
1755.27
603.25
603.25
3091.75
3091.75
647.70
647.70
29.29
29.29
2529.75
2529.75
3687.40
3687.40
147.41
147.41
540.97
540.97
883.07
883.07
2728.36
2728.36
18.98
18.98
2087.19
2087.19
3135.25
3135.25
1416.52
1416.52
134.27
134.27
3007.42
3007.42
233.59
233.59
879.32
879.32
76.80
76.80
2094.70
2094.70
3566.74
3566.74
695.65
695.65
4664.24
4664.24
647.66
647.66
10.00
10.00
3324.99
3324.99
4155.78
4155.78
10.00
10.00
4080.05
4080.05
1539.63
1539.63
454.13
454.13
2534.53
2534.53
20.78
20.78
12.46
12.46
3621.36
3621.36
225.91
225.91
30.56
30.56
120.09
120.09
3517.85
3517.85
499.61
499.61
1181.12
1181.12
645.12
645.12
773.42
773.42
2324.36
2324.36
133.07
133.07
55.74
55.74
97.56
97.56
2499.89
2499.89
592.70
592.70
53.30
53.30
3503.64
3503.64
241.88
241.88
3458.58
3458.58
1171.88
1171.88
354.30
354.30
1142.28
1142.28
30.18
30.18
43.18
43.18
726.36
726.36
73.28
73.28
1114.26
1114.26
3615.17
3615.17
2007.32
2007.32
1644.69
1644.69
2708.21
2708.21
2434.52
2434.52
975.40
975.40
4300.89
4300.89
46.40
46.40
1739.53
1739.53
38.79
38.79
150.29
150.29
605.62
605.62
27.74
27.74
834.59
834.59
3738.47
3738.47
10.00
10.00
616.62
616.62
1462.54
1462.54
15.87
15.87
696.40
696.40
3645.73
3645.73
12.61
12.61
167.63
167.63
156.70
156.70
10.00
10.00
75.07
75.07
4691.06
4691.06
11.36
11.36
26.78
26.78
10.00
10.00
1258.86
1258.86
62.45
62.45
14.16
14.16
124.31
124.31
3255.10
3255.10
3597.74
3597.74
921.91
921.91
10.00
10.00
2376.11
2376.11
622.41
622.41
738.87
738.87
698.07
698.07
2372.80
2372.80
52.26
52.26
2137.60
2137.60
2137.60
2137.60
10.00
10.00
1048.95
1048.95
75.18
75.18
2800.10
2800.10
2800.10
2800.10
1227.69
1227.69
15.73
15.73
3409.53
3409.53
10.00
10.00
2492.03
2492.03
31.64
31.64
24.70
24.70
139.88
139.88
10.00
10.00
425.68
425.68
959.37
959.37
2062.96
2062.96
2165.76
2165.76
1929.23
1929.23
2219.32
2219.32
2205.44
2205.44
1917.80
1917.80
439.08
439.08
588.98
588.98
451.08
451.08
2307.23
2307.23
2307.23
2307.23
1299.56
1299.56
1872.42
1872.42
1872.42
1872.42
2191.80
2191.80
2965.16
2965.16
3343.99
3343.99
3199.55
3199.55
162.52
162.52
3381.91
3381.91
4058.73
4058.73
3349.25
3349.25
3349.25
3349.25
1023.82
1023.82
4026.07
4026.07
3435.26
3435.26
4047.45
4047.45
3700.70
3700.70
3640.70
3640.70
3029.41
3029.41
2972.73
2972.73
2972.73
2972.73
10.00
10.00
1452.15
1452.15
1556.74
1556.74
1787.24
1787.24
2209.73
2209.73
2209.73
2209.73
3237.92
3237.92
84.61
84.61
71.96
71.96
1204.92
1204.92
1204.92
1204.92
10.00
10.00
2005.06
2005.06
587.69
587.69
3312.06
3312.06
3540.75
3540.75
2332.23
2332.23
1661.86
1661.86
4224.25
4224.25
17.27
17.27
590.59
590.59
126.22
126.22
1487.01
1487.01
2286.85
2286.85
72.03
72.03
557.12
557.12
10.00
10.00
4281.58
4281.58
15.18
15.18
3898.09
3898.09
4981.68
4981.68
3635.24
3635.24
590.99
590.99
949.52
949.52
1694.54
1694.54
17.95
17.95
40.16
40.16
540.69
540.69
32.18
32.18
39.43
39.43
3829.63
3829.63
2361.95
2361.95
1802.21
1802.21
10.00
10.00
2536.27
2536.27
160.81
160.81
2774.16
2774.16
3246.74
3246.74
4256.99
4256.99
635.23
635.23
1665.02
1665.02
43.76
43.76
93.66
93.66
22.56
22.56
4028.36
4028.36
3134.63
3134.63
3134.63
3134.63
4177.73
4177.73
10.00
10.00
2520.18
2520.18
3718.78
3718.78
29.50
29.50
29.50
3065.84
567.76
567.76
370.88
370.88
370.88
2240.54
2240.54
3789.56
250.32
250.32
1395.43
1395.43
4801.91
4801.91
2281.25
2281.25
5036.73
5036.73
220.57
220.57
24.70
24.70
2061.51
2061.51
2300.47
2300.47
3358.42
3358.42
3656.04
3656.04
4673.74
4673.74
1234.78
1234.78
4694.80
4694.80
1877.22
1877.22
1877.22
1114.91
27.94
27.94
5282.40
5282.40
848.74
848.74
1601.52
1601.52
5604.88
5604.88
1850.02
1850.02
767.30
767.30
5289.85
5289.85
312.41
312.41
10.00
10.00
5725.72
5725.72
10.00
10.00
10.00
10.00
63.01
63.01
731.25
731.25
5043.11
5043.11
1676.53
1676.53
887.24
887.24
90.19
90.19
781.83
781.83
32.87
32.87
582.55
582.55
4185.21
4185.21
4472.24
4472.24
1595.62
1595.62
3268.04
3268.04
3652.96
3652.96
2616.53
2616.53
443.40
443.40
2312.57
2312.57
2312.57
15.96
277.02
277.02
1346.48
1346.48
1346.48
995.21
995.21
10.00
10.00
906.23
4085.46
4085.46
817.51
817.51
544.27
544.27
544.27
219.39
591.05
591.05
2130.01
2130.01
1060.38
1060.38
12.55
12.55
310.99
310.99
310.99
2371.83
3701.68
3701.68
4714.55
4714.55
4714.55
1808.02
1808.02
1256.49
625.12
625.12
2439.66
2439.66
573.79
573.79
573.79
13.13
955.88
955.88
955.88
955.88
955.88
11.89
10.00
10.00
559.64
559.64
559.64
657.35
412.04
412.04
1493.80
1493.80
1468.92
1468.92
1468.92
636.68
1575.76
1575.76
1591.68
1591.68
1591.68
2764.63
317.30
317.30
695.09
695.09
2627.60
2627.60
2627.60
2487.26
2158.02
2158.02
3264.68
3264.68
38.59
38.59
2421.67
2421.67
34.28
34.28
34.28
3406.16
3754.93
3754.93
2682.61
2682.61
2682.61
3839.57
3534.31
3534.31
3561.46
3561.46
627.41
627.41
2193.56
2193.56
27.50
27.50
1739.05
1739.05
1739.05
568.93
384.16
384.16
2658.95
2658.95
144.34
144.34
2324.06
2324.06
697.98
697.98
3012.51
3012.51
3012.51
2749.90
285.65
285.65
373.41
373.41
21.00
21.00
3043.70
3043.70
2754.21
2754.21
2754.21
554.42
554.42
625.56
4617.81
4617.81
4617.81
3385.82
3385.82
37.35
1146.14
1146.14
1146.14
2358.42
2358.42
2979.31
2979.31
831.81
831.81
2824.36
2824.36
4474.70
4474.70
3147.72
3147.72
807.81
807.81
619.76
619.76
1629.17
1629.17
3130.67
3130.67
1838.79
1838.79
2183.30
2183.30
4611.84
4611.84
34.20
34.20
535.34
535.34
39.25
39.25
1793.63
1793.63
10.00
10.00
405.98
405.98
1206.18
1206.18
4268.85
4268.85
571.71
571.71
240.72
240.72
1904.78
1904.78
19.91
19.91
1945.62
1945.62
2711.02
2711.02
2497.84
2497.84
10.00
10.00
10.35
10.35
118.51
118.51
519.42
519.42
40.79
40.79
23.41
23.41
439.94
439.94
105.32
105.32
577.54
577.54
149.76
149.76
579.60
579.60
275.74
275.74
132.65
132.65
3731.65
3731.65
760.79
760.79
1658.66
1658.66
2216.71
2216.71
3553.00
3553.00
3071.40
3071.40
1656.60
1656.60
1547.77
1547.77
3209.46
3209.46
2522.77
2522.77
2163.37
2163.37
1477.59
1477.59
3873.05
3873.05
102.94
102.94
572.27
572.27
1649.01
1649.01
4003.64
4003.64
2450.92
2450.92
1232.94
1232.94
673.78
673.78
2929.08
2929.08
619.86
619.86
952.89
952.89
33.44
33.44
24.11
24.11
21.43
21.43
4533.29
4533.29
4260.56
4260.56
10.00
10.00
2504.87
2504.87
35.40
35.40
29.11
29.11
357.16
357.16
724.45
724.45
3112.05
3112.05
3058.12
3058.12
2925.14
2925.14
1055.69
1055.69
3167.03
3167.03
3177.38
3177.38
1838.80
1838.80
2459.00
2459.00
3559.08
3559.08
3559.08
3559.08
3201.84
3201.84
3606.01
3606.01
16.36
16.36
1264.23
1264.23
3941.11
3941.11
3941.11
3941.11
1055.68
1055.68
2132.90
2132.90
3835.67
3835.67
2056.07
2056.07
4189.56
4189.56
4189.56
4189.56
2340.71
2340.71
3675.02
3675.02
4208.57
4208.57
963.82
963.82
963.82
963.82
1773.52
1773.52
4466.44
4466.44
2516.75
2516.75
2516.75
2516.75
4051.96
4051.96
4272.28
4272.28
2575.60
2575.60
3968.75
3968.75
2709.67
2709.67
4062.51
4062.51
1459.78
1459.78
3992.75
3992.75
836.30
836.30
836.30
836.30
836.30
836.30
1909.00
1909.00
408.48
408.48
3901.39
3901.39
3302.26
3302.26
3950.50
3950.50
546.42
546.42
2623.46
2623.46
3319.85
3319.85
3319.85
3319.85
69.15
69.15
1926.29
1926.29
260.54
260.54
1981.85
1981.85
1981.85
1981.85
1981.85
1981.85
1981.85
1981.85
139.41
139.41
2650.43
2650.43
3338.97
3338.97
3825.77
3825.77
692.47
692.47
3388.72
3388.72
3388.72
3388.72
3144.27
3144.27
2524.38
2524.38
179.19
179.19
621.68
621.68
4426.09
4426.09
53.51
53.51
588.40
588.40
30.32
30.32
1505.69
1505.69
574.76
574.76
1423.72
1423.72
602.98
602.98
2306.38
2306.38
10.00
10.00
11.47
11.47
1029.30
1029.30
4794.45
4794.45
2637.05
2637.05
2676.90
2676.90
500.88
500.88
1496.42
1496.42
2404.39
2404.39
13.15
13.15
62.08
62.08
3531.05
3531.05
10.00
10.00
126.81
126.81
2572.46
2572.46
613.32
613.32
10.00
10.00
431.53
431.53
519.41
519.41
2981.62
2981.62
338.81
338.81
242.79
242.79
592.27
592.27
121.75
121.75
155.57
155.57
15.14
15.14
69.45
69.45
11.46
11.46
4354.89
4354.89
459.66
459.66
2465.11
2465.11
32.64
32.64
2869.32
2869.32
201.32
201.32
2681.07
2681.07
2044.08
2044.08
712.11
712.11
2127.71
2127.71
916.28
916.28
12.70
12.70
1426.09
1426.09
624.27
624.27
1175.53
1175.53
4328.12
4328.12
11.22
11.22
566.14
566.14
1158.93
1158.93
2923.02
2923.02
23.52
23.52
37.86
37.86
2312.87
2312.87
30.76
30.76
1597.23
1597.23
617.27
617.27
2933.43
2933.43
3625.20
3625.20
2931.43
2931.43
625.15
625.15
4342.56
4342.56
1943.23
1943.23
987.96
987.96
1122.36
1122.36
16.56
16.56
1028.75
1028.75
2981.19
2981.19
468.04
468.04
2721.60
2721.60
10.00
10.00
735.21
735.21
297.78
297.78
605.91
605.91
4212.81
4212.81
225.58
225.58
398.77
398.77
2494.11
2494.11
604.18
604.18
1690.80
1690.80
649.02
649.02
318.24
318.24
87.57
87.57
12.43
12.43
34.77
34.77
577.30
577.30
2277.99
2277.99
10.35
10.35
10.00
10.00
583.66
583.66
10.00
10.00
26.27
26.27
578.90
578.90
86.86
86.86
2524.30
2524.30
480.75
480.75
5028.32
5028.32
4286.57
4286.57
1156.38
1156.38
39.04
39.04
10.00
10.00
83.11
83.11
924.28
924.28
1014.79
1014.79
610.47
610.47
72.38
72.38
10.00
10.00
2454.43
2454.43
780.55
780.55
1097.44
1097.44
2545.14
2545.14
3573.39
3573.39
12.40
12.40
889.57
889.57
18.58
18.58
400.75
400.75
15.00
15.00
398.67
398.67
1609.61
1609.61
2785.67
2785.67
4096.42
4096.42
2402.70
2402.70
3797.32
3797.32
768.21
768.21
165.40
165.40
3190.00
3190.00
3333.55
3333.55
2248.66
2248.66
591.24
591.24
3299.88
3299.88
88.32
88.32
596.92
596.92
2450.19
2450.19
585.21
585.21
1825.18
1825.18
547.06
547.06
559.58
559.58
2668.09
2668.09
74.58
74.58
34.85
34.85
580.23
580.23
3864.68
3864.68
2355.64
2355.64
21.30
21.30
226.77
226.77
36.76
36.76
10.00
10.00
3996.72
3996.72
509.85
509.85
4224.70
4224.70
2698.74
2698.74
10.00
10.00
3333.90
3333.90
436.58
436.58
38.85
38.85
382.47
382.47
38.08
38.08
912.38
912.38
912.38
912.38
912.38
912.38
912.38
912.38
912.38
912.38
912.38
912.38
912.38
912.38
912.38
912.38
912.38
912.38
912.38
912.38
912.38
912.38
912.38
912.38
1277.46
1052.69
177.88
177.88
177.88
532.02
532.02
407.41
407.41
996.46
882.45
882.45
750.21
1666.08
1666.08
723.81
723.81
157.58
157.58
22.53
22.53
2762.22
2762.22
484.63
484.63
1719.64
1719.64
3666.89
3666.89
1876.53
1876.53
4355.04
4355.04
1148.74
1148.74
3833.16
3833.16
2815.36
2815.36
1426.89
1426.89
26.02
26.02
3412.95
3412.95
2800.94
2800.94
96.98
96.98
92.65
92.65
10.00
10.00
1370.08
1370.08
1469.26
1469.26
1695.15
1695.15
2599.24
2599.24
10.00
10.00
493.27
493.27
12.45
12.45
901.89
901.89
620.14
620.14
608.12
608.12
2054.95
2054.95
10.00
10.00
10.00
10.00
2909.40
2909.40
341.48
341.48
558.89
558.89
1773.35
1773.35
920.77
920.77
72.07
72.07
10.42
10.42
628.77
628.77
2543.08
2543.08
86.06
86.06
68.84
68.84
114.37
114.37
1127.10
1127.10
4685.80
4685.80
4994.07
4994.07
197.49
197.49
3090.18
3090.18
1282.76
1282.76
4326.95
4326.95
4326.95
4326.95
4326.95
4326.95
635.44
635.44
4451.22
4451.22
4451.22
4451.22
4451.22
4451.22
4451.22
4451.22
4451.22
4451.22
4451.22
4451.22
4451.22
4451.22
623.04
623.04
2305.65
2305.65
2305.65
2305.65
2305.65
2305.65
2305.65
2305.65
2305.65
2305.65
2305.65
2305.65
2305.65
2305.65
2305.65
2305.65
2305.65
2305.65
2305.65
2305.65
2305.65
2305.65
2305.65
2305.65
2305.65
2305.65
2305.65
2305.65
2305.65
2305.65
1367.07
1367.07
1309.12
1309.12
1306.86
1306.86
1313.14
1313.14
1380.83
1380.83
1589.54
1589.54
1708.10
1708.10
1249.90
1249.90
10.00
10.00
1684.97
1684.97
1405.18
1405.18
1651.01
1651.01
1749.17
1749.17
1901.95
1901.95
1271.60
1271.60
2454.62
2454.62
2091.53
2091.53
2626.38
2626.38
24.05
24.05
2162.92
2162.92
2162.92
2162.92
2162.92
2162.92
1277.31
1277.31
1443.12
1443.12
2337.98
2337.98
1114.51
1114.51
2856.13
2856.13
3268.45
3268.45
632.50
632.50
2802.73
2802.73
306.24
306.24
3717.44
3717.44
3126.85
3126.85
174.44
174.44
1467.85
1467.85
130.00
130.00
594.53
594.53
101.93
101.93
12.80
12.80
1318.26
1318.26
21.56
21.56
559.40
559.40
10.65
10.65
2434.31
2434.31
4677.46
4677.46
4677.46
4677.46
4677.46
4677.46
10.00
10.00
1031.19
1031.19
1149.50
1149.50
1149.50
1149.50
1665.70
1665.70
933.85
933.85
1661.46
1661.46
905.40
905.40
246.24
246.24
1352.67
1352.67
1397.96
1397.96
562.23
562.23
113.36
113.36
592.87
592.87
10.00
10.00
2384.72
2384.72
1022.35
1022.35
2774.88
2774.88
464.11
464.11
2786.05
2786.05
803.10
803.10
3585.46
3585.46
4714.33
4714.33
1575.58
1575.58
2162.51
2162.51
479.34
479.34
294.03
294.03
3693.03
3693.03
13.35
13.35
86.05
86.05
2550.42
2550.42
1474.39
1474.39
97.26
97.26
12.74
12.74
74.66
74.66
1317.45
1317.45
409.19
409.19
590.66
590.66
90.98
90.98
3579.12
3579.12
2350.01
2350.01
3308.83
3308.83
3988.12
3988.12
2072.63
2072.63
347.00
347.00
933.81
933.81
4407.68
4407.68
4407.68
4407.68
1173.90
1173.90
605.74
605.74
100.97
100.97
529.96
529.96
806.30
806.30
1380.13
1380.13
674.23
674.23
3333.04
3333.04
14.74
14.74
65.92
65.92
40.04
40.04
593.02
593.02
3658.93
3658.93
4161.73
4161.73
3625.67
3625.67
177.75
177.75
3017.57
3017.57
429.10
429.10
2435.99
2435.99
1520.09
1520.09
460.95
460.95
1836.85
1836.85
2398.68
2398.68
557.52
557.52
862.94
862.94
612.85
612.85
4817.40
4817.40
1108.36
1108.36
12.62
12.62
26.97
26.97
4683.29
4683.29
1360.98
1360.98
500.16
500.16
12.24
12.24
3921.38
3921.38
554.31
554.31
81.32
81.32
2116.67
2116.67
2582.68
2582.68
1774.32
1774.32
4041.86
4041.86
1201.31
1201.31
1201.31
624.10
2095.24
2095.24
1214.69
1214.69
11.59
11.59
565.42
565.42
565.42
10.00
107.14
107.14
907.65
907.65
907.65
2240.10
2918.95
2918.95
2918.95
2918.95
2918.95
2918.95
3483.06
3483.06
3483.06
3483.06
3483.06
3483.06
12.21
12.21
729.09
729.09
729.09
729.09
3604.21
3604.21
646.46
646.46
646.46
3691.80
3691.80
3691.80
10.00
10.00
2639.42
2639.42
997.04
997.04
997.04
42.03
29.73
29.73
3630.89
3630.89
3511.18
3511.18
774.99
774.99
1122.04
1122.04
1802.58
1802.58
1802.58
1802.58
3600.57
3600.57
205.42
205.42
3530.81
3530.81
578.21
578.21
29.03
29.03
4330.23
4330.23
139.11
139.11
139.11
1546.32
2084.97
2084.97
2084.97
2084.97
2084.97
557.54
649.73
649.73
62.12
62.12
12.40
12.40
12.40
811.70
18.36
18.36
4253.01
4253.01
302.84
302.84
4664.24
4664.24
4664.24
4846.89
640.30
640.30
640.30
1986.87
61.96
61.96
220.79
220.79
73.55
73.55
73.55
10.81
10.00
10.00
10.00
10.00
116.06
116.06
15.35
15.35
24.84
24.84
1355.90
1355.90
12.51
12.51
12.51
10.05
4287.55
4287.55
1292.72
1292.72
22.05
22.05
10.00
10.00
261.11
261.11
261.11
2040.26
260.40
260.40
224.32
224.32
3167.55
3167.55
87.07
87.07
1448.76
1448.76
213.93
213.93
213.93
500.80
10.22
10.22
65.57
65.57
48.80
48.80
813.58
813.58
4069.43
4069.43
4069.43
932.45
1083.19
1083.19
1083.19
3970.49
3736.65
3736.65
207.50
207.50
85.80
85.80
503.40
503.40
47.61
47.61
10.00
10.00
11.81
11.81
87.03
87.03
585.36
585.36
89.59
89.59
34.82
34.82
10.00
10.00
34.04
34.04
17.43
17.43
17.43
18.27
18.27
33.34
119.06
119.06
1017.59
1017.59
1017.59
23.67
2061.60
2061.60
531.74
531.74
531.74
174.71
174.71
3561.42
1774.94
1774.94
1738.46
1738.46
1426.10
1426.10
1919.88
1919.88
1919.88
588.32
276.95
276.95
276.95
156.14
156.14
481.49
481.49
2203.67
605.32
605.32
2513.04
2513.04
182.00
182.00
1525.92
1525.92
612.11
612.11
5326.12
5326.12
10.00
10.00
606.58
606.58
606.58
240.07
653.61
653.61
12.34
12.34
12.34
44.17
44.17
1020.27
1020.27
213.96
213.96
2658.80
18.39
18.39
18.39
3812.85
3812.85
2213.03
2213.03
2348.20
2348.20
17.70
17.70
3933.81
3933.81
37.56
37.56
3979.74
3979.74
4276.87
4276.87
3191.98
3191.98
2628.67
2628.67
3386.81
3386.81
5263.44
5263.44
3447.90
3447.90
1074.48
1074.48
1036.72
1036.72
569.45
569.45
2155.96
2155.96
2617.25
2617.25
2580.24
2580.24
17.41
17.41
2789.60
2789.60
3829.66
3829.66
564.73
564.73
4474.54
4474.54
10.00
10.00
10.00
10.00
2266.45
2266.45
3362.27
3362.27
3091.38
3091.38
10.00
10.00
991.41
991.41
1070.66
1070.66
643.03
643.03
4018.76
4018.76
4543.31
4543.31
4792.10
4792.10
2482.40
2482.40
566.81
566.81
32.72
32.72
560.95
560.95
2189.77
2189.77
4959.01
4959.01
4741.40
4741.40
5762.81
5762.81
315.18
315.18
653.83
653.83
5167.89
5167.89
5573.67
5573.67
2203.36
2203.36
1524.04
1524.04
1924.06
1924.06
15.30
15.30
4568.79
4568.79
46.17
46.17
2718.39
2718.39
4555.20
4555.20
327.81
327.81
10.00
10.00
3249.07
3249.07
2740.17
2740.17
10.00
10.00
636.31
636.31
2315.69
2315.69
855.14
855.14
4157.20
4157.20
1340.17
1340.17
4625.61
4625.61
1457.61
1457.61
2819.46
2819.46
2000.44
2000.44
1257.38
1257.38
2838.58
2838.58
14.03
14.03
743.15
743.15
1938.77
1938.77
4198.68
4198.68
2396.35
2396.35
1587.76
1587.76
5180.78
5180.78
5180.78
5180.78
583.68
583.68
1484.03
1484.03
1623.27
1623.27
16.00
16.00
26.59
26.59
19.26
19.26
471.62
471.62
2202.00
2202.00
28.68
28.68
3820.40
3820.40
3946.29
3946.29
4647.21
4647.21
4528.60
4528.60
4568.33
4568.33
3752.25
3752.25
4727.58
4727.58
13.55
13.55
626.53
626.53
1035.81
1035.81
1770.23
1770.23
1770.23
1770.23
33.22
33.22
26.99
26.99
974.02
974.02
1077.06
1077.06
1077.06
1077.06
1077.06
1077.06
1077.06
1077.06
1077.06
1077.06
1077.06
1077.06
1077.06
1077.06
621.88
621.88
10.00
10.00
1831.35
1831.35
4500.66
4500.66
18.57
18.57
620.88
620.88
16.96
16.96
465.95
465.95
518.65
518.65
1787.34
1787.34
2092.01
2092.01
4481.38
4481.38
3398.07
3398.07
3671.09
3671.09
3636.06
3636.06
2272.30
2272.30
216.82
216.82
687.79
687.79
10.05
10.05
616.16
616.16
618.91
618.91
3127.79
3127.79
31.64
31.64
3850.27
3850.27
4463.96
4463.96
2718.00
2718.00
4478.96
4478.96
4478.96
4478.96
4478.96
4478.96
4417.02
4417.02
3853.45
3853.45
3548.14
3548.14
1684.93
1684.93
4725.66
4725.66
1871.10
1871.10
3267.90
3267.90
1378.33
1378.33
26.07
26.07
5384.87
5384.87
3389.65
3389.65
3539.09
3539.09
13.41
13.41
86.12
86.12
14.86
14.86
51.08
51.08
774.15
774.15
1901.21
1901.21
112.57
112.57
764.98
764.98
137.31
137.31
10.00
10.00
65.97
65.97
64.67
64.67
39.31
39.31
37.12
37.12
16.40
16.40
94.62
94.62
108.25
108.25
75.86
75.86
125.13
125.13
47.08
47.08
1179.96
1179.96
3784.24
3784.24
1691.03
1691.03
220.53
220.53
10.00
10.00
18.39
18.39
3300.15
3300.15
2087.50
2087.50
292.10
292.10
3216.36
3216.36
271.99
271.99
2333.64
2333.64
992.26
992.26
4235.72
4235.72
1030.69
1030.69
2967.25
2967.25
4055.51
4055.51
2594.70
2594.70
4503.83
4503.83
10.03
10.03
121.83
121.83
13.65
13.65
4783.19
4783.19
3691.78
3691.78
1580.83
1580.83
3453.42
3453.42
5317.97
5317.97
1966.74
1966.74
616.58
616.58
4284.82
4284.82
540.51
540.51
464.65
464.65
2585.52
2585.52
2585.52
2585.52
1401.81
1401.81
4181.40
4181.40
1706.59
1706.59
3282.24
3282.24
2540.04
2540.04
4538.91
4538.91
1032.66
1032.66
4486.65
4486.65
620.99
620.99
3042.14
3042.14
10.00
10.00
2649.97
2649.97
1959.21
1959.21
1950.17
1950.17
4895.60
4895.60
4895.60
4895.60
312.02
312.02
5002.83
5002.83
5002.83
5002.83
204.89
204.89
605.86
605.86
3141.80
3141.80
3141.80
3141.80
5271.03
5271.03
1869.89
1869.89
754.56
754.56
4210.92
4210.92
502.88
502.88
2398.53
2398.53
4704.83
4704.83
4596.47
4596.47
50.74
50.74
3798.92
3798.92
3608.57
3608.57
1300.55
1300.55
11.75
11.75
1105.85
1105.85
25.99
25.99
3422.90
3422.90
2411.13
2411.13
2384.90
2384.90
3685.31
3685.31
588.45
588.45
269.63
269.63
15.42
15.42
91.88
91.88
2875.57
2875.57
22.51
22.51
27.26
27.26
143.35
143.35
143.35
2634.43
3817.12
3817.12
5251.51
5251.51
4823.36
4823.36
2275.53
2275.53
2741.93
2741.93
1182.32
1182.32
765.76
765.76
287.11
287.11
3616.65
3616.65
3616.65
39.52
4511.66
4511.66
61.15
61.15
4773.33
4773.33
4773.33
4773.33
41.44
41.44
51.10
51.10
142.34
142.34
579.09
579.09
41.03
41.03
10.00
10.00
156.12
156.12
33.02
33.02
173.98
173.98
49.07
49.07
603.92
603.92
10.00
10.00
16.59
16.59
767.64
767.64
1686.26
1686.26
1686.26
1232.70
2054.89
2054.89
1699.85
1699.85
481.73
481.73
239.51
239.51
670.53
670.53
44.04
44.04
3226.42
3226.42
2345.79
2345.79
10.00
10.00
1041.15
1041.15
1281.37
1281.37
567.99
567.99
23.22
23.22
1775.77
1775.77
388.32
388.32
1445.67
1445.67
1825.91
1825.91
2080.53
2080.53
2703.81
2703.81
552.03
552.03
974.58
974.58
2757.32
2757.32
4165.71
4165.71
614.87
614.87
1823.66
1823.66
63.06
63.06
50.95
50.95
4359.19
4359.19
641.19
641.19
157.87
157.87
22.41
22.41
257.24
257.24
703.30
703.30
31.80
31.80
15.13
15.13
10.00
10.00
101.32
101.32
19.18
19.18
21.17
21.17
15.19
15.19
58.31
58.31
194.17
194.17
1663.44
1663.44
675.14
675.14
111.25
111.25
75.30
75.30
89.27
89.27
39.79
39.79
1868.11
1868.11
22.93
22.93
3883.80
3883.80
264.25
264.25
34.88
34.88
334.74
334.74
35.74
35.74
85.09
85.09
33.72
33.72
61.27
61.27
93.27
93.27
16.67
16.67
10.00
10.00
34.13
34.13
3621.59
3621.59
198.95
198.95
59.85
59.85
23.47
23.47
716.67
716.67
32.91
32.91
404.20
404.20
1680.91
1680.91
1477.09
1477.09
15.69
15.69
28.87
28.87
166.14
166.14
279.24
279.24
10.38
10.38
47.62
47.62
130.00
130.00
520.71
520.71
10.00
10.00
91.47
91.47
10.00
10.00
51.25
51.25
51.25
82.65
82.65
10.00
98.71
98.71
22.01
22.01
315.36
315.36
15.49
15.49
1456.09
1456.09
1456.09
27.63
1128.49
1128.49
63.80
63.80
63.80
1743.85
966.28
966.28
16.19
16.19
16.19
29.33
29.33
504.68
504.68
78.45
542.35
542.35
11.84
11.84
72.49
72.49
2476.68
2476.68
2476.68
178.63
246.42
246.42
125.58
125.58
63.36
63.36
63.36
13.05
13.05
16.61
575.33
575.33
575.33
756.70
35.69
35.69
18.21
18.21
2350.16
2350.16
452.37
452.37
535.70
535.70
514.31
514.31
514.31
200.45
2878.11
2878.11
631.80
631.80
78.37
78.37
528.92
528.92
812.64
812.64
576.48
576.48
576.48
10.00
884.14
884.14
1722.17
1722.17
1722.17
674.41
2193.31
2193.31
97.65
97.65
322.83
322.83
322.83
10.00
567.34
567.34
3311.86
3311.86
70.05
70.05
898.00
898.00
1869.03
1869.03
236.30
236.30
236.30
2942.17
479.43
479.43
2839.42
2839.42
1845.04
1845.04
172.26
172.26
2550.73
2550.73
1266.55
1266.55
601.35
601.35
331.61
331.61
3633.14
3633.14
772.45
772.45
41.27
41.27
598.47
598.47
149.01
149.01
149.01
4396.37
4004.26
4004.26
922.15
922.15
577.08
577.08
23.94
23.94
4480.73
4480.73
1366.86
1366.86
1366.86
842.50
2100.22
2100.22
2100.22
558.21
2477.04
2477.04
2477.04
2477.04
2552.14
2552.14
10.14
10.14
10.14
1551.39
1210.37
1210.37
746.97
746.97
4556.22
4556.22
4556.22
2992.51
854.34
854.34
1685.80
1685.80
1685.80
145.94
145.94
3573.93
3157.43
3157.43
2510.35
2510.35
81.73
81.73
81.73
332.52
3185.54
3185.54
3185.54
3185.54
1244.09
1244.09
2959.14
2959.14
2959.14
2959.14
696.43
696.43
696.43
4477.30
4631.12
4631.12
1743.24
1743.24
10.27
10.27
10.27
11.61
11.61
2529.30
517.38
517.38
17.57
17.57
1968.39
1968.39
1968.39
3434.29
4446.54
4446.54
1343.72
1343.72
1343.72
3282.96
3114.61
3114.61
1470.86
1470.86
1470.86
2657.13
2657.13
559.62
2778.14
2778.14
2778.14
617.99
617.99
390.53
498.13
498.13
498.13
1504.83
772.58
772.58
772.58
922.13
2221.32
2221.32
10.70
10.70
10.70
1525.20
1525.20
614.69
10.00
10.00
10.00
88.75
88.75
12.12
12.12
38.93
38.93
610.72
610.72
2741.38
2741.38
49.16
49.16
3651.22
3651.22
3651.22
3651.22
2737.60
2737.60
676.31
676.31
2456.84
2456.84
2637.91
2637.91
3877.38
3877.38
4121.40
4121.40
10.00
10.00
3256.62
3256.62
307.85
307.85
708.35
708.35
4867.54
4867.54
1994.35
1994.35
798.17
798.17
3639.79
3639.79
2645.55
2645.55
366.91
366.91
131.43
131.43
659.62
659.62
98.25
98.25
537.20
537.20
1187.58
1187.58
10.00
10.00
680.40
680.40
145.64
145.64
43.10
43.10
138.41
138.41
1064.35
1064.35
3592.55
3592.55
3243.57
3243.57
2967.39
2967.39
1957.47
1957.47
10.00
10.00
2626.17
2626.17
10.00
10.00
2442.71
2442.71
43.57
43.57
133.88
133.88
133.47
133.47
497.01
497.01
55.90
55.90
2229.61
2229.61
411.39
411.39
319.55
319.55
10.00
10.00
2607.30
2607.30
102.32
102.32
10.17
10.17
2436.28
2436.28
2470.47
2470.47
10.00
10.00
578.84
578.84
1271.46
1271.46
85.33
85.33
21.80
21.80
19.01
19.01
451.44
451.44
2343.45
2343.45
486.02
486.02
270.49
270.49
348.63
348.63
626.44
626.44
296.45
296.45
603.98
603.98
1035.52
1035.52
1408.51
1408.51
12.35
12.35
2933.03
2933.03
2256.93
2256.93
2638.81
2638.81
384.24
384.24
1018.22
1018.22
263.37
263.37
1039.97
1039.97
1732.36
1732.36
1252.88
1252.88
3551.71
3551.71
1802.07
1802.07
2749.12
2749.12
43.04
43.04
4023.84
4023.84
1721.69
1721.69
3112.84
3112.84
4477.27
4477.27
1375.58
1375.58
546.76
546.76
57.40
57.40
603.52
603.52
2361.75
2361.75
1864.51
1864.51
3387.73
3387.73
3528.03
3528.03
2913.24
2913.24
3127.65
3127.65
77.72
77.72
5582.19
5582.19
5411.84
5411.84
4375.36
4375.36
4113.68
4113.68
4595.98
4595.98
1991.57
1991.57
2328.17
2328.17
681.81
681.81
5471.14
5471.14
1312.74
1312.74
80.95
80.95
30.67
30.67
5157.63
5157.63
4584.22
4584.22
4359.23
4359.23
5114.96
5114.96
5133.80
5133.80
1049.36
1049.36
1190.37
1190.37
1265.93
1265.93
1178.88
1178.88
1718.57
1718.57
1638.68
1638.68
2352.23
2352.23
261.87
261.87
1072.56
1072.56
790.95
790.95
5055.34
5055.34
2009.49
2009.49
2760.18
2760.18
1197.40
1197.40
3446.31
3446.31
3446.31
3446.31
3446.31
3446.31
3446.31
3446.31
552.41
552.41
1965.95
1965.95
1858.08
1858.08
907.35
907.35
1917.76
1917.76
10.00
10.00
41.48
41.48
43.65
43.65
657.68
657.68
4869.47
4869.47
4869.47
4869.47
4610.36
4610.36
319.07
319.07
920.16
920.16
1538.13
1538.13
613.35
613.35
5824.37
5824.37
4752.01
4752.01
4752.01
4752.01
2602.52
2602.52
3066.85
3066.85
3409.34
3409.34
1298.95
1298.95
3781.56
3781.56
4527.39
4527.39
4527.39
4527.39
2150.38
2150.38
4333.07
4333.07
4819.77
4819.77
874.61
874.61
216.40
216.40
1934.46
1934.46
1430.76
1430.76
3773.11
3773.11
2390.87
2390.87
973.25
973.25
1100.38
1100.38
526.22
526.22
4111.54
4111.54
4111.54
4111.54
4111.54
4111.54
4701.88
4701.88
3614.41
3614.41
3464.55
3464.55
4464.15
4464.15
1471.71
1471.71
4886.46
4886.46
382.42
382.42
2771.20
2771.20
4735.73
4735.73
4246.60
4246.60
2603.11
2603.11
2609.54
2609.54
712.26
712.26
73.09
73.09
2181.83
2181.83
469.96
469.96
155.22
155.22
483.38
483.38
3372.12
3372.12
185.53
185.53
1659.19
1659.19
1013.17
1013.17
1036.48
1036.48
2459.65
2459.65
1049.82
1049.82
1748.56
1748.56
1451.79
1451.79
805.98
805.98
3358.45
3358.45
593.35
593.35
1616.10
1616.10
328.82
328.82
477.59
477.59
38.25
38.25
2656.04
2656.04
36.81
36.81
4309.47
4309.47
3514.27
3514.27
1920.56
1920.56
1075.93
1075.93
59.21
59.21
10.00
10.00
1060.84
1060.84
1808.97
1808.97
1552.51
1552.51
109.74
109.74
463.35
463.35
227.18
227.18
1566.42
1566.42
55.64
55.64
66.36
66.36
106.33
106.33
23.87
23.87
609.30
609.30
13.94
13.94
140.43
140.43
113.57
113.57
39.68
39.68
16.82
16.82
10.00
10.00
633.45
633.45
1783.98
1783.98
1736.94
1736.94
40.18
40.18
10.00
10.00
10.36
10.36
1523.36
1523.36
529.88
529.88
4990.17
4990.17
2980.19
2980.19
574.00
574.00
5004.20
5004.20
26.35
26.35
328.04
328.04
80.20
80.20
12.62
12.62
114.03
114.03
704.70
704.70
108.77
108.77
979.14
979.14
549.15
549.15
89.33
89.33
646.42
646.42
28.09
28.09
589.76
589.76
489.75
489.75
1913.29
1913.29
2935.88
2935.88
3991.59
3991.59
1440.90
1440.90
10.00
10.00
570.19
570.19
48.04
48.04
2364.36
2364.36
1789.74
1789.74
1077.52
1077.52
3642.86
3642.86
2166.57
2166.57
3878.49
3878.49
4631.40
4631.40
1711.51
1711.51
12.54
12.54
2895.80
2895.80
621.26
621.26
38.36
38.36
46.32
46.32
10.00
10.00
763.94
763.94
153.15
153.15
195.24
195.24
18.90
18.90
1157.98
1157.98
779.91
779.91
2103.39
2103.39
18.84
18.84
1014.62
1014.62
2513.26
2513.26
41.10
41.10
605.76
605.76
2703.64
2703.64
3259.52
3259.52
256.06
256.06
1071.81
1071.81
861.03
861.03
44.00
44.00
18.46
18.46
10.00
10.00
1629.20
1629.20
350.78
350.78
81.17
81.17
15.44
15.44
956.94
956.94
1506.24
1506.24
3030.65
3030.65
314.04
314.04
3452.62
3452.62
2761.37
2761.37
655.76
655.76
31.37
31.37
1618.42
1618.42
2761.89
2761.89
142.42
142.42
2106.27
2106.27
10.06
10.06
597.34
597.34
1990.71
1990.71
53.92
53.92
10.23
10.23
756.88
756.88
10.00
10.00
2630.30
2630.30
2228.16
2228.16
51.57
51.57
51.57
2695.07
10.00
10.00
771.93
771.93
552.61
552.61
844.86
844.86
2126.80
2126.80
43.75
43.75
4619.89
4619.89
3589.54
3589.54
2024.10
2024.10
931.21
931.21
300.05
300.05
554.38
554.38
243.61
243.61
10.58
10.58
428.78
428.78
1598.61
1598.61
66.46
66.46
1451.90
1451.90
375.72
375.72
576.47
576.47
39.66
39.66
2751.70
2751.70
2015.58
2015.58
3651.18
3651.18
4854.01
4854.01
1689.93
1689.93
538.31
538.31
589.81
589.81
11.74
11.74
883.10
883.10
62.24
62.24
605.45
605.45
87.36
87.36
3095.22
3095.22
10.34
10.34
10.34
97.81
97.81
4203.88
4084.15
4084.15
552.94
552.94
552.94
2734.75
115.81
115.81
115.81
73.03
184.91
184.91
621.66
621.66
151.19
151.19
81.21
81.21
81.21
13.10
835.41
835.41
35.47
35.47
399.02
399.02
4779.25
4779.25
4762.42
4762.42
4762.42
950.53
5899.55
5899.55
596.77
596.77
2946.94
2946.94
4898.47
4898.47
582.96
582.96
4041.09
4041.09
4762.92
4762.92
3487.65
3487.65
258.51
258.51
536.21
536.21
2506.88
2506.88
2506.88
10.00
2363.10
2363.10
3959.60
3959.60
3959.60
3959.60
3959.60
3959.60
2461.84
2461.84
2461.84
1410.27
5239.08
5239.08
1305.42
1305.42
1305.42
3088.55
1618.34
1618.34
3842.07
3842.07
3842.07
353.98
353.98
5345.07
2579.22
2579.22
692.77
692.77
1653.91
1653.91
3454.83
3454.83
3454.83
4035.15
4035.15
4035.15
4035.15
4078.44
25.79
25.79
25.79
641.88
2249.57
2249.57
2249.57
5436.77
2792.41
2792.41
1470.46
1470.46
3964.35
3964.35
2609.03
2609.03
4133.00
4133.00
4749.19
4749.19
1783.69
1783.69
1783.69
600.49
3951.65
3951.65
622.06
622.06
64.03
64.03
2460.84
2460.84
1526.56
1526.56
1374.00
1374.00
656.66
656.66
3552.86
3552.86
2836.16
2836.16
2836.16
1312.04
1376.12
1376.12
4548.28
4548.28
4548.28
5217.60
598.51
598.51
2598.28
2598.28
281.59
281.59
49.62
49.62
4363.78
4363.78
4363.78
639.14
3201.11
3201.11
4590.60
4590.60
4590.60
4567.88
2412.86
2412.86
2412.86
24.96
2941.34
2941.34
1969.87
1969.87
1091.43
1091.43
51.15
51.15
51.15
365.10
825.76
825.76
630.83
630.83
1705.22
1705.22
37.95
37.95
38.84
38.84
53.34
53.34
24.57
24.57
982.29
982.29
982.29
813.08
26.05
26.05
122.88
122.88
122.88
120.00
111.83
111.83
1408.53
1408.53
1408.53
136.63
578.44
578.44
2833.18
2833.18
1590.88
1590.88
4437.66
4437.66
1780.70
1780.70
1107.67
1107.67
1107.67
93.49
3348.75
3348.75
1290.38
1290.38
1290.38
10.00
30.36
30.36
2005.12
2005.12
2005.12
4575.97
10.00
10.00
10.00
226.48
3631.44
3631.44
4484.97
4484.97
4484.97
575.53
2406.62
2406.62
10.01
10.01
10.01
2553.55
4678.72
4678.72
4678.72
12.05
12.05
10.00
575.01
575.01
575.01
19.32
19.32
110.67
2458.45
2458.45
2458.45
530.01
530.01
1548.53
1548.53
2902.22
2902.22
1364.05
1364.05
15.93
15.93
1327.47
1327.47
1759.19
1759.19
103.47
103.47
19.76
19.76
104.43
104.43
1117.96
1117.96
24.12
24.12
45.74
45.74
571.05
571.05
10.00
10.00
468.03
468.03
36.25
36.25
101.41
101.41
639.06
639.06
40.98
40.98
3058.25
3058.25
1448.36
1448.36
1996.38
1996.38
45.61
45.61
80.36
80.36
498.75
498.75
56.77
56.77
625.77
625.77
41.65
41.65
523.66
523.66
52.74
52.74
611.08
611.08
215.13
215.13
2379.32
2379.32
1518.96
1518.96
2774.20
2774.20
2743.14
2743.14
2257.29
2257.29
1688.03
1688.03
534.66
534.66
2150.41
2150.41
70.25
70.25
42.94
42.94
748.45
748.45
1686.69
1686.69
45.84
45.84
4709.05
4709.05
12.26
12.26
4749.23
4749.23
598.49
598.49
2397.39
2397.39
592.72
592.72
867.76
867.76
4443.57
4443.57
4443.57
4443.57
218.22
218.22
24.91
24.91
177.03
177.03
909.86
909.86
669.53
669.53
689.27
689.27
547.19
547.19
10.00
10.00
830.21
830.21
830.21
830.21
535.62
535.62
2633.47
2633.47
1501.21
1501.21
2033.51
2033.51
2487.24
2487.24
3348.48
3348.48
3369.18
3369.18
930.14
930.14
2259.01
2259.01
98.68
98.68
594.00
594.00
2289.50
2289.50
834.74
834.74
543.29
543.29
1015.84
1015.84
597.11
597.11
70.38
70.38
435.20
435.20
10.00
10.00
378.57
378.57
10.00
10.00
75.23
75.23
589.37
589.37
1044.21
1044.21
59.48
59.48
1852.97
1852.97
3275.37
3275.37
591.46
591.46
1279.52
1279.52
1279.52
1279.52
184.21
184.21
1383.78
1383.78
534.53
534.53
1073.92
1073.92
1073.92
1073.92
118.51
118.51
70.07
70.07
12.21
12.21
77.37
77.37
31.95
31.95
31.12
31.12
13.63
13.63
47.52
47.52
10.00
10.00
1338.15
1338.15
1162.53
1162.53
879.91
879.91
441.99
441.99
2360.76
2360.76
1457.32
1457.32
10.00
10.00
895.76
895.76
10.00
10.00
571.34
571.34
143.61
143.61
26.35
26.35
646.25
646.25
1198.44
1198.44
48.62
48.62
273.92
273.92
208.52
208.52
38.89
38.89
43.61
43.61
498.50
498.50
49.34
49.34
462.58
462.58
91.06
91.06
2998.03
2998.03
251.95
251.95
138.66
138.66
10.00
10.00
23.60
23.60
663.43
663.43
99.03
99.03
920.25
920.25
4435.41
4435.41
2265.25
2265.25
559.53
559.53
64.39
64.39
128.26
128.26
739.39
739.39
3290.67
3290.67
872.78
872.78
90.53
90.53
2083.49
2083.49
68.27
68.27
1265.53
1265.53
10.00
10.00
1878.66
1878.66
1570.90
1570.90
403.34
403.34
2690.34
2690.34
5553.19
5553.19
4712.11
4712.11
157.39
157.39
636.17
636.17
337.21
337.21
75.62
75.62
103.78
103.78
730.55
730.55
2074.64
2074.64
606.92
606.92
1505.23
1505.23
1103.74
1103.74
1110.35
1110.35
78.17
78.17
29.14
29.14
10.00
10.00
632.79
632.79
47.58
47.58
10.00
10.00
688.92
688.92
13.39
13.39
356.28
356.28
1360.43
1360.43
130.30
130.30
12.66
12.66
14.99
14.99
10.59
10.59
4168.77
4168.77
10.00
10.00
24.67
24.67
10.00
10.00
10.00
10.00
406.19
406.19
2195.30
2195.30
1852.73
1852.73
2058.75
2058.75
4423.52
4423.52
846.08
846.08
26.04
26.04
3027.93
3027.93
3984.82
3984.82
2188.34
2188.34
1887.85
1887.85
3393.43
3393.43
1632.01
1632.01
3154.67
3154.67
764.48
764.48
10.00
10.00
538.25
538.25
4400.20
4400.20
561.49
561.49
464.89
464.89
2928.65
2928.65
12.25
12.25
10.00
10.00
775.33
775.33
4473.98
4473.98
4703.93
4703.93
2239.92
2239.92
1125.14
1125.14
13.20
13.20
1485.76
1485.76
4972.09
4972.09
4972.09
4972.09
199.50
199.50
12.28
12.28
818.74
818.74
4944.52
4944.52
2828.76
2828.76
4876.36
4876.36
2319.50
2319.50
2637.01
2637.01
4737.48
4737.48
1378.32
1378.32
2587.60
2587.60
594.17
594.17
138.93
138.93
23.80
23.80
40.52
40.52
854.46
854.46
1169.38
1169.38
558.93
558.93
36.48
36.48
3996.81
3996.81
2264.85
2264.85
1168.41
1168.41
1995.11
1995.11
2817.46
2817.46
52.10
52.10
1321.97
1321.97
5030.01
5030.01
2977.25
2977.25
3378.81
3378.81
3176.96
3176.96
2964.46
2964.46
52.51
52.51
52.51
635.90
5156.30
5156.30
602.79
602.79
789.66
789.66
10.00
10.00
12.00
12.00
3111.86
3111.86
10.00
10.00
217.81
217.81
1438.57
1438.57
2988.78
2988.78
409.29
409.29
53.44
53.44
254.19
254.19
568.32
568.32
26.92
26.92
545.75
545.75
1938.55
1938.55
10.00
10.00
2236.65
2236.65
126.17
126.17
1475.44
1475.44
28.80
28.80
179.46
179.46
281.89
281.89
512.79
512.79
623.80
623.80
10.11
10.11
1307.17
1307.17
489.13
489.13
2392.09
2392.09
12.73
12.73
54.98
54.98
592.07
592.07
789.24
789.24
2522.27
2522.27
10.00
10.00
46.72
46.72
596.79
596.79
25.28
25.28
2045.82
2045.82
473.75
473.75
354.86
354.86
2291.37
2291.37
134.96
134.96
11.85
11.85
53.54
53.54
1037.42
1037.42
393.21
393.21
1505.75
1505.75
1640.36
1640.36
41.55
41.55
389.43
389.43
2447.67
2447.67
1635.11
1635.11
1272.10
1272.10
1752.78
1752.78
38.26
38.26
806.54
806.54
202.20
202.20
1440.96
1440.96
2153.58
2153.58
1628.79
1628.79
851.83
851.83
2265.12
2265.12
2314.58
2314.58
1439.24
1439.24
649.83
649.83
61.04
61.04
20.41
20.41
53.16
53.16
139.18
139.18
3260.29
3260.29
20.75
20.75
2897.84
2897.84
2182.99
2182.99
1300.30
1300.30
1589.64
1589.64
2533.46
2533.46
1347.43
1347.43
1583.47
1583.47
1378.47
1378.47
316.52
316.52
1391.98
1391.98
45.19
45.19
10.00
10.00
38.78
38.78
3849.76
3849.76
881.79
881.79
1749.29
1749.29
3255.42
3255.42
532.16
532.16
39.02
39.02
412.10
412.10
4101.47
4101.47
157.06
157.06
2116.64
2116.64
94.94
94.94
2432.62
2432.62
453.68
453.68
428.68
428.68
197.71
197.71
220.46
220.46
1236.87
1236.87
122.30
122.30
792.95
792.95
2975.61
2975.61
2236.95
2236.95
14.66
14.66
31.00
31.00
10.00
10.00
48.93
48.93
449.80
449.80
10.00
10.00
10.00
1579.64
822.23
822.23
10.00
10.00
10.00
10.00
10.16
10.16
1075.02
1075.02
745.05
745.05
162.27
162.27
539.79
539.79
175.34
175.34
591.99
591.99
1520.82
1520.82
29.82
29.82
29.82
635.90
61.57
61.57
712.98
712.98
10.30
10.30
10.30
80.52
43.47
43.47
10.00
10.00
34.79
34.79
2268.36
2268.36
4289.09
4289.09
4289.09
124.04
164.65
164.65
30.67
30.67
30.67
125.01
631.82
631.82
631.82
1525.99
3321.66
3321.66
3683.33
3683.33
4244.55
4244.55
4244.55
1549.81
3574.52
3574.52
557.04
557.04
112.78
112.78
3717.98
3717.98
82.21
82.21
82.21
113.29
15.33
15.33
15.33
20.84
25.16
25.16
25.16
477.24
1359.48
1359.48
1101.01
1101.01
2172.62
2172.62
553.97
553.97
553.97
3504.34
3504.34
3504.34
3429.26
3429.26
1888.12
1888.12
1888.12
544.20
759.08
759.08
759.08
759.08
759.08
20.66
1895.06
1895.06
3145.99
3145.99
2267.47
2267.47
1666.02
1666.02
1636.60
1636.60
32.75
32.75
485.31
485.31
23.66
23.66
508.85
508.85
2065.23
2065.23
1205.17
1205.17
12.54
12.54
15.42
15.42
602.53
602.53
10.59
10.59
1206.98
1206.98
405.61
405.61
233.93
