# 1Hz Kbps trace generated by import_real_world_traces.py
2118.59
2117.63
2117.63
2117.63
2117.63
2117.63
2117.63
2117.63
2117.63
2117.63
2117.63
2117.63
2117.63
2117.63
2117.63
2117.63
2117.63
2117.63
2117.63
2117.63
26.22
1532.81
1532.81
1532.81
1532.81
1801.65
1801.65
1801.65
1801.65
1801.65
1801.65
1801.65
1801.65
1801.65
1801.65
2735.38
2735.38
2735.38
2735.38
2735.38
2735.38
2735.38
2735.38
2735.38
2735.38
2735.38
2735.38
2735.38
2735.38
2735.38
2735.38
2735.38
2735.38
2735.38
2735.38
2735.38
2735.38
2735.38
2735.38
2735.38
2735.38
2735.38
2735.38
2735.38
2735.38
2735.38
2735.38
2735.38
2735.38
2735.38
2735.38
2735.38
2735.38
2735.38
2735.38
2735.38
2735.38
2735.38
2735.38
2735.38
2735.38
2735.38
2735.38
2735.38
2735.38
2735.38
2735.38
2735.38
2735.38
2735.38
2735.38
2735.38
2735.38
2735.38
2735.38
2735.38
2735.38
2735.38
2735.38
2735.38
2735.38
2735.38
2735.38
2735.38
2735.38
2735.38
2735.38
2735.38
2735.38
2735.38
2735.38
2735.38
2735.38
2735.38
2735.38
2735.38
2735.38
2735.38
2735.38
2735.38
2735.38
2735.38
2735.38
2735.38
2735.38
2735.38
2735.38
2735.38
2735.38
2735.38
2735.38
2735.38
2735.38
2735.38
2735.38
2735.38
2735.38
2735.38
2735.38
2735.38
2735.38
2735.38
2735.38
2735.38
2735.38
2735.38
2735.38
4136.74
4136.74
4136.74
4136.74
4136.74
4136.74
4136.74
4136.74
4136.74
4136.74
4136.74
4136.74
4136.74
4136.74
4136.74
4136.74
4136.74
4136.74
4136.74
4136.74
128.02
128.02
6362.45
6362.45
6362.45
6362.45
5203.95
5203.95
5203.95
5203.95
5203.95
5203.95
5203.95
5203.95
5203.95
5203.95
5203.95
5203.95
5203.95
5203.95
5203.95
5203.95
6841.54
6841.54
6867.86
6867.86
6867.86
6867.86
6867.86
6867.86
6077.19
6077.19
3701.45
3701.45
3701.45
5072.17
5072.17
5119.85
5119.85
5119.85
5119.85
5119.85
5119.85
5119.85
5119.85
5119.85
1336.42
1336.42
530.62
530.62
1074.41
1074.41
1074.41
1074.41
1074.41
5376.62
5376.62
1682.04
1682.04
1682.04
1682.04
1682.04
1682.04
1682.04
1682.04
1682.04
1682.04
1682.04
1682.04
2261.09
2261.09
2261.09
2261.09
2261.09
2261.09
2261.09
2261.09
2261.09
2261.09
5256.36
5256.36
5256.36
5256.36
5256.36
5256.36
5256.36
5256.36
5256.36
5256.36
5256.36
5256.36
5256.36
5256.36
5256.36
5256.36
5256.36
5256.36
5256.36
5256.36
5256.36
5256.36
5297.67
5297.67
2444.75
2444.75
3442.84
3442.84
2991.96
2991.96
2991.96
2991.96
2991.96
2991.96
2991.96
2991.96
2991.96
2991.96
2991.96
2991.96
2991.96
2991.96
2991.96
2991.96
2991.96
2991.96
2991.96
2991.96
2893.21
2893.21
3237.32
3237.32
3237.32
3237.32
3237.32
3237.32
3237.32
3237.32
3237.32
3237.32
3237.32
3237.32
3237.32
3237.32
3237.32
3237.32
3237.32
3237.32
3237.32
3237.32
3237.32
3237.32
3237.32
3237.32
3237.32
3237.32
3237.32
3237.32
3237.32
3237.32
3314.41
3314.41
3314.41
3314.41
3314.41
3314.41
98.89
98.89
2917.49
2917.49
2917.49
2917.49
2917.49
2917.49
2917.49
2917.49
2917.49
2917.49
2917.49
2917.49
2917.49
2917.49
2917.49
2917.49
2917.49
2917.49
2917.49
2917.49
2917.49
2917.49
2917.49
2917.49
2917.49
2917.49
2917.49
2917.49
2917.49
2917.49
2917.49
2917.49
2917.49
2917.49
2917.49
2917.49
2917.49
2917.49
2917.49
2917.49
2917.49
2917.49
2917.49
2917.49
2917.49
2917.49
2917.49
2917.49
2917.49
2917.49
2917.49
2917.49
2917.49
2917.49
2917.49
2917.49
2917.49
2917.49
2917.49
2917.49
79.52
79.52
144.37
144.37
200.29
200.29
598.48
598.48
297.71
297.71
687.96
687.96
801.91
801.91
1126.64
1126.64
1365.04
1365.04
1365.04
1365.04
1505.62
1505.62
1505.62
1505.62
1084.35
1084.35
1084.35
1084.35
1084.35
1084.35
1060.03
1060.03
1060.03
1060.03
1657.48
1657.48
1657.48
1657.48
1612.56
1612.56
1593.73
1593.73
1579.16
1579.16
1579.16
1579.16
1538.70
1538.70
1568.08
1568.08
1912.99
1912.99
2036.01
2036.01
3749.83
3749.83
4465.86
4465.86
4465.86
4465.86
4465.86
4465.86
119.00
119.00
3926.79
3926.79
5249.38
5249.38
5249.38
5249.38
5249.38
5249.38
5249.38
5249.38
5249.38
5249.38
5249.38
5249.38
5249.38
5249.38
5249.38
5249.38
5249.38
5249.38
5249.38
2115.20
2115.20
6951.61
6951.61
6945.67
6945.67
5686.37
5686.37
6713.73
6713.73
6713.73
6713.73
6713.73
6713.73
6713.73
6713.73
6713.73
6713.73
6466.83
6466.83
5426.61
5426.61
4739.59
4739.59
6061.58
6061.58
5592.84
5592.84
6988.98
6988.98
6130.85
6130.85
6495.90
5800.92
5800.92
5800.92
4753.26
4753.26
4731.11
4731.11
7520.82
7520.82
3039.02
3039.02
3039.02
3039.02
3039.02
3039.02
7500.50
7500.50
7500.50
7500.50
7500.50
7500.50
8265.36
8265.36
6780.93
6780.93
6780.93
6780.93
6586.09
6586.09
5379.86
5379.86
6914.61
6914.61
4580.14
4580.14
5649.39
5649.39
5701.83
5701.83
6080.11
6080.11
6752.14
6752.14
6785.64
6785.64
1847.51
1847.51
7739.14
7739.14
7739.14
7739.14
6063.00
6063.00
6552.83
6552.83
5052.28
5052.28
5052.28
5052.28
5052.28
5052.28
5052.28
5052.28
5052.28
5052.28
5052.28
5052.28
5052.28
5052.28
5052.28
5052.28
5052.28
5052.28
5052.28
5052.28
4295.96
4295.96
5988.81
5988.81
6189.31
6620.96
6620.96
6620.96
5334.60
5334.60
5334.60
5334.60
5334.60
5334.60
5334.60
5334.60
5334.60
5334.60
5334.60
5334.60
5334.60
5334.60
5334.60
5334.60
5613.67
5613.67
5574.31
5574.31
5574.31
5574.31
6206.32
6206.32
4225.46
4225.46
41.47
41.47
240.23
240.23
1393.11
1393.11
1598.33
1598.33
1598.33
1598.33
1598.33
1598.33
1598.33
1598.33
1598.33
1598.33
1598.33
1598.33
1598.33
1598.33
1598.33
1598.33
1598.33
1598.33
1598.33
1598.33
1598.33
1598.33
1598.33
1598.33
409.53
409.53
294.95
294.95
250.90
250.90
417.66
417.66
361.45
361.45
319.94
319.94
326.55
370.91
370.91
370.91
407.85
407.85
407.85
407.85
513.07
513.07
513.07
513.07
742.78
742.78
841.73
841.73
841.73
841.73
1563.10
1563.10
1766.81
1766.81
1838.65
1838.65
1838.65
1838.65
1692.88
1692.88
1148.16
1148.16
1984.74
1984.74
161.68
161.68
1977.22
1977.22
1964.25
1964.25
2082.61
2082.61
1850.28
1850.28
2050.34
2050.34
1977.07
1977.07
1914.77
1914.77
1914.77
1914.77
2049.36
2049.36
2049.36
2049.36
2049.36
2049.36
2111.99
2111.99
2115.23
2115.23
1909.38
1909.38
2094.02
2094.02
2094.02
2094.02
2110.61
2110.61
2210.02
2210.02
2164.30
2164.30
2188.36
2188.36
2020.22
2020.22
2239.24
2239.24
2239.24
2239.24
2239.24
2239.24
2157.53
2157.53
2157.53
2157.53
2147.08
2147.08
2147.08
2147.08
1998.54
1998.54
1998.54
1998.54
1930.09
1930.09
1930.09
1930.09
2123.78
2123.78
2123.78
2123.78
2123.78
2123.78
1923.07
1923.07
1923.07
1923.07
1923.07
1923.07
1923.07
1923.07
1923.07
1923.07
1923.07
1923.07
1923.07
1923.07
1923.07
1923.07
1923.07
1923.07
2093.10
2093.10
2093.10
2093.10
2093.10
2093.10
2095.23
2095.23
2095.23
2095.23
2079.50
2079.50
2079.50
2079.50
2079.50
2079.50
2036.01
2036.01
2036.01
2036.01
2036.01
2036.01
2036.01
2036.01
2036.01
2036.01
2036.01
2036.01
3684.07
3684.07
4788.77
4788.77
4788.77
4788.77
4788.77
4788.77
1830.29
1830.29
3275.61
3275.61
3524.01
3524.01
3524.01
3524.01
3524.01
3524.01
3524.01
3524.01
5636.55
5636.55
4224.52
4224.52
4224.52
4224.52
4224.52
4224.52
4224.52
4224.52
4224.52
4224.52
4224.52
4224.52
4224.52
4224.52
4224.52
4224.52
4636.42
4636.42
4257.91
4257.91
4257.91
4257.91
4257.91
4257.91
5908.96
5908.96
513.53
513.53
818.86
818.86
818.86
818.86
818.86
818.86
818.86
818.86
818.86
818.86
1754.02
1754.02
1754.02
1754.02
31.07
31.07
136.33
136.33
458.88
458.88
267.27
267.27
542.55
542.55
726.81
726.81
884.96
884.96
1184.07
1184.07
1060.83
1060.83
973.64
973.64
1495.47
1495.47
1925.70
1925.70
1267.20
1267.20
1267.20
1267.20
1267.20
1267.20
2214.18
2214.18
2214.18
2214.18
2214.18
2214.18
2214.18
2214.18
2214.18
2214.18
2214.18
2214.18
2214.18
2214.18
2357.49
2357.49
2357.49
2357.49
2357.49
2357.49
2357.49
2357.49
2357.49
2357.49
2357.49
2357.49
2357.49
2357.49
2497.22
2497.22
2497.22
2497.22
2497.22
2497.22
2497.22
2497.22
2497.22
2497.22
1976.06
1976.06
1976.06
1976.06
1976.06
1976.06
1976.06
1976.06
1976.06
1976.06
1976.06
1976.06
1976.06
1976.06
1976.06
1976.06
1976.06
1976.06
1976.06
1976.06
1976.06
1976.06
1976.06
1976.06
1976.06
1976.06
1976.06
1976.06
1976.06
1976.06
1976.06
1976.06
1976.06
1976.06
1976.06
1976.06
1976.06
1976.06
1976.06
1976.06
1976.06
1976.06
1976.06
1976.06
1976.06
1976.06
1976.06
1976.06
1976.06
1976.06
1976.06
1976.06
1735.03
1735.03
1735.03
1735.03
1623.16
1623.16
1623.16
1623.16
1623.16
1623.16
1801.10
1801.10
1801.10
1801.10
1068.72
1068.72
1068.72
1068.72
1680.41
1680.41
1680.41
1680.41
1680.41
1680.41
753.82
753.82
753.82
753.82
820.24
820.24
820.24
820.24
820.24
820.24
820.24
820.24
820.24
820.24
1368.09
1368.09
1368.09
1368.09
1674.28
1674.28
1674.28
1674.28
1674.28
1674.28
753.14
753.14
753.14
753.14
1808.30
1808.30
1808.30
1808.30
1808.30
1808.30
1323.17
1323.17
1323.17
1323.17
1790.16
1790.16
1790.16
1790.16
1631.36
1631.36
1631.36
1631.36
1631.36
1631.36
613.98
613.98
613.98
613.98
1625.05
1625.05
1625.05
1625.05
1625.05
1625.05
1800.99
1800.99
1800.99
1800.99
1851.01
1851.01
1851.01
1851.01
1886.51
1886.51
1955.89
1955.89
1717.15
1717.15
2003.76
2003.76
1827.03
1827.03
1150.34
1150.34
1297.24
1297.24
1297.24
1297.24
1297.24
1297.24
1297.24
1297.24
1674.50
1674.50
1674.50
1674.50
1688.94
1688.94
1709.92
1709.92
1709.92
1709.92
654.14
654.14
834.45
834.45
1720.92
1720.92
1720.92
1720.92
1720.92
1720.92
1163.56
1163.56
1780.14
1780.14
1060.98
1060.98
1060.98
1060.98
1592.10
1592.10
1592.10
1592.10
1840.25
1840.25
492.38
492.38
751.89
751.89
1802.45
1802.45
878.11
878.11
1211.03
1211.03
1298.39
1298.39
1298.39
1298.39
2913.25
2913.25
2913.25
2913.25
4276.82
4276.82
4276.82
4276.82
5454.31
5454.31
4781.35
4781.35
6402.61
6402.61
6959.74
6959.74
6959.74
6959.74
6959.74
6959.74
6959.74
6959.74
6959.74
6959.74
6959.74
6959.74
6959.74
6959.74
6959.74
6959.74
6959.74
6959.74
6959.74
6959.74
6959.74
6959.74
1150.86
1150.86
2219.65
2219.65
3454.36
3454.36
3484.99
3484.99
4322.53
4322.53
6489.53
6489.53
6527.38
6527.38
6558.78
6558.78
8290.93
8290.93
8290.93
8290.93
8290.93
8290.93
8290.93
8290.93
8290.93
8290.93
8290.93
8290.93
8290.93
8290.93
8290.93
8290.93
8290.93
8290.93
500.32
628.82
798.28
798.28
834.31
834.31
745.66
745.66
745.66
745.66
947.80
947.80
980.57
980.57
1318.22
1318.22
3166.45
3166.45
2709.99
2709.99
4804.77
4804.77
4804.77
4804.77
4804.77
4804.77
4804.77
4804.77
4804.77
4804.77
4804.77
4804.77
4804.77
4804.77
4804.77
4804.77
4804.77
4804.77
4804.77
4804.77
4804.77
4804.77
4804.77
4804.77
4804.77
4804.77
4804.77
4804.77
75.16
75.16
532.85
532.85
725.22
725.22
660.30
660.30
690.18
690.18
449.32
449.32
913.97
913.97
913.97
913.97
1036.76
1036.76
1035.33
1035.33
1206.42
1206.42
1206.42
1206.42
967.66
967.66
1283.93
1283.93
546.70
546.70
1137.50
1137.50
609.89
609.89
1475.09
1475.09
1499.97
1499.97
1126.53
1126.53
1386.12
1386.12
274.84
274.84
718.38
718.38
718.38
718.38
797.50
797.50
1085.23
1085.23
1085.23
1085.23
1085.23
1085.23
1085.23
1085.23
3278.35
3278.35
3278.35
3278.35
3278.35
3278.35
3278.35
3278.35
3278.35
3278.35
3278.35
3278.35
3278.35
3278.35
3278.35
3278.35
3278.35
3278.35
3278.35
3278.35
3278.35
3278.35
2689.67
2689.67
2689.67
2689.67
2747.56
2747.56
2486.86
2486.86
3102.21
3102.21
3102.21
3102.21
3102.21
3102.21
3102.21
3102.21
3102.21
3102.21
3102.21
3102.21
3102.21
3102.21
33.52
33.52
121.94
121.94
389.62
389.62
527.57
527.57
670.39
670.39
447.68
447.68
703.77
703.77
1108.20
1108.20
1334.94
1334.94
1315.39
1315.39
1398.73
1398.73
1398.73
1398.73
1398.73
1398.73
1398.73
1398.73
1672.55
1672.55
1495.75
1495.75
1411.53
1411.53
1903.45
1903.45
1876.23
1876.23
1810.38
1810.38
1797.00
1797.00
1835.37
1835.37
1835.37
1835.37
1820.29
1820.29
948.72
948.72
948.72
948.72
1894.07
1894.07
1894.07
1894.07
1894.07
1894.07
1951.20
1951.20
1951.20
1951.20
1951.20
1951.20
1951.20
1951.20
1746.72
1746.72
1746.72
1746.72
1746.72
1746.72
1775.54
1775.54
1775.54
1775.54
1813.55
1813.55
1813.55
1813.55
1813.55
1813.55
1813.55
1813.55
1813.55
1813.55
1846.01
1846.01
1846.01
1846.01
1900.26
1900.26
1900.26
1900.26
1900.26
1900.26
939.89
939.89
939.89
939.89
939.89
939.89
939.89
939.89
1770.42
1770.42
1704.55
1704.55
1941.34
1941.34
1876.60
1876.60
1876.60
1876.60
1876.60
1876.60
1876.60
1876.60
1876.60
1876.60
1876.60
1876.60
1718.35
1718.35
1784.42
1784.42
1784.42
1784.42
1784.42
1784.42
1722.76
1722.76
1975.50
1975.50
1974.22
1974.22
2033.19
2033.19
2182.03
2182.03
1007.02
1007.02
1128.30
1128.30
1385.85
1385.85
1385.85
1385.85
2160.52
2160.52
2160.52
2160.52
1870.12
1870.12
2013.25
2013.25
2196.45
2196.45
62.00
62.00
2132.01
2132.01
2132.01
2132.01
2132.01
2132.01
2132.01
2132.01
1025.25
1025.25
1669.03
1669.03
1918.46
1918.46
1918.46
1918.46
1918.46
1918.46
2004.12
2004.12
2004.12
2004.12
1775.28
1775.28
1775.28
1775.28
1375.81
1375.81
816.12
816.12
816.12
816.12
1640.65
1640.65
1640.65
1640.65
1910.24
1910.24
1910.24
1910.24
1969.00
1969.00
1961.60
1961.60
1961.60
1961.60
1567.34
1567.34
1675.56
1675.56
2039.71
2039.71
2039.71
2039.71
2039.71
2039.71
1882.02
1882.02
1882.02
1882.02
2096.35
2096.35
2096.35
2096.35
2096.35
2096.35
1738.33
1738.33
1738.33
1738.33
1867.75
1867.75
1867.75
1867.75
1764.84
1764.84
1764.84
1764.84
1764.84
1764.84
877.05
877.05
877.05
877.05
1844.58
1844.58
1844.58
1844.58
1844.58
1844.58
1735.24
1735.24
83.62
83.62
1560.97
1560.97
1560.97
1560.97
1560.97
1560.97
1560.97
1560.97
1556.84
1556.84
1020.78
1020.78
1769.16
1769.16
1420.89
1420.89
2860.97
2860.97
3043.51
3043.51
2794.06
2794.06
2794.06
2794.06
2794.06
2794.06
2794.06
2794.06
2794.06
2794.06
2794.06
2794.06
2794.06
2794.06
2794.06
2794.06
2794.06
2794.06
2794.06
2794.06
2794.06
2794.06
2794.06
2794.06
2794.06
2794.06
2412.30
2412.30
2470.54
2470.54
2470.54
2470.54
1506.23
1506.23
1506.23
1506.23
1506.23
1506.23
830.50
830.50
830.50
830.50
1609.72
1609.72
1734.90
1734.90
1220.75
1220.75
1470.54
1470.54
1470.54
1470.54
1787.49
1787.49
1787.49
1787.49
1652.93
1652.93
1652.93
1652.93
1652.93
1652.93
1652.93
1652.93
1616.66
1616.66
1754.51
1754.51
1754.51
1754.51
1712.24
1712.24
1938.83
1938.83
1891.69
1891.69
1990.35
1990.35
1990.35
1990.35
2002.50
2002.50
2002.50
2002.50
2002.50
2002.50
1466.21
1466.21
1885.11
1885.11
1990.04
1990.04
1990.04
1990.04
2015.88
2015.88
2039.00
2039.00
1620.44
1620.44
2292.78
2292.78
2032.55
2032.55
2032.55
2032.55
2222.45
2222.45
1504.37
1504.37
1279.00
1279.00
1279.00
1279.00
1279.00
1279.00
1279.00
1279.00
2199.20
2199.20
891.37
891.37
2192.70
2192.70
488.02
488.02
2291.72
2291.72
1182.41
1182.41
2028.01
2028.01
1737.40
1737.40
2335.14
2335.14
2504.97
2504.97
1919.50
1919.50
4703.29
4703.29
5286.53
5286.53
5334.32
5334.32
5334.32
5334.32
5334.32
5334.32
5334.32
5334.32
5334.32
5334.32
5334.32
5334.32
5334.32
5334.32
5334.32
5334.32
5334.32
5334.32
4009.28
4009.28
2798.30
2798.30
2243.53
2243.53
2897.80
2897.80
2897.80
2897.80
2897.80
2897.80
3456.27
3456.27
3456.27
3456.27
3456.27
2082.66
3193.87
3193.87
4243.39
4243.39
4243.39
4243.39
166.76
166.76
1725.13
1725.13
2715.94
2715.94
1534.55
1534.55
5348.86
5348.86
5696.05
5696.05
5696.05
5696.05
5696.05
5696.05
5696.05
5696.05
5696.05
5696.05
5696.05
5696.05
5696.05
5696.05
5696.05
5696.05
5696.05
5696.05
4417.89
4417.89
4417.89
4980.48
4980.48
4980.48
4980.48
6750.28
6750.28
6549.57
6549.57
2943.65
2943.65
2943.65
2943.65
2943.65
2943.65
4864.33
4864.33
4864.33
4864.33
6436.94
6436.94
5630.37
5189.39
5189.39
5189.39
6638.83
6638.83
6638.83
6638.83
6638.83
6638.83
6638.83
6638.83
6638.83
6638.83
6638.83
6638.83
6638.83
6638.83
6638.83
6638.83
6638.83
6638.83
6636.91
6636.91
5976.96
5976.96
6997.96
6997.96
7504.30
7504.30
7414.77
7414.77
3417.84
3417.84
3428.81
3428.81
3428.81
3428.81
3428.81
3428.81
3428.81
3428.81
3428.81
3428.81
3428.81
3428.81
3428.81
3428.81
5583.37
5583.37
6845.90
6845.90
5693.56
5693.56
5362.90
5362.90
5362.90
5362.90
5362.90
5362.90
5362.90
5362.90
5362.90
5362.90
5362.90
5362.90
5362.90
5362.90
5362.90
5362.90
6016.00
6016.00
4939.21
4939.21
2308.59
2308.59
2788.40
2788.40
4586.35
4586.35
6118.89
6118.89
6004.99
6004.99
6233.87
6233.87
6233.87
6233.87
6233.87
6233.87
6233.87
6233.87
6233.87
6233.87
6233.87
6233.87
6233.87
6233.87
6233.87
6233.87
6233.87
6233.87
6233.87
6233.87
6233.87
6233.87
6233.87
6233.87
6233.87
6233.87
6233.87
6233.87
6233.87
6233.87
6233.87
6233.87
4853.63
4853.63
4853.63
4853.63
4853.63
4853.63
4853.63
4853.63
4853.63
4853.63
4853.63
4853.63
1472.22
1472.22
2240.17
2240.17
1403.17
1403.17
2123.49
2123.49
2539.99
2539.99
2731.23
2731.23
3149.33
3149.33
3654.72
3654.72
3846.52
3846.52
5179.67
5179.67
4771.71
4771.71
4771.71
4771.71
4771.71
4771.71
4337.41
4337.41
4337.41
4337.41
4337.41
4337.41
4337.41
4337.41
4337.41
4337.41
4337.41
4337.41
4337.41
4337.41
4337.41
4337.41
4337.41
4337.41
2843.05
2843.05
2843.05
2843.05
5735.08
5735.08
5735.08
5735.08
5735.08
5735.08
5735.08
5735.08
5735.08
5735.08
5735.08
5735.08
5735.08
5735.08
5735.08
5735.08
5735.08
5735.08
5053.24
5053.24
1390.35
1390.35
4852.83
4852.83
4843.05
4843.05
3841.31
3841.31
3600.98
3600.98
3600.98
3600.98
3600.98
3600.98
3600.98
3600.98
3600.98
3600.98
3600.98
3600.98
3600.98
3600.98
3600.98
3600.98
3600.98
3600.98
6265.99
6265.99
1302.93
1302.93
7025.35
7025.35
6981.22
6981.22
6569.85
6569.85
6569.85
6569.85
6569.85
6569.85
6569.85
6569.85
6569.85
6569.85
6569.85
6569.85
6569.85
6569.85
6569.85
6569.85
6569.85
6569.85
5764.41
5764.41
5775.98
5775.98
7102.27
7102.27
7134.06
7134.06
8543.88
8543.88
3968.62
3968.62
9236.15
9236.15
9236.15
9236.15
9236.15
9236.15
9236.15
9236.15
9236.15
9236.15
9236.15
9236.15
9236.15
9236.15
9236.15
9236.15
9236.15
9236.15
3782.65
3782.65
8011.47
8011.47
6613.81
6613.81
6854.97
6854.97
7236.06
7236.06
7236.06
7236.06
7236.06
7236.06
7591.59
7591.59
5600.23
5600.23
39.89
39.89
1981.29
1981.29
1981.29
1981.29
1981.29
1981.29
2296.04
2296.04
2639.55
2639.55
4195.76
4195.76
6050.44
6050.44
6568.31
6568.31
6568.31
6568.31
6568.31
6568.31
207.17
207.17
1609.70
1609.70
1609.70
1609.70
1609.70
1609.70
1609.70
1609.70
2406.03
2406.03
5980.23
5980.23
5370.46
5370.46
7257.37
7257.37
7257.37
7257.37
7257.37
7257.37
7257.37
7257.37
7257.37
7257.37
7257.37
7257.37
7257.37
7257.37
7257.37
7257.37
7257.37
7257.37
6387.68
6387.68
4714.49
4714.49
6880.72
6880.72
7372.01
7372.01
6902.67
6902.67
5867.60
5867.60
5867.60
5867.60
5867.60
5867.60
5347.24
5347.24
5347.24
5347.24
5347.24
5347.24
5347.24
5347.24
5347.24
5347.24
5347.24
5347.24
5347.24
5347.24
5347.24
5347.24
5347.24
5347.24
5347.24
5347.24
5347.24
5347.24
6448.60
6448.60
5595.93
5595.93
4411.53
4411.53
6481.93
6481.93
3763.40
3763.40
3642.07
3642.07
5029.88
5029.88
5059.30
5059.30
5059.30
5059.30
5059.30
5059.30
5059.30
5059.30
5059.30
5059.30
5059.30
5059.30
5059.30
5059.30
5059.30
5059.30
5059.30
5059.30
4793.84
4793.84
5579.47
5579.47
5985.13
5985.13
6100.78
6100.78
6100.78
6100.78
6100.78
6100.78
6100.78
6100.78
6100.78
6100.78
6100.78
6100.78
6100.78
6100.78
6100.78
6100.78
2054.32
2054.32
6369.74
6369.74
5518.86
5518.86
7122.52
7122.52
7523.58
7523.58
3857.77
3857.77
6961.64
6961.64
1230.26
1230.26
6915.47
6915.47
7439.43
7439.43
7397.01
7397.01
4731.90
4731.90
4731.90
4731.90
4731.90
4731.90
4731.90
4731.90
4731.90
4731.90
4731.90
4731.90
4731.90
4731.90
4134.69
4134.69
5559.07
5559.07
5559.07
5559.07
6627.18
6627.18
6627.18
6627.18
6627.18
6627.18
6627.18
6627.18
6627.18
6627.18
6627.18
6627.18
6627.18
6627.18
6627.18
6627.18
6627.18
6627.18
6216.04
6216.04
7806.78
7806.78
7951.88
7951.88
7951.88
7951.88
7951.88
7951.88
4302.82
4302.82
3181.09
3181.09
3181.09
3181.09
3181.09
3181.09
3181.09
3181.09
3181.09
3181.09
5455.29
5455.29
4628.56
4628.56
138.44
138.44
4719.04
4719.04
4719.04
4719.04
4719.04
4719.04
4719.04
4719.04
4719.04
55.12
55.12
52.65
1613.22
1613.22
1613.22
1613.22
6070.51
6070.51
6070.51
6070.51
6070.51
6070.51
6070.51
6070.51
6070.51
6070.51
6070.51
6070.51
6070.51
6070.51
6070.51
6070.51
6070.51
6070.51
6070.51
6070.51
1640.48
1640.48
1216.79
1216.79
1216.79
2111.88
2111.88
3571.64
3571.64
3571.64
3571.64
3571.64
3571.64
3571.64
5402.13
5402.13
5402.13
6095.89
6095.89
6095.89
6095.89
6095.89
6095.89
6095.89
6095.89
160.20
160.20
1263.98
1263.98
1263.98
1263.98
2972.69
2972.69
2407.52
2407.52
3346.41
3346.41
3346.41
5252.59
5252.59
5252.59
2618.48
2618.48
2618.48
2618.48
2618.48
2618.48
2618.48
2618.48
2618.48
2618.48
2618.48
2618.48
2618.48
2618.48
2618.48
2618.48
2618.48
2618.48
2618.48
2618.48
4348.70
4348.70
4348.70
4348.70
4348.70
4348.70
4348.70
4348.70
4348.70
4348.70
4348.70
4348.70
4348.70
4348.70
4348.70
4348.70
4348.70
4348.70
4348.70
4348.70
4348.70
4348.70
4543.51
4543.51
3073.46
3073.46
3816.87
3816.87
3297.81
3297.81
2369.17
2369.17
5911.74
5911.74
5439.28
5439.28
2959.44
2959.44
2959.44
2959.44
2959.44
2959.44
40.22
40.22
1249.20
1249.20
1602.48
1602.48
1915.50
1915.50
1915.50
1915.50
1915.50
1915.50
3340.77
3340.77
405.41
405.41
367.33
367.33
1557.85
1557.85
1529.31
1529.31
1529.31
1529.31
1956.11
1956.11
1956.11
1956.11
1422.41
1422.41
2544.01
2544.01
3679.36
3679.36
4870.80
4870.80
4262.48
4262.48
4262.48
4262.48
4262.48
4262.48
4262.48
4262.48
4262.48
4262.48
4262.48
4262.48
4262.48
4262.48
4262.48
4262.48
4262.48
4262.48
4262.48
4262.48
4262.48
4262.48
4262.48
4262.48
4262.48
4262.48
4262.48
4262.48
4262.48
4262.48
4262.48
4262.48
4262.48
4262.48
4262.48
4262.48
4262.48
4262.48
4262.48
4262.48
4262.48
4262.48
4262.48
4262.48
5491.83
5491.83
4845.27
4845.27
5884.88
5884.88
6568.79
6568.79
6481.26
6481.26
5401.74
5401.74
6720.78
6720.78
7585.46
7585.46
7585.46
7585.46
7585.46
7585.46
21.32
21.32
227.82
227.82
1263.53
1263.53
1616.72
1616.72
2393.21
2393.21
3974.16
3974.16
4306.65
4306.65
4734.20
4734.20
5119.97
5119.97
6149.44
6149.44
6123.86
6123.86
6123.19
6123.19
5110.03
5110.03
5110.03
5110.03
5110.03
5110.03
5110.03
5110.03
5110.03
5110.03
5110.03
5110.03
5110.03
5110.03
5110.03
5110.03
5520.24
5520.24
4206.31
4206.31
5497.03
5497.03
5254.78
5254.78
5447.45
5447.45
6669.22
6669.22
5496.86
5496.86
6073.53
6073.53
841.47
841.47
1674.94
1674.94
1757.49
1757.49
1757.49
1757.49
1757.49
1757.49
1757.49
1757.49
1757.49
1757.49
1849.40
1849.40
5088.04
5088.04
5908.26
5908.26
6849.56
6849.56
4126.43
4126.43
5274.37
5274.37
7053.34
7053.34
7053.34
7053.34
7053.34
7053.34
7053.34
7053.34
7053.34
7053.34
7053.34
7053.34
7053.34
7053.34
7053.34
7053.34
7053.34
7053.34
6631.19
6631.19
5926.66
5926.66
4829.61
4829.61
6967.16
6967.16
7593.08
7593.08
4838.02
4838.02
7517.16
7517.16
6722.79
6722.79
7452.73
7452.73
6635.64
6635.64
5238.24
5238.24
6515.70
6515.70
6614.84
6614.84
6801.77
6801.77
3428.61
3428.61
3270.82
3270.82
4942.70
4942.70
6290.35
6290.35
6551.82
6551.82
6677.00
6677.00
5363.05
5363.05
6689.68
6689.68
6716.83
6716.83
6719.65
6719.65
6719.65
6719.65
6719.65
6719.65
6719.65
6719.65
6719.65
6719.65
6719.65
6719.65
6719.65
6719.65
6719.65
6719.65
6719.65
6719.65
6719.65
6719.65
6198.07
6198.07
7074.25
7074.25
6922.35
6922.35
7098.04
7098.04
5249.92
5249.92
7123.29
7123.29
7440.39
7440.39
7440.39
7440.39
7440.39
7440.39
7440.39
7440.39
7440.39
7440.39
7440.39
7440.39
7440.39
7440.39
7440.39
7440.39
7440.39
7440.39
7440.39
7440.39
7717.26
7717.26
2157.59
2157.59
4707.73
4707.73
6396.13
6396.13
6952.65
6952.65
6952.65
6952.65
6952.65
6952.65
6952.65
6952.65
6952.65
6952.65
6952.65
6952.65
6952.65
6952.65
6952.65
6952.65
6952.65
6952.65
6952.65
6900.86
6900.86
6394.44
6394.44
7358.44
7358.44
4306.13
4306.13
5752.32
5752.32
1302.94
1302.94
1576.05
1576.05
1576.05
1576.05
1667.75
1667.75
1667.75
1667.75
1667.75
1667.75
1667.75
1667.75
2352.67
2352.67
2352.67
2352.67
2352.67
2352.67
2352.67
2352.67
2352.67
2352.67
2352.67
2352.67
2352.67
2352.67
2352.67
2352.67
2352.67
2352.67
2352.67
2352.67
2352.67
2352.67
2352.67
2352.67
2352.67
2352.67
2352.67
2352.67
2352.67
2352.67
2352.67
2352.67
2352.67
2352.67
2352.67
2352.67
2352.67
2352.67
2352.67
2352.67
2352.67
2352.67
2352.67
2352.67
2352.67
2352.67
2352.67
2352.67
6044.03
6044.03
6044.03
6044.03
6044.03
6044.03
6044.03
6044.03
6044.03
6044.03
6044.03
6044.03
6044.03
6044.03
6044.03
6044.03
6044.03
6044.03
2917.96
2917.96
3672.24
3672.24
4920.41
4920.41
4920.41
4920.41
4920.41
4920.41
4920.41
4920.41
4920.41
4920.41
4920.41
4920.41
4920.41
4920.41
4920.41
4920.41
4920.41
4920.41
5501.59
5501.59
7702.27
7702.27
6371.19
6371.19
6444.47
6444.47
7492.76
7492.76
3216.09
3216.09
3216.09
3216.09
3216.09
3216.09
3216.09
3216.09
3216.09
3216.09
3216.09
3216.09
3216.09
3216.09
3216.09
3216.09
3303.27
3303.27
8176.55
8176.55
8176.55
8176.55
8176.55
8176.55
67.67
67.67
633.52
633.52
2189.94
2189.94
2189.94
2189.94
2189.94
2189.94
2189.94
2189.94
2189.94
2189.94
2547.69
2547.69
2547.69
2547.69
2547.69
2547.69
2547.69
2547.69
2547.69
2547.69
2547.69
2547.69
2547.69
2547.69
10.00
10.00
94.56
94.56
375.44
375.44
563.45
563.45
604.45
604.45
726.66
726.66
825.96
825.96
817.58
817.58
817.58
817.58
817.58
817.58
920.28
920.28
920.28
920.28
1077.15
1077.15
1079.12
1079.12
994.86
994.86
767.48
767.48
1038.45
1038.45
1066.63
1066.63
1058.97
1058.97
1201.24
1201.24
1236.01
1236.01
1171.09
1171.09
937.88
937.88
937.88
937.88
937.88
937.88
1099.89
1099.89
1255.56
1255.56
1453.95
1453.95
1528.80
1528.80
1513.50
1513.50
1587.95
1587.95
1704.92
1704.92
1704.92
1704.92
1704.92
1704.92
1833.01
1833.01
1833.01
1833.01
1833.01
1833.01
1833.01
1833.01
1833.01
1833.01
1833.01
1833.01
1833.01
1833.01
1834.91
1834.91
1858.70
1858.70
1858.70
1858.70
1531.41
1531.41
1938.47
1938.47
2056.13
2056.13
1981.98
1981.98
1474.78
1474.78
1474.78
1474.78
1779.77
1779.77
2088.50
2088.50
2088.50
2088.50
2016.28
2016.28
2016.28
2016.28
1863.73
1863.73
1443.58
1443.58
1443.58
1443.58
2006.69
2006.69
2006.69
2006.69
2118.23
2118.23
1866.95
1866.95
1288.86
1288.86
2180.65
2180.65
2180.65
2180.65
20.83
20.83
2137.08
2137.08
2231.97
2231.97
2231.97
2231.97
2281.39
2281.39
2281.39
2281.39
2281.39
2281.39
2031.75
2031.75
2031.75
2031.75
1398.65
1398.65
1398.65
1398.65
1398.65
1398.65
1959.65
1959.65
1959.65
1959.65
1959.65
1959.65
1959.65
1959.65
1959.65
1959.65
1994.13
1994.13
1994.13
1994.13
1679.02
1679.02
2202.57
2202.57
1081.59
1081.59
1136.63
1136.63
1136.63
1136.63
1202.37
1202.37
1202.37
1202.37
2247.92
2247.92
2247.92
2247.92
2092.65
2092.65
2360.17
2360.17
2360.17
2360.17
36.97
36.97
1191.88
1191.88
1191.88
1191.88
1191.88
1191.88
1191.88
1191.88
1874.36
1874.36
1874.36
1874.36
1091.43
1091.43
1091.43
1091.43
1091.43
1091.43
2189.82
2189.82
2189.82
2189.82
2189.82
2189.82
2189.82
2189.82
2189.82
2189.82
2189.82
2189.82
2189.82
2189.82
1933.05
1933.05
1954.87
1954.87
1649.33
1649.33
1931.26
1931.26
1909.89
1909.89
1933.92
1933.92
1933.92
1933.92
1933.92
1933.92
1933.92
1933.92
1933.92
1933.92
1933.92
1933.92
1933.92
1933.92
1202.59
1202.59
1061.16
1061.16
1033.62
1033.62
679.61
679.61
1013.20
1013.20
1167.45
1167.45
1167.45
1167.45
1208.22
1208.22
1466.55
1466.55
1161.57
1161.57
1155.46
1155.46
1155.46
1155.46
1334.60
1334.60
1451.86
1451.86
1634.65
1634.65
1634.65
1634.65
1535.79
1535.79
1580.24
1580.24
968.85
968.85
1833.63
1833.63
2102.63
2102.63
1791.81
1791.81
903.58
903.58
1340.26
1340.26
1340.26
1340.26
1340.26
1340.26
1340.26
1340.26
1340.26
1340.26
2693.33
2693.33
2211.36
2211.36
2211.36
2211.36
2211.36
2211.36
2211.36
2211.36
1043.69
1043.69
1043.69
1043.69
1043.69
1043.69
1319.42
1319.42
1319.42
1319.42
1319.42
1319.42
1319.42
1319.42
1333.47
1333.47
1333.47
1333.47
227.45
227.45
106.24
106.24
378.06
378.06
429.20
429.20
415.33
415.33
250.33
250.33
706.72
706.72
870.73
870.73
924.44
924.44
1120.39
1120.39
1219.94
1219.94
1397.32
1397.32
1531.53
1531.53
1578.13
1578.13
1062.18
1062.18
1062.18
1062.18
1062.18
1062.18
1062.18
1062.18
1376.09
1376.09
1376.09
1376.09
1146.12
1146.12
1146.12
1146.12
1794.66
1794.66
1794.66
1794.66
1794.66
1794.66
1744.58
1744.58
1744.58
1744.58
1183.88
1183.88
1183.88
1183.88
1183.88
1183.88
1183.88
1183.88
1183.88
1183.88
1143.13
1143.13
1143.13
1143.13
975.42
975.42
1228.27
1228.27
1146.23
1146.23
1298.32
1298.32
1051.35
1051.35
1478.98
1478.98
1261.41
1261.41
1485.37
1485.37
1485.37
1485.37
1485.37
1485.37
1233.18
1233.18
1233.18
1233.18
1343.68
1343.68
1343.68
1343.68
1343.68
1343.68
858.26
858.26
858.26
858.26
664.38
664.38
664.38
664.38
1201.75
1201.75
1520.23
1520.23
1341.27
1341.27
1062.99
1062.99
1298.52
1298.52
1494.76
1494.76
1529.71
1529.71
1749.55
1749.55
1673.81
1673.81
1625.94
1625.94
975.79
975.79
1740.66
1740.66
1897.59
1897.59
1488.15
1488.15
1838.97
1838.97
1432.41
1432.41
1670.20
1670.20
1466.76
1466.76
1124.30
1124.30
1899.38
1899.38
1880.38
1880.38
1880.38
1880.38
1781.82
1781.82
1781.82
1781.82
1781.82
1781.82
1891.16
1891.16
1891.16
1891.16
1733.02
1733.02
1733.02
1733.02
1966.11
1966.11
1966.11
1966.11
1333.05
1333.05
1925.14
1925.14
1678.67
1678.67
1057.82
1057.82
1854.43
1854.43
2078.64
2078.64
1819.54
1819.54
2095.71
2095.71
1651.78
1651.78
2074.70
2074.70
2062.20
2062.20
1738.87
1738.87
1738.87
1738.87
1738.87
2011.59
2011.59
2011.59
2011.59
2011.59
2011.59
2011.59
2011.59
2011.59
2011.59
2011.59
2011.59
2011.59
2011.59
2011.59
2011.59
2011.59
2011.59
2105.20
2105.20
2105.20
2105.20
2105.20
2105.20
2054.14
2054.14
2054.14
2054.14
1751.36
1751.36
1751.36
1751.36
1751.36
1751.36
1114.35
1114.35
1139.79
1139.79
1844.45
1844.45
1412.03
1412.03
2041.07
2041.07
2041.07
2041.07
2041.07
2041.07
96.55
96.55
303.22
303.22
562.14
562.14
394.69
394.69
620.73
620.73
751.99
751.99
668.73
668.73
949.91
949.91
1107.25
1107.25
1158.56
1158.56
1394.07
1394.07
1590.94
1590.94
1381.20
1381.20
2107.81
2107.81
2283.03
2283.03
2353.48
2353.48
1916.66
1916.66
2632.10
2632.10
2632.10
2632.10
2632.10
2632.10
2632.10
2632.10
2632.10
2632.10
2632.10
2632.10
2632.10
2632.10
2632.10
2632.10
2632.10
2632.10
2632.10
2632.10
2632.10
2632.10
2632.10
2632.10
2686.24
2686.24
2686.24
2686.24
2686.24
2686.24
2686.24
2686.24
2686.24
2686.24
2686.24
2686.24
2686.24
2686.24
2686.24
2686.24
2814.26
2814.26
2814.26
2814.26
2814.26
2814.26
2814.26
2814.26
1936.80
1936.80
1936.80
1936.80
1936.80
1936.80
1936.80
1936.80
1936.80
1936.80
1936.80
1936.80
1936.80
1936.80
1936.80
1936.80
1936.80
1936.80
1936.80
1936.80
1936.80
1936.80
1936.80
1936.80
3007.12
3007.12
3007.12
3007.12
3007.12
3007.12
3007.12
3007.12
3007.12
3007.12
3007.12
3007.12
3007.12
3007.12
3007.12
3007.12
3007.12
3007.12
3007.12
3007.12
3007.12
3007.12
3007.12
3007.12
3005.61
3005.61
3005.61
3005.61
3005.61
3005.61
3005.61
3005.61
3005.61
3005.61
3005.61
3005.61
3005.61
3005.61
3005.61
3005.61
3078.18
3078.18
3078.18
3078.18
3078.18
3078.18
3078.18
3078.18
3308.81
3308.81
3308.81
3308.81
3308.81
3308.81
3308.81
3308.81
3308.81
3308.81
3308.81
3308.81
3308.81
3308.81
2647.06
2647.06
2647.06
2647.06
2647.06
2647.06
2647.06
2647.06
2647.06
2647.06
2609.06
2609.06
2609.06
2609.06
2609.06
2609.06
2609.06
2609.06
2609.06
2609.06
2609.06
2609.06
3047.97
3047.97
3047.97
3047.97
3047.97
3047.97
3047.97
3047.97
3047.97
3047.97
3047.97
3047.97
3061.79
3061.79
3061.79
3061.79
3061.79
3061.79
3061.79
3061.79
3061.79
3061.79
3061.79
3061.79
3061.79
3061.79
3061.79
3061.79
3061.79
3061.79
3061.79
3061.79
3061.79
3061.79
3061.79
3061.79
3061.79
3061.79
3061.79
3061.79
3061.79
3061.79
3061.79
3061.79
3061.79
3061.79
3061.79
3061.79
3061.79
3061.79
3061.79
3061.79
3061.79
3061.79
3061.79
3061.79
3061.79
3061.79
3061.79
3061.79
3061.79
3061.79
3061.79
3061.79
3061.79
3061.79
3061.79
3061.79
3061.79
3061.79
3061.79
3061.79
3061.79
3061.79
46.85
46.85
1118.88
1118.88
1171.62
1171.62
1108.78
1108.78
152.93
152.93
610.28
610.28
610.28
610.28
610.28
610.28
610.28
610.28
1322.72
1322.72
730.15
730.15
1337.85
1337.85
1491.38
1491.38
1491.38
1491.38
1222.56
1222.56
1486.46
1486.46
1644.33
1644.33
1095.35
1095.35
1678.21
1678.21
1371.41
1371.41
1603.59
1603.59
1763.13
1763.13
1349.43
1349.43
1868.81
1868.81
1680.49
1680.49
1880.06
1880.06
1347.95
1347.95
1989.84
1989.84
1647.37
1647.37
1931.08
1931.08
1356.00
1356.00
1651.27
1651.27
1922.81
1922.81
2060.07
2060.07
2060.07
2060.07
2060.07
2060.07
2060.07
2060.07
2060.07
2060.07
2060.07
2060.07
2060.07
2060.07
1529.32
1529.32
1506.39
1506.39
1519.12
1519.12
115.66
115.66
1687.68
1687.68
1703.38
1703.38
1703.38
1703.38
1552.87
1552.87
1829.46
1829.46
2062.08
2062.08
2062.08
2062.08
2062.08
2062.08
1807.12
1807.12
1846.50
1846.50
1846.50
1846.50
112.29
112.29
168.92
168.92
2041.34
2041.34
2041.34
2041.34
2041.34
2041.34
2041.34
2041.34
2041.34
2041.34
2041.34
2041.34
2041.34
2041.34
1167.13
1167.13
1066.50
1066.50
660.54
660.54
1089.86
1089.86
1089.86
1089.86
1059.14
1059.14
173.58
173.58
274.93
274.93
133.33
133.33
133.33
133.33
258.00
258.00
807.89
807.89
631.10
631.10
1235.88
1235.88
1434.20
1434.20
1207.34
1207.34
1389.94
1389.94
1553.65
1553.65
1691.85
1691.85
1691.85
1691.85
1615.15
1615.15
1615.15
1615.15
1843.88
1843.88
1530.49
1530.49
1885.07
1885.07
1885.07
1885.07
1885.07
1885.07
1829.91
1829.91
1829.91
1829.91
1678.71
1678.71
1678.71
1678.71
1678.71
1678.71
1850.42
1850.42
742.58
742.58
1869.85
1869.85
1869.85
1869.85
267.03
267.03
1008.16
1008.16
1008.16
1008.16
1008.16
1008.16
1008.16
1008.16
1805.38
1805.38
1459.04
1459.04
404.14
404.14
404.14
404.14
995.62
995.62
995.62
995.62
1699.11
1699.11
1699.11
1699.11
1699.11
1699.11
1699.11
1699.11
1699.11
1699.11
1699.11
1699.11
1699.11
1699.11
1699.11
1699.11
1648.06
1648.06
1648.06
1648.06
1543.62
1543.62
1543.62
1543.62
1543.62
1543.62
1646.87
1646.87
952.86
952.86
1629.60
1629.60
1501.13
1501.13
1501.13
1501.13
1631.89
1631.89
1726.75
1726.75
1841.27
1841.27
1841.27
1841.27
1841.27
1841.27
1841.27
1841.27
1841.27
1841.27
1830.12
1830.12
1830.12
1830.12
1830.12
1830.12
1565.33
1565.33
1810.41
1810.41
1462.03
1462.03
1462.03
1462.03
1462.03
1462.03
1462.03
1462.03
1462.03
1462.03
1506.98
1506.98
1506.98
1506.98
1820.99
1820.99
1820.99
1820.99
1820.99
1820.99
1692.03
1692.03
1692.03
1692.03
1842.47
1842.47
1969.63
1969.63
1834.94
1834.94
1975.44
1975.44
1990.93
1990.93
2726.32
2726.32
2726.32
2726.32
2726.32
2726.32
2726.32
2726.32
2726.32
2726.32
2726.32
2726.32
2726.32
2726.32
2726.32
2726.32
2726.32
2726.32
2726.32
2726.32
196.73
196.73
101.99
101.99
170.97
170.97
320.36
320.36
620.06
620.06
551.68
551.68
665.29
665.29
870.06
870.06
870.06
870.06
810.73
810.73
534.31
534.31
1110.43
1110.43
878.57
878.57
1370.22
1370.22
1262.99
1262.99
1634.28
1634.28
1591.85
1591.85
1238.83
1238.83
1759.51
1759.51
1875.58
1875.58
1875.58
1875.58
1875.58
1875.58
1875.58
1875.58
2037.81
2037.81
2037.81
2037.81
1742.71
1742.71
1742.71
1742.71
1742.71
1742.71
573.45
573.45
1892.76
1892.76
978.94
978.94
2717.89
2717.89
2717.89
2717.89
2717.89
2717.89
2717.89
2717.89
2717.89
2717.89
2717.89
2717.89
2717.89
2717.89
2717.89
2717.89
2717.89
2717.89
2717.89
2717.89
2717.89
2717.89
2717.89
2717.89
2717.89
2717.89
2717.89
2717.89
2717.89
2717.89
2717.89
2717.89
2717.89
2717.89
2717.89
2717.89
2717.89
2717.89
2717.89
2717.89
2717.89
2717.89
2717.89
2717.89
2717.89
2717.89
2717.89
2717.89
2717.89
2717.89
2717.89
2717.89
431.71
431.71
771.02
771.02
728.95
728.95
728.95
728.95
728.95
728.95
728.95
728.95
728.95
728.95
664.83
664.83
858.98
858.98
858.98
858.98
848.82
848.82
848.82
848.82
1155.79
1155.79
1205.22
1205.22
1392.04
1392.04
1021.42
1021.42
1705.72
1705.72
1520.43
1520.43
1606.69
1606.69
1718.39
1718.39
1521.69
1521.69
1741.41
1741.41
1322.64
1322.64
1322.64
1322.64
1322.64
1322.64
1608.19
1608.19
1654.65
1654.65
1654.65
1654.65
1654.65
1654.65
1654.65
1654.65
1654.65
1654.65
1659.49
1659.49
1659.49
1659.49
1659.49
1659.49
1633.62
1633.62
1633.62
1633.62
1728.41
1728.41
1957.62
1957.62
2090.47
2090.47
2090.47
2090.47
1689.74
1689.74
1965.30
1965.30
1914.98
1914.98
2036.07
2036.07
2036.07
2036.07
2036.07
2036.07
1944.85
1944.85
1944.85
1944.85
1141.92
1141.92
2048.44
2048.44
1707.32
1707.32
3105.95
3105.95
4010.57
4010.57
44.79
44.79
859.05
859.05
1540.69
1540.69
1540.69
1540.69
1540.69
1540.69
1612.53
1612.53
1612.53
1612.53
1612.53
1612.53
1612.53
1612.53
1612.53
1612.53
1612.53
1612.53
1612.53
1612.53
1612.53
1612.53
1612.53
1612.53
1612.53
1612.53
1612.53
1612.53
1612.53
1612.53
3808.07
3808.07
3808.07
3808.07
3808.07
3808.07
3808.07
3808.07
1582.60
1582.60
1582.60
1582.60
1582.60
1582.60
1666.41
1666.41
953.92
953.92
1888.71
1888.71
1888.71
1888.71
1888.71
1888.71
1688.52
1688.52
1688.52
1688.52
2001.41
2001.41
2001.41
2001.41
2001.41
2001.41
2001.41
2001.41
2001.41
2001.41
2001.41
2001.41
2001.41
2001.41
2001.41
2001.41
2001.41
2001.41
2001.41
2001.41
1663.48
1663.48
1663.48
1663.48
1447.81
1447.81
1447.81
1447.81
1602.03
1602.03
1602.03
1602.03
1602.03
1602.03
1789.61
1789.61
1789.61
1789.61
1789.61
1789.61
1789.61
1789.61
1789.61
1789.61
1774.90
1774.90
1774.90
1774.90
1588.76
1588.76
1588.76
1588.76
1588.76
1588.76
1588.76
1588.76
1588.76
1588.76
1646.05
1646.05
1646.05
1646.05
1352.83
1352.83
1352.83
1352.83
1352.83
1352.83
1648.29
1648.29
1648.29
1648.29
1395.14
1395.14
1395.14
1395.14
1395.14
1557.70
1557.70
1557.70
1557.70
1557.70
1557.70
1798.91
1798.91
1798.91
1798.91
1717.02
1717.02
1717.02
1942.59
1942.59
1942.59
1942.59
1942.59
1942.59
1942.59
1942.59
1942.59
1942.59
1942.59
1923.62
1923.62
1923.62
1923.62
1923.62
1923.62
1923.62
1923.62
1923.62
1923.62
1923.62
1923.62
1923.62
1892.62
1892.62
1892.62
1892.62
1892.62
1892.62
1892.62
1706.48
1706.48
1706.48
1706.48
1706.48
1706.48
1706.48
1706.48
1706.48
1706.48
1706.48
1706.48
1706.48
1706.48
1305.86
1305.86
1305.86
1305.86
1099.11
1099.11
1099.11
1099.11
1099.11
1099.11
1302.58
1302.58
1302.58
1302.58
1478.37
1478.37
1478.37
1478.37
1478.37
1478.37
1347.30
1347.30
1347.30
1347.30
1480.09
1480.09
1480.09
1480.09
1617.99
1617.99
1617.99
1617.99
1617.99
1617.99
1348.14
1348.14
1348.14
1348.14
1422.06
1422.06
1422.06
1422.06
1422.06
1422.06
1660.24
1660.24
1660.24
1660.24
1755.15
1755.15
1755.15
1755.15
1554.38
1554.38
1554.38
1554.38
1554.38
1554.38
1730.69
1730.69
1730.69
1730.69
1915.34
1915.34
1915.34
1915.34
1915.34
1915.34
1915.34
1915.34
1915.34
1915.34
1822.16
1822.16
1822.16
1822.16
1737.27
1737.27
1737.27
1737.27
1737.27
1737.27
1979.62
1979.62
1979.62
1979.62
1519.16
1519.16
1519.16
1519.16
1519.16
1519.16
1670.74
1670.74
1670.74
1670.74
2046.42
2046.42
2046.42
2046.42
1589.87
1589.87
2066.64
2066.64
1784.16
1784.16
1825.93
1825.93
2017.53
2017.53
1755.11
1755.11
1755.11
1755.11
1755.11
1755.11
1755.11
1755.11
1755.11
1755.11
1755.11
1755.11
1755.11
1755.11
1717.94
1717.94
1717.94
1717.94
1717.94
1717.94
1879.10
1879.10
1879.10
1879.10
1821.33
1821.33
1821.33
1821.33
1821.33
1821.33
1312.63
1312.63
1312.63
1312.63
1312.63
1312.63
1312.63
1312.63
1312.63
1312.63
1312.63
1312.63
1312.63
1312.63
1312.63
1312.63
1312.63
1312.63
1761.41
1761.41
1761.41
1761.41
1761.41
1761.41
1743.46
1743.46
1904.90
1904.90
4467.60
4467.60
4467.60
4467.60
4467.60
4467.60
4467.60
4467.60
4467.60
4467.60
4467.60
4467.60
4467.60
4467.60
4467.60
4467.60
4467.60
4467.60
544.36
544.36
461.02
461.02
472.14
472.14
521.00
521.00
407.44
407.44
1266.34
1266.34
1166.35
1166.35
1454.88
1454.88
1560.73
1560.73
1560.73
1560.73
1579.73
1579.73
936.63
936.63
1658.21
1658.21
1969.99
1969.99
1933.36
1933.36
2322.66
2322.66
1702.41
1702.41
2601.76
2601.76
2480.27
2480.27
2547.15
2547.15
1764.25
1764.25
3105.37
3105.37
3105.37
3105.37
3105.37
3105.37
3105.37
3105.37
3105.37
3105.37
3105.37
3105.37
3105.37
3105.37
3105.37
3105.37
3105.37
3105.37
3105.37
3105.37
3105.37
3105.37
3105.37
3105.37
3105.37
3105.37
3105.37
3105.37
3105.37
3105.37
3105.37
3105.37
3105.37
3105.37
3105.37
3105.37
3105.37
3105.37
3105.37
3105.37
3105.37
3105.37
3105.37
3105.37
3105.37
3105.37
3105.37
3105.37
3105.37
3105.37
3105.37
3105.37
3105.37
3105.37
3105.37
3105.37
3105.37
3105.37
3105.37
3105.37
3105.37
3105.37
3105.37
3105.37
3105.37
3105.37
3105.37
3105.37
3105.37
3105.37
3105.37
3105.37
3105.37
3105.37
3105.37
3105.37
3105.37
3105.37
3105.37
3105.37
3105.37
3105.37
3105.37
3105.37
3105.37
3105.37
3105.37
3105.37
3105.37
3105.37
3105.37
3105.37
3105.37
3105.37
3105.37
3105.37
3105.37
3105.37
3105.37
3105.37
3105.37
3105.37
3105.37
3105.37
3105.37
3105.37
3105.37
3105.37
3105.37
3105.37
3105.37
3105.37
3105.37
3105.37
3105.37
3105.37
3105.37
3105.37
3105.37
3105.37
3105.37
3105.37
3105.37
3105.37
3105.37
3105.37
3105.37
3105.37
3105.37
3105.37
3105.37
3105.37
3105.37
3105.37
3105.37
3105.37
3105.37
3105.37
3105.37
3105.37
3105.37
3105.37
3105.37
3105.37
3105.37
3105.37
3105.37
3105.37
3105.37
3105.37
3105.37
3105.37
3105.37
3105.37
3105.37
3105.37
3105.37
3105.37
3105.37
3105.37
3105.37
3105.37
3105.37
3105.37
3105.37
3105.37
3105.37
3105.37
3105.37
3105.37
3105.37
3105.37
3105.37
3105.37
3105.37
3105.37
3105.37
3105.37
3105.37
3105.37
3105.37
3105.37
3105.37
3105.37
3105.37
3105.37
3105.37
3105.37
3105.37
3105.37
3105.37
3105.37
3105.37
3105.37
3105.37
3105.37
3105.37
3105.37
3105.37
3105.37
3105.37
3105.37
3105.37
3105.37
3105.37
3105.37
3105.37
3105.37
3105.37
3105.37
3105.37
3105.37
3105.37
3105.37
3105.37
3105.37
3105.37
3105.37
3105.37
3105.37
3105.37
3105.37
3105.37
3105.37
3105.37
3105.37
3105.37
3105.37
3105.37
3105.37
3105.37
3105.37
3105.37
3105.37
3105.37
3105.37
3105.37
3105.37
3105.37
3105.37
3105.37
3105.37
3105.37
3105.37
3105.37
3105.37
3105.37
3105.37
3105.37
3105.37
3105.37
3105.37
3105.37
3105.37
3105.37
3105.37
3105.37
3105.37
3105.37
3105.37
71.95
71.95
351.73
351.73
290.84
290.84
585.66
585.66
683.13
683.13
1031.05
1031.05
1046.67
1046.67
1046.67
1046.67
759.99
759.99
1185.04
1185.04
1421.26
1421.26
1421.26
1421.26
1421.26
1421.26
1486.47
1486.47
1486.47
1486.47
1256.35
1256.35
1256.35
1256.35
29.79
29.79
699.58
699.58
750.96
750.96
1522.73
1522.73
1522.73
1522.73
1580.48
1580.48
1580.48
1580.48
1580.48
1580.48
1692.80
1692.80
1692.80
1692.80
1800.81
1800.81
1800.81
1800.81
1760.20
1760.20
1760.20
1760.20
1456.20
1456.20
1814.54
1814.54
2070.50
2070.50
2195.81
2195.81
2195.81
2195.81
2195.81
2195.81
2108.50
2108.50
2108.50
2108.50
2011.90
2011.90
2011.90
2011.90
2011.90
2011.90
2011.90
2011.90
2011.90
2011.90
1972.19
1972.19
1972.19
1972.19
1972.19
1972.19
1972.19
1972.19
1972.19
1972.19
2264.86
2264.86
2264.86
2264.86
2264.86
2264.86
2264.86
2264.86
2264.86
2264.86
2264.86
2264.86
2264.86
2264.86
2264.86
2264.86
2264.86
2264.86
1100.62
1100.62
1100.62
1100.62
84.48
84.48
438.16
438.16
1044.24
1044.24
1195.90
1195.90
1195.90
1195.90
1316.09
1316.09
589.16
589.16
799.45
799.45
1247.01
1247.01
816.83
816.83
1065.78
1065.78
1065.78
1065.78
674.59
674.59
1044.92
1044.92
2849.93
2849.93
34.48
34.48
1108.21
1108.21
1108.21
1108.21
1108.21
513.67
546.80
546.80
786.35
786.35
1478.04
1478.04
1533.79
1533.79
1994.13
1994.13
3479.00
3479.00
3479.00
3479.00
3479.00
3479.00
3479.00
3479.00
3479.00
3479.00
3479.00
3479.00
3479.00
3479.00
3479.00
3479.00
3479.00
3479.00
3479.00
3479.00
3479.00
3479.00
3479.00
3479.00
3479.00
3479.00
3641.81
3641.81
3641.81
3641.81
3641.81
3641.81
3641.81
3641.81
3641.81
3641.81
3641.81
3641.81
3641.81
3641.81
3641.81
3641.81
3641.81
3641.81
3641.81
3641.81
3641.81
3641.81
3641.81
3641.81
3641.81
3641.81
3641.81
3641.81
3641.81
3641.81
3641.81
3641.81
3641.81
3641.81
3641.81
3641.81
3641.81
3641.81
3641.81
3641.81
3360.20
3360.20
3086.81
3086.81
3086.81
3086.81
3086.81
3086.81
3086.81
3086.81
3086.81
3086.81
4274.37
4274.37
4390.58
4390.58
4390.58
4390.58
4390.58
4390.58
4390.58
4390.58
4390.58
4390.58
4390.58
4390.58
4390.58
4390.58
4390.58
4390.58
4390.58
4390.58
4390.58
4390.58
4390.58
4390.58
4390.58
4390.58
4390.58
4390.58
4390.58
4390.58
4356.50
4356.50
4356.50
4356.50
4356.50
4356.50
4356.50
4356.50
4356.50
4356.50
3465.20
3465.20
5317.63
5317.63
5250.96
5250.96
5250.96
5250.96
5250.96
5250.96
5250.96
5250.96
5250.96
5250.96
5250.96
5250.96
5250.96
5250.96
5250.96
5250.96
5250.96
5250.96
5250.96
5250.96
5250.96
5250.96
5250.96
5250.96
5250.96
5250.96
5250.96
5250.96
5250.96
5250.96
5250.96
5250.96
5250.96
5250.96
5250.96
5250.96
5250.96
5250.96
5250.96
5250.96
5250.96
5250.96
5250.96
5250.96
5250.96
5250.96
5250.96
5250.96
5069.93
5069.93
5069.93
5069.93
4377.56
4377.56
4377.56
4377.56
4947.93
4947.93
3132.81
3132.81
5151.19
5151.19
5151.19
5151.19
5151.19
5151.19
5151.19
5151.19
2709.37
2709.37
6137.20
6137.20
5624.62
5624.62
6106.54
6106.54
6122.76
6122.76
6317.30
6317.30
6317.30
6317.30
4359.51
4359.51
4359.51
4359.51
4359.51
4359.51
4359.51
4359.51
4886.87
4886.87
7440.66
7440.66
7440.66
7440.66
7440.66
7440.66
7440.66
7440.66
45.26
45.26
625.47
625.47
2112.07
2112.07
2112.07
2112.07
2112.07
2112.07
4833.11
4833.11
6366.45
6366.45
6014.62
6014.62
5351.56
5351.56
5351.56
5351.56
5351.56
5351.56
5351.56
5351.56
5351.56
5351.56
5351.56
5351.56
5351.56
5351.56
5765.31
5765.31
6490.60
6490.60
6388.55
6388.55
6388.55
6388.55
4683.44
4683.44
7715.11
7715.11
7715.11
7715.11
7715.11
7715.11
7715.11
7715.11
7715.11
7715.11
7715.11
7715.11
7715.11
7715.11
7715.11
7715.11
7715.11
7715.11
7715.11
5430.70
5430.70
7121.27
7121.27
4243.76
4243.76
6578.71
6578.71
7202.16
7202.16
7125.57
7125.57
5290.47
5290.47
6080.60
6080.60
7214.00
7214.00
7214.00
7214.00
7214.00
7214.00
7214.00
7214.00
7214.00
7214.00
7214.00
7214.00
7214.00
7214.00
7214.00
7214.00
7214.00
7214.00
7214.00
7214.00
7214.00
7214.00
6614.26
6614.26
6614.26
6614.26
6614.26
6614.26
6614.26
6614.26
6614.26
6614.26
6614.26
6614.26
6614.26
6614.26
6614.26
6614.26
6614.26
6614.26
6614.26
6614.26
6614.26
6614.26
2675.29
2675.29
2675.29
2675.29
1300.47
1300.47
471.27
471.27
714.78
714.78
821.42
821.42
3106.14
3106.14
3106.14
3106.14
3106.14
3106.14
3106.14
3106.14
3106.14
3106.14
3106.14
3106.14
3106.14
3106.14
3106.14
3106.14
3106.14
3106.14
6079.53
6079.53
6418.95
6418.95
3686.07
3686.07
3686.07
3686.07
3686.07
3686.07
3686.07
3686.07
3686.07
3686.07
3686.07
3686.07
3686.07
3686.07
3686.07
3686.07
3686.07
3686.07
5088.40
5088.40
4338.44
4338.44
5935.73
5935.73
6335.89
6335.89
7133.60
7133.60
5695.85
5695.85
5695.85
5695.85
5695.85
5695.85
5695.85
5695.85
5695.85
5695.85
5695.85
5695.85
5695.85
5695.85
5695.85
5695.85
5695.85
5695.85
2023.90
2023.90
6360.72
6360.72
3054.63
3054.63
3054.63
3054.63
3054.63
3054.63
3054.63
3054.63
3054.63
3054.63
3054.63
3054.63
3054.63
3054.63
3054.63
3054.63
3054.63
3054.63
3054.63
6519.07
6519.07
7020.86
7020.86
6919.69
6919.69
6919.69
6919.69
6919.69
6919.69
6919.69
6919.69
6919.69
6919.69
6919.69
6919.69
6919.69
6919.69
6919.69
6919.69
6919.69
6919.69
6919.69
6919.69
6919.69
6919.69
1350.54
1350.54
3495.46
3495.46
3090.96
3090.96
1585.58
1585.58
3964.56
3964.56
3790.51
3790.51
2037.35
2037.35
3788.15
3788.15
3692.53
3692.53
4185.24
4185.24
3321.23
3321.23
128.11
128.11
5439.40
5439.40
2593.95
2593.95
4498.03
4498.03
4498.03
4498.03
1577.37
1577.37
2518.09
2518.09
23.34
23.34
5255.00
5255.00
4313.90
4313.90
5540.64
5540.64
5540.64
5540.64
5540.64
5540.64
5540.64
5540.64
5540.64
5540.64
5540.64
5540.64
5540.64
5540.64
5540.64
5540.64
5540.64
5540.64
2480.82
2480.82
1161.31
1161.31
3480.85
3480.85
3446.19
3446.19
4322.23
4322.23
5197.07
5197.07
5197.07
5197.07
5197.07
5197.07
5197.07
5197.07
5197.07
5197.07
5197.07
5197.07
5197.07
5197.07
5197.07
5197.07
5197.07
5197.07
5197.07
5197.07
5197.07
5197.07
4364.42
4364.42
3888.35
3888.35
3888.35
3888.35
3888.35
3888.35
3888.35
3888.35
3888.35
3888.35
3888.35
3888.35
3888.35
3888.35
3888.35
3888.35
3888.35
3888.35
3888.35
3888.35
3888.35
3888.35
3888.35
3888.35
3888.35
3888.35
3888.35
3888.35
3888.35
3888.35
3888.35
3888.35
3888.35
3888.35
4532.83
4532.83
4532.83
4532.83
4532.83
4532.83
4532.83
4532.83
4532.83
4532.83
4532.83
4532.83
4532.83
4532.83
4532.83
4532.83
4532.83
4532.83
4532.83
4532.83
4532.83
4532.83
4532.83
4532.83
4532.83
4532.83
4532.83
4532.83
4532.83
4532.83
4532.83
4532.83
4532.83
4532.83
4532.83
4532.83
4532.83
4532.83
4532.83
4532.83
4532.83
4532.83
2967.39
2967.39
5880.05
5880.05
5880.05
5880.05
5880.05
5880.05
5880.05
5880.05
5880.05
5880.05
5880.05
5880.05
5880.05
5880.05
5880.05
5880.05
5880.05
5880.05
4410.98
4410.98
4410.98
4410.98
4410.98
4410.98
4410.98
4410.98
4410.98
4410.98
4410.98
4410.98
4410.98
4410.98
4410.98
4410.98
4410.98
4410.98
6264.52
6264.52
6264.52
6264.52
6011.02
6011.02
5607.96
5607.96
5607.96
5607.96
5607.96
5607.96
5607.96
5607.96
5607.96
5607.96
5607.96
5607.96
5607.96
5607.96
5607.96
5607.96
5607.96
5607.96
4671.60
4671.60
5647.32
5647.32
5738.36
5738.36
5108.01
5108.01
4191.67
4191.67
6210.53
6210.53
6210.53
6210.53
6210.53
6210.53
6210.53
6210.53
6210.53
6210.53
6210.53
6210.53
6210.53
6210.53
6210.53
6210.53
6210.53
6210.53
5534.96
5534.96
5534.96
5534.96
5534.96
3129.73
2948.37
2948.37
2948.37
2948.37
2948.37
2948.37
105.82
105.82
175.49
175.49
732.24
732.24
569.37
569.37
807.54
807.54
789.10
789.10
1175.51
1175.51
1408.89
1408.89
1615.09
1615.09
1826.78
1826.78
1826.78
1826.78
1826.78
1826.78
1867.05
1867.05
1674.73
1674.73
1821.59
1821.59
1821.59
1821.59
1821.59
1821.59
1821.59
1821.59
1821.59
1821.59
1821.59
1821.59
1821.59
1821.59
1821.59
1821.59
1821.59
1821.59
1821.59
1821.59
1802.52
1802.52
1791.02
1791.02
1227.79
1227.79
1227.79
1227.79
1227.79
1227.79
283.98
283.98
566.97
566.97
1667.18
1667.18
866.56
866.56
1508.63
1508.63
1508.63
1508.63
1508.63
1508.63
1255.30
1255.30
1255.30
1255.30
1202.95
1202.95
1532.78
1532.78
1101.14
1101.14
1101.14
1101.14
1101.14
1101.14
1850.65
1850.65
1993.55
1993.55
1363.01
1363.01
1363.01
1363.01
1363.01
1363.01
1754.41
1754.41
1754.41
1754.41
256.47
256.47
256.47
256.47
465.27
465.27
465.27
465.27
465.27
465.27
602.33
602.33
1292.49
1292.49
1377.29
1377.29
520.68
520.68
901.42
901.42
1598.01
1598.01
1598.01
1598.01
1598.01
1598.01
1598.01
1598.01
1489.04
1489.04
1489.04
1489.04
1489.04
1489.04
1462.59
1462.59
1462.59
1462.59
1471.32
1471.32
116.27
116.27
682.49
682.49
1688.03
1688.03
1688.03
1688.03
1778.21
1778.21
1778.21
1778.21
1649.74
1649.74
1649.74
1649.74
1649.74
1649.74
1727.17
1727.17
1727.17
1727.17
1426.19
1426.19
1015.64
1015.64
1015.64
1015.64
1654.86
1654.86
1654.86
1654.86
1277.79
1277.79
2675.50
2675.50
2861.11
2861.11
2861.11
2861.11
19.58
19.58
1268.15
1268.15
1268.15
1268.15
1268.15
1268.15
1268.15
1268.15
1268.15
1268.15
1356.75
1356.75
1356.75
1356.75
1413.84
1413.84
1413.84
1413.84
1413.84
1413.84
1413.84
1413.84
1413.84
1413.84
1413.84
1413.84
1413.84
1413.84
1413.84
1413.84
1413.84
1413.84
1413.84
1413.84
1413.84
1413.84
1413.84
1413.84
1413.84
1413.84
1413.84
1413.84
1413.84
1413.84
1413.84
1413.84
1413.84
1413.84
1413.84
1413.84
1413.84
1413.84
1413.84
1413.84
1414.83
1414.83
1414.83
1414.83
1414.83
1414.83
1414.83
1414.83
1414.83
1414.83
1414.83
1414.83
1414.83
1414.83
1414.83
1414.83
1414.83
1414.83
1414.83
1414.83
1414.83
1414.83
1414.83
1414.83
1414.83
1414.83
1414.83
1414.83
1414.83
1414.83
1414.83
1414.83
1414.83
1414.83
1414.83
1414.83
1414.83
1414.83
1414.83
1414.83
1414.83
1414.83
1414.83
1414.83
1414.83
1414.83
1414.83
1414.83
1619.64
1619.64
63.12
63.12
587.44
587.44
393.31
393.31
459.16
459.16
808.65
808.65
483.20
483.20
222.96
222.96
362.91
362.91
1089.00
1089.00
1089.00
1089.00
629.61
629.61
1063.08
1063.08
1063.08
1063.08
962.90
962.90
962.90
962.90
620.07
620.07
620.07
620.07
837.88
837.88
837.88
837.88
837.88
837.88
1246.44
1246.44
1246.44
1246.44
1246.44
1246.44
1137.32
1137.32
1137.32
1137.32
927.43
927.43
927.43
927.43
855.04
855.04
852.03
852.03
1404.57
1404.57
1404.57
1404.57
1404.57
1404.57
1284.47
1284.47
1284.47
1284.47
1187.01
1187.01
1187.01
1187.01
1187.01
1187.01
1576.00
1576.00
1576.00
1576.00
883.89
883.89
883.89
883.89
1631.88
1631.88
1631.88
1631.88
1631.88
1631.88
421.94
421.94
421.94
421.94
421.94
597.97
597.97
597.97
597.97
597.97
663.67
663.67
663.67
663.67
1780.47
1780.47
1780.47
1780.47
1021.30
1021.30
1450.68
1450.68
1450.68
1450.68
1836.63
1836.63
1804.82
1804.82
1965.05
1965.05
1766.73
1766.73
1766.73
1766.73
1222.45
1222.45
1222.45
1222.45
929.42
929.42
929.42
929.42
929.42
929.42
929.42
929.42
929.42
929.42
1868.49
1868.49
1868.49
1868.49
1868.49
1868.49
1868.49
1868.49
1868.49
1868.49
1708.31
1708.31
1708.31
1708.31
1633.95
1633.95
1633.95
1633.95
1894.02
1894.02
1894.02
1894.02
1894.02
1894.02
1276.71
1276.71
1276.71
1276.71
1276.71
1276.71
1276.71
1276.71
1276.71
1276.71
1832.57
1832.57
1832.57
1832.57
1380.39
1380.39
1380.39
1380.39
1380.39
1380.39
1380.39
1380.39
1380.39
1380.39
1743.25
1743.25
1743.25
1743.25
1743.25
1743.25
1743.25
1743.25
1743.25
1743.25
1510.39
1510.39
1510.39
1510.39
1752.77
1752.77
1752.77
1752.77
1752.77
1682.30
1682.30
1682.30
1682.30
1682.30
1430.61
1430.61
1945.22
1945.22
1925.69
1925.69
1810.00
1810.00
1925.37
1925.37
1925.37
1874.60
1478.91
1478.91
1206.16
1206.16
1206.16
1206.16
1478.62
1478.62
1084.02
1084.02
1084.02
1084.02
1602.07
1602.07
1602.07
1602.07
1212.89
1212.89
1212.89
1212.89
1212.89
1212.89
1212.89
1010.93
1010.93
1010.93
1010.93
71.34
71.34
81.08
81.08
221.32
221.32
221.32
271.24
271.24
271.24
578.70
845.95
845.95
1019.30
1019.30
1019.30
1019.30
1019.30
1260.58
1260.58
1260.58
1260.58
1260.58
1260.58
910.43
910.43
910.43
910.43
1111.96
1111.96
1111.96
1111.96
1111.96
1111.96
1815.45
1815.45
1815.45
1815.45
1815.45
1815.45
1815.45
1815.45
1815.45
1815.45
1815.45
1815.45
1815.45
1815.45
1818.06
1818.06
1818.06
1818.06
1818.06
1818.06
1818.06
1818.06
1818.06
1818.06
1460.59
1460.59
38.43
38.43
254.25
254.25
266.67
266.67
1058.58
1058.58
1058.58
1058.58
1058.58
1058.58
716.56
716.56
716.56
716.56
1083.38
1083.38
928.28
928.28
1088.75
1088.75
707.38
707.38
707.38
707.38
1336.25
1336.25
1336.25
1336.25
1325.85
1325.85
1133.25
1133.25
1133.25
1133.25
1517.87
1517.87
1517.87
1517.87
1538.21
1538.21
1538.21
1538.21
1538.21
1538.21
1561.71
1561.71
1561.71
1561.71
1312.51
1312.51
1312.51
1312.51
1500.48
1500.48
1500.48
1500.48
1500.48
1500.48
948.95
948.95
948.95
948.95
1739.01
1739.01
1739.01
1739.01
1739.01
1739.01
1739.01
1739.01
1739.01
1739.01
1739.01
1739.01
1739.01
1739.01
1739.01
1739.01
1739.01
1739.01
1739.01
1739.01
1719.88
1719.88
1719.88
1719.88
1662.15
1662.15
1662.15
1662.15
1662.15
1662.15
1785.45
1785.45
1785.45
1785.45
1758.87
1758.87
1758.87
1758.87
1067.09
1067.09
1067.09
1067.09
1067.09
1067.09
1113.15
1113.15
1113.15
1113.15
1113.15
1113.15
1113.15
1113.15
1113.15
1113.15
1540.27
1540.27
1540.27
1540.27
1540.27
1540.27
1540.27
1540.27
1540.27
1540.27
1540.27
1540.27
1540.27
1540.27
1540.27
1540.27
1540.27
1540.27
1648.91
1648.91
1679.00
1679.00
1679.00
1679.00
1595.85
1595.85
1595.85
1595.85
1747.01
1747.01
1747.01
1747.01
1747.01
1747.01
1747.01
1747.01
1747.01
1747.01
926.99
926.99
926.99
926.99
1798.33
1798.33
1798.33
1798.33
1798.33
1798.33
1589.85
1589.85
1589.85
1589.85
1629.14
1629.14
1629.14
1629.14
1629.14
1629.14
1629.14
1629.14
1629.14
1629.14
1629.14
1629.14
1629.14
1629.14
1863.17
1863.17
1863.17
1863.17
1863.17
1863.17
1961.31
1961.31
1961.31
1961.31
1827.22
1827.22
1827.22
1827.22
809.42
809.42
1494.89
1494.89
1934.53
1934.53
2086.34
2086.34
2086.34
2086.34
2065.37
2065.37
1750.53
1750.53
1750.53
1750.53
2022.28
2022.28
2022.28
2022.28
2022.28
2022.28
2022.28
2022.28
958.09
958.09
958.09
958.09
958.09
958.09
958.09
958.09
958.09
958.09
958.09
958.09
458.87
458.87
458.87
458.87
458.87
918.95
1566.80
1566.80
2343.34
2343.34
2343.34
2343.34
2016.71
2016.71
2120.83
2120.83
3182.05
3182.05
4308.17
4308.17
4308.17
4308.17
4308.17
4308.17
235.73
235.73
1194.75
1194.75
2180.25
2180.25
2230.75
2230.75
2779.20
2779.20
3741.25
3741.25
5073.00
5073.00
5073.00
5073.00
5909.81
5909.81
4895.04
4895.04
4955.15
4955.15
6387.60
6387.60
6387.60
6387.60
6387.60
6387.60
6387.60
6387.60
6387.60
6387.60
6387.60
6387.60
6387.60
6387.60
6387.60
6387.60
6387.60
6387.60
6387.60
149.12
642.60
642.60
634.22
634.22
866.28
866.28
866.28
866.28
876.01
876.01
835.12
835.12
835.12
835.12
1007.08
1007.08
795.50
795.50
1017.35
1017.35
1068.32
1068.32
1047.70
1047.70
958.63
958.63
958.63
958.63
1345.36
1345.36
1383.37
1383.37
1367.76
1367.76
1367.76
1367.76
1367.76
1367.76
122.58
122.58
652.68
652.68
1410.22
1410.22
1410.22
1410.22
1410.22
1410.22
1258.29
1258.29
1258.29
1258.29
1398.61
1398.61
1398.61
1398.61
1566.40
1566.40
1578.20
1578.20
1578.20
1578.20
1427.90
1427.90
1427.90
1427.90
1299.45
1299.45
1299.45
1299.45
1299.45
1299.45
1387.28
1387.28
1582.83
1582.83
1482.96
1482.96
1695.55
1695.55
1831.17
1831.17
1831.17
1831.17
1831.17
1831.17
1820.00
1820.00
1775.73
1775.73
1404.26
1404.26
1746.86
1746.86
1746.86
1746.86
1347.22
1347.22
1860.23
1860.23
1890.99
1890.99
1942.61
1942.61
2128.58
2128.58
1962.21
1962.21
1962.21
1962.21
1962.21
1962.21
1962.21
1962.21
1962.21
1962.21
1962.21
1962.21
1962.21
1962.21
1668.64
1668.64
1668.64
1668.64
1552.91
1552.91
1552.91
1552.91
1744.45
1744.45
1744.45
1744.45
1744.45
1744.45
1726.83
1726.83
1726.83
1726.83
1235.05
1235.05
1235.05
1235.05
1235.05
1235.05
1332.97
1332.97
1332.97
1332.97
1882.41
1882.41
1882.41
1882.41
1941.19
1941.19
1941.19
1941.19
1941.19
1941.19
1887.92
1887.92
1887.92
1887.92
1887.92
1887.92
1887.92
1887.92
1509.21
1509.21
1509.21
1509.21
1959.69
1959.69
1960.16
1960.16
1960.16
1960.16
1638.26
1638.26
1638.26
1638.26
1638.26
1638.26
1840.76
1840.76
1840.76
1840.76
1312.76
1312.76
1312.76
1312.76
1312.76
1312.76
1312.76
1312.76
1312.76
1312.76
1226.80
1226.80
1226.80
1226.80
1680.12
1680.12
1680.12
1680.12
870.59
870.59
1616.95
1616.95
1616.95
1616.95
1748.25
1748.25
1758.30
1758.30
1758.30
1758.30
1231.63
1231.63
1718.44
1718.44
1923.43
1923.43
1923.43
1923.43
1660.95
1660.95
1930.84
1930.84
1930.84
1930.84
1935.32
1935.32
1935.29
1935.29
1316.61
1316.61
1316.61
1316.61
1094.53
1094.53
2014.95
2014.95
2014.95
2014.95
2014.95
2014.95
2014.95
2014.95
749.89
749.89
749.89
749.89
749.89
749.89
845.44
845.44
845.44
845.44
845.44
845.44
845.44
845.44
845.44
845.44
860.04
860.04
860.04
860.04
977.78
977.78
977.78
977.78
1106.79
1106.79
1106.79
1106.79
268.32
268.32
189.43
189.43
308.61
308.61
387.37
387.37
513.67
513.67
533.08
533.08
675.70
675.70
627.56
627.56
837.74
837.74
837.74
837.74
797.10
797.10
797.10
797.10
797.10
797.10
797.10
797.10
44.96
44.96
863.18
863.18
1723.93
1723.93
3430.69
3430.69
4071.24
4071.24
4071.24
4071.24
4071.24
4071.24
4827.82
4827.82
4827.82
4827.82
4827.82
4827.82
4827.82
4827.82
4827.82
4827.82
4827.82
4827.82
4827.82
4827.82
4827.82
4827.82
4827.82
4827.82
4827.82
4827.82
4827.82
4827.82
4827.82
4827.82
4827.82
4827.82
4827.82
4827.82
4827.82
4827.82
4827.82
4827.82
4827.82
4827.82
4827.82
4827.82
4827.82
4827.82
4827.82
136.40
136.40
369.25
369.25
652.33
652.33
776.46
776.46
1245.61
1245.61
1455.73
1455.73
2307.12
2307.12
2366.76
2366.76
2628.39
2628.39
2628.39
2628.39
2628.39
2628.39
2628.39
2628.39
2628.39
2628.39
2628.39
2628.39
2628.39
2628.39
2628.39
2628.39
2628.39
2628.39
2628.39
2628.39
2628.39
2628.39
2628.39
2628.39
2628.39
2628.39
2628.39
2628.39
2628.39
2628.39
2628.39
2628.39
2628.39
2628.39
2628.39
2628.39
2628.39
2628.39
2628.39
2628.39
2863.55
2863.55
2844.40
2844.40
2844.40
2844.40
2844.40
2844.40
2844.40
2844.40
1232.43
1232.43
4024.74
4024.74
4024.74
4024.74
4024.74
4024.74
4024.74
4024.74
4024.74
4024.74
4024.74
4024.74
4024.74
4024.74
4024.74
4024.74
4024.74
4024.74
4024.74
4024.74
4024.74
4024.74
4024.74
4024.74
4887.84
4887.84
5141.74
5141.74
5141.74
5141.74
5805.12
5805.12
6944.35
6944.35
6944.35
6944.35
6944.35
6944.35
5209.27
5209.27
4532.99
4532.99
6411.61
6411.61
5548.67
5548.67
5548.67
5548.67
5548.67
5548.67
5548.67
5548.67
5548.67
5548.67
5548.67
5548.67
5548.67
5548.67
5548.67
5548.67
5548.67
5548.67
6875.24
6875.24
4235.07
4235.07
6677.05
6677.05
7344.19
7344.19
7344.19
7344.19
7344.19
7344.19
7344.19
7344.19
7344.19
7344.19
7344.19
7344.19
7344.19
7344.19
7344.19
7344.19
7344.19
7344.19
5020.86
5020.86
7315.83
7315.83
4441.21
4441.21
7232.06
7232.06
7367.63
7367.63
7367.63
7367.63
7367.63
7367.63
7367.63
7367.63
7367.63
7367.63
7367.63
7367.63
7367.63
7367.63
7367.63
7367.63
7367.63
7367.63
4557.87
4557.87
4351.30
4351.30
5071.73
5071.73
3606.12
3606.12
2720.44
2720.44
4051.80
4051.80
4465.75
4465.75
5205.44
5205.44
5205.44
5205.44
5205.44
5205.44
5205.44
5205.44
5205.44
5205.44
5205.44
5205.44
5205.44
5205.44
5205.44
5205.44
5205.44
5205.44
4817.99
4817.99
6179.43
6179.43
6179.43
6179.43
6179.43
6179.43
6195.96
6195.96
6195.96
6195.96
6195.96
6195.96
6195.96
6195.96
6195.96
6195.96
6195.96
6195.96
6195.96
6195.96
6195.96
6195.96
6195.96
6195.96
5894.69
5894.69
4151.81
4151.81
4952.99
4952.99
4952.99
4952.99
6877.35
6877.35
4873.70
4873.70
4873.70
4873.70
6339.60
6339.60
6339.60
6339.60
6339.60
6339.60
6339.60
6339.60
6339.60
6339.60
6339.60
6339.60
6339.60
6339.60
6339.60
6339.60
6339.60
6339.60
6339.60
6339.60
7145.54
7145.54
10229.12
10229.12
1789.78
1789.78
2223.27
2223.27
3109.07
3109.07
3109.07
3109.07
6709.31
6709.31
6709.31
6709.31
6709.31
6709.31
6709.31
6709.31
6709.31
6709.31
6709.31
6709.31
6709.31
6709.31
6579.71
6579.71
7146.66
7146.66
8511.27
8511.27
6368.82
6368.82
6368.82
6368.82
6368.82
6368.82
6368.82
6368.82
6368.82
6368.82
5655.91
5655.91
4703.06
4703.06
4703.06
4703.06
4703.06
4703.06
4703.06
4703.06
42.16
42.16
6677.74
6677.74
4910.46
4910.46
5168.25
5168.25
7449.06
7449.06
4370.02
4370.02
4370.02
4370.02
4370.02
4370.02
4528.82
4528.82
4528.82
4528.82
4528.82
4528.82
4528.82
4528.82
4528.82
4528.82
4528.82
4528.82
4528.82
4528.82
4528.82
5153.37
5153.37
6544.69
6544.69
2886.00
2886.00
6238.70
6238.70
6238.70
6238.70
6238.70
6238.70
6238.70
6238.70
6238.70
6238.70
6238.70
6238.70
6238.70
6238.70
6238.70
6238.70
6238.70
6238.70
606.07
606.07
771.44
771.44
690.49
690.49
1125.28
1125.28
902.45
902.45
1436.06
1436.06
1283.76
1283.76
583.74
583.74
911.20
911.20
1069.00
1069.00
1069.00
1069.00
3367.20
3367.20
3367.20
3367.20
3367.20
3367.20
3367.20
3367.20
3367.20
3367.20
3998.67
3998.67
4222.38
4222.38
4222.38
4222.38
4222.38
4222.38
4222.38
4222.38
4222.38
4222.38
4222.38
4222.38
4222.38
4222.38
4222.38
4222.38
4222.38
4222.38
4222.38
4222.38
4222.38
4222.38
4222.38
4222.38
4222.38
4222.38
4222.38
4222.38
2579.51
2579.51
2579.51
2579.51
3686.63
3686.63
3686.63
3686.63
219.33
219.33
1876.78
1876.78
1876.78
1876.78
1876.78
1876.78
1876.78
1876.78
1876.78
1876.78
1876.78
1876.78
1876.78
1876.78
1876.78
1876.78
1876.78
1876.78
1876.78
1876.78
1876.78
1876.78
1876.78
1876.78
1876.78
1876.78
1876.78
1876.78
1876.78
1876.78
1876.78
1876.78
1876.78
1876.78
1876.78
1876.78
1876.78
1876.78
1876.78
1876.78
1876.78
1876.78
1876.78
1876.78
1876.78
1876.78
1876.78
1876.78
1876.78
1876.78
1876.78
1876.78
1876.78
1876.78
1876.78
1876.78
1876.78
1876.78
1876.78
1876.78
1876.78
1876.78
1876.78
1876.78
1876.78
1876.78
1876.78
1876.78
1876.78
1876.78
1876.78
1876.78
1876.78
1876.78
1876.78
1876.78
1876.78
1876.78
1876.78
1876.78
1876.78
1876.78
1876.78
1876.78
2106.38
2106.38
2106.38
2106.38
2106.38
2106.38
2106.38
2106.38
2106.38
2106.38
2106.38
2106.38
2106.38
2106.38
2106.38
2106.38
2106.38
2106.38
2106.38
2106.38
45.02
45.02
255.37
255.37
265.80
265.80
626.13
626.13
681.39
681.39
806.98
806.98
994.45
994.45
850.07
850.07
1647.13
1647.13
1612.62
1612.62
2092.77
2092.77
1648.35
1648.35
2195.93
2195.93
2425.98
2425.98
2121.18
2121.18
1817.50
1817.50
1817.50
1817.50
1817.50
1817.50
1817.50
1817.50
1817.50
1817.50
1817.50
1817.50
1817.50
1817.50
1688.31
1688.31
1688.31
1688.31
1488.48
1488.48
1488.48
1488.48
1488.48
1488.48
1776.85
1776.85
1776.85
1776.85
1759.04
1759.04
1388.49
1388.49
1633.18
1633.18
1644.49
1644.49
1644.49
1644.49
1744.17
1744.17
1744.17
1744.17
1820.99
1820.99
1820.99
1820.99
1820.99
1820.99
1365.57
1365.57
1365.57
1365.57
1338.97
1338.97
1338.97
1338.97
1989.77
1989.77
1989.77
1989.77
1593.68
1593.68
1907.35
1907.35
1907.35
1907.35
1645.59
1645.59
1645.59
1645.59
1645.59
1645.59
1849.35
1849.35
818.91
818.91
1713.73
1713.73
2176.61
2176.61
2176.61
2176.61
2176.61
2176.61
2176.61
2176.61
2176.61
2176.61
2176.61
2176.61
2176.61
2176.61
2176.61
2176.61
2176.61
2176.61
2176.61
2176.61
2176.61
2176.61
2176.61
2176.61
2176.61
2176.61
2027.68
2027.68
2027.68
2027.68
2027.68
2027.68
2170.15
2170.15
2170.15
2170.15
2086.75
2086.75
2086.75
2086.75
2086.75
2086.75
1935.12
1935.12
1935.12
1935.12
2000.88
2000.88
2000.88
2000.88
2066.40
2066.40
2066.40
2066.40
2066.40
2066.40
2107.32
2107.32
2107.32
2107.32
1462.96
1462.96
1462.96
1462.96
1462.96
1462.96
1331.27
1331.27
1331.27
1331.27
1978.60
1978.60
1978.60
1978.60
2047.18
2047.18
2047.18
2047.18
2047.18
2047.18
1639.07
1639.07
1639.07
1639.07
1639.07
1639.07
1639.07
1639.07
1639.07
1639.07
2293.33
2293.33
2293.33
2293.33
1816.34
1816.34
1816.34
1816.34
1589.59
1589.59
1589.59
1589.59
1589.59
1589.59
1589.59
1589.59
1589.59
1589.59
2131.36
2131.36
2018.53
2018.53
38.42
38.42
2122.75
2122.75
2122.75
2122.75
1006.08
1006.08
1006.08
1006.08
1659.10
1659.10
2412.37
2412.37
2412.37
2412.37
2065.16
2065.16
2065.16
2065.16
60.41
60.41
1114.15
1114.15
1114.15
1114.15
1842.38
1842.38
2460.66
2460.66
2460.66
2460.66
2460.66
2460.66
2460.66
2460.66
3088.15
3088.15
4651.60
4651.60
4211.17
4211.17
6204.80
6204.80
6204.80
6204.80
6204.80
6204.80
6204.80
6204.80
6204.80
6204.80
6204.80
6204.80
6204.80
6204.80
6204.80
6204.80
6204.80
6204.80
5115.10
5115.10
4179.55
4179.55
5695.15
5695.15
4220.57
4220.57
6873.31
6873.31
7066.34
7066.34
7105.94
7105.94
7105.94
7105.94
7105.94
7105.94
7105.94
7105.94
7105.94
7105.94
7105.94
7105.94
7105.94
7105.94
7105.94
7105.94
7105.94
7105.94
4401.78
4401.78
6128.52
6128.52
5986.59
5986.59
5900.27
5900.27
5900.27
5900.27
5900.27
5900.27
6356.34
6356.34
41.95
41.95
5622.68
5622.68
5622.68
5622.68
5622.68
5622.68
5622.68
5622.68
5622.68
5622.68
5622.68
5622.68
5622.68
5622.68
4303.62
4303.62
6002.85
6002.85
6996.50
6996.50
2725.73
2725.73
8166.37
8166.37
8269.09
8269.09
8269.09
8269.09
8269.09
8269.09
8269.09
8269.09
8269.09
8269.09
8269.09
8269.09
8269.09
8269.09
8269.09
8269.09
3730.37
3730.37
3923.33
3923.33
3711.31
3711.31
3306.68
3306.68
3083.90
3083.90
3833.44
3833.44
4339.21
4339.21
1458.21
1458.21
4052.76
4052.76
129.90
129.90
1479.28
1479.28
1641.97
1641.97
2329.74
2329.74
2329.74
2329.74
2329.74
2329.74
2329.74
2329.74
2329.74
2329.74
2329.74
2329.74
2329.74
2329.74
2329.74
2329.74
2329.74
2329.74
2329.74
2329.74
2329.74
2329.74
2329.74
2329.74
2329.74
2329.74
2329.74
2329.74
2329.74
2329.74
2329.74
2329.74
2329.74
2329.74
2329.74
2329.74
2329.74
2329.74
2329.74
2329.74
2329.74
2329.74
2329.74
2329.74
2329.74
2329.74
2329.74
2329.74
2329.74
2329.74
2329.74
2329.74
2329.74
2329.74
2329.74
2329.74
2329.74
2329.74
2329.74
2329.74
2329.74
2329.74
4269.09
4269.09
4269.09
4269.09
4269.09
4269.09
4269.09
4269.09
4269.09
4269.09
4269.09
4269.09
4269.09
4269.09
4269.09
4269.09
4269.09
4269.09
4269.09
4269.09
4269.09
4269.09
4269.09
4269.09
307.60
307.60
380.54
380.54
2438.08
2438.08
3302.26
3302.26
3302.26
3302.26
3302.26
3302.26
3264.71
3264.71
2676.69
2676.69
3481.02
3481.02
114.56
114.56
2922.07
2922.07
3262.66
3262.66
3080.39
3080.39
2863.44
2863.44
2863.44
2863.44
2863.44
2863.44
1314.23
1314.23
3662.51
3662.51
3202.76
3202.76
4592.95
4592.95
4592.95
4592.95
4592.95
4592.95
4592.95
4592.95
4592.95
4592.95
4592.95
4592.95
4592.95
4592.95
4592.95
4592.95
4592.95
4592.95
4592.95
4592.95
4592.95
4592.95
4779.01
4779.01
4779.01
4779.01
4504.91
4504.91
4504.91
4504.91
4808.41
4808.41
4808.41
4808.41
4808.41
4808.41
4808.41
4808.41
4808.41
4808.41
4808.41
4808.41
4808.41
4808.41
4808.41
4808.41
4808.41
4808.41
4808.41
4808.41
3338.56
3338.56
4266.18
4266.18
1917.28
1917.28
4093.63
4093.63
4093.63
4093.63
4093.63
4093.63
4093.63
4093.63
4093.63
4093.63
4093.63
4093.63
4093.63
4093.63
4093.63
4093.63
4093.63
4093.63
4093.63
4093.63
4093.63
4093.63
10.00
10.00
10.00
10.00
10.00
163.89
387.66
387.66
550.61
550.61
707.13
707.13
735.42
735.42
1014.40
1014.40
976.98
976.98
1018.68
1018.68
1199.24
1199.24
1483.88
1483.88
1483.88
1483.88
1483.88
1483.88
1434.74
1434.74
1434.74
1434.74
1571.33
1571.33
1571.33
1571.33
1519.74
1519.74
1519.74
1519.74
1519.74
1519.74
1579.98
1579.98
1097.05
1097.05
1639.23
1639.23
1639.23
1639.23
1015.52
1015.52
1892.35
1892.35
1757.69
1757.69
1931.49
1931.49
1834.25
1834.25
2143.75
2143.75
1511.00
1511.00
181.71
181.71
1568.44
1568.44
1569.20
1569.20
1926.21
1926.21
1790.38
1790.38
1958.47
1958.47
1947.81
1947.81
1844.63
1844.63
1844.63
1281.13
1111.93
1111.93
1958.59
1958.59
1618.28
1618.28
1618.28
1828.56
1828.56
2069.81
2069.81
2119.22
2119.22
2117.78
2117.78
2117.78
1763.70
1763.70
1763.70
1995.16
1995.16
1573.06
1573.06
2159.61
2159.61
2159.61
2159.61
1912.91
1912.91
1912.91
1912.91
2169.39
2169.39
2169.39
2169.39
1401.38
1401.38
1809.15
1809.15
1809.15
2043.64
2043.64
2043.64
1302.04
1302.04
2052.47
2052.47
2052.47
2052.47
2052.47
2052.47
2052.47
2052.47
2052.47
2052.47
2052.47
2052.47
1901.49
1901.49
1901.49
1901.49
2031.92
2031.92
1887.93
1887.93
1983.91
1983.91
1983.91
1983.91
1983.91
1983.91
1973.00
1973.00
1958.50
1958.50
1439.61
1439.61
1873.22
1873.22
1804.13
1804.13
1310.16
1310.16
1556.96
1556.96
1971.68
1971.68
1971.68
1971.68
1767.54
1767.54
2188.56
2188.56
1869.02
1869.02
1996.45
1996.45
1996.45
1996.45
1996.45
1996.45
1996.45
1996.45
1996.45
1996.45
1776.77
1776.77
239.58
239.58
1707.67
1707.67
1707.67
1707.67
1849.36
1849.36
1849.36
1849.36
1849.36
1849.36
1611.85
1611.85
1840.32
1840.32
1845.28
1845.28
1635.56
1635.56
1169.07
1169.07
1406.52
1406.52
1406.52
1406.52
1826.79
1826.79
1826.79
1826.79
1330.62
1330.62
1621.97
1621.97
1621.97
1621.97
978.56
978.56
978.56
978.56
1072.23
1072.23
1189.47
1189.47
1088.45
1088.45
1702.78
1702.78
1702.78
1702.78
1687.12
1687.12
1687.12
1687.12
1162.75
1162.75
1162.75
1162.75
1162.75
1162.75
1488.10
1488.10
1738.77
1738.77
1677.91
1677.91
1677.91
1677.91
1677.91
1677.91
1846.55
1846.55
1846.55
1846.55
1809.05
1809.05
1809.05
1809.05
1809.05
1809.05
46.68
46.68
610.58
610.58
1571.65
1571.65
1571.65
1571.65
1193.42
1193.42
1193.42
1193.42
1193.42
1193.42
1647.56
1647.56
1690.96
1690.96
1583.61
1583.61
1583.61
1583.61
1666.42
1666.42
1759.32
1759.32
1759.32
1759.32
1759.32
1759.32
1759.32
1759.32
1854.13
1854.13
1854.13
1854.13
1854.13
1854.13
1854.13
1854.13
1780.21
1780.21
1765.85
1765.85
1548.87
1548.87
1597.78
1597.78
44.32
44.32
404.17
404.17
1861.62
1861.62
1861.62
1861.62
1842.38
1842.38
1684.94
1684.94
1540.83
1540.83
1705.27
1705.27
1705.27
1705.27
1672.59
1672.59
1672.59
1672.59
2071.99
2071.99
2075.86
2075.86
2075.86
2075.86
2075.86
2075.86
2075.86
2075.86
2024.48
2024.48
2024.48
2024.48
2024.48
2024.48
2024.48
2024.48
2017.48
2017.48
2153.91
2153.91
2153.91
2153.91
2084.87
2084.87
2084.87
2084.87
2084.87
2084.87
2084.87
2084.87
2084.87
2084.87
1659.49
1659.49
1659.49
1659.49
1659.49
1659.49
1852.31
1852.31
1852.31
1852.31
1882.37
1882.37
1882.37
1882.37
1748.18
1748.18
1999.94
1999.94
1640.34
1640.34
1873.50
1873.50
1873.50
1873.50
891.15
891.15
1570.13
1570.13
1835.90
1835.90
1658.86
1658.86
1658.86
1658.86
2094.46
2094.46
2094.46
2094.46
1562.29
1562.29
1562.29
1562.29
1562.29
1562.29
1851.62
1851.62
1851.62
1851.62
1802.31
1802.31
1802.31
1802.31
1802.31
1802.31
1660.39
1660.39
2035.27
2035.27
1616.67
1616.67
1616.67
1616.67
2043.50
2043.50
2043.50
2043.50
2043.50
2043.50
1978.41
1978.41
1978.41
1978.41
1810.48
1810.48
1810.48
1810.48
1810.48
1810.48
1465.24
1465.24
1465.24
1465.24
1724.26
1724.26
1724.26
1724.26
1943.21
1943.21
1943.21
1943.21
1943.21
1943.21
1934.46
1934.46
1934.46
1934.46
1934.46
1934.46
1934.46
1934.46
1934.46
1934.46
1753.29
1753.29
1753.29
1753.29
2040.90
2040.90
2040.90
2040.90
1754.11
1754.11
1754.11
1754.11
1754.11
1754.11
1946.90
1946.90
1946.90
1946.90
2090.89
2090.89
2090.89
2090.89
2090.89
2090.89
1812.76
1812.76
1812.76
1812.76
1684.95
1684.95
1684.95
1684.95
1820.45
1820.45
1820.45
1820.45
1820.45
1820.45
1468.53
1468.53
1468.53
1468.53
1675.85
1675.85
1675.85
1675.85
1675.85
1675.85
1722.28
1722.28
1722.28
1722.28
1790.07
1790.07
1790.07
1790.07
2056.82
2056.82
2056.82
2056.82
2056.82
2056.82
1978.36
1978.36
1978.36
1978.36
1180.29
1180.29
1180.29
1180.29
1180.29
1180.29
2147.92
2147.92
2147.92
2147.92
1689.58
1689.58
1689.58
1689.58
1689.58
1689.58
1689.58
1689.58
1689.58
1689.58
2068.51
2068.51
1091.23
1091.23
1107.60
1107.60
1107.60
1107.60
1107.60
1107.60
1945.40
1945.40
1935.60
1935.60
1983.06
1983.06
1871.64
1871.64
1133.74
1133.74
1133.74
1133.74
1133.74
1133.74
1133.74
1133.74
1133.74
1133.74
1783.43
1783.43
1783.43
1783.43
1800.99
1800.99
1800.99
1800.99
1800.99
1800.99
1856.27
1856.27
1594.03
1594.03
1594.03
1594.03
1594.03
989.68
989.68
989.68
1744.92
1744.92
1744.92
1744.92
1938.03
1938.03
1938.03
1938.03
1844.58
1844.58
1844.58
1844.58
1844.58
1844.58
1508.33
1508.33
919.26
919.26
1692.79
1692.79
1692.79
1692.79
1692.79
1692.79
1753.07
1753.07
1753.07
1753.07
609.24
609.24
2157.08
2157.08
1966.68
1966.68
2157.81
2157.81
273.86
273.86
2165.77
2165.77
1953.96
1953.96
1073.01
1073.01
1073.01
1073.01
175.79
175.79
1931.16
1931.16
1617.19
1617.19
2052.22
2052.22
2052.22
2052.22
1703.61
1703.61
1617.67
1617.67
2105.53
2105.53
2149.25
2149.25
2149.25
2149.25
1742.88
1742.88
1742.88
1742.88
1982.71
1982.71
2189.62
2189.62
2189.62
2189.62
1360.66
1360.66
1360.66
1360.66
1023.97
1023.97
1821.74
1821.74
2218.14
2218.14
1922.32
1922.32
2082.34
2082.34
2082.34
2082.34
2082.34
2082.34
2082.34
2082.34
2082.34
2082.34
2082.34
2082.34
2082.34
2082.34
2082.34
2082.34
1986.07
1986.07
1814.49
1814.49
1814.49
1814.49
1921.78
1921.78
2076.16
2076.16
2030.67
2030.67
1923.60
1923.60
1923.60
1923.60
1841.92
1841.92
1828.16
1828.16
1441.08
1441.08
1441.08
1441.08
1722.38
1722.38
1637.84
1637.84
1637.84
1637.84
1288.94
1288.94
1811.63
1811.63
1986.57
1986.57
1858.84
1858.84
1947.27
1947.27
1773.88
1773.88
1773.88
1773.88
1879.80
1879.80
1879.80
1879.80
2008.38
2008.38
1732.73
1732.73
1693.95
1693.95
1693.95
1693.95
1932.78
1932.78
1795.57
1795.57
1915.13
1915.13
1819.72
1819.72
2029.16
2029.16
2029.16
2029.16
761.10
761.10
961.52
961.52
1304.11
1304.11
1304.11
1304.11
1304.11
1304.11
1818.23
1818.23
1818.23
1818.23
1505.96
1505.96
1389.70
1389.70
3438.53
3438.53
3363.59
3363.59
4792.42
4792.42
4792.42
4792.42
4792.42
4792.42
4792.42
4792.42
6764.30
6764.30
1451.31
1451.31
981.27
981.27
981.27
1040.82
1040.82
2191.87
2191.87
2155.54
2155.54
3401.07
3401.07
3148.27
3148.27
3148.27
3148.27
3027.42
3027.42
3416.56
3416.56
44.69
44.69
1543.74
1543.74
3590.80
3590.80
4111.55
4111.55
4937.99
4937.99
18.95
18.95
1596.26
1596.26
1961.40
1961.40
5297.01
5297.01
5297.01
5297.01
5297.01
5297.01
5297.01
5297.01
6209.09
6209.09
6493.08
6493.08
6493.08
6493.08
6493.08
6493.08
6493.08
6493.08
6493.08
6493.08
7019.60
7019.60
7275.03
7275.03
7275.03
7275.03
7275.03
7275.03
7275.03
7275.03
7275.03
7275.03
7275.03
7275.03
7275.03
7275.03
7275.03
7275.03
5121.79
5121.79
4807.92
4807.92
5692.03
5692.03
4709.76
4709.76
4709.76
4709.76
4709.76
4709.76
4709.76
4709.76
4709.76
4709.76
4709.76
4709.76
4709.76
4709.76
4709.76
4709.76
4709.76
4709.76
4709.76
4709.76
4709.76
4709.76
4709.76
4709.76
4644.08
4644.08
4637.13
4637.13
4834.60
4834.60
1689.48
1689.48
4853.82
4853.82
4853.82
4853.82
4853.82
4853.82
4853.82
4853.82
5605.94
5605.94
5492.15
5492.15
5581.23
5581.23
5581.23
5581.23
5581.23
5581.23
5581.23
5581.23
1021.69
1021.69
2594.40
2594.40
2594.40
2594.40
2594.40
2594.40
2594.40
2594.40
2594.40
2594.40
4199.97
4199.97
5762.65
5762.65
5394.49
5394.49
5692.47
5692.47
5692.47
5692.47
5692.47
5692.47
5692.47
5692.47
5692.47
5692.47
5692.47
5692.47
5692.47
5692.47
5692.47
5692.47
5692.47
5692.47
5692.47
5692.47
3684.30
3684.30
3282.55
3282.55
3751.68
3751.68
3751.68
3751.68
3751.68
3751.68
3751.68
3751.68
3751.68
3751.68
3751.68
3751.68
1697.75
1697.75
1697.75
1697.75
1704.22
1704.22
1704.22
1704.22
2714.51
2714.51
3606.96
3606.96
4526.20
4526.20
3326.12
3326.12
5013.21
5013.21
5013.21
5013.21
5013.21
5013.21
5013.21
5013.21
5013.21
5013.21
5013.21
5013.21
5013.21
5013.21
5013.21
5013.21
5013.21
5013.21
3103.16
3103.16
4089.30
4089.30
3466.79
3466.79
3644.61
3644.61
4913.06
4913.06
5826.03
5826.03
4228.41
4228.41
5255.37
5255.37
5255.37
5255.37
4269.10
4269.10
6382.23
6382.23
6382.23
6382.23
6382.23
6382.23
6382.23
6382.23
6382.23
6382.23
6382.23
6382.23
6382.23
6382.23
6382.23
6382.23
3257.51
3257.51
6272.02
6272.02
6174.01
6174.01
5382.02
5382.02
4974.24
4974.24
4284.20
4284.20
5388.28
5388.28
5388.28
5388.28
5388.28
5388.28
5388.28
5388.28
5388.28
5388.28
5388.28
5388.28
5388.28
5388.28
5388.28
5388.28
5388.28
5388.28
5388.28
5388.28
4166.84
4166.84
5039.54
5039.54
5039.54
5039.54
5039.54
5039.54
5039.54
5039.54
5039.54
5039.54
5039.54
5039.54
5039.54
5039.54
5039.54
5039.54
5039.54
5039.54
6683.25
6683.25
6917.84
6917.84
6488.49
6488.49
8775.24
8775.24
7959.85
7959.85
1600.17
1600.17
1600.17
1600.17
1762.84
1762.84
1762.84
1762.84
1762.84
1762.84
1868.26
1868.26
1868.26
1868.26
2906.23
2906.23
6674.47
6674.47
3499.55
3499.55
7641.85
7641.85
7565.31
7565.31
7565.31
7565.31
7565.31
7565.31
7565.31
7565.31
7565.31
7565.31
7565.31
7565.31
4183.27
4183.27
5931.86
5931.86
6418.86
6418.86
1895.62
1895.62
6953.76
6953.76
6667.65
6667.65
7448.45
7448.45
6242.26
6242.26
67.86
67.86
1826.82
1826.82
1826.82
1826.82
1826.82
1826.82
1944.62
1944.62
1944.62
1944.62
1944.62
1944.62
4520.36
4520.36
5683.94
5683.94
5698.07
5698.07
4932.89
4932.89
30.17
30.17
30.17
30.17
1596.23
1596.23
2109.30
2109.30
3273.77
3273.77
2631.70
2631.70
3805.06
3805.06
3805.06
3805.06
3805.06
3805.06
5184.80
5184.80
6903.15
6903.15
3601.14
3601.14
2398.42
2398.42
2398.42
2398.42
2398.42
4240.21
4240.21
4299.67
4299.67
4359.40
4359.40
5648.07
5648.07
4859.06
4859.06
5747.95
5747.95
6749.83
6791.84
6791.84
6791.84
6791.84
6791.84
6791.84
6791.84
6791.84
6791.84
6791.84
6791.84
6791.84
6791.84
6791.84
6791.84
6791.84
6791.84
6791.84
6791.84
6791.84
6791.84
5440.30
5440.30
86.87
86.87
2688.39
2688.39
6115.99
6115.99
4476.76
4476.76
2471.15
2471.15
5862.58
5862.58
3917.29
3917.29
3917.29
3917.29
3917.29
3917.29
3917.29
3917.29
3917.29
3917.29
3917.29
3917.29
3917.29
3917.29
3917.29
3917.29
46.91
46.91
8029.97
8029.97
4957.89
4957.89
3716.74
3716.74
3605.80
3605.80
3605.80
3605.80
4370.93
4370.93
6519.90
6519.90
5835.34
5835.34
7844.27
7844.27
7299.26
7299.26
7807.74
7807.74
7807.74
7807.74
7807.74
7807.74
7807.74
7807.74
7807.74
7807.74
7807.74
7807.74
7337.90
7337.90
7337.90
7337.90
7337.90
7337.90
6896.56
6896.56
6899.26
6899.26
32.48
32.48
5575.84
5575.84
6962.88
6962.88
8205.90
8205.90
8205.90
8205.90
8205.90
8205.90
8205.90
8205.90
8205.90
8205.90
8205.90
8205.90
8205.90
8205.90
8205.90
8205.90
8205.90
8205.90
4552.42
4552.42
5336.05
5336.05
1626.16
1626.16
2874.61
2874.61
2874.61
2874.61
4196.88
4196.88
7221.83
7221.83
7221.83
7221.83
7221.83
7221.83
7221.83
7221.83
7221.83
7221.83
7221.83
7221.83
7221.83
7221.83
7221.83
7221.83
7221.83
7221.83
1737.47
1737.47
6227.70
6227.70
3412.14
3412.14
5496.31
5496.31
7796.49
7796.49
7915.43
7915.43
7915.43
7915.43
7915.43
7915.43
7915.43
7915.43
7915.43
7915.43
7915.43
7915.43
7915.43
7915.43
7915.43
7915.43
5250.19
5250.19
7436.83
7436.83
1732.10
1732.10
7598.93
7598.93
6864.41
6864.41
7563.92
7563.92
415.28
415.28
5853.56
5853.56
3429.46
3429.46
3429.46
3429.46
3429.46
3429.46
3429.46
3429.46
3429.46
3429.46
3429.46
3429.46
3429.46
3429.46
3429.46
3429.46
3429.46
3429.46
3429.46
3429.46
5292.72
5292.72
6023.52
6023.52
7149.94
7149.94
7149.94
7149.94
7149.94
7149.94
10.00
10.00
6900.99
6900.99
6900.99
6900.99
6900.99
6900.99
6900.99
6900.99
6900.99
6900.99
6900.99
6900.99
7488.30
7488.30
7488.30
7488.30
7488.30
7488.30
7488.30
7488.30
6241.63
6241.63
6755.16
6755.16
6755.16
6755.16
6755.16
6755.16
6755.16
6755.16
6755.16
6755.16
6755.16
6755.16
6755.16
6755.16
6755.16
6755.16
6755.16
6755.16
6755.16
6755.16
5847.98
5847.98
4294.77
4294.77
4294.77
4294.77
5379.25
5379.25
5990.24
5990.24
5990.24
5990.24
5990.24
5990.24
4620.85
4620.85
3959.55
3959.55
5995.20
5995.20
5995.20
5995.20
5995.20
5995.20
5995.20
5995.20
2764.15
2764.15
2764.15
2764.15
3689.49
3689.49
3689.49
3689.49
3689.49
3689.49
1689.86
1689.86
1689.86
1689.86
1689.86
1689.86
1689.86
1689.86
1689.86
1689.86
1689.86
1689.86
1689.86
1689.86
1689.86
1689.86
1689.86
1689.86
1689.86
1689.86
1689.86
1689.86
1689.86
1689.86
1689.86
1689.86
1689.86
1689.86
1689.86
1689.86
1689.86
1689.86
1689.86
1689.86
1689.86
1689.86
1689.86
1689.86
1689.86
1689.86
1689.86
1689.86
1689.86
1689.86
1689.86
1689.86
1689.86
1689.86
1689.86
1689.86
1689.86
1689.86
1689.86
1689.86
1689.86
1689.86
1689.86
1689.86
1689.86
1689.86
1640.58
1640.58
1640.58
1640.58
1640.58
1640.58
1535.88
1535.88
1288.20
1288.20
1196.61
1196.61
1196.61
1196.61
1196.61
1196.61
1554.69
1554.69
1056.86
1056.86
1434.39
1434.39
1450.62
1450.62
1462.32
1462.32
1693.33
1693.33
1001.94
1001.94
1673.04
1673.04
1673.04
1673.04
1680.34
1680.34
1680.34
1680.34
1721.22
1721.22
1316.67
1316.67
1316.67
1316.67
1656.70
1656.70
1656.70
1656.70
1638.64
1638.64
1638.64
1638.64
1638.64
1638.64
1420.60
1420.60
1420.60
1420.60
1506.47
1506.47
1506.47
1506.47
1622.19
1622.19
1220.91
1220.91
1303.61
1303.61
224.27
224.27
1514.41
1514.41
629.32
629.32
2010.70
2010.70
1832.62
1832.62
1542.62
1542.62
1715.94
1715.94
1715.94
1715.94
4669.42
4669.42
3683.52
3683.52
5087.48
5087.48
4041.06
4041.06
4041.06
4041.06
4041.06
4041.06
4041.06
4041.06
4041.06
4041.06
4041.06
4041.06
4041.06
4041.06
4041.06
4041.06
4041.06
4041.06
6100.81
6100.81
6053.67
6053.67
4988.37
4988.37
4988.37
4988.37
4988.37
4988.37
4988.37
4988.37
4988.37
4988.37
695.59
695.59
1567.77
1567.77
1567.77
1567.77
2259.14
2259.14
2555.38
2555.38
2319.97
2319.97
2630.17
2630.17
3044.69
3044.69
3528.88
3528.88
2581.91
2581.91
1721.19
1721.19
3765.66
3765.66
4058.00
4058.00
1541.63
1541.63
3232.46
3232.46
3155.99
3155.99
3835.76
3835.76
4494.21
4494.21
3466.57
3466.57
3466.57
3466.57
3466.57
3466.57
3466.57
3466.57
3466.57
3466.57
3466.57
3466.57
3466.57
3466.57
3466.57
3466.57
3466.57
3466.57
3466.57
3466.57
3466.57
3466.57
3466.57
3466.57
3466.57
3466.57
3466.57
3466.57
3466.57
3466.57
3466.57
3466.57
3466.57
3466.57
3466.57
3466.57
3466.57
3466.57
3466.57
3466.57
3466.57
3466.57
3466.57
473.30
473.30
226.17
226.17
458.36
458.36
772.12
772.12
867.44
867.44
648.64
648.64
616.55
616.55
616.55
616.55
1070.62
1070.62
1566.57
1566.57
572.83
572.83
1254.58
1254.58
2666.72
2666.72
2666.72
2666.72
2666.72
3553.45
3553.45
3553.45
3553.45
3553.45
3553.45
3553.45
3999.57
3999.57
3609.40
3609.40
3921.68
3921.68
3629.30
3629.30
3629.30
3629.30
3629.30
3629.30
3629.30
3629.30
3629.30
3629.30
3629.30
3629.30
3629.30
3629.30
3629.30
3629.30
3629.30
3629.30
1986.83
1986.83
1666.38
1666.38
2213.40
2213.40
2795.75
2795.75
709.04
709.04
4194.09
4194.09
4377.22
4377.22
4815.51
4815.51
5719.75
5719.75
5719.75
5719.75
5719.75
5719.75
5719.75
5719.75
5719.75
5719.75
5719.75
5719.75
5719.75
5719.75
5719.75
5719.75
5719.75
5719.75
5719.75
5719.75
5887.65
5887.65
6032.27
6032.27
706.58
706.58
2424.71
2424.71
5049.88
5049.88
4819.68
4819.68
5201.91
5201.91
6538.67
6538.67
5121.89
5121.89
6921.30
6921.30
7581.15
7581.15
1315.08
1315.08
1588.84
1588.84
1693.38
1693.38
1693.38
1693.38
987.10
987.10
987.10
987.10
987.10
987.10
1366.91
1366.91
1366.91
1366.91
1366.91
1366.91
1366.91
1366.91
2430.53
2430.53
2430.53
2430.53
2430.53
2430.53
2430.53
2430.53
2430.53
2430.53
2430.53
2430.53
2430.53
2430.53
2430.53
2430.53
2430.53
2430.53
2430.53
2430.53
1664.79
1664.79
7295.06
7295.06
3619.11
3619.11
5188.00
5188.00
4809.38
4809.38
4809.38
4809.38
4809.38
4809.38
4809.38
4809.38
4809.38
4809.38
4809.38
4809.38
4809.38
4809.38
4809.38
4809.38
4809.38
4809.38
4809.38
4809.38
4809.38
4809.38
870.29
870.29
7609.51
7609.51
7136.83
7136.83
7136.83
7136.83
1653.62
1653.62
1918.71
1918.71
1918.71
1918.71
1918.71
1918.71
1918.71
1918.71
1918.71
1918.71
1918.71
1918.71
1918.71
1918.71
6223.60
6223.60
6997.38
6997.38
6997.38
6997.38
6031.77
6031.77
6031.77
6031.77
6031.77
6031.77
6031.77
6031.77
6031.77
6031.77
6031.77
6031.77
6031.77
6031.77
6031.77
6031.77
1609.47
1609.47
4658.30
4658.30
3073.21
3073.21
4512.98
4512.98
6141.26
6141.26
3343.47
3343.47
3343.47
3343.47
3343.47
3343.47
3343.47
3343.47
3343.47
3343.47
3343.47
3343.47
3343.47
3343.47
3343.47
3343.47
3343.47
3343.47
3343.47
3343.47
3343.47
3343.47
4729.43
4729.43
5147.13
5147.13
6016.20
6016.20
6016.20
6016.20
6016.20
6016.20
6016.20
6016.20
6016.20
6016.20
6016.20
6016.20
6016.20
6016.20
6016.20
6016.20
6016.20
6016.20
5171.43
5171.43
5739.18
5739.18
1981.66
1981.66
6124.27
6124.27
4351.50
4351.50
5296.07
5296.07
6598.84
6598.84
6598.84
6598.84
6598.84
6598.84
6598.84
6598.84
6598.84
6598.84
6598.84
6598.84
6598.84
6598.84
6598.84
6598.84
4328.72
4328.72
5576.41
5576.41
2917.14
2917.14
5751.05
5751.05
4629.28
4629.28
4123.62
4123.62
6915.85
6915.85
3965.91
3965.91
3965.91
3965.91
3965.91
3965.91
3965.91
3965.91
3965.91
3965.91
3965.91
3965.91
3965.91
3965.91
3965.91
3965.91
3965.91
3965.91
3965.91
3965.91
3590.39
3590.39
3783.64
3783.64
5916.66
5916.66
6157.90
6157.90
6157.90
6157.90
6157.90
6157.90
402.47
402.47
1492.64
1492.64
1657.30
1657.30
1657.30
1657.30
1657.30
1657.30
1962.02
1962.02
6123.30
6123.30
4330.81
4330.81
5307.16
5307.16
5307.16
5307.16
5307.16
5307.16
5307.16
5307.16
5307.16
5307.16
5307.16
5307.16
5307.16
5307.16
5307.16
5307.16
5307.16
5307.16
5307.16
5307.16
4977.27
4977.27
2101.99
2101.99
3095.29
3095.29
4323.93
4323.93
5150.13
5150.13
4644.87
4644.87
4644.87
4644.87
4644.87
4644.87
4644.87
4644.87
4644.87
4644.87
4644.87
4644.87
4644.87
4644.87
4644.87
4644.87
4644.87
4644.87
4644.87
2829.10
2829.10
5784.40
5784.40
4980.01
4980.01
4421.95
4421.95
4421.95
4421.95
4421.95
4421.95
4421.95
4421.95
4421.95
4421.95
4421.95
4421.95
4421.95
4421.95
4421.95
4421.95
4421.95
4421.95
5057.64
5057.64
5396.44
5396.44
4198.83
4198.83
3070.30
3070.30
3070.30
3070.30
3070.30
3070.30
3070.30
3070.30
3070.30
3070.30
3070.30
3070.30
3070.30
3070.30
3070.30
3070.30
3070.30
3070.30
3070.30
3070.30
3070.30
3070.30
3070.30
3070.30
3070.30
3070.30
3070.30
3070.30
3070.30
3070.30
3070.30
3070.30
3070.30
3070.30
3070.30
3070.30
3070.30
6253.99
6253.99
6253.99
6253.99
6253.99
6253.99
6253.99
6253.99
6253.99
6253.99
6253.99
6253.99
6253.99
6253.99
6253.99
6253.99
6253.99
6253.99
6253.99
6253.99
6253.99
6253.99
6253.99
6253.99
6253.99
6253.99
4998.52
4998.52
4998.52
4998.52
4998.52
4998.52
4998.52
4998.52
4998.52
4998.52
4998.52
4998.52
4998.52
4998.52
4998.52
4998.52
4998.52
4998.52
4998.52
4998.52
4998.52
4998.52
4998.52
4998.52
4998.52
4998.52
4998.52
4998.52
4998.52
4998.52
4998.52
4998.52
4998.52
4998.52
4998.52
4998.52
4998.52
4998.52
4998.52
4998.52
4998.52
4998.52
4998.52
4998.52
4998.52
4998.52
4998.52
4998.52
2398.73
2398.73
2443.18
2443.18
3571.20
3571.20
3571.20
3571.20
3571.20
3571.20
3571.20
3571.20
3571.20
3571.20
3571.20
3571.20
3571.20
3571.20
3571.20
3571.20
3571.20
3571.20
3571.20
3571.20
3571.20
3571.20
3571.20
3571.20
3571.20
3571.20
3571.20
3571.20
3571.20
3571.20
24.90
207.61
478.74
478.74
418.87
418.87
491.82
491.82
641.07
641.07
528.90
528.90
897.79
897.79
2547.24
2547.24
2547.24
2547.24
2310.11
2310.11
2310.11
2310.11
2268.17
2268.17
2268.17
2268.17
2542.86
2542.86
2542.86
2542.86
2556.11
2556.11
2053.04
2053.04
2188.26
2188.26
2188.26
2188.26
2188.26
2188.26
2188.26
2188.26
2188.26
2188.26
2188.26
2188.26
2188.26
2188.26
2188.26
2188.26
2188.26
2188.26
2188.26
2188.26
2188.26
2188.26
2188.26
2188.26
1741.03
1741.03
1741.03
1741.03
1737.23
1737.23
1737.23
1737.23
1737.23
1737.23
2705.03
2705.03
3475.83
3475.83
5102.26
5102.26
5102.26
5102.26
3990.77
3990.77
3990.77
3990.77
3990.77
3990.77
3990.77
3990.77
3990.77
3990.77
3990.77
3990.77
3990.77
3990.77
3990.77
3990.77
3990.77
3990.77
3990.77
3990.77
3990.77
3990.77
3990.77
3990.77
3990.77
3990.77
3990.77
3990.77
7070.75
7070.75
10.14
10.14
6378.26
6378.26
6378.26
6378.26
6378.26
6378.26
6378.26
6378.26
6378.26
6378.26
6378.26
6378.26
6378.26
6378.26
6378.26
6378.26
6378.26
6378.26
6378.26
6378.26
3783.03
3783.03
3783.03
3783.03
3783.03
3783.03
3783.03
3783.03
3783.03
3783.03
3783.03
3783.03
3783.03
3783.03
2527.74
2527.74
2527.74
2527.74
2527.74
2527.74
2527.74
2527.74
2527.74
2527.74
2527.74
2527.74
3200.61
3200.61
3200.61
3200.61
3200.61
3200.61
3200.61
3200.61
3200.61
3200.61
3200.61
3200.61
3200.61
3200.61
3200.61
3200.61
3200.61
3200.61
3200.61
3200.61
3200.61
3200.61
3200.61
3200.61
3200.61
3200.61
3200.61
3200.61
3200.61
3200.61
3200.61
3200.61
2646.77
2646.77
5937.72
5937.72
5942.39
5942.39
7122.28
7122.28
7122.28
7122.28
7122.28
7122.28
7122.28
7122.28
7122.28
7122.28
7122.28
7122.28
7122.28
7122.28
7122.28
7122.28
7122.28
7122.28
6501.35
6501.35
1415.32
1415.32
8318.80
8318.80
5990.13
5990.13
5990.13
5990.13
6481.38
6481.38
6481.38
6481.38
6481.38
6481.38
6481.38
6481.38
6481.38
6481.38
6481.38
6481.38
6481.38
6481.38
6481.38
6481.38
6481.38
6481.38
6302.39
6302.39
3422.05
3422.05
5951.46
5951.46
5951.46
5951.46
5951.46
5951.46
5951.46
5951.46
5951.46
5951.46
5951.46
5951.46
5951.46
5951.46
5951.46
5951.46
5951.46
5951.46
5518.87
5518.87
3598.32
3598.32
5114.93
5114.93
6010.15
6010.15
6010.15
6010.15
6010.15
6010.15
6010.15
6010.15
6010.15
6010.15
6010.15
6010.15
6010.15
6010.15
6010.15
6010.15
151.78
151.78
380.37
380.37
527.26
527.26
806.53
806.53
938.71
938.71
1216.09
1216.09
1239.41
1239.41
805.41
805.41
1544.42
1544.42
1544.42
1544.42
1587.06
1587.06
1587.06
1587.06
1475.94
1475.94
1475.94
1475.94
1475.94
1475.94
1475.94
1475.94
1475.94
1475.94
1669.76
1669.76
1600.15
1600.15
1384.91
1384.91
1384.91
1384.91
1551.17
1551.17
1706.86
1706.86
1550.61
1550.61
1547.35
1547.35
1547.35
1547.35
1665.52
1665.52
1801.09
1801.09
1801.09
1801.09
1390.55
1390.55
1390.55
1390.55
1109.46
1109.46
1566.31
1566.31
1566.31
1566.31
1944.98
1944.98
1944.98
1944.98
1989.17
1989.17
1989.17
1989.17
1989.17
1989.17
1882.96
1882.96
2042.90
2042.90
1180.85
1180.85
1749.44
1749.44
917.29
917.29
1598.97
1598.97
1598.97
1598.97
1430.44
1430.44
1430.44
1430.44
1876.11
1876.11
1876.11
1876.11
1824.66
1824.66
1647.93
1647.93
1647.93
1647.93
1647.93
1647.93
1647.93
1647.93
1766.27
1766.27
1766.27
1766.27
1766.27
1766.27
1086.27
1086.27
1912.81
1912.81
1912.81
1912.81
1912.81
1912.81
1912.81
1912.81
2250.64
2250.64
2250.64
2250.64
2006.01
2006.01
2006.01
2006.01
2006.01
2006.01
2006.01
2006.01
2041.46
2041.46
2168.05
2168.05
2168.05
2168.05
1518.75
1518.75
1518.75
1518.75
1518.75
1518.75
2401.99
2401.99
2401.99
2401.99
2340.11
2340.11
2340.11
2340.11
1874.14
1874.14
1874.14
1874.14
1874.14
1874.14
1874.14
1874.14
1874.14
1874.14
1874.14
1874.14
1874.14
1874.14
1874.14
1874.14
2391.68
2391.68
2391.68
2391.68
2391.68
2391.68
2391.68
2391.68
2391.68
2391.68
2391.68
2391.68
2391.68
2391.68
2391.68
2391.68
2391.68
2391.68
2391.68
2391.68
2391.68
2391.68
2391.68
2391.68
2391.68
2391.68
2391.68
2391.68
2391.68
2336.19
2336.19
2336.19
2336.19
2336.19
2336.19
2336.19
2336.19
2336.19
2336.19
2018.99
2018.99
2018.99
2018.99
2018.99
2018.99
2018.99
2018.99
2018.99
2018.99
2018.99
2018.99
153.54
153.54
1044.03
1044.03
1044.03
1044.03
1205.38
1205.38
930.51
930.51
1182.37
1182.37
1209.12
1209.12
1261.26
1261.26
1463.66
1463.66
832.08
832.08
1330.77
1330.77
1330.77
1330.77
1330.77
1330.77
2167.62
2167.62
1127.21
1127.21
1070.71
1070.71
1070.71
1070.71
2171.35
2171.35
2171.35
2171.35
2027.61
2027.61
2791.22
2791.22
3099.65
3099.65
3043.50
3043.50
3743.41
3743.41
1310.21
1310.21
2108.12
2108.12
2108.12
2108.12
4723.36
4723.36
3966.15
3966.15
2280.48
2280.48
5175.49
5175.49
5175.49
5175.49
5175.49
5175.49
5175.49
5175.49
5175.49
5175.49
5175.49
5175.49
5175.49
5175.49
5175.49
5175.49
5175.49
5175.49
5461.37
5461.37
5283.93
5283.93
5283.93
5283.93
1999.75
1999.75
5866.43
5866.43
1582.39
1582.39
1582.39
1582.39
33.36
33.36
33.36
224.61
545.28
545.28
832.14
832.14
969.02
969.02
1181.33
1181.33
957.82
957.82
638.59
638.59
1138.80
1138.80
1100.90
1100.90
1205.84
1205.84
1646.92
1646.92
1797.75
1797.75
1797.75
1797.75
1797.75
1797.75
1916.02
1916.02
1916.02
1916.02
1792.13
1792.13
1792.13
1792.13
1079.55
1079.55
1140.27
1140.27
1140.27
1140.27
1821.60
1821.60
1821.60
1821.60
1821.60
1821.60
1821.60
1821.60
1821.60
1821.60
1821.60
1821.60
1821.60
1821.60
1821.60
1821.60
1530.45
1530.45
1530.45
1530.45
1379.91
1379.91
1379.91
1379.91
1872.08
1872.08
1872.08
1872.08
1872.08
1872.08
1836.30
1836.30
1836.30
1836.30
1797.66
1797.66
1797.66
1797.66
1927.26
1927.26
1927.26
1927.26
1927.26
1927.26
1927.26
140.86
380.58
380.58
257.36
672.35
871.06
871.06
883.76
883.76
883.76
883.76
883.76
1106.36
1712.72
1712.72
1712.72
1712.72
2622.14
2622.14
2622.14
2622.14
2622.14
2622.14
2622.14
2622.14
2622.14
2622.14
2622.14
2622.14
2622.14
2622.14
2622.14
2622.14
2622.14
2622.14
2622.14
2622.14
2622.14
2622.14
2622.14
2622.14
2622.14
2622.14
2622.14
2622.14
2622.14
2622.14
2622.14
2622.14
2622.14
2622.14
2622.14
2622.14
2622.14
2622.14
2622.14
2622.14
2622.14
2622.14
2622.14
2622.14
2622.14
2622.14
2622.14
2622.14
2622.14
2622.14
2622.14
2622.14
2622.14
2622.14
2622.14
2622.14
2622.14
2622.14
2622.14
2622.14
2622.14
2622.14
2622.14
2622.14
2622.14
2622.14
2622.14
2622.14
19.59
19.59
82.22
82.22
327.13
327.13
432.04
432.04
389.94
389.94
706.76
706.76
421.03
421.03
581.89
581.89
753.63
753.63
1061.94
1061.94
1040.41
1040.41
1162.03
1162.03
1336.95
1336.95
1125.56
1125.56
1454.55
1454.55
2212.02
2212.02
2385.62
2385.62
2466.07
2466.07
2855.09
2855.09
2855.09
2855.09
2855.09
2855.09
2855.09
2855.09
2855.09
2855.09
2855.09
2855.09
2855.09
2855.09
2855.09
2855.09
2855.09
2855.09
2855.09
2855.09
2855.09
2855.09
3194.30
3194.30
3194.30
3194.30
3194.30
3194.30
3194.30
3194.30
3194.30
3194.30
3194.30
3194.30
3194.30
3194.30
3194.30
3194.30
3194.30
3194.30
3194.30
3194.30
3194.30
3194.30
3194.30
3194.30
3194.30
3194.30
3194.30
3194.30
28.83
28.83
81.46
81.46
81.46
123.05
156.95
156.95
92.35
92.35
135.71
135.71
407.32
407.32
29.47
29.47
389.51
389.51
491.01
491.01
457.26
457.26
499.89
499.89
614.68
614.68
631.20
631.20
736.24
736.24
306.10
306.10
793.67
793.67
614.83
614.83
614.83
70.15
866.03
866.03
767.17
767.17
943.82
943.82
943.82
249.44
140.40
140.40
140.40
1069.79
1069.79
396.90
396.90
138.18
1400.87
1400.87
1918.09
1918.09
2985.02
2985.02
2985.02
3280.39
3280.39
3672.34
3672.34
3672.34
3672.34
4459.72
4459.72
1681.06
1681.06
5661.44
5661.44
6253.49
6253.49
5959.82
5959.82
5959.82
5959.82
5959.82
5959.82
5959.82
5959.82
5959.82
5959.82
5959.82
5959.82
5959.82
5959.82
5959.82
5959.82
3023.98
3023.98
4008.58
4008.58
6547.97
6547.97
3533.86
3533.86
6055.25
6055.25
6055.25
6055.25
6055.25
6055.25
6055.25
6055.25
6055.25
6055.25
6055.25
6055.25
6055.25
6055.25
6055.25
6055.25
256.33
256.33
626.59
626.59
593.01
593.01
1364.63
1364.63
1247.62
1247.62
1663.31
1663.31
1933.74
1933.74
2543.83
2543.83
1714.86
1714.86
1358.38
1358.38
2884.20
2884.20
3020.63
3020.63
3030.30
3030.30
3030.30
3030.30
3030.30
3030.30
3030.30
3030.30
3030.30
3030.30
3030.30
3030.30
3030.30
3030.30
3030.30
3030.30
3030.30
3030.30
3030.30
3030.30
3030.30
3030.30
3030.30
3030.30
3030.30
3030.30
3030.30
3030.30
3030.30
3030.30
3030.30
3030.30
3030.30
3030.30
3030.30
3030.30
3030.30
3030.30
3030.30
3030.30
3030.30
3030.30
3030.30
3030.30
3030.30
3030.30
3030.30
3030.30
3030.30
3030.30
3030.30
3030.30
3030.30
3030.30
3030.30
3030.30
3030.30
3030.30
3030.30
3030.30
3030.30
3030.30
3030.30
3030.30
3030.30
3030.30
3030.30
3030.30
3030.30
3030.30
3030.30
3030.30
3030.30
3030.30
3030.30
3030.30
3030.30
3030.30
3030.30
3030.30
2925.30
2925.30
2925.30
2925.30
2925.30
2925.30
2925.30
2925.30
2925.30
2925.30
2925.30
2925.30
2925.30
2925.30
2925.30
2925.30
2925.30
2925.30
2925.30
2925.30
2925.30
2925.30
75.72
75.72
281.64
281.64
474.78
474.78
483.62
483.62
483.62
483.62
486.02
152.29
152.29
152.29
152.29
527.42
527.42
527.42
523.99
523.99
523.99
523.99
645.79
645.79
216.66
216.66
734.44
734.44
734.44
734.44
827.66
827.66
802.74
802.74
777.60
777.60
777.60
777.60
783.17
783.17
75.69
75.69
657.58
657.58
1013.78
1013.78
1013.78
1013.78
1076.13
1076.13
1076.13
1076.13
1128.58
1128.58
1188.09
1188.09
871.46
871.46
1342.13
1342.13
1342.13
1342.13
1266.70
1266.70
194.86
194.86
1034.16
1034.16
903.85
903.85
903.85
903.85
1266.19
1266.19
1266.19
1266.19
1256.66
1256.66
1197.68
1197.68
1197.68
1197.68
1874.89
1874.89
3079.24
3079.24
3079.24
3079.24
2972.64
2972.64
2972.64
2972.64
3551.71
3551.71
3551.71
3551.71
5221.84
5221.84
5089.13
5089.13
97.99
97.99
10.00
10.00
576.05
576.05
360.62
360.62
360.62
360.62
371.38
371.38
371.38
371.38
1003.65
1003.65
967.41
967.41
967.41
967.41
1241.96
1241.96
1241.96
1241.96
1375.16
1375.16
1393.11
1393.11
1387.09
1387.09
1485.04
1485.04
1485.04
1485.04
1599.25
1599.25
1599.25
1599.25
1150.46
1150.46
1202.85
1202.85
1439.01
1439.01
1416.51
1416.51
1416.51
1416.51
1811.47
1811.47
1980.99
1980.99
1980.99
1980.99
1913.14
1913.14
790.68
790.68
873.31
873.31
873.31
873.31
1732.89
1732.89
1732.89
1732.89
1964.08
1964.08
1781.06
1781.06
1781.06
1781.06
1968.60
1968.60
1968.60
1968.60
2192.63
2192.63
1910.49
1910.49
1910.49
1910.49
2013.70
2013.70
2013.70
2013.70
2013.70
2013.70
2013.70
2013.70
2013.70
2013.70
1931.58
1931.58
1931.58
1931.58
2041.39
2041.39
2041.39
2041.39
2041.39
2041.39
1978.29
1978.29
1978.29
1978.29
216.16
216.16
863.21
863.21
1857.63
1857.63
1838.60
1838.60
1838.60
1838.60
1839.02
1839.02
1839.02
1839.02
1555.96
1555.96
1555.96
1555.96
1555.96
1555.96
179.81
179.81
421.97
421.97
1947.35
1947.35
1527.94
1527.94
1681.36
1681.36
1681.36
1681.36
1681.36
1681.36
1982.87
1982.87
1982.87
1982.87
872.81
872.81
2081.21
2081.21
2081.21
2081.21
1906.83
1906.83
10.00
10.00
2168.64
2168.64
2168.64
2168.64
3155.98
3155.98
4091.38
4091.38
5682.92
5682.92
5682.92
5682.92
5682.92
5682.92
5682.92
5682.92
5682.92
5682.92
5682.92
5682.92
5682.92
5682.92
5682.92
5682.92
5682.92
5682.92
5682.92
5682.92
5682.92
5682.92
5682.92
5682.92
5682.92
5682.92
5682.92
5682.92
4512.67
4512.67
6052.46
6052.46
5312.63
5312.63
5312.63
5312.63
5312.63
5312.63
5312.63
5312.63
5312.63
5312.63
5312.63
5312.63
5312.63
5312.63
5312.63
5312.63
5312.63
5312.63
6431.37
6431.37
6467.40
6467.40
2256.43
2256.43
4985.94
4985.94
6717.56
6717.56
6717.56
6717.56
6717.56
6717.56
6717.56
6717.56
6717.56
6717.56
6717.56
6717.56
6717.56
6717.56
6717.56
6717.56
6717.56
6717.56
4479.49
4479.49
1636.63
1636.63
6027.68
6027.68
5290.28
5290.28
3443.26
3443.26
4516.99
4516.99
5733.08
5733.08
6014.06
6014.06
5132.29
5132.29
5132.29
5132.29
5132.29
5132.29
5132.29
5132.29
5132.29
5132.29
5132.29
5132.29
5132.29
5132.29
5132.29
5132.29
5132.29
5132.29
4012.02
4012.02
5394.44
5394.44
5165.61
5165.61
6298.86
6298.86
5141.24
5141.24
5509.81
5509.81
5393.41
5393.41
5393.41
5393.41
5393.41
5393.41
34.04
34.04
1502.41
1502.41
1502.41
1502.41
1502.41
1502.41
1568.36
1568.36
1568.36
1568.36
4583.82
4583.82
3186.07
3186.07
5764.57
5764.57
6455.10
6455.10
6625.34
6625.34
6625.34
6625.34
6625.34
6625.34
6625.34
6625.34
6625.34
6625.34
6625.34
6625.34
6625.34
6625.34
6625.34
6625.34
1710.57
1710.57
5477.67
5477.67
4298.18
4298.18
5965.26
5965.26
6068.10
6068.10
6534.86
6534.86
3279.95
3279.95
4987.82
4987.82
4987.82
4987.82
4987.82
4987.82
4987.82
4987.82
4987.82
4987.82
4987.82
4987.82
4987.82
4987.82
4987.82
4987.82
6057.25
6057.25
5439.45
5439.45
5439.45
5439.45
5439.45
5439.45
577.99
577.99
577.99
577.99
577.99
577.99
1629.00
1629.00
1629.00
1629.00
1866.88
1866.88
1866.88
1866.88
1866.88
1866.88
29.76
29.76
29.76
643.52
1075.68
1075.68
1158.88
1158.88
684.09
684.09
1370.45
1370.45
2850.92
2850.92
2850.92
2850.92
2850.92
2850.92
2850.92
2850.92
381.63
381.63
477.96
477.96
1522.16
1522.16
1522.16
1522.16
1441.91
1441.91
1441.91
1441.91
1474.11
1474.11
1474.11
1474.11
1474.11
1474.11
1474.11
1474.11
1474.11
1474.11
1520.46
1520.46
1520.46
1520.46
1520.46
1520.46
1520.46
1520.46
2897.30
2897.30
2217.75
2217.75
2217.75
2217.75
2217.75
2217.75
2217.75
2217.75
2217.75
2217.75
2217.75
2217.75
2217.75
2217.75
2217.75
2217.75
2217.75
2217.75
2217.75
2217.75
2217.75
2217.75
2217.75
2217.75
2217.75
2217.75
2217.75
2217.75
2217.75
2217.75
2217.75
2217.75
2217.75
2217.75
2217.75
2217.75
2217.75
2217.75
2217.75
2217.75
2217.75
2217.75
2217.75
2217.75
2217.75
2217.75
2217.75
2217.75
2217.75
2217.75
2217.75
2217.75
2217.75
2217.75
2217.75
2217.75
2217.75
2217.75
2217.75
2217.75
2217.75
2217.75
2217.75
2217.75
2217.75
2217.75
2217.75
2217.75
2217.75
2217.75
2217.75
2217.75
2217.75
2217.75
2217.75
2217.75
123.68
123.68
341.32
341.32
341.32
444.64
440.14
440.14
440.14
309.31
463.48
463.48
393.33
393.33
467.71
467.71
1121.11
1121.11
978.87
978.87
1359.81
1359.81
1442.15
1442.15
1329.56
1329.56
1535.75
1535.75
1653.93
1653.93
2084.55
2084.55
2084.55
2084.55
1993.92
1993.92
1993.92
1993.92
1993.92
2090.60
2090.60
2090.60
2090.60
2090.60
67.74
67.74
67.74
854.64
854.64
1725.32
3366.31
3366.31
3516.61
3516.61
4622.60
4622.60
4622.60
4622.60
2758.34
2758.34
2758.34
2758.34
2758.34
2758.34
2758.34
2758.34
2758.34
2758.34
2758.34
2758.34
4755.62
4755.62
4869.67
4869.67
3595.22
3595.22
3595.22
3595.22
3595.22
3595.22
3595.22
3595.22
3595.22
3595.22
3595.22
3595.22
3595.22
3595.22
3595.22
3595.22
3595.22
3595.22
5300.41
5300.41
6574.77
6574.77
1701.20
1701.20
5536.88
5536.88
5536.88
5536.88
5536.88
5536.88
5536.88
5536.88
5536.88
5536.88
5536.88
5536.88
5536.88
5536.88
5536.88
5536.88
5536.88
5536.88
5536.88
5536.88
5536.88
5536.88
5536.88
5536.88
5536.88
5536.88
6265.29
6265.29
6265.29
6164.30
6310.32
6310.32
5581.94
5581.94
5690.91
5690.91
5690.91
5875.31
5875.31
5875.31
5875.31
5875.31
5875.31
5875.31
5875.31
5875.31
5875.31
5875.31
5875.31
5875.31
5875.31
5875.31
5875.31
5875.31
4582.63
4582.63
4464.59
4464.59
4097.92
4097.92
3931.24
3931.24
3931.24
3931.24
3931.24
3931.24
3976.28
3976.28
4957.97
4957.97
5844.77
5844.77
5844.77
4034.68
90.56
90.56
3754.65
3754.65
4904.22
4904.22
29.61
29.61
1550.98
1550.98
2818.96
2818.96
5670.06
5670.06
4634.47
4634.47
4634.47
4634.47
4634.47
4634.47
4634.47
4634.47
4634.47
4634.47
4634.47
4634.47
4634.47
4634.47
4634.47
4634.47
4634.47
4634.47
4634.47
4634.47
4634.47
4634.47
4634.47
1102.32
1102.32
4156.43
4156.43
3980.68
3980.68
6964.10
6964.10
19.82
19.82
171.81
171.81
171.81
171.81
1584.72
1584.72
1584.72
1584.72
1774.35
1774.35
1774.35
1774.35
1774.35
1774.35
2370.06
2370.06
2370.06
2370.06
2370.06
2370.06
2370.06
2370.06
44.72
44.72
97.78
97.78
151.68
151.68
358.12
358.12
350.21
350.21
882.20
882.20
820.16
820.16
847.77
847.77
1067.25
1067.25
1067.25
1067.25
1067.25
1067.25
1067.25
1067.25
1664.90
1664.90
1664.90
1664.90
1664.90
1664.90
1643.63
1643.63
1643.63
1643.63
1643.63
1643.63
1643.63
1643.63
1663.43
1663.43
1663.43
1663.43
543.47
543.47
898.03
898.03
1671.25
1671.25
1818.08
1818.08
1846.06
1846.06
514.54
514.54
1827.29
1827.29
1827.29
1827.29
2057.04
2057.04
1534.35
1534.35
2553.95
2553.95
306.45
306.45
762.33
762.33
249.87
249.87
3503.83
3503.83
1485.27
1485.27
2920.06
2920.06
4049.62
4049.62
5222.07
5222.07
1116.04
1116.04
5320.31
5320.31
4061.82
4061.82
4061.82
4061.82
4757.12
4757.12
4757.12
4757.12
4757.12
4757.12
5310.53
5310.53
5310.53
5638.77
1071.93
1071.93
1513.55
1513.55
2060.18
2060.18
2060.18
2974.28
2974.28
2974.28
3072.35
3072.35
4345.38
4345.38
4345.38
4733.17
4733.17
1462.64
3705.55
3705.55
3705.55
210.08
73.69
73.69
1222.41
1222.41
3668.54
3668.54
3668.54
37.32
37.32
3349.10
3349.10
3349.10
3349.10
3349.10
3349.10
3430.18
3430.18
4214.08
4214.08
1631.05
1631.05
821.56
821.56
6581.31
6581.31
6581.31
6581.31
6581.31
6581.31
6581.31
6581.31
6581.31
6581.31
6581.31
6581.31
4318.41
4318.41
4318.41
4318.41
4318.41
4318.41
4318.41
4318.41
4318.41
4318.41
4318.41
4318.41
1570.61
1570.61
6219.03
6219.03
4179.97
4179.97
1794.77
1794.77
5192.57
5192.57
5192.57
5192.57
5192.57
5192.57
5192.57
5192.57
5192.57
5192.57
5192.57
5192.57
5192.57
5192.57
5192.57
5192.57
5192.57
5192.57
6282.87
6282.87
6357.21
6357.21
4841.62
4841.62
849.21
849.21
719.11
719.11
1312.31
1312.31
2409.92
2409.92
2738.82
2738.82
2738.82
2738.82
2738.82
2738.82
2738.82
2738.82
2738.82
2738.82
2738.82
2738.82
2738.82
2738.82
2738.82
2738.82
2738.82
2738.82
2738.82
2738.82
2738.82
2738.82
2738.82
2738.82
2738.82
2738.82
2738.82
10.00
10.00
139.78
139.78
528.41
528.41
710.00
710.00
1078.06
1078.06
1007.54
1007.54
971.76
971.76
1512.14
1512.14
1519.36
1519.36
1505.45
1505.45
1505.45
1505.45
1747.37
1747.37
1651.59
1651.59
1701.90
1701.90
1447.72
1447.72
1558.48
1558.48
1558.48
1558.48
1558.48
1558.48
1756.50
1756.50
1682.46
1682.46
1682.46
1682.46
1854.90
1854.90
1854.90
1854.90
1854.90
1854.90
1854.90
1854.90
1854.90
1854.90
1296.36
1296.36
1296.36
1296.36
1296.36
1296.36
1296.36
1296.36
1296.36
1296.36
1296.36
1296.36
1296.36
1296.36
1836.28
1836.28
1836.28
1836.28
1573.04
1573.04
1573.04
1573.04
1573.04
1573.04
1915.54
1915.54
1896.37
1896.37
2010.45
2010.45
1814.28
1814.28
1945.97
1945.97
1945.97
1945.97
1945.97
1945.97
2077.53
2077.53
2077.53
2077.53
1577.12
1577.12
1577.12
1577.12
1577.12
1577.12
2146.51
2146.51
2146.51
2146.51
1803.33
1803.33
1365.61
1365.61
4279.72
4279.72
3106.40
3106.40
3106.40
3106.40
3106.40
3106.40
3106.40
3106.40
3106.40
3106.40
3106.40
3106.40
3106.40
3106.40
3106.40
3106.40
3106.40
3106.40
3106.40
3106.40
3106.40
3106.40
3106.40
3106.40
3106.40
3106.40
3106.40
3106.40
3106.40
3106.40
3106.40
3106.40
3106.40
3106.40
3106.40
3106.40
3106.40
346.54
510.24
510.24
1109.33
1109.33
1093.90
1093.90
809.60
809.60
1158.13
1158.13
1158.13
1158.13
1158.13
1158.13
1220.11
1220.11
1220.11
1220.11
1074.77
1074.77
1074.77
1074.77
1131.16
1131.16
1002.33
1002.33
1002.33
1002.33
1147.42
1147.42
1206.46
1206.46
1205.14
1205.14
1205.14
1205.14
1205.14
1205.14
88.68
88.68
411.62
411.62
1373.53
1373.53
1373.53
1373.53
1373.53
1373.53
826.57
826.57
826.57
826.57
779.30
779.30
779.30
779.30
1210.55
1210.55
1210.55
1210.55
1210.55
1210.55
1496.13
1496.13
1016.65
1016.65
1572.12
1572.12
1572.12
1572.12
1572.12
1572.12
1412.71
1412.71
1463.01
1463.01
1497.08
1497.08
1497.08
1497.08
1677.96
1677.96
1677.96
1677.96
1743.40
1743.40
1565.33
1565.33
1565.33
1565.33
1767.03
1767.03
982.41
982.41
982.41
982.41
1359.71
1359.71
1359.71
1359.71
1770.03
1770.03
1790.84
1790.84
894.07
894.07
894.07
894.07
894.07
894.07
1396.01
1396.01
3077.54
3077.54
3949.56
3949.56
4567.26
4567.26
4393.89
4393.89
4393.89
4393.89
5119.17
5119.17
4978.20
4978.20
6138.95
6138.95
161.20
161.20
1278.43
1278.43
1625.14
1625.14
3478.55
3478.55
5074.60
5074.60
5074.60
5074.60
5074.60
5074.60
5074.60
5074.60
5074.60
5932.27
6315.96
6315.96
6315.96
6226.23
6226.23
6226.23
6226.23
6226.23
6226.23
6212.60
6212.60
4230.85
4230.85
2968.53
2968.53
4924.06
4924.06
2603.15
2603.15
2603.15
341.74
772.64
772.64
772.64
772.64
772.64
772.64
1304.14
1304.14
1473.43
1473.43
1473.43
1473.43
1473.43
1473.43
1473.43
1473.43
1530.54
1530.54
1530.54
1530.54
1530.54
1530.54
1530.54
1530.54
1530.54
1530.54
1530.54
1530.54
1530.54
1530.54
1530.54
1530.54
1530.54
1530.54
1530.54
1530.54
110.05
109.08
156.28
156.28
72.45
72.45
145.45
145.45
279.25
279.25
230.31
230.31
247.68
247.68
193.16
193.16
225.47
225.47
875.25
875.25
1042.11
1042.11
1100.82
1100.82
1107.63
1107.63
1244.88
1244.88
2910.90
2910.90
2910.90
2910.90
2910.90
2910.90
2910.90
2910.90
2910.90
2910.90
2910.90
2910.90
2910.90
2910.90
2910.90
2910.90
2910.90
2910.90
2910.90
2910.90
2910.90
2910.90
2910.90
2910.90
2910.90
2910.90
2910.90
2910.90
2910.90
2910.90
2910.90
2910.90
2910.90
2910.90
2910.90
2910.90
2910.90
2910.90
2910.90
2910.90
2910.90
2910.90
2910.90
2910.90
2910.90
2910.90
2910.90
2910.90
2910.90
2910.90
2910.90
2910.90
3232.23
3232.23
3232.23
3232.23
3232.23
3232.23
3232.23
3232.23
3232.23
3232.23
3232.23
3232.23
3232.23
3232.23
3232.23
3232.23
3232.23
3232.23
3232.23
3232.23
3232.23
3232.23
3232.23
3232.23
3232.23
3232.23
3232.23
3232.23
3232.23
3232.23
3232.23
3232.23
3232.23
3232.23
3232.23
3232.23
3214.89
3214.89
3214.89
3214.89
3214.89
3214.89
3214.89
3214.89
3214.89
3214.89
3214.89
3214.89
3214.89
3214.89
3214.89
3214.89
3214.89
3214.89
3214.89
3214.89
3214.89
3214.89
3214.89
3214.89
3214.89
3214.89
3214.89
3214.89
3214.89
3214.89
3214.89
3214.89
3214.89
3214.89
3190.57
3190.57
3190.57
3190.57
3190.57
3190.57
3190.57
3190.57
3238.04
3238.04
3238.04
3238.04
3238.04
3238.04
3238.04
3238.04
3238.04
3238.04
3238.04
3238.04
3238.04
3238.04
3238.04
3238.04
3238.04
3238.04
155.22
155.22
63.74
63.74
147.87
147.87
168.88
168.88
165.77
165.77
175.83
175.83
309.33
309.33
250.83
250.83
260.74
260.74
388.68
388.68
403.23
403.23
403.23
403.23
354.04
354.04
354.04
354.04
299.32
299.32
323.62
323.62
323.62
323.62
801.58
801.58
801.58
801.58
787.21
787.21
898.24
898.24
1045.44
1045.44
920.48
920.48
1142.62
1142.62
1333.29
1333.29
1333.29
1333.29
1319.96
1319.96
1319.96
1319.96
1319.96
1319.96
965.48
965.48
965.48
965.48
830.35
830.35
830.35
830.35
830.35
830.35
846.58
846.58
309.35
309.35
524.31
524.31
524.31
524.31
415.80
415.80
426.76
426.76
426.76
426.76
303.44
303.44
432.25
432.25
796.59
796.59
215.71
215.71
342.34
342.34
229.43
229.43
788.55
788.55
603.62
603.62
603.62
603.62
118.35
118.35
408.86
408.86
74.82
74.82
455.11
455.11
455.11
455.11
379.71
379.71
373.54
373.54
373.54
373.54
495.68
495.68
495.68
495.68
413.87
413.87
413.87
413.87
616.31
616.31
616.31
616.31
616.31
616.31
525.47
525.47
480.83
480.83
496.72
496.72
614.25
614.25
395.64
395.64
573.67
573.67
354.36
354.36
369.74
369.74
764.52
764.52
834.93
834.93
875.98
875.98
958.12
958.12
1100.85
1100.85
1089.66
1089.66
1120.85
1120.85
1110.18
1110.18
1110.18
1110.18
426.21
426.21
1559.77
1559.77
1550.88
1550.88
1475.70
1475.70
1140.84
1140.84
1506.48
1506.48
920.12
920.12
1791.92
1791.92
1761.46
1761.46
1778.92
1778.92
39.22
39.22
941.87
941.87
2074.44
2074.44
2074.44
2074.44
1076.70
1076.70
1076.70
1076.70
1076.70
1076.70
1076.70
1076.70
1076.70
1076.70
1307.13
1307.13
1177.82
1177.82
1604.50
1604.50
1604.50
1604.50
1604.50
1604.50
1275.22
1275.22
1275.22
1275.22
1275.22
1275.22
1275.22
1275.22
1358.53
1358.53
1358.53
1358.53
1358.53
1358.53
1427.17
1427.17
1546.34
1546.34
1679.22
1679.22
1679.22
1679.22
1679.22
1679.22
1679.22
1679.22
1458.48
1458.48
1556.76
1556.76
62.62
62.62
1643.11
1643.11
1643.11
1643.11
1643.11
1643.11
1621.92
1621.92
810.09
810.09
1729.48
1729.48
1729.48
1729.48
1729.48
1729.48
1729.40
1729.40
1729.40
1729.40
1859.59
1859.59
111.68
111.68
740.15
740.15
740.15
740.15
740.15
740.15
740.15
740.15
740.15
740.15
740.15
740.15
740.15
740.15
740.15
740.15
740.15
740.15
740.15
740.15
933.71
933.71
933.71
933.71
933.71
933.71
933.71
933.71
933.71
933.71
933.71
933.71
933.71
933.71
933.71
933.71
933.71
933.71
933.71
933.71
247.30
247.30
139.45
139.45
114.48
114.48
71.21
71.21
71.21
69.39
69.39
69.39
108.37
108.37
262.20
262.20
262.20
262.20
270.43
270.43
195.81
195.81
389.12
389.12
184.99
184.99
466.10
466.10
200.79
200.79
293.35
293.35
226.02
226.02
350.45
350.45
143.06
143.06
188.97
188.97
260.71
260.71
317.68
317.68
491.72
491.72
506.63
506.63
238.64
238.64
173.25
173.25
501.37
501.37
501.37
501.37
496.14
496.14
486.28
486.28
219.53
219.53
143.54
143.54
356.74
356.74
356.74
356.74
152.95
152.95
306.94
306.94
222.63
222.63
177.69
177.69
139.96
139.96
255.36
255.36
99.26
99.26
226.39
226.39
233.63
233.63
304.68
304.68
336.23
336.23
188.37
188.37
475.08
475.08
353.19
353.19
353.19
353.19
392.21
392.21
617.20
617.20
617.20
326.07
326.07
326.07
326.07
326.07
326.07
326.07
326.07
326.07
10.00
10.00
10.00
10.00
24.08
24.08
21.37
21.37
41.87
20.97
70.04
70.04
67.34
67.34
19.20
19.20
173.79
173.79
189.64
189.64
10.00
10.00
137.23
137.23
257.13
257.13
279.26
279.26
234.64
234.64
234.64
234.64
234.64
234.64
92.74
92.74
106.30
106.30
106.30
106.30
106.30
106.30
106.30
143.80
123.37
123.37
71.89
71.89
95.84
95.84
240.01
240.01
81.59
81.59
335.02
335.02
285.44
285.44
285.44
285.44
124.33
124.33
235.57
235.57
242.30
242.30
67.75
67.75
338.01
338.01
376.32
376.32
376.32
376.32
374.56
374.56
389.75
389.75
248.53
248.53
389.68
389.68
293.74
293.74
356.50
356.50
493.31
493.31
419.02
419.02
419.02
419.02
419.02
419.02
251.62
251.62
445.72
445.72
247.07
247.07
289.87
289.87
427.60
427.60
427.60
427.60
427.60
427.60
416.00
416.00
416.00
416.00
416.00
376.12
376.12
436.76
436.76
219.98
219.98
495.82
495.82
259.11
259.11
502.21
502.21
389.68
389.68
512.37
512.37
543.81
543.81
538.29
538.29
65.28
65.28
378.28
378.28
378.28
378.28
378.28
378.28
183.76
183.76
285.42
285.42
642.29
642.29
338.01
338.01
104.56
104.56
386.46
386.46
584.48
584.48
584.48
584.48
259.49
259.49
260.48
260.48
338.48
338.48
338.48
338.48
338.48
338.48
111.64
111.64
110.78
110.78
46.89
46.89
64.16
64.16
231.27
231.27
14.01
14.01
62.16
62.16
20.17
20.17
37.28
37.28
189.32
189.32
92.85
92.85
98.02
98.02
306.88
306.88
168.66
168.66
321.69
321.69
185.88
185.88
345.73
345.73
345.73
345.73
177.03
177.03
227.16
227.16
416.53
416.53
226.59
226.59
349.53
349.53
276.48
276.48
195.79
195.79
311.76
311.76
364.00
364.00
364.00
364.00
425.62
425.62
342.63
342.63
342.63
342.63
467.31
467.31
466.73
466.73
299.02
299.02
353.41
353.41
457.84
457.84
453.19
453.19
322.15
322.15
360.57
360.57
360.57
360.57
529.76
529.76
228.00
228.00
435.36
435.36
295.87
295.87
561.92
561.92
113.63
113.63
367.14
367.14
245.59
245.59
504.59
504.59
698.80
698.80
992.01
992.01
1076.08
1076.08
1269.15
1269.15
1269.15
1269.15
1053.74
1053.74
1218.02
1218.02
1218.02
1218.02
988.76
988.76
867.42
867.42
1318.98
1318.98
1236.28
1236.28
1236.28
1236.28
1285.35
1285.35
1330.11
1330.11
900.35
900.35
1319.93
1319.93
1219.78
1219.78
681.84
681.84
1309.59
1309.59
1471.70
1471.70
1470.98
1470.98
1121.78
1121.78
1382.09
1382.09
1447.51
1447.51
1546.38
1546.38
1355.69
1355.69
924.84
924.84
924.84
924.84
924.84
924.84
1867.16
1867.16
219.40
219.40
1732.99
1732.99
1732.99
1732.99
1963.56
1963.56
1963.56
1963.56
1963.56
1963.56
2052.77
2052.77
2052.77
2052.77
1632.05
1632.05
1632.05
1632.05
1632.05
1632.05
1710.33
1710.33
1710.33
1710.33
2031.75
2031.75
1667.02
1667.02
1353.61
1353.61
1353.61
1353.61
1353.61
1353.61
2004.56
2004.56
2021.30
2021.30
1509.02
1509.02
1509.02
1509.02
1509.02
1509.02
1509.02
1509.02
1509.02
1509.02
1509.02
1509.02
1509.02
1509.02
2218.98
2218.98
112.14
112.14
799.37
799.37
1181.87
1181.87
1181.87
1181.87
1481.57
1481.57
1481.57
1481.57
1189.23
1189.23
1227.60
1227.60
1539.54
1539.54
1539.54
1539.54
1360.41
1360.41
19.97
19.97
99.58
99.58
1348.80
1348.80
1475.58
1475.58
1475.58
1475.58
938.02
938.02
877.79
877.79
1266.95
1266.95
1376.56
1376.56
1376.56
1376.56
1376.56
1376.56
1572.42
1572.42
1718.95
1718.95
1718.95
1718.95
1733.80
1733.80
1867.67
1867.67
1867.67
1867.67
1428.18
1428.18
1654.82
1654.82
1654.82
1654.82
2150.38
2150.38
421.85
421.85
2236.22
2236.22
2236.22
2236.22
1154.29
1154.29
1154.29
1154.29
1154.29
1154.29
2063.82
2063.82
2063.82
2063.82
1452.33
1452.33
1452.33
1452.33
1452.33
1452.33
337.77
337.77
670.03
670.03
1340.56
1340.56
1185.58
1185.58
1196.75
1196.75
1365.00
1365.00
1193.24
1193.24
1368.80
1368.80
1368.80
1368.80
1144.81
1144.81
1144.81
1144.81
1144.81
1144.81
1144.81
1144.81
664.04
664.04
1591.54
1591.54
518.58
518.58
921.47
921.47
921.47
921.47
921.47
921.47
1186.61
1186.61
1186.61
1186.61
1247.12
1247.12
1357.53
1357.53
1357.53
1357.53
885.30
885.30
885.30
885.30
1648.28
1648.28
1576.99
1576.99
1687.98
1687.98
1687.98
1687.98
1687.98
1687.98
1704.84
1704.84
1517.95
1517.95
1467.10
1467.10
1467.10
1467.10
1467.10
1467.10
1832.17
1832.17
1832.17
1832.17
1766.91
1766.91
1766.91
1766.91
1876.52
1876.52
1876.52
1876.52
1876.52
1876.52
1876.52
1876.52
1876.52
1876.52
1496.38
1496.38
1496.38
1496.38
1496.38
1496.38
1302.81
1302.81
1302.81
1302.81
1296.84
1296.84
1296.84
1296.84
1365.10
1365.10
1365.10
1365.10
1365.10
1365.10
1318.72
1318.72
1318.72
1318.72
2615.38
2615.38
4465.08
4465.08
5067.94
5067.94
4368.60
4368.60
4368.60
4368.60
4368.60
4368.60
4368.60
4368.60
4368.60
4368.60
4368.60
4368.60
4368.60
4368.60
10.61
10.61
10.61
10.61
10.61
188.23
180.98
180.98
350.05
350.05
511.40
511.40
508.58
508.58
815.49
815.49
747.78
747.78
1081.21
1081.21
1081.21
1081.21
973.42
973.42
872.05
872.05
1045.25
1045.25
814.80
814.80
814.80
814.80
818.39
818.39
1030.40
1030.40
1185.60
1185.60
899.88
899.88
899.88
899.88
1120.22
1120.22
584.26
584.26
683.73
683.73
1284.50
1284.50
889.07
889.07
1305.21
1305.21
1305.21
1305.21
1483.72
1483.72
1483.72
1483.72
1483.72
1483.72
1473.33
1473.33
1473.33
1473.33
1620.79
1620.79
1620.79
1620.79
1620.79
1620.79
1680.01
1680.01
1680.01
1680.01
1417.14
1417.14
1417.14
1417.14
1202.58
1202.58
1202.58
1202.58
52.12
52.12
1259.26
1259.26
1259.26
1259.26
794.87
794.87
655.26
655.26
735.94
735.94
941.34
941.34
1392.19
1392.19
1446.12
1446.12
1446.12
1446.12
1539.27
1539.27
1539.27
1539.27
1505.06
1505.06
1592.91
1592.91
1486.28
1486.28
1478.40
1478.40
1641.40
1641.40
1641.40
1641.40
1423.83
1423.83
1423.83
1423.83
1866.78
1866.78
2087.99
2087.99
2087.99
2087.99
1214.10
1214.10
1454.55
1454.55
39.06
39.06
125.06
125.06
1407.70
1407.70
1379.96
1379.96
1494.08
1494.08
1358.16
1358.16
1358.16
1358.16
1170.25
1170.25
1170.25
1170.25
3224.19
3224.19
3047.20
3047.20
637.60
637.60
1482.45
1482.45
5649.84
5649.84
5649.84
5649.84
5649.84
5649.84
5886.39
5886.39
2827.59
2827.59
2827.59
6626.12
6626.12
6626.12
6626.12
6626.12
6626.12
6626.12
6626.12
6626.12
6626.12
6626.12
6626.12
6626.12
6626.12
6626.12
6626.12
6626.12
6626.12
6626.12
6626.12
4520.19
4520.19
4629.82
4629.82
5296.40
5296.40
6570.11
6570.11
6864.43
6864.43
6864.43
6864.43
6864.43
6864.43
6864.43
6864.43
4955.73
4955.73
4955.73
4955.73
4955.73
4955.73
4955.73
4955.73
4955.73
6512.39
6512.39
7154.95
7154.95
4290.37
4290.37
4937.95
4937.95
2005.97
2005.97
6470.86
6470.86
6470.86
6470.86
6470.86
6470.86
6470.86
6470.86
6470.86
6470.86
6470.86
6470.86
6470.86
6470.86
6470.86
6470.86
6470.86
6470.86
6470.86
3400.86
3400.86
5860.46
5860.46
3426.83
3426.83
5380.06
5380.06
5380.06
5380.06
5380.06
5380.06
1813.67
1813.67
1832.62
1832.62
1832.62
1832.62
1832.62
1832.62
1832.62
1832.62
1832.62
1832.62
6044.60
6044.60
5463.67
5463.67
6572.02
6572.02
6572.02
6572.02
6572.02
6572.02
6572.02
6572.02
6572.02
6572.02
6572.02
6572.02
6572.02
6572.02
6572.02
6572.02
6572.02
6572.02
6572.02
6572.02
6348.25
6348.25
4422.06
4422.06
6160.93
6160.93
5457.04
5457.04
1232.16
1232.16
2122.35
2122.35
2214.74
2214.74
2238.14
2238.14
2238.14
2238.14
2238.14
2238.14
2238.14
2238.14
2658.76
2658.76
2658.76
2658.76
2658.76
2658.76
6490.38
6490.38
4350.11
4350.11
5046.86
5046.86
5802.43
5802.43
5802.43
5802.43
5802.43
5802.43
5802.43
5802.43
5802.43
5802.43
5802.43
5802.43
5802.43
5802.43
5802.43
5802.43
6468.01
6468.01
7448.23
7448.23
6976.41
6976.41
6976.41
6976.41
7640.70
7640.70
3716.00
3716.00
7426.15
7426.15
5387.94
5387.94
6988.06
6988.06
6552.75
6552.75
7821.04
7821.04
7821.04
7821.04
7821.04
7821.04
877.58
877.58
1148.01
1148.01
1519.01
1519.01
1243.81
1243.81
2824.88
2824.88
4152.89
4152.89
5193.50
5193.50
3288.30
3288.30
4156.43
4156.43
5216.42
5216.42
7044.60
7044.60
5743.62
5743.62
5743.62
5743.62
5743.62
5743.62
5743.62
5743.62
5743.62
5743.62
5743.62
5743.62
5743.62
5743.62
5743.62
5743.62
6085.89
6085.89
6695.97
6695.97
7041.73
7041.73
3006.01
3006.01
3006.01
3006.01
3006.01
3006.01
3006.01
3006.01
3006.01
3006.01
3006.01
3006.01
3006.01
3006.01
3006.01
3006.01
3006.01
3006.01
4337.88
4337.88
4337.88
4337.88
4337.88
4337.88
4337.88
4337.88
4337.88
4337.88
4337.88
4337.88
4337.88
4337.88
4337.88
4337.88
4337.88
4337.88
312.33
312.33
3354.55
3354.55
3354.55
3354.55
3354.55
3354.55
3354.55
3354.55
3354.55
3354.55
3354.55
3354.55
3354.55
3354.55
3354.55
3354.55
3354.55
3354.55
4948.91
4948.91
2985.83
2985.83
2391.87
2391.87
4316.44
4316.44
4911.69
4911.69
3798.39
3798.39
3798.39
3798.39
3798.39
3798.39
3798.39
3798.39
3798.39
3798.39
125.85
125.85
1491.30
1491.30
1491.30
1491.30
3294.88
3294.88
3294.88
3294.88
2377.18
2377.18
2377.18
2377.18
2377.18
2377.18
2377.18
2377.18
2377.18
2377.18
2377.18
2377.18
2377.18
2377.18
2377.18
2377.18
2377.18
2377.18
2377.18
2377.18
2377.18
2377.18
2377.18
2377.18
2377.18
2377.18
2377.18
2377.18
2377.18
2377.18
2377.18
2377.18
2377.18
2377.18
2377.18
2377.18
2377.18
2377.18
2377.18
2377.18
2377.18
2377.18
2377.18
2377.18
2377.18
2377.18
2377.18
2377.18
2377.18
2377.18
2377.18
2377.18
2377.18
2377.18
2377.18
2377.18
2377.18
2377.18
2377.18
2377.18
2377.18
2377.18
2377.18
2377.18
2377.18
2377.18
2377.18
2377.18
2377.18
2377.18
2377.18
2377.18
2377.18
2377.18
2377.18
2377.18
2377.18
2377.18
2377.18
2377.18
2377.18
2377.18
2377.18
2377.18
2377.18
2377.18
2377.18
2377.18
2377.18
2377.18
2377.18
2377.18
2377.18
2377.18
2377.18
2377.18
2377.18
2377.18
2377.18
2377.18
2377.18
2377.18
74.06
74.06
74.06
99.26
470.71
470.71
684.02
684.02
674.12
674.12
766.93
766.93
644.29
644.29
695.41
695.41
1033.46
1033.46
1000.59
1000.59
915.55
915.55
915.55
915.55
975.87
975.87
1105.65
1105.65
1249.13
1249.13
846.98
846.98
1578.83
1578.83
1640.30
1640.30
1733.93
1733.93
2005.42
2005.42
2197.20
2197.20
2197.20
2197.20
2197.20
2197.20
2197.20
2197.20
1525.71
1525.71
1525.71
1525.71
1525.71
1525.71
1525.71
1525.71
2277.37
2277.37
2277.37
2277.37
2277.37
2277.37
2277.37
2277.37
466.37
466.37
868.63
868.63
2202.32
2202.32
2202.32
2202.32
2202.32
2202.32
2202.32
2202.32
2202.32
2202.32
1937.02
1937.02
1937.02
1937.02
1937.02
1937.02
1937.02
1937.02
1937.02
1937.02
1895.25
1895.25
2194.54
2194.54
2257.55
2257.55
2257.55
2257.55
2257.55
2257.55
2257.55
2257.55
2188.02
2188.02
1633.02
1633.02
2517.63
2517.63
2492.47
2492.47
2492.47
2492.47
2045.75
2045.75
2271.14
2271.14
2271.14
2271.14
2271.14
2271.14
2271.14
2271.14
2271.14
2271.14
2271.14
2271.14
2271.14
2271.14
2271.14
2271.14
2505.12
2505.12
2505.12
2505.12
2164.79
2164.79
2164.79
2164.79
2244.57
2244.57
2244.57
2244.57
1058.49
1058.49
1058.49
1058.49
1206.05
1206.05
1206.05
1206.05
1008.14
1008.14
1613.69
1613.69
1610.02
1610.02
1351.65
1351.65
1351.65
1351.65
1587.06
1587.06
1587.06
3200.13
3200.13
4801.26
4801.26
4966.27
4966.27
4966.27
4966.27
4966.27
4966.27
4966.27
4966.27
4966.27
4966.27
4966.27
4966.27
4966.27
4966.27
4966.27
4966.27
4966.27
4966.27
4966.27
4966.27
5169.14
5169.14
4588.59
4588.59
2203.90
2203.90
5273.60
5273.60
1042.01
1042.01
3148.34
3148.34
4041.62
4041.62
4041.62
4041.62
4041.62
4041.62
5092.72
5092.72
5092.72
5092.72
5092.72
5092.72
5092.72
5092.72
5092.72
5092.72
5092.72
5092.72
5092.72
5092.72
5092.72
5092.72
5092.72
5092.72
6490.00
6490.00
5570.36
5570.36
6240.38
6240.38
5026.74
5026.74
5026.74
5026.74
5459.65
5459.65
6096.57
6096.57
6096.57
6096.57
6096.57
6096.57
6096.57
6096.57
6096.57
6096.57
6096.57
6096.57
6096.57
5701.94
5701.94
5701.94
5701.94
5701.94
5701.94
5701.94
5701.94
739.13
739.13
2069.93
2069.93
2139.69
2139.69
2139.69
2139.69
2139.69
2139.69
3225.63
3225.63
2673.41
2673.41
2344.25
2344.25
1852.30
1852.30
5398.99
5398.99
4965.24
4965.24
4788.59
4788.59
4788.59
4788.59
4788.59
4788.59
4788.59
4788.59
4788.59
4788.59
4788.59
4788.59
4788.59
4788.59
4788.59
4788.59
4788.59
4788.59
4788.59
4788.59
4788.59
4788.59
4649.46
4649.46
5105.55
5105.55
5297.68
5297.68
5221.57
5221.57
5793.73
5793.73
6287.87
6287.87
6287.87
6287.87
6287.87
6287.87
6287.87
6287.87
6287.87
6287.87
6287.87
6287.87
6287.87
6287.87
6287.87
6287.87
6287.87
6287.87
2766.78
2766.78
2115.65
2115.65
2115.65
2115.65
2115.65
2115.65
2115.65
2115.65
2115.65
2115.65
2115.65
2115.65
2115.65
2115.65
2115.65
2115.65
2115.65
2115.65
2115.65
2115.65
2115.65
2115.65
2115.65
2115.65
2115.65
2115.65
2115.65
2115.65
2115.65
2115.65
2115.65
2115.65
2115.65
2115.65
2115.65
2115.65
2115.65
2115.65
2115.65
2115.65
2115.65
2115.65
2115.65
2115.65
2115.65
2115.65
2115.65
2115.65
2115.65
2115.65
2115.65
2115.65
2115.65
2115.65
15.51
15.51
307.25
307.25
631.04
631.04
2480.75
2480.75
3260.69
3260.69
4177.19
4177.19
4050.89
4050.89
4050.89
4050.89
4050.89
4050.89
4480.15
4480.15
2359.43
2359.43
2359.43
2359.43
2359.43
2359.43
2359.43
2359.43
2359.43
2359.43
2359.43
2359.43
2359.43
2359.43
2359.43
2359.43
2359.43
2359.43
2359.43
2359.43
2359.43
2359.43
2359.43
2359.43
2359.43
2359.43
2359.43
2359.43
2359.43
2359.43
2359.43
2359.43
2359.43
2359.43
2359.43
2359.43
2359.43
2359.43
2359.43
2359.43
2359.43
2359.43
2359.43
2359.43
2359.43
2359.43
2359.43
2359.43
2359.43
2359.43
2359.43
2359.43
2359.43
2359.43
2359.43
2359.43
2359.43
2359.43
2359.43
2359.43
2359.43
2359.43
2359.43
2359.43
2359.43
2359.43
2359.43
2359.43
2359.43
2359.43
2359.43
2359.43
2359.43
2359.43
2359.43
2359.43
2359.43
2359.43
2359.43
2359.43
2359.43
2359.43
2359.43
2359.43
39.72
39.72
93.96
93.96
394.31
394.31
878.94
878.94
948.85
948.85
916.64
916.64
971.90
971.90
971.90
971.90
996.21
996.21
914.49
914.49
957.72
957.72
1035.01
1035.01
870.64
870.64
1130.10
1130.10
687.53
687.53
1415.53
1415.53
1472.31
1472.31
3430.00
3430.00
3430.00
3430.00
3968.72
3968.72
3968.72
3968.72
3968.72
3968.72
2287.14
2287.14
4504.39
4504.39
4504.39
4504.39
4504.39
4504.39
4504.39
4504.39
4504.39
4504.39
4504.39
4504.39
4504.39
4504.39
4504.39
4504.39
4504.39
4504.39
5489.89
5489.89
5434.93
5434.93
5434.93
5434.93
5434.93
5434.93
5434.93
5434.93
5434.93
5434.93
5434.93
5434.93
5434.93
5434.93
5434.93
5434.93
3766.88
3766.88
5231.75
5231.75
4504.44
4504.44
4504.44
4504.44
3314.85
3314.85
156.61
156.61
297.70
297.70
1760.15
1760.15
1760.15
1760.15
1760.15
1760.15
1760.15
1760.15
1760.15
1760.15
1760.15
1760.15
2119.85
2119.85
2119.85
2119.85
2119.85
2119.85
2119.85
2119.85
2119.85
2119.85
2119.85
17.19
17.19
230.15
198.02
198.02
528.83
528.83
547.03
547.03
598.42
598.42
460.09
460.09
739.39
739.39
481.40
481.40
865.76
865.76
543.54
543.54
803.14
803.14
803.14
803.14
971.83
971.83
971.83
971.83
971.83
971.83
700.29
700.29
700.29
700.29
1158.12
1158.12
1158.12
1158.12
1158.12
1158.12
968.83
968.83
968.83
968.83
1296.83
1296.83
1205.76
1205.76
1205.76
1511.12
1511.12
1511.12
1511.12
1511.12
1511.12
1511.12
1511.12
1511.12
1511.12
1511.12
1511.12
1511.12
1511.12
1511.12
1511.12
1511.12
2517.73
2517.73
2517.73
2517.73
2517.73
2517.73
2517.73
2517.73
2517.73
2517.73
2517.73
2517.73
2517.73
2517.73
2517.73
2517.73
2517.73
2517.73
2517.73
2517.73
2517.73
2517.73
2078.71
2078.71
2078.71
2078.71
2057.85
2057.85
2057.85
2057.85
2102.52
2102.52
2102.52
2102.52
2102.52
2102.52
1915.94
1915.94
1915.94
1915.94
1336.76
1336.76
1336.76
1336.76
1336.76
1336.76
1690.54
1690.54
1690.54
1690.54
2009.63
2009.63
2009.63
2009.63
2009.63
2009.63
2009.63
2009.63
2009.63
2009.63
2072.15
2072.15
2072.15
2072.15
2084.10
2084.10
2084.10
2084.10
2084.10
2084.10
2084.10
2084.10
2084.10
2084.10
1821.07
1821.07
1821.07
1821.07
1821.07
1821.07
1821.07
1821.07
1821.07
1821.07
1895.63
1895.63
1895.63
1895.63
1895.63
1895.63
1895.63
1895.63
1895.63
1895.63
1895.63
1895.63
1895.63
1895.63
1917.35
1917.35
1917.35
1917.35
1647.57
1647.57
1647.57
1647.57
1647.57
1647.57
1273.02
1273.02
1273.02
1273.02
1882.60
1882.60
1882.60
1882.60
1882.60
1882.60
1882.60
1882.60
1882.60
1882.60
1755.74
1755.74
1755.74
1755.74
1819.19
1819.19
1819.19
1819.19
1819.19
1819.19
1819.19
1819.19
1819.19
1819.19
1940.71
1940.71
1940.71
1940.71
1940.71
1940.71
1898.99
1898.99
1898.99
1898.99
2057.88
2057.88
2057.88
2057.88
1868.18
1868.18
1868.18
1868.18
1868.18
1868.18
1934.95
1934.95
1934.95
1934.95
2022.65
2022.65
2022.65
2022.65
2022.65
2022.65
2072.70
2072.70
2072.70
2072.70
1831.26
1831.26
1831.26
1831.26
1651.86
1651.86
1651.86
1651.86
1841.29
1841.29
1547.62
1547.62
1547.62
1547.62
1547.62
1547.62
1547.62
1547.62
1547.62
1547.62
1462.51
1462.51
1462.51
1462.51
1998.11
1998.11
1998.11
1998.11
1501.26
1501.26
1501.26
1501.26
1501.26
1501.26
1921.43
1921.43
1921.43
1921.43
1546.34
1546.34
1546.34
1546.34
1546.34
1546.34
1534.27
1534.27
1534.27
1534.27
2055.70
2055.70
1848.66
1848.66
5294.75
5294.75
5294.75
5294.75
5294.75
5294.75
5632.37
5632.37
3909.90
3909.90
5591.40
5591.40
6269.79
6269.79
6269.79
6269.79
6269.79
6269.79
5603.43
5603.43
2314.87
2314.87
6310.45
6310.45
6310.45
6310.45
116.15
116.15
1509.91
1509.91
82.55
82.55
254.47
254.47
441.19
441.19
891.64
891.64
694.81
694.81
1558.66
1558.66
2366.55
2366.55
2228.77
2228.77
2709.82
2709.82
2709.82
2709.82
2709.82
2709.82
2709.82
2709.82
2709.82
2709.82
2709.82
2709.82
2709.82
2709.82
2709.82
2709.82
2709.82
2709.82
2709.82
2709.82
2709.82
2709.82
2709.82
2709.82
2709.82
2709.82
2709.82
2709.82
2709.82
2709.82
2709.82
2709.82
2709.82
2709.82
2709.82
2709.82
2709.82
2709.82
2709.82
2709.82
2709.82
2709.82
2709.82
2709.82
2709.82
2709.82
2709.82
2709.82
2709.82
2709.82
2709.82
2709.82
2709.82
2709.82
2709.82
2709.82
2709.82
2709.82
2709.82
2709.82
2709.82
2709.82
2709.82
2709.82
2709.82
2709.82
2709.82
2709.82
2709.82
2709.82
2709.82
2709.82
2709.82
2709.82
2709.82
2709.82
2709.82
2709.82
2709.82
2709.82
2709.82
2709.82
2709.82
3477.05
3477.05
3477.05
3477.05
3477.05
3477.05
3477.05
3477.05
3477.05
3477.05
3477.05
3477.05
3477.05
3477.05
3477.05
3477.05
3477.05
3477.05
3477.05
3477.05
3477.05
3477.05
3477.05
3477.05
3477.05
3477.05
3477.05
3477.05
3477.05
3477.05
3477.05
3477.05
3477.05
3477.05
3477.05
3477.05
3477.05
3477.05
3477.05
3477.05
3477.05
3477.05
3477.05
3477.05
3477.05
3477.05
3509.39
3509.39
4287.32
4287.32
4287.32
4287.32
327.70
327.70
783.50
783.50
1257.09
1257.09
1257.09
1257.09
1721.82
1721.82
1721.82
1721.82
1721.82
1721.82
1721.82
1721.82
1757.84
1757.84
1757.84
1757.84
1757.84
1757.84
1757.84
1757.84
1757.84
1757.84
1757.84
1757.84
1757.84
1757.84
1757.84
1757.84
1757.84
1757.84
1757.84
1757.84
1757.84
1757.84
1757.84
1757.84
1757.84
1757.84
1885.98
1885.98
1885.98
1885.98
1885.98
1885.98
1885.98
1885.98
1885.98
1885.98
1885.98
1885.98
1885.98
1885.98
1885.98
1885.98
1885.98
1885.98
1885.98
1885.98
1885.98
1885.98
1885.98
1885.98
1885.98
1885.98
1885.98
1885.98
1885.98
1885.98
1885.98
1885.98
1885.98
1885.98
1885.98
1885.98
1885.98
1885.98
1885.98
1885.98
1885.98
1885.98
1885.98
1885.98
1885.98
1885.98
1885.98
1885.98
1885.98
1885.98
1885.98
1885.98
1885.98
1885.98
1885.98
1885.98
1885.98
1885.98
1885.98
1885.98
1885.98
1885.98
1885.98
1885.98
1885.98
1885.98
1885.98
1885.98
1885.98
1885.98
1885.98
1885.98
1919.26
1919.26
1919.26
1919.26
1919.26
1919.26
1919.26
1919.26
1919.26
1919.26
1919.26
1919.26
1919.26
1919.26
1919.26
1919.26
1919.26
1919.26
29.73
169.48
392.51
392.51
533.70
533.70
578.89
578.89
839.02
839.02
693.06
693.06
554.69
554.69
759.88
759.88
1057.13
1057.13
1302.74
1302.74
896.42
896.42
1140.55
1140.55
1179.95
1179.95
821.51
821.51
722.00
722.00
1212.94
1212.94
1455.09
1455.09
3323.05
3323.05
2701.30
2701.30
2701.30
2701.30
2701.30
2701.30
4071.34
4071.34
4071.34
4071.34
3752.45
3752.45
3289.84
3289.84
3499.40
3499.40
5579.40
5579.40
6054.43
6054.43
2735.90
2735.90
4302.38
4302.38
4302.38
4302.38
108.40
108.40
166.09
166.09
710.43
710.43
1561.42
1561.42
1561.42
1561.42
1561.42
1561.42
1561.42
1561.42
1561.42
1561.42
1561.42
1561.42
2129.46
2129.46
2129.46
2129.46
2129.46
2129.46
2129.46
2129.46
2129.46
2129.46
2129.46
2129.46
2129.46
2129.46
2129.46
2129.46
2784.45
2784.45
592.53
592.53
1030.79
1030.79
1030.79
1030.79
1030.79
1030.79
1030.79
1030.79
1030.79
1030.79
1030.79
1030.79
1030.79
1030.79
1030.79
1030.79
1251.53
1251.53
1251.53
1251.53
752.10
752.10
791.64
791.64
791.64
791.64
289.81
289.81
473.95
473.95
806.00
806.00
806.00
806.00
882.43
882.43
882.43
882.43
882.43
882.43
631.81
631.81
631.81
631.81
965.19
965.19
965.19
965.19
965.19
965.19
1055.81
1055.81
1055.81
1055.81
974.01
974.01
974.01
974.01
882.01
882.01
882.01
882.01
882.01
882.01
1163.45
1163.45
1163.45
1163.45
1218.74
1218.74
1218.74
1218.74
1218.74
1218.74
742.02
742.02
742.02
742.02
1206.54
1206.54
1206.54
1206.54
1361.87
1361.87
1361.87
1361.87
1361.87
1361.87
735.70
735.70
735.70
735.70
685.12
685.12
685.12
685.12
685.12
685.12
685.12
685.12
685.12
685.12
1267.14
1267.14
1267.14
1267.14
1054.15
1054.15
1054.15
1054.15
1054.15
1054.15
1085.14
1085.14
1436.59
1436.59
1451.52
1451.52
1451.52
1451.52
1451.52
1451.52
1393.61
1393.61
1106.94
1106.94
1597.13
1597.13
1559.96
1559.96
40.13
40.13
1894.44
1894.44
1612.97
1612.97
1725.54
1725.54
1725.54
1725.54
836.15
836.15
836.15
836.15
836.15
836.15
2160.48
2160.48
2160.48
2160.48
2178.62
2178.62
2178.62
2178.62
1282.50
1282.50
1067.97
1067.97
2136.56
2136.56
2136.56
2136.56
2136.56
2136.56
1578.05
1578.05
1578.05
1578.05
1891.45
1891.45
2159.06
2159.06
2159.06
2159.06
2159.06
2159.06
2159.06
2159.06
2159.06
2159.06
2159.06
2159.06
2159.06
2159.06
1457.00
1457.00
1457.00
1457.00
2036.22
2036.22
2036.22
2036.22
915.70
915.70
1656.75
1656.75
2178.92
2178.92
141.14
141.14
1159.62
1159.62
670.29
670.29
1812.36
1812.36
1812.36
1812.36
1812.36
1812.36
1812.36
1812.36
1812.36
1812.36
1812.36
1812.36
1812.36
1812.36
1812.36
1812.36
1812.36
1812.36
1812.36
1812.36
2012.33
2012.33
1995.79
1995.79
1995.79
1995.79
1793.06
1793.06
1529.11
1529.11
1488.49
1488.49
1981.31
1981.31
2644.65
2644.65
1028.60
1028.60
1493.31
1493.31
1493.31
1493.31
1493.31
1493.31
1493.31
1493.31
1493.31
1493.31
1493.31
1493.31
1493.31
1493.31
1493.31
1493.31
1493.31
1493.31
1493.31
1493.31
1493.31
1493.31
1493.31
1493.31
1493.31
1493.31
1493.31
1493.31
1526.03
1526.03
1526.03
1526.03
1526.03
1526.03
1526.03
1526.03
1526.03
1526.03
1526.03
1526.03
1526.03
1526.03
1526.03
1526.03
1526.03
1526.03
1526.03
1526.03
1526.03
1526.03
1526.03
1526.03
1526.03
1526.03
1526.03
1526.03
1526.03
1526.03
1526.03
1526.03
1526.03
1526.03
1526.03
1526.03
1526.03
1526.03
198.29
198.29
384.26
384.26
346.31
346.31
399.96
399.96
499.75
499.75
608.36
608.36
364.62
364.62
341.08
341.08
370.33
370.33
370.33
370.33
370.33
370.33
370.33
370.33
789.66
789.66
789.66
789.66
729.16
729.16
568.80
568.80
568.80
568.80
624.47
624.47
756.47
756.47
761.81
761.81
761.81
761.81
1180.92
1180.92
1174.29
1174.29
1424.87
1424.87
1261.98
1261.98
1388.56
1388.56
789.85
789.85
789.85
789.85
1339.85
1339.85
1655.27
1655.27
1155.89
1155.89
1392.44
1392.44
1024.93
1024.93
1592.69
1592.69
1330.62
1330.62
1330.62
1330.62
1930.39
1930.39
1930.39
1930.39
1696.13
1696.13
1696.13
1696.13
1696.13
1696.13
2014.02
2014.02
2014.02
2014.02
1963.13
1963.13
1963.13
1963.13
1963.13
1963.13
1844.72
1844.72
1844.72
1844.72
1952.77
1952.77
1952.77
1952.77
1952.77
1952.77
2036.37
2036.37
1000.73
1000.73
1143.93
1143.93
1143.93
1143.93
1143.93
1143.93
1483.78
1483.78
1483.78
1483.78
1519.57
1519.57
1465.82
1465.82
1414.54
1414.54
168.83
168.83
1230.01
1230.01
1087.62
1087.62
1422.81
1422.81
1606.67
1606.67
1606.67
1606.67
906.09
906.09
906.09
906.09
1556.73
1556.73
1556.73
1556.73
1483.13
1483.13
1611.20
1611.20
1663.06
1663.06
1892.60
1892.60
1681.08
1681.08
1681.08
1681.08
1901.48
1901.48
1474.84
1474.84
1655.78
1655.78
1901.78
1901.78
1708.62
1708.62
1913.79
1913.79
70.67
70.67
1076.70
1076.70
1778.77
1778.77
1868.59
1868.59
1868.59
1868.59
1829.69
1829.69
1651.16
1651.16
1651.16
1651.16
989.17
989.17
989.17
989.17
1505.48
1505.48
1036.79
1036.79
2041.35
2041.35
2041.35
2041.35
2041.35
2699.10
3179.92
3179.92
1521.34
1521.34
4222.19
4222.19
4523.58
4523.58
4273.57
4273.57
4485.34
4485.34
5203.56
5203.56
5203.56
5203.56
5203.56
5203.56
5203.56
5203.56
5203.56
5203.56
5203.56
5203.56
5203.56
5203.56
5203.56
5203.56
5203.56
5203.56
5203.56
5203.56
5203.56
5203.56
5203.56
5203.56
3275.22
3275.22
5002.36
5002.36
4010.47
4010.47
5215.74
5215.74
5442.94
5442.94
4923.75
4923.75
33.35
33.35
1123.59
1123.59
1689.67
1689.67
1689.67
1689.67
1689.67
1689.67
1689.67
1689.67
1689.67
1689.67
1802.55
1802.55
1802.55
1802.55
1802.55
1802.55
1802.55
1802.55
1802.55
1802.55
1802.55
1802.55
1802.55
1802.55
1802.55
1802.55
1802.55
1802.55
1802.55
1802.55
1802.55
1802.55
1802.55
1802.55
58.19
58.19
216.37
216.37
326.29
326.29
487.06
487.06
651.86
651.86
656.89
656.89
763.60
763.60
1152.90
1152.90
147.21
147.21
451.01
451.01
1249.81
1249.81
1249.81
1249.81
840.13
840.13
840.13
840.13
840.13
840.13
812.94
812.94
812.94
812.94
1571.62
1571.62
1321.82
1321.82
949.78
949.78
1450.57
1450.57
1450.57
1450.57
1296.65
1296.65
1296.65
1296.65
1697.67
1697.67
1606.46
1606.46
1606.46
1606.46
1547.98
1547.98
1547.98
1547.98
1021.39
1021.39
1021.39
1021.39
1021.39
1021.39
1405.63
1405.63
2496.13
2496.13
1696.32
1696.32
1696.32
1696.32
1696.32
2425.87
2425.87
3936.37
3936.37
4008.63
4008.63
4762.07
4762.07
4009.69
4009.69
4009.69
4009.69
5825.97
5825.97
5841.72
5841.72
6101.91
6101.91
5163.73
5163.73
5163.73
5163.73
5163.73
5163.73
5163.73
5163.73
5163.73
5163.73
5163.73
5163.73
5163.73
5163.73
5163.73
5163.73
3926.66
3926.66
5870.67
5870.67
5870.67
5870.67
5870.67
5870.67
4465.58
4465.58
4465.58
4465.58
4465.58
4465.58
4465.58
4465.58
4465.58
4465.58
4465.58
4465.58
4465.58
4465.58
1842.20
1842.20
4392.76
4392.76
3403.36
3403.36
3403.36
3403.36
5144.95
5144.95
3886.17
3886.17
4124.88
4124.88
4124.88
4124.88
1852.35
1852.35
1531.13
1531.13
1531.13
1531.13
1531.13
1531.13
1531.13
1531.13
1531.13
1531.13
1531.13
1531.13
1531.13
1531.13
2867.10
2867.10
2867.10
2867.10
2867.10
2867.10
2867.10
2867.10
2867.10
2867.10
2867.10
2867.10
2867.10
2867.10
2867.10
2867.10
2867.10
2867.10
2867.10
2867.10
2867.10
2867.10
2867.10
2867.10
2867.10
2867.10
34.47
34.47
226.42
226.42
482.35
482.35
853.18
853.18
743.69
743.69
958.51
958.51
1242.43
1242.43
1649.00
1649.00
1828.79
1828.79
1828.79
1828.79
1748.62
1748.62
1814.10
1814.10
1355.54
1355.54
2168.71
2168.71
2168.71
2168.71
1027.17
1027.17
1027.17
1027.17
1027.17
1027.17
1412.73
1412.73
1412.73
1412.73
1319.67
1319.67
1319.67
1319.67
1319.67
1319.67
1950.08
1950.08
1989.79
1989.79
2017.01
2017.01
2017.01
2017.01
1961.67
1961.67
1429.57
1429.57
1883.06
1883.06
1953.75
1953.75
1953.75
1953.75
1785.41
1785.41
1785.41
1785.41
1785.41
1785.41
2020.63
2020.63
2020.63
2020.63
2020.63
2020.63
2020.63
2020.63
2117.02
2117.02
992.32
992.32
992.32
992.32
992.32
992.32
1335.04
1335.04
1759.78
1759.78
1925.22
1925.22
1921.62
1921.62
2599.15
2599.15
2739.05
2739.05
2739.05
2739.05
2739.05
2739.05
2739.05
2739.05
2739.05
2739.05
2739.05
2739.05
2739.05
2739.05
2739.05
2739.05
2739.05
2739.05
2739.05
2739.05
2739.05
2739.05
2739.05
2739.05
2739.05
2739.05
2739.05
2739.05
2739.05
2739.05
2739.05
2739.05
2739.05
2739.05
2739.05
2739.05
2739.05
2739.05
2739.05
2739.05
2739.05
2739.05
1767.54
1767.54
1767.54
1767.54
1126.29
1126.29
1126.29
1126.29
1672.09
1672.09
1672.09
1672.09
1793.70
1793.70
1703.73
1703.73
1703.73
1703.73
1069.44
1069.44
1069.44
1069.44
1005.60
1005.60
1005.60
1005.60
1005.60
1005.60
1005.60
1005.60
1005.60
1005.60
1809.74
1809.74
1809.74
1809.74
1809.74
1809.74
1809.74
1809.74
1809.74
1809.74
1809.74
1809.74
1633.94
1633.94
1682.33
1682.33
1026.54
1026.54
1836.86
1836.86
1836.86
1836.86
1836.86
1836.86
1836.86
1836.86
1836.86
1836.86
1983.13
1983.13
1983.13
1983.13
1983.13
1983.13
1353.99
1353.99
1353.99
1353.99
1353.99
1353.99
2018.59
2018.59
1802.98
1802.98
1622.70
1622.70
1622.70
1622.70
2037.70
2037.70
2037.70
2037.70
2102.00
2102.00
1927.84
1927.84
30.85
30.85
2116.43
2116.43
2116.43
2116.43
2121.35
2121.35
2216.40
2216.40
2312.64
2312.64
2312.64
2312.64
2312.64
2312.64
2312.64
2312.64
2312.64
2312.64
1582.62
1582.62
1582.62
1582.62
1582.62
1582.62
2495.46
2495.46
2495.46
2495.46
2495.46
2495.46
2379.62
2379.62
463.23
463.23
1081.63
1081.63
1081.63
1081.63
1129.30
1129.30
1183.34
1183.34
2025.66
2025.66
469.80
469.80
2321.11
2321.11
2321.11
455.21
1827.91
1827.91
3634.69
3634.69
4323.13
4323.13
4323.13
4323.13
4323.13
4323.13
4323.13
4323.13
4323.13
4323.13
4323.13
4323.13
4323.13
4323.13
4323.13
4323.13
4323.13
4323.13
4323.13
4323.13
4323.13
4323.13
4323.13
4323.13
4323.13
4323.13
4323.13
4323.13
4323.13
4323.13
2204.13
2204.13
3428.95
3428.95
3428.95
3428.95
3428.95
3428.95
3428.95
3428.95
3428.95
3428.95
3428.95
3428.95
3428.95
31.67
31.67
456.34
504.26
504.26
476.94
476.94
441.53
441.53
389.43
389.43
972.67
972.67
972.67
972.67
1237.71
1237.71
1508.74
1508.74
684.37
684.37
832.19
832.19
832.19
832.19
1291.20
1291.20
1389.04
1389.04
1389.04
1389.04
2660.43
2660.43
2660.43
2660.43
2660.43
2660.43
2660.43
2660.43
2660.43
2660.43
2660.43
2660.43
2660.43
2660.43
2660.43
2660.43
2660.43
2660.43
2660.43
2660.43
2660.43
2660.43
2660.43
2660.43
2660.43
2660.43
2660.43
2660.43
2660.43
2660.43
2660.43
2660.43
2660.43
2660.43
2660.43
2660.43
2660.43
2660.43
2660.43
2660.43
2660.43
2660.43
2660.43
2660.43
2660.43
2660.43
2660.43
2660.43
2660.43
2660.43
2660.43
2660.43
2660.43
2660.43
2660.43
2660.43
2660.43
2660.43
2660.43
2660.43
2660.43
2660.43
2660.43
2660.43
2660.43
2660.43
29.60
29.60
90.36
90.36
263.77
263.77
389.66
389.66
508.31
508.31
474.19
474.19
553.08
553.08
799.71
799.71
766.49
766.49
990.84
990.84
849.24
849.24
849.24
849.24
911.43
911.43
1155.76
1155.76
1443.38
1443.38
1443.38
1443.38
1443.38
1443.38
1583.32
1583.32
1583.32
1583.32
1144.74
1144.74
1144.74
1144.74
1678.42
1678.42
1678.42
1678.42
1678.42
1678.42
108.20
108.20
474.36
474.36
1754.67
1754.67
1754.67
1754.67
1754.67
1754.67
1754.67
1754.67
1754.67
1754.67
1754.67
1754.67
1754.67
1754.67
1499.01
1499.01
32.13
32.13
1447.50
1447.50
1447.50
1447.50
1447.50
1447.50
1315.57
1315.57
1315.57
1315.57
1315.57
1315.57
1516.93
1516.93
1516.93
1516.93
895.31
895.31
895.31
895.31
927.65
927.65
927.65
927.65
927.65
927.65
1643.50
1643.50
1643.50
1643.50
1643.50
1643.50
1643.50
1643.50
1643.50
1643.50
1643.50
1643.50
1643.50
1643.50
1643.50
1643.50
1643.50
1643.50
1738.65
1738.65
1738.65
1738.65
1738.65
1738.65
1520.01
1520.01
1520.01
1520.01
1443.75
1443.75
1443.75
1443.75
1443.75
1443.75
1822.41
1822.41
1822.41
1822.41
1742.80
1742.80
1742.80
1742.80
2001.35
2001.35
2018.17
2018.17
2018.17
2018.17
2156.90
2156.90
2156.90
2156.90
2156.90
2156.90
2156.90
2156.90
2156.90
2156.90
2156.90
2156.90
2156.90
2156.90
1629.87
1629.87
2046.55
2046.55
1826.40
1826.40
2001.41
2001.41
2122.77
2122.77
1351.07
1351.07
1897.49
1897.49
1926.40
1926.40
1926.40
1926.40
1926.40
1926.40
1829.76
1829.76
1829.76
1829.76
1829.76
1829.76
1829.76
1829.76
1113.39
1113.39
38.10
38.10
1045.76
1045.76
1922.71
1922.71
1922.71
1922.71
1978.02
1978.02
1978.02
1978.02
1978.02
1978.02
1978.02
1978.02
1514.99
1514.99
1987.78
1987.78
1987.78
1987.78
1924.58
1924.58
1480.53
1480.53
1931.54
1931.54
1430.86
1430.86
1473.87
1473.87
2029.78
2029.78
1925.89
1925.89
1925.89
1925.89
1433.58
1433.58
1433.58
1433.58
1964.29
1964.29
1964.29
1362.72
2100.97
2100.97
2100.97
2100.97
2100.97
2100.97
2100.97
2100.97
2100.97
2100.97
2104.18
2104.18
2157.49
2157.49
2157.49
2195.03
2195.03
2195.03
2124.28
2124.28
2124.28
2124.28
2124.28
2124.28
2124.28
2124.28
2124.28
2124.28
1521.90
1521.90
1521.90
1521.90
1521.90
1521.90
1521.90
1521.90
1521.90
1521.90
1521.90
1521.90
2434.03
2434.03
185.14
185.14
2178.31
2178.31
2178.31
2178.31
1782.95
1782.95
1637.55
1637.55
1637.55
1637.55
1967.19
1967.19
177.62
177.62
1761.42
1761.42
1761.42
1761.42
1986.23
1986.23
2021.85
2021.85
1921.58
1921.58
1916.59
1916.59
1916.59
1916.59
1987.87
1987.87
1987.87
1987.87
1987.87
1987.87
1921.42
1921.42
2057.95
2057.95
2036.13
2036.13
2036.13
2036.13
1876.29
1876.29
1583.42
1583.42
1583.42
1583.42
2053.50
2053.50
2053.50
2053.50
1952.07
1952.07
1618.68
1618.68
2238.02
2238.02
1928.72
1928.72
2218.47
2218.47
1616.34
1616.34
2219.96
2219.96
2219.96
2219.96
1923.12
1923.12
1923.12
1923.12
1908.67
1908.67
1908.67
1908.67
2151.92
2151.92
2151.92
2151.92
2151.92
2151.92
2151.92
2151.92
2151.92
2151.92
2357.03
2357.03
2357.03
2357.03
2345.82
2345.82
2423.05
2423.05
2423.05
2423.05
2341.03
2341.03
2341.03
2341.03
2314.07
2314.07
2314.07
2314.07
2314.07
2314.07
2453.54
2453.54
2453.54
2453.54
736.52
736.52
736.52
736.52
1293.13
1293.13
2377.03
2377.03
2219.06
2219.06
2219.06
2219.06
2219.06
2219.06
2109.74
2109.74
2109.74
2109.74
2235.58
2235.58
2414.15
2414.15
2414.15
2414.15
1805.15
1805.15
28.94
28.94
1980.93
1980.93
2641.30
2641.30
2496.97
2496.97
2496.97
2496.97
2496.97
2496.97
2496.97
2496.97
2496.97
2496.97
2496.97
2496.97
2496.97
2496.97
2496.97
2496.97
2496.97
2496.97
2496.97
2496.97
2062.08
2062.08
2029.61
2029.61
2006.81
2006.81
2153.25
2153.25
2104.07
2104.07
1274.35
1274.35
1297.51
1297.51
1297.51
1297.51
1297.51
1297.51
1297.51
1297.51
1297.51
1297.51
1297.51
1297.51
1297.51
1297.51
2430.33
2430.33
2430.33
2430.33
2446.76
2446.76
1710.95
1710.95
1173.11
1173.11
1890.25
1890.25
1890.25
1890.25
1890.25
1890.25
1890.25
1890.25
1890.25
1453.64
1453.64
1453.64
1453.64
1990.17
1990.17
185.55
185.55
2004.32
2004.32
1780.39
1780.39
1043.68
1043.68
1998.05
1998.05
1998.05
1998.05
1361.77
1361.77
1361.77
1361.77
2195.34
2195.34
898.15
898.15
1215.69
1215.69
1137.96
1137.96
1137.96
1137.96
1137.96
1137.96
2325.59
2325.59
2325.59
2325.59
2137.18
2137.18
2137.18
2137.18
2137.18
2137.18
2250.58
2250.58
1909.61
1909.61
1909.61
1909.61
1909.61
1909.61
1909.61
1909.61
1909.61
1909.61
1909.61
1909.61
1028.85
1028.85
1296.36
1296.36
1459.22
1459.22
1632.71
1632.71
1157.01
1157.01
1521.42
1521.42
1521.42
1521.42
1786.09
1786.09
1786.09
1786.09
1689.74
1689.74
1689.74
1689.74
1689.74
1689.74
1097.05
1097.05
1732.47
1732.47
3524.38
3524.38
2485.53
2485.53
4444.66
4444.66
4444.66
4444.66
4444.66
4444.66
4444.66
4444.66
795.18
795.18
1290.18
1290.18
1290.18
1290.18
1290.18
1290.18
1290.18
1290.18
1290.18
1290.18
10.00
10.00
55.10
55.10
68.25
68.25
20.78
20.78
134.70
134.70
256.40
256.40
304.59
304.59
504.35
504.35
430.08
430.08
263.93
263.93
491.49
491.49
580.94
580.94
172.74
172.74
513.50
513.50
509.52
509.52
709.33
709.33
799.43
799.43
937.90
937.90
940.78
940.78
1155.04
1155.04
1155.04
1155.04
1155.04
1155.04
869.69
869.69
869.69
869.69
1250.69
1250.69
417.20
417.20
636.69
636.69
1304.87
1304.87
1304.87
1304.87
14.13
14.13
360.94
360.94
1582.11
1582.11
1582.11
1582.11
1582.11
1582.11
855.11
855.11
855.11
855.11
1554.87
1554.87
1554.87
1554.87
1554.87
1554.87
1554.87
1554.87
1554.87
1554.87
406.73
406.73
1076.13
1076.13
1076.13
1076.13
1076.13
1076.13
1397.29
1397.29
1378.30
1378.30
687.06
687.06
1541.23
1541.23
1779.96
1779.96
1984.08
1984.08
1646.31
1646.31
1646.31
1646.31
1838.93
1838.93
372.20
372.20
508.49
508.49
243.66
243.66
1139.66
1139.66
1199.89
1199.89
843.81
843.81
1623.91
1623.91
2257.55
2257.55
4047.10
4047.10
5094.07
5094.07
4899.84
4899.84
4899.84
4899.84
4899.84
4899.84
4899.84
4899.84
4899.84
4899.84
4899.84
4899.84
4899.84
4899.84
4899.84
4899.84
4899.84
4899.84
4899.84
4899.84
4899.84
4630.66
4630.66
4668.53
4668.53
4363.05
4363.05
4561.13
4561.13
2589.74
2589.74
495.16
495.16
495.16
495.16
1066.40
1066.40
1066.40
1066.40
1066.40
1066.40
1742.52
1742.52
1742.52
1742.52
1742.52
1742.52
2338.84
2338.84
2338.84
2338.84
2338.84
2338.84
2338.84
2338.84
2338.84
2338.84
2338.84
2338.84
2338.84
2338.84
2338.84
2338.84
2338.84
2338.84
2338.84
2338.84
2338.84
2338.84
2338.84
2338.84
2338.84
2338.84
2338.84
2338.84
2338.84
2338.84
2338.84
2338.84
2338.84
2338.84
2338.84
2338.84
2338.84
2338.84
2338.84
2338.84
2338.84
2338.84
2338.84
2338.84
2338.84
2338.84
2338.84
2338.84
2565.08
2565.08
2565.08
2565.08
2565.08
2565.08
2565.08
2565.08
2565.08
2565.08
2565.08
2565.08
2565.08
2565.08
2565.08
2565.08
2565.08
2565.08
2565.08
2565.08
2565.08
2565.08
2565.08
2565.08
2565.08
2565.08
2565.08
2565.08
2565.08
2565.08
2565.08
2565.08
2565.08
2565.08
2565.08
2565.08
2565.08
2565.08
2565.08
2565.08
2565.08
2565.08
2565.08
2565.08
2565.08
2565.08
2565.08
2565.08
2686.98
2686.98
2686.98
2686.98
2686.98
2686.98
2686.98
2686.98
2686.98
2686.98
2686.98
2686.98
2686.98
2686.98
2686.98
2686.98
2686.98
2686.98
2686.98
2686.98
2686.98
2686.98
2686.98
2686.98
2686.98
2686.98
2686.98
2686.98
2686.98
2686.98
2686.98
2686.98
2686.98
2686.98
2686.98
2686.98
2686.98
2686.98
2686.98
2686.98
2686.98
2686.98
2686.98
2686.98
2686.98
2686.98
2686.98
2686.98
2686.98
2686.98
2686.98
2686.98
10.00
10.00
211.85
211.85
479.69
479.69
521.66
521.66
408.07
408.07
1141.96
1141.96
934.71
934.71
979.35
979.35
1355.73
1355.73
1278.42
1278.42
849.22
849.22
849.22
849.22
1586.23
1586.23
1586.23
1586.23
1586.23
1586.23
1586.23
1586.23
1586.23
1586.23
1606.11
1606.11
980.87
980.87
980.87
980.87
980.87
980.87
980.87
980.87
1632.51
1632.51
1877.84
1877.84
1877.84
1877.84
1877.84
1877.84
1877.84
1877.84
1573.38
1573.38
1820.98
1820.98
1820.98
1820.98
865.90
865.90
998.94
998.94
2935.72
2935.72
3036.97
3036.97
3473.65
3473.65
3473.65
3473.65
2086.31
2086.31
2722.94
2722.94
2740.56
2740.56
2740.56
2740.56
4171.16
4171.16
4623.51
4623.51
1620.83
1620.83
5203.45
5203.45
3289.32
3289.32
4342.12
4342.12
4342.12
4342.12
4342.12
4342.12
4342.12
4342.12
4342.12
4342.12
4342.12
4342.12
4342.12
4342.12
4342.12
4342.12
4342.12
4342.12
4342.12
4342.12
4342.12
4342.12
5113.62
5113.62
5009.57
5009.57
5596.03
5596.03
5596.03
5596.03
5596.03
5596.03
5596.03
5596.03
5596.03
5596.03
5596.03
5596.03
5596.03
5596.03
5596.03
5596.03
5596.03
5596.03
5529.59
5529.59
3594.17
3594.17
3594.17
3594.17
3594.17
3594.17
3594.17
3594.17
3594.17
3594.17
3594.17
3594.17
3594.17
3594.17
3594.17
3594.17
3594.17
3594.17
3594.17
3594.17
4161.22
4161.22
4831.36
4831.36
5189.29
5189.29
6929.03
6929.03
6213.24
6213.24
8056.75
8056.75
8056.75
8056.75
44.34
44.34
2691.14
2691.14
2968.71
2968.71
2968.71
2968.71
2968.71
2968.71
2968.71
2968.71
2968.71
2968.71
7777.28
7777.28
4859.56
4859.56
4859.56
4859.56
4859.56
1850.97
2800.87
2800.87
3832.98
3832.98
3832.98
3832.98
3832.98
3832.98
3933.98
3933.98
3933.98
3933.98
2311.80
2311.80
2311.80
2311.80
2311.80
2311.80
1453.10
1453.10
1453.10
1453.10
1453.10
1453.10
37.55
37.55
105.49
105.49
792.73
792.73
792.73
906.10
1047.49
1047.49
1252.16
1252.16
1009.11
1009.11
1116.54
1116.54
1116.54
1116.54
987.05
987.05
987.05
987.05
987.05
987.05
1445.20
1445.20
1445.20
1445.20
1067.89
1067.89
1067.89
1067.89
1067.89
1067.89
1103.89
1103.89
1103.89
1103.89
1103.89
1069.42
1069.42
1069.42
1372.77
1372.77
1387.04
1387.04
1387.01
1387.01
1415.40
1415.40
1397.91
1397.91
1375.37
1375.37
786.05
786.05
786.05
1318.47
1058.82
1058.82
1202.60
1202.60
1270.60
1270.60
1482.29
1482.29
1511.23
1511.23
1511.23
1511.23
1511.23
1851.20
3275.67
3275.67
5089.29
5089.29
4315.61
4315.61
4315.61
4315.61
4315.61
4315.61
4315.61
4315.61
4315.61
4315.61
4315.61
4315.61
4315.61
4315.61
4315.61
4315.61
4315.61
109.19
109.19
292.74
292.74
643.63
643.63
580.55
580.55
580.55
659.52
659.52
659.52
882.39
882.39
1010.17
1010.17
758.13
758.13
1066.88
1066.88
1028.11
1028.11
1315.06
1315.06
1315.06
1315.06
1315.06
1315.06
1180.04
1180.04
1417.55
1417.55
1417.55
1417.55
1417.55
1417.55
1417.55
1417.55
1417.55
1417.55
1397.75
1397.75
1494.80
1494.80
2535.51
2535.51
2535.51
2535.51
2535.51
2535.51
323.17
323.17
3721.70
3721.70
4328.40
4328.40
5391.14
5391.14
5391.14
5391.14
6201.36
6201.36
1438.60
1438.60
5694.34
5694.34
5694.34
5694.34
5694.34
5694.34
5694.34
5694.34
2109.60
2109.60
2109.60
2109.60
2109.60
2109.60
2109.60
2109.60
2109.60
2109.60
5846.64
5846.64
5846.64
5846.64
4171.94
4171.94
4171.94
6106.32
6106.32
6106.32
6106.32
6106.32
6106.32
6106.32
6106.32
6106.32
6106.32
6106.32
6106.32
6106.32
6106.32
6106.32
6106.32
6106.32
6106.32
6106.32
5148.10
5148.10
11.75
11.75
5746.41
5746.41
6075.34
6075.34
7823.97
7823.97
7823.97
7823.97
7823.97
7823.97
7823.97
7823.97
7823.97
7823.97
7823.97
7823.97
7823.97
7823.97
7823.97
7823.97
7823.97
7823.97
6525.46
6525.46
6525.46
7341.51
2679.72
2679.72
5128.68
5128.68
4615.31
4615.31
4615.31
7106.49
7106.49
7106.49
7106.49
7106.49
7106.49
7106.49
7106.49
7106.49
7106.49
7106.49
7106.49
7106.49
32.53
32.53
762.82
762.82
1433.09
1433.09
1828.03
1828.03
1581.43
1581.43
3455.79
3455.79
4191.68
4191.68
2446.16
2446.16
2446.16
4032.70
4032.70
4032.70
4032.70
4032.70
4032.70
4032.70
4032.70
4032.70
4032.70
4032.70
4032.70
4032.70
4032.70
4032.70
4032.70
4032.70
4032.70
4032.70
4032.70
4032.70
4032.70
4032.70
4032.70
4032.70
4032.70
4032.70
4032.70
4032.70
4032.70
4032.70
4032.70
4032.70
4032.70
4032.70
4032.70
4032.70
2182.42
2182.42
1948.37
1948.37
5420.52
5420.52
6000.65
6000.65
6000.65
6000.65
6000.65
6000.65
6000.65
6000.65
6000.65
6000.65
6000.65
6000.65
6000.65
6000.65
6000.65
6000.65
6000.65
6000.65
6000.65
6000.65
6000.65
6000.65
6000.65
4477.20
1447.83
1447.83
1904.02
1904.02
1904.02
1904.02
4227.56
4227.56
4227.56
4227.56
4227.56
4227.56
4227.56
4227.56
4227.56
4227.56
4227.56
4227.56
4227.56
4227.56
4227.56
4227.56
4227.56
4227.56
4227.56
4227.56
4527.67
4527.67
4682.37
4682.37
4682.37
2247.99
2247.99
2247.99
2247.99
2247.99
2247.99
2247.99
2247.99
2247.99
2247.99
2247.99
2247.99
2247.99
2247.99
61.00
61.00
117.40
117.40
161.83
161.83
420.45
420.45
394.88
394.88
724.99
724.99
1019.00
1019.00
875.44
875.44
1016.40
1016.40
1018.82
1018.82
1429.72
1429.72
1529.08
1529.08
1776.90
1776.90
1493.03
1493.03
1713.42
1713.42
1316.70
1316.70
1316.70
1316.70
1316.70
1316.70
1316.70
1316.70
1946.68
1946.68
1946.68
1946.68
1946.68
1946.68
1505.29
1505.29
2042.05
2042.05
2157.55
2157.55
2151.32
2151.32
2151.32
2151.32
2262.94
2262.94
2262.94
2262.94
2232.10
2232.10
2232.10
2232.10
1606.90
1606.90
1606.90
1606.90
1606.90
1606.90
2236.66
2236.66
2236.66
2236.66
1916.15
1916.15
1916.15
1916.15
1916.15
1916.15
2361.03
2361.03
2361.03
2361.03
2018.17
2018.17
1780.58
1780.58
1780.58
1780.58
1780.58
1780.58
1780.58
1780.58
2181.22
2181.22
2181.22
2181.22
2433.05
2433.05
2433.05
2433.05
2433.05
2433.05
1944.50
1944.50
1944.50
1944.50
1944.50
1944.50
1944.50
1944.50
1944.50
1944.50
1944.50
1944.50
1944.50
1944.50
1944.50
1944.50
291.28
291.28
194.68
194.68
112.39
112.39
209.53
209.53
361.05
361.05
662.72
662.72
676.36
676.36
815.41
815.41
925.27
925.27
989.80
989.80
405.89
405.89
427.29
427.29
932.29
932.29
1835.50
1835.50
1835.50
1835.50
1835.50
1835.50
49.83
49.83
49.83
268.20
614.40
614.40
356.04
356.04
2983.98
2983.98
3246.21
3246.21
5223.63
5223.63
5778.05
5778.05
4598.54
4598.54
6097.69
6097.69
6203.51
6203.51
6203.51
6203.51
6203.51
6203.51
6203.51
6203.51
5007.04
5007.04
97.56
97.56
6799.85
6799.85
6132.53
6132.53
6132.53
6132.53
6132.53
6132.53
6132.53
6132.53
7188.74
7188.74
7188.74
7188.74
1269.52
1269.52
1625.27
1625.27
1876.34
1876.34
2258.42
2258.42
4253.24
4253.24
4253.24
4253.24
4253.24
4253.24
4253.24
4253.24
4253.24
4253.24
4253.24
4253.24
4253.24
4253.24
4253.24
4253.24
4253.24
4253.24
2708.75
2708.75
2708.75
2708.75
2708.75
2708.75
2104.94
2104.94
2104.94
2104.94
2104.94
2104.94
2104.94
2104.94
2104.94
2104.94
2104.94
2104.94
1572.75
1572.75
2465.94
2465.94
2465.94
2465.94
2465.94
2465.94
2136.44
2136.44
2136.44
2136.44
2136.44
2136.44
2136.44
2136.44
32.71
32.71
198.44
198.44
1038.52
1038.52
1038.52
1038.52
1274.18
1274.18
1274.18
1274.18
1274.18
1274.18
2645.71
2645.71
2418.73
2418.73
2570.59
2570.59
2570.59
2104.54
2104.54
2104.54
2104.54
2104.54
2104.54
2104.54
2104.54
2104.54
2104.54
2104.54
2104.54
2104.54
2104.54
2104.54
2104.54
2104.54
2104.54
75.59
75.59
44.09
44.09
145.50
145.50
190.06
277.25
277.25
194.96
194.96
362.63
362.63
602.91
602.91
606.01
606.01
760.23
760.23
829.57
829.57
949.72
949.72
446.48
446.48
1005.16
1005.16
1056.08
1056.08
997.64
997.64
1401.87
1401.87
1401.87
1401.87
1401.87
1401.87
731.45
731.45
731.45
731.45
1401.15
1401.15
1208.33
1208.33
1577.76
1577.76
1577.76
1577.76
1577.76
1577.76
1561.92
1561.92
1561.92
1561.92
1535.40
1535.40
1535.40
1535.40
1637.42
1637.42
1711.53
1711.53
1711.53
1711.53
1769.55
1769.55
1499.14
1499.14
1261.43
1261.43
1778.61
1778.61
1778.61
1778.61
1730.38
1730.38
1910.04
1910.04
1884.17
1884.17
1880.63
1880.63
873.10
873.10
1479.97
1479.97
1479.97
1479.97
1922.54
1922.54
1922.54
1922.54
1256.62
1256.62
828.85
828.85
831.17
831.17
831.17
831.17
831.17
831.17
1950.19
1950.19
1687.47
1687.47
1687.47
1687.47
1687.47
1687.47
1687.47
1687.47
3453.01
3453.01
3851.59
3851.59
3851.59
3851.59
3851.59
3851.59
3851.59
3851.59
1215.80
1215.80
1215.80
4822.41
4822.41
240.81
240.81
1341.17
1341.17
1341.17
1409.69
1409.69
1409.69
1409.69
1409.69
1706.88
1706.88
1706.88
1706.88
1706.88
2118.42
2118.42
2118.42
2118.42
2118.42
2118.42
2118.42
2118.42
2118.42
2118.42
2118.42
2118.42
2118.42
2118.42
2118.42
2118.42
2118.42
2712.70
2712.70
2712.70
2712.70
2712.70
2712.70
2712.70
2712.70
2712.70
2712.70
2712.70
2712.70
2712.70
2712.70
2712.70
2712.70
2712.70
2712.70
2712.70
2712.70
2712.70
2712.70
2712.70
2712.70
2712.70
2712.70
2712.70
2712.70
2712.70
2712.70
2712.70
2712.70
2712.70
2712.70
2712.70
2712.70
2712.70
2712.70
2712.70
2712.70
2712.70
2712.70
2712.70
2712.70
2712.70
2712.70
2712.70
2712.70
2712.70
2712.70
2712.70
2712.70
2712.70
2712.70
2712.70
2712.70
2712.70
2712.70
2712.70
2712.70
5005.76
5005.76
2082.96
2082.96
2082.96
2082.96
2082.96
2082.96
2082.96
2082.96
2082.96
2082.96
2082.96
2082.96
2082.96
2082.96
2082.96
2082.96
2224.93
2224.93
1910.29
1910.29
1910.29
1910.29
1910.29
1910.29
1478.46
1478.46
1478.46
1478.46
3524.70
3524.70
4102.69
4102.69
4102.69
4102.69
4102.69
4102.69
4102.69
4102.69
4102.69
4102.69
4102.69
4102.69
4102.69
4102.69
4102.69
4102.69
4102.69
4102.69
4102.69
4102.69
4102.69
4102.69
5488.67
5488.67
5550.58
5550.58
1209.32
1209.32
1209.32
1209.32
2385.37
2385.37
2385.37
2385.37
2385.37
2385.37
2385.37
2385.37
2385.37
2385.37
2385.37
2385.37
5259.68
5259.68
5059.46
5059.46
6559.55
6559.55
6561.56
6561.56
4186.28
4186.28
1804.67
1804.67
1804.67
1804.67
1804.67
1804.67
1804.67
1804.67
1804.67
1804.67
1804.67
1804.67
1804.67
1804.67
1804.67
1804.67
1804.67
1804.67
1804.67
1804.67
1804.67
1804.67
1804.67
1804.67
1804.67
1804.67
1804.67
1804.67
1804.67
1804.67
5158.43
5158.43
5106.69
5106.69
5106.69
5106.69
5106.69
5106.69
5106.69
5106.69
5106.69
5106.69
5106.69
5106.69
5106.69
5106.69
5106.69
5106.69
4997.58
4997.58
4684.88
4684.88
5176.05
5176.05
5188.86
5188.86
4693.97
4693.97
4097.68
4097.68
5190.68
5190.68
5260.95
5260.95
5939.10
5939.10
6865.76
6865.76
6865.76
6865.76
6865.76
6865.76
6865.76
6865.76
6865.76
6865.76
6865.76
6865.76
6865.76
6865.76
6865.76
6865.76
6865.76
6865.76
4474.54
4474.54
4967.30
4967.30
5177.43
5177.43
6650.66
6650.66
4436.29
4436.29
3195.41
3195.41
2355.72
2355.72
5667.47
5667.47
5140.91
5140.91
7351.99
7351.99
7351.99
7351.99
7351.99
7351.99
7351.99
7351.99
7351.99
7351.99
7351.99
7351.99
7351.99
7351.99
211.86
211.86
1103.51
1103.51
1417.35
1417.35
1417.35
2161.62
1340.06
1340.06
2138.71
2138.71
2521.32
2521.32
4072.93
4072.93
4992.86
4992.86
4992.86
4992.86
4769.85
4769.85
4769.85
4769.85
4769.85
4769.85
4769.85
4769.85
4769.85
4769.85
4769.85
4769.85
4769.85
4769.85
3925.32
3925.32
3925.32
3925.32
3925.32
3925.32
5717.67
5717.67
1250.86
1250.86
1763.05
1763.05
1763.05
1763.05
1763.05
1763.05
2130.79
2130.79
2130.79
2130.79
2130.79
2130.79
45.11
45.11
187.84
187.84
763.59
763.59
1015.72
1015.72
447.20
447.20
27.80
27.80
2315.99
2315.99
4554.51
4554.51
4547.67
4547.67
4547.67
4547.67
4547.67
4547.67
4547.67
4547.67
1289.46
1289.46
52.94
52.94
1036.52
1036.52
1036.52
1036.52
1036.52
1036.52
318.85
318.85
325.02
325.02
602.94
602.94
858.92
858.92
920.09
920.09
920.09
920.09
977.11
977.11
1106.11
1106.11
884.34
884.34
1114.90
1114.90
1120.09
1120.09
1000.57
1000.57
1204.94
1204.94
1222.09
1222.09
1243.12
1243.12
1157.62
1157.62
972.76
972.76
1354.93
1354.93
498.55
498.55
1125.25
1125.25
1180.52
1180.52
1286.68
1286.68
1286.68
1286.68
1286.68
1286.68
992.60
992.60
992.60
992.60
1459.93
1459.93
1459.93
1459.93
484.41
484.41
1410.11
1410.11
1410.11
1410.11
1280.96
1280.96
491.05
491.05
1419.89
1419.89
1339.15
1339.15
1409.93
1409.93
2795.93
2795.93
2795.93
2795.93
2795.93
2795.93
2627.13
2627.13
2627.13
2627.13
2627.13
2627.13
3003.53
3003.53
3003.53
3003.53
3003.53
3003.53
3003.53
3003.53
3003.53
3003.53
48.76
48.76
1970.84
1970.84
1970.84
1970.84
1970.84
1970.84
1970.84
1970.84
1970.84
1970.84
1970.84
1970.84
1970.84
1970.84
1180.39
1180.39
1180.39
1180.39
1942.84
1942.84
1942.84
1942.84
1942.84
1942.84
1417.54
1417.54
1417.54
1417.54
1417.54
1417.54
2131.12
2131.12
2094.65
2094.65
2094.65
2094.65
2094.65
2094.65
2094.65
2094.65
2094.65
2094.65
1281.88
1281.88
1281.88
1281.88
1344.70
1344.70
1344.70
1344.70
1344.70
1344.70
1400.14
1400.14
1400.14
1400.14
1107.22
1107.22
1107.22
1107.22
1107.22
1107.22
1107.22
1107.22
1227.64
1227.64
1387.91
1387.91
1387.91
1387.91
1504.56
1504.56
1504.56
1504.56
1548.80
1548.80
1011.17
1011.17
1151.83
1151.83
1300.12
1300.12
1300.12
1300.12
1300.12
1300.12
1300.12
1300.12
1300.12
1300.12
1145.00
1145.00
1226.06
1226.06
1418.01
1418.01
1418.01
1418.01
1418.01
1418.01
371.07
371.07
3198.18
3198.18
2247.00
2247.00
4421.16
4421.16
4421.16
4421.16
4421.16
4421.16
4421.16
4421.16
4421.16
4421.16
100.97
100.97
100.97
100.97
1626.60
1626.60
1626.60
1626.60
1626.60
1626.60
1626.60
1626.60
1626.60
1626.60
1921.83
1921.83
2418.31
2418.31
2418.31
2418.31
2418.31
2418.31
2418.31
2418.31
2418.31
2418.31
2418.31
2418.31
2418.31
2418.31
2418.31
2418.31
2173.85
2173.85
2173.85
2173.85
2588.33
2588.33
2588.33
2588.33
1303.20
1303.20
1303.20
1303.20
1303.20
1303.20
1303.20
1303.20
1303.20
1303.20
1747.19
1747.19
1747.19
1747.19
1747.19
1747.19
1747.19
1747.19
1747.19
1747.19
1747.19
1747.19
1747.19
1747.19
1747.19
1747.19
1747.19
1747.19
1747.19
1747.19
1747.19
1747.19
1747.19
1747.19
1747.19
1747.19
1747.19
1747.19
1989.23
1989.23
1899.66
1899.66
2216.69
2216.69
2022.56
2022.56
2025.17
2025.17
2025.17
2025.17
13.49
13.49
2343.56
2343.56
784.18
784.18
2885.20
2885.20
2885.20
2885.20
2885.20
2885.20
2885.20
2885.20
2885.20
2885.20
3280.99
3280.99
3280.99
3280.99
3280.99
3280.99
3280.99
3280.99
3280.99
3280.99
3280.99
3280.99
3280.99
3280.99
3280.99
3280.99
2832.99
2832.99
2832.99
2832.99
2832.99
2832.99
2832.99
2832.99
2832.99
2832.99
2832.99
2832.99
2832.99
2832.99
2832.99
2832.99
2832.99
2832.99
2832.99
2832.99
2832.99
2832.99
37.50
37.50
111.76
111.76
213.20
213.20
201.10
201.10
237.22
237.22
237.22
237.22
416.76
416.76
612.34
612.34
654.33
654.33
654.33
654.33
654.33
654.33
654.33
135.00
203.22
203.22
536.11
536.11
536.11
536.11
901.59
901.59
901.59
901.59
901.59
901.59
1065.40
1065.40
1065.40
1065.40
1182.87
1182.87
1182.87
1182.87
1182.87
1182.87
775.33
775.33
775.33
775.33
601.48
601.48
601.48
601.48
1334.75
1334.75
1234.01
1234.01
1234.01
1234.01
920.39
920.39
920.39
920.39
1177.54
1177.54
1177.54
1177.54
1177.54
1177.54
1237.70
1237.70
766.73
766.73
1206.56
1206.56
1206.56
1206.56
1206.56
1206.56
1206.56
1206.56
785.41
785.41
1525.03
1525.03
1525.03
1525.03
1566.62
1566.62
1229.32
1229.32
1229.32
1229.32
228.65
228.65
536.21
536.21
667.30
667.30
667.30
667.30
983.08
983.08
968.24
968.24
968.24
968.24
601.53
601.53
601.53
601.53
1038.57
1038.57
1112.75
1112.75
1235.61
1235.61
1357.88
1357.88
1357.88
1357.88
1432.07
1432.07
1323.74
1323.74
1317.28
1317.28
1317.28
1317.28
1317.28
1317.28
1707.81
1707.81
1707.81
1707.81
1791.77
1791.77
1791.77
1791.77
1790.99
1790.99
1790.99
1790.99
1848.56
1848.56
1312.85
1312.85
1312.85
1312.85
1919.77
1919.77
1919.77
1919.77
1919.77
1919.77
1941.21
1941.21
1941.21
1941.21
1090.65
1090.65
1090.65
1090.65
1090.65
1090.65
1090.65
1090.65
1100.05
1100.05
1149.30
1149.30
1154.89
1154.89
1193.23
1193.23
1193.23
1193.23
1193.23
1193.23
917.51
917.51
965.55
965.55
965.55
965.55
1409.55
1409.55
1617.22
1617.22
1617.22
1617.22
1650.52
1650.52
1677.21
1677.21
1677.21
1677.21
2024.61
2024.61
2024.61
2024.61
2024.61
2024.61
1853.56
1853.56
1853.56
1853.56
1853.56
2103.86
2103.86
2103.86
2118.13
2118.13
2118.13
2118.13
2118.13
2118.13
1554.92
1554.92
1554.92
1554.92
1554.92
1554.92
1554.92
1554.92
1554.92
1554.92
2048.36
2048.36
2048.36
2048.36
1995.06
1995.06
1995.06
1995.06
1995.06
1995.06
1995.06
1995.06
1809.90
1809.90
1809.90
1809.90
2361.35
2361.35
2361.35
2361.35
2361.35
2361.35
2785.35
2785.35
2785.35
2785.35
2785.35
2785.35
2785.35
2785.35
2785.35
2785.35
2785.35
2785.35
2785.35
2785.35
2785.35
2785.35
2785.35
2785.35
2785.35
2785.35
2659.49
2659.49
2691.82
2691.82
2691.82
2691.82
2691.82
2691.82
2691.82
2691.82
2691.82
912.03
912.03
757.19
899.82
899.82
899.82
357.13
1521.11
1521.11
1264.25
1264.25
2518.69
2518.69
1491.53
1491.53
1162.28
1162.28
3205.66
3205.66
3205.66
3205.66
3205.66
3205.66
3205.66
3205.66
3205.66
3205.66
4809.52
4809.52
4809.52
4809.52
4809.52
4809.52
4809.52
4809.52
4798.18
4798.18
1587.77
1587.77
2250.13
2250.13
2250.13
2250.13
1592.14
1592.14
1592.14
1592.14
1592.14
1592.14
1592.14
1592.14
1664.02
1664.02
1664.02
1664.02
1664.02
1664.02
2148.21
2148.21
2148.21
2148.21
2148.21
2148.21
2148.21
2148.21
2148.21
2148.21
2148.21
2148.21
2148.21
2148.21
2148.21
2148.21
2148.21
2148.21
2148.21
2148.21
2148.21
2148.21
2148.21
2148.21
2148.21
2148.21
2148.21
2148.21
2148.21
2148.21
2148.21
2148.21
2148.21
2148.21
2148.21
2148.21
2148.21
2148.21
2148.21
2148.21
2148.21
2148.21
2148.21
2148.21
2148.21
2148.21
2148.21
2148.21
2148.21
2148.21
2148.21
2148.21
2148.21
2148.21
2148.21
2148.21
2148.21
2148.21
2148.21
2148.21
2148.21
2148.21
2148.21
2148.21
2148.21
2148.21
2148.21
2148.21
2148.21
2148.21
2148.21
2148.21
2148.21
2148.21
2148.21
2148.21
2148.21
2148.21
2148.21
2148.21
2148.21
2148.21
2148.21
2148.21
2148.21
2148.21
2148.21
2148.21
2148.21
2148.21
2148.21
2148.21
2148.21
2148.21
2148.21
2148.21
2148.21
2148.21
2148.21
2148.21
2148.21
2148.21
2148.21
2148.21
2148.21
2148.21
2148.21
2148.21
2148.21
2148.21
2148.21
2148.21
2148.21
2148.21
2148.21
2148.21
2148.21
2148.21
2148.21
2148.21
2148.21
2148.21
2148.21
2148.21
2148.21
2148.21
2148.21
2148.21
2148.21
2148.21
2148.21
2148.21
2148.21
