# 1Hz Kbps trace generated by import_real_world_traces.py
4168.69
4307.62
4287.92
4145.27
3914.94
3914.94
3914.94
3914.94
3914.94
356.07
356.07
1817.61
1817.61
1817.61
1817.61
1817.61
1817.61
1817.61
1817.61
203.51
203.51
203.51
641.95
809.95
809.95
982.33
982.33
1152.76
1152.76
1218.60
1218.60
1483.51
1483.51
1903.73
1903.73
1682.24
1682.24
1907.62
1907.62
2275.38
2275.38
2314.58
2314.58
2606.41
2606.41
2455.17
2455.17
2844.65
2844.65
3180.16
3180.16
3498.89
3498.89
3503.55
3503.55
3838.22
3838.22
3962.61
3962.61
4211.59
4211.59
4529.10
4529.10
4589.60
4589.60
4577.79
4577.79
4577.79
4577.79
4619.50
4619.50
319.27
319.27
4605.46
4605.46
10.21
10.21
1928.90
1928.90
1928.90
1928.90
2224.68
2224.68
4720.38
4720.38
4720.38
4720.38
4720.38
4720.38
4720.38
4720.38
4720.38
4720.38
3119.38
3119.38
3119.38
3119.38
3119.38
3119.38
3119.38
4698.75
4698.75
10.00
10.00
4022.52
4022.52
5160.42
5160.42
10.00
10.00
2078.30
2078.30
2078.30
2078.30
2155.52
2155.52
3877.28
3877.28
3877.28
3877.28
327.11
327.11
1526.20
1526.20
2181.42
2181.42
2181.42
2181.42
2181.42
2181.42
2181.42
2181.42
2181.42
2181.42
2181.42
2181.42
2181.42
2181.42
2181.42
2181.42
2629.50
2629.50
2629.50
2629.50
2629.50
2629.50
2629.50
2629.50
2629.50
2629.50
2629.50
2629.50
3630.01
3630.01
4196.72
4196.72
4115.19
4115.19
4115.19
4115.19
4115.19
4115.19
4115.19
4115.19
4115.19
4115.19
4115.19
4115.19
3838.44
3838.44
3784.02
3784.02
3784.02
3784.02
3784.02
3784.02
3271.81
3271.81
3271.81
3271.81
3271.81
3271.81
3271.81
3271.81
3271.81
3271.81
3271.81
3271.81
3271.81
3271.81
3271.81
3271.81
3271.81
3271.81
3271.81
3271.81
3271.81
3271.81
3271.81
3271.81
3271.81
3271.81
3271.81
3271.81
3271.81
3271.81
2670.24
2670.24
2885.38
2885.38
10.00
10.00
2903.89
2903.89
3464.49
3464.49
3473.84
3473.84
3349.01
3349.01
3604.16
3604.16
3604.16
3604.16
3604.16
3604.16
3604.16
3604.16
3604.16
3604.16
3604.16
3604.16
3750.03
3750.03
3520.27
3520.27
3840.93
3840.93
3840.93
3840.93
3840.93
3840.93
3840.93
3840.93
678.86
678.86
678.86
678.86
133.21
133.21
636.08
1617.80
1614.11
1614.11
1941.42
1941.42
1857.66
1857.66
1938.25
1938.25
2407.33
2407.33
2341.85
2341.85
2296.37
2296.37
2536.49
2536.49
2487.93
2487.93
2483.97
2483.97
2483.97
2483.97
3239.19
3239.19
3217.96
3217.96
3217.96
3217.96
3168.73
3168.73
3184.08
3184.08
3556.62
3556.62
3388.38
3388.38
3416.69
3416.69
4000.08
4000.08
4282.02
4282.02
4282.02
4282.02
3510.74
3510.74
4750.42
4750.42
5051.97
5051.97
5012.09
5012.09
4026.62
4026.62
4703.57
4703.57
5177.02
5177.02
3315.36
3315.36
5112.45
5112.45
5360.63
5360.63
5360.63
5360.63
3958.07
3958.07
4629.01
4629.01
5121.65
5121.65
5764.48
5764.48
5764.48
5764.48
5210.19
5210.19
5903.16
5903.16
6234.49
6234.49
4678.23
4678.23
4852.74
4852.74
10.00
10.00
6295.11
6295.11
6295.11
6295.11
5388.40
5388.40
4964.33
4964.33
6534.97
6534.97
6642.25
6642.25
3931.62
3931.62
3931.62
3931.62
6235.09
6235.09
6235.09
6235.09
3909.95
3909.95
3909.95
3909.95
5619.24
5619.24
5842.64
5842.64
5842.64
5842.64
272.00
272.00
5351.48
5351.48
5351.48
5351.48
5351.48
5351.48
5351.48
5351.48
5351.48
5351.48
5351.48
5351.48
5351.48
5351.48
4811.41
4811.41
5032.83
5032.83
3350.15
3350.15
3350.15
3350.15
240.34
240.34
2073.44
2073.44
2444.73
2444.73
3497.44
3497.44
3726.24
3726.24
3863.45
3863.45
4216.82
4216.82
3620.88
3620.88
4475.29
4475.29
4307.62
4307.62
4712.27
4712.27
3170.89
3170.89
294.73
294.73
4985.21
4985.21
5206.53
5206.53
4865.68
4865.68
4430.21
4430.21
4516.92
4516.92
5128.55
5128.55
5128.55
5128.55
5128.55
5128.55
5128.55
5128.55
5128.55
5128.55
5128.55
5128.55
232.02
232.02
1984.55
1984.55
4800.93
4800.93
623.99
623.99
1751.70
1751.70
4728.51
4728.51
5159.64
5159.64
4441.60
4441.60
4973.50
4973.50
5157.00
5157.00
5157.00
5157.00
5157.00
5157.00
134.59
134.59
2046.00
2046.00
2046.00
2046.00
2046.00
2046.00
22.76
22.76
22.76
651.49
742.02
742.02
894.45
894.45
1000.65
1000.65
1011.28
1011.28
1157.94
1157.94
10.00
10.00
1390.07
1390.07
1506.15
1506.15
1701.96
1701.96
1779.39
1779.39
1835.15
1835.15
1800.67
1800.67
1821.01
1821.01
2033.65
2033.65
2301.19
2301.19
2332.90
2332.90
2488.42
2488.42
2598.58
2598.58
2665.35
2665.35
2665.35
2665.35
2586.97
2586.97
2911.83
2911.83
2982.42
2982.42
3703.77
3703.77
3743.56
3743.56
3104.95
3104.95
3501.03
3501.03
3653.99
3653.99
3916.26
3916.26
3686.86
3686.86
3160.37
3160.37
4017.37
4017.37
4017.37
4017.37
4017.37
4017.37
4017.37
4017.37
4017.37
4017.37
4017.37
4017.37
4017.37
4017.37
4017.37
4017.37
4017.37
4017.37
4017.37
4017.37
4017.37
4017.37
3510.03
3510.03
3606.83
3606.83
3606.83
3606.83
3606.83
3606.83
3606.83
3606.83
3606.83
3606.83
3606.83
3606.83
3606.83
3606.83
3606.83
3606.83
3889.11
3889.11
3868.11
3868.11
3203.32
3203.32
4249.66
4249.66
4332.65
4332.65
4215.51
4215.51
4642.07
4642.07
3348.18
3348.18
3348.18
3348.18
4058.36
4058.36
1782.55
1782.55
1782.55
1782.55
1782.55
1782.55
1809.56
1809.56
1995.29
1995.29
3056.72
3056.72
3056.72
3056.72
3056.72
3056.72
3056.72
3056.72
3056.72
3056.72
3056.72
3056.72
3056.72
3056.72
3056.72
3056.72
3056.72
3056.72
3056.72
3056.72
3056.72
3056.72
3056.72
3056.72
212.57
212.57
212.57
664.49
896.50
896.50
1011.49
1011.49
1147.48
1147.48
1237.63
1237.63
1249.29
1249.29
1458.59
1458.59
1512.13
1512.13
1857.40
1857.40
1878.35
1878.35
1865.14
1865.14
2068.88
2068.88
1962.57
1962.57
2128.85
2128.85
2375.23
2375.23
2397.51
2397.51
2822.06
2822.06
2874.45
2874.45
3075.68
3075.68
2171.01
2171.01
3450.98
3450.98
3611.10
3611.10
3729.22
3729.22
209.62
209.62
1169.57
1169.57
1372.46
1372.46
1505.16
1505.16
1505.16
1505.16
1505.16
1505.16
4062.81
4062.81
3912.60
3912.60
3912.60
3912.60
3265.68
3265.68
4139.21
4139.21
3813.75
3813.75
3813.75
3813.75
3813.75
3813.75
3813.75
3813.75
3813.75
3813.75
3143.15
3143.15
4162.23
4162.23
4078.09
4078.09
4078.09
4078.09
4078.09
4078.09
4316.19
4316.19
4345.96
4345.96
4209.63
4209.63
2497.45
2497.45
3935.75
3935.75
4368.52
4368.52
4346.06
4346.06
3020.06
3020.06
3989.46
3989.46
4370.94
4370.94
194.45
194.45
3520.51
3520.51
3833.65
3833.65
4737.06
4737.06
4756.36
4756.36
4756.36
4756.36
4756.36
4756.36
4756.36
4756.36
4756.36
4756.36
4756.36
4756.36
4756.36
4756.36
4756.36
4756.36
4756.36
4756.36
4756.36
4756.36
4756.36
4756.36
4756.36
4756.36
4756.36
4756.36
4756.36
4756.36
4756.36
4756.36
3464.81
3464.81
3464.81
3464.81
3464.81
3464.81
3464.81
3464.81
3951.14
3951.14
3951.14
3951.14
3951.14
3951.14
3951.14
3951.14
3951.14
3951.14
3951.14
3951.14
3951.14
3951.14
3867.00
3867.00
4344.25
4344.25
4344.25
4344.25
4344.25
4344.25
4344.25
4344.25
4344.25
4344.25
4344.25
4344.25
4344.25
4344.25
4344.25
4344.25
4344.25
4344.25
4417.10
4417.10
2577.24
2577.24
2492.64
2492.64
3527.59
3527.59
4941.00
4941.00
3674.86
3674.86
4909.81
4909.81
3224.56
3224.56
5062.95
5062.95
5334.78
5334.78
4115.23
4115.23
4781.84
4781.84
5493.13
5493.13
5493.13
5493.13
5493.13
5493.13
5493.13
5493.13
5493.13
5493.13
5493.13
5493.13
5493.13
5493.13
5493.13
5493.13
5493.13
5493.13
5493.13
5493.13
5493.13
5493.13
5493.13
5493.13
5493.13
5493.13
5493.13
5493.13
5493.13
5493.13
5493.13
5493.13
5493.13
5493.13
5493.13
5493.13
5493.13
5493.13
5493.13
5493.13
175.03
175.03
290.88
290.88
542.69
608.56
790.90
865.60
927.43
844.67
1059.67
1059.67
1240.81
1240.81
1306.69
1306.69
1416.97
1416.97
1463.98
1463.98
1463.98
1463.98
1706.10
1706.10
340.62
340.62
1706.05
1706.05
1948.03
1948.03
1948.03
1948.03
1948.03
1948.03
1948.03
1948.03
1948.03
1948.03
1862.49
1862.49
1922.02
1922.02
2248.28
2248.28
2800.07
2800.07
2768.85
2768.85
2768.85
2768.85
3221.48
3221.48
3521.20
3521.20
3521.20
3521.20
3521.20
3521.20
4013.40
4013.40
4620.90
4620.90
4673.33
4673.33
4913.17
4913.17
4830.81
4830.81
5530.61
5530.61
5530.61
5530.61
5530.61
5530.61
5530.61
5530.61
5530.61
5530.61
5530.61
5530.61
5530.61
5530.61
5530.61
5530.61
5530.61
5530.61
5530.61
5530.61
5530.61
5530.61
5530.61
5530.61
5530.61
5530.61
5530.61
5530.61
5530.61
5530.61
5530.61
5530.61
4465.74
4465.74
4465.74
4465.74
4465.74
4465.74
4465.74
4465.74
4465.74
4465.74
4465.74
4465.74
4465.74
4465.74
4465.74
4465.74
1895.90
1895.90
3427.49
3427.49
3689.31
3689.31
4260.46
4260.46
4602.65
4602.65
4602.65
4602.65
4602.65
4602.65
4602.65
4602.65
3750.33
3750.33
4182.18
4182.18
4182.18
4182.18
4182.18
4182.18
4182.18
4182.18
4182.18
4182.18
4762.80
4762.80
4857.79
4857.79
3714.36
3714.36
5011.45
5011.45
5011.45
5011.45
5011.45
5011.45
4609.45
4609.45
5073.61
5073.61
5490.60
5490.60
5485.61
5485.61
5485.61
5485.61
5485.61
5485.61
5485.61
5485.61
5733.96
5733.96
4392.25
4392.25
4392.25
4392.25
4392.25
4392.25
4392.25
4392.25
4392.25
4392.25
4392.25
4392.25
4392.25
4392.25
4392.25
4392.25
4392.25
4392.25
2758.76
2758.76
2677.20
2677.20
2624.32
2624.32
2810.48
2810.48
3200.70
3200.70
3600.33
3600.33
3655.07
3655.07
3655.07
3655.07
3655.07
4014.45
4014.45
4031.97
4031.97
4031.97
4031.97
3917.89
3917.89
3345.66
3345.66
4639.61
4639.61
4641.50
4641.50
3753.14
3753.14
4755.95
4755.95
5003.83
5003.83
5003.83
5003.83
5209.70
5209.70
4330.65
4330.65
4330.65
4330.65
4330.65
4330.65
5206.76
5206.76
3248.07
3248.07
10.00
10.00
2559.54
2559.54
2559.54
2559.54
2559.54
2559.54
2559.54
2559.54
10.00
10.00
10.00
10.00
10.00
10.00
10.00
362.14
362.14
680.55
680.55
753.06
853.38
1028.18
1064.60
1190.75
1307.35
1307.35
1618.13
1618.13
1440.90
1440.90
1817.10
1817.10
1835.63
1835.63
1835.63
1835.63
1835.63
1835.63
1834.55
1834.55
10.00
10.00
548.63
548.63
736.92
736.92
1931.68
1931.68
1931.68
1931.68
1962.31
1962.31
1962.31
1962.31
1962.31
1962.31
1962.31
1962.31
1962.31
1962.31
1962.31
1962.31
1832.39
1832.39
1873.54
1873.54
1839.92
1839.92
2272.48
2272.48
2272.48
2272.48
2272.48
2272.48
2272.48
2272.48
2272.48
2272.48
2272.48
2272.48
2272.48
2272.48
2272.48
2272.48
2272.48
2272.48
2272.48
2272.48
2272.48
2272.48
2272.48
2272.48
2272.48
2272.48
2272.48
2272.48
2272.48
2272.48
2272.48
2272.48
2272.48
2272.48
2272.48
2272.48
2272.48
2272.48
2190.70
2190.70
2190.70
2190.70
2190.70
2190.70
2190.70
2190.70
2190.70
2190.70
2190.70
2190.70
2190.70
2190.70
2190.70
2190.70
2274.68
2274.68
2062.74
2062.74
2457.60
2457.60
2859.63
2859.63
3037.65
3037.65
3301.60
3301.60
3284.40
3284.40
3379.26
3379.26
256.37
256.37
3291.60
3291.60
3632.23
3632.23
3404.13
3404.13
3606.09
3606.09
3776.84
3776.84
3918.05
3918.05
4174.11
4174.11
18.60
18.60
4465.27
4465.27
4294.07
4294.07
4715.95
4715.95
4561.25
4561.25
4653.20
4653.20
3947.78
3947.78
4650.06
4650.06
4650.06
4650.06
3627.49
3627.49
4359.17
4359.17
4622.85
4622.85
11.25
11.25
4656.30
4656.30
3921.32
3921.32
3947.98
3947.98
4579.02
4579.02
4579.02
4579.02
4565.33
4565.33
5022.70
5022.70
4925.01
4925.01
4925.01
4925.01
4925.01
4925.01
4549.05
4549.05
4549.05
4549.05
4549.05
4549.05
4549.05
4549.05
4549.05
4549.05
4733.38
4733.38
3477.84
3477.84
4796.27
4796.27
5488.03
5488.03
5490.57
5490.57
5156.32
5156.32
5156.32
5156.32
5156.32
5156.32
5156.32
5156.32
5156.32
5156.32
1529.47
1529.47
4548.78
4548.78
5068.84
5068.84
5068.84
5068.84
5068.84
5068.84
5068.84
5068.84
5068.84
5068.84
4979.36
4979.36
4631.60
4631.60
4631.60
4631.60
4631.60
4631.60
4631.60
4631.60
4631.60
4631.60
4631.60
4631.60
4631.60
4631.60
4631.60
4631.60
3687.37
3687.37
4202.62
4202.62
4169.02
4169.02
4096.72
4096.72
4096.72
4096.72
4096.72
4096.72
4096.72
4096.72
4096.72
4096.72
4210.45
4210.45
4078.42
4078.42
4078.42
4078.42
4078.42
4078.42
4078.42
4078.42
4078.42
4078.42
4078.42
4078.42
4078.42
4078.42
215.45
215.45
525.90
525.90
339.73
339.73
889.62
889.62
986.59
986.59
1278.36
1278.36
1283.92
1283.92
1429.49
1429.49
1602.93
1602.93
116.12
116.12
116.12
1533.16
1842.00
1842.00
2246.59
2246.59
2320.96
2320.96
2749.31
2749.31
2100.92
2100.92
2919.39
2919.39
3055.22
3055.22
2899.34
2899.34
3305.36
3305.36
3326.11
3326.11
3241.26
3241.26
3215.51
3215.51
3045.95
3045.95
3088.16
3088.16
2076.18
2076.18
3441.66
3441.66
3440.53
3440.53
3393.20
3393.20
3280.42
3280.42
4003.80
4003.80
4430.42
4430.42
3672.54
3672.54
4531.18
4531.18
4531.18
4531.18
4531.18
4531.18
4659.24
4659.24
4343.21
4343.21
4343.21
4343.21
4343.21
4343.21
4343.21
4343.21
4343.21
4343.21
4343.21
4343.21
4343.21
4343.21
4343.21
4343.21
4343.21
4343.21
4343.21
4343.21
4343.21
4343.21
4343.21
4343.21
4343.21
4343.21
4343.21
4343.21
4343.21
4343.21
4343.21
4343.21
4343.21
4343.21
4377.35
4377.35
4377.35
4377.35
4377.35
4377.35
4377.35
4377.35
4217.93
4217.93
4217.93
4217.93
4349.19
4349.19
4349.19
4349.19
4349.19
4349.19
4485.46
4485.46
4542.66
4542.66
4654.50
4654.50
4654.50
4654.50
4654.50
4654.50
4654.50
4654.50
4654.50
4654.50
4654.50
4654.50
4654.50
4654.50
4654.50
4654.50
4654.50
4654.50
4654.50
4654.50
4483.34
4483.34
4483.34
4483.34
4483.34
4483.34
4483.34
4483.34
4483.34
4483.34
4483.34
4483.34
4438.94
4438.94
4409.24
4409.24
4097.73
4097.73
3405.47
3405.47
4910.52
4910.52
4645.99
4645.99
5091.01
5091.01
3957.93
3957.93
3957.93
3957.93
3957.93
3957.93
3957.93
3957.93
3957.93
3957.93
3957.93
3957.93
3984.33
3984.33
3984.33
3984.33
3984.33
3984.33
3984.33
3984.33
3984.33
3984.33
3984.33
3984.33
3984.33
3984.33
3984.33
3984.33
3984.33
3984.33
3984.33
3984.33
3984.33
3984.33
3984.33
3984.33
3984.33
3984.33
3984.33
3984.33
3984.33
3984.33
3855.62
3855.62
3755.67
3755.67
4094.96
4094.96
4262.97
4262.97
4262.97
4262.97
12.81
12.81
2150.60
2150.60
4184.22
4184.22
3850.64
3850.64
3850.64
3850.64
3850.64
3850.64
3850.64
3850.64
3850.64
3850.64
3850.64
3850.64
3850.64
3850.64
3850.64
3850.64
3850.64
3850.64
3850.64
3850.64
3850.64
3850.64
3850.64
3850.64
3850.64
3850.64
3850.64
3850.64
3850.64
3850.64
3850.64
3850.64
3850.64
3850.64
4692.75
4692.75
5171.14
5171.14
5171.14
5171.14
4165.86
4165.86
4165.86
4165.86
5682.31
5682.31
5682.31
5682.31
5682.31
5682.31
5682.31
5682.31
5682.31
5682.31
5882.73
5882.73
5882.73
5882.73
5882.73
5882.73
5882.73
5882.73
5882.73
5882.73
5882.73
5882.73
5882.73
5882.73
5882.73
5882.73
5882.73
5882.73
5882.73
5882.73
5882.73
5882.73
5882.73
5882.73
5882.73
5882.73
5882.73
5882.73
5882.73
5882.73
5882.73
5882.73
5882.73
5882.73
5882.73
5882.73
5882.73
5882.73
5882.73
5882.73
6273.81
6273.81
6380.39
6380.39
6268.89
6268.89
6414.44
6414.44
6414.44
6414.44
6414.44
6414.44
6414.44
6414.44
6414.44
6414.44
6414.44
6414.44
6414.44
6414.44
6414.44
6414.44
6414.44
6414.44
6414.44
6414.44
6414.44
6414.44
6414.44
6414.44
6414.44
6414.44
6414.44
6414.44
6414.44
6414.44
6414.44
6414.44
6396.24
6396.24
6327.71
6327.71
6327.71
6327.71
6327.71
6327.71
6327.71
6327.71
6141.12
6141.12
6141.12
6141.12
347.54
347.54
6131.19
6131.19
6131.19
6131.19
6131.19
6131.19
6131.19
6131.19
6131.19
6131.19
6131.19
6131.19
6131.19
6131.19
6131.19
6131.19
6131.19
6131.19
6131.19
6131.19
1242.07
1242.07
1235.70
1235.70
1318.28
1318.28
1562.92
1562.92
1657.90
1657.90
1751.03
1751.03
1664.13
1664.13
2212.98
2212.98
2225.57
2225.57
2190.84
2190.84
2221.64
2221.64
2396.14
2396.14
2514.34
2514.34
2483.42
2483.42
2544.51
2544.51
2619.88
2619.88
2763.00
2763.00
2732.44
2732.44
2946.02
2946.02
2946.02
2946.02
3165.36
3165.36
2958.19
2958.19
2958.19
2958.19
3151.55
3151.55
3251.40
3251.40
3137.23
3137.23
3618.40
3618.40
3657.23
3657.23
3593.55
3593.55
3593.55
3593.55
3593.55
3593.55
3942.85
3942.85
3882.01
3882.01
3882.01
3882.01
4020.09
4020.09
4079.91
4079.91
3929.83
3929.83
269.69
269.69
4158.48
4158.48
4158.48
4158.48
4158.48
4158.48
4158.48
4158.48
4158.48
4158.48
4320.95
4320.95
4320.95
4320.95
4320.95
4320.95
4320.95
4320.95
4320.95
4320.95
4320.95
4320.95
329.36
329.36
1948.80
1948.80
1948.80
1948.80
2066.13
2066.13
2100.10
2100.10
4344.14
4344.14
4531.36
4531.36
4411.37
4411.37
10.00
10.00
1740.99
1740.99
4859.96
4859.96
4859.96
4859.96
4754.94
4754.94
4754.94
4754.94
4754.94
4754.94
4754.94
4754.94
4754.94
4754.94
4754.94
4754.94
4754.94
4754.94
312.99
312.99
453.65
453.65
615.54
615.54
778.28
778.28
797.64
797.64
968.10
968.10
1133.56
1133.56
1209.36
1209.36
1204.91
1204.91
1722.21
1722.21
1678.13
1678.13
1817.94
1817.94
1896.17
1896.17
2239.86
2239.86
2210.32
2210.32
2151.01
2151.01
2203.00
2203.00
2435.57
2435.57
2450.56
2450.56
2433.30
2433.30
2427.47
2427.47
2669.77
2669.77
2630.96
2630.96
2786.27
2786.27
2695.54
2695.54
2694.01
2694.01
2799.30
2799.30
2665.63
2665.63
2747.50
2747.50
2833.69
2833.69
3109.55
3109.55
3382.85
3382.85
3212.28
3212.28
3187.93
3187.93
3591.68
3591.68
3541.00
3541.00
3595.18
3595.18
3409.83
3409.83
3854.26
3854.26
3854.26
3854.26
3837.20
3837.20
3520.01
3520.01
3520.01
3520.01
3897.36
3897.36
3756.50
3756.50
2951.81
2951.81
2951.81
2951.81
2951.81
2951.81
3997.58
3997.58
2436.84
2436.84
4391.02
4391.02
4391.02
4514.01
4514.01
4514.01
2575.10
2575.10
5046.38
5046.38
5046.38
5046.38
5046.38
5046.38
5046.38
5046.38
5046.38
5046.38
5046.38
5046.38
5046.38
5046.38
5046.38
5046.38
5046.38
5046.38
5046.38
5046.38
5046.38
5046.38
5046.38
5046.38
5046.38
5046.38
5046.38
5046.38
5046.38
5046.38
5046.38
5046.38
5046.38
5046.38
5046.38
5046.38
5046.38
5046.38
5046.38
5046.38
5046.38
5046.38
5046.38
5046.38
5046.38
5046.38
5046.38
5046.38
5046.38
5046.38
5046.38
5046.38
5046.38
5046.38
5046.38
5046.38
5046.38
5046.38
5046.38
5046.38
5046.38
5046.38
5046.38
5046.38
5046.38
5046.38
5046.38
5046.38
5046.38
5046.38
5046.38
5046.38
5046.38
5046.38
5046.38
5046.38
5046.38
5046.38
5046.38
5046.38
5046.38
5046.38
5046.38
5046.38
5046.38
5046.38
5046.38
5046.38
5046.38
5046.38
5046.38
5046.38
5046.38
5046.38
5046.38
5046.38
5046.38
5230.96
5230.96
5417.56
5417.56
5439.37
5439.37
5422.24
5422.24
5263.01
5263.01
5263.01
5263.01
5263.01
5263.01
10.00
10.00
4175.39
4175.39
4175.39
4175.39
5470.93
5470.93
5470.93
5470.93
5470.93
5470.93
5404.98
5404.98
5404.98
5404.98
5404.98
5404.98
5094.47
5094.47
5094.47
5094.47
5094.47
5094.47
5094.47
5094.47
5094.47
5094.47
5094.47
5094.47
5094.47
5094.47
5094.47
5094.47
5094.47
5094.47
5094.47
5094.47
5094.47
5094.47
5298.16
5298.16
5298.16
5298.16
5298.16
5298.16
5298.16
5298.16
5298.16
5298.16
5298.16
5298.16
5298.16
5298.16
5298.16
5298.16
5298.16
5298.16
5298.16
5298.16
5298.16
5298.16
5298.16
5298.16
5298.16
5298.16
5298.16
5298.16
5298.16
5298.16
5298.16
5298.16
5298.16
5298.16
5298.16
5298.16
5629.13
5629.13
3787.90
3787.90
3787.90
3787.90
3787.90
3787.90
3787.90
3787.90
3787.90
3787.90
3787.90
3787.90
3787.90
3787.90
3787.90
3787.90
3787.90
3787.90
3787.90
3787.90
3787.90
3787.90
3787.90
3787.90
3787.90
3787.90
3787.90
3787.90
3787.90
3787.90
3787.90
3787.90
3787.90
3787.90
3787.90
3787.90
4350.91
4350.91
4596.79
4596.79
4596.79
4596.79
4596.79
4596.79
4596.79
4596.79
4596.79
4596.79
4596.79
4596.79
4596.79
4596.79
4596.79
4596.79
4596.79
4596.79
4596.79
4596.79
4596.79
4596.79
4596.79
4596.79
4596.79
4596.79
4596.79
4596.79
4596.79
4596.79
4596.79
4596.79
4596.79
4596.79
4596.79
4596.79
4599.88
4599.88
3272.33
3272.33
3272.33
3272.33
3272.33
3272.33
3272.33
3272.33
3272.33
3272.33
10.00
10.00
2237.44
2237.44
4468.87
4468.87
5381.02
5381.02
5550.86
5550.86
5550.86
5550.86
5550.86
5550.86
5550.86
5550.86
5550.86
5550.86
5521.80
5521.80
5362.05
5362.05
5362.05
5362.05
5362.05
5362.05
5362.05
5362.05
5362.05
5362.05
5362.05
5362.05
5362.05
5362.05
5362.05
5362.05
5362.05
5362.05
5362.05
5362.05
5362.05
5362.05
5362.05
5362.05
5362.05
5362.05
5362.05
5362.05
5362.05
5362.05
5362.05
5362.05
5362.05
5362.05
5362.05
5362.05
5362.05
5362.05
5362.05
5362.05
5362.05
5362.05
5362.05
5362.05
5362.05
5362.05
5362.05
5362.05
5362.05
5362.05
5362.05
5362.05
5362.05
5362.05
5362.05
5362.05
5362.05
5362.05
4730.89
4730.89
4255.15
4255.15
4255.15
4255.15
4255.15
4255.15
4255.15
4255.15
4255.15
4255.15
4255.15
4255.15
4255.15
4255.15
4255.15
4255.15
4255.15
4255.15
4255.15
4255.15
4255.15
4255.15
4255.15
4255.15
4255.15
4255.15
4255.15
4255.15
4255.15
4255.15
4255.15
4255.15
4255.15
4255.15
4255.15
4255.15
4255.15
4255.15
4255.15
4255.15
5882.78
5882.78
6016.14
6016.14
6016.14
6016.14
6016.14
6016.14
6016.14
6016.14
6016.14
6016.14
6016.14
6016.14
6016.14
6016.14
6016.14
6016.14
6016.14
6016.14
6016.14
6016.14
6016.14
6016.14
6016.14
6016.14
6016.14
6016.14
6016.14
6016.14
6016.14
6016.14
6016.14
6016.14
6016.14
6016.14
6016.14
6016.14
6016.14
6016.14
10.00
10.00
10.00
10.00
10.00
10.00
10.00
10.00
10.00
502.53
615.88
747.42
747.42
908.13
899.69
874.13
1124.50
1160.69
1370.12
1370.12
1307.40
1307.40
1468.00
1468.00
1772.67
1772.67
1757.77
1757.77
1869.23
1869.23
2246.12
2246.12
2599.98
2599.98
2787.43
2787.43
2997.79
2997.79
2994.54
2994.54
3057.48
3057.48
3057.48
3057.48
3057.48
3057.48
3057.48
3057.48
3057.48
3057.48
3057.48
3057.48
3057.48
3057.48
3057.48
3057.48
3057.48
3057.48
3057.48
3057.48
3057.48
3057.48
3057.48
3057.48
3057.48
3057.48
3057.48
3057.48
3057.48
3057.48
3057.48
3057.48
3057.48
3057.48
3057.48
3057.48
3057.48
3057.48
3057.48
3057.48
3057.48
3057.48
3057.48
3057.48
3057.48
3057.48
3057.48
3057.48
3057.48
3057.48
3057.48
3057.48
3057.48
3057.48
3057.48
3057.48
3057.48
3057.48
3057.48
3057.48
3057.48
3057.48
3057.48
3057.48
10.00
10.00
10.00
10.00
10.00
10.00
10.00
199.10
355.85
466.81
543.01
543.01
511.42
511.42
522.94
522.94
563.58
563.58
539.85
539.85
522.01
522.01
522.01
522.01
522.01
522.01
626.32
626.32
626.32
626.32
657.99
657.99
657.99
657.99
752.13
752.13
755.78
755.78
717.69
717.69
717.69
717.69
717.69
717.69
779.82
779.82
779.82
779.82
779.82
779.82
824.50
824.50
854.67
854.67
891.14
891.14
887.97
887.97
953.55
953.55
680.87
680.87
85.00
85.00
207.51
207.51
786.37
786.37
1076.07
1076.07
1247.31
1247.31
1480.61
1480.61
1731.39
1731.39
1833.82
1833.82
2224.32
2224.32
2299.00
2299.00
2195.22
2195.22
2623.33
2623.33
2692.20
2692.20
2692.20
2692.20
3144.53
3144.53
2916.35
2916.35
2683.56
2683.56
3322.72
3322.72
3518.28
3518.28
3518.28
3518.28
3423.38
3423.38
3464.76
3464.76
4095.30
4095.30
4304.43
4304.43
4543.45
4543.45
1165.03
1165.03
3829.13
3829.13
4638.59
4638.59
4476.26
4476.26
4476.26
4476.26
4476.26
4476.26
4476.26
4476.26
4867.34
4867.34
4550.02
4550.02
4910.69
4910.69
5161.70
5161.70
5082.94
5082.94
5082.94
5082.94
10.00
10.00
1024.19
1024.19
2405.59
2405.59
2405.59
2405.59
2405.59
2405.59
4243.57
4243.57
4243.57
4243.57
4243.57
4243.57
4243.57
4243.57
4243.57
4243.57
4243.57
4243.57
4243.57
4243.57
4243.57
4243.57
4243.57
4243.57
4243.57
4243.57
4243.57
4243.57
4243.57
4243.57
4243.57
4243.57
4243.57
4243.57
4243.57
4243.57
4243.57
4243.57
4243.57
4243.57
4243.57
4243.57
4243.57
4243.57
2911.65
2911.65
2911.65
2911.65
2911.65
2911.65
2911.65
2911.65
2911.65
2911.65
2911.65
2911.65
2911.65
2911.65
2911.65
2911.65
2911.65
2911.65
2911.65
2911.65
2911.65
2911.65
2911.65
2911.65
2911.65
2911.65
2911.65
2911.65
2911.65
2911.65
2911.65
2911.65
2911.65
2911.65
2911.65
2911.65
2911.65
2911.65
2911.65
2911.65
2911.65
2911.65
2911.65
2911.65
2911.65
2911.65
2911.65
2911.65
2911.65
2911.65
13.74
13.74
13.74
13.74
13.74
13.74
13.74
454.83
713.06
713.06
10.28
980.00
1133.31
1400.99
1326.64
1326.64
1318.30
1318.30
1581.48
1581.48
1772.78
1772.78
2005.81
2005.81
1970.31
1970.31
1970.31
1970.31
1970.31
1970.31
1970.31
1970.31
2012.18
2012.18
2102.10
2102.10
2111.89
2111.89
1821.42
1821.42
1821.42
1821.42
2524.32
2524.32
2919.90
2919.90
3135.56
3135.56
3135.56
3135.56
3135.56
3135.56
3135.56
3135.56
3135.56
3135.56
3135.56
3135.56
3611.45
3611.45
3294.99
3294.99
325.10
325.10
1750.40
1750.40
1750.40
1750.40
1750.40
1750.40
1750.40
1750.40
1750.40
1750.40
1750.40
1750.40
1750.40
1750.40
578.63
578.63
639.86
639.86
675.35
675.35
742.11
742.11
830.61
830.61
903.11
903.11
1058.00
1058.00
1276.29
1276.29
1124.92
1124.92
1400.28
1400.28
1436.18
1436.18
1747.96
1747.96
2209.34
2209.34
2171.41
2171.41
2576.17
2576.17
2730.56
2730.56
3409.78
3409.78
3409.78
3409.78
3386.85
3386.85
3637.12
3637.12
3517.73
3517.73
3809.74
3809.74
4003.38
4003.38
3780.37
3780.37
3946.25
3946.25
4333.43
4333.43
4483.26
4483.26
4483.26
4483.26
4483.26
4483.26
4992.94
4992.94
4992.94
4992.94
4992.94
4992.94
1519.86
1519.86
4765.80
4765.80
4765.80
4765.80
4765.80
4765.80
4870.97
4870.97
5065.72
5065.72
5065.72
5065.72
5065.72
5065.72
5065.72
5065.72
5065.72
5065.72
5065.72
5065.72
5065.72
5065.72
5065.72
5065.72
5065.72
5065.72
5065.72
5065.72
5065.72
5065.72
5065.72
5065.72
4549.21
4549.21
4549.21
4549.21
4606.67
4606.67
4606.67
4606.67
4606.67
4606.67
4606.67
4606.67
4606.67
4606.67
4704.25
4704.25
4704.25
4704.25
4704.25
4704.25
4704.25
4704.25
4704.25
4704.25
4704.25
4704.25
4704.25
4704.25
4257.81
4257.81
4381.23
4381.23
4381.23
4381.23
4381.23
4381.23
4381.23
4381.23
4381.23
4381.23
4381.23
4381.23
4381.23
4381.23
4381.23
4381.23
4381.23
4381.23
3867.71
3867.71
3867.71
3828.32
3828.32
3828.32
3828.32
1108.13
3572.77
3572.77
3572.77
3572.77
3912.86
3912.86
4257.04
4257.04
4035.77
4035.77
4449.18
4449.18
4787.99
4787.99
4089.74
4089.74
4089.74
4089.74
5091.59
5091.59
5060.20
5060.20
5060.20
5060.20
5060.20
5060.20
5060.20
5060.20
5105.18
5105.18
5105.18
5105.18
5149.93
5149.93
5149.93
5149.93
5149.93
5149.93
5149.93
5149.93
5149.93
5149.93
5149.93
5149.93
5149.93
5149.93
5149.93
5149.93
5149.93
5149.93
5149.93
5149.93
5149.93
5149.93
5149.93
5149.93
5149.93
5149.93
5149.93
5149.93
5149.93
5149.93
5149.93
5149.93
5149.93
5149.93
5149.93
239.67
239.67
350.04
603.17
603.17
603.17
692.60
783.10
783.10
783.10
851.93
851.93
1026.54
1026.54
1170.97
1170.97
1207.39
1207.39
1370.18
1370.18
1347.12
1347.12
1642.75
1642.75
1968.64
1968.64
2139.16
2139.16
2320.30
2320.30
2394.65
2394.65
2371.16
2371.16
2314.51
2314.51
2582.74
2582.74
2831.52
2831.52
2869.61
2869.61
2917.26
2917.26
3280.86
3280.86
3821.57
3821.57
4075.74
4075.74
4075.74
4075.74
4292.83
4292.83
4225.00
4225.00
4272.90
4272.90
3822.95
3822.95
4474.27
4474.27
4748.48
4748.48
2336.34
2336.34
5052.91
5052.91
4708.49
4708.49
5259.94
5259.94
4311.99
4311.99
5138.82
5138.82
5138.82
5138.82
5138.82
5138.82
5138.82
5138.82
5138.82
5138.82
5138.82
5138.82
10.00
10.00
2149.71
2149.71
2600.98
2600.98
2600.98
2600.98
2600.98
2600.98
2600.98
2600.98
2600.98
2600.98
2600.98
2600.98
2600.98
2600.98
2600.98
2600.98
2600.98
2600.98
2600.98
2600.98
2600.98
2600.98
2600.98
2600.98
81.17
81.17
81.17
251.89
397.00
466.59
462.90
509.91
564.46
712.13
712.13
852.36
1105.44
1105.44
1169.35
1136.84
1305.54
1305.54
1204.89
1204.89
1284.37
1284.37
1621.09
1621.09
1568.14
1568.14
1798.02
1798.02
1861.00
1861.00
1735.45
1735.45
2179.18
2179.18
2207.86
2207.86
2599.01
2599.01
2479.11
2479.11
2629.22
2629.22
2091.22
2091.22
2667.20
2667.20
2995.09
2995.09
2995.09
2995.09
2995.09
2995.09
2995.09
2995.09
2995.09
2995.09
2995.09
2995.09
572.54
572.54
3095.61
3095.61
3179.97
3179.97
3179.97
3179.97
3179.97
3179.97
2909.21
2909.21
3361.69
3361.69
3366.85
3366.85
3571.76
3571.76
3571.76
3571.76
2923.46
2923.46
3558.85
3558.85
3638.60
3638.60
4151.35
4151.35
4151.35
4151.35
4151.35
4151.35
14.17
14.17
2230.99
2230.99
3783.22
3783.22
3783.22
3783.22
3783.22
3783.22
3783.22
3783.22
3783.22
3783.22
3783.22
3783.22
3783.22
3783.22
3783.22
3783.22
3783.22
3783.22
3783.22
3783.22
3783.22
3783.22
4229.17
4229.17
4295.17
4295.17
4295.17
4295.17
4263.43
4263.43
4263.43
4263.43
4263.43
4263.43
4263.43
4263.43
4263.43
4263.43
4263.43
4263.43
4263.43
4263.43
4263.43
4263.43
4263.43
4263.43
4263.43
4263.43
4372.38
4372.38
4372.38
4372.38
4372.38
4372.38
4372.38
4372.38
4372.38
4372.38
4372.38
4372.38
4372.38
4372.38
4372.38
4372.38
4372.38
4372.38
4372.38
4372.38
4372.38
4372.38
4354.50
4354.50
4552.03
4552.03
3757.54
3757.54
3757.54
3757.54
3757.54
3757.54
3757.54
3757.54
3757.54
3757.54
3757.54
3757.54
3757.54
3757.54
3757.54
3757.54
3757.54
3757.54
4273.90
4273.90
334.64
334.64
2363.77
2363.77
4486.98
4486.98
3088.31
3088.31
3088.31
3088.31
3088.31
3088.31
3088.31
3088.31
3088.31
3088.31
3088.31
3088.31
3088.31
3088.31
3088.31
3088.31
3088.31
3088.31
3721.06
3721.06
4602.05
4602.05
3677.69
3677.69
4489.00
4489.00
4489.00
4489.00
4489.00
4489.00
4489.00
4489.00
4489.00
4489.00
4489.00
4489.00
4489.00
4489.00
4550.06
4550.06
4550.06
4550.06
4550.06
4550.06
4550.06
4550.06
4550.06
4550.06
4550.06
4550.06
4550.06
4550.06
4550.06
4550.06
4550.06
4550.06
4550.06
4550.06
4550.06
4550.06
4771.89
4771.89
4771.89
4771.89
4771.89
4771.89
4983.89
4983.89
4983.89
4983.89
4983.89
4983.89
4983.89
4983.89
4983.89
4983.89
4983.89
4983.89
4983.89
4983.89
4983.89
4983.89
4983.89
4983.89
4983.89
4983.89
4983.89
4983.89
4983.89
4983.89
4983.89
4983.89
4983.89
4983.89
4983.89
4983.89
4983.89
4983.89
4598.43
4598.43
5302.55
5302.55
5302.55
5302.55
5302.55
5302.55
5302.55
5302.55
5302.55
5302.55
5302.55
5302.55
5302.55
5302.55
5302.55
5302.55
5302.55
5302.55
5302.55
5302.55
5302.55
5302.55
5302.55
5302.55
5302.55
5302.55
5302.55
5302.55
5302.55
5302.55
5302.55
5302.55
5302.55
5302.55
5302.55
5302.55
5302.55
5302.55
5302.55
5302.55
5302.55
5302.55
5302.55
5302.55
5302.55
5302.55
5302.55
5302.55
5302.55
5302.55
5302.55
5302.55
5302.55
5302.55
5302.55
5302.55
5302.55
5302.55
5302.55
5302.55
5302.55
5302.55
5049.49
5049.49
5010.41
5010.41
5794.60
5794.60
5129.26
5129.26
868.25
868.25
5726.53
5726.53
6321.43
6321.43
5961.50
5961.50
6733.91
6733.91
7030.06
7030.06
5561.07
5561.07
6398.26
6398.26
6398.26
6398.26
6398.26
6398.26
6398.26
6398.26
6398.26
6398.26
6398.26
6398.26
6398.26
6398.26
6398.26
6398.26
6398.26
6398.26
6398.26
6398.26
6398.26
6398.26
6398.26
6398.26
6398.26
6398.26
6398.26
6398.26
6398.26
6398.26
6398.26
6398.26
6398.26
6398.26
6398.26
6398.26
6398.26
6398.26
6398.26
6398.26
225.08
225.08
574.31
574.31
585.09
585.09
682.30
682.30
782.75
782.75
1068.40
1068.40
1043.60
1043.60
1174.24
1174.24
1229.86
1229.86
1232.31
1232.31
1232.31
1232.31
1232.31
1232.31
1458.02
1458.02
1748.93
1748.93
1804.83
1804.83
1982.80
1982.80
2036.97
2036.97
2036.97
2036.97
2000.11
2000.11
2239.04
2239.04
2394.81
2394.81
2568.04
2568.04
2899.36
2899.36
2899.36
2899.36
2899.36
2899.36
2899.36
2899.36
2899.36
2899.36
2899.36
2899.36
2899.36
2899.36
2899.36
2899.36
2899.36
2899.36
2899.36
2899.36
3006.71
3006.71
2766.56
2766.56
3507.05
3507.05
3346.31
3346.31
343.66
343.66
3201.50
3201.50
3073.92
3073.92
3601.32
3601.32
3713.43
3713.43
3713.43
3713.43
3683.67
3683.67
3659.38
3659.38
3659.38
3659.38
3659.38
3659.38
3659.38
3659.38
3659.38
3659.38
3659.38
3659.38
3659.38
3659.38
3793.35
3793.35
2601.70
2601.70
4025.52
4025.52
10.00
10.00
3900.05
3900.05
3900.05
3900.05
3922.55
3922.55
3922.55
3922.55
4305.27
4305.27
4403.36
4403.36
4403.36
4403.36
4403.36
4403.36
4403.36
4403.36
4403.36
4403.36
4403.36
4403.36
4403.36
4403.36
4403.36
4403.36
4232.78
4232.78
4295.01
4295.01
4295.01
4295.01
4295.01
4295.01
4295.01
4295.01
4295.01
4295.01
4295.01
4295.01
4295.01
4295.01
4295.01
4295.01
4295.01
4295.01
4295.01
4295.01
4295.01
4295.01
424.55
424.55
535.71
535.71
677.52
677.52
814.38
814.38
767.42
767.42
964.61
964.61
927.24
927.24
951.89
951.89
1192.44
1192.44
1332.15
1332.15
1394.45
1394.45
1736.67
1736.67
1730.24
1730.24
1705.14
1705.14
1854.10
1854.10
1766.95
1766.95
1999.45
1999.45
2271.78
2271.78
2271.78
2271.78
2271.78
2271.78
2271.78
2271.78
235.08
235.08
383.47
383.47
747.12
757.06
947.59
1100.45
1130.07
1130.07
1198.01
1198.01
1273.43
1273.43
1380.83
1380.83
1687.21
1687.21
1592.63
1592.63
1590.92
1590.92
1744.38
1744.38
1795.26
1795.26
2484.93
2484.93
2156.60
2156.60
2573.28
2573.28
2901.36
2901.36
3068.61
3068.61
2562.02
2562.02
3212.00
3212.00
3433.01
3433.01
3086.94
3086.94
3532.49
3532.49
3656.79
3656.79
3557.23
3557.23
3557.23
3557.23
3408.20
3408.20
3408.20
3408.20
3776.51
3776.51
3799.08
3799.08
3919.58
3919.58
3702.78
3702.78
3702.78
3702.78
3408.80
3408.80
3408.80
3408.80
3408.80
3408.80
3587.31
3587.31
4038.42
4038.42
4038.42
4038.42
4038.42
4038.42
4294.44
4294.44
4067.49
4067.49
4296.30
4296.30
4314.58
4314.58
3809.75
3809.75
4032.63
4032.63
4032.63
4032.63
4032.63
4032.63
4032.63
4032.63
4032.63
4032.63
4032.63
4032.63
4032.63
4032.63
4032.63
4032.63
4032.63
4032.63
4032.63
4032.63
4032.63
4032.63
4032.63
4032.63
4351.67
4351.67
4239.27
4239.27
4239.27
4239.27
4239.27
4239.27
4239.27
4239.27
3976.45
3976.45
4268.98
4268.98
4268.98
4268.98
4698.68
4698.68
4690.34
4690.34
4690.34
4690.34
4690.34
4690.34
4690.34
4690.34
4690.34
4690.34
4690.34
4690.34
4690.34
4690.34
4690.34
4690.34
1140.33
1140.33
1103.97
1103.97
1399.79
1399.79
1327.22
1327.22
1578.65
1578.65
1766.47
1766.47
1809.95
1809.95
2142.43
2142.43
2190.59
2190.59
2184.42
2184.42
2299.19
2299.19
2491.07
2491.07
3060.22
3060.22
3275.99
3275.99
3554.53
3554.53
3429.95
3429.95
3586.95
3586.95
3522.72
3522.72
2940.97
2940.97
3528.30
3528.30
3540.59
3540.59
3540.59
3540.59
3540.59
3540.59
3540.59
3540.59
3297.94
3297.94
3327.52
3327.52
3591.76
3591.76
3848.27
3848.27
4179.37
4179.37
4171.65
4171.65
4115.24
4115.24
4115.24
4115.24
4347.26
4347.26
3978.69
3978.69
3978.69
3978.69
3978.69
3978.69
3978.69
3978.69
3978.69
3978.69
3978.69
3978.69
3978.69
3978.69
3978.69
3978.69
3978.69
3978.69
4031.33
4031.33
4031.33
3802.73
3802.73
3915.22
3915.22
4228.50
4228.50
4156.37
4156.37
4156.37
4156.37
4156.37
4156.37
4156.37
4156.37
4156.37
4156.37
4042.68
4042.68
4042.68
4042.68
4047.00
4047.00
4047.00
4047.00
3680.30
3680.30
3680.30
3680.30
3680.30
3680.30
3680.30
3680.30
10.00
10.00
1409.89
1409.89
2495.24
2495.24
2495.24
2495.24
2495.24
2495.24
2495.24
2495.24
2495.24
2495.24
2495.24
2495.24
2495.24
2495.24
2495.24
2495.24
2495.24
2495.24
2495.24
2495.24
3514.74
3514.74
3514.74
3514.74
3695.36
3695.36
3695.36
3695.36
3695.36
3695.36
3695.36
3695.36
3535.01
3535.01
3535.01
3535.01
3535.01
3535.01
3947.64
3947.64
3762.28
3762.28
3751.30
3751.30
3726.16
3726.16
3726.16
3726.16
3726.16
3726.16
3726.16
3726.16
3726.16
3726.16
3726.16
3726.16
3726.16
3726.16
3726.16
3726.16
3726.16
3726.16
3726.16
3726.16
3726.16
3726.16
3726.16
3726.16
3726.16
3726.16
3726.16
3726.16
3726.16
3726.16
3726.16
3726.16
3726.16
3726.16
3726.16
3726.16
3726.16
3726.16
3726.16
3726.16
3726.16
3726.16
3726.16
3726.16
3726.16
3726.16
3726.16
3726.16
3726.16
3726.16
3726.16
3726.16
3726.16
3726.16
3726.16
3726.16
3726.16
3726.16
3726.16
3726.16
3726.16
3726.16
3726.16
3726.16
3726.16
3726.16
3726.16
3726.16
3726.16
3726.16
3726.16
3726.16
3726.16
3726.16
3726.16
3726.16
3726.16
3726.16
3726.16
3726.16
3726.16
3726.16
3726.16
3726.16
3726.16
3726.16
3726.16
3726.16
3726.16
3726.16
3726.16
3726.16
3726.16
3726.16
3726.16
3726.16
3726.16
3726.16
3726.16
3726.16
3726.16
3726.16
3726.16
3726.16
3726.16
3726.16
3726.16
3726.16
3726.16
3726.16
3726.16
3726.16
3726.16
3726.16
3726.16
3726.16
3726.16
3726.16
3726.16
3726.16
3726.16
3726.16
3726.16
3726.16
3726.16
3726.16
3726.16
3726.16
3726.16
3726.16
3726.16
3726.16
3726.16
3726.16
4429.47
4429.47
4205.87
4205.87
4136.31
4136.31
4136.31
4136.31
4136.31
4136.31
4136.31
4136.31
4136.31
4136.31
4136.31
4136.31
4136.31
4136.31
4136.31
4136.31
4136.31
4136.31
4535.95
4535.95
4622.65
4622.65
5179.18
5179.18
4932.62
4932.62
4640.97
4640.97
4640.97
4640.97
4628.98
4628.98
4628.98
4628.98
4628.98
4628.98
4628.98
4628.98
4628.98
4628.98
4628.98
4628.98
4628.98
4628.98
4628.98
4628.98
4628.98
4628.98
4628.98
4628.98
4628.98
4628.98
4628.98
4628.98
4628.98
4628.98
4058.73
4058.73
4058.73
4058.73
4058.73
4058.73
4058.73
4058.73
4058.73
4058.73
4058.73
4058.73
4058.73
4058.73
4058.73
4058.73
4058.73
4058.73
3730.97
3730.97
4098.96
4098.96
3278.18
3278.18
3278.18
3278.18
3278.18
3278.18
3278.18
3278.18
3278.18
3278.18
3278.18
3278.18
3278.18
3278.18
3278.18
3278.18
3278.18
3278.18
3278.18
3278.18
3278.18
3278.18
3278.18
3278.18
3278.18
3278.18
3278.18
3278.18
4280.34
4280.34
4280.34
4280.34
4093.88
4093.88
4093.88
4093.88
4093.88
4093.88
4093.88
4093.88
4093.88
4093.88
4093.88
4093.88
4093.88
4093.88
4093.88
4093.88
4093.88
4093.88
4093.88
4093.88
4093.88
4093.88
4093.88
4093.88
4093.88
4093.88
4093.88
4093.88
4093.88
4093.88
4093.88
4093.88
4093.88
4093.88
4093.88
4093.88
4093.88
4093.88
4093.88
4093.88
4093.88
4093.88
348.77
529.43
715.71
715.71
885.10
885.10
860.14
860.14
856.07
856.07
1050.09
1050.09
1214.17
1214.17
1142.69
1142.69
1169.25
1169.25
1260.44
1260.44
1232.25
1232.25
1274.41
1274.41
1274.41
1274.41
1274.41
1274.41
1274.41
1274.41
1274.41
1274.41
1274.41
1274.41
1274.41
1274.41
1274.41
1274.41
1274.41
1274.41
1274.41
1274.41
1274.41
1274.41
1274.41
1274.41
1274.41
1274.41
1233.54
1233.54
1190.90
1190.90
1437.24
1437.24
1437.24
1437.24
1324.47
1324.47
1619.31
1619.31
1619.31
1619.31
1636.28
1636.28
1636.28
1636.28
1636.28
1636.28
1636.28
1636.28
1607.85
1607.85
1329.52
1329.52
1855.41
1855.41
1855.41
1855.41
2003.02
2003.02
1953.44
1953.44
2131.08
2131.08
2093.70
2093.70
2333.02
2333.02
2935.55
2935.55
2794.29
2794.29
2925.61
2925.61
3128.35
3128.35
3327.08
3327.08
3684.95
3684.95
3988.59
3988.59
3749.83
3749.83
4390.03
4390.03
4390.03
4390.03
4390.03
4390.03
4390.03
4390.03
4390.03
4390.03
4390.03
4390.03
4390.03
4390.03
4390.03
4390.03
4390.03
4390.03
4390.03
4390.03
4390.03
4390.03
4390.03
4390.03
4390.03
4390.03
4390.03
4390.03
4390.03
4390.03
4390.03
4390.03
4390.03
4390.03
4390.03
4390.03
4390.03
4390.03
4390.03
4390.03
4390.03
4390.03
4390.03
4390.03
4390.03
4390.03
4390.03
4390.03
4390.03
4390.03
4390.03
4390.03
4390.03
4390.03
4390.03
4390.03
4390.03
4390.03
4390.03
4390.03
4390.03
4390.03
4390.03
4390.03
4390.03
4390.03
4390.03
4390.03
4390.03
4390.03
4390.03
4390.03
4390.03
4390.03
4390.03
4390.03
4390.03
4390.03
4390.03
4390.03
4390.03
4390.03
4390.03
4390.03
4390.03
4390.03
4390.03
4390.03
4390.03
4390.03
4390.03
4390.03
4390.03
4390.03
4390.03
4390.03
4390.03
4390.03
4390.03
4390.03
4390.03
4390.03
4390.03
4390.03
4390.03
4390.03
10.00
10.00
10.00
10.00
10.00
10.00
10.00
10.00
10.00
568.06
568.06
763.49
786.48
897.07
1056.66
1304.62
1304.62
1300.94
1700.92
1700.92
1852.41
1852.41
1691.06
1691.06
1691.06
1691.06
1968.39
1968.39
1928.68
1928.68
2225.76
2225.76
2225.76
2225.76
2225.76
2225.76
2225.76
2225.76
2225.76
2225.76
2225.76
2225.76
2238.50
2238.50
2275.53
2275.53
2310.42
2310.42
2310.42
2310.42
2310.42
2310.42
2310.42
2310.42
2310.42
2310.42
699.35
699.35
2547.98
2547.98
2547.98
2547.98
2547.98
2547.98
2472.56
2472.56
2472.56
2472.56
2472.56
2472.56
2605.26
2605.26
2640.07
2640.07
2553.81
2553.81
2588.28
2588.28
2588.28
2588.28
2588.28
2588.28
2805.25
2805.25
2915.50
2915.50
2981.76
2981.76
2745.54
2745.54
2745.54
2745.54
2745.54
2745.54
2745.54
2745.54
2745.54
2745.54
2745.54
2745.54
2745.54
2745.54
2745.54
2745.54
2745.54
2745.54
2745.54
2745.54
2745.54
2745.54
2745.54
2745.54
2745.54
2745.54
2745.54
2745.54
2745.54
2745.54
2745.54
2745.54
2745.54
2745.54
2745.54
2745.54
2745.54
2745.54
2745.54
2745.54
2745.54
2745.54
10.00
10.00
10.00
10.00
10.00
10.00
10.00
10.00
216.26
505.39
722.77
731.07
812.02
812.02
1021.07
1021.07
1076.36
1076.36
1084.24
1084.24
1100.38
1100.38
1171.22
1171.22
1342.93
1342.93
1334.40
1334.40
1327.20
1327.20
1448.77
1448.77
1448.77
1448.77
1448.77
1448.77
1388.78
1388.78
1465.09
1465.09
1587.02
1587.02
1556.84
1556.84
1556.84
1556.84
1535.95
1535.95
1583.72
1583.72
1531.46
1531.46
1531.46
1531.46
1822.79
1822.79
2023.81
2023.81
2100.07
2100.07
1948.61
1948.61
1952.72
1952.72
2377.47
2377.47
2414.44
2414.44
2535.66
2535.66
2535.66
2535.66
2535.66
2535.66
2535.66
2535.66
2533.45
2533.45
2591.43
2591.43
2587.54
2587.54
2587.54
2587.54
2587.54
2587.54
2587.54
2587.54
2587.54
2587.54
2587.54
2587.54
2587.54
2587.54
2587.54
2587.54
2587.54
2587.54
359.32
359.32
2358.30
2358.30
2529.75
2529.75
2529.75
2529.75
2555.07
2555.07
3153.47
3153.47
2985.46
2985.46
2868.01
2868.01
2868.01
2868.01
2868.01
2868.01
2868.01
195.47
195.47
620.23
620.23
711.20
884.43
884.43
881.47
881.47
1037.73
1037.73
1214.53
1214.53
1283.30
1283.30
1388.08
1388.08
1563.48
1563.48
1563.48
1563.48
1674.86
1674.86
1846.73
1846.73
1934.47
1934.47
1934.47
1934.47
2186.26
2186.26
2094.80
2094.80
2094.80
2094.80
2217.41
2217.41
2632.73
2632.73
2632.73
2632.73
2632.73
2632.73
2632.73
2632.73
2632.73
2632.73
155.13
155.13
489.57
617.51
623.35
623.35
729.44
729.44
788.19
788.19
788.19
788.19
1024.03
1024.03
999.42
999.42
1189.22
1189.22
314.98
314.98
1581.78
1581.78
1646.05
1646.05
1775.86
1775.86
1775.86
1775.86
1775.86
1775.86
1775.86
1775.86
1818.50
1818.50
1795.26
1795.26
1787.71
1787.71
1787.71
1787.71
1875.65
1875.65
1875.65
1875.65
1875.65
1875.65
1875.65
1875.65
1875.65
1875.65
1844.14
1844.14
1895.08
1895.08
1744.39
1744.39
1750.63
1750.63
1897.08
1897.08
1481.96
1481.96
1901.00
1901.00
1785.54
1785.54
1785.54
1785.54
453.00
453.00
304.78
304.78
603.17
603.17
1899.82
1899.82
1911.55
1911.55
1976.12
1976.12
2099.43
2099.43
2104.94
2104.94
2282.06
2282.06
2828.68
2828.68
2889.94
2889.94
2958.71
2958.71
2745.93
2745.93
3388.99
3388.99
3420.48
3420.48
3804.57
3804.57
3617.21
3617.21
3472.96
3472.96
3901.87
3901.87
4080.01
4080.01
4153.67
4153.67
4153.67
4153.67
4153.67
4153.67
4220.09
4220.09
4127.55
4127.55
4537.94
4537.94
4537.94
4537.94
4537.94
4537.94
4537.94
4537.94
4537.94
4537.94
4193.91
4193.91
4193.91
4193.91
4193.91
4193.91
4193.91
4193.91
4193.91
4816.40
4816.40
4788.99
4788.99
5037.59
5037.59
5619.39
5619.39
5853.76
5853.76
5853.76
5853.76
5853.76
5853.76
5853.76
5853.76
5853.76
5853.76
5853.76
5853.76
5853.76
5853.76
5853.76
5853.76
5853.76
5853.76
5853.76
5853.76
5853.76
5853.76
6201.75
6201.75
6201.75
6201.75
6201.75
6201.75
6201.75
6201.75
6201.75
6201.75
6201.75
6201.75
6201.75
6201.75
6201.75
6201.75
6201.75
6201.75
6201.75
6201.75
6201.75
6201.75
6201.75
6201.75
6201.75
6201.75
6201.75
6201.75
6201.75
6201.75
6201.75
6201.75
6201.75
6201.75
6114.77
6114.77
6114.77
6114.77
6114.77
6114.77
6114.77
6114.77
6114.77
6114.77
6114.77
6114.77
6114.77
6114.77
6114.77
6114.77
6114.77
6114.77
6114.77
6114.77
6114.77
6114.77
6114.77
6114.77
6114.77
6114.77
6114.77
6114.77
6114.77
6114.77
6114.77
6114.77
6114.77
6114.77
6114.77
6114.77
6114.77
6114.77
6114.77
6114.77
6114.77
6114.77
6114.77
6114.77
6114.77
6114.77
6114.77
6114.77
6114.77
6114.77
6114.77
6114.77
6114.77
6114.77
6114.77
6114.77
6114.77
6114.77
6114.77
6114.77
6114.77
6114.77
6114.77
6114.77
6114.77
6114.77
6114.77
6114.77
6114.77
6114.77
6114.77
6114.77
6114.77
6114.77
6114.77
6114.77
6114.77
6114.77
16.77
16.77
16.77
16.77
16.77
16.77
528.31
668.38
725.32
874.57
1040.87
1040.87
1072.00
1072.00
54.41
54.41
1210.51
1210.51
1263.74
1263.74
1190.93
1190.93
1348.23
1348.23
1620.59
1620.59
1753.45
1753.45
10.00
10.00
1704.74
1704.74
1704.74
1704.74
1561.93
1561.93
1790.94
1790.94
1680.28
1680.28
2039.89
2039.89
1988.03
1988.03
1895.38
1895.38
1915.56
1915.56
2132.17
2132.17
1964.22
1964.22
2212.38
2212.38
2378.78
2378.78
2475.19
2475.19
2630.83
2630.83
2479.95
2479.95
2584.50
2584.50
2569.57
2569.57
2914.92
2914.92
2884.94
2884.94
2884.94
2884.94
2877.74
2877.74
2972.89
2972.89
2956.62
2956.62
2956.62
2956.62
2956.62
2956.62
2965.58
2965.58
2957.62
2957.62
2957.62
2957.62
2957.62
2957.62
2957.62
2957.62
2957.62
2957.62
2957.62
2957.62
2957.62
2957.62
2957.62
2957.62
2957.62
2957.62
2957.62
2957.62
2957.62
2957.62
2957.62
2957.62
2957.62
2957.62
2957.62
2957.62
2957.62
2957.62
2957.62
2957.62
2957.62
2957.62
2876.63
2876.63
10.00
10.00
1272.19
1272.19
3173.09
3173.09
3173.09
3173.09
319.48
319.48
1449.24
1449.24
3075.76
3075.76
3770.17
3770.17
3770.17
3770.17
3770.17
3770.17
3770.17
3770.17
3770.17
3770.17
3770.17
3770.17
3770.17
3770.17
3770.17
3770.17
3770.17
3770.17
3770.17
3770.17
3770.17
3770.17
3770.17
3770.17
10.00
10.00
10.00
10.00
10.00
10.00
10.00
368.75
368.75
603.04
764.72
926.22
1093.40
1093.40
1118.29
1118.29
1422.80
1422.80
1506.91
1506.91
1580.69
1580.69
1887.63
1887.63
2162.11
2162.11
2162.11
2162.11
2162.11
2162.11
2339.79
2339.79
2358.43
2358.43
2387.18
2387.18
2387.18
2387.18
2387.18
2387.18
2387.18
2387.18
2443.85
2443.85
2522.30
2522.30
2522.30
2522.30
2522.30
2522.30
2522.30
2522.30
2791.99
2791.99
2791.99
2791.99
2777.66
2777.66
2777.66
2777.66
2777.66
2777.66
2873.60
2873.60
3125.52
3125.52
2910.11
2910.11
3039.19
3039.19
2951.48
2951.48
3367.14
3367.14
3364.39
3364.39
3163.97
3163.97
3194.80
3194.80
3194.80
3194.80
1998.76
1998.76
3614.10
3614.10
3614.10
3614.10
3537.77
3537.77
3590.28
3590.28
3327.22
3327.22
3685.62
3685.62
3685.62
3685.62
3708.76
3708.76
3794.20
3794.20
3794.20
3794.20
3794.20
3794.20
3794.20
3794.20
3794.20
3794.20
3794.20
3794.20
3794.20
3794.20
3794.20
3794.20
3794.20
3794.20
10.00
10.00
10.00
10.00
10.00
10.00
10.00
10.00
491.01
491.01
609.24
756.84
756.84
883.56
925.27
1174.42
1116.67
1116.67
1425.12
1425.12
1624.86
1624.86
1898.33
1898.33
1750.49
1750.49
1867.42
1867.42
2202.45
2202.45
2202.45
2202.45
2202.45
2202.45
2293.70
2293.70
2267.41
2267.41
2466.11
2466.11
2477.57
2477.57
2477.57
2477.57
2203.64
2203.64
2503.55
2503.55
2240.91
2240.91
2240.91
2240.91
2438.32
2438.32
2497.53
2497.53
10.00
10.00
2386.43
2386.43
2622.89
2622.89
2596.25
2596.25
2886.17
2886.17
2885.81
2885.81
2885.81
2885.81
2885.81
2885.81
2629.13
2629.13
2975.64
2975.64
2975.64
2975.64
2965.66
2965.66
3002.13
3002.13
3002.13
3002.13
3167.13
3167.13
3312.97
3312.97
3980.80
3980.80
3980.80
3980.80
3980.80
3980.80
3980.80
3980.80
3980.80
3980.80
3980.80
3980.80
3980.80
3980.80
3980.80
3980.80
3980.80
3980.80
3980.80
3980.80
85.25
85.25
85.25
85.25
165.51
165.51
583.79
583.79
699.84
699.84
732.81
732.81
847.78
847.78
931.46
931.46
909.83
909.83
1054.63
1054.63
1143.49
1143.49
1291.06
1291.06
1319.89
1319.89
1319.89
1332.99
1332.99
1332.99
765.84
1495.15
1495.15
1495.15
1405.56
1405.56
1724.20
1724.20
2089.35
2089.35
2083.20
2083.20
2302.86
2302.86
1875.89
1875.89
2123.45
2123.45
2288.52
2288.52
2288.52
2288.52
1990.23
1990.23
2662.88
2662.88
2662.88
2662.88
2662.88
2662.88
2662.88
2662.88
2662.88
2662.88
2662.88
2662.88
2662.88
2662.88
2849.06
2849.06
3082.03
3082.03
3199.81
3199.81
3391.52
3391.52
3229.21
3229.21
4419.67
4419.67
4054.86
4054.86
4417.68
4417.68
4043.30
4043.30
4682.39
4682.39
4457.76
4457.76
5093.19
5093.19
5367.19
5367.19
5367.19
5367.19
5180.38
5180.38
5180.38
5180.38
5180.38
5180.38
5180.38
5180.38
5180.38
5180.38
5180.38
5180.38
5180.38
5180.38
5222.42
5222.42
5222.42
5222.42
5222.42
5222.42
5222.42
5222.42
5222.42
5222.42
1230.81
1230.81
2531.34
2531.34
2531.34
2531.34
3399.49
3399.49
3829.02
3829.02
4383.10
4383.10
4573.37
4573.37
4791.34
4791.34
4681.74
4681.74
4807.96
4807.96
4959.66
4959.66
4428.25
4428.25
4562.57
4562.57
4878.43
4878.43
2105.77
2105.77
5132.79
5132.79
5121.12
5121.12
5121.12
5121.12
5121.12
5121.12
5121.12
5121.12
5121.12
5121.12
5121.12
5121.12
5121.12
5121.12
5121.12
5121.12
5121.12
5121.12
5004.20
5004.20
5306.37
5306.37
5306.37
5306.37
5306.37
5306.37
5306.37
5306.37
5306.37
5306.37
10.00
10.00
1208.69
1208.69
4404.16
4404.16
4377.44
4377.44
4484.35
4484.35
5157.02
5157.02
5157.02
5157.02
5157.02
5157.02
5157.02
5157.02
5157.02
5157.02
5157.02
5157.02
5157.02
5157.02
4603.76
4603.76
5627.76
5627.76
307.06
307.06
307.06
307.06
309.84
309.84
309.84
309.84
309.84
309.84
309.84
309.84
309.84
309.84
309.84
309.84
309.84
309.84
454.07
454.07
661.82
661.82
2739.71
2739.71
219.50
219.50
219.50
219.50
740.38
740.38
740.38
1271.25
1412.14
1412.14
1499.09
1499.09
1499.09
1499.09
1506.56
1506.56
1721.21
1721.21
1697.54
1697.54
1697.54
1697.54
1747.70
1747.70
1747.70
1747.70
1846.93
1846.93
1902.91
1902.91
1977.05
1977.05
2005.90
2005.90
2220.69
2220.69
2029.08
2029.08
2111.76
2111.76
2327.03
2327.03
2719.61
2719.61
2257.69
2257.69
2257.69
2257.69
2257.69
2257.69
2257.69
2257.69
2596.74
2596.74
2414.17
2414.17
2821.19
2821.19
2821.19
2821.19
2821.19
2821.19
2515.66
2515.66
2685.66
2685.66
3034.03
3034.03
3067.33
3067.33
3067.33
3067.33
3083.63
3083.63
3083.63
3083.63
2963.99
2963.99
2963.99
2963.99
2963.99
2963.99
2963.99
2963.99
2963.99
2963.99
2963.99
2963.99
2963.99
2963.99
2963.99
2963.99
2963.99
2963.99
2963.99
2963.99
2494.50
2494.50
2494.50
2494.50
2850.02
2850.02
2850.02
2850.02
2850.02
2850.02
2850.02
2850.02
2835.74
2835.74
2862.11
2862.11
2862.11
2862.11
2862.11
2862.11
2862.11
2862.11
2862.11
2862.11
2862.11
2862.11
2862.11
2862.11
2862.11
2862.11
2862.11
2862.11
2862.11
2862.11
2862.11
2862.11
2862.11
2862.11
2862.11
2862.11
2862.11
2862.11
121.91
121.91
121.91
435.24
510.57
510.57
604.50
604.50
749.61
749.61
853.87
853.87
953.04
953.04
280.93
280.93
345.51
345.51
1298.31
1298.31
1237.55
1237.55
1238.80
1238.80
1376.73
1376.73
1242.63
1242.63
1496.93
1496.93
1750.23
1750.23
1698.36
1698.36
1782.74
1782.74
1879.28
1879.28
2031.81
2031.81
2063.05
2063.05
2039.85
2039.85
1964.82
1964.82
1964.82
1964.82
2236.73
2236.73
2157.62
2157.62
2284.60
2284.60
2455.71
2455.71
2455.71
2455.71
2455.71
2455.71
2452.80
2452.80
2346.61
2346.61
59.54
59.54
1137.52
1137.52
1479.85
1479.85
1479.85
1479.85
2603.09
2603.09
2603.09
2603.09
2603.09
2603.09
2554.42
2554.42
2554.42
2554.42
2554.42
2554.42
2558.98
2558.98
2574.57
2574.57
2644.05
2644.05
2576.34
2576.34
338.02
338.02
2573.12
2573.12
2573.12
2839.84
2839.84
2940.42
2940.42
2940.42
3114.68
3114.68
3083.50
3083.50
3083.50
3179.10
3179.10
3314.10
3314.10
3314.10
3314.10
3314.10
3314.10
3314.10
3314.10
3314.10
3314.10
3314.10
3314.10
3314.10
3314.10
3314.10
3314.10
3314.10
3314.10
3314.10
3314.10
3314.10
3314.10
3314.10
3314.10
3314.10
3314.10
3314.10
3314.10
3314.10
3314.10
3314.10
3314.10
3314.10
3314.10
3314.10
3314.10
3314.10
3314.10
3314.10
3314.10
3314.10
3314.10
3314.10
3314.10
3314.10
3314.10
3314.10
3314.10
3314.10
3314.10
3314.10
3314.10
3314.10
3314.10
3314.10
3314.10
3314.10
3314.10
3314.10
3314.10
3314.10
3314.10
3314.10
3314.10
3314.10
3314.10
3314.10
3314.10
3314.10
3314.10
3314.10
3314.10
3314.10
3314.10
3314.10
3314.10
3314.10
3314.10
3314.10
3314.10
3314.10
3314.10
3314.10
3314.10
3314.10
3314.10
3314.10
3314.10
3314.10
3314.10
3314.10
3314.10
3314.10
3314.10
3314.10
3314.10
3314.10
3314.10
3314.10
3314.10
3314.10
3314.10
3114.15
3114.15
3114.15
3114.15
3114.15
3114.15
3114.15
3114.15
3152.30
3152.30
3241.33
3241.33
3261.18
3261.18
3261.18
3261.18
3112.82
3112.82
3291.20
3291.20
3291.20
3291.20
3485.41
3485.41
3489.75
3489.75
3665.82
3665.82
3666.36
3666.36
3711.09
3711.09
3711.09
3711.09
3711.09
3711.09
3711.09
3711.09
10.00
10.00
1774.41
1774.41
1798.93
1798.93
1834.23
1834.23
1834.23
1834.23
1834.23
1834.23
1834.23
1834.23
811.10
811.10
1644.91
1644.91
1741.93
1741.93
2053.77
2053.77
2164.51
2164.51
2629.63
2629.63
2635.74
2635.74
2635.74
2635.74
2635.74
2635.74
2635.74
2635.74
938.17
938.17
1947.81
1947.81
1947.81
1947.81
1947.81
1947.81
1947.81
1947.81
1947.81
1947.81
1947.81
1947.81
1947.81
1947.81
1947.81
1947.81
1947.81
1947.81
1947.81
1947.81
2666.07
2666.07
2666.07
2666.07
2664.39
2664.39
2664.39
2664.39
2664.39
2664.39
2664.39
2664.39
2664.39
2664.39
2664.39
2664.39
2664.39
2664.39
2664.39
2664.39
2664.39
2664.39
2604.85
2604.85
2584.80
2584.80
2584.80
2584.80
2427.05
2427.05
2607.95
2607.95
2607.95
2607.95
2592.13
2592.13
2724.09
2724.09
2724.09
2724.09
2724.09
2724.09
2724.09
2724.09
2763.29
2763.29
2763.29
2763.29
2763.29
2763.29
2503.63
2503.63
3190.76
3190.76
3180.48
3180.48
3245.92
3245.92
3191.43
3191.43
3247.41
3247.41
2963.60
2963.60
3879.11
3879.11
10.00
10.00
3905.33
3905.33
3940.81
3940.81
3940.81
3940.81
3940.81
3940.81
3940.81
3940.81
3940.81
3940.81
2005.18
2005.18
4176.54
4176.54
4506.71
4506.71
3684.12
3684.12
3684.12
3684.12
4918.51
4918.51
5212.13
5212.13
5126.85
5126.85
5536.65
5536.65
5680.67
5680.67
5680.67
5680.67
5680.67
5680.67
5680.67
5680.67
6276.43
6276.43
6054.40
6054.40
6546.46
6546.46
6536.36
6536.36
6480.85
6480.85
6480.85
6480.85
6480.85
6480.85
6480.85
6480.85
6480.85
6480.85
6480.85
6480.85
6480.85
6480.85
6480.85
6480.85
6480.85
6480.85
6480.85
6480.85
6324.35
6324.35
6324.35
6324.35
6324.35
6324.35
6324.35
6324.35
6324.35
6324.35
6324.35
6324.35
6324.35
6324.35
6324.35
6324.35
6324.35
6324.35
6324.35
6324.35
6324.35
6324.35
6324.35
6324.35
6324.35
6324.35
6324.35
6324.35
6324.35
6324.35
6324.35
6324.35
6324.35
6324.35
6324.35
6324.35
6324.35
6324.35
6324.35
6324.35
6117.58
6117.58
6548.55
6548.55
6548.55
6548.55
5236.95
5236.95
5236.95
5236.95
5236.95
5236.95
331.97
331.97
5513.80
5513.80
5540.65
5540.65
5540.65
5540.65
5381.48
5381.48
5645.91
5645.91
5643.52
5643.52
5459.69
5459.69
5459.69
5459.69
4322.89
4322.89
787.91
787.91
5530.96
5530.96
5530.96
5530.96
5530.96
5530.96
5530.96
5530.96
5530.96
5530.96
5892.90
5892.90
5561.40
5561.40
6102.50
6102.50
5975.99
5975.99
5646.84
5646.84
5646.84
5646.84
5646.84
5646.84
5646.84
5646.84
5646.84
5646.84
5646.84
5646.84
5646.84
5646.84
5646.84
5646.84
5646.84
5646.84
5646.84
5646.84
5646.84
5646.84
5646.84
5646.84
5646.84
5646.84
5646.84
5646.84
5646.84
5646.84
5646.84
5646.84
5646.84
5646.84
5646.84
5646.84
5646.84
5646.84
5646.84
5646.84
5646.84
5646.84
5646.84
5646.84
5646.84
5646.84
5646.84
5646.84
5646.84
5646.84
5646.84
5646.84
5646.84
5646.84
5646.84
5646.84
5646.84
5646.84
5646.84
5646.84
5646.84
5646.84
5646.84
5646.84
5646.84
5646.84
5646.84
5646.84
5646.84
5646.84
5646.84
5646.84
5646.84
5646.84
5646.84
5646.84
10.00
10.00
10.00
10.00
10.00
10.00
10.00
10.00
446.95
549.47
762.59
859.84
870.55
870.55
1040.94
1040.94
1106.85
1106.85
1074.97
1074.97
1154.81
1154.81
1100.59
1100.59
1333.88
1333.88
1250.70
1250.70
1250.70
1250.70
1259.31
1259.31
1548.00
1548.00
1502.92
1502.92
1534.93
1534.93
1749.28
1749.28
1694.91
1694.91
1642.91
1642.91
1938.59
1938.59
1963.03
1963.03
1900.72
1900.72
1758.09
1758.09
1883.91
1883.91
1983.57
1983.57
1983.57
1983.57
1875.97
1875.97
1985.23
1985.23
2082.27
2082.27
2291.62
2291.62
2291.62
2291.62
2291.62
2291.62
2291.62
2291.62
2291.62
2291.62
2310.63
2310.63
2458.41
2458.41
2257.93
2257.93
2257.93
2257.93
2257.93
2257.93
2477.33
2477.33
2477.33
2477.33
2497.50
2497.50
2546.91
2546.91
2546.91
2546.91
2629.12
2629.12
2721.28
2721.28
2771.68
2771.68
2935.61
2935.61
2935.61
2935.61
2935.61
2935.61
2858.98
2858.98
2858.98
2858.98
2858.98
2858.98
2858.98
2858.98
2858.98
2858.98
2951.43
2951.43
2460.17
2460.17
2460.17
2460.17
2460.17
2460.17
2930.78
2930.78
3053.50
3053.50
3053.50
3053.50
3053.50
3053.50
3053.50
3053.50
3053.50
3053.50
3053.50
3053.50
3016.69
3016.69
3016.69
3016.69
3016.69
3016.69
3016.69
3016.69
3016.69
3016.69
3130.24
3130.24
2931.63
2931.63
3129.32
3129.32
3129.32
3129.32
3129.32
3129.32
3129.32
3129.32
3129.32
3129.32
3129.32
3129.32
3129.32
3129.32
3129.32
3129.32
3129.32
3129.32
3082.20
3082.20
3082.20
3082.20
3082.20
3082.20
3153.07
3153.07
3200.33
3200.33
3200.33
3200.33
3200.33
3200.33
3200.33
3200.33
3200.33
3200.33
3200.33
3200.33
3200.33
3200.33
3200.33
3200.33
3200.33
3200.33
3200.33
3200.33
3200.33
3200.33
3200.33
3200.33
3200.33
3200.33
10.00
10.00
10.00
10.00
10.00
10.00
10.00
287.17
520.30
520.30
665.46
787.76
807.85
807.85
781.84
781.84
789.31
789.31
1024.31
1024.31
1092.37
1092.37
1143.66
1143.66
1333.88
1333.88
1250.53
1250.53
10.00
10.00
10.00
10.00
288.27
288.27
376.88
376.88
1419.16
1419.16
1257.97
1257.97
1602.37
1602.37
1691.50
1691.50
1789.56
1789.56
1946.04
1946.04
1902.51
1902.51
1887.91
1887.91
2153.46
2153.46
2302.25
2302.25
2405.29
2405.29
2405.29
2405.29
2571.22
2571.22
2571.94
2571.94
2571.94
2571.94
2571.94
2571.94
2571.94
2571.94
2571.94
2571.94
2571.94
2571.94
2571.94
2571.94
2571.94
2571.94
2719.38
2719.38
2769.01
2769.01
2691.96
2691.96
2613.71
2613.71
2791.46
2791.46
2626.88
2626.88
2954.22
2954.22
2758.63
2758.63
2589.38
2589.38
3013.21
3013.21
3155.51
3155.51
3319.92
3319.92
3319.92
3319.92
3421.45
3421.45
3742.28
3742.28
3806.84
3806.84
3806.84
3806.84
3806.84
3806.84
3806.84
3806.84
3859.28
3859.28
3835.01
3835.01
3806.02
3806.02
4057.39
4057.39
3708.16
3708.16
3905.89
3905.89
3827.04
3827.04
4069.73
4069.73
4069.73
4069.73
4069.73
4069.73
4069.73
4069.73
4069.73
4069.73
4249.24
4249.24
4249.24
4249.24
4249.24
4249.24
4211.29
4211.29
4223.52
4223.52
4309.20
4309.20
4079.64
4079.64
4609.62
4609.62
4817.24
4817.24
4376.98
4376.98
5031.40
5031.40
5031.40
5031.40
5031.40
5031.40
5031.40
5031.40
5031.40
5031.40
5828.79
5828.79
5828.79
5828.79
5828.79
5828.79
5828.79
5828.79
5828.79
5828.79
5828.79
5828.79
5828.79
5828.79
5828.79
5828.79
5828.79
5828.79
5828.79
5828.79
5828.79
5828.79
5828.79
5828.79
5828.79
5828.79
5828.79
5828.79
5828.79
5828.79
5828.79
5828.79
5828.79
5828.79
5828.79
5828.79
5828.79
5828.79
5828.79
5828.79
5828.79
5828.79
5828.79
5828.79
5375.94
5375.94
5375.94
5375.94
5375.94
5375.94
5375.94
5375.94
5375.94
5375.94
5375.94
5375.94
5375.94
5375.94
5375.94
5375.94
5375.94
5375.94
5375.94
5375.94
5375.94
5375.94
5375.94
5375.94
5375.94
5375.94
5375.94
5375.94
5375.94
5375.94
5375.94
5375.94
5375.94
5375.94
5375.94
5375.94
5375.94
5375.94
5375.94
5375.94
5375.94
5375.94
5375.94
5375.94
5375.94
5375.94
5375.94
5375.94
5375.94
5375.94
5375.94
5375.94
5375.94
5375.94
5375.94
5375.94
5375.94
5375.94
5375.94
5375.94
5375.94
5375.94
5375.94
5375.94
5375.94
5375.94
5375.94
5375.94
5375.94
5375.94
5375.94
5375.94
5375.94
5375.94
5375.94
5375.94
5375.94
5375.94
5375.94
5375.94
5375.94
5375.94
5375.94
5375.94
5375.94
5375.94
5375.94
5375.94
5375.94
5375.94
5375.94
5375.94
5375.94
5375.94
5375.94
5375.94
5375.94
5375.94
5375.94
5375.94
5375.94
5375.94
5375.94
5375.94
5375.94
5375.94
5375.94
5375.94
5375.94
5375.94
5375.94
5375.94
5375.94
5375.94
5375.94
5375.94
5375.94
5375.94
5375.94
5375.94
5375.94
5375.94
5375.94
5375.94
5375.94
5375.94
5375.94
5375.94
5375.94
5375.94
5375.94
5375.94
5375.94
5375.94
5375.94
5375.94
5375.94
5375.94
5375.94
5375.94
5375.94
5375.94
5375.94
5375.94
5375.94
5375.94
5375.94
5375.94
5375.94
5375.94
5375.94
5375.94
5375.94
5375.94
5375.94
5375.94
5375.94
5375.94
5375.94
5375.94
5375.94
5375.94
5375.94
5375.94
5375.94
5375.94
5375.94
5375.94
5375.94
5375.94
5375.94
5375.94
5375.94
5375.94
5375.94
5375.94
5375.94
5375.94
5375.94
5375.94
5375.94
5375.94
5375.94
5375.94
5375.94
5375.94
5375.94
5375.94
5375.94
5375.94
5375.94
5375.94
5375.94
5375.94
5375.94
5375.94
5375.94
5375.94
5375.94
5375.94
5375.94
5375.94
5375.94
5375.94
5375.94
5375.94
5375.94
5375.94
5375.94
5375.94
5375.94
5375.94
5375.94
5375.94
5375.94
5375.94
5375.94
5375.94
5375.94
5375.94
5375.94
5375.94
5375.94
5375.94
5375.94
5375.94
5375.94
5375.94
5375.94
5375.94
5375.94
5375.94
5375.94
5375.94
5375.94
5375.94
5375.94
5375.94
5375.94
5375.94
5375.94
5375.94
5375.94
5375.94
5375.94
5375.94
5375.94
5375.94
5375.94
5375.94
5375.94
5375.94
5375.94
5375.94
5375.94
5375.94
5375.94
5375.94
5375.94
5375.94
5375.94
5375.94
5375.94
5375.94
5375.94
5375.94
5375.94
5375.94
5375.94
5375.94
5375.94
5375.94
5375.94
5375.94
5375.94
5375.94
5375.94
5375.94
5375.94
5375.94
5375.94
5375.94
5375.94
5375.94
5375.94
5375.94
5375.94
5375.94
5375.94
5375.94
5375.94
5375.94
5375.94
5375.94
5375.94
5375.94
5375.94
5375.94
5375.94
5375.94
5375.94
5375.94
5375.94
5375.94
5375.94
5375.94
5375.94
5375.94
5375.94
5375.94
5375.94
5375.94
5375.94
5375.94
5375.94
5375.94
5375.94
5375.94
5375.94
5375.94
5375.94
5375.94
5375.94
5375.94
5375.94
5375.94
5375.94
5375.94
5375.94
10.00
10.00
10.00
10.00
10.00
120.72
120.72
287.14
353.42
353.42
353.42
618.30
585.89
585.89
705.10
705.10
794.21
794.21
890.33
890.33
881.41
881.41
1071.34
1071.34
1075.44
1075.44
1075.44
1075.44
1075.44
1075.44
988.09
988.09
1234.35
1234.35
1233.21
1233.21
1258.49
1258.49
1442.46
1442.46
1442.46
1442.46
1442.46
1442.46
1298.69
1298.69
1710.36
1710.36
1647.89
1647.89
1737.32
1737.32
1750.50
1750.50
1750.50
1750.50
1871.30
1871.30
2071.42
2071.42
2353.00
2353.00
2378.84
2378.84
2378.84
2378.84
2378.84
2378.84
2419.94
2419.94
2445.88
2445.88
2495.76
2495.76
2314.73
2314.73
2578.91
2578.91
2867.82
2867.82
2829.27
2829.27
2901.43
2901.43
2901.43
2901.43
2883.16
2883.16
2883.16
2883.16
2657.39
2657.39
342.10
342.10
3465.83
3465.83
3465.83
3465.83
3465.83
3465.83
3416.37
3416.37
3359.58
3359.58
3359.58
3359.58
3359.58
3359.58
3359.58
3359.58
3359.58
3359.58
3359.58
3359.58
3359.58
3359.58
3359.58
3359.58
3359.58
3359.58
3359.58
3359.58
3359.58
3359.58
3359.58
3359.58
3359.58
3359.58
3359.58
3359.58
3359.58
3359.58
3359.58
3359.58
3359.58
3359.58
3359.58
3359.58
3359.58
3359.58
3359.58
3359.58
3359.58
3359.58
3359.58
3359.58
3359.58
3359.58
3359.58
3359.58
3359.58
3359.58
3359.58
3359.58
3359.58
3359.58
3359.58
3359.58
3359.58
3359.58
3359.58
3359.58
3359.58
3359.58
3359.58
3359.58
3359.58
3359.58
3359.58
3359.58
3359.58
3359.58
3359.58
3359.58
3359.58
3359.58
3359.58
3359.58
3359.58
3359.58
3359.58
3359.58
3359.58
3359.58
3359.58
3359.58
3359.58
3359.58
3359.58
3359.58
3359.58
3359.58
3359.58
3359.58
3359.58
3359.58
3359.58
3359.58
3359.58
3359.58
3359.58
3359.58
3359.58
3359.58
3359.58
3359.58
3359.58
3359.58
3359.58
3359.58
3359.58
3359.58
3359.58
3359.58
3359.58
3359.58
3359.58
3359.58
3359.58
3359.58
3359.58
3359.58
3359.58
3359.58
3359.58
3359.58
3359.58
3359.58
3359.58
3359.58
3359.58
3359.58
3359.58
3359.58
3359.58
3359.58
3359.58
3359.58
373.59
373.59
382.34
382.34
1726.25
1726.25
1593.94
1593.94
1894.55
1894.55
2172.03
2172.03
2172.03
2172.03
2172.03
2172.03
2172.03
2172.03
2172.03
2172.03
2166.01
2166.01
2166.01
2166.01
2122.01
2122.01
2122.01
2122.01
2122.01
2122.01
2135.96
2135.96
2376.97
2376.97
3110.65
3110.65
3110.65
3110.65
3110.65
3110.65
2783.82
2783.82
2783.82
2783.82
2783.82
2783.82
2783.82
2783.82
2783.82
2783.82
2783.82
2783.82
2783.82
2783.82
2783.82
2783.82
2783.82
2783.82
2783.82
2783.82
3646.79
3646.79
3478.90
3478.90
3616.23
3616.23
3593.02
3593.02
3593.02
3593.02
3593.02
3593.02
3593.02
3593.02
3593.02
3593.02
3593.02
3593.02
3593.02
3593.02
3593.02
3593.02
3593.02
3593.02
3655.18
3655.18
3655.18
3655.18
3655.18
3655.18
3655.18
3655.18
3655.18
3655.18
3655.18
3655.18
3655.18
3655.18
3655.18
3655.18
3622.11
3622.11
3622.11
3622.11
3622.11
3622.11
3622.11
3622.11
3622.11
3622.11
3622.11
3622.11
3622.11
3622.11
3622.11
3622.11
3622.11
3622.11
3636.06
3636.06
3636.06
3636.06
3636.06
3636.06
3636.06
3636.06
3636.06
3636.06
3636.06
3636.06
3636.06
3636.06
3470.00
3470.00
3470.00
3470.00
3470.00
3470.00
3470.00
3470.00
3470.00
3470.00
3470.00
3470.00
3470.00
3470.00
3470.00
3470.00
3470.00
3470.00
3470.00
3470.00
3470.00
3470.00
3470.00
3470.00
3470.00
3470.00
3470.00
3470.00
3470.00
191.76
191.76
474.84
525.19
629.83
781.59
781.59
799.82
799.82
921.98
921.98
992.63
992.63
1027.84
1027.84
897.33
897.33
1246.64
1246.64
1560.71
1560.71
1490.56
1490.56
1699.70
1699.70
1731.54
1731.54
1937.17
1937.17
2058.76
2058.76
2058.76
2058.76
2124.26
2124.26
2124.26
2124.26
2419.07
2419.07
2554.86
2554.86
2554.86
2554.86
2554.86
2554.86
2660.86
2660.86
2895.66
2895.66
3019.46
3019.46
2643.84
2643.84
3187.56
3187.56
3187.56
3187.56
3191.12
3191.12
3191.12
3191.12
3191.12
3191.12
3650.03
3650.03
3650.03
3650.03
3650.03
3650.03
3650.03
3650.03
3650.03
3650.03
3650.03
3650.03
3650.03
3650.03
3650.03
3650.03
3650.03
3650.03
3650.03
3650.03
3650.03
3650.03
3650.03
3650.03
3279.94
3279.94
3943.02
3943.02
3721.25
3721.25
4016.80
4016.80
4216.80
4216.80
4216.80
4216.80
4216.80
4216.80
4216.80
4216.80
4216.80
4216.80
4216.80
4216.80
4216.80
4216.80
4216.80
4216.80
4216.80
4216.80
4216.80
4216.80
4216.80
4216.80
4216.80
4216.80
4216.80
4216.80
4194.55
4194.55
4194.55
4194.55
4194.55
4194.55
4194.55
4194.55
4194.55
4194.55
4194.55
4194.55
4194.55
4194.55
4194.55
4194.55
4355.90
4355.90
4355.90
4355.90
4355.90
4355.90
4355.90
4355.90
4274.05
4274.05
4271.51
4271.51
4271.51
4271.51
4271.51
4271.51
4271.51
4271.51
4271.51
4271.51
4271.51
4271.51
4271.51
4271.51
4271.51
143.94
143.94
143.94
497.56
497.56
497.56
895.91
1149.05
1149.05
1312.25
1534.82
1552.23
1626.17
1918.72
1918.72
1955.19
1955.19
2338.31
2338.31
2338.31
2338.31
2338.31
2338.31
2338.31
2338.31
2338.31
2338.31
2338.31
2338.31
2338.31
2338.31
2338.31
2338.31
2504.26
2504.26
2504.26
2504.26
2390.23
2390.23
2512.12
2512.12
2512.12
2512.12
2533.11
2533.11
2738.84
2738.84
2738.84
2738.84
2840.54
2840.54
2842.66
2842.66
2814.49
2814.49
2814.49
2814.49
2814.49
2814.49
2814.49
2814.49
2814.49
2814.49
2814.49
2814.49
2814.49
2814.49
2814.49
2814.49
2814.49
2814.49
2814.49
2814.49
2814.49
2814.49
2814.49
2814.49
2814.49
2814.49
2814.49
2814.49
2814.49
2814.49
2814.49
2814.49
2814.49
2814.49
2814.49
2814.49
2814.49
2814.49
2814.49
2814.49
2814.49
2814.49
2814.49
2814.49
2814.49
2814.49
2800.03
2800.03
2800.03
2800.03
2800.03
2800.03
2800.03
2800.03
2800.03
2800.03
2800.03
2800.03
2800.03
2800.03
3041.57
3041.57
2949.67
2949.67
3011.58
3011.58
3011.58
3011.58
2995.78
2995.78
2995.78
2995.78
324.87
324.87
3163.26
3163.26
3163.26
3163.26
3163.26
3163.26
3163.26
3163.26
2931.03
2931.03
3083.36
3083.36
3176.48
3176.48
3373.66
3373.66
3373.66
3373.66
3373.66
3373.66
3373.66
3373.66
3373.66
3373.66
3421.37
3421.37
3393.38
3393.38
3380.70
3380.70
3345.03
3345.03
3345.03
3345.03
3547.91
3547.91
3697.30
3697.30
3697.30
3697.30
3697.30
3697.30
3594.04
3594.04
3594.04
3594.04
3639.68
3639.68
92.01
92.01
1775.79
1775.79
1775.79
1775.79
1775.79
1775.79
1775.79
1775.79
1775.79
1775.79
1775.79
1775.79
1775.79
1775.79
1775.79
1775.79
1775.79
1775.79
1775.79
1775.79
1775.79
1775.79
1775.79
1775.79
1775.79
1775.79
1775.79
1775.79
1775.79
1775.79
1775.79
1775.79
1775.79
1775.79
1775.79
1775.79
1775.79
1775.79
1775.79
1775.79
1775.79
1775.79
1775.79
3583.74
3583.74
3651.23
3651.23
3651.23
3651.23
3651.23
3651.23
3651.23
3651.23
3651.23
3651.23
3581.14
3581.14
3581.14
3581.14
3581.14
3581.14
3612.28
3612.28
3873.32
3873.32
4144.93
4144.93
4144.93
4144.93
4144.93
4144.93
4196.00
4196.00
4196.00
4196.00
4624.89
4624.89
4624.89
4624.89
4624.89
4624.89
4624.89
5341.95
5341.95
5341.95
10.00
1766.16
1766.16
1766.16
305.14
1976.90
1976.90
1976.90
2105.24
2105.24
2105.24
2105.24
2105.24
2105.24
2105.24
2324.57
2324.57
2324.57
2324.57
2324.57
2324.57
2324.57
2324.57
2324.57
2324.57
2324.57
2324.57
2324.57
2324.57
2324.57
2324.57
2324.57
2324.57
2324.57
2324.57
2340.32
2340.32
2340.32
2340.32
2625.64
2625.64
3729.24
3729.24
5193.43
5193.43
5193.43
5193.43
5193.43
5193.43
5193.43
5193.43
5193.43
5193.43
5193.43
5193.43
5193.43
5193.43
5193.43
5193.43
5193.43
5193.43
5193.43
5193.43
5193.43
5193.43
5193.43
5193.43
5193.43
5193.43
5193.43
5193.43
5193.43
5193.43
5193.43
5193.43
5193.43
5193.43
5193.43
5193.43
5193.43
5193.43
5193.43
5193.43
5193.43
10.00
10.00
10.00
10.00
10.00
10.00
10.00
10.00
467.15
467.15
610.76
610.76
762.99
914.24
914.24
1085.91
1223.00
1298.91
1357.33
1704.10
1704.10
1930.70
1930.70
1898.76
1898.76
1772.64
1772.64
2402.53
2402.53
2421.00
2421.00
2609.67
2609.67
2609.67
2845.39
2845.39
2845.39
2845.39
3080.05
3228.19
3228.19
3228.19
3331.95
3331.95
3331.95
3331.95
3331.95
3331.95
3189.69
3189.69
3189.69
3189.69
3189.69
3189.69
3189.69
3360.75
3360.75
3360.75
2847.01
3235.67
3235.67
3235.67
3235.67
3235.67
3235.67
3235.67
3235.67
3235.67
3235.67
3235.67
3235.67
3235.67
3235.67
3235.67
3235.67
3281.02
3281.02
3281.02
3281.02
3281.02
3281.02
3472.57
3472.57
3472.57
3475.84
3623.56
3623.56
3644.01
3644.01
3644.01
3644.01
3644.01
3644.01
3644.01
3644.01
3644.01
495.08
495.08
630.76
630.76
839.46
1023.04
1091.40
1091.40
935.05
935.05
1317.55
1317.55
1388.42
1388.42
1625.48
1625.48
1723.54
1723.54
1799.57
1799.57
2016.54
2016.54
2060.89
2060.89
2450.29
2450.29
2669.49
2669.49
2820.76
2820.76
2820.76
2820.76
2820.76
2820.76
2820.76
2820.76
2804.65
2804.65
10.00
10.00
3488.45
3488.45
3488.45
3488.45
3544.52
3544.52
3544.52
3544.52
3535.23
3535.23
3655.38
3655.38
3796.94
3796.94
3796.94
3796.94
3796.94
3796.94
3796.94
3796.94
3796.94
3796.94
3796.94
3796.94
3796.94
3796.94
3790.62
3790.62
3790.62
3790.62
3790.62
3790.62
3790.62
3790.62
3790.62
3790.62
3790.62
3790.62
3888.29
3888.29
3888.29
3888.29
3888.29
3888.29
3888.29
3888.29
3888.29
3888.29
3888.29
3888.29
3888.29
3888.29
3888.29
3888.29
3888.29
3888.29
3888.29
3888.29
3888.29
3888.29
3888.29
3888.29
3888.29
3888.29
3888.29
3888.29
3888.29
3888.29
3888.29
3888.29
3888.29
3888.29
3888.29
3888.29
3888.29
3888.29
3888.29
3888.29
3888.29
3888.29
3888.29
3888.29
3862.05
3862.05
3862.05
3862.05
3862.05
3862.05
3841.41
3841.41
3841.41
3841.41
3874.49
3874.49
4082.75
4082.75
4405.59
4405.59
4405.59
4405.59
4405.59
4405.59
4405.59
4405.59
4405.59
4405.59
4405.59
4405.59
4405.59
4405.59
4405.59
4405.59
4405.59
4405.59
4405.59
4405.59
4405.59
4405.59
4405.59
4405.59
4405.59
4405.59
4405.59
4405.59
4405.59
4405.59
4405.59
4405.59
4405.59
4405.59
4405.59
4405.59
4383.65
4383.65
4383.65
4383.65
4383.65
4383.65
4404.88
4404.88
4522.22
4522.22
4626.42
4626.42
4626.42
4626.42
4626.42
4626.42
4633.88
4633.88
4512.43
4512.43
4731.91
4731.91
4476.83
4476.83
4476.83
4476.83
356.56
356.56
2376.48
2376.48
4748.72
4748.72
4748.72
4748.72
4536.57
4536.57
4536.57
4536.57
4536.57
4536.57
4243.55
4243.55
4243.55
4243.55
4243.55
4243.55
4243.55
4243.55
4243.55
4243.55
4243.55
4243.55
4243.55
4243.55
4243.55
4243.55
4243.55
4243.55
4243.55
4243.55
5071.01
5071.01
5071.01
5071.01
5071.01
5071.01
5071.01
5071.01
5071.01
5071.01
5071.01
5071.01
5033.01
5033.01
5033.01
5033.01
5033.01
5033.01
5033.01
5033.01
5033.01
5033.01
5033.01
5033.01
5033.01
5033.01
5033.01
5033.01
5033.01
5033.01
5033.01
5033.01
5033.01
5033.01
5033.01
5033.01
5033.01
5033.01
5033.01
5033.01
5033.01
5033.01
5033.01
5033.01
5033.01
5033.01
5033.01
5033.01
5033.01
5033.01
5033.01
5033.01
5033.01
5033.01
5033.01
5033.01
5033.01
5033.01
5033.01
5033.01
5033.01
5033.01
5033.01
5033.01
5033.01
5033.01
5033.01
5033.01
5033.01
5033.01
5033.01
5033.01
5033.01
279.93
419.99
487.92
573.94
795.59
808.11
979.21
962.02
1044.91
1092.39
1092.39
1201.64
1201.64
1516.17
1516.17
1515.11
1515.11
1442.62
1442.62
1654.92
1654.92
1738.49
1738.49
1674.05
1674.05
1674.05
1674.05
1674.05
1674.05
1674.05
1674.05
1674.05
1674.05
1674.05
1674.05
1674.05
1674.05
2382.26
2382.26
2382.26
2382.26
2382.26
2382.26
2382.26
2382.26
2382.26
2382.26
2382.26
2382.26
2705.06
2705.06
3256.01
3256.01
3891.05
3891.05
3792.22
3792.22
3953.85
3953.85
3953.85
3953.85
4057.78
4057.78
3977.77
3977.77
4171.71
4171.71
4171.71
4171.71
4171.71
4171.71
4171.71
4171.71
4003.89
4003.89
4143.71
4143.71
3991.36
3991.36
4155.73
4155.73
4393.21
4393.21
4367.00
4367.00
4206.59
4206.59
4552.35
4552.35
4563.83
4563.83
4563.83
4563.83
4563.83
4563.83
4563.83
4563.83
4563.83
4563.83
4563.83
4563.83
4563.83
4563.83
4563.83
4563.83
4563.83
4563.83
4563.83
4563.83
4563.83
4563.83
4703.71
4703.71
4703.71
4703.71
4703.71
4703.71
4703.71
4703.71
4703.71
4703.71
4703.71
4703.71
4703.71
4703.71
4703.71
4703.71
4703.71
4703.71
10.00
10.00
10.00
10.00
10.00
10.00
10.00
10.00
10.00
10.00
10.00
10.00
668.37
782.63
959.89
1065.48
1116.79
1310.55
1310.55
1533.54
1907.06
1907.06
1972.25
1972.25
2133.41
2133.41
2133.41
2133.41
2133.41
2133.41
2133.41
2133.41
2167.42
2167.42
1970.80
1970.80
1970.80
1970.80
2210.18
2210.18
2478.35
2478.35
2478.35
2478.35
2389.26
2389.26
2389.26
2389.26
2514.96
2514.96
10.00
10.00
2320.97
2320.97
2874.57
2874.57
2961.30
2961.30
2936.39
2936.39
2936.39
2936.39
2936.39
2936.39
3064.15
3064.15
3064.15
2916.35
2916.35
3096.98
3138.84
3138.84
3262.78
3262.78
3108.49
3108.49
3108.49
3108.49
3303.82
3303.82
3298.67
3298.67
3298.67
3298.67
3421.50
3421.50
3399.58
3399.58
3399.58
3399.58
329.68
329.68
3486.10
3486.10
3486.10
3486.10
3486.10
3486.10
3669.91
3669.91
3784.38
3784.38
4094.06
4094.06
3715.09
3715.09
3715.09
3715.09
3715.09
3715.09
3715.09
3715.09
3715.09
3715.09
3715.09
3715.09
3715.09
3715.09
3715.09
3715.09
3715.09
3715.09
3715.09
3715.09
3715.09
3715.09
3715.09
3715.09
3715.09
3715.09
3715.09
3715.09
3715.09
3715.09
3715.09
3715.09
3715.09
3715.09
3715.09
3715.09
3715.09
3715.09
3715.09
3715.09
4228.02
4228.02
3963.74
3963.74
3963.74
3963.74
3963.74
3963.74
3963.74
3963.74
3963.74
3963.74
3963.74
3963.74
3963.74
3963.74
3963.74
3963.74
3963.74
3963.74
3963.74
3963.74
3963.74
3963.74
3963.74
3963.74
3963.74
3963.74
3963.74
3963.74
3963.74
3963.74
3963.74
3963.74
3963.74
3963.74
3963.74
177.08
302.61
491.14
625.38
776.68
764.86
805.38
1005.10
1214.32
1416.24
1655.09
1655.09
1906.65
1906.65
1694.40
1694.40
1925.55
1925.55
2060.83
2060.83
1889.83
1889.83
2115.99
2115.99
2477.77
2477.77
2615.97
2615.97
2920.31
2920.31
2910.04
2910.04
2597.73
2597.73
2597.73
2597.73
2597.73
2597.73
2597.73
2597.73
2597.73
2597.73
2597.73
2597.73
2597.73
2597.73
2597.73
2597.73
2597.73
2597.73
2597.73
2597.73
2597.73
2597.73
2597.73
2597.73
2597.73
2597.73
2597.73
2597.73
2597.73
2597.73
2597.73
2597.73
2597.73
2597.73
2597.73
2597.73
3112.79
3112.79
3665.73
3665.73
3665.73
3665.73
3665.73
3665.73
3665.73
3665.73
3665.73
3665.73
3665.73
3665.73
3665.73
3665.73
3665.73
3665.73
3665.73
3665.73
3665.73
3665.73
3665.73
3665.73
3665.73
3665.73
3665.73
3665.73
3665.73
3665.73
3665.73
3665.73
3665.73
3665.73
3665.73
3665.73
3665.73
3665.73
3665.73
3665.73
3573.12
3573.12
3573.12
3573.12
3573.12
3573.12
3674.97
3674.97
3674.97
3674.97
3674.97
3674.97
3674.97
3674.97
3674.97
3674.97
3674.97
3674.97
3674.97
3674.97
3674.97
3674.97
3674.97
3674.97
3674.97
3674.97
3674.97
3674.97
3674.97
3674.97
3674.97
3674.97
3674.97
3674.97
3674.97
3674.97
3674.97
3674.97
3674.97
3674.97
3140.36
3140.36
3189.56
3189.56
3333.36
3333.36
3648.03
3648.03
3854.68
3854.68
3761.59
3761.59
3761.59
3761.59
10.00
10.00
1946.84
1946.84
1946.84
1946.84
4187.10
4187.10
4224.51
4224.51
4224.51
4224.51
4224.51
4224.51
4224.51
4224.51
4224.51
4224.51
4224.51
4224.51
4224.51
4224.51
4224.51
4224.51
4224.51
4224.51
4224.51
4224.51
4224.51
4224.51
4019.90
4019.90
4019.90
4019.90
638.40
638.40
1071.93
1071.93
1071.93
1071.93
1092.22
1092.22
1113.14
1113.14
1198.71
1198.71
1368.36
1368.36
3781.30
3781.30
3781.30
3781.30
3781.30
3781.30
3781.30
3781.30
3784.31
3784.31
3928.45
3928.45
3654.78
3654.78
3654.78
3654.78
3654.78
3654.78
3654.78
3654.78
3654.78
3654.78
3654.78
3654.78
3654.78
3654.78
3654.78
3654.78
3654.78
3654.78
3654.78
3654.78
3654.78
3654.78
3654.78
3654.78
3654.78
3654.78
3654.78
3654.78
3654.78
3654.78
3654.78
3654.78
3654.78
3654.78
3654.78
3654.78
3654.78
3654.78
3654.78
3654.78
3654.78
3654.78
3654.78
3654.78
3654.78
3654.78
3654.78
3654.78
3654.78
3654.78
3654.78
3654.78
3654.78
3654.78
3654.78
3654.78
3654.78
3654.78
3803.63
3803.63
3803.63
3803.63
3803.63
3803.63
3803.63
3803.63
3803.63
3803.63
3803.63
3803.63
3666.57
3666.57
3666.57
3666.57
3666.57
3666.57
3666.57
3666.57
3666.57
3666.57
3782.71
3782.71
3782.71
3782.71
3782.71
3782.71
3350.23
3350.23
3843.77
3843.77
3793.28
3793.28
3712.64
3712.64
3712.64
3712.64
3712.64
3712.64
3712.64
3712.64
3712.64
3712.64
3712.64
3712.64
3712.64
3712.64
3712.64
3712.64
3712.64
3712.64
3712.64
3712.64
3712.64
3712.64
3712.64
3712.64
359.24
359.24
628.58
628.58
723.80
723.80
919.19
919.19
1056.41
1056.41
1047.67
1047.67
1075.11
1075.11
1068.12
1068.12
1244.40
1244.40
1033.98
1033.98
1499.43
1499.43
1605.07
1605.07
1814.80
1814.80
1769.34
1769.34
1802.10
1802.10
2085.74
2085.74
2013.77
2013.77
2215.37
2215.37
2351.59
2351.59
2249.68
2249.68
2100.96
2100.96
2427.59
2427.59
2427.59
2427.59
2427.59
2427.59
2287.08
2287.08
2344.82
2344.82
2477.03
2477.03
2885.87
2885.87
2722.17
2722.17
2691.04
2691.04
3039.97
3039.97
3039.97
3039.97
10.00
10.00
2958.03
2958.03
3060.38
3060.38
3116.11
3116.11
3146.66
3146.66
3198.31
3198.31
3436.19
3436.19
3626.12
3626.12
3626.12
3626.12
3626.12
3626.12
3704.91
3704.91
3704.91
3704.91
3704.91
3704.91
3704.91
3704.91
3704.91
3704.91
3704.91
3704.91
3704.91
3704.91
10.00
10.00
10.00
10.00
10.00
10.00
10.00
10.00
269.01
662.13
662.13
789.54
770.03
1042.36
1057.81
1057.81
1361.28
1361.28
1516.58
1516.58
1487.66
1487.66
1628.66
1628.66
1681.64
1681.64
1714.60
1714.60
1937.26
1937.26
1664.63
1664.63
1569.37
1569.37
2382.43
2382.43
2382.43
2382.43
2382.43
2382.43
2382.43
2382.43
2047.25
2047.25
2299.11
2299.11
2467.37
2467.37
2575.12
2575.12
2678.01
2678.01
2678.01
2678.01
2678.01
2678.01
3101.33
3101.33
3294.25
3294.25
3294.25
3294.25
3294.25
3294.25
3294.25
3294.25
3294.25
3294.25
3294.25
3294.25
3538.82
3538.82
3793.39
3793.39
3834.47
3834.47
3834.47
3834.47
3965.57
3965.57
3965.57
1554.38
3998.82
3998.82
2085.67
2085.67
2085.67
2085.67
2085.67
2085.67
2085.67
2085.67
2085.67
2085.67
3051.11
3051.11
965.95
965.95
1882.89
1882.89
4047.41
4047.41
4073.33
4073.33
4073.33
4073.33
4086.51
4086.51
4086.51
4086.51
4086.51
4086.51
4086.51
4086.51
4086.51
4086.51
4192.76
4192.76
4634.80
4634.80
4465.12
4465.12
4639.01
4639.01
4639.01
4639.01
4639.01
4639.01
4639.01
4639.01
4639.01
4639.01
4639.01
4639.01
4639.01
4639.01
4639.01
4639.01
4639.01
4639.01
5055.49
5055.49
5055.49
5055.49
5055.49
5055.49
5055.49
5055.49
5055.49
2171.23
2204.41
2204.41
2662.72
2662.72
2593.80
2593.80
2593.44
2593.44
2900.79
2900.79
2900.79
2900.79
2900.79
2900.79
2900.79
2900.79
2900.79
2900.79
2900.79
2900.79
2900.79
2900.79
2900.79
2900.79
2900.79
2900.79
2900.79
2900.79
2900.79
2900.79
2900.79
2900.79
2900.79
2900.79
2900.79
2900.79
2900.79
2900.79
2900.79
2900.79
2900.79
2900.79
2900.79
2900.79
2900.79
2900.79
2900.79
2900.79
2900.79
2900.79
2900.79
2900.79
2900.79
2900.79
2900.79
2900.79
2900.79
2900.79
2900.79
2900.79
2900.79
2900.79
2900.79
2900.79
2900.79
2900.79
2900.79
2900.79
2900.79
2900.79
2900.79
2900.79
2900.79
2900.79
2900.79
2900.79
2900.79
2900.79
2900.79
2900.79
2900.79
2900.79
2900.79
2900.79
2900.79
2900.79
2900.79
2900.79
2900.79
2900.79
2900.79
2900.79
2900.79
2900.79
2900.79
2900.79
2900.79
2900.79
2900.79
2900.79
2900.79
2900.79
2900.79
2900.79
2900.79
2900.79
2900.79
2900.79
2900.79
2900.79
2900.79
2900.79
2900.79
2900.79
2900.79
2900.79
2900.79
2900.79
2900.79
2900.79
255.54
255.54
238.76
238.76
334.25
334.25
416.51
416.51
457.88
457.88
470.97
470.97
763.14
763.14
938.62
938.62
936.25
936.25
1111.95
1111.95
1399.94
1399.94
1395.49
1395.49
1501.30
1501.30
1501.30
1501.30
1501.30
1914.85
2347.10
2347.10
2274.51
2274.51
2613.09
2613.09
2613.09
2613.09
2894.06
2894.06
2800.80
2800.80
3649.03
3649.03
3784.41
3784.41
3602.19
3602.19
3776.88
3776.88
3581.66
3581.66
3581.66
3581.66
3581.66
3581.66
3581.66
3581.66
265.30
265.30
4045.86
4045.86
4045.86
4045.86
4045.86
4045.86
4045.86
4045.86
4045.86
4045.86
4045.86
4045.86
4045.86
4045.86
4367.77
4367.77
4783.86
4783.86
4697.51
4697.51
4697.51
4697.51
4697.51
4697.51
4697.51
4697.51
4697.51
4697.51
4697.51
4697.51
4697.51
4697.51
4697.51
4697.51
4697.51
4697.51
4697.51
4697.51
4697.51
4697.51
4697.51
4697.51
4697.51
4697.51
4697.51
4697.51
4697.51
4697.51
4697.51
4697.51
4839.64
4839.64
841.21
841.21
1545.69
1545.69
1545.69
1545.69
1571.33
1571.33
1808.07
1808.07
1827.53
1827.53
2040.91
2040.91
3338.96
3338.96
3338.96
3338.96
3338.96
3338.96
3338.96
3338.96
3338.96
3338.96
3338.96
3338.96
3338.96
3338.96
3338.96
3338.96
3338.96
3338.96
3338.96
3338.96
3338.96
3338.96
3338.96
3338.96
3338.96
3338.96
3338.96
3338.96
3338.96
3338.96
3338.96
3338.96
3338.96
3338.96
3338.96
3338.96
3338.96
3338.96
3338.96
3338.96
3338.96
3338.96
3338.96
3338.96
3338.96
3338.96
3338.96
3338.96
3338.96
3338.96
3338.96
3338.96
3338.96
3338.96
3338.96
3338.96
3338.96
3338.96
3338.96
3338.96
4671.92
4671.92
4671.92
4671.92
4671.92
4671.92
4671.92
4671.92
4671.92
4671.92
4671.92
4671.92
4671.92
4671.92
4671.92
4671.92
4671.92
4671.92
4671.92
4671.92
4671.92
4671.92
4671.92
4671.92
4671.92
4671.92
4671.92
4671.92
4671.92
4671.92
4671.92
4671.92
4671.92
10.00
10.00
10.00
10.00
10.00
10.00
10.00
157.39
157.39
228.47
232.32
232.32
1188.74
1188.74
1461.30
1461.30
1508.02
1508.02
1737.31
1737.31
1731.92
1731.92
1890.19
1890.19
1893.08
1893.08
2073.83
2073.83
2034.38
2034.38
1828.55
1828.55
988.85
988.85
2477.57
2477.57
320.04
320.04
2384.51
2384.51
2384.51
2384.51
2607.61
2607.61
2766.54
2766.54
3049.45
3049.45
3049.45
3049.45
3049.45
3049.45
2542.92
2542.92
3545.49
3545.49
3615.38
3615.38
3114.49
3114.49
300.57
300.57
1392.94
1392.94
1574.29
1574.29
1574.29
1574.29
1574.29
1574.29
1574.29
1574.29
1791.27
1791.27
104.56
104.56
1693.47
1693.47
1693.47
1693.47
1693.47
1693.47
3412.18
3412.18
3753.01
3753.01
3753.01
3753.01
3739.71
3739.71
4170.98
4170.98
4170.98
4170.98
4170.98
4170.98
3849.80
3849.80
3849.80
3849.80
3849.80
3849.80
4662.81
4662.81
4811.40
4811.40
4811.40
4811.40
4337.83
4337.83
1395.40
1395.40
2614.78
2614.78
4780.32
4780.32
4780.32
4780.32
4630.89
4630.89
4630.89
4630.89
4848.48
4848.48
4848.48
4848.48
10.00
10.00
4734.99
4734.99
10.00
10.00
4981.48
4981.48
5203.88
5203.88
5203.88
5203.88
287.01
287.01
2517.78
2517.78
2517.78
2517.78
2517.78
2517.78
2517.78
2517.78
2517.78
2517.78
2517.78
2517.78
2517.78
2517.78
5386.31
5386.31
5386.31
5386.31
5386.31
5386.31
5386.31
5386.31
5386.31
5386.31
5386.31
5386.31
285.29
285.29
2049.79
2049.79
10.00
10.00
10.00
10.00
10.00
10.00
10.00
331.78
331.78
331.78
454.04
563.55
1060.35
1091.37
1089.95
1206.62
1443.02
1443.02
1455.86
1455.86
1743.53
1743.53
1737.50
1737.50
1776.49
1776.49
1746.72
1746.72
1942.83
1942.83
1927.01
1927.01
2085.08
2085.08
2328.71
2328.71
2288.38
2288.38
2509.08
2509.08
2473.57
2473.57
2473.57
2473.57
2500.99
2500.99
2509.88
2509.88
2448.85
2448.85
2562.00
2562.00
10.00
10.00
2719.18
2719.18
3086.44
3086.44
3041.03
3041.03
3259.62
3259.62
3259.62
3259.62
3259.62
3259.62
3259.62
3259.62
3259.62
3259.62
3391.42
3391.42
3391.42
3391.42
3391.42
3391.42
3436.99
3436.99
3598.18
3598.18
3494.83
3494.83
3530.78
3530.78
3234.19
3234.19
3234.19
3234.19
10.00
10.00
1418.39
1418.39
1418.39
10.00
10.00
10.00
10.00
10.00
10.00
10.00
349.38
349.38
423.93
502.43
502.43
592.83
592.83
10.00
990.75
1246.62
1235.21
1235.21
1548.30
1548.30
1757.78
1757.78
1981.82
1981.82
2195.41
2195.41
2195.41
2195.41
2195.41
2195.41
2282.44
2282.44
2313.46
2313.46
2356.23
2356.23
2313.49
2313.49
2313.49
2313.49
2182.56
2182.56
2203.88
2203.88
2309.11
2309.11
2659.59
2659.59
2942.28
2942.28
2979.62
2979.62
3637.36
3637.36
3637.36
3637.36
3636.52
3636.52
3449.78
3449.78
3670.88
3670.88
3908.63
3908.63
3949.16
3949.16
3949.16
3949.16
3878.86
3878.86
3903.29
3903.29
3903.29
3903.29
3903.29
3903.29
897.41
897.41
3297.68
3297.68
3297.68
3297.68
3297.68
3297.68
3297.68
3297.68
3297.68
3297.68
3297.68
3297.68
3297.68
3297.68
3297.68
3297.68
3297.68
3297.68
10.00
10.00
10.00
10.00
10.00
10.00
10.00
10.00
10.00
561.02
725.36
725.36
850.03
938.76
1141.48
10.00
1183.80
1366.64
1362.98
1362.98
978.68
978.68
1553.45
1553.45
1927.67
1927.67
1953.32
1953.32
1891.69
1891.69
1021.80
1021.80
2350.51
2350.51
2376.98
2376.98
2533.89
2533.89
2543.91
2543.91
2534.52
2534.52
2534.52
2534.52
2542.68
2542.68
2773.86
2773.86
2861.21
2861.21
2899.35
2899.35
647.69
647.69
1436.29
1436.29
1436.29
1436.29
2885.86
2885.86
2889.74
2889.74
2889.74
2889.74
3006.46
3006.46
3036.37
3036.37
3036.37
3036.37
3003.31
3003.31
3268.58
3268.58
3268.58
3268.58
3268.58
3268.58
3313.38
3313.38
3285.60
3285.60
3169.55
3169.55
3243.06
3243.06
3243.06
3243.06
3433.43
3433.43
3644.93
3644.93
3641.98
3641.98
3641.98
3641.98
3641.98
3641.98
3995.51
3995.51
3995.51
3995.51
761.18
761.18
2655.14
2655.14
2655.14
2655.14
2655.14
2655.14
2655.14
2655.14
3969.25
3969.25
4398.40
4398.40
4398.40
4398.40
4398.40
4398.40
4398.40
4398.40
3890.28
3890.28
4251.27
4251.27
4251.27
4251.27
4251.27
4251.27
4251.27
4251.27
4251.27
4251.27
4251.27
4251.27
2550.03
2550.03
2550.03
2550.03
2550.03
2550.03
2550.03
2550.03
4250.50
4250.50
4494.33
4494.33
4494.33
4494.33
4494.33
4494.33
313.98
313.98
1602.50
1602.50
4498.04
4498.04
4498.04
4498.04
4458.82
4458.82
3941.83
3941.83
3941.83
3941.83
3941.83
3941.83
3941.83
3941.83
3941.83
3941.83
3941.83
3941.83
3941.83
3941.83
3941.83
3941.83
3941.83
3941.83
3941.83
3941.83
3941.83
3941.83
3941.83
3941.83
3941.83
3941.83
3941.83
3941.83
3941.83
3941.83
3941.83
3941.83
249.41
249.41
20.49
20.49
720.86
720.86
925.71
925.71
977.44
977.44
1017.03
1017.03
958.54
958.54
1151.36
1151.36
1231.43
1231.43
18.13
18.13
1309.33
1309.33
1582.39
1582.39
1650.51
1650.51
1720.32
1720.32
10.61
10.61
698.39
698.39
2066.15
2066.15
1983.20
1983.20
1981.06
1981.06
1981.06
1981.06
1981.06
1981.06
2088.93
2088.93
2088.93
2088.93
2049.27
2049.27
2151.15
2151.15
2163.46
2163.46
2169.37
2169.37
2169.37
2169.37
2169.37
2169.37
2169.37
2169.37
2169.37
2169.37
2169.37
2169.37
2169.37
2169.37
2338.55
2338.55
2354.00
2354.00
2363.08
2363.08
2044.09
2044.09
2407.47
2407.47
2408.41
2408.41
2442.48
2442.48
804.13
804.13
3078.78
3078.78
3694.90
3694.90
3798.85
3798.85
3837.08
3837.08
3837.08
3837.08
3744.48
3744.48
2937.32
2937.32
3842.26
3842.26
3716.49
3716.49
4058.21
4058.21
4246.56
4246.56
4883.35
4883.35
4883.35
4883.35
4883.35
4883.35
4883.35
4883.35
4883.35
4883.35
4883.35
4883.35
4883.35
4883.35
4883.35
4883.35
4883.35
4883.35
4883.35
4883.35
4883.35
4883.35
239.24
239.24
239.24
574.11
722.23
722.23
830.78
830.78
787.55
787.55
918.54
918.54
1014.52
1014.52
1030.76
1030.76
997.73
997.73
1175.25
1175.25
1346.98
1346.98
1529.39
1529.39
1525.19
1525.19
1753.02
1753.02
1667.13
1667.13
1749.92
1749.92
1754.06
1754.06
1811.93
1811.93
1823.06
1823.06
1943.76
1943.76
2152.31
2152.31
2288.93
2288.93
2195.05
2195.05
2611.67
2611.67
2699.54
2699.54
2668.73
2668.73
2668.73
2668.73
2462.12
2462.12
2462.12
2462.12
3005.46
3005.46
2710.77
2710.77
2607.49
2607.49
2786.79
2786.79
3080.53
3080.53
3080.53
3080.53
3080.53
3080.53
3276.68
3276.68
3276.68
3276.68
3276.68
3276.68
3276.68
3276.68
3276.68
3276.68
3276.68
3276.68
3276.68
3276.68
3200.94
3200.94
3200.94
3200.94
3200.94
3200.94
3200.94
3200.94
3390.91
3390.91
3390.91
3390.91
3390.91
3390.91
3390.91
3390.91
3390.91
3390.91
2878.93
2878.93
2878.93
2878.93
2878.93
2878.93
2878.93
2878.93
2878.93
2878.93
2878.93
2878.93
2878.93
2878.93
2878.93
2878.93
3016.44
3016.44
3333.81
3333.81
3414.36
3414.36
3343.01
3343.01
3343.01
3343.01
3681.84
3681.84
3741.76
3741.76
4101.56
4101.56
3909.48
3909.48
3475.76
3475.76
3475.76
3475.76
4217.60
4217.60
4106.27
4106.27
4250.98
4250.98
4293.21
4293.21
4476.45
4476.45
4669.41
4669.41
4436.41
4436.41
4436.41
4436.41
4632.18
4632.18
4632.18
4632.18
4632.18
4632.18
4632.18
4632.18
4632.18
4632.18
4632.18
4632.18
4632.18
4632.18
4632.18
4632.18
4632.18
4632.18
4632.18
4632.18
4632.18
4632.18
4632.18
4632.18
4632.18
492.31
492.31
492.31
793.94
937.71
937.71
1202.89
1467.09
1438.00
1438.66
1401.12
1780.89
1780.89
1725.93
1725.93
2093.04
2093.04
2093.04
2093.04
2070.41
2070.41
1977.77
1977.77
1976.50
1976.50
2107.63
2107.63
2236.59
2236.59
2339.49
2339.49
700.66
700.66
2321.83
2321.83
2485.42
2485.42
2762.17
2762.17
2762.17
2762.17
2762.17
2762.17
2762.17
2762.17
2762.17
2762.17
2762.17
2762.17
2762.17
2762.17
2762.17
2762.17
2661.76
2661.76
2661.76
2661.76
2661.76
2661.76
2661.76
2661.76
2661.76
2661.76
2661.76
2661.76
2661.76
2661.76
2661.76
2661.76
2661.76
2661.76
2661.76
2661.76
2661.76
2661.76
2661.76
2661.76
2661.76
2661.76
2661.76
2661.76
2661.76
2661.76
2661.76
2661.76
2661.76
2661.76
2661.76
2661.76
2661.76
2661.76
2609.77
2609.77
2609.77
2609.77
2609.77
2609.77
2524.54
2524.54
2524.54
2524.54
2524.54
2524.54
2524.54
2524.54
2524.54
2524.54
2209.52
2209.52
2209.52
2209.52
2209.52
2209.52
2209.52
2209.52
2209.52
2209.52
2209.52
2478.06
2478.06
10.00
835.55
835.55
835.55
1372.20
1372.20
1372.20
1372.20
1372.20
1372.20
2031.22
2031.22
3366.32
3366.32
3385.02
3385.02
3385.02
3385.02
3385.02
3385.02
3385.02
3385.02
3385.02
3385.02
3385.02
3385.02
3385.02
3385.02
3385.02
3385.02
3385.02
3385.02
3385.02
3385.02
3385.02
3385.02
3379.99
3379.99
3379.99
3379.99
3379.99
3379.99
3379.99
3379.99
3682.84
3682.84
3933.06
3933.06
4136.69
4136.69
4100.29
4100.29
4126.23
4126.23
4558.98
4558.98
4448.71
4448.71
4672.36
4672.36
4672.36
4672.36
4702.76
4702.76
4702.76
4702.76
4702.76
4702.76
4696.15
4696.15
4696.15
4696.15
4696.15
4696.15
4696.15
4696.15
4696.15
4696.15
4696.15
4696.15
4696.15
4696.15
4696.15
4696.15
4696.15
4696.15
4696.15
4696.15
4696.15
4696.15
4696.15
4696.15
4696.15
4696.15
4696.15
4696.15
4696.15
4696.15
4696.15
4696.15
4696.15
4696.15
4696.15
4696.15
4696.15
4696.15
2760.36
2760.36
2457.07
2457.07
2872.74
2872.74
2872.74
2872.74
2868.03
2868.03
2868.03
2868.03
2868.03
2868.03
2993.89
2993.89
2993.89
2993.89
3017.74
3017.74
2936.70
2936.70
2428.64
2428.64
2975.23
2975.23
3812.85
3812.85
3794.74
3794.74
3781.39
3781.39
3798.26
3798.26
3791.03
3791.03
3791.03
3791.03
3791.03
3791.03
3791.03
3791.03
3894.09
3894.09
3894.09
3894.09
3894.09
3894.09
3894.09
3894.09
3894.09
3894.09
3894.09
3894.09
3894.09
3894.09
3894.09
3894.09
3894.09
3894.09
3894.09
3894.09
3894.09
3894.09
3894.09
3894.09
3894.09
3894.09
3894.09
3894.09
3894.09
3894.09
3894.09
3894.09
3662.61
3662.61
3662.61
3662.61
3463.64
3463.64
3463.64
3463.64
3463.64
3463.64
3651.06
3651.06
3651.06
3651.06
3651.06
3651.06
3651.06
3651.06
3651.06
3651.06
3651.06
3651.06
3686.27
3686.27
3686.27
3686.27
3686.27
3686.27
3686.27
3686.27
3686.27
3686.27
3686.27
3686.27
3686.27
3686.27
3686.27
3686.27
3686.27
3686.27
3659.65
3659.65
3659.65
3659.65
3659.65
3659.65
4215.48
4215.48
4215.48
4215.48
4238.21
4238.21
4238.21
4238.21
4691.67
4691.67
4685.41
4685.41
4685.41
4685.41
4685.41
4685.41
10.33
10.33
2101.31
2101.31
2101.31
2101.31
2101.31
2101.31
2101.31
2101.31
2192.16
2192.16
2918.97
2918.97
2918.97
2918.97
2918.97
2918.97
2918.97
2918.97
2918.97
2918.97
2918.97
2918.97
2918.97
2918.97
2918.97
2918.97
2918.97
2918.97
2918.97
2918.97
2918.97
2918.97
2918.97
2918.97
3087.71
3087.71
3087.71
3087.71
3087.71
3087.71
3087.71
3087.71
3087.71
3087.71
3087.71
3087.71
3087.71
3087.71
3087.71
3087.71
3087.71
3087.71
3087.71
3087.71
3087.71
3087.71
3087.71
3087.71
3638.23
3638.23
3638.23
3638.23
3638.23
3638.23
3638.23
3638.23
4249.31
4249.31
4249.31
4249.31
4249.31
4249.31
125.68
125.68
1410.14
1410.14
4726.32
4726.32
4726.32
4726.32
4739.71
4739.71
4870.86
4870.86
4870.86
4870.86
4870.86
4870.86
4870.86
4870.86
4870.86
4870.86
4870.86
4870.86
4870.86
4870.86
4870.86
4870.86
4870.86
4870.86
4870.86
4870.86
4870.86
4870.86
4870.86
4870.86
4870.86
4870.86
4870.86
4870.86
4643.28
4643.28
4643.28
4643.28
4643.28
4643.28
4643.28
4643.28
4643.28
4643.28
4643.28
4643.28
4643.28
4643.28
4643.28
4643.28
4643.28
4643.28
4643.28
4643.28
4643.28
4643.28
4643.28
4643.28
4643.28
4643.28
5174.20
5174.20
5174.20
5174.20
4507.66
4507.66
4507.66
4507.66
5034.33
5034.33
5034.33
5034.33
5034.33
5034.33
5594.61
5594.61
5594.61
5594.61
5594.61
5594.61
5594.61
5594.61
5594.61
5594.61
5594.61
5594.61
5594.61
5594.61
5913.33
5913.33
5734.69
5734.69
362.20
362.20
2415.42
2415.42
2415.42
2415.42
2415.42
2415.42
2415.42
2415.42
2415.42
2415.42
2415.42
2415.42
2415.42
2415.42
2415.42
2415.42
2415.42
2415.42
2537.09
2537.09
2537.09
2537.09
2537.09
2537.09
10.11
10.11
10.11
10.11
10.11
10.11
10.11
10.11
10.11
666.65
839.61
839.61
839.61
1312.69
1312.69
1577.79
1577.79
1619.44
2044.78
2388.90
2513.09
2938.21
1100.32
3614.23
4382.85
4382.85
4134.61
4134.61
3873.67
3873.67
4459.11
4459.11
5160.56
5160.56
5087.71
5087.71
5084.82
5084.82
5875.78
5875.78
5906.56
5906.56
5906.56
1122.46
6322.55
6322.55
6614.63
6614.63
6543.06
6543.06
6544.37
6544.37
6680.43
6680.43
6680.43
6680.43
6819.24
6819.24
6819.24
6819.24
6819.24
6819.24
6819.24
6819.24
6819.24
6819.24
6819.24
6819.24
6819.24
6819.24
6819.24
6819.24
6781.23
6781.23
6781.23
6781.23
6781.23
6781.23
6781.23
6781.23
6781.23
6781.23
6781.23
6781.23
6781.23
6781.23
6781.23
6781.23
6781.23
6781.23
6781.23
6781.23
6781.23
6781.23
6781.23
6781.23
6781.23
6781.23
6781.23
6781.23
6781.23
6781.23
6781.23
6781.23
6781.23
6781.23
6781.23
6781.23
6781.23
6781.23
6781.23
6781.23
6781.23
6781.23
6781.23
6781.23
6781.23
6781.23
6781.23
6781.23
6781.23
6781.23
1657.89
1657.89
4036.57
4036.57
4036.57
4036.57
4407.70
4407.70
4407.70
4407.70
3931.33
3931.33
4296.68
4296.68
4589.55
4589.55
4589.55
4589.55
4589.55
4589.55
4589.55
4589.55
3889.37
3889.37
4632.44
4632.44
4700.80
4700.80
4822.13
4822.13
4779.47
4779.47
4779.47
4779.47
4779.47
4779.47
4779.47
4779.47
4779.47
4779.47
4811.19
4811.19
4811.19
4811.19
5330.46
5330.46
18.36
18.36
2205.92
2205.92
5356.51
5356.51
5356.51
5356.51
5356.51
5356.51
5356.51
5356.51
5361.60
5361.60
5367.11
5367.11
5367.11
5367.11
5367.11
5367.11
5367.11
5367.11
5367.11
5367.11
5367.11
5367.11
5367.11
5367.11
5367.11
5367.11
5479.90
5479.90
5534.30
5534.30
5534.30
5534.30
5534.30
5534.30
5534.30
5534.30
5534.30
5534.30
5534.30
5534.30
5534.30
5534.30
5534.30
5534.30
5534.30
5534.30
5534.30
5534.30
5534.30
5534.30
5534.30
5534.30
5710.51
5710.51
6415.23
6415.23
6461.09
6461.09
6461.09
6461.09
6461.09
6461.09
6461.09
6461.09
6140.88
6140.88
306.75
306.75
3091.25
3091.25
3091.25
3091.25
5635.81
5635.81
5635.81
5635.81
5635.81
5635.81
5635.81
5635.81
5635.81
5635.81
5635.81
5635.81
5635.81
5635.81
5635.81
5635.81
5635.81
5635.81
5635.81
5635.81
5635.81
5635.81
5635.81
5635.81
5635.81
5635.81
5635.81
5635.81
5635.81
5635.81
5635.81
5635.81
5635.81
5635.81
5635.81
5635.81
5635.81
5635.81
5635.81
5635.81
5635.81
5635.81
5635.81
5635.81
5635.81
5635.81
5635.81
5635.81
5635.81
5635.81
5635.81
5635.81
5635.81
5635.81
5635.81
5635.81
5635.81
5635.81
5635.81
5635.81
5635.81
5635.81
5635.81
5635.81
5635.81
5635.81
5635.81
5635.81
5635.81
5635.81
6635.25
6635.25
6635.25
6635.25
6635.25
6635.25
6635.25
6635.25
6635.25
6635.25
6409.32
6409.32
6409.32
6409.32
6409.32
6409.32
6409.32
6409.32
6409.32
6409.32
6409.32
6409.32
6409.32
6409.32
6409.32
6409.32
6409.32
6409.32
6409.32
6409.32
6409.32
6409.32
6409.32
6409.32
6409.32
6409.32
6409.32
6409.32
6409.32
6409.32
6409.32
6409.32
6409.32
6409.32
6409.32
6409.32
6409.32
6409.32
6409.32
6409.32
6409.32
6409.32
6409.32
6409.32
6409.32
6409.32
6409.32
6409.32
6409.32
6409.32
6409.32
6409.32
6409.32
6409.32
6409.32
6409.32
6409.32
6409.32
6409.32
6409.32
6409.32
6409.32
6409.32
6409.32
6409.32
6409.32
6409.32
6409.32
6409.32
6409.32
6409.32
6409.32
6337.64
6337.64
6337.64
6337.64
6337.64
6337.64
6337.64
6337.64
6337.64
6337.64
6337.64
6337.64
6337.64
6337.64
6337.64
6337.64
6337.64
6337.64
6337.64
6337.64
6337.64
6337.64
6337.64
6337.64
6337.64
6337.64
6337.64
6337.64
6337.64
6337.64
6337.64
6337.64
6337.64
6337.64
6337.64
6337.64
6337.64
6337.64
6337.64
6337.64
6337.64
6337.64
6337.64
6337.64
6337.64
6337.64
6337.64
6337.64
6337.64
6337.64
6337.64
6337.64
6337.64
6337.64
6337.64
6337.64
6337.64
6337.64
6255.75
6255.75
6436.36
6436.36
6436.36
6436.36
6436.36
6436.36
6436.36
6436.36
6436.36
6436.36
6436.36
6436.36
6436.36
6436.36
6436.36
6436.36
6436.36
6436.36
6436.36
6436.36
6436.36
6436.36
6436.36
6436.36
6436.36
6436.36
6436.36
6436.36
6436.36
6436.36
6436.36
6436.36
6436.36
6436.36
6436.36
6436.36
6436.36
6436.36
6436.36
6436.36
6436.36
6436.36
6436.36
6436.36
6436.36
6436.36
6436.36
6436.36
6436.36
6436.36
6436.36
6436.36
6436.36
6436.36
6436.36
6436.36
6436.36
6436.36
6436.36
6436.36
6436.36
6436.36
6436.36
6436.36
6436.36
6436.36
6436.36
6436.36
6436.36
6436.36
6436.36
6436.36
6436.36
6436.36
6436.36
6436.36
6436.36
6436.36
6436.36
6436.36
6436.36
6436.36
6436.36
6436.36
6436.36
6436.36
6436.36
6436.36
6436.36
6436.36
6436.36
6436.36
6436.36
6436.36
6436.36
6436.36
6436.36
6436.36
6436.36
6436.36
6436.36
6436.36
6436.36
6436.36
13.79
13.79
13.79
13.79
13.79
13.79
13.79
13.79
446.84
577.56
608.14
733.26
738.14
738.14
674.42
848.68
848.68
1060.00
1060.00
1072.31
1072.31
981.40
1262.25
1262.25
1262.25
1590.02
1590.02
1879.53
1879.53
1856.17
1856.17
1715.25
1715.25
2212.09
2212.09
1828.89
1828.89
2240.45
2240.45
2559.72
2559.72
2686.22
2686.22
2824.25
2824.25
2824.25
2824.25
2824.25
2824.25
2824.25
2824.25
2824.25
2824.25
2824.25
2824.25
2824.25
2824.25
2824.25
2824.25
2824.25
2824.25
2824.25
2824.25
2824.25
2824.25
2824.25
2824.25
2939.66
2939.66
3015.67
3015.67
3028.76
3028.76
3247.67
3247.67
3247.67
3247.67
3247.67
3247.67
3247.67
3247.67
3247.67
3247.67
3164.03
3164.03
3164.03
3164.03
3164.03
145.89
746.49
746.49
172.35
172.35
172.35
474.55
588.61
588.61
658.62
658.62
789.25
789.25
826.32
826.32
961.73
961.73
1033.91
1033.91
949.29
949.29
1118.56
1118.56
1452.46
1452.46
1580.87
1580.87
1870.53
1870.53
1867.56
1867.56
1978.60
1978.60
2216.17
2216.17
2033.71
2033.71
1851.68
1851.68
2287.88
2287.88
2371.16
2371.16
2575.52
2575.52
2575.52
2575.52
2533.11
2533.11
2533.11
2533.11
2533.11
2533.11
2679.80
2679.80
2679.80
2679.80
2679.80
2679.80
2679.80
2679.80
350.38
350.38
1017.97
1017.97
1368.54
1368.54
2569.98
2569.98
2569.98
2569.98
2731.28
2731.28
2731.28
2731.28
2687.59
2687.59
2687.59
2687.59
2687.59
2687.59
2687.59
2687.59
2687.59
2687.59
2687.59
2687.59
2687.59
2687.59
2735.69
2735.69
2426.77
2426.77
2426.77
2426.77
2906.60
2906.60
2931.56
2931.56
2931.56
2931.56
2923.76
2923.76
2899.81
2899.81
2899.81
2899.81
2996.32
2996.32
2990.64
2990.64
2990.64
2990.64
2990.64
2990.64
2990.64
2990.64
2990.64
2990.64
2998.26
2998.26
3102.86
3102.86
3122.85
3122.85
3008.18
3008.18
3008.18
3008.18
3008.18
3008.18
3008.18
3008.18
3062.24
3062.24
3062.24
3062.24
3062.24
3062.24
3062.24
3062.24
3062.24
3062.24
3204.51
3204.51
3269.33
3269.33
3269.33
3269.33
3174.10
3174.10
3151.75
3151.75
3386.75
3386.75
3386.75
3386.75
3386.75
3386.75
3386.75
3386.75
3386.75
3386.75
3386.75
3386.75
3386.75
3386.75
3386.75
3386.75
3386.75
3386.75
3519.51
3519.51
3519.51
3519.51
3519.51
3519.51
3519.51
3519.51
3519.51
3519.51
3519.51
3519.51
3519.51
3519.51
3519.51
3519.51
3519.51
3519.51
3419.35
3419.35
10.00
10.00
1359.57
1359.57
1359.57
1359.57
1453.38
1453.38
1487.31
1487.31
1487.31
1487.31
1487.31
1487.31
2735.72
2735.72
2735.72
2735.72
2735.72
2735.72
2735.72
2735.72
2735.72
2735.72
2735.72
2735.72
2735.72
2735.72
2735.72
2735.72
2735.72
2735.72
2735.72
2735.72
3563.55
3563.55
3563.55
3563.55
3563.55
3563.55
3563.55
3563.55
3563.55
3563.55
3563.55
3563.55
3563.55
3563.55
3563.55
3563.55
3563.55
3563.55
3563.55
3563.55
3563.55
3563.55
3563.55
3563.55
3563.55
3563.55
3563.55
3563.55
3563.55
3563.55
3563.55
3563.55
3563.55
3563.55
3563.55
3563.55
3563.55
3563.55
3563.55
3563.55
3627.92
3627.92
3627.92
3627.92
3627.92
3627.92
3627.92
3627.92
3627.92
3627.92
3627.92
3627.92
3627.92
3627.92
3092.73
3092.73
3092.73
3092.73
10.00
10.00
1009.98
1009.98
1497.67
1497.67
1497.67
1497.67
1497.67
1497.67
1497.67
1497.67
179.04
179.04
375.71
494.01
609.15
629.34
630.72
630.72
754.52
754.52
754.52
754.52
754.52
754.52
891.05
891.05
910.52
910.52
1079.53
1079.53
1022.50
1022.50
1159.35
1159.35
1323.02
1323.02
1222.28
1222.28
1376.79
1376.79
1376.79
1376.79
1448.32
1448.32
1608.95
1608.95
1642.01
1642.01
1642.01
1642.01
1642.01
1642.01
1642.01
1642.01
1642.01
1642.01
1725.82
1725.82
1836.14
1836.14
1836.14
1836.14
1836.14
1836.14
1836.14
1836.14
1836.14
1836.14
1929.75
1929.75
2147.98
2147.98
2205.82
2205.82
2205.82
2205.82
2205.82
2205.82
2205.82
2205.82
2205.82
2205.82
2205.82
2205.82
2205.82
2205.82
2205.82
2205.82
2205.82
2205.82
2205.82
2205.82
2205.82
2205.82
2205.82
2205.82
2205.82
2205.82
2205.82
2205.82
2205.82
2205.82
2428.07
2428.07
2568.30
2568.30
2568.30
2568.30
2560.57
2560.57
2560.57
2560.57
2722.49
2722.49
2851.05
2851.05
3026.04
3026.04
3079.27
3079.27
3226.24
3226.24
3226.24
3226.24
3226.24
3226.24
3222.28
3222.28
3101.74
3101.74
3093.82
3093.82
3093.82
3093.82
3093.82
3093.82
3093.82
3093.82
3139.76
3139.76
3139.33
3139.33
3122.61
3122.61
3418.97
3418.97
3418.97
3418.97
3418.97
3418.97
3322.75
3322.75
3322.75
3322.75
3185.11
3185.11
3476.32
3476.32
3476.32
3476.32
3476.32
3476.32
3476.32
3476.32
3384.20
3384.20
3306.05
3306.05
3573.45
3573.45
3464.93
3464.93
3399.53
3399.53
3399.53
3399.53
3566.41
3566.41
3566.41
3566.41
3595.14
3595.14
3595.14
3595.14
3595.14
3595.14
3595.14
3595.14
3595.14
3595.14
3595.14
3595.14
3595.14
3595.14
3595.14
3595.14
3595.14
3595.14
3595.14
3595.14
3595.14
3595.14
3595.14
3595.14
3595.14
3595.14
3595.14
3595.14
3595.14
3595.14
3595.14
3595.14
3595.14
3595.14
3595.14
3595.14
3595.14
3595.14
3595.14
3595.14
3595.14
3595.14
3595.14
3595.14
3595.14
3595.14
3595.14
3595.14
3595.14
3595.14
3595.14
3595.14
3595.14
3595.14
3595.14
3595.14
3595.14
3595.14
3571.34
3571.34
3477.39
3477.39
3477.39
3477.39
3477.39
3477.39
3477.39
3477.39
3477.39
3477.39
3477.39
3477.39
3477.39
3477.39
3477.39
3477.39
3477.39
3477.39
3521.15
3521.15
3521.15
3521.15
3521.15
3521.15
3521.15
3521.15
3520.14
3520.14
3622.11
3622.11
3811.70
3811.70
3811.70
3811.70
3811.70
3811.70
3811.70
3811.70
3811.70
3811.70
3811.70
3811.70
3811.70
3811.70
3948.57
3948.57
3948.57
3948.57
3948.57
3948.57
2677.66
2677.66
2677.66
2677.66
2677.66
2677.66
2677.66
2677.66
2677.66
2677.66
2677.66
2677.66
2677.66
2677.66
2677.66
2677.66
2677.66
2677.66
2677.66
2677.66
2677.66
1463.87
1854.51
1854.51
1828.39
1828.39
1968.06
1968.06
2139.36
2139.36
2298.45
2298.45
2298.45
2298.45
2389.42
2389.42
2514.73
2514.73
2539.35
2539.35
2539.35
2539.35
2786.83
2786.83
2786.83
2786.83
2786.83
2786.83
2786.83
2786.83
2786.83
2786.83
2786.83
2786.83
2786.83
2786.83
2786.83
2786.83
2786.83
2786.83
2786.83
2786.83
2786.83
2786.83
2786.83
2786.83
2786.83
2786.83
2786.83
2786.83
2786.83
2786.83
2786.83
2786.83
2786.83
2786.83
2786.83
2786.83
2910.54
2910.54
2910.54
2910.54
2910.54
2910.54
2910.54
2910.54
2910.54
2910.54
2910.54
2910.54
2910.54
2910.54
2910.54
2910.54
2910.54
2910.54
2975.68
2975.68
2982.15
2982.15
2982.15
2982.15
2982.15
2982.15
2823.39
2823.39
2823.39
2823.39
2823.39
2823.39
2990.83
2990.83
3081.89
3081.89
3081.89
3081.89
3081.89
3081.89
3081.89
3081.89
3081.89
3081.89
2798.58
2798.58
2798.58
2798.58
2798.58
2798.58
3005.25
3005.25
3267.38
3267.38
3267.38
3267.38
2982.57
2982.57
3203.54
3203.54
3203.54
3203.54
3203.54
3203.54
3225.86
3225.86
3225.86
3225.86
3386.93
3386.93
3386.93
3386.93
2974.79
2974.79
3465.04
3465.04
3465.04
3465.04
2999.63
2999.63
3645.97
3645.97
3612.39
3612.39
3938.06
3938.06
3958.20
3958.20
3958.20
3958.20
3958.20
3958.20
3958.20
3958.20
3958.20
3958.20
3672.42
3672.42
3672.42
3672.42
3672.42
3672.42
3672.42
3672.42
3672.42
3672.42
3672.42
3672.42
4550.84
4550.84
4815.66
4815.66
4815.66
4815.66
4907.84
4907.84
5095.53
5095.53
5121.39
5121.39
5160.96
5160.96
5160.96
5160.96
4413.36
4413.36
4413.36
4413.36
4413.36
4413.36
4413.36
4413.36
4413.36
4413.36
4413.36
4413.36
4413.36
4413.36
4413.36
4413.36
4413.36
4413.36
4413.36
4413.36
5246.38
5246.38
4659.30
4659.30
5696.80
5696.80
5685.02
5685.02
5685.02
5685.02
5685.02
5685.02
5685.02
5685.02
6103.38
6103.38
5876.79
5876.79
5876.79
5876.79
5876.79
5876.79
5876.79
5876.79
5876.79
5876.79
6209.20
6209.20
6209.20
6209.20
6285.99
6285.99
6137.57
6137.57
6137.57
6137.57
6137.57
6137.57
6137.57
6137.57
6137.57
6137.57
6137.57
6137.57
6137.57
6137.57
6137.57
6137.57
6137.57
6137.57
6137.57
6137.57
6137.57
6137.57
5939.25
5939.25
5856.67
5856.67
6083.57
6083.57
6083.57
6083.57
6083.57
6083.57
6083.57
6083.57
6083.57
6083.57
6224.52
6224.52
6347.55
6347.55
6347.55
6347.55
6347.55
6347.55
6347.55
6347.55
6347.55
6347.55
6347.55
6347.55
6347.55
6347.55
6347.55
6347.55
6347.55
6347.55
6347.55
6347.55
6347.55
6347.55
6347.55
6347.55
6347.55
6347.55
6347.55
6347.55
6347.55
6347.55
6347.55
6347.55
6347.55
6347.55
6347.55
6347.55
6347.55
6347.55
6347.55
6347.55
6347.55
6347.55
6347.55
6347.55
6347.55
6347.55
6347.55
6347.55
6347.55
6347.55
6347.55
6347.55
6347.55
6347.55
6347.55
6347.55
6347.55
6347.55
6347.55
6347.55
6347.55
6347.55
6347.55
6347.55
6347.55
6347.55
6347.55
6347.55
6347.55
6347.55
6347.55
6347.55
6347.55
6347.55
6347.55
6347.55
6347.55
6347.55
6347.55
6347.55
6347.55
6347.55
6347.55
6347.55
6347.55
6347.55
6347.55
6347.55
6347.55
6347.55
6347.55
6347.55
6347.55
6347.55
6347.55
6347.55
6347.55
6347.55
6347.55
6347.55
6347.55
6347.55
6347.55
6347.55
6347.55
6347.55
6347.55
6347.55
6347.55
6347.55
6347.55
6347.55
6347.55
6347.55
6347.55
6347.55
6347.55
6347.55
6347.55
6347.55
6347.55
6347.55
6347.55
6347.55
6347.55
6347.55
6347.55
6347.55
6347.55
6347.55
6347.55
6347.55
6347.55
6347.55
6347.55
6347.55
6347.55
6347.55
6347.55
6347.55
6347.55
6347.55
6347.55
6347.55
6347.55
6347.55
6347.55
6347.55
6347.55
6347.55
6347.55
6347.55
6347.55
6347.55
6347.55
6347.55
6347.55
6347.55
6347.55
6347.55
6347.55
6347.55
6347.55
6347.55
6347.55
6347.55
6347.55
6347.55
6347.55
6347.55
6347.55
6347.55
6347.55
6347.55
6347.55
6347.55
6347.55
6347.55
6347.55
6347.55
6347.55
6347.55
6347.55
6347.55
6347.55
6347.55
6347.55
6347.55
6347.55
6347.55
6347.55
6347.55
6347.55
6347.55
6347.55
6347.55
6347.55
6347.55
6347.55
10.00
10.00
10.00
10.00
10.00
10.00
10.00
10.00
10.00
10.00
483.60
610.61
610.61
718.72
912.84
1036.38
1106.38
1345.75
1378.05
1378.05
1638.36
1638.36
1846.03
1846.03
2008.74
2008.74
10.00
10.00
2205.50
2205.50
2762.32
2762.32
2853.09
2853.09
3064.96
3064.96
3060.43
3060.43
3083.92
3083.92
3310.56
3310.56
3310.56
3310.56
3310.56
3310.56
3310.56
3310.56
3310.56
3310.56
3196.40
3196.40
3400.33
3400.33
2977.76
2977.76
3443.46
3443.46
3504.73
3504.73
3383.89
3383.89
3515.66
3515.66
3837.18
3837.18
4471.33
4471.33
4720.13
4720.13
4720.13
4720.13
3982.50
3982.50
3982.50
3982.50
3982.50
3982.50
3982.50
3982.50
3982.50
3982.50
3982.50
3982.50
3982.50
3982.50
3982.50
3982.50
3982.50
3982.50
3982.50
3982.50
3982.50
3982.50
26.52
26.52
26.52
26.52
26.52
478.82
598.08
751.06
841.17
1052.92
1052.92
1173.43
1286.97
1387.65
1561.34
1561.34
1458.91
1458.91
1468.36
1468.36
1910.17
1910.17
1910.17
1910.17
1910.17
1910.17
1910.17
1910.17
1910.17
1910.17
1910.17
1910.17
1910.17
1910.17
1910.17
1910.17
1910.17
1910.17
1910.17
279.04
263.26
263.26
511.87
511.87
717.58
717.58
753.21
753.21
861.36
861.36
880.84
880.84
910.64
910.64
913.30
913.30
1116.00
1116.00
1092.04
1092.04
1232.27
1232.27
1452.98
1452.98
1452.98
1452.98
1590.81
1590.81
1780.52
1780.52
1868.28
1868.28
1862.62
1862.62
1860.77
1860.77
1967.13
1967.13
2068.26
2068.26
2068.26
2068.26
1858.51
1858.51
2114.24
2114.24
2115.63
2115.63
2115.63
2115.63
2184.97
2184.97
2184.97
2184.97
2305.87
2305.87
2305.87
2305.87
2305.81
2305.81
2305.81
2305.81
2305.81
2305.81
2305.81
2305.81
2305.81
2305.81
2397.86
2397.86
2397.86
2397.86
2420.72
2420.72
2653.45
2653.45
2653.45
2653.45
2653.45
2653.45
2653.45
2653.45
2916.75
2916.75
2916.75
2916.75
2916.75
2916.75
2459.76
2459.76
3117.35
3117.35
2986.60
2986.60
3112.87
3112.87
3070.80
3070.80
3645.29
3645.29
3645.29
3645.29
3645.29
3645.29
3645.29
3645.29
3645.29
3645.29
3645.29
3645.29
3645.29
3645.29
3645.29
3645.29
3645.29
3645.29
3645.29
3645.29
3645.29
3645.29
3645.29
3645.29
3645.29
3645.29
3645.29
3645.29
3645.29
3645.29
3645.29
3645.29
3645.29
3645.29
4251.27
4251.27
4010.57
4010.57
4214.95
4214.95
4089.48
4089.48
4713.20
4713.20
10.00
10.00
4962.60
4962.60
5047.54
5047.54
5359.98
5359.98
5664.87
5664.87
5912.41
5912.41
5919.49
5919.49
6661.61
6661.61
7154.12
7154.12
7310.85
7310.85
7109.54
7109.54
6525.11
6525.11
7574.55
7574.55
7633.53
7633.53
7633.53
7633.53
7633.53
7633.53
7633.53
7633.53
7633.53
545.61
545.61
798.54
798.54
1135.69
1135.69
1440.12
1734.00
1734.00
2094.57
2514.09
2724.39
2724.39
3079.29
3079.29
3005.29
3005.29
2913.41
2913.41
2979.18
2979.18
3022.96
3022.96
3333.30
3333.30
3209.59
3209.59
3250.61
3250.61
3250.61
3250.61
3250.61
3250.61
3299.90
3299.90
3299.90
3299.90
3299.90
3299.90
3207.06
3207.06
3207.06
3207.06
3207.06
3207.06
3207.06
3207.06
3207.06
3207.06
3329.35
3329.35
3304.16
3304.16
3366.85
3366.85
3366.85
3366.85
3366.85
3366.85
3393.62
3393.62
3331.65
3331.65
3331.65
3331.65
3331.65
3331.65
3331.65
3331.65
3331.65
3331.65
3331.65
3331.65
3331.65
3331.65
3331.65
3331.65
3331.65
3331.65
3331.65
3331.65
3331.65
3331.65
3331.65
3331.65
3331.65
3331.65
3331.65
3331.65
3331.65
3331.65
3493.76
3493.76
3367.33
3367.33
3310.82
3310.82
3310.82
3310.82
3345.49
3345.49
3468.81
3468.81
3604.55
3604.55
3604.55
3604.55
3301.52
3301.52
3658.51
3658.51
3646.62
3646.62
3865.74
3865.74
2984.88
2984.88
2984.88
2984.88
3001.59
3001.59
3832.58
3832.58
3832.58
3832.58
3832.58
3832.58
3832.58
3832.58
3832.58
3832.58
3832.58
3832.58
3832.58
3832.58
3894.52
3894.52
3807.72
3807.72
4471.89
4471.89
4471.89
4471.89
4471.89
4471.89
4471.89
4471.89
4471.89
4471.89
4471.89
4471.89
4471.89
4471.89
4471.89
4471.89
4471.89
4471.89
4477.78
4477.78
4481.58
4481.58
4481.58
4481.58
4481.58
4481.58
4481.58
4481.58
4481.58
4481.58
4481.58
4481.58
4481.58
4481.58
4481.58
4481.58
4481.58
4481.58
4481.58
4481.58
4481.58
4481.58
4481.58
4481.58
4481.58
4481.58
4481.58
4481.58
4481.58
4481.58
4481.58
4481.58
4481.58
4481.58
4481.58
4481.58
4481.58
4481.58
4481.58
4481.58
4481.58
4481.58
4481.58
4481.58
4481.58
4481.58
4481.58
4481.58
4481.58
4481.58
4481.58
4481.58
4481.58
4481.58
4481.58
4481.58
4481.58
4481.58
4481.58
4481.58
4481.58
4481.58
4481.58
4481.58
4481.58
4481.58
4481.58
4481.58
4481.58
4481.58
4481.58
4481.58
4481.58
4481.58
4481.58
4481.58
4481.58
4481.58
4481.58
4481.58
4481.58
4481.58
4481.58
4481.58
4677.05
4677.05
4677.05
4677.05
4677.05
4677.05
4677.05
4677.05
4677.05
4677.05
4677.05
4677.05
4677.05
4677.05
4677.05
4677.05
4677.05
4677.05
4677.05
4677.05
4677.05
4677.05
4677.05
4677.05
4677.05
4677.05
4677.05
4677.05
4677.05
4677.05
4677.05
4677.05
4639.15
4639.15
4639.15
4639.15
3899.21
3899.21
3907.09
3907.09
4516.43
4516.43
4516.43
4516.43
4516.43
4516.43
4618.81
4618.81
4618.81
4624.46
4624.46
4624.46
897.32
1617.64
3611.19
3611.19
3611.19
3611.19
3701.63
3701.63
4537.23
4537.23
4537.23
4537.23
4537.23
4537.23
4537.23
4537.23
4537.23
4537.23
4537.23
4537.23
71.81
71.81
1941.92
1941.92
1941.92
1941.92
1975.77
1975.77
1975.77
1975.77
2855.98
2855.98
2855.98
2855.98
2855.98
2855.98
2855.98
2855.98
2855.98
2855.98
3949.85
3949.85
4513.81
4513.81
4513.81
4513.81
4513.81
4513.81
4513.81
4513.81
4513.81
4513.81
4513.81
4513.81
4513.81
4513.81
4513.81
4513.81
4182.36
4182.36
4182.36
4182.36
4182.36
4182.36
4182.36
4182.36
4182.36
4182.36
4182.36
4182.36
4182.36
4182.36
4182.36
4182.36
4182.36
4182.36
4182.36
4182.36
4182.36
4182.36
4480.21
4480.21
4370.50
4370.50
4370.50
4370.50
4370.50
4370.50
4370.50
4370.50
4370.50
4370.50
4370.50
4370.50
4370.50
4370.50
4370.50
4370.50
4370.50
4370.50
4370.50
4370.50
4370.50
4370.50
4370.50
4370.50
4370.50
4370.50
4370.50
4370.50
4370.50
4370.50
4370.50
4370.50
4370.50
4370.50
4370.50
4370.50
4370.50
4370.50
4370.50
4370.50
4370.50
4370.50
4370.50
4370.50
4370.50
4370.50
4370.50
4370.50
4370.50
4370.50
4370.50
4370.50
4370.50
4370.50
4370.50
4370.50
4370.50
4370.50
4370.50
4370.50
4370.50
4370.50
4370.50
4370.50
4370.50
4370.50
4370.50
4370.50
4370.50
4370.50
4370.50
4370.50
4370.50
4370.50
4370.50
4370.50
4370.50
4370.50
4370.50
4370.50
4370.50
4370.50
4370.50
4370.50
4370.50
4370.50
4370.50
4370.50
4370.50
4370.50
4370.50
4370.50
4370.50
4370.50
4370.50
4370.50
3674.21
3674.21
3821.99
3821.99
3821.99
3821.99
3821.99
3821.99
3821.99
3821.99
4022.87
4022.87
4022.87
4022.87
4022.87
4022.87
3632.08
3632.08
3632.08
3632.08
3632.08
3632.08
3632.08
3632.08
3632.08
3632.08
3632.08
3632.08
3632.08
3632.08
3632.08
3632.08
3632.08
3632.08
3632.08
3632.08
3632.08
3632.08
3632.08
3632.08
3632.08
3632.08
3623.62
3623.62
3623.62
3623.62
3623.62
3623.62
3623.62
3623.62
3661.36
3661.36
3661.36
3661.36
3661.36
3661.36
3661.36
3661.36
88.74
88.74
1593.70
1593.70
1593.70
1593.70
1771.05
1771.05
1791.65
1791.65
2929.55
2929.55
2929.55
3337.73
3337.73
3337.73
3337.73
3337.73
3337.73
144.57
144.57
1314.95
1314.95
1911.14
1911.14
2401.06
2401.06
2339.34
2339.34
2339.34
2339.34
2408.90
2408.90
2282.43
2282.43
2301.46
2301.46
2538.68
2538.68
2693.16
2693.16
2775.73
2775.73
2825.64
2825.64
2637.97
2637.97
2637.97
2637.97
2637.97
2637.97
2637.97
2637.97
2859.05
2859.05
3016.76
3016.76
3016.76
3016.76
3101.17
3101.17
3101.17
3101.17
3101.17
3101.17
3101.17
3142.62
3142.62
3142.62
3183.09
3183.09
3218.72
3218.72
3225.80
3225.80
3197.97
3197.97
3197.97
3197.97
3197.97
3197.97
3197.97
3197.97
3197.97
3197.97
3339.18
3339.18
3358.57
3358.57
10.00
10.00
3422.98
3422.98
3198.92
3198.92
3240.57
3240.57
3000.43
3000.43
3500.59
3500.59
3500.59
3500.59
3500.59
3500.59
3500.59
3500.59
3500.59
3500.59
3500.59
3500.59
3500.59
3500.59
3500.59
3500.59
3500.59
3500.59
3500.59
3500.59
3500.59
3500.59
3500.59
3500.59
3199.36
3199.36
3201.95
3201.95
3201.95
3201.95
3201.95
3201.95
3201.95
3201.95
3201.95
3201.95
3201.95
3201.95
3201.95
3201.95
3176.39
3176.39
3176.39
3176.39
3176.39
3176.39
3176.39
3176.39
3655.60
3655.60
3754.47
3754.47
3610.70
3610.70
3610.70
3610.70
3761.55
3761.55
3761.55
3761.55
3593.77
3593.77
3859.02
3859.02
3872.38
3872.38
3842.32
3842.32
3842.32
3842.32
3842.32
3842.32
3842.32
3842.32
3842.32
3842.32
3806.71
3806.71
3806.71
3806.71
3958.89
3958.89
3958.89
3958.89
3958.89
3958.89
3958.89
3958.89
97.57
97.57
1987.75
1987.75
1987.75
1987.75
2837.80
2837.80
2837.80
2837.80
2837.80
2837.80
2837.80
2837.80
2837.80
2837.80
10.00
10.00
10.00
10.00
2257.95
2257.95
2370.80
2370.80
1866.08
1866.08
2508.68
2508.68
2498.10
2498.10
2498.10
2498.10
2556.21
2556.21
2556.21
2556.21
2556.21
2556.21
2556.21
2556.21
2556.21
2556.21
2556.21
2556.21
2556.21
2556.21
2556.21
2556.21
2556.21
2556.21
2556.21
2556.21
2556.21
2556.21
349.80
349.80
510.82
510.82
510.82
510.82
510.82
510.82
523.74
523.74
1101.72
1101.72
1314.26
1314.26
1513.42
1513.42
1513.42
1513.42
1513.42
1513.42
1513.42
1513.42
10.00
10.00
10.00
10.00
10.00
10.00
10.00
10.00
277.22
277.22
277.22
1367.04
1699.98
1699.98
2091.95
2091.95
2203.47
2586.74
2800.84
2800.84
2854.95
2854.95
2854.95
2854.95
2854.95
2854.95
3059.79
3059.79
3360.97
3360.97
2844.99
2844.99
2844.99
2844.99
2844.99
2844.99
2844.99
2844.99
2844.99
2844.99
2844.99
2844.99
2844.99
2844.99
2844.99
2844.99
2844.99
2844.99
2844.99
2844.99
2844.99
2844.99
2844.99
2844.99
2844.99
2844.99
2844.99
2844.99
3447.07
3447.07
3447.07
3447.07
3447.07
3447.07
3447.07
3447.07
3484.18
3484.18
3512.13
3512.13
3328.03
3328.03
3328.03
3328.03
3328.03
3328.03
3328.03
3328.03
3328.03
3328.03
3328.03
3328.03
3328.03
3328.03
3328.03
3328.03
3612.56
3612.56
3612.56
3612.56
3612.56
3612.56
3612.56
3612.56
3612.56
3612.56
3612.56
3612.56
3612.56
3612.56
3612.56
3612.56
3612.56
3612.56
3612.56
3612.56
3011.07
3011.07
3015.18
3015.18
3817.48
3817.48
3817.48
3817.48
3817.48
3817.48
3817.48
3817.48
3817.48
3817.48
3817.48
3817.48
3817.48
3817.48
3817.48
3817.48
3817.48
3817.48
3549.03
3549.03
3549.03
3549.03
3549.03
3549.03
3549.03
3549.03
3549.03
3549.03
3404.72
3404.72
3573.20
3573.20
3380.32
3380.32
3380.32
3380.32
3637.47
3637.47
3637.47
3637.47
3637.47
3637.47
3637.47
3637.47
3637.47
3637.47
3637.47
3637.47
3637.47
3637.47
10.00
10.00
3652.51
3652.51
3449.35
3449.35
3449.35
3449.35
3396.29
3396.29
3536.98
3536.98
3536.98
3536.98
3536.98
3536.98
3536.98
3536.98
3536.98
3536.98
3536.98
3536.98
3536.98
3536.98
3658.20
3658.20
3658.20
3658.20
3734.66
3734.66
3986.59
3986.59
3986.59
3986.59
4046.71
4046.71
4046.71
4046.71
3615.97
3615.97
3615.97
3615.97
4167.23
4167.23
4205.26
4205.26
4346.47
4346.47
4429.05
4429.05
99.70
99.70
2089.63
2089.63
4128.86
4128.86
4128.86
4128.86
4128.86
4128.86
4128.86
4128.86
4128.86
4128.86
4128.86
4128.86
4128.86
4128.86
4128.86
4128.86
4128.86
4128.86
4128.86
4128.86
4451.34
4451.34
4298.99
4298.99
4298.99
4298.99
4797.96
4797.96
4797.96
4797.96
4797.96
4797.96
4797.96
4797.96
4797.96
4797.96
4797.96
4797.96
4797.96
4797.96
4797.96
4797.96
4797.96
4797.96
4797.96
4797.96
4797.96
4797.96
4797.96
4797.96
4797.96
4797.96
4797.96
4797.96
4797.96
4797.96
4911.26
4911.26
4911.26
4911.26
4911.26
4911.26
4911.26
4911.26
4911.26
4911.26
4911.26
4911.26
4911.26
4911.26
4911.26
4911.26
4911.26
4911.26
4911.26
4911.26
4911.26
4911.26
4911.26
4911.26
4911.26
4911.26
4911.26
4911.26
4911.26
4911.26
4911.26
4911.26
4911.26
4911.26
4911.26
4911.26
4911.26
4911.26
4911.26
4911.26
4911.26
4911.26
4911.26
4911.26
4911.26
4911.26
4911.26
4911.26
4911.26
4911.26
4911.26
4911.26
4911.26
4911.26
4911.26
4911.26
4911.26
4911.26
4911.26
4911.26
4911.26
4911.26
4911.26
4911.26
4911.26
4911.26
4911.26
4911.26
4911.26
4911.26
4911.26
4911.26
4911.26
4911.26
4911.26
4911.26
4911.26
4911.26
4911.26
4911.26
4911.26
4911.26
4911.26
4911.26
4911.26
4911.26
4911.26
4911.26
4911.26
4911.26
4911.26
4911.26
4911.26
4911.26
4911.26
4911.26
4911.26
4911.26
4911.26
4911.26
4911.26
4911.26
4911.26
4911.26
4911.26
4911.26
4911.26
4911.26
4911.26
4911.26
4911.26
4911.26
4911.26
4911.26
4911.26
4911.26
4911.26
4911.26
4911.26
4911.26
10.00
10.00
10.00
10.00
10.00
36.99
36.99
92.68
188.16
188.16
263.84
263.84
605.18
605.18
648.69
648.69
780.86
780.86
810.34
810.34
884.37
884.37
958.00
958.00
1198.58
1198.58
1487.43
1487.43
1448.67
1448.67
1749.00
1749.00
2284.88
2284.88
3031.42
3031.42
3065.22
3065.22
2976.03
2976.03
2976.03
2976.03
3333.62
3333.62
3333.62
3333.62
3333.62
3333.62
3272.00
3272.00
3272.00
3272.00
3292.50
3292.50
3353.41
3353.41
3348.53
3348.53
3426.73
3426.73
3426.73
3426.73
3169.66
3169.66
3124.32
3124.32
3493.78
3493.78
3493.78
3493.78
3105.86
3105.86
3105.86
3105.86
3105.86
3105.86
3105.86
3105.86
3519.67
3519.67
3622.71
3622.71
3672.36
3672.36
3672.36
3672.36
322.28
322.28
1740.83
1740.83
335.18
335.18
2084.19
2084.19
3372.57
3372.57
3372.57
3372.57
3537.68
3537.68
46.27
46.27
1564.69
1564.69
10.00
10.00
3502.82
3502.82
2898.09
2898.09
2898.09
2898.09
2898.09
2898.09
3371.66
3371.66
3180.22
3180.22
3180.22
3180.22
3180.22
3180.22
3180.22
3180.22
3180.22
3180.22
3180.22
3180.22
3180.22
3180.22
3180.22
3180.22
3180.22
3180.22
3180.22
3180.22
3180.22
3180.22
3180.22
155.31
155.31
635.63
730.01
730.01
968.52
968.52
1231.44
1231.44
1335.20
1335.20
1510.01
1510.01
1503.48
1503.48
1411.11
1411.11
1581.66
1581.66
1631.28
1631.28
1899.32
1899.32
1721.04
1721.04
1915.92
1915.92
2005.73
2005.73
2324.48
2324.48
2619.47
2619.47
2619.47
2619.47
2619.47
2619.47
2339.89
2339.89
2734.61
2734.61
2866.37
2866.37
2866.37
2866.37
2866.37
2866.37
2866.37
2866.37
2866.37
2866.37
2912.88
2912.88
3324.25
3324.25
3471.00
3471.00
3471.00
3471.00
2973.07
2973.07
2973.07
2973.07
3778.99
3778.99
3831.29
3831.29
3831.29
3831.29
4107.74
4107.74
4107.74
4107.74
4107.74
4107.74
4107.74
4107.74
4107.74
4107.74
4107.74
4107.74
317.14
317.14
11.53
11.53
11.53
11.53
11.53
11.53
419.51
484.97
484.97
19.44
19.44
10.00
17.03
783.78
10.00
10.00
15.47
15.47
990.65
990.65
1046.30
1046.30
281.37
281.37
492.72
492.72
1083.99
1083.99
1165.86
1165.86
1107.23
1107.23
1192.25
1192.25
1432.21
1432.21
1418.67
1418.67
1422.70
1422.70
1259.45
1259.45
1523.04
1523.04
1591.00
1591.00
1812.63
1812.63
1818.48
1818.48
1682.21
1682.21
1811.84
1811.84
1956.25
1956.25
2055.07
2055.07
2075.36
2075.36
2230.94
2230.94
2230.94
2230.94
2230.94
2230.94
2443.86
2443.86
2659.15
2659.15
2535.79
2535.79
2370.91
2370.91
2380.28
2380.28
2767.16
2767.16
2767.16
2767.16
2759.82
2759.82
2620.94
2620.94
2620.94
2620.94
2764.57
2764.57
2979.80
2979.80
3048.52
3048.52
3048.52
3048.52
3042.53
3042.53
3210.54
3210.54
2954.72
2954.72
3307.32
3307.32
3307.32
3307.32
3307.32
3307.32
3307.32
3307.32
3307.32
3307.32
3307.32
3307.32
3307.32
3307.32
158.41
158.41
1756.63
1756.63
1831.16
1831.16
1877.70
1877.70
2037.90
2037.90
2428.01
2428.01
2302.06
2302.06
2252.75
2252.75
2401.76
2401.76
2568.91
2568.91
2568.91
2568.91
2568.91
2568.91
2401.47
2401.47
2401.47
2401.47
2641.53
2641.53
2641.53
2641.53
2740.02
2740.02
2740.02
2485.19
2485.19
2818.22
3011.16
3011.16
3011.16
2997.45
2997.45
3023.00
3023.00
2851.59
2851.59
3069.90
3069.90
2314.94
2314.94
3217.32
3217.32
3193.02
3193.02
2361.80
2361.80
3266.55
3266.55
3266.55
3266.55
3073.45
3073.45
3476.42
3476.42
3517.51
3517.51
3577.25
3577.25
3621.17
3621.17
3621.17
3621.17
3697.66
3697.66
3631.60
3631.60
3631.60
3631.60
3631.60
3631.60
3631.60
3631.60
3631.60
3631.60
4378.73
4378.73
4385.64
4385.64
4889.44
4889.44
4972.18
4972.18
4972.18
4972.18
4972.18
4972.18
4972.18
4972.18
4972.18
4972.18
4972.18
4972.18
4972.18
4972.18
4972.18
4972.18
4972.18
4972.18
5422.37
5422.37
5422.37
5422.37
5422.37
5422.37
5422.37
5422.37
5345.30
5345.30
5118.59
5118.59
5669.13
5669.13
5657.72
5657.72
5657.72
5657.72
5665.97
5665.97
5665.97
5665.97
800.02
800.02
2793.49
2793.49
2930.56
2930.56
2930.56
2930.56
2930.56
2930.56
6472.10
6472.10
6472.10
6472.10
320.75
320.75
1514.13
1514.13
5330.79
5330.79
5330.79
5330.79
5330.79
5330.79
5330.79
5330.79
5330.79
5330.79
5330.79
5330.79
5330.79
5330.79
5330.79
5330.79
5330.79
5330.79
5330.79
5330.79
5330.79
5330.79
5330.79
5330.79
5330.79
5330.79
5330.79
5330.79
5330.79
5330.79
5330.79
5330.79
5330.79
5330.79
5330.79
5330.79
5330.79
5330.79
5471.98
5471.98
5471.98
5471.98
5471.98
5471.98
5471.98
5471.98
5471.98
5471.98
5471.98
5471.98
5471.98
5471.98
5471.98
5471.98
5471.98
5471.98
5471.98
5471.98
5471.98
5471.98
5471.98
5471.98
5471.98
5471.98
5471.98
5471.98
5471.98
5471.98
5471.98
5471.98
5471.98
5471.98
5471.98
5471.98
5471.98
5471.98
10.00
10.00
10.00
10.00
10.00
10.00
10.00
10.00
328.75
561.37
561.37
660.20
825.24
785.75
919.35
919.35
951.12
951.12
1061.78
1061.78
1041.23
1041.23
1305.03
1305.03
1537.61
1537.61
1791.02
1791.02
1757.55
1757.55
1639.85
1639.85
1760.07
1760.07
1889.46
1889.46
1889.29
1889.29
2190.53
2190.53
2211.82
2211.82
2285.11
2285.11
2306.11
2306.11
2626.63
2626.63
2604.86
2604.86
2901.51
2901.51
3220.35
3220.35
3220.35
3220.35
3220.35
3220.35
3220.35
3220.35
3126.63
3126.63
10.00
10.00
847.04
847.04
1768.82
1768.82
3139.56
3139.56
3259.84
3259.84
3344.59
3344.59
3380.91
3380.91
3403.96
3403.96
3663.49
3663.49
3501.06
3501.06
3762.17
3762.17
3764.01
3764.01
3764.01
3764.01
3764.01
3764.01
3764.01
3764.01
3764.01
3764.01
3933.39
3933.39
3933.39
3933.39
3933.39
3933.39
3937.28
3937.28
3937.28
3937.28
3937.28
3937.28
3937.28
3937.28
3937.28
3937.28
3937.28
3937.28
3937.28
3937.28
3937.28
3937.28
3937.28
3937.28
3937.28
3937.28
3937.28
3937.28
3937.28
3937.28
3937.28
3937.28
3937.28
3937.28
3937.28
3937.28
3937.28
3937.28
3937.28
3937.28
3937.28
3937.28
10.00
10.00
10.00
10.00
10.00
10.00
10.00
10.00
106.23
106.23
106.23
449.45
449.45
747.47
753.37
863.22
1099.99
1151.02
1169.16
1381.31
1483.57
1483.57
1423.97
1423.97
1730.96
1730.96
1918.01
1918.01
1828.43
1828.43
1870.43
1870.43
1905.52
1905.52
1905.52
1905.52
1905.52
1905.52
1905.52
1905.52
1905.52
1905.52
1905.52
1905.52
1905.52
1905.52
263.32
263.32
263.32
878.30
878.30
1022.88
1201.81
1201.81
1248.12
1248.12
1618.48
1618.48
1941.73
1941.73
1875.19
1875.19
2237.75
2237.75
2273.60
2273.60
2598.89
2598.89
2477.96
2477.96
2592.85
2592.85
2808.04
2808.04
2947.41
2947.41
3113.65
3113.65
2657.97
2657.97
3581.02
3581.02
3551.19
3551.19
3551.19
3551.19
359.91
359.91
1583.58
1583.58
1583.58
1583.58
1583.58
1583.58
1583.58
1583.58
1583.58
1583.58
1583.58
1583.58
1583.58
1583.58
1583.58
1583.58
1583.58
1583.58
1583.58
1583.58
1583.58
1583.58
3572.93
3572.93
3466.22
3466.22
3645.45
3645.45
3645.45
3645.45
3515.03
3515.03
3515.03
3515.03
3515.03
3515.03
3515.03
3515.03
3648.97
3648.97
3527.57
3527.57
4243.05
4243.05
4756.51
4756.51
4944.51
4944.51
4925.36
4925.36
4925.36
4925.36
4925.36
4925.36
4925.36
4925.36
4925.36
4925.36
4925.36
4925.36
4925.36
4925.36
4925.36
4925.36
4925.36
4925.36
4925.36
4925.36
4925.36
4925.36
4925.36
4925.36
4925.36
4925.36
4691.18
4691.18
4691.18
4691.18
4691.18
4691.18
4691.18
4691.18
4691.18
4691.18
4691.18
4691.18
4691.18
4691.18
4691.18
4691.18
4691.18
4691.18
4691.18
4691.18
4691.18
4691.18
4691.18
4691.18
4691.18
4691.18
4691.18
4691.18
4691.18
4691.18
4691.18
4691.18
4691.18
4691.18
4691.18
4691.18
4691.18
4691.18
4691.18
4691.18
4691.18
4691.18
4691.18
4691.18
4754.28
4754.28
4972.46
4972.46
4702.27
4702.27
4702.27
4702.27
4702.27
4702.27
4702.27
4702.27
4702.27
4702.27
4702.27
4702.27
4702.27
4702.27
4702.27
4702.27
4702.27
4702.27
4702.27
4702.27
4702.27
4702.27
4702.27
4702.27
4702.27
4702.27
4702.27
4702.27
4702.27
4702.27
4702.27
4702.27
4702.27
4702.27
4702.27
4702.27
4702.27
4702.27
4702.27
4702.27
4702.27
4702.27
4702.27
4702.27
4702.27
4702.27
4702.27
4702.27
4702.27
4702.27
4702.27
4702.27
4702.27
4702.27
4702.27
4702.27
4702.27
4702.27
4702.27
4702.27
4702.27
4702.27
4702.27
4702.27
4702.27
4702.27
4702.27
4702.27
4702.27
4702.27
4702.27
4702.27
4702.27
4702.27
4702.27
4702.27
4702.27
4702.27
4702.27
4702.27
4702.27
4702.27
4702.27
4702.27
4702.27
4702.27
4702.27
4702.27
4702.27
4702.27
4702.27
4702.27
4702.27
4702.27
4702.27
4702.27
4702.27
4702.27
4702.27
4702.27
4702.27
4702.27
4702.27
4702.27
4702.27
4702.27
4702.27
4702.27
4702.27
4702.27
4702.27
4702.27
4702.27
4702.27
4702.27
4702.27
4702.27
4702.27
4702.27
4702.27
4702.27
4702.27
4702.27
4702.27
4702.27
4702.27
4702.27
4702.27
4702.27
4702.27
4702.27
4702.27
4702.27
4702.27
4702.27
4702.27
4702.27
4702.27
4702.27
4702.27
4702.27
4702.27
4702.27
4702.27
4702.27
4702.27
4702.27
4702.27
4702.27
4702.27
4702.27
4702.27
10.00
10.00
10.00
10.00
10.00
10.00
10.00
10.00
10.00
285.21
285.21
559.53
687.26
834.09
817.17
1063.29
1101.16
1101.16
990.65
990.65
1368.18
1368.18
1622.72
1622.72
1827.93
1827.93
1822.63
1822.63
1737.09
1737.09
1753.96
1753.96
1807.34
1807.34
1852.10
1852.10
1770.50
1770.50
2040.17
2040.17
2195.42
2195.42
2195.42
2195.42
825.54
825.54
2095.42
2095.42
2129.58
2129.58
2591.82
2591.82
2701.48
2701.48
2729.19
2729.19
2729.19
2729.19
2729.19
2729.19
2729.19
2729.19
2729.19
2729.19
2729.19
2729.19
2579.92
2579.92
2723.64
2723.64
2720.24
2720.24
2720.24
2720.24
2720.24
2720.24
2720.24
2720.24
2720.24
2720.24
2720.24
2720.24
2720.24
2720.24
2720.24
2720.24
2666.86
2666.86
2875.96
2875.96
2875.96
2875.96
2875.96
2875.96
2875.96
2875.96
3011.50
3011.50
3260.18
3260.18
3229.63
3229.63
2668.32
2668.32
2668.32
2668.32
3230.00
3230.00
3230.00
3230.00
3230.00
3230.00
3230.00
3230.00
3230.00
3230.00
3230.00
3230.00
3230.00
3230.00
3230.00
3230.00
3230.00
3230.00
3230.00
3230.00
3215.14
3215.14
3070.53
3070.53
3070.53
3070.53
3070.53
3070.53
3070.53
3070.53
3070.53
3070.53
3070.53
3070.53
3070.53
3070.53
3070.53
3070.53
3378.58
3378.58
3378.58
3378.58
3378.58
3378.58
3378.58
3378.58
3378.58
3378.58
3378.58
3378.58
3378.58
3378.58
3378.58
3378.58
3378.58
3378.58
3378.58
3378.58
3378.58
3378.58
3378.58
3378.58
10.00
10.00
10.00
10.00
10.00
10.00
10.00
10.00
151.39
151.39
298.19
556.24
628.24
833.45
808.00
808.00
842.09
842.09
960.93
960.93
960.93
960.93
1008.15
1008.15
1011.20
1011.20
1085.04
1085.04
1205.89
1205.89
1305.70
1305.70
1723.01
1723.01
1840.91
1840.91
2342.07
2342.07
2151.57
2151.57
1708.81
1708.81
2755.14
2755.14
2931.30
2931.30
3040.55
3040.55
3581.51
3581.51
3488.43
3488.43
3488.43
3488.43
3592.93
3592.93
4051.08
4051.08
3833.47
3833.47
4285.43
4285.43
4328.70
4328.70
4706.95
4706.95
4686.10
4686.10
4780.31
4780.31
5419.47
5419.47
5738.93
5738.93
5738.93
5738.93
10.00
10.00
6591.30
6591.30
6916.57
6916.57
6916.57
6916.57
3783.84
3783.84
6168.62
6168.62
6493.91
6493.91
6935.47
6935.47
5277.28
5277.28
5277.28
5277.28
5277.28
5277.28
6788.17
6788.17
4359.89
4359.89
346.88
346.88
7327.21
7327.21
327.07
327.07
2646.65
2646.65
203.25
203.25
203.25
203.25
203.25
1625.80
1625.80
719.31
4097.10
4097.10
4101.71
4101.71
4013.29
4013.29
3950.95
3950.95
3950.95
3950.95
3950.95
3950.95
3876.54
3876.54
4416.93
4416.93
4372.72
4372.72
4416.69
4416.69
4416.69
4416.69
3397.84
3397.84
4951.92
4951.92
4951.92
4726.87
4726.87
5101.36
5101.36
5380.51
5621.56
5621.56
5621.56
5645.50
5645.50
5458.19
5458.19
5458.19
5458.19
5458.19
5458.19
5458.19
5458.19
5458.19
5458.19
5458.19
5458.19
5458.19
5458.19
5458.19
5458.19
5458.19
5458.19
5458.19
5458.19
5458.19
5458.19
5458.19
5458.19
5458.19
5458.19
5458.19
5458.19
5458.19
5458.19
5458.19
5458.19
5458.19
5458.19
5458.19
5458.19
5458.19
5458.19
5458.19
5458.19
5458.19
5458.19
5458.19
5458.19
5458.19
5458.19
5458.19
5458.19
5458.19
5458.19
5458.19
5458.19
5458.19
5458.19
5458.19
5458.19
5458.19
5458.19
5458.19
5458.19
5458.19
5458.19
5458.19
5458.19
5458.19
5458.19
5458.19
5458.19
5458.19
5458.19
5458.19
5458.19
5458.19
5458.19
5458.19
5458.19
5458.19
5458.19
5458.19
5458.19
5458.19
5458.19
5458.19
5458.19
5458.19
5458.19
5458.19
5458.19
5458.19
5458.19
5458.19
5458.19
5458.19
5458.19
5458.19
5458.19
5458.19
5458.19
5458.19
5458.19
5458.19
5458.19
5458.19
5458.19
5458.19
5458.19
5458.19
5458.19
5458.19
5458.19
5458.19
5458.19
5458.19
5458.19
5458.19
5458.19
170.95
170.95
170.95
307.54
307.54
465.07
559.98
559.98
681.22
681.22
742.47
742.47
843.61
843.61
927.40
927.40
956.55
956.55
1155.57
1155.57
1113.05
1113.05
1261.87
1261.87
1387.64
1387.64
1491.28
1491.28
1603.29
1603.29
1629.30
1629.30
1554.96
1554.96
1950.19
1950.19
1910.17
1910.17
1901.86
1901.86
1880.77
1880.77
1880.77
1880.77
2037.57
2037.57
2047.31
2047.31
2094.31
2094.31
2004.91
2004.91
2180.94
2180.94
2234.22
2234.22
2234.22
2234.22
2449.50
2449.50
2449.50
2449.50
2695.95
2695.95
2695.95
2695.95
10.00
10.00
1278.21
1278.21
2544.79
2544.79
2717.12
2717.12
2717.12
2717.12
2717.12
2717.12
2717.12
2717.12
2717.12
2717.12
2668.73
2668.73
2668.73
2668.73
2668.73
2668.73
2668.73
2668.73
2668.73
2668.73
2668.73
2668.73
2668.73
2668.73
2991.21
2991.21
2744.42
2744.42
2744.42
2744.42
2744.42
2744.42
2744.42
2744.42
2744.42
2744.42
2744.42
2744.42
2744.42
2744.42
2744.42
2744.42
3019.86
3019.86
3019.86
3019.86
3019.86
3019.86
3075.53
3075.53
3103.56
3103.56
2842.13
2842.13
3065.88
3065.88
3180.40
3180.40
3180.40
3180.40
2840.04
2840.04
2840.04
2840.04
2840.04
2840.04
2840.04
2840.04
2840.04
2840.04
2840.04
2840.04
2840.04
2840.04
2840.04
2840.04
2840.04
2840.04
2840.04
2840.04
2840.04
2840.04
2988.28
2988.28
2988.28
2988.28
2988.28
2988.28
2988.28
2988.28
2988.28
2988.28
2988.28
2988.28
3070.82
3070.82
2773.64
2773.64
3058.47
3058.47
3058.47
3058.47
3058.47
3058.47
3058.47
3058.47
3324.77
3324.77
3397.79
3397.79
3578.57
3578.57
3578.57
3578.57
3578.57
3578.57
3578.57
3578.57
3578.57
3578.57
3578.57
3578.57
3578.57
3578.57
3578.57
3578.57
3578.57
3578.57
3340.29
3340.29
3747.61
3747.61
3747.61
3747.61
3747.61
3747.61
3747.61
3747.61
3747.61
3747.61
3747.61
3747.61
3747.61
3747.61
3747.61
3747.61
3747.61
3747.61
3747.61
3747.61
3747.61
3747.61
3747.61
3747.61
3747.61
3747.61
3747.61
3747.61
3747.61
3747.61
3747.61
3747.61
3747.61
3747.61
3689.72
3689.72
3689.72
3689.72
3689.72
3689.72
3689.72
3689.72
3689.72
3689.72
3689.72
3689.72
3689.72
3689.72
3689.72
3689.72
3689.72
3689.72
78.97
78.97
78.97
341.06
500.08
500.08
660.32
660.32
670.11
670.11
846.65
846.65
1015.65
1015.65
993.07
993.07
1053.59
1053.59
1234.62
1234.62
1274.73
1274.73
1411.49
1411.49
1562.49
1562.49
1522.02
1522.02
1752.84
1752.84
1624.49
1624.49
2159.50
2159.50
2159.50
2159.50
2159.50
2159.50
2521.09
2521.09
2333.73
2333.73
2333.73
2333.73
2333.73
2333.73
2505.14
2505.14
2505.14
2505.14
2505.14
2505.14
2505.14
2505.14
2505.14
2505.14
2505.14
2505.14
2490.15
2490.15
2490.15
2490.15
2490.15
2490.15
2490.15
2490.15
2490.15
2490.15
2490.15
2490.15
2490.15
2490.15
2490.15
2490.15
2490.15
2490.15
2529.43
2529.43
2529.43
2529.43
2335.76
2335.76
2667.67
2667.67
2963.68
2963.68
2947.43
2947.43
2947.43
2947.43
2947.43
2947.43
2976.83
2976.83
2976.83
2976.83
2976.83
2976.83
2976.83
2976.83
2976.83
2976.83
2976.83
2976.83
2976.83
2976.83
2976.83
2976.83
2957.96
2957.96
2758.49
2758.49
2758.49
2758.49
2783.08
2783.08
3227.70
3227.70
2879.23
2879.23
3354.88
3354.88
3354.88
3354.88
3194.60
3194.60
3637.10
3637.10
3637.10
3637.10
324.02
324.02
3449.02
3449.02
3449.02
3449.02
3662.74
3662.74
3767.77
3767.77
3767.77
3767.77
3945.50
3945.50
4028.81
4028.81
4028.81
4028.81
4028.81
4028.81
4028.81
4028.81
3771.48
3771.48
10.00
10.00
1708.58
1708.58
3779.11
3779.11
3779.11
3779.11
3779.11
3779.11
4567.24
4567.24
4549.10
4549.10
384.78
384.78
10.00
10.00
2108.76
2108.76
2108.76
2108.76
2108.76
2108.76
2108.76
2108.76
2108.76
2108.76
2108.76
2108.76
4937.67
4937.67
4937.67
4937.67
4937.67
4937.67
4937.67
4937.67
4937.67
4937.67
4937.67
4937.67
4937.67
4937.67
938.02
938.02
1374.98
1374.98
1605.30
1605.30
1606.14
1606.14
1614.51
1614.51
1605.59
1605.59
1570.82
1570.82
1570.82
1570.82
1562.84
1562.84
1717.51
1717.51
1815.87
1815.87
1766.19
1766.19
1774.46
1774.46
2034.22
2034.22
2134.57
2134.57
2130.16
2130.16
2500.41
2500.41
2374.16
2374.16
2526.02
2526.02
998.79
998.79
2553.52
2553.52
2548.50
2548.50
2463.57
2463.57
2628.30
2628.30
2682.64
2682.64
2619.35
2619.35
2614.87
2614.87
1385.19
1385.19
2267.03
2267.03
2364.91
2364.91
2807.95
2807.95
2807.95
2807.95
2674.11
2674.11
2794.75
2794.75
1235.83
1235.83
1461.75
1461.75
2593.49
2593.49
2593.49
2593.49
2782.82
2782.82
2985.48
2985.48
2776.64
2776.64
2972.44
2972.44
2022.05
2022.05
2022.05
2022.05
3149.39
3149.39
944.93
944.93
3107.39
3107.39
3107.39
3107.39
2650.00
2650.00
3205.35
3205.35
3205.35
3205.35
3205.35
3205.35
3205.35
3205.35
3205.35
3205.35
3077.27
3077.27
3077.27
3077.27
3077.27
3077.27
3077.27
3077.27
3032.18
3032.18
3032.18
3032.18
3032.18
3032.18
3032.18
3032.18
3032.18
3032.18
3290.12
3290.12
3168.41
3168.41
3283.81
3283.81
3345.27
3345.27
3511.30
3511.30
3511.30
3511.30
3464.09
3464.09
3542.16
3542.16
3607.76
3607.76
3607.76
3607.76
3740.02
3740.02
3861.71
3861.71
3978.22
3978.22
694.30
694.30
4150.37
4150.37
3976.04
3976.04
3976.04
3976.04
3976.04
3976.04
4178.55
4178.55
4157.80
4157.80
4202.87
4202.87
3522.02
3522.02
3967.55
3967.55
340.92
340.92
1822.76
1822.76
1822.76
1822.76
1822.76
1822.76
4305.65
4305.65
4305.65
4305.65
4305.65
4305.65
283.22
283.22
1243.00
1243.00
2036.04
2036.04
2836.66
2836.66
3140.80
3140.80
3470.47
3470.47
3650.72
3650.72
3619.84
3619.84
3367.75
3367.75
3995.35
3995.35
3995.35
3995.35
3982.83
3982.83
3305.08
3305.08
3967.20
3967.20
3967.20
3967.20
4042.12
4042.12
4069.73
4069.73
4123.91
4123.91
4166.68
4166.68
4166.68
4166.68
4166.68
4166.68
4166.68
4166.68
4166.68
4166.68
4166.68
4166.68
4166.68
4166.68
4166.68
4166.68
4166.68
4166.68
4166.68
4166.68
4166.68
4166.68
4166.68
4166.68
4149.12
4149.12
4149.12
4149.12
4149.12
4149.12
4149.12
4149.12
4149.12
4149.12
4149.12
4149.12
10.00
10.00
1613.93
1613.93
1978.14
1978.14
11.80
11.80
11.80
11.80
11.80
11.80
11.80
11.80
11.80
558.60
687.53
782.79
904.81
925.66
1099.58
1099.58
1316.27
1316.27
1492.19
1492.19
1358.05
1358.05
1481.65
1481.65
1514.94
1514.94
1576.73
1576.73
1997.78
1997.78
2281.68
2281.68
2281.68
2281.68
2292.00
2292.00
2292.00
2292.00
2724.45
2724.45
3050.08
3050.08
3020.00
3020.00
2810.74
2810.74
2816.91
2816.91
2958.04
2958.04
2958.04
2958.04
3062.90
3062.90
3437.72
3437.72
3437.72
3437.72
3437.72
3437.72
3336.30
3336.30
3561.30
3561.30
3561.30
3561.30
3561.30
3561.30
3561.30
3561.30
3561.30
3561.30
3807.35
3807.35
4219.16
4219.16
4454.43
4454.43
4454.43
4454.43
4454.43
4454.43
4454.43
4454.43
4454.43
4454.43
4454.43
4454.43
4250.84
4250.84
4159.00
4159.00
4465.20
4465.20
4515.72
4515.72
4427.38
4427.38
3544.21
3544.21
4677.03
4677.03
4430.87
4430.87
4430.87
4430.87
3650.66
3650.66
4395.59
4395.59
4395.59
4395.59
4395.59
4395.59
4395.59
4395.59
4395.59
4395.59
4395.59
4395.59
4395.59
4395.59
4395.59
4395.59
4395.59
4395.59
4395.59
4395.59
4444.71
4444.71
1311.60
1311.60
1634.97
1634.97
1634.97
1634.97
1634.97
1634.97
296.43
296.43
1039.62
1039.62
1218.42
1218.42
1218.42
1218.42
1218.42
1218.42
1218.42
1218.42
1218.42
1218.42
1218.42
1218.42
1218.42
1218.42
1384.40
1384.40
1384.40
3366.99
3366.99
3366.99
3366.99
3366.99
3366.99
3192.83
3192.83
3381.42
3381.42
3381.42
3381.42
3381.42
3381.42
3438.68
3438.68
3438.68
3438.68
3438.68
3438.68
3438.68
3438.68
3438.68
3438.68
3438.68
3438.68
456.72
456.72
1813.70
1813.70
1813.70
1813.70
1813.70
1813.70
1813.70
1813.70
3506.10
3506.10
3363.52
3363.52
3531.57
3531.57
3549.12
3549.12
2848.47
2848.47
3371.80
3371.80
3626.44
3626.44
3626.44
3626.44
2798.43
2798.43
4015.96
4015.96
3971.04
3971.04
3507.00
3507.00
3507.00
3507.00
3507.00
3507.00
4023.21
4023.21
3995.21
3995.21
3995.21
3995.21
3995.21
3995.21
3995.21
3995.21
4623.71
4623.71
4770.70
4770.70
4770.70
4770.70
4770.70
4770.70
4770.70
4770.70
4770.70
4770.70
4770.70
4770.70
4770.70
4770.70
4770.70
4770.70
4770.70
4770.70
4770.70
4770.70
4770.70
4770.70
4770.70
4770.70
4770.70
4770.70
4770.70
4770.70
4770.70
4770.70
4770.70
4770.70
4770.70
4770.70
4770.70
4770.70
4770.70
4770.70
4610.14
4610.14
4648.04
4648.04
4678.42
4678.42
3805.62
3805.62
3805.62
3805.62
3805.62
3805.62
3805.62
3805.62
3805.62
3805.62
3805.62
3805.62
3805.62
3805.62
3805.62
3805.62
3805.62
3805.62
4570.20
4570.20
4570.20
4570.20
4570.20
4570.20
4570.20
4570.20
4570.20
4570.20
4570.20
4570.20
4570.20
4570.20
4570.20
4570.20
4570.20
4570.20
4570.20
4570.20
4570.20
4570.20
4570.20
4570.20
4570.20
4570.20
4570.20
4570.20
4570.20
4570.20
736.05
736.05
4321.28
4321.28
4321.28
4321.28
4321.28
4321.28
10.00
10.00
10.00
165.55
592.48
592.48
751.07
751.07
1167.96
1167.96
1364.75
1364.75
1427.73
1427.73
1533.87
1533.87
1824.64
1824.64
1911.58
1911.58
1979.98
1979.98
2017.45
2017.45
1634.58
1634.58
2040.00
2040.00
2084.00
2084.00
2796.51
2796.51
2930.89
2930.89
2987.15
2987.15
2866.91
2866.91
3180.57
3180.57
3180.57
3180.57
3207.87
3207.87
3345.66
3345.66
2988.12
2988.12
3576.23
3576.23
3576.23
3576.23
3576.23
3576.23
3576.23
3576.23
3447.81
3447.81
3217.78
3217.78
3188.62
3188.62
3504.43
3504.43
3592.09
3592.09
3623.22
3623.22
2663.82
2663.82
2663.82
2663.82
3411.55
3411.55
3868.41
3868.41
4236.29
4236.29
4236.29
4236.29
4236.29
4236.29
3664.46
3664.46
2394.09
2394.09
3315.45
3315.45
3572.10
3572.10
3572.10
3572.10
3714.88
3714.88
3714.88
3714.88
3895.47
3895.47
3895.47
3895.47
3895.47
3895.47
2851.97
2851.97
3597.37
3597.37
3597.37
3597.37
3597.37
3597.37
3597.37
3597.37
3807.18
3807.18
3922.99
3922.99
3906.03
3906.03
3338.94
3338.94
3338.94
3338.94
3338.94
3338.94
312.08
312.08
1839.44
1839.44
1839.44
1839.44
2437.28
2437.28
2437.28
2437.28
262.54
262.54
3364.42
3364.42
3122.65
3122.65
4213.14
4213.14
4213.14
4213.14
4213.14
4213.14
4567.32
4567.32
4567.32
4567.32
4567.32
4567.32
4567.32
4567.32
4567.32
4567.32
4567.32
4567.32
3144.08
3144.08
4710.18
4710.18
4710.18
4710.18
4710.18
4710.18
4710.18
4710.18
4710.18
4710.18
4710.18
4710.18
4710.18
4710.18
4710.18
4710.18
4857.57
4857.57
5012.17
5012.17
4864.68
4864.68
4864.68
4864.68
4864.68
4864.68
5047.52
5047.52
5047.52
5047.52
5047.52
5047.52
5047.52
5047.52
5047.52
5047.52
5047.52
5047.52
5047.52
5047.52
5047.52
5047.52
5047.52
5047.52
5118.52
5118.52
5118.52
5118.52
5118.52
5118.52
2061.13
2061.13
2137.75
2137.75
2137.75
2137.75
3264.71
3264.71
3264.71
3264.71
3264.71
3264.71
3264.71
3264.71
3264.71
3264.71
3271.99
3271.99
3271.99
3271.99
3271.99
3271.99
3271.99
3271.99
3271.99
3271.99
3271.99
3271.99
10.00
10.00
10.00
10.00
10.00
10.00
10.00
10.00
10.00
10.00
10.00
500.87
500.87
666.55
815.64
782.98
993.85
1034.03
1230.81
1243.21
1741.70
2056.37
2015.59
2015.59
2052.36
2052.36
2272.13
2272.13
2251.58
2251.58
2214.18
2214.18
2388.70
2388.70
2516.01
2516.01
10.00
10.00
1346.84
1346.84
1346.84
1346.84
1346.84
1346.84
2900.71
2900.71
2900.71
2900.71
2783.91
2783.91
2684.48
2684.48
3198.32
3198.32
3296.40
3296.40
1521.65
1521.65
10.00
10.00
2335.60
2335.60
10.00
10.00
3830.21
3830.21
3903.25
3903.25
3893.57
3893.57
4158.72
4158.72
2983.76
2983.76
2983.76
2983.76
4164.71
4164.71
3932.13
3932.13
4163.85
4163.85
3245.56
3245.56
3899.99
3899.99
4577.43
4577.43
304.75
304.75
1529.15
1529.15
1581.00
1581.00
1581.00
1581.00
1581.00
1581.00
1715.85
1715.85
1905.36
1905.36
1905.36
1905.36
1905.36
1905.36
1905.36
1905.36
209.68
209.68
667.72
667.72
786.33
786.33
803.56
803.56
1230.51
1230.51
1203.48
1203.48
1199.79
1199.79
1428.15
1428.15
1508.70
1508.70
1323.65
1323.65
1671.70
1671.70
1867.70
1867.70
2270.03
2270.03
2107.08
2107.08
2256.43
2256.43
2639.45
2639.45
2674.08
2674.08
2155.61
2155.61
2754.17
2754.17
2861.33
2861.33
3003.29
3003.29
3236.79
3236.79
3134.72
3134.72
2996.93
2996.93
3575.51
3575.51
2052.18
2052.18
3581.45
3581.45
3539.58
3539.58
3539.58
3539.58
3539.58
3539.58
3539.58
3539.58
3811.73
3811.73
3946.35
3946.35
3953.19
3953.19
1560.82
1560.82
1560.82
1560.82
1560.82
1560.82
3949.06
3949.06
4013.05
4013.05
4386.89
4386.89
5193.69
5193.69
5196.10
5196.10
5514.50
5514.50
314.63
314.63
2063.46
2063.46
2461.20
2461.20
2479.70
2479.70
2479.70
2479.70
260.93
260.93
2467.31
2467.31
4949.17
4949.17
4621.29
4621.29
4621.29
4621.29
4621.29
4621.29
4621.29
4621.29
332.13
332.13
71.65
71.65
4218.38
4218.38
4218.38
4218.38
4218.38
4218.38
4218.38
4218.38
4218.38
4218.38
4218.38
4218.38
4218.38
4218.38
4218.38
4218.38
4218.38
4218.38
4218.38
4218.38
178.82
178.82
178.82
178.82
583.21
583.21
996.20
996.20
1194.72
1194.72
1627.39
1438.68
1438.68
2316.28
2578.50
2578.50
2651.78
2651.78
2690.72
2690.72
2664.66
2664.66
3010.08
3010.08
3027.45
3027.45
3226.25
3226.25
3226.25
3226.25
3226.25
3226.25
3226.25
3226.25
3060.62
3060.62
3148.94
3148.94
3414.34
3414.34
3414.34
3414.34
3414.34
3414.34
3414.34
3414.34
3414.34
3414.34
3194.01
3194.01
3340.89
3340.89
3397.92
3397.92
3397.92
3397.92
2354.27
2354.27
2354.27
2354.27
3393.81
3393.81
3515.95
3515.95
2712.41
2712.41
2712.41
2712.41
3480.76
3480.76
3654.13
3654.13
3709.78
3709.78
1495.36
1495.36
295.75
295.75
10.00
10.00
10.00
10.00
10.00
10.00
1329.00
1329.00
1637.78
1637.78
971.81
971.81
904.12
904.12
360.16
360.16
1109.76
1109.76
950.57
950.57
1297.91
1297.91
1303.01
1303.01
1378.93
1378.93
1507.12
1507.12
1609.93
1609.93
1632.48
1632.48
1847.32
1847.32
1749.54
1749.54
1749.54
1931.18
1931.18
593.61
568.97
568.97
1229.43
1229.43
1224.96
1224.96
1256.27
1256.27
1598.78
1598.78
1571.95
1571.95
1740.28
1740.28
1954.33
1954.33
1955.45
1955.45
1971.91
1971.91
1954.36
1954.36
2051.84
2051.84
2104.62
2104.62
2085.36
2085.36
1980.59
1980.59
1980.59
1980.59
2154.98
2154.98
2511.28
2511.28
2738.59
2738.59
2690.38
2690.38
2783.47
2783.47
2774.21
2774.21
2601.30
2601.30
2772.14
2772.14
2760.91
2760.91
2921.47
2921.47
2951.13
2951.13
3410.01
3410.01
3369.14
3369.14
3282.36
3282.36
3487.00
3487.00
3409.10
3409.10
3504.93
3504.93
3810.96
3810.96
3783.11
3783.11
3769.45
3769.45
2403.18
2403.18
3810.25
3810.25
3013.42
3013.42
3013.42
3013.42
3013.42
3013.42
3694.69
3694.69
3694.69
3694.69
3694.69
3694.69
3694.69
3694.69
3694.69
3694.69
3806.45
3806.45
3765.41
3765.41
4675.40
4675.40
10.00
10.00
1728.77
1728.77
1728.77
1728.77
1888.54
1888.54
1967.94
1967.94
2328.92
2328.92
2328.92
2328.92
2328.92
2328.92
2328.92
2328.92
2328.92
2328.92
2328.92
2328.92
2328.92
2328.92
3108.38
3108.38
10.00
10.00
10.00
10.00
10.00
10.00
10.00
10.00
10.00
553.75
553.75
693.74
877.72
1072.97
988.46
1139.94
1247.89
1488.35
1834.13
1834.13
2029.17
2029.17
1773.60
1773.60
1977.08
1977.08
2316.80
2316.80
2265.41
2265.41
2638.55
2638.55
3238.19
3238.19
3293.69
3293.69
3311.38
3311.38
3347.53
3347.53
2917.32
2917.32
3142.68
3142.68
3142.68
3142.68
3168.06
3168.06
3811.01
3811.01
3856.35
3856.35
3880.37
3880.37
3880.37
3880.37
3880.37
3880.37
3880.37
3880.37
3880.37
3880.37
3880.37
3880.37
3880.37
3880.37
3748.69
3748.69
3834.45
3834.45
3185.73
3185.73
3708.33
3708.33
3708.33
3708.33
3708.33
3708.33
3708.33
3708.33
3708.33
3708.33
3748.28
3748.28
3748.28
3748.28
3870.76
3870.76
3870.76
3870.76
3870.76
3870.76
3870.76
3870.76
3870.76
3870.76
2564.62
2564.62
3324.99
3324.99
3646.11
3646.11
3646.11
3646.11
2919.05
2919.05
2771.70
2771.70
3309.16
3309.16
3719.26
3719.26
3719.26
3719.26
3719.26
3719.26
3719.26
3719.26
3719.26
3823.76
3823.76
3722.61
3722.61
3722.61
3722.61
3722.61
3722.61
3722.61
3722.61
3668.52
3668.52
4225.74
4225.74
4225.74
4225.74
4225.74
4225.74
4170.62
4170.62
4170.62
4170.62
4170.62
4170.62
4170.62
4170.62
4170.62
4170.62
4170.62
4170.62
4170.62
4170.62
4170.62
4170.62
4170.62
4170.62
4170.62
4170.62
248.38
569.84
569.84
569.84
712.60
712.60
816.28
816.28
967.30
967.30
1109.78
1109.78
1085.01
1085.01
1176.76
1176.76
1321.72
1375.76
1375.76
1375.76
1640.12
1640.12
2000.18
2000.18
2291.95
2291.95
2352.05
2352.05
2415.28
2415.28
2422.61
2422.61
2302.35
2302.35
2343.76
2343.76
2340.57
2340.57
2348.24
2348.24
2615.61
2615.61
2368.00
2368.00
2349.75
2349.75
2523.92
2523.92
2523.92
2523.92
2764.29
2764.29
2764.29
2764.29
2548.54
2548.54
2548.54
2548.54
2570.87
2570.87
2570.87
2570.87
2570.87
2570.87
2570.87
2570.87
2570.87
2570.87
2570.87
2570.87
2570.87
2570.87
2570.87
2570.87
2570.87
2570.87
2570.87
2570.87
2570.87
2570.87
2570.87
2570.87
2570.87
2570.87
2647.64
2647.64
2524.22
2524.22
2691.94
2691.94
2963.26
2963.26
10.00
10.00
10.00
10.00
715.62
715.62
715.62
715.62
715.62
715.62
715.62
715.62
715.62
715.62
1148.55
1148.55
1148.55
1148.55
1160.37
1160.37
2624.53
2624.53
2624.53
2624.53
2924.97
2924.97
2924.97
2924.97
2924.97
2924.97
2924.97
2924.97
2924.97
2924.97
2924.97
2924.97
2924.97
2924.97
2924.97
2924.97
3200.84
3200.84
3200.84
3200.84
3200.84
3200.84
3210.35
3210.35
3334.49
3334.49
3588.55
3588.55
3181.96
3181.96
3562.99
3562.99
3562.99
3562.99
3733.11
3733.11
3733.11
3733.11
3733.11
3733.11
3733.11
3733.11
3733.11
3733.11
3733.11
3733.11
3733.11
3733.11
3733.11
3733.11
3733.11
3733.11
3733.11
3733.11
3733.11
3733.11
3733.11
3733.11
3733.11
3733.11
3617.56
3617.56
3958.74
3958.74
3958.74
3958.74
3958.74
3958.74
4004.32
4004.32
4226.23
4226.23
4226.23
4226.23
4226.23
4226.23
201.58
201.58
1748.23
1748.23
1828.36
1828.36
2884.44
2884.44
4373.98
4373.98
4531.27
4531.27
4392.66
4392.66
4392.66
4392.66
10.00
10.00
4846.58
4846.58
4846.58
4846.58
4846.58
4846.58
4926.29
4926.29
5142.77
5142.77
5143.71
5143.71
4986.33
4986.33
4986.33
346.77
4985.32
4985.32
4985.32
4985.32
4985.32
4985.32
4985.32
4985.32
4985.32
4985.32
4985.32
4985.32
4985.32
4985.32
264.67
264.67
1993.94
1993.94
1993.94
1993.94
2429.44
2429.44
2429.44
2429.44
2429.44
2429.44
2596.19
2596.19
2596.19
2596.19
2596.19
2596.19
2596.19
2596.19
2596.19
2596.19
2596.19
2596.19
257.16
257.16
882.54
882.54
979.21
979.21
1262.10
1262.10
1464.98
1464.98
1538.41
1538.41
1891.49
1891.49
1911.56
1911.56
2006.10
2006.10
2352.23
2352.23
2554.30
2554.30
2563.11
2563.11
2722.55
2722.55
2928.50
2928.50
3031.58
3031.58
10.00
10.00
3215.22
3215.22
3182.47
3182.47
3182.47
3182.47
3056.49
3056.49
3544.98
3544.98
3626.96
3626.96
3626.96
3626.96
3626.96
3626.96
4055.20
4055.20
4063.57
4063.57
4138.36
4138.36
4117.22
4117.22
4117.22
4117.22
4117.22
4117.22
4117.22
887.07
928.64
928.64
1099.53
1349.28
1454.28
1454.28
1257.83
1257.83
1830.14
1830.14
2077.36
2077.36
2395.95
2395.95
2657.46
2657.46
2547.78
2547.78
2661.78
2661.78
2594.09
2594.09
3335.78
3335.78
3387.23
3387.23
3387.23
3387.23
3402.67
3402.67
3666.52
3666.52
3487.58
3487.58
3615.65
3615.65
3520.66
3520.66
3520.66
3520.66
3828.39
3828.39
3122.10
3122.10
3122.10
3122.10
4135.72
4135.72
4135.72
4135.72
4135.72
4135.72
4350.41
4350.41
4554.50
4554.50
4554.50
4554.50
4554.50
4554.50
4554.50
4554.50
4974.40
4974.40
4936.00
4936.00
3506.24
3506.24
3506.24
3506.24
3506.24
3506.24
3506.24
3506.24
3506.24
3506.24
3660.87
3660.87
3660.87
3660.87
3660.87
3660.87
3660.87
3660.87
3907.35
3907.35
344.05
344.05
1613.77
1613.77
1613.77
1613.77
1613.77
1613.77
1970.76
1970.76
1970.76
1970.76
1970.76
1970.76
3665.24
3665.24
3886.10
3886.10
3886.10
3886.10
3531.80
3531.80
4114.75
4114.75
4225.12
4225.12
4225.12
4225.12
4225.12
4225.12
4225.12
4225.12
4498.07
4498.07
4597.38
4597.38
3224.76
3224.76
3224.76
3224.76
4709.63
4709.63
4152.23
4152.23
4152.23
4152.23
4152.23
4152.23
4397.83
4397.83
4397.83
4397.83
4677.80
4677.80
4677.80
4677.80
4677.80
4677.80
293.12
293.12
2201.99
2201.99
2201.99
2201.99
2201.99
2201.99
4188.59
4188.59
4836.61
4836.61
4836.61
4836.61
4836.61
4836.61
4836.61
4836.61
4836.61
4836.61
4836.61
4836.61
4836.61
4836.61
2685.40
2685.40
4827.13
4827.13
3462.77
3462.77
3462.77
3462.77
3462.77
3462.77
3462.77
3462.77
3462.77
3462.77
3462.77
3462.77
3462.77
3462.77
3462.77
3462.77
3462.77
3462.77
3462.77
3462.77
131.74
131.74
131.74
572.84
693.76
693.76
846.59
846.59
920.48
920.48
876.08
876.08
1062.32
1062.32
1150.75
1150.75
1150.75
1150.75
1515.98
1515.98
1612.08
1612.08
1728.29
1728.29
1728.29
1728.29
1752.99
1752.99
2211.18
2211.18
2236.67
2236.67
2088.24
2088.24
2003.51
2003.51
2255.57
2255.57
2255.57
2255.57
2255.57
2255.57
2255.57
2255.57
2255.57
2255.57
2255.57
2255.57
2255.57
2255.57
2255.57
2255.57
2255.57
2255.57
2255.57
2255.57
2255.57
2255.57
2255.57
2255.57
2255.57
2255.57
2255.57
2255.57
2255.57
2255.57
2255.57
2255.57
2255.57
2255.57
2255.57
2255.57
2255.57
2255.57
2255.57
2255.57
2665.72
2665.72
2774.61
2774.61
2760.04
2760.04
2760.04
2760.04
2760.04
2760.04
2760.04
98.93
98.93
588.18
986.02
1085.49
1091.54
1091.54
1284.98
1284.98
1291.16
1291.16
1579.31
1579.31
1748.94
1748.94
1615.54
1615.54
1689.14
1689.14
1723.05
1723.05
2160.97
2160.97
2279.97
2279.97
2363.33
2363.33
2925.28
2925.28
2957.45
2957.45
3241.31
3241.31
3362.11
3362.11
3202.30
3202.30
3211.36
3211.36
3429.85
3429.85
3226.51
3226.51
3705.61
3705.61
3705.61
3705.61
3705.61
3705.61
3705.61
3705.61
3705.61
3705.61
3705.61
3705.61
3705.61
3705.61
3705.61
3705.61
3474.91
3474.91
3444.88
3444.88
2329.07
2329.07
2922.08
2922.08
2922.08
2922.08
2456.00
2456.00
2930.65
2930.65
2022.13
2022.13
3124.73
3124.73
3008.02
3008.02
3529.45
3529.45
325.20
325.20
3427.39
3427.39
3427.39
3427.39
3473.23
3473.23
3406.59
3406.59
3558.38
3558.38
3558.38
3558.38
10.00
10.00
1796.11
1796.11
3690.75
3690.75
3690.75
3690.75
3744.99
3744.99
10.00
10.00
1846.22
1846.22
1867.80
1867.80
3641.24
3641.24
3792.86
3792.86
3792.86
3792.86
3792.86
3792.86
270.83
270.83
3780.65
3780.65
3783.78
3783.78
3783.78
3783.78
3783.78
3783.78
3783.78
3783.78
3783.78
3783.78
3783.78
3783.78
3783.78
3783.78
3783.78
3783.78
3671.99
3671.99
3671.99
3671.99
239.53
239.53
2942.07
2942.07
3793.06
3793.06
3793.06
3793.06
3793.06
3793.06
263.92
263.92
3799.32
3799.32
3788.82
3788.82
3509.77
3509.77
3509.77
3509.77
4026.96
4026.96
4026.96
4026.96
4026.96
4026.96
4026.96
4026.96
4026.96
4026.96
4026.96
4026.96
4026.96
4026.96
3838.63
3838.63
3838.63
3838.63
3838.63
3838.63
3956.57
3956.57
3956.57
3956.57
3956.57
3956.57
3854.14
3854.14
234.35
234.35
310.75
310.75
1852.08
1852.08
3961.51
3961.51
3444.05
3444.05
3533.86
3533.86
3794.36
3794.36
3794.36
3794.36
3778.48
3778.48
3778.48
3778.48
4069.51
4069.51
4230.26
4230.26
256.26
256.26
3603.79
3603.79
3939.51
3939.51
3939.51
3939.51
3111.63
3111.63
4216.10
4216.10
2993.88
2993.88
2993.88
2993.88
2993.88
225.10
225.10
225.10
518.17
518.17
569.65
569.65
730.81
819.09
819.09
940.87
1181.34
1181.34
1287.33
1287.33
1366.69
1366.69
1508.63
1508.63
1356.81
1356.81
1436.20
1436.20
1583.88
1583.88
1895.11
1895.11
2081.21
2081.21
2081.79
2081.79
2085.62
2085.62
2138.89
2138.89
2177.76
2177.76
2571.41
2571.41
2543.19
2543.19
2572.26
2572.26
2621.58
2621.58
2621.58
2621.58
3029.38
3029.38
3027.68
3027.68
3634.84
3634.84
3634.84
3634.84
119.65
119.65
1311.91
1311.91
1311.91
1311.91
1605.28
1605.28
1605.28
1605.28
3656.85
3656.85
3873.91
3873.91
3873.91
3873.91
3873.91
3873.91
3873.91
3873.91
3873.91
3873.91
3873.91
3873.91
3873.91
3873.91
3873.91
3873.91
3873.91
3873.91
3873.91
3873.91
3873.91
3873.91
3873.91
3873.91
3873.91
3873.91
3873.91
3873.91
3873.91
3873.91
3873.91
3873.91
3873.91
3873.91
3873.91
3873.91
184.47
184.47
184.47
341.54
341.54
341.54
692.21
692.21
879.45
1042.51
1031.48
1031.48
882.35
882.35
1042.11
1042.11
1192.24
1192.24
1060.40
1060.40
1060.40
1489.48
1532.76
1532.76
1570.71
1570.71
1570.71
1570.71
1570.71
1724.98
1724.98
1695.86
1695.86
1695.86
1695.86
2200.08
2200.08
2200.08
2200.08
2123.91
2123.91
2184.29
2184.29
1997.42
1997.42
2417.69
2417.69
2417.69
2417.69
2353.75
2353.75
2958.80
2958.80
3036.21
3036.21
3036.21
3036.21
2895.34
2895.34
2895.34
2895.34
2895.34
2895.34
2895.34
2895.34
2895.34
2895.34
2895.34
2895.34
2895.34
2895.34
3464.09
3464.09
3464.09
3464.09
3464.09
3464.09
3464.09
3464.09
2958.49
2958.49
3562.68
3562.68
3562.68
3562.68
3988.04
3988.04
4112.26
4112.26
4173.77
4173.77
4173.77
4173.77
4236.77
4236.77
4265.13
4265.13
4252.10
4252.10
2654.33
2654.33
4385.89
4385.89
4829.86
4829.86
4527.71
4527.71
4527.71
4527.71
4420.66
4420.66
4420.66
4420.66
4420.66
4420.66
4842.53
4842.53
4627.86
4627.86
4627.86
4627.86
4440.07
4440.07
4529.81
4529.81
4749.63
4749.63
4749.63
4749.63
4749.63
4749.63
4749.63
4749.63
4749.63
4749.63
5541.45
5541.45
5449.66
5449.66
4492.10
4492.10
4492.10
4492.10
4492.10
4492.10
4492.10
4492.10
4492.10
4492.10
4492.10
4492.10
4492.10
4492.10
4492.10
4492.10
4492.10
4492.10
4492.10
4492.10
4492.10
4492.10
4492.10
4492.10
4492.10
4492.10
4492.10
4492.10
4492.10
4492.10
4492.10
4492.10
4492.10
4492.10
4492.10
4492.10
4492.10
4492.10
4492.10
4492.10
4492.10
4492.10
4492.10
4492.10
4492.10
4492.10
4492.10
4492.10
4492.10
4492.10
4492.10
4492.10
4492.10
4492.10
4492.10
4492.10
4492.10
4492.10
4492.10
4492.10
4492.10
4492.10
4492.10
4492.10
4492.10
4492.10
4492.10
4492.10
4492.10
4492.10
4492.10
4492.10
4492.10
4492.10
4492.10
4492.10
4492.10
4492.10
4492.10
4492.10
4492.10
4492.10
4492.10
4492.10
4492.10
4492.10
4492.10
4492.10
4492.10
4492.10
4492.10
4492.10
4492.10
4492.10
4492.10
4492.10
4492.10
4492.10
4492.10
4492.10
4492.10
4492.10
4492.10
4492.10
4492.10
4492.10
4492.10
4492.10
4492.10
4492.10
4492.10
4492.10
4492.10
4492.10
4492.10
4492.10
4492.10
4492.10
4492.10
4492.10
4492.10
4492.10
4492.10
4492.10
4492.10
4492.10
4492.10
4492.10
4492.10
4492.10
4492.10
4492.10
1306.20
1306.20
2033.65
2033.65
2033.65
2033.65
2097.84
2097.84
2463.31
2463.31
2451.22
2451.22
2398.49
2398.49
1236.07
1236.07
2612.74
2612.74
2539.30
2539.30
2443.27
2443.27
1982.33
1982.33
2576.64
2576.64
2560.96
2560.96
2768.88
2768.88
2768.88
2768.88
2768.88
2768.88
2879.26
2879.26
2879.26
2879.26
2017.83
2017.83
2977.78
2977.78
2977.78
2977.78
2977.78
2977.78
2977.78
2977.78
2951.26
2951.26
2951.26
2951.26
3034.73
3034.73
3034.73
3034.73
3034.73
3034.73
3171.87
3171.87
3171.87
3171.87
1375.25
1375.25
1702.20
1702.20
1999.14
1999.14
2951.79
2951.79
2951.79
2951.79
2951.79
2951.79
3125.83
3125.83
3125.83
3125.83
2249.79
2249.79
1591.36
1591.36
1266.13
1266.13
2941.81
2941.81
2632.87
2632.87
2924.72
2924.72
2924.72
2924.72
2924.72
2924.72
3152.34
3152.34
3152.34
3152.34
3181.52
3181.52
3240.81
3240.81
3240.81
3240.81
3672.78
3672.78
3663.50
3663.50
1500.22
1500.22
1523.32
1523.32
3687.74
3687.74
3436.62
3436.62
3436.62
3436.62
3436.62
3436.62
3436.62
3436.62
3436.62
3436.62
3479.61
3479.61
3479.61
3479.61
3479.61
3479.61
3479.61
3479.61
3479.61
3479.61
3479.61
3479.61
3045.89
3045.89
1463.20
1463.20
10.00
10.00
327.17
327.17
2928.67
2928.67
2928.67
2928.67
3098.30
3098.30
3133.87
3133.87
3328.58
3328.58
3213.73
3213.73
3213.73
3213.73
2256.28
2256.28
2256.28
2256.28
2256.28
2256.28
2256.28
2256.28
2256.28
2256.28
2256.28
2256.28
2256.28
2256.28
2256.28
2256.28
2256.28
2256.28
2273.67
2273.67
2273.67
2273.67
2273.67
2273.67
2273.67
2273.67
2273.67
2273.67
3212.11
3212.11
3212.11
3212.11
3212.11
3212.11
3212.11
3212.11
3212.11
3212.11
3212.11
3212.11
3562.17
3562.17
3553.80
3553.80
3952.46
3952.46
3348.82
3348.82
4024.32
4024.32
3780.88
3780.88
3973.92
3973.92
3973.92
3973.92
3973.92
3973.92
3240.97
3240.97
4150.91
4150.91
4150.91
4150.91
1967.06
1967.06
3511.78
3511.78
3511.78
3511.78
3511.78
3511.78
3511.78
3511.78
3511.78
3511.78
3511.78
3511.78
3511.78
3511.78
3511.78
3511.78
3511.78
3511.78
3511.78
3511.78
3511.78
3511.78
3511.78
3511.78
309.55
309.55
450.52
450.52
549.24
549.24
600.58
600.58
762.49
762.49
916.70
916.70
982.88
982.88
1020.15
1020.15
1304.09
1304.09
1487.73
1487.73
1603.40
1603.40
1622.93
1622.93
1720.51
1720.51
1720.51
1720.51
1709.74
1709.74
1717.70
1717.70
1549.75
1549.75
1681.25
1681.25
1906.08
1906.08
2062.38
2062.38
1977.19
1977.19
2288.86
2288.86
2272.11
2272.11
2217.42
2217.42
204.35
204.35
706.24
706.24
816.39
816.39
2471.45
2471.45
1611.18
1611.18
2664.69
2664.69
2937.58
2937.58
2991.87
2991.87
2991.87
34.13
34.13
1075.75
1537.97
1537.97
686.57
686.57
1598.85
1598.85
1657.51
1657.51
1720.98
1720.98
1720.98
1720.98
1720.98
1720.98
1681.72
1681.72
1751.99
1751.99
1806.98
1806.98
1836.29
1836.29
1908.55
1908.55
2126.90
2126.90
1947.39
1947.39
1938.30
1938.30
2221.89
2221.89
2312.18
2312.18
2386.39
2386.39
2388.01
2388.01
2159.27
2159.27
2501.06
2501.06
2867.04
2867.04
2988.05
2988.05
2677.42
2677.42
3207.85
3207.85
3207.85
3207.85
230.27
230.27
2984.31
2984.31
2984.31
2984.31
2984.31
2984.31
2984.31
2984.31
2984.31
2984.31
2984.31
1399.72
2794.37
2794.37
2794.37
2794.37
2794.37
2794.37
2794.37
2794.37
2794.37
2794.37
2900.16
2900.16
2940.77
2940.77
2940.77
2940.77
2940.77
2940.77
2940.77
2940.77
2940.77
2940.77
2940.77
2940.77
2940.77
2940.77
10.00
10.00
2728.27
2728.27
2614.33
2614.33
2614.33
2614.33
2854.95
2854.95
2661.89
2661.89
2661.89
2661.89
2661.89
2661.89
2440.09
2440.09
3032.42
3032.42
3032.42
3032.42
3189.37
3189.37
3189.37
3189.37
3189.37
3189.37
3189.37
3189.37
3189.37
3189.37
3057.12
3057.12
3275.75
3275.75
3275.75
3275.75
3069.47
3069.47
3325.91
3325.91
3325.91
3325.91
3325.91
3325.91
3325.91
3325.91
3453.44
3453.44
3321.19
3321.19
3503.58
3503.58
3503.58
3503.58
3503.58
3503.58
3503.58
3503.58
3503.58
3503.58
3503.58
3503.58
3503.58
3503.58
3503.58
3503.58
3331.95
3331.95
3331.95
3331.95
3102.85
3102.85
1381.06
1381.06
1722.58
1722.58
3324.09
3324.09
2297.52
2297.52
2297.52
2297.52
2297.52
2297.52
2297.52
2297.52
2297.52
2297.52
3391.44
3391.44
3391.44
3391.44
3391.44
3391.44
3391.44
3391.44
3391.44
3391.44
3391.44
3391.44
3465.72
3465.72
3465.72
3465.72
3465.72
3465.72
3465.72
3465.72
3465.72
3465.72
3465.72
3465.72
3465.72
3465.72
3465.72
3465.72
3316.61
3316.61
3316.61
3316.61
3316.61
3316.61
3316.61
3316.61
3316.61
3316.61
3316.61
3316.61
3316.61
3316.61
3316.61
3316.61
3262.30
3262.30
3262.30
3262.30
3262.30
3262.30
3467.86
3467.86
3467.86
3467.86
2846.66
2846.66
2846.66
2846.66
2846.66
2846.66
2846.66
2846.66
2846.66
2846.66
2846.66
2846.66
3742.31
3742.31
3499.55
3499.55
3703.89
3703.89
3703.89
3703.89
3703.89
3703.89
3703.89
3703.89
3703.89
3703.89
3703.89
3703.89
3703.89
3703.89
3703.89
3703.89
3703.89
3703.89
1448.34
1448.34
1697.93
1697.93
1663.31
1663.31
1911.73
1911.73
1848.07
1848.07
2242.54
2242.54
2022.14
2022.14
1355.99
1355.99
1801.51
1801.51
2528.48
2528.48
2581.41
2581.41
2529.95
2529.95
2710.60
2710.60
2835.93
2835.93
2835.93
2835.93
2805.72
2805.72
2805.72
2805.72
2989.78
2989.78
2989.78
2989.78
2989.78
2989.78
2856.02
2856.02
2856.02
2856.02
2856.02
2856.02
2856.02
2856.02
2438.88
2438.88
2438.88
2438.88
2438.88
2438.88
2438.88
2438.88
2438.88
2438.88
2438.88
2438.88
338.02
338.02
2784.82
2784.82
2784.82
2784.82
2713.76
2713.76
2713.76
2713.76
3178.76
3178.76
3314.98
3314.98
3314.98
3314.98
3102.13
3102.13
3366.40
3366.40
3366.40
3366.40
3366.40
3366.40
3366.40
3366.40
10.00
10.00
1125.86
1125.86
1515.94
1515.94
3468.31
3468.31
3545.23
3545.23
3527.40
3527.40
3737.65
3737.65
3737.65
3737.65
4004.77
4004.77
4004.77
4004.77
4004.77
4004.77
4004.77
4004.77
2923.74
2923.74
2923.74
2923.74
4025.38
4025.38
4025.38
4025.38
4737.97
4737.97
4035.61
4035.61
4035.61
4035.61
4718.60
4718.60
5068.12
5068.12
4231.60
4231.60
4545.94
4545.94
4918.83
4918.83
4918.83
4918.83
4918.83
4918.83
4918.83
4918.83
4918.83
4918.83
4918.83
4918.83
4918.83
4918.83
4918.83
4918.83
4918.83
4918.83
4918.83
4918.83
4918.83
4918.83
4918.83
4918.83
5166.81
5166.81
5166.81
5166.81
5166.81
5166.81
5166.81
5166.81
5166.81
5166.81
5166.81
5166.81
5166.81
5166.81
5166.81
5166.81
5166.81
5166.81
5166.81
5166.81
5166.81
5166.81
5166.81
5166.81
5166.81
5166.81
5166.81
5166.81
5166.81
5166.81
5166.81
5166.81
5166.81
5166.81
5166.81
5166.81
5166.81
5166.81
5166.81
244.38
244.38
260.18
260.18
302.57
302.57
386.00
386.00
355.51
355.51
373.71
373.71
625.06
625.06
771.20
771.20
879.54
938.53
938.53
938.53
993.12
993.12
1096.82
1096.82
1321.59
1321.59
1393.42
1393.42
1446.27
1446.27
1639.43
1639.43
1734.03
1734.03
1563.05
1563.05
1971.72
1971.72
1838.21
1838.21
2080.07
2080.07
2160.19
2160.19
2160.19
2160.19
2160.19
2160.19
2160.19
2160.19
2160.19
2160.19
2160.19
2160.19
2160.19
2160.19
2160.19
2160.19
2094.93
2094.93
2094.93
2094.93
311.57
311.57
10.00
10.00
683.95
683.95
10.00
10.00
10.00
10.00
10.00
95.90
95.90
95.90
95.90
118.53
118.53
118.53
118.53
118.53
350.81
350.81
10.00
10.00
665.77
306.53
855.70
989.56
989.56
989.56
10.00
10.00
95.81
95.81
1719.94
1562.96
2181.67
2181.67
2315.76
2315.76
2525.70
2525.70
2687.90
2687.90
2673.94
2673.94
2562.44
2562.44
2804.71
2804.71
2793.11
2793.11
2866.97
2866.97
3044.45
3044.45
3078.82
3078.82
3078.82
3078.82
3078.82
3078.82
3078.82
3078.82
3078.82
3078.82
3078.82
3078.82
2868.15
2868.15
2801.99
2801.99
2409.33
2409.33
3111.82
3111.82
3309.23
3309.23
3270.14
3270.14
3282.17
3282.17
3148.86
3148.86
3085.54
3085.54
3085.54
3085.54
3167.27
3167.27
2604.08
2604.08
3281.39
3281.39
3281.39
3281.39
3281.39
3281.39
3346.56
3346.56
3410.79
3410.79
3584.98
3584.98
3584.98
3584.98
3947.06
3947.06
3934.26
3934.26
3490.34
3490.34
3961.19
3961.19
3961.19
3961.19
3961.19
3961.19
3961.19
3961.19
3961.19
3961.19
3961.19
3961.19
3961.19
3961.19
3961.19
3961.19
4225.40
4225.40
2706.18
2706.18
4298.62
4298.62
4298.62
4298.62
4402.76
4402.76
4402.76
4402.76
4402.76
76.98
76.98
76.98
76.98
76.98
76.98
76.98
76.98
533.97
533.97
673.36
830.49
830.49
831.55
1009.14
1115.80
1234.44
1517.41
1517.41
1558.59
1558.59
1938.68
1938.68
2228.11
2228.11
2346.97
2346.97
2311.45
2311.45
2452.57
2452.57
2520.52
2520.52
2336.68
2336.68
2789.12
2789.12
2568.95
2568.95
2568.95
2568.95
2568.95
2568.95
2568.95
2568.95
2558.65
2558.65
2691.58
2691.58
3620.46
3620.46
3578.96
3578.96
3578.96
3578.96
3578.96
3578.96
3578.96
3578.96
3578.96
3578.96
3578.96
3578.96
3578.96
3578.96
3578.96
3578.96
3578.96
3578.96
3578.96
3578.96
3578.96
3578.96
3578.96
3578.96
3578.96
3578.96
1773.42
1773.42
1743.57
1743.57
1743.57
1743.57
1769.66
1769.66
1896.19
1896.19
2053.29
2053.29
2238.93
2238.93
2310.80
2310.80
2310.80
2310.80
1924.67
1924.67
2684.28
2684.28
2684.28
2684.28
2684.28
2684.28
2684.28
2684.28
2684.28
2684.28
2757.55
2757.55
2757.55
2757.55
2757.55
2757.55
2776.44
2776.44
2629.12
2629.12
2898.75
2898.75
2141.13
2141.13
3060.67
3060.67
3165.70
3165.70
3462.04
3462.04
3424.54
3424.54
3613.75
3613.75
1471.49
1471.49
3572.74
3572.74
3553.48
3553.48
1861.96
1861.96
3640.88
3640.88
3640.88
3640.88
3640.88
3640.88
3640.88
3640.88
3699.73
3699.73
3594.24
3594.24
3363.23
3363.23
3363.23
3363.23
3741.59
3741.59
175.17
175.17
1382.89
1382.89
3646.22
3646.22
3881.73
3881.73
4075.70
4075.70
3573.82
3573.82
4080.14
4080.14
3194.73
3194.73
3194.73
3194.73
3194.73
3194.73
3194.73
3194.73
3194.73
3194.73
3194.73
3194.73
3194.73
3194.73
2851.57
2851.57
4261.55
4261.55
4261.55
4261.55
4261.55
4261.55
4261.55
4261.55
4261.55
4261.55
4261.55
4261.55
4261.55
4261.55
4261.55
4261.55
4261.55
4261.55
4261.55
4261.55
4261.55
4261.55
4261.55
4261.55
4261.55
4261.55
4261.55
4261.55
4261.55
4261.55
4261.55
4261.55
4261.55
4261.55
4261.55
4261.55
4261.55
4261.55
4261.55
4261.55
4261.55
4261.55
4261.55
4261.55
10.00
10.00
10.00
10.00
10.00
10.00
98.03
98.03
250.57
250.57
250.57
508.58
508.58
585.33
585.33
808.30
808.30
934.87
1142.93
1345.50
1388.92
1424.92
1511.77
1511.77
1511.77
1511.77
2019.16
2019.16
2003.82
2003.82
1782.49
1782.49
1836.98
1836.98
2088.13
2088.13
2244.24
2244.24
2147.54
2147.54
2339.38
2339.38
2487.28
2487.28
2483.03
2483.03
2488.13
2488.13
2488.13
2488.13
2490.11
2490.11
3059.00
3059.00
3095.80
3095.80
3139.16
3139.16
3189.96
3189.96
3189.96
3189.96
3088.53
3088.53
3088.53
3088.53
2384.44
2384.44
3197.11
3197.11
3670.50
3670.50
3670.50
3670.50
3670.50
3670.50
4081.15
4081.15
4081.15
4081.15
4081.15
4081.15
4081.15
4081.15
292.13
292.13
2432.37
2432.37
3844.74
3844.74
3844.74
3844.74
3844.74
3844.74
3844.74
3844.74
3844.74
3844.74
3844.74
3844.74
2545.89
2545.89
2077.13
2077.13
2158.72
2158.72
2062.23
2062.23
2785.26
2785.26
2948.22
2948.22
2301.57
2301.57
2335.39
2335.39
2335.39
2335.39
2763.39
2763.39
2832.04
2832.04
1926.03
1926.03
3474.92
3474.92
3577.64
3577.64
3577.64
3577.64
3327.01
3327.01
295.85
295.85
3305.56
3305.56
3558.75
3558.75
2031.15
2031.15
3059.01
3059.01
4102.34
4102.34
3769.51
3769.51
2646.73
2646.73
2679.23
2679.23
2679.23
2679.23
2679.23
2679.23
2702.21
2702.21
2659.51
2659.51
2828.49
2828.49
2788.69
2788.69
2788.69
2788.69
2753.59
2753.59
2513.26
2513.26
2860.69
2860.69
2629.40
2629.40
2999.86
2999.86
2960.52
2960.52
2869.99
2869.99
2869.99
2869.99
3431.05
3431.05
3412.18
3412.18
3537.65
3537.65
3705.60
3705.60
3728.49
3728.49
4200.64
4200.64
4200.64
4200.64
3063.99
3063.99
3974.92
3974.92
4249.34
4249.34
4249.34
4249.34
4249.34
4249.34
287.94
287.94
1291.44
1291.44
1979.30
1979.30
1979.30
1979.30
1979.30
1979.30
1979.30
1979.30
1979.30
1979.30
1979.30
1979.30
1979.30
1979.30
1979.30
1979.30
4290.91
4290.91
4290.91
4290.91
2214.84
2214.84
2214.84
2214.84
2214.84
2214.84
2214.84
2214.84
2214.84
2214.84
2214.84
2214.84
2214.84
2214.84
2214.84
2214.84
2214.84
2214.84
2214.84
2214.84
4720.89
4720.89
4649.79
4649.79
244.73
244.73
2342.36
2342.36
4082.42
4082.42
4082.42
4082.42
4082.42
4082.42
4082.42
4082.42
4082.42
4082.42
4082.42
4082.42
4751.11
4751.11
4751.11
4751.11
4751.11
4751.11
4751.11
4751.11
235.46
235.46
1978.29
1978.29
1978.29
1978.29
1978.29
1978.29
4064.42
4064.42
4064.42
4064.42
4064.42
4064.42
4064.42
4064.42
4505.98
4505.98
4518.73
4518.73
4524.89
4524.89
3856.64
3856.64
3856.64
3856.64
3856.64
3856.64
3856.64
3856.64
3856.64
3856.64
3856.64
3856.64
3856.64
3856.64
3856.64
3856.64
176.30
176.30
527.08
527.08
527.08
527.08
527.08
527.08
527.08
964.04
1196.37
1160.97
1112.49
1112.49
1340.82
1340.82
1590.89
1590.89
1550.63
1550.63
1474.54
1474.54
1946.67
1946.67
2132.55
2132.55
2132.55
2132.55
2132.55
2132.55
1866.26
1866.26
1866.26
1866.26
346.79
346.79
1112.79
1112.79
2250.10
2250.10
2099.56
2099.56
2366.61
2366.61
2600.13
2600.13
2782.51
2782.51
2782.51
2782.51
2782.51
2782.51
2782.51
2782.51
2854.28
2854.28
3347.72
3347.72
3357.16
3357.16
3167.34
3167.34
423.56
423.56
1268.74
1268.74
3550.17
3550.17
3550.17
3550.17
3550.17
3550.17
3550.17
3550.17
2853.59
2853.59
3614.59
3614.59
3614.59
3614.59
3680.13
3680.13
906.27
906.27
1523.46
1523.46
1587.00
1587.00
1587.00
1587.00
1587.00
1587.00
1628.80
1628.80
1628.80
1628.80
161.69
161.69
161.69
511.97
661.99
661.99
753.79
753.79
800.91
800.91
1205.68
1205.68
1205.68
1503.47
1685.97
1685.97
1749.54
1749.54
2140.44
2140.44
2313.14
2313.14
2313.14
2313.14
1653.36
1653.36
2127.22
2127.22
2384.20
2384.20
2384.20
2384.20
2384.20
2384.20
2384.20
2384.20
2384.20
2384.20
2384.20
2384.20
2384.20
2384.20
2338.71
2338.71
2338.71
2338.71
2338.71
2338.71
2338.71
2338.71
2338.71
2338.71
2338.71
2338.71
2338.71
2338.71
2338.71
2338.71
2338.71
2338.71
2338.71
2338.71
2338.71
2338.71
2338.71
2338.71
10.00
10.00
10.00
10.00
10.00
10.00
10.00
297.35
522.53
551.87
602.64
699.78
874.13
874.13
899.52
899.52
883.20
883.20
1078.40
1078.40
1149.73
1149.73
1317.22
1317.22
1315.63
1315.63
1382.35
1382.35
1519.18
1519.18
1736.41
1736.41
1856.90
1856.90
1881.37
1881.37
1856.64
1856.64
1943.82
1943.82
1333.44
1333.44
2099.64
2099.64
2193.15
2193.15
1462.32
1462.32
1462.32
1462.32
1462.32
1462.32
2239.05
2239.05
2239.05
2239.05
2239.05
2239.05
2239.05
2239.05
2239.05
2239.05
2290.24
2290.24
2290.24
2290.24
2290.24
2290.24
2290.24
2290.24
2290.24
2290.24
2290.24
2290.24
2290.24
2290.24
2290.24
2290.24
2290.24
2290.24
2290.24
2290.24
2290.24
2290.24
2290.24
2290.24
2290.24
2290.24
2290.24
2290.24
2290.24
2290.24
2290.24
177.73
177.73
239.88
239.88
438.93
438.93
617.28
617.28
651.34
651.34
717.52
717.52
912.86
912.86
902.65
902.65
905.64
905.64
957.24
957.24
941.34
941.34
1130.87
1130.87
1159.39
1159.39
1244.06
1244.06
1270.34
1270.34
1373.72
1373.72
1300.91
1300.91
1381.37
1381.37
1237.69
1237.69
1237.69
1237.69
1265.62
1265.62
1383.07
1383.07
1493.37
1493.37
1693.69
1693.69
1693.69
1693.69
1693.69
1693.69
1757.98
1757.98
1757.98
1757.98
1660.99
1660.99
1660.99
1660.99
1660.99
1660.99
1763.97
1763.97
1647.35
1647.35
1612.92
1612.92
1612.92
1612.92
1740.20
1740.20
741.14
741.14
1657.75
1657.75
1695.84
1695.84
1833.48
1833.48
1833.48
1833.48
1833.48
1833.48
1813.26
1813.26
1833.56
1833.56
1833.56
1833.56
1833.56
1833.56
1833.56
1833.56
2060.15
2060.15
2060.15
2060.15
2060.15
2060.15
2082.66
2082.66
2082.66
2082.66
2082.66
2082.66
2082.66
2082.66
2082.66
2082.66
2082.66
2082.66
2082.66
2082.66
2082.66
2082.66
2082.66
2082.66
2082.66
2082.66
2082.66
2082.66
2082.66
2082.66
2082.66
2082.66
2082.66
2082.66
2082.66
2082.66
2082.66
2082.66
2082.66
2082.66
2082.66
2082.66
2082.66
2082.66
2082.66
2082.66
2082.66
2082.66
2082.66
2082.66
2082.66
2082.66
2082.66
2082.66
2082.66
2082.66
2082.66
2082.66
2082.66
2082.66
2284.34
2284.34
2284.34
2284.34
2492.87
2492.87
2492.87
2492.87
2615.11
2615.11
2615.11
2615.11
2615.11
2615.11
2615.11
2615.11
2297.01
2297.01
2613.49
2613.49
2631.39
2631.39
2650.44
2650.44
3092.96
3092.96
3052.34
3052.34
3052.34
3052.34
3185.67
3185.67
3274.03
3274.03
3274.03
3274.03
2062.50
2062.50
2062.50
2062.50
2062.50
2062.50
2062.50
2062.50
2062.50
2062.50
3066.77
3066.77
3183.83
3183.83
1950.14
1950.14
2271.24
2271.24
3022.37
3022.37
3022.37
3022.37
3022.37
3022.37
2294.28
2294.28
2873.07
2873.07
3009.50
3009.50
3009.50
3009.50
3028.45
3028.45
3028.45
3028.45
3028.45
3028.45
3028.45
3028.45
3028.45
3028.45
3028.45
3028.45
3028.45
3028.45
3028.45
3028.45
3028.45
3028.45
3028.45
3028.45
3028.45
3028.45
3028.45
3028.45
3028.45
3028.45
3028.45
3028.45
3028.45
3028.45
3028.45
3028.45
3028.45
3028.45
3028.45
3028.45
3028.45
3028.45
3028.45
3028.45
1684.31
1684.31
3031.63
3031.63
2783.77
2783.77
3241.90
3241.90
3678.03
3678.03
3419.40
3419.40
4281.94
4281.94
4318.70
4318.70
4318.70
4318.70
3368.91
3368.91
4585.83
4585.83
4585.83
4585.83
4585.83
4585.83
3355.25
3355.25
3355.25
3355.25
3355.25
3355.25
3355.25
3355.25
3355.25
3355.25
3355.25
3355.25
3355.25
3355.25
3355.25
3355.25
3355.25
3355.25
3355.25
3355.25
3355.25
3355.25
3355.25
3355.25
3355.25
3355.25
3355.25
3355.25
3355.25
3355.25
3355.25
3355.25
1003.48
1003.48
966.01
966.01
1066.05
1066.05
1195.19
1195.19
1195.19
1195.19
1214.96
1214.96
1189.26
1189.26
1238.03
1238.03
33.74
33.74
1404.25
1404.25
1431.51
1431.51
1405.86
1405.86
1405.86
1405.86
1405.86
1405.86
1405.86
1405.86
1405.86
1405.86
1411.68
1411.68
1649.90
1649.90
1732.62
1732.62
1587.47
1587.47
1724.01
1724.01
796.74
796.74
1712.19
1712.19
1577.72
1577.72
1595.83
1595.83
1595.83
1595.83
1595.83
1595.83
1999.99
1999.99
1989.55
1989.55
1989.55
1989.55
1989.55
1989.55
1510.80
1510.80
2180.78
2180.78
2180.78
2180.78
2180.78
2180.78
2180.78
2180.78
2180.78
2180.78
2180.78
2180.78
2180.78
2180.78
2180.78
2180.78
2180.78
2180.78
2180.78
2180.78
1458.58
1458.58
1448.76
1448.76
1533.81
1533.81
1387.76
1387.76
1387.76
1387.76
1387.76
1387.76
1508.41
1508.41
1508.41
1508.41
1505.84
1505.84
1511.41
1511.41
1596.86
1596.86
1564.23
1564.23
1552.19
1552.19
1124.63
1124.63
1755.80
1755.80
1664.16
1664.16
1664.16
1664.16
1664.16
1664.16
1504.55
1504.55
1504.55
1504.55
1504.55
1504.55
1741.58
1741.58
2021.08
2021.08
2021.08
2021.08
1852.61
1852.61
1410.10
1410.10
2119.42
2119.42
2119.42
2119.42
2119.42
2119.42
1970.30
1970.30
2503.43
2503.43
2883.33
2883.33
2883.33
2883.33
2883.33
2883.33
2355.72
2355.72
2873.89
2873.89
2873.89
2873.89
2873.89
2873.89
2873.89
2873.89
2873.89
2873.89
2873.89
2873.89
2873.89
2873.89
2873.89
2873.89
2873.89
2873.89
2873.89
2873.89
2873.89
2873.89
2873.89
2873.89
2873.89
2873.89
2873.89
2873.89
2873.89
2873.89
2873.89
2873.89
2873.89
2873.89
2873.89
2873.89
2873.89
2873.89
2873.89
2873.89
2873.89
2873.89
2873.89
2873.89
2873.89
2873.89
2873.89
2873.89
2873.89
2873.89
2873.89
2873.89
2873.89
2873.89
129.35
129.35
129.35
218.17
282.81
282.81
464.46
464.46
529.50
529.50
614.69
614.69
631.05
631.05
674.70
674.70
729.99
729.99
834.17
834.17
903.14
903.14
996.71
996.71
929.66
929.66
989.16
989.16
974.69
974.69
1065.48
1065.48
1094.18
1094.18
1225.22
1225.22
1180.88
1180.88
1259.95
1259.95
1211.21
1211.21
1303.45
1303.45
1307.67
1307.67
1312.97
1312.97
1478.62
1478.62
1411.50
1411.50
1411.50
1411.50
1522.92
1522.92
1588.43
1588.43
1588.43
1588.43
1588.43
1588.43
1644.21
1644.21
1410.27
1410.27
1410.27
1410.27
1631.79
1631.79
1589.69
1589.69
1575.97
1575.97
1784.89
1784.89
1505.45
1505.45
1822.31
1822.31
1720.09
1720.09
1716.54
1716.54
1841.00
1841.00
1914.31
1914.31
1258.88
1258.88
1258.88
1258.88
1258.88
1258.88
1258.88
1258.88
1962.94
1962.94
1962.94
1962.94
1962.94
1962.94
1962.94
1962.94
1926.74
1926.74
1926.74
1926.74
1926.74
1926.74
1926.74
1926.74
1926.74
1926.74
1926.74
258.66
258.66
405.15
500.36
552.15
718.71
718.71
774.77
774.77
717.33
717.33
903.15
903.15
1010.48
1010.48
1106.29
1106.29
1326.22
1326.22
1280.19
1280.19
1229.92
1229.92
1504.37
1504.37
1491.07
1491.07
1553.70
1553.70
1519.74
1519.74
1558.16
1558.16
1479.80
1479.80
1418.62
1418.62
1568.57
1568.57
1568.57
1568.57
1609.43
1609.43
1649.39
1649.39
1703.73
1703.73
1534.40
1534.40
1687.15
1687.15
1687.15
1687.15
1875.40
1875.40
1815.63
1815.63
1788.74
1788.74
1953.04
1953.04
1849.14
1849.14
1993.80
1993.80
2120.09
2120.09
278.83
278.83
2082.44
2082.44
2209.07
2209.07
2252.26
2252.26
2135.19
2135.19
2343.13
2343.13
2343.13
2343.13
2343.13
2343.13
2343.13
2343.13
2123.34
2123.34
2094.58
2094.58
2305.89
2305.89
2514.44
2514.44
2925.41
2925.41
3360.03
3360.03
3360.03
3360.03
3360.03
3360.03
3360.03
3360.03
3360.03
3360.03
3001.74
3001.74
3398.84
3398.84
3398.84
3398.84
3398.84
3398.84
3398.84
3398.84
3398.84
3398.84
3398.84
3398.84
3398.84
3398.84
3398.84
3398.84
3398.84
3398.84
3398.84
3398.84
3398.84
3398.84
2404.16
2404.16
2529.47
2529.47
2404.61
2404.61
2404.61
2404.61
2404.61
2404.61
2404.61
2404.61
2404.61
2404.61
2404.61
2404.61
2404.61
2404.61
2775.55
2775.55
2738.70
2738.70
2740.08
2740.08
2971.53
2971.53
2726.66
2726.66
2726.66
2726.66
2971.09
2971.09
2971.09
2971.09
341.03
341.03
3134.74
3134.74
1820.65
1820.65
3051.95
3051.95
3051.95
3051.95
3051.95
3051.95
3051.95
3051.95
2722.72
2722.72
2722.72
2722.72
3132.91
3132.91
2450.10
2450.10
2809.38
2809.38
2809.38
2809.38
2809.38
2809.38
1756.44
1756.44
3191.67
3191.67
3225.34
3225.34
3225.34
3225.34
3225.34
3225.34
2502.59
2502.59
1208.43
1208.43
1686.67
1686.67
1686.67
1686.67
2514.22
2514.22
2514.22
2514.22
2652.88
2652.88
2652.88
2652.88
2423.55
2423.55
2423.55
2423.55
2423.55
2423.55
2423.55
2423.55
2423.55
2423.55
2423.55
2423.55
2423.55
2423.55
2423.55
2423.55
2423.55
2423.55
2423.55
2423.55
2423.55
2423.55
2423.55
2423.55
2423.55
2423.55
2641.20
2641.20
2422.53
2422.53
2422.53
2422.53
2422.53
2422.53
2440.35
2440.35
2805.37
2805.37
2805.37
2805.37
2805.37
2805.37
2805.37
2805.37
2805.37
2805.37
2805.37
2805.37
2063.08
2063.08
2967.85
2967.85
2988.34
2988.34
2988.34
2988.34
2988.34
2988.34
2988.34
2988.34
3059.51
3059.51
3059.51
3059.51
60.77
60.77
2175.02
2175.02
2175.02
2175.02
2175.02
2175.02
2175.02
2175.02
2175.02
2175.02
2175.02
2175.02
2175.02
2175.02
2175.02
2175.02
2175.02
2175.02
2175.02
2175.02
2175.02
2175.02
2175.02
2175.02
2175.02
2175.02
2175.02
2175.02
2175.02
2175.02
2175.02
2175.02
2175.02
2175.02
2175.02
2175.02
2175.02
2175.02
2175.02
2175.02
2175.02
2175.02
2175.02
2175.02
2175.02
2175.02
3073.64
3073.64
3112.05
3112.05
3112.05
3112.05
3112.05
3112.05
3112.05
3112.05
3112.05
3112.05
3112.05
3112.05
3112.05
3112.05
3112.05
3112.05
3112.05
3112.05
3112.05
3112.05
3112.05
3112.05
3112.05
3112.05
3112.05
3112.05
3112.05
3112.05
3112.05
3112.05
3112.05
3112.05
3112.05
3112.05
3112.05
3112.05
3112.05
3112.05
3112.05
3112.05
3112.05
3112.05
3112.05
3112.05
3112.05
3112.05
3112.05
3112.05
3112.05
3112.05
3112.05
3112.05
3112.05
3112.05
3112.05
3112.05
3112.05
3112.05
3112.05
3112.05
3112.05
3112.05
3112.05
3112.05
3112.05
3112.05
3112.05
3112.05
348.72
494.72
558.39
558.39
678.14
678.14
657.97
657.97
657.97
685.62
685.62
663.13
736.85
736.85
827.69
827.69
827.69
852.18
852.18
700.08
812.84
812.84
956.30
956.30
956.30
1021.07
1021.07
1007.28
1182.94
1182.94
1219.86
1219.86
1219.86
1241.73
723.63
723.63
1245.84
1245.84
1311.32
1311.32
1311.32
1311.32
1311.32
237.91
1231.21
1231.21
1308.87
1308.87
1308.87
1283.90
1307.16
1307.16
1307.16
1330.31
1295.66
1295.66
1291.06
1291.06
1134.35
1134.35
1388.69
1388.69
1467.32
1467.32
1467.32
1467.32
1467.32
1467.32
1467.32
1467.32
1467.32
1467.32
1467.32
1467.32
1467.32
1467.32
1467.32
1467.32
1467.32
1631.97
1631.97
1684.38
1684.38
1684.38
1751.05
1751.05
1665.95
1665.95
1665.95
1665.95
1665.95
1665.95
1665.95
1665.95
1665.95
1665.95
1635.41
1635.41
1777.60
1777.60
1878.63
1878.63
1878.63
1902.73
1985.32
1985.32
1538.95
1538.95
1813.71
1813.71
2015.16
2015.16
2015.16
1853.80
1853.80
2093.27
2093.27
2335.53
2335.53
2410.49
2410.49
2329.51
2420.72
2420.72
2507.63
2507.63
2507.63
2507.63
2507.63
2507.63
2400.36
2400.36
2400.36
2400.36
2400.36
2572.66
2572.66
2572.66
2621.91
2621.91
2851.11
2851.11
2851.11
3242.53
3293.51
3293.51
3394.72
3394.72
3394.72
3788.88
3788.88
3754.77
3754.77
3754.77
3754.77
2889.91
2889.91
3822.03
3822.03
3840.25
10.00
10.00
10.00
257.01
257.01
578.06
578.06
916.62
916.62
916.62
1330.89
1330.89
3027.68
3027.68
2799.86
2799.86
2799.86
2743.19
3045.41
3045.41
3360.19
3360.19
3360.19
3274.82
3274.82
3436.22
3436.22
2870.22
2870.22
2309.35
2309.35
2309.35
2309.35
2309.35
2309.35
2309.35
2309.35
397.98
397.98
702.42
702.42
702.42
702.42
702.42
702.42
1416.20
1416.20
1416.20
1416.20
1416.20
1416.20
2841.45
2841.45
2928.38
2928.38
3080.20
3080.20
3193.60
3193.60
3014.24
3014.24
3014.24
3014.24
3014.24
3014.24
3014.24
3014.24
3014.24
3014.24
3014.24
3014.24
3014.24
3014.24
3014.24
3014.24
3014.24
3014.24
1673.95
1673.95
1673.95
1673.95
1656.87
1656.87
1683.80
1683.80
1969.25
1969.25
1969.25
1969.25
2135.67
2135.67
2308.94
2308.94
2010.04
2010.04
2363.44
2363.44
2703.27
2703.27
2413.69
2413.69
2800.65
2800.65
2462.40
2462.40
2863.67
2863.67
2863.67
2863.67
2863.67
2863.67
2863.67
2863.67
2863.67
2863.67
2863.67
2863.67
2863.67
2863.67
2948.72
2948.72
2964.14
2964.14
2826.74
2826.74
2496.51
2496.51
2496.51
2496.51
2496.51
2496.51
2496.51
2496.51
2261.30
2261.30
3056.58
3056.58
3056.58
3056.58
10.00
10.00
813.53
813.53
1280.10
1280.10
1280.10
1280.10
3003.81
3003.81
2073.21
2073.21
2073.21
2073.21
2073.21
2073.21
2073.21
2073.21
2073.21
2073.21
2073.21
2073.21
2073.21
2073.21
2073.21
2073.21
2073.21
2073.21
2073.21
2073.21
2073.21
2073.21
2937.44
2937.44
2937.44
2937.44
2937.44
2937.44
2937.44
2937.44
2937.44
2937.44
2937.44
2937.44
2937.44
2937.44
2937.44
2937.44
2993.22
2993.22
2993.22
2993.22
2993.22
2993.22
2993.22
2993.22
2993.22
2993.22
2993.22
2993.22
2993.22
2993.22
2993.22
2993.22
2993.22
2993.22
2993.22
2993.22
2993.22
2993.22
2993.22
2993.22
2993.22
2993.22
2993.22
2993.22
2993.22
2993.22
2993.22
2993.22
2993.22
2993.22
2993.22
2993.22
2993.22
2993.22
2993.22
2993.22
2993.22
2993.22
2993.22
2993.22
2993.22
2993.22
2993.22
2993.22
2993.22
2993.22
2993.22
2993.22
2993.22
2993.22
2993.22
2993.22
2993.22
2993.22
2993.22
2993.22
2993.22
2993.22
2993.22
2993.22
2993.22
2993.22
1959.32
1959.32
1959.32
1959.32
1959.32
1959.32
1959.32
1959.32
1959.32
1959.32
1813.83
1813.83
1813.83
1813.83
1915.74
1915.74
1915.74
1915.74
1915.74
1915.74
1915.74
1915.74
1969.98
1969.98
1969.98
1969.98
1917.95
1917.95
1943.04
1943.04
1943.04
1943.04
1976.27
1976.27
2074.28
2074.28
2074.28
2074.28
2074.28
2074.28
2067.52
2067.52
2067.52
2067.52
2067.52
2067.52
2067.52
2067.52
2428.46
2428.46
1636.69
1636.69
241.86
241.86
1168.09
1168.09
2691.76
2691.76
2691.76
2691.76
2691.76
2691.76
2691.76
2691.76
2853.85
2853.85
2853.85
2853.85
2853.85
2853.85
2791.49
2791.49
2791.49
2791.49
2791.49
2791.49
2791.49
2791.49
2791.49
2791.49
2791.49
2791.49
2353.15
2353.15
2353.15
2353.15
2353.15
2353.15
2353.15
2353.15
2756.83
2756.83
3073.94
3073.94
3233.09
3233.09
3233.09
3233.09
3217.96
3217.96
3217.96
3217.96
3217.96
3217.96
3217.96
3217.96
3217.96
3217.96
3217.96
3217.96
3217.96
3217.96
3217.96
3217.96
3217.96
3217.96
2884.82
2884.82
2867.49
2867.49
2867.49
2867.49
1844.28
1844.28
273.80
273.80
3048.16
3048.16
3048.16
3048.16
3048.16
3048.16
3048.16
3048.16
3048.16
3048.16
3048.16
3048.16
3048.16
3048.16
3048.16
3048.16
3048.16
3048.16
3048.16
3048.16
3048.16
3048.16
3048.16
3048.16
3048.16
3048.16
3048.16
3048.16
3048.16
3048.16
3048.16
3048.16
3048.16
3048.16
3048.16
3048.16
3048.16
3048.16
3048.16
3048.16
3048.16
3048.16
3048.16
3048.16
3048.16
3048.16
3048.16
3048.16
3250.61
3250.61
3250.61
3250.61
3250.61
3250.61
3035.47
3035.47
3159.34
3159.34
3334.69
3334.69
212.75
212.75
3310.85
3310.85
3346.56
3346.56
3475.62
3475.62
3539.73
3539.73
3584.39
3584.39
3285.34
3285.34
3989.17
3989.17
2906.94
2906.94
3981.74
3981.74
4584.72
4584.72
4857.02
4857.02
4857.02
4857.02
4857.02
4857.02
4588.07
4588.07
4588.07
4588.07
3218.12
3218.12
201.32
201.32
2039.47
2039.47
2385.89
2385.89
2215.56
2215.56
2752.98
2752.98
3456.51
3456.51
3179.37
3179.37
271.58
271.58
1245.51
1245.51
2086.40
2086.40
2086.40
2086.40
10.00
10.00
2161.14
2161.14
2345.16
2345.16
2322.72
2322.72
2909.32
2909.32
3498.16
3498.16
3498.16
3498.16
3479.63
3479.63
3221.48
3221.48
3623.04
3623.04
3916.02
3916.02
10.00
10.00
2504.77
2504.77
3769.20
3769.20
4473.85
4473.85
4600.13
4600.13
3659.65
3659.65
3367.47
3367.47
3513.38
3513.38
3735.67
3735.67
2192.09
2192.09
3048.78
3048.78
3048.78
3048.78
3962.95
3962.95
4520.54
4520.54
4035.46
4035.46
4035.46
4035.46
4035.46
4035.46
4035.46
4035.46
4035.46
4035.46
4035.46
4035.46
4035.46
4035.46
4035.46
4035.46
4035.46
4035.46
4035.46
4035.46
4035.46
4035.46
4035.46
4035.46
4035.46
4035.46
4035.46
4035.46
4035.46
4035.46
4735.96
4735.96
4735.96
4735.96
4735.96
4735.96
4735.96
4735.96
4735.96
4735.96
4735.96
4735.96
4735.96
4735.96
4735.96
4735.96
4735.96
4735.96
185.34
185.34
186.75
186.75
269.39
269.39
431.28
431.28
542.37
542.37
543.77
543.77
646.10
646.10
757.31
757.31
778.46
778.46
827.35
827.35
979.25
979.25
1010.86
1010.86
991.49
991.49
1116.49
1116.49
1298.54
1298.54
1247.90
1247.90
283.00
283.00
1329.14
1329.14
1607.21
1607.21
1714.68
1714.68
1471.08
1471.08
1778.15
1778.15
1809.24
1809.24
1863.77
1863.77
2150.59
2150.59
2168.07
2168.07
2168.07
2168.07
2168.07
2151.37
2060.61
2060.61
2276.08
2276.08
2412.18
2412.18
2661.80
2661.80
2757.96
2757.96
2700.85
2700.85
2858.00
2858.00
2992.09
2992.09
10.00
10.00
421.47
421.47
2981.74
2981.74
3112.69
3112.69
3434.05
3434.05
2549.34
2549.34
3409.03
3409.03
3240.81
3240.81
2241.28
2241.28
2859.30
2859.30
3819.66
3819.66
3819.66
3819.66
2562.51
2562.51
1264.69
1264.69
1745.02
1745.02
3911.33
3911.33
2710.82
2710.82
2936.08
2936.08
10.00
10.00
3501.52
3501.52
1821.55
1821.55
1821.55
1821.55
396.45
396.45
3994.17
3994.17
3927.26
3927.26
3152.85
3152.85
3679.03
3679.03
4115.65
4115.65
3768.33
3768.33
3768.33
3768.33
10.00
10.00
4480.45
4480.45
2611.01
2611.01
2611.01
2611.01
2611.01
2611.01
2611.01
2611.01
2611.01
2611.01
2611.01
2611.01
3728.31
3728.31
2114.95
2114.95
2475.65
2475.65
2689.14
2689.14
2689.14
2689.14
3633.65
3633.65
2385.01
2385.01
3686.46
3686.46
3688.52
3688.52
3931.11
3931.11
10.00
10.00
3655.82
3655.82
4146.54
4146.54
4438.00
4438.00
2053.59
2053.59
3169.67
3169.67
4510.34
4510.34
4510.34
4510.34
4510.34
4510.34
4510.34
4510.34
4510.34
4510.34
4510.34
4510.34
4510.34
4510.34
798.44
798.44
750.72
750.72
1086.24
1086.24
1172.95
1172.95
1201.39
1201.39
1275.84
1275.84
1320.62
1320.62
1854.18
1854.18
2139.28
2139.28
2139.28
10.00
2709.59
2709.59
2408.04
2408.04
3006.21
3006.21
3317.38
3317.38
3644.61
3644.61
3610.64
3610.64
3630.51
3630.51
4173.20
4173.20
4174.28
4174.28
4083.37
4083.37
4659.03
4659.03
3501.16
3501.16
4210.55
4210.55
4276.91
4276.91
4495.55
4495.55
4784.65
4784.65
4784.65
4784.65
4569.39
4569.39
4569.39
4569.39
4754.09
4754.09
4754.09
4754.09
4738.28
4738.28
205.63
205.63
1998.21
1998.21
2388.42
2388.42
4903.58
4903.58
4903.58
4903.58
4903.58
4903.58
4903.58
4903.58
4903.58
4903.58
4903.58
4903.58
10.00
10.00
4045.14
4045.14
4018.47
4018.47
4018.47
4246.80
4378.34
4378.34
3854.01
3854.01
4398.99
4398.99
3446.16
3446.16
4681.61
4681.61
4975.56
4975.56
4919.65
4919.65
4563.90
4563.90
1963.23
1963.23
4515.11
4515.11
1647.59
1647.59
3112.79
3112.79
3359.42
3359.42
3359.42
3359.42
3359.42
4420.15
4608.41
4608.41
180.03
180.03
4651.08
4651.08
4832.04
4832.04
4433.77
4433.77
3521.74
3521.74
5196.45
5196.45
5175.09
5175.09
5175.09
5175.09
1650.60
1650.60
4963.57
4963.57
4873.11
4873.11
3587.12
3587.12
3587.12
3587.12
3587.12
3587.12
278.32
278.32
278.32
278.32
278.32
278.32
278.32
278.32
278.32
278.32
278.32
278.32
278.32
507.67
625.11
625.11
763.37
917.32
917.32
994.98
1162.92
1442.42
1522.15
1624.20
1900.59
1709.38
1907.64
1907.64
2042.63
2042.63
2160.98
2160.98
2348.29
2348.29
2214.79
2214.79
2466.95
2466.95
2460.14
2460.14
2516.27
2516.27
2793.76
2793.76
2900.52
2900.52
2831.84
2831.84
3197.73
3197.73
3197.73
3197.73
3197.73
3197.73
3197.73
3197.73
3197.73
3197.73
3197.73
3197.73
3197.73
3197.73
3197.73
3197.73
3197.73
3197.73
3197.73
3197.73
3066.81
3066.81
2641.86
2641.86
3147.67
3147.67
3009.12
3009.12
3258.75
3258.75
3300.89
3300.89
3190.82
3190.82
3334.47
3334.47
3334.47
3334.47
3334.47
3334.47
3275.23
3275.23
2873.40
2873.40
2873.40
2873.40
2873.40
2873.40
3786.23
3786.23
3539.13
3539.13
3539.13
3539.13
3539.13
3539.13
3539.13
3539.13
3539.13
2864.91
2864.91
3772.30
3772.30
4076.49
4076.49
4076.49
4076.49
3913.72
3913.72
231.95
231.95
4393.29
4393.29
4427.68
4427.68
4427.68
4427.68
4427.68
4427.68
4427.68
4427.68
4427.68
4427.68
136.60
136.60
1414.19
1414.19
1685.27
1685.27
1882.98
1882.98
1962.08
1962.08
1167.16
1167.16
1960.49
1960.49
2077.68
2077.68
1992.07
1992.07
2326.12
2326.12
2636.49
2636.49
2765.29
2765.29
3192.78
3192.78
2010.87
2010.87
2973.63
2973.63
3244.00
3244.00
3244.00
3244.00
230.57
230.57
1391.12
1391.12
1391.12
1391.12
3105.77
3105.77
307.60
307.60
3777.15
3777.15
3618.84
3618.84
2349.77
2349.77
4042.07
4042.07
4042.07
4042.07
2390.68
2390.68
1609.49
1609.49
1975.12
1975.12
1975.12
1975.12
1975.12
1975.12
1975.12
1975.12
1975.12
1975.12
1975.12
1975.12
1975.12
1975.12
1975.12
1975.12
1975.12
1975.12
1975.12
1975.12
2024.35
2024.35
10.00
10.00
3886.78
3886.78
3886.78
3886.78
313.85
313.85
1381.92
1381.92
1681.46
1681.46
10.00
10.00
597.44
597.44
1866.82
1866.82
1866.82
1866.82
1866.82
1866.82
1866.82
1866.82
1866.82
1866.82
3789.23
3789.23
3789.23
3789.23
1811.85
1811.85
1811.85
1811.85
1811.85
1811.85
3130.37
3130.37
3775.09
3775.09
3437.26
3437.26
3417.86
3417.86
3417.86
3417.86
4054.22
4054.22
4054.22
4054.22
3747.64
3747.64
3747.64
3747.64
4049.23
4049.23
3927.82
3927.82
2978.39
2978.39
3638.90
3638.90
3638.90
3638.90
3638.90
3638.90
3638.90
3638.90
3638.90
3638.90
3638.90
3638.90
4487.22
4487.22
3381.26
3381.26
2591.63
2591.63
2717.43
2717.43
1685.08
1685.08
1685.08
1685.08
4277.62
4277.62
4277.62
4277.62
4277.62
4277.62
4277.62
4277.62
3102.36
3102.36
2123.81
2123.81
2948.49
2948.49
2948.49
2948.49
332.94
1785.31
3114.10
3114.10
3241.84
3241.84
3273.14
3273.14
2898.18
2898.18
3500.41
3500.41
356.15
356.15
3463.84
3463.84
2747.83
2747.83
3570.77
3570.77
3401.87
3401.87
3560.27
3560.27
3580.49
3580.49
4319.74
4319.74
4305.95
4305.95
4533.77
4533.77
4533.77
4533.77
4533.77
4533.77
4294.18
4294.18
4294.18
4294.18
4346.86
4346.86
2711.64
2711.64
4574.87
4574.87
4215.08
4215.08
3044.28
3044.28
3173.63
3173.63
3775.86
3775.86
4616.97
4616.97
4616.49
4616.49
4314.04
4314.04
4314.04
4314.04
3961.87
3961.87
2998.78
2998.78
3402.09
3402.09
5032.26
5032.26
3550.96
3550.96
4923.56
4923.56
3317.32
3317.32
3955.13
3955.13
5086.72
5086.72
3060.99
3060.99
3060.99
3060.99
3145.56
3145.56
3145.56
3145.56
3145.56
3145.56
2976.86
2976.86
2927.49
2927.49
2978.54
2978.54
2926.71
2926.71
3163.57
3163.57
2914.51
2914.51
3599.58
3599.58
3464.86
3464.86
3615.82
3615.82
3428.33
3428.33
2165.78
2165.78
2085.60
2085.60
2383.18
2383.18
10.00
10.00
3395.73
3395.73
3665.81
3665.81
3956.08
3956.08
3611.01
3611.01
2077.96
2077.96
2895.06
2895.06
3290.34
3290.34
4246.67
4246.67
4486.52
4486.52
4651.47
4651.47
4024.65
4024.65
4591.66
4591.66
3163.39
3163.39
4485.08
4485.08
3299.91
3299.91
3972.89
3972.89
3972.89
3972.89
286.23
286.23
3361.79
3361.79
3720.48
3720.48
1515.62
1515.62
2859.44
2859.44
3558.80
3558.80
4297.15
4297.15
4472.58
4472.58
2361.81
2361.81
3342.91
3342.91
4601.10
4601.10
322.08
322.08
4687.00
4687.00
4727.10
4727.10
4727.10
4727.10
4727.10
4727.10
3549.85
3549.85
4523.43
4523.43
4624.42
4624.42
4600.14
4600.14
4600.14
4600.14
4600.14
4600.14
4572.72
4572.72
262.74
262.74
1112.87
1112.87
2428.93
2428.93
4941.93
4941.93
4941.93
4941.93
4941.93
4941.93
1894.13
1894.13
1894.13
1894.13
4644.33
4644.33
2643.34
2643.34
2421.62
2421.62
4797.57
4797.57
2647.63
2647.63
2647.63
2647.63
2647.63
2647.63
2338.21
2338.21
2455.96
2455.96
2455.96
2455.96
2455.96
2455.96
2455.96
2455.96
2455.96
2455.96
4566.03
4566.03
365.54
365.54
4262.88
4262.88
5091.34
5091.34
3022.10
3022.10
4064.83
4064.83
5392.14
5392.14
5579.66
5579.66
2457.18
2457.18
2457.18
2457.18
4991.15
4991.15
4775.70
4775.70
4775.70
4775.70
4775.70
4775.70
4775.70
4775.70
4775.70
4775.70
4775.70
4775.70
4775.70
4775.70
4775.70
4775.70
4775.70
4775.70
4775.70
4775.70
4775.70
4775.70
4775.70
4775.70
4775.70
4775.70
4775.70
4775.70
4775.70
4775.70
4775.70
4775.70
4775.70
4775.70
4775.70
4775.70
4775.70
4775.70
4775.70
4775.70
4775.70
4775.70
125.18
125.18
125.18
125.18
125.18
399.33
399.33
655.59
776.60
873.60
1098.96
1098.96
1305.74
1305.74
1506.73
1506.73
1543.20
1543.20
1550.09
1550.09
1709.64
1709.64
1843.29
1843.29
1863.64
1863.64
2058.58
2058.58
2208.71
2208.71
2384.74
2384.74
2848.15
2848.15
2906.74
2906.74
2964.63
2964.63
2770.84
2770.84
2449.45
2449.45
2817.33
2817.33
3246.75
3246.75
3331.80
3331.80
2316.18
2316.18
3140.03
3140.03
3348.55
3348.55
3721.91
3721.91
2281.41
2281.41
3303.00
3303.00
3665.68
3665.68
3852.37
3852.37
4089.25
4089.25
3858.15
3858.15
189.65
189.65
2325.95
2325.95
2325.95
2325.95
1588.51
1588.51
4184.71
4184.71
4184.71
4184.71
4242.14
4242.14
4559.01
4559.01
3349.49
3349.49
3762.46
3762.46
3762.46
3762.46
3762.46
3762.46
233.75
233.75
3474.94
3474.94
983.71
983.71
3771.84
3771.84
4184.43
4184.43
4143.35
4143.35
1741.65
1741.65
2569.06
2569.06
3642.36
3642.36
3642.36
633.65
2079.97
2079.97
3649.99
3649.99
3622.24
3622.24
3919.38
3919.38
2782.11
2782.11
2717.02
2717.02
3093.98
3093.98
4120.93
4120.93
2675.69
2675.69
3822.21
3822.21
2930.06
2930.06
3999.02
3999.02
1914.60
1914.60
3939.11
3939.11
2937.64
2937.64
3258.55
3258.55
3815.33
3815.33
3293.66
3293.66
4083.36
4083.36
3120.54
3120.54
4201.01
4201.01
4163.41
4163.41
2906.67
2906.67
4090.95
4090.95
4090.95
4090.95
3054.41
3054.41
3054.41
3054.41
3614.41
3614.41
3025.71
3025.71
3393.81
3393.81
3643.04
3643.04
3624.04
3624.04
3748.41
3748.41
2800.88
2800.88
3679.16
3679.16
3801.79
3801.79
3283.16
3283.16
2983.42
2983.42
3841.16
3841.16
2586.11
2586.11
3915.00
3915.00
1899.15
1899.15
3112.51
3112.51
3770.56
3770.56
1952.51
1952.51
10.00
10.00
2671.87
2671.87
3946.63
3946.63
2169.55
2169.55
2596.77
2596.77
1099.95
1099.95
3876.32
3876.32
3876.32
3876.32
1866.41
1866.41
3883.18
3883.18
812.04
812.04
1432.07
1432.07
2796.23
2796.23
2796.23
2796.23
2796.23
2796.23
3629.94
3629.94
3629.94
3629.94
3887.09
3887.09
3926.03
3926.03
3891.68
3891.68
1654.20
1654.20
4211.47
4211.47
4659.89
4659.89
4382.03
4382.03
2039.68
2039.68
4121.16
4121.16
2302.14
2302.14
4624.24
4624.24
4624.24
4624.24
3835.39
3835.39
3426.34
3426.34
2723.05
2723.05
1692.67
1692.67
1692.67
1692.67
4584.01
4584.01
4584.01
4584.01
10.00
10.00
1930.29
1930.29
4239.08
4239.08
4239.08
4239.08
4239.08
4239.08
4593.04
4593.04
3459.31
3459.31
4343.90
4343.90
4343.90
4343.90
4343.90
4343.90
4343.90
4343.90
4343.90
4343.90
4343.90
4343.90
4343.90
4343.90
4343.90
4343.90
4343.90
4343.90
148.97
148.97
148.97
479.09
597.54
707.62
909.11
862.82
918.57
918.57
1026.24
1378.30
1405.95
1405.95
1649.85
1649.85
1648.35
1648.35
1667.46
1667.46
1969.31
1969.31
1934.32
1934.32
1934.32
1934.32
753.18
753.18
2176.22
2176.22
2105.54
2105.54
2177.88
2177.88
2177.88
2177.88
2320.80
2320.80
2320.80
2320.80
2320.80
2320.80
2270.09
2270.09
2346.75
2346.75
2346.75
2346.75
2183.66
2183.66
2183.66
2183.66
2183.66
2183.66
2183.66
2183.66
2183.66
2183.66
2324.26
2324.26
2040.43
2040.43
2472.16
2472.16
2597.03
2597.03
2385.19
2385.19
2782.19
2782.19
2419.26
2419.26
2419.26
2419.26
2419.26
2419.26
2419.26
2419.26
2419.26
2419.26
2419.26
2419.26
2964.18
2964.18
3172.29
3172.29
3131.86
3131.86
315.98
315.98
10.00
10.00
1031.19
1031.19
1368.06
1368.06
1368.06
1368.06
1368.06
1368.06
1368.06
1368.06
1386.26
1386.26
1386.26
1386.26
2795.08
2795.08
2795.08
2795.08
2795.08
2795.08
3291.63
3291.63
2630.55
2630.55
2630.55
2630.55
3412.83
3412.83
3108.24
3108.24
2860.62
2860.62
3305.94
3305.94
3223.77
3223.77
3223.77
2131.92
3966.02
3966.02
3966.02
3966.02
3966.02
3966.02
3966.02
3966.02
3966.02
3966.02
3966.02
3966.02
3966.02
3966.02
3966.02
3966.02
3966.02
3966.02
3966.02
3966.02
3966.02
3966.02
3966.02
3966.02
3966.02
3966.02
3966.02
3966.02
3966.02
3966.02
3966.02
3966.02
3966.02
3966.02
3289.00
3289.00
3400.78
3400.78
3139.61
3139.61
3783.21
3783.21
3978.63
3978.63
4250.20
4250.20
3814.28
3814.28
3814.28
3814.28
3814.28
3692.38
3692.38
4657.96
4657.96
4970.36
4970.36
3518.48
3518.48
3518.48
3518.48
4149.33
4149.33
4149.33
4149.33
4149.33
4149.33
4149.33
4149.33
4149.33
4149.33
10.00
10.00
4012.25
4012.25
3214.48
3214.48
3214.48
3214.48
3214.48
3214.48
3214.48
3214.48
3214.48
3214.48
3214.48
3214.48
3214.48
3214.48
3214.48
3214.48
3214.48
3214.48
3214.48
3214.48
3214.48
3214.48
3214.48
3214.48
3214.48
3214.48
3214.48
3214.48
3214.48
3214.48
3214.48
3214.48
3214.48
3214.48
3214.48
3214.48
3214.48
3214.48
3214.48
3214.48
3214.48
3214.48
3214.48
3214.48
3214.48
3214.48
3214.48
3214.48
3214.48
3214.48
3214.48
3214.48
3214.48
3214.48
3214.48
3214.48
3214.48
3214.48
3214.48
3214.48
3214.48
3214.48
3214.48
3214.48
3214.48
3214.48
3214.48
3214.48
3214.48
3214.48
3214.48
3214.48
3214.48
3214.48
3214.48
3214.48
3214.48
3214.48
3214.48
3214.48
3214.48
3214.48
3214.48
3214.48
4137.78
4137.78
4135.41
4135.41
4135.41
4135.41
4135.41
4135.41
4135.41
4135.41
4135.41
4135.41
4135.41
4135.41
4378.82
4378.82
4378.82
4378.82
4378.82
4378.82
4378.82
4378.82
4378.82
4378.82
4378.82
4378.82
4378.82
4378.82
4378.82
4378.82
4378.82
4378.82
4378.82
4378.82
4378.82
4378.82
12.72
12.72
4872.14
4872.14
5265.66
5265.66
10.00
10.00
6012.53
6012.53
6012.53
6012.53
5824.36
5824.36
6649.90
6649.90
6718.72
6718.72
258.17
258.17
6516.22
6516.22
4110.54
4110.54
10.00
10.00
2525.90
2525.90
2525.90
2525.90
2525.90
2525.90
2525.90
2525.90
2525.90
2525.90
2525.90
2525.90
3231.97
3231.97
4708.45
4708.45
4708.45
4708.45
4729.00
4729.00
4729.00
4729.00
4729.00
4729.00
4729.00
4729.00
4729.00
4729.00
4729.00
4729.00
4729.00
4729.00
2375.38
2375.38
2375.38
2375.38
2573.01
2573.01
2573.01
2573.01
2573.01
2573.01
2573.01
2573.01
2573.01
2573.01
2573.01
2573.01
2573.01
2573.01
2573.01
2573.01
2573.01
2573.01
3387.87
3387.87
3387.87
3387.87
1639.53
1639.53
1928.63
1928.63
3578.35
3578.35
3578.35
3578.35
3578.35
3578.35
3578.35
3578.35
3578.35
3578.35
3009.30
3009.30
3490.48
3490.48
1991.80
1991.80
2620.20
2620.20
2620.20
2620.20
314.81
314.81
1152.28
1152.28
2894.82
2894.82
2755.31
2755.31
3504.70
3504.70
3561.42
3561.42
1550.37
1550.37
1550.37
1550.37
4216.78
4216.78
4292.84
4292.84
10.00
10.00
4274.92
4274.92
4339.72
4339.72
4261.11
4261.11
4261.11
4261.11
157.01
157.01
3355.98
3355.98
4406.51
4406.51
4406.51
4406.51
4406.51
4406.51
4406.51
4406.51
4406.51
4406.51
4406.51
4406.51
4406.51
4406.51
4157.50
4157.50
4157.50
4157.50
4157.50
4157.50
4157.50
4157.50
4157.50
4157.50
4157.50
4157.50
4157.50
4157.50
4157.50
4157.50
4157.50
4157.50
4268.73
4268.73
4268.73
4268.73
4268.73
4268.73
4268.73
4268.73
4214.80
4214.80
4214.80
4214.80
213.31
213.31
2506.64
2506.64
4012.72
4012.72
1254.12
1254.12
2822.81
2822.81
2822.81
2822.81
4379.11
4379.11
260.13
260.13
2478.67
2478.67
4055.96
4055.96
4373.61
4373.61
4373.61
4373.61
272.35
272.35
1643.34
1643.34
1908.57
1908.57
1908.57
1908.57
1908.57
1908.57
2151.89
2151.89
2151.89
2151.89
2151.89
2151.89
2151.89
2151.89
4378.67
4378.67
4378.67
4378.67
4378.67
4378.67
287.36
287.36
4211.44
4211.44
4211.44
4211.44
4211.44
4211.44
3920.56
3920.56
3920.56
3920.56
3920.56
3920.56
3868.01
3868.01
2311.91
2311.91
1125.73
1125.73
4355.96
4355.96
4085.65
4085.65
4256.15
4256.15
4256.15
4256.15
4501.08
4501.08
4501.08
4501.08
4501.08
4501.08
4501.08
4501.08
10.00
10.00
3764.78
3764.78
4583.01
4583.01
4583.01
108.79
4918.46
4918.46
4125.32
4125.32
4371.91
4371.91
4371.91
4371.91
4371.91
4371.91
4371.91
4371.91
3586.15
3586.15
3759.07
3759.07
3759.07
3759.07
2919.97
2919.97
3824.85
3824.85
3849.77
3849.77
3920.40
3920.40
1718.02
1718.02
3085.79
3085.79
3085.79
3085.79
3085.79
3085.79
3085.79
3085.79
3085.79
3085.79
3085.79
3085.79
3085.79
3085.79
3085.79
3085.79
3085.79
3085.79
3085.79
3085.79
3869.20
3869.20
2415.13
2415.13
4192.73
4192.73
4501.33
4501.33
4727.41
4727.41
4727.41
4727.41
4727.41
4727.41
4727.41
4727.41
4490.43
4490.43
4490.43
4490.43
3299.76
3299.76
4821.03
4821.03
4821.03
4821.03
4821.03
4821.03
4821.03
4821.03
4821.03
4821.03
4821.03
4821.03
4821.03
4821.03
4821.03
4821.03
4821.03
4821.03
4821.03
4821.03
4821.03
4821.03
4821.03
4821.03
4821.03
4821.03
4821.03
4821.03
4821.03
4821.03
207.90
207.90
207.90
561.30
561.30
733.68
737.55
737.55
706.90
706.90
940.46
940.46
1162.71
1162.71
999.40
999.40
1275.43
1275.43
1369.28
1369.28
1323.02
1323.02
1657.31
1657.31
1774.08
1774.08
1569.51
1569.51
1986.60
1986.60
2426.34
2426.34
1861.41
1861.41
2359.53
2359.53
2636.46
2636.46
2356.33
2356.33
2734.43
2734.43
3025.75
3025.75
2942.57
2942.57
3228.94
3228.94
3228.94
3228.94
3076.15
3076.15
3531.56
3531.56
3997.06
3997.06
3997.06
3997.06
3951.07
3951.07
3951.07
3951.07
3951.07
3951.07
3951.07
3951.07
3951.07
3951.07
3740.32
3740.32
3740.32
3740.32
2853.46
2853.46
3923.06
3923.06
3902.69
3902.69
3902.69
3902.69
3902.69
3902.69
2972.35
2972.35
2444.70
2444.70
3756.24
3756.24
2989.80
2989.80
3559.14
3559.14
2254.53
2254.53
2254.53
2254.53
2694.78
2694.78
2715.94
2715.94
3365.25
3365.25
3529.32
3529.32
2121.61
2121.61
2601.11
2601.11
3396.11
3396.11
3496.11
3496.11
3365.92
3365.92
3070.39
3070.39
3477.17
3477.17
3628.18
3628.18
2347.69
2347.69
3455.70
3455.70
3581.19
3581.19
3925.95
3925.95
3925.95
3925.95
3925.95
3925.95
3783.04
3783.04
3823.59
3823.59
1439.43
1439.43
3828.33
3828.33
3828.33
3828.33
3828.33
3828.33
3116.87
3116.87
3177.97
3177.97
2617.14
2617.14
2617.14
2617.14
3363.59
3363.59
3119.93
3119.93
2181.81
2181.81
3481.64
3481.64
2304.72
2304.72
3093.48
3093.48
3093.48
3093.48
3093.48
3093.48
3093.48
3093.48
3093.48
3093.48
3093.48
3093.48
3093.48
3093.48
3018.68
3018.68
3589.94
3589.94
2818.91
2818.91
1825.86
1825.86
1825.86
1825.86
998.39
998.39
1942.21
1942.21
1942.21
322.77
322.77
511.36
671.25
671.25
814.76
814.76
981.94
981.94
910.20
910.20
910.20
910.20
910.20
910.20
1096.73
1096.73
1096.73
1096.73
1188.27
1188.27
1207.87
1207.87
1299.26
1299.26
1299.26
1299.26
1299.26
1299.26
1487.64
1487.64
1505.09
1505.09
1505.09
1505.09
1505.09
1505.09
1629.53
1629.53
1506.92
1506.92
1853.52
1853.52
1853.52
1853.52
1880.97
1880.97
1880.97
1880.97
1880.97
1880.97
1880.97
1880.97
1880.97
1880.97
1880.97
1880.97
1880.97
1880.97
1880.97
1880.97
1826.24
1826.24
1681.33
1681.33
1994.04
1994.04
1994.04
1994.04
1994.04
1994.04
1994.04
1994.04
475.76
475.76
1909.98
1909.98
1909.98
1909.98
1923.64
1923.64
1923.64
1923.64
1259.76
1259.76
2109.88
2109.88
2005.67
2005.67
2340.18
2340.18
2340.18
2340.18
2340.18
2340.18
2206.08
2206.08
2206.08
2206.08
2206.08
2206.08
288.56
288.56
655.15
655.15
989.34
989.34
989.34
989.34
989.34
989.34
1318.25
1318.25
2330.98
2330.98
2330.98
2330.98
2321.78
2321.78
2321.78
2321.78
2321.78
2321.78
2321.78
2321.78
2342.64
2342.64
1801.72
1801.72
2562.93
2562.93
2562.93
2562.93
2562.93
2562.93
2882.79
2882.79
2882.79
2882.79
2882.79
2882.79
2882.79
2882.79
2882.79
2882.79
1847.83
1847.83
1847.83
1847.83
2633.86
2633.86
2622.70
2622.70
2622.70
2622.70
2622.70
2622.70
2622.70
2622.70
2622.70
2622.70
2622.70
2622.70
2622.70
2622.70
2899.00
2899.00
3021.22
3021.22
3079.74
3079.74
3079.74
3079.74
3515.94
3515.94
3515.94
3515.94
3515.94
3515.94
3515.94
3515.94
3707.04
3707.04
3992.01
3992.01
4559.48
4559.48
4559.48
4559.48
4559.48
4559.48
4559.48
4559.48
4559.48
4559.48
4559.48
4559.48
4559.48
4559.48
4559.48
4559.48
1247.82
1247.82
1244.03
1244.03
1292.28
1292.28
10.00
10.00
1366.54
1366.54
1366.54
1366.54
1656.75
1656.75
1877.79
1877.79
1967.95
1967.95
2227.89
2227.89
2346.46
2346.46
2482.66
2482.66
1949.69
1949.69
2484.00
2484.00
2192.85
2192.85
2696.13
2696.13
2705.84
2705.84
2705.84
2705.84
2986.45
2986.45
2967.96
2967.96
3060.40
3060.40
2347.40
2347.40
317.64
317.64
3073.06
3073.06
3096.39
3096.39
3035.76
3035.76
3035.76
3035.76
3035.76
3035.76
2997.15
2997.15
3165.42
3165.42
3583.14
3583.14
3566.03
3566.03
3566.03
3566.03
2391.08
2391.08
3600.39
3600.39
3856.77
3856.77
3856.77
3856.77
2975.68
2975.68
2067.43
2067.43
2067.43
2067.43
2067.43
2067.43
2067.43
2067.43
2067.43
2067.43
3806.53
3806.53
3806.53
3551.98
3551.98
3916.81
10.00
10.00
10.00
2466.77
2466.77
2466.77
2466.77
4270.63
4270.63
4270.63
4270.63
4270.63
306.70
306.70
559.43
559.43
644.66
644.66
910.26
1037.75
1193.90
1267.29
1267.29
1448.33
1448.33
1549.85
1549.85
1605.47
1605.47
1705.13
1705.13
1886.17
1886.17
1978.69
1978.69
1938.88
1938.88
2012.24
2012.24
1931.63
1931.63
2066.10
2066.10
2216.09
2216.09
1521.89
1521.89
1985.57
1985.57
2172.43
2172.43
2189.98
2189.98
2235.99
2235.99
2124.18
2124.18
2263.26
2263.26
2073.93
2073.93
2489.63
2489.63
2407.85
2407.85
2281.08
2281.08
2281.74
2281.74
2881.18
2881.18
2707.92
2707.92
2930.43
2930.43
2960.86
2960.86
3145.58
3145.58
2972.88
2972.88
2972.88
2972.88
3158.24
3158.24
2244.35
2244.35
3655.65
3655.65
4116.04
4116.04
3760.04
3760.04
4201.31
4201.31
4451.41
4451.41
4201.02
4201.02
2941.50
2941.50
3676.27
3676.27
3676.27
3676.27
4127.95
4127.95
4127.95
4127.95
4160.30
4160.30
4160.30
4160.30
4556.75
4556.75
3084.86
3084.86
2058.64
2058.64
4742.07
4742.07
2063.74
2063.74
2063.74
2063.74
4423.21
4423.21
4423.21
4423.21
4423.21
4423.21
4423.21
4423.21
4423.21
4423.21
4423.21
4423.21
4423.21
4423.21
2620.35
2620.35
2620.35
2620.35
2831.48
2831.48
2792.43
2792.43
2792.43
2792.43
2805.85
2805.85
10.00
10.00
1810.92
1810.92
3166.88
3166.88
3166.88
3166.88
3244.79
3244.79
3244.79
3244.79
3244.79
3244.79
3176.20
3176.20
3235.52
3235.52
3235.52
3235.52
3235.52
3235.52
3202.07
3202.07
3278.35
3278.35
3258.57
3258.57
3176.10
3176.10
3364.43
3364.43
3443.35
3443.35
3441.14
3441.14
25.20
25.20
3300.55
3300.55
3300.55
3300.55
2893.09
2893.09
3515.89
3515.89
3361.03
3361.03
3872.17
3872.17
3872.17
3872.17
4063.72
4063.72
4063.72
4063.72
4160.28
4160.28
4160.28
4160.28
4160.28
4160.28
4088.89
4088.89
2390.82
2390.82
10.00
10.00
3929.96
3929.96
4207.29
4207.29
3039.41
3039.41
3280.71
3280.71
3280.71
3280.71
4395.08
4395.08
4406.13
4406.13
4406.13
4406.13
4406.13
4406.13
4406.13
4406.13
4406.13
4406.13
4406.13
4406.13
4406.13
4406.13
4406.13
4406.13
10.00
10.00
10.00
10.00
10.00
10.00
10.00
10.00
525.37
525.37
564.67
653.14
817.83
817.83
1018.76
1178.68
1381.91
1401.87
1527.20
1527.20
1787.74
1787.74
224.31
224.31
1827.44
1827.44
1853.61
1853.61
1853.61
1853.61
2215.79
2215.79
2256.30
2256.30
2371.30
2371.30
2449.70
2449.70
2325.92
2325.92
2598.30
2598.30
2427.57
2427.57
2374.73
2374.73
2472.96
2472.96
2554.65
2554.65
3021.87
3021.87
2851.23
2851.23
2885.58
2885.58
2975.46
2975.46
3143.89
3143.89
3143.89
3143.89
3143.89
3143.89
3351.38
3351.38
3685.95
3685.95
3685.95
3685.95
3685.95
3685.95
3685.95
3685.95
3685.95
3685.95
3685.95
3685.95
3685.95
3685.95
3685.95
3685.95
3685.95
3685.95
1928.38
1928.38
1425.49
1425.49
1825.93
1825.93
1645.25
1645.25
2002.23
2002.23
1990.53
1990.53
1873.93
1873.93
2175.32
2175.32
2602.78
2602.78
2806.25
2806.25
2782.93
2782.93
2568.24
2568.24
2486.90
2486.90
2816.56
2816.56
2896.56
2896.56
3125.32
3125.32
3125.32
3125.32
3125.32
3125.32
3125.32
3125.32
3125.32
3125.32
3125.32
3125.32
3125.32
3125.32
3125.32
3125.32
3125.32
3125.32
1983.09
1983.09
2150.41
2150.41
2136.21
2136.21
2212.85
2212.85
2212.85
2212.85
2283.68
2283.68
2029.87
2029.87
2548.07
2548.07
2778.86
2778.86
2778.86
2778.86
2735.43
2735.43
2735.43
2735.43
2735.43
2735.43
2735.43
2735.43
2735.43
2735.43
2649.57
2649.57
2649.57
2649.57
2649.57
2649.57
2649.57
2649.57
2649.57
2649.57
2649.57
2649.57
2649.57
2649.57
2745.83
2745.83
10.00
10.00
798.27
798.27
1499.89
1499.89
1499.89
1499.89
3025.24
3025.24
2783.61
2783.61
2383.91
2383.91
2383.91
2383.91
3128.79
3128.79
3128.79
3128.79
3128.79
3128.79
3114.18
3114.18
3114.18
3114.18
2480.74
2480.74
2480.74
2480.74
2689.55
2689.55
2689.55
2689.55
2689.55
2689.55
2689.55
2689.55
2689.55
2689.55
2689.55
2689.55
2689.55
2689.55
2689.55
2689.55
2689.55
2689.55
2689.55
2689.55
2689.55
2689.55
2689.55
2689.55
2689.55
2689.55
2689.55
2689.55
2689.55
2689.55
2689.55
2689.55
3216.06
3216.06
3194.42
3194.42
10.00
10.00
3013.54
3013.54
3013.54
3013.54
3013.54
3013.54
3013.54
3013.54
3013.54
3013.54
3013.54
3013.54
3013.54
3013.54
3013.54
3013.54
3292.66
3292.66
3292.66
3292.66
3561.60
3561.60
3521.15
3521.15
3543.53
3543.53
2923.43
2923.43
3492.62
3492.62
3435.55
3435.55
3360.58
3360.58
3073.98
3073.98
3073.98
3073.98
3073.98
3073.98
3073.98
3073.98
3073.98
3073.98
3073.98
3073.98
3366.00
3366.00
3705.80
3705.80
3394.34
3394.34
3394.34
3394.34
3631.72
3631.72
3631.72
3631.72
2485.44
2485.44
2485.44
2485.44
3922.98
3922.98
3710.81
3710.81
3226.29
3226.29
3888.02
3888.02
2394.58
2394.58
2394.58
2394.58
279.19
279.19
3746.99
3746.99
4078.48
4078.48
4078.48
4078.48
4078.48
4078.48
4078.48
4078.48
4078.48
4078.48
4078.48
4078.48
2413.91
2413.91
2413.91
2413.91
3397.67
3397.67
1720.18
1720.18
1720.18
1720.18
3245.14
3245.14
3297.94
3297.94
3297.94
3297.94
1828.35
1828.35
1828.35
1828.35
1828.35
1828.35
1828.35
1828.35
2478.05
2478.05
2512.91
2512.91
2512.91
2512.91
2512.91
2512.91
2512.91
192.74
192.74
452.23
452.23
228.95
566.81
688.69
688.69
886.32
911.20
911.20
485.19
485.19
972.69
972.69
1064.88
1064.88
1306.13
1306.13
1493.00
1493.00
1438.11
1438.11
1574.58
1574.58
1803.78
1803.78
1803.78
1803.78
1972.42
1972.42
2089.07
2089.07
2044.23
2044.23
1863.29
1863.29
2083.68
2083.68
1988.97
1988.97
2304.50
2304.50
2326.32
2326.32
2326.32
2326.32
2354.91
2354.91
451.49
451.49
2547.06
2547.06
2966.46
2966.46
1597.07
1597.07
1597.07
1597.07
1597.07
1597.07
2386.31
2386.31
2933.01
2933.01
2985.65
2985.65
2808.62
2808.62
2335.86
2335.86
2335.86
2335.86
3000.11
3000.11
3000.11
3000.11
3000.11
3000.11
3000.11
3000.11
3049.44
3049.44
3049.44
3049.44
3049.44
3049.44
2991.93
2991.93
2782.66
2782.66
3385.96
3385.96
2682.51
2682.51
2682.51
2682.51
3347.11
3347.11
3387.11
3387.11
2533.26
2533.26
2321.34
2321.34
2321.34
2321.34
3224.18
3224.18
2501.77
2501.77
2501.77
2501.77
2501.77
2501.77
3441.99
3441.99
1993.84
1993.84
67.72
67.72
1185.19
1185.19
3407.47
3407.47
3407.47
3407.47
3286.33
3286.33
2826.03
2826.03
3427.69
3427.69
3427.69
3427.69
3427.69
3427.69
2926.03
2926.03
3405.74
3405.74
2249.73
2249.73
2249.73
2249.73
2831.74
2831.74
2831.74
2831.74
3395.69
3395.69
3298.75
3298.75
3407.09
3407.09
3407.09
3407.09
10.00
10.00
2585.13
2585.13
3554.87
3554.87
3078.08
3078.08
3509.24
3509.24
3509.24
3509.24
3509.24
3509.24
3509.24
3509.24
3636.33
3636.33
2402.36
2402.36
2402.36
2402.36
2402.36
2402.36
2548.40
2548.40
2548.40
2867.22
3830.79
3830.79
3637.78
3637.78
3637.78
3637.78
3637.78
3637.78
1925.09
1925.09
1925.09
1925.09
1925.09
1925.09
1925.09
1925.09
3914.89
3914.89
3914.89
3914.89
3914.89
3914.89
3914.89
3914.89
2162.84
2162.84
2162.84
2162.84
3952.36
3952.36
3129.54
3129.54
3129.54
3129.54
3129.54
3129.54
3937.05
3937.05
2222.76
2222.76
1678.97
1678.97
3722.43
3722.43
3932.35
3932.35
3932.35
3932.35
3932.35
3932.35
3932.35
3932.35
3932.35
3932.35
3932.35
3932.35
3932.35
3932.35
3932.35
3932.35
3932.35
3932.35
3932.35
3932.35
3932.35
3932.35
3932.35
3932.35
3932.35
3932.35
3932.35
3932.35
3932.35
3932.35
3932.35
3932.35
4101.28
4101.28
4598.33
4598.33
2542.77
2542.77
2542.77
2542.77
2542.77
2542.77
2542.77
2542.77
2951.99
2951.99
2951.99
2951.99
337.96
337.96
2442.56
2442.56
2442.56
2442.56
2442.56
2442.56
2442.56
2442.56
1803.66
1803.66
2825.70
2825.70
2777.52
2777.52
3383.31
3383.31
3383.31
3383.31
3478.81
3478.81
3491.51
3491.51
3694.27
3694.27
1782.66
1782.66
1782.66
1782.66
3658.09
3658.09
3238.58
3238.58
3238.58
3238.58
3238.58
3238.58
3238.58
3238.58
3238.58
3238.58
3238.58
3238.58
3238.58
3238.58
3238.58
3238.58
191.49
191.49
191.49
191.49
465.12
465.12
633.47
711.54
821.97
821.97
886.86
886.86
989.60
989.60
986.05
986.05
902.12
902.12
1007.75
1007.75
325.39
325.39
462.90
462.90
1063.56
1063.56
1081.38
1081.38
1081.38
1081.38
1103.37
1103.37
1199.95
1199.95
1336.81
1336.81
1524.95
1524.95
1695.11
1695.11
1846.40
1846.40
2034.70
2034.70
2485.84
2485.84
2423.00
2423.00
2757.56
2757.56
2757.56
2757.56
2767.73
2767.73
3076.50
3076.50
3065.57
3065.57
2719.29
2719.29
2682.84
2682.84
3278.51
3278.51
3278.51
3425.95
3425.95
3425.95
3425.95
2667.85
2667.85
2667.85
2667.85
343.95
343.95
1622.86
1622.86
1622.86
1622.86
1622.86
1622.86
3122.78
3122.78
3122.78
3122.78
2840.54
2840.54
2840.54
2840.54
2873.71
2873.71
3123.16
3123.16
3082.37
3082.37
3082.37
3082.37
3175.83
3175.83
3146.68
3146.68
3309.54
3309.54
3262.57
3262.57
3152.64
3152.64
1902.57
1902.57
2680.30
2680.30
338.06
338.06
1398.25
1398.25
3240.01
3240.01
3240.01
3240.01
3284.27
3284.27
3032.79
3032.79
3392.75
3392.75
129.36
129.36
966.79
966.79
2265.93
2265.93
3327.94
3327.94
2438.14
2438.14
2512.62
2512.62
3411.01
3411.01
3411.01
3411.01
3411.01
3411.01
3411.01
3411.01
275.98
275.98
3311.48
3311.48
2127.49
2127.49
2127.49
2127.49
3207.73
3207.73
3207.73
3207.73
1905.76
1905.76
2041.88
2041.88
3257.15
3257.15
3518.47
3518.47
10.00
10.00
1006.30
1006.30
235.41
235.41
1363.14
1363.14
1409.07
1409.07
2615.26
2615.26
3022.47
3022.47
759.36
759.36
2075.47
2075.47
2949.14
2949.14
2949.14
2949.14
2949.14
2949.14
2949.14
2949.14
2567.33
2567.33
2267.22
2267.22
3030.06
3030.06
1522.77
1522.77
3003.55
3003.55
2705.94
2705.94
2927.60
2927.60
2927.60
2927.60
2947.12
2947.12
3216.49
3216.49
3216.49
3216.49
3216.49
3216.49
3216.49
3216.49
3416.48
3416.48
3489.62
3489.62
3489.62
3489.62
3489.62
3489.62
3489.62
3489.62
3477.86
3477.86
3367.72
3367.72
106.08
106.08
3439.39
3439.39
3108.46
3108.46
3450.58
3450.58
3450.58
3450.58
3823.42
3823.42
3511.61
3511.61
3941.34
3941.34
4193.78
4193.78
3226.56
3226.56
3990.62
3990.62
2642.17
2642.17
338.37
338.37
1226.12
1226.12
1341.18
1341.18
1341.18
1341.18
1341.18
1341.18
2107.83
2107.83
1939.56
1939.56
2143.46
2143.46
2121.96
2121.96
2198.70
2198.70
2268.45
2268.45
165.62
165.62
165.62
165.62
1484.10
1484.10
2851.72
2851.72
2851.72
2851.72
2851.72
2851.72
2088.15
2088.15
2226.62
2226.62
1749.81
1749.81
1748.49
1748.49
2124.00
2124.00
2224.57
2224.57
2224.57
2224.57
2266.54
2266.54
2258.97
2258.97
2701.20
2701.20
2701.20
2701.20
2716.55
2716.55
2685.25
2685.25
2432.32
2432.32
2730.70
2730.70
2467.13
2467.13
2768.52
2768.52
2502.76
2502.76
2722.00
2722.00
2722.00
2722.00
2986.76
2986.76
2997.85
2997.85
3212.34
3212.34
2063.73
2063.73
3596.07
3596.07
3596.07
3596.07
3209.50
3209.50
3209.50
3209.50
3577.38
3577.38
1174.97
1174.97
3534.13
3534.13
3534.13
3534.13
3534.13
3534.13
1712.22
1712.22
1244.79
1244.79
1244.79
1244.79
3172.50
3172.50
3606.40
3606.40
3880.33
3880.33
3034.11
3034.11
3034.11
3034.11
3034.11
3034.11
3000.42
3000.42
2813.08
2813.08
2813.08
2813.08
2813.08
2813.08
4024.08
4024.08
4024.08
4024.08
4024.08
4024.08
4024.08
4024.08
3647.44
3647.44
3647.44
3647.44
3647.44
3647.44
4188.32
4188.32
4150.89
4150.89
4150.89
4150.89
3036.55
3036.55
2829.16
2829.16
10.00
10.00
3879.00
3879.00
3879.00
3879.00
3879.00
3879.00
3879.00
3879.00
3769.51
3769.51
2774.14
2774.14
4189.57
4189.57
4189.57
4189.57
4189.57
4189.57
4189.57
4189.57
4189.57
4189.57
4189.57
4189.57
50.95
50.95
2227.82
2227.82
10.00
10.00
1580.94
1580.94
2130.42
2130.42
2000.02
2000.02
2370.50
2370.50
2394.49
2394.49
2319.03
2319.03
2438.10
2438.10
2268.96
2268.96
2883.98
2883.98
2419.45
2419.45
2580.85
2580.85
2170.67
2170.67
2812.74
2812.74
3036.36
3036.36
2925.96
2925.96
3025.04
3025.04
3169.54
3169.54
2626.05
2626.05
2548.48
2548.48
3206.90
3206.90
3523.62
3523.62
3523.62
3523.62
3202.11
3202.11
3418.43
3418.43
3659.87
3659.87
3659.87
3659.87
2668.17
2668.17
3377.20
3377.20
3444.27
3444.27
185.10
185.10
3169.31
3169.31
3375.41
3375.41
3558.03
3558.03
2083.88
2083.88
2225.07
2225.07
3662.09
3662.09
3706.86
3706.86
2896.28
2896.28
2896.28
2896.28
2896.28
2896.28
3577.09
3577.09
242.59
242.59
1694.65
1694.65
1857.92
1857.92
3543.56
3543.56
2601.50
2601.50
2601.50
2601.50
3865.10
3865.10
3865.10
3865.10
3865.10
3865.10
3865.10
3865.10
3865.10
3865.10
3357.41
3357.41
222.44
222.44
3293.97
3293.97
3478.49
3478.49
10.00
10.00
2926.12
2926.12
2482.91
2482.91
3949.02
3949.02
3565.92
3565.92
712.20
712.20
875.95
875.95
886.10
886.10
1074.93
1074.93
1093.70
1093.70
1093.70
292.06
1431.25
1431.25
1283.16
1283.16
1425.59
1425.59
1677.38
1677.38
1682.58
1682.58
1815.85
1815.85
1802.14
1802.14
1196.97
1196.97
1902.95
1902.95
1126.90
1126.90
2618.09
2618.09
2618.09
2618.09
2832.48
2832.48
2848.46
2848.46
3596.21
3596.21
3596.21
3596.21
2632.81
2632.81
3560.25
3560.25
3713.34
3713.34
2794.10
2794.10
2385.23
2385.23
2385.23
2385.23
3363.94
3363.94
3010.44
3010.44
3873.61
3873.61
3858.42
3858.42
4084.35
4084.35
4084.35
4084.35
3697.57
3697.57
3936.81
3936.81
4646.90
4646.90
4570.41
4570.41
1078.09
1078.09
1580.22
1580.22
1580.22
1580.22
2551.70
2551.70
3681.00
3681.00
3964.54
3964.54
293.63
293.63
1943.76
1943.76
4018.98
4018.98
4018.98
4018.98
4018.98
4018.98
2543.33
2543.33
3690.85
3690.85
4057.57
4057.57
4170.49
4170.49
2792.04
2792.04
2155.15
2155.15
2155.15
2155.15
131.51
2085.75
2328.64
2328.64
2553.17
2553.17
1741.90
1741.90
2668.45
2668.45
2581.72
2581.72
3061.24
3061.24
3061.24
3061.24
2886.76
2886.76
3029.53
3029.53
2285.32
2285.32
3100.92
3100.92
3100.92
3100.92
3300.27
3300.27
3194.31
3194.31
3341.69
3341.69
3330.73
3330.73
3182.72
3182.72
3182.72
3182.72
3357.25
3357.25
3143.80
3143.80
3366.83
3366.83
3366.83
3366.83
3324.09
3324.09
3386.46
3386.46
3363.38
3363.38
2911.23
2911.23
314.19
314.19
1851.80
1851.80
3408.11
3408.11
3486.54
3486.54
3594.62
3594.62
1768.46
1768.46
1768.46
1768.46
1768.46
1768.46
1768.46
1768.46
1768.46
1768.46
1768.46
1768.46
1768.46
1768.46
3541.21
3541.21
3431.05
3431.05
3613.52
3613.52
3486.31
3486.31
10.00
10.00
3564.78
3564.78
3564.78
3564.78
3564.78
3564.78
3564.78
3564.78
3564.78
3564.78
3564.78
3564.78
3564.78
3564.78
3564.78
3564.78
3564.78
3564.78
3564.78
3564.78
3564.78
3564.78
3564.78
3564.78
3564.78
3564.78
3564.78
3564.78
3564.78
3564.78
3564.78
3564.78
3564.78
3564.78
3842.23
3842.23
3767.90
3767.90
3767.90
3767.90
3767.90
3767.90
3767.90
3767.90
3767.90
3767.90
3767.90
3767.90
3767.90
3767.90
3767.90
3767.90
3767.90
3767.90
3767.90
3767.90
3767.90
3767.90
3767.90
3767.90
3767.90
3767.90
3767.90
3767.90
3767.90
3767.90
3767.90
3767.90
3767.90
3767.90
3767.90
3767.90
3767.90
3767.90
3767.90
3767.90
2136.27
2136.27
2087.00
2087.00
2087.00
2087.00
2087.00
2087.00
1205.86
1205.86
2191.99
2191.99
2191.99
2191.99
2191.99
2191.99
2191.99
2191.99
2077.31
2077.31
2431.85
2431.85
2431.85
2431.85
2431.85
2431.85
2431.85
2431.85
2431.85
2431.85
2431.85
2431.85
2707.07
2707.07
2862.14
2862.14
2862.14
