# 1Hz Kbps trace generated by import_real_world_traces.py
1396.14
4168.88
4168.88
677.16
677.16
1939.85
1939.85
1512.03
1512.03
1512.03
1512.03
45.32
45.32
2710.41
2710.41
2241.59
2241.59
13.89
13.89
2514.08
2514.08
2843.41
2843.41
2533.49
2533.49
2307.24
2307.24
777.81
777.81
3460.23
3460.23
3460.23
3460.23
3460.23
3460.23
3460.23
3460.23
545.77
545.77
1988.70
1988.70
2651.38
2651.38
2651.38
2651.38
2651.38
2651.38
1423.98
1423.98
2826.11
2826.11
2826.11
2826.11
2826.11
2826.11
2826.11
2826.11
2944.11
2944.11
3112.77
3112.77
1823.56
1823.56
1823.56
1823.56
10.90
10.90
3328.47
3328.47
2554.68
2554.68
3147.63
3147.63
3147.63
3147.63
4152.68
4152.68
2274.25
2274.25
2274.25
2274.25
2274.25
2274.25
3557.82
3557.82
3557.82
3557.82
3986.71
3986.71
4711.15
4711.15
4525.11
4525.11
4561.69
4561.69
3931.33
3931.33
3931.33
3931.33
3931.33
3931.33
3931.33
3931.33
5583.07
5583.07
4244.54
4244.54
3159.24
3159.24
900.67
900.67
900.67
900.67
900.67
900.67
2485.14
2485.14
3514.29
3514.29
56.54
56.54
5927.37
5927.37
779.79
779.79
128.58
128.58
5557.74
5557.74
7070.82
7070.82
7074.43
7074.43
886.06
886.06
2162.04
2162.04
6992.80
6992.80
1441.48
1441.48
3538.17
3538.17
4124.82
4124.82
4977.77
4977.77
3915.82
3915.82
5623.00
5623.00
854.88
854.88
107.76
107.76
141.14
141.14
2795.26
2795.26
3102.59
3102.59
843.62
843.62
7554.51
7554.51
7681.75
7681.75
5422.17
5422.17
7745.98
7745.98
7281.16
7281.16
7301.04
7301.04
4810.78
4810.78
7456.09
7456.09
7043.55
7043.55
73.68
73.68
4032.05
4032.05
4032.05
4032.05
1859.31
1859.31
2455.66
2455.66
589.36
589.36
1713.55
1713.55
353.71
353.71
4862.60
4862.60
1663.97
1663.97
105.93
105.93
4361.11
4361.11
2429.06
2429.06
26.41
26.41
1230.85
1230.85
4460.86
4460.86
5334.60
5334.60
3408.34
3408.34
45.78
45.78
7989.55
7989.55
34.43
34.43
854.17
854.17
3294.05
3294.05
10.00
10.00
3531.71
3531.71
8028.82
8028.82
3233.79
3233.79
3385.80
3385.80
345.35
345.35
16.76
16.76
7255.41
7255.41
19.74
19.74
6167.40
6167.40
872.00
872.00
926.41
926.41
5461.38
5461.38
19.82
19.82
2612.14
2612.14
11.69
11.69
4169.17
4169.17
4169.17
4169.17
4169.17
4169.17
6129.42
6129.42
6129.42
6129.42
6129.42
6129.42
6129.42
6129.42
6129.42
6129.42
6129.42
6129.42
6129.42
6129.42
6129.42
6129.42
6917.37
6917.37
7947.19
7947.19
7535.48
7535.48
7528.43
7528.43
4831.71
4831.71
10.00
10.00
2193.85
2193.85
291.09
291.09
1413.45
1413.45
2135.95
2135.95
247.62
247.62
410.09
410.09
67.23
67.23
10.00
10.00
325.50
325.50
279.12
279.12
190.07
190.07
10.00
10.00
511.01
511.01
115.60
115.60
7224.67
7224.67
302.13
302.13
2269.24
2269.24
5314.26
5314.26
833.25
833.25
8036.92
8036.92
2434.74
2434.74
300.38
300.38
91.58
91.58
274.39
274.39
183.46
183.46
78.41
78.41
7252.39
7252.39
178.66
178.66
353.16
353.16
679.70
679.70
1948.48
1948.48
2963.76
2963.76
6201.34
6201.34
402.07
402.07
10.00
10.00
6164.91
6164.91
85.98
85.98
6241.66
6241.66
6241.66
6241.66
6241.66
6241.66
7012.95
7012.95
6896.62
6896.62
6896.62
6896.62
6896.62
6896.62
6896.62
6896.62
46.50
46.50
2863.26
2863.26
7057.31
7057.31
4350.10
4350.10
4350.10
4350.10
4350.10
4350.10
4889.46
4889.46
4659.37
4659.37
4659.37
4659.37
4659.37
4659.37
4659.37
4659.37
4659.37
4659.37
4659.37
4659.37
4659.37
4659.37
5366.97
5366.97
5281.14
5281.14
1973.87
1973.87
6202.17
6202.17
6202.17
6202.17
6202.17
6202.17
3368.68
3368.68
1794.24
1794.24
5666.74
5666.74
6777.36
6777.36
3329.72
3329.72
6932.55
6932.55
3523.03
3523.03
6526.82
6526.82
4384.08
4384.08
5150.69
5150.69
4500.52
4500.52
3925.24
3925.24
3925.24
3925.24
3925.24
3925.24
6771.87
6771.87
6569.44
6569.44
6569.44
6569.44
5913.10
5913.10
5913.10
5913.10
5913.10
5913.10
822.37
822.37
4728.81
4728.81
4379.48
4379.48
5726.38
5726.38
32.50
32.50
4759.38
4759.38
4759.38
4759.38
4759.38
4759.38
4759.38
4759.38
4759.38
4759.38
16.12
16.12
28.88
28.88
4010.28
4010.28
5554.48
5554.48
51.45
51.45
550.66
550.66
2238.49
2238.49
5053.67
5053.67
5664.43
5664.43
4844.19
4844.19
4844.19
4844.19
4844.19
4844.19
4844.19
4844.19
2012.47
2012.47
5817.42
5817.42
5525.61
5525.61
6502.81
6502.81
6044.65
6044.65
1399.98
1399.98
872.94
872.94
3607.72
3607.72
3357.24
3357.24
3353.83
3353.83
1228.10
1228.10
19.82
19.82
746.25
746.25
1260.88
1260.88
88.15
88.15
40.11
40.11
343.64
343.64
15.47
15.47
51.76
51.76
68.21
68.21
853.33
853.33
936.00
936.00
69.97
69.97
37.36
37.36
14.12
14.12
554.13
554.13
301.76
301.76
246.31
246.31
16.12
16.12
6059.27
6059.27
6059.27
3209.01
426.34
426.34
43.52
43.52
789.51
789.51
96.87
96.87
90.14
90.14
286.69
286.69
906.29
906.29
3800.36
3800.36
68.18
68.18
955.07
955.07
3920.18
3920.18
899.79
899.79
3461.03
3461.03
1040.32
1040.32
459.79
459.79
5704.76
5704.76
5704.76
5087.87
5087.87
747.36
747.36
62.34
62.34
5171.61
5171.61
5878.31
5878.31
5759.33
5759.33
384.30
384.30
886.49
886.49
317.02
317.02
760.95
760.95
89.94
89.94
358.16
358.16
4344.38
4344.38
700.04
700.04
70.08
70.08
92.37
92.37
12.84
12.84
199.29
199.29
332.08
332.08
64.91
64.91
2613.84
2613.84
724.10
724.10
350.16
350.16
10.00
10.00
317.03
317.03
206.49
206.49
37.60
37.60
687.71
687.71
4692.21
4692.21
23.60
23.60
191.17
191.17
95.48
95.48
208.24
208.24
856.56
856.56
108.37
108.37
658.96
658.96
103.74
103.74
188.42
188.42
13.51
13.51
2057.80
2057.80
42.52
42.52
589.38
589.38
51.65
51.65
18.43
18.43
22.07
22.07
626.20
626.20
2048.21
2048.21
2045.09
2045.09
1442.11
1442.11
666.33
666.33
26.44
26.44
641.52
641.52
83.21
83.21
238.75
238.75
77.69
77.69
19.97
19.97
10.00
10.00
10.00
10.00
47.30
47.30
181.91
181.91
200.54
200.54
172.58
172.58
2369.55
2369.55
237.50
237.50
509.11
509.11
189.87
189.87
30.06
30.06
31.74
31.74
171.36
171.36
568.27
568.27
115.42
115.42
572.45
572.45
2683.95
2683.95
146.36
146.36
78.14
78.14
858.98
858.98
44.05
44.05
117.60
117.60
992.09
992.09
1025.32
1025.32
2531.10
2531.10
883.63
883.63
164.84
164.84
168.69
168.69
528.67
528.67
10.00
10.00
3521.63
3521.63
123.35
123.35
793.16
793.16
10.00
10.00
1610.81
1610.81
53.85
53.85
47.20
47.20
1661.12
1661.12
585.48
585.48
460.73
460.73
4944.76
4944.76
924.73
924.73
890.90
890.90
111.65
111.65
56.87
56.87
1067.41
1067.41
1208.47
1208.47
5519.28
5519.28
323.80
323.80
31.59
31.59
137.83
137.83
6461.82
6461.82
1538.46
1538.46
341.82
341.82
925.68
925.68
146.88
146.88
893.02
893.02
4121.35
4121.35
2192.65
2192.65
3759.50
3759.50
3490.37
3490.37
829.37
829.37
5977.44
5977.44
3726.01
3726.01
61.15
61.15
218.99
218.99
5953.84
5953.84
10.00
10.00
331.33
331.33
6825.36
6825.36
867.49
867.49
5530.85
5530.85
188.38
188.38
879.12
879.12
5231.19
5231.19
2588.85
2588.85
19.63
19.63
370.81
370.81
1827.52
1827.52
1737.26
1737.26
2280.03
2280.03
3761.38
3761.38
3618.74
3618.74
429.32
429.32
3815.82
3815.82
3288.49
3288.49
5086.94
5086.94
5569.14
5569.14
2623.66
2623.66
3354.01
3354.01
3547.91
3547.91
3357.96
3357.96
1418.37
1418.37
5181.82
5181.82
1761.04
1761.04
1067.48
1067.48
5787.71
5787.71
3629.65
3629.65
5870.83
5870.83
1727.67
1727.67
18.95
18.95
5125.35
5125.35
948.95
948.95
352.66
352.66
4078.30
4078.30
5808.59
5808.59
5808.59
5808.59
1816.58
1816.58
3862.14
3862.14
3361.22
3361.22
5026.54
5026.54
3001.28
3001.28
1556.46
1556.46
2130.81
2130.81
745.17
745.17
4133.56
4133.56
4133.56
4133.56
4638.48
4638.48
1014.11
1014.11
5400.03
5400.03
4443.68
4443.68
4443.68
4443.68
925.57
925.57
1748.80
1748.80
3179.93
3179.93
38.46
38.46
2043.20
2043.20
1193.52
1193.52
14.96
14.96
1581.78
1581.78
1767.52
1767.52
4428.36
4428.36
779.03
779.03
58.37
58.37
1293.09
1293.09
112.56
112.56
4055.75
4055.75
16.22
16.22
1003.60
1003.60
1363.38
1363.38
892.71
892.71
1180.78
1180.78
3561.58
3561.58
865.87
865.87
811.52
811.52
1573.55
1573.55
2341.15
2341.15
237.41
237.41
3992.39
3992.39
5775.26
5775.26
697.76
697.76
579.52
579.52
5944.19
5944.19
37.57
37.57
156.23
156.23
7462.32
7462.32
59.07
59.07
2356.80
2356.80
403.61
403.61
567.60
567.60
77.00
77.00
4346.62
4346.62
19.47
19.47
1629.93
1629.93
908.51
908.51
890.43
890.43
28.87
28.87
1014.77
1014.77
5532.00
5532.00
34.12
34.12
836.71
836.71
1838.00
1838.00
126.87
126.87
3100.03
3100.03
4713.95
4713.95
4092.34
4092.34
4776.16
4776.16
3206.95
3206.95
3308.64
3308.64
14.31
14.31
3522.24
3522.24
904.55
904.55
261.98
261.98
4511.69
4511.69
625.64
625.64
114.10
114.10
1628.60
1628.60
6116.47
6116.47
10.00
10.00
53.96
53.96
11.39
11.39
10.64
10.64
4666.84
4666.84
4400.84
4400.84
48.74
48.74
10.00
10.00
10.00
10.00
13.87
13.87
70.20
70.20
198.98
198.98
887.67
887.67
6331.53
6331.53
619.77
619.77
2795.09
2795.09
463.02
463.02
11.52
11.52
223.98
223.98
2095.87
2095.87
2639.67
2639.67
7034.89
7034.89
1854.49
1854.49
11.77
11.77
798.23
798.23
2994.24
2994.24
495.61
495.61
5736.93
5736.93
7371.72
7371.72
963.03
963.03
2289.52
2289.52
3420.15
3420.15
60.45
60.45
4671.90
4671.90
2334.93
2334.93
6955.38
6955.38
5253.26
5253.26
2646.12
2646.12
37.23
37.23
2196.98
2196.98
4416.42
4416.42
6663.67
6663.67
941.45
941.45
794.29
794.29
3975.80
3975.80
4708.64
4708.64
3952.49
3952.49
1644.43
1644.43
4854.45
4854.45
2855.32
2855.32
2667.48
2667.48
2667.48
2667.48
3770.48
3770.48
5602.43
5602.43
14.78
14.78
24.87
24.87
794.82
794.82
1309.58
1309.58
1828.41
1828.41
2040.97
2040.97
37.76
37.76
2618.58
2618.58
2745.88
2745.88
3686.29
3686.29
4141.14
4141.14
1447.88
1447.88
4380.80
4380.80
5265.18
5265.18
2241.18
2241.18
711.82
711.82
5949.35
5949.35
4136.70
4136.70
905.42
905.42
3621.35
3621.35
4504.86
4504.86
30.40
30.40
3234.72
3234.72
905.35
905.35
5622.47
5622.47
5622.47
5622.47
5622.47
5622.47
5622.47
5622.47
5622.47
5622.47
5622.47
5622.47
4591.94
4591.94
1475.39
1475.39
623.48
623.48
6374.63
6374.63
1896.99
1896.99
18.13
18.13
3754.08
3754.08
907.78
907.78
5949.33
5949.33
5772.19
5772.19
4328.10
4328.10
6434.55
6434.55
4127.07
4127.07
3101.96
3101.96
4586.08
4586.08
315.53
315.53
108.53
108.53
849.88
849.88
71.23
71.23
52.34
52.34
5308.53
5308.53
2415.40
2415.40
603.93
603.93
5060.17
5060.17
4462.77
4462.77
5305.61
5305.61
3934.27
3934.27
1761.06
1761.06
4867.88
4867.88
4963.25
4963.25
5202.80
5202.80
862.22
862.22
2358.04
2358.04
4435.80
4435.80
5011.56
5011.56
5308.92
5308.92
22.95
22.95
3510.71
3510.71
5572.93
5572.93
4087.89
4087.89
5649.04
5649.04
5993.03
5993.03
5884.47
5884.47
5796.48
5796.48
6817.31
6817.31
5588.07
5588.07
6423.14
6423.14
7135.91
7135.91
7276.09
7276.09
1028.83
1028.83
5783.47
5783.47
7102.20
7102.20
277.50
277.50
7137.99
7137.99
7137.99
7137.99
911.50
911.50
4015.55
4015.55
253.79
253.79
3236.79
3236.79
7382.73
7382.73
2398.12
2398.12
3508.30
3508.30
6499.39
6499.39
4187.96
4187.96
721.91
721.91
2096.94
2096.94
393.23
393.23
135.44
135.44
122.36
122.36
120.50
120.50
4737.82
4737.82
175.33
175.33
911.35
911.35
347.78
347.78
382.57
382.57
39.53
39.53
2399.17
2399.17
4346.00
4346.00
100.61
100.61
895.62
895.62
59.44
59.44
13.79
13.79
3278.39
3278.39
1869.93
1869.93
28.76
28.76
28.76
4000.00
4000.00
90.73
295.64
295.64
25.53
25.53
1770.38
1770.38
498.78
498.78
12.71
12.71
138.61
138.61
277.25
277.25
646.37
646.37
918.92
918.92
1654.50
1654.50
281.38
281.38
117.92
117.92
471.30
471.30
4844.07
4844.07
101.31
101.31
2529.22
2529.22
668.25
668.25
2985.59
2985.59
2577.04
2577.04
596.09
596.09
252.12
252.12
600.63
600.63
29.06
29.06
4154.71
4154.71
41.95
41.95
41.95
2336.85
3459.68
3459.68
1849.77
1849.77
1055.65
1055.65
107.01
107.01
3574.14
3574.14
68.44
68.44
28.25
28.25
50.85
50.85
231.84
231.84
290.47
290.47
388.61
388.61
398.66
398.66
1276.44
1276.44
99.42
99.42
850.99
850.99
3090.40
3090.40
3164.87
3164.87
19.67
19.67
180.71
180.71
10.00
10.00
224.38
224.38
1000.61
1000.61
482.29
482.29
3886.28
3886.28
18.52
18.52
1555.91
1555.91
5035.07
5035.07
34.30
34.30
2906.48
2906.48
16.50
16.50
2022.20
2022.20
796.18
796.18
1408.14
1408.14
16.08
16.08
398.07
398.07
10.00
10.00
54.55
54.55
10.00
10.00
853.50
853.50
536.30
536.30
234.86
234.86
950.87
950.87
4214.54
4214.54
1558.47
1558.47
6403.14
6403.14
2739.03
2739.03
35.41
35.41
50.22
50.22
966.77
966.77
966.77
584.27
584.27
5229.60
5229.60
2585.89
2585.89
77.38
77.38
163.21
163.21
6619.92
6619.92
857.46
857.46
3415.14
3415.14
4178.46
4178.46
1743.08
1743.08
3027.70
3027.70
15.53
15.53
157.99
157.99
905.70
905.70
2274.49
2274.49
2578.83
2578.83
4189.54
4189.54
3194.92
3194.92
865.24
865.24
2319.42
2319.42
909.02
909.02
183.59
183.59
2525.12
2525.12
6578.62
6578.62
2535.78
2535.78
52.88
52.88
491.44
491.44
475.75
475.75
19.15
19.15
10.00
10.00
3573.31
3573.31
10.00
10.00
858.87
858.87
55.79
55.79
10.00
10.00
5326.53
5326.53
2084.56
2084.56
7001.61
7001.61
4436.14
4436.14
255.46
255.46
1647.10
1647.10
79.83
79.83
28.22
28.22
15.56
15.56
10.80
10.80
619.60
619.60
198.32
198.32
18.57
18.57
349.03
349.03
13.73
13.73
6469.99
6469.99
7577.21
7577.21
1893.98
1893.98
1217.45
1217.45
2051.41
2051.41
882.05
882.05
901.83
901.83
60.06
60.06
7345.35
7345.35
3125.62
3125.62
1446.68
1446.68
905.36
905.36
8172.02
8172.02
347.99
347.99
7329.49
7329.49
163.92
163.92
1647.83
1647.83
2380.60
2380.60
869.50
869.50
4923.61
4923.61
445.51
445.51
3977.49
3977.49
3454.24
3454.24
10.00
10.00
92.52
92.52
150.54
150.54
89.84
89.84
302.31
302.31
1933.46
1933.46
86.86
86.86
898.74
898.74
486.98
486.98
912.37
912.37
10.00
10.00
1787.15
1787.15
1844.38
1844.38
2762.51
2762.51
2762.51
2762.51
2762.51
2762.51
2762.51
2762.51
3101.41
3101.41
2388.80
2388.80
13.60
13.60
651.22
651.22
3222.38
3222.38
2649.29
2649.29
3274.72
3274.72
24.37
24.37
1290.86
1290.86
2044.19
2044.19
3362.28
3362.28
3304.67
3304.67
3622.96
3622.96
1956.84
1956.84
3544.25
3544.25
3309.12
3309.12
2182.29
2182.29
3446.41
3446.41
3824.30
3824.30
3824.30
3824.30
3824.30
3824.30
1362.08
1362.08
4520.69
4520.69
4520.69
4520.69
3423.21
3423.21
39.22
39.22
3171.82
3171.82
3813.19
3813.19
5346.94
5346.94
22.72
22.72
5108.49
5108.49
4095.11
4095.11
1390.85
1390.85
2547.98
2547.98
49.36
49.36
1020.56
1020.56
4539.34
4539.34
4957.12
4957.12
860.71
860.71
2889.39
2889.39
50.89
50.89
3770.07
3770.07
317.05
317.05
541.95
541.95
3984.61
3984.61
3984.61
3984.61
4404.29
4404.29
3736.83
3736.83
2893.44
2893.44
4585.43
4585.43
26.60
26.60
4583.60
4583.60
27.34
27.34
3017.79
3017.79
1087.30
1087.30
1792.02
1792.02
2436.92
2436.92
4759.43
4759.43
5062.22
5062.22
1181.23
1181.23
2938.15
2938.15
2624.39
2624.39
2875.05
2875.05
1546.04
1546.04
1546.04
1546.04
1401.71
1401.71
1059.53
1059.53
4160.68
4160.68
3649.26
3649.26
1182.11
1182.11
57.60
57.60
4397.72
4397.72
973.69
973.69
97.91
97.91
38.58
38.58
231.17
231.17
108.38
108.38
72.66
72.66
1316.19
1316.19
144.48
144.48
1182.23
1182.23
26.94
26.94
107.77
107.77
165.55
165.55
760.49
760.49
1114.38
1114.38
1599.77
1599.77
4700.17
4700.17
411.27
411.27
2990.28
2990.28
3432.36
3432.36
821.90
821.90
4789.06
4789.06
5480.89
5480.89
43.69
43.69
4794.32
4794.32
48.39
48.39
1931.60
1931.60
5892.73
5892.73
1540.22
1540.22
3010.40
3010.40
1065.20
1065.20
36.98
36.98
1662.12
1662.12
160.06
160.06
27.40
27.40
1976.69
1976.69
245.60
245.60
858.02
858.02
29.81
29.81
3082.15
3082.15
258.10
258.10
768.29
768.29
250.51
250.51
4734.56
4734.56
4583.04
4583.04
1484.22
1484.22
854.63
854.63
917.69
917.69
59.44
59.44
1317.75
1317.75
3086.58
3086.58
26.51
26.51
1000.03
1000.03
694.19
694.19
1251.46
1251.46
1251.46
12.73
12.73
12.73
156.92
129.66
129.66
3797.90
3797.90
185.36
39.03
39.03
2039.09
2039.09
4516.36
4516.36
801.43
801.43
2379.78
2379.78
11.35
11.35
17.26
17.26
75.93
75.93
4264.84
4264.84
1723.78
1723.78
614.89
614.89
80.24
80.24
2193.78
2193.78
4231.58
4231.58
443.64
443.64
5696.39
5696.39
4838.64
4838.64
20.62
20.62
463.01
463.01
5005.97
5005.97
3627.97
3627.97
381.12
381.12
54.34
54.34
54.34
23.28
111.43
111.43
5154.52
5154.52
1521.65
1521.65
791.25
791.25
1921.63
1921.63
5191.98
5191.98
541.84
541.84
5006.10
5006.10
1465.82
1465.82
3189.34
3189.34
4137.76
4137.76
3674.39
3674.39
5031.80
5031.80
415.38
415.38
56.90
56.90
4628.33
4628.33
302.36
302.36
302.36
319.63
319.63
1418.46
2132.98
2132.98
3726.02
3726.02
53.38
53.38
3363.85
3363.85
4875.83
4875.83
1964.12
1964.12
5363.03
5363.03
3873.72
3873.72
3275.11
3275.11
5091.11
5091.11
2347.34
2347.34
5551.16
5551.16
143.89
143.89
21.98
21.98
5763.53
5763.53
5646.33
5646.33
41.81
41.81
5360.13
5360.13
3729.73
3729.73
443.11
443.11
793.90
793.90
10.58
10.58
4669.60
4669.60
176.93
176.93
4186.68
4186.68
14.82
14.82
1763.22
1763.22
892.19
892.19
1819.12
1819.12
2290.46
2290.46
3865.76
3865.76
5119.57
5119.57
303.06
303.06
31.55
31.55
2492.09
2492.09
5951.95
5951.95
109.36
109.36
1936.58
1936.58
56.11
56.11
105.02
105.02
1609.67
1609.67
548.87
548.87
395.17
395.17
28.91
28.91
510.86
510.86
731.05
731.05
517.95
517.95
2738.49
2738.49
2738.49
2893.03
1361.32
1361.32
61.84
61.84
4924.98
4924.98
35.72
35.72
58.11
58.11
1160.32
1160.32
73.72
73.72
215.14
215.14
223.92
223.92
13.24
13.24
46.78
46.78
252.65
252.65
38.28
38.28
5149.62
5149.62
37.60
37.60
3216.28
3216.28
3376.90
3376.90
3376.90
18.99
18.99
835.06
1619.00
1619.00
43.36
43.36
111.15
111.15
434.50
434.50
727.63
727.63
1822.61
1822.61
13.94
13.94
12.77
12.77
73.48
73.48
3969.01
3969.01
4470.61
4470.61
58.56
58.56
1438.64
1438.64
76.94
76.94
148.62
148.62
25.54
25.54
1385.39
1385.39
4840.88
4840.88
577.54
577.54
14.96
14.96
1813.97
1813.97
4177.50
4177.50
4045.10
4045.10
3013.26
3013.26
3220.35
3220.35
1480.32
1480.32
1753.22
1753.22
1899.46
1899.46
26.64
26.64
2500.41
2500.41
125.21
125.21
81.27
81.27
33.71
33.71
88.48
88.48
1082.24
1082.24
81.66
81.66
35.30
35.30
1330.61
1330.61
1326.82
1326.82
1326.82
1326.82
124.25
124.25
85.28
85.28
12.32
12.32
12.32
709.24
555.36
555.36
10.00
10.00
4592.53
4592.53
3140.03
3140.03
2951.63
2951.63
182.44
182.44
836.18
836.18
1297.89
1297.89
1297.89
201.07
221.56
221.56
179.28
179.28
104.71
104.71
2221.01
2221.01
2221.01
74.82
74.82
94.36
709.11
709.11
2811.04
2811.04
3291.81
3291.81
891.57
891.57
420.82
420.82
3692.71
3692.71
3001.38
3001.38
3446.91
3446.91
1093.87
1093.87
4192.78
4192.78
1397.01
1397.01
1397.01
57.39
1103.62
1103.62
4005.98
4005.98
4005.98
4005.98
4005.98
4005.98
1042.11
1042.11
4041.09
4041.09
4041.09
4041.09
5215.01
5215.01
516.34
516.34
5128.81
5128.81
178.94
178.94
72.53
72.53
4266.08
4266.08
791.55
791.55
1706.93
1706.93
1706.93
1706.93
858.07
858.07
2544.87
2544.87
3213.94
3213.94
3213.94
3213.94
42.71
42.71
4431.55
4431.55
881.63
881.63
18.96
18.96
4682.77
4682.77
4682.77
4682.77
4644.75
4644.75
4644.75
4644.75
4770.35
4770.35
4967.77
4967.77
4967.77
4967.77
5255.97
5255.97
862.17
862.17
937.26
937.26
10.00
10.00
5063.99
5063.99
2621.75
2621.75
789.44
789.44
2956.87
2956.87
3736.82
3736.82
3736.82
6030.03
6030.03
6030.03
6071.68
6071.68
5751.53
5751.53
4538.23
4538.23
4538.23
4538.23
4538.23
4538.23
4538.23
4538.23
4538.23
4538.23
4538.23
4538.23
4958.99
4958.99
5896.84
5896.84
2538.23
2538.23
5160.13
5160.13
18.71
18.71
4021.69
4021.69
512.77
512.77
870.29
870.29
453.81
453.81
10.00
10.00
2837.91
2837.91
912.45
912.45
76.66
76.66
6772.91
6772.91
5711.51
5711.51
2498.14
2498.14
152.68
152.68
3584.74
3584.74
1032.34
1032.34
30.73
30.73
4521.11
4521.11
4872.60
4872.60
255.91
255.91
3476.27
3476.27
40.01
40.01
2405.87
2405.87
7141.53
7141.53
3403.62
3403.62
3403.62
597.23
76.15
76.15
10.00
10.00
439.90
439.90
244.03
244.03
1931.54
1931.54
3924.20
3924.20
3677.63
3677.63
3677.63
2016.54
2016.54
25.70
25.70
2066.99
2066.99
1859.89
1859.89
250.78
250.78
1275.01
1275.01
19.48
19.48
1066.37
1066.37
828.18
828.18
325.38
325.38
169.03
169.03
77.85
77.85
677.12
677.12
27.77
27.77
1360.34
1360.34
86.92
86.92
4793.27
4793.27
3669.61
3669.61
5204.54
5204.54
4348.64
4348.64
756.29
756.29
470.37
470.37
2659.31
2659.31
6395.69
6395.69
116.29
116.29
40.59
40.59
10.00
10.00
4183.98
4183.98
2146.75
2146.75
1579.57
1579.57
3861.60
3861.60
2615.93
2615.93
4164.83
4164.83
2811.86
2811.86
81.04
81.04
101.87
101.87
815.70
815.70
935.22
935.22
2595.99
2595.99
118.06
118.06
3761.86
3761.86
4453.68
4453.68
1019.47
1019.47
985.39
985.39
6362.93
6362.93
115.58
115.58
927.54
927.54
2857.57
2857.57
1811.70
1811.70
53.90
53.90
3428.23
3428.23
109.47
109.47
103.19
103.19
6786.99
6786.99
3409.68
3409.68
5079.75
5079.75
3067.07
3067.07
2131.49
2131.49
222.16
222.16
827.38
827.38
3062.99
3062.99
3434.16
3434.16
226.56
226.56
44.26
44.26
38.90
38.90
383.37
383.37
3148.85
3148.85
5356.41
5356.41
1648.77
1648.77
5623.51
5623.51
1394.41
1394.41
1890.40
1890.40
137.65
137.65
38.52
38.52
80.70
80.70
166.91
166.91
88.27
88.27
66.17
66.17
887.64
887.64
240.62
240.62
763.34
763.34
82.66
82.66
1507.31
1507.31
493.75
493.75
18.54
18.54
19.28
19.28
1827.68
1827.68
4254.45
4254.45
72.69
72.69
86.41
86.41
11.28
11.28
2710.04
2710.04
28.04
28.04
1414.11
1414.11
146.90
146.90
1703.96
1703.96
83.85
83.85
1402.66
1402.66
10.00
10.00
5506.55
5506.55
412.68
412.68
1132.75
1132.75
4281.79
4281.79
3148.06
3148.06
14.64
14.64
1170.81
1170.81
3196.11
3196.11
19.59
19.59
4580.95
4580.95
4448.75
4448.75
39.35
39.35
19.15
19.15
6775.61
6775.61
451.26
451.26
893.92
893.92
928.93
928.93
663.36
663.36
708.94
708.94
157.82
157.82
13.07
13.07
186.93
186.93
35.78
35.78
323.46
323.46
201.46
201.46
10.00
10.00
62.87
62.87
5698.20
5698.20
1149.45
1149.45
1513.74
1513.74
4503.90
4503.90
986.30
986.30
3728.53
3728.53
128.60
128.60
3769.59
3769.59
4348.37
4348.37
1792.35
1792.35
485.08
485.08
2544.09
2544.09
19.06
19.06
75.63
75.63
852.14
852.14
40.00
40.00
33.75
33.75
2115.23
2115.23
3572.77
3572.77
6637.36
6637.36
1114.91
1114.91
235.94
235.94
1691.45
1691.45
5436.12
5436.12
19.63
19.63
3861.40
3861.40
2615.65
2615.65
1303.69
1303.69
192.04
192.04
64.66
64.66
6639.66
6639.66
1405.84
1405.84
2357.30
2357.30
4812.88
4812.88
183.25
183.25
19.79
19.79
884.14
884.14
1199.19
1199.19
1845.22
1845.22
1272.18
1272.18
971.22
971.22
229.44
229.44
3771.93
3771.93
1658.79
1658.79
1801.84
1801.84
4448.86
4448.86
278.75
278.75
863.20
863.20
943.27
943.27
846.84
846.84
54.55
54.55
4094.12
4094.12
1451.96
1451.96
10.71
10.71
2531.04
2531.04
1568.99
1568.99
13.20
13.20
795.42
795.42
331.10
331.10
14.90
14.90
5746.14
5746.14
2554.67
2554.67
3931.28
3931.28
3931.28
3931.28
3931.28
3931.28
4087.73
4087.73
3630.75
3630.75
793.05
793.05
4330.35
4330.35
4330.35
4330.35
3065.23
3065.23
1318.37
1318.37
4298.68
4298.68
34.58
34.58
729.26
729.26
1884.15
1884.15
4554.50
4554.50
4810.72
4810.72
109.34
109.34
82.81
82.81
41.67
41.67
2476.68
2476.68
2571.98
2571.98
2571.98
2571.98
836.27
836.27
1888.47
1888.47
5260.17
5260.17
4859.64
4859.64
3178.84
3178.84
5706.62
5706.62
5204.84
5204.84
5967.63
5967.63
6237.49
6237.49
6268.09
6268.09
5740.32
5740.32
6092.41
6092.41
2577.30
2577.30
4256.47
4256.47
6885.36
6885.36
4195.43
4195.43
4195.43
4195.43
5617.99
5617.99
6537.04
6537.04
6463.59
6463.59
6463.59
6463.59
3215.17
3215.17
3215.17
3215.17
5770.57
5770.57
6751.07
6751.07
3175.53
3175.53
6486.12
6486.12
6486.12
6486.12
6486.12
6486.12
1348.78
1348.78
5956.91
5956.91
5897.34
5897.34
5182.76
5182.76
6503.10
6503.10
3920.16
3920.16
6586.47
6586.47
6586.47
6586.47
4456.38
4456.38
4795.69
4795.69
14.93
14.93
3289.04
3289.04
3289.04
3289.04
3289.04
3289.04
4425.80
4425.80
5522.31
5522.31
2882.67
2882.67
2882.67
2882.67
2882.67
2882.67
5072.26
5072.26
75.28
75.28
775.36
775.36
2854.43
2854.43
4842.39
4842.39
63.06
63.06
1931.32
1931.32
2449.86
2449.86
51.17
51.17
62.50
62.50
10.00
10.00
318.12
318.12
726.84
726.84
3949.46
3949.46
896.37
896.37
6051.59
6051.59
4338.02
4338.02
4679.27
4679.27
11.26
11.26
4855.36
4855.36
90.07
90.07
1399.93
1399.93
53.07
53.07
73.03
73.03
659.87
659.87
901.22
901.22
321.93
321.93
69.65
69.65
112.42
112.42
5316.37
5316.37
3906.40
3906.40
654.46
654.46
4540.07
4540.07
6948.92
6948.92
3804.85
3804.85
5055.35
5055.35
19.25
19.25
114.14
114.14
97.07
97.07
948.08
948.08
115.59
115.59
781.97
781.97
4932.93
4932.93
4148.22
4148.22
6487.41
6487.41
611.94
611.94
6960.94
6960.94
5154.92
5154.92
156.68
156.68
458.41
458.41
1602.31
1602.31
67.72
67.72
7475.66
7475.66
377.49
377.49
2634.98
2634.98
1089.94
1089.94
2086.95
2086.95
143.45
143.45
1002.92
1002.92
1667.22
1667.22
4914.97
4914.97
12.66
12.66
777.75
777.75
88.85
88.85
29.07
29.07
7107.03
7107.03
39.11
39.11
7500.39
7500.39
5663.05
5663.05
41.98
41.98
5686.44
5686.44
8083.60
8083.60
6077.70
6077.70
15.79
15.79
2297.73
2297.73
70.07
70.07
277.19
277.19
178.65
178.65
3508.50
3508.50
2026.56
2026.56
3122.24
3122.24
66.43
66.43
5198.44
5198.44
28.73
28.73
59.00
59.00
6362.81
6362.81
1190.06
1190.06
10.00
10.00
12.96
12.96
326.64
326.64
144.87
144.87
4709.52
4709.52
6486.53
6486.53
3759.88
3759.88
4603.81
4603.81
2368.55
2368.55
2988.45
2988.45
560.29
560.29
175.88
175.88
4049.31
4049.31
1579.39
1579.39
1735.64
1735.64
1888.93
1888.93
3561.55
3561.55
836.87
836.87
813.66
813.66
56.39
56.39
18.39
18.39
3143.57
3143.57
5060.06
5060.06
3390.93
3390.93
45.03
45.03
278.12
278.12
242.24
242.24
69.81
69.81
1403.52
1403.52
4834.02
4834.02
919.00
919.00
1509.01
1509.01
25.20
25.20
2216.84
2216.84
968.58
968.58
968.58
47.22
125.04
125.04
106.24
106.24
6072.53
6072.53
10.00
10.00
669.07
669.07
669.07
2849.00
2849.00
2849.00
5818.09
5818.09
5818.09
5818.09
1587.99
1587.99
5225.62
5225.62
5225.62
5225.62
4794.23
4794.23
5620.99
5620.99
3289.88
3289.88
3289.88
3289.88
3630.82
3630.82
3630.82
3630.82
6458.85
6458.85
6458.85
6458.85
30.09
30.09
349.46
349.46
1163.95
1163.95
2330.72
2330.72
6593.12
6593.12
6593.12
4162.00
4162.00
4162.00
7059.52
7059.52
928.16
928.16
6915.99
6915.99
7304.91
7304.91
6949.08
6949.08
3703.67
3703.67
5318.64
5318.64
5318.64
5318.64
4943.84
4943.84
5180.45
5180.45
5180.45
5331.70
5331.70
5842.30
5374.70
5374.70
3307.27
3307.27
1215.29
1215.29
529.03
529.03
2828.02
2828.02
1929.02
1929.02
5041.61
5041.61
5245.24
5245.24
1974.52
1974.52
3167.24
3167.24
3167.24
3167.24
7604.11
7604.11
7636.49
7636.49
5589.77
5589.77
4650.72
4650.72
899.08
899.08
7475.61
7475.61
7475.61
7475.61
7475.61
7475.61
4086.60
4086.60
4965.64
4965.64
3500.79
3500.79
3500.79
3500.79
4811.38
4811.38
4813.80
4813.80
4813.80
4813.80
5102.96
5102.96
5329.22
5329.22
3467.25
3467.25
3467.25
3467.25
3467.25
1010.65
3085.12
3085.12
904.99
904.99
5440.30
5440.30
5110.26
5110.26
5110.26
4292.93
2534.23
2534.23
2758.03
2758.03
3347.05
3347.05
3347.05
4015.53
4015.53
1770.35
1770.35
208.71
1001.10
1001.10
1197.79
1197.79
1612.07
1612.07
4783.25
4783.25
4783.25
219.63
219.63
4416.64
2124.61
2124.61
2124.61
18.55
5221.28
5221.28
1287.67
1287.67
1287.67
614.10
614.10
89.71
1812.52
1812.52
1812.52
707.00
707.00
1139.73
1139.73
1340.68
356.80
356.80
4206.53
4206.53
4206.53
6294.84
2479.75
2479.75
2479.75
149.55
25.73
25.73
25.73
244.51
244.51
1794.51
1794.51
108.63
108.63
39.42
39.42
667.96
59.98
59.98
59.98
308.49
308.49
1103.29
753.69
753.69
753.69
111.53
111.53
383.30
40.62
40.62
40.62
54.73
54.73
42.96
42.96
3383.54
3383.54
3383.54
3383.54
4242.78
4242.78
115.36
115.36
6118.12
6118.12
3592.23
3592.23
37.41
37.41
1000.48
1000.48
2638.13
2638.13
793.49
793.49
3515.67
3515.67
98.01
98.01
19.81
19.81
3648.70
3648.70
4405.76
4405.76
1992.06
1992.06
1992.06
1992.06
1992.06
1992.06
1773.39
1773.39
5018.50
5018.50
5018.50
5018.50
5018.50
5018.50
5417.06
5417.06
1781.94
1781.94
973.40
973.40
2441.16
2441.16
2441.16
2441.16
5246.64
5246.64
5575.71
5575.71
5440.14
5440.14
5337.49
5337.49
4534.92
4534.92
4534.92
4534.92
4649.46
4649.46
5329.77
5329.77
50.93
50.93
780.84
780.84
45.01
45.01
7156.66
7156.66
2151.32
2151.32
5862.23
5862.23
4277.18
4277.18
4277.18
4277.18
17.47
17.47
5558.96
5558.96
1490.63
1490.63
4898.64
4898.64
5928.29
5928.29
5928.29
5928.29
5854.98
5854.98
4822.69
4822.69
16.06
16.06
5158.09
5158.09
5996.39
5996.39
25.88
25.88
1768.68
1768.68
5475.69
5475.69
5920.53
5920.53
1782.89
1782.89
6195.71
6195.71
6307.90
6307.90
6241.39
6241.39
2562.25
2562.25
2330.44
2330.44
917.55
917.55
6078.66
6078.66
112.07
112.07
860.53
860.53
5532.93
5532.93
5532.93
5532.93
5532.93
5532.93
3133.25
3133.25
4554.92
4554.92
6224.37
6224.37
1142.20
1142.20
2484.57
2484.57
5716.59
5716.59
7496.49
7496.49
1481.87
1481.87
2646.21
2646.21
16.94
16.94
1107.30
1107.30
2489.33
2489.33
122.95
122.95
374.44
374.44
43.64
43.64
107.30
107.30
1229.94
1229.94
839.18
839.18
4397.49
4397.49
39.05
39.05
249.11
249.11
59.29
59.29
5430.88
5430.88
5967.83
5967.83
165.81
165.81
2011.81
2011.81
5103.52
5103.52
4787.44
4787.44
5787.98
5787.98
6025.44
6025.44
6025.44
6025.44
3778.98
3778.98
2888.43
2888.43
3192.63
3192.63
534.68
534.68
3589.36
3589.36
375.67
375.67
432.91
432.91
10.00
10.00
694.01
694.01
140.40
140.40
25.61
25.61
1226.25
1226.25
181.42
181.42
972.15
972.15
36.13
36.13
48.38
48.38
1776.84
1776.84
4279.10
4279.10
34.15
34.15
1287.19
1287.19
2656.16
2656.16
822.30
822.30
4186.84
4186.84
61.35
61.35
550.68
550.68
776.78
776.78
1220.60
1220.60
98.61
98.61
36.40
36.40
1266.95
1266.95
23.02
23.02
551.97
551.97
17.96
17.96
34.22
34.22
34.73
34.73
528.00
528.00
398.06
398.06
2692.44
2692.44
60.38
60.38
134.72
134.72
1681.05
1681.05
739.20
739.20
576.52
576.52
2992.80
2992.80
4628.17
4628.17
3215.19
3215.19
29.65
29.65
4848.55
4848.55
70.86
70.86
1841.76
1841.76
54.82
54.82
10.00
10.00
1041.17
1041.17
11.73
11.73
1998.99
1998.99
99.86
99.86
101.42
101.42
123.29
123.29
13.55
13.55
52.02
52.02
263.72
263.72
10.00
10.00
13.96
13.96
32.29
32.29
38.07
38.07
38.07
38.07
36.50
36.50
36.50
34.87
76.08
83.55
231.49
231.49
19.29
19.29
3655.65
3655.65
207.25
207.25
42.87
42.87
50.02
50.02
866.59
866.59
3094.53
3094.53
4511.86
4511.86
48.61
48.61
2130.92
2130.92
3977.77
3977.77
3324.66
3324.66
3340.42
3340.42
3677.89
3677.89
4538.53
4538.53
14.05
14.05
3017.43
3017.43
1975.35
1975.35
5970.07
5970.07
5970.07
5970.07
6030.06
6030.06
1231.88
1231.88
813.39
813.39
6012.97
6012.97
3991.65
3991.65
3444.86
3444.86
4537.51
4537.51
4537.51
4537.51
3706.95
3706.95
6339.58
6339.58
2104.34
2104.34
4634.76
4634.76
4585.30
4585.30
4585.30
4585.30
886.21
886.21
4977.96
4977.96
5569.26
5569.26
5824.96
5824.96
5459.06
5459.06
5459.06
5459.06
4340.93
4340.93
5227.78
5227.78
6020.48
6020.48
5146.36
5146.36
6777.10
6777.10
6777.10
6777.10
4100.71
4100.71
5938.05
5938.05
5691.01
5691.01
5691.01
5691.01
2067.73
2067.73
2083.75
2083.75
5456.73
5456.73
4210.57
4210.57
6041.61
6041.61
48.87
48.87
329.26
329.26
3481.67
3481.67
4838.43
4838.43
3840.70
3840.70
3717.32
3717.32
5430.97
5430.97
5430.97
5430.97
5430.97
5430.97
6175.96
6175.96
4559.15
4559.15
4559.15
4559.15
2014.74
2014.74
5153.69
5153.69
3869.21
3869.21
3869.21
3869.21
339.51
339.51
861.23
861.23
10.00
10.00
3458.25
3458.25
2826.86
2826.86
3928.24
3928.24
4689.13
4689.13
2726.94
2726.94
5223.85
5223.85
2001.18
2001.18
28.38
28.38
217.74
217.74
119.37
119.37
880.90
880.90
38.59
38.59
11.03
11.03
56.30
56.30
533.53
533.53
10.00
10.00
12.37
12.37
15.23
15.23
1701.11
1701.11
2312.20
2312.20
2312.20
2312.20
4123.83
4123.83
750.82
750.82
1919.80
1919.80
1919.80
1919.80
4702.53
4702.53
4425.83
4425.83
1603.05
1603.05
4015.74
4015.74
798.36
798.36
485.00
485.00
1955.20
1955.20
3287.32
3287.32
3938.35
3938.35
19.55
19.55
14.13
14.13
664.30
664.30
4294.27
4294.27
1296.68
1296.68
1296.68
128.57
182.19
182.19
28.33
28.33
1543.76
1543.76
1152.76
1152.76
5156.59
5156.59
153.21
153.21
27.55
27.55
12.59
12.59
2400.80
2400.80
146.37
146.37
27.53
27.53
2973.67
2973.67
1044.87
1044.87
801.39
801.39
114.47
114.47
116.60
116.60
21.57
21.57
201.41
201.41
838.70
838.70
231.48
231.48
2594.87
2594.87
324.86
324.86
399.38
399.38
19.41
19.41
953.56
953.56
1963.60
1963.60
2740.57
2740.57
483.91
483.91
111.63
111.63
187.82
187.82
30.24
30.24
63.38
63.38
16.90
16.90
3309.94
3309.94
2116.57
2116.57
18.92
18.92
501.26
501.26
12.76
12.76
11.75
11.75
344.70
344.70
93.41
93.41
108.46
108.46
10.00
10.00
2988.51
2988.51
2370.28
2370.28
3554.93
3554.93
10.00
10.00
825.61
825.61
1233.91
1233.91
1934.79
1934.79
2195.32
2195.32
5050.51
5050.51
2792.43
2792.43
73.37
73.37
1998.98
1998.98
1499.46
1499.46
5303.31
5303.31
24.18
24.18
5627.77
5627.77
3752.06
3752.06
548.31
548.31
1589.10
1589.10
133.18
133.18
5317.61
5317.61
4695.94
4695.94
3297.27
3297.27
3297.27
3297.27
5749.49
5749.49
2893.58
2893.58
5210.34
5210.34
5837.68
5837.68
3129.27
3129.27
2473.78
2473.78
763.74
763.74
5635.74
5635.74
5383.74
5383.74
2251.78
2251.78
5654.59
5654.59
829.90
829.90
36.22
36.22
1838.22
1838.22
5802.82
5802.82
4301.58
4301.58
2181.09
2181.09
2181.09
2181.09
5144.43
5144.43
5144.43
5144.43
5144.43
5144.43
14.75
14.75
4562.35
4562.35
4562.35
4562.35
5442.99
5442.99
5442.99
5442.99
5442.99
5442.99
5442.99
5442.99
5442.99
5508.45
5508.45
3654.98
3654.98
6738.84
6738.84
5870.76
5870.76
5870.76
5870.76
19.61
19.61
1786.16
1786.16
3855.62
3855.62
3855.62
3855.62
3855.62
3855.62
3855.62
3855.62
3282.82
3282.82
2993.46
2993.46
3792.38
3792.38
1136.55
1136.55
5141.15
5141.15
12.62
12.62
97.36
97.36
135.46
135.46
1047.25
1047.25
59.15
4050.67
4050.67
4050.67
2266.21
2266.21
1568.57
1568.57
759.46
782.03
782.03
782.03
44.33
44.33
27.04
27.04
1781.56
1781.56
4884.63
4884.63
3350.46
3350.46
879.04
879.04
179.60
894.56
894.56
894.56
382.69
382.69
73.15
73.15
10.78
10.78
213.66
213.66
73.64
73.64
116.63
116.63
654.99
654.99
357.94
357.94
374.28
374.28
898.16
898.16
31.27
31.27
4727.88
4727.88
96.61
96.61
30.01
30.01
333.29
333.29
129.17
129.17
23.19
23.19
114.24
114.24
10.00
10.00
51.67
51.67
2148.31
2148.31
12.10
12.10
2131.86
2131.86
1238.91
1238.91
467.95
467.95
30.42
30.42
439.38
439.38
43.78
43.78
2911.63
2911.63
3665.65
3665.65
2718.93
2718.93
2432.09
2432.09
3022.00
3022.00
3358.39
3358.39
3808.63
3808.63
25.32
25.32
109.52
109.52
146.77
146.77
40.13
40.13
212.02
212.02
32.37
32.37
908.48
908.48
25.14
25.14
465.51
465.51
58.81
58.81
843.36
843.36
34.63
34.63
1358.49
1358.49
14.12
14.12
5407.80
5407.80
27.96
27.96
1738.56
1738.56
864.42
864.42
831.29
831.29
18.85
18.85
249.46
249.46
55.33
55.33
39.26
39.26
241.62
13.03
13.03
13.03
4418.56
4418.56
353.85
353.85
261.52
261.52
205.24
205.24
861.10
861.10
76.00
76.00
21.98
21.98
315.37
315.37
4486.68
4486.68
2622.76
2622.76
2119.23
2119.23
1041.31
1041.31
3663.25
3663.25
1264.68
1264.68
50.34
50.34
103.53
103.53
206.36
206.36
2443.23
2443.23
410.48
410.48
2879.97
2879.97
5949.85
5949.85
3799.66
3799.66
402.19
402.19
2246.12
2246.12
6280.18
6280.18
3100.82
3100.82
331.65
331.65
1890.17
1890.17
4331.52
4331.52
4942.79
4942.79
4652.71
4652.71
4852.07
4852.07
3871.59
3871.59
2486.02
2486.02
2486.02
2486.02
2486.02
2486.02
5202.04
5202.04
4334.24
4334.24
3242.43
3242.43
251.04
251.04
3477.23
3477.23
1882.76
1882.76
566.16
566.16
1288.78
1288.78
2386.90
2386.90
2828.66
2828.66
1136.40
1136.40
464.39
464.39
2982.15
2982.15
3023.43
3023.43
2488.28
2488.28
839.86
839.86
2039.78
2039.78
2097.45
2097.45
2097.45
2097.45
3161.72
3161.72
4632.12
4632.12
4632.12
4632.12
4632.12
4632.12
13.91
13.91
34.86
34.86
4056.08
4056.08
18.85
18.85
3121.72
3121.72
2873.94
2873.94
2873.94
2873.94
826.00
826.00
966.39
966.39
4131.87
4131.87
28.36
28.36
94.88
94.88
2169.53
2169.53
4308.90
4308.90
4902.34
4902.34
4330.74
4330.74
3165.15
3165.15
751.70
751.70
4833.28
4833.28
4833.28
4833.28
4833.28
4833.28
4833.28
4833.28
3582.01
3582.01
4941.64
4941.64
4941.64
4941.64
823.12
823.12
34.62
34.62
3810.83
3810.83
3409.32
3409.32
3409.32
3409.32
3409.32
3409.32
1330.36
1330.36
1330.36
1330.36
3135.64
3135.64
72.26
72.26
71.35
71.35
27.19
27.19
2080.09
2080.09
1015.29
1015.29
211.68
211.68
13.35
13.35
92.95
92.95
903.24
903.24
843.91
843.91
974.84
974.84
244.71
244.71
115.81
115.81
216.10
216.10
18.09
18.09
309.14
309.14
10.81
10.81
643.54
643.54
42.55
42.55
3116.35
3116.35
460.61
460.61
1637.09
1637.09
2081.20
2081.20
4337.43
4337.43
19.61
19.61
1776.20
1776.20
358.46
358.46
1331.38
1331.38
219.14
219.14
127.35
127.35
1121.83
1121.83
56.83
56.83
324.20
324.20
78.28
78.28
181.81
181.81
368.20
368.20
78.05
78.05
971.65
971.65
28.35
28.35
1958.57
1958.57
1665.47
1665.47
1466.66
1466.66
1539.15
1539.15
4040.78
4040.78
330.30
330.30
851.27
851.27
947.67
947.67
181.06
181.06
221.93
221.93
1017.24
1017.24
108.48
108.48
430.25
430.25
20.78
20.78
220.67
220.67
195.45
195.45
1891.28
1891.28
38.99
38.99
510.09
510.09
2910.72
2910.72
3101.49
3101.49
867.32
867.32
740.11
740.11
625.01
625.01
212.09
212.09
950.28
950.28
801.80
801.80
121.64
121.64
1058.72
1058.72
4541.58
4541.58
933.80
933.80
2184.91
2184.91
15.08
15.08
14.39
14.39
14.39
26.91
26.91
26.91
26.91
93.29
93.29
704.83
83.36
528.26
637.13
637.13
4150.59
4150.59
2978.89
2978.89
828.93
828.93
120.42
120.42
4182.79
4182.79
1874.27
1874.27
10.00
10.00
24.92
24.92
47.64
47.64
4635.20
4635.20
15.07
15.07
5019.56
5019.56
37.28
37.28
179.20
179.20
837.34
837.34
1188.10
1188.10
21.33
21.33
4086.11
4086.11
167.33
167.33
123.44
123.44
4772.28
4772.28
13.14
13.14
94.65
94.65
37.01
37.01
178.53
178.53
21.94
21.94
698.19
698.19
207.98
207.98
208.04
208.04
836.87
836.87
84.74
84.74
1712.82
1712.82
747.79
747.79
1296.57
1296.57
2158.05
2158.05
2908.75
2908.75
3001.98
3001.98
3372.37
3372.37
770.67
770.67
334.51
334.51
450.54
450.54
526.01
526.01
12.94
12.94
62.86
62.86
838.97
838.97
1528.54
1528.54
114.42
114.42
337.85
337.85
94.56
94.56
128.60
128.60
137.14
137.14
1476.48
1476.48
14.98
14.98
2529.58
2529.58
284.46
284.46
874.02
874.02
699.38
699.38
760.97
760.97
2684.45
2684.45
2091.73
2091.73
2673.95
2673.95
72.97
72.97
72.72
72.72
2079.28
2079.28
1722.91
1722.91
1678.93
1678.93
76.29
76.29
76.29
76.29
76.29
10.00
10.00
75.14
75.14
72.02
213.38
324.00
44.57
44.57
572.71
572.71
50.62
50.62
865.42
865.42
1809.19
1809.19
889.02
889.02
4247.07
4247.07
983.73
983.73
42.16
42.16
3812.93
3812.93
20.37
20.37
276.24
276.24
71.04
71.04
1218.09
1218.09
54.39
54.39
3775.03
3775.03
1203.42
1203.42
1942.51
1942.51
91.24
91.24
851.81
851.81
589.47
589.47
101.40
101.40
26.79
26.79
476.74
476.74
13.38
13.38
94.59
94.59
132.48
132.48
10.00
10.00
524.75
524.75
1114.66
1114.66
1907.92
1907.92
4808.38
4808.38
865.93
865.93
735.90
735.90
61.82
61.82
1166.61
1166.61
94.24
94.24
1063.45
1063.45
57.27
57.27
1481.48
1481.48
5890.73
5890.73
529.87
529.87
91.82
91.82
394.94
394.94
135.89
135.89
1277.27
1277.27
546.99
546.99
75.04
75.04
850.54
850.54
140.39
140.39
613.37
613.37
6588.41
6588.41
110.02
110.02
243.61
243.61
75.27
75.27
890.88
890.88
92.88
92.88
1916.88
1916.88
370.15
370.15
94.20
94.20
621.34
621.34
374.19
374.19
167.57
167.57
93.68
93.68
630.10
630.10
6651.93
6651.93
5583.60
5583.60
6998.08
6998.08
7033.49
7033.49
5884.11
5884.11
7227.09
7227.09
7372.70
7372.70
6588.23
6588.23
6588.23
6588.23
7403.27
7403.27
10.00
10.00
4099.66
4099.66
19.32
19.32
1829.27
1829.27
6558.01
6558.01
6558.01
6558.01
7263.95
7263.95
7802.68
7802.68
7802.68
7802.68
6922.88
6922.88
236.74
236.74
737.35
737.35
7043.78
7043.78
7558.26
7558.26
19.80
19.80
1420.34
1420.34
938.82
938.82
488.21
488.21
1996.42
1996.42
6626.63
6626.63
1755.63
1755.63
2051.57
2051.57
940.77
940.77
2312.46
2312.46
6375.55
6375.55
6375.55
6375.55
738.88
738.88
37.50
37.50
327.80
327.80
5055.05
5055.05
5055.05
5055.05
5055.05
5055.05
6372.01
6372.01
6233.41
6233.41
169.53
169.53
823.97
823.97
56.66
56.66
6953.50
6953.50
7964.85
7964.85
7488.23
7488.23
1426.53
1426.53
6259.93
6259.93
1896.47
1896.47
95.59
95.59
51.29
51.29
3374.95
3374.95
3870.77
3870.77
3897.82
3897.82
31.52
31.52
6586.85
6586.85
258.24
258.24
1435.05
1435.05
2464.85
2464.85
3356.87
3356.87
2264.51
2264.51
155.85
155.85
2659.65
2659.65
3799.12
3799.12
3799.12
3799.12
805.92
805.92
121.38
121.38
15.17
15.17
1082.06
1082.06
41.53
41.53
19.46
19.46
62.60
62.60
1150.52
1150.52
861.75
861.75
4395.89
4395.89
21.02
21.02
870.93
870.93
838.86
838.86
2498.16
2498.16
342.70
342.70
3524.96
3524.96
455.91
455.91
64.76
64.76
1770.82
1770.82
1387.83
1387.83
997.99
997.99
994.28
994.28
207.97
207.97
207.97
100.31
233.65
233.65
233.65
21.41
21.41
4698.12
4698.12
159.81
159.81
174.69
10.00
10.00
10.00
263.83
263.83
66.17
10.00
10.00
10.00
147.59
147.59
175.30
175.30
86.41
86.41
19.75
19.75
28.56
28.56
318.57
318.57
866.45
866.45
1341.42
1341.42
3679.80
3679.80
89.00
89.00
3007.62
3007.62
252.22
252.22
5025.34
5025.34
4867.05
4867.05
2786.69
2786.69
900.38
900.38
4771.81
4771.81
72.92
72.92
6785.04
6785.04
149.37
149.37
98.84
98.84
10.00
10.00
440.39
440.39
148.15
148.15
2808.31
2808.31
1471.75
1471.75
5094.66
5094.66
917.50
917.50
4295.97
4295.97
2723.00
2723.00
1599.94
1599.94
2076.90
2076.90
6630.50
6630.50
29.61
29.61
793.43
793.43
3368.43
3368.43
228.51
228.51
36.80
36.80
316.58
316.58
943.47
943.47
72.36
72.36
35.10
35.10
5261.07
5261.07
4711.09
4711.09
5630.90
5630.90
48.32
48.32
896.58
896.58
3614.86
3614.86
4756.39
4756.39
14.74
14.74
29.64
29.64
75.14
75.14
28.21
28.21
276.06
276.06
39.64
39.64
1118.12
1118.12
4789.59
4789.59
42.58
42.58
6112.18
6112.18
5927.75
5927.75
2280.18
2280.18
19.58
19.58
1929.73
1929.73
3399.68
3399.68
1629.72
1629.72
28.16
28.16
28.33
28.33
195.14
195.14
537.74
537.74
10.00
10.00
18.73
18.73
753.61
753.61
73.81
73.81
14.68
14.68
1106.75
1106.75
858.09
858.09
845.25
845.25
39.31
39.31
7284.83
7284.83
5355.92
5355.92
25.93
25.93
10.00
10.00
27.34
27.34
1027.24
1027.24
167.61
167.61
466.83
466.83
197.24
197.24
3102.49
3102.49
218.20
218.20
4370.25
4370.25
4418.23
4418.23
6386.90
6386.90
388.84
388.84
4781.62
4781.62
4657.05
4657.05
2095.45
2095.45
4628.12
4628.12
548.92
548.92
6149.71
6149.71
6088.11
6088.11
1114.79
1114.79
4460.52
4460.52
2350.68
2350.68
21.54
21.54
3762.07
3762.07
5017.63
5017.63
4889.38
4889.38
43.19
43.19
4876.29
4876.29
75.16
75.16
706.60
706.60
976.61
976.61
118.44
118.44
56.15
56.15
119.39
119.39
2678.42
2678.42
11.03
11.03
2663.99
2663.99
1631.76
1631.76
3075.90
3075.90
197.14
197.14
3398.95
3398.95
3398.95
10.00
187.13
187.13
108.20
108.20
3924.52
3924.52
2908.27
2908.27
1842.48
1842.48
235.50
235.50
1433.22
1433.22
29.59
29.59
928.61
928.61
73.58
73.58
2030.31
2030.31
1952.70
1952.70
855.21
855.21
3729.44
3729.44
3603.32
3603.32
38.64
38.64
3916.29
3916.29
618.99
618.99
723.69
723.69
733.34
733.34
1280.02
1280.02
157.59
157.59
58.19
58.19
12.21
12.21
11.53
11.53
12.05
12.05
839.93
839.93
2077.80
2077.80
2854.17
2854.17
28.63
28.63
2235.38
2235.38
2235.38
2235.38
2719.89
2719.89
2719.89
2719.89
5858.83
5858.83
3023.24
3023.24
4632.08
4632.08
955.43
955.43
5785.81
5785.81
5785.81
5785.81
5498.10
5498.10
580.79
580.79
2876.72
2876.72
2876.72
2876.72
6592.81
6592.81
3187.66
3187.66
3259.90
3259.90
2126.47
2126.47
2126.47
2126.47
2701.60
2701.60
4091.01
4091.01
6567.15
6567.15
6567.15
6567.15
359.21
359.21
593.85
593.85
6492.21
6492.21
6492.21
6492.21
6492.21
6492.21
6492.21
6492.21
6492.21
6492.21
6492.21
6492.21
6355.04
6355.04
1555.03
1555.03
5424.99
5424.99
924.54
924.54
2631.94
2631.94
2631.94
2631.94
2631.94
2631.94
2631.94
2631.94
6052.46
6052.46
6510.31
6510.31
6342.05
6342.05
5614.79
5614.79
6552.45
6552.45
2902.58
2902.58
5370.57
5370.57
6061.68
6061.68
3120.29
3120.29
6689.45
6689.45
979.05
979.05
22.38
22.38
2252.31
2252.31
6594.38
6594.38
2347.41
2347.41
3910.89
3910.89
505.41
505.41
1933.14
1933.14
5396.94
5396.94
5214.24
5214.24
5214.24
5214.24
12.32
12.32
2200.05
2200.05
2238.31
2238.31
21.66
21.66
2510.28
2510.28
3292.70
3292.70
3292.70
3292.70
2451.39
2451.39
2985.53
2985.53
3445.72
3445.72
3501.46
3501.46
768.40
768.40
3093.04
3093.04
2222.91
2222.91
77.32
77.32
788.67
788.67
164.49
164.49
3952.02
3952.02
3616.25
3616.25
3025.61
3025.61
4662.48
4662.48
1534.54
1534.54
79.18
79.18
85.42
85.42
233.05
233.05
30.48
30.48
25.30
25.30
23.29
23.29
95.83
95.83
266.68
266.68
152.78
152.78
299.81
299.81
299.81
10.00
10.00
449.76
409.98
409.98
42.44
42.44
3327.35
3327.35
2856.69
2856.69
103.23
103.23
876.45
876.45
163.72
163.72
1338.96
1338.96
5436.37
5436.37
2651.32
2651.32
16.78
16.78
181.22
181.22
397.74
397.74
4885.26
4885.26
3291.50
3291.50
310.43
310.43
1145.15
1145.15
10.00
10.00
29.64
29.64
57.30
57.30
1037.78
1037.78
536.67
536.67
4832.89
4832.89
1732.80
1732.80
65.39
65.39
19.20
19.20
23.47
23.47
7671.50
7671.50
869.66
869.66
903.29
903.29
36.11
36.11
217.06
217.06
35.62
35.62
10.00
10.00
859.60
859.60
695.00
695.00
568.79
568.79
2931.04
2931.04
203.93
203.93
403.81
403.81
14.69
14.69
3150.57
3150.57
416.70
416.70
3058.36
3058.36
903.77
903.77
5168.14
5168.14
1687.07
1687.07
5128.48
5128.48
2404.45
2404.45
1471.29
1471.29
182.21
182.21
21.97
21.97
42.53
42.53
68.01
68.01
244.27
244.27
151.61
151.61
3856.60
3856.60
1481.32
1481.32
4459.21
4459.21
1558.89
1558.89
179.96
179.96
19.43
19.43
280.97
280.97
909.89
909.89
3847.18
3847.18
480.47
480.47
3369.08
3369.08
184.75
184.75
1273.27
1273.27
4910.35
4910.35
943.57
943.57
3327.21
3327.21
6122.53
6122.53
1465.54
1465.54
64.00
64.00
838.85
838.85
42.83
42.83
2328.30
2328.30
1061.26
1061.26
3875.75
3875.75
3341.78
3341.78
96.20
96.20
887.84
887.84
44.48
44.48
25.75
25.75
2806.99
2806.99
5672.80
5672.80
6265.72
6265.72
595.43
595.43
642.69
642.69
55.29
55.29
1689.20
1689.20
15.29
15.29
26.99
26.99
789.46
789.46
163.96
163.96
1283.57
1283.57
38.33
38.33
39.02
39.02
1156.17
1156.17
20.72
20.72
20.77
20.77
6208.38
6208.38
5101.56
5101.56
1018.48
1018.48
1125.95
1125.95
897.46
897.46
5889.06
5889.06
296.57
296.57
96.31
96.31
44.45
44.45
707.61
707.61
204.69
204.69
872.80
872.80
109.45
109.45
34.79
34.79
7343.44
7343.44
3392.40
3392.40
726.45
726.45
1174.35
1174.35
96.38
96.38
178.12
178.12
601.94
601.94
3474.32
3474.32
86.95
86.95
4365.66
4365.66
5900.69
5900.69
6275.82
6275.82
13.39
13.39
4319.14
4319.14
1742.96
1742.96
191.92
191.92
4307.46
4307.46
10.00
10.00
5300.21
5300.21
39.80
39.80
320.90
320.90
28.96
28.96
41.50
41.50
33.09
33.09
65.71
65.71
65.05
65.05
720.93
720.93
402.95
402.95
2573.26
2573.26
224.00
224.00
1054.79
1054.79
906.57
906.57
1892.19
1892.19
42.46
42.46
40.73
40.73
916.08
916.08
186.86
186.86
138.25
138.25
900.63
900.63
1215.68
1215.68
236.65
236.65
307.45
307.45
321.81
321.81
19.72
19.72
269.35
269.35
819.21
819.21
6255.50
6255.50
79.36
79.36
645.05
645.05
37.43
37.43
29.37
29.37
299.63
299.63
550.04
550.04
26.67
26.67
1732.61
1732.61
1165.90
1165.90
80.24
80.24
80.24
134.09
134.09
134.09
10.00
116.53
1770.02
1770.02
1462.72
1462.72
6051.71
6051.71
1011.19
1011.19
829.43
829.43
1930.29
1930.29
5698.81
5698.81
6620.94
6620.94
353.01
353.01
5095.76
5095.76
341.31
341.31
566.40
566.40
427.00
427.00
676.64
676.64
13.11
13.11
520.67
520.67
157.10
157.10
6131.52
6131.52
6131.52
6131.52
2478.36
2478.36
7872.93
7872.93
3227.08
3227.08
7689.44
7689.44
2067.77
2067.77
1225.23
1225.23
80.50
80.50
3721.60
3721.60
3973.76
3973.76
7003.27
7003.27
6037.86
6037.86
445.19
445.19
953.82
953.82
5383.42
5383.42
5383.42
5383.42
5383.42
5383.42
7401.60
7401.60
93.27
93.27
607.44
607.44
1519.94
1519.94
2559.94
2559.94
3591.01
3591.01
2335.89
2335.89
1236.72
1236.72
1405.05
1405.05
2571.01
2571.01
3424.48
3424.48
92.89
92.89
1095.80
1095.80
1649.01
1649.01
8367.45
8367.45
5437.38
5437.38
269.70
269.70
465.71
465.71
6717.64
6717.64
7688.65
7688.65
884.98
884.98
138.24
138.24
896.04
896.04
3457.59
3457.59
454.36
454.36
473.86
473.86
4449.31
4449.31
15.08
15.08
4773.31
4773.31
8073.11
8073.11
8073.11
8073.11
5515.88
5515.88
5515.88
5515.88
3620.26
3620.26
3620.26
7651.84
7651.84
3082.67
3082.67
1933.74
1933.74
1933.74
1933.74
2964.76
2964.76
4764.87
4764.87
323.44
911.73
911.73
911.73
135.20
135.20
2310.92
2310.92
19.86
19.86
56.32
56.32
848.50
848.50
83.38
83.38
13.19
13.19
3819.07
3819.07
28.77
28.77
3528.75
3528.75
948.71
948.71
38.65
38.65
1478.45
1478.45
3765.85
3765.85
278.17
278.17
796.63
796.63
12.90
12.90
2768.38
2768.38
1570.28
1570.28
33.20
33.20
10.00
10.00
855.67
855.67
207.26
873.60
873.60
873.60
164.99
164.99
2103.39
2103.39
128.37
128.37
3290.69
3290.69
25.64
25.64
425.69
425.69
530.80
530.80
288.50
288.50
23.43
23.43
26.54
26.54
36.97
921.53
921.53
921.53
250.80
250.80
167.99
167.99
57.88
57.88
323.26
323.26
2549.54
2549.54
787.35
787.35
974.02
974.02
479.24
479.24
60.45
60.45
171.17
171.17
982.25
982.25
804.73
804.73
69.78
69.78
69.78
69.78
11.27
155.03
570.05
570.05
1089.39
1089.39
1536.73
1536.73
2541.12
2541.12
1560.73
1560.73
789.11
789.11
42.32
42.32
96.65
96.65
704.29
704.29
3626.57
3626.57
23.51
23.51
789.57
789.57
1268.05
1268.05
1354.56
1354.56
1522.90
1522.90
3165.99
3165.99
21.89
21.89
3805.23
3805.23
3175.93
3175.93
2936.83
2936.83
771.32
771.32
4621.51
4621.51
1042.52
1042.52
3744.89
3744.89
223.62
223.62
25.76
25.76
3586.67
3586.67
4745.73
4745.73
6110.94
6110.94
1302.16
1302.16
2608.40
2608.40
38.60
38.60
826.40
826.40
5507.94
5507.94
120.23
120.23
282.34
282.34
924.74
924.74
41.18
41.18
168.05
168.05
261.56
261.56
202.67
202.67
191.34
191.34
21.18
21.18
2982.83
2982.83
1858.12
1858.12
4074.15
4074.15
4074.42
4074.42
4038.18
4038.18
1505.09
1505.09
357.46
357.46
2318.25
2318.25
3585.50
3585.50
2222.81
2222.81
1398.29
1398.29
843.62
843.62
513.37
513.37
2281.66
2281.66
3044.06
3044.06
5204.29
5204.29
753.77
753.77
606.66
606.66
777.32
777.32
3780.62
3780.62
239.10
239.10
3488.32
3488.32
4365.83
4365.83
10.00
10.00
4289.16
4289.16
767.70
767.70
2914.13
2914.13
1200.95
1200.95
117.86
117.86
23.14
23.14
58.49
58.49
36.12
36.12
441.36
441.36
19.94
19.94
897.84
897.84
871.32
871.32
10.00
10.00
42.42
42.42
132.85
132.85
686.53
686.53
134.83
134.83
71.04
71.04
2517.45
2517.45
688.24
688.24
890.01
890.01
4853.24
4853.24
2895.07
2895.07
643.75
643.75
6008.82
6008.82
6530.22
6530.22
1258.85
1258.85
5614.37
5614.37
211.16
211.16
2262.58
2262.58
2262.58
2262.58
181.02
181.02
218.10
218.10
993.69
993.69
1642.40
1642.40
1982.86
1982.86
59.04
59.04
2062.38
2062.38
2802.96
2802.96
3237.98
3237.98
3507.01
3507.01
3679.12
3679.12
23.82
23.82
5232.18
5232.18
5235.70
5235.70
1216.64
1216.64
5565.30
5565.30
844.45
844.45
3451.19
3451.19
4106.82
4106.82
5391.97
5391.97
2627.96
2627.96
2627.96
2627.96
2627.96
2627.96
5144.80
5144.80
5144.80
5144.80
5144.80
5144.80
10.42
10.42
4727.94
4727.94
4871.64
4871.64
4179.62
4179.62
4978.18
4978.18
3547.45
3547.45
2411.52
2411.52
5615.55
5615.55
5365.72
5365.72
5365.72
5365.72
5365.72
5365.72
27.73
27.73
6059.66
6059.66
6059.66
6059.66
2637.80
2637.80
2693.59
2693.59
5318.09
5318.09
5017.18
5017.18
3985.58
3985.58
6199.92
6199.92
4458.96
4458.96
2662.33
2662.33
7548.57
7548.57
7548.57
7548.57
7548.57
7548.57
7548.57
7548.57
7548.57
7548.57
7485.10
7485.10
7485.10
7485.10
1164.62
1164.62
1164.62
1164.62
3568.75
3568.75
3568.75
3568.75
2490.33
2490.33
4246.52
4246.52
1297.64
1297.64
2501.38
2501.38
2501.38
2501.38
2501.38
2501.38
2501.38
2501.38
4696.68
4696.68
4696.68
4696.68
5800.97
5800.97
5800.97
5800.97
5173.70
5173.70
5526.34
5526.34
3406.59
3406.59
5458.64
5458.64
4017.09
4017.09
5620.82
5620.82
6288.99
6288.99
4306.31
4306.31
4306.31
4306.31
4306.31
4306.31
3554.91
3554.91
19.69
19.69
3412.66
3412.66
307.09
307.09
26.00
26.00
857.67
857.67
2785.76
2785.76
717.81
717.81
19.77
19.77
281.02
281.02
906.40
906.40
70.70
70.70
638.16
638.16
793.36
793.36
166.89
166.89
269.58
269.58
37.59
37.59
2690.77
2690.77
2690.77
2690.77
6363.42
6363.42
6363.42
6363.42
36.97
36.97
4166.22
4166.22
4166.22
4166.22
3789.28
3789.28
3789.28
3789.28
3415.55
3415.55
3415.55
3415.55
3415.55
3415.55
3415.55
3415.55
3415.55
3415.55
3415.55
3415.55
3201.68
3201.68
1725.60
1725.60
2541.85
2541.85
627.94
627.94
1056.20
1056.20
1056.20
1056.20
4150.88
4150.88
4150.88
4150.88
4322.12
4322.12
4652.08
4652.08
4067.96
4067.96
20.62
20.62
1386.75
1386.75
13.38
13.38
1492.54
1492.54
1492.54
1492.54
10.87
10.87
33.16
33.16
2736.28
2736.28
899.47
899.47
5243.08
5243.08
1399.39
1399.39
2121.48
2121.48
5481.07
5481.07
311.08
311.08
2095.09
2095.09
5131.21
5131.21
1256.14
1256.14
35.13
35.13
4714.17
4714.17
5016.30
5016.30
39.42
39.42
1552.30
1552.30
14.22
14.22
4667.55
4667.55
1375.10
1375.10
671.85
671.85
4099.89
4099.89
1175.30
1175.30
962.52
962.52
15.46
15.46
3006.10
3006.10
37.55
37.55
4353.12
4353.12
3666.11
3666.11
5237.01
5237.01
578.69
578.69
5101.85
5101.85
3280.80
3280.80
4374.59
4374.59
10.00
10.00
2914.09
2914.09
3675.09
3675.09
65.76
65.76
133.31
133.31
900.17
900.17
7007.52
7007.52
5907.45
5907.45
576.78
576.78
4340.22
4340.22
2938.46
2938.46
175.51
175.51
1278.14
1278.14
6718.56
6718.56
6718.56
6718.56
6718.56
6718.56
6718.56
6718.56
3476.42
3476.42
6807.75
6807.75
6424.82
6424.82
1841.10
1841.10
5000.18
5000.18
5987.72
5987.72
5987.72
5987.72
5987.72
5987.72
2491.91
2491.91
67.94
67.94
186.91
186.91
7505.69
7505.69
6433.12
6433.12
6433.12
2023.91
5203.48
5203.48
5203.48
5203.48
5203.48
5203.48
5203.48
5203.48
5203.48
5203.48
5203.48
5203.48
5203.48
5203.48
5203.48
5203.48
5203.48
5203.48
5203.48
5203.48
5203.48
5203.48
5203.48
5203.48
5203.48
5203.48
5203.48
5203.48
5203.48
5203.48
5203.48
7952.43
7952.43
7949.13
7949.13
5156.11
5156.11
3696.08
3696.08
5701.85
5701.85
4328.38
4328.38
3893.13
3893.13
13.62
13.62
2026.29
2026.29
905.20
905.20
5651.91
5651.91
4894.57
4894.57
3029.82
3029.82
1545.93
1545.93
494.85
494.85
1553.02
1553.02
834.64
834.64
1302.10
1302.10
1684.53
1684.53
4201.99
4201.99
2774.84
2774.84
1472.93
1472.93
10.00
10.00
40.98
40.98
2559.90
2559.90
536.73
536.73
3012.37
3012.37
3897.04
3897.04
4521.93
4521.93
798.44
798.44
3166.53
3166.53
11.44
11.44
1926.62
1926.62
1642.23
1642.23
2759.03
2759.03
1988.69
1988.69
4107.42
4107.42
1118.40
1118.40
3383.77
3383.77
4693.00
4693.00
4319.87
4319.87
49.07
49.07
5932.63
5932.63
874.52
874.52
5741.52
5741.52
5834.18
5834.18
6347.97
6347.97
6347.97
6347.97
5574.41
5574.41
5175.65
5175.65
3600.14
3600.14
28.11
28.11
6344.59
6344.59
6616.09
6616.09
7768.35
7768.35
594.79
594.79
8119.05
8119.05
5103.31
5103.31
5026.90
5026.90
2781.69
2781.69
19.72
19.72
3550.00
3550.00
1972.25
1972.25
5966.85
5966.85
6605.85
6605.85
1268.90
1268.90
356.54
356.54
4449.51
4449.51
3018.92
3018.92
41.54
41.54
34.49
34.49
2543.86
2543.86
2543.86
2543.86
4766.39
4766.39
5408.38
5408.38
736.76
736.76
761.15
761.15
3620.02
3620.02
1701.00
1701.00
2562.76
2562.76
5364.35
5364.35
4838.20
4838.20
4838.20
4838.20
6073.98
6073.98
5607.49
5607.49
6549.59
6549.59
892.34
892.34
3342.50
3342.50
6536.86
6536.86
6536.86
6536.86
6536.86
6536.86
6603.70
6603.70
7126.87
7126.87
6343.30
6343.30
6399.38
6399.38
1440.09
1440.09
3125.83
3125.83
7314.91
7314.91
3401.28
3401.28
3401.28
3401.28
3401.28
3401.28
3401.28
3401.28
3401.28
3401.28
3401.28
3401.28
5314.03
5314.03
5175.58
5175.58
5175.58
5175.58
5175.58
5175.58
5175.58
5175.58
6312.07
6312.07
4656.96
4656.96
4656.96
4656.96
4656.96
4656.96
4656.96
4656.96
4656.96
4656.96
4656.96
4656.96
4656.96
4656.96
4656.96
4656.96
4656.96
4656.96
6880.01
6880.01
16.54
16.54
6288.69
6288.69
4797.95
4797.95
6955.06
6955.06
2407.02
2407.02
6300.20
6300.20
6867.64
6867.64
6692.31
6692.31
14.91
14.91
1225.80
1225.80
1225.80
1225.80
1225.80
1225.80
1225.80
1225.80
4614.57
4614.57
4711.85
4711.85
5296.01
5296.01
2622.31
2622.31
3790.21
3790.21
48.56
48.56
3593.77
3593.77
3898.12
3898.12
3898.12
3898.12
3898.12
3898.12
3898.12
3898.12
676.29
676.29
11.64
11.64
2845.19
2845.19
4873.40
4873.40
4889.54
4889.54
4976.53
4976.53
5084.54
5084.54
2059.69
2059.69
5063.19
5063.19
5017.18
5017.18
5017.18
5017.18
4544.01
4544.01
4827.72
4827.72
5284.65
5284.65
3574.71
3574.71
5050.52
5050.52
4582.81
4582.81
5132.17
5132.17
352.09
352.09
184.33
184.33
115.29
115.29
153.66
153.66
153.66
153.66
153.66
153.66
153.66
153.66
153.66
153.66
1505.88
2422.56
2894.11
2894.11
2913.61
2913.61
1157.20
1157.20
2845.97
2845.97
2945.92
2945.92
3787.84
3787.84
3896.16
3896.16
2972.09
2972.09
1358.83
1358.83
5607.42
5607.42
6435.05
6435.05
4731.78
4731.78
3098.45
3098.45
4915.88
4915.88
3795.94
3795.94
176.46
176.46
5743.39
5743.39
111.78
111.78
7895.40
7895.40
6134.96
6134.96
5400.84
5400.84
734.15
734.15
213.85
213.85
476.56
476.56
118.63
118.63
52.43
52.43
851.95
851.95
2496.79
2496.79
15.89
15.89
7688.77
7688.77
8464.37
8464.37
6283.12
6283.12
6283.12
6283.12
5124.41
5124.41
7736.03
7736.03
2942.66
2942.66
6465.93
6465.93
8304.15
8304.15
3643.35
3643.35
167.41
167.41
1572.66
1572.66
41.61
41.61
846.75
846.75
359.61
359.61
5217.08
5217.08
8246.18
8246.18
5526.50
5526.50
25.49
25.49
53.73
53.73
912.14
912.14
2447.09
2447.09
3843.00
3843.00
10.00
10.00
19.58
19.58
93.68
93.68
964.57
964.57
153.90
153.90
91.40
91.40
6357.82
6357.82
904.34
904.34
7062.45
7062.45
5855.33
5855.33
7259.03
7259.03
1455.47
1455.47
5872.91
5872.91
1175.37
1175.37
1826.04
1826.04
7987.95
7987.95
4184.37
4184.37
572.72
572.72
497.78
497.78
893.12
893.12
2214.51
2214.51
956.14
956.14
7556.41
7556.41
7494.65
7494.65
2766.37
2766.37
73.28
73.28
7237.55
7237.55
3285.99
3285.99
8249.28
8249.28
7230.67
7230.67
5475.33
5475.33
6613.06
6613.06
5759.40
5759.40
57.88
57.88
7438.19
7438.19
1276.28
1276.28
3887.50
3887.50
2394.30
2394.30
6955.53
6955.53
5970.44
5970.44
7041.36
7041.36
879.78
879.78
4676.17
4676.17
3641.99
3641.99
7395.29
7395.29
4769.94
4769.94
3987.91
3987.91
6681.22
6681.22
1006.27
1006.27
1206.82
1206.82
872.09
872.09
1905.87
1905.87
6770.02
6770.02
6305.59
6305.59
2716.70
2716.70
904.77
904.77
6212.00
6212.00
7333.53
7333.53
7206.33
7206.33
292.02
292.02
7921.77
7921.77
7965.60
7965.60
3952.27
3952.27
7806.68
7806.68
8316.67
8316.67
79.75
79.75
42.76
42.76
5618.41
5618.41
5359.28
5359.28
7309.59
7309.59
2485.74
2485.74
16.00
16.00
376.78
376.78
643.84
643.84
7608.40
7608.40
5837.56
5837.56
6228.05
6228.05
7017.90
7017.90
332.66
332.66
8449.84
8449.84
8142.64
8142.64
3678.98
3678.98
6580.80
6580.80
7882.38
7882.38
8210.73
8210.73
6871.07
6871.07
9945.37
9945.37
2150.24
2150.24
802.00
802.00
2077.64
2077.64
45.66
45.66
5266.52
5266.52
4683.67
4683.67
5539.87
5539.87
64.68
64.68
5160.78
5160.78
190.72
190.72
344.32
344.32
171.76
171.76
148.84
148.84
912.31
912.31
4219.40
4219.40
5039.40
5039.40
5426.37
5426.37
7392.24
7392.24
6112.60
6112.60
6028.59
6028.59
5142.82
5142.82
35.26
35.26
7131.73
7131.73
53.93
53.93
1342.93
1342.93
7934.78
7934.78
14.63
14.63
66.25
66.25
1906.69
1906.69
3361.30
3361.30
8056.35
8056.35
7019.96
7019.96
486.91
486.91
7492.05
7492.05
8190.93
8190.93
8190.93
8190.93
4071.49
4071.49
8222.64
8222.64
7417.31
7417.31
8129.78
8129.78
912.30
912.30
2081.12
2081.12
2081.12
2081.12
3042.63
3042.63
6185.99
6185.99
7284.02
7284.02
7284.02
7284.02
808.90
808.90
1228.63
1228.63
2703.56
2703.56
5944.70
5944.70
5180.57
5180.57
1884.64
1884.64
2689.30
2689.30
3714.23
3714.23
34.87
34.87
5084.78
5084.78
3499.15
3499.15
5341.12
5341.12
4942.94
4942.94
4942.94
4942.94
4942.94
4942.94
4911.64
4911.64
3576.51
3576.51
3576.51
3576.51
3576.51
4350.23
4350.23
4350.23
4350.23
4350.23
5108.05
5108.05
5108.05
5167.44
5167.44
5167.44
5167.44
4943.12
4943.12
4943.12
4943.12
4943.12
4943.12
5076.85
5076.85
5384.14
5384.14
5384.14
5384.14
2806.92
2806.92
2806.92
2806.92
3324.91
3324.91
3324.91
3324.91
3324.91
3324.91
2879.10
2879.10
2879.10
2879.10
2879.10
2879.10
2879.10
2879.10
2879.10
2879.10
4971.91
4971.91
4570.87
4570.87
5168.78
5168.78
4804.73
4804.73
4804.73
4804.73
4804.73
4804.73
3937.85
3937.85
3546.47
3546.47
4345.80
4345.80
5772.46
5772.46
5772.46
5772.46
21.73
21.73
5604.46
5604.46
6591.71
6591.71
4320.41
4320.41
6672.59
6672.59
3728.05
5947.66
5947.66
5947.66
3067.61
3067.61
6880.35
6880.35
4792.45
4792.45
6000.24
6000.24
7522.36
7522.36
6256.23
6256.23
7181.89
7181.89
162.36
162.36
290.25
290.25
26.33
26.33
4037.06
4037.06
4503.78
4503.78
5806.97
5806.97
3093.50
3093.50
5531.10
5531.10
6659.71
6659.71
3057.24
3057.24
3190.24
3190.24
1108.83
1108.83
2596.95
2596.95
2458.68
2458.68
6589.27
6589.27
7757.88
7757.88
3600.72
3600.72
7502.84
7502.84
7164.11
7164.11
6517.52
6517.52
75.72
75.72
881.63
881.63
83.67
83.67
112.88
112.88
992.85
992.85
7415.25
7415.25
5019.30
5019.30
1307.96
1307.96
898.49
898.49
163.65
163.65
512.76
512.76
1026.57
1026.57
712.52
712.52
903.87
903.87
5472.08
5472.08
131.76
131.76
54.61
54.61
3838.34
3838.34
1292.76
1292.76
2211.29
2211.29
950.03
950.03
6871.58
6871.58
1932.22
1932.22
4147.00
4147.00
3167.43
3167.43
6619.65
6619.65
82.29
82.29
5901.39
5901.39
2542.92
2542.92
7115.65
7115.65
6324.20
6324.20
6450.99
6450.99
6883.92
6883.92
1561.50
1561.50
7397.73
7397.73
5524.90
5524.90
8900.18
8900.18
779.95
779.95
2651.66
2651.66
26.92
26.92
483.06
483.06
131.96
131.96
37.50
37.50
6694.88
6694.88
52.55
52.55
10.00
10.00
492.13
492.13
46.75
46.75
79.63
79.63
14.02
14.02
6495.12
6495.12
4537.14
4537.14
120.65
120.65
120.65
120.65
130.81
130.81
416.47
1016.24
15.03
15.03
115.46
115.46
7146.50
7146.50
733.02
733.02
38.04
38.04
2182.44
2182.44
4282.57
4282.57
4282.57
4282.57
198.17
198.17
4250.59
4250.59
5164.77
5164.77
5294.33
5294.33
5294.33
5294.33
5631.07
5631.07
5631.07
5631.07
5631.07
5631.07
5631.07
5631.07
489.25
489.25
2258.62
2258.62
1454.29
1454.29
18.53
18.53
3736.38
3736.38
3388.89
3388.89
6330.38
6330.38
3657.99
3657.99
3780.58
3780.58
4367.16
4367.16
584.96
584.96
7050.86
7050.86
3686.46
3686.46
5792.45
5792.45
6748.20
6748.20
2127.01
2127.01
2271.99
2271.99
2271.99
2271.99
6473.39
6473.39
896.75
896.75
4201.29
4201.29
41.65
41.65
7196.77
7196.77
5468.39
5468.39
3259.25
3259.25
3259.25
3259.25
4484.52
4484.52
19.01
19.01
12.99
12.99
1582.22
1582.22
5625.57
5625.57
1139.23
1139.23
3290.77
3290.77
5646.89
5646.89
2537.23
2537.23
4670.20
4670.20
6376.95
6376.95
3087.70
3087.70
5520.22
5520.22
5520.22
5520.22
5520.22
5520.22
6238.15
6238.15
5821.61
5821.61
5821.61
5821.61
5821.61
5821.61
771.77
771.77
560.95
560.95
3361.34
3361.34
3361.34
3361.34
3361.34
3361.34
2111.08
2111.08
4228.41
4228.41
3690.78
3690.78
1458.12
1458.12
899.87
899.87
862.28
862.28
57.63
57.63
372.46
372.46
302.60
302.60
2321.27
2321.27
38.93
38.93
1064.76
1064.76
1168.52
1168.52
65.93
65.93
16.03
16.03
2345.17
2345.17
76.11
76.11
848.34
848.34
2642.42
2642.42
653.19
653.19
163.97
163.97
915.05
915.05
2922.12
2922.12
75.20
75.20
75.20
119.31
119.31
119.31
168.84
56.59
56.59
17.84
17.84
26.53
148.12
148.12
1345.64
1345.64
1586.36
1586.36
1694.82
1694.82
1696.17
1696.17
1696.17
1696.17
2226.34
2226.34
4218.23
4218.23
2544.61
2544.61
2544.61
2544.61
2544.61
2544.61
58.06
58.06
1539.78
1539.78
1539.78
534.49
163.43
163.43
855.30
855.30
3385.17
3385.17
3890.37
3890.37
3164.52
3164.52
548.72
548.72
13.04
13.04
285.06
285.06
663.23
663.23
184.30
184.30
13.45
13.45
1572.30
1572.30
3239.38
3239.38
19.53
19.53
718.75
718.75
811.46
811.46
34.88
34.88
39.99
39.99
6385.14
6385.14
6029.47
6029.47
6325.81
6325.81
6325.81
6325.81
1592.81
1592.81
5295.84
5295.84
3426.10
3426.10
4014.22
4014.22
4261.51
4261.51
12.28
12.28
1177.20
1177.20
19.92
19.92
31.87
31.87
1989.78
1989.78
2027.50
2027.50
312.03
312.03
119.27
119.27
278.42
278.42
58.85
58.85
3607.75
3607.75
1587.34
1587.34
3699.09
3699.09
3200.23
3200.23
4702.77
4702.77
938.35
938.35
5244.21
5244.21
5817.18
5817.18
4964.36
4964.36
6017.09
6017.09
48.78
48.78
1136.35
1136.35
186.25
186.25
50.23
50.23
4667.47
4667.47
2398.66
2398.66
3278.39
3278.39
6568.82
6568.82
4651.19
4651.19
46.98
46.98
2175.45
2175.45
6070.31
6070.31
5136.16
5136.16
146.90
146.90
5803.69
5803.69
4269.22
4269.22
5747.51
5747.51
6272.81
6272.81
23.38
23.38
2049.64
2049.64
1696.74
1696.74
15.68
15.68
3220.72
3220.72
37.12
37.12
151.74
151.74
494.86
494.86
1760.79
1760.79
10.00
10.00
167.25
167.25
101.64
101.64
21.74
21.74
4226.38
4226.38
91.98
91.98
14.30
14.30
26.54
26.54
19.62
19.62
10.00
10.00
3078.60
3078.60
178.76
178.76
292.23
292.23
38.81
38.81
59.51
59.51
4935.96
4935.96
91.55
91.55
176.85
176.85
18.88
18.88
5954.93
5954.93
2610.73
2610.73
34.33
34.33
4457.13
4457.13
2319.91
2319.91
10.94
10.94
386.93
386.93
27.31
27.31
891.85
891.85
5711.26
5711.26
6444.02
6444.02
69.83
69.83
24.14
24.14
899.93
899.93
5477.44
5477.44
7713.88
7713.88
683.41
683.41
3209.72
3209.72
1748.22
1748.22
3663.11
3663.11
23.36
23.36
725.66
725.66
33.54
33.54
1045.90
1045.90
15.40
15.40
28.52
28.52
12.46
12.46
494.14
494.14
494.14
201.30
202.14
202.14
47.30
47.30
13.01
13.01
31.18
31.18
241.27
241.27
81.16
81.16
81.16
231.93
366.77
366.77
26.45
26.45
2573.76
2573.76
215.44
215.44
160.93
160.93
82.12
82.12
7389.02
7389.02
43.35
43.35
882.36
882.36
1066.24
1066.24
56.31
56.31
336.51
336.51
1716.56
1716.56
18.25
18.25
101.77
101.77
13.18
13.18
5328.30
5328.30
676.50
676.50
12.20
12.20
54.26
54.26
556.52
556.52
36.52
36.52
4185.85
4185.85
568.49
568.49
4054.30
4054.30
84.50
84.50
2959.08
2959.08
943.87
943.87
553.29
553.29
7590.01
7590.01
287.93
287.93
3072.91
3072.91
6699.02
6699.02
11.58
11.58
109.90
109.90
908.69
908.69
6945.02
6945.02
6601.76
6601.76
3105.23
3105.23
1850.29
1850.29
5908.58
5908.58
2532.96
2532.96
7230.37
7230.37
5398.09
5398.09
1862.39
1862.39
13.32
13.32
701.92
701.92
255.64
255.64
16.52
16.52
3737.05
3737.05
4128.87
4128.87
2946.98
2946.98
12.21
12.21
162.61
162.61
806.58
806.58
443.29
443.29
2928.88
2928.88
4932.53
4932.53
6634.81
6634.81
5522.51
5522.51
50.52
50.52
13.61
13.61
1668.46
1668.46
839.55
839.55
3561.14
3561.14
4567.10
4567.10
5449.83
5449.83
149.44
149.44
1971.95
1971.95
32.79
32.79
5298.47
5298.47
4372.90
4372.90
4692.76
4692.76
60.94
60.94
740.01
740.01
903.96
903.96
4426.25
4426.25
7360.16
7360.16
899.48
899.48
3460.77
3460.77
918.60
918.60
5766.69
5766.69
4117.04
4117.04
109.02
109.02
1021.65
1021.65
2573.25
2573.25
27.32
27.32
149.41
149.41
30.07
30.07
187.09
187.09
931.53
931.53
101.64
101.64
876.20
876.20
1375.49
1375.49
1022.37
1022.37
17.82
17.82
5023.58
5023.58
935.94
935.94
93.11
93.11
939.38
939.38
6087.77
6087.77
2582.54
2582.54
928.12
928.12
6418.58
6418.58
7849.86
7849.86
7849.86
7849.86
7849.86
7849.86
7111.47
7111.47
6902.33
6902.33
7848.24
7848.24
6437.13
6437.13
6559.25
6559.25
2021.99
2021.99
3279.48
3279.48
5812.44
5812.44
5853.34
5853.34
1477.76
1477.76
5776.04
5776.04
7216.07
7216.07
52.80
52.80
4937.81
4937.81
4937.81
4937.81
6833.05
6833.05
6833.05
6833.05
6833.05
6833.05
22.68
22.68
2472.70
2472.70
6420.05
6420.05
6420.05
6420.05
6420.05
6420.05
6420.05
6420.05
4140.27
4140.27
5669.35
5669.35
6339.73
6339.73
3702.72
3702.72
5809.33
5809.33
786.27
786.27
905.49
905.49
905.49
5302.21
5302.21
6416.62
6416.62
714.04
714.04
7154.11
7154.11
11.94
11.94
409.69
409.69
7435.09
7435.09
10.00
10.00
6885.21
6885.21
1216.53
1216.53
3133.07
3133.07
10.00
10.00
6128.57
6128.57
7001.40
7001.40
7001.40
7001.40
7945.86
7945.86
20.15
20.15
5897.78
5897.78
4686.87
4686.87
801.36
801.36
4902.44
4902.44
3234.92
3234.92
3240.92
3240.92
5637.14
5637.14
5320.53
5320.53
10.00
10.00
5539.64
5539.64
3845.98
3845.98
3845.98
3845.98
3845.98
3845.98
4938.65
4938.65
5154.70
5154.70
5154.70
5154.70
5154.70
5154.70
464.32
464.32
828.34
828.34
47.64
47.64
6385.74
6385.74
6385.74
6385.74
6385.74
6385.74
40.57
40.57
5703.06
5703.06
5703.06
5703.06
35.79
35.79
72.14
72.14
902.25
902.25
2866.10
2866.10
152.75
152.75
4777.33
4777.33
86.12
86.12
887.39
887.39
10.00
10.00
846.18
846.18
158.71
158.71
438.20
438.20
108.20
108.20
1170.66
1170.66
3706.80
3706.80
126.33
126.33
10.00
10.00
38.28
38.28
51.58
51.58
41.72
41.72
2843.15
2843.15
145.14
145.14
1976.75
1976.75
2580.30
2580.30
56.45
56.45
4211.63
4211.63
3580.83
3580.83
6998.22
6998.22
1258.55
1258.55
4804.55
4804.55
1088.05
1088.05
4310.31
4310.31
2374.33
2374.33
1147.95
1147.95
4308.89
4308.89
50.48
50.48
30.38
30.38
103.26
103.26
42.45
42.45
687.43
687.43
291.04
291.04
6573.90
6573.90
807.55
807.55
4266.09
4266.09
37.37
37.37
1145.45
1145.45
1742.66
1742.66
7604.82
7604.82
3116.25
3116.25
225.44
225.44
5946.27
5946.27
91.25
91.25
6229.53
6229.53
87.33
87.33
692.88
692.88
615.57
615.57
1093.68
1093.68
275.91
275.91
2708.28
2708.28
35.16
35.16
1153.43
1153.43
6501.41
6501.41
7237.79
7237.79
5113.65
5113.65
47.16
47.16
382.25
382.25
13.63
13.63
10.00
10.00
490.06
490.06
135.19
135.19
1424.80
1424.80
7126.12
7126.12
7304.87
7304.87
2104.79
2104.79
956.05
956.05
5648.39
5648.39
5760.49
5760.49
2306.64
2306.64
4987.55
4987.55
906.10
906.10
97.42
97.42
8361.40
8361.40
6330.70
6330.70
3469.51
3469.51
384.62
384.62
411.64
411.64
30.18
30.18
679.36
679.36
374.49
374.49
54.35
54.35
911.40
911.40
626.09
626.09
136.03
136.03
58.41
58.41
2623.55
2623.55
164.20
164.20
96.62
96.62
63.46
63.46
46.86
46.86
203.26
203.26
76.29
76.29
3178.00
3178.00
57.93
57.93
1191.25
1191.25
506.42
506.42
2601.97
2601.97
32.09
32.09
1334.50
1334.50
11.99
11.99
638.13
638.13
36.19
36.19
93.00
93.00
4056.67
4056.67
410.13
410.13
85.20
85.20
25.94
25.94
176.75
176.75
664.22
664.22
65.28
65.28
4891.70
4891.70
1011.43
1011.43
6456.91
6456.91
31.33
31.33
162.18
162.18
219.16
219.16
350.96
350.96
218.54
218.54
25.55
25.55
3046.05
3046.05
3046.05
3046.05
4757.93
4757.93
4449.02
4449.02
3280.43
3280.43
4816.54
4816.54
3731.46
3731.46
3616.97
3616.97
4285.93
4285.93
5426.93
5426.93
3464.30
3464.30
2184.34
2184.34
2184.34
2184.34
2701.29
2701.29
1366.09
1366.09
2265.70
2265.70
3014.34
3014.34
10.00
10.00
2835.09
2835.09
185.47
185.47
1678.25
1678.25
1085.57
1085.57
3779.46
3779.46
3779.46
3779.46
1242.94
1242.94
3765.42
3765.42
3765.42
3765.42
1365.62
1365.62
2998.47
2998.47
2998.47
2998.47
2998.47
2998.47
2131.51
2131.51
457.58
457.58
3262.92
3262.92
3628.92
3628.92
827.08
827.08
1716.28
1716.28
3347.89
3347.89
3347.89
3347.89
2797.52
2797.52
1259.79
1259.79
3127.47
3127.47
3147.44
3147.44
4252.77
4252.77
10.00
10.00
2373.41
2373.41
2254.22
2254.22
827.01
827.01
890.68
890.68
2947.28
2947.28
2947.28
2947.28
2947.28
2947.28
2947.28
2947.28
1113.34
1113.34
1596.16
1596.16
3316.57
3316.57
3402.01
3402.01
2710.52
2710.52
1336.52
1336.52
4173.44
4173.44
3982.38
3982.38
3982.38
3982.38
3982.38
3982.38
3982.38
3982.38
3257.63
3257.63
4141.48
4141.48
4317.14
4317.14
1890.01
1890.01
3171.80
3171.80
5060.60
5060.60
5403.06
5403.06
17.94
17.94
327.70
327.70
749.33
749.33
5622.65
5622.65
2050.56
2050.56
668.75
668.75
3153.80
3153.80
1619.72
1619.72
4574.97
4574.97
62.97
62.97
6081.24
6081.24
154.04
154.04
2978.92
2978.92
4633.46
4633.46
774.87
774.87
2579.96
2579.96
164.70
164.70
55.99
55.99
198.32
198.32
28.59
28.59
275.04
275.04
11.70
11.70
2091.43
2091.43
90.82
90.82
19.85
19.85
588.15
588.15
633.59
633.59
1245.65
1245.65
3394.86
3394.86
3649.39
3649.39
3793.38
3793.38
856.87
856.87
4873.87
4873.87
2134.55
2134.55
2993.32
2993.32
1627.39
1627.39
18.20
18.20
14.00
14.00
798.31
798.31
13.40
13.40
6080.07
6080.07
3591.00
3591.00
3529.79
3529.79
1833.53
1833.53
917.28
917.28
330.36
330.36
33.58
33.58
13.04
13.04
16.51
16.51
458.02
458.02
1228.10
1228.10
57.06
57.06
5658.72
5658.72
3645.84
3645.84
83.51
83.51
103.15
103.15
287.38
287.38
986.67
986.67
10.00
10.00
2054.71
2054.71
4869.62
4869.62
6226.29
6226.29
864.53
864.53
206.71
206.71
1818.28
1818.28
332.99
332.99
1851.78
1851.78
898.89
898.89
14.81
14.81
6235.16
6235.16
6235.16
6235.16
6235.16
6235.16
2458.48
2458.48
6605.92
6605.92
865.21
865.21
317.40
317.40
3955.31
3955.31
18.60
18.60
7301.80
7301.80
3638.19
3638.19
859.04
859.04
7629.43
7629.43
7648.63
7648.63
41.36
41.36
24.66
24.66
2610.58
2610.58
945.01
945.01
2451.77
2451.77
4638.83
4638.83
17.64
17.64
2342.00
2342.00
1184.95
1184.95
140.29
140.29
814.02
814.02
1950.94
1950.94
78.33
78.33
14.04
14.04
5281.20
5281.20
38.90
38.90
10.00
10.00
2522.67
2522.67
113.31
113.31
75.12
75.12
614.99
614.99
108.13
108.13
665.10
665.10
43.41
43.41
139.43
139.43
3247.86
3247.86
4052.42
4052.42
888.11
888.11
4865.93
4865.93
1773.48
1773.48
18.63
18.63
22.96
22.96
4894.57
4894.57
19.38
19.38
4452.49
4452.49
4930.42
4930.42
23.07
23.07
4900.61
4900.61
148.24
148.24
29.35
29.35
12.77
12.77
15.31
15.31
1035.96
1035.96
50.96
50.96
19.85
19.85
75.71
75.71
900.14
900.14
77.81
77.81
72.43
72.43
19.61
19.61
64.81
64.81
807.75
807.75
42.88
42.88
3841.77
3841.77
4157.00
4157.00
6636.29
6636.29
5059.12
5059.12
3138.26
3138.26
823.41
823.41
5631.69
5631.69
409.85
409.85
148.85
148.85
59.35
59.35
53.91
53.91
176.39
176.39
3267.93
3267.93
5329.95
5329.95
2034.51
2034.51
1249.88
1249.88
3042.30
3042.30
3071.96
3071.96
525.81
525.81
10.00
10.00
294.22
294.22
133.23
133.23
39.71
39.71
61.67
61.67
335.58
335.58
354.32
354.32
13.70
13.70
19.46
19.46
451.84
451.84
870.96
870.96
76.99
76.99
107.33
107.33
17.13
17.13
3499.19
3499.19
5477.44
5477.44
126.32
126.32
4674.81
4674.81
2279.41
2279.41
578.39
578.39
604.98
604.98
797.16
797.16
904.95
904.95
3013.20
3013.20
54.69
54.69
462.31
462.31
7665.60
7665.60
960.34
960.34
567.90
567.90
258.62
258.62
271.59
271.59
1817.31
1817.31
601.26
601.26
554.29
554.29
1000.21
1000.21
4717.77
4717.77
7352.08
7352.08
2793.18
2793.18
24.31
24.31
6705.51
6705.51
3657.58
3657.58
42.20
42.20
5332.84
5332.84
4418.02
4418.02
47.59
47.59
2155.83
2155.83
29.40
29.40
3734.59
3734.59
510.22
510.22
5132.61
5132.61
361.28
361.28
905.54
905.54
4131.92
4131.92
3715.84
3715.84
121.14
121.14
7696.97
7696.97
39.84
39.84
410.09
410.09
896.62
896.62
10.00
10.00
2057.47
2057.47
19.56
19.56
10.00
10.00
881.13
881.13
48.52
48.52
40.91
40.91
248.66
248.66
1955.57
1955.57
861.87
861.87
57.05
57.05
542.08
542.08
84.13
84.13
183.92
183.92
19.73
19.73
4264.41
4264.41
1457.88
1457.88
1629.10
1629.10
102.96
102.96
5231.37
5231.37
1602.73
1602.73
60.82
60.82
27.29
27.29
6208.12
6208.12
6208.12
5851.81
5851.81
174.67
174.67
1495.49
1495.49
147.77
147.77
1075.97
1075.97
108.58
108.58
619.31
619.31
55.42
55.42
7380.68
7380.68
2591.11
2591.11
6709.39
6709.39
7730.08
7730.08
7523.27
7523.27
4296.45
4296.45
2882.45
2882.45
55.50
55.50
40.53
40.53
683.09
683.09
6237.96
6237.96
6080.36
6080.36
1085.07
1085.07
1050.02
1050.02
201.69
201.69
472.03
472.03
5726.82
5726.82
1583.48
1583.48
7672.82
7672.82
3756.52
3756.52
923.30
923.30
388.31
388.31
3118.19
3118.19
4923.55
4923.55
12.59
12.59
2597.18
2597.18
4979.17
4979.17
4882.58
4882.58
4323.24
4323.24
4774.40
4774.40
1906.45
1906.45
5027.82
5027.82
797.63
797.63
363.17
2655.50
2655.50
2655.50
1798.88
1798.88
163.28
163.28
214.55
214.55
1119.19
1119.19
10.13
10.13
2891.34
2891.34
4876.33
4876.33
138.40
138.40
30.83
30.83
1040.92
1040.92
133.57
133.57
4541.62
4541.62
4146.58
4146.58
204.49
204.49
33.30
33.30
12.46
12.46
805.85
805.85
1259.72
1259.72
3871.90
3871.90
1941.41
1941.41
638.56
638.56
32.73
32.73
4352.99
4352.99
3039.60
3039.60
5047.45
5047.45
16.67
16.67
5119.41
5119.41
1236.00
1236.00
5017.39
5017.39
1164.07
1164.07
4429.22
4429.22
5970.57
5970.57
6294.73
6294.73
4605.01
4605.01
842.38
842.38
6464.57
6464.57
24.87
24.87
67.64
67.64
1225.03
1225.03
355.16
355.16
1500.86
1500.86
142.13
142.13
1788.03
1788.03
144.50
144.50
3960.22
3960.22
5660.23
5660.23
3468.18
3468.18
5660.46
5660.46
2159.41
2159.41
1300.95
1300.95
15.30
15.30
230.62
230.62
13.77
13.77
834.08
834.08
167.72
167.72
3015.72
3015.72
5288.42
5288.42
788.26
788.26
307.99
307.99
2723.40
2723.40
2632.71
2632.71
73.16
73.16
10.00
10.00
28.24
28.24
667.49
667.49
15.02
15.02
483.81
483.81
390.61
390.61
59.34
59.34
40.61
40.61
716.90
716.90
184.80
184.80
58.26
58.26
232.98
232.98
105.07
105.07
105.07
119.79
119.79
119.79
179.69
683.15
98.28
98.28
10.00
10.00
322.61
322.61
1094.87
1094.87
18.90
18.90
896.48
896.48
393.45
393.45
10.00
10.00
62.60
62.60
57.33
57.33
18.77
18.77
7109.48
7109.48
767.01
767.01
495.36
495.36
4435.41
4435.41
19.65
19.65
798.68
798.68
605.04
605.04
16.30
16.30
155.80
155.80
10.00
10.00
567.65
567.65
573.09
573.09
732.70
732.70
2740.92
2740.92
1662.95
1662.95
10.78
10.78
25.73
25.73
5559.89
5559.89
5175.81
5175.81
37.55
37.55
5590.68
5590.68
690.58
690.58
5423.90
5423.90
2496.37
2496.37
3331.38
3331.38
10.00
10.00
74.76
74.76
10.82
10.82
559.00
559.00
220.05
220.05
909.01
909.01
3329.76
3329.76
5050.57
5050.57
1148.89
1148.89
3063.07
3063.07
841.34
841.34
4237.30
4237.30
297.13
297.13
1479.95
1479.95
5331.55
5331.55
1048.04
1048.04
935.41
935.41
831.18
831.18
4585.94
4585.94
4311.23
4311.23
1411.88
1411.88
6424.88
6424.88
926.07
926.07
64.86
64.86
395.53
395.53
503.85
503.85
40.82
40.82
827.03
827.03
2270.66
2270.66
2392.44
2392.44
3689.36
3689.36
22.24
22.24
770.93
770.93
3950.92
3950.92
1550.06
1550.06
3796.13
3796.13
3145.14
3145.14
4225.58
4225.58
3085.80
3085.80
5049.91
5049.91
1919.00
1919.00
1919.00
1919.00
4929.32
4929.32
849.03
849.03
3166.02
3166.02
3166.02
3166.02
3166.02
3166.02
3166.02
3166.02
1705.67
1705.67
2057.18
2057.18
3636.56
3636.56
3636.56
3636.56
3636.56
3636.56
836.53
836.53
836.53
836.53
4963.28
4963.28
3266.27
3266.27
1223.86
1223.86
29.76
29.76
10.23
10.23
94.06
94.06
567.51
567.51
4720.32
4720.32
2063.51
2063.51
6454.62
6454.62
906.99
906.99
42.39
42.39
28.73
28.73
25.56
25.56
36.28
36.28
1271.81
1271.81
2124.70
2124.70
2124.70
2124.70
5115.59
5115.59
5115.59
5115.59
5115.59
5115.59
5138.18
5138.18
3160.34
3160.34
4891.70
4891.70
4494.84
4494.84
5486.53
5486.53
5486.53
5486.53
298.00
298.00
863.38
863.38
863.38
863.38
4951.90
4951.90
4347.51
4347.51
2193.56
2193.56
2505.81
2505.81
1516.59
1516.59
2899.82
2899.82
2899.82
2899.82
5870.17
5870.17
5459.00
5459.00
6140.91
6140.91
107.06
107.06
762.51
762.51
36.12
36.12
1083.28
1083.28
1083.28
1083.28
1255.10
1255.10
5334.05
5334.05
5334.05
5334.05
3110.62
3110.62
381.30
381.30
26.07
26.07
24.86
24.86
20.80
20.80
911.17
911.17
111.87
111.87
121.14
121.14
512.06
512.06
613.38
613.38
15.57
15.57
1973.28
1973.28
4095.35
4095.35
3851.03
3851.03
2764.80
2764.80
2891.75
2891.75
6113.50
6113.50
307.62
307.62
4772.91
4772.91
1688.52
1688.52
74.05
74.05
66.96
66.96
95.00
95.00
560.42
560.42
4362.69
4362.69
1855.64
1855.64
31.76
31.76
7330.60
7330.60
118.77
118.77
704.34
704.34
3032.52
3032.52
4548.29
4548.29
4431.94
4431.94
59.25
59.25
4743.96
4743.96
1589.97
1589.97
99.42
99.42
91.30
91.30
1043.81
1043.81
91.34
91.34
119.79
119.79
1377.72
1377.72
5369.32
5369.32
842.29
842.29
5858.44
5858.44
507.15
507.15
3429.30
3429.30
265.51
265.51
4140.39
4140.39
4718.10
4718.10
4673.53
4673.53
44.51
44.51
371.78
371.78
474.66
474.66
594.13
594.13
225.39
225.39
25.52
25.52
27.92
27.92
820.04
820.04
4973.00
4973.00
5201.25
5201.25
1797.64
1797.64
166.10
166.10
85.47
85.47
727.03
727.03
500.08
500.08
165.94
165.94
128.43
128.43
16.60
16.60
90.30
90.30
1513.17
1513.17
7101.99
7101.99
19.88
19.88
5744.90
5744.90
150.99
150.99
8373.07
8373.07
73.54
73.54
2905.34
2905.34
34.97
34.97
27.63
27.63
19.84
19.84
5408.18
5408.18
928.44
928.44
1832.22
1832.22
5669.56
5669.56
4115.63
4115.63
12.12
12.12
848.25
848.25
1476.51
1476.51
1476.51
837.32
781.69
781.69
2335.03
2335.03
5225.35
5225.35
6836.01
6836.01
907.59
907.59
24.83
24.83
5087.05
5087.05
2324.16
2324.16
80.41
80.41
3600.58
3600.58
7306.59
7306.59
40.68
40.68
771.88
771.88
39.43
39.43
3010.90
3010.90
3032.65
3032.65
1051.23
1051.23
1375.93
1375.93
2177.00
2177.00
23.56
23.56
6538.03
6538.03
37.94
37.94
40.31
40.31
439.39
439.39
73.36
73.36
32.82
32.82
27.79
27.79
40.09
40.09
40.09
40.09
88.25
26.57
26.57
86.67
86.67
125.69
151.46
151.46
589.24
589.24
3243.99
3243.99
4421.45
4421.45
3613.74
3613.74
1081.65
1081.65
1543.71
1543.71
6163.86
6163.86
907.35
907.35
180.09
180.09
7679.08
7679.08
96.02
96.02
6105.58
6105.58
919.09
919.09
3129.46
3129.46
2934.05
2934.05
664.60
664.60
10.00
10.00
1939.97
1939.97
589.69
589.69
894.76
894.76
500.77
500.77
7423.19
7423.19
6197.26
6197.26
7547.60
7547.60
72.35
72.35
2893.74
2893.74
10.00
10.00
68.87
68.87
1989.48
1989.48
103.48
103.48
10.00
10.00
285.50
285.50
14.11
14.11
417.76
417.76
275.07
275.07
4294.52
4294.52
4294.52
4294.52
6049.31
6049.31
5499.31
5499.31
248.84
248.84
7275.89
7275.89
5788.59
5788.59
7612.61
7612.61
907.28
907.28
446.56
446.56
1681.42
1681.42
1102.08
1102.08
12.97
12.97
206.73
206.73
319.75
319.75
1967.19
1967.19
6167.24
6167.24
5745.87
5745.87
19.10
19.10
6928.77
6928.77
6928.77
6928.77
6928.77
6928.77
5555.67
5555.67
5555.67
5555.67
5967.39
5967.39
5967.39
5967.39
1453.19
1453.19
3336.52
3336.52
4506.54
4506.54
4506.54
4506.54
4506.54
4506.54
4506.54
4506.54
4506.54
4506.54
4506.54
4506.54
3658.90
3658.90
1464.32
1464.32
3968.40
3968.40
3968.40
3968.40
2777.79
2777.79
3695.92
3695.92
4138.30
4138.30
4138.30
4138.30
3891.80
3891.80
40.43
40.43
1811.58
1811.58
1691.37
1691.37
943.10
943.10
13.58
13.58
4506.17
4506.17
2946.49
2946.49
5140.53
5140.53
2542.47
2542.47
25.72
25.72
1456.25
1456.25
137.37
137.37
4490.83
4490.83
5329.19
5329.19
5329.19
5329.19
5329.19
5329.19
5091.44
5091.44
5091.44
5091.44
5307.99
5307.99
5105.16
5105.16
1496.68
1496.68
4905.01
4905.01
5227.65
5227.65
4613.22
4613.22
6605.36
6605.36
762.89
762.89
2912.70
2912.70
5508.80
5508.80
6437.29
6437.29
3461.99
3461.99
3461.99
3461.99
6151.74
6151.74
6151.74
6151.74
6151.74
6151.74
3967.77
3967.77
3967.77
3967.77
3967.77
3967.77
3967.77
3967.77
3967.77
3967.77
3967.77
3967.77
3967.77
5963.86
5963.86
6893.21
6893.21
6981.63
6981.63
5304.51
5304.51
5780.72
5780.72
1288.05
1288.05
47.09
47.09
400.66
400.66
80.52
80.52
2247.88
2247.88
645.91
645.91
40.84
40.84
113.11
113.11
40.69
40.69
135.82
135.82
5222.38
5222.38
5010.58
5010.58
5979.69
5979.69
3859.95
3859.95
7061.71
7061.71
3829.58
3829.58
5446.37
5446.37
2280.37
2280.37
3025.26
3025.26
3025.26
3025.26
51.62
51.62
2419.39
2419.39
153.47
153.47
6361.77
6361.77
167.85
167.85
17.73
17.73
1524.09
1524.09
5186.01
5186.01
2088.88
2088.88
164.45
164.45
4877.48
4877.48
2819.24
2819.24
6884.46
6884.46
6884.46
6884.46
5082.30
5082.30
672.74
672.74
10.00
10.00
122.66
122.66
218.45
218.45
525.53
525.53
853.57
853.57
90.22
90.22
903.70
903.70
117.61
117.61
281.80
281.80
133.40
133.40
118.43
118.43
3856.67
3856.67
335.73
335.73
2626.92
2626.92
244.51
244.51
2295.99
2295.99
4433.90
4433.90
2166.45
2166.45
4138.69
4138.69
44.59
44.59
14.51
14.51
5330.66
5330.66
6468.06
6468.06
3199.15
3199.15
1480.33
1480.33
50.68
50.68
2130.89
2130.89
39.09
39.09
3182.24
3182.24
3182.24
10.00
41.25
41.25
20.45
20.45
71.61
71.61
19.84
19.84
37.35
37.35
5701.37
5701.37
643.43
643.43
10.00
10.00
12.05
12.05
56.00
56.00
30.12
30.12
242.23
242.23
12.92
12.92
63.11
63.11
5560.93
5560.93
11.76
11.76
210.82
210.82
198.58
198.58
302.83
302.83
238.42
238.42
359.90
359.90
1460.37
1460.37
28.91
28.91
1558.72
1558.72
1572.70
1572.70
1572.70
1572.70
1733.30
1733.30
2563.20
2563.20
4794.05
4794.05
761.20
761.20
3110.31
3110.31
25.06
25.06
3181.57
3181.57
4533.68
4533.68
3884.73
3884.73
3560.67
3560.67
6653.32
6653.32
4248.62
4248.62
5532.54
5532.54
19.35
19.35
3997.88
3997.88
977.60
977.60
3713.28
3713.28
2352.71
2352.71
6917.73
6917.73
6652.53
6652.53
654.78
654.78
5904.26
5904.26
4704.18
4704.18
5498.34
5498.34
5943.52
5943.52
5943.52
5943.52
5570.89
5570.89
941.18
941.18
6606.91
6606.91
5924.22
5924.22
6694.89
6694.89
5223.33
5223.33
6143.06
6143.06
766.30
766.30
2368.57
2368.57
406.97
406.97
52.66
52.66
83.72
83.72
32.60
32.60
3468.48
3468.48
4720.62
4720.62
3156.78
3156.78
3321.94
3321.94
1642.26
1642.26
19.32
19.32
496.88
496.88
57.00
57.00
4667.09
4667.09
5288.66
5288.66
5585.86
5585.86
1991.77
1991.77
3987.39
3987.39
111.13
111.13
18.63
18.63
13.23
13.23
498.79
498.79
197.20
197.20
649.44
649.44
36.78
36.78
111.41
111.41
81.34
81.34
128.19
128.19
73.74
73.74
524.97
524.97
11.59
11.59
28.02
28.02
37.00
37.00
5179.35
5179.35
42.03
42.03
5745.55
5745.55
829.21
829.21
10.00
10.00
106.55
106.55
56.66
56.66
156.43
156.43
896.97
896.97
377.87
377.87
864.07
864.07
358.64
358.64
41.39
41.39
288.52
288.52
407.06
407.06
11.34
11.34
232.50
232.50
16.10
16.10
152.55
152.55
419.31
419.31
845.16
845.16
3524.75
3524.75
3922.60
3922.60
2432.98
2432.98
547.59
547.59
4997.43
4997.43
219.49
219.49
895.79
895.79
387.87
387.87
42.02
42.02
700.68
700.68
4926.35
4926.35
866.33
866.33
38.87
38.87
842.57
842.57
54.90
54.90
67.98
67.98
168.95
168.95
15.91
15.91
29.91
29.91
1062.32
1062.32
44.39
44.39
462.08
462.08
10.00
10.00
27.75
27.75
967.99
967.99
5266.64
5266.64
5011.27
5011.27
35.48
35.48
2603.78
2603.78
1237.75
1237.75
3404.14
3404.14
88.06
88.06
274.88
274.88
112.18
112.18
92.42
92.42
224.38
224.38
427.94
427.94
395.95
395.95
109.97
109.97
73.10
73.10
129.42
129.42
5050.90
5050.90
897.98
897.98
658.29
658.29
5715.14
5715.14
5244.74
5244.74
55.90
55.90
92.95
92.95
39.64
39.64
904.89
904.89
2018.97
2018.97
1139.74
1139.74
398.77
398.77
53.59
53.59
27.77
27.77
308.67
308.67
38.77
38.77
10.00
10.00
864.75
864.75
27.09
27.09
43.01
43.01
6187.10
6187.10
5579.21
5579.21
2541.26
2541.26
5355.26
5355.26
5924.17
5924.17
3529.79
3529.79
3529.79
3529.79
3706.28
3706.28
4559.91
4559.91
2777.69
2777.69
6978.40
6978.40
6169.76
6169.76
4624.18
4624.18
1358.49
1358.49
147.99
147.99
118.74
118.74
1313.31
1313.31
58.76
58.76
1167.56
1167.56
24.79
24.79
2705.80
2705.80
3603.77
3603.77
4873.37
4873.37
5020.98
5020.98
903.43
903.43
687.94
687.94
283.54
283.54
349.01
349.01
133.85
133.85
894.78
894.78
148.85
148.85
146.51
146.51
4417.66
4417.66
42.21
42.21
477.41
477.41
14.76
14.76
5377.62
5377.62
85.77
85.77
559.98
559.98
445.22
445.22
4611.08
4611.08
13.66
13.66
188.43
188.43
442.57
442.57
1146.06
1146.06
313.07
313.07
5930.21
5930.21
896.82
896.82
1401.70
1401.70
355.72
355.72
239.78
239.78
74.68
74.68
787.08
787.08
963.97
963.97
26.79
26.79
310.33
310.33
330.60
330.60
1715.19
1715.19
1715.19
1165.43
335.12
335.12
861.42
861.42
481.52
481.52
713.73
713.73
1977.80
1977.80
3957.02
3957.02
2604.38
2604.38
4785.93
4785.93
4757.36
4757.36
4037.39
4037.39
4914.02
4914.02
5023.62
5023.62
2567.32
2567.32
4719.57
4719.57
294.64
294.64
3703.54
3703.54
3739.93
3739.93
3739.93
3739.93
4911.44
4911.44
4034.37
4034.37
2427.35
2427.35
4792.07
4792.07
4562.76
4562.76
2171.36
2171.36
4854.46
4854.46
894.66
894.66
3556.86
3556.86
4547.55
4547.55
4755.86
4755.86
51.11
51.11
6516.39
6516.39
6262.79
6262.79
6262.79
6262.79
1068.07
1068.07
6068.60
6068.60
6912.37
6912.37
6386.20
6386.20
758.96
758.96
4457.91
4457.91
3477.75
3477.75
3477.75
3477.75
3477.75
3477.75
2024.71
2024.71
4148.31
4148.31
2705.14
2705.14
4152.36
4152.36
2760.64
2760.64
1820.53
1820.53
3594.25
3594.25
4678.91
4678.91
3502.27
3502.27
4722.28
4722.28
5240.20
5240.20
4761.77
4761.77
1301.06
1301.06
1946.06
1946.06
2734.62
2734.62
3564.35
3564.35
4832.47
4832.47
3853.50
3853.50
1310.16
1310.16
4366.87
4366.87
4791.48
4791.48
4316.48
4316.48
10.00
10.00
3553.35
3553.35
4370.39
4370.39
3618.12
3618.12
4875.53
4875.53
1751.65
1751.65
192.01
192.01
37.13
37.13
5451.20
5451.20
845.56
845.56
5528.37
5528.37
58.63
58.63
329.84
329.84
164.52
164.52
164.52
3641.87
53.06
53.06
3097.09
3097.09
28.43
28.43
436.08
436.08
138.10
138.10
3467.15
3467.15
957.32
957.32
455.74
455.74
72.11
72.11
213.35
213.35
5881.28
5881.28
2977.31
2977.31
424.16
424.16
5669.64
5669.64
5669.64
5669.64
5669.64
5669.64
5669.64
5669.64
5669.64
5669.64
5669.64
5669.64
5669.64
5669.64
4958.00
4958.00
7224.17
7224.17
7209.35
7209.35
6891.74
6891.74
6174.30
6174.30
6737.17
6737.17
235.24
235.24
13.06
13.06
19.73
19.73
82.77
82.77
700.12
700.12
14.13
14.13
603.18
603.18
668.86
668.86
3105.76
3105.76
777.41
777.41
2079.93
2079.93
2132.51
2132.51
3491.30
3491.30
1505.10
1505.10
75.14
75.14
339.41
339.41
16.17
16.17
10.00
10.00
102.97
102.97
2719.39
2719.39
3109.37
3109.37
2955.09
2955.09
1822.06
1822.06
5278.64
5278.64
2865.35
2865.35
5573.13
5573.13
3222.34
3222.34
2205.92
2205.92
4369.88
4369.88
5101.96
5101.96
145.93
145.93
1316.31
1316.31
5719.36
5719.36
2006.56
2006.56
3360.20
3360.20
3360.20
3360.20
4329.54
4329.54
2258.43
2258.43
1191.31
1191.31
5373.24
5373.24
885.89
885.89
5620.20
5620.20
5624.46
5624.46
5869.31
5869.31
2748.20
2748.20
717.30
717.30
6785.62
6785.62
2576.60
2576.60
6647.05
6647.05
768.65
768.65
805.76
805.76
138.15
138.15
78.95
78.95
26.90
26.90
36.47
36.47
167.39
167.39
143.41
143.41
39.27
39.27
234.04
234.04
903.67
903.67
67.08
67.08
1384.88
1384.88
210.98
210.98
3840.55
3840.55
2004.22
2004.22
58.59
58.59
1310.36
1310.36
6109.88
6109.88
294.41
294.41
19.58
19.58
87.53
87.53
404.58
404.58
22.27
22.27
36.96
36.96
24.59
24.59
2259.79
2259.79
857.72
857.72
15.53
15.53
1335.20
1335.20
6760.30
6760.30
50.25
50.25
898.91
898.91
5055.49
5055.49
6820.64
6820.64
5406.45
5406.45
41.62
41.62
813.32
813.32
4060.35
4060.35
881.95
881.95
881.95
1422.39
1422.39
1736.96
1736.96
6353.64
6353.64
3526.50
3526.50
1079.59
1079.59
763.07
763.07
2037.74
2037.74
1142.37
1142.37
2247.37
2247.37
3521.67
3521.67
134.32
134.32
5143.11
5143.11
1170.98
1170.98
342.85
342.85
701.28
701.28
198.09
198.09
1124.48
1124.48
1867.70
1867.70
894.86
894.86
198.38
198.38
4261.19
4261.19
937.52
937.52
3641.56
3641.56
6338.30
6338.30
4889.09
4889.09
2326.28
2326.28
6411.07
6411.07
34.20
34.20
79.87
79.87
2922.69
2922.69
7234.63
7234.63
1129.23
1129.23
5636.19
5636.19
5458.15
5458.15
5045.98
5045.98
90.40
90.40
135.40
135.40
14.24
14.24
348.92
348.92
56.40
56.40
276.59
276.59
39.34
39.34
503.83
503.83
55.79
55.79
1562.68
1562.68
34.88
34.88
46.33
46.33
26.59
26.59
6115.10
6115.10
4981.64
4981.64
6269.88
6269.88
5835.73
5835.73
770.99
770.99
31.23
31.23
13.52
13.52
1248.61
1248.61
3651.95
3651.95
4720.03
4720.03
23.63
23.63
481.17
481.17
11.06
11.06
4736.49
4736.49
902.41
902.41
2694.51
2694.51
3507.32
3507.32
822.42
822.42
1171.85
1171.85
3641.04
3641.04
2435.36
2435.36
19.63
19.63
4427.86
4427.86
3643.88
3643.88
5196.43
5196.43
2783.91
2783.91
3936.73
3936.73
31.27
31.27
4014.92
4014.92
3390.50
3390.50
3882.34
3882.34
4850.81
4850.81
3613.67
3613.67
3472.74
3472.74
6049.25
6049.25
19.68
19.68
2872.26
2872.26
5477.64
5477.64
6838.10
6838.10
7309.44
7309.44
3158.50
3158.50
1449.85
1449.85
6856.20
6856.20
4502.41
4502.41
1242.53
1242.53
5715.88
5715.88
6485.17
6485.17
4402.05
4402.05
5292.46
5292.46
2389.43
2389.43
5584.13
5584.13
1183.43
1183.43
5842.47
5842.47
5089.88
5089.88
5654.42
5654.42
6015.08
6015.08
53.84
53.84
28.84
28.84
2202.48
2202.48
895.19
895.19
5285.73
5285.73
3417.35
3417.35
6050.59
6050.59
2294.12
2294.12
6171.05
6171.05
6897.36
6897.36
4887.08
4887.08
2503.19
2503.19
3938.02
3938.02
931.20
931.20
6084.57
6084.57
10.00
10.00
19.54
19.54
888.10
888.10
1004.21
1004.21
7400.93
7400.93
12.46
12.46
7925.84
7925.84
7575.01
7575.01
9066.08
9066.08
4753.62
4753.62
545.41
545.41
5799.05
5799.05
36.23
36.23
143.63
143.63
2012.27
2012.27
7429.45
7429.45
7861.24
7861.24
6196.23
6196.23
2876.91
2876.91
10.96
10.96
6358.25
6358.25
261.19
261.19
3694.97
3694.97
6294.14
6294.14
587.48
587.48
27.24
27.24
2255.90
2255.90
10.00
10.00
15.54
15.54
4456.81
4456.81
1520.35
1520.35
817.83
817.83
5327.98
5327.98
109.36
109.36
2403.30
2403.30
6218.73
6218.73
5364.63
5364.63
19.79
19.79
857.91
857.91
3508.03
3508.03
5251.91
5251.91
2798.22
2798.22
4993.12
4993.12
42.39
42.39
2816.25
2816.25
22.21
22.21
3270.82
3270.82
382.06
382.06
39.79
39.79
3053.35
3053.35
3801.88
3801.88
1584.60
1584.60
744.36
744.36
17.16
17.16
4804.66
4804.66
4778.83
4778.83
31.38
31.38
4737.61
4737.61
5559.93
5559.93
5195.98
5195.98
3743.01
3743.01
4736.29
4736.29
880.71
880.71
39.62
39.62
2964.09
2964.09
753.88
753.88
13.70
13.70
884.18
884.18
5329.54
5329.54
3965.57
3965.57
5036.31
5036.31
62.71
62.71
2218.17
2218.17
3268.03
3268.03
5243.03
5243.03
4814.05
4814.05
88.56
88.56
6057.53
6057.53
187.15
187.15
1260.45
1260.45
3864.10
3864.10
2752.48
2752.48
680.53
680.53
5283.79
5283.79
2192.46
2192.46
4189.58
4189.58
1406.77
1406.77
4684.68
4684.68
6100.33
6100.33
1318.15
1318.15
3379.61
3379.61
3336.12
3336.12
1776.91
1776.91
6051.93
6051.93
6160.84
6160.84
5880.10
5880.10
913.24
913.24
4216.12
4216.12
6522.75
6522.75
7282.62
7282.62
1853.77
1853.77
4961.99
4961.99
5596.39
5596.39
946.88
946.88
7491.41
7491.41
11.55
11.55
26.98
26.98
6404.75
6404.75
7478.76
7478.76
30.13
30.13
2571.66
2571.66
113.36
113.36
1230.76
1230.76
4097.41
4097.41
6291.42
6291.42
5061.09
5061.09
5908.53
5908.53
5547.47
5547.47
4275.76
4275.76
7811.45
7811.45
4551.76
4551.76
6912.94
6912.94
6912.94
6912.94
4030.49
4030.49
4030.49
4030.49
320.81
320.81
2458.36
2458.36
3978.34
3978.34
4611.88
4611.88
4611.88
4611.88
3954.95
3954.95
5232.36
5232.36
4474.12
4474.12
3594.91
3594.91
5481.71
5481.71
5838.02
5838.02
4502.04
4502.04
4502.04
4502.04
4502.04
4502.04
4502.04
4502.04
6001.59
6001.59
2956.94
2956.94
2956.94
2956.94
5910.01
5910.01
5910.01
5910.01
5910.01
5910.01
5132.12
5132.12
5767.98
5767.98
5767.98
5767.98
5767.98
5767.98
5621.74
5621.74
5290.64
5290.64
5290.64
5290.64
5290.64
5290.64
5290.64
5290.64
6178.69
6178.69
6178.69
6178.69
6516.00
6516.00
6619.56
6619.56
4712.42
4712.42
4712.42
4712.42
4712.42
4712.42
4712.42
4712.42
4712.42
4712.42
4218.94
4218.94
3311.23
3311.23
4238.31
4238.31
55.84
55.84
4425.69
4425.69
4320.41
4320.41
4320.41
4320.41
4320.41
4320.41
3192.05
3192.05
3459.72
3459.72
3459.72
3459.72
3459.72
3459.72
3459.72
3459.72
4451.43
4451.43
4641.80
4641.80
12.82
12.82
2494.39
2494.39
4032.01
4032.01
5102.28
5102.28
1265.87
1265.87
5442.39
5442.39
3380.52
3380.52
10.00
10.00
5236.10
5236.10
24.32
24.32
59.50
59.50
454.76
454.76
5546.83
5546.83
1718.96
1718.96
5211.24
5211.24
4193.48
4193.48
6795.74
6795.74
7032.73
7032.73
1190.09
1190.09
2579.22
2579.22
1049.66
1049.66
68.82
68.82
2184.15
2184.15
2901.63
2901.63
6864.46
6864.46
5636.02
5636.02
2257.06
2257.06
1833.47
1833.47
712.35
712.35
10.00
10.00
652.36
652.36
2359.48
2359.48
142.41
142.41
3406.70
3406.70
4183.72
4183.72
4622.55
4622.55
1790.60
1790.60
4364.99
4364.99
5875.05
5875.05
1619.04
1619.04
2038.35
2038.35
1234.27
1234.27
73.71
73.71
25.87
25.87
129.10
129.10
535.46
535.46
881.27
881.27
3744.18
3744.18
2744.41
2744.41
25.25
25.25
324.28
324.28
57.83
57.83
840.56
840.56
47.98
47.98
6004.80
6004.80
2590.49
2590.49
3905.98
3905.98
6299.49
6299.49
816.33
816.33
3263.42
3263.42
13.44
13.44
14.08
14.08
56.96
56.96
881.46
881.46
28.20
28.20
1101.94
1101.94
2523.86
2523.86
2523.86
2523.86
2783.76
2783.76
2783.76
2783.76
2783.76
2783.76
2783.76
2783.76
2783.76
2783.76
2783.76
2783.76
3323.97
3323.97
1243.46
1243.46
877.12
877.12
296.31
296.31
2452.34
2452.34
4628.19
4628.19
857.64
857.64
77.85
77.85
896.00
896.00
2742.39
2742.39
2778.02
2778.02
6018.78
6018.78
36.62
36.62
810.10
810.10
5151.48
5151.48
80.91
80.91
56.10
56.10
112.66
112.66
904.40
904.40
44.02
44.02
40.23
40.23
4468.82
4468.82
6789.76
6789.76
7126.68
7126.68
3823.63
3823.63
3837.20
3837.20
5648.38
5648.38
5401.08
5401.08
4815.63
4815.63
34.07
34.07
97.88
97.88
28.75
28.75
911.72
911.72
1216.34
1216.34
10.87
10.87
307.85
307.85
19.92
19.92
3562.64
3562.64
352.28
352.28
2083.84
2083.84
1683.39
1683.39
4503.18
4503.18
760.29
760.29
373.67
373.67
912.68
912.68
10.00
10.00
363.68
363.68
441.44
441.44
410.36
410.36
913.73
913.73
29.89
29.89
29.89
29.89
29.89
29.89
29.89
784.93
1037.08
16.09
1157.27
1157.27
39.36
39.36
165.89
165.89
753.79
753.79
36.01
36.01
3772.99
3772.99
6852.25
6852.25
6890.56
6890.56
215.96
215.96
6231.37
6231.37
5560.37
5560.37
3056.71
3056.71
3056.71
3309.00
1610.21
1610.21
1610.21
6616.85
7647.97
7647.97
2776.99
2776.99
747.32
747.32
778.56
778.56
288.14
288.14
5237.02
5237.02
1269.08
1269.08
7384.95
7384.95
2072.85
2072.85
3917.37
3917.37
7768.48
7768.48
6594.78
6594.78
1942.91
1942.91
129.03
129.03
76.74
76.74
76.74
1128.64
496.16
496.16
10.00
10.00
10.00
10.00
10.00
58.68
26.24
26.24
139.27
139.27
887.57
887.57
106.91
106.91
1642.70
1642.70
6010.26
6010.26
5771.73
5771.73
906.69
906.69
3015.69
3015.69
5637.70
5637.70
735.56
735.56
5865.90
5865.90
5860.04
5860.04
2950.89
2950.89
3401.35
3401.35
1733.40
1733.40
1397.18
1397.18
109.72
109.72
2487.19
2487.19
5805.43
5805.43
6911.49
6911.49
6911.49
5885.45
7246.50
7246.50
2329.52
2329.52
6258.19
6258.19
2092.77
2092.77
974.97
974.97
6365.54
6365.54
6365.54
4794.16
4794.16
7681.54
7681.54
2542.55
2542.55
6389.19
6389.19
5502.54
5502.54
893.52
893.52
5672.17
5672.17
5013.48
5013.48
10.00
10.00
46.14
46.14
904.53
904.53
87.33
87.33
5556.58
5556.58
13.06
13.06
23.45
23.45
126.33
126.33
242.13
242.13
10.00
10.00
45.34
45.34
43.71
43.71
729.79
729.79
298.27
298.27
885.38
885.38
6360.98
6360.98
363.80
363.80
228.29
228.29
57.02
57.02
13.84
13.84
78.23
78.23
6724.32
6724.32
6853.83
6853.83
391.81
391.81
203.87
203.87
38.50
38.50
2352.08
2352.08
29.17
29.17
249.88
249.88
2155.86
2155.86
747.44
747.44
6477.06
6477.06
4417.53
4417.53
3363.99
3363.99
62.92
62.92
222.21
222.21
2184.65
2184.65
535.67
535.67
907.95
907.95
950.18
950.18
62.94
62.94
60.62
60.62
4091.38
4091.38
40.01
40.01
166.27
166.27
55.93
55.93
7899.22
7899.22
363.84
363.84
19.72
19.72
40.40
40.40
277.42
277.42
612.45
612.45
122.28
122.28
6990.64
6990.64
6403.98
6403.98
7913.50
7913.50
6531.13
6531.13
7867.87
7867.87
95.13
95.13
4763.77
4763.77
587.90
587.90
64.16
64.16
886.09
886.09
3154.03
3154.03
5975.42
5975.42
5039.85
5039.85
5432.83
5432.83
63.73
63.73
5631.66
5631.66
6268.59
6268.59
7905.54
7905.54
8191.75
8191.75
8191.75
5952.92
5952.92
282.50
282.50
967.59
967.59
1886.98
1886.98
8322.11
8322.11
45.77
45.77
224.92
224.92
422.82
422.82
2235.21
2235.21
498.84
498.84
1334.15
1334.15
8203.62
8203.62
6629.36
6629.36
98.82
98.82
469.11
469.11
19.15
19.15
3941.47
3941.47
2034.56
2034.56
352.06
352.06
5455.27
5455.27
77.17
77.17
7168.38
7168.38
89.06
89.06
6540.87
6540.87
6009.82
6009.82
7563.94
7563.94
5658.67
5658.67
7094.63
7094.63
4821.91
4821.91
4008.61
4008.61
7491.73
7491.73
661.45
2671.71
2671.71
2671.71
2800.64
2800.64
310.92
310.92
14.13
14.13
14.01
14.01
17.37
17.37
42.54
42.54
331.33
331.33
1508.48
1508.48
6440.21
4577.51
4577.51
6967.85
6967.85
4263.84
4263.84
1196.69
1196.69
2200.99
2200.99
3072.55
3072.55
7736.56
7736.56
4877.86
4877.86
6557.01
6557.01
6557.01
6557.01
7394.72
7394.72
8202.25
8202.25
8202.25
8202.25
8202.25
8202.25
3385.69
3385.69
3385.69
3385.69
99.20
99.20
1319.80
1319.80
6574.27
6574.27
7205.49
7205.49
4319.00
4319.00
3249.57
3249.57
6545.84
6545.84
2855.91
2855.91
6574.22
6574.22
7906.17
7906.17
7906.17
7906.17
7906.17
7906.17
7906.17
7906.17
7906.17
7906.17
7906.17
7906.17
7906.17
7906.17
7906.17
7906.17
7906.17
7906.17
7906.17
7906.17
7906.17
7906.17
7906.17
7906.17
7906.17
7906.17
7906.17
7906.17
7514.61
7514.61
664.78
664.78
152.64
152.64
7387.70
7387.70
111.00
111.00
808.87
808.87
209.52
209.52
2094.85
2094.85
14.13
14.13
48.76
48.76
3404.20
3404.20
32.49
32.49
6396.19
6396.19
6396.19
6396.19
6396.19
6396.19
6396.19
6396.19
6396.19
6396.19
6396.19
6396.19
6396.19
6396.19
6396.19
6396.19
6396.19
6396.19
6396.19
6396.19
48.01
48.01
7140.01
7140.01
851.52
851.52
6121.18
6121.18
5530.90
5530.90
19.32
19.32
70.59
70.59
6320.35
6320.35
6320.35
6320.35
310.15
310.15
27.46
27.46
113.05
113.05
7002.37
7002.37
1147.97
1147.97
7790.87
7790.87
254.79
254.79
183.71
183.71
236.17
236.17
120.21
120.21
1569.53
1569.53
1446.76
1446.76
8223.20
8223.20
8144.21
8144.21
5592.64
5592.64
2590.16
2590.16
5904.44
5904.44
905.85
905.85
61.13
61.13
244.42
244.42
6680.03
6680.03
738.28
738.28
1589.06
1589.06
260.07
260.07
859.35
859.35
325.63
325.63
521.24
521.24
2192.51
2192.51
27.50
27.50
100.91
100.91
1001.32
1001.32
1001.32
4010.65
1689.94
1689.94
71.76
71.76
3133.56
3133.56
109.88
109.88
7349.96
7349.96
8031.95
8031.95
281.55
281.55
19.47
19.47
2364.17
2364.17
921.79
921.79
53.97
53.97
37.93
37.93
104.77
104.77
1522.66
1522.66
904.28
904.28
5213.11
5213.11
920.58
920.58
2551.97
2551.97
13.28
13.28
792.28
792.28
358.10
358.10
2478.44
2478.44
95.52
95.52
18.35
18.35
6092.35
6092.35
409.67
409.67
409.67
5122.02
42.07
42.07
6018.51
6018.51
6571.98
6571.98
765.43
765.43
27.62
27.62
5916.24
5916.24
7135.69
7135.69
744.84
744.84
5073.53
5073.53
104.64
104.64
25.41
25.41
896.56
896.56
16.31
16.31
80.27
80.27
240.27
240.27
7466.17
7466.17
281.82
281.82
1479.53
1479.53
865.37
865.37
314.46
314.46
528.23
528.23
528.23
55.89
55.65
55.65
49.73
49.73
49.60
49.60
3729.96
3729.96
4572.66
4572.66
6829.02
6829.02
7383.55
7383.55
1080.33
1080.33
919.88
919.88
3496.59
3496.59
93.58
93.58
450.46
450.46
222.47
222.47
13.76
13.76
336.79
336.79
943.50
943.50
86.81
86.81
1910.04
1910.04
412.45
412.45
1561.09
1561.09
53.04
53.04
216.13
216.13
2328.41
2328.41
5269.73
5269.73
1725.19
1725.19
1642.03
1642.03
275.94
275.94
949.13
949.13
424.94
424.94
1371.76
1371.76
7355.59
7355.59
24.12
24.12
904.38
904.38
1438.09
1438.09
5989.88
5989.88
56.33
56.33
855.04
855.04
40.54
40.54
1781.38
1781.38
835.35
835.35
41.51
41.51
41.09
41.09
149.90
149.90
109.28
109.28
907.97
907.97
5255.47
5255.47
96.81
96.81
153.64
153.64
262.23
262.23
166.17
166.17
497.96
497.96
891.75
891.75
28.51
28.51
332.25
332.25
119.13
119.13
431.77
431.77
903.94
903.94
903.94
3661.56
3661.56
4171.52
4171.52
6802.01
6802.01
8052.45
8052.45
7147.98
7147.98
6889.65
6889.65
2284.44
2284.44
105.85
105.85
87.94
87.94
1678.94
1678.94
166.11
166.11
12.90
12.90
63.81
63.81
58.66
58.66
896.02
896.02
218.09
218.09
3178.55
3178.55
12.84
12.84
2942.17
2942.17
6738.28
6738.28
37.57
37.57
349.11
349.11
284.48
284.48
890.13
890.13
3487.85
3487.85
3539.13
3539.13
504.11
504.11
6011.84
6011.84
911.86
911.86
1892.15
1892.15
2466.07
2466.07
3433.65
3433.65
5057.10
5057.10
27.04
27.04
106.19
106.19
38.82
38.82
167.52
167.52
5408.83
5408.83
1576.82
1576.82
1962.44
1962.44
13.42
13.42
286.46
286.46
3859.36
3859.36
4081.99
4081.99
1761.66
1761.66
3832.54
3832.54
3832.54
3832.54
7247.93
7247.93
24.34
24.34
7113.06
7113.06
5889.01
5889.01
2479.43
2479.43
1733.58
1733.58
723.97
723.97
2183.88
2183.88
817.70
817.70
8068.57
8068.57
6879.31
6879.31
7465.70
7465.70
74.39
74.39
2537.18
2537.18
14.09
14.09
5808.97
5808.97
4956.66
4956.66
5774.19
5774.19
424.24
424.24
6789.06
6789.06
7641.43
7641.43
5293.81
5293.81
4743.41
4743.41
2818.56
2818.56
6082.94
6082.94
4413.20
4413.20
1188.16
1188.16
1988.59
1988.59
4508.17
4508.17
4445.83
4445.83
5041.55
5041.55
1932.97
1932.97
14.18
14.18
39.53
39.53
59.26
59.26
768.97
768.97
55.27
55.27
19.00
19.00
147.68
147.68
52.17
52.17
41.38
41.38
234.26
234.26
5793.27
5793.27
1809.30
1809.30
8370.28
8370.28
4831.70
4831.70
64.37
64.37
1552.83
1552.83
902.24
902.24
14.33
14.33
944.18
944.18
165.25
165.25
6871.52
6871.52
911.17
911.17
360.53
360.53
875.34
875.34
7887.63
7887.63
3188.00
3188.00
3068.67
3068.67
505.22
505.22
2623.54
2623.54
7493.97
7493.97
26.21
26.21
5479.23
5479.23
2607.73
2607.73
593.10
593.10
106.60
106.60
21.10
21.10
707.54
707.54
40.14
40.14
5006.09
5006.09
4025.21
4025.21
817.13
817.13
2801.73
2801.73
940.61
940.61
2770.21
2770.21
13.65
13.65
115.14
115.14
612.34
612.34
714.63
714.63
6288.85
6288.85
7506.00
7506.00
8086.23
8086.23
7347.27
7347.27
8559.82
8559.82
4679.88
4679.88
3625.12
3625.12
4733.81
4733.81
729.65
729.65
242.10
242.10
118.22
118.22
2248.23
2248.23
34.35
34.35
5430.83
5430.83
92.84
92.84
161.18
161.18
19.65
19.65
4475.99
4475.99
896.55
896.55
130.89
130.89
6830.31
6830.31
19.40
19.40
157.35
157.35
82.59
82.59
201.64
201.64
1921.77
1921.77
157.86
157.86
880.79
880.79
13.53
13.53
591.90
591.90
931.06
931.06
13.99
13.99
79.48
79.48
1592.45
1592.45
73.32
73.32
13.92
13.92
3104.72
3104.72
4270.29
4270.29
1690.84
1690.84
7492.34
7492.34
101.89
101.89
740.27
740.27
5558.39
5558.39
1819.35
1819.35
4112.29
4112.29
7508.88
7508.88
395.14
395.14
26.68
26.68
3156.05
3156.05
7986.48
7986.48
6982.15
6982.15
89.93
89.93
6648.59
6648.59
6619.08
6619.08
4832.73
4832.73
6538.41
6538.41
2280.61
2280.61
196.61
196.61
7248.75
7248.75
7092.23
7092.23
95.10
95.10
92.56
92.56
53.97
53.97
5792.06
5792.06
7892.64
7892.64
189.93
189.93
9262.37
9262.37
2893.98
2893.98
77.10
77.10
56.94
56.94
6276.18
6276.18
6276.18
6276.18
6276.18
6276.18
6276.18
6276.18
6276.18
6276.18
6276.18
