# 1Hz Kbps trace generated by import_real_world_traces.py
149.73
498.22
507.23
507.23
285.24
407.52
537.65
537.65
537.65
163.13
163.13
1165.25
1165.25
1165.25
142.48
142.48
673.92
673.92
758.10
758.10
1126.08
1211.75
1211.75
1211.75
1314.66
1314.66
1267.92
1267.92
1267.92
1273.68
1273.68
1215.77
1215.77
866.05
866.05
866.05
180.93
180.93
1013.47
1013.47
1013.47
16.70
16.70
948.24
948.24
747.48
747.48
411.42
411.42
545.50
545.50
99.66
99.66
99.66
635.76
665.06
576.10
576.10
18.43
557.53
326.37
326.37
494.39
494.39
167.59
167.59
247.49
247.49
375.15
375.15
375.15
519.69
519.69
1449.84
1449.84
832.86
847.39
847.39
847.39
1111.42
1111.42
993.03
993.03
993.03
70.88
70.88
70.88
70.88
70.88
147.01
147.01
147.01
147.01
114.39
616.25
616.25
399.59
399.59
963.52
963.52
10.00
1426.75
1426.75
428.45
758.62
758.62
758.62
467.43
467.43
467.43
467.43
467.43
467.43
610.95
204.51
1549.21
1549.21
904.92
904.92
405.77
803.93
521.28
521.28
521.28
521.28
521.28
717.13
717.13
1118.62
1285.34
1416.25
1043.83
1043.83
1043.83
549.24
549.24
549.24
549.24
549.24
549.24
91.66
91.66
989.26
989.26
381.88
381.88
416.09
416.09
924.23
1301.98
1301.98
1301.98
1301.98
456.89
348.09
348.09
348.09
348.09
644.67
935.93
935.93
1175.17
248.90
873.80
873.80
497.71
497.71
461.80
461.80
461.80
822.05
822.05
170.85
170.85
48.89
48.89
347.17
347.17
347.17
347.17
347.17
347.17
10.00
10.00
10.00
10.00
374.62
313.96
909.77
495.52
488.46
488.46
1279.95
1279.95
234.76
45.20
47.14
47.14
47.14
1199.93
1199.93
508.23
1328.86
1328.86
1239.86
1239.86
790.08
790.08
789.94
789.94
789.94
789.94
1541.21
1541.21
1541.21
1541.21
818.91
818.91
818.91
36.58
36.58
36.58
710.81
710.81
924.70
1013.95
1076.65
1076.65
638.68
638.68
958.03
214.65
214.65
214.65
1112.18
1112.18
1030.45
1030.45
1218.22
1218.22
453.69
453.69
254.18
1092.85
1092.85
824.13
824.13
1574.84
1574.84
932.74
932.74
677.13
677.13
651.14
651.14
409.24
409.24
1049.86
1049.86
528.46
528.46
1159.21
660.17
382.21
382.21
1085.39
1085.39
1085.39
433.88
433.88
441.01
389.97
607.99
607.99
607.99
890.55
890.55
890.55
890.55
1026.23
1026.23
821.23
877.34
791.70
573.17
801.82
801.82
1274.13
1274.13
1282.46
1282.46
655.90
655.90
1209.89
1209.89
1181.74
1181.74
1316.83
1316.83
226.44
226.44
846.89
846.89
834.13
834.13
15.93
15.93
162.73
162.73
274.03
274.03
692.09
692.09
990.15
990.15
24.79
24.79
667.52
667.52
1170.19
1170.19
1527.10
1527.10
1527.10
1527.10
1012.95
1012.95
1012.95
1012.95
437.02
437.02
437.02
628.11
628.11
308.67
308.67
308.67
1262.29
1262.29
1262.29
1262.29
33.13
33.13
33.13
33.13
990.25
990.25
714.41
714.41
1038.73
1000.43
1000.43
34.42
866.69
508.35
415.17
415.17
415.17
767.33
767.33
1096.64
1096.64
1130.78
1205.74
1205.74
645.91
353.41
669.17
1105.68
801.40
584.75
1173.76
1173.76
822.78
822.78
718.95
718.95
377.31
377.31
17.82
17.82
283.76
283.76
399.80
399.80
45.59
45.59
59.18
59.18
59.18
59.18
59.18
472.10
472.10
472.10
972.15
972.15
972.15
635.70
635.70
635.70
1170.00
887.62
887.62
887.62
1060.34
959.44
833.83
1105.10
1053.65
1330.33
1330.33
1330.33
398.54
398.54
398.54
929.16
929.16
929.16
979.80
979.80
1261.54
1261.54
1261.54
224.33
224.33
1391.17
1391.17
1391.17
540.43
540.43
540.43
602.86
602.86
602.86
1163.83
1163.83
806.54
806.54
1288.12
1288.12
1017.50
1017.50
852.30
956.16
1009.66
983.99
1312.84
1312.84
1312.84
1312.84
1041.47
1041.47
747.60
747.60
333.29
333.29
965.85
965.85
449.80
449.80
712.53
712.53
616.87
616.87
1023.20
1023.20
1070.97
1070.97
1155.15
1155.15
94.98
94.98
1083.49
1083.49
1140.06
1140.06
1140.06
1140.06
732.07
732.07
590.15
590.15
415.72
415.72
10.00
10.00
910.12
910.12
1225.27
1225.27
608.24
608.24
501.88
501.88
1329.03
1329.03
909.03
909.03
1140.09
1140.09
744.85
744.85
1452.89
1452.89
1079.22
1079.22
726.39
726.39
679.66
679.66
679.66
1076.42
1041.40
1041.40
907.74
907.74
840.86
840.86
845.94
845.94
1112.99
1112.99
1224.92
1224.92
1224.92
1224.92
10.00
10.00
655.30
655.30
696.15
696.15
794.86
794.86
1001.50
1001.50
714.22
714.22
1174.25
1174.25
1015.88
1015.88
843.61
843.61
602.57
602.57
906.57
906.57
293.92
293.92
288.74
288.74
397.89
397.89
589.79
589.79
576.69
576.69
43.10
43.10
605.85
605.85
1196.07
1196.07
411.45
411.45
10.00
10.00
37.35
37.35
866.57
866.57
850.01
850.01
939.63
939.63
961.24
961.24
381.98
381.98
706.60
706.60
38.09
38.09
1206.27
1206.27
471.62
471.62
471.62
1115.23
1115.23
1087.66
1056.31
1056.31
35.72
35.72
942.89
942.89
635.09
635.09
284.35
284.35
539.05
539.05
825.25
825.25
1212.40
1212.40
528.55
528.55
1370.50
1370.50
535.42
535.42
593.84
593.84
593.84
835.37
835.37
835.37
1040.11
1040.11
1040.11
756.26
756.26
756.26
774.00
774.00
774.00
1273.39
1273.39
1148.84
1148.84
1148.84
1148.84
1148.84
204.93
204.93
204.93
204.93
46.39
766.75
1105.68
1105.68
1105.68
1105.68
1052.96
1052.96
575.48
575.48
575.48
940.68
940.68
594.26
594.26
1004.57
681.44
681.44
437.98
595.38
595.38
595.38
1302.55
1302.55
1302.55
431.02
431.02
788.99
788.99
788.99
723.95
358.19
192.41
192.41
593.71
593.71
16.78
16.78
1163.36
1163.36
900.86
900.86
1179.12
534.66
534.66
534.66
1246.74
1246.74
1246.74
1058.20
919.55
919.55
919.55
702.23
702.23
702.23
850.63
850.63
38.43
38.43
389.25
389.25
928.05
928.05
928.05
697.38
1213.10
1213.10
1243.31
846.37
846.37
709.64
709.64
504.55
504.55
770.30
770.30
770.30
443.45
443.45
694.56
694.56
246.02
132.69
132.69
507.53
507.53
577.59
577.59
481.97
481.97
481.97
852.76
1014.05
52.43
52.43
52.43
351.59
351.59
351.59
159.84
264.58
264.58
264.58
373.11
689.29
689.29
834.60
834.60
383.39
383.39
449.94
449.94
449.94
603.80
14.76
14.76
309.41
1151.76
304.42
304.42
320.65
320.65
1120.37
1027.55
1027.55
404.77
404.77
479.47
479.47
479.47
1079.26
1079.26
1079.26
10.00
10.00
10.00
10.00
767.26
374.61
472.50
1174.76
1018.40
285.62
677.38
1097.73
548.98
548.98
583.80
583.80
1224.23
1224.23
1197.79
1197.79
1272.92
1272.92
550.45
550.45
127.00
127.00
164.46
164.46
180.18
180.18
612.83
612.83
306.69
306.69
284.95
284.95
527.29
527.29
276.70
276.70
1035.14
1035.14
495.40
495.40
705.14
705.14
1007.73
1007.73
702.36
702.36
922.61
922.61
307.63
307.63
622.34
622.34
26.03
26.03
309.98
309.98
19.50
19.50
28.97
28.97
738.10
738.10
552.95
552.95
1068.26
1068.26
1082.27
1082.27
416.73
416.73
894.05
894.05
281.62
281.62
947.88
947.88
328.19
328.19
1191.31
1191.31
586.58
586.58
1151.51
1151.51
1023.62
1023.62
426.04
426.04
1078.94
1078.94
766.63
766.63
692.70
692.70
934.65
934.65
676.30
676.30
542.93
542.93
14.17
14.17
773.71
773.71
790.43
790.43
44.38
44.38
1173.32
1173.32
422.62
422.62
704.30
704.30
421.67
421.67
1158.78
1158.78
620.61
620.61
1073.93
1073.93
546.73
546.73
390.74
390.74
1278.04
1278.04
537.29
537.29
945.09
945.09
1154.60
1154.60
479.64
479.64
725.76
725.76
806.75
806.75
885.58
885.58
1309.64
1309.64
850.29
850.29
525.64
525.64
254.91
254.91
1286.82
1286.82
1132.68
1132.68
471.94
471.94
506.37
506.37
693.34
693.34
546.58
546.58
904.25
904.25
944.65
944.65
1158.75
1158.75
1224.12
1224.12
1040.79
1040.79
1147.02
1147.02
911.54
911.54
117.63
117.63
1296.84
1296.84
655.09
655.09
1476.08
1476.08
1082.61
1082.61
887.27
887.27
996.65
996.65
73.71
73.71
637.95
637.95
904.15
904.15
741.22
741.22
1337.97
1337.97
10.00
10.00
881.29
881.29
125.17
125.17
549.28
549.28
490.32
490.32
103.48
103.48
248.73
248.73
779.64
779.64
765.78
765.78
1252.55
1252.55
221.29
221.29
314.41
314.41
560.84
560.84
1090.62
1090.62
464.11
464.11
907.97
907.97
37.62
37.62
945.49
945.49
735.87
735.87
1110.88
1110.88
1172.12
1172.12
761.78
761.78
251.95
251.95
1089.02
1089.02
855.46
855.46
928.04
928.04
422.60
422.60
1064.71
1064.71
940.10
940.10
257.37
257.37
481.12
481.12
669.62
669.62
752.43
752.43
893.62
893.62
866.47
866.47
1083.23
1083.23
215.41
215.41
980.69
980.69
1159.01
1159.01
410.29
410.29
968.12
968.12
171.84
171.84
715.98
715.98
1320.38
1320.38
514.70
514.70
904.20
904.20
1063.32
1063.32
644.21
644.21
941.37
941.37
607.83
607.83
151.38
151.38
529.24
529.24
22.16
22.16
15.87
15.87
15.87
237.91
237.91
237.91
1094.09
1094.09
1094.09
281.28
281.28
681.60
681.60
681.60
681.60
876.04
876.04
876.04
848.47
848.47
848.47
1264.51
1264.51
1264.51
10.00
10.00
926.48
926.48
926.48
61.11
616.33
616.33
616.33
1092.59
1092.59
1092.59
1092.59
1092.59
564.86
564.86
735.46
847.14
987.89
987.89
239.25
239.25
1110.54
1110.54
315.16
315.16
315.16
596.71
596.71
335.51
335.51
1148.15
879.10
556.83
556.83
1358.60
970.64
913.16
105.69
47.36
47.36
471.19
471.19
471.19
872.37
872.37
872.37
872.37
847.99
847.99
798.13
57.31
1024.44
922.25
10.00
10.00
172.78
172.78
728.99
728.99
10.00
10.00
86.98
86.98
86.98
12.94
12.94
1076.61
1076.61
950.93
950.93
176.47
176.47
105.71
105.71
105.71
638.76
638.76
638.76
638.76
638.76
319.54
319.54
319.54
567.59
215.65
215.65
686.92
686.92
1021.57
791.29
791.29
592.86
592.86
827.53
827.53
716.31
716.31
716.31
638.50
1254.32
1254.32
1099.92
1099.92
590.99
590.99
326.38
326.38
1083.94
1083.94
824.53
824.53
706.62
706.62
1032.68
1032.68
1156.86
1156.86
939.64
939.64
561.13
561.13
1003.28
1003.28
1286.50
1286.50
1286.50
1046.24
1046.24
502.64
502.64
638.54
638.54
1044.15
1044.15
1064.71
1064.71
811.51
811.51
890.61
890.61
1017.07
1017.07
880.32
880.32
793.26
793.26
1164.24
1164.24
917.28
917.28
761.58
761.58
783.92
783.92
732.83
732.83
1322.58
1322.58
770.19
770.19
746.37
746.37
795.95
795.95
226.25
226.25
1214.22
1214.22
1319.28
1319.28
1008.67
1008.67
1430.29
1430.29
950.38
950.38
934.80
934.80
1003.31
1003.31
932.32
932.32
767.18
767.18
982.24
982.24
1182.30
1182.30
840.11
840.11
1120.49
1120.49
1050.78
1050.78
860.71
860.71
707.29
707.29
1353.80
1353.80
991.68
991.68
1207.88
1207.88
937.60
937.60
1325.91
1325.91
891.12
891.12
1058.92
1058.92
995.48
995.48
182.41
182.41
230.88
230.88
230.88
1544.23
1544.23
1544.23
1544.23
831.80
831.80
1105.95
1105.95
1083.93
1083.93
1083.93
731.45
731.45
1350.13
1350.13
1350.13
1229.09
1229.09
838.24
838.24
838.24
1144.08
1144.08
1530.35
1530.35
672.63
672.63
672.63
702.96
702.96
1146.24
1146.24
1146.24
480.82
480.82
999.04
999.04
1209.55
283.21
283.21
283.21
1114.94
1114.94
285.12
1143.82
1143.82
696.42
607.50
607.50
661.85
718.78
718.78
1265.10
1265.10
1265.10
600.18
600.18
689.00
689.00
689.00
723.33
794.85
852.36
852.36
871.25
871.25
722.54
1192.70
1192.70
1255.71
1300.88
1028.01
1028.01
478.10
478.10
1219.58
1219.58
1231.53
1231.53
557.48
557.48
1005.30
1005.30
1345.83
1345.83
666.58
666.58
1040.97
1040.97
795.98
795.98
1520.64
1520.64
988.93
988.93
1379.97
1379.97
511.63
511.63
1228.32
1228.32
1064.50
1064.50
965.05
965.05
965.05
676.67
676.67
676.67
554.46
554.46
554.46
554.46
1067.18
1067.18
1067.18
1067.18
1211.61
1295.69
1295.69
837.52
809.34
809.34
1262.18
1262.18
1477.32
1477.32
1477.32
824.69
824.69
824.69
434.33
434.33
434.33
1335.17
963.56
963.56
142.22
142.22
801.94
801.94
1028.39
1028.39
1197.82
1197.82
1201.91
1201.91
1201.91
1190.05
1190.05
1190.05
1190.05
628.34
628.34
866.61
494.48
494.48
494.48
670.02
670.02
670.02
670.02
21.10
588.71
1026.54
1026.54
827.13
827.13
827.13
740.33
740.33
740.33
103.78
567.17
567.17
104.50
104.50
812.68
812.68
13.86
13.86
217.17
244.78
709.47
709.47
793.99
29.02
29.02
121.15
33.80
272.24
272.24
954.87
954.87
451.76
547.34
547.34
800.25
800.25
141.39
361.21
361.21
361.21
361.21
1095.42
1095.42
1095.42
1095.42
392.09
392.09
392.09
392.09
392.09
356.88
413.19
413.19
318.80
318.80
368.80
368.80
485.54
485.54
972.83
247.65
247.65
739.52
739.52
739.52
950.36
1038.24
1038.24
1038.24
1260.81
1260.81
699.34
477.57
306.95
306.95
579.86
579.86
579.86
472.82
472.82
256.19
256.19
620.04
620.04
551.00
785.90
785.90
896.04
16.46
1040.62
544.66
544.66
506.60
1206.28
1206.28
10.34
10.34
705.45
705.45
705.45
705.45
1148.40
1148.40
1148.40
1148.40
1148.40
1148.40
1148.40
1148.40
201.20
201.20
729.65
671.05
671.05
443.35
938.82
938.82
282.97
282.97
280.65
280.65
476.00
757.85
757.85
25.53
25.53
25.53
666.73
666.73
666.73
589.83
1052.75
1327.99
1327.99
25.56
25.56
25.56
25.56
25.56
263.71
263.71
559.25
559.25
795.59
187.81
187.81
335.40
1050.65
1292.43
1506.77
1506.77
353.95
353.95
353.95
1120.92
948.73
681.23
681.23
681.23
960.95
960.95
960.95
790.12
790.12
1159.56
432.03
432.03
432.03
432.03
432.03
375.63
375.63
980.37
980.37
61.93
61.93
61.93
61.93
1009.99
1009.99
62.77
62.77
62.77
62.77
455.78
772.01
330.99
330.99
793.20
793.20
611.60
645.83
645.83
695.32
940.33
930.10
930.10
930.10
930.10
930.10
930.10
930.10
503.84
503.84
741.76
741.76
596.38
556.28
357.67
357.67
1006.37
1006.37
899.69
899.69
790.13
790.13
899.14
899.14
993.74
1125.46
600.85
600.85
984.25
984.25
514.46
514.46
819.74
819.74
196.37
196.37
936.63
936.63
662.21
662.21
907.33
907.33
22.71
22.71
215.86
215.86
215.86
215.86
215.86
215.86
1226.63
763.53
440.87
440.87
876.93
876.93
288.97
288.97
257.91
257.91
516.38
516.38
1069.80
1069.80
171.88
171.88
810.31
810.31
788.92
788.92
541.27
541.27
964.88
964.88
563.52
563.52
949.12
949.12
658.11
658.11
848.84
848.84
235.42
235.42
1137.65
1137.65
610.04
610.04
1185.23
1185.23
150.68
150.68
1102.09
1102.09
582.44
582.44
568.92
568.92
474.91
474.91
138.04
138.04
364.98
364.98
281.52
281.52
1140.51
1140.51
955.10
955.10
972.98
972.98
1566.12
1566.12
523.96
523.96
82.22
82.22
321.90
321.90
912.53
912.53
909.62
909.62
693.85
693.85
693.85
693.85
12.30
863.13
643.62
643.62
1136.01
1136.01
833.56
833.56
926.15
926.15
926.15
1228.31
1228.31
1228.31
535.49
535.49
847.76
847.76
624.32
1011.33
508.80
508.80
1337.08
1337.08
1337.08
100.08
100.08
100.08
100.08
638.15
638.15
956.02
956.02
996.04
996.04
996.04
874.96
874.96
906.61
906.61
240.26
240.26
687.63
687.63
329.65
329.65
329.65
695.77
113.90
113.90
537.06
537.06
547.05
547.05
574.62
574.62
574.62
574.62
750.80
799.06
799.06
14.79
420.51
420.51
163.07
163.07
550.98
550.98
1025.56
1025.56
1025.56
529.84
529.84
529.84
791.16
791.16
791.16
245.36
568.00
759.67
759.67
436.44
643.85
643.85
469.57
469.57
469.57
600.68
10.20
10.20
10.20
10.20
240.50
240.50
240.50
240.50
240.50
58.19
58.19
58.19
58.19
58.19
845.03
845.03
702.23
702.23
276.16
276.16
276.16
771.34
983.04
989.84
989.84
172.77
172.77
172.77
172.77
12.80
12.80
748.52
748.52
76.98
76.98
683.13
683.13
409.15
815.53
815.53
799.44
786.73
786.73
786.73
403.00
403.00
255.44
255.44
255.44
10.00
10.00
781.11
781.11
781.11
467.61
467.61
316.77
740.22
740.22
740.22
688.07
688.07
431.61
533.66
672.70
672.70
856.67
612.71
612.71
612.71
27.26
27.26
27.26
652.99
452.15
540.39
983.04
983.04
644.29
644.29
518.11
518.11
264.54
264.54
289.42
289.42
289.42
289.42
289.42
771.21
804.30
804.30
804.30
804.30
759.60
390.97
390.97
335.93
335.93
378.55
149.74
491.27
491.27
491.27
389.08
389.08
738.56
738.56
738.56
25.54
872.66
872.66
1004.95
1004.95
400.66
400.66
1073.58
1073.58
1073.58
713.90
713.90
986.08
737.03
775.81
775.81
145.99
145.99
145.99
145.99
432.32
408.32
408.32
408.32
816.56
816.56
816.56
1062.25
1062.25
49.40
49.40
255.67
733.28
659.08
155.06
155.06
155.06
155.06
751.75
751.75
751.75
751.75
751.75
751.75
305.31
1060.67
1122.24
1122.24
984.49
984.49
561.33
561.33
946.79
671.98
671.98
671.98
324.08
1145.94
1145.94
1145.94
1145.94
12.17
12.17
958.25
317.74
892.74
892.74
892.74
696.05
696.05
696.05
362.50
90.58
90.58
90.58
473.47
473.47
473.47
498.64
498.64
725.72
533.55
533.55
109.01
109.01
1174.34
1174.34
930.54
930.54
1189.70
1189.70
924.44
924.44
924.44
447.31
447.31
447.31
447.31
447.31
447.31
447.31
15.87
644.41
69.17
69.17
1143.39
843.19
843.19
703.40
703.40
137.44
802.23
887.35
887.35
1015.31
1328.98
1328.98
1328.98
1095.60
1095.60
1095.60
1095.60
958.81
1170.95
1170.95
751.84
751.84
610.42
610.42
610.42
43.53
43.53
677.28
617.46
617.46
267.25
267.25
1174.71
339.14
339.14
854.62
1112.28
1141.43
1141.43
1141.43
1141.43
1141.43
1141.43
602.03
1169.51
1169.51
602.47
602.47
409.75
409.75
674.92
674.92
380.12
380.12
380.12
388.96
866.84
866.84
866.84
85.51
85.51
85.51
262.73
262.73
262.73
543.54
618.24
618.24
151.62
872.52
445.96
445.96
584.36
584.36
676.36
676.36
864.28
864.28
13.02
13.02
1269.81
1269.81
395.27
395.27
395.27
395.27
395.27
395.27
395.27
695.52
759.27
1115.99
275.31
576.11
576.11
705.57
705.57
848.10
848.10
253.12
253.12
253.12
363.21
363.21
646.72
185.06
185.06
546.75
579.05
579.05
235.85
235.85
560.87
221.93
221.93
549.44
711.00
711.00
68.61
495.03
613.03
613.03
613.03
15.88
15.88
401.88
401.88
401.88
328.48
328.48
205.84
205.84
266.75
229.21
229.21
108.05
108.05
108.83
108.83
140.94
140.94
681.44
681.44
681.44
369.64
369.64
369.64
369.64
636.67
636.67
636.67
636.67
10.00
10.00
467.42
467.42
749.11
749.11
74.34
388.59
388.59
665.85
665.85
665.85
866.59
866.59
516.99
756.50
756.50
474.93
392.02
392.02
422.58
422.58
422.58
10.00
10.00
276.73
333.49
536.00
867.98
867.98
79.21
792.73
792.73
10.00
10.00
703.12
703.12
426.00
426.00
480.90
480.90
268.44
268.44
174.83
174.83
429.54
429.54
360.99
360.99
552.44
552.44
137.56
137.56
606.25
606.25
373.72
373.72
601.75
601.75
586.12
586.12
17.62
17.62
17.62
17.62
167.70
167.70
167.70
167.70
813.92
813.92
813.92
813.92
813.92
813.92
493.12
527.96
527.96
527.96
874.58
179.34
179.34
863.72
188.89
188.89
910.59
910.59
910.59
930.68
930.68
549.38
549.38
255.34
255.34
937.88
937.88
937.88
282.45
721.28
450.23
880.12
386.46
18.41
848.13
848.13
390.00
390.00
872.12
872.12
103.91
103.91
263.70
263.70
800.95
800.95
583.78
583.78
175.90
175.90
368.32
368.32
368.32
368.32
395.62
395.62
884.04
884.04
884.04
884.04
884.04
1143.47
1143.47
1143.47
906.00
70.18
903.80
903.80
620.12
620.12
678.67
678.67
581.38
581.38
581.38
581.38
581.38
581.38
359.76
359.76
680.75
581.30
28.91
28.91
873.84
873.84
873.84
405.38
405.38
405.38
954.78
954.78
954.78
766.79
1152.50
1081.93
701.99
701.99
170.24
170.24
1056.88
1056.88
513.18
513.18
513.18
1050.43
1050.43
1082.66
523.84
523.84
430.58
430.58
73.17
73.17
578.03
578.03
94.15
94.15
12.69
12.69
171.51
171.51
86.09
86.09
322.55
322.55
644.81
644.81
644.81
81.64
81.64
81.64
81.64
81.64
782.30
782.30
147.10
147.10
937.73
809.92
809.92
611.88
611.88
688.91
883.24
1064.91
892.56
892.56
435.51
435.51
516.72
516.72
695.95
695.95
1030.73
1030.73
740.12
740.12
538.89
538.89
538.89
538.89
35.38
35.38
459.65
459.65
759.12
759.12
431.56
431.56
800.55
800.55
829.02
829.02
829.02
59.35
59.35
59.35
131.98
131.98
847.80
847.80
847.80
847.80
660.30
660.30
817.45
817.45
817.45
786.22
786.22
786.22
786.22
786.22
33.36
33.36
33.36
445.21
445.21
676.38
676.38
857.80
968.83
968.83
968.83
609.22
609.22
609.22
609.22
761.49
1094.98
1094.98
718.28
718.28
1204.00
1204.00
1204.00
1204.00
788.16
788.16
788.16
881.50
881.50
522.62
522.62
232.67
232.67
232.67
476.72
600.55
775.63
775.63
475.80
475.80
1211.14
1211.14
377.09
377.09
377.09
23.01
23.01
858.42
495.54
482.81
482.81
482.81
715.61
715.61
715.61
715.61
145.69
145.69
369.67
840.78
840.78
840.78
840.78
840.78
799.29
604.02
604.02
374.74
527.89
527.89
527.89
527.89
527.89
43.43
43.43
598.98
598.98
238.24
238.24
245.45
245.45
10.00
415.21
415.21
1227.10
1227.10
17.78
17.78
17.78
670.82
774.82
774.82
680.50
680.50
434.41
863.30
863.30
863.30
502.71
502.71
648.81
648.81
1191.40
521.27
521.27
764.33
544.37
544.37
514.20
681.83
681.83
736.02
1152.79
1152.79
1181.52
1220.89
957.58
957.58
538.02
213.75
213.75
567.68
567.68
330.35
330.35
330.35
295.45
295.45
295.45
486.56
486.56
1025.11
1025.11
1004.69
1004.69
296.41
557.14
557.14
1035.95
1035.95
687.33
687.33
665.67
665.67
243.43
243.43
369.69
369.69
468.07
468.07
468.07
682.46
869.95
869.95
655.97
655.97
885.91
885.91
1381.37
1381.37
112.60
112.60
884.95
884.95
160.09
160.09
160.09
261.50
831.72
831.72
94.85
94.85
500.89
500.89
955.36
955.36
258.81
258.81
591.92
591.92
352.97
352.97
352.97
825.46
143.46
143.46
791.04
791.04
22.76
22.76
22.76
265.77
265.77
265.77
665.30
665.30
665.30
377.80
377.80
377.80
377.80
868.75
868.75
868.75
868.75
16.52
16.52
16.52
795.62
795.62
669.19
669.19
669.19
766.86
766.86
766.86
252.95
252.95
16.61
16.61
16.61
83.59
83.59
158.38
158.38
158.38
428.78
639.50
1029.65
1029.65
776.33
776.33
579.76
574.74
681.15
778.37
512.30
945.55
945.55
333.51
412.74
412.74
889.60
378.59
378.59
638.22
638.22
638.22
638.22
312.56
312.56
312.56
312.56
427.72
427.72
344.31
912.34
912.34
445.00
445.00
430.32
430.32
1022.42
1022.42
1022.42
557.48
557.48
815.04
815.04
815.04
815.04
136.56
136.56
279.45
514.64
210.59
801.17
544.86
243.95
774.16
774.16
934.01
934.01
686.47
513.76
305.78
305.78
394.97
696.64
696.64
696.64
321.85
321.85
321.85
321.85
23.28
23.28
374.08
374.08
482.53
482.53
482.53
354.19
654.57
515.40
515.40
1247.25
1247.25
372.45
372.45
652.83
652.83
997.01
997.01
476.49
476.49
719.40
719.40
696.42
696.42
28.70
28.70
847.11
847.11
238.75
238.75
921.52
921.52
31.19
31.19
751.08
751.08
465.25
465.25
755.30
755.30
350.78
350.78
664.83
664.83
664.83
123.12
123.12
370.73
234.77
234.77
666.14
666.14
666.14
951.83
951.83
951.83
661.94
592.50
592.50
592.50
592.50
592.50
592.50
592.50
592.50
592.50
592.50
654.22
654.22
654.22
299.19
721.31
666.21
666.21
666.21
429.09
429.09
52.20
281.37
281.37
281.37
836.30
1009.22
1009.22
20.75
20.75
606.34
606.34
606.34
40.80
444.83
981.03
981.03
981.03
981.03
981.03
704.48
704.48
738.81
950.12
950.12
767.76
767.76
767.76
815.09
815.09
26.70
261.12
186.80
50.98
50.98
817.48
817.48
817.48
817.48
629.27
629.27
629.27
629.27
629.27
629.27
432.08
432.08
20.60
141.40
265.82
242.83
242.83
536.34
319.71
459.63
112.94
112.94
112.94
591.75
591.75
627.63
79.76
79.76
821.20
821.20
752.11
752.11
752.11
752.11
21.14
306.53
306.53
306.53
201.52
201.52
201.52
201.52
201.52
201.52
257.54
561.77
561.77
561.77
391.29
978.84
978.84
19.50
19.50
39.42
39.42
39.42
432.59
670.81
670.81
571.34
240.53
862.90
862.90
601.31
601.31
268.70
268.70
268.70
904.90
371.88
371.88
371.88
371.88
531.97
531.97
531.97
552.34
552.34
1035.02
1035.02
265.54
265.54
626.13
971.93
455.64
455.64
455.64
325.03
325.03
325.03
203.87
203.87
457.40
585.78
585.78
658.35
658.35
658.35
138.13
103.12
103.12
103.12
103.12
56.18
56.18
56.18
426.77
513.53
513.53
873.24
873.24
713.92
946.10
946.10
486.31
759.09
759.09
759.09
759.09
759.09
390.86
390.86
390.86
390.86
390.86
463.50
463.50
87.41
149.60
149.60
149.60
162.08
162.08
162.08
159.79
159.79
10.00
10.00
51.03
518.29
19.40
19.40
19.40
19.40
175.18
10.00
10.00
465.63
464.04
54.77
54.77
364.63
514.24
514.24
225.95
225.95
225.95
142.27
738.37
738.37
387.92
387.92
455.46
455.46
280.66
280.66
346.76
346.76
351.02
351.02
549.01
15.52
821.72
821.72
192.49
192.49
192.49
258.06
258.06
258.06
258.06
59.15
342.93
342.93
416.20
416.20
100.99
100.99
511.81
258.82
258.82
258.82
862.54
416.70
72.96
589.58
589.58
785.92
785.92
785.92
337.70
337.70
337.70
583.55
583.55
75.63
75.63
75.63
590.48
590.48
615.97
615.97
574.63
551.25
495.60
495.60
606.61
41.85
829.27
829.27
256.14
256.14
800.04
800.04
800.04
800.04
800.04
617.71
617.71
617.71
617.71
713.01
713.01
713.01
713.01
555.78
892.23
892.23
892.23
378.80
378.80
906.96
906.96
572.93
18.31
18.31
1045.18
1045.18
1045.18
1045.18
1045.18
1045.18
1045.18
82.87
450.00
671.83
911.12
201.86
201.86
201.86
137.59
137.59
407.62
407.62
353.12
353.12
353.12
115.63
402.26
22.55
22.55
431.74
899.21
899.21
351.17
895.32
895.32
12.54
12.54
395.74
467.78
467.78
578.48
578.48
578.48
544.72
544.72
544.72
544.72
519.12
519.12
148.31
148.31
342.24
535.08
535.08
683.42
683.42
452.15
448.23
600.87
600.87
713.93
213.08
213.08
214.00
214.00
214.00
214.00
106.95
106.95
106.95
106.95
106.95
620.58
620.58
86.48
605.33
358.46
358.46
358.46
10.00
508.85
527.63
386.98
386.98
386.98
386.98
386.98
386.98
386.98
258.42
258.42
239.50
239.50
234.99
19.24
19.24
287.28
287.28
287.28
287.28
287.28
20.32
55.98
55.98
55.98
431.84
433.33
639.41
494.81
494.81
373.37
373.37
60.15
60.15
60.15
215.34
453.08
177.77
177.77
177.77
215.89
215.89
764.59
764.59
62.60
62.60
562.53
366.16
366.16
366.16
366.16
459.17
459.17
44.93
590.11
590.11
757.85
558.70
558.70
558.70
423.45
30.65
1166.60
1166.60
1166.60
197.66
197.66
563.54
382.66
382.66
382.66
595.39
595.39
699.89
699.89
10.00
10.00
10.00
10.00
10.00
10.00
10.00
10.00
54.78
126.87
142.44
142.44
105.93
197.80
467.18
467.18
467.18
245.65
357.77
10.00
10.00
230.66
230.66
414.50
697.94
697.94
697.94
337.55
337.55
19.92
111.43
111.43
111.43
12.12
12.12
422.10
422.10
422.10
422.10
422.10
441.38
441.38
441.38
155.55
155.55
195.02
195.02
596.88
596.88
236.30
394.79
615.06
615.06
361.85
361.85
15.50
113.29
258.23
258.23
499.17
499.17
869.20
869.20
869.20
203.58
203.58
246.75
246.75
246.75
13.48
13.48
58.33
58.33
595.00
698.96
698.96
698.96
698.96
473.05
473.05
755.12
755.12
737.16
535.70
535.70
535.70
535.70
366.30
366.30
642.53
642.53
443.01
598.05
598.05
40.34
124.70
124.70
792.21
561.07
312.92
312.92
32.58
32.58
963.31
252.34
252.34
252.34
990.72
990.72
743.84
743.84
743.84
1079.05
1079.05
1079.05
180.28
180.28
180.28
442.60
442.60
150.38
150.38
150.38
673.79
673.79
673.79
673.79
667.63
268.76
268.76
24.58
375.75
332.54
1025.18
53.01
53.01
610.23
774.01
552.17
552.17
794.86
794.86
1092.21
1092.21
1092.21
941.02
941.02
941.02
941.02
941.02
347.47
347.47
46.96
46.96
1192.30
234.77
234.77
186.63
186.63
358.93
358.93
281.91
281.91
281.91
734.97
1083.40
1083.40
672.80
672.80
383.50
383.50
806.15
53.37
53.37
250.29
250.29
250.29
250.29
786.84
17.56
177.64
177.64
177.64
177.64
177.64
177.64
177.64
212.35
212.35
523.97
523.97
188.40
540.27
516.13
516.13
990.31
990.31
620.21
620.21
620.21
659.54
659.54
427.00
427.00
866.74
647.20
647.20
130.23
130.23
130.23
915.51
915.51
50.34
50.34
496.73
496.73
941.52
941.52
941.52
919.57
919.57
555.89
1122.50
1122.50
543.15
543.15
550.49
550.49
550.49
1025.96
1025.96
1025.96
1025.96
1025.96
97.98
620.74
620.74
482.73
482.73
482.73
800.63
800.63
742.42
742.42
566.44
566.44
1089.18
1089.18
177.99
177.99
928.77
928.77
68.30
68.30
806.57
462.64
182.08
182.08
728.26
728.26
248.50
248.50
248.50
448.76
448.76
448.76
647.00
712.01
712.01
712.01
827.52
130.38
130.38
236.52
236.52
709.23
967.70
772.32
667.80
667.80
525.66
369.73
20.08
20.08
879.53
879.53
148.75
148.75
313.06
313.06
794.79
794.79
970.79
970.79
1067.19
1067.19
349.75
349.75
153.33
153.33
544.28
544.28
736.40
736.40
499.04
499.04
43.78
43.78
708.74
708.74
97.95
97.95
744.23
744.23
573.87
573.87
519.46
519.46
455.39
455.39
1219.24
1219.24
65.26
65.26
816.08
816.08
802.17
802.17
84.05
84.05
374.10
374.10
1058.31
1058.31
746.25
746.25
529.18
529.18
686.62
686.62
819.41
819.41
1152.83
1152.83
685.54
685.54
948.91
948.91
890.23
890.23
989.61
989.61
975.28
975.28
975.28
975.28
883.59
883.59
229.39
229.39
488.05
488.05
1153.07
1153.07
962.24
962.24
638.63
638.63
638.63
747.78
747.78
356.24
799.66
799.66
825.67
825.67
408.55
408.55
252.12
252.12
146.79
146.79
1005.06
1005.06
719.57
719.57
91.26
91.26
666.24
666.24
719.59
719.59
92.68
92.68
731.07
731.07
943.63
943.63
780.64
780.64
695.62
695.62
681.47
681.47
122.30
122.30
122.30
518.05
518.05
217.36
217.36
432.26
900.19
900.19
236.88
236.88
133.32
133.32
953.41
953.41
185.72
185.72
396.63
396.63
1227.88
1227.88
945.42
945.42
542.61
542.61
542.61
542.61
1001.63
1001.63
1001.63
1023.41
1023.41
1023.41
1023.41
890.66
602.97
602.97
602.97
812.78
812.78
96.80
96.80
253.32
253.32
253.32
16.82
16.82
16.82
270.92
270.92
270.92
270.92
270.92
270.92
425.29
380.84
380.84
705.61
705.61
118.57
118.57
447.02
193.14
193.14
193.14
10.00
575.12
575.12
399.59
233.38
625.64
625.64
107.90
107.90
588.34
588.34
22.82
839.03
839.03
839.03
839.03
775.99
775.99
767.92
432.09
432.09
432.09
210.33
210.33
559.00
559.00
556.75
987.04
987.04
987.04
282.61
282.61
437.76
437.76
638.11
638.11
446.41
984.15
981.79
981.79
981.79
722.34
722.34
168.57
168.57
168.57
168.57
459.73
711.78
711.78
10.00
597.27
294.56
294.56
297.67
838.62
694.71
694.71
694.71
694.71
428.61
43.05
43.05
43.05
73.69
73.69
628.45
628.45
118.38
934.20
672.51
672.51
471.17
471.17
471.17
471.17
882.06
882.06
882.06
560.03
237.84
237.84
237.84
223.78
372.51
372.51
419.90
851.05
851.05
606.38
606.38
606.38
279.44
279.44
756.33
136.07
136.07
978.40
978.40
978.40
13.80
13.80
13.80
13.80
13.80
13.80
13.80
13.80
13.80
258.21
254.90
157.89
28.11
28.11
312.63
312.63
536.95
536.95
90.83
851.05
851.05
606.75
606.75
606.75
32.51
32.51
27.82
723.65
723.65
72.58
72.58
72.58
434.03
434.03
434.03
503.11
503.11
503.11
687.26
588.12
588.12
588.12
197.28
197.28
435.14
253.64
592.15
592.15
592.15
111.57
63.34
214.22
15.67
15.67
322.99
322.99
267.00
267.00
267.00
267.00
619.12
998.14
998.14
998.14
29.37
29.37
29.37
1119.23
177.12
177.12
1032.67
1032.67
1032.67
218.07
140.88
425.05
425.05
12.82
12.82
12.82
835.07
835.07
835.07
835.07
80.32
541.89
388.00
388.00
388.00
388.00
602.53
602.53
609.63
609.63
609.63
226.81
226.81
783.46
372.08
372.08
528.53
636.48
1057.09
1057.09
400.81
400.81
1164.24
1164.24
1164.24
1164.24
484.32
484.32
49.46
49.46
108.89
108.89
300.45
706.30
706.30
873.30
873.30
649.15
649.15
649.15
649.15
665.68
665.68
665.68
851.52
851.52
1133.03
742.13
905.60
553.18
290.06
290.06
708.65
293.43
1144.80
1144.80
376.39
376.39
718.54
718.54
643.66
643.66
246.12
246.12
246.12
864.01
307.45
307.45
1048.07
1048.07
1048.07
55.01
55.01
55.01
892.54
663.38
663.38
430.19
430.19
1066.61
635.63
635.63
512.85
512.85
415.37
415.37
415.37
830.87
830.87
703.84
703.84
703.84
847.88
847.88
541.31
541.31
347.54
347.54
546.86
546.86
491.86
491.86
427.09
427.09
427.09
293.27
740.73
740.73
567.67
567.67
1104.28
1104.28
955.82
955.82
580.10
580.10
20.69
20.69
397.17
397.17
600.53
600.53
288.85
288.85
634.89
634.89
15.94
15.94
894.43
894.43
987.25
987.25
555.68
555.68
173.40
173.40
929.13
929.13
992.16
992.16
992.16
992.16
989.71
989.71
1026.77
1026.77
623.23
623.23
849.58
849.58
264.66
264.66
859.93
859.93
127.53
127.53
631.25
631.25
403.62
403.62
403.62
86.60
86.60
86.60
86.60
1133.51
1133.51
1133.51
1133.51
55.03
55.03
778.75
778.75
837.40
839.23
839.23
476.99
476.99
328.62
328.62
40.42
40.42
40.42
40.42
633.08
633.08
65.85
65.85
65.85
382.90
382.90
382.90
145.70
145.70
145.70
293.13
293.13
227.72
227.72
235.57
538.73
538.73
204.19
204.19
437.64
573.59
573.59
179.29
179.29
1032.36
1032.36
247.09
247.09
247.09
945.56
945.56
140.56
528.92
536.45
536.45
19.11
19.11
998.35
998.35
998.35
283.68
283.68
435.92
435.92
180.50
180.50
180.50
599.23
599.23
30.18
30.18
30.18
40.72
40.72
40.72
568.81
568.81
10.96
10.96
462.57
462.57
327.00
143.20
143.20
753.14
875.52
875.52
829.40
829.40
829.40
829.40
652.20
1021.46
89.64
564.30
564.30
564.30
603.02
603.02
1032.61
1032.61
1006.27
1006.27
607.46
607.46
607.46
607.46
1024.97
97.69
97.69
97.69
789.86
789.86
789.86
403.28
403.28
19.30
19.30
19.30
457.20
457.20
49.95
863.04
863.04
1062.41
825.49
825.49
421.62
421.62
770.32
770.32
991.16
991.16
991.16
287.16
287.16
801.27
801.27
10.00
219.98
675.63
675.63
895.73
895.73
895.73
398.92
398.92
16.12
16.12
800.89
800.89
478.18
478.18
388.96
388.96
388.96
184.66
69.39
523.45
136.10
580.30
580.30
580.30
580.30
580.30
40.72
118.52
90.89
90.89
90.89
90.89
176.37
176.37
434.03
434.03
434.03
284.56
284.56
284.56
284.56
356.06
356.06
48.61
224.09
188.75
48.41
48.41
499.16
505.93
505.93
505.93
148.95
148.95
148.95
102.95
102.95
330.23
22.98
37.16
725.14
725.14
725.14
18.60
18.60
289.11
289.11
289.11
289.11
289.11
54.63
54.63
22.84
22.84
627.39
213.63
289.42
289.42
161.82
161.82
503.49
503.49
461.81
394.71
394.71
760.98
760.98
27.07
27.07
911.74
16.70
227.37
227.37
227.37
227.37
227.37
680.76
680.76
680.76
680.76
330.35
330.35
859.64
859.64
469.10
469.10
758.47
758.47
49.95
49.95
151.82
151.82
871.11
871.11
250.98
250.98
250.98
778.07
778.07
711.67
711.67
711.67
606.16
606.16
606.16
606.16
17.78
17.78
17.78
71.90
71.90
160.59
160.59
160.59
160.59
81.35
118.72
191.66
333.84
476.87
476.87
128.29
679.02
415.21
415.21
418.11
418.11
418.11
675.15
675.15
370.45
370.45
370.45
583.93
212.26
212.26
212.26
212.26
212.26
406.04
406.04
809.38
809.38
882.65
882.65
576.43
576.43
18.79
408.75
66.26
14.73
14.73
609.82
609.82
641.40
641.40
142.92
142.92
129.79
798.42
798.42
485.31
485.31
485.31
485.31
485.31
340.30
340.30
340.30
340.30
314.76
746.02
479.80
243.26
45.34
45.34
339.69
339.69
44.99
44.99
44.99
44.99
383.60
383.60
413.41
413.41
856.53
273.90
273.90
273.90
772.00
772.00
328.60
328.60
328.60
895.34
895.34
394.13
394.13
394.13
740.37
237.61
237.61
237.61
237.61
237.61
237.61
237.61
490.12
310.87
544.10
544.10
820.19
820.19
117.96
117.96
1117.53
1117.53
86.23
86.23
86.23
609.04
130.30
130.30
20.59
20.59
20.59
357.56
357.56
621.23
621.23
297.08
757.16
355.43
355.43
1151.88
1151.88
827.31
827.31
380.04
380.04
15.16
15.16
656.30
656.30
474.81
474.81
87.71
87.71
87.71
380.80
606.85
606.85
181.18
181.18
112.74
112.74
1131.74
1131.74
1131.74
1131.74
1098.60
1098.60
98.77
98.77
705.43
705.43
705.43
374.49
374.49
936.38
936.38
16.85
16.85
570.31
570.31
539.57
539.57
767.76
903.83
199.47
199.47
199.47
156.63
156.63
312.38
312.38
312.38
346.41
346.41
724.31
336.62
504.41
296.00
759.08
486.68
486.68
157.12
157.12
715.57
715.57
766.40
766.40
264.63
264.63
819.91
819.91
242.26
242.26
871.69
871.69
384.74
384.74
384.74
384.74
384.74
102.14
102.14
437.70
437.70
437.70
437.70
437.70
437.70
437.70
399.06
902.52
902.52
902.52
960.94
960.94
831.07
1214.19
633.46
1067.10
956.12
979.83
64.60
64.60
30.59
30.59
576.20
576.20
640.61
640.61
644.14
644.14
776.93
776.93
110.09
110.09
636.74
636.74
88.88
88.88
88.88
88.88
868.32
868.32
868.32
857.91
1051.60
1051.60
906.35
906.35
1028.45
1028.45
685.88
685.88
685.88
773.73
773.73
303.36
461.23
461.23
257.81
257.81
609.38
609.38
630.57
630.57
897.12
897.12
861.25
861.25
924.33
924.33
775.09
775.09
724.86
724.86
679.58
679.58
352.98
352.98
478.30
478.30
819.15
819.15
614.48
614.48
696.42
696.42
197.96
197.96
756.78
756.78
641.30
641.30
641.30
527.25
527.25
954.21
374.94
374.94
632.38
632.38
359.19
359.19
724.39
724.39
978.62
978.62
534.99
534.99
382.37
382.37
710.66
710.66
768.94
768.94
621.24
621.24
621.24
396.87
396.87
396.87
128.02
128.02
128.02
501.40
501.40
311.58
311.58
28.30
28.30
28.30
45.84
45.84
455.57
328.08
328.08
328.08
744.76
623.54
623.54
623.54
593.06
593.06
22.54
22.54
22.54
433.74
898.12
898.12
960.00
797.21
797.21
797.21
797.21
624.24
624.24
392.92
392.92
392.92
576.41
576.41
576.41
442.70
442.70
853.58
853.58
866.15
866.15
303.81
303.81
926.69
822.08
822.08
397.53
397.53
127.13
127.13
229.52
229.52
229.52
715.51
715.51
715.51
690.21
690.21
690.21
781.17
781.17
891.22
588.23
491.31
532.72
532.72
532.72
532.72
581.00
581.00
581.00
621.11
21.01
21.01
949.74
949.74
949.74
470.06
998.55
998.55
654.52
654.52
654.52
654.52
654.52
654.52
654.52
10.00
10.00
90.50
73.35
73.35
304.22
1024.82
1024.82
51.62
51.62
604.61
604.61
74.41
508.01
508.01
417.39
736.75
736.75
694.80
694.80
694.80
382.49
1037.21
1037.21
1037.21
146.60
146.60
444.54
101.94
101.94
465.48
869.40
869.40
869.40
418.19
418.19
485.15
485.15
641.49
641.49
641.49
496.49
496.49
496.49
217.63
217.63
225.01
225.01
421.79
421.79
251.95
251.95
860.27
860.27
1091.61
1091.61
1091.61
140.43
140.43
525.77
525.77
558.37
558.37
10.00
10.00
797.68
30.10
30.10
1097.16
435.76
435.76
177.54
177.54
1005.71
1005.71
1005.71
492.71
505.73
505.73
418.55
20.34
20.34
20.34
20.34
649.31
99.39
99.39
99.39
80.41
80.41
80.41
80.41
80.41
10.00
778.52
778.52
444.37
444.37
98.96
855.83
855.83
855.83
591.06
712.28
712.28
383.51
383.51
289.80
831.62
25.08
25.08
293.37
293.37
293.37
20.35
20.35
192.86
431.18
431.18
38.75
943.61
943.61
943.61
50.65
50.65
50.65
50.24
50.24
208.83
208.83
208.83
1155.32
1155.32
16.59
16.59
16.59
372.40
372.40
372.40
535.13
388.34
388.34
665.26
665.26
640.92
640.92
265.88
265.88
265.88
10.00
10.00
173.92
173.92
173.92
126.02
126.02
122.84
804.07
122.13
122.13
122.13
361.97
361.97
691.01
691.01
588.63
322.50
322.50
782.30
782.30
782.30
782.30
125.53
125.53
590.86
1014.85
178.84
952.83
1034.99
1034.99
81.65
24.47
24.47
24.47
24.47
577.01
577.01
577.01
36.46
36.46
1002.85
1178.74
1178.74
40.14
40.14
664.75
664.75
664.75
664.75
664.75
313.45
313.45
313.45
292.89
292.89
292.89
292.89
292.89
604.18
409.16
409.16
139.72
40.87
40.87
780.25
780.25
780.25
780.25
476.78
476.78
16.77
796.23
796.23
796.23
969.44
969.44
15.03
15.03
385.96
385.96
385.96
710.09
710.09
451.79
451.79
451.79
451.79
451.79
451.79
121.63
323.25
69.04
191.63
191.63
17.59
17.59
12.49
1052.67
1052.67
447.80
447.80
537.79
537.79
537.79
1156.32
1156.32
1156.32
1190.72
1014.96
1014.96
1104.43
1301.31
1301.31
953.21
44.48
443.13
443.13
443.13
443.13
443.13
443.13
736.79
718.25
778.50
778.50
996.74
1255.12
115.47
115.47
643.11
643.11
21.21
21.21
658.97
658.97
748.72
748.72
1035.10
1035.10
938.62
938.62
23.45
23.45
37.28
37.28
410.66
410.66
410.66
853.30
559.21
559.21
407.07
407.07
1047.32
1047.32
384.43
384.43
896.69
896.69
896.69
35.00
35.00
560.40
560.40
957.15
957.15
957.15
835.96
835.96
835.96
835.96
1159.62
1159.62
1159.62
346.08
346.08
346.08
346.08
435.57
98.53
98.53
98.53
17.26
17.26
17.26
17.26
765.72
696.64
696.64
595.71
595.71
724.72
724.72
277.08
57.67
789.45
789.45
686.10
686.10
862.01
862.01
793.13
793.13
757.48
806.20
806.20
806.20
806.20
806.20
806.20
364.53
907.89
360.39
360.39
365.19
733.03
526.45
526.45
747.87
1199.37
501.55
777.31
777.31
639.75
639.75
1097.00
1097.00
882.60
882.60
1024.08
1024.08
455.56
455.56
673.00
673.00
673.00
89.05
168.59
168.59
168.59
168.59
261.91
261.91
928.59
928.59
928.59
815.90
815.90
288.42
288.42
288.42
54.56
54.56
404.76
404.76
685.68
685.68
685.68
685.68
855.11
855.11
855.11
855.11
714.26
770.41
770.41
770.41
770.41
770.41
770.41
462.27
21.07
21.07
18.61
18.61
380.85
380.85
812.83
22.51
322.52
322.52
173.31
173.31
264.96
658.17
658.17
658.17
40.29
701.92
701.92
759.45
759.45
476.21
476.21
476.21
1062.76
1062.76
438.40
438.40
438.40
508.03
508.03
659.89
276.37
276.37
978.77
978.77
79.48
79.48
699.98
699.98
24.41
24.41
24.41
149.91
108.72
108.72
108.72
108.72
833.33
1170.13
766.83
766.83
851.83
851.83
881.53
881.53
881.53
881.53
881.53
881.53
842.05
473.84
527.98
527.98
783.04
783.04
40.16
40.16
40.16
762.62
762.62
762.62
762.62
867.40
719.95
719.95
728.02
728.02
728.02
574.69
574.69
574.69
679.34
679.34
641.28
641.28
860.33
860.33
860.33
1076.89
704.13
985.76
883.02
1135.97
982.59
982.59
1041.97
1041.97
679.27
679.27
70.25
70.25
807.15
807.15
996.60
996.60
220.31
220.31
1045.09
1045.09
1067.92
1067.92
1076.60
1076.60
1076.60
1076.60
754.25
754.25
457.86
457.86
217.92
217.92
1134.52
1134.52
552.96
552.96
621.41
621.41
795.63
795.63
821.22
821.22
666.77
666.77
823.76
823.76
1104.46
1104.46
22.52
22.52
22.52
546.65
546.65
546.65
163.83
163.83
163.83
163.83
540.89
540.89
540.89
920.14
534.97
534.97
534.97
534.97
534.97
534.97
534.97
130.66
130.66
130.66
395.43
394.55
182.37
182.37
776.88
776.88
776.88
165.27
165.27
462.15
462.15
26.19
26.19
26.19
26.19
26.19
539.35
539.35
201.53
201.53
329.15
599.46
599.46
252.94
252.94
312.77
479.17
479.17
490.55
490.55
238.79
238.79
238.79
366.76
468.43
468.43
712.07
511.16
498.64
498.64
307.66
307.66
500.57
500.57
500.57
500.57
500.57
561.24
561.24
561.24
705.30
621.09
621.09
621.09
815.50
660.65
963.69
963.69
76.33
76.33
738.96
738.96
477.32
477.32
676.35
676.35
527.91
527.91
56.70
56.70
447.91
447.91
562.26
562.26
562.26
562.26
120.12
120.12
120.12
535.74
384.63
384.63
464.04
464.04
464.04
464.04
388.74
388.74
388.74
392.16
392.16
608.40
608.40
241.40
241.40
778.33
778.33
487.12
553.94
553.94
281.12
281.12
281.12
109.40
109.40
109.40
109.40
109.40
109.40
183.60
138.58
138.58
741.40
717.20
651.84
651.84
381.94
381.94
381.94
823.72
24.45
24.45
709.78
700.91
700.91
478.41
478.41
970.56
970.56
970.56
274.56
274.56
274.56
53.53
53.53
53.53
53.53
437.12
115.70
115.70
301.00
301.00
113.28
113.28
386.38
386.38
386.38
243.95
89.03
89.03
89.03
588.79
588.79
53.91
53.91
941.63
114.86
114.86
1028.14
519.13
446.44
446.44
401.78
401.78
401.78
401.78
415.67
1096.20
1096.20
349.45
349.45
349.45
349.45
20.96
20.96
271.21
271.21
317.62
317.62
317.62
631.94
486.02
486.02
175.57
916.12
916.12
916.12
747.28
1111.89
232.17
232.17
232.17
540.71
540.71
540.71
540.71
72.31
72.31
682.30
678.84
678.84
492.13
492.13
488.13
488.13
1041.72
1041.72
991.09
991.09
805.86
805.86
805.86
352.32
34.65
34.65
34.65
833.76
18.95
23.01
489.82
489.82
489.82
489.82
489.82
489.82
489.82
23.74
23.74
70.67
10.00
10.00
445.73
74.34
74.34
23.54
23.54
538.92
922.62
922.62
922.62
565.13
565.13
991.93
991.93
361.62
361.62
444.34
444.34
1141.04
1141.04
1141.04
1141.04
817.92
849.99
849.99
179.11
179.11
141.06
141.06
113.90
113.90
1039.93
1039.93
10.00
10.00
253.34
253.34
253.34
253.34
253.34
76.42
62.83
102.81
102.81
10.00
148.11
148.11
438.67
760.45
268.46
268.46
244.22
787.47
787.47
529.93
529.93
529.93
529.93
529.93
394.31
15.51
15.51
15.51
466.54
183.05
183.05
731.17
311.52
311.52
1049.71
1049.71
1049.71
1049.71
830.42
830.42
1038.66
1038.66
223.37
275.67
185.50
185.50
185.50
185.50
185.50
185.50
109.91
109.91
109.91
900.99
517.45
517.45
89.95
89.95
699.71
699.71
133.25
133.25
133.25
133.25
633.99
633.99
113.59
113.59
61.20
251.06
640.33
640.33
640.33
784.27
784.27
784.27
11.03
11.03
11.03
11.03
11.03
10.00
10.00
101.30
167.95
92.66
92.66
307.80
204.61
204.61
204.61
204.61
204.61
204.61
204.61
75.38
33.10
45.29
253.75
253.75
15.67
445.52
515.53
499.19
499.19
627.56
627.56
627.56
627.56
627.56
627.56
775.30
775.30
671.23
18.55
18.55
622.43
622.43
17.37
17.37
17.37
471.55
471.55
80.30
80.30
80.30
23.87
23.87
250.91
574.57
574.57
574.57
10.00
18.25
18.25
383.50
383.50
813.83
69.52
316.11
316.11
43.30
43.30
43.30
43.30
43.30
242.54
242.54
72.78
430.27
694.09
165.16
308.45
308.45
11.73
11.73
1045.67
1045.67
804.27
804.27
265.68
265.68
387.11
834.85
834.85
834.85
10.00
10.00
10.00
325.53
325.53
59.99
59.99
370.95
370.95
370.95
76.65
76.65
76.65
738.30
738.30
35.93
783.51
14.26
14.26
52.38
52.38
402.01
402.01
72.89
72.89
72.89
113.83
113.83
56.80
56.80
56.80
56.80
49.94
49.94
49.94
72.39
36.41
36.41
430.37
430.37
1055.09
1055.09
488.92
488.92
294.33
294.33
294.33
1122.31
1122.31
518.18
518.18
457.37
457.37
730.28
916.18
1028.06
1028.06
1028.06
27.12
27.12
373.81
373.81
751.06
751.06
751.06
873.43
873.43
648.14
648.14
33.54
33.54
466.30
62.65
62.65
165.05
165.05
165.05
466.41
466.41
530.67
530.67
479.54
479.54
557.29
557.29
928.11
542.14
498.04
498.04
498.04
498.04
498.04
498.04
261.66
261.66
646.58
646.58
552.41
871.03
24.29
24.29
24.29
25.07
25.07
25.07
141.15
141.15
141.15
310.16
27.18
27.18
343.75
343.75
307.46
307.46
307.46
15.84
15.84
566.44
566.44
566.44
154.74
815.75
815.75
940.93
940.93
525.10
525.10
10.00
10.00
330.09
330.09
784.70
784.70
203.93
203.93
748.85
24.63
350.36
350.36
448.11
448.11
448.11
10.00
10.00
898.42
898.42
22.60
22.60
647.08
1084.25
1084.25
1084.25
132.05
132.05
132.05
687.98
687.98
147.77
147.77
147.77
506.81
506.81
78.44
78.44
32.33
32.33
32.33
598.70
598.70
65.44
457.14
457.14
657.01
931.92
931.92
134.54
134.54
829.69
829.69
430.70
461.42
461.42
461.42
14.29
14.29
14.29
14.29
14.29
10.00
225.27
225.27
131.35
491.10
491.10
16.98
16.98
612.92
113.53
10.00
10.00
604.13
604.13
604.13
603.46
603.46
705.87
705.87
459.87
459.87
459.87
130.91
130.91
153.06
842.47
393.45
393.45
687.90
687.90
687.90
804.97
804.97
804.97
16.57
16.57
1139.57
1139.57
768.54
768.54
793.82
765.12
396.28
396.28
483.52
483.52
612.08
612.08
997.19
997.19
476.18
476.18
879.53
824.66
1048.46
722.38
722.38
630.27
630.27
774.82
774.82
1187.84
1187.84
940.29
940.29
440.46
440.46
1090.46
1090.46
663.07
663.07
1167.43
1167.43
952.90
952.90
694.62
694.62
803.54
803.54
1022.82
1022.82
624.14
624.14
156.62
156.62
19.63
19.63
220.87
220.87
1063.97
1063.97
670.88
670.88
670.88
1114.47
1114.47
1114.47
379.82
379.82
970.97
1148.07
1148.07
1148.07
954.49
954.49
1070.80
1122.22
765.63
765.63
953.03
953.03
1002.07
1002.07
1028.56
1028.56
1082.52
1082.52
391.95
391.95
589.32
589.32
651.82
651.82
17.59
17.59
854.15
854.15
854.15
854.15
1000.09
1000.09
796.23
796.23
835.73
835.73
726.81
726.81
829.46
829.46
680.31
680.31
21.86
21.86
21.86
21.86
151.06
151.06
158.68
158.68
158.68
247.88
561.03
125.01
207.32
207.32
848.92
848.92
848.92
848.92
848.92
942.90
942.90
942.90
942.90
898.72
1109.74
645.08
645.08
173.14
173.14
991.58
991.58
492.46
492.46
492.46
248.00
654.04
654.04
901.19
901.19
1006.90
1006.90
1006.90
1006.90
621.85
621.85
621.85
941.92
941.92
275.44
275.44
275.44
58.44
58.44
916.84
916.84
916.84
58.54
769.70
769.70
769.70
42.90
42.90
42.90
59.96
59.96
59.96
876.98
876.98
876.98
508.16
1003.58
466.76
24.98
24.98
24.98
1021.08
1021.08
334.56
334.56
231.87
231.87
231.87
667.99
667.99
794.46
513.00
1109.12
985.58
714.96
504.62
326.02
485.79
485.79
357.77
357.77
697.06
697.06
697.06
697.06
607.92
607.92
607.92
607.92
82.98
245.36
245.36
245.36
751.05
751.05
246.06
639.03
639.03
183.66
183.66
183.66
210.07
210.07
210.07
302.10
302.10
302.10
315.72
424.86
424.86
424.86
1069.34
1069.34
929.36
929.36
600.87
275.65
275.65
275.65
17.74
17.74
526.82
526.82
526.82
1084.28
1084.28
111.85
111.85
1064.13
1064.13
617.09
617.09
1053.75
1053.75
804.76
804.76
804.76
804.76
473.30
473.30
709.16
10.00
10.00
126.37
38.70
38.70
13.96
13.96
13.96
13.96
13.96
297.10
308.99
532.53
589.37
589.37
313.42
313.42
993.69
1172.08
1172.08
1172.08
110.24
769.77
984.36
984.36
521.34
521.34
521.34
521.34
521.34
521.34
639.65
29.05
646.94
646.94
1075.78
1075.78
185.46
185.46
185.46
631.05
631.05
425.04
425.04
460.08
460.08
460.08
460.08
460.08
516.54
516.54
516.54
12.87
70.32
478.94
598.25
598.25
598.25
840.44
840.44
840.44
542.57
1252.74
184.42
184.42
461.66
763.05
763.05
763.05
130.02
130.02
1316.71
1316.71
1316.71
696.37
696.37
696.37
34.04
34.04
1256.64
1256.64
744.17
581.29
581.29
762.35
762.35
762.35
762.35
681.28
681.28
681.28
1061.25
788.87
931.48
1089.30
1089.30
1089.30
1089.30
645.55
645.55
405.96
1514.72
1514.72
104.10
16.77
590.50
590.50
590.50
60.19
60.19
298.56
298.56
453.73
453.73
453.73
453.73
24.85
1276.45
1276.45
443.03
443.03
1208.38
1208.38
67.75
69.00
69.00
69.00
1355.55
113.46
113.46
113.46
1020.18
1020.18
1020.18
1503.78
1503.78
1503.78
1441.59
1441.59
864.55
864.55
864.55
758.95
758.95
448.59
448.59
448.59
448.59
371.04
371.04
610.29
1129.44
590.51
590.51
590.51
189.68
189.68
1168.60
1168.60
1168.60
591.50
591.50
206.86
1043.35
666.75
666.75
1101.72
675.48
795.29
795.29
1203.82
1203.82
303.19
303.19
449.48
449.48
1051.36
1051.36
457.68
457.68
68.45
68.45
1460.18
1460.18
806.20
806.20
822.20
822.20
746.49
746.49
254.49
254.49
66.26
66.26
1081.97
1081.97
834.58
834.58
77.60
77.60
1274.35
1274.35
1367.20
1367.20
24.15
24.15
360.31
360.31
623.40
623.40
99.82
99.82
869.92
869.92
258.53
258.53
504.20
504.20
27.57
27.57
1027.88
1027.88
1456.57
1456.57
1463.81
1463.81
955.57
955.57
28.48
28.48
1523.28
1523.28
21.16
21.16
136.56
136.56
1171.63
1171.63
809.98
809.98
1298.15
1298.15
1011.20
1011.20
1171.40
1171.40
1123.51
1123.51
1143.81
1143.81
1429.10
1429.10
712.12
712.12
1173.63
1173.63
1173.63
1173.63
1446.82
1047.06
171.19
171.19
802.80
802.80
183.97
183.97
363.57
363.57
636.22
636.22
988.63
988.63
724.41
724.41
24.93
24.93
24.93
461.49
461.49
461.49
562.56
562.56
562.56
750.43
1088.58
1088.58
891.37
891.37
1108.11
1108.11
1346.13
1346.13
827.42
827.42
827.42
179.58
1172.78
1172.78
610.16
610.16
758.91
758.91
902.14
902.14
483.45
483.45
506.19
506.19
506.19
506.19
506.19
506.19
506.19
1350.47
1350.47
1350.47
1350.47
343.18
343.18
343.18
553.87
553.87
553.87
32.78
604.11
644.73
792.34
33.42
33.42
33.42
33.42
1279.68
1279.68
1279.68
1107.34
1107.34
1056.90
1298.26
435.83
435.83
435.83
1393.54
1393.54
1393.54
308.59
308.59
428.69
428.69
1002.93
1002.93
406.93
555.84
628.46
628.46
122.53
122.53
122.53
808.30
28.61
623.94
623.94
419.60
419.60
419.60
650.94
650.94
991.28
991.28
991.28
991.28
245.29
350.94
350.94
350.94
350.94
97.39
453.06
453.06
453.06
249.25
408.84
408.84
408.84
408.84
35.74
35.74
794.38
1011.44
1011.44
1468.74
1468.74
1468.74
639.72
639.72
639.72
1135.18
1135.18
431.48
431.48
204.29
476.89
476.89
110.02
969.75
969.75
969.75
11.60
11.60
11.60
240.81
240.81
258.35
258.35
1048.56
578.99
578.99
271.34
271.34
271.34
271.34
271.34
271.34
1383.38
1551.61
785.02
785.02
236.34
494.47
1414.77
1414.77
339.02
935.02
935.02
890.99
890.99
890.99
890.99
611.01
611.01
611.01
1339.48
1339.48
1310.25
1310.25
1310.25
1310.25
476.63
476.63
476.63
476.63
55.78
55.78
55.78
127.54
127.54
127.54
323.27
459.59
658.67
658.67
78.21
78.21
654.21
1479.70
456.38
456.38
570.39
18.54
18.54
628.19
628.19
628.19
628.19
1184.47
1184.47
1184.47
967.48
389.36
649.16
213.44
213.44
704.04
1213.98
1213.98
348.86
348.86
817.03
817.03
695.74
695.74
516.19
516.19
1438.73
1438.73
1438.73
1438.73
1489.13
1489.13
1489.13
1489.13
77.06
77.06
629.16
629.16
629.16
912.87
681.68
985.89
985.89
777.98
777.98
777.98
777.98
486.75
486.75
66.04
904.00
831.36
831.36
1308.39
1308.39
37.26
37.26
37.26
434.81
434.81
434.81
675.07
675.07
586.27
586.27
586.27
483.90
483.08
483.08
258.91
258.91
825.87
825.87
1379.75
1379.75
1379.75
26.18
26.18
195.84
195.84
99.45
99.45
99.45
347.88
347.88
347.88
347.88
69.78
69.78
242.97
242.97
859.37
859.37
345.62
345.62
198.63
624.29
1619.45
1619.45
1136.44
856.76
856.76
721.20
721.20
56.34
56.34
1335.50
1335.50
94.47
393.06
393.06
800.40
800.40
800.40
800.40
755.45
755.45
755.45
755.45
25.55
25.55
25.55
25.55
37.75
37.75
799.49
473.99
473.99
763.95
1031.03
1031.03
26.14
26.14
715.40
715.40
715.40
118.11
1054.68
1054.68
1054.68
33.15
278.54
278.54
294.72
294.72
139.70
139.70
139.70
276.79
628.45
784.35
142.24
889.13
889.13
22.75
22.75
22.75
22.75
176.76
176.76
14.28
14.28
14.28
576.46
576.46
132.82
132.82
431.82
661.10
661.10
661.10
446.91
1316.95
1316.95
94.11
94.11
1513.20
1513.20
1513.20
1451.04
1451.04
912.62
912.62
912.62
324.45
324.45
324.45
35.22
420.99
420.99
420.99
317.10
317.10
16.82
16.82
411.91
411.91
781.37
781.37
1085.60
1085.60
330.25
330.25
116.70
116.70
116.70
227.82
190.56
695.75
112.15
902.29
1328.13
1328.13
624.79
624.79
624.79
624.79
624.79
1096.65
1096.65
572.92
572.92
1490.69
73.19
73.19
73.19
73.19
574.63
404.50
404.50
404.50
36.21
36.21
36.21
36.21
36.21
112.71
112.71
223.26
223.26
74.57
102.26
102.26
672.98
76.77
76.77
76.77
1419.16
553.28
553.28
677.67
677.67
1105.45
1105.45
1105.45
1031.66
1031.66
439.46
439.46
439.46
98.95
651.69
651.69
502.80
722.83
722.83
1151.36
1151.36
386.45
386.45
587.73
587.73
587.73
587.73
1461.22
1461.22
193.64
1142.93
1142.93
38.44
1566.15
1566.15
25.47
25.47
841.27
841.27
993.51
993.51
1557.83
1509.53
1509.53
983.55
983.55
1187.63
1187.63
1187.63
1169.41
1169.41
139.90
36.50
25.67
25.67
25.67
117.37
117.37
117.37
1271.33
1271.33
628.99
628.99
783.04
783.04
462.32
462.32
462.32
462.32
93.03
93.03
93.03
126.71
230.07
301.91
301.91
1420.27
1420.27
667.45
667.45
929.59
929.59
502.30
502.30
1407.10
1407.10
1385.67
1385.67
436.60
1243.67
1243.67
1528.20
1370.94
1196.27
1196.27
1037.21
1403.33
1403.33
733.63
733.63
1040.11
933.61
933.61
351.09
351.09
403.87
403.87
838.84
838.84
838.84
217.91
217.91
814.58
814.58
1296.25
1296.25
1376.60
1376.60
1376.60
357.10
357.10
489.58
933.69
829.25
829.25
1298.64
1298.64
792.32
792.32
639.50
639.50
1013.95
1013.95
841.24
841.24
62.40
62.40
1585.43
1585.43
1465.65
1465.65
34.45
34.45
708.00
708.00
1591.54
1591.54
1275.95
1275.95
1378.86
1378.86
665.61
665.61
123.83
123.83
1075.66
1075.66
1075.66
574.25
574.25
1344.81
1344.81
1362.31
1362.31
561.60
561.60
248.60
248.60
356.09
356.09
1355.17
1355.17
631.73
631.73
63.84
698.43
698.43
698.43
1554.29
831.60
831.60
831.60
1118.01
1118.01
76.44
76.44
76.44
843.47
804.44
804.44
16.96
16.96
49.71
49.71
244.92
244.92
1190.30
1190.30
1027.60
1027.60
1101.91
1101.91
1417.31
1417.31
688.68
688.68
906.57
906.57
822.25
822.25
1075.08
1361.25
1361.25
1361.25
1386.69
1386.69
1243.93
1243.93
12.38
12.38
774.30
774.30
1516.43
1516.43
31.84
31.84
69.78
69.78
1083.80
1083.80
502.50
502.50
1089.88
1089.88
1057.00
1057.00
763.15
763.15
1053.79
1053.79
626.82
626.82
626.82
284.14
284.14
284.14
284.14
284.14
12.22
12.22
12.22
12.22
12.22
1036.00
700.30
700.30
700.30
700.30
700.30
92.44
92.44
92.44
748.98
241.03
241.03
157.48
12.72
12.72
519.60
519.60
10.81
10.81
13.13
673.90
673.90
19.81
19.81
380.00
380.00
380.00
14.25
14.25
362.99
362.99
236.91
236.91
236.91
445.74
445.74
1059.34
216.15
216.15
216.15
390.33
390.33
21.49
21.49
243.31
243.31
1179.55
817.44
817.44
817.44
352.52
352.52
741.06
833.93
833.93
833.93
193.28
600.33
508.01
508.01
508.01
698.20
698.20
286.98
286.98
286.98
286.98
193.43
193.43
296.40
296.40
296.40
21.54
361.22
361.22
361.22
404.74
42.60
767.78
808.42
808.42
1162.27
127.95
127.95
127.95
616.90
616.90
131.96
683.38
683.38
225.77
225.77
135.09
135.09
135.09
661.17
661.17
661.17
1216.70
1216.70
1498.27
1498.27
101.99
101.99
729.49
1355.46
1355.46
1037.08
1037.08
1363.15
1363.15
1363.15
538.67
187.53
187.53
645.94
645.94
16.60
16.60
498.70
330.76
330.76
330.76
330.76
330.76
556.15
461.31
39.62
39.62
1291.94
1291.94
42.68
42.68
737.93
737.93
737.93
737.93
10.00
917.97
202.34
202.34
275.30
275.30
275.30
275.30
698.00
698.00
998.12
332.72
650.00
650.00
22.31
694.82
694.82
289.55
289.55
289.55
289.55
289.55
1349.14
1349.14
1349.14
297.59
297.59
297.59
105.70
105.70
1090.95
1090.95
95.11
95.11
95.11
95.11
517.09
517.09
1115.90
638.51
538.59
538.59
538.59
538.59
20.53
20.53
20.53
545.50
545.50
401.57
401.57
143.66
143.66
143.66
143.66
143.66
143.66
10.00
10.00
220.25
191.14
191.14
507.13
507.13
335.13
335.13
10.00
10.00
411.18
1619.88
541.13
464.95
464.95
464.95
464.95
751.16
751.16
751.16
494.54
1265.86
792.14
1229.57
398.15
398.15
398.15
310.63
1260.05
1126.96
340.58
340.58
834.92
158.72
158.72
538.09
538.09
538.09
1524.14
1524.14
1193.99
1193.99
1193.99
67.79
675.23
675.23
675.23
131.07
131.07
37.71
37.71
1127.82
1456.76
1508.95
1508.95
288.41
288.41
1088.01
1088.01
1076.10
665.64
665.64
1520.82
1520.82
834.95
834.95
834.95
1357.21
1357.21
1411.89
1411.89
1192.74
943.22
943.22
1403.18
1403.18
687.35
687.35
1325.55
1325.55
51.61
51.61
705.73
705.73
671.52
671.52
1250.62
1250.62
1311.11
1311.11
1536.63
1536.63
1449.07
1449.07
993.35
993.35
1066.03
1066.03
37.30
37.30
497.78
497.78
496.69
496.69
57.98
57.98
1388.44
1388.44
1388.44
1388.44
296.25
296.25
1281.41
1281.41
1195.70
1195.70
1234.16
1234.16
1608.33
1608.33
28.36
28.36
1022.48
1022.48
885.04
885.04
1231.86
1231.86
740.20
740.20
1084.91
1084.91
488.81
488.81
488.81
685.58
869.60
869.60
869.60
869.60
1582.87
1582.87
919.23
919.23
1271.87
1271.87
1316.98
1316.98
749.57
749.57
1054.82
1054.82
421.92
421.92
1565.69
1565.69
392.59
392.59
392.59
1387.82
1387.82
1387.82
1387.82
609.01
609.01
953.30
1030.18
1030.18
771.88
771.88
1208.66
1208.66
662.56
1129.18
1129.18
1658.67
1658.67
1658.67
1658.67
689.09
689.09
689.09
1454.57
1454.57
1454.57
1454.57
294.64
294.64
294.64
968.72
968.72
1539.44
1539.44
1179.69
1078.11
963.30
963.30
1284.03
129.35
502.78
502.78
577.61
577.61
616.26
616.26
616.26
616.26
123.19
123.19
1467.21
1467.21
30.98
30.98
425.00
1439.81
1439.81
1439.81
783.17
763.99
763.99
763.99
420.06
420.06
1419.20
1419.20
1487.05
1487.05
55.67
1385.41
101.85
1072.82
1072.82
1072.82
19.94
19.94
625.91
625.91
870.25
870.25
1282.58
1282.58
1282.58
839.70
839.70
1648.79
1648.79
294.55
294.55
294.55
294.55
27.44
27.44
300.88
300.88
300.88
592.85
592.85
53.57
53.57
998.24
998.24
200.77
200.77
200.77
200.77
200.77
200.77
1432.40
1432.40
1432.40
1204.70
1084.23
1084.23
809.69
563.23
563.23
508.87
1097.19
1097.19
1097.19
1340.34
1340.34
1340.34
36.61
36.61
36.61
427.62
427.62
729.53
442.76
442.76
442.76
864.22
864.22
864.22
864.22
105.00
105.00
796.87
796.87
50.93
119.70
36.63
355.83
356.82
356.82
219.46
219.46
219.46
1138.88
1138.88
1176.77
412.94
412.94
412.94
217.47
217.47
278.50
278.50
278.50
509.74
509.74
509.74
509.74
812.04
812.04
558.20
558.20
113.25
113.25
152.70
152.70
152.70
176.63
325.56
713.11
713.11
361.85
361.85
361.85
723.82
541.66
541.66
1591.10
41.72
41.72
962.78
962.78
906.01
906.01
906.01
1001.78
133.98
997.14
997.14
997.14
655.71
655.71
655.71
655.71
543.73
543.73
757.82
757.82
757.82
991.25
774.55
974.67
974.67
974.67
974.67
988.54
1266.13
1266.13
375.82
1266.06
1266.06
1591.95
817.62
1123.36
1230.05
1230.05
517.16
517.16
517.16
416.19
416.19
685.84
685.84
685.84
25.36
25.36
25.36
25.36
1365.08
1365.08
1365.08
1365.08
1081.37
1081.37
1081.37
86.34
86.34
516.92
672.63
672.63
672.63
671.24
671.24
635.93
1374.24
1374.24
63.21
1507.72
723.79
723.79
1417.23
1417.23
140.09
140.09
1307.41
1307.41
1442.51
1442.51
1438.57
283.39
862.06
862.06
1381.04
1381.04
1276.85
1276.85
991.51
991.51
991.51
90.40
90.40
90.40
1238.08
1238.08
538.72
538.72
1228.85
1228.85
181.52
1521.40
1429.77
1429.77
1572.28
1572.28
851.50
851.50
249.18
249.18
249.18
616.90
616.90
616.90
616.90
24.38
24.38
24.38
24.38
1430.10
1430.10
1430.10
1430.10
1430.10
664.65
664.65
1352.66
865.09
142.13
142.13
1208.17
838.73
838.73
838.73
838.73
1412.09
1412.09
1412.09
1412.09
1079.85
15.71
537.27
537.27
537.27
537.27
881.81
881.81
881.81
239.01
681.05
984.18
984.18
1334.56
1334.56
19.95
19.95
19.95
168.04
168.04
1079.27
1079.27
1081.26
1081.26
1054.65
452.00
452.00
452.00
755.89
755.89
755.89
1370.41
1370.41
1370.41
354.83
354.83
89.39
89.39
1271.57
97.78
97.78
97.78
97.78
97.78
639.24
639.24
619.36
712.90
712.90
1125.54
598.08
598.08
32.91
32.91
32.91
191.63
1143.21
1143.21
937.03
127.05
127.05
1195.22
37.51
37.51
1584.72
1584.72
1584.72
1036.23
1353.39
1006.08
1006.08
87.81
87.81
1150.83
1150.83
1441.57
812.52
812.52
812.52
760.21
550.27
550.27
811.17
811.17
811.17
616.82
656.95
656.95
635.37
635.37
635.37
638.31
638.31
638.31
1485.41
1485.41
1416.34
1310.15
1310.15
1083.26
1083.26
1213.62
1444.58
1007.93
1007.93
545.97
793.82
1214.38
1214.38
352.82
352.82
300.08
300.08
300.08
661.94
661.94
1609.31
1609.31
565.47
565.47
565.47
1227.65
1227.65
1227.65
1514.30
1514.30
1514.30
1391.17
1391.17
1218.65
1218.65
1165.56
478.25
478.25
1270.87
1270.87
803.42
803.42
803.42
742.22
624.17
624.17
624.17
624.17
624.17
715.21
715.21
715.21
877.66
877.66
1140.02
1140.02
1140.02
1364.40
1364.40
1364.40
1364.40
1540.69
1540.69
25.57
1361.03
1301.08
1301.08
1306.32
1538.82
806.11
1143.82
361.58
1443.99
372.67
372.67
215.00
215.00
215.00
215.00
655.66
655.66
655.66
655.66
680.86
680.86
680.86
680.86
1356.95
1356.95
1356.95
1356.95
1317.50
226.96
695.39
1368.89
1368.89
835.58
472.08
773.03
1042.49
1042.49
87.70
87.70
797.94
797.94
1426.15
1426.15
1318.12
1318.12
1525.35
1525.35
1181.29
1181.29
1181.29
1531.00
1349.32
1349.32
954.69
954.69
393.00
393.00
1043.94
1043.94
1371.13
1371.13
1371.13
1067.58
1208.25
1208.25
319.20
319.20
319.20
1244.10
1244.10
1123.08
1123.08
836.55
836.55
1591.83
1591.83
1121.44
1121.44
1121.44
368.67
368.67
368.67
368.67
884.23
1448.97
1448.97
538.51
538.51
884.66
884.66
884.66
276.74
38.86
38.86
841.19
1429.77
1429.77
1537.54
57.62
57.62
1031.62
1031.62
281.91
281.91
1459.56
1459.56
1514.53
1514.53
1208.12
1208.12
1416.31
1416.31
817.34
817.34
1502.89
1502.89
1610.99
1610.99
1355.68
1355.68
985.14
985.14
1566.19
1566.19
365.12
365.12
879.97
879.97
231.38
231.38
1486.49
1486.49
1540.22
1540.22
1134.03
1134.03
1467.51
1467.51
1003.96
1003.96
574.25
574.25
289.87
289.87
1456.23
1456.23
834.78
834.78
1203.53
1203.53
1128.44
1128.44
1361.64
1361.64
31.98
31.98
1505.98
1505.98
1391.29
1391.29
1272.95
1272.95
34.63
34.63
1204.91
1204.91
29.10
29.10
29.10
29.10
620.07
620.07
620.07
620.07
620.07
620.07
810.37
810.37
810.37
1412.79
1412.79
1457.86
1457.86
1457.86
1457.86
451.65
451.65
699.86
699.86
65.90
1546.98
1546.98
1544.91
1544.91
67.83
1520.16
1520.16
183.14
183.14
183.14
183.14
772.35
772.35
955.34
955.34
955.34
498.97
1110.37
678.50
678.50
1480.64
1480.64
1480.64
1480.64
538.53
538.53
538.53
538.53
529.96
529.96
529.96
529.96
529.96
1217.33
1217.33
294.15
294.15
1164.92
1164.92
1164.92
1164.92
336.50
336.50
1356.17
1356.17
907.71
907.71
1308.19
1308.19
419.20
419.20
890.15
1180.46
283.19
283.19
283.19
54.26
54.26
1084.86
1084.86
335.22
1393.60
1412.36
1412.36
1412.36
222.94
222.94
1277.01
1277.01
129.48
129.48
129.48
1241.56
885.27
833.08
833.08
833.08
833.08
833.08
221.62
221.62
221.62
485.71
567.46
567.46
675.77
675.77
551.70
551.70
974.87
974.87
974.87
284.70
284.70
298.65
111.84
111.84
82.31
82.31
48.91
48.91
24.64
24.64
24.64
584.66
23.77
550.61
550.61
46.48
1375.95
67.60
67.60
327.34
1165.67
1165.67
955.51
955.51
955.51
955.51
955.51
955.51
1178.28
839.59
215.74
638.90
837.06
685.20
685.20
99.61
99.61
713.02
713.02
713.02
713.02
713.02
713.02
112.32
112.32
58.12
58.12
58.12
58.12
800.73
800.73
1030.44
1030.44
283.37
283.37
1098.82
1098.82
951.26
1313.72
1313.72
1313.72
690.04
690.04
1089.07
1089.07
1089.07
774.59
774.59
121.18
121.18
1106.72
1106.72
1106.72
876.48
876.48
876.48
876.48
663.96
663.96
299.49
299.49
958.60
481.35
481.35
381.86
381.86
381.86
381.86
972.30
972.30
972.30
293.11
293.11
293.11
732.04
529.28
529.28
777.44
777.44
428.76
607.18
630.84
180.13
180.13
1142.99
1321.51
401.97
401.97
134.10
831.10
831.10
112.96
112.96
1413.26
1413.26
1401.45
1401.45
1203.38
1203.38
1388.90
1388.90
428.35
428.35
1348.49
1348.49
726.36
726.36
1398.81
1398.81
416.80
416.80
94.37
94.37
1220.63
1220.63
94.05
94.05
1270.84
1270.84
623.89
623.89
1277.56
1277.56
1306.30
1306.30
654.65
654.65
767.18
767.18
626.22
626.22
654.89
654.89
200.81
200.81
735.88
735.88
882.67
882.67
1084.85
1084.85
1084.85
489.34
489.34
587.25
168.40
168.40
1155.50
1155.50
466.93
466.93
1418.18
1418.18
45.36
45.36
1293.59
1293.59
118.28
118.28
29.19
29.19
29.19
27.81
27.81
27.81
27.81
27.81
441.96
441.96
441.96
441.96
441.96
854.81
854.81
1268.78
1268.78
393.50
393.50
393.50
1070.44
728.37
728.37
479.37
1333.82
1333.82
1333.82
30.53
30.53
30.53
735.73
735.73
1411.18
1411.18
15.33
15.33
967.19
967.19
352.30
199.59
199.59
199.59
37.04
37.04
12.00
12.00
753.06
753.06
1286.51
1286.51
1649.00
1099.06
1324.52
1324.52
1178.05
778.03
778.03
1343.76
1343.76
680.64
321.25
321.25
483.33
483.33
825.61
278.24
800.99
800.99
170.53
170.53
170.53
170.53
845.27
845.27
165.83
165.83
877.81
877.81
282.02
282.02
803.44
803.44
646.73
646.73
1187.09
1187.09
949.95
949.95
1327.92
1327.92
141.45
141.45
141.45
141.45
35.79
35.79
930.87
930.87
508.99
508.99
380.88
380.88
380.88
380.88
919.32
919.32
647.00
647.00
647.00
81.59
1415.41
1415.41
1415.41
855.07
855.07
625.79
625.79
754.27
754.27
754.27
1304.52
1304.52
1304.52
411.25
411.25
411.25
1246.92
1246.92
169.57
169.57
169.57
169.57
1020.22
1020.22
1020.22
1020.22
1020.22
1020.22
926.92
1104.65
1104.65
429.22
1372.06
1372.06
1372.06
188.16
188.16
1473.61
1237.03
1111.16
669.02
669.02
669.02
1330.97
1216.98
1289.16
428.28
1334.40
1395.28
1395.28
1432.94
1432.94
1574.23
1574.23
835.68
835.68
467.47
467.47
1589.63
1589.63
284.20
284.20
944.68
944.68
416.85
416.85
1107.55
1107.55
935.53
935.53
489.77
489.77
358.76
358.76
1376.27
1376.27
1138.89
1138.89
685.66
685.66
393.86
393.86
884.81
884.81
1465.60
1465.60
698.96
698.96
788.15
788.15
1167.91
1167.91
127.41
127.41
180.24
180.24
180.24
29.36
29.36
1031.22
1031.22
1031.22
1031.22
1246.21
980.48
980.48
799.05
799.05
799.05
476.98
476.98
476.98
1358.28
1358.28
1540.73
1540.73
90.46
90.46
1221.77
1221.77
1221.77
1221.77
161.48
161.48
866.52
427.41
26.33
26.33
26.33
1359.52
732.22
732.22
1474.40
1474.40
663.35
663.35
1389.29
1389.29
867.46
867.46
867.46
867.46
335.74
335.74
1200.02
1200.02
545.74
545.74
517.20
517.20
1014.58
1014.58
1551.17
1551.17
836.15
836.15
18.51
18.51
118.12
118.12
305.00
305.00
690.83
690.83
1029.15
1029.15
1456.53
1456.53
33.65
33.65
204.26
204.26
1093.37
1093.37
1022.97
1022.97
888.44
888.44
21.96
21.96
130.43
130.43
1436.69
1436.69
1105.35
1105.35
446.58
446.58
151.15
151.15
880.30
880.30
1462.34
1462.34
140.78
140.78
27.57
27.57
1370.98
1370.98
129.54
129.54
1244.70
1244.70
1244.70
1244.70
1244.70
296.26
296.26
296.26
503.23
503.23
503.23
503.23
37.46
37.46
350.24
350.24
887.47
887.47
887.47
887.47
791.95
791.95
1382.73
1382.73
806.97
1017.60
1017.60
1017.60
1017.60
1292.39
1292.39
774.30
774.30
774.30
522.76
522.76
582.90
700.57
1062.51
1062.51
56.80
56.80
1196.71
1196.71
1108.09
1218.70
1476.45
1476.45
1330.53
1393.93
1178.93
1178.93
1346.38
1346.38
1209.95
1209.95
1496.80
1496.80
674.70
674.70
1275.61
1275.61
442.53
442.53
464.06
464.06
512.25
512.25
557.81
557.81
1263.48
1263.48
989.82
989.82
936.81
936.81
1174.57
1174.57
889.05
889.05
16.10
16.10
18.58
18.58
1420.36
1420.36
1477.76
1477.76
908.66
908.66
334.61
334.61
572.21
572.21
208.48
208.48
335.38
335.38
335.38
34.23
34.23
1028.20
1028.20
1201.82
1201.82
1201.82
378.83
378.83
378.83
22.86
22.86
22.86
22.86
985.97
867.06
867.06
777.30
777.30
777.30
777.30
1373.01
1373.01
1373.01
512.67
512.67
1257.44
1257.44
1446.21
259.08
259.08
146.05
146.05
146.05
255.24
255.24
255.24
759.17
759.17
1065.39
1065.39
1065.39
1065.39
437.47
437.47
437.47
340.31
85.66
586.96
586.96
87.42
87.42
1023.47
603.35
1181.26
1181.26
1181.26
605.26
605.26
436.15
436.15
1033.27
1033.27
23.18
23.18
23.18
377.23
50.06
50.06
861.02
408.88
408.88
408.88
26.80
26.80
1234.34
163.16
163.16
163.16
490.57
490.57
1188.16
573.54
573.54
573.54
573.54
838.20
350.80
350.80
224.49
224.49
800.36
800.36
162.46
162.46
508.45
508.45
556.17
556.17
556.17
522.55
941.85
941.85
57.26
57.26
455.93
455.93
88.05
88.05
246.22
246.22
16.84
16.84
192.38
192.38
1383.47
465.61
465.61
477.93
477.93
647.91
647.91
647.91
1087.41
30.34
1210.64
1210.64
250.05
250.05
1342.24
1342.24
1342.24
43.68
825.04
825.04
29.12
29.12
425.40
425.40
425.40
267.72
267.72
10.00
10.00
10.00
1352.35
1352.35
181.28
181.28
181.28
758.88
758.88
1233.86
591.71
591.71
1556.68
1345.11
1345.11
1345.11
893.21
893.21
893.21
1289.00
105.65
685.18
685.18
1456.43
1456.43
1456.43
897.42
897.42
897.42
1096.95
1096.95
1096.95
1096.95
535.49
535.49
390.88
390.88
651.52
651.52
103.99
103.99
103.99
103.99
652.05
652.05
652.05
33.03
26.98
26.98
1405.92
1405.92
1405.92
37.02
1617.61
1617.61
398.70
653.30
653.30
37.51
37.51
30.84
30.84
740.89
584.79
496.84
496.84
496.84
496.84
430.07
430.07
430.07
430.07
73.76
73.76
1486.22
827.75
1615.17
1615.17
1583.31
1583.31
1258.59
1258.59
1258.59
1015.52
1015.52
1015.52
1015.52
1055.14
1055.14
536.86
890.33
897.83
897.83
1203.63
1203.63
1309.51
1309.51
1420.56
1420.56
65.40
65.40
65.40
935.70
1070.80
1070.80
677.31
677.31
1119.34
1119.34
640.25
640.25
446.16
446.16
1176.06
1176.06
1176.06
952.01
952.01
952.01
952.01
1003.11
1003.11
1003.11
1003.11
614.40
614.40
614.40
1384.41
1384.41
1384.41
1359.16
1359.16
1257.96
1257.96
1257.96
1257.96
883.00
1234.34
845.37
845.37
836.01
836.01
836.01
959.05
959.05
786.63
786.63
786.63
1360.82
1360.82
1360.82
10.00
10.00
823.66
823.66
28.32
286.60
286.60
286.60
1188.75
1188.75
991.72
991.72
1310.76
1310.76
1310.76
1332.67
1332.67
422.14
422.14
422.14
512.56
173.93
173.93
173.93
355.90
355.90
998.89
645.58
650.21
650.21
74.33
1149.33
1149.33
1350.09
1350.09
1404.41
1404.41
736.50
736.50
646.02
1062.57
797.38
819.12
819.12
819.12
66.57
66.57
622.62
622.62
662.92
662.92
183.66
183.66
183.66
183.66
378.97
378.97
133.79
133.79
419.93
419.93
419.93
10.61
10.61
10.61
187.12
187.12
140.51
86.64
86.64
1119.27
1119.27
451.54
451.54
237.30
237.30
884.48
884.48
1270.51
1270.51
719.96
719.96
423.72
423.72
488.13
488.13
264.41
264.41
264.41
696.76
696.76
775.29
31.30
31.30
572.12
572.12
874.15
874.15
1370.39
1370.39
1432.81
1432.81
1152.92
1152.92
1152.92
1391.41
1391.41
471.45
471.45
471.45
586.25
586.25
548.01
548.01
548.01
597.56
597.56
66.32
520.91
520.91
926.17
162.32
1131.36
1131.36
397.45
397.45
1547.97
1547.97
1325.01
678.51
678.51
678.51
81.29
81.29
81.29
81.29
939.67
939.67
670.68
72.92
72.92
1078.94
1078.94
703.14
703.14
703.14
703.14
941.54
941.54
451.80
871.86
871.86
952.56
952.56
1240.75
568.39
192.46
32.75
32.75
32.75
32.75
1499.47
1499.47
22.20
22.20
1113.15
1113.15
1113.15
150.44
150.44
442.69
1222.98
1222.98
1222.98
1222.98
696.10
696.10
1174.73
1174.73
26.09
26.09
393.66
393.66
684.16
893.80
893.80
779.45
779.45
779.45
498.16
498.16
498.16
33.43
33.43
915.95
915.95
868.31
868.31
103.55
103.55
103.55
1458.10
1458.10
27.69
274.69
274.69
486.29
402.80
402.80
905.17
905.17
410.73
410.73
166.80
166.80
166.80
221.73
221.73
221.73
606.63
606.63
606.63
1096.87
1548.65
144.96
144.96
144.96
1174.64
1174.64
646.69
646.69
1503.14
1503.14
1503.14
87.47
87.47
87.47
676.79
676.79
676.79
959.78
959.78
420.44
420.44
79.12
908.11
908.11
908.11
912.13
912.13
171.40
171.40
715.04
715.04
553.49
1000.91
1000.91
1000.91
1488.12
1488.12
1383.00
1414.22
1326.60
96.59
1341.15
1341.15
525.27
1540.88
801.02
801.02
160.06
160.06
992.19
992.19
831.10
831.10
1017.15
1017.15
38.38
38.38
36.79
36.79
1380.06
1380.06
640.66
640.66
906.48
906.48
172.80
172.80
746.01
746.01
1478.55
1478.55
29.96
29.96
1273.28
1273.28
1299.62
1299.62
1438.12
1438.12
548.93
548.93
1340.37
1340.37
1573.24
1573.24
681.72
681.72
730.97
730.97
1496.17
1496.17
878.07
878.07
1046.93
1046.93
627.87
627.87
1572.46
1572.46
522.45
522.45
858.29
858.29
451.45
451.45
451.45
451.45
111.75
111.75
417.37
417.37
623.49
623.49
865.94
865.94
1314.41
1314.41
838.39
838.39
923.68
923.68
1384.21
1384.21
871.92
871.92
1366.99
1366.99
1203.52
1203.52
1066.06
1066.06
1243.95
1243.95
394.85
394.85
562.59
562.59
121.30
121.30
253.46
253.46
1340.78
1340.78
1200.67
1200.67
776.55
776.55
1166.00
1166.00
378.76
378.76
886.68
886.68
1203.88
1203.88
1263.88
1263.88
1263.88
1325.18
1325.18
122.68
122.68
122.68
122.68
122.68
122.68
287.03
287.03
35.13
35.13
35.13
10.00
10.00
10.00
390.85
390.85
390.85
453.16
453.16
43.49
43.49
607.80
607.80
728.30
728.30
228.67
228.67
1453.25
1453.25
361.82
361.82
361.82
139.52
747.91
747.91
747.91
475.39
475.39
1331.31
1331.31
1331.31
345.66
345.66
1614.50
530.34
530.34
1203.98
642.69
642.69
1403.17
1403.17
1438.16
1438.16
1331.99
1331.99
1211.09
1436.98
207.57
207.57
973.05
1230.85
1230.85
1492.80
699.46
699.46
251.14
251.14
251.14
251.14
251.14
1405.14
1405.14
1422.60
1422.60
1422.60
1422.60
812.84
812.84
812.84
816.10
816.10
692.88
697.35
697.35
714.30
628.46
665.02
665.02
665.02
665.02
387.81
387.81
387.81
387.81
703.78
703.78
742.52
742.52
742.52
742.52
1343.70
1343.70
927.33
672.21
672.21
1450.19
1450.19
1450.19
1524.23
1524.23
760.45
760.45
669.22
1213.48
1213.48
1213.48
1213.48
35.77
35.77
35.77
526.27
942.86
942.86
1375.72
421.82
421.82
495.95
495.95
813.58
813.58
282.52
282.52
1573.52
1573.52
1573.52
516.47
25.96
959.91
711.04
1180.70
1180.70
931.72
931.72
207.92
207.92
1314.28
1314.28
327.69
327.69
1127.48
1127.48
1009.03
1009.03
297.81
297.81
779.18
779.18
1320.95
1320.95
1147.07
1147.07
637.43
637.43
637.43
222.94
222.94
222.94
1189.25
1411.88
631.94
631.94
1183.53
1183.53
923.96
923.96
209.36
209.36
1515.94
1515.94
754.04
754.04
1370.52
1370.52
1522.05
1522.05
732.41
732.41
628.12
628.12
1202.21
1202.21
1438.00
1438.00
1470.19
1470.19
986.41
986.41
1539.77
1539.77
1297.50
1297.50
1297.93
1297.93
290.81
290.81
372.22
372.22
327.10
327.10
282.10
282.10
1351.89
1351.89
203.11
203.11
655.93
655.93
1446.74
1446.74
994.54
994.54
424.22
424.22
424.22
1086.48
1440.27
1440.27
1440.27
829.30
829.30
839.91
676.50
676.50
1519.11
1519.11
69.56
69.56
69.56
609.00
609.00
609.00
609.00
346.87
346.87
299.16
299.16
591.27
591.27
591.27
591.27
591.27
969.25
969.25
969.25
969.25
23.10
23.10
23.10
471.95
471.95
471.95
20.93
20.93
1252.29
1252.29
748.72
748.72
807.67
807.67
507.03
507.03
507.03
507.03
507.03
34.23
34.23
356.69
50.09
50.09
1637.70
1347.93
1347.93
558.80
558.80
564.60
564.60
92.14
92.14
1527.28
1527.28
1527.28
123.07
123.07
1189.54
361.94
925.75
544.11
378.34
378.34
821.09
821.09
821.09
1349.56
1349.56
1349.56
1349.56
1349.56
958.41
958.41
29.82
29.82
258.96
258.96
660.73
660.73
46.96
933.73
933.73
24.71
24.71
24.71
1154.57
1154.57
577.94
890.26
890.26
1609.96
1609.96
1082.62
1082.62
1328.34
1328.34
747.96
811.39
811.39
811.39
749.96
848.82
1631.70
1491.60
1491.60
686.60
686.60
686.60
809.53
809.53
809.53
55.55
55.55
55.55
1532.12
267.03
267.03
1398.08
1398.08
573.99
54.30
1556.68
1556.68
1556.68
76.70
76.70
76.70
76.70
76.70
510.33
177.73
177.73
501.57
16.38
1289.09
1289.09
1289.09
906.74
906.74
827.65
827.65
504.06
180.16
180.16
98.94
98.94
769.37
769.37
310.69
310.69
971.89
971.89
760.56
760.56
720.70
720.70
720.70
720.70
445.40
445.40
445.40
55.69
763.25
27.19
27.19
27.19
27.19
179.95
179.95
179.95
589.26
380.74
380.74
1351.63
903.46
903.46
347.92
347.92
314.31
1291.27
1291.27
1291.27
1554.94
750.68
750.68
994.92
14.30
1351.40
1351.40
27.46
27.46
27.46
40.27
323.90
323.90
24.21
24.21
979.67
979.67
979.67
979.67
129.40
561.69
561.69
561.69
20.13
1350.02
1350.02
1350.02
1246.95
1246.95
1246.95
892.56
892.56
892.56
69.30
69.30
69.30
24.28
469.20
1409.53
1409.53
900.37
60.78
60.78
60.78
60.78
1227.82
1227.82
1227.82
1227.82
1227.82
1227.82
1227.82
323.47
323.47
169.98
854.44
10.00
10.00
208.72
208.72
1471.37
1471.37
438.59
1104.95
994.84
994.84
994.84
994.84
535.38
521.34
521.34
579.70
579.70
579.70
1234.16
1234.16
1141.56
487.80
487.80
573.39
344.16
397.48
397.48
1513.06
27.33
27.33
27.33
1657.28
1657.28
1657.28
1657.28
1409.92
1409.92
1545.84
1545.84
1222.20
1222.20
1222.20
1222.20
461.16
461.16
1696.13
1696.13
584.30
30.15
30.15
46.63
46.63
46.63
1443.27
1443.27
1272.00
1272.00
974.55
938.69
938.69
1243.89
1243.89
1243.89
69.32
69.32
69.32
1076.22
1076.22
1076.22
1032.21
1032.21
112.94
112.94
48.84
1464.73
1464.73
567.53
567.53
312.69
312.69
13.21
13.21
13.21
587.13
587.13
355.35
355.35
829.39
1024.72
1024.72
355.60
355.60
798.34
1133.47
1133.47
1531.01
1531.01
1352.65
1352.65
1352.65
562.47
562.47
545.11
502.75
1414.51
1560.17
1560.17
546.57
546.57
204.17
204.17
1528.69
1528.69
1380.64
1380.64
1380.64
1263.51
1263.51
1263.51
1444.02
1444.02
34.76
34.76
34.76
766.31
980.67
1247.11
1247.11
763.54
763.54
763.54
572.83
572.83
572.83
572.83
834.94
834.94
334.56
151.57
151.57
735.56
735.56
735.56
374.83
374.83
889.85
889.85
118.17
118.17
134.11
703.99
703.99
818.97
818.97
647.45
447.25
447.25
447.25
447.25
1046.06
1046.06
1046.06
1046.06
1046.06
198.79
59.82
498.43
124.97
551.31
81.98
81.98
102.53
102.53
102.53
102.53
905.43
921.62
921.62
921.62
904.15
904.15
758.67
758.67
264.25
264.25
235.09
235.09
1104.88
1104.88
1104.88
1012.64
645.67
645.67
1011.73
1011.73
27.44
27.44
27.44
1138.68
753.76
753.76
753.76
1196.93
1169.04
1169.04
672.91
26.56
26.56
457.99
457.99
691.77
691.77
1399.16
706.78
1313.80
893.87
893.87
1458.60
747.16
747.16
769.56
769.56
496.30
496.30
66.46
66.46
452.53
452.53
1304.31
1304.31
747.66
747.66
958.47
958.47
303.22
303.22
1272.16
1272.16
784.59
784.59
1278.69
1278.69
1600.65
1600.65
114.35
114.35
118.59
118.59
886.10
886.10
455.21
455.21
1224.37
1224.37
674.65
674.65
1450.22
1450.22
841.88
841.88
833.02
833.02
1140.86
1140.86
683.82
683.82
609.09
609.09
440.50
440.50
1291.73
1291.73
10.00
10.00
564.63
564.63
1009.08
1009.08
1314.18
1314.18
967.70
967.70
967.70
255.48
255.48
255.48
255.48
255.48
255.48
1233.94
1233.94
17.63
17.63
1371.51
1371.51
1371.51
1406.27
1059.94
469.22
1208.09
1421.77
1421.77
938.48
938.48
313.29
313.29
158.43
158.43
1091.12
1091.12
1069.33
1069.33
200.23
200.23
778.63
778.63
29.24
29.24
1311.72
1311.72
1529.49
1529.49
866.56
866.56
1165.15
1165.15
1324.94
1324.94
390.94
390.94
299.06
299.06
355.35
355.35
378.90
378.90
627.20
627.20
1123.48
1123.48
554.59
554.59
1043.75
1043.75
709.21
709.21
815.93
815.93
1150.22
1150.22
1554.49
1554.49
1557.45
1557.45
732.15
732.15
732.15
951.24
951.24
951.24
951.24
961.30
961.30
961.30
961.30
961.30
961.30
195.68
195.68
195.68
124.59
124.59
124.59
34.92
34.92
327.35
327.35
101.20
101.20
66.00
66.00
288.74
24.51
1164.60
1164.60
1602.96
1602.96
615.51
615.51
1369.22
1369.22
1505.79
1505.79
1505.79
1378.29
1378.29
433.44
433.44
433.44
506.33
506.33
25.86
25.86
25.86
947.75
947.75
1417.44
1417.44
1274.57
1158.87
835.63
835.63
835.63
835.63
760.39
760.39
760.39
1092.86
1092.86
1092.86
1092.86
10.00
1134.95
33.58
1054.06
1054.06
1594.08
1594.08
1594.08
1594.08
1594.08
1594.08
10.00
10.00
846.67
846.67
85.04
195.50
195.50
888.84
625.01
625.01
625.01
104.88
104.88
104.88
760.85
760.85
24.55
24.55
675.81
675.81
675.81
47.27
251.30
841.98
841.98
841.98
803.75
1012.90
1012.90
1012.90
1012.90
58.50
58.50
16.69
16.69
16.69
1224.47
1224.47
134.65
134.65
710.24
451.78
432.44
432.44
1024.68
581.56
581.56
581.56
104.33
104.33
104.33
554.73
272.99
272.99
26.29
26.29
38.18
721.53
721.53
144.97
696.95
696.95
696.95
552.96
552.96
552.96
797.26
797.26
797.26
728.71
728.71
22.68
1415.42
1415.42
608.16
763.22
1056.85
1345.99
1345.99
657.49
657.49
1546.44
1546.44
1546.44
1646.26
149.01
885.31
967.72
256.94
1575.30
1575.30
1575.30
220.11
1111.76
1111.76
1111.76
691.22
712.45
712.45
712.45
712.45
631.13
631.13
631.13
253.57
593.98
593.98
593.98
593.98
593.98
598.40
598.40
688.60
688.60
688.60
688.60
1098.67
1098.67
1119.10
1119.10
821.79
821.79
821.79
594.33
594.33
877.22
877.22
89.94
826.60
826.60
1599.04
1599.04
1488.14
1488.14
1067.11
1067.11
1195.54
1195.54
1230.03
1230.03
1230.03
1230.03
1230.03
36.70
1312.53
111.87
111.87
1134.32
706.99
706.99
384.93
384.93
1531.43
1531.43
1531.43
1419.10
1267.33
1317.79
1419.25
23.02
23.02
584.75
516.88
1549.99
1549.99
136.41
136.41
111.09
111.09
111.09
471.12
471.12
471.12
471.12
471.12
471.12
129.77
841.97
719.23
719.23
301.56
301.56
301.56
301.56
301.56
1073.14
1073.14
295.86
168.21
1320.26
504.74
504.74
705.65
705.65
705.65
1570.72
938.10
938.10
938.10
1228.25
1228.25
1228.25
884.81
884.81
87.66
87.66
102.62
102.62
401.97
401.97
45.38
95.63
95.63
95.63
95.63
761.04
761.04
761.04
761.04
761.04
761.04
761.04
761.04
192.71
240.75
240.75
429.25
713.13
713.13
1335.12
1335.12
1335.12
754.17
635.13
635.13
635.13
737.56
737.56
737.56
678.08
678.08
1335.87
1335.87
203.85
945.96
1405.55
1405.55
1405.55
1002.26
1310.21
1367.76
852.03
372.11
372.11
372.11
1530.47
1009.72
1009.72
1009.72
644.49
774.40
774.40
978.57
978.57
33.45
33.45
1245.37
1245.37
612.17
612.17
904.31
904.31
681.57
681.57
1112.53
1112.53
307.31
307.31
1240.46
1240.46
1305.15
1305.15
351.76
351.76
692.47
692.47
296.15
296.15
903.84
903.84
181.44
181.44
90.45
90.45
226.42
226.42
1210.58
1210.58
341.60
341.60
1230.97
1230.97
736.44
736.44
725.85
725.85
923.24
923.24
1190.26
1190.26
418.12
418.12
594.25
594.25
617.70
617.70
437.41
437.41
559.88
559.88
64.83
64.83
701.57
701.57
1208.99
1208.99
1208.99
743.74
826.23
826.23
1092.21
1092.21
214.88
214.88
1374.91
1374.91
423.89
423.89
1266.36
1266.36
355.81
355.81
754.02
754.02
1055.78
1055.78
735.27
735.27
1485.86
1485.86
766.73
766.73
396.42
396.42
1344.08
1344.08
1344.08
652.18
707.03
707.03
707.03
707.03
707.03
87.64
87.64
87.64
1043.15
1043.15
1043.15
574.19
574.19
574.19
574.19
574.19
574.19
691.64
691.64
120.96
120.96
120.96
802.07
1084.43
686.07
686.07
686.07
1201.93
1378.82
1378.82
792.16
792.16
792.16
23.75
23.75
126.06
126.06
495.58
495.58
38.45
38.45
38.45
648.70
648.70
22.20
719.30
211.89
211.89
211.89
29.23
29.23
523.60
523.60
491.20
491.20
1322.89
1322.89
1322.89
1063.60
1063.60
1063.60
258.25
258.25
1351.07
943.72
943.72
36.45
1495.51
1495.51
1274.64
1274.64
1274.64
328.11
328.11
328.11
1383.35
1383.35
1408.84
1408.84
1526.49
1526.49
865.35
865.35
865.35
261.41
261.41
1684.11
532.48
1315.14
1461.13
1224.86
1224.86
1360.48
1360.48
10.00
715.74
715.74
1096.52
1096.52
90.00
1475.24
1475.24
963.21
963.21
595.65
595.65
36.07
36.07
110.88
110.88
1310.23
1310.23
1503.03
1503.03
691.43
691.43
691.43
1439.69
1439.69
1177.98
1177.98
1177.98
756.39
756.39
756.39
756.39
282.09
1424.39
1424.39
1475.04
1475.04
1475.04
1421.52
1284.93
1284.93
656.17
235.29
235.29
105.53
105.53
105.53
105.53
1523.43
1523.43
1523.43
947.36
947.36
947.36
1092.48
1092.48
547.97
385.94
364.31
364.31
52.29
1241.96
672.41
672.41
672.41
584.10
584.10
584.10
23.82
23.82
1286.77
1286.77
1286.77
1286.77
951.87
951.87
951.87
951.87
19.81
19.81
19.81
1521.55
140.95
140.95
105.03
105.03
105.03
547.18
547.18
984.75
984.75
378.29
701.83
349.96
349.96
1234.67
1234.67
1234.67
792.09
792.09
1275.65
1275.65
1275.65
486.63
486.63
139.40
139.40
142.31
142.31
901.79
901.79
50.92
15.38
15.38
15.38
797.78
1210.45
1210.45
1210.45
630.27
25.24
25.24
20.66
20.66
236.75
236.75
33.30
33.30
303.31
127.26
127.26
807.10
807.10
807.10
239.51
158.90
158.90
608.87
608.87
608.87
608.87
224.60
224.60
153.55
110.66
110.66
1121.68
1215.49
1215.49
97.48
730.88
730.88
730.88
416.23
416.23
1173.05
1173.05
348.81
348.81
348.81
182.68
182.68
1600.57
1600.57
931.62
931.62
1421.81
1500.39
1500.39
1062.52
1062.52
1238.45
1238.45
620.47
1489.38
1489.38
62.19
62.19
62.19
164.29
164.29
965.52
965.52
1426.42
1426.42
279.79
279.79
80.32
80.32
960.94
960.94
1269.39
1269.39
907.28
907.28
66.00
1097.41
1097.41
1097.41
787.73
787.73
139.93
139.93
533.08
533.08
16.48
16.48
1492.09
1492.09
1072.18
1072.18
1504.07
1504.07
1451.71
1451.71
1451.66
1451.66
1059.39
1059.39
740.71
740.71
761.79
761.79
80.07
1277.65
1277.65
1277.65
210.64
210.64
1167.10
1167.10
1211.50
1211.50
1501.55
1501.55
526.60
526.60
1341.81
1341.81
613.92
613.92
576.54
576.54
157.97
157.97
1150.29
1150.29
115.90
115.90
424.58
424.58
1215.49
1215.49
1090.07
1090.07
1363.04
1363.04
965.22
965.22
186.90
186.90
683.00
683.00
1426.70
1426.70
625.89
625.89
880.81
880.81
377.46
377.46
502.46
502.46
1180.94
1180.94
1504.30
1504.30
42.18
42.18
1656.36
1656.36
159.85
159.85
926.13
926.13
1562.56
1562.56
22.81
22.81
1609.48
1609.48
666.83
666.83
1335.92
1335.92
187.41
187.41
176.64
176.64
953.89
953.89
956.05
956.05
1397.40
1397.40
1500.68
1500.68
1170.41
1170.41
179.87
179.87
487.71
487.71
711.33
711.33
523.41
523.41
1366.04
1366.04
1087.19
1087.19
775.35
775.35
1299.91
1299.91
1420.33
1420.33
103.20
103.20
772.76
772.76
129.74
129.74
1429.37
1429.37
677.96
677.96
1219.19
1219.19
53.50
53.50
53.50
329.88
329.88
329.88
329.88
329.88
370.22
370.22
370.22
57.17
57.17
112.87
112.87
112.87
71.87
71.87
71.87
797.70
797.70
797.70
797.70
797.70
797.70
14.04
116.51
885.06
885.06
437.84
437.84
1016.46
934.69
1514.40
1514.40
569.63
569.63
492.23
507.89
507.89
236.52
236.52
727.38
727.38
18.23
18.23
18.23
64.05
64.05
767.41
767.41
767.41
113.53
748.35
748.35
748.35
748.35
143.31
143.31
556.23
556.23
666.60
666.60
578.83
578.83
635.46
635.46
1562.64
1562.64
1562.64
1216.94
1216.94
1216.94
10.00
10.00
1314.78
853.56
853.56
519.01
101.71
1343.60
1343.60
1343.60
1343.60
1141.05
1141.05
1141.05
137.58
362.60
64.78
64.78
64.78
64.78
65.25
65.25
303.45
919.84
919.84
943.28
911.47
911.47
911.47
755.25
755.25
1383.12
1383.12
1383.12
1383.12
972.88
972.88
972.88
214.42
214.42
736.39
454.54
454.54
201.34
201.34
799.08
124.23
1249.57
1249.57
21.80
21.80
1339.08
1339.08
1339.08
60.50
60.50
60.50
848.20
916.42
364.75
331.16
331.16
331.16
331.16
815.83
815.83
815.83
815.83
695.58
519.27
519.27
10.00
1318.83
1318.83
175.95
1133.22
1133.22
1133.22
1133.22
294.43
294.43
294.43
959.76
959.76
1170.47
1170.47
630.35
1241.11
1241.11
924.88
258.96
258.96
1293.38
1293.38
1293.38
629.48
1125.86
1125.86
1125.86
1022.40
1022.40
1565.84
600.01
1595.25
925.77
1525.48
1557.90
1557.90
820.28
820.28
935.77
935.77
478.19
981.93
641.59
85.50
85.50
1080.73
1080.73
1218.44
1218.44
1074.16
1074.16
184.81
184.81
514.75
514.75
71.84
71.84
71.84
71.84
10.00
10.00
10.00
10.00
10.00
10.00
10.00
1163.95
1163.95
451.87
451.87
451.87
1535.11
1535.11
403.83
403.83
403.83
56.23
56.23
618.81
854.10
854.10
1332.98
351.35
351.35
1078.97
1078.97
1261.44
1261.44
1261.44
62.44
881.25
1350.45
774.80
763.16
763.16
1189.33
1189.33
362.05
362.05
1190.25
1190.25
750.65
750.65
755.52
755.52
249.14
249.14
109.34
109.34
1337.24
1337.24
1306.93
1306.93
636.90
636.90
651.67
651.67
266.48
266.48
719.82
719.82
21.19
21.19
1574.24
1574.24
731.17
731.17
804.50
804.50
1601.92
1601.92
384.72
384.72
21.74
21.74
1427.93
1427.93
19.08
19.08
1272.11
1272.11
1458.44
1458.44
1278.40
1278.40
1278.40
648.95
648.95
648.95
10.00
10.00
10.00
391.44
391.44
391.44
391.44
1368.61
1368.61
1368.61
345.78
345.78
853.03
582.27
582.27
582.27
1425.34
966.15
966.15
966.15
966.15
287.42
1370.90
1370.90
1370.90
1370.90
370.00
370.00
370.00
24.95
233.84
233.84
233.84
136.80
136.80
139.11
952.80
952.80
1058.48
1058.48
1058.48
1058.48
1058.48
822.07
822.07
822.07
1195.77
1195.77
362.80
362.80
31.42
475.86
475.86
37.93
37.93
37.93
276.49
276.49
1480.98
1480.98
882.92
882.92
882.92
1482.74
1482.74
797.23
537.11
537.11
37.82
37.82
338.52
337.87
319.84
319.84
1215.71
1208.36
1208.36
1208.36
1208.36
1208.36
1208.36
286.58
286.58
286.58
286.58
605.07
605.07
545.10
1140.18
1239.87
1239.87
1239.87
116.98
116.98
330.59
330.59
548.64
470.09
666.19
666.19
666.19
672.04
672.04
672.04
825.04
825.04
825.04
1186.10
34.58
34.58
153.34
153.34
1226.56
1226.56
1226.56
479.56
479.56
32.77
32.77
45.06
45.06
45.06
753.70
753.70
248.55
248.55
603.67
603.67
311.08
1538.80
1538.80
984.68
984.68
470.02
218.09
218.09
318.68
318.68
318.68
1334.23
1334.23
1334.23
454.64
454.64
454.64
1319.75
1319.75
179.97
1565.42
1370.87
1370.87
1370.87
794.99
794.99
794.99
1285.63
952.55
1312.87
1194.20
774.22
774.22
1346.16
999.85
999.85
999.85
1630.52
1265.20
1265.20
734.76
734.76
1507.90
1507.90
112.61
112.61
1423.95
1423.95
1111.97
1111.97
1588.00
1588.00
1069.40
1069.40
339.42
339.42
563.90
563.90
555.78
555.78
28.84
28.84
600.70
600.70
1538.36
1538.36
500.95
500.95
381.19
381.19
1452.90
1452.90
617.64
617.64
365.30
365.30
824.56
824.56
454.77
454.77
149.40
149.40
1566.54
1566.54
88.91
88.91
1157.24
1157.24
1286.82
1286.82
461.59
461.59
557.54
557.54
1460.24
1460.24
1467.16
1467.16
1381.22
1381.22
433.45
433.45
1075.72
1075.72
611.29
611.29
1380.60
1380.60
1637.68
1637.68
929.48
929.48
1000.29
1000.29
1283.90
1283.90
715.93
715.93
212.50
212.50
1369.38
1369.38
871.04
871.04
871.04
871.04
764.62
764.62
302.91
302.91
764.50
764.50
1270.12
1270.12
53.49
53.49
1143.33
1143.33
1440.76
1440.76
85.34
85.34
85.34
85.34
974.37
974.37
974.37
974.37
38.43
38.43
714.58
714.58
714.58
714.58
870.92
870.92
539.01
539.01
539.01
489.28
489.28
17.40
17.40
17.40
801.74
801.74
1499.43
1499.43
1326.45
810.35
810.35
810.35
89.83
89.83
1441.35
1441.35
348.76
410.71
410.71
430.00
272.05
272.05
1267.02
1267.02
1267.02
1267.02
392.14
392.14
392.14
280.01
926.85
248.49
248.49
34.51
34.51
34.51
31.72
31.72
31.72
726.31
726.31
29.62
29.62
193.23
193.23
73.71
73.71
371.09
371.09
855.72
855.72
191.11
191.11
827.87
827.87
892.93
892.93
1043.78
1043.78
1000.47
1000.47
826.74
826.74
826.74
491.88
491.88
491.88
1153.49
1153.49
78.25
235.77
638.18
638.18
702.84
702.84
129.94
129.94
129.94
1361.10
1361.10
562.76
562.76
562.76
50.67
50.67
207.79
207.79
362.08
1079.39
1079.39
1153.36
1153.36
1153.36
834.34
834.34
834.34
1173.24
1173.24
436.11
436.11
1185.63
500.89
500.89
500.89
148.40
148.40
250.33
500.59
500.59
26.96
26.96
26.96
573.03
573.03
212.39
212.39
199.26
199.26
199.26
199.26
199.26
409.04
409.04
408.77
408.77
408.77
472.78
472.78
52.40
543.23
543.23
543.23
36.96
26.41
1300.36
43.65
1696.56
1696.56
57.65
57.65
983.59
983.59
373.35
373.35
1063.97
1063.97
37.92
37.92
37.92
817.08
817.08
1415.72
1415.72
1415.72
1415.72
1177.03
1177.03
1177.03
1177.03
1010.01
1010.01
69.07
69.07
473.30
385.04
385.04
385.04
385.04
26.54
999.10
300.72
300.72
236.08
236.08
970.04
970.04
68.05
68.05
68.05
952.82
103.81
103.81
1444.43
911.75
911.75
911.75
594.25
24.32
24.32
24.32
925.05
925.05
373.11
373.11
257.78
257.78
257.78
565.16
1323.43
1323.43
1181.01
267.73
267.73
1437.55
1285.84
1285.84
31.26
31.26
1391.75
1391.75
1391.75
1541.51
1541.51
1541.51
30.30
30.30
30.30
1017.12
740.03
740.03
454.50
454.50
1363.19
1363.19
1363.19
1276.64
1276.64
175.12
175.12
1515.87
1515.87
562.26
562.26
562.26
1197.16
1197.16
205.66
205.66
350.91
350.91
435.17
435.17
144.55
898.37
898.37
898.37
788.78
565.66
565.66
864.70
864.70
1115.78
1115.78
1115.78
377.10
377.10
377.10
929.97
929.97
761.73
569.02
569.02
1102.63
1102.63
1590.30
1338.75
1085.06
1264.63
1264.63
966.05
966.05
1309.55
1309.55
1085.62
1085.62
1374.83
1374.83
629.14
629.14
1388.41
1388.41
1117.17
1117.17
1044.45
1044.45
185.89
185.89
703.71
703.71
1140.76
1140.76
1492.15
1492.15
903.20
903.20
824.97
824.97
1492.33
1492.33
249.60
249.60
619.82
619.82
291.86
291.86
1005.40
1005.40
1092.45
1092.45
216.46
216.46
22.69
22.69
931.47
931.47
1336.32
1336.32
269.08
269.08
390.65
390.65
502.19
502.19
856.60
856.60
822.57
822.57
1244.89
1244.89
1444.90
1444.90
874.06
874.06
1165.85
1165.85
389.32
389.32
890.64
890.64
137.35
137.35
609.86
609.86
710.76
710.76
1584.08
1584.08
1048.53
1048.53
1159.38
1159.38
1283.05
1283.05
983.72
983.72
1282.22
1282.22
878.63
878.63
1122.00
1122.00
483.89
483.89
1067.73
1067.73
447.28
849.64
849.64
849.64
876.31
876.31
823.91
823.91
591.27
591.27
507.49
507.49
549.74
549.74
762.54
762.54
1228.38
1228.38
1228.38
216.17
216.17
501.76
501.76
501.76
34.00
34.00
34.00
908.48
908.48
908.48
908.48
232.11
232.11
232.11
1042.33
1042.33
1166.44
1166.44
51.79
533.11
533.11
366.92
1522.05
836.11
836.11
832.21
832.21
1407.77
1407.77
1407.77
782.91
819.03
401.48
401.48
401.48
401.48
280.24
280.24
280.24
194.29
194.29
194.29
859.06
859.06
311.31
311.31
311.31
311.31
311.31
668.09
668.09
1464.37
800.54
800.54
347.92
347.92
1480.73
1480.73
1340.69
1340.69
1256.20
1256.20
294.46
294.46
849.84
849.84
1317.25
1530.84
1530.84
389.79
389.79
389.79
1239.94
1239.94
1538.21
1538.21
789.26
789.26
668.10
668.10
1402.24
584.74
584.74
1385.35
1385.35
772.82
772.82
772.82
679.54
679.54
679.54
363.46
505.42
505.42
96.91
96.91
96.91
294.90
294.90
294.90
294.90
294.90
15.54
15.54
912.49
805.08
428.40
428.40
531.97
531.97
531.97
1006.18
1006.18
1606.19
1606.19
1606.19
920.97
920.97
636.46
636.46
636.46
269.69
269.69
986.58
986.58
1125.18
554.23
554.23
554.23
870.01
870.01
870.01
17.58
17.58
541.26
708.70
708.70
647.03
647.03
647.03
647.03
929.50
929.50
929.50
208.60
795.94
795.94
1157.24
1157.24
603.06
603.06
603.06
602.66
602.66
432.81
432.81
432.81
10.00
10.00
10.00
834.16
191.94
191.94
191.94
1290.84
411.55
411.55
411.55
411.55
387.08
387.08
387.08
183.98
580.03
580.03
418.99
418.99
1136.48
115.93
115.93
1031.80
1031.80
1031.80
570.99
570.99
1512.80
1512.80
1512.80
1185.10
1185.10
1185.10
1185.10
1185.10
10.00
98.29
98.29
94.86
189.70
710.12
1105.40
1105.40
1105.40
664.40
37.92
1255.64
1255.64
1255.64
170.08
474.86
474.86
392.52
392.52
803.35
803.35
803.35
440.33
440.33
676.04
676.04
676.04
676.04
1218.53
1218.53
1218.53
1275.55
1275.55
1275.55
136.07
136.07
136.07
750.80
52.44
52.77
52.77
363.76
363.76
248.90
248.90
418.65
418.65
418.65
56.68
29.68
29.68
424.27
1563.71
1504.34
1504.34
1504.34
924.56
924.56
924.56
24.78
24.78
1048.75
29.69
29.69
160.08
160.08
112.28
664.08
664.08
775.79
775.79
32.45
32.45
1409.68
1409.68
1409.68
1409.68
304.69
492.81
50.39
50.39
128.48
128.48
25.49
25.49
25.49
25.49
25.49
1326.33
1326.33
1326.33
1056.38
1407.29
1402.87
456.54
456.54
456.54
711.85
711.85
711.85
711.85
1297.37
1297.37
578.19
651.15
651.15
1395.52
1395.52
1395.52
394.60
394.60
394.60
1123.01
1123.01
875.84
210.98
210.98
949.79
949.79
949.79
709.66
709.66
868.54
1574.27
1574.27
750.97
750.97
57.76
57.76
57.76
116.33
116.33
116.33
13.70
13.70
48.55
781.45
781.45
781.45
654.72
654.72
1177.34
1139.25
1139.25
1572.67
1572.67
411.94
411.94
600.32
600.32
492.17
198.34
198.34
198.34
13.77
13.77
466.67
466.67
846.50
846.50
846.50
224.54
1070.60
1070.60
1070.60
1070.60
797.68
60.73
60.73
60.73
590.57
590.57
590.57
35.65
35.65
864.63
864.63
1118.27
1118.27
1118.27
1166.37
663.54
663.54
480.72
480.72
1620.45
1620.45
658.35
658.35
658.35
1686.84
1686.84
188.02
1041.76
1041.76
944.93
272.37
1209.15
1209.15
1209.15
82.59
82.59
34.62
742.39
742.39
742.39
223.31
223.31
223.31
703.04
703.04
1212.46
1056.34
1056.34
1056.34
204.67
697.86
697.86
734.89
734.89
734.89
277.64
277.64
277.64
1228.23
70.72
70.72
801.25
801.25
801.25
340.25
340.25
340.25
228.99
228.99
324.38
324.38
116.67
116.67
31.00
1283.79
760.87
760.87
410.12
410.12
250.61
178.18
178.18
1311.26
1295.93
865.50
667.33
667.33
667.33
897.49
897.49
897.49
897.49
1216.65
1216.65
1216.65
1216.65
1310.58
333.80
333.80
333.80
333.80
311.43
311.43
726.59
31.60
593.57
593.57
255.55
255.55
523.85
183.05
183.05
489.68
489.68
489.68
489.68
753.73
1135.40
1135.40
1135.40
81.58
81.58
504.60
108.59
108.59
108.59
88.22
246.71
246.71
140.96
140.96
140.96
890.62
182.36
182.36
182.36
182.36
749.19
749.19
670.36
10.00
10.00
476.29
476.29
93.71
93.71
93.71
10.00
816.22
816.22
108.44
108.44
108.44
421.31
421.31
37.91
37.91
1369.84
138.98
138.98
640.17
640.17
640.17
640.17
726.41
34.94
34.94
830.23
830.23
1059.21
1059.21
1059.21
964.76
964.76
824.08
1155.77
1155.77
557.39
557.39
557.39
32.08
32.08
612.16
612.16
612.16
480.48
480.48
224.72
1419.54
641.73
641.73
641.73
518.60
518.60
459.90
459.90
643.58
643.58
643.58
643.58
55.97
203.23
724.55
724.55
47.79
47.79
1590.05
1590.05
69.19
69.19
1202.27
1202.27
393.68
393.68
545.44
545.44
545.44
311.23
311.23
311.23
637.38
637.38
637.38
253.84
253.84
218.16
448.60
448.60
172.20
172.20
975.17
975.17
785.49
785.49
785.49
738.23
452.61
452.61
452.61
1006.54
1560.68
365.27
365.27
365.27
457.15
457.15
715.03
715.03
715.03
715.03
977.58
977.58
289.39
289.39
930.04
45.06
1522.09
1522.09
1522.09
1071.49
1071.49
1390.84
1390.84
435.93
435.93
1360.17
1360.17
1360.17
48.77
48.77
359.63
359.63
359.63
32.73
1160.32
1160.32
452.82
875.32
875.32
875.32
129.60
10.00
10.00
10.00
981.31
362.89
362.89
1303.12
1303.12
1035.70
1035.70
257.11
498.68
498.68
498.68
296.18
296.18
382.55
382.55
658.27
1075.80
49.61
49.61
49.61
373.94
373.94
373.94
373.94
373.94
373.94
25.01
59.70
59.70
1273.53
1264.37
1264.37
731.30
1065.61
1065.61
820.25
820.25
820.25
820.25
663.45
663.45
1529.80
709.57
709.57
1075.46
1075.46
1075.46
371.90
371.90
371.90
1304.85
1304.85
1304.85
531.98
531.98
531.98
10.00
10.00
10.00
496.64
496.64
496.64
1123.49
1123.49
1303.18
1303.18
1417.77
1417.77
1417.77
952.38
952.38
952.38
952.38
835.23
1043.96
565.78
364.88
759.36
759.36
805.28
805.28
1147.24
1147.24
1065.89
1065.89
710.41
710.41
710.41
1381.05
1381.05
813.14
813.14
813.14
1629.71
1629.71
1283.82
696.46
414.11
414.11
985.23
985.23
985.23
1049.03
1049.03
1049.03
94.63
94.63
94.63
94.63
580.44
580.44
580.44
580.44
990.47
990.47
990.47
457.01
457.01
1565.25
1565.25
1565.25
1460.59
1460.59
1460.59
277.96
10.00
363.24
253.08
253.08
353.75
353.75
1549.66
1549.66
193.58
193.58
193.58
765.34
765.34
765.34
19.65
19.65
19.65
19.65
109.87
334.62
75.00
75.00
327.70
327.70
254.88
254.88
558.10
558.10
558.10
513.11
513.11
513.11
292.52
481.73
481.73
266.97
266.97
864.21
743.76
743.76
383.34
383.34
1177.33
1177.33
546.61
546.61
767.38
804.19
804.19
570.39
570.39
570.39
25.73
25.73
25.73
25.73
1020.44
1020.44
1020.44
1115.54
1115.54
30.28
26.62
34.78
34.78
425.13
425.13
448.56
448.56
33.67
33.67
142.66
142.66
142.66
1381.10
1462.94
1462.94
1498.38
1498.38
1245.90
1485.35
1485.35
887.35
887.35
763.90
763.90
1434.85
383.83
383.83
1489.41
1489.41
1489.41
664.12
664.12
664.12
1591.51
1591.51
1490.03
1490.03
1490.03
495.62
495.62
495.62
374.05
374.05
33.17
645.68
1258.01
1258.01
740.95
740.95
1395.20
1395.20
975.71
975.71
975.71
1202.55
1600.72
1600.72
443.83
1570.95
34.00
1581.77
767.96
1179.87
1458.47
1458.47
1420.02
1420.02
1182.02
1182.02
1402.69
1402.69
1402.69
1402.69
1402.69
1402.69
146.01
146.01
146.01
146.01
146.01
146.01
617.75
617.75
617.75
27.59
27.59
27.59
27.59
304.07
304.07
1157.10
85.70
85.70
294.88
827.40
827.40
480.62
37.91
37.91
22.43
1059.30
1059.30
1059.30
1012.26
1106.74
1106.74
714.13
714.13
714.13
714.13
714.13
55.50
55.50
55.50
679.28
682.94
682.94
682.94
933.50
933.50
1501.62
1501.62
1501.62
916.18
916.18
694.35
980.30
980.30
1154.89
62.43
629.44
629.44
30.09
30.09
66.07
66.07
1201.83
1201.83
1201.83
584.29
584.29
584.29
584.29
1477.44
1532.34
1413.24
1413.24
1413.24
1413.24
1386.13
1386.13
56.01
391.60
391.60
674.07
674.07
1060.35
1060.35
1060.35
101.35
101.35
101.35
101.35
518.39
518.39
518.39
518.39
354.97
1202.43
1202.43
1202.43
191.51
191.51
191.51
191.51
269.93
148.52
992.43
496.71
496.71
1420.08
1420.08
1338.99
1338.99
1245.46
1245.46
1245.46
1450.51
140.67
140.67
140.67
629.78
338.24
30.68
30.68
278.62
278.62
278.62
278.62
403.78
722.78
722.78
722.78
675.20
675.20
675.20
187.21
187.21
187.21
187.21
29.84
129.81
948.43
948.43
304.23
304.23
75.84
75.84
140.72
140.72
140.72
436.23
436.23
532.05
1382.92
1382.92
182.54
182.54
1282.60
1532.53
1532.53
1532.53
217.86
217.86
217.86
1267.66
1267.66
657.50
657.50
1220.15
1090.95
1090.95
1399.92
1399.92
1399.92
1399.92
400.11
400.11
400.11
211.54
211.54
211.54
1350.67
1350.67
1275.13
331.99
334.69
334.69
334.69
860.46
860.46
71.08
71.08
551.71
551.71
1303.98
997.63
997.63
751.90
751.90
1165.50
1165.50
1165.50
1198.11
1198.11
1198.11
260.78
1448.75
1429.07
1429.07
572.93
572.93
572.93
1080.18
1080.18
242.87
242.87
242.87
638.31
347.76
347.76
103.38
452.45
452.45
278.27
278.27
278.27
656.87
656.87
17.24
1560.99
1560.99
1218.37
1218.37
1218.37
925.03
925.03
1071.30
1071.30
1355.97
1355.97
1228.46
879.76
879.76
1385.43
1385.43
1336.31
1336.31
1303.64
1303.64
1303.64
1303.64
464.84
1071.04
1071.04
1071.04
462.00
462.00
462.00
462.00
878.65
878.65
939.41
939.41
260.99
260.99
819.56
819.56
819.56
890.54
890.54
1396.52
32.46
32.46
410.82
344.65
344.65
344.65
387.25
387.25
387.25
704.33
704.33
191.55
750.86
750.86
750.86
1346.44
1346.44
1370.31
1370.31
1370.31
1480.67
1032.44
1213.64
1213.64
31.28
497.83
1332.02
425.65
1492.90
1492.90
488.73
52.11
52.11
1330.56
1330.56
1215.04
1215.04
729.47
729.47
465.97
465.97
319.31
319.31
836.16
836.16
1482.32
1482.32
1312.23
1312.23
1563.76
1563.76
1053.81
1053.81
1036.35
1036.35
819.97
819.97
1257.90
1257.90
909.49
909.49
707.24
707.24
1329.11
1329.11
1047.56
1047.56
651.55
651.55
833.49
833.49
151.58
151.58
640.40
640.40
640.40
640.40
284.13
284.13
925.38
925.38
1460.05
1460.05
1159.95
1159.95
640.33
640.33
318.00
318.00
1299.42
1299.42
494.22
494.22
487.82
487.82
588.52
588.52
961.50
961.50
16.52
16.52
1334.83
1334.83
704.24
704.24
1517.45
1517.45
954.46
954.46
34.63
34.63
169.54
169.54
823.44
823.44
332.89
332.89
1104.14
1104.14
964.68
964.68
1015.65
1015.65
77.80
77.80
1278.39
1278.39
845.19
845.19
869.79
869.79
1202.61
1202.61
483.40
483.40
1406.07
1406.07
994.86
994.86
1399.41
1399.41
1399.41
1399.41
919.03
919.03
1279.07
1279.07
1203.41
1203.41
1225.97
1225.97
1342.21
1342.21
641.04
641.04
1474.28
1474.28
171.40
171.40
1413.49
1413.49
190.25
190.25
730.71
730.71
1085.13
1085.13
1489.69
1489.69
1047.85
1047.85
1047.85
1047.85
36.15
36.15
36.15
735.26
735.26
735.26
1208.86
1208.86
1208.86
1347.68
1347.68
1347.68
841.88
841.88
841.88
381.29
381.29
381.29
1112.10
172.93
389.98
24.45
24.45
824.51
824.51
1409.58
1409.58
762.59
762.59
762.59
1009.69
1009.69
1009.69
633.43
633.43
633.43
1297.41
1355.48
1355.48
942.62
942.62
1488.13
455.56
455.56
704.11
704.11
704.11
1162.64
1162.64
1162.64
70.80
70.80
812.95
812.95
269.12
1214.18
1214.18
678.48
1476.04
1476.04
351.74
351.74
695.93
695.93
260.17
783.58
1241.18
1241.18
1294.74
1294.74
867.86
867.86
1471.73
1471.73
597.44
597.44
483.97
483.97
1252.93
1252.93
1252.93
586.66
586.66
756.17
1123.71
1123.71
343.22
343.22
1400.78
1400.78
822.33
822.33
298.27
298.27
298.27
602.45
602.45
624.80
624.80
1314.12
601.46
601.46
811.25
811.25
763.29
763.29
763.29
29.01
29.01
1264.70
1264.70
851.95
554.51
554.51
1283.85
1283.85
1558.78
1558.78
731.98
731.98
10.00
10.00
604.68
604.68
284.88
284.88
996.21
996.21
522.48
522.48
1198.21
1198.21
1198.21
275.68
275.68
804.90
804.90
32.11
1335.70
1335.70
1335.70
1335.70
22.21
22.21
538.30
538.30
72.66
72.66
1360.82
1360.82
1052.85
1052.85
1242.24
1242.24
89.03
89.03
751.79
751.79
448.03
448.03
787.70
787.70
1446.89
1446.89
589.60
589.60
552.69
552.69
1193.99
1193.99
1193.99
1193.99
1074.22
1074.22
323.83
323.83
1357.91
1357.91
1362.61
1362.61
472.22
472.22
1089.65
1089.65
89.17
89.17
845.91
845.91
1468.76
1468.76
202.79
202.79
132.37
132.37
132.37
132.37
1244.19
1527.21
580.66
580.66
1306.36
1306.36
1428.08
1428.08
378.44
378.44
60.46
60.46
622.45
622.45
427.54
427.54
1490.08
1490.08
1258.88
1258.88
776.04
776.04
1432.98
1432.98
73.44
73.44
1549.08
1549.08
231.42
231.42
573.76
573.76
1227.18
1227.18
1390.70
1390.70
1110.90
1110.90
1110.90
457.83
457.83
457.83
961.29
961.29
961.29
961.29
87.76
87.76
87.76
1454.22
1454.22
1454.22
488.48
488.48
488.48
488.48
1398.46
1398.46
535.87
535.87
535.87
312.51
312.51
1210.13
1210.13
1181.59
1181.59
65.83
65.83
591.94
150.44
150.44
23.64
23.64
23.64
844.36
759.06
759.06
1401.21
1401.21
29.91
29.91
29.91
1429.63
176.68
176.68
1172.86
1172.86
448.79
448.79
448.79
306.88
306.88
409.89
408.57
408.57
1163.21
1163.21
1163.21
53.20
53.20
856.99
856.99
856.99
856.99
1250.41
1250.41
1250.41
65.45
65.45
365.79
446.99
446.99
446.99
650.07
650.07
831.97
831.97
831.97
575.83
575.83
575.83
1092.08
804.17
47.27
30.99
30.99
1028.04
1028.04
1028.04
335.87
335.87
335.87
607.59
607.59
205.42
764.61
764.61
764.61
1236.46
1236.46
1236.46
1029.59
1029.59
102.33
102.33
1219.17
1219.17
798.72
798.72
798.72
1324.93
1324.93
1026.65
1026.65
276.77
276.77
879.56
879.56
1247.57
1247.57
931.99
655.45
655.45
655.45
488.27
727.78
486.06
923.94
923.94
923.94
923.94
923.94
10.00
10.00
63.26
63.26
379.95
1346.47
1346.47
803.85
803.85
150.72
150.72
512.35
512.35
153.87
153.87
1429.54
1429.54
671.87
671.87
377.61
377.61
552.47
552.47
552.47
525.08
476.90
695.02
1129.89
1129.89
1565.69
1565.69
80.80
80.80
80.80
80.80
80.80
80.80
145.25
145.25
551.59
1270.62
287.24
287.24
965.39
1332.05
1332.05
1332.05
436.84
436.84
436.84
1233.69
1386.97
1386.97
1618.77
1618.77
773.97
773.97
773.97
168.14
168.14
290.21
290.21
290.21
645.19
645.19
645.19
583.53
583.53
786.58
786.58
1379.16
1379.16
102.12
102.12
102.12
64.25
64.25
767.06
32.07
1208.16
1208.16
212.62
212.62
89.48
89.48
485.62
485.62
485.62
563.72
563.72
525.23
525.23
62.30
62.30
1683.01
1520.80
1520.80
569.62
614.51
614.51
614.51
1309.83
1309.83
748.05
748.05
748.05
324.53
1165.33
1360.73
1177.69
1416.87
1566.38
1536.47
933.12
933.12
259.98
259.98
408.99
408.99
1009.61
1009.61
138.69
138.69
657.95
657.95
1443.31
1443.31
221.50
221.50
1271.72
1271.72
1394.39
1394.39
1445.64
1445.64
1445.64
1445.64
798.33
798.33
798.33
340.14
340.14
1430.32
1430.32
126.15
1237.62
1003.04
691.00
691.00
1512.06
1512.06
436.82
436.82
1051.76
1051.76
1149.38
1149.38
1455.15
1455.15
1146.48
1146.48
21.71
21.71
21.71
764.12
764.12
90.58
90.58
1391.77
1391.77
361.48
1444.71
1444.71
1444.71
837.67
837.67
939.92
939.92
1611.38
1611.38
1113.80
1113.80
1113.80
1039.25
1039.25
1039.25
1039.25
1039.25
1039.25
588.06
588.06
1646.17
1646.17
1646.17
357.62
357.62
1030.25
488.65
745.51
745.51
1538.28
1538.28
1249.88
1249.88
845.36
845.36
1229.37
1229.37
189.72
189.72
1049.75
1049.75
1399.94
1399.94
1277.27
1277.27
447.95
447.95
857.52
857.52
1232.87
1232.87
1418.56
1418.56
1463.74
1463.74
1490.01
1490.01
1104.82
1104.82
909.51
909.51
1156.95
1156.95
1369.31
1369.31
1157.92
1157.92
1420.84
1420.84
1502.78
1502.78
1277.02
1277.02
185.76
185.76
49.65
49.65
49.65
49.65
755.23
755.23
755.23
755.23
755.23
1457.10
1457.10
777.58
777.58
777.58
1287.98
1287.98
459.53
1127.37
1092.19
565.36
1307.56
462.11
700.14
540.95
540.95
540.95
1169.60
1169.60
1415.27
1415.27
111.42
111.42
111.42
618.88
618.88
618.88
328.99
328.99
328.99
328.99
328.99
268.81
268.81
268.81
268.81
949.11
949.11
232.70
232.70
232.70
232.70
1033.42
1033.42
1033.42
180.12
273.05
273.05
273.05
627.66
627.66
1351.78
1351.78
1351.78
591.81
965.87
1470.63
1470.63
64.01
64.01
64.01
674.66
674.66
121.56
121.56
599.46
281.45
281.45
251.39
944.89
944.89
944.89
841.97
617.72
617.72
617.72
822.95
822.95
698.68
698.68
175.97
175.97
175.97
175.97
175.97
27.92
1556.99
34.01
1316.72
163.98
814.02
814.02
814.02
631.01
631.01
1034.87
1034.87
621.28
621.28
621.28
802.83
802.83
802.83
401.64
401.64
1351.78
1351.78
986.07
986.07
1302.10
276.21
276.21
276.21
26.98
26.98
26.98
923.74
923.74
923.74
928.46
928.46
420.72
420.72
888.13
888.13
1436.67
832.43
832.43
832.43
832.43
776.06
776.06
58.25
445.68
1270.82
540.22
540.22
935.09
935.09
935.09
708.99
1381.13
1381.13
355.13
355.13
355.13
258.57
258.57
258.57
258.57
258.57
904.81
904.81
627.87
1235.79
686.16
686.16
551.82
551.82
1088.45
1088.45
1088.45
81.12
81.12
181.55
181.55
181.55
1043.65
1043.65
668.49
668.49
814.59
814.59
814.59
196.85
1274.24
1274.24
1274.24
517.72
517.72
954.27
954.27
37.96
323.36
323.36
843.52
843.52
843.52
843.52
553.40
553.40
829.60
282.31
282.31
1234.64
1234.64
766.83
766.83
766.83
1258.93
1258.93
923.66
414.69
414.69
622.93
622.93
622.93
622.93
243.56
243.56
243.56
652.67
652.67
278.70
1092.37
728.80
728.80
728.80
600.88
600.88
810.88
810.88
935.03
935.03
622.77
62.01
10.00
782.74
782.74
25.45
25.45
25.45
1339.70
1339.70
1014.61
1014.61
1195.14
1195.14
556.43
556.43
453.98
453.98
1256.78
204.67
225.77
225.77
1053.15
1053.15
1151.67
1151.67
1151.67
517.98
30.41
30.41
917.14
917.14
917.14
1193.91
1193.91
1498.38
1498.38
1498.38
474.29
474.29
474.29
474.29
642.05
642.05
425.45
425.45
671.27
209.80
209.80
27.60
27.60
35.53
919.55
673.74
673.74
673.74
673.74
934.77
934.77
24.35
24.35
738.45
575.61
575.61
753.31
753.31
753.31
798.12
798.12
338.01
338.01
396.27
34.18
34.18
334.90
1330.45
1330.45
1330.45
1330.45
1324.12
1324.12
1324.12
608.20
382.52
1444.26
814.78
814.78
801.62
801.62
964.21
1345.28
1345.28
67.02
67.02
1312.36
699.67
699.67
1068.75
1068.75
93.21
1188.07
1188.07
1187.68
1187.68
867.94
25.27
25.27
487.55
428.48
428.48
331.06
331.06
331.06
1039.30
1039.30
1039.30
1039.30
91.71
91.71
91.71
91.71
149.16
149.16
149.16
149.16
149.16
337.08
337.08
111.14
185.53
1292.52
1292.52
287.21
287.21
287.21
287.21
287.21
182.05
781.89
809.80
1443.76
1443.76
342.97
435.66
435.66
1190.96
1190.96
1190.96
273.31
273.31
273.31
779.87
779.87
1264.61
1264.61
709.36
687.45
687.45
687.45
38.85
38.85
1564.41
1564.41
100.61
100.61
1076.35
426.64
426.64
426.64
172.77
172.77
1138.19
1138.19
1402.21
1402.21
1029.33
1029.33
604.85
617.27
617.27
617.27
617.27
617.27
388.13
489.46
489.46
489.46
489.46
675.44
675.44
334.87
334.87
31.77
31.77
31.77
521.43
521.43
667.49
695.83
695.83
788.13
788.13
163.52
592.59
592.59
592.59
531.97
531.97
650.28
650.28
650.28
1002.78
358.67
358.67
504.72
504.72
504.72
1306.49
1155.15
1155.15
1155.15
818.25
818.25
238.69
238.69
238.69
304.44
327.87
1007.48
1007.48
31.60
606.69
606.69
1408.84
1408.84
102.90
102.90
1044.09
1044.09
1044.09
178.60
1499.60
1499.60
156.83
156.83
156.83
10.00
10.00
443.61
443.61
443.61
64.86
64.86
64.86
804.88
804.88
483.39
256.02
256.02
133.13
133.13
1093.35
1184.82
1184.82
67.18
67.18
67.18
969.91
151.26
151.26
151.26
1022.09
1522.38
1522.38
969.64
969.64
969.64
969.64
969.64
136.35
1485.64
1485.64
814.19
418.36
418.36
418.36
1030.80
1030.80
1030.80
263.60
263.60
1237.53
361.57
361.57
1221.29
1221.29
923.18
923.18
923.18
923.18
923.18
313.32
313.32
313.32
313.32
313.32
51.10
51.10
69.15
440.05
373.07
660.20
660.20
816.25
816.25
816.25
1246.44
1246.44
20.07
20.07
20.07
64.23
64.23
688.45
48.92
703.35
63.45
63.45
189.40
189.40
189.40
189.40
189.40
189.40
189.40
233.69
892.83
46.01
10.00
10.00
10.00
1128.08
416.56
1160.23
1160.23
881.50
447.03
447.03
447.03
447.03
734.30
734.30
1450.06
1450.06
739.24
429.11
1422.75
887.71
941.12
723.63
723.63
1083.19
1083.19
1083.19
1054.05
210.42
210.42
210.42
840.99
840.99
840.99
840.99
840.99
28.48
28.48
28.48
1101.25
1101.25
1101.25
124.67
170.07
170.07
170.07
299.42
400.15
423.46
423.46
1029.36
1029.36
1029.36
744.03
744.03
472.36
472.36
472.36
134.66
134.66
238.67
238.67
835.92
835.92
835.92
1449.23
1057.63
1192.30
1192.30
557.53
557.53
1540.68
1540.68
847.55
97.36
97.36
434.26
764.59
969.87
969.87
305.91
305.91
21.96
21.96
159.20
159.20
159.20
954.86
1238.78
1238.78
859.72
859.72
859.72
859.72
859.72
859.72
640.74
640.74
564.93
564.93
242.44
242.44
242.44
125.28
1573.51
808.90
808.90
490.56
490.56
774.01
774.01
774.01
64.21
64.21
1322.05
1322.05
34.55
34.55
1152.79
1152.79
1152.79
31.65
31.65
622.12
622.12
808.76
850.50
850.50
850.50
28.33
28.33
28.33
28.33
405.28
38.83
149.12
149.12
149.12
149.12
985.81
92.24
92.24
92.24
48.19
427.75
704.95
704.95
704.95
68.08
68.08
68.08
288.94
288.94
782.68
782.68
706.54
706.54
706.54
189.61
189.61
978.96
978.96
609.89
609.89
144.33
342.48
21.23
21.23
21.23
21.23
943.38
943.38
51.64
51.64
698.41
698.41
939.17
939.17
29.44
29.44
525.49
525.49
525.49
525.49
1058.92
1097.87
1097.87
1097.87
847.83
847.83
640.28
640.28
947.02
622.14
477.60
477.60
477.60
781.79
978.60
978.60
785.43
401.34
401.34
1161.01
743.85
743.85
743.85
82.74
241.91
241.91
1117.90
1117.90
328.30
328.30
328.30
667.71
667.71
667.71
305.94
305.94
907.51
907.51
1145.37
1145.37
1003.84
1003.84
1003.84
768.08
768.08
612.71
612.71
1155.79
1155.79
1295.19
1295.19
380.42
380.42
380.42
975.83
975.83
637.01
637.01
802.46
802.46
802.46
29.92
45.04
45.04
1021.70
803.54
803.54
528.62
528.62
317.69
317.69
1128.73
1299.59
1299.59
29.84
29.84
1031.85
1031.85
1031.85
197.89
197.89
197.89
1156.05
1156.05
1156.05
1264.16
940.53
940.53
1343.60
530.86
530.86
195.14
195.14
533.50
533.50
214.96
214.96
1005.70
1005.70
1005.70
342.52
342.52
376.47
376.47
1169.41
1169.41
802.92
802.92
802.92
212.18
1444.78
1444.78
1444.78
484.62
484.62
484.62
397.71
397.71
897.46
897.46
1311.50
1519.77
1519.77
337.37
927.80
927.80
1012.31
1012.31
366.77
366.77
990.82
990.82
990.82
582.74
582.74
1343.82
631.51
631.51
25.68
502.85
502.85
31.57
1026.18
14.95
14.95
14.95
643.74
643.74
643.74
438.81
438.81
422.76
422.76
422.76
1326.11
516.09
115.76
784.64
784.64
294.92
781.92
880.14
1346.01
120.63
120.63
1180.94
701.16
701.16
701.16
68.57
68.57
1125.66
1125.66
322.86
322.86
322.86
47.98
47.98
47.98
47.98
1376.48
35.61
35.61
35.61
35.61
1066.70
1066.70
1066.70
1066.70
1066.70
1066.70
1066.70
147.48
456.27
456.27
456.27
456.27
288.94
288.94
556.26
845.39
845.39
845.39
99.38
99.38
99.38
19.08
19.08
270.03
270.03
321.42
702.56
622.74
622.74
622.74
1189.47
1189.47
919.02
919.02
1090.99
803.30
803.30
1264.68
1264.68
1264.68
936.06
936.06
22.45
22.45
1069.74
1069.74
1069.74
1139.46
1139.46
32.44
32.44
32.44
32.44
949.74
68.38
68.38
481.79
481.79
481.79
426.07
426.07
789.76
789.76
789.76
789.76
505.36
505.36
364.83
364.83
554.66
809.65
205.63
205.63
205.63
366.04
366.04
729.49
729.49
729.49
706.17
706.17
391.49
391.49
391.49
391.49
391.49
145.58
145.58
34.61
406.34
406.34
68.50
551.45
551.45
1286.42
1286.42
137.03
1366.85
1366.85
243.11
243.11
1540.27
1540.27
1540.27
65.52
65.52
236.11
236.11
1592.80
1592.80
1592.80
27.54
27.54
27.54
27.54
27.54
507.53
797.22
97.06
97.06
251.96
251.96
319.18
319.18
319.18
319.18
1041.73
1041.73
1192.12
973.84
973.84
464.64
1352.81
1078.81
715.90
715.90
1104.32
17.34
850.68
1089.38
1429.13
1429.13
1429.13
1429.13
1358.25
1337.95
1337.95
749.09
749.09
749.09
151.45
151.45
1460.86
1460.86
1460.86
434.11
434.11
434.11
434.11
725.43
725.43
725.43
1298.85
1298.85
1298.85
1298.85
68.83
68.83
735.48
1313.49
735.06
735.06
735.06
468.94
468.94
468.94
561.00
561.00
31.10
31.10
886.17
886.17
886.17
541.96
824.34
824.34
824.34
554.10
554.10
554.10
554.10
554.10
35.19
35.19
35.19
1199.82
189.96
189.96
189.96
189.96
933.28
933.28
1337.26
1337.26
1337.26
194.79
194.79
620.54
1557.72
1203.47
1203.47
1203.47
713.05
1258.36
1106.88
35.36
1004.89
1004.89
325.48
325.48
259.53
259.53
753.73
753.73
709.01
709.01
329.68
329.68
951.43
951.43
530.19
530.19
530.19
916.47
98.28
98.28
704.98
704.98
790.69
790.69
235.38
235.38
26.23
26.23
750.51
750.51
1304.58
1304.58
601.39
601.39
1347.99
1347.99
1354.65
1354.65
745.48
745.48
29.81
29.81
668.08
668.08
1305.15
1305.15
1305.15
1305.15
30.68
30.68
453.77
815.37
550.07
550.07
979.25
979.25
274.31
274.31
864.60
864.60
24.44
24.44
763.76
763.76
265.62
265.62
663.16
663.16
1315.22
1315.22
847.82
847.82
610.91
610.91
653.88
653.88
871.57
871.57
703.82
703.82
789.95
789.95
644.52
644.52
107.05
107.05
1478.33
1478.33
247.60
247.60
661.13
661.13
661.13
661.13
661.13
670.04
90.01
90.01
90.01
90.01
1094.52
1094.52
1094.52
1094.52
621.59
621.59
621.59
199.51
417.20
880.04
880.04
23.02
23.02
23.02
23.02
23.02
225.16
225.16
305.45
81.75
10.00
430.49
430.49
430.49
18.68
18.68
18.68
18.68
851.52
76.96
1142.43
1142.43
1142.43
576.40
576.40
582.99
582.99
582.99
484.16
642.35
642.35
642.35
154.03
154.03
154.03
212.94
212.94
212.94
212.94
212.94
1144.71
1144.71
252.72
252.72
568.72
568.72
568.72
568.72
10.00
10.00
553.17
553.17
553.17
553.17
240.05
301.71
301.71
480.29
229.31
229.31
30.18
198.51
1044.94
71.14
71.14
71.14
36.81
36.81
10.00
381.54
287.65
287.65
287.65
620.56
620.56
1056.79
1384.84
1384.84
1384.84
1384.84
1384.84
1384.84
1384.84
1384.84
636.02
636.02
636.02
253.23
253.23
623.57
1065.02
155.91
155.91
750.09
750.09
973.96
973.96
102.88
102.88
1187.29
1187.29
248.68
248.68
248.68
716.98
716.98
716.98
234.26
234.26
10.00
34.77
34.77
34.77
527.63
1253.00
41.45
41.45
41.45
41.45
352.75
352.75
1177.48
1177.48
1177.48
1174.99
648.62
648.62
969.13
969.13
969.13
1069.04
940.93
940.93
940.93
940.93
777.89
777.89
777.89
16.95
535.64
535.64
535.64
535.64
117.00
382.38
382.38
183.88
183.88
187.23
56.55
1085.38
1085.38
774.63
774.63
311.77
960.79
960.79
1286.56
1432.91
271.16
453.66
1482.94
1482.94
1482.94
778.59
778.59
423.43
423.43
423.43
423.43
546.01
546.01
546.01
546.01
546.01
546.01
546.01
978.89
978.89
978.89
232.54
855.80
855.80
855.80
141.09
141.09
1014.09
1014.09
84.88
84.88
76.87
1556.38
642.27
642.27
642.27
605.73
605.73
897.42
1015.22
1015.22
1015.22
868.22
104.41
527.82
527.82
626.34
626.34
535.03
10.00
10.00
10.00
10.00
10.00
10.00
10.00
416.12
416.12
416.12
34.24
469.73
469.73
1041.30
1041.30
866.20
476.86
731.67
731.67
183.77
223.88
223.88
223.88
223.88
223.88
582.43
60.15
60.15
24.93
24.93
24.93
44.55
44.55
1324.15
1324.15
500.14
500.14
466.72
466.72
466.72
936.56
936.56
367.64
28.07
28.07
28.07
1054.14
1054.14
290.67
290.67
290.67
533.71
533.71
72.79
72.79
72.79
472.08
472.08
10.00
23.53
1092.23
1092.23
1192.58
1192.58
1192.58
906.13
47.83
47.83
57.04
1073.22
583.42
947.06
947.06
947.06
72.81
72.81
240.34
240.34
240.34
1114.72
1114.72
1114.72
581.25
581.25
581.25
581.25
860.54
860.54
65.80
65.80
65.80
696.10
1083.16
608.03
608.03
645.07
645.07
30.23
30.23
777.19
1338.33
1338.33
1027.84
1402.42
1402.42
1402.42
1008.84
1154.53
729.88
289.33
289.33
360.86
360.86
360.86
1019.54
1019.54
1019.54
1019.54
509.57
509.57
603.98
603.98
603.98
146.91
146.91
27.86
27.86
27.86
206.45
450.86
450.86
400.64
777.84
777.84
777.84
1219.19
1219.19
1219.19
415.81
415.81
78.49
346.92
346.92
699.98
699.98
474.86
474.86
474.86
474.86
474.86
474.86
95.32
95.32
932.23
1264.54
350.32
690.88
1068.10
850.12
1240.65
10.00
10.00
849.09
849.09
849.09
912.02
912.02
912.02
370.46
370.46
370.46
370.46
370.46
370.46
1019.68
1019.68
468.71
759.11
759.11
791.28
791.28
791.28
1160.46
1160.46
839.70
839.70
783.30
783.30
848.09
848.09
848.09
848.09
848.09
848.09
1138.10
230.77
230.77
757.69
757.69
757.69
729.89
729.89
649.37
824.83
824.83
824.83
824.83
597.02
597.02
360.94
360.94
360.94
744.57
33.25
33.25
33.25
742.82
601.67
123.10
123.10
123.10
158.50
735.27
735.27
735.27
665.30
665.30
61.71
61.71
532.11
184.00
894.96
263.73
263.73
771.86
771.86
690.26
690.26
690.26
76.03
76.03
533.84
533.84
10.74
10.74
10.74
81.42
701.80
701.80
33.47
18.79
716.15
716.15
716.15
197.49
197.49
672.40
672.40
132.83
132.83
496.05
496.05
1128.86
1128.86
1128.86
1128.86
1128.86
34.16
34.16
774.45
487.17
487.17
70.73
70.73
30.28
30.28
782.26
334.92
334.92
1212.94
752.40
752.40
659.68
659.68
659.68
659.68
659.68
659.68
659.68
500.59
1038.58
529.07
34.58
34.58
34.58
34.58
34.58
34.58
34.58
34.58
34.58
34.58
34.58
134.66
134.66
111.34
512.48
512.48
29.80
29.80
29.80
513.54
709.38
398.69
398.69
398.69
1090.30
464.37
805.91
18.22
18.22
343.53
201.86
201.86
201.86
684.97
539.42
541.62
541.62
823.32
823.32
823.32
823.32
823.32
823.32
823.32
823.32
823.32
497.05
1089.16
1089.16
340.99
1340.56
1340.56
157.38
157.38
93.69
1063.46
1080.85
1080.85
564.39
564.39
1178.28
1178.28
1178.28
52.94
52.94
733.97
733.97
502.93
1181.05
1181.05
281.75
281.75
607.91
472.57
472.57
472.57
472.57
472.57
472.57
472.57
692.58
959.08
102.10
102.10
102.10
217.93
456.54
456.54
34.08
34.08
34.08
521.72
521.72
56.86
56.86
489.93
742.68
390.46
390.46
390.46
770.90
233.50
233.50
542.40
542.40
1277.66
1277.66
1277.66
814.73
814.73
646.85
646.85
446.99
446.99
575.00
575.00
717.05
717.05
717.05
717.05
717.05
953.79
760.12
760.12
313.23
313.23
773.86
31.32
31.32
490.35
490.35
42.28
42.28
709.66
809.62
1179.69
1179.69
1179.69
871.06
1300.24
1300.24
469.79
469.79
469.79
469.79
469.79
281.63
281.63
281.63
46.42
1105.89
1105.89
200.51
200.51
310.01
310.01
310.01
944.22
944.22
687.17
687.17
70.10
70.10
588.24
588.24
18.86
18.86
505.28
379.51
1136.10
1136.10
513.87
513.87
513.87
713.24
713.24
1351.34
1351.34
1351.34
22.30
1353.98
1353.98
1222.49
1222.49
1222.49
273.69
1228.38
1228.38
147.28
1484.41
1484.41
1002.39
1002.39
1294.82
1294.82
1441.52
1441.52
1351.20
1351.20
1236.62
1236.62
1236.62
25.22
1003.02
1003.02
32.95
32.95
49.87
49.87
1556.23
1556.23
1556.23
949.54
949.54
949.54
1098.31
1098.31
30.50
30.50
517.59
30.10
603.22
603.22
774.64
1487.57
1487.57
1487.57
1487.57
544.66
544.66
544.66
1161.83
1494.89
1490.22
1490.22
798.58
798.58
798.58
681.69
681.69
681.69
1168.28
1168.28
1168.28
585.07
36.30
1431.89
1117.38
1093.04
1093.04
970.10
970.10
970.10
963.92
963.92
762.22
762.22
1515.03
1515.03
1591.83
1591.83
1591.83
387.60
387.60
1323.49
532.89
532.89
1048.53
1048.53
1048.53
369.84
369.84
1467.80
507.06
507.06
793.11
793.11
1033.96
1033.96
371.84
371.84
598.11
598.11
1352.98
1352.98
657.71
657.71
688.51
688.51
667.76
667.76
459.68
459.68
1319.22
1319.22
1476.04
1476.04
210.90
210.90
1099.31
1099.31
468.57
468.57
316.08
316.08
969.96
969.96
1493.75
1493.75
1493.75
684.55
684.55
566.38
566.38
1271.68
1271.68
1271.68
1214.10
1214.10
1501.36
407.36
751.76
751.76
1250.21
1250.21
269.64
269.64
1572.60
1572.60
477.56
477.56
573.99
573.99
889.57
889.57
889.57
889.57
889.57
758.51
467.30
467.30
628.48
628.48
44.54
44.54
449.98
449.98
462.18
462.18
197.35
197.35
365.84
365.84
32.95
32.95
82.90
82.90
961.52
961.52
747.26
747.26
1459.07
1459.07
135.80
135.80
736.93
736.93
1112.32
1112.32
840.75
840.75
18.45
18.45
1521.84
1521.84
341.04
341.04
619.89
619.89
400.71
400.71
1356.80
1356.80
1110.23
1110.23
1627.68
1627.68
626.15
626.15
626.15
378.04
378.04
693.69
693.69
1420.99
1420.99
24.97
24.97
1150.66
1150.66
1516.92
1516.92
1516.92
582.89
582.89
582.89
677.75
677.75
791.61
791.61
1469.56
1469.56
1469.56
1436.99
1436.99
87.83
87.83
87.83
1147.55
1147.55
951.47
951.47
1496.35
1496.35
512.13
512.13
512.13
635.09
1679.78
1679.78
210.71
210.71
210.71
938.87
938.87
754.18
754.18
752.18
752.18
752.18
996.38
996.38
1482.08
1482.08
1548.93
1548.93
821.19
821.19
1473.53
1473.53
696.84
696.84
526.75
526.75
526.75
1479.17
1479.17
1479.17
1332.70
1332.70
1555.77
1555.77
1349.48
1349.48
1349.48
1351.05
1102.45
1102.45
247.53
1309.87
1241.30
408.12
1291.76
857.11
857.11
1245.70
1245.70
607.59
607.59
410.27
410.27
581.44
581.44
45.43
45.43
1508.83
1508.83
708.41
708.41
1395.30
1395.30
1582.96
1582.96
519.44
519.44
1173.14
1173.14
763.52
763.52
1362.20
1362.20
1158.29
1158.29
904.38
904.38
1381.34
1381.34
464.09
464.09
1177.20
1177.20
314.39
314.39
1288.70
1288.70
932.27
932.27
116.93
116.93
294.29
294.29
301.39
301.39
1292.61
1292.61
414.10
414.10
592.95
592.95
1260.13
1260.13
1408.59
1408.59
695.70
695.70
719.18
719.18
1441.00
1441.00
371.49
371.49
1314.36
1314.36
1314.36
780.40
1275.45
1275.45
1052.14
1052.14
966.50
966.50
1308.76
1308.76
569.18
569.18
1345.34
1345.34
1294.20
1294.20
523.99
523.99
1166.22
1166.22
277.68
277.68
1220.87
1220.87
1331.51
1331.51
123.79
123.79
1220.22
1220.22
112.83
112.83
823.66
823.66
1574.15
1574.15
675.76
675.76
1315.80
1315.80
1334.84
1334.84
1206.49
1206.49
1322.50
1322.50
369.74
369.74
924.54
924.54
1398.07
1398.07
1401.17
1401.17
1382.83
1382.83
894.83
894.83
1339.13
1339.13
76.09
76.09
864.09
864.09
613.23
613.23
886.73
886.73
1011.26
1011.26
1321.60
1321.60
475.26
475.26
349.36
349.36
1347.52
1347.52
1028.89
1028.89
1523.08
1523.08
1255.49
1255.49
229.25
229.25
447.99
447.99
103.06
103.06
557.67
557.67
1463.88
1463.88
1590.79
1590.79
815.76
815.76
1480.70
1480.70
1032.72
1032.72
876.96
876.96
701.85
701.85
1236.66
1236.66
732.37
732.37
550.46
550.46
1495.99
1495.99
1421.67
1421.67
1100.00
1100.00
1028.25
1028.25
1432.66
1432.66
97.25
97.25
1314.78
1314.78
1093.07
1093.07
1054.84
1054.84
1530.98
1530.98
1286.09
1286.09
225.90
225.90
632.60
632.60
1082.27
1082.27
922.98
922.98
885.42
885.42
253.58
253.58
154.90
154.90
1576.39
1576.39
1400.32
1400.32
47.95
47.95
123.45
123.45
470.37
470.37
598.83
598.83
1092.51
1092.51
944.63
944.63
1283.96
1283.96
18.55
18.55
958.43
958.43
1534.37
1534.37
51.09
51.09
1216.60
1216.60
1413.83
1413.83
939.98
939.98
632.15
632.15
1280.07
1280.07
1421.93
1421.93
747.74
747.74
1546.62
1546.62
1421.64
1421.64
375.04
375.04
733.77
733.77
733.77
1070.04
1070.04
334.35
334.35
334.35
334.35
1174.70
1174.70
1174.70
1174.70
316.93
316.93
316.93
945.24
945.24
945.24
945.24
692.33
692.33
692.33
578.08
578.08
578.08
616.47
616.47
970.34
970.34
679.48
974.71
974.71
66.53
1530.82
1530.82
297.88
297.88
297.88
1373.50
1373.50
1298.37
